event_ticker,yes_sub_title,open_time,close_time,expiration_value,floor_strike,result
KXBTC15M-26JUL011830,"Target Price: $60,760.25",2026-07-01 18:15:00-04:00,2026-07-01 18:30:00-04:00,60598.39,60760.25,no
KXBTC15M-26JUL011815,"Target Price: $60,760.82",2026-07-01 18:00:00-04:00,2026-07-01 18:15:00-04:00,60760.25,60760.82,no
KXBTC15M-26JUL011800,"Target Price: $60,756.42",2026-07-01 17:45:00-04:00,2026-07-01 18:00:00-04:00,60760.82,60756.42,yes
KXBTC15M-26JUL011745,"Target Price: $60,477.52",2026-07-01 17:30:00-04:00,2026-07-01 17:45:00-04:00,60756.42,60477.52,yes
KXBTC15M-26JUL011730,"Target Price: $60,363.22",2026-07-01 17:15:00-04:00,2026-07-01 17:30:00-04:00,60477.52,60363.22,yes
KXBTC15M-26JUL011715,"Target Price: $60,072.59",2026-07-01 17:00:00-04:00,2026-07-01 17:15:00-04:00,60363.22,60072.59,yes
KXBTC15M-26JUL011700,"Target Price: $59,983.17",2026-07-01 16:45:00-04:00,2026-07-01 17:00:00-04:00,60072.59,59983.17,yes
KXBTC15M-26JUL011645,"Target Price: $59,915.58",2026-07-01 16:30:00-04:00,2026-07-01 16:45:00-04:00,59983.17,59915.58,yes
KXBTC15M-26JUL011630,"Target Price: $59,954.61",2026-07-01 16:15:00-04:00,2026-07-01 16:30:00-04:00,59915.58,59954.61,no
KXBTC15M-26JUL011615,"Target Price: $59,973.66",2026-07-01 16:00:00-04:00,2026-07-01 16:15:00-04:00,59954.61,59973.66,no
KXBTC15M-26JUL011600,"Target Price: $60,155.28",2026-07-01 15:45:00-04:00,2026-07-01 16:00:00-04:00,59973.66,60155.28,no
KXBTC15M-26JUL011545,"Target Price: $60,100.72",2026-07-01 15:30:00-04:00,2026-07-01 15:45:00-04:00,60155.28,60100.72,yes
KXBTC15M-26JUL011530,"Target Price: $60,226.14",2026-07-01 15:15:00-04:00,2026-07-01 15:30:00-04:00,60100.72,60226.14,no
KXBTC15M-26JUL011515,"Target Price: $60,113.35",2026-07-01 15:00:00-04:00,2026-07-01 15:15:00-04:00,60226.14,60113.35,yes
KXBTC15M-26JUL011500,"Target Price: $60,141.98",2026-07-01 14:45:00-04:00,2026-07-01 15:00:00-04:00,60113.35,60141.98,no
KXBTC15M-26JUL011445,"Target Price: $60,083.28",2026-07-01 14:30:00-04:00,2026-07-01 14:45:00-04:00,60141.98,60083.28,yes
KXBTC15M-26JUL011430,"Target Price: $60,011.67",2026-07-01 14:15:00-04:00,2026-07-01 14:30:00-04:00,60083.28,60011.67,yes
KXBTC15M-26JUL011415,"Target Price: $60,129.14",2026-07-01 14:00:00-04:00,2026-07-01 14:15:00-04:00,60011.67,60129.14,no
KXBTC15M-26JUL011400,"Target Price: $60,107.76",2026-07-01 13:45:00-04:00,2026-07-01 14:00:00-04:00,60129.14,60107.76,yes
KXBTC15M-26JUL011345,"Target Price: $60,088.50",2026-07-01 13:30:00-04:00,2026-07-01 13:45:00-04:00,60107.76,60088.5,yes
KXBTC15M-26JUL011330,"Target Price: $59,836.25",2026-07-01 13:15:00-04:00,2026-07-01 13:30:00-04:00,60088.50,59836.25,yes
KXBTC15M-26JUL011315,"Target Price: $59,855.78",2026-07-01 13:00:00-04:00,2026-07-01 13:15:00-04:00,59836.25,59855.78,no
KXBTC15M-26JUL011300,"Target Price: $60,005.42",2026-07-01 12:45:00-04:00,2026-07-01 13:00:00-04:00,59855.78,60005.42,no
KXBTC15M-26JUL011245,"Target Price: $60,107.64",2026-07-01 12:30:00-04:00,2026-07-01 12:45:00-04:00,60005.42,60107.64,no
KXBTC15M-26JUL011230,"Target Price: $60,094.63",2026-07-01 12:15:00-04:00,2026-07-01 12:30:00-04:00,60107.64,60094.63,yes
KXBTC15M-26JUL011215,"Target Price: $60,103.86",2026-07-01 12:00:00-04:00,2026-07-01 12:15:00-04:00,60094.63,60103.86,no
KXBTC15M-26JUL011200,"Target Price: $60,177.22",2026-07-01 11:45:00-04:00,2026-07-01 12:00:00-04:00,60103.86,60177.22,no
KXBTC15M-26JUL011145,"Target Price: $60,259.28",2026-07-01 11:30:00-04:00,2026-07-01 11:45:00-04:00,60177.22,60259.28,no
KXBTC15M-26JUL011130,"Target Price: $59,864.23",2026-07-01 11:15:00-04:00,2026-07-01 11:30:00-04:00,60259.28,59864.23,yes
KXBTC15M-26JUL011115,"Target Price: $59,463.23",2026-07-01 11:00:00-04:00,2026-07-01 11:15:00-04:00,59864.23,59463.23,yes
KXBTC15M-26JUL011100,"Target Price: $59,580.97",2026-07-01 10:45:00-04:00,2026-07-01 11:00:00-04:00,59463.23,59580.97,no
KXBTC15M-26JUL011045,"Target Price: $59,742.45",2026-07-01 10:30:00-04:00,2026-07-01 10:45:00-04:00,59580.97,59742.45,no
KXBTC15M-26JUL011030,"Target Price: $59,887.91",2026-07-01 10:15:00-04:00,2026-07-01 10:30:00-04:00,59742.45,59887.91,no
KXBTC15M-26JUL011015,"Target Price: $59,361.61",2026-07-01 10:00:00-04:00,2026-07-01 10:15:00-04:00,59887.91,59361.61,yes
KXBTC15M-26JUL011000,"Target Price: $58,934.82",2026-07-01 09:45:00-04:00,2026-07-01 10:00:00-04:00,59361.61,58934.82,yes
KXBTC15M-26JUL010945,"Target Price: $58,718.33",2026-07-01 09:30:00-04:00,2026-07-01 09:45:00-04:00,58934.82,58718.33,yes
KXBTC15M-26JUL010930,"Target Price: $58,610.65",2026-07-01 09:15:00-04:00,2026-07-01 09:30:00-04:00,58718.33,58610.65,yes
KXBTC15M-26JUL010915,"Target Price: $58,455.54",2026-07-01 09:00:00-04:00,2026-07-01 09:15:00-04:00,58610.65,58455.54,yes
KXBTC15M-26JUL010900,"Target Price: $58,334.28",2026-07-01 08:45:00-04:00,2026-07-01 09:00:00-04:00,58455.54,58334.28,yes
KXBTC15M-26JUL010845,"Target Price: $58,500.73",2026-07-01 08:30:00-04:00,2026-07-01 08:45:00-04:00,58334.28,58500.73,no
KXBTC15M-26JUL010830,"Target Price: $58,372.12",2026-07-01 08:15:00-04:00,2026-07-01 08:30:00-04:00,58500.73,58372.12,yes
KXBTC15M-26JUL010815,"Target Price: $58,558.01",2026-07-01 08:00:00-04:00,2026-07-01 08:15:00-04:00,58372.12,58558.01,no
KXBTC15M-26JUL010800,"Target Price: $58,606.04",2026-07-01 07:45:00-04:00,2026-07-01 08:00:00-04:00,58558.01,58606.04,no
KXBTC15M-26JUL010745,"Target Price: $58,637.43",2026-07-01 07:30:00-04:00,2026-07-01 07:45:00-04:00,58606.04,58637.43,no
KXBTC15M-26JUL010730,"Target Price: $58,651.31",2026-07-01 07:15:00-04:00,2026-07-01 07:30:00-04:00,58637.43,58651.31,no
KXBTC15M-26JUL010715,"Target Price: $58,594.50",2026-07-01 07:00:00-04:00,2026-07-01 07:15:00-04:00,58651.31,58594.5,yes
KXBTC15M-26JUL010700,"Target Price: $58,565.16",2026-07-01 06:45:00-04:00,2026-07-01 07:00:00-04:00,58594.50,58565.16,yes
KXBTC15M-26JUL010645,"Target Price: $58,675.36",2026-07-01 06:30:00-04:00,2026-07-01 06:45:00-04:00,58565.16,58675.36,no
KXBTC15M-26JUL010630,"Target Price: $58,702.20",2026-07-01 06:15:00-04:00,2026-07-01 06:30:00-04:00,58675.36,58702.2,no
KXBTC15M-26JUL010615,"Target Price: $58,877.16",2026-07-01 06:00:00-04:00,2026-07-01 06:15:00-04:00,58702.20,58877.16,no
KXBTC15M-26JUL010600,"Target Price: $58,812.82",2026-07-01 05:45:00-04:00,2026-07-01 06:00:00-04:00,58877.16,58812.82,yes
KXBTC15M-26JUL010545,"Target Price: $58,816.82",2026-07-01 05:30:00-04:00,2026-07-01 05:45:00-04:00,58812.82,58816.82,no
KXBTC15M-26JUL010530,"Target Price: $58,892.03",2026-07-01 05:15:00-04:00,2026-07-01 05:30:00-04:00,58816.82,58892.03,no
KXBTC15M-26JUL010515,"Target Price: $58,902.78",2026-07-01 05:00:00-04:00,2026-07-01 05:15:00-04:00,58892.03,58902.78,no
KXBTC15M-26JUL010500,"Target Price: $58,657.66",2026-07-01 04:45:00-04:00,2026-07-01 05:00:00-04:00,58902.78,58657.66,yes
KXBTC15M-26JUL010445,"Target Price: $58,556.17",2026-07-01 04:30:00-04:00,2026-07-01 04:45:00-04:00,58657.66,58556.17,yes
KXBTC15M-26JUL010430,"Target Price: $58,641.97",2026-07-01 04:15:00-04:00,2026-07-01 04:30:00-04:00,58556.17,58641.97,no
KXBTC15M-26JUL010415,"Target Price: $58,692.45",2026-07-01 04:00:00-04:00,2026-07-01 04:15:00-04:00,58641.97,58692.45,no
KXBTC15M-26JUL010400,"Target Price: $58,624.39",2026-07-01 03:45:00-04:00,2026-07-01 04:00:00-04:00,58692.45,58624.39,yes
KXBTC15M-26JUL010345,"Target Price: $58,668.65",2026-07-01 03:30:00-04:00,2026-07-01 03:45:00-04:00,58624.39,58668.65,no
KXBTC15M-26JUL010330,"Target Price: $58,587.42",2026-07-01 03:15:00-04:00,2026-07-01 03:30:00-04:00,58668.65,58587.42,yes
KXBTC15M-26JUL010315,"Target Price: $58,665.15",2026-07-01 03:00:00-04:00,2026-07-01 03:15:00-04:00,58587.42,58665.15,no
KXBTC15M-26JUL010300,"Target Price: $58,608.97",2026-07-01 02:45:00-04:00,2026-07-01 03:00:00-04:00,58665.15,58608.97,yes
KXBTC15M-26JUL010245,"Target Price: $58,705.77",2026-07-01 02:30:00-04:00,2026-07-01 02:45:00-04:00,58608.97,58705.77,no
KXBTC15M-26JUL010230,"Target Price: $58,861.24",2026-07-01 02:15:00-04:00,2026-07-01 02:30:00-04:00,58705.77,58861.24,no
KXBTC15M-26JUL010215,"Target Price: $59,066.72",2026-07-01 02:00:00-04:00,2026-07-01 02:15:00-04:00,58861.24,59066.72,no
KXBTC15M-26JUL010200,"Target Price: $59,095.81",2026-07-01 01:45:00-04:00,2026-07-01 02:00:00-04:00,59066.72,59095.81,no
KXBTC15M-26JUL010145,"Target Price: $59,092.65",2026-07-01 01:30:00-04:00,2026-07-01 01:45:00-04:00,59095.81,59092.65,yes
KXBTC15M-26JUL010130,"Target Price: $59,197.93",2026-07-01 01:15:00-04:00,2026-07-01 01:30:00-04:00,59092.65,59197.93,no
KXBTC15M-26JUL010115,"Target Price: $59,249.54",2026-07-01 01:00:00-04:00,2026-07-01 01:15:00-04:00,59197.93,59249.54,no
KXBTC15M-26JUL010100,"Target Price: $59,264.08",2026-07-01 00:45:00-04:00,2026-07-01 01:00:00-04:00,59249.54,59264.08,no
KXBTC15M-26JUL010045,"Target Price: $59,183.98",2026-07-01 00:30:00-04:00,2026-07-01 00:45:00-04:00,59264.08,59183.98,yes
KXBTC15M-26JUL010030,"Target Price: $59,032.95",2026-07-01 00:15:00-04:00,2026-07-01 00:30:00-04:00,59183.98,59032.95,yes
KXBTC15M-26JUL010015,"Target Price: $59,106.34",2026-07-01 00:00:00-04:00,2026-07-01 00:15:00-04:00,59032.95,59106.34,no
KXBTC15M-26JUL010000,"Target Price: $58,866.27",2026-06-30 23:45:00-04:00,2026-07-01 00:00:00-04:00,59106.34,58866.27,yes
KXBTC15M-26JUN302345,"Target Price: $58,830.65",2026-06-30 23:30:00-04:00,2026-06-30 23:45:00-04:00,58866.27,58830.65,yes
KXBTC15M-26JUN302330,"Target Price: $58,916.86",2026-06-30 23:15:00-04:00,2026-06-30 23:30:00-04:00,58830.65,58916.86,no
KXBTC15M-26JUN302315,"Target Price: $59,003.71",2026-06-30 23:00:00-04:00,2026-06-30 23:15:00-04:00,58916.86,59003.71,no
KXBTC15M-26JUN302300,"Target Price: $59,043.77",2026-06-30 22:45:00-04:00,2026-06-30 23:00:00-04:00,59003.71,59043.77,no
KXBTC15M-26JUN302245,"Target Price: $58,866.16",2026-06-30 22:30:00-04:00,2026-06-30 22:45:00-04:00,59043.77,58866.16,yes
KXBTC15M-26JUN302230,"Target Price: $58,726.52",2026-06-30 22:15:00-04:00,2026-06-30 22:30:00-04:00,58866.16,58726.52,yes
KXBTC15M-26JUN302215,"Target Price: $58,697.46",2026-06-30 22:00:00-04:00,2026-06-30 22:15:00-04:00,58726.52,58697.46,yes
KXBTC15M-26JUN302200,"Target Price: $58,827.91",2026-06-30 21:45:00-04:00,2026-06-30 22:00:00-04:00,58697.46,58827.91,no
KXBTC15M-26JUN302145,"Target Price: $58,297.73",2026-06-30 21:30:00-04:00,2026-06-30 21:45:00-04:00,58827.91,58297.73,yes
KXBTC15M-26JUN302130,"Target Price: $58,039.90",2026-06-30 21:15:00-04:00,2026-06-30 21:30:00-04:00,58297.73,58039.9,yes
KXBTC15M-26JUN302115,"Target Price: $58,481.12",2026-06-30 21:00:00-04:00,2026-06-30 21:15:00-04:00,58039.90,58481.12,no
KXBTC15M-26JUN302100,"Target Price: $58,390.46",2026-06-30 20:45:00-04:00,2026-06-30 21:00:00-04:00,58481.12,58390.46,yes
KXBTC15M-26JUN302045,"Target Price: $58,308.35",2026-06-30 20:30:00-04:00,2026-06-30 20:45:00-04:00,58390.46,58308.35,yes
KXBTC15M-26JUN302030,"Target Price: $58,573.00",2026-06-30 20:15:00-04:00,2026-06-30 20:30:00-04:00,58308.35,58573.0,no
KXBTC15M-26JUN302015,"Target Price: $58,562.29",2026-06-30 20:00:00-04:00,2026-06-30 20:15:00-04:00,58573.00,58562.29,yes
KXBTC15M-26JUN302000,"Target Price: $58,505.72",2026-06-30 19:45:00-04:00,2026-06-30 20:00:00-04:00,58562.29,58505.72,yes
KXBTC15M-26JUN301945,"Target Price: $58,533.17",2026-06-30 19:30:00-04:00,2026-06-30 19:45:00-04:00,58505.72,58533.17,no
KXBTC15M-26JUN301930,"Target Price: $58,526.35",2026-06-30 19:15:00-04:00,2026-06-30 19:30:00-04:00,58533.17,58526.35,yes
KXBTC15M-26JUN301915,"Target Price: $58,525.99",2026-06-30 19:00:00-04:00,2026-06-30 19:15:00-04:00,58526.35,58525.99,yes
KXBTC15M-26JUN301900,"Target Price: $58,512.48",2026-06-30 18:45:00-04:00,2026-06-30 19:00:00-04:00,58525.99,58512.48,yes
KXBTC15M-26JUN301845,"Target Price: $58,588.99",2026-06-30 18:30:00-04:00,2026-06-30 18:45:00-04:00,58512.48,58588.99,no
KXBTC15M-26JUN301830,"Target Price: $58,647.15",2026-06-30 18:15:00-04:00,2026-06-30 18:30:00-04:00,58588.99,58647.15,no
KXBTC15M-26JUN301815,"Target Price: $58,556.04",2026-06-30 18:00:00-04:00,2026-06-30 18:15:00-04:00,58647.15,58556.04,yes
KXBTC15M-26JUN301800,"Target Price: $58,526.55",2026-06-30 17:45:00-04:00,2026-06-30 18:00:00-04:00,58556.04,58526.55,yes
KXBTC15M-26JUN301745,"Target Price: $58,520.91",2026-06-30 17:30:00-04:00,2026-06-30 17:45:00-04:00,58526.55,58520.91,yes
KXBTC15M-26JUN301730,"Target Price: $58,506.84",2026-06-30 17:15:00-04:00,2026-06-30 17:30:00-04:00,58520.91,58506.84,yes
KXBTC15M-26JUN301715,"Target Price: $58,669.66",2026-06-30 17:00:00-04:00,2026-06-30 17:15:00-04:00,58506.84,58669.66,no
KXBTC15M-26JUN301700,"Target Price: $58,598.74",2026-06-30 16:45:00-04:00,2026-06-30 17:00:00-04:00,58669.66,58598.74,yes
KXBTC15M-26JUN301645,"Target Price: $58,649.49",2026-06-30 16:30:00-04:00,2026-06-30 16:45:00-04:00,58598.74,58649.49,no
KXBTC15M-26JUN301630,"Target Price: $58,779.28",2026-06-30 16:15:00-04:00,2026-06-30 16:30:00-04:00,58649.49,58779.28,no
KXBTC15M-26JUN301615,"Target Price: $58,715.35",2026-06-30 16:00:00-04:00,2026-06-30 16:15:00-04:00,58779.28,58715.35,yes
KXBTC15M-26JUN301600,"Target Price: $58,656.76",2026-06-30 15:45:00-04:00,2026-06-30 16:00:00-04:00,58715.35,58656.76,yes
KXBTC15M-26JUN301545,"Target Price: $58,550.93",2026-06-30 15:30:00-04:00,2026-06-30 15:45:00-04:00,58656.76,58550.93,yes
KXBTC15M-26JUN301530,"Target Price: $58,546.48",2026-06-30 15:15:00-04:00,2026-06-30 15:30:00-04:00,58550.93,58546.48,yes
KXBTC15M-26JUN301515,"Target Price: $58,587.91",2026-06-30 15:00:00-04:00,2026-06-30 15:15:00-04:00,58546.48,58587.91,no
KXBTC15M-26JUN301500,"Target Price: $58,360.66",2026-06-30 14:45:00-04:00,2026-06-30 15:00:00-04:00,58587.91,58360.66,yes
KXBTC15M-26JUN301445,"Target Price: $58,440.82",2026-06-30 14:30:00-04:00,2026-06-30 14:45:00-04:00,58360.66,58440.82,no
KXBTC15M-26JUN301430,"Target Price: $58,383.28",2026-06-30 14:15:00-04:00,2026-06-30 14:30:00-04:00,58440.82,58383.28,yes
KXBTC15M-26JUN301415,"Target Price: $58,334.25",2026-06-30 14:00:00-04:00,2026-06-30 14:15:00-04:00,58383.28,58334.25,yes
KXBTC15M-26JUN301400,"Target Price: $58,294.79",2026-06-30 13:45:00-04:00,2026-06-30 14:00:00-04:00,58334.25,58294.79,yes
KXBTC15M-26JUN301345,"Target Price: $58,311.37",2026-06-30 13:30:00-04:00,2026-06-30 13:45:00-04:00,58294.79,58311.37,no
KXBTC15M-26JUN301330,"Target Price: $58,313.53",2026-06-30 13:15:00-04:00,2026-06-30 13:30:00-04:00,58311.37,58313.53,no
KXBTC15M-26JUN301315,"Target Price: $58,377.75",2026-06-30 13:00:00-04:00,2026-06-30 13:15:00-04:00,58313.53,58377.75,no
KXBTC15M-26JUN301300,"Target Price: $58,213.96",2026-06-30 12:45:00-04:00,2026-06-30 13:00:00-04:00,58377.75,58213.96,yes
KXBTC15M-26JUN301245,"Target Price: $58,206.48",2026-06-30 12:30:00-04:00,2026-06-30 12:45:00-04:00,58213.96,58206.48,yes
KXBTC15M-26JUN301230,"Target Price: $58,333.79",2026-06-30 12:15:00-04:00,2026-06-30 12:30:00-04:00,58206.48,58333.79,no
KXBTC15M-26JUN301215,"Target Price: $58,274.44",2026-06-30 12:00:00-04:00,2026-06-30 12:15:00-04:00,58333.79,58274.44,yes
KXBTC15M-26JUN301200,"Target Price: $58,367.65",2026-06-30 11:45:00-04:00,2026-06-30 12:00:00-04:00,58274.44,58367.65,no
KXBTC15M-26JUN301145,"Target Price: $58,289.30",2026-06-30 11:30:00-04:00,2026-06-30 11:45:00-04:00,58367.65,58289.3,yes
KXBTC15M-26JUN301130,"Target Price: $58,351.78",2026-06-30 11:15:00-04:00,2026-06-30 11:30:00-04:00,58289.30,58351.78,no
KXBTC15M-26JUN301115,"Target Price: $58,436.96",2026-06-30 11:00:00-04:00,2026-06-30 11:15:00-04:00,58351.78,58436.96,no
KXBTC15M-26JUN301100,"Target Price: $58,752.92",2026-06-30 10:45:00-04:00,2026-06-30 11:00:00-04:00,58436.96,58752.92,no
KXBTC15M-26JUN301045,"Target Price: $58,935.04",2026-06-30 10:30:00-04:00,2026-06-30 10:45:00-04:00,58752.92,58935.04,no
KXBTC15M-26JUN301030,"Target Price: $58,924.43",2026-06-30 10:15:00-04:00,2026-06-30 10:30:00-04:00,58935.04,58924.43,yes
KXBTC15M-26JUN301015,"Target Price: $58,633.24",2026-06-30 10:00:00-04:00,2026-06-30 10:15:00-04:00,58924.43,58633.24,yes
KXBTC15M-26JUN301000,"Target Price: $58,453.54",2026-06-30 09:45:00-04:00,2026-06-30 10:00:00-04:00,58633.24,58453.54,yes
KXBTC15M-26JUN300945,"Target Price: $58,405.70",2026-06-30 09:30:00-04:00,2026-06-30 09:45:00-04:00,58453.54,58405.7,yes
KXBTC15M-26JUN300930,"Target Price: $58,369.19",2026-06-30 09:15:00-04:00,2026-06-30 09:30:00-04:00,58405.70,58369.19,yes
KXBTC15M-26JUN300915,"Target Price: $58,338.25",2026-06-30 09:00:00-04:00,2026-06-30 09:15:00-04:00,58369.19,58338.25,yes
KXBTC15M-26JUN300900,"Target Price: $58,743.79",2026-06-30 08:45:00-04:00,2026-06-30 09:00:00-04:00,58338.25,58743.79,no
KXBTC15M-26JUN300845,"Target Price: $58,772.78",2026-06-30 08:30:00-04:00,2026-06-30 08:45:00-04:00,58743.79,58772.78,no
KXBTC15M-26JUN300830,"Target Price: $58,939.52",2026-06-30 08:15:00-04:00,2026-06-30 08:30:00-04:00,58772.78,58939.52,no
KXBTC15M-26JUN300815,"Target Price: $59,095.78",2026-06-30 08:00:00-04:00,2026-06-30 08:15:00-04:00,58939.52,59095.78,no
KXBTC15M-26JUN300800,"Target Price: $59,158.99",2026-06-30 07:45:00-04:00,2026-06-30 08:00:00-04:00,59095.78,59158.99,no
KXBTC15M-26JUN300745,"Target Price: $59,132.41",2026-06-30 07:30:00-04:00,2026-06-30 07:45:00-04:00,59158.99,59132.41,yes
KXBTC15M-26JUN300730,"Target Price: $59,303.77",2026-06-30 07:15:00-04:00,2026-06-30 07:30:00-04:00,59132.41,59303.77,no
KXBTC15M-26JUN300715,"Target Price: $59,279.23",2026-06-30 07:00:00-04:00,2026-06-30 07:15:00-04:00,59303.77,59279.23,yes
KXBTC15M-26JUN300700,"Target Price: $59,244.91",2026-06-30 06:45:00-04:00,2026-06-30 07:00:00-04:00,59279.23,59244.91,yes
KXBTC15M-26JUN300645,"Target Price: $59,283.84",2026-06-30 06:30:00-04:00,2026-06-30 06:45:00-04:00,59244.91,59283.84,no
KXBTC15M-26JUN300630,"Target Price: $59,273.61",2026-06-30 06:15:00-04:00,2026-06-30 06:30:00-04:00,59283.84,59273.61,yes
KXBTC15M-26JUN300615,"Target Price: $59,288.82",2026-06-30 06:00:00-04:00,2026-06-30 06:15:00-04:00,59273.61,59288.82,no
KXBTC15M-26JUN300600,"Target Price: $59,274.94",2026-06-30 05:45:00-04:00,2026-06-30 06:00:00-04:00,59288.82,59274.94,yes
KXBTC15M-26JUN300545,"Target Price: $59,227.84",2026-06-30 05:30:00-04:00,2026-06-30 05:45:00-04:00,59274.94,59227.84,yes
KXBTC15M-26JUN300530,"Target Price: $59,261.36",2026-06-30 05:15:00-04:00,2026-06-30 05:30:00-04:00,59227.84,59261.36,no
KXBTC15M-26JUN300515,"Target Price: $59,235.74",2026-06-30 05:00:00-04:00,2026-06-30 05:15:00-04:00,59261.36,59235.74,yes
KXBTC15M-26JUN300500,"Target Price: $59,192.43",2026-06-30 04:45:00-04:00,2026-06-30 05:00:00-04:00,59235.74,59192.43,yes
KXBTC15M-26JUN300445,"Target Price: $59,316.89",2026-06-30 04:30:00-04:00,2026-06-30 04:45:00-04:00,59192.43,59316.89,no
KXBTC15M-26JUN300430,"Target Price: $59,356.35",2026-06-30 04:15:00-04:00,2026-06-30 04:30:00-04:00,59316.89,59356.35,no
KXBTC15M-26JUN300415,"Target Price: $59,437.62",2026-06-30 04:00:00-04:00,2026-06-30 04:15:00-04:00,59356.35,59437.62,no
KXBTC15M-26JUN300400,"Target Price: $59,436.28",2026-06-30 03:45:00-04:00,2026-06-30 04:00:00-04:00,59437.62,59436.28,yes
KXBTC15M-26JUN300345,"Target Price: $59,386.69",2026-06-30 03:30:00-04:00,2026-06-30 03:45:00-04:00,59436.28,59386.69,yes
KXBTC15M-26JUN300330,"Target Price: $59,401.49",2026-06-30 03:15:00-04:00,2026-06-30 03:30:00-04:00,59386.69,59401.49,no
KXBTC15M-26JUN300315,"Target Price: $59,499.26",2026-06-30 03:00:00-04:00,2026-06-30 03:15:00-04:00,59401.49,59499.26,no
KXBTC15M-26JUN300300,"Target Price: $59,503.15",2026-06-30 02:45:00-04:00,2026-06-30 03:00:00-04:00,59499.26,59503.15,no
KXBTC15M-26JUN300245,"Target Price: $59,593.40",2026-06-30 02:30:00-04:00,2026-06-30 02:45:00-04:00,59503.15,59593.4,no
KXBTC15M-26JUN300230,"Target Price: $59,479.22",2026-06-30 02:15:00-04:00,2026-06-30 02:30:00-04:00,59593.40,59479.22,yes
KXBTC15M-26JUN300215,"Target Price: $59,554.39",2026-06-30 02:00:00-04:00,2026-06-30 02:15:00-04:00,59479.22,59554.39,no
KXBTC15M-26JUN300200,"Target Price: $59,471.67",2026-06-30 01:45:00-04:00,2026-06-30 02:00:00-04:00,59554.39,59471.67,yes
KXBTC15M-26JUN300145,"Target Price: $59,301.63",2026-06-30 01:30:00-04:00,2026-06-30 01:45:00-04:00,59471.67,59301.63,yes
KXBTC15M-26JUN300130,"Target Price: $59,326.95",2026-06-30 01:15:00-04:00,2026-06-30 01:30:00-04:00,59301.63,59326.95,no
KXBTC15M-26JUN300115,"Target Price: $59,404.55",2026-06-30 01:00:00-04:00,2026-06-30 01:15:00-04:00,59326.95,59404.55,no
KXBTC15M-26JUN300100,"Target Price: $59,494.45",2026-06-30 00:45:00-04:00,2026-06-30 01:00:00-04:00,59404.55,59494.45,no
KXBTC15M-26JUN300045,"Target Price: $59,466.42",2026-06-30 00:30:00-04:00,2026-06-30 00:45:00-04:00,59494.45,59466.42,yes
KXBTC15M-26JUN300030,"Target Price: $59,460.04",2026-06-30 00:15:00-04:00,2026-06-30 00:30:00-04:00,59466.42,59460.04,yes
KXBTC15M-26JUN300015,"Target Price: $59,537.05",2026-06-30 00:00:00-04:00,2026-06-30 00:15:00-04:00,59460.04,59537.05,no
KXBTC15M-26JUN300000,"Target Price: $59,646.54",2026-06-29 23:45:00-04:00,2026-06-30 00:00:00-04:00,59537.05,59646.54,no
KXBTC15M-26JUN292345,"Target Price: $59,771.15",2026-06-29 23:30:00-04:00,2026-06-29 23:45:00-04:00,59646.54,59771.15,no
KXBTC15M-26JUN292330,"Target Price: $59,821.69",2026-06-29 23:15:00-04:00,2026-06-29 23:30:00-04:00,59771.15,59821.69,no
KXBTC15M-26JUN292315,"Target Price: $59,865.93",2026-06-29 23:00:00-04:00,2026-06-29 23:15:00-04:00,59821.69,59865.93,no
KXBTC15M-26JUN292300,"Target Price: $59,923.24",2026-06-29 22:45:00-04:00,2026-06-29 23:00:00-04:00,59865.93,59923.24,no
KXBTC15M-26JUN292245,"Target Price: $59,884.62",2026-06-29 22:30:00-04:00,2026-06-29 22:45:00-04:00,59923.24,59884.62,yes
KXBTC15M-26JUN292230,"Target Price: $59,698.45",2026-06-29 22:15:00-04:00,2026-06-29 22:30:00-04:00,59884.62,59698.45,yes
KXBTC15M-26JUN292215,"Target Price: $59,851.76",2026-06-29 22:00:00-04:00,2026-06-29 22:15:00-04:00,59698.45,59851.76,no
KXBTC15M-26JUN292200,"Target Price: $59,752.68",2026-06-29 21:45:00-04:00,2026-06-29 22:00:00-04:00,59851.76,59752.68,yes
KXBTC15M-26JUN292145,"Target Price: $59,952.03",2026-06-29 21:30:00-04:00,2026-06-29 21:45:00-04:00,59752.68,59952.03,no
KXBTC15M-26JUN292130,"Target Price: $59,724.36",2026-06-29 21:15:00-04:00,2026-06-29 21:30:00-04:00,59952.03,59724.36,yes
KXBTC15M-26JUN292115,"Target Price: $59,762.23",2026-06-29 21:00:00-04:00,2026-06-29 21:15:00-04:00,59724.36,59762.23,no
KXBTC15M-26JUN292100,"Target Price: $59,676.20",2026-06-29 20:45:00-04:00,2026-06-29 21:00:00-04:00,59762.23,59676.2,yes
KXBTC15M-26JUN292045,"Target Price: $59,876.89",2026-06-29 20:30:00-04:00,2026-06-29 20:45:00-04:00,59676.20,59876.89,no
KXBTC15M-26JUN292030,"Target Price: $60,107.94",2026-06-29 20:15:00-04:00,2026-06-29 20:30:00-04:00,59876.89,60107.94,no
KXBTC15M-26JUN292015,"Target Price: $60,143.56",2026-06-29 20:00:00-04:00,2026-06-29 20:15:00-04:00,60107.94,60143.56,no
KXBTC15M-26JUN292000,"Target Price: $60,176.49",2026-06-29 19:45:00-04:00,2026-06-29 20:00:00-04:00,60143.56,60176.49,no
KXBTC15M-26JUN291945,"Target Price: $60,152.46",2026-06-29 19:30:00-04:00,2026-06-29 19:45:00-04:00,60176.49,60152.46,yes
KXBTC15M-26JUN291930,"Target Price: $60,262.23",2026-06-29 19:15:00-04:00,2026-06-29 19:30:00-04:00,60152.46,60262.23,no
KXBTC15M-26JUN291915,"Target Price: $60,270.98",2026-06-29 19:00:00-04:00,2026-06-29 19:15:00-04:00,60262.23,60270.98,no
KXBTC15M-26JUN291900,"Target Price: $60,303.75",2026-06-29 18:45:00-04:00,2026-06-29 19:00:00-04:00,60270.98,60303.75,no
KXBTC15M-26JUN291845,"Target Price: $60,363.33",2026-06-29 18:30:00-04:00,2026-06-29 18:45:00-04:00,60303.75,60363.33,no
KXBTC15M-26JUN291830,"Target Price: $60,354.66",2026-06-29 18:15:00-04:00,2026-06-29 18:30:00-04:00,60363.33,60354.66,yes
KXBTC15M-26JUN291815,"Target Price: $60,393.92",2026-06-29 18:00:00-04:00,2026-06-29 18:15:00-04:00,60354.66,60393.92,no
KXBTC15M-26JUN291800,"Target Price: $60,376.57",2026-06-29 17:45:00-04:00,2026-06-29 18:00:00-04:00,60393.92,60376.57,yes
KXBTC15M-26JUN291745,"Target Price: $60,251.87",2026-06-29 17:30:00-04:00,2026-06-29 17:45:00-04:00,60376.57,60251.87,yes
KXBTC15M-26JUN291730,"Target Price: $60,321.62",2026-06-29 17:15:00-04:00,2026-06-29 17:30:00-04:00,60251.87,60321.62,no
KXBTC15M-26JUN291715,"Target Price: $60,212.16",2026-06-29 17:00:00-04:00,2026-06-29 17:15:00-04:00,60321.62,60212.16,yes
KXBTC15M-26JUN291700,"Target Price: $60,333.31",2026-06-29 16:45:00-04:00,2026-06-29 17:00:00-04:00,60212.16,60333.31,no
KXBTC15M-26JUN291645,"Target Price: $60,317.94",2026-06-29 16:30:00-04:00,2026-06-29 16:45:00-04:00,60333.31,60317.94,yes
KXBTC15M-26JUN291630,"Target Price: $60,346.59",2026-06-29 16:15:00-04:00,2026-06-29 16:30:00-04:00,60317.94,60346.59,no
KXBTC15M-26JUN291615,"Target Price: $60,354.48",2026-06-29 16:00:00-04:00,2026-06-29 16:15:00-04:00,60346.59,60354.48,no
KXBTC15M-26JUN291600,"Target Price: $60,361.22",2026-06-29 15:45:00-04:00,2026-06-29 16:00:00-04:00,60354.48,60361.22,no
KXBTC15M-26JUN291545,"Target Price: $60,382.04",2026-06-29 15:30:00-04:00,2026-06-29 15:45:00-04:00,60361.22,60382.04,no
KXBTC15M-26JUN291530,"Target Price: $60,113.80",2026-06-29 15:15:00-04:00,2026-06-29 15:30:00-04:00,60382.04,60113.8,yes
KXBTC15M-26JUN291515,"Target Price: $60,193.43",2026-06-29 15:00:00-04:00,2026-06-29 15:15:00-04:00,60113.80,60193.43,no
KXBTC15M-26JUN291500,"Target Price: $60,175.12",2026-06-29 14:45:00-04:00,2026-06-29 15:00:00-04:00,60193.43,60175.12,yes
KXBTC15M-26JUN291445,"Target Price: $60,182.21",2026-06-29 14:30:00-04:00,2026-06-29 14:45:00-04:00,60175.12,60182.21,no
KXBTC15M-26JUN291430,"Target Price: $60,430.68",2026-06-29 14:15:00-04:00,2026-06-29 14:30:00-04:00,60182.21,60430.68,no
KXBTC15M-26JUN291415,"Target Price: $60,334.24",2026-06-29 14:00:00-04:00,2026-06-29 14:15:00-04:00,60430.68,60334.24,yes
KXBTC15M-26JUN291400,"Target Price: $60,501.46",2026-06-29 13:45:00-04:00,2026-06-29 14:00:00-04:00,60334.24,60501.46,no
KXBTC15M-26JUN291345,"Target Price: $60,452.54",2026-06-29 13:30:00-04:00,2026-06-29 13:45:00-04:00,60501.46,60452.54,yes
KXBTC15M-26JUN291330,"Target Price: $60,372.62",2026-06-29 13:15:00-04:00,2026-06-29 13:30:00-04:00,60452.54,60372.62,yes
KXBTC15M-26JUN291315,"Target Price: $59,798.75",2026-06-29 13:00:00-04:00,2026-06-29 13:15:00-04:00,60372.62,59798.75,yes
KXBTC15M-26JUN291300,"Target Price: $59,774.79",2026-06-29 12:45:00-04:00,2026-06-29 13:00:00-04:00,59798.75,59774.79,yes
KXBTC15M-26JUN291245,"Target Price: $59,497.91",2026-06-29 12:30:00-04:00,2026-06-29 12:45:00-04:00,59774.79,59497.91,yes
KXBTC15M-26JUN291230,"Target Price: $59,623.80",2026-06-29 12:15:00-04:00,2026-06-29 12:30:00-04:00,59497.91,59623.8,no
KXBTC15M-26JUN291215,"Target Price: $59,724.62",2026-06-29 12:00:00-04:00,2026-06-29 12:15:00-04:00,59623.80,59724.62,no
KXBTC15M-26JUN291200,"Target Price: $59,723.58",2026-06-29 11:45:00-04:00,2026-06-29 12:00:00-04:00,59724.62,59723.58,yes
KXBTC15M-26JUN291145,"Target Price: $59,342.98",2026-06-29 11:30:00-04:00,2026-06-29 11:45:00-04:00,59723.58,59342.98,yes
KXBTC15M-26JUN291130,"Target Price: $59,139.83",2026-06-29 11:15:00-04:00,2026-06-29 11:30:00-04:00,59342.98,59139.83,yes
KXBTC15M-26JUN291115,"Target Price: $59,332.79",2026-06-29 11:00:00-04:00,2026-06-29 11:15:00-04:00,59139.83,59332.79,no
KXBTC15M-26JUN291100,"Target Price: $59,246.64",2026-06-29 10:45:00-04:00,2026-06-29 11:00:00-04:00,59332.79,59246.64,yes
KXBTC15M-26JUN291045,"Target Price: $59,427.62",2026-06-29 10:30:00-04:00,2026-06-29 10:45:00-04:00,59246.64,59427.62,no
KXBTC15M-26JUN291030,"Target Price: $59,000.65",2026-06-29 10:15:00-04:00,2026-06-29 10:30:00-04:00,59427.62,59000.65,yes
KXBTC15M-26JUN291015,"Target Price: $59,441.86",2026-06-29 10:00:00-04:00,2026-06-29 10:15:00-04:00,59000.65,59441.86,no
KXBTC15M-26JUN291000,"Target Price: $59,405.46",2026-06-29 09:45:00-04:00,2026-06-29 10:00:00-04:00,59441.86,59405.46,yes
KXBTC15M-26JUN290945,"Target Price: $59,917.47",2026-06-29 09:30:00-04:00,2026-06-29 09:45:00-04:00,59405.46,59917.47,no
KXBTC15M-26JUN290930,"Target Price: $60,156.89",2026-06-29 09:15:00-04:00,2026-06-29 09:30:00-04:00,59917.47,60156.89,no
KXBTC15M-26JUN290915,"Target Price: $59,865.22",2026-06-29 09:00:00-04:00,2026-06-29 09:15:00-04:00,60156.89,59865.22,yes
KXBTC15M-26JUN290900,"Target Price: $59,862.25",2026-06-29 08:45:00-04:00,2026-06-29 09:00:00-04:00,59865.22,59862.25,yes
KXBTC15M-26JUN290845,"Target Price: $60,373.96",2026-06-29 08:30:00-04:00,2026-06-29 08:45:00-04:00,59862.25,60373.96,no
KXBTC15M-26JUN290830,"Target Price: $60,633.77",2026-06-29 08:15:00-04:00,2026-06-29 08:30:00-04:00,60373.96,60633.77,no
KXBTC15M-26JUN290815,"Target Price: $59,871.52",2026-06-29 08:00:00-04:00,2026-06-29 08:15:00-04:00,60633.77,59871.52,yes
KXBTC15M-26JUN290800,"Target Price: $59,783.13",2026-06-29 07:45:00-04:00,2026-06-29 08:00:00-04:00,59871.52,59783.13,yes
KXBTC15M-26JUN290745,"Target Price: $59,909.61",2026-06-29 07:30:00-04:00,2026-06-29 07:45:00-04:00,59783.13,59909.61,no
KXBTC15M-26JUN290730,"Target Price: $59,881.85",2026-06-29 07:15:00-04:00,2026-06-29 07:30:00-04:00,59909.61,59881.85,yes
KXBTC15M-26JUN290715,"Target Price: $60,007.10",2026-06-29 07:00:00-04:00,2026-06-29 07:15:00-04:00,59881.85,60007.1,no
KXBTC15M-26JUN290700,"Target Price: $60,054.54",2026-06-29 06:45:00-04:00,2026-06-29 07:00:00-04:00,60007.10,60054.54,no
KXBTC15M-26JUN290645,"Target Price: $60,134.15",2026-06-29 06:30:00-04:00,2026-06-29 06:45:00-04:00,60054.54,60134.15,no
KXBTC15M-26JUN290630,"Target Price: $60,146.97",2026-06-29 06:15:00-04:00,2026-06-29 06:30:00-04:00,60134.15,60146.97,no
KXBTC15M-26JUN290615,"Target Price: $59,965.53",2026-06-29 06:00:00-04:00,2026-06-29 06:15:00-04:00,60146.97,59965.53,yes
KXBTC15M-26JUN290600,"Target Price: $59,876.89",2026-06-29 05:45:00-04:00,2026-06-29 06:00:00-04:00,59965.53,59876.89,yes
KXBTC15M-26JUN290545,"Target Price: $59,848.68",2026-06-29 05:30:00-04:00,2026-06-29 05:45:00-04:00,59876.89,59848.68,yes
KXBTC15M-26JUN290530,"Target Price: $59,847.07",2026-06-29 05:15:00-04:00,2026-06-29 05:30:00-04:00,59848.68,59847.07,yes
KXBTC15M-26JUN290515,"Target Price: $59,767.90",2026-06-29 05:00:00-04:00,2026-06-29 05:15:00-04:00,59847.07,59767.9,yes
KXBTC15M-26JUN290500,"Target Price: $59,784.70",2026-06-29 04:45:00-04:00,2026-06-29 05:00:00-04:00,59767.90,59784.7,no
KXBTC15M-26JUN290445,"Target Price: $59,747.58",2026-06-29 04:30:00-04:00,2026-06-29 04:45:00-04:00,59784.70,59747.58,yes
KXBTC15M-26JUN290430,"Target Price: $59,867.76",2026-06-29 04:15:00-04:00,2026-06-29 04:30:00-04:00,59747.58,59867.76,no
KXBTC15M-26JUN290415,"Target Price: $59,958.41",2026-06-29 04:00:00-04:00,2026-06-29 04:15:00-04:00,59867.76,59958.41,no
KXBTC15M-26JUN290400,"Target Price: $59,970.76",2026-06-29 03:45:00-04:00,2026-06-29 04:00:00-04:00,59958.41,59970.76,no
KXBTC15M-26JUN290345,"Target Price: $60,044.89",2026-06-29 03:30:00-04:00,2026-06-29 03:45:00-04:00,59970.76,60044.89,no
KXBTC15M-26JUN290330,"Target Price: $59,961.32",2026-06-29 03:15:00-04:00,2026-06-29 03:30:00-04:00,60044.89,59961.32,yes
KXBTC15M-26JUN290315,"Target Price: $59,998.21",2026-06-29 03:00:00-04:00,2026-06-29 03:15:00-04:00,59961.32,59998.21,no
KXBTC15M-26JUN290300,"Target Price: $59,993.78",2026-06-29 02:45:00-04:00,2026-06-29 03:00:00-04:00,59998.21,59993.78,yes
KXBTC15M-26JUN290245,"Target Price: $60,090.98",2026-06-29 02:30:00-04:00,2026-06-29 02:45:00-04:00,59993.78,60090.98,no
KXBTC15M-26JUN290230,"Target Price: $60,048.93",2026-06-29 02:15:00-04:00,2026-06-29 02:30:00-04:00,60090.98,60048.93,yes
KXBTC15M-26JUN290215,"Target Price: $59,984.31",2026-06-29 02:00:00-04:00,2026-06-29 02:15:00-04:00,60048.93,59984.31,yes
KXBTC15M-26JUN290200,"Target Price: $59,796.54",2026-06-29 01:45:00-04:00,2026-06-29 02:00:00-04:00,59984.31,59796.54,yes
KXBTC15M-26JUN290145,"Target Price: $59,592.19",2026-06-29 01:30:00-04:00,2026-06-29 01:45:00-04:00,59796.54,59592.19,yes
KXBTC15M-26JUN290130,"Target Price: $59,433.12",2026-06-29 01:15:00-04:00,2026-06-29 01:30:00-04:00,59592.19,59433.12,yes
KXBTC15M-26JUN290115,"Target Price: $59,740.18",2026-06-29 01:00:00-04:00,2026-06-29 01:15:00-04:00,59433.12,59740.18,no
KXBTC15M-26JUN290100,"Target Price: $59,716.82",2026-06-29 00:45:00-04:00,2026-06-29 01:00:00-04:00,59740.18,59716.82,yes
KXBTC15M-26JUN290045,"Target Price: $59,867.13",2026-06-29 00:30:00-04:00,2026-06-29 00:45:00-04:00,59716.82,59867.13,no
KXBTC15M-26JUN290030,"Target Price: $59,831.04",2026-06-29 00:15:00-04:00,2026-06-29 00:30:00-04:00,59867.13,59831.04,yes
KXBTC15M-26JUN290015,"Target Price: $59,941.61",2026-06-29 00:00:00-04:00,2026-06-29 00:15:00-04:00,59831.04,59941.61,no
KXBTC15M-26JUN290000,"Target Price: $59,828.75",2026-06-28 23:45:00-04:00,2026-06-29 00:00:00-04:00,59941.61,59828.75,yes
KXBTC15M-26JUN282345,"Target Price: $60,078.69",2026-06-28 23:30:00-04:00,2026-06-28 23:45:00-04:00,59828.75,60078.69,no
KXBTC15M-26JUN282330,"Target Price: $59,924.16",2026-06-28 23:15:00-04:00,2026-06-28 23:30:00-04:00,60078.69,59924.16,yes
KXBTC15M-26JUN282315,"Target Price: $59,662.58",2026-06-28 23:00:00-04:00,2026-06-28 23:15:00-04:00,59924.16,59662.58,yes
KXBTC15M-26JUN282300,"Target Price: $59,661.44",2026-06-28 22:45:00-04:00,2026-06-28 23:00:00-04:00,59662.58,59661.44,yes
KXBTC15M-26JUN282245,"Target Price: $59,465.66",2026-06-28 22:30:00-04:00,2026-06-28 22:45:00-04:00,59661.44,59465.66,yes
KXBTC15M-26JUN282230,"Target Price: $58,919.30",2026-06-28 22:15:00-04:00,2026-06-28 22:30:00-04:00,59465.66,58919.3,yes
KXBTC15M-26JUN282215,"Target Price: $59,359.64",2026-06-28 22:00:00-04:00,2026-06-28 22:15:00-04:00,58919.30,59359.64,no
KXBTC15M-26JUN282200,"Target Price: $59,452.51",2026-06-28 21:45:00-04:00,2026-06-28 22:00:00-04:00,59359.64,59452.51,no
KXBTC15M-26JUN282145,"Target Price: $59,212.50",2026-06-28 21:30:00-04:00,2026-06-28 21:45:00-04:00,59452.51,59212.5,yes
KXBTC15M-26JUN282130,"Target Price: $59,383.72",2026-06-28 21:15:00-04:00,2026-06-28 21:30:00-04:00,59212.50,59383.72,no
KXBTC15M-26JUN282115,"Target Price: $59,583.26",2026-06-28 21:00:00-04:00,2026-06-28 21:15:00-04:00,59383.72,59583.26,no
KXBTC15M-26JUN282100,"Target Price: $59,245.98",2026-06-28 20:45:00-04:00,2026-06-28 21:00:00-04:00,59583.26,59245.98,yes
KXBTC15M-26JUN282045,"Target Price: $59,164.14",2026-06-28 20:30:00-04:00,2026-06-28 20:45:00-04:00,59245.98,59164.14,yes
KXBTC15M-26JUN282030,"Target Price: $59,507.79",2026-06-28 20:15:00-04:00,2026-06-28 20:30:00-04:00,59164.14,59507.79,no
KXBTC15M-26JUN282015,"Target Price: $59,489.23",2026-06-28 20:00:00-04:00,2026-06-28 20:15:00-04:00,59507.79,59489.23,yes
KXBTC15M-26JUN282000,"Target Price: $59,647.85",2026-06-28 19:45:00-04:00,2026-06-28 20:00:00-04:00,59489.23,59647.85,no
KXBTC15M-26JUN281945,"Target Price: $59,465.32",2026-06-28 19:30:00-04:00,2026-06-28 19:45:00-04:00,59647.85,59465.32,yes
KXBTC15M-26JUN281930,"Target Price: $59,227.66",2026-06-28 19:15:00-04:00,2026-06-28 19:30:00-04:00,59465.32,59227.66,yes
KXBTC15M-26JUN281915,"Target Price: $58,982.64",2026-06-28 19:00:00-04:00,2026-06-28 19:15:00-04:00,59227.66,58982.64,yes
KXBTC15M-26JUN281900,"Target Price: $59,032.50",2026-06-28 18:45:00-04:00,2026-06-28 19:00:00-04:00,58982.64,59032.5,no
KXBTC15M-26JUN281845,"Target Price: $59,279.41",2026-06-28 18:30:00-04:00,2026-06-28 18:45:00-04:00,59032.50,59279.41,no
KXBTC15M-26JUN281830,"Target Price: $59,558.08",2026-06-28 18:15:00-04:00,2026-06-28 18:30:00-04:00,59279.41,59558.08,no
KXBTC15M-26JUN281815,"Target Price: $59,325.94",2026-06-28 18:00:00-04:00,2026-06-28 18:15:00-04:00,59558.08,59325.94,yes
KXBTC15M-26JUN281800,"Target Price: $59,581.29",2026-06-28 17:45:00-04:00,2026-06-28 18:00:00-04:00,59325.94,59581.29,no
KXBTC15M-26JUN281745,"Target Price: $59,624.00",2026-06-28 17:30:00-04:00,2026-06-28 17:45:00-04:00,59581.29,59624.0,no
KXBTC15M-26JUN281730,"Target Price: $59,594.62",2026-06-28 17:15:00-04:00,2026-06-28 17:30:00-04:00,59624.00,59594.62,yes
KXBTC15M-26JUN281715,"Target Price: $59,566.71",2026-06-28 17:00:00-04:00,2026-06-28 17:15:00-04:00,59594.62,59566.71,yes
KXBTC15M-26JUN281700,"Target Price: $59,583.94",2026-06-28 16:45:00-04:00,2026-06-28 17:00:00-04:00,59566.71,59583.94,no
KXBTC15M-26JUN281645,"Target Price: $59,647.84",2026-06-28 16:30:00-04:00,2026-06-28 16:45:00-04:00,59583.94,59647.84,no
KXBTC15M-26JUN281630,"Target Price: $59,576.40",2026-06-28 16:15:00-04:00,2026-06-28 16:30:00-04:00,59647.84,59576.4,yes
KXBTC15M-26JUN281615,"Target Price: $59,405.05",2026-06-28 16:00:00-04:00,2026-06-28 16:15:00-04:00,59576.40,59405.05,yes
KXBTC15M-26JUN281600,"Target Price: $59,358.83",2026-06-28 15:45:00-04:00,2026-06-28 16:00:00-04:00,59405.05,59358.83,yes
KXBTC15M-26JUN281545,"Target Price: $59,450.47",2026-06-28 15:30:00-04:00,2026-06-28 15:45:00-04:00,59358.83,59450.47,no
KXBTC15M-26JUN281530,"Target Price: $59,422.94",2026-06-28 15:15:00-04:00,2026-06-28 15:30:00-04:00,59450.47,59422.94,yes
KXBTC15M-26JUN281515,"Target Price: $59,531.64",2026-06-28 15:00:00-04:00,2026-06-28 15:15:00-04:00,59422.94,59531.64,no
KXBTC15M-26JUN281500,"Target Price: $59,525.77",2026-06-28 14:45:00-04:00,2026-06-28 15:00:00-04:00,59531.64,59525.77,yes
KXBTC15M-26JUN281445,"Target Price: $59,536.74",2026-06-28 14:30:00-04:00,2026-06-28 14:45:00-04:00,59525.77,59536.74,no
KXBTC15M-26JUN281430,"Target Price: $59,569.89",2026-06-28 14:15:00-04:00,2026-06-28 14:30:00-04:00,59536.74,59569.89,no
KXBTC15M-26JUN281415,"Target Price: $59,508.55",2026-06-28 14:00:00-04:00,2026-06-28 14:15:00-04:00,59569.89,59508.55,yes
KXBTC15M-26JUN281400,"Target Price: $59,457.39",2026-06-28 13:45:00-04:00,2026-06-28 14:00:00-04:00,59508.55,59457.39,yes
KXBTC15M-26JUN281345,"Target Price: $59,522.92",2026-06-28 13:30:00-04:00,2026-06-28 13:45:00-04:00,59457.39,59522.92,no
KXBTC15M-26JUN281330,"Target Price: $59,560.88",2026-06-28 13:15:00-04:00,2026-06-28 13:30:00-04:00,59522.92,59560.88,no
KXBTC15M-26JUN281315,"Target Price: $59,607.68",2026-06-28 13:00:00-04:00,2026-06-28 13:15:00-04:00,59560.88,59607.68,no
KXBTC15M-26JUN281300,"Target Price: $59,552.22",2026-06-28 12:45:00-04:00,2026-06-28 13:00:00-04:00,59607.68,59552.22,yes
KXBTC15M-26JUN281245,"Target Price: $59,662.39",2026-06-28 12:30:00-04:00,2026-06-28 12:45:00-04:00,59552.22,59662.39,no
KXBTC15M-26JUN281230,"Target Price: $59,758.69",2026-06-28 12:15:00-04:00,2026-06-28 12:30:00-04:00,59662.39,59758.69,no
KXBTC15M-26JUN281215,"Target Price: $59,804.66",2026-06-28 12:00:00-04:00,2026-06-28 12:15:00-04:00,59758.69,59804.66,no
KXBTC15M-26JUN281200,"Target Price: $59,893.89",2026-06-28 11:45:00-04:00,2026-06-28 12:00:00-04:00,59804.66,59893.89,no
KXBTC15M-26JUN281145,"Target Price: $59,961.15",2026-06-28 11:30:00-04:00,2026-06-28 11:45:00-04:00,59893.89,59961.15,no
KXBTC15M-26JUN281130,"Target Price: $59,961.66",2026-06-28 11:15:00-04:00,2026-06-28 11:30:00-04:00,59961.15,59961.66,no
KXBTC15M-26JUN281115,"Target Price: $59,957.90",2026-06-28 11:00:00-04:00,2026-06-28 11:15:00-04:00,59961.66,59957.9,yes
KXBTC15M-26JUN281100,"Target Price: $60,018.51",2026-06-28 10:45:00-04:00,2026-06-28 11:00:00-04:00,59957.90,60018.51,no
KXBTC15M-26JUN281045,"Target Price: $60,070.89",2026-06-28 10:30:00-04:00,2026-06-28 10:45:00-04:00,60018.51,60070.89,no
KXBTC15M-26JUN281030,"Target Price: $60,078.54",2026-06-28 10:15:00-04:00,2026-06-28 10:30:00-04:00,60070.89,60078.54,no
KXBTC15M-26JUN281015,"Target Price: $59,992.19",2026-06-28 10:00:00-04:00,2026-06-28 10:15:00-04:00,60078.54,59992.19,yes
KXBTC15M-26JUN281000,"Target Price: $60,044.82",2026-06-28 09:45:00-04:00,2026-06-28 10:00:00-04:00,59992.19,60044.82,no
KXBTC15M-26JUN280945,"Target Price: $60,043.53",2026-06-28 09:30:00-04:00,2026-06-28 09:45:00-04:00,60044.82,60043.53,yes
KXBTC15M-26JUN280930,"Target Price: $60,039.18",2026-06-28 09:15:00-04:00,2026-06-28 09:30:00-04:00,60043.53,60039.18,yes
KXBTC15M-26JUN280915,"Target Price: $60,217.51",2026-06-28 09:00:00-04:00,2026-06-28 09:15:00-04:00,60039.18,60217.51,no
KXBTC15M-26JUN280900,"Target Price: $60,168.18",2026-06-28 08:45:00-04:00,2026-06-28 09:00:00-04:00,60217.51,60168.18,yes
KXBTC15M-26JUN280845,"Target Price: $60,241.66",2026-06-28 08:30:00-04:00,2026-06-28 08:45:00-04:00,60168.18,60241.66,no
KXBTC15M-26JUN280830,"Target Price: $60,223.76",2026-06-28 08:15:00-04:00,2026-06-28 08:30:00-04:00,60241.66,60223.76,yes
KXBTC15M-26JUN280815,"Target Price: $60,253.82",2026-06-28 08:00:00-04:00,2026-06-28 08:15:00-04:00,60223.76,60253.82,no
KXBTC15M-26JUN280800,"Target Price: $60,207.66",2026-06-28 07:45:00-04:00,2026-06-28 08:00:00-04:00,60253.82,60207.66,yes
KXBTC15M-26JUN280745,"Target Price: $60,236.97",2026-06-28 07:30:00-04:00,2026-06-28 07:45:00-04:00,60207.66,60236.97,no
KXBTC15M-26JUN280730,"Target Price: $60,043.29",2026-06-28 07:15:00-04:00,2026-06-28 07:30:00-04:00,60236.97,60043.29,yes
KXBTC15M-26JUN280715,"Target Price: $60,083.18",2026-06-28 07:00:00-04:00,2026-06-28 07:15:00-04:00,60043.29,60083.18,no
KXBTC15M-26JUN280700,"Target Price: $60,043.53",2026-06-28 06:45:00-04:00,2026-06-28 07:00:00-04:00,60083.18,60043.53,yes
KXBTC15M-26JUN280645,"Target Price: $60,031.72",2026-06-28 06:30:00-04:00,2026-06-28 06:45:00-04:00,60043.53,60031.72,yes
KXBTC15M-26JUN280630,"Target Price: $60,186.45",2026-06-28 06:15:00-04:00,2026-06-28 06:30:00-04:00,60031.72,60186.45,no
KXBTC15M-26JUN280615,"Target Price: $60,190.82",2026-06-28 06:00:00-04:00,2026-06-28 06:15:00-04:00,60186.45,60190.82,no
KXBTC15M-26JUN280600,"Target Price: $60,301.52",2026-06-28 05:45:00-04:00,2026-06-28 06:00:00-04:00,60190.82,60301.52,no
KXBTC15M-26JUN280545,"Target Price: $60,243.95",2026-06-28 05:30:00-04:00,2026-06-28 05:45:00-04:00,60301.52,60243.95,yes
KXBTC15M-26JUN280530,"Target Price: $60,288.89",2026-06-28 05:15:00-04:00,2026-06-28 05:30:00-04:00,60243.95,60288.89,no
KXBTC15M-26JUN280515,"Target Price: $60,295.80",2026-06-28 05:00:00-04:00,2026-06-28 05:15:00-04:00,60288.89,60295.8,no
KXBTC15M-26JUN280500,"Target Price: $60,367.75",2026-06-28 04:45:00-04:00,2026-06-28 05:00:00-04:00,60295.80,60367.75,no
KXBTC15M-26JUN280445,"Target Price: $60,143.24",2026-06-28 04:30:00-04:00,2026-06-28 04:45:00-04:00,60367.75,60143.24,yes
KXBTC15M-26JUN280430,"Target Price: $60,092.15",2026-06-28 04:15:00-04:00,2026-06-28 04:30:00-04:00,60143.24,60092.15,yes
KXBTC15M-26JUN280415,"Target Price: $60,118.49",2026-06-28 04:00:00-04:00,2026-06-28 04:15:00-04:00,60092.15,60118.49,no
KXBTC15M-26JUN280400,"Target Price: $60,123.98",2026-06-28 03:45:00-04:00,2026-06-28 04:00:00-04:00,60118.49,60123.98,no
KXBTC15M-26JUN280345,"Target Price: $60,028.53",2026-06-28 03:30:00-04:00,2026-06-28 03:45:00-04:00,60123.98,60028.53,yes
KXBTC15M-26JUN280330,"Target Price: $60,055.27",2026-06-28 03:15:00-04:00,2026-06-28 03:30:00-04:00,60028.53,60055.27,no
KXBTC15M-26JUN280315,"Target Price: $59,922.30",2026-06-28 03:00:00-04:00,2026-06-28 03:15:00-04:00,60055.27,59922.3,yes
KXBTC15M-26JUN280300,"Target Price: $59,890.13",2026-06-28 02:45:00-04:00,2026-06-28 03:00:00-04:00,59922.30,59890.13,yes
KXBTC15M-26JUN280245,"Target Price: $59,841.15",2026-06-28 02:30:00-04:00,2026-06-28 02:45:00-04:00,59890.13,59841.15,yes
KXBTC15M-26JUN280230,"Target Price: $59,788.33",2026-06-28 02:15:00-04:00,2026-06-28 02:30:00-04:00,59841.15,59788.33,yes
KXBTC15M-26JUN280215,"Target Price: $59,899.82",2026-06-28 02:00:00-04:00,2026-06-28 02:15:00-04:00,59788.33,59899.82,no
KXBTC15M-26JUN280200,"Target Price: $59,840.65",2026-06-28 01:45:00-04:00,2026-06-28 02:00:00-04:00,59899.82,59840.65,yes
KXBTC15M-26JUN280145,"Target Price: $59,762.41",2026-06-28 01:30:00-04:00,2026-06-28 01:45:00-04:00,59840.65,59762.41,yes
KXBTC15M-26JUN280130,"Target Price: $59,931.31",2026-06-28 01:15:00-04:00,2026-06-28 01:30:00-04:00,59762.41,59931.31,no
KXBTC15M-26JUN280115,"Target Price: $60,047.74",2026-06-28 01:00:00-04:00,2026-06-28 01:15:00-04:00,59931.31,60047.74,no
KXBTC15M-26JUN280100,"Target Price: $60,091.01",2026-06-28 00:45:00-04:00,2026-06-28 01:00:00-04:00,60047.74,60091.01,no
KXBTC15M-26JUN280045,"Target Price: $60,117.82",2026-06-28 00:30:00-04:00,2026-06-28 00:45:00-04:00,60091.01,60117.82,no
KXBTC15M-26JUN280030,"Target Price: $60,117.62",2026-06-28 00:15:00-04:00,2026-06-28 00:30:00-04:00,60117.82,60117.62,yes
KXBTC15M-26JUN280015,"Target Price: $60,121.94",2026-06-28 00:00:00-04:00,2026-06-28 00:15:00-04:00,60117.62,60121.94,no
KXBTC15M-26JUN280000,"Target Price: $60,113.62",2026-06-27 23:45:00-04:00,2026-06-28 00:00:00-04:00,60121.94,60113.62,yes
KXBTC15M-26JUN272345,"Target Price: $60,180.27",2026-06-27 23:30:00-04:00,2026-06-27 23:45:00-04:00,60113.62,60180.27,no
KXBTC15M-26JUN272330,"Target Price: $60,180.19",2026-06-27 23:15:00-04:00,2026-06-27 23:30:00-04:00,60180.27,60180.19,yes
KXBTC15M-26JUN272315,"Target Price: $60,084.65",2026-06-27 23:00:00-04:00,2026-06-27 23:15:00-04:00,60180.19,60084.65,yes
KXBTC15M-26JUN272300,"Target Price: $60,042.69",2026-06-27 22:45:00-04:00,2026-06-27 23:00:00-04:00,60084.65,60042.69,yes
KXBTC15M-26JUN272245,"Target Price: $60,037.92",2026-06-27 22:30:00-04:00,2026-06-27 22:45:00-04:00,60042.69,60037.92,yes
KXBTC15M-26JUN272230,"Target Price: $60,199.82",2026-06-27 22:15:00-04:00,2026-06-27 22:30:00-04:00,60037.92,60199.82,no
KXBTC15M-26JUN272215,"Target Price: $60,128.70",2026-06-27 22:00:00-04:00,2026-06-27 22:15:00-04:00,60199.82,60128.7,yes
KXBTC15M-26JUN272200,"Target Price: $60,170.30",2026-06-27 21:45:00-04:00,2026-06-27 22:00:00-04:00,60128.70,60170.3,no
KXBTC15M-26JUN272145,"Target Price: $60,111.09",2026-06-27 21:30:00-04:00,2026-06-27 21:45:00-04:00,60170.30,60111.09,yes
KXBTC15M-26JUN272130,"Target Price: $59,988.45",2026-06-27 21:15:00-04:00,2026-06-27 21:30:00-04:00,60111.09,59988.45,yes
KXBTC15M-26JUN272115,"Target Price: $60,097.12",2026-06-27 21:00:00-04:00,2026-06-27 21:15:00-04:00,59988.45,60097.12,no
KXBTC15M-26JUN272100,"Target Price: $60,061.06",2026-06-27 20:45:00-04:00,2026-06-27 21:00:00-04:00,60097.12,60061.06,yes
KXBTC15M-26JUN272045,"Target Price: $60,096.11",2026-06-27 20:30:00-04:00,2026-06-27 20:45:00-04:00,60061.06,60096.11,no
KXBTC15M-26JUN272030,"Target Price: $60,041.20",2026-06-27 20:15:00-04:00,2026-06-27 20:30:00-04:00,60096.11,60041.2,yes
KXBTC15M-26JUN272015,"Target Price: $59,944.40",2026-06-27 20:00:00-04:00,2026-06-27 20:15:00-04:00,60041.20,59944.4,yes
KXBTC15M-26JUN272000,"Target Price: $59,982.98",2026-06-27 19:45:00-04:00,2026-06-27 20:00:00-04:00,59944.40,59982.98,no
KXBTC15M-26JUN271945,"Target Price: $59,892.60",2026-06-27 19:30:00-04:00,2026-06-27 19:45:00-04:00,59982.98,59892.6,yes
KXBTC15M-26JUN271930,"Target Price: $59,983.92",2026-06-27 19:15:00-04:00,2026-06-27 19:30:00-04:00,59892.60,59983.92,no
KXBTC15M-26JUN271915,"Target Price: $60,141.33",2026-06-27 19:00:00-04:00,2026-06-27 19:15:00-04:00,59983.92,60141.33,no
KXBTC15M-26JUN271900,"Target Price: $60,089.77",2026-06-27 18:45:00-04:00,2026-06-27 19:00:00-04:00,60141.33,60089.77,yes
KXBTC15M-26JUN271845,"Target Price: $60,056.85",2026-06-27 18:30:00-04:00,2026-06-27 18:45:00-04:00,60089.77,60056.85,yes
KXBTC15M-26JUN271830,"Target Price: $60,050.51",2026-06-27 18:15:00-04:00,2026-06-27 18:30:00-04:00,60056.85,60050.51,yes
KXBTC15M-26JUN271815,"Target Price: $60,112.93",2026-06-27 18:00:00-04:00,2026-06-27 18:15:00-04:00,60050.51,60112.93,no
KXBTC15M-26JUN271800,"Target Price: $60,165.83",2026-06-27 17:45:00-04:00,2026-06-27 18:00:00-04:00,60112.93,60165.83,no
KXBTC15M-26JUN271745,"Target Price: $60,347.62",2026-06-27 17:30:00-04:00,2026-06-27 17:45:00-04:00,60165.83,60347.62,no
KXBTC15M-26JUN271730,"Target Price: $60,298.53",2026-06-27 17:15:00-04:00,2026-06-27 17:30:00-04:00,60347.62,60298.53,yes
KXBTC15M-26JUN271715,"Target Price: $60,188.11",2026-06-27 17:00:00-04:00,2026-06-27 17:15:00-04:00,60298.53,60188.11,yes
KXBTC15M-26JUN271700,"Target Price: $60,163.99",2026-06-27 16:45:00-04:00,2026-06-27 17:00:00-04:00,60188.11,60163.99,yes
KXBTC15M-26JUN271645,"Target Price: $60,172.98",2026-06-27 16:30:00-04:00,2026-06-27 16:45:00-04:00,60163.99,60172.98,no
KXBTC15M-26JUN271630,"Target Price: $60,179.94",2026-06-27 16:15:00-04:00,2026-06-27 16:30:00-04:00,60172.98,60179.94,no
KXBTC15M-26JUN271615,"Target Price: $60,081.41",2026-06-27 16:00:00-04:00,2026-06-27 16:15:00-04:00,60179.94,60081.41,yes
KXBTC15M-26JUN271600,"Target Price: $60,108.30",2026-06-27 15:45:00-04:00,2026-06-27 16:00:00-04:00,60081.41,60108.3,no
KXBTC15M-26JUN271545,"Target Price: $60,221.78",2026-06-27 15:30:00-04:00,2026-06-27 15:45:00-04:00,60108.30,60221.78,no
KXBTC15M-26JUN271530,"Target Price: $60,507.02",2026-06-27 15:15:00-04:00,2026-06-27 15:30:00-04:00,60221.78,60507.02,no
KXBTC15M-26JUN271515,"Target Price: $60,456.21",2026-06-27 15:00:00-04:00,2026-06-27 15:15:00-04:00,60507.02,60456.21,yes
KXBTC15M-26JUN271500,"Target Price: $60,456.15",2026-06-27 14:45:00-04:00,2026-06-27 15:00:00-04:00,60456.21,60456.15,yes
KXBTC15M-26JUN271445,"Target Price: $60,416.06",2026-06-27 14:30:00-04:00,2026-06-27 14:45:00-04:00,60456.15,60416.06,yes
KXBTC15M-26JUN271430,"Target Price: $60,431.77",2026-06-27 14:15:00-04:00,2026-06-27 14:30:00-04:00,60416.06,60431.77,no
KXBTC15M-26JUN271415,"Target Price: $60,466.12",2026-06-27 14:00:00-04:00,2026-06-27 14:15:00-04:00,60431.77,60466.12,no
KXBTC15M-26JUN271400,"Target Price: $60,510.75",2026-06-27 13:45:00-04:00,2026-06-27 14:00:00-04:00,60466.12,60510.75,no
KXBTC15M-26JUN271345,"Target Price: $60,480.45",2026-06-27 13:30:00-04:00,2026-06-27 13:45:00-04:00,60510.75,60480.45,yes
KXBTC15M-26JUN271330,"Target Price: $60,478.35",2026-06-27 13:15:00-04:00,2026-06-27 13:30:00-04:00,60480.45,60478.35,yes
KXBTC15M-26JUN271315,"Target Price: $60,707.15",2026-06-27 13:00:00-04:00,2026-06-27 13:15:00-04:00,60478.35,60707.15,no
KXBTC15M-26JUN271300,"Target Price: $60,690.23",2026-06-27 12:45:00-04:00,2026-06-27 13:00:00-04:00,60707.15,60690.23,yes
KXBTC15M-26JUN271245,"Target Price: $60,626.65",2026-06-27 12:30:00-04:00,2026-06-27 12:45:00-04:00,60690.23,60626.65,yes
KXBTC15M-26JUN271230,"Target Price: $60,668.19",2026-06-27 12:15:00-04:00,2026-06-27 12:30:00-04:00,60626.65,60668.19,no
KXBTC15M-26JUN271215,"Target Price: $60,733.64",2026-06-27 12:00:00-04:00,2026-06-27 12:15:00-04:00,60668.19,60733.64,no
KXBTC15M-26JUN271200,"Target Price: $60,701.28",2026-06-27 11:45:00-04:00,2026-06-27 12:00:00-04:00,60733.64,60701.28,yes
KXBTC15M-26JUN271145,"Target Price: $60,720.20",2026-06-27 11:30:00-04:00,2026-06-27 11:45:00-04:00,60701.28,60720.2,no
KXBTC15M-26JUN271130,"Target Price: $60,778.74",2026-06-27 11:15:00-04:00,2026-06-27 11:30:00-04:00,60720.20,60778.74,no
KXBTC15M-26JUN271115,"Target Price: $60,519.72",2026-06-27 11:00:00-04:00,2026-06-27 11:15:00-04:00,60778.74,60519.72,yes
KXBTC15M-26JUN271100,"Target Price: $60,547.76",2026-06-27 10:45:00-04:00,2026-06-27 11:00:00-04:00,60519.72,60547.76,no
KXBTC15M-26JUN271045,"Target Price: $60,520.40",2026-06-27 10:30:00-04:00,2026-06-27 10:45:00-04:00,60547.76,60520.4,yes
KXBTC15M-26JUN271030,"Target Price: $60,598.46",2026-06-27 10:15:00-04:00,2026-06-27 10:30:00-04:00,60520.40,60598.46,no
KXBTC15M-26JUN271015,"Target Price: $60,486.59",2026-06-27 10:00:00-04:00,2026-06-27 10:15:00-04:00,60598.46,60486.59,yes
KXBTC15M-26JUN271000,"Target Price: $60,501.98",2026-06-27 09:45:00-04:00,2026-06-27 10:00:00-04:00,60486.59,60501.98,no
KXBTC15M-26JUN270945,"Target Price: $60,370.59",2026-06-27 09:30:00-04:00,2026-06-27 09:45:00-04:00,60501.98,60370.59,yes
KXBTC15M-26JUN270930,"Target Price: $60,330.38",2026-06-27 09:15:00-04:00,2026-06-27 09:30:00-04:00,60370.59,60330.38,yes
KXBTC15M-26JUN270915,"Target Price: $60,321.14",2026-06-27 09:00:00-04:00,2026-06-27 09:15:00-04:00,60330.38,60321.14,yes
KXBTC15M-26JUN270900,"Target Price: $60,242.25",2026-06-27 08:45:00-04:00,2026-06-27 09:00:00-04:00,60321.14,60242.25,yes
KXBTC15M-26JUN270845,"Target Price: $60,236.18",2026-06-27 08:30:00-04:00,2026-06-27 08:45:00-04:00,60242.25,60236.18,yes
KXBTC15M-26JUN270830,"Target Price: $60,197.67",2026-06-27 08:15:00-04:00,2026-06-27 08:30:00-04:00,60236.18,60197.67,yes
KXBTC15M-26JUN270815,"Target Price: $60,273.81",2026-06-27 08:00:00-04:00,2026-06-27 08:15:00-04:00,60197.67,60273.81,no
KXBTC15M-26JUN270800,"Target Price: $60,176.38",2026-06-27 07:45:00-04:00,2026-06-27 08:00:00-04:00,60273.81,60176.38,yes
KXBTC15M-26JUN270745,"Target Price: $60,174.37",2026-06-27 07:30:00-04:00,2026-06-27 07:45:00-04:00,60176.38,60174.37,yes
KXBTC15M-26JUN270730,"Target Price: $60,311.12",2026-06-27 07:15:00-04:00,2026-06-27 07:30:00-04:00,60174.37,60311.12,no
KXBTC15M-26JUN270715,"Target Price: $60,325.45",2026-06-27 07:00:00-04:00,2026-06-27 07:15:00-04:00,60311.12,60325.45,no
KXBTC15M-26JUN270700,"Target Price: $60,333.07",2026-06-27 06:45:00-04:00,2026-06-27 07:00:00-04:00,60325.45,60333.07,no
KXBTC15M-26JUN270645,"Target Price: $60,369.89",2026-06-27 06:30:00-04:00,2026-06-27 06:45:00-04:00,60333.07,60369.89,no
KXBTC15M-26JUN270630,"Target Price: $60,375.52",2026-06-27 06:15:00-04:00,2026-06-27 06:30:00-04:00,60369.89,60375.52,no
KXBTC15M-26JUN270615,"Target Price: $60,341.70",2026-06-27 06:00:00-04:00,2026-06-27 06:15:00-04:00,60375.52,60341.7,yes
KXBTC15M-26JUN270600,"Target Price: $60,319.33",2026-06-27 05:45:00-04:00,2026-06-27 06:00:00-04:00,60341.70,60319.33,yes
KXBTC15M-26JUN270545,"Target Price: $60,279.06",2026-06-27 05:30:00-04:00,2026-06-27 05:45:00-04:00,60319.33,60279.06,yes
KXBTC15M-26JUN270530,"Target Price: $60,276.73",2026-06-27 05:15:00-04:00,2026-06-27 05:30:00-04:00,60279.06,60276.73,yes
KXBTC15M-26JUN270515,"Target Price: $60,371.69",2026-06-27 05:00:00-04:00,2026-06-27 05:15:00-04:00,60276.73,60371.69,no
KXBTC15M-26JUN270500,"Target Price: $60,289.29",2026-06-27 04:45:00-04:00,2026-06-27 05:00:00-04:00,60371.69,60289.29,yes
KXBTC15M-26JUN270445,"Target Price: $60,363.00",2026-06-27 04:30:00-04:00,2026-06-27 04:45:00-04:00,60289.29,60363.0,no
KXBTC15M-26JUN270430,"Target Price: $60,389.98",2026-06-27 04:15:00-04:00,2026-06-27 04:30:00-04:00,60363.00,60389.98,no
KXBTC15M-26JUN270415,"Target Price: $60,453.96",2026-06-27 04:00:00-04:00,2026-06-27 04:15:00-04:00,60389.98,60453.96,no
KXBTC15M-26JUN270400,"Target Price: $60,369.72",2026-06-27 03:45:00-04:00,2026-06-27 04:00:00-04:00,60453.96,60369.72,yes
KXBTC15M-26JUN270345,"Target Price: $60,338.98",2026-06-27 03:30:00-04:00,2026-06-27 03:45:00-04:00,60369.72,60338.98,yes
KXBTC15M-26JUN270330,"Target Price: $60,230.19",2026-06-27 03:15:00-04:00,2026-06-27 03:30:00-04:00,60338.98,60230.19,yes
KXBTC15M-26JUN270315,"Target Price: $60,282.20",2026-06-27 03:00:00-04:00,2026-06-27 03:15:00-04:00,60230.19,60282.2,no
KXBTC15M-26JUN270300,"Target Price: $60,321.91",2026-06-27 02:45:00-04:00,2026-06-27 03:00:00-04:00,60282.20,60321.91,no
KXBTC15M-26JUN270245,"Target Price: $60,141.83",2026-06-27 02:30:00-04:00,2026-06-27 02:45:00-04:00,60321.91,60141.83,yes
KXBTC15M-26JUN270230,"Target Price: $60,055.58",2026-06-27 02:15:00-04:00,2026-06-27 02:30:00-04:00,60141.83,60055.58,yes
KXBTC15M-26JUN270215,"Target Price: $60,170.71",2026-06-27 02:00:00-04:00,2026-06-27 02:15:00-04:00,60055.58,60170.71,no
KXBTC15M-26JUN270200,"Target Price: $60,129.24",2026-06-27 01:45:00-04:00,2026-06-27 02:00:00-04:00,60170.71,60129.24,yes
KXBTC15M-26JUN270145,"Target Price: $60,085.04",2026-06-27 01:30:00-04:00,2026-06-27 01:45:00-04:00,60129.24,60085.04,yes
KXBTC15M-26JUN270130,"Target Price: $60,218.57",2026-06-27 01:15:00-04:00,2026-06-27 01:30:00-04:00,60085.04,60218.57,no
KXBTC15M-26JUN270115,"Target Price: $60,140.90",2026-06-27 01:00:00-04:00,2026-06-27 01:15:00-04:00,60218.57,60140.9,yes
KXBTC15M-26JUN270100,"Target Price: $60,286.52",2026-06-27 00:45:00-04:00,2026-06-27 01:00:00-04:00,60140.90,60286.52,no
KXBTC15M-26JUN270045,"Target Price: $60,309.79",2026-06-27 00:30:00-04:00,2026-06-27 00:45:00-04:00,60286.52,60309.79,no
KXBTC15M-26JUN270030,"Target Price: $60,324.99",2026-06-27 00:15:00-04:00,2026-06-27 00:30:00-04:00,60309.79,60324.99,no
KXBTC15M-26JUN270015,"Target Price: $60,210.96",2026-06-27 00:00:00-04:00,2026-06-27 00:15:00-04:00,60324.99,60210.96,yes
KXBTC15M-26JUN270000,"Target Price: $60,228.96",2026-06-26 23:45:00-04:00,2026-06-27 00:00:00-04:00,60210.96,60228.96,no
KXBTC15M-26JUN262345,"Target Price: $60,221.83",2026-06-26 23:30:00-04:00,2026-06-26 23:45:00-04:00,60228.96,60221.83,yes
KXBTC15M-26JUN262330,"Target Price: $60,082.70",2026-06-26 23:15:00-04:00,2026-06-26 23:30:00-04:00,60221.83,60082.7,yes
KXBTC15M-26JUN262315,"Target Price: $60,216.00",2026-06-26 23:00:00-04:00,2026-06-26 23:15:00-04:00,60082.70,60216.0,no
KXBTC15M-26JUN262300,"Target Price: $60,203.69",2026-06-26 22:45:00-04:00,2026-06-26 23:00:00-04:00,60216.00,60203.69,yes
KXBTC15M-26JUN262245,"Target Price: $60,224.47",2026-06-26 22:30:00-04:00,2026-06-26 22:45:00-04:00,60203.69,60224.47,no
KXBTC15M-26JUN262230,"Target Price: $60,017.48",2026-06-26 22:15:00-04:00,2026-06-26 22:30:00-04:00,60224.47,60017.48,yes
KXBTC15M-26JUN262215,"Target Price: $59,874.49",2026-06-26 22:00:00-04:00,2026-06-26 22:15:00-04:00,60017.48,59874.49,yes
KXBTC15M-26JUN262200,"Target Price: $59,898.91",2026-06-26 21:45:00-04:00,2026-06-26 22:00:00-04:00,59874.49,59898.91,no
KXBTC15M-26JUN262145,"Target Price: $59,899.33",2026-06-26 21:30:00-04:00,2026-06-26 21:45:00-04:00,59898.91,59899.33,no
KXBTC15M-26JUN262130,"Target Price: $59,895.97",2026-06-26 21:15:00-04:00,2026-06-26 21:30:00-04:00,59899.33,59895.97,yes
KXBTC15M-26JUN262115,"Target Price: $59,969.91",2026-06-26 21:00:00-04:00,2026-06-26 21:15:00-04:00,59895.97,59969.91,no
KXBTC15M-26JUN262100,"Target Price: $59,874.81",2026-06-26 20:45:00-04:00,2026-06-26 21:00:00-04:00,59969.91,59874.81,yes
KXBTC15M-26JUN262045,"Target Price: $59,964.67",2026-06-26 20:30:00-04:00,2026-06-26 20:45:00-04:00,59874.81,59964.67,no
KXBTC15M-26JUN262030,"Target Price: $60,048.12",2026-06-26 20:15:00-04:00,2026-06-26 20:30:00-04:00,59964.67,60048.12,no
KXBTC15M-26JUN262015,"Target Price: $60,026.99",2026-06-26 20:00:00-04:00,2026-06-26 20:15:00-04:00,60048.12,60026.99,yes
KXBTC15M-26JUN262000,"Target Price: $59,997.63",2026-06-26 19:45:00-04:00,2026-06-26 20:00:00-04:00,60026.99,59997.63,yes
KXBTC15M-26JUN261945,"Target Price: $59,914.46",2026-06-26 19:30:00-04:00,2026-06-26 19:45:00-04:00,59997.63,59914.46,yes
KXBTC15M-26JUN261930,"Target Price: $59,990.31",2026-06-26 19:15:00-04:00,2026-06-26 19:30:00-04:00,59914.46,59990.31,no
KXBTC15M-26JUN261915,"Target Price: $59,972.37",2026-06-26 19:00:00-04:00,2026-06-26 19:15:00-04:00,59990.31,59972.37,yes
KXBTC15M-26JUN261900,"Target Price: $59,888.72",2026-06-26 18:45:00-04:00,2026-06-26 19:00:00-04:00,59972.37,59888.72,yes
KXBTC15M-26JUN261845,"Target Price: $59,821.32",2026-06-26 18:30:00-04:00,2026-06-26 18:45:00-04:00,59888.72,59821.32,yes
KXBTC15M-26JUN261830,"Target Price: $59,826.23",2026-06-26 18:15:00-04:00,2026-06-26 18:30:00-04:00,59821.32,59826.23,no
KXBTC15M-26JUN261815,"Target Price: $59,852.42",2026-06-26 18:00:00-04:00,2026-06-26 18:15:00-04:00,59826.23,59852.42,no
KXBTC15M-26JUN261800,"Target Price: $59,946.07",2026-06-26 17:45:00-04:00,2026-06-26 18:00:00-04:00,59852.42,59946.07,no
KXBTC15M-26JUN261745,"Target Price: $59,768.63",2026-06-26 17:30:00-04:00,2026-06-26 17:45:00-04:00,59946.07,59768.63,yes
KXBTC15M-26JUN261730,"Target Price: $59,663.78",2026-06-26 17:15:00-04:00,2026-06-26 17:30:00-04:00,59768.63,59663.78,yes
KXBTC15M-26JUN261715,"Target Price: $59,640.25",2026-06-26 17:00:00-04:00,2026-06-26 17:15:00-04:00,59663.78,59640.25,yes
KXBTC15M-26JUN261700,"Target Price: $59,565.20",2026-06-26 16:45:00-04:00,2026-06-26 17:00:00-04:00,59640.25,59565.2,yes
KXBTC15M-26JUN261645,"Target Price: $59,685.81",2026-06-26 16:30:00-04:00,2026-06-26 16:45:00-04:00,59565.20,59685.81,no
KXBTC15M-26JUN261630,"Target Price: $59,627.90",2026-06-26 16:15:00-04:00,2026-06-26 16:30:00-04:00,59685.81,59627.9,yes
KXBTC15M-26JUN261615,"Target Price: $59,775.05",2026-06-26 16:00:00-04:00,2026-06-26 16:15:00-04:00,59627.90,59775.05,no
KXBTC15M-26JUN261600,"Target Price: $59,819.87",2026-06-26 15:45:00-04:00,2026-06-26 16:00:00-04:00,59775.05,59819.87,no
KXBTC15M-26JUN261545,"Target Price: $59,838.46",2026-06-26 15:30:00-04:00,2026-06-26 15:45:00-04:00,59819.87,59838.46,no
KXBTC15M-26JUN261530,"Target Price: $59,948.38",2026-06-26 15:15:00-04:00,2026-06-26 15:30:00-04:00,59838.46,59948.38,no
KXBTC15M-26JUN261515,"Target Price: $59,558.25",2026-06-26 15:00:00-04:00,2026-06-26 15:15:00-04:00,59948.38,59558.25,yes
KXBTC15M-26JUN261500,"Target Price: $59,685.82",2026-06-26 14:45:00-04:00,2026-06-26 15:00:00-04:00,59558.25,59685.82,no
KXBTC15M-26JUN261445,"Target Price: $59,766.84",2026-06-26 14:30:00-04:00,2026-06-26 14:45:00-04:00,59685.82,59766.84,no
KXBTC15M-26JUN261430,"Target Price: $60,005.08",2026-06-26 14:15:00-04:00,2026-06-26 14:30:00-04:00,59766.84,60005.08,no
KXBTC15M-26JUN261415,"Target Price: $59,959.65",2026-06-26 14:00:00-04:00,2026-06-26 14:15:00-04:00,60005.08,59959.65,yes
KXBTC15M-26JUN261400,"Target Price: $59,992.12",2026-06-26 13:45:00-04:00,2026-06-26 14:00:00-04:00,59959.65,59992.12,no
KXBTC15M-26JUN261345,"Target Price: $60,102.69",2026-06-26 13:30:00-04:00,2026-06-26 13:45:00-04:00,59992.12,60102.69,no
KXBTC15M-26JUN261330,"Target Price: $60,118.52",2026-06-26 13:15:00-04:00,2026-06-26 13:30:00-04:00,60102.69,60118.52,no
KXBTC15M-26JUN261315,"Target Price: $59,968.02",2026-06-26 13:00:00-04:00,2026-06-26 13:15:00-04:00,60118.52,59968.02,yes
KXBTC15M-26JUN261300,"Target Price: $60,036.83",2026-06-26 12:45:00-04:00,2026-06-26 13:00:00-04:00,59968.02,60036.83,no
KXBTC15M-26JUN261245,"Target Price: $59,974.51",2026-06-26 12:30:00-04:00,2026-06-26 12:45:00-04:00,60036.83,59974.51,yes
KXBTC15M-26JUN261230,"Target Price: $60,089.71",2026-06-26 12:15:00-04:00,2026-06-26 12:30:00-04:00,59974.51,60089.71,no
KXBTC15M-26JUN261215,"Target Price: $60,231.85",2026-06-26 12:00:00-04:00,2026-06-26 12:15:00-04:00,60089.71,60231.85,no
KXBTC15M-26JUN261200,"Target Price: $60,363.07",2026-06-26 11:45:00-04:00,2026-06-26 12:00:00-04:00,60231.85,60363.07,no
KXBTC15M-26JUN261145,"Target Price: $60,103.61",2026-06-26 11:30:00-04:00,2026-06-26 11:45:00-04:00,60363.07,60103.61,yes
KXBTC15M-26JUN261130,"Target Price: $59,747.50",2026-06-26 11:15:00-04:00,2026-06-26 11:30:00-04:00,60103.61,59747.5,yes
KXBTC15M-26JUN261115,"Target Price: $59,556.47",2026-06-26 11:00:00-04:00,2026-06-26 11:15:00-04:00,59747.50,59556.47,yes
KXBTC15M-26JUN261100,"Target Price: $59,521.39",2026-06-26 10:45:00-04:00,2026-06-26 11:00:00-04:00,59556.47,59521.39,yes
KXBTC15M-26JUN261045,"Target Price: $60,056.77",2026-06-26 10:30:00-04:00,2026-06-26 10:45:00-04:00,59521.39,60056.77,no
KXBTC15M-26JUN261030,"Target Price: $59,917.33",2026-06-26 10:15:00-04:00,2026-06-26 10:30:00-04:00,60056.77,59917.33,yes
KXBTC15M-26JUN261015,"Target Price: $60,081.20",2026-06-26 10:00:00-04:00,2026-06-26 10:15:00-04:00,59917.33,60081.2,no
KXBTC15M-26JUN261000,"Target Price: $59,376.57",2026-06-26 09:45:00-04:00,2026-06-26 10:00:00-04:00,60081.20,59376.57,yes
KXBTC15M-26JUN260945,"Target Price: $58,792.09",2026-06-26 09:30:00-04:00,2026-06-26 09:45:00-04:00,59376.57,58792.09,yes
KXBTC15M-26JUN260930,"Target Price: $59,044.92",2026-06-26 09:15:00-04:00,2026-06-26 09:30:00-04:00,58792.09,59044.92,no
KXBTC15M-26JUN260915,"Target Price: $59,136.86",2026-06-26 09:00:00-04:00,2026-06-26 09:15:00-04:00,59044.92,59136.86,no
KXBTC15M-26JUN260900,"Target Price: $59,052.74",2026-06-26 08:45:00-04:00,2026-06-26 09:00:00-04:00,59136.86,59052.74,yes
KXBTC15M-26JUN260845,"Target Price: $59,592.28",2026-06-26 08:30:00-04:00,2026-06-26 08:45:00-04:00,59052.74,59592.28,no
KXBTC15M-26JUN260830,"Target Price: $59,386.64",2026-06-26 08:15:00-04:00,2026-06-26 08:30:00-04:00,59592.28,59386.64,yes
KXBTC15M-26JUN260815,"Target Price: $59,325.86",2026-06-26 08:00:00-04:00,2026-06-26 08:15:00-04:00,59386.64,59325.86,yes
KXBTC15M-26JUN260800,"Target Price: $59,342.78",2026-06-26 07:45:00-04:00,2026-06-26 08:00:00-04:00,59325.86,59342.78,no
KXBTC15M-26JUN260745,"Target Price: $59,328.73",2026-06-26 07:30:00-04:00,2026-06-26 07:45:00-04:00,59342.78,59328.73,yes
KXBTC15M-26JUN260730,"Target Price: $59,397.52",2026-06-26 07:15:00-04:00,2026-06-26 07:30:00-04:00,59328.73,59397.52,no
KXBTC15M-26JUN260715,"Target Price: $59,213.17",2026-06-26 07:00:00-04:00,2026-06-26 07:15:00-04:00,59397.52,59213.17,yes
KXBTC15M-26JUN260700,"Target Price: $59,464.72",2026-06-26 06:45:00-04:00,2026-06-26 07:00:00-04:00,59213.17,59464.72,no
KXBTC15M-26JUN260645,"Target Price: $59,659.95",2026-06-26 06:30:00-04:00,2026-06-26 06:45:00-04:00,59464.72,59659.95,no
KXBTC15M-26JUN260630,"Target Price: $59,689.78",2026-06-26 06:15:00-04:00,2026-06-26 06:30:00-04:00,59659.95,59689.78,no
KXBTC15M-26JUN260615,"Target Price: $59,641.59",2026-06-26 06:00:00-04:00,2026-06-26 06:15:00-04:00,59689.78,59641.59,yes
KXBTC15M-26JUN260600,"Target Price: $59,901.95",2026-06-26 05:45:00-04:00,2026-06-26 06:00:00-04:00,59641.59,59901.95,no
KXBTC15M-26JUN260545,"Target Price: $60,043.49",2026-06-26 05:30:00-04:00,2026-06-26 05:45:00-04:00,59901.95,60043.49,no
KXBTC15M-26JUN260530,"Target Price: $60,075.50",2026-06-26 05:15:00-04:00,2026-06-26 05:30:00-04:00,60043.49,60075.5,no
KXBTC15M-26JUN260515,"Target Price: $60,143.41",2026-06-26 05:00:00-04:00,2026-06-26 05:15:00-04:00,60075.50,60143.41,no
KXBTC15M-26JUN260500,"Target Price: $60,121.15",2026-06-26 04:45:00-04:00,2026-06-26 05:00:00-04:00,60143.41,60121.15,yes
KXBTC15M-26JUN260445,"Target Price: $60,214.77",2026-06-26 04:30:00-04:00,2026-06-26 04:45:00-04:00,60121.15,60214.77,no
KXBTC15M-26JUN260430,"Target Price: $60,169.42",2026-06-26 04:15:00-04:00,2026-06-26 04:30:00-04:00,60214.77,60169.42,yes
KXBTC15M-26JUN260415,"Target Price: $60,470.94",2026-06-26 04:00:00-04:00,2026-06-26 04:15:00-04:00,60169.42,60470.94,no
KXBTC15M-26JUN260400,"Target Price: $60,575.09",2026-06-26 03:45:00-04:00,2026-06-26 04:00:00-04:00,60470.94,60575.09,no
KXBTC15M-26JUN260345,"Target Price: $60,515.74",2026-06-26 03:30:00-04:00,2026-06-26 03:45:00-04:00,60575.09,60515.74,yes
KXBTC15M-26JUN260330,"Target Price: $60,402.58",2026-06-26 03:15:00-04:00,2026-06-26 03:30:00-04:00,60515.74,60402.58,yes
KXBTC15M-26JUN260315,"Target Price: $60,242.62",2026-06-26 03:00:00-04:00,2026-06-26 03:15:00-04:00,60402.58,60242.62,yes
KXBTC15M-26JUN260300,"Target Price: $60,294.67",2026-06-26 02:45:00-04:00,2026-06-26 03:00:00-04:00,60242.62,60294.67,no
KXBTC15M-26JUN260245,"Target Price: $59,917.86",2026-06-26 02:30:00-04:00,2026-06-26 02:45:00-04:00,60294.67,59917.86,yes
KXBTC15M-26JUN260230,"Target Price: $59,652.65",2026-06-26 02:15:00-04:00,2026-06-26 02:30:00-04:00,59917.86,59652.65,yes
KXBTC15M-26JUN260215,"Target Price: $59,865.70",2026-06-26 02:00:00-04:00,2026-06-26 02:15:00-04:00,59652.65,59865.7,no
KXBTC15M-26JUN260200,"Target Price: $59,811.04",2026-06-26 01:45:00-04:00,2026-06-26 02:00:00-04:00,59865.70,59811.04,yes
KXBTC15M-26JUN260145,"Target Price: $59,885.51",2026-06-26 01:30:00-04:00,2026-06-26 01:45:00-04:00,59811.04,59885.51,no
KXBTC15M-26JUN260130,"Target Price: $59,873.25",2026-06-26 01:15:00-04:00,2026-06-26 01:30:00-04:00,59885.51,59873.25,yes
KXBTC15M-26JUN260115,"Target Price: $59,825.61",2026-06-26 01:00:00-04:00,2026-06-26 01:15:00-04:00,59873.25,59825.61,yes
KXBTC15M-26JUN260100,"Target Price: $59,866.57",2026-06-26 00:45:00-04:00,2026-06-26 01:00:00-04:00,59825.61,59866.57,no
KXBTC15M-26JUN260045,"Target Price: $59,894.37",2026-06-26 00:30:00-04:00,2026-06-26 00:45:00-04:00,59866.57,59894.37,no
KXBTC15M-26JUN260030,"Target Price: $59,828.41",2026-06-26 00:15:00-04:00,2026-06-26 00:30:00-04:00,59894.37,59828.41,yes
KXBTC15M-26JUN260015,"Target Price: $59,890.15",2026-06-26 00:00:00-04:00,2026-06-26 00:15:00-04:00,59828.41,59890.15,no
KXBTC15M-26JUN260000,"Target Price: $59,388.16",2026-06-25 23:45:00-04:00,2026-06-26 00:00:00-04:00,59890.15,59388.16,yes
KXBTC15M-26JUN252345,"Target Price: $59,009.57",2026-06-25 23:30:00-04:00,2026-06-25 23:45:00-04:00,59388.16,59009.57,yes
KXBTC15M-26JUN252330,"Target Price: $58,805.09",2026-06-25 23:15:00-04:00,2026-06-25 23:30:00-04:00,59009.57,58805.09,yes
KXBTC15M-26JUN252315,"Target Price: $58,496.97",2026-06-25 23:00:00-04:00,2026-06-25 23:15:00-04:00,58805.09,58496.97,yes
KXBTC15M-26JUN252300,"Target Price: $58,740.32",2026-06-25 22:45:00-04:00,2026-06-25 23:00:00-04:00,58496.97,58740.32,no
KXBTC15M-26JUN252245,"Target Price: $58,783.41",2026-06-25 22:30:00-04:00,2026-06-25 22:45:00-04:00,58740.32,58783.41,no
KXBTC15M-26JUN252230,"Target Price: $58,643.83",2026-06-25 22:15:00-04:00,2026-06-25 22:30:00-04:00,58783.41,58643.83,yes
KXBTC15M-26JUN252215,"Target Price: $59,307.60",2026-06-25 22:00:00-04:00,2026-06-25 22:15:00-04:00,58643.83,59307.6,no
KXBTC15M-26JUN252200,"Target Price: $59,231.41",2026-06-25 21:45:00-04:00,2026-06-25 22:00:00-04:00,59307.60,59231.41,yes
KXBTC15M-26JUN252145,"Target Price: $59,250.44",2026-06-25 21:30:00-04:00,2026-06-25 21:45:00-04:00,59231.41,59250.44,no
KXBTC15M-26JUN252130,"Target Price: $59,504.44",2026-06-25 21:15:00-04:00,2026-06-25 21:30:00-04:00,59250.44,59504.44,no
KXBTC15M-26JUN252115,"Target Price: $59,589.88",2026-06-25 21:00:00-04:00,2026-06-25 21:15:00-04:00,59504.44,59589.88,no
KXBTC15M-26JUN252100,"Target Price: $59,708.67",2026-06-25 20:45:00-04:00,2026-06-25 21:00:00-04:00,59589.88,59708.67,no
KXBTC15M-26JUN252045,"Target Price: $59,665.24",2026-06-25 20:30:00-04:00,2026-06-25 20:45:00-04:00,59708.67,59665.24,yes
KXBTC15M-26JUN252030,"Target Price: $59,799.11",2026-06-25 20:15:00-04:00,2026-06-25 20:30:00-04:00,59665.24,59799.11,no
KXBTC15M-26JUN252015,"Target Price: $59,710.75",2026-06-25 20:00:00-04:00,2026-06-25 20:15:00-04:00,59799.11,59710.75,yes
KXBTC15M-26JUN252000,"Target Price: $59,892.07",2026-06-25 19:45:00-04:00,2026-06-25 20:00:00-04:00,59710.75,59892.07,no
KXBTC15M-26JUN251945,"Target Price: $60,034.49",2026-06-25 19:30:00-04:00,2026-06-25 19:45:00-04:00,59892.07,60034.49,no
KXBTC15M-26JUN251930,"Target Price: $59,845.40",2026-06-25 19:15:00-04:00,2026-06-25 19:30:00-04:00,60034.49,59845.4,yes
KXBTC15M-26JUN251915,"Target Price: $59,788.44",2026-06-25 19:00:00-04:00,2026-06-25 19:15:00-04:00,59845.40,59788.44,yes
KXBTC15M-26JUN251900,"Target Price: $59,707.17",2026-06-25 18:45:00-04:00,2026-06-25 19:00:00-04:00,59788.44,59707.17,yes
KXBTC15M-26JUN251845,"Target Price: $59,714.88",2026-06-25 18:30:00-04:00,2026-06-25 18:45:00-04:00,59707.17,59714.88,no
KXBTC15M-26JUN251830,"Target Price: $59,825.08",2026-06-25 18:15:00-04:00,2026-06-25 18:30:00-04:00,59714.88,59825.08,no
KXBTC15M-26JUN251815,"Target Price: $60,117.15",2026-06-25 18:00:00-04:00,2026-06-25 18:15:00-04:00,59825.08,60117.15,no
KXBTC15M-26JUN251800,"Target Price: $59,851.97",2026-06-25 17:45:00-04:00,2026-06-25 18:00:00-04:00,60117.15,59851.97,yes
KXBTC15M-26JUN251745,"Target Price: $59,611.37",2026-06-25 17:30:00-04:00,2026-06-25 17:45:00-04:00,59851.97,59611.37,yes
KXBTC15M-26JUN251730,"Target Price: $59,514.17",2026-06-25 17:15:00-04:00,2026-06-25 17:30:00-04:00,59611.37,59514.17,yes
KXBTC15M-26JUN251715,"Target Price: $59,339.36",2026-06-25 17:00:00-04:00,2026-06-25 17:15:00-04:00,59514.17,59339.36,yes
KXBTC15M-26JUN251700,"Target Price: $59,424.39",2026-06-25 16:45:00-04:00,2026-06-25 17:00:00-04:00,59339.36,59424.39,no
KXBTC15M-26JUN251645,"Target Price: $59,549.07",2026-06-25 16:30:00-04:00,2026-06-25 16:45:00-04:00,59424.39,59549.07,no
KXBTC15M-26JUN251630,"Target Price: $59,467.57",2026-06-25 16:15:00-04:00,2026-06-25 16:30:00-04:00,59549.07,59467.57,yes
KXBTC15M-26JUN251615,"Target Price: $59,207.80",2026-06-25 16:00:00-04:00,2026-06-25 16:15:00-04:00,59467.57,59207.8,yes
KXBTC15M-26JUN251600,"Target Price: $59,216.91",2026-06-25 15:45:00-04:00,2026-06-25 16:00:00-04:00,59207.80,59216.91,no
KXBTC15M-26JUN251545,"Target Price: $59,226.29",2026-06-25 15:30:00-04:00,2026-06-25 15:45:00-04:00,59216.91,59226.29,no
KXBTC15M-26JUN251530,"Target Price: $59,160.22",2026-06-25 15:15:00-04:00,2026-06-25 15:30:00-04:00,59226.29,59160.22,yes
KXBTC15M-26JUN251515,"Target Price: $59,411.61",2026-06-25 15:00:00-04:00,2026-06-25 15:15:00-04:00,59160.22,59411.61,no
KXBTC15M-26JUN251500,"Target Price: $59,347.47",2026-06-25 14:45:00-04:00,2026-06-25 15:00:00-04:00,59411.61,59347.47,yes
KXBTC15M-26JUN251445,"Target Price: $59,615.82",2026-06-25 14:30:00-04:00,2026-06-25 14:45:00-04:00,59347.47,59615.82,no
KXBTC15M-26JUN251430,"Target Price: $59,330.66",2026-06-25 14:15:00-04:00,2026-06-25 14:30:00-04:00,59615.82,59330.66,yes
KXBTC15M-26JUN251415,"Target Price: $59,564.31",2026-06-25 14:00:00-04:00,2026-06-25 14:15:00-04:00,59330.66,59564.31,no
KXBTC15M-26JUN251400,"Target Price: $59,483.04",2026-06-25 13:45:00-04:00,2026-06-25 14:00:00-04:00,59564.31,59483.04,yes
KXBTC15M-26JUN251345,"Target Price: $59,473.99",2026-06-25 13:30:00-04:00,2026-06-25 13:45:00-04:00,59483.04,59473.99,yes
KXBTC15M-26JUN251330,"Target Price: $59,311.13",2026-06-25 13:15:00-04:00,2026-06-25 13:30:00-04:00,59473.99,59311.13,yes
KXBTC15M-26JUN251315,"Target Price: $59,227.92",2026-06-25 13:00:00-04:00,2026-06-25 13:15:00-04:00,59311.13,59227.92,yes
KXBTC15M-26JUN251300,"Target Price: $59,169.18",2026-06-25 12:45:00-04:00,2026-06-25 13:00:00-04:00,59227.92,59169.18,yes
KXBTC15M-26JUN251245,"Target Price: $59,657.02",2026-06-25 12:30:00-04:00,2026-06-25 12:45:00-04:00,59169.18,59657.02,no
KXBTC15M-26JUN251230,"Target Price: $59,669.82",2026-06-25 12:15:00-04:00,2026-06-25 12:30:00-04:00,59657.02,59669.82,no
KXBTC15M-26JUN251215,"Target Price: $59,506.77",2026-06-25 12:00:00-04:00,2026-06-25 12:15:00-04:00,59669.82,59506.77,yes
KXBTC15M-26JUN251200,"Target Price: $59,072.23",2026-06-25 11:45:00-04:00,2026-06-25 12:00:00-04:00,59506.77,59072.23,yes
KXBTC15M-26JUN251145,"Target Price: $59,170.60",2026-06-25 11:30:00-04:00,2026-06-25 11:45:00-04:00,59072.23,59170.6,no
KXBTC15M-26JUN251130,"Target Price: $58,983.86",2026-06-25 11:15:00-04:00,2026-06-25 11:30:00-04:00,,58983.86,yes
KXBTC15M-26JUN251115,"Target Price: $59,424.40",2026-06-25 11:00:00-04:00,2026-06-25 11:15:00-04:00,58983.86,59424.4,no
KXBTC15M-26JUN251100,"Target Price: $59,389.23",2026-06-25 10:45:00-04:00,2026-06-25 11:00:00-04:00,59424.40,59389.23,yes
KXBTC15M-26JUN251045,"Target Price: $59,265.23",2026-06-25 10:30:00-04:00,2026-06-25 10:45:00-04:00,59389.23,59265.23,yes
KXBTC15M-26JUN251030,"Target Price: $59,269.35",2026-06-25 10:15:00-04:00,2026-06-25 10:30:00-04:00,59265.23,59269.35,no
KXBTC15M-26JUN251015,"Target Price: $58,132.28",2026-06-25 10:00:00-04:00,2026-06-25 10:15:00-04:00,59269.35,58132.28,yes
KXBTC15M-26JUN251000,"Target Price: $60,091.51",2026-06-25 09:45:00-04:00,2026-06-25 10:00:00-04:00,58132.28,60091.51,no
KXBTC15M-26JUN250945,"Target Price: $61,155.33",2026-06-25 09:30:00-04:00,2026-06-25 09:45:00-04:00,60091.51,61155.33,no
KXBTC15M-26JUN250930,"Target Price: $61,225.00",2026-06-25 09:15:00-04:00,2026-06-25 09:30:00-04:00,61155.33,61225.0,no
KXBTC15M-26JUN250915,"Target Price: $61,141.36",2026-06-25 09:00:00-04:00,2026-06-25 09:15:00-04:00,61225.00,61141.36,yes
KXBTC15M-26JUN250900,"Target Price: $61,273.05",2026-06-25 08:45:00-04:00,2026-06-25 09:00:00-04:00,61141.36,61273.05,no
KXBTC15M-26JUN250845,"Target Price: $61,017.13",2026-06-25 08:30:00-04:00,2026-06-25 08:45:00-04:00,61273.05,61017.13,yes
KXBTC15M-26JUN250830,"Target Price: $61,115.69",2026-06-25 08:15:00-04:00,2026-06-25 08:30:00-04:00,61017.13,61115.69,no
KXBTC15M-26JUN250815,"Target Price: $61,193.35",2026-06-25 08:00:00-04:00,2026-06-25 08:15:00-04:00,61115.69,61193.35,no
KXBTC15M-26JUN250800,"Target Price: $61,246.10",2026-06-25 07:45:00-04:00,2026-06-25 08:00:00-04:00,61193.35,61246.1,no
KXBTC15M-26JUN250745,"Target Price: $61,166.79",2026-06-25 07:30:00-04:00,2026-06-25 07:45:00-04:00,61246.10,61166.79,yes
KXBTC15M-26JUN250730,"Target Price: $61,183.41",2026-06-25 07:15:00-04:00,2026-06-25 07:30:00-04:00,61166.79,61183.41,no
KXBTC15M-26JUN250715,"Target Price: $61,193.14",2026-06-25 07:00:00-04:00,2026-06-25 07:15:00-04:00,61183.41,61193.14,no
KXBTC15M-26JUN250700,"Target Price: $61,346.87",2026-06-25 06:45:00-04:00,2026-06-25 07:00:00-04:00,61193.14,61346.87,no
KXBTC15M-26JUN250645,"Target Price: $61,495.88",2026-06-25 06:30:00-04:00,2026-06-25 06:45:00-04:00,61346.87,61495.88,no
KXBTC15M-26JUN250630,"Target Price: $61,596.62",2026-06-25 06:15:00-04:00,2026-06-25 06:30:00-04:00,61495.88,61596.62,no
KXBTC15M-26JUN250615,"Target Price: $61,655.36",2026-06-25 06:00:00-04:00,2026-06-25 06:15:00-04:00,61596.62,61655.36,no
KXBTC15M-26JUN250600,"Target Price: $61,664.78",2026-06-25 05:45:00-04:00,2026-06-25 06:00:00-04:00,61655.36,61664.78,no
KXBTC15M-26JUN250545,"Target Price: $61,614.90",2026-06-25 05:30:00-04:00,2026-06-25 05:45:00-04:00,61664.78,61614.9,yes
KXBTC15M-26JUN250530,"Target Price: $61,668.87",2026-06-25 05:15:00-04:00,2026-06-25 05:30:00-04:00,61614.90,61668.87,no
KXBTC15M-26JUN250515,"Target Price: $61,609.26",2026-06-25 05:00:00-04:00,2026-06-25 05:15:00-04:00,61668.87,61609.26,yes
KXBTC15M-26JUN250245,"Target Price: $61,582.63",2026-06-25 02:30:00-04:00,2026-06-25 02:45:00-04:00,61649.51,61582.63,yes
KXBTC15M-26JUN250230,"Target Price: $61,651.98",2026-06-25 02:15:00-04:00,2026-06-25 02:30:00-04:00,61582.63,61651.98,no
KXBTC15M-26JUN250215,"Target Price: $61,523.83",2026-06-25 02:00:00-04:00,2026-06-25 02:15:00-04:00,61651.98,61523.83,yes
KXBTC15M-26JUN250200,"Target Price: $61,476.43",2026-06-25 01:45:00-04:00,2026-06-25 02:00:00-04:00,61523.83,61476.43,yes
KXBTC15M-26JUN250145,"Target Price: $61,531.32",2026-06-25 01:30:00-04:00,2026-06-25 01:45:00-04:00,61476.43,61531.32,no
KXBTC15M-26JUN250130,"Target Price: $61,541.57",2026-06-25 01:15:00-04:00,2026-06-25 01:30:00-04:00,61531.32,61541.57,no
KXBTC15M-26JUN250115,"Target Price: $61,267.49",2026-06-25 01:00:00-04:00,2026-06-25 01:15:00-04:00,61541.57,61267.49,yes
KXBTC15M-26JUN250100,"Target Price: $60,860.62",2026-06-25 00:45:00-04:00,2026-06-25 01:00:00-04:00,61267.49,60860.62,yes
KXBTC15M-26JUN250045,"Target Price: $60,807.92",2026-06-25 00:30:00-04:00,2026-06-25 00:45:00-04:00,60860.62,60807.92,yes
KXBTC15M-26JUN250030,"Target Price: $60,738.47",2026-06-25 00:15:00-04:00,2026-06-25 00:30:00-04:00,60807.92,60738.47,yes
KXBTC15M-26JUN250015,"Target Price: $60,795.94",2026-06-25 00:00:00-04:00,2026-06-25 00:15:00-04:00,60738.47,60795.94,no
KXBTC15M-26JUN250000,"Target Price: $60,677.30",2026-06-24 23:45:00-04:00,2026-06-25 00:00:00-04:00,60795.94,60677.3,yes
KXBTC15M-26JUN242345,"Target Price: $60,721.39",2026-06-24 23:30:00-04:00,2026-06-24 23:45:00-04:00,60677.30,60721.39,no
KXBTC15M-26JUN242330,"Target Price: $60,666.76",2026-06-24 23:15:00-04:00,2026-06-24 23:30:00-04:00,60721.39,60666.76,yes
KXBTC15M-26JUN242315,"Target Price: $60,704.86",2026-06-24 23:00:00-04:00,2026-06-24 23:15:00-04:00,60666.76,60704.86,no
KXBTC15M-26JUN242300,"Target Price: $60,686.03",2026-06-24 22:45:00-04:00,2026-06-24 23:00:00-04:00,60704.86,60686.03,yes
KXBTC15M-26JUN242245,"Target Price: $60,846.26",2026-06-24 22:30:00-04:00,2026-06-24 22:45:00-04:00,60686.03,60846.26,no
KXBTC15M-26JUN242230,"Target Price: $60,681.66",2026-06-24 22:15:00-04:00,2026-06-24 22:30:00-04:00,60846.26,60681.66,yes
KXBTC15M-26JUN242215,"Target Price: $60,813.88",2026-06-24 22:00:00-04:00,2026-06-24 22:15:00-04:00,60681.66,60813.88,no
KXBTC15M-26JUN242200,"Target Price: $60,736.25",2026-06-24 21:45:00-04:00,2026-06-24 22:00:00-04:00,60813.88,60736.25,yes
KXBTC15M-26JUN242145,"Target Price: $60,773.73",2026-06-24 21:30:00-04:00,2026-06-24 21:45:00-04:00,60736.25,60773.73,no
KXBTC15M-26JUN242130,"Target Price: $60,684.70",2026-06-24 21:15:00-04:00,2026-06-24 21:30:00-04:00,60773.73,60684.7,yes
KXBTC15M-26JUN242115,"Target Price: $60,670.05",2026-06-24 21:00:00-04:00,2026-06-24 21:15:00-04:00,60684.70,60670.05,yes
KXBTC15M-26JUN242100,"Target Price: $60,765.70",2026-06-24 20:45:00-04:00,2026-06-24 21:00:00-04:00,60670.05,60765.7,no
KXBTC15M-26JUN242045,"Target Price: $60,846.73",2026-06-24 20:30:00-04:00,2026-06-24 20:45:00-04:00,60765.70,60846.73,no
KXBTC15M-26JUN242030,"Target Price: $60,987.33",2026-06-24 20:15:00-04:00,2026-06-24 20:30:00-04:00,60846.73,60987.33,no
KXBTC15M-26JUN242015,"Target Price: $60,984.90",2026-06-24 20:00:00-04:00,2026-06-24 20:15:00-04:00,60987.33,60984.9,yes
KXBTC15M-26JUN242000,"Target Price: $60,915.89",2026-06-24 19:45:00-04:00,2026-06-24 20:00:00-04:00,60984.90,60915.89,yes
KXBTC15M-26JUN241945,"Target Price: $60,882.00",2026-06-24 19:30:00-04:00,2026-06-24 19:45:00-04:00,60915.89,60882.0,yes
KXBTC15M-26JUN241930,"Target Price: $60,792.98",2026-06-24 19:15:00-04:00,2026-06-24 19:30:00-04:00,60882.00,60792.98,yes
KXBTC15M-26JUN241915,"Target Price: $60,783.55",2026-06-24 19:00:00-04:00,2026-06-24 19:15:00-04:00,60792.98,60783.55,yes
KXBTC15M-26JUN241900,"Target Price: $60,809.33",2026-06-24 18:45:00-04:00,2026-06-24 19:00:00-04:00,60783.55,60809.33,no
KXBTC15M-26JUN241845,"Target Price: $60,798.09",2026-06-24 18:30:00-04:00,2026-06-24 18:45:00-04:00,60809.33,60798.09,yes
KXBTC15M-26JUN241830,"Target Price: $60,942.68",2026-06-24 18:15:00-04:00,2026-06-24 18:30:00-04:00,60798.09,60942.68,no
KXBTC15M-26JUN241815,"Target Price: $61,021.22",2026-06-24 18:00:00-04:00,2026-06-24 18:15:00-04:00,60942.68,61021.22,no
KXBTC15M-26JUN241800,"Target Price: $61,012.29",2026-06-24 17:45:00-04:00,2026-06-24 18:00:00-04:00,61021.22,61012.29,yes
KXBTC15M-26JUN241745,"Target Price: $60,766.74",2026-06-24 17:30:00-04:00,2026-06-24 17:45:00-04:00,61012.29,60766.74,yes
KXBTC15M-26JUN241730,"Target Price: $60,658.64",2026-06-24 17:15:00-04:00,2026-06-24 17:30:00-04:00,60766.74,60658.64,yes
KXBTC15M-26JUN241715,"Target Price: $60,887.46",2026-06-24 17:00:00-04:00,2026-06-24 17:15:00-04:00,60658.64,60887.46,no
KXBTC15M-26JUN241700,"Target Price: $60,819.39",2026-06-24 16:45:00-04:00,2026-06-24 17:00:00-04:00,60887.46,60819.39,yes
KXBTC15M-26JUN241645,"Target Price: $60,693.01",2026-06-24 16:30:00-04:00,2026-06-24 16:45:00-04:00,60819.39,60693.01,yes
KXBTC15M-26JUN241630,"Target Price: $60,619.55",2026-06-24 16:15:00-04:00,2026-06-24 16:30:00-04:00,60693.01,60619.55,yes
KXBTC15M-26JUN241615,"Target Price: $59,860.18",2026-06-24 16:00:00-04:00,2026-06-24 16:15:00-04:00,60619.55,59860.18,yes
KXBTC15M-26JUN241600,"Target Price: $59,695.86",2026-06-24 15:45:00-04:00,2026-06-24 16:00:00-04:00,59860.18,59695.86,yes
KXBTC15M-26JUN241545,"Target Price: $59,734.47",2026-06-24 15:30:00-04:00,2026-06-24 15:45:00-04:00,59695.86,59734.47,no
KXBTC15M-26JUN241530,"Target Price: $59,589.04",2026-06-24 15:15:00-04:00,2026-06-24 15:30:00-04:00,59734.47,59589.04,yes
KXBTC15M-26JUN241515,"Target Price: $59,503.62",2026-06-24 15:00:00-04:00,2026-06-24 15:15:00-04:00,59589.04,59503.62,yes
KXBTC15M-26JUN241500,"Target Price: $59,461.07",2026-06-24 14:45:00-04:00,2026-06-24 15:00:00-04:00,59503.62,59461.07,yes
KXBTC15M-26JUN241445,"Target Price: $59,672.03",2026-06-24 14:30:00-04:00,2026-06-24 14:45:00-04:00,59461.07,59672.03,no
KXBTC15M-26JUN241430,"Target Price: $59,471.95",2026-06-24 14:15:00-04:00,2026-06-24 14:30:00-04:00,59672.03,59471.95,yes
KXBTC15M-26JUN241415,"Target Price: $59,326.77",2026-06-24 14:00:00-04:00,2026-06-24 14:15:00-04:00,59471.95,59326.77,yes
KXBTC15M-26JUN241400,"Target Price: $59,262.96",2026-06-24 13:45:00-04:00,2026-06-24 14:00:00-04:00,59326.77,59262.96,yes
KXBTC15M-26JUN241345,"Target Price: $59,636.52",2026-06-24 13:30:00-04:00,2026-06-24 13:45:00-04:00,59262.96,59636.52,no
KXBTC15M-26JUN241330,"Target Price: $59,737.16",2026-06-24 13:15:00-04:00,2026-06-24 13:30:00-04:00,59636.52,59737.16,no
KXBTC15M-26JUN241315,"Target Price: $59,791.09",2026-06-24 13:00:00-04:00,2026-06-24 13:15:00-04:00,59737.16,59791.09,no
KXBTC15M-26JUN241300,"Target Price: $60,163.36",2026-06-24 12:45:00-04:00,2026-06-24 13:00:00-04:00,59791.09,60163.36,no
KXBTC15M-26JUN241245,"Target Price: $60,473.36",2026-06-24 12:30:00-04:00,2026-06-24 12:45:00-04:00,60163.36,60473.36,no
KXBTC15M-26JUN241230,"Target Price: $60,461.37",2026-06-24 12:15:00-04:00,2026-06-24 12:30:00-04:00,60473.36,60461.37,yes
KXBTC15M-26JUN241215,"Target Price: $60,197.16",2026-06-24 12:00:00-04:00,2026-06-24 12:15:00-04:00,60461.37,60197.16,yes
KXBTC15M-26JUN241200,"Target Price: $60,493.34",2026-06-24 11:45:00-04:00,2026-06-24 12:00:00-04:00,60197.16,60493.34,no
KXBTC15M-26JUN241145,"Target Price: $60,778.17",2026-06-24 11:30:00-04:00,2026-06-24 11:45:00-04:00,60493.34,60778.17,no
KXBTC15M-26JUN241130,"Target Price: $60,825.35",2026-06-24 11:15:00-04:00,2026-06-24 11:30:00-04:00,60778.17,60825.35,no
KXBTC15M-26JUN241115,"Target Price: $61,004.38",2026-06-24 11:00:00-04:00,2026-06-24 11:15:00-04:00,60825.35,61004.38,no
KXBTC15M-26JUN241100,"Target Price: $61,068.15",2026-06-24 10:45:00-04:00,2026-06-24 11:00:00-04:00,61004.38,61068.15,no
KXBTC15M-26JUN241045,"Target Price: $61,118.57",2026-06-24 10:30:00-04:00,2026-06-24 10:45:00-04:00,61068.15,61118.57,no
KXBTC15M-26JUN241030,"Target Price: $61,082.02",2026-06-24 10:15:00-04:00,2026-06-24 10:30:00-04:00,61118.57,61082.02,yes
KXBTC15M-26JUN241015,"Target Price: $61,246.42",2026-06-24 10:00:00-04:00,2026-06-24 10:15:00-04:00,61082.02,61246.42,no
KXBTC15M-26JUN241000,"Target Price: $61,413.17",2026-06-24 09:45:00-04:00,2026-06-24 10:00:00-04:00,61246.42,61413.17,no
KXBTC15M-26JUN240945,"Target Price: $61,775.26",2026-06-24 09:30:00-04:00,2026-06-24 09:45:00-04:00,61413.17,61775.26,no
KXBTC15M-26JUN240930,"Target Price: $61,954.83",2026-06-24 09:15:00-04:00,2026-06-24 09:30:00-04:00,61775.26,61954.83,no
KXBTC15M-26JUN240915,"Target Price: $62,541.01",2026-06-24 09:00:00-04:00,2026-06-24 09:15:00-04:00,61954.83,62541.01,no
KXBTC15M-26JUN240900,"Target Price: $62,777.78",2026-06-24 08:45:00-04:00,2026-06-24 09:00:00-04:00,62541.01,62777.78,no
KXBTC15M-26JUN240845,"Target Price: $62,746.91",2026-06-24 08:30:00-04:00,2026-06-24 08:45:00-04:00,62777.78,62746.91,yes
KXBTC15M-26JUN240830,"Target Price: $62,773.78",2026-06-24 08:15:00-04:00,2026-06-24 08:30:00-04:00,62746.91,62773.78,no
KXBTC15M-26JUN240815,"Target Price: $62,827.03",2026-06-24 08:00:00-04:00,2026-06-24 08:15:00-04:00,62773.78,62827.03,no
KXBTC15M-26JUN240800,"Target Price: $62,644.15",2026-06-24 07:45:00-04:00,2026-06-24 08:00:00-04:00,62827.03,62644.15,yes
KXBTC15M-26JUN240745,"Target Price: $62,307.69",2026-06-24 07:30:00-04:00,2026-06-24 07:45:00-04:00,62644.15,62307.69,yes
KXBTC15M-26JUN240730,"Target Price: $62,293.84",2026-06-24 07:15:00-04:00,2026-06-24 07:30:00-04:00,62307.69,62293.84,yes
KXBTC15M-26JUN240715,"Target Price: $62,368.35",2026-06-24 07:00:00-04:00,2026-06-24 07:15:00-04:00,62293.84,62368.35,no
KXBTC15M-26JUN240700,"Target Price: $62,529.19",2026-06-24 06:45:00-04:00,2026-06-24 07:00:00-04:00,62368.35,62529.19,no
KXBTC15M-26JUN240645,"Target Price: $62,466.35",2026-06-24 06:30:00-04:00,2026-06-24 06:45:00-04:00,62529.19,62466.35,yes
KXBTC15M-26JUN240630,"Target Price: $62,526.15",2026-06-24 06:15:00-04:00,2026-06-24 06:30:00-04:00,62466.35,62526.15,no
KXBTC15M-26JUN240615,"Target Price: $62,625.55",2026-06-24 06:00:00-04:00,2026-06-24 06:15:00-04:00,62526.15,62625.55,no
KXBTC15M-26JUN240600,"Target Price: $62,592.99",2026-06-24 05:45:00-04:00,2026-06-24 06:00:00-04:00,62625.55,62592.99,yes
KXBTC15M-26JUN240545,"Target Price: $62,617.03",2026-06-24 05:30:00-04:00,2026-06-24 05:45:00-04:00,62592.99,62617.03,no
KXBTC15M-26JUN240530,"Target Price: $62,696.16",2026-06-24 05:15:00-04:00,2026-06-24 05:30:00-04:00,62617.03,62696.16,no
KXBTC15M-26JUN240515,"Target Price: $62,718.36",2026-06-24 05:00:00-04:00,2026-06-24 05:15:00-04:00,62696.16,62718.36,no
KXBTC15M-26JUN240500,"Target Price: $62,702.40",2026-06-24 04:45:00-04:00,2026-06-24 05:00:00-04:00,62718.36,62702.4,yes
KXBTC15M-26JUN240445,"Target Price: $62,615.79",2026-06-24 04:30:00-04:00,2026-06-24 04:45:00-04:00,62702.40,62615.79,yes
KXBTC15M-26JUN240430,"Target Price: $62,571.02",2026-06-24 04:15:00-04:00,2026-06-24 04:30:00-04:00,62615.79,62571.02,yes
KXBTC15M-26JUN240415,"Target Price: $62,567.78",2026-06-24 04:00:00-04:00,2026-06-24 04:15:00-04:00,62571.02,62567.78,yes
KXBTC15M-26JUN240400,"Target Price: $62,610.54",2026-06-24 03:45:00-04:00,2026-06-24 04:00:00-04:00,62567.78,62610.54,no
KXBTC15M-26JUN240345,"Target Price: $62,613.25",2026-06-24 03:30:00-04:00,2026-06-24 03:45:00-04:00,62610.54,62613.25,no
KXBTC15M-26JUN240330,"Target Price: $62,746.84",2026-06-24 03:15:00-04:00,2026-06-24 03:30:00-04:00,62613.25,62746.84,no
KXBTC15M-26JUN240315,"Target Price: $62,699.30",2026-06-24 03:00:00-04:00,2026-06-24 03:15:00-04:00,62746.84,62699.3,yes
KXBTC15M-26JUN240300,"Target Price: $62,727.98",2026-06-24 02:45:00-04:00,2026-06-24 03:00:00-04:00,62699.30,62727.98,no
KXBTC15M-26JUN240245,"Target Price: $62,764.91",2026-06-24 02:30:00-04:00,2026-06-24 02:45:00-04:00,62727.98,62764.91,no
KXBTC15M-26JUN240230,"Target Price: $62,754.29",2026-06-24 02:15:00-04:00,2026-06-24 02:30:00-04:00,62764.91,62754.29,yes
KXBTC15M-26JUN240215,"Target Price: $62,812.56",2026-06-24 02:00:00-04:00,2026-06-24 02:15:00-04:00,62754.29,62812.56,no
KXBTC15M-26JUN240200,"Target Price: $62,869.00",2026-06-24 01:45:00-04:00,2026-06-24 02:00:00-04:00,62812.56,62869.0,no
KXBTC15M-26JUN240145,"Target Price: $62,803.99",2026-06-24 01:30:00-04:00,2026-06-24 01:45:00-04:00,62869.00,62803.99,yes
KXBTC15M-26JUN240130,"Target Price: $62,704.01",2026-06-24 01:15:00-04:00,2026-06-24 01:30:00-04:00,62803.99,62704.01,yes
KXBTC15M-26JUN240115,"Target Price: $62,698.49",2026-06-24 01:00:00-04:00,2026-06-24 01:15:00-04:00,62704.01,62698.49,yes
KXBTC15M-26JUN240100,"Target Price: $62,586.58",2026-06-24 00:45:00-04:00,2026-06-24 01:00:00-04:00,62698.49,62586.58,yes
KXBTC15M-26JUN240045,"Target Price: $62,529.71",2026-06-24 00:30:00-04:00,2026-06-24 00:45:00-04:00,62586.58,62529.71,yes
KXBTC15M-26JUN240030,"Target Price: $62,589.15",2026-06-24 00:15:00-04:00,2026-06-24 00:30:00-04:00,62529.71,62589.15,no
KXBTC15M-26JUN240015,"Target Price: $62,672.71",2026-06-24 00:00:00-04:00,2026-06-24 00:15:00-04:00,62589.15,62672.71,no
KXBTC15M-26JUN240000,"Target Price: $62,728.57",2026-06-23 23:45:00-04:00,2026-06-24 00:00:00-04:00,62672.71,62728.57,no
KXBTC15M-26JUN232345,"Target Price: $62,589.43",2026-06-23 23:30:00-04:00,2026-06-23 23:45:00-04:00,62728.57,62589.43,yes
KXBTC15M-26JUN232330,"Target Price: $62,531.66",2026-06-23 23:15:00-04:00,2026-06-23 23:30:00-04:00,62589.43,62531.66,yes
KXBTC15M-26JUN232315,"Target Price: $62,565.01",2026-06-23 23:00:00-04:00,2026-06-23 23:15:00-04:00,62531.66,62565.01,no
KXBTC15M-26JUN232300,"Target Price: $62,660.38",2026-06-23 22:45:00-04:00,2026-06-23 23:00:00-04:00,62565.01,62660.38,no
KXBTC15M-26JUN232245,"Target Price: $62,690.69",2026-06-23 22:30:00-04:00,2026-06-23 22:45:00-04:00,62660.38,62690.69,no
KXBTC15M-26JUN232230,"Target Price: $62,789.36",2026-06-23 22:15:00-04:00,2026-06-23 22:30:00-04:00,62690.69,62789.36,no
KXBTC15M-26JUN232215,"Target Price: $62,865.80",2026-06-23 22:00:00-04:00,2026-06-23 22:15:00-04:00,62789.36,62865.8,no
KXBTC15M-26JUN232200,"Target Price: $62,874.39",2026-06-23 21:45:00-04:00,2026-06-23 22:00:00-04:00,62865.80,62874.39,no
KXBTC15M-26JUN232145,"Target Price: $62,831.24",2026-06-23 21:30:00-04:00,2026-06-23 21:45:00-04:00,62874.39,62831.24,yes
KXBTC15M-26JUN232130,"Target Price: $62,909.54",2026-06-23 21:15:00-04:00,2026-06-23 21:30:00-04:00,62831.24,62909.54,no
KXBTC15M-26JUN232115,"Target Price: $62,924.51",2026-06-23 21:00:00-04:00,2026-06-23 21:15:00-04:00,62909.54,62924.51,no
KXBTC15M-26JUN232100,"Target Price: $62,887.83",2026-06-23 20:45:00-04:00,2026-06-23 21:00:00-04:00,62924.51,62887.83,yes
KXBTC15M-26JUN232045,"Target Price: $62,765.14",2026-06-23 20:30:00-04:00,2026-06-23 20:45:00-04:00,62887.83,62765.14,yes
KXBTC15M-26JUN232030,"Target Price: $62,768.24",2026-06-23 20:15:00-04:00,2026-06-23 20:30:00-04:00,62765.14,62768.24,no
KXBTC15M-26JUN232015,"Target Price: $62,659.30",2026-06-23 20:00:00-04:00,2026-06-23 20:15:00-04:00,62768.24,62659.3,yes
KXBTC15M-26JUN232000,"Target Price: $62,541.62",2026-06-23 19:45:00-04:00,2026-06-23 20:00:00-04:00,62659.30,62541.62,yes
KXBTC15M-26JUN231945,"Target Price: $62,592.86",2026-06-23 19:30:00-04:00,2026-06-23 19:45:00-04:00,62541.62,62592.86,no
KXBTC15M-26JUN231930,"Target Price: $62,458.65",2026-06-23 19:15:00-04:00,2026-06-23 19:30:00-04:00,62592.86,62458.65,yes
KXBTC15M-26JUN231915,"Target Price: $62,515.27",2026-06-23 19:00:00-04:00,2026-06-23 19:15:00-04:00,62458.65,62515.27,no
KXBTC15M-26JUN231900,"Target Price: $62,489.35",2026-06-23 18:45:00-04:00,2026-06-23 19:00:00-04:00,62515.27,62489.35,yes
KXBTC15M-26JUN231845,"Target Price: $62,544.35",2026-06-23 18:30:00-04:00,2026-06-23 18:45:00-04:00,62489.35,62544.35,no
KXBTC15M-26JUN231830,"Target Price: $62,687.34",2026-06-23 18:15:00-04:00,2026-06-23 18:30:00-04:00,62544.35,62687.34,no
KXBTC15M-26JUN231815,"Target Price: $62,529.98",2026-06-23 18:00:00-04:00,2026-06-23 18:15:00-04:00,62687.34,62529.98,yes
KXBTC15M-26JUN231800,"Target Price: $62,554.37",2026-06-23 17:45:00-04:00,2026-06-23 18:00:00-04:00,62529.98,62554.37,no
KXBTC15M-26JUN231745,"Target Price: $62,486.85",2026-06-23 17:30:00-04:00,2026-06-23 17:45:00-04:00,62554.37,62486.85,yes
KXBTC15M-26JUN231730,"Target Price: $62,433.50",2026-06-23 17:15:00-04:00,2026-06-23 17:30:00-04:00,62486.85,62433.5,yes
KXBTC15M-26JUN231715,"Target Price: $62,382.15",2026-06-23 17:00:00-04:00,2026-06-23 17:15:00-04:00,62433.50,62382.15,yes
KXBTC15M-26JUN231700,"Target Price: $62,407.44",2026-06-23 16:45:00-04:00,2026-06-23 17:00:00-04:00,62382.15,62407.44,no
KXBTC15M-26JUN231645,"Target Price: $62,421.87",2026-06-23 16:30:00-04:00,2026-06-23 16:45:00-04:00,62407.44,62421.87,no
KXBTC15M-26JUN231630,"Target Price: $62,378.99",2026-06-23 16:15:00-04:00,2026-06-23 16:30:00-04:00,62421.87,62378.99,yes
KXBTC15M-26JUN231615,"Target Price: $62,330.49",2026-06-23 16:00:00-04:00,2026-06-23 16:15:00-04:00,62378.99,62330.49,yes
KXBTC15M-26JUN231600,"Target Price: $62,266.17",2026-06-23 15:45:00-04:00,2026-06-23 16:00:00-04:00,62330.49,62266.17,yes
KXBTC15M-26JUN231545,"Target Price: $62,359.51",2026-06-23 15:30:00-04:00,2026-06-23 15:45:00-04:00,62266.17,62359.51,no
KXBTC15M-26JUN231530,"Target Price: $62,291.76",2026-06-23 15:15:00-04:00,2026-06-23 15:30:00-04:00,62359.51,62291.76,yes
KXBTC15M-26JUN231515,"Target Price: $62,162.07",2026-06-23 15:00:00-04:00,2026-06-23 15:15:00-04:00,62291.76,62162.07,yes
KXBTC15M-26JUN231500,"Target Price: $62,079.54",2026-06-23 14:45:00-04:00,2026-06-23 15:00:00-04:00,62162.07,62079.54,yes
KXBTC15M-26JUN231445,"Target Price: $62,296.80",2026-06-23 14:30:00-04:00,2026-06-23 14:45:00-04:00,62079.54,62296.8,no
KXBTC15M-26JUN231430,"Target Price: $62,304.66",2026-06-23 14:15:00-04:00,2026-06-23 14:30:00-04:00,62296.80,62304.66,no
KXBTC15M-26JUN231415,"Target Price: $62,295.77",2026-06-23 14:00:00-04:00,2026-06-23 14:15:00-04:00,62304.66,62295.77,yes
KXBTC15M-26JUN231400,"Target Price: $62,461.43",2026-06-23 13:45:00-04:00,2026-06-23 14:00:00-04:00,62295.77,62461.43,no
KXBTC15M-26JUN231345,"Target Price: $62,570.38",2026-06-23 13:30:00-04:00,2026-06-23 13:45:00-04:00,62461.43,62570.38,no
KXBTC15M-26JUN231330,"Target Price: $62,366.62",2026-06-23 13:15:00-04:00,2026-06-23 13:30:00-04:00,62570.38,62366.62,yes
KXBTC15M-26JUN231315,"Target Price: $62,500.13",2026-06-23 13:00:00-04:00,2026-06-23 13:15:00-04:00,62366.62,62500.13,no
KXBTC15M-26JUN231300,"Target Price: $62,555.01",2026-06-23 12:45:00-04:00,2026-06-23 13:00:00-04:00,62500.13,62555.01,no
KXBTC15M-26JUN231245,"Target Price: $62,515.04",2026-06-23 12:30:00-04:00,2026-06-23 12:45:00-04:00,62555.01,62515.04,yes
KXBTC15M-26JUN231230,"Target Price: $62,673.71",2026-06-23 12:15:00-04:00,2026-06-23 12:30:00-04:00,62515.04,62673.71,no
KXBTC15M-26JUN231215,"Target Price: $62,388.06",2026-06-23 12:00:00-04:00,2026-06-23 12:15:00-04:00,62673.71,62388.06,yes
KXBTC15M-26JUN231200,"Target Price: $62,233.65",2026-06-23 11:45:00-04:00,2026-06-23 12:00:00-04:00,62388.06,62233.65,yes
KXBTC15M-26JUN231145,"Target Price: $62,206.46",2026-06-23 11:30:00-04:00,2026-06-23 11:45:00-04:00,62233.65,62206.46,yes
KXBTC15M-26JUN231130,"Target Price: $62,283.58",2026-06-23 11:15:00-04:00,2026-06-23 11:30:00-04:00,62206.46,62283.58,no
KXBTC15M-26JUN231115,"Target Price: $62,450.64",2026-06-23 11:00:00-04:00,2026-06-23 11:15:00-04:00,62283.58,62450.64,no
KXBTC15M-26JUN231100,"Target Price: $62,487.47",2026-06-23 10:45:00-04:00,2026-06-23 11:00:00-04:00,62450.64,62487.47,no
KXBTC15M-26JUN231045,"Target Price: $62,494.85",2026-06-23 10:30:00-04:00,2026-06-23 10:45:00-04:00,62487.47,62494.85,no
KXBTC15M-26JUN231030,"Target Price: $62,550.10",2026-06-23 10:15:00-04:00,2026-06-23 10:30:00-04:00,62494.85,62550.1,no
KXBTC15M-26JUN231015,"Target Price: $62,386.89",2026-06-23 10:00:00-04:00,2026-06-23 10:15:00-04:00,62550.10,62386.89,yes
KXBTC15M-26JUN231000,"Target Price: $62,337.74",2026-06-23 09:45:00-04:00,2026-06-23 10:00:00-04:00,62386.89,62337.74,yes
KXBTC15M-26JUN230945,"Target Price: $61,994.28",2026-06-23 09:30:00-04:00,2026-06-23 09:45:00-04:00,62337.74,61994.28,yes
KXBTC15M-26JUN230930,"Target Price: $62,119.56",2026-06-23 09:15:00-04:00,2026-06-23 09:30:00-04:00,61994.28,62119.56,no
KXBTC15M-26JUN230915,"Target Price: $62,199.26",2026-06-23 09:00:00-04:00,2026-06-23 09:15:00-04:00,62119.56,62199.26,no
KXBTC15M-26JUN230900,"Target Price: $62,269.80",2026-06-23 08:45:00-04:00,2026-06-23 09:00:00-04:00,62199.26,62269.8,no
KXBTC15M-26JUN230845,"Target Price: $62,328.51",2026-06-23 08:30:00-04:00,2026-06-23 08:45:00-04:00,62269.80,62328.51,no
KXBTC15M-26JUN230830,"Target Price: $62,349.93",2026-06-23 08:15:00-04:00,2026-06-23 08:30:00-04:00,62328.51,62349.93,no
KXBTC15M-26JUN230815,"Target Price: $62,445.05",2026-06-23 08:00:00-04:00,2026-06-23 08:15:00-04:00,62349.93,62445.05,no
KXBTC15M-26JUN230800,"Target Price: $62,509.44",2026-06-23 07:45:00-04:00,2026-06-23 08:00:00-04:00,62445.05,62509.44,no
KXBTC15M-26JUN230745,"Target Price: $62,470.49",2026-06-23 07:30:00-04:00,2026-06-23 07:45:00-04:00,62509.44,62470.49,yes
KXBTC15M-26JUN230730,"Target Price: $62,311.75",2026-06-23 07:15:00-04:00,2026-06-23 07:30:00-04:00,62470.49,62311.75,yes
KXBTC15M-26JUN230715,"Target Price: $62,263.86",2026-06-23 07:00:00-04:00,2026-06-23 07:15:00-04:00,62311.75,62263.86,yes
KXBTC15M-26JUN230700,"Target Price: $62,188.71",2026-06-23 06:45:00-04:00,2026-06-23 07:00:00-04:00,62263.86,62188.71,yes
KXBTC15M-26JUN230645,"Target Price: $62,290.93",2026-06-23 06:30:00-04:00,2026-06-23 06:45:00-04:00,62188.71,62290.93,no
KXBTC15M-26JUN230630,"Target Price: $62,386.88",2026-06-23 06:15:00-04:00,2026-06-23 06:30:00-04:00,62290.93,62386.88,no
KXBTC15M-26JUN230615,"Target Price: $62,307.79",2026-06-23 06:00:00-04:00,2026-06-23 06:15:00-04:00,62386.88,62307.79,yes
KXBTC15M-26JUN230600,"Target Price: $62,300.15",2026-06-23 05:45:00-04:00,2026-06-23 06:00:00-04:00,62307.79,62300.15,yes
KXBTC15M-26JUN230545,"Target Price: $62,444.62",2026-06-23 05:30:00-04:00,2026-06-23 05:45:00-04:00,62300.15,62444.62,no
KXBTC15M-26JUN230530,"Target Price: $62,375.26",2026-06-23 05:15:00-04:00,2026-06-23 05:30:00-04:00,62444.62,62375.26,yes
KXBTC15M-26JUN230515,"Target Price: $62,305.56",2026-06-23 05:00:00-04:00,2026-06-23 05:15:00-04:00,62375.26,62305.56,yes
KXBTC15M-26JUN230500,"Target Price: $62,356.41",2026-06-23 04:45:00-04:00,2026-06-23 05:00:00-04:00,62305.56,62356.41,no
KXBTC15M-26JUN230445,"Target Price: $62,039.38",2026-06-23 04:30:00-04:00,2026-06-23 04:45:00-04:00,62356.41,62039.38,yes
KXBTC15M-26JUN230430,"Target Price: $62,612.26",2026-06-23 04:15:00-04:00,2026-06-23 04:30:00-04:00,62039.38,62612.26,no
KXBTC15M-26JUN230415,"Target Price: $62,822.99",2026-06-23 04:00:00-04:00,2026-06-23 04:15:00-04:00,62612.26,62822.99,no
KXBTC15M-26JUN230400,"Target Price: $62,843.97",2026-06-23 03:45:00-04:00,2026-06-23 04:00:00-04:00,62822.99,62843.97,no
KXBTC15M-26JUN230345,"Target Price: $62,941.50",2026-06-23 03:30:00-04:00,2026-06-23 03:45:00-04:00,62843.97,62941.5,no
KXBTC15M-26JUN230330,"Target Price: $62,969.40",2026-06-23 03:15:00-04:00,2026-06-23 03:30:00-04:00,62941.50,62969.4,no
KXBTC15M-26JUN230315,"Target Price: $62,872.41",2026-06-23 03:00:00-04:00,2026-06-23 03:15:00-04:00,62969.40,62872.41,yes
KXBTC15M-26JUN230300,"Target Price: $62,872.98",2026-06-23 02:45:00-04:00,2026-06-23 03:00:00-04:00,62872.41,62872.98,no
KXBTC15M-26JUN230245,"Target Price: $62,698.66",2026-06-23 02:30:00-04:00,2026-06-23 02:45:00-04:00,62872.98,62698.66,yes
KXBTC15M-26JUN230230,"Target Price: $63,099.69",2026-06-23 02:15:00-04:00,2026-06-23 02:30:00-04:00,62698.66,63099.69,no
KXBTC15M-26JUN230215,"Target Price: $63,314.06",2026-06-23 02:00:00-04:00,2026-06-23 02:15:00-04:00,63099.69,63314.06,no
KXBTC15M-26JUN230200,"Target Price: $63,378.34",2026-06-23 01:45:00-04:00,2026-06-23 02:00:00-04:00,63314.06,63378.34,no
KXBTC15M-26JUN230145,"Target Price: $63,395.37",2026-06-23 01:30:00-04:00,2026-06-23 01:45:00-04:00,63378.34,63395.37,no
KXBTC15M-26JUN230130,"Target Price: $63,557.80",2026-06-23 01:15:00-04:00,2026-06-23 01:30:00-04:00,63395.37,63557.8,no
KXBTC15M-26JUN230115,"Target Price: $63,598.03",2026-06-23 01:00:00-04:00,2026-06-23 01:15:00-04:00,63557.80,63598.03,no
KXBTC15M-26JUN230100,"Target Price: $63,748.05",2026-06-23 00:45:00-04:00,2026-06-23 01:00:00-04:00,63598.03,63748.05,no
KXBTC15M-26JUN230045,"Target Price: $63,903.66",2026-06-23 00:30:00-04:00,2026-06-23 00:45:00-04:00,63748.05,63903.66,no
KXBTC15M-26JUN230030,"Target Price: $63,977.83",2026-06-23 00:15:00-04:00,2026-06-23 00:30:00-04:00,63903.66,63977.83,no
KXBTC15M-26JUN230015,"Target Price: $63,992.57",2026-06-23 00:00:00-04:00,2026-06-23 00:15:00-04:00,63977.83,63992.57,no
KXBTC15M-26JUN230000,Target price: TBD,2026-06-22 23:45:00-04:00,2026-06-23 00:00:00-04:00,63992.57,,yes
KXBTC15M-26JUN222345,Target price: TBD,2026-06-22 23:30:00-04:00,2026-06-22 23:45:00-04:00,63926.33,,no
KXBTC15M-26JUN222330,"Target Price: $63,939.95",2026-06-22 23:15:00-04:00,2026-06-22 23:30:00-04:00,64019.80,63939.95,yes
KXBTC15M-26JUN222315,"Target Price: $64,138.15",2026-06-22 23:00:00-04:00,2026-06-22 23:15:00-04:00,63939.95,64138.15,no
KXBTC15M-26JUN222300,"Target Price: $64,161.41",2026-06-22 22:45:00-04:00,2026-06-22 23:00:00-04:00,64138.15,64161.41,no
KXBTC15M-26JUN222245,"Target Price: $64,114.52",2026-06-22 22:30:00-04:00,2026-06-22 22:45:00-04:00,64161.41,64114.52,yes
KXBTC15M-26JUN222230,"Target Price: $64,050.54",2026-06-22 22:15:00-04:00,2026-06-22 22:30:00-04:00,64114.52,64050.54,yes
KXBTC15M-26JUN222215,"Target Price: $64,093.65",2026-06-22 22:00:00-04:00,2026-06-22 22:15:00-04:00,64050.54,64093.65,no
KXBTC15M-26JUN222200,"Target Price: $64,010.18",2026-06-22 21:45:00-04:00,2026-06-22 22:00:00-04:00,64093.65,64010.18,yes
KXBTC15M-26JUN222145,"Target Price: $64,124.50",2026-06-22 21:30:00-04:00,2026-06-22 21:45:00-04:00,64010.18,64124.5,no
KXBTC15M-26JUN222130,"Target Price: $64,159.28",2026-06-22 21:15:00-04:00,2026-06-22 21:30:00-04:00,64124.50,64159.28,no
KXBTC15M-26JUN222115,"Target Price: $64,065.94",2026-06-22 21:00:00-04:00,2026-06-22 21:15:00-04:00,64159.28,64065.94,yes
KXBTC15M-26JUN222100,"Target Price: $64,027.65",2026-06-22 20:45:00-04:00,2026-06-22 21:00:00-04:00,64065.94,64027.65,yes
KXBTC15M-26JUN222045,"Target Price: $63,791.02",2026-06-22 20:30:00-04:00,2026-06-22 20:45:00-04:00,64027.65,63791.02,yes
KXBTC15M-26JUN222030,"Target Price: $63,863.35",2026-06-22 20:15:00-04:00,2026-06-22 20:30:00-04:00,63791.02,63863.35,no
KXBTC15M-26JUN222015,"Target Price: $63,958.65",2026-06-22 20:00:00-04:00,2026-06-22 20:15:00-04:00,63863.35,63958.65,no
KXBTC15M-26JUN222000,"Target Price: $63,917.86",2026-06-22 19:45:00-04:00,2026-06-22 20:00:00-04:00,63958.65,63917.86,yes
KXBTC15M-26JUN221945,"Target Price: $63,973.98",2026-06-22 19:30:00-04:00,2026-06-22 19:45:00-04:00,63917.86,63973.98,no
KXBTC15M-26JUN221930,"Target Price: $63,906.91",2026-06-22 19:15:00-04:00,2026-06-22 19:30:00-04:00,63973.98,63906.91,yes
KXBTC15M-26JUN221915,"Target Price: $63,902.91",2026-06-22 19:00:00-04:00,2026-06-22 19:15:00-04:00,63906.91,63902.91,yes
KXBTC15M-26JUN221900,"Target Price: $63,783.72",2026-06-22 18:45:00-04:00,2026-06-22 19:00:00-04:00,63902.91,63783.72,yes
KXBTC15M-26JUN221845,"Target Price: $63,971.51",2026-06-22 18:30:00-04:00,2026-06-22 18:45:00-04:00,63783.72,63971.51,no
KXBTC15M-26JUN221830,"Target Price: $64,254.95",2026-06-22 18:15:00-04:00,2026-06-22 18:30:00-04:00,63971.51,64254.95,no
KXBTC15M-26JUN221815,"Target Price: $64,239.04",2026-06-22 18:00:00-04:00,2026-06-22 18:15:00-04:00,64254.95,64239.04,yes
KXBTC15M-26JUN221800,"Target Price: $64,126.97",2026-06-22 17:45:00-04:00,2026-06-22 18:00:00-04:00,64239.04,64126.97,yes
KXBTC15M-26JUN221745,"Target Price: $64,236.10",2026-06-22 17:30:00-04:00,2026-06-22 17:45:00-04:00,64126.97,64236.1,no
KXBTC15M-26JUN221730,"Target Price: $64,332.99",2026-06-22 17:15:00-04:00,2026-06-22 17:30:00-04:00,64236.10,64332.99,no
KXBTC15M-26JUN221715,"Target Price: $64,369.77",2026-06-22 17:00:00-04:00,2026-06-22 17:15:00-04:00,64332.99,64369.77,no
KXBTC15M-26JUN221700,"Target Price: $64,426.91",2026-06-22 16:45:00-04:00,2026-06-22 17:00:00-04:00,64369.77,64426.91,no
KXBTC15M-26JUN221645,"Target Price: $64,330.60",2026-06-22 16:30:00-04:00,2026-06-22 16:45:00-04:00,64426.91,64330.6,yes
KXBTC15M-26JUN221630,"Target Price: $64,467.99",2026-06-22 16:15:00-04:00,2026-06-22 16:30:00-04:00,64330.60,64467.99,no
KXBTC15M-26JUN221615,"Target Price: $64,417.20",2026-06-22 16:00:00-04:00,2026-06-22 16:15:00-04:00,64467.99,64417.2,yes
KXBTC15M-26JUN221600,"Target Price: $64,336.43",2026-06-22 15:45:00-04:00,2026-06-22 16:00:00-04:00,64417.20,64336.43,yes
KXBTC15M-26JUN221545,"Target Price: $64,291.02",2026-06-22 15:30:00-04:00,2026-06-22 15:45:00-04:00,64336.43,64291.02,yes
KXBTC15M-26JUN221530,"Target Price: $64,335.82",2026-06-22 15:15:00-04:00,2026-06-22 15:30:00-04:00,64291.02,64335.82,no
KXBTC15M-26JUN221515,"Target Price: $64,292.71",2026-06-22 15:00:00-04:00,2026-06-22 15:15:00-04:00,64335.82,64292.71,yes
KXBTC15M-26JUN221500,"Target Price: $64,455.01",2026-06-22 14:45:00-04:00,2026-06-22 15:00:00-04:00,64292.71,64455.01,no
KXBTC15M-26JUN221445,"Target Price: $64,523.57",2026-06-22 14:30:00-04:00,2026-06-22 14:45:00-04:00,64455.01,64523.57,no
KXBTC15M-26JUN221430,"Target Price: $64,611.19",2026-06-22 14:15:00-04:00,2026-06-22 14:30:00-04:00,64523.57,64611.19,no
KXBTC15M-26JUN221415,"Target Price: $64,546.30",2026-06-22 14:00:00-04:00,2026-06-22 14:15:00-04:00,64611.19,64546.3,yes
KXBTC15M-26JUN221400,"Target Price: $64,366.57",2026-06-22 13:45:00-04:00,2026-06-22 14:00:00-04:00,64546.30,64366.57,yes
KXBTC15M-26JUN221345,"Target Price: $64,469.55",2026-06-22 13:30:00-04:00,2026-06-22 13:45:00-04:00,64366.57,64469.55,no
KXBTC15M-26JUN221330,"Target Price: $64,607.95",2026-06-22 13:15:00-04:00,2026-06-22 13:30:00-04:00,64469.55,64607.95,no
KXBTC15M-26JUN221315,"Target Price: $64,673.17",2026-06-22 13:00:00-04:00,2026-06-22 13:15:00-04:00,64607.95,64673.17,no
KXBTC15M-26JUN221300,"Target Price: $64,499.76",2026-06-22 12:45:00-04:00,2026-06-22 13:00:00-04:00,64673.17,64499.76,yes
KXBTC15M-26JUN221245,"Target Price: $64,615.76",2026-06-22 12:30:00-04:00,2026-06-22 12:45:00-04:00,64499.76,64615.76,no
KXBTC15M-26JUN221230,"Target Price: $64,651.72",2026-06-22 12:15:00-04:00,2026-06-22 12:30:00-04:00,64615.76,64651.72,no
KXBTC15M-26JUN221215,"Target Price: $64,755.67",2026-06-22 12:00:00-04:00,2026-06-22 12:15:00-04:00,64651.72,64755.67,no
KXBTC15M-26JUN221200,"Target Price: $65,005.45",2026-06-22 11:45:00-04:00,2026-06-22 12:00:00-04:00,64755.67,65005.45,no
KXBTC15M-26JUN221145,"Target Price: $64,956.49",2026-06-22 11:30:00-04:00,2026-06-22 11:45:00-04:00,65005.45,64956.49,yes
KXBTC15M-26JUN221130,"Target Price: $65,023.54",2026-06-22 11:15:00-04:00,2026-06-22 11:30:00-04:00,64956.49,65023.54,no
KXBTC15M-26JUN221115,"Target Price: $64,903.59",2026-06-22 11:00:00-04:00,2026-06-22 11:15:00-04:00,65023.54,64903.59,yes
KXBTC15M-26JUN221100,"Target Price: $64,851.49",2026-06-22 10:45:00-04:00,2026-06-22 11:00:00-04:00,64903.59,64851.49,yes
KXBTC15M-26JUN221045,"Target Price: $64,920.56",2026-06-22 10:30:00-04:00,2026-06-22 10:45:00-04:00,64851.49,64920.56,no
KXBTC15M-26JUN221030,"Target Price: $65,229.54",2026-06-22 10:15:00-04:00,2026-06-22 10:30:00-04:00,64920.56,65229.54,no
KXBTC15M-26JUN221015,"Target Price: $65,493.93",2026-06-22 10:00:00-04:00,2026-06-22 10:15:00-04:00,65229.54,65493.93,no
KXBTC15M-26JUN221000,"Target Price: $65,356.33",2026-06-22 09:45:00-04:00,2026-06-22 10:00:00-04:00,65493.93,65356.33,yes
KXBTC15M-26JUN220945,"Target Price: $64,914.66",2026-06-22 09:30:00-04:00,2026-06-22 09:45:00-04:00,65356.33,64914.66,yes
KXBTC15M-26JUN220930,"Target Price: $65,079.90",2026-06-22 09:15:00-04:00,2026-06-22 09:30:00-04:00,64914.66,65079.9,no
KXBTC15M-26JUN220915,"Target Price: $65,099.34",2026-06-22 09:00:00-04:00,2026-06-22 09:15:00-04:00,65079.90,65099.34,no
KXBTC15M-26JUN220900,"Target Price: $64,997.13",2026-06-22 08:45:00-04:00,2026-06-22 09:00:00-04:00,65099.34,64997.13,yes
KXBTC15M-26JUN220845,"Target Price: $64,877.55",2026-06-22 08:30:00-04:00,2026-06-22 08:45:00-04:00,64997.13,64877.55,yes
KXBTC15M-26JUN220830,"Target Price: $64,715.36",2026-06-22 08:15:00-04:00,2026-06-22 08:30:00-04:00,64877.55,64715.36,yes
KXBTC15M-26JUN220815,"Target Price: $64,596.85",2026-06-22 08:00:00-04:00,2026-06-22 08:15:00-04:00,64715.36,64596.85,yes
KXBTC15M-26JUN220800,"Target Price: $64,540.29",2026-06-22 07:45:00-04:00,2026-06-22 08:00:00-04:00,64596.85,64540.29,yes
KXBTC15M-26JUN220745,"Target Price: $64,331.73",2026-06-22 07:30:00-04:00,2026-06-22 07:45:00-04:00,64540.29,64331.73,yes
KXBTC15M-26JUN220730,"Target Price: $64,261.95",2026-06-22 07:15:00-04:00,2026-06-22 07:30:00-04:00,64331.73,64261.95,yes
KXBTC15M-26JUN220715,"Target Price: $64,073.27",2026-06-22 07:00:00-04:00,2026-06-22 07:15:00-04:00,64261.95,64073.27,yes
KXBTC15M-26JUN220700,"Target Price: $64,020.13",2026-06-22 06:45:00-04:00,2026-06-22 07:00:00-04:00,64073.27,64020.13,yes
KXBTC15M-26JUN220645,"Target Price: $64,114.71",2026-06-22 06:30:00-04:00,2026-06-22 06:45:00-04:00,64020.13,64114.71,no
KXBTC15M-26JUN220630,"Target Price: $64,159.98",2026-06-22 06:15:00-04:00,2026-06-22 06:30:00-04:00,64114.71,64159.98,no
KXBTC15M-26JUN220615,"Target Price: $64,069.39",2026-06-22 06:00:00-04:00,2026-06-22 06:15:00-04:00,64159.98,64069.39,yes
KXBTC15M-26JUN220600,"Target Price: $64,051.27",2026-06-22 05:45:00-04:00,2026-06-22 06:00:00-04:00,64069.39,64051.27,yes
KXBTC15M-26JUN220545,"Target Price: $64,049.26",2026-06-22 05:30:00-04:00,2026-06-22 05:45:00-04:00,64051.27,64049.26,yes
KXBTC15M-26JUN220530,"Target Price: $64,120.59",2026-06-22 05:15:00-04:00,2026-06-22 05:30:00-04:00,64049.26,64120.59,no
KXBTC15M-26JUN220515,"Target Price: $64,092.22",2026-06-22 05:00:00-04:00,2026-06-22 05:15:00-04:00,64120.59,64092.22,yes
KXBTC15M-26JUN220500,"Target Price: $64,171.29",2026-06-22 04:45:00-04:00,2026-06-22 05:00:00-04:00,64092.22,64171.29,no
KXBTC15M-26JUN220445,"Target Price: $64,130.36",2026-06-22 04:30:00-04:00,2026-06-22 04:45:00-04:00,64171.29,64130.36,yes
KXBTC15M-26JUN220430,"Target Price: $64,192.75",2026-06-22 04:15:00-04:00,2026-06-22 04:30:00-04:00,64130.36,64192.75,no
KXBTC15M-26JUN220415,"Target Price: $64,140.06",2026-06-22 04:00:00-04:00,2026-06-22 04:15:00-04:00,64192.75,64140.06,yes
KXBTC15M-26JUN220400,"Target Price: $64,185.49",2026-06-22 03:45:00-04:00,2026-06-22 04:00:00-04:00,64140.06,64185.49,no
KXBTC15M-26JUN220345,"Target Price: $64,187.44",2026-06-22 03:30:00-04:00,2026-06-22 03:45:00-04:00,64185.49,64187.44,no
KXBTC15M-26JUN220330,"Target Price: $64,145.25",2026-06-22 03:15:00-04:00,2026-06-22 03:30:00-04:00,64187.44,64145.25,yes
KXBTC15M-26JUN220315,"Target Price: $63,953.98",2026-06-22 03:00:00-04:00,2026-06-22 03:15:00-04:00,64145.25,63953.98,yes
KXBTC15M-26JUN220300,"Target Price: $63,955.86",2026-06-22 02:45:00-04:00,2026-06-22 03:00:00-04:00,63953.98,63955.86,no
KXBTC15M-26JUN220245,"Target Price: $64,044.98",2026-06-22 02:30:00-04:00,2026-06-22 02:45:00-04:00,63955.86,64044.98,no
KXBTC15M-26JUN220230,"Target Price: $64,160.41",2026-06-22 02:15:00-04:00,2026-06-22 02:30:00-04:00,64044.98,64160.41,no
KXBTC15M-26JUN220215,"Target Price: $64,163.31",2026-06-22 02:00:00-04:00,2026-06-22 02:15:00-04:00,64160.41,64163.31,no
KXBTC15M-26JUN220200,"Target Price: $64,195.21",2026-06-22 01:45:00-04:00,2026-06-22 02:00:00-04:00,64163.31,64195.21,no
KXBTC15M-26JUN220145,"Target Price: $64,181.87",2026-06-22 01:30:00-04:00,2026-06-22 01:45:00-04:00,64195.21,64181.87,yes
KXBTC15M-26JUN220130,"Target Price: $64,217.50",2026-06-22 01:15:00-04:00,2026-06-22 01:30:00-04:00,64181.87,64217.5,no
KXBTC15M-26JUN220115,"Target Price: $64,027.47",2026-06-22 01:00:00-04:00,2026-06-22 01:15:00-04:00,64217.50,64027.47,yes
KXBTC15M-26JUN220100,"Target Price: $63,900.29",2026-06-22 00:45:00-04:00,2026-06-22 01:00:00-04:00,64027.47,63900.29,yes
KXBTC15M-26JUN220045,"Target Price: $63,895.70",2026-06-22 00:30:00-04:00,2026-06-22 00:45:00-04:00,63900.29,63895.7,yes
KXBTC15M-26JUN220030,"Target Price: $63,918.89",2026-06-22 00:15:00-04:00,2026-06-22 00:30:00-04:00,63895.70,63918.89,no
KXBTC15M-26JUN220015,"Target Price: $63,904.26",2026-06-22 00:00:00-04:00,2026-06-22 00:15:00-04:00,63918.89,63904.26,yes
KXBTC15M-26JUN220000,"Target Price: $64,101.04",2026-06-21 23:45:00-04:00,2026-06-22 00:00:00-04:00,63904.26,64101.04,no
KXBTC15M-26JUN212345,"Target Price: $64,207.04",2026-06-21 23:30:00-04:00,2026-06-21 23:45:00-04:00,64101.04,64207.04,no
KXBTC15M-26JUN212330,"Target Price: $64,019.63",2026-06-21 23:15:00-04:00,2026-06-21 23:30:00-04:00,64207.04,64019.63,yes
KXBTC15M-26JUN212315,"Target Price: $64,197.63",2026-06-21 23:00:00-04:00,2026-06-21 23:15:00-04:00,64019.63,64197.63,no
KXBTC15M-26JUN212300,"Target Price: $64,429.10",2026-06-21 22:45:00-04:00,2026-06-21 23:00:00-04:00,64197.63,64429.1,no
KXBTC15M-26JUN212245,"Target Price: $64,486.92",2026-06-21 22:30:00-04:00,2026-06-21 22:45:00-04:00,64429.10,64486.92,no
KXBTC15M-26JUN212230,"Target Price: $64,485.62",2026-06-21 22:15:00-04:00,2026-06-21 22:30:00-04:00,64486.92,64485.62,yes
KXBTC15M-26JUN212215,"Target Price: $64,518.64",2026-06-21 22:00:00-04:00,2026-06-21 22:15:00-04:00,64485.62,64518.64,no
KXBTC15M-26JUN212200,"Target Price: $64,434.74",2026-06-21 21:45:00-04:00,2026-06-21 22:00:00-04:00,64518.64,64434.74,yes
KXBTC15M-26JUN212145,"Target Price: $64,541.80",2026-06-21 21:30:00-04:00,2026-06-21 21:45:00-04:00,64434.74,64541.8,no
KXBTC15M-26JUN212130,"Target Price: $63,801.06",2026-06-21 21:15:00-04:00,2026-06-21 21:30:00-04:00,64541.80,63801.06,yes
KXBTC15M-26JUN212115,"Target Price: $63,813.92",2026-06-21 21:00:00-04:00,2026-06-21 21:15:00-04:00,63801.06,63813.92,no
KXBTC15M-26JUN212100,"Target Price: $63,848.73",2026-06-21 20:45:00-04:00,2026-06-21 21:00:00-04:00,63813.92,63848.73,no
KXBTC15M-26JUN212045,"Target Price: $63,627.75",2026-06-21 20:30:00-04:00,2026-06-21 20:45:00-04:00,63848.73,63627.75,yes
KXBTC15M-26JUN212030,"Target Price: $63,430.40",2026-06-21 20:15:00-04:00,2026-06-21 20:30:00-04:00,63627.75,63430.4,yes
KXBTC15M-26JUN212015,"Target Price: $63,243.75",2026-06-21 20:00:00-04:00,2026-06-21 20:15:00-04:00,63430.40,63243.75,yes
KXBTC15M-26JUN212000,"Target Price: $63,252.85",2026-06-21 19:45:00-04:00,2026-06-21 20:00:00-04:00,63243.75,63252.85,no
KXBTC15M-26JUN211945,"Target Price: $63,581.26",2026-06-21 19:30:00-04:00,2026-06-21 19:45:00-04:00,63252.85,63581.26,no
KXBTC15M-26JUN211930,"Target Price: $63,635.10",2026-06-21 19:15:00-04:00,2026-06-21 19:30:00-04:00,63581.26,63635.1,no
KXBTC15M-26JUN211915,"Target Price: $63,731.34",2026-06-21 19:00:00-04:00,2026-06-21 19:15:00-04:00,63635.10,63731.34,no
KXBTC15M-26JUN211900,"Target Price: $63,598.04",2026-06-21 18:45:00-04:00,2026-06-21 19:00:00-04:00,63731.34,63598.04,yes
KXBTC15M-26JUN211845,"Target Price: $63,655.96",2026-06-21 18:30:00-04:00,2026-06-21 18:45:00-04:00,63598.04,63655.96,no
KXBTC15M-26JUN211830,"Target Price: $63,543.11",2026-06-21 18:15:00-04:00,2026-06-21 18:30:00-04:00,63655.96,63543.11,yes
KXBTC15M-26JUN211815,"Target Price: $63,739.44",2026-06-21 18:00:00-04:00,2026-06-21 18:15:00-04:00,63543.11,63739.44,no
KXBTC15M-26JUN211800,"Target Price: $63,817.93",2026-06-21 17:45:00-04:00,2026-06-21 18:00:00-04:00,63739.44,63817.93,no
KXBTC15M-26JUN211745,"Target Price: $63,642.44",2026-06-21 17:30:00-04:00,2026-06-21 17:45:00-04:00,63817.93,63642.44,yes
KXBTC15M-26JUN211730,"Target Price: $63,536.54",2026-06-21 17:15:00-04:00,2026-06-21 17:30:00-04:00,63642.44,63536.54,yes
KXBTC15M-26JUN211715,"Target Price: $63,761.31",2026-06-21 17:00:00-04:00,2026-06-21 17:15:00-04:00,63536.54,63761.31,no
KXBTC15M-26JUN211700,"Target Price: $63,903.64",2026-06-21 16:45:00-04:00,2026-06-21 17:00:00-04:00,63761.31,63903.64,no
KXBTC15M-26JUN211645,"Target Price: $64,032.96",2026-06-21 16:30:00-04:00,2026-06-21 16:45:00-04:00,63903.64,64032.96,no
KXBTC15M-26JUN211630,"Target Price: $64,078.83",2026-06-21 16:15:00-04:00,2026-06-21 16:30:00-04:00,64032.96,64078.83,no
KXBTC15M-26JUN211615,"Target Price: $64,140.72",2026-06-21 16:00:00-04:00,2026-06-21 16:15:00-04:00,64078.83,64140.72,no
KXBTC15M-26JUN211600,"Target Price: $64,149.20",2026-06-21 15:45:00-04:00,2026-06-21 16:00:00-04:00,64140.72,64149.2,no
KXBTC15M-26JUN211545,"Target Price: $64,149.77",2026-06-21 15:30:00-04:00,2026-06-21 15:45:00-04:00,64149.20,64149.77,no
KXBTC15M-26JUN211530,"Target Price: $64,152.05",2026-06-21 15:15:00-04:00,2026-06-21 15:30:00-04:00,64149.77,64152.05,no
KXBTC15M-26JUN211515,"Target Price: $64,103.06",2026-06-21 15:00:00-04:00,2026-06-21 15:15:00-04:00,64152.05,64103.06,yes
KXBTC15M-26JUN211500,"Target Price: $64,103.99",2026-06-21 14:45:00-04:00,2026-06-21 15:00:00-04:00,64103.06,64103.99,no
KXBTC15M-26JUN211445,"Target Price: $63,965.21",2026-06-21 14:30:00-04:00,2026-06-21 14:45:00-04:00,64103.99,63965.21,yes
KXBTC15M-26JUN211430,"Target Price: $63,929.61",2026-06-21 14:15:00-04:00,2026-06-21 14:30:00-04:00,63965.21,63929.61,yes
KXBTC15M-26JUN211415,"Target Price: $64,090.22",2026-06-21 14:00:00-04:00,2026-06-21 14:15:00-04:00,63929.61,64090.22,no
KXBTC15M-26JUN211400,"Target Price: $64,047.19",2026-06-21 13:45:00-04:00,2026-06-21 14:00:00-04:00,64090.22,64047.19,yes
KXBTC15M-26JUN211345,"Target Price: $64,034.40",2026-06-21 13:30:00-04:00,2026-06-21 13:45:00-04:00,64047.19,64034.4,yes
KXBTC15M-26JUN211330,"Target Price: $64,128.88",2026-06-21 13:15:00-04:00,2026-06-21 13:30:00-04:00,64034.40,64128.88,no
KXBTC15M-26JUN211315,"Target Price: $64,067.39",2026-06-21 13:00:00-04:00,2026-06-21 13:15:00-04:00,64128.88,64067.39,yes
KXBTC15M-26JUN211300,"Target Price: $64,030.29",2026-06-21 12:45:00-04:00,2026-06-21 13:00:00-04:00,64067.39,64030.29,yes
KXBTC15M-26JUN211245,"Target Price: $64,106.10",2026-06-21 12:30:00-04:00,2026-06-21 12:45:00-04:00,64030.29,64106.1,no
KXBTC15M-26JUN211230,"Target Price: $64,053.16",2026-06-21 12:15:00-04:00,2026-06-21 12:30:00-04:00,64106.10,64053.16,yes
KXBTC15M-26JUN211215,"Target Price: $64,160.99",2026-06-21 12:00:00-04:00,2026-06-21 12:15:00-04:00,64053.16,64160.99,no
KXBTC15M-26JUN211200,"Target Price: $64,231.45",2026-06-21 11:45:00-04:00,2026-06-21 12:00:00-04:00,64160.99,64231.45,no
KXBTC15M-26JUN211145,"Target Price: $64,187.96",2026-06-21 11:30:00-04:00,2026-06-21 11:45:00-04:00,64231.45,64187.96,yes
KXBTC15M-26JUN211130,"Target Price: $64,130.87",2026-06-21 11:15:00-04:00,2026-06-21 11:30:00-04:00,64187.96,64130.87,yes
KXBTC15M-26JUN211115,"Target Price: $64,056.43",2026-06-21 11:00:00-04:00,2026-06-21 11:15:00-04:00,64130.87,64056.43,yes
KXBTC15M-26JUN211100,"Target Price: $63,981.47",2026-06-21 10:45:00-04:00,2026-06-21 11:00:00-04:00,64056.43,63981.47,yes
KXBTC15M-26JUN211045,"Target Price: $63,960.57",2026-06-21 10:30:00-04:00,2026-06-21 10:45:00-04:00,63981.47,63960.57,yes
KXBTC15M-26JUN211030,"Target Price: $63,999.72",2026-06-21 10:15:00-04:00,2026-06-21 10:30:00-04:00,63960.57,63999.72,no
KXBTC15M-26JUN211015,"Target Price: $64,061.82",2026-06-21 10:00:00-04:00,2026-06-21 10:15:00-04:00,63999.72,64061.82,no
KXBTC15M-26JUN211000,"Target Price: $63,973.00",2026-06-21 09:45:00-04:00,2026-06-21 10:00:00-04:00,64061.82,63973.0,yes
KXBTC15M-26JUN210945,"Target Price: $64,084.41",2026-06-21 09:30:00-04:00,2026-06-21 09:45:00-04:00,63973.00,64084.41,no
KXBTC15M-26JUN210930,"Target Price: $64,059.13",2026-06-21 09:15:00-04:00,2026-06-21 09:30:00-04:00,64084.41,64059.13,yes
KXBTC15M-26JUN210915,"Target Price: $64,120.85",2026-06-21 09:00:00-04:00,2026-06-21 09:15:00-04:00,64059.13,64120.85,no
KXBTC15M-26JUN210900,"Target Price: $63,988.44",2026-06-21 08:45:00-04:00,2026-06-21 09:00:00-04:00,64120.85,63988.44,yes
KXBTC15M-26JUN210845,"Target Price: $63,952.88",2026-06-21 08:30:00-04:00,2026-06-21 08:45:00-04:00,63988.44,63952.88,yes
KXBTC15M-26JUN210830,"Target Price: $64,014.87",2026-06-21 08:15:00-04:00,2026-06-21 08:30:00-04:00,63952.88,64014.87,no
KXBTC15M-26JUN210815,"Target Price: $64,080.40",2026-06-21 08:00:00-04:00,2026-06-21 08:15:00-04:00,64014.87,64080.4,no
KXBTC15M-26JUN210800,"Target Price: $64,200.56",2026-06-21 07:45:00-04:00,2026-06-21 08:00:00-04:00,64080.40,64200.56,no
KXBTC15M-26JUN210745,"Target Price: $64,290.89",2026-06-21 07:30:00-04:00,2026-06-21 07:45:00-04:00,64200.56,64290.89,no
KXBTC15M-26JUN210730,"Target Price: $64,347.92",2026-06-21 07:15:00-04:00,2026-06-21 07:30:00-04:00,64290.89,64347.92,no
KXBTC15M-26JUN210715,"Target Price: $64,281.08",2026-06-21 07:00:00-04:00,2026-06-21 07:15:00-04:00,64347.92,64281.08,yes
KXBTC15M-26JUN210700,"Target Price: $64,277.58",2026-06-21 06:45:00-04:00,2026-06-21 07:00:00-04:00,64281.08,64277.58,yes
KXBTC15M-26JUN210645,"Target Price: $64,237.75",2026-06-21 06:30:00-04:00,2026-06-21 06:45:00-04:00,64277.58,64237.75,yes
KXBTC15M-26JUN210630,"Target Price: $64,200.84",2026-06-21 06:15:00-04:00,2026-06-21 06:30:00-04:00,64237.75,64200.84,yes
