event_ticker,yes_sub_title,open_time,close_time,expiration_value,floor_strike,result
KXETH15M-26AUG120000,Target price: TBD,2026-08-11 23:45:00-04:00,2026-08-12 00:00:00-04:00,,,
KXETH15M-26AUG112345,Target price: TBD,2026-08-11 23:30:00-04:00,2026-08-11 23:45:00-04:00,,,
KXETH15M-26AUG112330,Target price: TBD,2026-08-11 23:15:00-04:00,2026-08-11 23:30:00-04:00,,,
KXETH15M-26AUG112315,Target price: TBD,2026-08-11 23:00:00-04:00,2026-08-11 23:15:00-04:00,,,
KXETH15M-26AUG112300,Target price: TBD,2026-08-11 22:45:00-04:00,2026-08-11 23:00:00-04:00,,,
KXETH15M-26AUG112245,Target price: TBD,2026-08-11 22:30:00-04:00,2026-08-11 22:45:00-04:00,,,
KXETH15M-26AUG112230,Target price: TBD,2026-08-11 22:15:00-04:00,2026-08-11 22:30:00-04:00,,,
KXETH15M-26AUG112215,Target price: TBD,2026-08-11 22:00:00-04:00,2026-08-11 22:15:00-04:00,,,
KXETH15M-26AUG112200,Target price: TBD,2026-08-11 21:45:00-04:00,2026-08-11 22:00:00-04:00,,,
KXETH15M-26AUG112145,Target price: TBD,2026-08-11 21:30:00-04:00,2026-08-11 21:45:00-04:00,,,
KXETH15M-26AUG112130,Target price: TBD,2026-08-11 21:15:00-04:00,2026-08-11 21:30:00-04:00,,,
KXETH15M-26AUG112115,Target price: TBD,2026-08-11 21:00:00-04:00,2026-08-11 21:15:00-04:00,,,
KXETH15M-26AUG112100,Target price: TBD,2026-08-11 20:45:00-04:00,2026-08-11 21:00:00-04:00,,,
KXETH15M-26AUG112045,Target price: TBD,2026-08-11 20:30:00-04:00,2026-08-11 20:45:00-04:00,,,
KXETH15M-26AUG112030,Target price: TBD,2026-08-11 20:15:00-04:00,2026-08-11 20:30:00-04:00,,,
KXETH15M-26AUG112015,Target price: TBD,2026-08-11 20:00:00-04:00,2026-08-11 20:15:00-04:00,,,
KXETH15M-26AUG112000,Target price: TBD,2026-08-11 19:45:00-04:00,2026-08-11 20:00:00-04:00,,,
KXETH15M-26AUG111945,Target price: TBD,2026-08-11 19:30:00-04:00,2026-08-11 19:45:00-04:00,,,
KXETH15M-26AUG111930,Target price: TBD,2026-08-11 19:15:00-04:00,2026-08-11 19:30:00-04:00,,,
KXETH15M-26AUG111915,Target price: TBD,2026-08-11 19:00:00-04:00,2026-08-11 19:15:00-04:00,,,
KXETH15M-26AUG111900,Target price: TBD,2026-08-11 18:45:00-04:00,2026-08-11 19:00:00-04:00,,,
KXETH15M-26AUG111845,Target price: TBD,2026-08-11 18:30:00-04:00,2026-08-11 18:45:00-04:00,,,
KXETH15M-26AUG111830,Target price: TBD,2026-08-11 18:15:00-04:00,2026-08-11 18:30:00-04:00,,,
KXETH15M-26AUG111815,Target price: TBD,2026-08-11 18:00:00-04:00,2026-08-11 18:15:00-04:00,,,
KXETH15M-26AUG111800,Target price: TBD,2026-08-11 17:45:00-04:00,2026-08-11 18:00:00-04:00,,,
KXETH15M-26AUG111745,Target price: TBD,2026-08-11 17:30:00-04:00,2026-08-11 17:45:00-04:00,,,
KXETH15M-26AUG111730,Target price: TBD,2026-08-11 17:15:00-04:00,2026-08-11 17:30:00-04:00,,,
KXETH15M-26AUG111715,Target price: TBD,2026-08-11 17:00:00-04:00,2026-08-11 17:15:00-04:00,,,
KXETH15M-26AUG111700,Target price: TBD,2026-08-11 16:45:00-04:00,2026-08-11 17:00:00-04:00,,,
KXETH15M-26AUG111645,Target price: TBD,2026-08-11 16:30:00-04:00,2026-08-11 16:45:00-04:00,,,
KXETH15M-26AUG111630,Target price: TBD,2026-08-11 16:15:00-04:00,2026-08-11 16:30:00-04:00,,,
KXETH15M-26AUG111615,Target price: TBD,2026-08-11 16:00:00-04:00,2026-08-11 16:15:00-04:00,,,
KXETH15M-26AUG111600,Target price: TBD,2026-08-11 15:45:00-04:00,2026-08-11 16:00:00-04:00,,,
KXETH15M-26AUG111545,Target price: TBD,2026-08-11 15:30:00-04:00,2026-08-11 15:45:00-04:00,,,
KXETH15M-26AUG111530,"Target Price: $1,862.23",2026-08-11 15:15:00-04:00,2026-08-11 15:30:00-04:00,,1862.23,
KXETH15M-26AUG111515,"Target Price: $1,864.23",2026-08-11 15:00:00-04:00,2026-08-11 15:15:00-04:00,1862.23,1864.23,no
KXETH15M-26AUG111500,"Target Price: $1,862.28",2026-08-11 14:45:00-04:00,2026-08-11 15:00:00-04:00,1864.23,1862.28,yes
KXETH15M-26AUG111445,"Target Price: $1,861.21",2026-08-11 14:30:00-04:00,2026-08-11 14:45:00-04:00,1862.28,1861.21,yes
KXETH15M-26AUG111430,"Target Price: $1,863.02",2026-08-11 14:15:00-04:00,2026-08-11 14:30:00-04:00,1861.21,1863.02,no
KXETH15M-26AUG111415,"Target Price: $1,863.65",2026-08-11 14:00:00-04:00,2026-08-11 14:15:00-04:00,1863.02,1863.65,no
KXETH15M-26AUG111400,"Target Price: $1,863.49",2026-08-11 13:45:00-04:00,2026-08-11 14:00:00-04:00,1863.65,1863.49,yes
KXETH15M-26AUG111345,"Target Price: $1,863.89",2026-08-11 13:30:00-04:00,2026-08-11 13:45:00-04:00,1863.49,1863.89,no
KXETH15M-26AUG111330,"Target Price: $1,863.05",2026-08-11 13:15:00-04:00,2026-08-11 13:30:00-04:00,1863.89,1863.05,yes
KXETH15M-26AUG111315,"Target Price: $1,863.41",2026-08-11 13:00:00-04:00,2026-08-11 13:15:00-04:00,1863.05,1863.41,no
KXETH15M-26AUG111300,"Target Price: $1,862.57",2026-08-11 12:45:00-04:00,2026-08-11 13:00:00-04:00,1863.41,1862.57,yes
KXETH15M-26AUG111245,"Target Price: $1,862.80",2026-08-11 12:30:00-04:00,2026-08-11 12:45:00-04:00,1862.57,1862.8,no
KXETH15M-26AUG111230,"Target Price: $1,862.83",2026-08-11 12:15:00-04:00,2026-08-11 12:30:00-04:00,1862.80,1862.83,no
KXETH15M-26AUG111215,"Target Price: $1,862.14",2026-08-11 12:00:00-04:00,2026-08-11 12:15:00-04:00,1862.83,1862.14,yes
KXETH15M-26AUG111200,"Target Price: $1,858.30",2026-08-11 11:45:00-04:00,2026-08-11 12:00:00-04:00,1862.14,1858.3,yes
KXETH15M-26AUG111145,"Target Price: $1,876.08",2026-08-11 11:30:00-04:00,2026-08-11 11:45:00-04:00,1858.30,1876.08,no
KXETH15M-26AUG111130,"Target Price: $1,872.28",2026-08-11 11:15:00-04:00,2026-08-11 11:30:00-04:00,1876.08,1872.28,yes
KXETH15M-26AUG111115,"Target Price: $1,871.98",2026-08-11 11:00:00-04:00,2026-08-11 11:15:00-04:00,1872.28,1871.98,yes
KXETH15M-26AUG111100,"Target Price: $1,875.71",2026-08-11 10:45:00-04:00,2026-08-11 11:00:00-04:00,1871.98,1875.71,no
KXETH15M-26AUG111045,"Target Price: $1,879.51",2026-08-11 10:30:00-04:00,2026-08-11 10:45:00-04:00,1875.71,1879.51,no
KXETH15M-26AUG111030,"Target Price: $1,887.84",2026-08-11 10:15:00-04:00,2026-08-11 10:30:00-04:00,1879.51,1887.84,no
KXETH15M-26AUG111015,"Target Price: $1,888.47",2026-08-11 10:00:00-04:00,2026-08-11 10:15:00-04:00,1887.84,1888.47,no
KXETH15M-26AUG111000,"Target Price: $1,889.18",2026-08-11 09:45:00-04:00,2026-08-11 10:00:00-04:00,1888.47,1889.18,no
KXETH15M-26AUG110945,"Target Price: $1,885.51",2026-08-11 09:30:00-04:00,2026-08-11 09:45:00-04:00,1889.18,1885.51,yes
KXETH15M-26AUG110930,"Target Price: $1,888.41",2026-08-11 09:15:00-04:00,2026-08-11 09:30:00-04:00,1885.51,1888.41,no
KXETH15M-26AUG110915,"Target Price: $1,886.68",2026-08-11 09:00:00-04:00,2026-08-11 09:15:00-04:00,1888.41,1886.68,yes
KXETH15M-26AUG110900,"Target Price: $1,887.65",2026-08-11 08:45:00-04:00,2026-08-11 09:00:00-04:00,1886.68,1887.65,no
KXETH15M-26AUG110845,"Target Price: $1,888.54",2026-08-11 08:30:00-04:00,2026-08-11 08:45:00-04:00,1887.65,1888.54,no
KXETH15M-26AUG110830,"Target Price: $1,893.93",2026-08-11 08:15:00-04:00,2026-08-11 08:30:00-04:00,1888.54,1893.93,no
KXETH15M-26AUG110815,"Target Price: $1,891.95",2026-08-11 08:00:00-04:00,2026-08-11 08:15:00-04:00,1893.93,1891.95,yes
KXETH15M-26AUG110800,"Target Price: $1,890.61",2026-08-11 07:45:00-04:00,2026-08-11 08:00:00-04:00,1891.95,1890.61,yes
KXETH15M-26AUG110745,"Target Price: $1,890.45",2026-08-11 07:30:00-04:00,2026-08-11 07:45:00-04:00,1890.61,1890.45,yes
KXETH15M-26AUG110730,"Target Price: $1,892.46",2026-08-11 07:15:00-04:00,2026-08-11 07:30:00-04:00,1890.45,1892.46,no
KXETH15M-26AUG110715,"Target Price: $1,884.83",2026-08-11 07:00:00-04:00,2026-08-11 07:15:00-04:00,1892.46,1884.83,yes
KXETH15M-26AUG110700,"Target Price: $1,884.87",2026-08-11 06:45:00-04:00,2026-08-11 07:00:00-04:00,1884.83,1884.87,no
KXETH15M-26AUG110645,"Target Price: $1,886.32",2026-08-11 06:30:00-04:00,2026-08-11 06:45:00-04:00,1884.87,1886.32,no
KXETH15M-26AUG110630,"Target Price: $1,884.02",2026-08-11 06:15:00-04:00,2026-08-11 06:30:00-04:00,1886.32,1884.02,yes
KXETH15M-26AUG110615,"Target Price: $1,883.35",2026-08-11 06:00:00-04:00,2026-08-11 06:15:00-04:00,1884.02,1883.35,yes
KXETH15M-26AUG110600,"Target Price: $1,878.69",2026-08-11 05:45:00-04:00,2026-08-11 06:00:00-04:00,1883.35,1878.69,yes
KXETH15M-26AUG110545,"Target Price: $1,878.08",2026-08-11 05:30:00-04:00,2026-08-11 05:45:00-04:00,1878.69,1878.08,yes
KXETH15M-26AUG110530,"Target Price: $1,876.03",2026-08-11 05:15:00-04:00,2026-08-11 05:30:00-04:00,1878.08,1876.03,yes
KXETH15M-26AUG110515,"Target Price: $1,877.73",2026-08-11 05:00:00-04:00,2026-08-11 05:15:00-04:00,1876.03,1877.73,no
KXETH15M-26AUG110500,"Target Price: $1,876.92",2026-08-11 04:45:00-04:00,2026-08-11 05:00:00-04:00,1877.73,1876.92,yes
KXETH15M-26AUG110445,"Target Price: $1,875.39",2026-08-11 04:30:00-04:00,2026-08-11 04:45:00-04:00,1876.92,1875.39,yes
KXETH15M-26AUG110430,"Target Price: $1,874.52",2026-08-11 04:15:00-04:00,2026-08-11 04:30:00-04:00,1875.39,1874.52,yes
KXETH15M-26AUG110415,"Target Price: $1,876.16",2026-08-11 04:00:00-04:00,2026-08-11 04:15:00-04:00,1874.52,1876.16,no
KXETH15M-26AUG110400,"Target Price: $1,876.11",2026-08-11 03:45:00-04:00,2026-08-11 04:00:00-04:00,1876.16,1876.11,yes
KXETH15M-26AUG110345,"Target Price: $1,870.05",2026-08-11 03:30:00-04:00,2026-08-11 03:45:00-04:00,1876.11,1870.05,yes
KXETH15M-26AUG110330,"Target Price: $1,872.29",2026-08-11 03:15:00-04:00,2026-08-11 03:30:00-04:00,1870.05,1872.29,no
KXETH15M-26AUG110315,"Target Price: $1,872.64",2026-08-11 03:00:00-04:00,2026-08-11 03:15:00-04:00,1872.29,1872.64,no
KXETH15M-26AUG110300,"Target Price: $1,872.24",2026-08-11 02:45:00-04:00,2026-08-11 03:00:00-04:00,1872.64,1872.24,yes
KXETH15M-26AUG110245,"Target Price: $1,871.22",2026-08-11 02:30:00-04:00,2026-08-11 02:45:00-04:00,1872.24,1871.22,yes
KXETH15M-26AUG110230,"Target Price: $1,872.95",2026-08-11 02:15:00-04:00,2026-08-11 02:30:00-04:00,1871.22,1872.95,no
KXETH15M-26AUG110215,"Target Price: $1,873.05",2026-08-11 02:00:00-04:00,2026-08-11 02:15:00-04:00,1872.95,1873.05,no
KXETH15M-26AUG110200,"Target Price: $1,875.09",2026-08-11 01:45:00-04:00,2026-08-11 02:00:00-04:00,1873.05,1875.09,no
KXETH15M-26AUG110145,"Target Price: $1,872.43",2026-08-11 01:30:00-04:00,2026-08-11 01:45:00-04:00,1875.09,1872.43,yes
KXETH15M-26AUG110130,"Target Price: $1,875.27",2026-08-11 01:15:00-04:00,2026-08-11 01:30:00-04:00,1872.43,1875.27,no
KXETH15M-26AUG110115,"Target Price: $1,875.11",2026-08-11 01:00:00-04:00,2026-08-11 01:15:00-04:00,1875.27,1875.11,yes
KXETH15M-26AUG110100,"Target Price: $1,876.31",2026-08-11 00:45:00-04:00,2026-08-11 01:00:00-04:00,1875.11,1876.31,no
KXETH15M-26AUG110045,"Target Price: $1,878.44",2026-08-11 00:30:00-04:00,2026-08-11 00:45:00-04:00,1876.31,1878.44,no
KXETH15M-26AUG110030,"Target Price: $1,878.45",2026-08-11 00:15:00-04:00,2026-08-11 00:30:00-04:00,1878.44,1878.45,no
KXETH15M-26AUG110015,"Target Price: $1,879.40",2026-08-11 00:00:00-04:00,2026-08-11 00:15:00-04:00,1878.45,1879.4,no
KXETH15M-26AUG110000,"Target Price: $1,879.05",2026-08-10 23:45:00-04:00,2026-08-11 00:00:00-04:00,1879.40,1879.05,yes
KXETH15M-26AUG102345,"Target Price: $1,879.01",2026-08-10 23:30:00-04:00,2026-08-10 23:45:00-04:00,1879.05,1879.01,yes
KXETH15M-26AUG102330,"Target Price: $1,878.66",2026-08-10 23:15:00-04:00,2026-08-10 23:30:00-04:00,1879.01,1878.66,yes
KXETH15M-26AUG102315,"Target Price: $1,877.01",2026-08-10 23:00:00-04:00,2026-08-10 23:15:00-04:00,1878.66,1877.01,yes
KXETH15M-26AUG102300,"Target Price: $1,877.03",2026-08-10 22:45:00-04:00,2026-08-10 23:00:00-04:00,1877.01,1877.03,no
KXETH15M-26AUG102245,"Target Price: $1,876.17",2026-08-10 22:30:00-04:00,2026-08-10 22:45:00-04:00,1877.03,1876.17,yes
KXETH15M-26AUG102230,"Target Price: $1,876.67",2026-08-10 22:15:00-04:00,2026-08-10 22:30:00-04:00,1876.17,1876.67,no
KXETH15M-26AUG102215,"Target Price: $1,876.72",2026-08-10 22:00:00-04:00,2026-08-10 22:15:00-04:00,1876.67,1876.72,no
KXETH15M-26AUG102200,"Target Price: $1,874.30",2026-08-10 21:45:00-04:00,2026-08-10 22:00:00-04:00,1876.72,1874.3,yes
KXETH15M-26AUG102145,"Target Price: $1,876.38",2026-08-10 21:30:00-04:00,2026-08-10 21:45:00-04:00,1874.30,1876.38,no
KXETH15M-26AUG102130,"Target Price: $1,875.82",2026-08-10 21:15:00-04:00,2026-08-10 21:30:00-04:00,1876.38,1875.82,yes
KXETH15M-26AUG102115,"Target Price: $1,873.90",2026-08-10 21:00:00-04:00,2026-08-10 21:15:00-04:00,1875.82,1873.9,yes
KXETH15M-26AUG102100,"Target Price: $1,872.18",2026-08-10 20:45:00-04:00,2026-08-10 21:00:00-04:00,1873.90,1872.18,yes
KXETH15M-26AUG102045,"Target Price: $1,873.85",2026-08-10 20:30:00-04:00,2026-08-10 20:45:00-04:00,1872.18,1873.85,no
KXETH15M-26AUG102030,"Target Price: $1,872.02",2026-08-10 20:15:00-04:00,2026-08-10 20:30:00-04:00,1873.85,1872.02,yes
KXETH15M-26AUG102015,"Target Price: $1,871.56",2026-08-10 20:00:00-04:00,2026-08-10 20:15:00-04:00,1872.02,1871.56,yes
KXETH15M-26AUG102000,"Target Price: $1,871.35",2026-08-10 19:45:00-04:00,2026-08-10 20:00:00-04:00,1871.56,1871.35,yes
KXETH15M-26AUG101945,"Target Price: $1,872.17",2026-08-10 19:30:00-04:00,2026-08-10 19:45:00-04:00,1871.35,1872.17,no
KXETH15M-26AUG101930,"Target Price: $1,873.01",2026-08-10 19:15:00-04:00,2026-08-10 19:30:00-04:00,1872.17,1873.01,no
KXETH15M-26AUG101915,"Target Price: $1,874.67",2026-08-10 19:00:00-04:00,2026-08-10 19:15:00-04:00,1873.01,1874.67,no
KXETH15M-26AUG101900,"Target Price: $1,872.86",2026-08-10 18:45:00-04:00,2026-08-10 19:00:00-04:00,1874.67,1872.86,yes
KXETH15M-26AUG101845,"Target Price: $1,875.36",2026-08-10 18:30:00-04:00,2026-08-10 18:45:00-04:00,1872.86,1875.36,no
KXETH15M-26AUG101830,"Target Price: $1,875.74",2026-08-10 18:15:00-04:00,2026-08-10 18:30:00-04:00,1875.36,1875.74,no
KXETH15M-26AUG101815,"Target Price: $1,873.12",2026-08-10 18:00:00-04:00,2026-08-10 18:15:00-04:00,1875.74,1873.12,yes
KXETH15M-26AUG101800,"Target Price: $1,874.43",2026-08-10 17:45:00-04:00,2026-08-10 18:00:00-04:00,1873.12,1874.43,no
KXETH15M-26AUG101745,"Target Price: $1,875.61",2026-08-10 17:30:00-04:00,2026-08-10 17:45:00-04:00,1874.43,1875.61,no
KXETH15M-26AUG101730,"Target Price: $1,874.76",2026-08-10 17:15:00-04:00,2026-08-10 17:30:00-04:00,1875.61,1874.76,yes
KXETH15M-26AUG101715,"Target Price: $1,878.40",2026-08-10 17:00:00-04:00,2026-08-10 17:15:00-04:00,1874.76,1878.4,no
KXETH15M-26AUG101700,"Target Price: $1,879.19",2026-08-10 16:45:00-04:00,2026-08-10 17:00:00-04:00,1878.40,1879.19,no
KXETH15M-26AUG101645,"Target Price: $1,877.66",2026-08-10 16:30:00-04:00,2026-08-10 16:45:00-04:00,1879.19,1877.66,yes
KXETH15M-26AUG101630,"Target Price: $1,876.92",2026-08-10 16:15:00-04:00,2026-08-10 16:30:00-04:00,1877.66,1876.92,yes
KXETH15M-26AUG101615,"Target Price: $1,876.27",2026-08-10 16:00:00-04:00,2026-08-10 16:15:00-04:00,1876.92,1876.27,yes
KXETH15M-26AUG101600,"Target Price: $1,877.21",2026-08-10 15:45:00-04:00,2026-08-10 16:00:00-04:00,1876.27,1877.21,no
KXETH15M-26AUG101545,Target price: TBD,2026-08-10 15:30:00-04:00,2026-08-10 15:45:00-04:00,1877.21,,yes
KXETH15M-26AUG101530,"Target Price: $1,873.54",2026-08-10 15:15:00-04:00,2026-08-10 15:30:00-04:00,1876.79,1873.54,yes
KXETH15M-26AUG101515,"Target Price: $1,871.12",2026-08-10 15:00:00-04:00,2026-08-10 15:15:00-04:00,1873.54,1871.12,yes
KXETH15M-26AUG101500,"Target Price: $1,870.88",2026-08-10 14:45:00-04:00,2026-08-10 15:00:00-04:00,1871.12,1870.88,yes
KXETH15M-26AUG101445,"Target Price: $1,870.57",2026-08-10 14:30:00-04:00,2026-08-10 14:45:00-04:00,1870.88,1870.57,yes
KXETH15M-26AUG101430,"Target Price: $1,870.97",2026-08-10 14:15:00-04:00,2026-08-10 14:30:00-04:00,1870.57,1870.97,no
KXETH15M-26AUG101415,"Target Price: $1,872.03",2026-08-10 14:00:00-04:00,2026-08-10 14:15:00-04:00,1870.97,1872.03,no
KXETH15M-26AUG101400,"Target Price: $1,874.34",2026-08-10 13:45:00-04:00,2026-08-10 14:00:00-04:00,1872.03,1874.34,no
KXETH15M-26AUG101345,"Target Price: $1,873.07",2026-08-10 13:30:00-04:00,2026-08-10 13:45:00-04:00,1874.34,1873.07,yes
KXETH15M-26AUG101330,"Target Price: $1,873.66",2026-08-10 13:15:00-04:00,2026-08-10 13:30:00-04:00,1873.07,1873.66,no
KXETH15M-26AUG101315,"Target Price: $1,870.34",2026-08-10 13:00:00-04:00,2026-08-10 13:15:00-04:00,1873.66,1870.34,yes
KXETH15M-26AUG101300,"Target Price: $1,871.84",2026-08-10 12:45:00-04:00,2026-08-10 13:00:00-04:00,1870.34,1871.84,no
KXETH15M-26AUG101245,"Target Price: $1,874.22",2026-08-10 12:30:00-04:00,2026-08-10 12:45:00-04:00,1871.84,1874.22,no
KXETH15M-26AUG101230,"Target Price: $1,874.50",2026-08-10 12:15:00-04:00,2026-08-10 12:30:00-04:00,1874.22,1874.5,no
KXETH15M-26AUG101215,"Target Price: $1,875.99",2026-08-10 12:00:00-04:00,2026-08-10 12:15:00-04:00,1874.50,1875.99,no
KXETH15M-26AUG101200,"Target Price: $1,878.01",2026-08-10 11:45:00-04:00,2026-08-10 12:00:00-04:00,1875.99,1878.01,no
KXETH15M-26AUG101145,Target price: TBD,2026-08-10 11:30:00-04:00,2026-08-10 11:45:00-04:00,1878.01,,yes
KXETH15M-26AUG101130,"Target Price: $1,876.43",2026-08-10 11:15:00-04:00,2026-08-10 11:30:00-04:00,1875.27,1876.43,no
KXETH15M-26AUG101115,"Target Price: $1,891.79",2026-08-10 11:00:00-04:00,2026-08-10 11:15:00-04:00,1876.43,1891.79,no
KXETH15M-26AUG101100,"Target Price: $1,899.14",2026-08-10 10:45:00-04:00,2026-08-10 11:00:00-04:00,1891.79,1899.14,no
KXETH15M-26AUG101045,"Target Price: $1,898.21",2026-08-10 10:30:00-04:00,2026-08-10 10:45:00-04:00,1899.14,1898.21,yes
KXETH15M-26AUG101030,"Target Price: $1,898.81",2026-08-10 10:15:00-04:00,2026-08-10 10:30:00-04:00,1898.21,1898.81,no
KXETH15M-26AUG101015,"Target Price: $1,896.82",2026-08-10 10:00:00-04:00,2026-08-10 10:15:00-04:00,1898.81,1896.82,yes
KXETH15M-26AUG101000,"Target Price: $1,899.63",2026-08-10 09:45:00-04:00,2026-08-10 10:00:00-04:00,1896.82,1899.63,no
KXETH15M-26AUG100945,"Target Price: $1,906.62",2026-08-10 09:30:00-04:00,2026-08-10 09:45:00-04:00,1899.63,1906.62,no
KXETH15M-26AUG100930,"Target Price: $1,907.67",2026-08-10 09:15:00-04:00,2026-08-10 09:30:00-04:00,1906.62,1907.67,no
KXETH15M-26AUG100915,"Target Price: $1,904.61",2026-08-10 09:00:00-04:00,2026-08-10 09:15:00-04:00,1907.67,1904.61,yes
KXETH15M-26AUG100900,"Target Price: $1,913.92",2026-08-10 08:45:00-04:00,2026-08-10 09:00:00-04:00,1904.61,1913.92,no
KXETH15M-26AUG100845,"Target Price: $1,915.48",2026-08-10 08:30:00-04:00,2026-08-10 08:45:00-04:00,1913.92,1915.48,no
KXETH15M-26AUG100830,"Target Price: $1,919.27",2026-08-10 08:15:00-04:00,2026-08-10 08:30:00-04:00,1915.48,1919.27,no
KXETH15M-26AUG100815,"Target Price: $1,918.86",2026-08-10 08:00:00-04:00,2026-08-10 08:15:00-04:00,1919.27,1918.86,yes
KXETH15M-26AUG100800,"Target Price: $1,916.97",2026-08-10 07:45:00-04:00,2026-08-10 08:00:00-04:00,1918.86,1916.97,yes
KXETH15M-26AUG100745,"Target Price: $1,917.75",2026-08-10 07:30:00-04:00,2026-08-10 07:45:00-04:00,1916.97,1917.75,no
KXETH15M-26AUG100730,"Target Price: $1,914.70",2026-08-10 07:15:00-04:00,2026-08-10 07:30:00-04:00,1917.75,1914.7,yes
KXETH15M-26AUG100715,"Target Price: $1,916.31",2026-08-10 07:00:00-04:00,2026-08-10 07:15:00-04:00,1914.70,1916.31,no
KXETH15M-26AUG100700,"Target Price: $1,916.09",2026-08-10 06:45:00-04:00,2026-08-10 07:00:00-04:00,1916.31,1916.09,yes
KXETH15M-26AUG100645,"Target Price: $1,917.86",2026-08-10 06:30:00-04:00,2026-08-10 06:45:00-04:00,1916.09,1917.86,no
KXETH15M-26AUG100630,"Target Price: $1,917.80",2026-08-10 06:15:00-04:00,2026-08-10 06:30:00-04:00,1917.86,1917.8,yes
KXETH15M-26AUG100615,"Target Price: $1,915.12",2026-08-10 06:00:00-04:00,2026-08-10 06:15:00-04:00,1917.80,1915.12,yes
KXETH15M-26AUG100600,"Target Price: $1,916.79",2026-08-10 05:45:00-04:00,2026-08-10 06:00:00-04:00,1915.12,1916.79,no
KXETH15M-26AUG100545,"Target Price: $1,921.77",2026-08-10 05:30:00-04:00,2026-08-10 05:45:00-04:00,1916.79,1921.77,no
KXETH15M-26AUG100530,"Target Price: $1,925.17",2026-08-10 05:15:00-04:00,2026-08-10 05:30:00-04:00,1921.77,1925.17,no
KXETH15M-26AUG100515,"Target Price: $1,925.46",2026-08-10 05:00:00-04:00,2026-08-10 05:15:00-04:00,1925.17,1925.46,no
KXETH15M-26AUG100500,"Target Price: $1,923.67",2026-08-10 04:45:00-04:00,2026-08-10 05:00:00-04:00,1925.46,1923.67,yes
KXETH15M-26AUG100445,"Target Price: $1,926.75",2026-08-10 04:30:00-04:00,2026-08-10 04:45:00-04:00,1923.67,1926.75,no
KXETH15M-26AUG100430,"Target Price: $1,925.78",2026-08-10 04:15:00-04:00,2026-08-10 04:30:00-04:00,1926.75,1925.78,yes
KXETH15M-26AUG100415,"Target Price: $1,923.88",2026-08-10 04:00:00-04:00,2026-08-10 04:15:00-04:00,1925.78,1923.88,yes
KXETH15M-26AUG100400,"Target Price: $1,926.25",2026-08-10 03:45:00-04:00,2026-08-10 04:00:00-04:00,1923.88,1926.25,no
KXETH15M-26AUG100345,"Target Price: $1,927.89",2026-08-10 03:30:00-04:00,2026-08-10 03:45:00-04:00,1926.25,1927.89,no
KXETH15M-26AUG100330,"Target Price: $1,925.33",2026-08-10 03:15:00-04:00,2026-08-10 03:30:00-04:00,1927.89,1925.33,yes
KXETH15M-26AUG100315,"Target Price: $1,926.36",2026-08-10 03:00:00-04:00,2026-08-10 03:15:00-04:00,1925.33,1926.36,no
KXETH15M-26AUG100300,"Target Price: $1,925.26",2026-08-10 02:45:00-04:00,2026-08-10 03:00:00-04:00,1926.36,1925.26,yes
KXETH15M-26AUG100245,"Target Price: $1,923.99",2026-08-10 02:30:00-04:00,2026-08-10 02:45:00-04:00,1925.26,1923.99,yes
KXETH15M-26AUG100230,"Target Price: $1,923.95",2026-08-10 02:15:00-04:00,2026-08-10 02:30:00-04:00,1923.99,1923.95,yes
KXETH15M-26AUG100215,"Target Price: $1,921.71",2026-08-10 02:00:00-04:00,2026-08-10 02:15:00-04:00,1923.95,1921.71,yes
KXETH15M-26AUG100200,"Target Price: $1,919.82",2026-08-10 01:45:00-04:00,2026-08-10 02:00:00-04:00,1921.71,1919.82,yes
KXETH15M-26AUG100145,"Target Price: $1,918.40",2026-08-10 01:30:00-04:00,2026-08-10 01:45:00-04:00,1919.82,1918.4,yes
KXETH15M-26AUG100130,"Target Price: $1,914.57",2026-08-10 01:15:00-04:00,2026-08-10 01:30:00-04:00,1918.40,1914.57,yes
KXETH15M-26AUG100115,"Target Price: $1,913.95",2026-08-10 01:00:00-04:00,2026-08-10 01:15:00-04:00,1914.57,1913.95,yes
KXETH15M-26AUG100100,"Target Price: $1,915.21",2026-08-10 00:45:00-04:00,2026-08-10 01:00:00-04:00,1913.95,1915.21,no
KXETH15M-26AUG100045,"Target Price: $1,918.28",2026-08-10 00:30:00-04:00,2026-08-10 00:45:00-04:00,1915.21,1918.28,no
KXETH15M-26AUG100030,"Target Price: $1,918.13",2026-08-10 00:15:00-04:00,2026-08-10 00:30:00-04:00,1918.28,1918.13,yes
KXETH15M-26AUG100015,"Target Price: $1,915.59",2026-08-10 00:00:00-04:00,2026-08-10 00:15:00-04:00,1918.13,1915.59,yes
KXETH15M-26AUG100000,"Target Price: $1,917.66",2026-08-09 23:45:00-04:00,2026-08-10 00:00:00-04:00,1915.59,1917.66,no
KXETH15M-26AUG092345,"Target Price: $1,918.41",2026-08-09 23:30:00-04:00,2026-08-09 23:45:00-04:00,1917.66,1918.41,no
KXETH15M-26AUG092330,"Target Price: $1,915.01",2026-08-09 23:15:00-04:00,2026-08-09 23:30:00-04:00,1918.41,1915.01,yes
KXETH15M-26AUG092315,"Target Price: $1,921.94",2026-08-09 23:00:00-04:00,2026-08-09 23:15:00-04:00,1915.01,1921.94,no
KXETH15M-26AUG092300,"Target Price: $1,924.14",2026-08-09 22:45:00-04:00,2026-08-09 23:00:00-04:00,1921.94,1924.14,no
KXETH15M-26AUG092245,"Target Price: $1,913.88",2026-08-09 22:30:00-04:00,2026-08-09 22:45:00-04:00,1924.14,1913.88,yes
KXETH15M-26AUG092230,"Target Price: $1,919.83",2026-08-09 22:15:00-04:00,2026-08-09 22:30:00-04:00,1913.88,1919.83,no
KXETH15M-26AUG092215,"Target Price: $1,923.04",2026-08-09 22:00:00-04:00,2026-08-09 22:15:00-04:00,1919.83,1923.04,no
KXETH15M-26AUG092200,"Target Price: $1,913.10",2026-08-09 21:45:00-04:00,2026-08-09 22:00:00-04:00,1923.04,1913.1,yes
KXETH15M-26AUG092145,"Target Price: $1,914.03",2026-08-09 21:30:00-04:00,2026-08-09 21:45:00-04:00,1913.10,1914.03,no
KXETH15M-26AUG092130,"Target Price: $1,911.95",2026-08-09 21:15:00-04:00,2026-08-09 21:30:00-04:00,1914.03,1911.95,yes
KXETH15M-26AUG092115,"Target Price: $1,910.85",2026-08-09 21:00:00-04:00,2026-08-09 21:15:00-04:00,1911.95,1910.85,yes
KXETH15M-26AUG092100,"Target Price: $1,905.42",2026-08-09 20:45:00-04:00,2026-08-09 21:00:00-04:00,1910.85,1905.42,yes
KXETH15M-26AUG092045,"Target Price: $1,912.98",2026-08-09 20:30:00-04:00,2026-08-09 20:45:00-04:00,1905.42,1912.98,no
KXETH15M-26AUG092030,"Target Price: $1,920.37",2026-08-09 20:15:00-04:00,2026-08-09 20:30:00-04:00,1912.98,1920.37,no
KXETH15M-26AUG092015,"Target Price: $1,909.01",2026-08-09 20:00:00-04:00,2026-08-09 20:15:00-04:00,1920.37,1909.01,yes
KXETH15M-26AUG092000,"Target Price: $1,910.14",2026-08-09 19:45:00-04:00,2026-08-09 20:00:00-04:00,1909.01,1910.14,no
KXETH15M-26AUG091945,"Target Price: $1,913.34",2026-08-09 19:30:00-04:00,2026-08-09 19:45:00-04:00,1910.14,1913.34,no
KXETH15M-26AUG091930,"Target Price: $1,916.87",2026-08-09 19:15:00-04:00,2026-08-09 19:30:00-04:00,1913.34,1916.87,no
KXETH15M-26AUG091915,"Target Price: $1,918.13",2026-08-09 19:00:00-04:00,2026-08-09 19:15:00-04:00,1916.87,1918.13,no
KXETH15M-26AUG091900,"Target Price: $1,917.75",2026-08-09 18:45:00-04:00,2026-08-09 19:00:00-04:00,1918.13,1917.75,yes
KXETH15M-26AUG091845,"Target Price: $1,928.12",2026-08-09 18:30:00-04:00,2026-08-09 18:45:00-04:00,1917.75,1928.12,no
KXETH15M-26AUG091830,"Target Price: $1,929.59",2026-08-09 18:15:00-04:00,2026-08-09 18:30:00-04:00,1928.12,1929.59,no
KXETH15M-26AUG091815,"Target Price: $1,923.36",2026-08-09 18:00:00-04:00,2026-08-09 18:15:00-04:00,1929.59,1923.36,yes
KXETH15M-26AUG091800,"Target Price: $1,923.97",2026-08-09 17:45:00-04:00,2026-08-09 18:00:00-04:00,1923.36,1923.97,no
KXETH15M-26AUG091745,"Target Price: $1,922.57",2026-08-09 17:30:00-04:00,2026-08-09 17:45:00-04:00,1923.97,1922.57,yes
KXETH15M-26AUG091730,"Target Price: $1,920.00",2026-08-09 17:15:00-04:00,2026-08-09 17:30:00-04:00,1922.57,1920.0,yes
KXETH15M-26AUG091715,"Target Price: $1,919.49",2026-08-09 17:00:00-04:00,2026-08-09 17:15:00-04:00,1920.00,1919.49,yes
KXETH15M-26AUG091700,"Target Price: $1,919.04",2026-08-09 16:45:00-04:00,2026-08-09 17:00:00-04:00,1919.49,1919.04,yes
KXETH15M-26AUG091645,"Target Price: $1,918.95",2026-08-09 16:30:00-04:00,2026-08-09 16:45:00-04:00,1919.04,1918.95,yes
KXETH15M-26AUG091630,"Target Price: $1,917.94",2026-08-09 16:15:00-04:00,2026-08-09 16:30:00-04:00,1918.95,1917.94,yes
KXETH15M-26AUG091615,"Target Price: $1,920.67",2026-08-09 16:00:00-04:00,2026-08-09 16:15:00-04:00,1917.94,1920.67,no
KXETH15M-26AUG091600,"Target Price: $1,921.11",2026-08-09 15:45:00-04:00,2026-08-09 16:00:00-04:00,1920.67,1921.11,no
KXETH15M-26AUG091545,"Target Price: $1,920.57",2026-08-09 15:30:00-04:00,2026-08-09 15:45:00-04:00,1921.11,1920.57,yes
KXETH15M-26AUG091530,"Target Price: $1,920.04",2026-08-09 15:15:00-04:00,2026-08-09 15:30:00-04:00,1920.57,1920.04,yes
KXETH15M-26AUG091515,"Target Price: $1,920.12",2026-08-09 15:00:00-04:00,2026-08-09 15:15:00-04:00,1920.04,1920.12,no
KXETH15M-26AUG091500,"Target Price: $1,919.91",2026-08-09 14:45:00-04:00,2026-08-09 15:00:00-04:00,1920.12,1919.91,yes
KXETH15M-26AUG091445,"Target Price: $1,920.68",2026-08-09 14:30:00-04:00,2026-08-09 14:45:00-04:00,1919.91,1920.68,no
KXETH15M-26AUG091430,"Target Price: $1,921.38",2026-08-09 14:15:00-04:00,2026-08-09 14:30:00-04:00,1920.68,1921.38,no
KXETH15M-26AUG091415,"Target Price: $1,921.84",2026-08-09 14:00:00-04:00,2026-08-09 14:15:00-04:00,1921.38,1921.84,no
KXETH15M-26AUG091400,"Target Price: $1,923.10",2026-08-09 13:45:00-04:00,2026-08-09 14:00:00-04:00,1921.84,1923.1,no
KXETH15M-26AUG091345,"Target Price: $1,923.17",2026-08-09 13:30:00-04:00,2026-08-09 13:45:00-04:00,1923.10,1923.17,no
KXETH15M-26AUG091330,"Target Price: $1,923.24",2026-08-09 13:15:00-04:00,2026-08-09 13:30:00-04:00,1923.17,1923.24,no
KXETH15M-26AUG091315,"Target Price: $1,922.78",2026-08-09 13:00:00-04:00,2026-08-09 13:15:00-04:00,1923.24,1922.78,yes
KXETH15M-26AUG091300,"Target Price: $1,923.65",2026-08-09 12:45:00-04:00,2026-08-09 13:00:00-04:00,1922.78,1923.65,no
KXETH15M-26AUG091245,"Target Price: $1,920.78",2026-08-09 12:30:00-04:00,2026-08-09 12:45:00-04:00,1923.65,1920.78,yes
KXETH15M-26AUG091230,"Target Price: $1,923.44",2026-08-09 12:15:00-04:00,2026-08-09 12:30:00-04:00,1920.78,1923.44,no
KXETH15M-26AUG091215,"Target Price: $1,924.72",2026-08-09 12:00:00-04:00,2026-08-09 12:15:00-04:00,1923.44,1924.72,no
KXETH15M-26AUG091200,"Target Price: $1,924.82",2026-08-09 11:45:00-04:00,2026-08-09 12:00:00-04:00,1924.72,1924.82,no
KXETH15M-26AUG091145,"Target Price: $1,924.91",2026-08-09 11:30:00-04:00,2026-08-09 11:45:00-04:00,1924.82,1924.91,no
KXETH15M-26AUG091130,"Target Price: $1,924.78",2026-08-09 11:15:00-04:00,2026-08-09 11:30:00-04:00,1924.91,1924.78,yes
KXETH15M-26AUG091115,"Target Price: $1,923.96",2026-08-09 11:00:00-04:00,2026-08-09 11:15:00-04:00,1924.78,1923.96,yes
KXETH15M-26AUG091100,"Target Price: $1,922.40",2026-08-09 10:45:00-04:00,2026-08-09 11:00:00-04:00,1923.96,1922.4,yes
KXETH15M-26AUG091045,"Target Price: $1,922.11",2026-08-09 10:30:00-04:00,2026-08-09 10:45:00-04:00,1922.40,1922.11,yes
KXETH15M-26AUG091030,"Target Price: $1,924.10",2026-08-09 10:15:00-04:00,2026-08-09 10:30:00-04:00,1922.11,1924.1,no
KXETH15M-26AUG091015,"Target Price: $1,921.77",2026-08-09 10:00:00-04:00,2026-08-09 10:15:00-04:00,1924.10,1921.77,yes
KXETH15M-26AUG091000,"Target Price: $1,921.28",2026-08-09 09:45:00-04:00,2026-08-09 10:00:00-04:00,1921.77,1921.28,yes
KXETH15M-26AUG090945,"Target Price: $1,923.10",2026-08-09 09:30:00-04:00,2026-08-09 09:45:00-04:00,1921.28,1923.1,no
KXETH15M-26AUG090930,"Target Price: $1,918.43",2026-08-09 09:15:00-04:00,2026-08-09 09:30:00-04:00,1923.10,1918.43,yes
KXETH15M-26AUG090915,"Target Price: $1,916.46",2026-08-09 09:00:00-04:00,2026-08-09 09:15:00-04:00,1918.43,1916.46,yes
KXETH15M-26AUG090900,"Target Price: $1,916.14",2026-08-09 08:45:00-04:00,2026-08-09 09:00:00-04:00,1916.46,1916.14,yes
KXETH15M-26AUG090845,"Target Price: $1,916.75",2026-08-09 08:30:00-04:00,2026-08-09 08:45:00-04:00,1916.14,1916.75,no
KXETH15M-26AUG090830,"Target Price: $1,916.58",2026-08-09 08:15:00-04:00,2026-08-09 08:30:00-04:00,1916.75,1916.58,yes
KXETH15M-26AUG090815,"Target Price: $1,917.75",2026-08-09 08:00:00-04:00,2026-08-09 08:15:00-04:00,1916.58,1917.75,no
KXETH15M-26AUG090800,"Target Price: $1,919.39",2026-08-09 07:45:00-04:00,2026-08-09 08:00:00-04:00,1917.75,1919.39,no
KXETH15M-26AUG090745,"Target Price: $1,919.65",2026-08-09 07:30:00-04:00,2026-08-09 07:45:00-04:00,1919.39,1919.65,no
KXETH15M-26AUG090730,"Target Price: $1,919.59",2026-08-09 07:15:00-04:00,2026-08-09 07:30:00-04:00,1919.65,1919.59,yes
KXETH15M-26AUG090715,"Target Price: $1,919.09",2026-08-09 07:00:00-04:00,2026-08-09 07:15:00-04:00,1919.59,1919.09,yes
KXETH15M-26AUG090700,"Target Price: $1,918.65",2026-08-09 06:45:00-04:00,2026-08-09 07:00:00-04:00,1919.09,1918.65,yes
KXETH15M-26AUG090645,"Target Price: $1,919.35",2026-08-09 06:30:00-04:00,2026-08-09 06:45:00-04:00,1918.65,1919.35,no
KXETH15M-26AUG090630,"Target Price: $1,920.63",2026-08-09 06:15:00-04:00,2026-08-09 06:30:00-04:00,1919.35,1920.63,no
KXETH15M-26AUG090615,"Target Price: $1,919.28",2026-08-09 06:00:00-04:00,2026-08-09 06:15:00-04:00,1920.63,1919.28,yes
KXETH15M-26AUG090600,"Target Price: $1,915.08",2026-08-09 05:45:00-04:00,2026-08-09 06:00:00-04:00,1919.28,1915.08,yes
KXETH15M-26AUG090545,"Target Price: $1,913.03",2026-08-09 05:30:00-04:00,2026-08-09 05:45:00-04:00,1915.08,1913.03,yes
KXETH15M-26AUG090530,"Target Price: $1,913.96",2026-08-09 05:15:00-04:00,2026-08-09 05:30:00-04:00,1913.03,1913.96,no
KXETH15M-26AUG090515,"Target Price: $1,914.24",2026-08-09 05:00:00-04:00,2026-08-09 05:15:00-04:00,1913.96,1914.24,no
KXETH15M-26AUG090500,"Target Price: $1,913.44",2026-08-09 04:45:00-04:00,2026-08-09 05:00:00-04:00,1914.24,1913.44,yes
KXETH15M-26AUG090445,"Target Price: $1,919.84",2026-08-09 04:30:00-04:00,2026-08-09 04:45:00-04:00,1913.44,1919.84,no
KXETH15M-26AUG090430,"Target Price: $1,921.11",2026-08-09 04:15:00-04:00,2026-08-09 04:30:00-04:00,1919.84,1921.11,no
KXETH15M-26AUG090415,"Target Price: $1,916.99",2026-08-09 04:00:00-04:00,2026-08-09 04:15:00-04:00,1921.11,1916.99,yes
KXETH15M-26AUG090400,"Target Price: $1,916.10",2026-08-09 03:45:00-04:00,2026-08-09 04:00:00-04:00,1916.99,1916.1,yes
KXETH15M-26AUG090345,"Target Price: $1,916.46",2026-08-09 03:30:00-04:00,2026-08-09 03:45:00-04:00,1916.10,1916.46,no
KXETH15M-26AUG090330,"Target Price: $1,917.02",2026-08-09 03:15:00-04:00,2026-08-09 03:30:00-04:00,1916.46,1917.02,no
KXETH15M-26AUG090315,"Target Price: $1,917.62",2026-08-09 03:00:00-04:00,2026-08-09 03:15:00-04:00,1917.02,1917.62,no
KXETH15M-26AUG090300,"Target Price: $1,916.45",2026-08-09 02:45:00-04:00,2026-08-09 03:00:00-04:00,1917.62,1916.45,yes
KXETH15M-26AUG090245,"Target Price: $1,915.39",2026-08-09 02:30:00-04:00,2026-08-09 02:45:00-04:00,1916.45,1915.39,yes
KXETH15M-26AUG090230,"Target Price: $1,913.68",2026-08-09 02:15:00-04:00,2026-08-09 02:30:00-04:00,1915.39,1913.68,yes
KXETH15M-26AUG090215,"Target Price: $1,913.03",2026-08-09 02:00:00-04:00,2026-08-09 02:15:00-04:00,1913.68,1913.03,yes
KXETH15M-26AUG090200,"Target Price: $1,912.82",2026-08-09 01:45:00-04:00,2026-08-09 02:00:00-04:00,1913.03,1912.82,yes
KXETH15M-26AUG090145,"Target Price: $1,912.83",2026-08-09 01:30:00-04:00,2026-08-09 01:45:00-04:00,1912.82,1912.83,no
KXETH15M-26AUG090130,"Target Price: $1,912.61",2026-08-09 01:15:00-04:00,2026-08-09 01:30:00-04:00,1912.83,1912.61,yes
KXETH15M-26AUG090115,"Target Price: $1,911.86",2026-08-09 01:00:00-04:00,2026-08-09 01:15:00-04:00,1912.61,1911.86,yes
KXETH15M-26AUG090100,"Target Price: $1,912.17",2026-08-09 00:45:00-04:00,2026-08-09 01:00:00-04:00,1911.86,1912.17,no
KXETH15M-26AUG090045,"Target Price: $1,913.08",2026-08-09 00:30:00-04:00,2026-08-09 00:45:00-04:00,1912.17,1913.08,no
KXETH15M-26AUG090030,"Target Price: $1,913.83",2026-08-09 00:15:00-04:00,2026-08-09 00:30:00-04:00,1913.08,1913.83,no
KXETH15M-26AUG090015,"Target Price: $1,912.67",2026-08-09 00:00:00-04:00,2026-08-09 00:15:00-04:00,1913.83,1912.67,yes
KXETH15M-26AUG090000,"Target Price: $1,912.65",2026-08-08 23:45:00-04:00,2026-08-09 00:00:00-04:00,1912.67,1912.65,yes
KXETH15M-26AUG082345,"Target Price: $1,912.32",2026-08-08 23:30:00-04:00,2026-08-08 23:45:00-04:00,1912.65,1912.32,yes
KXETH15M-26AUG082330,"Target Price: $1,911.62",2026-08-08 23:15:00-04:00,2026-08-08 23:30:00-04:00,1912.32,1911.62,yes
KXETH15M-26AUG082315,"Target Price: $1,913.38",2026-08-08 23:00:00-04:00,2026-08-08 23:15:00-04:00,1911.62,1913.38,no
KXETH15M-26AUG082300,"Target Price: $1,913.39",2026-08-08 22:45:00-04:00,2026-08-08 23:00:00-04:00,1913.38,1913.39,no
KXETH15M-26AUG082245,"Target Price: $1,914.90",2026-08-08 22:30:00-04:00,2026-08-08 22:45:00-04:00,1913.39,1914.9,no
KXETH15M-26AUG082230,"Target Price: $1,915.10",2026-08-08 22:15:00-04:00,2026-08-08 22:30:00-04:00,1914.90,1915.1,no
KXETH15M-26AUG082215,"Target Price: $1,914.72",2026-08-08 22:00:00-04:00,2026-08-08 22:15:00-04:00,1915.10,1914.72,yes
KXETH15M-26AUG082200,"Target Price: $1,914.47",2026-08-08 21:45:00-04:00,2026-08-08 22:00:00-04:00,1914.72,1914.47,yes
KXETH15M-26AUG082145,"Target Price: $1,913.79",2026-08-08 21:30:00-04:00,2026-08-08 21:45:00-04:00,1914.47,1913.79,yes
KXETH15M-26AUG082130,"Target Price: $1,917.55",2026-08-08 21:15:00-04:00,2026-08-08 21:30:00-04:00,1913.79,1917.55,no
KXETH15M-26AUG082115,"Target Price: $1,916.34",2026-08-08 21:00:00-04:00,2026-08-08 21:15:00-04:00,1917.55,1916.34,yes
KXETH15M-26AUG082100,"Target Price: $1,916.45",2026-08-08 20:45:00-04:00,2026-08-08 21:00:00-04:00,1916.34,1916.45,no
KXETH15M-26AUG082045,"Target Price: $1,916.16",2026-08-08 20:30:00-04:00,2026-08-08 20:45:00-04:00,1916.45,1916.16,yes
KXETH15M-26AUG082030,"Target Price: $1,916.77",2026-08-08 20:15:00-04:00,2026-08-08 20:30:00-04:00,1916.16,1916.77,no
KXETH15M-26AUG082015,"Target Price: $1,915.53",2026-08-08 20:00:00-04:00,2026-08-08 20:15:00-04:00,1916.77,1915.53,yes
KXETH15M-26AUG082000,"Target Price: $1,917.14",2026-08-08 19:45:00-04:00,2026-08-08 20:00:00-04:00,1915.53,1917.14,no
KXETH15M-26AUG081945,"Target Price: $1,915.42",2026-08-08 19:30:00-04:00,2026-08-08 19:45:00-04:00,1917.14,1915.42,yes
KXETH15M-26AUG081930,"Target Price: $1,914.19",2026-08-08 19:15:00-04:00,2026-08-08 19:30:00-04:00,1915.42,1914.19,yes
KXETH15M-26AUG081915,"Target Price: $1,915.47",2026-08-08 19:00:00-04:00,2026-08-08 19:15:00-04:00,1914.19,1915.47,no
KXETH15M-26AUG081900,"Target Price: $1,918.12",2026-08-08 18:45:00-04:00,2026-08-08 19:00:00-04:00,1915.47,1918.12,no
KXETH15M-26AUG081845,"Target Price: $1,918.96",2026-08-08 18:30:00-04:00,2026-08-08 18:45:00-04:00,1918.12,1918.96,no
KXETH15M-26AUG081830,"Target Price: $1,918.12",2026-08-08 18:15:00-04:00,2026-08-08 18:30:00-04:00,1918.96,1918.12,yes
KXETH15M-26AUG081815,"Target Price: $1,919.36",2026-08-08 18:00:00-04:00,2026-08-08 18:15:00-04:00,1918.12,1919.36,no
KXETH15M-26AUG081800,"Target Price: $1,920.77",2026-08-08 17:45:00-04:00,2026-08-08 18:00:00-04:00,1919.36,1920.77,no
KXETH15M-26AUG081745,"Target Price: $1,919.68",2026-08-08 17:30:00-04:00,2026-08-08 17:45:00-04:00,1920.77,1919.68,yes
KXETH15M-26AUG081730,"Target Price: $1,919.06",2026-08-08 17:15:00-04:00,2026-08-08 17:30:00-04:00,1919.68,1919.06,yes
KXETH15M-26AUG081715,"Target Price: $1,918.96",2026-08-08 17:00:00-04:00,2026-08-08 17:15:00-04:00,1919.06,1918.96,yes
KXETH15M-26AUG081700,"Target Price: $1,919.58",2026-08-08 16:45:00-04:00,2026-08-08 17:00:00-04:00,1918.96,1919.58,no
KXETH15M-26AUG081645,"Target Price: $1,918.62",2026-08-08 16:30:00-04:00,2026-08-08 16:45:00-04:00,1919.58,1918.62,yes
KXETH15M-26AUG081630,"Target Price: $1,918.95",2026-08-08 16:15:00-04:00,2026-08-08 16:30:00-04:00,1918.62,1918.95,no
KXETH15M-26AUG081615,"Target Price: $1,919.23",2026-08-08 16:00:00-04:00,2026-08-08 16:15:00-04:00,1918.95,1919.23,no
KXETH15M-26AUG081600,"Target Price: $1,919.02",2026-08-08 15:45:00-04:00,2026-08-08 16:00:00-04:00,1919.23,1919.02,yes
KXETH15M-26AUG081545,"Target Price: $1,919.16",2026-08-08 15:30:00-04:00,2026-08-08 15:45:00-04:00,1919.02,1919.16,no
KXETH15M-26AUG081530,"Target Price: $1,919.95",2026-08-08 15:15:00-04:00,2026-08-08 15:30:00-04:00,1919.16,1919.95,no
KXETH15M-26AUG081515,"Target Price: $1,920.00",2026-08-08 15:00:00-04:00,2026-08-08 15:15:00-04:00,1919.95,1920.0,no
KXETH15M-26AUG081500,"Target Price: $1,920.01",2026-08-08 14:45:00-04:00,2026-08-08 15:00:00-04:00,1920.00,1920.01,no
KXETH15M-26AUG081445,"Target Price: $1,919.41",2026-08-08 14:30:00-04:00,2026-08-08 14:45:00-04:00,1920.01,1919.41,yes
KXETH15M-26AUG081430,"Target Price: $1,921.53",2026-08-08 14:15:00-04:00,2026-08-08 14:30:00-04:00,1919.41,1921.53,no
KXETH15M-26AUG081415,"Target Price: $1,922.74",2026-08-08 14:00:00-04:00,2026-08-08 14:15:00-04:00,1921.53,1922.74,no
KXETH15M-26AUG081400,"Target Price: $1,923.80",2026-08-08 13:45:00-04:00,2026-08-08 14:00:00-04:00,1922.74,1923.8,no
KXETH15M-26AUG081345,"Target Price: $1,922.80",2026-08-08 13:30:00-04:00,2026-08-08 13:45:00-04:00,1923.80,1922.8,yes
KXETH15M-26AUG081330,"Target Price: $1,922.10",2026-08-08 13:15:00-04:00,2026-08-08 13:30:00-04:00,1922.80,1922.1,yes
KXETH15M-26AUG081315,"Target Price: $1,921.52",2026-08-08 13:00:00-04:00,2026-08-08 13:15:00-04:00,1922.10,1921.52,yes
KXETH15M-26AUG081300,"Target Price: $1,920.95",2026-08-08 12:45:00-04:00,2026-08-08 13:00:00-04:00,1921.52,1920.95,yes
KXETH15M-26AUG081245,"Target Price: $1,921.66",2026-08-08 12:30:00-04:00,2026-08-08 12:45:00-04:00,1920.95,1921.66,no
KXETH15M-26AUG081230,"Target Price: $1,922.04",2026-08-08 12:15:00-04:00,2026-08-08 12:30:00-04:00,1921.66,1922.04,no
KXETH15M-26AUG081215,"Target Price: $1,921.56",2026-08-08 12:00:00-04:00,2026-08-08 12:15:00-04:00,1922.04,1921.56,yes
KXETH15M-26AUG081200,"Target Price: $1,920.95",2026-08-08 11:45:00-04:00,2026-08-08 12:00:00-04:00,1921.56,1920.95,yes
KXETH15M-26AUG081145,"Target Price: $1,921.48",2026-08-08 11:30:00-04:00,2026-08-08 11:45:00-04:00,1920.95,1921.48,no
KXETH15M-26AUG081130,"Target Price: $1,922.23",2026-08-08 11:15:00-04:00,2026-08-08 11:30:00-04:00,1921.48,1922.23,no
KXETH15M-26AUG081115,"Target Price: $1,922.43",2026-08-08 11:00:00-04:00,2026-08-08 11:15:00-04:00,1922.23,1922.43,no
KXETH15M-26AUG081100,"Target Price: $1,921.01",2026-08-08 10:45:00-04:00,2026-08-08 11:00:00-04:00,1922.43,1921.01,yes
KXETH15M-26AUG081045,"Target Price: $1,922.31",2026-08-08 10:30:00-04:00,2026-08-08 10:45:00-04:00,1921.01,1922.31,no
KXETH15M-26AUG081030,"Target Price: $1,920.29",2026-08-08 10:15:00-04:00,2026-08-08 10:30:00-04:00,1922.31,1920.29,yes
KXETH15M-26AUG081015,"Target Price: $1,918.79",2026-08-08 10:00:00-04:00,2026-08-08 10:15:00-04:00,1920.29,1918.79,yes
KXETH15M-26AUG081000,"Target Price: $1,918.02",2026-08-08 09:45:00-04:00,2026-08-08 10:00:00-04:00,1918.79,1918.02,yes
KXETH15M-26AUG080945,"Target Price: $1,918.32",2026-08-08 09:30:00-04:00,2026-08-08 09:45:00-04:00,1918.02,1918.32,no
KXETH15M-26AUG080930,"Target Price: $1,918.57",2026-08-08 09:15:00-04:00,2026-08-08 09:30:00-04:00,1918.32,1918.57,no
KXETH15M-26AUG080915,"Target Price: $1,918.27",2026-08-08 09:00:00-04:00,2026-08-08 09:15:00-04:00,1918.57,1918.27,yes
KXETH15M-26AUG080900,"Target Price: $1,919.15",2026-08-08 08:45:00-04:00,2026-08-08 09:00:00-04:00,1918.27,1919.15,no
KXETH15M-26AUG080845,"Target Price: $1,919.00",2026-08-08 08:30:00-04:00,2026-08-08 08:45:00-04:00,1919.15,1919.0,yes
KXETH15M-26AUG080830,"Target Price: $1,919.60",2026-08-08 08:15:00-04:00,2026-08-08 08:30:00-04:00,1919.00,1919.6,no
KXETH15M-26AUG080815,"Target Price: $1,919.71",2026-08-08 08:00:00-04:00,2026-08-08 08:15:00-04:00,1919.60,1919.71,no
KXETH15M-26AUG080800,"Target Price: $1,918.68",2026-08-08 07:45:00-04:00,2026-08-08 08:00:00-04:00,1919.71,1918.68,yes
KXETH15M-26AUG080745,"Target Price: $1,918.88",2026-08-08 07:30:00-04:00,2026-08-08 07:45:00-04:00,1918.68,1918.88,no
KXETH15M-26AUG080730,"Target Price: $1,920.83",2026-08-08 07:15:00-04:00,2026-08-08 07:30:00-04:00,1918.88,1920.83,no
KXETH15M-26AUG080715,"Target Price: $1,919.84",2026-08-08 07:00:00-04:00,2026-08-08 07:15:00-04:00,1920.83,1919.84,yes
KXETH15M-26AUG080700,"Target Price: $1,920.06",2026-08-08 06:45:00-04:00,2026-08-08 07:00:00-04:00,1919.84,1920.06,no
KXETH15M-26AUG080645,"Target Price: $1,921.07",2026-08-08 06:30:00-04:00,2026-08-08 06:45:00-04:00,1920.06,1921.07,no
KXETH15M-26AUG080630,"Target Price: $1,919.09",2026-08-08 06:15:00-04:00,2026-08-08 06:30:00-04:00,1921.07,1919.09,yes
KXETH15M-26AUG080615,"Target Price: $1,917.76",2026-08-08 06:00:00-04:00,2026-08-08 06:15:00-04:00,1919.09,1917.76,yes
KXETH15M-26AUG080600,"Target Price: $1,918.42",2026-08-08 05:45:00-04:00,2026-08-08 06:00:00-04:00,1917.76,1918.42,no
KXETH15M-26AUG080545,"Target Price: $1,915.68",2026-08-08 05:30:00-04:00,2026-08-08 05:45:00-04:00,1918.42,1915.68,yes
KXETH15M-26AUG080530,"Target Price: $1,916.10",2026-08-08 05:15:00-04:00,2026-08-08 05:30:00-04:00,1915.68,1916.1,no
KXETH15M-26AUG080515,"Target Price: $1,916.02",2026-08-08 05:00:00-04:00,2026-08-08 05:15:00-04:00,1916.10,1916.02,yes
KXETH15M-26AUG080500,"Target Price: $1,916.65",2026-08-08 04:45:00-04:00,2026-08-08 05:00:00-04:00,1916.02,1916.65,no
KXETH15M-26AUG080445,"Target Price: $1,914.96",2026-08-08 04:30:00-04:00,2026-08-08 04:45:00-04:00,1916.65,1914.96,yes
KXETH15M-26AUG080430,"Target Price: $1,914.61",2026-08-08 04:15:00-04:00,2026-08-08 04:30:00-04:00,1914.96,1914.61,yes
KXETH15M-26AUG080415,"Target Price: $1,914.32",2026-08-08 04:00:00-04:00,2026-08-08 04:15:00-04:00,1914.61,1914.32,yes
KXETH15M-26AUG080400,"Target Price: $1,913.75",2026-08-08 03:45:00-04:00,2026-08-08 04:00:00-04:00,1914.32,1913.75,yes
KXETH15M-26AUG080345,"Target Price: $1,915.07",2026-08-08 03:30:00-04:00,2026-08-08 03:45:00-04:00,1913.75,1915.07,no
KXETH15M-26AUG080330,"Target Price: $1,915.30",2026-08-08 03:15:00-04:00,2026-08-08 03:30:00-04:00,1915.07,1915.3,no
KXETH15M-26AUG080315,"Target Price: $1,915.81",2026-08-08 03:00:00-04:00,2026-08-08 03:15:00-04:00,1915.30,1915.81,no
KXETH15M-26AUG080300,"Target Price: $1,915.86",2026-08-08 02:45:00-04:00,2026-08-08 03:00:00-04:00,1915.81,1915.86,no
KXETH15M-26AUG080245,"Target Price: $1,915.96",2026-08-08 02:30:00-04:00,2026-08-08 02:45:00-04:00,1915.86,1915.96,no
KXETH15M-26AUG080230,"Target Price: $1,916.58",2026-08-08 02:15:00-04:00,2026-08-08 02:30:00-04:00,1915.96,1916.58,no
KXETH15M-26AUG080215,Target price: TBD,2026-08-08 02:00:00-04:00,2026-08-08 02:15:00-04:00,1916.58,,yes
KXETH15M-26AUG080200,"Target Price: $1,917.27",2026-08-08 01:45:00-04:00,2026-08-08 02:00:00-04:00,1916.58,1917.27,no
KXETH15M-26AUG080145,"Target Price: $1,916.16",2026-08-08 01:30:00-04:00,2026-08-08 01:45:00-04:00,1917.27,1916.16,yes
KXETH15M-26AUG080130,"Target Price: $1,916.00",2026-08-08 01:15:00-04:00,2026-08-08 01:30:00-04:00,1916.16,1916.0,yes
KXETH15M-26AUG080115,"Target Price: $1,916.23",2026-08-08 01:00:00-04:00,2026-08-08 01:15:00-04:00,1916.00,1916.23,no
KXETH15M-26AUG080100,"Target Price: $1,917.28",2026-08-08 00:45:00-04:00,2026-08-08 01:00:00-04:00,1916.23,1917.28,no
KXETH15M-26AUG080045,"Target Price: $1,916.50",2026-08-08 00:30:00-04:00,2026-08-08 00:45:00-04:00,1917.28,1916.5,yes
KXETH15M-26AUG080030,"Target Price: $1,916.12",2026-08-08 00:15:00-04:00,2026-08-08 00:30:00-04:00,1916.50,1916.12,yes
KXETH15M-26AUG080015,"Target Price: $1,917.38",2026-08-08 00:00:00-04:00,2026-08-08 00:15:00-04:00,1916.12,1917.38,no
KXETH15M-26AUG080000,"Target Price: $1,916.76",2026-08-07 23:45:00-04:00,2026-08-08 00:00:00-04:00,1917.38,1916.76,yes
KXETH15M-26AUG072345,"Target Price: $1,915.61",2026-08-07 23:30:00-04:00,2026-08-07 23:45:00-04:00,1916.76,1915.61,yes
KXETH15M-26AUG072330,"Target Price: $1,913.64",2026-08-07 23:15:00-04:00,2026-08-07 23:30:00-04:00,1915.61,1913.64,yes
KXETH15M-26AUG072315,"Target Price: $1,912.61",2026-08-07 23:00:00-04:00,2026-08-07 23:15:00-04:00,1913.64,1912.61,yes
KXETH15M-26AUG072300,"Target Price: $1,912.51",2026-08-07 22:45:00-04:00,2026-08-07 23:00:00-04:00,1912.61,1912.51,yes
KXETH15M-26AUG072245,"Target Price: $1,912.53",2026-08-07 22:30:00-04:00,2026-08-07 22:45:00-04:00,1912.51,1912.53,no
KXETH15M-26AUG072230,"Target Price: $1,912.75",2026-08-07 22:15:00-04:00,2026-08-07 22:30:00-04:00,1912.53,1912.75,no
KXETH15M-26AUG072215,"Target Price: $1,913.91",2026-08-07 22:00:00-04:00,2026-08-07 22:15:00-04:00,1912.75,1913.91,no
KXETH15M-26AUG072200,"Target Price: $1,914.49",2026-08-07 21:45:00-04:00,2026-08-07 22:00:00-04:00,1913.91,1914.49,no
KXETH15M-26AUG072145,"Target Price: $1,913.96",2026-08-07 21:30:00-04:00,2026-08-07 21:45:00-04:00,1914.49,1913.96,yes
KXETH15M-26AUG072130,"Target Price: $1,913.90",2026-08-07 21:15:00-04:00,2026-08-07 21:30:00-04:00,1913.96,1913.9,yes
KXETH15M-26AUG072115,"Target Price: $1,913.62",2026-08-07 21:00:00-04:00,2026-08-07 21:15:00-04:00,1913.90,1913.62,yes
KXETH15M-26AUG072100,"Target Price: $1,913.92",2026-08-07 20:45:00-04:00,2026-08-07 21:00:00-04:00,1913.62,1913.92,no
KXETH15M-26AUG072045,"Target Price: $1,913.41",2026-08-07 20:30:00-04:00,2026-08-07 20:45:00-04:00,1913.92,1913.41,yes
KXETH15M-26AUG072030,"Target Price: $1,913.57",2026-08-07 20:15:00-04:00,2026-08-07 20:30:00-04:00,1913.41,1913.57,no
KXETH15M-26AUG072015,Target price: TBD,2026-08-07 20:00:00-04:00,2026-08-07 20:15:00-04:00,1913.57,,yes
KXETH15M-26AUG072000,"Target Price: $1,914.82",2026-08-07 19:45:00-04:00,2026-08-07 20:00:00-04:00,1913.47,1914.82,no
KXETH15M-26AUG071945,"Target Price: $1,914.30",2026-08-07 19:30:00-04:00,2026-08-07 19:45:00-04:00,1914.82,1914.3,yes
KXETH15M-26AUG071930,"Target Price: $1,915.16",2026-08-07 19:15:00-04:00,2026-08-07 19:30:00-04:00,1914.30,1915.16,no
KXETH15M-26AUG071915,"Target Price: $1,913.97",2026-08-07 19:00:00-04:00,2026-08-07 19:15:00-04:00,1915.16,1913.97,yes
KXETH15M-26AUG071900,"Target Price: $1,913.63",2026-08-07 18:45:00-04:00,2026-08-07 19:00:00-04:00,1913.97,1913.63,yes
KXETH15M-26AUG071845,"Target Price: $1,914.71",2026-08-07 18:30:00-04:00,2026-08-07 18:45:00-04:00,1913.63,1914.71,no
KXETH15M-26AUG071830,"Target Price: $1,914.79",2026-08-07 18:15:00-04:00,2026-08-07 18:30:00-04:00,1914.71,1914.79,no
KXETH15M-26AUG071815,"Target Price: $1,915.66",2026-08-07 18:00:00-04:00,2026-08-07 18:15:00-04:00,1914.79,1915.66,no
KXETH15M-26AUG071800,"Target Price: $1,917.73",2026-08-07 17:45:00-04:00,2026-08-07 18:00:00-04:00,1915.66,1917.73,no
KXETH15M-26AUG071745,"Target Price: $1,913.11",2026-08-07 17:30:00-04:00,2026-08-07 17:45:00-04:00,1917.73,1913.11,yes
KXETH15M-26AUG071730,"Target Price: $1,913.71",2026-08-07 17:15:00-04:00,2026-08-07 17:30:00-04:00,1913.11,1913.71,no
KXETH15M-26AUG071715,"Target Price: $1,914.06",2026-08-07 17:00:00-04:00,2026-08-07 17:15:00-04:00,1913.71,1914.06,no
KXETH15M-26AUG071700,"Target Price: $1,914.80",2026-08-07 16:45:00-04:00,2026-08-07 17:00:00-04:00,1914.06,1914.8,no
KXETH15M-26AUG071645,"Target Price: $1,916.34",2026-08-07 16:30:00-04:00,2026-08-07 16:45:00-04:00,1914.80,1916.34,no
KXETH15M-26AUG071630,"Target Price: $1,917.42",2026-08-07 16:15:00-04:00,2026-08-07 16:30:00-04:00,1916.34,1917.42,no
KXETH15M-26AUG071615,"Target Price: $1,917.96",2026-08-07 16:00:00-04:00,2026-08-07 16:15:00-04:00,1917.42,1917.96,no
KXETH15M-26AUG071600,"Target Price: $1,917.65",2026-08-07 15:45:00-04:00,2026-08-07 16:00:00-04:00,1917.96,1917.65,yes
KXETH15M-26AUG071545,"Target Price: $1,915.88",2026-08-07 15:30:00-04:00,2026-08-07 15:45:00-04:00,1917.65,1915.88,yes
KXETH15M-26AUG071530,"Target Price: $1,912.36",2026-08-07 15:15:00-04:00,2026-08-07 15:30:00-04:00,1915.88,1912.36,yes
KXETH15M-26AUG071515,"Target Price: $1,908.15",2026-08-07 15:00:00-04:00,2026-08-07 15:15:00-04:00,1912.36,1908.15,yes
KXETH15M-26AUG071500,"Target Price: $1,907.28",2026-08-07 14:45:00-04:00,2026-08-07 15:00:00-04:00,1908.15,1907.28,yes
KXETH15M-26AUG071445,"Target Price: $1,911.77",2026-08-07 14:30:00-04:00,2026-08-07 14:45:00-04:00,1907.28,1911.77,no
KXETH15M-26AUG071430,"Target Price: $1,913.08",2026-08-07 14:15:00-04:00,2026-08-07 14:30:00-04:00,1911.77,1913.08,no
KXETH15M-26AUG071415,"Target Price: $1,911.19",2026-08-07 14:00:00-04:00,2026-08-07 14:15:00-04:00,1913.08,1911.19,yes
KXETH15M-26AUG071400,"Target Price: $1,910.43",2026-08-07 13:45:00-04:00,2026-08-07 14:00:00-04:00,1911.19,1910.43,yes
KXETH15M-26AUG071345,"Target Price: $1,906.40",2026-08-07 13:30:00-04:00,2026-08-07 13:45:00-04:00,1910.43,1906.4,yes
KXETH15M-26AUG071330,"Target Price: $1,906.02",2026-08-07 13:15:00-04:00,2026-08-07 13:30:00-04:00,1906.40,1906.02,yes
KXETH15M-26AUG071315,"Target Price: $1,909.26",2026-08-07 13:00:00-04:00,2026-08-07 13:15:00-04:00,1906.02,1909.26,no
KXETH15M-26AUG071300,"Target Price: $1,914.06",2026-08-07 12:45:00-04:00,2026-08-07 13:00:00-04:00,1909.26,1914.06,no
KXETH15M-26AUG071245,"Target Price: $1,913.63",2026-08-07 12:30:00-04:00,2026-08-07 12:45:00-04:00,1914.06,1913.63,yes
KXETH15M-26AUG071230,"Target Price: $1,922.60",2026-08-07 12:15:00-04:00,2026-08-07 12:30:00-04:00,1913.63,1922.6,no
KXETH15M-26AUG071215,"Target Price: $1,916.23",2026-08-07 12:00:00-04:00,2026-08-07 12:15:00-04:00,1922.60,1916.23,yes
KXETH15M-26AUG071200,"Target Price: $1,919.17",2026-08-07 11:45:00-04:00,2026-08-07 12:00:00-04:00,1916.23,1919.17,no
KXETH15M-26AUG071145,"Target Price: $1,915.42",2026-08-07 11:30:00-04:00,2026-08-07 11:45:00-04:00,1919.17,1915.42,yes
KXETH15M-26AUG071130,"Target Price: $1,913.70",2026-08-07 11:15:00-04:00,2026-08-07 11:30:00-04:00,1915.42,1913.7,yes
KXETH15M-26AUG071115,"Target Price: $1,912.49",2026-08-07 11:00:00-04:00,2026-08-07 11:15:00-04:00,1913.70,1912.49,yes
KXETH15M-26AUG071100,"Target Price: $1,917.96",2026-08-07 10:45:00-04:00,2026-08-07 11:00:00-04:00,1912.49,1917.96,no
KXETH15M-26AUG071045,"Target Price: $1,922.65",2026-08-07 10:30:00-04:00,2026-08-07 10:45:00-04:00,1917.96,1922.65,no
KXETH15M-26AUG071030,"Target Price: $1,912.64",2026-08-07 10:15:00-04:00,2026-08-07 10:30:00-04:00,1922.65,1912.64,yes
KXETH15M-26AUG071015,"Target Price: $1,921.39",2026-08-07 10:00:00-04:00,2026-08-07 10:15:00-04:00,1912.64,1921.39,no
KXETH15M-26AUG071000,"Target Price: $1,931.07",2026-08-07 09:45:00-04:00,2026-08-07 10:00:00-04:00,1921.39,1931.07,no
KXETH15M-26AUG070945,"Target Price: $1,926.20",2026-08-07 09:30:00-04:00,2026-08-07 09:45:00-04:00,1931.07,1926.2,yes
KXETH15M-26AUG070930,"Target Price: $1,927.88",2026-08-07 09:15:00-04:00,2026-08-07 09:30:00-04:00,1926.20,1927.88,no
KXETH15M-26AUG070915,"Target Price: $1,930.99",2026-08-07 09:00:00-04:00,2026-08-07 09:15:00-04:00,1927.88,1930.99,no
KXETH15M-26AUG070900,"Target Price: $1,927.97",2026-08-07 08:45:00-04:00,2026-08-07 09:00:00-04:00,1930.99,1927.97,yes
KXETH15M-26AUG070845,"Target Price: $1,930.40",2026-08-07 08:30:00-04:00,2026-08-07 08:45:00-04:00,1927.97,1930.4,no
KXETH15M-26AUG070830,"Target Price: $1,932.01",2026-08-07 08:15:00-04:00,2026-08-07 08:30:00-04:00,1930.40,1932.01,no
KXETH15M-26AUG070815,"Target Price: $1,914.55",2026-08-07 08:00:00-04:00,2026-08-07 08:15:00-04:00,1932.01,1914.55,yes
KXETH15M-26AUG070800,"Target Price: $1,915.09",2026-08-07 07:45:00-04:00,2026-08-07 08:00:00-04:00,1914.55,1915.09,no
KXETH15M-26AUG070745,"Target Price: $1,915.52",2026-08-07 07:30:00-04:00,2026-08-07 07:45:00-04:00,1915.09,1915.52,no
KXETH15M-26AUG070730,"Target Price: $1,914.40",2026-08-07 07:15:00-04:00,2026-08-07 07:30:00-04:00,1915.52,1914.4,yes
KXETH15M-26AUG070715,"Target Price: $1,911.55",2026-08-07 07:00:00-04:00,2026-08-07 07:15:00-04:00,1914.40,1911.55,yes
KXETH15M-26AUG070700,"Target Price: $1,912.00",2026-08-07 06:45:00-04:00,2026-08-07 07:00:00-04:00,1911.55,1912.0,no
KXETH15M-26AUG070645,"Target Price: $1,913.28",2026-08-07 06:30:00-04:00,2026-08-07 06:45:00-04:00,1912.00,1913.28,no
KXETH15M-26AUG070630,"Target Price: $1,913.68",2026-08-07 06:15:00-04:00,2026-08-07 06:30:00-04:00,1913.28,1913.68,no
KXETH15M-26AUG070615,"Target Price: $1,911.95",2026-08-07 06:00:00-04:00,2026-08-07 06:15:00-04:00,1913.68,1911.95,yes
KXETH15M-26AUG070600,"Target Price: $1,914.67",2026-08-07 05:45:00-04:00,2026-08-07 06:00:00-04:00,1911.95,1914.67,no
KXETH15M-26AUG070545,"Target Price: $1,910.27",2026-08-07 05:30:00-04:00,2026-08-07 05:45:00-04:00,1914.67,1910.27,yes
KXETH15M-26AUG070530,"Target Price: $1,911.00",2026-08-07 05:15:00-04:00,2026-08-07 05:30:00-04:00,1910.27,1911.0,no
KXETH15M-26AUG070515,"Target Price: $1,909.08",2026-08-07 05:00:00-04:00,2026-08-07 05:15:00-04:00,1911.00,1909.08,yes
KXETH15M-26AUG070500,"Target Price: $1,911.23",2026-08-07 04:45:00-04:00,2026-08-07 05:00:00-04:00,1909.08,1911.23,no
KXETH15M-26AUG070445,"Target Price: $1,904.63",2026-08-07 04:30:00-04:00,2026-08-07 04:45:00-04:00,1911.23,1904.63,yes
KXETH15M-26AUG070430,"Target Price: $1,904.76",2026-08-07 04:15:00-04:00,2026-08-07 04:30:00-04:00,1904.63,1904.76,no
KXETH15M-26AUG070415,"Target Price: $1,901.44",2026-08-07 04:00:00-04:00,2026-08-07 04:15:00-04:00,1904.76,1901.44,yes
KXETH15M-26AUG070400,"Target Price: $1,901.85",2026-08-07 03:45:00-04:00,2026-08-07 04:00:00-04:00,1901.44,1901.85,no
KXETH15M-26AUG070345,"Target Price: $1,904.16",2026-08-07 03:30:00-04:00,2026-08-07 03:45:00-04:00,1901.85,1904.16,no
KXETH15M-26AUG070330,"Target Price: $1,904.79",2026-08-07 03:15:00-04:00,2026-08-07 03:30:00-04:00,1904.16,1904.79,no
KXETH15M-26AUG070315,"Target Price: $1,903.08",2026-08-07 03:00:00-04:00,2026-08-07 03:15:00-04:00,1904.79,1903.08,yes
KXETH15M-26AUG070300,"Target Price: $1,903.03",2026-08-07 02:45:00-04:00,2026-08-07 03:00:00-04:00,1903.08,1903.03,yes
KXETH15M-26AUG070245,"Target Price: $1,904.00",2026-08-07 02:30:00-04:00,2026-08-07 02:45:00-04:00,1903.03,1904.0,no
KXETH15M-26AUG070230,"Target Price: $1,902.04",2026-08-07 02:15:00-04:00,2026-08-07 02:30:00-04:00,1904.00,1902.04,yes
KXETH15M-26AUG070215,"Target Price: $1,900.03",2026-08-07 02:00:00-04:00,2026-08-07 02:15:00-04:00,1902.04,1900.03,yes
KXETH15M-26AUG070200,"Target Price: $1,896.68",2026-08-07 01:45:00-04:00,2026-08-07 02:00:00-04:00,1900.03,1896.68,yes
KXETH15M-26AUG070145,"Target Price: $1,894.75",2026-08-07 01:30:00-04:00,2026-08-07 01:45:00-04:00,1896.68,1894.75,yes
KXETH15M-26AUG070130,"Target Price: $1,896.65",2026-08-07 01:15:00-04:00,2026-08-07 01:30:00-04:00,1894.75,1896.65,no
KXETH15M-26AUG070115,"Target Price: $1,895.53",2026-08-07 01:00:00-04:00,2026-08-07 01:15:00-04:00,1896.65,1895.53,yes
KXETH15M-26AUG070100,"Target Price: $1,896.78",2026-08-07 00:45:00-04:00,2026-08-07 01:00:00-04:00,1895.53,1896.78,no
KXETH15M-26AUG070045,"Target Price: $1,897.54",2026-08-07 00:30:00-04:00,2026-08-07 00:45:00-04:00,1896.78,1897.54,no
KXETH15M-26AUG070030,"Target Price: $1,897.12",2026-08-07 00:15:00-04:00,2026-08-07 00:30:00-04:00,1897.54,1897.12,yes
KXETH15M-26AUG070015,"Target Price: $1,895.63",2026-08-07 00:00:00-04:00,2026-08-07 00:15:00-04:00,1897.12,1895.63,yes
KXETH15M-26AUG070000,"Target Price: $1,898.12",2026-08-06 23:45:00-04:00,2026-08-07 00:00:00-04:00,1895.63,1898.12,no
KXETH15M-26AUG062345,"Target Price: $1,898.76",2026-08-06 23:30:00-04:00,2026-08-06 23:45:00-04:00,1898.12,1898.76,no
KXETH15M-26AUG062330,"Target Price: $1,899.25",2026-08-06 23:15:00-04:00,2026-08-06 23:30:00-04:00,1898.76,1899.25,no
KXETH15M-26AUG062315,"Target Price: $1,901.11",2026-08-06 23:00:00-04:00,2026-08-06 23:15:00-04:00,1899.25,1901.11,no
KXETH15M-26AUG062300,"Target Price: $1,900.83",2026-08-06 22:45:00-04:00,2026-08-06 23:00:00-04:00,1901.11,1900.83,yes
KXETH15M-26AUG062245,"Target Price: $1,898.97",2026-08-06 22:30:00-04:00,2026-08-06 22:45:00-04:00,1900.83,1898.97,yes
KXETH15M-26AUG062230,"Target Price: $1,901.21",2026-08-06 22:15:00-04:00,2026-08-06 22:30:00-04:00,1898.97,1901.21,no
KXETH15M-26AUG062215,"Target Price: $1,901.75",2026-08-06 22:00:00-04:00,2026-08-06 22:15:00-04:00,1901.21,1901.75,no
KXETH15M-26AUG062200,"Target Price: $1,899.63",2026-08-06 21:45:00-04:00,2026-08-06 22:00:00-04:00,1901.75,1899.63,yes
KXETH15M-26AUG062145,"Target Price: $1,903.59",2026-08-06 21:30:00-04:00,2026-08-06 21:45:00-04:00,1899.63,1903.59,no
KXETH15M-26AUG062130,"Target Price: $1,901.93",2026-08-06 21:15:00-04:00,2026-08-06 21:30:00-04:00,1903.59,1901.93,yes
KXETH15M-26AUG062115,"Target Price: $1,901.58",2026-08-06 21:00:00-04:00,2026-08-06 21:15:00-04:00,1901.93,1901.58,yes
KXETH15M-26AUG062100,"Target Price: $1,901.44",2026-08-06 20:45:00-04:00,2026-08-06 21:00:00-04:00,1901.58,1901.44,yes
KXETH15M-26AUG062045,"Target Price: $1,900.35",2026-08-06 20:30:00-04:00,2026-08-06 20:45:00-04:00,1901.44,1900.35,yes
KXETH15M-26AUG062030,"Target Price: $1,899.43",2026-08-06 20:15:00-04:00,2026-08-06 20:30:00-04:00,1900.35,1899.43,yes
KXETH15M-26AUG062015,"Target Price: $1,902.34",2026-08-06 20:00:00-04:00,2026-08-06 20:15:00-04:00,1899.43,1902.34,no
KXETH15M-26AUG062000,"Target Price: $1,898.55",2026-08-06 19:45:00-04:00,2026-08-06 20:00:00-04:00,1902.34,1898.55,yes
KXETH15M-26AUG061945,"Target Price: $1,899.77",2026-08-06 19:30:00-04:00,2026-08-06 19:45:00-04:00,1898.55,1899.77,no
KXETH15M-26AUG061930,"Target Price: $1,903.70",2026-08-06 19:15:00-04:00,2026-08-06 19:30:00-04:00,1899.77,1903.7,no
KXETH15M-26AUG061915,"Target Price: $1,903.83",2026-08-06 19:00:00-04:00,2026-08-06 19:15:00-04:00,1903.70,1903.83,no
KXETH15M-26AUG061900,"Target Price: $1,901.69",2026-08-06 18:45:00-04:00,2026-08-06 19:00:00-04:00,1903.83,1901.69,yes
KXETH15M-26AUG061845,"Target Price: $1,902.64",2026-08-06 18:30:00-04:00,2026-08-06 18:45:00-04:00,1901.69,1902.64,no
KXETH15M-26AUG061830,"Target Price: $1,905.57",2026-08-06 18:15:00-04:00,2026-08-06 18:30:00-04:00,1902.64,1905.57,no
KXETH15M-26AUG061815,"Target Price: $1,904.85",2026-08-06 18:00:00-04:00,2026-08-06 18:15:00-04:00,1905.57,1904.85,yes
KXETH15M-26AUG061800,"Target Price: $1,906.82",2026-08-06 17:45:00-04:00,2026-08-06 18:00:00-04:00,1904.85,1906.82,no
KXETH15M-26AUG061745,"Target Price: $1,905.75",2026-08-06 17:30:00-04:00,2026-08-06 17:45:00-04:00,1906.82,1905.75,yes
KXETH15M-26AUG061730,"Target Price: $1,906.51",2026-08-06 17:15:00-04:00,2026-08-06 17:30:00-04:00,1905.75,1906.51,no
KXETH15M-26AUG061715,"Target Price: $1,906.03",2026-08-06 17:00:00-04:00,2026-08-06 17:15:00-04:00,1906.51,1906.03,yes
KXETH15M-26AUG061700,"Target Price: $1,906.56",2026-08-06 16:45:00-04:00,2026-08-06 17:00:00-04:00,1906.03,1906.56,no
KXETH15M-26AUG061645,"Target Price: $1,905.01",2026-08-06 16:30:00-04:00,2026-08-06 16:45:00-04:00,1906.56,1905.01,yes
KXETH15M-26AUG061630,"Target Price: $1,908.07",2026-08-06 16:15:00-04:00,2026-08-06 16:30:00-04:00,1905.01,1908.07,no
KXETH15M-26AUG061615,"Target Price: $1,908.63",2026-08-06 16:00:00-04:00,2026-08-06 16:15:00-04:00,1908.07,1908.63,no
KXETH15M-26AUG061600,"Target Price: $1,906.73",2026-08-06 15:45:00-04:00,2026-08-06 16:00:00-04:00,1908.63,1906.73,yes
KXETH15M-26AUG061545,"Target Price: $1,905.49",2026-08-06 15:30:00-04:00,2026-08-06 15:45:00-04:00,1906.73,1905.49,yes
KXETH15M-26AUG061530,"Target Price: $1,907.26",2026-08-06 15:15:00-04:00,2026-08-06 15:30:00-04:00,1905.49,1907.26,no
KXETH15M-26AUG061515,"Target Price: $1,904.38",2026-08-06 15:00:00-04:00,2026-08-06 15:15:00-04:00,1907.26,1904.38,yes
KXETH15M-26AUG061500,"Target Price: $1,904.35",2026-08-06 14:45:00-04:00,2026-08-06 15:00:00-04:00,1904.38,1904.35,yes
KXETH15M-26AUG061445,"Target Price: $1,910.05",2026-08-06 14:30:00-04:00,2026-08-06 14:45:00-04:00,1904.35,1910.05,no
KXETH15M-26AUG061430,"Target Price: $1,909.49",2026-08-06 14:15:00-04:00,2026-08-06 14:30:00-04:00,1910.05,1909.49,yes
KXETH15M-26AUG061415,"Target Price: $1,912.65",2026-08-06 14:00:00-04:00,2026-08-06 14:15:00-04:00,1909.49,1912.65,no
KXETH15M-26AUG061400,"Target Price: $1,911.03",2026-08-06 13:45:00-04:00,2026-08-06 14:00:00-04:00,1912.65,1911.03,yes
KXETH15M-26AUG061345,"Target Price: $1,913.04",2026-08-06 13:30:00-04:00,2026-08-06 13:45:00-04:00,1911.03,1913.04,no
KXETH15M-26AUG061330,"Target Price: $1,913.59",2026-08-06 13:15:00-04:00,2026-08-06 13:30:00-04:00,1913.04,1913.59,no
KXETH15M-26AUG061315,"Target Price: $1,914.09",2026-08-06 13:00:00-04:00,2026-08-06 13:15:00-04:00,1913.59,1914.09,no
KXETH15M-26AUG061300,"Target Price: $1,913.59",2026-08-06 12:45:00-04:00,2026-08-06 13:00:00-04:00,1914.09,1913.59,yes
KXETH15M-26AUG061245,"Target Price: $1,910.02",2026-08-06 12:30:00-04:00,2026-08-06 12:45:00-04:00,1913.59,1910.02,yes
KXETH15M-26AUG061230,"Target Price: $1,907.89",2026-08-06 12:15:00-04:00,2026-08-06 12:30:00-04:00,1910.02,1907.89,yes
KXETH15M-26AUG061215,"Target Price: $1,910.66",2026-08-06 12:00:00-04:00,2026-08-06 12:15:00-04:00,1907.89,1910.66,no
KXETH15M-26AUG061200,"Target Price: $1,912.66",2026-08-06 11:45:00-04:00,2026-08-06 12:00:00-04:00,1910.66,1912.66,no
KXETH15M-26AUG061145,"Target Price: $1,915.75",2026-08-06 11:30:00-04:00,2026-08-06 11:45:00-04:00,1912.66,1915.75,no
KXETH15M-26AUG061130,"Target Price: $1,913.98",2026-08-06 11:15:00-04:00,2026-08-06 11:30:00-04:00,1915.75,1913.98,yes
KXETH15M-26AUG061115,"Target Price: $1,913.93",2026-08-06 11:00:00-04:00,2026-08-06 11:15:00-04:00,1913.98,1913.93,yes
KXETH15M-26AUG061100,"Target Price: $1,914.12",2026-08-06 10:45:00-04:00,2026-08-06 11:00:00-04:00,1913.93,1914.12,no
KXETH15M-26AUG061045,"Target Price: $1,904.91",2026-08-06 10:30:00-04:00,2026-08-06 10:45:00-04:00,1914.12,1904.91,yes
KXETH15M-26AUG061030,"Target Price: $1,906.57",2026-08-06 10:15:00-04:00,2026-08-06 10:30:00-04:00,1904.91,1906.57,no
KXETH15M-26AUG061015,"Target Price: $1,907.23",2026-08-06 10:00:00-04:00,2026-08-06 10:15:00-04:00,1906.57,1907.23,no
KXETH15M-26AUG061000,"Target Price: $1,905.14",2026-08-06 09:45:00-04:00,2026-08-06 10:00:00-04:00,1907.23,1905.14,yes
KXETH15M-26AUG060945,"Target Price: $1,895.33",2026-08-06 09:30:00-04:00,2026-08-06 09:45:00-04:00,1905.14,1895.33,yes
KXETH15M-26AUG060930,"Target Price: $1,893.80",2026-08-06 09:15:00-04:00,2026-08-06 09:30:00-04:00,1895.33,1893.8,yes
KXETH15M-26AUG060915,"Target Price: $1,897.26",2026-08-06 09:00:00-04:00,2026-08-06 09:15:00-04:00,1893.80,1897.26,no
KXETH15M-26AUG060900,"Target Price: $1,902.13",2026-08-06 08:45:00-04:00,2026-08-06 09:00:00-04:00,1897.26,1902.13,no
KXETH15M-26AUG060845,"Target Price: $1,902.69",2026-08-06 08:30:00-04:00,2026-08-06 08:45:00-04:00,1902.13,1902.69,no
KXETH15M-26AUG060830,"Target Price: $1,899.79",2026-08-06 08:15:00-04:00,2026-08-06 08:30:00-04:00,1902.69,1899.79,yes
KXETH15M-26AUG060815,"Target Price: $1,905.17",2026-08-06 08:00:00-04:00,2026-08-06 08:15:00-04:00,1899.79,1905.17,no
KXETH15M-26AUG060800,"Target Price: $1,906.62",2026-08-06 07:45:00-04:00,2026-08-06 08:00:00-04:00,1905.17,1906.62,no
KXETH15M-26AUG060745,"Target Price: $1,903.44",2026-08-06 07:30:00-04:00,2026-08-06 07:45:00-04:00,1906.62,1903.44,yes
KXETH15M-26AUG060730,"Target Price: $1,900.10",2026-08-06 07:15:00-04:00,2026-08-06 07:30:00-04:00,1903.44,1900.1,yes
KXETH15M-26AUG060715,"Target Price: $1,899.94",2026-08-06 07:00:00-04:00,2026-08-06 07:15:00-04:00,1900.10,1899.94,yes
KXETH15M-26AUG060700,"Target Price: $1,902.15",2026-08-06 06:45:00-04:00,2026-08-06 07:00:00-04:00,1899.94,1902.15,no
KXETH15M-26AUG060645,"Target Price: $1,903.02",2026-08-06 06:30:00-04:00,2026-08-06 06:45:00-04:00,1902.15,1903.02,no
KXETH15M-26AUG060630,"Target Price: $1,901.11",2026-08-06 06:15:00-04:00,2026-08-06 06:30:00-04:00,1903.02,1901.11,yes
KXETH15M-26AUG060615,"Target Price: $1,905.47",2026-08-06 06:00:00-04:00,2026-08-06 06:15:00-04:00,1901.11,1905.47,no
KXETH15M-26AUG060600,"Target Price: $1,904.80",2026-08-06 05:45:00-04:00,2026-08-06 06:00:00-04:00,1905.47,1904.8,yes
KXETH15M-26AUG060545,"Target Price: $1,906.34",2026-08-06 05:30:00-04:00,2026-08-06 05:45:00-04:00,1904.80,1906.34,no
KXETH15M-26AUG060530,"Target Price: $1,905.90",2026-08-06 05:15:00-04:00,2026-08-06 05:30:00-04:00,1906.34,1905.9,yes
KXETH15M-26AUG060515,"Target Price: $1,914.14",2026-08-06 05:00:00-04:00,2026-08-06 05:15:00-04:00,1905.90,1914.14,no
KXETH15M-26AUG060245,"Target Price: $1,911.16",2026-08-06 02:30:00-04:00,2026-08-06 02:45:00-04:00,1911.34,1911.16,yes
KXETH15M-26AUG060230,"Target Price: $1,908.06",2026-08-06 02:15:00-04:00,2026-08-06 02:30:00-04:00,1911.16,1908.06,yes
KXETH15M-26AUG060215,"Target Price: $1,911.70",2026-08-06 02:00:00-04:00,2026-08-06 02:15:00-04:00,1908.06,1911.7,no
KXETH15M-26AUG060200,"Target Price: $1,910.69",2026-08-06 01:45:00-04:00,2026-08-06 02:00:00-04:00,1911.70,1910.69,yes
KXETH15M-26AUG060145,"Target Price: $1,909.67",2026-08-06 01:30:00-04:00,2026-08-06 01:45:00-04:00,1910.69,1909.67,yes
KXETH15M-26AUG060130,"Target Price: $1,912.87",2026-08-06 01:15:00-04:00,2026-08-06 01:30:00-04:00,1909.67,1912.87,no
KXETH15M-26AUG060115,"Target Price: $1,905.60",2026-08-06 01:00:00-04:00,2026-08-06 01:15:00-04:00,1912.87,1905.6,yes
KXETH15M-26AUG060100,"Target Price: $1,903.20",2026-08-06 00:45:00-04:00,2026-08-06 01:00:00-04:00,1905.60,1903.2,yes
KXETH15M-26AUG060045,"Target Price: $1,903.81",2026-08-06 00:30:00-04:00,2026-08-06 00:45:00-04:00,1903.20,1903.81,no
KXETH15M-26AUG060030,"Target Price: $1,897.66",2026-08-06 00:15:00-04:00,2026-08-06 00:30:00-04:00,1903.81,1897.66,yes
KXETH15M-26AUG060015,"Target Price: $1,896.64",2026-08-06 00:00:00-04:00,2026-08-06 00:15:00-04:00,1897.66,1896.64,yes
KXETH15M-26AUG060000,"Target Price: $1,895.50",2026-08-05 23:45:00-04:00,2026-08-06 00:00:00-04:00,1896.64,1895.5,yes
KXETH15M-26AUG052345,"Target Price: $1,894.85",2026-08-05 23:30:00-04:00,2026-08-05 23:45:00-04:00,1895.50,1894.85,yes
KXETH15M-26AUG052330,"Target Price: $1,896.21",2026-08-05 23:15:00-04:00,2026-08-05 23:30:00-04:00,1894.85,1896.21,no
KXETH15M-26AUG052315,"Target Price: $1,897.15",2026-08-05 23:00:00-04:00,2026-08-05 23:15:00-04:00,1896.21,1897.15,no
KXETH15M-26AUG052300,"Target Price: $1,897.72",2026-08-05 22:45:00-04:00,2026-08-05 23:00:00-04:00,1897.15,1897.72,no
KXETH15M-26AUG052245,"Target Price: $1,896.15",2026-08-05 22:30:00-04:00,2026-08-05 22:45:00-04:00,1897.72,1896.15,yes
KXETH15M-26AUG052230,"Target Price: $1,905.18",2026-08-05 22:15:00-04:00,2026-08-05 22:30:00-04:00,1896.15,1905.18,no
KXETH15M-26AUG052215,"Target Price: $1,904.99",2026-08-05 22:00:00-04:00,2026-08-05 22:15:00-04:00,1905.18,1904.99,yes
KXETH15M-26AUG052200,"Target Price: $1,904.51",2026-08-05 21:45:00-04:00,2026-08-05 22:00:00-04:00,1904.99,1904.51,yes
KXETH15M-26AUG052145,"Target Price: $1,903.34",2026-08-05 21:30:00-04:00,2026-08-05 21:45:00-04:00,1904.51,1903.34,yes
KXETH15M-26AUG052130,"Target Price: $1,907.27",2026-08-05 21:15:00-04:00,2026-08-05 21:30:00-04:00,1903.34,1907.27,no
KXETH15M-26AUG052115,"Target Price: $1,909.26",2026-08-05 21:00:00-04:00,2026-08-05 21:15:00-04:00,1907.27,1909.26,no
KXETH15M-26AUG052100,"Target Price: $1,907.77",2026-08-05 20:45:00-04:00,2026-08-05 21:00:00-04:00,1909.26,1907.77,yes
KXETH15M-26AUG052045,"Target Price: $1,909.80",2026-08-05 20:30:00-04:00,2026-08-05 20:45:00-04:00,1907.77,1909.8,no
KXETH15M-26AUG052030,"Target Price: $1,909.36",2026-08-05 20:15:00-04:00,2026-08-05 20:30:00-04:00,1909.80,1909.36,yes
KXETH15M-26AUG052015,"Target Price: $1,906.90",2026-08-05 20:00:00-04:00,2026-08-05 20:15:00-04:00,1909.36,1906.9,yes
KXETH15M-26AUG052000,"Target Price: $1,909.10",2026-08-05 19:45:00-04:00,2026-08-05 20:00:00-04:00,1906.90,1909.1,no
KXETH15M-26AUG051945,"Target Price: $1,908.40",2026-08-05 19:30:00-04:00,2026-08-05 19:45:00-04:00,1909.10,1908.4,yes
KXETH15M-26AUG051930,"Target Price: $1,907.96",2026-08-05 19:15:00-04:00,2026-08-05 19:30:00-04:00,1908.40,1907.96,yes
KXETH15M-26AUG051915,"Target Price: $1,905.57",2026-08-05 19:00:00-04:00,2026-08-05 19:15:00-04:00,1907.96,1905.57,yes
KXETH15M-26AUG051900,"Target Price: $1,907.74",2026-08-05 18:45:00-04:00,2026-08-05 19:00:00-04:00,1905.57,1907.74,no
KXETH15M-26AUG051845,"Target Price: $1,910.18",2026-08-05 18:30:00-04:00,2026-08-05 18:45:00-04:00,1907.74,1910.18,no
KXETH15M-26AUG051830,"Target Price: $1,910.17",2026-08-05 18:15:00-04:00,2026-08-05 18:30:00-04:00,1910.18,1910.17,yes
KXETH15M-26AUG051815,"Target Price: $1,907.35",2026-08-05 18:00:00-04:00,2026-08-05 18:15:00-04:00,1910.17,1907.35,yes
KXETH15M-26AUG051800,"Target Price: $1,906.96",2026-08-05 17:45:00-04:00,2026-08-05 18:00:00-04:00,1907.35,1906.96,yes
KXETH15M-26AUG051745,"Target Price: $1,908.38",2026-08-05 17:30:00-04:00,2026-08-05 17:45:00-04:00,1906.96,1908.38,no
KXETH15M-26AUG051730,"Target Price: $1,912.13",2026-08-05 17:15:00-04:00,2026-08-05 17:30:00-04:00,1908.38,1912.13,no
KXETH15M-26AUG051715,"Target Price: $1,915.77",2026-08-05 17:00:00-04:00,2026-08-05 17:15:00-04:00,1912.13,1915.77,no
KXETH15M-26AUG051700,"Target Price: $1,922.08",2026-08-05 16:45:00-04:00,2026-08-05 17:00:00-04:00,1915.77,1922.08,no
KXETH15M-26AUG051645,"Target Price: $1,918.47",2026-08-05 16:30:00-04:00,2026-08-05 16:45:00-04:00,1922.08,1918.47,yes
KXETH15M-26AUG051630,"Target Price: $1,918.51",2026-08-05 16:15:00-04:00,2026-08-05 16:30:00-04:00,1918.47,1918.51,no
KXETH15M-26AUG051615,"Target Price: $1,916.28",2026-08-05 16:00:00-04:00,2026-08-05 16:15:00-04:00,1918.51,1916.28,yes
KXETH15M-26AUG051600,"Target Price: $1,918.29",2026-08-05 15:45:00-04:00,2026-08-05 16:00:00-04:00,1916.28,1918.29,no
KXETH15M-26AUG051545,"Target Price: $1,917.96",2026-08-05 15:30:00-04:00,2026-08-05 15:45:00-04:00,1918.29,1917.96,yes
KXETH15M-26AUG051530,"Target Price: $1,917.08",2026-08-05 15:15:00-04:00,2026-08-05 15:30:00-04:00,1917.96,1917.08,yes
KXETH15M-26AUG051515,"Target Price: $1,916.43",2026-08-05 15:00:00-04:00,2026-08-05 15:15:00-04:00,1917.08,1916.43,yes
KXETH15M-26AUG051500,"Target Price: $1,917.76",2026-08-05 14:45:00-04:00,2026-08-05 15:00:00-04:00,1916.43,1917.76,no
KXETH15M-26AUG051445,"Target Price: $1,917.64",2026-08-05 14:30:00-04:00,2026-08-05 14:45:00-04:00,1917.76,1917.64,yes
KXETH15M-26AUG051430,"Target Price: $1,917.73",2026-08-05 14:15:00-04:00,2026-08-05 14:30:00-04:00,1917.64,1917.73,no
KXETH15M-26AUG051415,"Target Price: $1,914.84",2026-08-05 14:00:00-04:00,2026-08-05 14:15:00-04:00,1917.73,1914.84,yes
KXETH15M-26AUG051400,"Target Price: $1,907.40",2026-08-05 13:45:00-04:00,2026-08-05 14:00:00-04:00,1914.84,1907.4,yes
KXETH15M-26AUG051345,"Target Price: $1,890.57",2026-08-05 13:30:00-04:00,2026-08-05 13:45:00-04:00,1907.40,1890.57,yes
KXETH15M-26AUG051330,"Target Price: $1,892.59",2026-08-05 13:15:00-04:00,2026-08-05 13:30:00-04:00,1890.57,1892.59,no
KXETH15M-26AUG051315,"Target Price: $1,893.55",2026-08-05 13:00:00-04:00,2026-08-05 13:15:00-04:00,1892.59,1893.55,no
KXETH15M-26AUG051300,"Target Price: $1,891.47",2026-08-05 12:45:00-04:00,2026-08-05 13:00:00-04:00,1893.55,1891.47,yes
KXETH15M-26AUG051245,"Target Price: $1,893.71",2026-08-05 12:30:00-04:00,2026-08-05 12:45:00-04:00,1891.47,1893.71,no
KXETH15M-26AUG051230,"Target Price: $1,878.89",2026-08-05 12:15:00-04:00,2026-08-05 12:30:00-04:00,1893.71,1878.89,yes
KXETH15M-26AUG051215,"Target Price: $1,872.24",2026-08-05 12:00:00-04:00,2026-08-05 12:15:00-04:00,1878.89,1872.24,yes
KXETH15M-26AUG051200,"Target Price: $1,876.52",2026-08-05 11:45:00-04:00,2026-08-05 12:00:00-04:00,1872.24,1876.52,no
KXETH15M-26AUG051145,"Target Price: $1,875.88",2026-08-05 11:30:00-04:00,2026-08-05 11:45:00-04:00,1876.52,1875.88,yes
KXETH15M-26AUG051130,"Target Price: $1,877.23",2026-08-05 11:15:00-04:00,2026-08-05 11:30:00-04:00,1875.88,1877.23,no
KXETH15M-26AUG051115,"Target Price: $1,875.10",2026-08-05 11:00:00-04:00,2026-08-05 11:15:00-04:00,1877.23,1875.1,yes
KXETH15M-26AUG051100,"Target Price: $1,872.93",2026-08-05 10:45:00-04:00,2026-08-05 11:00:00-04:00,1875.10,1872.93,yes
KXETH15M-26AUG051045,"Target Price: $1,871.53",2026-08-05 10:30:00-04:00,2026-08-05 10:45:00-04:00,1872.93,1871.53,yes
KXETH15M-26AUG051030,"Target Price: $1,878.43",2026-08-05 10:15:00-04:00,2026-08-05 10:30:00-04:00,1871.53,1878.43,no
KXETH15M-26AUG051015,"Target Price: $1,876.59",2026-08-05 10:00:00-04:00,2026-08-05 10:15:00-04:00,1878.43,1876.59,yes
KXETH15M-26AUG051000,"Target Price: $1,868.56",2026-08-05 09:45:00-04:00,2026-08-05 10:00:00-04:00,1876.59,1868.56,yes
KXETH15M-26AUG050945,"Target Price: $1,868.39",2026-08-05 09:30:00-04:00,2026-08-05 09:45:00-04:00,1868.56,1868.39,yes
KXETH15M-26AUG050930,"Target Price: $1,867.01",2026-08-05 09:15:00-04:00,2026-08-05 09:30:00-04:00,1868.39,1867.01,yes
KXETH15M-26AUG050915,"Target Price: $1,875.02",2026-08-05 09:00:00-04:00,2026-08-05 09:15:00-04:00,1867.01,1875.02,no
KXETH15M-26AUG050900,"Target Price: $1,878.49",2026-08-05 08:45:00-04:00,2026-08-05 09:00:00-04:00,1875.02,1878.49,no
KXETH15M-26AUG050845,"Target Price: $1,881.18",2026-08-05 08:30:00-04:00,2026-08-05 08:45:00-04:00,1878.49,1881.18,no
KXETH15M-26AUG050830,"Target Price: $1,870.28",2026-08-05 08:15:00-04:00,2026-08-05 08:30:00-04:00,1881.18,1870.28,yes
KXETH15M-26AUG050815,"Target Price: $1,867.35",2026-08-05 08:00:00-04:00,2026-08-05 08:15:00-04:00,1870.28,1867.35,yes
KXETH15M-26AUG050800,"Target Price: $1,867.54",2026-08-05 07:45:00-04:00,2026-08-05 08:00:00-04:00,1867.35,1867.54,no
KXETH15M-26AUG050745,"Target Price: $1,867.48",2026-08-05 07:30:00-04:00,2026-08-05 07:45:00-04:00,1867.54,1867.48,yes
KXETH15M-26AUG050730,"Target Price: $1,868.60",2026-08-05 07:15:00-04:00,2026-08-05 07:30:00-04:00,1867.48,1868.6,no
KXETH15M-26AUG050715,"Target Price: $1,866.68",2026-08-05 07:00:00-04:00,2026-08-05 07:15:00-04:00,1868.60,1866.68,yes
KXETH15M-26AUG050700,"Target Price: $1,872.21",2026-08-05 06:45:00-04:00,2026-08-05 07:00:00-04:00,1866.68,1872.21,no
KXETH15M-26AUG050645,"Target Price: $1,872.16",2026-08-05 06:30:00-04:00,2026-08-05 06:45:00-04:00,1872.21,1872.16,yes
KXETH15M-26AUG050630,"Target Price: $1,870.39",2026-08-05 06:15:00-04:00,2026-08-05 06:30:00-04:00,1872.16,1870.39,yes
KXETH15M-26AUG050615,"Target Price: $1,870.44",2026-08-05 06:00:00-04:00,2026-08-05 06:15:00-04:00,1870.39,1870.44,no
KXETH15M-26AUG050600,"Target Price: $1,871.53",2026-08-05 05:45:00-04:00,2026-08-05 06:00:00-04:00,1870.44,1871.53,no
KXETH15M-26AUG050545,"Target Price: $1,870.81",2026-08-05 05:30:00-04:00,2026-08-05 05:45:00-04:00,1871.53,1870.81,yes
KXETH15M-26AUG050530,"Target Price: $1,870.01",2026-08-05 05:15:00-04:00,2026-08-05 05:30:00-04:00,1870.81,1870.01,yes
KXETH15M-26AUG050515,"Target Price: $1,868.05",2026-08-05 05:00:00-04:00,2026-08-05 05:15:00-04:00,1870.01,1868.05,yes
KXETH15M-26AUG050500,"Target Price: $1,867.46",2026-08-05 04:45:00-04:00,2026-08-05 05:00:00-04:00,1868.05,1867.46,yes
KXETH15M-26AUG050445,"Target Price: $1,870.39",2026-08-05 04:30:00-04:00,2026-08-05 04:45:00-04:00,1867.46,1870.39,no
KXETH15M-26AUG050430,"Target Price: $1,868.28",2026-08-05 04:15:00-04:00,2026-08-05 04:30:00-04:00,1870.39,1868.28,yes
KXETH15M-26AUG050415,"Target Price: $1,868.76",2026-08-05 04:00:00-04:00,2026-08-05 04:15:00-04:00,1868.28,1868.76,no
KXETH15M-26AUG050400,"Target Price: $1,862.53",2026-08-05 03:45:00-04:00,2026-08-05 04:00:00-04:00,1868.76,1862.53,yes
KXETH15M-26AUG050345,"Target Price: $1,862.33",2026-08-05 03:30:00-04:00,2026-08-05 03:45:00-04:00,1862.53,1862.33,yes
KXETH15M-26AUG050330,"Target Price: $1,865.59",2026-08-05 03:15:00-04:00,2026-08-05 03:30:00-04:00,1862.33,1865.59,no
KXETH15M-26AUG050315,"Target Price: $1,867.72",2026-08-05 03:00:00-04:00,2026-08-05 03:15:00-04:00,1865.59,1867.72,no
KXETH15M-26AUG050300,"Target Price: $1,868.50",2026-08-05 02:45:00-04:00,2026-08-05 03:00:00-04:00,1867.72,1868.5,no
KXETH15M-26AUG050245,"Target Price: $1,868.17",2026-08-05 02:30:00-04:00,2026-08-05 02:45:00-04:00,1868.50,1868.17,yes
KXETH15M-26AUG050230,"Target Price: $1,870.37",2026-08-05 02:15:00-04:00,2026-08-05 02:30:00-04:00,1868.17,1870.37,no
KXETH15M-26AUG050215,"Target Price: $1,871.81",2026-08-05 02:00:00-04:00,2026-08-05 02:15:00-04:00,1870.37,1871.81,no
KXETH15M-26AUG050200,"Target Price: $1,870.97",2026-08-05 01:45:00-04:00,2026-08-05 02:00:00-04:00,1871.81,1870.97,yes
KXETH15M-26AUG050145,"Target Price: $1,872.77",2026-08-05 01:30:00-04:00,2026-08-05 01:45:00-04:00,1870.97,1872.77,no
KXETH15M-26AUG050130,"Target Price: $1,870.10",2026-08-05 01:15:00-04:00,2026-08-05 01:30:00-04:00,1872.77,1870.1,yes
KXETH15M-26AUG050115,"Target Price: $1,865.53",2026-08-05 01:00:00-04:00,2026-08-05 01:15:00-04:00,1870.10,1865.53,yes
KXETH15M-26AUG050100,"Target Price: $1,865.81",2026-08-05 00:45:00-04:00,2026-08-05 01:00:00-04:00,1865.53,1865.81,no
KXETH15M-26AUG050045,"Target Price: $1,865.82",2026-08-05 00:30:00-04:00,2026-08-05 00:45:00-04:00,1865.81,1865.82,no
KXETH15M-26AUG050030,"Target Price: $1,864.39",2026-08-05 00:15:00-04:00,2026-08-05 00:30:00-04:00,1865.82,1864.39,yes
KXETH15M-26AUG050015,"Target Price: $1,866.15",2026-08-05 00:00:00-04:00,2026-08-05 00:15:00-04:00,1864.39,1866.15,no
KXETH15M-26AUG050000,"Target Price: $1,864.75",2026-08-04 23:45:00-04:00,2026-08-05 00:00:00-04:00,1866.15,1864.75,yes
KXETH15M-26AUG042345,"Target Price: $1,863.73",2026-08-04 23:30:00-04:00,2026-08-04 23:45:00-04:00,1864.75,1863.73,yes
KXETH15M-26AUG042330,"Target Price: $1,869.95",2026-08-04 23:15:00-04:00,2026-08-04 23:30:00-04:00,1863.73,1869.95,no
KXETH15M-26AUG042315,"Target Price: $1,872.65",2026-08-04 23:00:00-04:00,2026-08-04 23:15:00-04:00,1869.95,1872.65,no
KXETH15M-26AUG042300,"Target Price: $1,873.30",2026-08-04 22:45:00-04:00,2026-08-04 23:00:00-04:00,1872.65,1873.3,no
KXETH15M-26AUG042245,"Target Price: $1,872.65",2026-08-04 22:30:00-04:00,2026-08-04 22:45:00-04:00,1873.30,1872.65,yes
KXETH15M-26AUG042230,"Target Price: $1,874.70",2026-08-04 22:15:00-04:00,2026-08-04 22:30:00-04:00,1872.65,1874.7,no
KXETH15M-26AUG042215,"Target Price: $1,871.47",2026-08-04 22:00:00-04:00,2026-08-04 22:15:00-04:00,1874.70,1871.47,yes
KXETH15M-26AUG042200,"Target Price: $1,868.86",2026-08-04 21:45:00-04:00,2026-08-04 22:00:00-04:00,1871.47,1868.86,yes
KXETH15M-26AUG042145,"Target Price: $1,865.40",2026-08-04 21:30:00-04:00,2026-08-04 21:45:00-04:00,1868.86,1865.4,yes
KXETH15M-26AUG042130,"Target Price: $1,863.31",2026-08-04 21:15:00-04:00,2026-08-04 21:30:00-04:00,1865.40,1863.31,yes
KXETH15M-26AUG042115,"Target Price: $1,862.36",2026-08-04 21:00:00-04:00,2026-08-04 21:15:00-04:00,1863.31,1862.36,yes
KXETH15M-26AUG042100,"Target Price: $1,865.82",2026-08-04 20:45:00-04:00,2026-08-04 21:00:00-04:00,1862.36,1865.82,no
KXETH15M-26AUG042045,"Target Price: $1,865.35",2026-08-04 20:30:00-04:00,2026-08-04 20:45:00-04:00,1865.82,1865.35,yes
KXETH15M-26AUG042030,"Target Price: $1,866.74",2026-08-04 20:15:00-04:00,2026-08-04 20:30:00-04:00,1865.35,1866.74,no
KXETH15M-26AUG042015,"Target Price: $1,868.25",2026-08-04 20:00:00-04:00,2026-08-04 20:15:00-04:00,1866.74,1868.25,no
KXETH15M-26AUG042000,"Target Price: $1,870.30",2026-08-04 19:45:00-04:00,2026-08-04 20:00:00-04:00,1868.25,1870.3,no
KXETH15M-26AUG041945,"Target Price: $1,869.28",2026-08-04 19:30:00-04:00,2026-08-04 19:45:00-04:00,1870.30,1869.28,yes
KXETH15M-26AUG041930,"Target Price: $1,876.90",2026-08-04 19:15:00-04:00,2026-08-04 19:30:00-04:00,1869.28,1876.9,no
KXETH15M-26AUG041915,"Target Price: $1,873.96",2026-08-04 19:00:00-04:00,2026-08-04 19:15:00-04:00,1876.90,1873.96,yes
KXETH15M-26AUG041900,"Target Price: $1,873.29",2026-08-04 18:45:00-04:00,2026-08-04 19:00:00-04:00,1873.96,1873.29,yes
KXETH15M-26AUG041845,"Target Price: $1,874.43",2026-08-04 18:30:00-04:00,2026-08-04 18:45:00-04:00,1873.29,1874.43,no
KXETH15M-26AUG041830,"Target Price: $1,871.60",2026-08-04 18:15:00-04:00,2026-08-04 18:30:00-04:00,1874.43,1871.6,yes
KXETH15M-26AUG041815,"Target Price: $1,870.83",2026-08-04 18:00:00-04:00,2026-08-04 18:15:00-04:00,1871.60,1870.83,yes
KXETH15M-26AUG041800,"Target Price: $1,871.50",2026-08-04 17:45:00-04:00,2026-08-04 18:00:00-04:00,1870.83,1871.5,no
KXETH15M-26AUG041745,"Target Price: $1,872.44",2026-08-04 17:30:00-04:00,2026-08-04 17:45:00-04:00,1871.50,1872.44,no
KXETH15M-26AUG041730,"Target Price: $1,871.21",2026-08-04 17:15:00-04:00,2026-08-04 17:30:00-04:00,1872.44,1871.21,yes
KXETH15M-26AUG041715,"Target Price: $1,874.95",2026-08-04 17:00:00-04:00,2026-08-04 17:15:00-04:00,1871.21,1874.95,no
KXETH15M-26AUG041700,"Target Price: $1,877.92",2026-08-04 16:45:00-04:00,2026-08-04 17:00:00-04:00,1874.95,1877.92,no
KXETH15M-26AUG041645,"Target Price: $1,869.72",2026-08-04 16:30:00-04:00,2026-08-04 16:45:00-04:00,1877.92,1869.72,yes
KXETH15M-26AUG041630,"Target Price: $1,872.45",2026-08-04 16:15:00-04:00,2026-08-04 16:30:00-04:00,1869.72,1872.45,no
KXETH15M-26AUG041615,"Target Price: $1,875.22",2026-08-04 16:00:00-04:00,2026-08-04 16:15:00-04:00,1872.45,1875.22,no
KXETH15M-26AUG041600,"Target Price: $1,878.96",2026-08-04 15:45:00-04:00,2026-08-04 16:00:00-04:00,1875.22,1878.96,no
KXETH15M-26AUG041545,"Target Price: $1,873.38",2026-08-04 15:30:00-04:00,2026-08-04 15:45:00-04:00,1878.96,1873.38,yes
KXETH15M-26AUG041530,"Target Price: $1,876.16",2026-08-04 15:15:00-04:00,2026-08-04 15:30:00-04:00,1873.38,1876.16,no
KXETH15M-26AUG041515,"Target Price: $1,873.30",2026-08-04 15:00:00-04:00,2026-08-04 15:15:00-04:00,1876.16,1873.3,yes
KXETH15M-26AUG041500,"Target Price: $1,873.18",2026-08-04 14:45:00-04:00,2026-08-04 15:00:00-04:00,1873.30,1873.18,yes
KXETH15M-26AUG041445,"Target Price: $1,877.74",2026-08-04 14:30:00-04:00,2026-08-04 14:45:00-04:00,1873.18,1877.74,no
KXETH15M-26AUG041430,"Target Price: $1,873.98",2026-08-04 14:15:00-04:00,2026-08-04 14:30:00-04:00,1877.74,1873.98,yes
KXETH15M-26AUG041415,"Target Price: $1,867.91",2026-08-04 14:00:00-04:00,2026-08-04 14:15:00-04:00,1873.98,1867.91,yes
KXETH15M-26AUG041400,"Target Price: $1,874.91",2026-08-04 13:45:00-04:00,2026-08-04 14:00:00-04:00,1867.91,1874.91,no
KXETH15M-26AUG041345,"Target Price: $1,873.22",2026-08-04 13:30:00-04:00,2026-08-04 13:45:00-04:00,1874.91,1873.22,yes
KXETH15M-26AUG041330,"Target Price: $1,872.23",2026-08-04 13:15:00-04:00,2026-08-04 13:30:00-04:00,1873.22,1872.23,yes
KXETH15M-26AUG041315,"Target Price: $1,867.84",2026-08-04 13:00:00-04:00,2026-08-04 13:15:00-04:00,1872.23,1867.84,yes
KXETH15M-26AUG041300,"Target Price: $1,865.63",2026-08-04 12:45:00-04:00,2026-08-04 13:00:00-04:00,1867.84,1865.63,yes
KXETH15M-26AUG041245,"Target Price: $1,868.61",2026-08-04 12:30:00-04:00,2026-08-04 12:45:00-04:00,1865.63,1868.61,no
KXETH15M-26AUG041230,"Target Price: $1,868.77",2026-08-04 12:15:00-04:00,2026-08-04 12:30:00-04:00,1868.61,1868.77,no
KXETH15M-26AUG041215,"Target Price: $1,871.62",2026-08-04 12:00:00-04:00,2026-08-04 12:15:00-04:00,1868.77,1871.62,no
KXETH15M-26AUG041200,"Target Price: $1,868.15",2026-08-04 11:45:00-04:00,2026-08-04 12:00:00-04:00,1871.62,1868.15,yes
KXETH15M-26AUG041145,"Target Price: $1,864.46",2026-08-04 11:30:00-04:00,2026-08-04 11:45:00-04:00,1868.15,1864.46,yes
KXETH15M-26AUG041130,"Target Price: $1,868.61",2026-08-04 11:15:00-04:00,2026-08-04 11:30:00-04:00,1864.46,1868.61,no
KXETH15M-26AUG041115,"Target Price: $1,872.17",2026-08-04 11:00:00-04:00,2026-08-04 11:15:00-04:00,1868.61,1872.17,no
KXETH15M-26AUG041100,"Target Price: $1,872.10",2026-08-04 10:45:00-04:00,2026-08-04 11:00:00-04:00,1872.17,1872.1,yes
KXETH15M-26AUG041045,"Target Price: $1,865.16",2026-08-04 10:30:00-04:00,2026-08-04 10:45:00-04:00,1872.10,1865.16,yes
KXETH15M-26AUG041030,"Target Price: $1,862.64",2026-08-04 10:15:00-04:00,2026-08-04 10:30:00-04:00,1865.16,1862.64,yes
KXETH15M-26AUG041015,"Target Price: $1,860.30",2026-08-04 10:00:00-04:00,2026-08-04 10:15:00-04:00,1862.64,1860.3,yes
KXETH15M-26AUG041000,"Target Price: $1,872.26",2026-08-04 09:45:00-04:00,2026-08-04 10:00:00-04:00,1860.30,1872.26,no
KXETH15M-26AUG040945,"Target Price: $1,868.93",2026-08-04 09:30:00-04:00,2026-08-04 09:45:00-04:00,1872.26,1868.93,yes
KXETH15M-26AUG040930,"Target Price: $1,873.86",2026-08-04 09:15:00-04:00,2026-08-04 09:30:00-04:00,1868.93,1873.86,no
KXETH15M-26AUG040915,"Target Price: $1,873.84",2026-08-04 09:00:00-04:00,2026-08-04 09:15:00-04:00,1873.86,1873.84,yes
KXETH15M-26AUG040900,"Target Price: $1,876.36",2026-08-04 08:45:00-04:00,2026-08-04 09:00:00-04:00,1873.84,1876.36,no
KXETH15M-26AUG040845,"Target Price: $1,870.10",2026-08-04 08:30:00-04:00,2026-08-04 08:45:00-04:00,1876.36,1870.1,yes
KXETH15M-26AUG040830,"Target Price: $1,867.80",2026-08-04 08:15:00-04:00,2026-08-04 08:30:00-04:00,1870.10,1867.8,yes
KXETH15M-26AUG040815,"Target Price: $1,871.26",2026-08-04 08:00:00-04:00,2026-08-04 08:15:00-04:00,1867.80,1871.26,no
KXETH15M-26AUG040800,"Target Price: $1,869.71",2026-08-04 07:45:00-04:00,2026-08-04 08:00:00-04:00,1871.26,1869.71,yes
KXETH15M-26AUG040745,"Target Price: $1,866.99",2026-08-04 07:30:00-04:00,2026-08-04 07:45:00-04:00,1869.71,1866.99,yes
KXETH15M-26AUG040730,"Target Price: $1,865.26",2026-08-04 07:15:00-04:00,2026-08-04 07:30:00-04:00,1866.99,1865.26,yes
KXETH15M-26AUG040715,"Target Price: $1,864.99",2026-08-04 07:00:00-04:00,2026-08-04 07:15:00-04:00,1865.26,1864.99,yes
KXETH15M-26AUG040700,"Target Price: $1,858.93",2026-08-04 06:45:00-04:00,2026-08-04 07:00:00-04:00,1864.99,1858.93,yes
KXETH15M-26AUG040645,"Target Price: $1,854.01",2026-08-04 06:30:00-04:00,2026-08-04 06:45:00-04:00,1858.93,1854.01,yes
KXETH15M-26AUG040630,"Target Price: $1,853.64",2026-08-04 06:15:00-04:00,2026-08-04 06:30:00-04:00,1854.01,1853.64,yes
KXETH15M-26AUG040615,"Target Price: $1,856.64",2026-08-04 06:00:00-04:00,2026-08-04 06:15:00-04:00,1853.64,1856.64,no
KXETH15M-26AUG040600,"Target Price: $1,854.53",2026-08-04 05:45:00-04:00,2026-08-04 06:00:00-04:00,1856.64,1854.53,yes
KXETH15M-26AUG040545,"Target Price: $1,854.85",2026-08-04 05:30:00-04:00,2026-08-04 05:45:00-04:00,1854.53,1854.85,no
KXETH15M-26AUG040530,"Target Price: $1,855.20",2026-08-04 05:15:00-04:00,2026-08-04 05:30:00-04:00,1854.85,1855.2,no
KXETH15M-26AUG040515,"Target Price: $1,856.41",2026-08-04 05:00:00-04:00,2026-08-04 05:15:00-04:00,1855.20,1856.41,no
KXETH15M-26AUG040500,"Target Price: $1,857.48",2026-08-04 04:45:00-04:00,2026-08-04 05:00:00-04:00,1856.41,1857.48,no
KXETH15M-26AUG040445,"Target Price: $1,858.73",2026-08-04 04:30:00-04:00,2026-08-04 04:45:00-04:00,1857.48,1858.73,no
KXETH15M-26AUG040430,"Target Price: $1,860.78",2026-08-04 04:15:00-04:00,2026-08-04 04:30:00-04:00,1858.73,1860.78,no
KXETH15M-26AUG040415,"Target Price: $1,862.52",2026-08-04 04:00:00-04:00,2026-08-04 04:15:00-04:00,1860.78,1862.52,no
KXETH15M-26AUG040400,"Target Price: $1,857.99",2026-08-04 03:45:00-04:00,2026-08-04 04:00:00-04:00,1862.52,1857.99,yes
KXETH15M-26AUG040345,"Target Price: $1,856.00",2026-08-04 03:30:00-04:00,2026-08-04 03:45:00-04:00,1857.99,1856.0,yes
KXETH15M-26AUG040330,"Target Price: $1,854.04",2026-08-04 03:15:00-04:00,2026-08-04 03:30:00-04:00,1856.00,1854.04,yes
KXETH15M-26AUG040315,"Target Price: $1,855.38",2026-08-04 03:00:00-04:00,2026-08-04 03:15:00-04:00,1854.04,1855.38,no
KXETH15M-26AUG040300,"Target Price: $1,855.08",2026-08-04 02:45:00-04:00,2026-08-04 03:00:00-04:00,1855.38,1855.08,yes
KXETH15M-26AUG040245,"Target Price: $1,861.33",2026-08-04 02:30:00-04:00,2026-08-04 02:45:00-04:00,1855.08,1861.33,no
KXETH15M-26AUG040230,"Target Price: $1,862.16",2026-08-04 02:15:00-04:00,2026-08-04 02:30:00-04:00,1861.33,1862.16,no
KXETH15M-26AUG040215,"Target Price: $1,863.15",2026-08-04 02:00:00-04:00,2026-08-04 02:15:00-04:00,1862.16,1863.15,no
KXETH15M-26AUG040200,"Target Price: $1,864.25",2026-08-04 01:45:00-04:00,2026-08-04 02:00:00-04:00,1863.15,1864.25,no
KXETH15M-26AUG040145,"Target Price: $1,863.50",2026-08-04 01:30:00-04:00,2026-08-04 01:45:00-04:00,1864.25,1863.5,yes
KXETH15M-26AUG040130,"Target Price: $1,863.46",2026-08-04 01:15:00-04:00,2026-08-04 01:30:00-04:00,1863.50,1863.46,yes
KXETH15M-26AUG040115,"Target Price: $1,867.07",2026-08-04 01:00:00-04:00,2026-08-04 01:15:00-04:00,1863.46,1867.07,no
KXETH15M-26AUG040100,"Target Price: $1,869.30",2026-08-04 00:45:00-04:00,2026-08-04 01:00:00-04:00,1867.07,1869.3,no
KXETH15M-26AUG040045,"Target Price: $1,864.86",2026-08-04 00:30:00-04:00,2026-08-04 00:45:00-04:00,1869.30,1864.86,yes
KXETH15M-26AUG040030,"Target Price: $1,861.63",2026-08-04 00:15:00-04:00,2026-08-04 00:30:00-04:00,1864.86,1861.63,yes
KXETH15M-26AUG040015,"Target Price: $1,863.01",2026-08-04 00:00:00-04:00,2026-08-04 00:15:00-04:00,1861.63,1863.01,no
KXETH15M-26AUG040000,"Target Price: $1,863.44",2026-08-03 23:45:00-04:00,2026-08-04 00:00:00-04:00,1863.01,1863.44,no
KXETH15M-26AUG032345,"Target Price: $1,860.22",2026-08-03 23:30:00-04:00,2026-08-03 23:45:00-04:00,1863.44,1860.22,yes
KXETH15M-26AUG032330,"Target Price: $1,858.93",2026-08-03 23:15:00-04:00,2026-08-03 23:30:00-04:00,1860.22,1858.93,yes
KXETH15M-26AUG032315,"Target Price: $1,864.41",2026-08-03 23:00:00-04:00,2026-08-03 23:15:00-04:00,1858.93,1864.41,no
KXETH15M-26AUG032300,"Target Price: $1,867.07",2026-08-03 22:45:00-04:00,2026-08-03 23:00:00-04:00,1864.41,1867.07,no
KXETH15M-26AUG032245,"Target Price: $1,861.84",2026-08-03 22:30:00-04:00,2026-08-03 22:45:00-04:00,1867.07,1861.84,yes
KXETH15M-26AUG032230,"Target Price: $1,863.71",2026-08-03 22:15:00-04:00,2026-08-03 22:30:00-04:00,1861.84,1863.71,no
KXETH15M-26AUG032215,"Target Price: $1,865.73",2026-08-03 22:00:00-04:00,2026-08-03 22:15:00-04:00,1863.71,1865.73,no
KXETH15M-26AUG032200,"Target Price: $1,863.51",2026-08-03 21:45:00-04:00,2026-08-03 22:00:00-04:00,1865.73,1863.51,yes
KXETH15M-26AUG032145,"Target Price: $1,853.48",2026-08-03 21:30:00-04:00,2026-08-03 21:45:00-04:00,1863.51,1853.48,yes
KXETH15M-26AUG032130,"Target Price: $1,851.12",2026-08-03 21:15:00-04:00,2026-08-03 21:30:00-04:00,1853.48,1851.12,yes
KXETH15M-26AUG032115,"Target Price: $1,848.68",2026-08-03 21:00:00-04:00,2026-08-03 21:15:00-04:00,1851.12,1848.68,yes
KXETH15M-26AUG032100,"Target Price: $1,850.50",2026-08-03 20:45:00-04:00,2026-08-03 21:00:00-04:00,1848.68,1850.5,no
KXETH15M-26AUG032045,"Target Price: $1,854.75",2026-08-03 20:30:00-04:00,2026-08-03 20:45:00-04:00,1850.50,1854.75,no
KXETH15M-26AUG032030,"Target Price: $1,858.63",2026-08-03 20:15:00-04:00,2026-08-03 20:30:00-04:00,1854.75,1858.63,no
KXETH15M-26AUG032015,"Target Price: $1,858.75",2026-08-03 20:00:00-04:00,2026-08-03 20:15:00-04:00,1858.63,1858.75,no
KXETH15M-26AUG032000,"Target Price: $1,856.92",2026-08-03 19:45:00-04:00,2026-08-03 20:00:00-04:00,1858.75,1856.92,yes
KXETH15M-26AUG031945,"Target Price: $1,857.88",2026-08-03 19:30:00-04:00,2026-08-03 19:45:00-04:00,1856.92,1857.88,no
KXETH15M-26AUG031930,"Target Price: $1,855.28",2026-08-03 19:15:00-04:00,2026-08-03 19:30:00-04:00,1857.88,1855.28,yes
KXETH15M-26AUG031915,"Target Price: $1,858.71",2026-08-03 19:00:00-04:00,2026-08-03 19:15:00-04:00,1855.28,1858.71,no
KXETH15M-26AUG031900,"Target Price: $1,855.51",2026-08-03 18:45:00-04:00,2026-08-03 19:00:00-04:00,1858.71,1855.51,yes
KXETH15M-26AUG031845,"Target Price: $1,858.24",2026-08-03 18:30:00-04:00,2026-08-03 18:45:00-04:00,1855.51,1858.24,no
KXETH15M-26AUG031830,"Target Price: $1,857.79",2026-08-03 18:15:00-04:00,2026-08-03 18:30:00-04:00,1858.24,1857.79,yes
KXETH15M-26AUG031815,"Target Price: $1,862.61",2026-08-03 18:00:00-04:00,2026-08-03 18:15:00-04:00,1857.79,1862.61,no
KXETH15M-26AUG031800,"Target Price: $1,866.90",2026-08-03 17:45:00-04:00,2026-08-03 18:00:00-04:00,1862.61,1866.9,no
KXETH15M-26AUG031745,"Target Price: $1,864.99",2026-08-03 17:30:00-04:00,2026-08-03 17:45:00-04:00,1866.90,1864.99,yes
KXETH15M-26AUG031730,"Target Price: $1,865.28",2026-08-03 17:15:00-04:00,2026-08-03 17:30:00-04:00,1864.99,1865.28,no
KXETH15M-26AUG031715,"Target Price: $1,867.35",2026-08-03 17:00:00-04:00,2026-08-03 17:15:00-04:00,1865.28,1867.35,no
KXETH15M-26AUG031700,"Target Price: $1,870.83",2026-08-03 16:45:00-04:00,2026-08-03 17:00:00-04:00,1867.35,1870.83,no
KXETH15M-26AUG031645,"Target Price: $1,870.87",2026-08-03 16:30:00-04:00,2026-08-03 16:45:00-04:00,1870.83,1870.87,no
KXETH15M-26AUG031630,"Target Price: $1,870.24",2026-08-03 16:15:00-04:00,2026-08-03 16:30:00-04:00,1870.87,1870.24,yes
KXETH15M-26AUG031615,"Target Price: $1,869.37",2026-08-03 16:00:00-04:00,2026-08-03 16:15:00-04:00,1870.24,1869.37,yes
KXETH15M-26AUG031600,"Target Price: $1,870.33",2026-08-03 15:45:00-04:00,2026-08-03 16:00:00-04:00,1869.37,1870.33,no
KXETH15M-26AUG031545,"Target Price: $1,871.37",2026-08-03 15:30:00-04:00,2026-08-03 15:45:00-04:00,1870.33,1871.37,no
KXETH15M-26AUG031530,"Target Price: $1,869.40",2026-08-03 15:15:00-04:00,2026-08-03 15:30:00-04:00,1871.37,1869.4,yes
KXETH15M-26AUG031515,"Target Price: $1,867.49",2026-08-03 15:00:00-04:00,2026-08-03 15:15:00-04:00,1869.40,1867.49,yes
KXETH15M-26AUG031500,"Target Price: $1,866.92",2026-08-03 14:45:00-04:00,2026-08-03 15:00:00-04:00,1867.49,1866.92,yes
KXETH15M-26AUG031445,"Target Price: $1,866.61",2026-08-03 14:30:00-04:00,2026-08-03 14:45:00-04:00,1866.92,1866.61,yes
KXETH15M-26AUG031430,"Target Price: $1,871.39",2026-08-03 14:15:00-04:00,2026-08-03 14:30:00-04:00,1866.61,1871.39,no
KXETH15M-26AUG031415,"Target Price: $1,866.73",2026-08-03 14:00:00-04:00,2026-08-03 14:15:00-04:00,1871.39,1866.73,yes
KXETH15M-26AUG031400,"Target Price: $1,867.87",2026-08-03 13:45:00-04:00,2026-08-03 14:00:00-04:00,1866.73,1867.87,no
KXETH15M-26AUG031345,"Target Price: $1,866.15",2026-08-03 13:30:00-04:00,2026-08-03 13:45:00-04:00,1867.87,1866.15,yes
KXETH15M-26AUG031330,"Target Price: $1,867.74",2026-08-03 13:15:00-04:00,2026-08-03 13:30:00-04:00,1866.15,1867.74,no
KXETH15M-26AUG031315,"Target Price: $1,864.33",2026-08-03 13:00:00-04:00,2026-08-03 13:15:00-04:00,1867.74,1864.33,yes
KXETH15M-26AUG031300,"Target Price: $1,863.51",2026-08-03 12:45:00-04:00,2026-08-03 13:00:00-04:00,1864.33,1863.51,yes
KXETH15M-26AUG031245,"Target Price: $1,868.07",2026-08-03 12:30:00-04:00,2026-08-03 12:45:00-04:00,1863.51,1868.07,no
KXETH15M-26AUG031230,"Target Price: $1,863.43",2026-08-03 12:15:00-04:00,2026-08-03 12:30:00-04:00,1868.07,1863.43,yes
KXETH15M-26AUG031215,"Target Price: $1,860.88",2026-08-03 12:00:00-04:00,2026-08-03 12:15:00-04:00,1863.43,1860.88,yes
KXETH15M-26AUG031200,"Target Price: $1,862.18",2026-08-03 11:45:00-04:00,2026-08-03 12:00:00-04:00,1860.88,1862.18,no
KXETH15M-26AUG031145,"Target Price: $1,861.26",2026-08-03 11:30:00-04:00,2026-08-03 11:45:00-04:00,1862.18,1861.26,yes
KXETH15M-26AUG031130,"Target Price: $1,863.25",2026-08-03 11:15:00-04:00,2026-08-03 11:30:00-04:00,1861.26,1863.25,no
KXETH15M-26AUG031115,"Target Price: $1,870.85",2026-08-03 11:00:00-04:00,2026-08-03 11:15:00-04:00,1863.25,1870.85,no
KXETH15M-26AUG031100,"Target Price: $1,863.66",2026-08-03 10:45:00-04:00,2026-08-03 11:00:00-04:00,1870.85,1863.66,yes
KXETH15M-26AUG031045,"Target Price: $1,865.49",2026-08-03 10:30:00-04:00,2026-08-03 10:45:00-04:00,1863.66,1865.49,no
KXETH15M-26AUG031030,"Target Price: $1,852.91",2026-08-03 10:15:00-04:00,2026-08-03 10:30:00-04:00,1865.49,1852.91,yes
KXETH15M-26AUG031015,"Target Price: $1,857.12",2026-08-03 10:00:00-04:00,2026-08-03 10:15:00-04:00,1852.91,1857.12,no
KXETH15M-26AUG031000,"Target Price: $1,846.49",2026-08-03 09:45:00-04:00,2026-08-03 10:00:00-04:00,1857.12,1846.49,yes
KXETH15M-26AUG030945,"Target Price: $1,841.42",2026-08-03 09:30:00-04:00,2026-08-03 09:45:00-04:00,1846.49,1841.42,yes
KXETH15M-26AUG030930,"Target Price: $1,842.13",2026-08-03 09:15:00-04:00,2026-08-03 09:30:00-04:00,1841.42,1842.13,no
KXETH15M-26AUG030915,"Target Price: $1,841.55",2026-08-03 09:00:00-04:00,2026-08-03 09:15:00-04:00,1842.13,1841.55,yes
KXETH15M-26AUG030900,"Target Price: $1,841.76",2026-08-03 08:45:00-04:00,2026-08-03 09:00:00-04:00,1841.55,1841.76,no
KXETH15M-26AUG030845,"Target Price: $1,840.56",2026-08-03 08:30:00-04:00,2026-08-03 08:45:00-04:00,1841.76,1840.56,yes
KXETH15M-26AUG030830,"Target Price: $1,838.75",2026-08-03 08:15:00-04:00,2026-08-03 08:30:00-04:00,1840.56,1838.75,yes
KXETH15M-26AUG030815,"Target Price: $1,837.24",2026-08-03 08:00:00-04:00,2026-08-03 08:15:00-04:00,1838.75,1837.24,yes
KXETH15M-26AUG030800,"Target Price: $1,842.11",2026-08-03 07:45:00-04:00,2026-08-03 08:00:00-04:00,1837.24,1842.11,no
KXETH15M-26AUG030745,"Target Price: $1,842.77",2026-08-03 07:30:00-04:00,2026-08-03 07:45:00-04:00,1842.11,1842.77,no
KXETH15M-26AUG030730,"Target Price: $1,840.19",2026-08-03 07:15:00-04:00,2026-08-03 07:30:00-04:00,1842.77,1840.19,yes
KXETH15M-26AUG030715,Target price: TBD,2026-08-03 07:00:00-04:00,2026-08-03 07:15:00-04:00,1840.19,,no
KXETH15M-26AUG030700,"Target Price: $1,845.42",2026-08-03 06:45:00-04:00,2026-08-03 07:00:00-04:00,1843.97,1845.42,no
KXETH15M-26AUG030645,"Target Price: $1,846.59",2026-08-03 06:30:00-04:00,2026-08-03 06:45:00-04:00,1845.42,1846.59,no
KXETH15M-26AUG030630,"Target Price: $1,848.95",2026-08-03 06:15:00-04:00,2026-08-03 06:30:00-04:00,1846.59,1848.95,no
KXETH15M-26AUG030615,"Target Price: $1,850.46",2026-08-03 06:00:00-04:00,2026-08-03 06:15:00-04:00,1848.95,1850.46,no
KXETH15M-26AUG030600,"Target Price: $1,843.29",2026-08-03 05:45:00-04:00,2026-08-03 06:00:00-04:00,1850.46,1843.29,yes
KXETH15M-26AUG030545,"Target Price: $1,840.58",2026-08-03 05:30:00-04:00,2026-08-03 05:45:00-04:00,1843.29,1840.58,yes
KXETH15M-26AUG030530,"Target Price: $1,838.02",2026-08-03 05:15:00-04:00,2026-08-03 05:30:00-04:00,1840.58,1838.02,yes
KXETH15M-26AUG030515,"Target Price: $1,838.23",2026-08-03 05:00:00-04:00,2026-08-03 05:15:00-04:00,1838.02,1838.23,no
KXETH15M-26AUG030500,"Target Price: $1,834.66",2026-08-03 04:45:00-04:00,2026-08-03 05:00:00-04:00,1838.23,1834.66,yes
KXETH15M-26AUG030445,"Target Price: $1,831.05",2026-08-03 04:30:00-04:00,2026-08-03 04:45:00-04:00,1834.66,1831.05,yes
KXETH15M-26AUG030430,"Target Price: $1,841.21",2026-08-03 04:15:00-04:00,2026-08-03 04:30:00-04:00,1831.05,1841.21,no
KXETH15M-26AUG030415,"Target Price: $1,841.62",2026-08-03 04:00:00-04:00,2026-08-03 04:15:00-04:00,1841.21,1841.62,no
KXETH15M-26AUG030400,"Target Price: $1,841.59",2026-08-03 03:45:00-04:00,2026-08-03 04:00:00-04:00,1841.62,1841.59,yes
KXETH15M-26AUG030345,"Target Price: $1,843.18",2026-08-03 03:30:00-04:00,2026-08-03 03:45:00-04:00,1841.59,1843.18,no
KXETH15M-26AUG030330,"Target Price: $1,844.41",2026-08-03 03:15:00-04:00,2026-08-03 03:30:00-04:00,1843.18,1844.41,no
KXETH15M-26AUG030315,"Target Price: $1,847.22",2026-08-03 03:00:00-04:00,2026-08-03 03:15:00-04:00,1844.41,1847.22,no
KXETH15M-26AUG030300,"Target Price: $1,848.47",2026-08-03 02:45:00-04:00,2026-08-03 03:00:00-04:00,1847.22,1848.47,no
KXETH15M-26AUG030245,"Target Price: $1,855.15",2026-08-03 02:30:00-04:00,2026-08-03 02:45:00-04:00,1848.47,1855.15,no
KXETH15M-26AUG030230,"Target Price: $1,857.42",2026-08-03 02:15:00-04:00,2026-08-03 02:30:00-04:00,1855.15,1857.42,no
KXETH15M-26AUG030215,"Target Price: $1,857.79",2026-08-03 02:00:00-04:00,2026-08-03 02:15:00-04:00,1857.42,1857.79,no
KXETH15M-26AUG030200,"Target Price: $1,855.73",2026-08-03 01:45:00-04:00,2026-08-03 02:00:00-04:00,1857.79,1855.73,yes
KXETH15M-26AUG030145,"Target Price: $1,855.66",2026-08-03 01:30:00-04:00,2026-08-03 01:45:00-04:00,1855.73,1855.66,yes
KXETH15M-26AUG030130,"Target Price: $1,856.59",2026-08-03 01:15:00-04:00,2026-08-03 01:30:00-04:00,1855.66,1856.59,no
KXETH15M-26AUG030115,"Target Price: $1,853.29",2026-08-03 01:00:00-04:00,2026-08-03 01:15:00-04:00,1856.59,1853.29,yes
KXETH15M-26AUG030100,"Target Price: $1,859.63",2026-08-03 00:45:00-04:00,2026-08-03 01:00:00-04:00,1853.29,1859.63,no
KXETH15M-26AUG030045,"Target Price: $1,859.65",2026-08-03 00:30:00-04:00,2026-08-03 00:45:00-04:00,1859.63,1859.65,no
KXETH15M-26AUG030030,"Target Price: $1,855.35",2026-08-03 00:15:00-04:00,2026-08-03 00:30:00-04:00,1859.65,1855.35,yes
KXETH15M-26AUG030015,"Target Price: $1,855.82",2026-08-03 00:00:00-04:00,2026-08-03 00:15:00-04:00,1855.35,1855.82,no
KXETH15M-26AUG030000,"Target Price: $1,859.57",2026-08-02 23:45:00-04:00,2026-08-03 00:00:00-04:00,1855.82,1859.57,no
KXETH15M-26AUG022345,"Target Price: $1,860.21",2026-08-02 23:30:00-04:00,2026-08-02 23:45:00-04:00,1859.57,1860.21,no
KXETH15M-26AUG022330,"Target Price: $1,861.66",2026-08-02 23:15:00-04:00,2026-08-02 23:30:00-04:00,1860.21,1861.66,no
KXETH15M-26AUG022315,"Target Price: $1,862.04",2026-08-02 23:00:00-04:00,2026-08-02 23:15:00-04:00,1861.66,1862.04,no
KXETH15M-26AUG022300,"Target Price: $1,865.68",2026-08-02 22:45:00-04:00,2026-08-02 23:00:00-04:00,1862.04,1865.68,no
KXETH15M-26AUG022245,"Target Price: $1,863.51",2026-08-02 22:30:00-04:00,2026-08-02 22:45:00-04:00,1865.68,1863.51,yes
KXETH15M-26AUG022230,"Target Price: $1,864.02",2026-08-02 22:15:00-04:00,2026-08-02 22:30:00-04:00,1863.51,1864.02,no
KXETH15M-26AUG022215,"Target Price: $1,865.50",2026-08-02 22:00:00-04:00,2026-08-02 22:15:00-04:00,1864.02,1865.5,no
KXETH15M-26AUG022200,"Target Price: $1,867.38",2026-08-02 21:45:00-04:00,2026-08-02 22:00:00-04:00,1865.50,1867.38,no
KXETH15M-26AUG022145,"Target Price: $1,867.86",2026-08-02 21:30:00-04:00,2026-08-02 21:45:00-04:00,1867.38,1867.86,no
KXETH15M-26AUG022130,"Target Price: $1,868.82",2026-08-02 21:15:00-04:00,2026-08-02 21:30:00-04:00,1867.86,1868.82,no
KXETH15M-26AUG022115,"Target Price: $1,871.98",2026-08-02 21:00:00-04:00,2026-08-02 21:15:00-04:00,1868.82,1871.98,no
KXETH15M-26AUG022100,"Target Price: $1,872.75",2026-08-02 20:45:00-04:00,2026-08-02 21:00:00-04:00,1871.98,1872.75,no
KXETH15M-26AUG022045,"Target Price: $1,872.96",2026-08-02 20:30:00-04:00,2026-08-02 20:45:00-04:00,1872.75,1872.96,no
KXETH15M-26AUG022030,"Target Price: $1,876.97",2026-08-02 20:15:00-04:00,2026-08-02 20:30:00-04:00,1872.96,1876.97,no
KXETH15M-26AUG022015,"Target Price: $1,883.26",2026-08-02 20:00:00-04:00,2026-08-02 20:15:00-04:00,1876.97,1883.26,no
KXETH15M-26AUG022000,"Target Price: $1,882.18",2026-08-02 19:45:00-04:00,2026-08-02 20:00:00-04:00,1883.26,1882.18,yes
KXETH15M-26AUG021945,"Target Price: $1,881.94",2026-08-02 19:30:00-04:00,2026-08-02 19:45:00-04:00,1882.18,1881.94,yes
KXETH15M-26AUG021930,"Target Price: $1,876.07",2026-08-02 19:15:00-04:00,2026-08-02 19:30:00-04:00,1881.94,1876.07,yes
KXETH15M-26AUG021915,"Target Price: $1,880.21",2026-08-02 19:00:00-04:00,2026-08-02 19:15:00-04:00,1876.07,1880.21,no
KXETH15M-26AUG021900,"Target Price: $1,882.96",2026-08-02 18:45:00-04:00,2026-08-02 19:00:00-04:00,1880.21,1882.96,no
KXETH15M-26AUG021845,"Target Price: $1,888.09",2026-08-02 18:30:00-04:00,2026-08-02 18:45:00-04:00,1882.96,1888.09,no
KXETH15M-26AUG021830,"Target Price: $1,892.64",2026-08-02 18:15:00-04:00,2026-08-02 18:30:00-04:00,1888.09,1892.64,no
KXETH15M-26AUG021815,"Target Price: $1,888.38",2026-08-02 18:00:00-04:00,2026-08-02 18:15:00-04:00,1892.64,1888.38,yes
KXETH15M-26AUG021800,"Target Price: $1,892.53",2026-08-02 17:45:00-04:00,2026-08-02 18:00:00-04:00,1888.38,1892.53,no
KXETH15M-26AUG021745,"Target Price: $1,885.09",2026-08-02 17:30:00-04:00,2026-08-02 17:45:00-04:00,1892.53,1885.09,yes
KXETH15M-26AUG021730,"Target Price: $1,883.83",2026-08-02 17:15:00-04:00,2026-08-02 17:30:00-04:00,1885.09,1883.83,yes
KXETH15M-26AUG021715,"Target Price: $1,882.03",2026-08-02 17:00:00-04:00,2026-08-02 17:15:00-04:00,1883.83,1882.03,yes
KXETH15M-26AUG021700,"Target Price: $1,879.62",2026-08-02 16:45:00-04:00,2026-08-02 17:00:00-04:00,1882.03,1879.62,yes
KXETH15M-26AUG021645,"Target Price: $1,878.70",2026-08-02 16:30:00-04:00,2026-08-02 16:45:00-04:00,1879.62,1878.7,yes
KXETH15M-26AUG021630,"Target Price: $1,880.27",2026-08-02 16:15:00-04:00,2026-08-02 16:30:00-04:00,1878.70,1880.27,no
KXETH15M-26AUG021615,"Target Price: $1,880.46",2026-08-02 16:00:00-04:00,2026-08-02 16:15:00-04:00,1880.27,1880.46,no
KXETH15M-26AUG021600,"Target Price: $1,876.90",2026-08-02 15:45:00-04:00,2026-08-02 16:00:00-04:00,1880.46,1876.9,yes
KXETH15M-26AUG021545,"Target Price: $1,874.38",2026-08-02 15:30:00-04:00,2026-08-02 15:45:00-04:00,1876.90,1874.38,yes
KXETH15M-26AUG021530,"Target Price: $1,874.97",2026-08-02 15:15:00-04:00,2026-08-02 15:30:00-04:00,1874.38,1874.97,no
KXETH15M-26AUG021515,"Target Price: $1,874.08",2026-08-02 15:00:00-04:00,2026-08-02 15:15:00-04:00,1874.97,1874.08,yes
KXETH15M-26AUG021500,"Target Price: $1,878.49",2026-08-02 14:45:00-04:00,2026-08-02 15:00:00-04:00,1874.08,1878.49,no
KXETH15M-26AUG021445,"Target Price: $1,867.13",2026-08-02 14:30:00-04:00,2026-08-02 14:45:00-04:00,1878.49,1867.13,yes
KXETH15M-26AUG021430,"Target Price: $1,868.33",2026-08-02 14:15:00-04:00,2026-08-02 14:30:00-04:00,1867.13,1868.33,no
KXETH15M-26AUG021415,"Target Price: $1,867.39",2026-08-02 14:00:00-04:00,2026-08-02 14:15:00-04:00,1868.33,1867.39,yes
KXETH15M-26AUG021400,"Target Price: $1,866.49",2026-08-02 13:45:00-04:00,2026-08-02 14:00:00-04:00,1867.39,1866.49,yes
KXETH15M-26AUG021345,"Target Price: $1,864.79",2026-08-02 13:30:00-04:00,2026-08-02 13:45:00-04:00,1866.49,1864.79,yes
KXETH15M-26AUG021330,"Target Price: $1,863.78",2026-08-02 13:15:00-04:00,2026-08-02 13:30:00-04:00,1864.79,1863.78,yes
KXETH15M-26AUG021315,"Target Price: $1,861.72",2026-08-02 13:00:00-04:00,2026-08-02 13:15:00-04:00,1863.78,1861.72,yes
KXETH15M-26AUG021300,"Target Price: $1,863.44",2026-08-02 12:45:00-04:00,2026-08-02 13:00:00-04:00,1861.72,1863.44,no
KXETH15M-26AUG021245,"Target Price: $1,857.20",2026-08-02 12:30:00-04:00,2026-08-02 12:45:00-04:00,1863.44,1857.2,yes
KXETH15M-26AUG021230,"Target Price: $1,856.31",2026-08-02 12:15:00-04:00,2026-08-02 12:30:00-04:00,1857.20,1856.31,yes
KXETH15M-26AUG021215,"Target Price: $1,856.99",2026-08-02 12:00:00-04:00,2026-08-02 12:15:00-04:00,1856.31,1856.99,no
KXETH15M-26AUG021200,"Target Price: $1,858.53",2026-08-02 11:45:00-04:00,2026-08-02 12:00:00-04:00,1856.99,1858.53,no
KXETH15M-26AUG021145,"Target Price: $1,857.03",2026-08-02 11:30:00-04:00,2026-08-02 11:45:00-04:00,1858.53,1857.03,yes
KXETH15M-26AUG021130,"Target Price: $1,857.09",2026-08-02 11:15:00-04:00,2026-08-02 11:30:00-04:00,1857.03,1857.09,no
KXETH15M-26AUG021115,"Target Price: $1,853.51",2026-08-02 11:00:00-04:00,2026-08-02 11:15:00-04:00,1857.09,1853.51,yes
KXETH15M-26AUG021100,"Target Price: $1,856.88",2026-08-02 10:45:00-04:00,2026-08-02 11:00:00-04:00,1853.51,1856.88,no
KXETH15M-26AUG021045,"Target Price: $1,855.37",2026-08-02 10:30:00-04:00,2026-08-02 10:45:00-04:00,1856.88,1855.37,yes
KXETH15M-26AUG021030,"Target Price: $1,853.37",2026-08-02 10:15:00-04:00,2026-08-02 10:30:00-04:00,1855.37,1853.37,yes
KXETH15M-26AUG021015,"Target Price: $1,853.51",2026-08-02 10:00:00-04:00,2026-08-02 10:15:00-04:00,1853.37,1853.51,no
KXETH15M-26AUG021000,"Target Price: $1,853.49",2026-08-02 09:45:00-04:00,2026-08-02 10:00:00-04:00,1853.51,1853.49,yes
KXETH15M-26AUG020945,"Target Price: $1,854.55",2026-08-02 09:30:00-04:00,2026-08-02 09:45:00-04:00,1853.49,1854.55,no
KXETH15M-26AUG020930,"Target Price: $1,854.62",2026-08-02 09:15:00-04:00,2026-08-02 09:30:00-04:00,1854.55,1854.62,no
KXETH15M-26AUG020915,"Target Price: $1,855.41",2026-08-02 09:00:00-04:00,2026-08-02 09:15:00-04:00,1854.62,1855.41,no
KXETH15M-26AUG020900,"Target Price: $1,856.28",2026-08-02 08:45:00-04:00,2026-08-02 09:00:00-04:00,1855.41,1856.28,no
KXETH15M-26AUG020845,"Target Price: $1,857.15",2026-08-02 08:30:00-04:00,2026-08-02 08:45:00-04:00,1856.28,1857.15,no
KXETH15M-26AUG020830,"Target Price: $1,855.40",2026-08-02 08:15:00-04:00,2026-08-02 08:30:00-04:00,1857.15,1855.4,yes
KXETH15M-26AUG020815,"Target Price: $1,850.44",2026-08-02 08:00:00-04:00,2026-08-02 08:15:00-04:00,1855.40,1850.44,yes
KXETH15M-26AUG020800,"Target Price: $1,853.54",2026-08-02 07:45:00-04:00,2026-08-02 08:00:00-04:00,1850.44,1853.54,no
KXETH15M-26AUG020745,"Target Price: $1,864.47",2026-08-02 07:30:00-04:00,2026-08-02 07:45:00-04:00,1853.54,1864.47,no
KXETH15M-26AUG020730,"Target Price: $1,866.02",2026-08-02 07:15:00-04:00,2026-08-02 07:30:00-04:00,1864.47,1866.02,no
KXETH15M-26AUG020715,"Target Price: $1,867.27",2026-08-02 07:00:00-04:00,2026-08-02 07:15:00-04:00,1866.02,1867.27,no
KXETH15M-26AUG020700,"Target Price: $1,867.61",2026-08-02 06:45:00-04:00,2026-08-02 07:00:00-04:00,1867.27,1867.61,no
KXETH15M-26AUG020645,"Target Price: $1,864.86",2026-08-02 06:30:00-04:00,2026-08-02 06:45:00-04:00,1867.61,1864.86,yes
KXETH15M-26AUG020630,"Target Price: $1,867.54",2026-08-02 06:15:00-04:00,2026-08-02 06:30:00-04:00,1864.86,1867.54,no
KXETH15M-26AUG020615,"Target Price: $1,869.54",2026-08-02 06:00:00-04:00,2026-08-02 06:15:00-04:00,1867.54,1869.54,no
KXETH15M-26AUG020600,"Target Price: $1,869.37",2026-08-02 05:45:00-04:00,2026-08-02 06:00:00-04:00,1869.54,1869.37,yes
KXETH15M-26AUG020545,"Target Price: $1,868.89",2026-08-02 05:30:00-04:00,2026-08-02 05:45:00-04:00,1869.37,1868.89,yes
KXETH15M-26AUG020530,"Target Price: $1,868.44",2026-08-02 05:15:00-04:00,2026-08-02 05:30:00-04:00,1868.89,1868.44,yes
KXETH15M-26AUG020515,"Target Price: $1,866.54",2026-08-02 05:00:00-04:00,2026-08-02 05:15:00-04:00,1868.44,1866.54,yes
KXETH15M-26AUG020500,"Target Price: $1,868.24",2026-08-02 04:45:00-04:00,2026-08-02 05:00:00-04:00,1866.54,1868.24,no
KXETH15M-26AUG020445,"Target Price: $1,871.70",2026-08-02 04:30:00-04:00,2026-08-02 04:45:00-04:00,1868.24,1871.7,no
KXETH15M-26AUG020430,"Target Price: $1,875.12",2026-08-02 04:15:00-04:00,2026-08-02 04:30:00-04:00,1871.70,1875.12,no
KXETH15M-26AUG020415,"Target Price: $1,874.32",2026-08-02 04:00:00-04:00,2026-08-02 04:15:00-04:00,1875.12,1874.32,yes
KXETH15M-26AUG020400,"Target Price: $1,876.05",2026-08-02 03:45:00-04:00,2026-08-02 04:00:00-04:00,1874.32,1876.05,no
KXETH15M-26AUG020345,"Target Price: $1,876.06",2026-08-02 03:30:00-04:00,2026-08-02 03:45:00-04:00,1876.05,1876.06,no
KXETH15M-26AUG020330,"Target Price: $1,876.42",2026-08-02 03:15:00-04:00,2026-08-02 03:30:00-04:00,1876.06,1876.42,no
KXETH15M-26AUG020315,"Target Price: $1,876.00",2026-08-02 03:00:00-04:00,2026-08-02 03:15:00-04:00,1876.42,1876.0,yes
KXETH15M-26AUG020300,"Target Price: $1,875.64",2026-08-02 02:45:00-04:00,2026-08-02 03:00:00-04:00,1876.00,1875.64,yes
KXETH15M-26AUG020245,"Target Price: $1,875.95",2026-08-02 02:30:00-04:00,2026-08-02 02:45:00-04:00,1875.64,1875.95,no
KXETH15M-26AUG020230,"Target Price: $1,874.17",2026-08-02 02:15:00-04:00,2026-08-02 02:30:00-04:00,1875.95,1874.17,yes
KXETH15M-26AUG020215,"Target Price: $1,874.68",2026-08-02 02:00:00-04:00,2026-08-02 02:15:00-04:00,1874.17,1874.68,no
KXETH15M-26AUG020200,"Target Price: $1,873.69",2026-08-02 01:45:00-04:00,2026-08-02 02:00:00-04:00,1874.68,1873.69,yes
KXETH15M-26AUG020145,"Target Price: $1,876.24",2026-08-02 01:30:00-04:00,2026-08-02 01:45:00-04:00,1873.69,1876.24,no
KXETH15M-26AUG020130,"Target Price: $1,876.55",2026-08-02 01:15:00-04:00,2026-08-02 01:30:00-04:00,1876.24,1876.55,no
KXETH15M-26AUG020115,"Target Price: $1,879.85",2026-08-02 01:00:00-04:00,2026-08-02 01:15:00-04:00,1876.55,1879.85,no
KXETH15M-26AUG020100,"Target Price: $1,876.69",2026-08-02 00:45:00-04:00,2026-08-02 01:00:00-04:00,1879.85,1876.69,yes
KXETH15M-26AUG020045,"Target Price: $1,877.94",2026-08-02 00:30:00-04:00,2026-08-02 00:45:00-04:00,1876.69,1877.94,no
KXETH15M-26AUG020030,"Target Price: $1,878.58",2026-08-02 00:15:00-04:00,2026-08-02 00:30:00-04:00,1877.94,1878.58,no
KXETH15M-26AUG020015,"Target Price: $1,875.61",2026-08-02 00:00:00-04:00,2026-08-02 00:15:00-04:00,1878.58,1875.61,yes
KXETH15M-26AUG020000,"Target Price: $1,877.47",2026-08-01 23:45:00-04:00,2026-08-02 00:00:00-04:00,1875.61,1877.47,no
KXETH15M-26AUG012345,"Target Price: $1,874.19",2026-08-01 23:30:00-04:00,2026-08-01 23:45:00-04:00,1877.47,1874.19,yes
KXETH15M-26AUG012330,"Target Price: $1,873.70",2026-08-01 23:15:00-04:00,2026-08-01 23:30:00-04:00,1874.19,1873.7,yes
KXETH15M-26AUG012315,"Target Price: $1,874.72",2026-08-01 23:00:00-04:00,2026-08-01 23:15:00-04:00,1873.70,1874.72,no
KXETH15M-26AUG012300,"Target Price: $1,872.32",2026-08-01 22:45:00-04:00,2026-08-01 23:00:00-04:00,1874.72,1872.32,yes
KXETH15M-26AUG012245,"Target Price: $1,874.41",2026-08-01 22:30:00-04:00,2026-08-01 22:45:00-04:00,1872.32,1874.41,no
KXETH15M-26AUG012230,"Target Price: $1,873.13",2026-08-01 22:15:00-04:00,2026-08-01 22:30:00-04:00,1874.41,1873.13,yes
KXETH15M-26AUG012215,"Target Price: $1,855.49",2026-08-01 22:00:00-04:00,2026-08-01 22:15:00-04:00,1873.13,1855.49,yes
KXETH15M-26AUG012200,"Target Price: $1,855.55",2026-08-01 21:45:00-04:00,2026-08-01 22:00:00-04:00,1855.49,1855.55,no
KXETH15M-26AUG012145,"Target Price: $1,853.08",2026-08-01 21:30:00-04:00,2026-08-01 21:45:00-04:00,1855.55,1853.08,yes
KXETH15M-26AUG012130,"Target Price: $1,854.01",2026-08-01 21:15:00-04:00,2026-08-01 21:30:00-04:00,1853.08,1854.01,no
KXETH15M-26AUG012115,"Target Price: $1,844.32",2026-08-01 21:00:00-04:00,2026-08-01 21:15:00-04:00,1854.01,1844.32,yes
KXETH15M-26AUG012100,"Target Price: $1,844.27",2026-08-01 20:45:00-04:00,2026-08-01 21:00:00-04:00,1844.32,1844.27,yes
KXETH15M-26AUG012045,"Target Price: $1,844.03",2026-08-01 20:30:00-04:00,2026-08-01 20:45:00-04:00,1844.27,1844.03,yes
KXETH15M-26AUG012030,"Target Price: $1,846.81",2026-08-01 20:15:00-04:00,2026-08-01 20:30:00-04:00,1844.03,1846.81,no
KXETH15M-26AUG012015,"Target Price: $1,843.59",2026-08-01 20:00:00-04:00,2026-08-01 20:15:00-04:00,1846.81,1843.59,yes
KXETH15M-26AUG012000,"Target Price: $1,843.13",2026-08-01 19:45:00-04:00,2026-08-01 20:00:00-04:00,1843.59,1843.13,yes
KXETH15M-26AUG011945,"Target Price: $1,842.19",2026-08-01 19:30:00-04:00,2026-08-01 19:45:00-04:00,1843.13,1842.19,yes
KXETH15M-26AUG011930,"Target Price: $1,845.19",2026-08-01 19:15:00-04:00,2026-08-01 19:30:00-04:00,1842.19,1845.19,no
KXETH15M-26AUG011915,"Target Price: $1,845.84",2026-08-01 19:00:00-04:00,2026-08-01 19:15:00-04:00,1845.19,1845.84,no
KXETH15M-26AUG011900,"Target Price: $1,846.33",2026-08-01 18:45:00-04:00,2026-08-01 19:00:00-04:00,1845.84,1846.33,no
KXETH15M-26AUG011845,"Target Price: $1,847.41",2026-08-01 18:30:00-04:00,2026-08-01 18:45:00-04:00,1846.33,1847.41,no
KXETH15M-26AUG011830,"Target Price: $1,846.08",2026-08-01 18:15:00-04:00,2026-08-01 18:30:00-04:00,1847.41,1846.08,yes
KXETH15M-26AUG011815,"Target Price: $1,843.96",2026-08-01 18:00:00-04:00,2026-08-01 18:15:00-04:00,1846.08,1843.96,yes
KXETH15M-26AUG011800,"Target Price: $1,843.01",2026-08-01 17:45:00-04:00,2026-08-01 18:00:00-04:00,1843.96,1843.01,yes
KXETH15M-26AUG011745,"Target Price: $1,841.15",2026-08-01 17:30:00-04:00,2026-08-01 17:45:00-04:00,1843.01,1841.15,yes
KXETH15M-26AUG011730,"Target Price: $1,836.39",2026-08-01 17:15:00-04:00,2026-08-01 17:30:00-04:00,1841.15,1836.39,yes
KXETH15M-26AUG011715,"Target Price: $1,836.69",2026-08-01 17:00:00-04:00,2026-08-01 17:15:00-04:00,1836.39,1836.69,no
KXETH15M-26AUG011700,"Target Price: $1,833.03",2026-08-01 16:45:00-04:00,2026-08-01 17:00:00-04:00,1836.69,1833.03,yes
KXETH15M-26AUG011645,"Target Price: $1,836.40",2026-08-01 16:30:00-04:00,2026-08-01 16:45:00-04:00,1833.03,1836.4,no
KXETH15M-26AUG011630,"Target Price: $1,836.28",2026-08-01 16:15:00-04:00,2026-08-01 16:30:00-04:00,1836.40,1836.28,yes
KXETH15M-26AUG011615,"Target Price: $1,835.74",2026-08-01 16:00:00-04:00,2026-08-01 16:15:00-04:00,1836.28,1835.74,yes
KXETH15M-26AUG011600,"Target Price: $1,834.19",2026-08-01 15:45:00-04:00,2026-08-01 16:00:00-04:00,1835.74,1834.19,yes
KXETH15M-26AUG011545,"Target Price: $1,836.19",2026-08-01 15:30:00-04:00,2026-08-01 15:45:00-04:00,1834.19,1836.19,no
KXETH15M-26AUG011530,"Target Price: $1,837.40",2026-08-01 15:15:00-04:00,2026-08-01 15:30:00-04:00,1836.19,1837.4,no
KXETH15M-26AUG011515,"Target Price: $1,835.43",2026-08-01 15:00:00-04:00,2026-08-01 15:15:00-04:00,1837.40,1835.43,yes
KXETH15M-26AUG011500,"Target Price: $1,833.25",2026-08-01 14:45:00-04:00,2026-08-01 15:00:00-04:00,1835.43,1833.25,yes
KXETH15M-26AUG011445,"Target Price: $1,851.50",2026-08-01 14:30:00-04:00,2026-08-01 14:45:00-04:00,1833.25,1851.5,no
KXETH15M-26AUG011430,"Target Price: $1,860.10",2026-08-01 14:15:00-04:00,2026-08-01 14:30:00-04:00,1851.50,1860.1,no
KXETH15M-26AUG011415,"Target Price: $1,860.66",2026-08-01 14:00:00-04:00,2026-08-01 14:15:00-04:00,1860.10,1860.66,no
KXETH15M-26AUG011400,"Target Price: $1,861.71",2026-08-01 13:45:00-04:00,2026-08-01 14:00:00-04:00,1860.66,1861.71,no
KXETH15M-26AUG011345,"Target Price: $1,861.89",2026-08-01 13:30:00-04:00,2026-08-01 13:45:00-04:00,1861.71,1861.89,no
KXETH15M-26AUG011330,"Target Price: $1,864.90",2026-08-01 13:15:00-04:00,2026-08-01 13:30:00-04:00,1861.89,1864.9,no
KXETH15M-26AUG011315,"Target Price: $1,867.27",2026-08-01 13:00:00-04:00,2026-08-01 13:15:00-04:00,1864.90,1867.27,no
KXETH15M-26AUG011300,"Target Price: $1,868.86",2026-08-01 12:45:00-04:00,2026-08-01 13:00:00-04:00,1867.27,1868.86,no
KXETH15M-26AUG011245,"Target Price: $1,868.71",2026-08-01 12:30:00-04:00,2026-08-01 12:45:00-04:00,1868.86,1868.71,yes
KXETH15M-26AUG011230,"Target Price: $1,867.47",2026-08-01 12:15:00-04:00,2026-08-01 12:30:00-04:00,1868.71,1867.47,yes
KXETH15M-26AUG011215,"Target Price: $1,868.82",2026-08-01 12:00:00-04:00,2026-08-01 12:15:00-04:00,1867.47,1868.82,no
KXETH15M-26AUG011200,"Target Price: $1,869.71",2026-08-01 11:45:00-04:00,2026-08-01 12:00:00-04:00,1868.82,1869.71,no
