event_ticker,yes_sub_title,open_time,close_time,expiration_value,floor_strike,result
KXSOL15M-26JUN111945,Target Price: $66.6875,2026-06-11 19:30:00-04:00,2026-06-11 19:45:00-04:00,66.9763,66.6875,yes
KXSOL15M-26JUN111930,Target Price: $66.7238,2026-06-11 19:15:00-04:00,2026-06-11 19:30:00-04:00,66.6875,66.7238,no
KXSOL15M-26JUN111915,Target Price: $66.8778,2026-06-11 19:00:00-04:00,2026-06-11 19:15:00-04:00,66.7238,66.8778,no
KXSOL15M-26JUN111900,Target Price: $66.9043,2026-06-11 18:45:00-04:00,2026-06-11 19:00:00-04:00,66.8778,66.9043,no
KXSOL15M-26JUN111845,Target Price: $66.9297,2026-06-11 18:30:00-04:00,2026-06-11 18:45:00-04:00,66.9043,66.9297,no
KXSOL15M-26JUN111830,Target Price: $67.0140,2026-06-11 18:15:00-04:00,2026-06-11 18:30:00-04:00,66.9297,67.014,no
KXSOL15M-26JUN111815,Target Price: $66.8135,2026-06-11 18:00:00-04:00,2026-06-11 18:15:00-04:00,67.0140,66.8135,yes
KXSOL15M-26JUN111800,Target Price: $66.9520,2026-06-11 17:45:00-04:00,2026-06-11 18:00:00-04:00,66.8135,66.952,no
KXSOL15M-26JUN111745,Target Price: $66.8912,2026-06-11 17:30:00-04:00,2026-06-11 17:45:00-04:00,66.9520,66.8912,yes
KXSOL15M-26JUN111730,Target Price: $67.0060,2026-06-11 17:15:00-04:00,2026-06-11 17:30:00-04:00,66.8912,67.006,no
KXSOL15M-26JUN111715,Target Price: $66.5403,2026-06-11 17:00:00-04:00,2026-06-11 17:15:00-04:00,67.0060,66.5403,yes
KXSOL15M-26JUN111700,Target Price: $66.3870,2026-06-11 16:45:00-04:00,2026-06-11 17:00:00-04:00,66.5403,66.387,yes
KXSOL15M-26JUN111645,Target Price: $66.5213,2026-06-11 16:30:00-04:00,2026-06-11 16:45:00-04:00,66.3870,66.5213,no
KXSOL15M-26JUN111630,Target Price: $66.8053,2026-06-11 16:15:00-04:00,2026-06-11 16:30:00-04:00,66.5213,66.8053,no
KXSOL15M-26JUN111615,Target Price: $66.8668,2026-06-11 16:00:00-04:00,2026-06-11 16:15:00-04:00,66.8053,66.8668,no
KXSOL15M-26JUN111600,Target Price: $66.9618,2026-06-11 15:45:00-04:00,2026-06-11 16:00:00-04:00,66.8668,66.9618,no
KXSOL15M-26JUN111545,Target Price: $66.9425,2026-06-11 15:30:00-04:00,2026-06-11 15:45:00-04:00,66.9618,66.9425,yes
KXSOL15M-26JUN111530,Target Price: $66.7135,2026-06-11 15:15:00-04:00,2026-06-11 15:30:00-04:00,66.9425,66.7135,yes
KXSOL15M-26JUN111515,Target Price: $66.7652,2026-06-11 15:00:00-04:00,2026-06-11 15:15:00-04:00,66.7135,66.7652,no
KXSOL15M-26JUN111500,Target Price: $66.8950,2026-06-11 14:45:00-04:00,2026-06-11 15:00:00-04:00,66.7652,66.895,no
KXSOL15M-26JUN111445,Target Price: $66.7255,2026-06-11 14:30:00-04:00,2026-06-11 14:45:00-04:00,66.8950,66.7255,yes
KXSOL15M-26JUN111430,Target Price: $66.9900,2026-06-11 14:15:00-04:00,2026-06-11 14:30:00-04:00,66.7255,66.99,no
KXSOL15M-26JUN111415,Target Price: $66.9862,2026-06-11 14:00:00-04:00,2026-06-11 14:15:00-04:00,66.9900,66.9862,yes
KXSOL15M-26JUN111400,Target Price: $66.5447,2026-06-11 13:45:00-04:00,2026-06-11 14:00:00-04:00,66.9862,66.5447,yes
KXSOL15M-26JUN111345,Target Price: $65.5678,2026-06-11 13:30:00-04:00,2026-06-11 13:45:00-04:00,66.5447,65.5678,yes
KXSOL15M-26JUN111330,Target Price: $65.2013,2026-06-11 13:15:00-04:00,2026-06-11 13:30:00-04:00,65.5678,65.2013,yes
KXSOL15M-26JUN111315,Target Price: $65.3292,2026-06-11 13:00:00-04:00,2026-06-11 13:15:00-04:00,65.2013,65.3292,no
KXSOL15M-26JUN111300,Target Price: $65.5045,2026-06-11 12:45:00-04:00,2026-06-11 13:00:00-04:00,65.3292,65.5045,no
KXSOL15M-26JUN111245,Target Price: $65.3965,2026-06-11 12:30:00-04:00,2026-06-11 12:45:00-04:00,65.5045,65.3965,yes
KXSOL15M-26JUN111230,Target Price: $65.7020,2026-06-11 12:15:00-04:00,2026-06-11 12:30:00-04:00,65.3965,65.702,no
KXSOL15M-26JUN111215,Target Price: $65.4702,2026-06-11 12:00:00-04:00,2026-06-11 12:15:00-04:00,65.7020,65.4702,yes
KXSOL15M-26JUN111200,Target Price: $65.4948,2026-06-11 11:45:00-04:00,2026-06-11 12:00:00-04:00,65.4702,65.4948,no
KXSOL15M-26JUN111145,Target Price: $65.6503,2026-06-11 11:30:00-04:00,2026-06-11 11:45:00-04:00,65.4948,65.6503,no
KXSOL15M-26JUN111130,Target Price: $65.4962,2026-06-11 11:15:00-04:00,2026-06-11 11:30:00-04:00,65.6503,65.4962,yes
KXSOL15M-26JUN111115,Target Price: $65.2965,2026-06-11 11:00:00-04:00,2026-06-11 11:15:00-04:00,65.4962,65.2965,yes
KXSOL15M-26JUN111100,Target Price: $65.5273,2026-06-11 10:45:00-04:00,2026-06-11 11:00:00-04:00,65.2965,65.5273,no
KXSOL15M-26JUN111045,Target Price: $65.3062,2026-06-11 10:30:00-04:00,2026-06-11 10:45:00-04:00,65.5273,65.3062,yes
KXSOL15M-26JUN111030,Target Price: $65.1098,2026-06-11 10:15:00-04:00,2026-06-11 10:30:00-04:00,65.3062,65.1098,yes
KXSOL15M-26JUN111015,Target Price: $65.4402,2026-06-11 10:00:00-04:00,2026-06-11 10:15:00-04:00,65.1098,65.4402,no
KXSOL15M-26JUN111000,Target Price: $65.3262,2026-06-11 09:45:00-04:00,2026-06-11 10:00:00-04:00,65.4402,65.3262,yes
KXSOL15M-26JUN110945,Target Price: $65.2107,2026-06-11 09:30:00-04:00,2026-06-11 09:45:00-04:00,65.3262,65.2107,yes
KXSOL15M-26JUN110930,Target Price: $65.1517,2026-06-11 09:15:00-04:00,2026-06-11 09:30:00-04:00,65.2107,65.1517,yes
KXSOL15M-26JUN110915,Target Price: $65.2290,2026-06-11 09:00:00-04:00,2026-06-11 09:15:00-04:00,65.1517,65.229,no
KXSOL15M-26JUN110900,Target Price: $65.1045,2026-06-11 08:45:00-04:00,2026-06-11 09:00:00-04:00,65.2290,65.1045,yes
KXSOL15M-26JUN110845,Target Price: $65.0478,2026-06-11 08:30:00-04:00,2026-06-11 08:45:00-04:00,65.1045,65.0478,yes
KXSOL15M-26JUN110830,Target Price: $65.5793,2026-06-11 08:15:00-04:00,2026-06-11 08:30:00-04:00,65.0478,65.5793,no
KXSOL15M-26JUN110815,Target Price: $65.8102,2026-06-11 08:00:00-04:00,2026-06-11 08:15:00-04:00,65.5793,65.8102,no
KXSOL15M-26JUN110800,Target Price: $65.4475,2026-06-11 07:45:00-04:00,2026-06-11 08:00:00-04:00,65.8102,65.4475,yes
KXSOL15M-26JUN110745,Target Price: $65.4748,2026-06-11 07:30:00-04:00,2026-06-11 07:45:00-04:00,65.4475,65.4748,no
KXSOL15M-26JUN110730,Target Price: $65.5312,2026-06-11 07:15:00-04:00,2026-06-11 07:30:00-04:00,65.4748,65.5312,no
KXSOL15M-26JUN110715,Target Price: $65.4505,2026-06-11 07:00:00-04:00,2026-06-11 07:15:00-04:00,65.5312,65.4505,yes
KXSOL15M-26JUN110700,Target Price: $65.4080,2026-06-11 06:45:00-04:00,2026-06-11 07:00:00-04:00,65.4505,65.408,yes
KXSOL15M-26JUN110645,Target Price: $65.3828,2026-06-11 06:30:00-04:00,2026-06-11 06:45:00-04:00,65.4080,65.3828,yes
KXSOL15M-26JUN110630,Target Price: $65.3460,2026-06-11 06:15:00-04:00,2026-06-11 06:30:00-04:00,65.3828,65.346,yes
KXSOL15M-26JUN110615,Target Price: $65.3407,2026-06-11 06:00:00-04:00,2026-06-11 06:15:00-04:00,65.3460,65.3407,yes
KXSOL15M-26JUN110600,Target Price: $65.3257,2026-06-11 05:45:00-04:00,2026-06-11 06:00:00-04:00,65.3407,65.3257,yes
KXSOL15M-26JUN110545,Target Price: $65.0913,2026-06-11 05:30:00-04:00,2026-06-11 05:45:00-04:00,65.3257,65.0913,yes
KXSOL15M-26JUN110530,Target Price: $65.0413,2026-06-11 05:15:00-04:00,2026-06-11 05:30:00-04:00,65.0913,65.0413,yes
KXSOL15M-26JUN110515,Target Price: $65.2528,2026-06-11 05:00:00-04:00,2026-06-11 05:15:00-04:00,65.0413,65.2528,no
KXSOL15M-26JUN110200,Target Price: $65.0825,2026-06-11 01:45:00-04:00,2026-06-11 02:00:00-04:00,64.9083,65.0825,no
KXSOL15M-26JUN110145,Target Price: $65.0407,2026-06-11 01:30:00-04:00,2026-06-11 01:45:00-04:00,65.0825,65.0407,yes
KXSOL15M-26JUN110130,Target Price: $65.0183,2026-06-11 01:15:00-04:00,2026-06-11 01:30:00-04:00,65.0407,65.0183,yes
KXSOL15M-26JUN110115,Target Price: $65.1238,2026-06-11 01:00:00-04:00,2026-06-11 01:15:00-04:00,65.0183,65.1238,no
KXSOL15M-26JUN110100,Target Price: $65.1040,2026-06-11 00:45:00-04:00,2026-06-11 01:00:00-04:00,65.1238,65.104,yes
KXSOL15M-26JUN110045,Target Price: $65.0300,2026-06-11 00:30:00-04:00,2026-06-11 00:45:00-04:00,65.1040,65.03,yes
KXSOL15M-26JUN110030,Target Price: $65.0640,2026-06-11 00:15:00-04:00,2026-06-11 00:30:00-04:00,65.0300,65.064,no
KXSOL15M-26JUN110015,Target Price: $65.2470,2026-06-11 00:00:00-04:00,2026-06-11 00:15:00-04:00,65.0640,65.247,no
KXSOL15M-26JUN110000,Target Price: $64.8083,2026-06-10 23:45:00-04:00,2026-06-11 00:00:00-04:00,65.2470,64.8083,yes
KXSOL15M-26JUN102345,Target Price: $64.4312,2026-06-10 23:30:00-04:00,2026-06-10 23:45:00-04:00,64.8083,64.4312,yes
KXSOL15M-26JUN102330,Target Price: $64.3628,2026-06-10 23:15:00-04:00,2026-06-10 23:30:00-04:00,64.4312,64.3628,yes
KXSOL15M-26JUN102315,Target Price: $64.4707,2026-06-10 23:00:00-04:00,2026-06-10 23:15:00-04:00,64.3628,64.4707,no
KXSOL15M-26JUN102300,Target Price: $64.4297,2026-06-10 22:45:00-04:00,2026-06-10 23:00:00-04:00,64.4707,64.4297,yes
KXSOL15M-26JUN102245,Target Price: $64.4883,2026-06-10 22:30:00-04:00,2026-06-10 22:45:00-04:00,64.4297,64.4883,no
KXSOL15M-26JUN102230,Target Price: $64.7193,2026-06-10 22:15:00-04:00,2026-06-10 22:30:00-04:00,64.4883,64.7193,no
KXSOL15M-26JUN102215,Target Price: $64.8872,2026-06-10 22:00:00-04:00,2026-06-10 22:15:00-04:00,64.7193,64.8872,no
KXSOL15M-26JUN102200,Target Price: $64.8942,2026-06-10 21:45:00-04:00,2026-06-10 22:00:00-04:00,64.8872,64.8942,no
KXSOL15M-26JUN102145,Target Price: $64.2043,2026-06-10 21:30:00-04:00,2026-06-10 21:45:00-04:00,64.8942,64.2043,yes
KXSOL15M-26JUN102130,Target Price: $64.1507,2026-06-10 21:15:00-04:00,2026-06-10 21:30:00-04:00,64.2043,64.1507,yes
KXSOL15M-26JUN102115,Target Price: $63.6607,2026-06-10 21:00:00-04:00,2026-06-10 21:15:00-04:00,64.1507,63.6607,yes
KXSOL15M-26JUN102100,Target Price: $63.5333,2026-06-10 20:45:00-04:00,2026-06-10 21:00:00-04:00,63.6607,63.5333,yes
KXSOL15M-26JUN102045,Target Price: $63.5935,2026-06-10 20:30:00-04:00,2026-06-10 20:45:00-04:00,63.5333,63.5935,no
KXSOL15M-26JUN102030,Target Price: $63.3525,2026-06-10 20:15:00-04:00,2026-06-10 20:30:00-04:00,63.5935,63.3525,yes
KXSOL15M-26JUN102015,Target Price: $63.1672,2026-06-10 20:00:00-04:00,2026-06-10 20:15:00-04:00,63.3525,63.1672,yes
KXSOL15M-26JUN102000,Target Price: $63.1327,2026-06-10 19:45:00-04:00,2026-06-10 20:00:00-04:00,63.1672,63.1327,yes
KXSOL15M-26JUN101945,Target Price: $63.0122,2026-06-10 19:30:00-04:00,2026-06-10 19:45:00-04:00,63.1327,63.0122,yes
KXSOL15M-26JUN101930,Target Price: $62.5102,2026-06-10 19:15:00-04:00,2026-06-10 19:30:00-04:00,63.0122,62.5102,yes
KXSOL15M-26JUN101915,Target Price: $62.7522,2026-06-10 19:00:00-04:00,2026-06-10 19:15:00-04:00,62.5102,62.7522,no
KXSOL15M-26JUN101900,Target Price: $62.8952,2026-06-10 18:45:00-04:00,2026-06-10 19:00:00-04:00,62.7522,62.8952,no
KXSOL15M-26JUN101845,Target Price: $62.5448,2026-06-10 18:30:00-04:00,2026-06-10 18:45:00-04:00,62.8952,62.5448,yes
KXSOL15M-26JUN101830,Target Price: $62.5067,2026-06-10 18:15:00-04:00,2026-06-10 18:30:00-04:00,62.5448,62.5067,yes
KXSOL15M-26JUN101815,Target Price: $62.5045,2026-06-10 18:00:00-04:00,2026-06-10 18:15:00-04:00,62.5067,62.5045,yes
KXSOL15M-26JUN101800,Target Price: $62.9795,2026-06-10 17:45:00-04:00,2026-06-10 18:00:00-04:00,62.5045,62.9795,no
KXSOL15M-26JUN101745,Target Price: $62.9232,2026-06-10 17:30:00-04:00,2026-06-10 17:45:00-04:00,62.9795,62.9232,yes
KXSOL15M-26JUN101730,Target Price: $62.6658,2026-06-10 17:15:00-04:00,2026-06-10 17:30:00-04:00,62.9232,62.6658,yes
KXSOL15M-26JUN101715,Target Price: $63.2890,2026-06-10 17:00:00-04:00,2026-06-10 17:15:00-04:00,62.6658,63.289,no
KXSOL15M-26JUN101700,Target Price: $63.4107,2026-06-10 16:45:00-04:00,2026-06-10 17:00:00-04:00,63.2890,63.4107,no
KXSOL15M-26JUN101645,Target Price: $63.5417,2026-06-10 16:30:00-04:00,2026-06-10 16:45:00-04:00,63.4107,63.5417,no
KXSOL15M-26JUN101630,Target Price: $63.3812,2026-06-10 16:15:00-04:00,2026-06-10 16:30:00-04:00,63.5417,63.3812,yes
KXSOL15M-26JUN101615,Target Price: $63.5610,2026-06-10 16:00:00-04:00,2026-06-10 16:15:00-04:00,63.3812,63.561,no
KXSOL15M-26JUN101600,Target Price: $63.6948,2026-06-10 15:45:00-04:00,2026-06-10 16:00:00-04:00,63.5610,63.6948,no
KXSOL15M-26JUN101545,Target Price: $63.5582,2026-06-10 15:30:00-04:00,2026-06-10 15:45:00-04:00,63.6948,63.5582,yes
KXSOL15M-26JUN101530,Target Price: $63.5708,2026-06-10 15:15:00-04:00,2026-06-10 15:30:00-04:00,63.5582,63.5708,no
KXSOL15M-26JUN101515,Target Price: $63.7743,2026-06-10 15:00:00-04:00,2026-06-10 15:15:00-04:00,63.5708,63.7743,no
KXSOL15M-26JUN101500,Target Price: $63.4122,2026-06-10 14:45:00-04:00,2026-06-10 15:00:00-04:00,63.7743,63.4122,yes
KXSOL15M-26JUN101445,Target Price: $63.8162,2026-06-10 14:30:00-04:00,2026-06-10 14:45:00-04:00,63.4122,63.8162,no
KXSOL15M-26JUN101430,Target Price: $63.8918,2026-06-10 14:15:00-04:00,2026-06-10 14:30:00-04:00,63.8162,63.8918,no
KXSOL15M-26JUN101415,Target Price: $64.0062,2026-06-10 14:00:00-04:00,2026-06-10 14:15:00-04:00,63.8918,64.0062,no
KXSOL15M-26JUN101400,Target Price: $63.7132,2026-06-10 13:45:00-04:00,2026-06-10 14:00:00-04:00,64.0062,63.7132,yes
KXSOL15M-26JUN101345,Target Price: $64.1592,2026-06-10 13:30:00-04:00,2026-06-10 13:45:00-04:00,63.7132,64.1592,no
KXSOL15M-26JUN101330,Target Price: $64.4502,2026-06-10 13:15:00-04:00,2026-06-10 13:30:00-04:00,64.1592,64.4502,no
KXSOL15M-26JUN101315,Target Price: $64.5633,2026-06-10 13:00:00-04:00,2026-06-10 13:15:00-04:00,64.4502,64.5633,no
KXSOL15M-26JUN101300,Target Price: $64.7462,2026-06-10 12:45:00-04:00,2026-06-10 13:00:00-04:00,64.5633,64.7462,no
KXSOL15M-26JUN101245,Target Price: $64.8840,2026-06-10 12:30:00-04:00,2026-06-10 12:45:00-04:00,64.7462,64.884,no
KXSOL15M-26JUN101230,Target Price: $65.0952,2026-06-10 12:15:00-04:00,2026-06-10 12:30:00-04:00,64.8840,65.0952,no
KXSOL15M-26JUN101215,Target Price: $65.3523,2026-06-10 12:00:00-04:00,2026-06-10 12:15:00-04:00,65.0952,65.3523,no
KXSOL15M-26JUN101200,Target Price: $65.3192,2026-06-10 11:45:00-04:00,2026-06-10 12:00:00-04:00,65.3523,65.3192,yes
KXSOL15M-26JUN101145,Target Price: $65.2080,2026-06-10 11:30:00-04:00,2026-06-10 11:45:00-04:00,65.3192,65.208,yes
KXSOL15M-26JUN101130,Target Price: $64.7368,2026-06-10 11:15:00-04:00,2026-06-10 11:30:00-04:00,65.2080,64.7368,yes
KXSOL15M-26JUN101115,Target Price: $64.9300,2026-06-10 11:00:00-04:00,2026-06-10 11:15:00-04:00,64.7368,64.93,no
KXSOL15M-26JUN101100,Target Price: $64.9218,2026-06-10 10:45:00-04:00,2026-06-10 11:00:00-04:00,64.9300,64.9218,yes
KXSOL15M-26JUN101045,Target Price: $64.9797,2026-06-10 10:30:00-04:00,2026-06-10 10:45:00-04:00,64.9218,64.9797,no
KXSOL15M-26JUN101030,Target Price: $64.9502,2026-06-10 10:15:00-04:00,2026-06-10 10:30:00-04:00,64.9797,64.9502,yes
KXSOL15M-26JUN101015,Target Price: $65.0053,2026-06-10 10:00:00-04:00,2026-06-10 10:15:00-04:00,64.9502,65.0053,no
KXSOL15M-26JUN101000,Target Price: $65.3000,2026-06-10 09:45:00-04:00,2026-06-10 10:00:00-04:00,65.0053,65.3,no
KXSOL15M-26JUN100945,Target Price: $64.3395,2026-06-10 09:30:00-04:00,2026-06-10 09:45:00-04:00,65.3000,64.3395,yes
KXSOL15M-26JUN100930,Target Price: $64.1332,2026-06-10 09:15:00-04:00,2026-06-10 09:30:00-04:00,64.3395,64.1332,yes
KXSOL15M-26JUN100915,Target Price: $64.1343,2026-06-10 09:00:00-04:00,2026-06-10 09:15:00-04:00,64.1332,64.1343,no
KXSOL15M-26JUN100900,Target Price: $64.2322,2026-06-10 08:45:00-04:00,2026-06-10 09:00:00-04:00,64.1343,64.2322,no
KXSOL15M-26JUN100845,Target Price: $63.4418,2026-06-10 08:30:00-04:00,2026-06-10 08:45:00-04:00,64.2322,63.4418,yes
KXSOL15M-26JUN100830,Target Price: $63.5108,2026-06-10 08:15:00-04:00,2026-06-10 08:30:00-04:00,63.4418,63.5108,no
KXSOL15M-26JUN100815,Target price: TBD,2026-06-10 08:00:00-04:00,2026-06-10 08:15:00-04:00,63.5108,,yes
KXSOL15M-26JUN100800,Target Price: $63.3505,2026-06-10 07:45:00-04:00,2026-06-10 08:00:00-04:00,63.4603,63.3505,yes
KXSOL15M-26JUN100745,Target Price: $63.1717,2026-06-10 07:30:00-04:00,2026-06-10 07:45:00-04:00,63.3505,63.1717,yes
KXSOL15M-26JUN100730,Target Price: $63.3253,2026-06-10 07:15:00-04:00,2026-06-10 07:30:00-04:00,63.1717,63.3253,no
KXSOL15M-26JUN100715,Target Price: $63.6332,2026-06-10 07:00:00-04:00,2026-06-10 07:15:00-04:00,63.3253,63.6332,no
KXSOL15M-26JUN100700,Target Price: $63.4557,2026-06-10 06:45:00-04:00,2026-06-10 07:00:00-04:00,63.6332,63.4557,yes
KXSOL15M-26JUN100645,Target Price: $63.5207,2026-06-10 06:30:00-04:00,2026-06-10 06:45:00-04:00,63.4557,63.5207,no
KXSOL15M-26JUN100630,Target Price: $63.4483,2026-06-10 06:15:00-04:00,2026-06-10 06:30:00-04:00,63.5207,63.4483,yes
KXSOL15M-26JUN100615,Target Price: $63.5832,2026-06-10 06:00:00-04:00,2026-06-10 06:15:00-04:00,63.4483,63.5832,no
KXSOL15M-26JUN100600,Target Price: $63.5527,2026-06-10 05:45:00-04:00,2026-06-10 06:00:00-04:00,63.5832,63.5527,yes
KXSOL15M-26JUN100545,Target Price: $63.4370,2026-06-10 05:30:00-04:00,2026-06-10 05:45:00-04:00,63.5527,63.437,yes
KXSOL15M-26JUN100530,Target Price: $63.4608,2026-06-10 05:15:00-04:00,2026-06-10 05:30:00-04:00,63.4370,63.4608,no
KXSOL15M-26JUN100515,Target Price: $63.5700,2026-06-10 05:00:00-04:00,2026-06-10 05:15:00-04:00,63.4608,63.57,no
KXSOL15M-26JUN100500,Target Price: $63.5100,2026-06-10 04:45:00-04:00,2026-06-10 05:00:00-04:00,63.5700,63.51,yes
KXSOL15M-26JUN100445,Target Price: $63.7845,2026-06-10 04:30:00-04:00,2026-06-10 04:45:00-04:00,63.5100,63.7845,no
KXSOL15M-26JUN100430,Target Price: $64.0733,2026-06-10 04:15:00-04:00,2026-06-10 04:30:00-04:00,63.7845,64.0733,no
KXSOL15M-26JUN100415,Target Price: $64.4605,2026-06-10 04:00:00-04:00,2026-06-10 04:15:00-04:00,64.0733,64.4605,no
KXSOL15M-26JUN100400,Target Price: $64.5785,2026-06-10 03:45:00-04:00,2026-06-10 04:00:00-04:00,64.4605,64.5785,no
KXSOL15M-26JUN100345,Target Price: $64.4820,2026-06-10 03:30:00-04:00,2026-06-10 03:45:00-04:00,64.5785,64.482,yes
KXSOL15M-26JUN100330,Target Price: $64.3237,2026-06-10 03:15:00-04:00,2026-06-10 03:30:00-04:00,64.4820,64.3237,yes
KXSOL15M-26JUN100315,Target Price: $64.1723,2026-06-10 03:00:00-04:00,2026-06-10 03:15:00-04:00,64.3237,64.1723,yes
KXSOL15M-26JUN100300,Target Price: $64.1690,2026-06-10 02:45:00-04:00,2026-06-10 03:00:00-04:00,64.1723,64.169,yes
KXSOL15M-26JUN100245,Target Price: $64.0598,2026-06-10 02:30:00-04:00,2026-06-10 02:45:00-04:00,64.1690,64.0598,yes
KXSOL15M-26JUN100230,Target Price: $63.9702,2026-06-10 02:15:00-04:00,2026-06-10 02:30:00-04:00,64.0598,63.9702,yes
KXSOL15M-26JUN100215,Target Price: $64.0698,2026-06-10 02:00:00-04:00,2026-06-10 02:15:00-04:00,63.9702,64.0698,no
KXSOL15M-26JUN100200,Target Price: $64.0587,2026-06-10 01:45:00-04:00,2026-06-10 02:00:00-04:00,64.0698,64.0587,yes
KXSOL15M-26JUN100145,Target Price: $64.1052,2026-06-10 01:30:00-04:00,2026-06-10 01:45:00-04:00,64.0587,64.1052,no
KXSOL15M-26JUN100130,Target Price: $64.0890,2026-06-10 01:15:00-04:00,2026-06-10 01:30:00-04:00,64.1052,64.089,yes
KXSOL15M-26JUN100115,Target Price: $64.2200,2026-06-10 01:00:00-04:00,2026-06-10 01:15:00-04:00,64.0890,64.22,no
KXSOL15M-26JUN100100,Target Price: $64.1647,2026-06-10 00:45:00-04:00,2026-06-10 01:00:00-04:00,64.2200,64.1647,yes
KXSOL15M-26JUN100045,Target Price: $64.4607,2026-06-10 00:30:00-04:00,2026-06-10 00:45:00-04:00,64.1647,64.4607,no
KXSOL15M-26JUN100030,Target Price: $64.4893,2026-06-10 00:15:00-04:00,2026-06-10 00:30:00-04:00,64.4607,64.4893,no
KXSOL15M-26JUN100015,Target Price: $64.4658,2026-06-10 00:00:00-04:00,2026-06-10 00:15:00-04:00,64.4893,64.4658,yes
KXSOL15M-26JUN100000,Target Price: $64.5725,2026-06-09 23:45:00-04:00,2026-06-10 00:00:00-04:00,64.4658,64.5725,no
KXSOL15M-26JUN092345,Target Price: $64.7755,2026-06-09 23:30:00-04:00,2026-06-09 23:45:00-04:00,64.5725,64.7755,no
KXSOL15M-26JUN092330,Target Price: $64.4910,2026-06-09 23:15:00-04:00,2026-06-09 23:30:00-04:00,64.7755,64.491,yes
KXSOL15M-26JUN092315,Target Price: $64.3295,2026-06-09 23:00:00-04:00,2026-06-09 23:15:00-04:00,64.4910,64.3295,yes
KXSOL15M-26JUN092300,Target Price: $64.3515,2026-06-09 22:45:00-04:00,2026-06-09 23:00:00-04:00,64.3295,64.3515,no
KXSOL15M-26JUN092245,Target Price: $64.6240,2026-06-09 22:30:00-04:00,2026-06-09 22:45:00-04:00,64.3515,64.624,no
KXSOL15M-26JUN092230,Target Price: $64.8645,2026-06-09 22:15:00-04:00,2026-06-09 22:30:00-04:00,64.6240,64.8645,no
KXSOL15M-26JUN092215,Target Price: $65.0727,2026-06-09 22:00:00-04:00,2026-06-09 22:15:00-04:00,64.8645,65.0727,no
KXSOL15M-26JUN092200,Target Price: $64.8847,2026-06-09 21:45:00-04:00,2026-06-09 22:00:00-04:00,65.0727,64.8847,yes
KXSOL15M-26JUN092145,Target Price: $65.1682,2026-06-09 21:30:00-04:00,2026-06-09 21:45:00-04:00,64.8847,65.1682,no
KXSOL15M-26JUN092130,Target Price: $65.0300,2026-06-09 21:15:00-04:00,2026-06-09 21:30:00-04:00,65.1682,65.03,yes
KXSOL15M-26JUN092115,Target Price: $65.0817,2026-06-09 21:00:00-04:00,2026-06-09 21:15:00-04:00,65.0300,65.0817,no
KXSOL15M-26JUN092100,Target Price: $64.5067,2026-06-09 20:45:00-04:00,2026-06-09 21:00:00-04:00,65.0817,64.5067,yes
KXSOL15M-26JUN092045,Target Price: $65.0447,2026-06-09 20:30:00-04:00,2026-06-09 20:45:00-04:00,64.5067,65.0447,no
KXSOL15M-26JUN092030,Target Price: $65.0193,2026-06-09 20:15:00-04:00,2026-06-09 20:30:00-04:00,65.0447,65.0193,yes
KXSOL15M-26JUN092015,Target Price: $64.9203,2026-06-09 20:00:00-04:00,2026-06-09 20:15:00-04:00,65.0193,64.9203,yes
KXSOL15M-26JUN092000,Target Price: $64.8817,2026-06-09 19:45:00-04:00,2026-06-09 20:00:00-04:00,64.9203,64.8817,yes
KXSOL15M-26JUN091945,Target Price: $64.8890,2026-06-09 19:30:00-04:00,2026-06-09 19:45:00-04:00,64.8817,64.889,no
KXSOL15M-26JUN091930,Target Price: $64.9103,2026-06-09 19:15:00-04:00,2026-06-09 19:30:00-04:00,64.8890,64.9103,no
KXSOL15M-26JUN091915,Target Price: $64.8368,2026-06-09 19:00:00-04:00,2026-06-09 19:15:00-04:00,64.9103,64.8368,yes
KXSOL15M-26JUN091900,Target Price: $65.1123,2026-06-09 18:45:00-04:00,2026-06-09 19:00:00-04:00,64.8368,65.1123,no
KXSOL15M-26JUN091845,Target Price: $65.1002,2026-06-09 18:30:00-04:00,2026-06-09 18:45:00-04:00,65.1123,65.1002,yes
KXSOL15M-26JUN091830,Target Price: $65.0402,2026-06-09 18:15:00-04:00,2026-06-09 18:30:00-04:00,65.1002,65.0402,yes
KXSOL15M-26JUN091815,Target Price: $64.9593,2026-06-09 18:00:00-04:00,2026-06-09 18:15:00-04:00,65.0402,64.9593,yes
KXSOL15M-26JUN091800,Target Price: $64.9963,2026-06-09 17:45:00-04:00,2026-06-09 18:00:00-04:00,64.9593,64.9963,no
KXSOL15M-26JUN091745,Target Price: $65.1005,2026-06-09 17:30:00-04:00,2026-06-09 17:45:00-04:00,64.9963,65.1005,no
KXSOL15M-26JUN091730,Target Price: $65.4842,2026-06-09 17:15:00-04:00,2026-06-09 17:30:00-04:00,65.1005,65.4842,no
KXSOL15M-26JUN091715,Target Price: $65.5687,2026-06-09 17:00:00-04:00,2026-06-09 17:15:00-04:00,65.4842,65.5687,no
KXSOL15M-26JUN091700,Target Price: $65.5638,2026-06-09 16:45:00-04:00,2026-06-09 17:00:00-04:00,65.5687,65.5638,yes
KXSOL15M-26JUN091645,Target Price: $65.4123,2026-06-09 16:30:00-04:00,2026-06-09 16:45:00-04:00,65.5638,65.4123,yes
KXSOL15M-26JUN091630,Target Price: $65.5338,2026-06-09 16:15:00-04:00,2026-06-09 16:30:00-04:00,65.4123,65.5338,no
KXSOL15M-26JUN091615,Target Price: $65.4352,2026-06-09 16:00:00-04:00,2026-06-09 16:15:00-04:00,65.5338,65.4352,yes
KXSOL15M-26JUN091600,Target Price: $65.2692,2026-06-09 15:45:00-04:00,2026-06-09 16:00:00-04:00,65.4352,65.2692,yes
KXSOL15M-26JUN091545,Target Price: $65.2680,2026-06-09 15:30:00-04:00,2026-06-09 15:45:00-04:00,65.2692,65.268,yes
KXSOL15M-26JUN091530,Target Price: $65.1663,2026-06-09 15:15:00-04:00,2026-06-09 15:30:00-04:00,65.2680,65.1663,yes
KXSOL15M-26JUN091515,Target Price: $65.2583,2026-06-09 15:00:00-04:00,2026-06-09 15:15:00-04:00,65.1663,65.2583,no
KXSOL15M-26JUN091500,Target Price: $65.0620,2026-06-09 14:45:00-04:00,2026-06-09 15:00:00-04:00,65.2583,65.062,yes
KXSOL15M-26JUN091445,Target Price: $65.0615,2026-06-09 14:30:00-04:00,2026-06-09 14:45:00-04:00,65.0620,65.0615,yes
KXSOL15M-26JUN091430,Target Price: $64.9077,2026-06-09 14:15:00-04:00,2026-06-09 14:30:00-04:00,65.0615,64.9077,yes
KXSOL15M-26JUN091415,Target Price: $64.7912,2026-06-09 14:00:00-04:00,2026-06-09 14:15:00-04:00,64.9077,64.7912,yes
KXSOL15M-26JUN091400,Target Price: $64.9347,2026-06-09 13:45:00-04:00,2026-06-09 14:00:00-04:00,64.7912,64.9347,no
KXSOL15M-26JUN091345,Target Price: $64.9117,2026-06-09 13:30:00-04:00,2026-06-09 13:45:00-04:00,64.9347,64.9117,yes
KXSOL15M-26JUN091330,Target Price: $64.5087,2026-06-09 13:15:00-04:00,2026-06-09 13:30:00-04:00,64.9117,64.5087,yes
KXSOL15M-26JUN091315,Target Price: $64.1325,2026-06-09 13:00:00-04:00,2026-06-09 13:15:00-04:00,64.5087,64.1325,yes
KXSOL15M-26JUN091300,Target Price: $64.0118,2026-06-09 12:45:00-04:00,2026-06-09 13:00:00-04:00,64.1325,64.0118,yes
KXSOL15M-26JUN091245,Target Price: $64.0383,2026-06-09 12:30:00-04:00,2026-06-09 12:45:00-04:00,64.0118,64.0383,no
KXSOL15M-26JUN091230,Target Price: $64.0185,2026-06-09 12:15:00-04:00,2026-06-09 12:30:00-04:00,64.0383,64.0185,yes
KXSOL15M-26JUN091215,Target Price: $64.3217,2026-06-09 12:00:00-04:00,2026-06-09 12:15:00-04:00,64.0185,64.3217,no
KXSOL15M-26JUN091200,Target Price: $64.6487,2026-06-09 11:45:00-04:00,2026-06-09 12:00:00-04:00,64.3217,64.6487,no
KXSOL15M-26JUN091145,Target Price: $64.6902,2026-06-09 11:30:00-04:00,2026-06-09 11:45:00-04:00,64.6487,64.6902,no
KXSOL15M-26JUN091130,Target Price: $65.2345,2026-06-09 11:15:00-04:00,2026-06-09 11:30:00-04:00,64.6902,65.2345,no
KXSOL15M-26JUN091115,Target Price: $64.9625,2026-06-09 11:00:00-04:00,2026-06-09 11:15:00-04:00,65.2345,64.9625,yes
KXSOL15M-26JUN091100,Target Price: $64.5438,2026-06-09 10:45:00-04:00,2026-06-09 11:00:00-04:00,64.9625,64.5438,yes
KXSOL15M-26JUN091045,Target Price: $64.8072,2026-06-09 10:30:00-04:00,2026-06-09 10:45:00-04:00,64.5438,64.8072,no
KXSOL15M-26JUN091030,Target Price: $65.4000,2026-06-09 10:15:00-04:00,2026-06-09 10:30:00-04:00,64.8072,65.4,no
KXSOL15M-26JUN091015,Target Price: $65.9202,2026-06-09 10:00:00-04:00,2026-06-09 10:15:00-04:00,65.4000,65.9202,no
KXSOL15M-26JUN091000,Target Price: $65.9760,2026-06-09 09:45:00-04:00,2026-06-09 10:00:00-04:00,65.9202,65.976,no
KXSOL15M-26JUN090945,Target Price: $65.7087,2026-06-09 09:30:00-04:00,2026-06-09 09:45:00-04:00,65.9760,65.7087,yes
KXSOL15M-26JUN090930,Target Price: $66.1773,2026-06-09 09:15:00-04:00,2026-06-09 09:30:00-04:00,65.7087,66.1773,no
KXSOL15M-26JUN090915,Target Price: $66.0970,2026-06-09 09:00:00-04:00,2026-06-09 09:15:00-04:00,66.1773,66.097,yes
KXSOL15M-26JUN090900,Target Price: $66.0697,2026-06-09 08:45:00-04:00,2026-06-09 09:00:00-04:00,66.0970,66.0697,yes
KXSOL15M-26JUN090845,Target Price: $66.2520,2026-06-09 08:30:00-04:00,2026-06-09 08:45:00-04:00,66.0697,66.252,no
KXSOL15M-26JUN090830,Target Price: $66.3220,2026-06-09 08:15:00-04:00,2026-06-09 08:30:00-04:00,66.2520,66.322,no
KXSOL15M-26JUN090815,Target Price: $66.1425,2026-06-09 08:00:00-04:00,2026-06-09 08:15:00-04:00,66.3220,66.1425,yes
KXSOL15M-26JUN090800,Target Price: $66.0648,2026-06-09 07:45:00-04:00,2026-06-09 08:00:00-04:00,66.1425,66.0648,yes
KXSOL15M-26JUN090745,Target Price: $65.9660,2026-06-09 07:30:00-04:00,2026-06-09 07:45:00-04:00,66.0648,65.966,yes
KXSOL15M-26JUN090730,Target Price: $66.0823,2026-06-09 07:15:00-04:00,2026-06-09 07:30:00-04:00,65.9660,66.0823,no
KXSOL15M-26JUN090715,Target Price: $66.3897,2026-06-09 07:00:00-04:00,2026-06-09 07:15:00-04:00,66.0823,66.3897,no
KXSOL15M-26JUN090700,Target Price: $66.1378,2026-06-09 06:45:00-04:00,2026-06-09 07:00:00-04:00,66.3897,66.1378,yes
KXSOL15M-26JUN090645,Target Price: $66.1570,2026-06-09 06:30:00-04:00,2026-06-09 06:45:00-04:00,66.1378,66.157,no
KXSOL15M-26JUN090630,Target Price: $66.1125,2026-06-09 06:15:00-04:00,2026-06-09 06:30:00-04:00,66.1570,66.1125,yes
KXSOL15M-26JUN090615,Target Price: $66.1343,2026-06-09 06:00:00-04:00,2026-06-09 06:15:00-04:00,66.1125,66.1343,no
KXSOL15M-26JUN090600,Target Price: $66.1093,2026-06-09 05:45:00-04:00,2026-06-09 06:00:00-04:00,66.1343,66.1093,yes
KXSOL15M-26JUN090545,Target Price: $66.4213,2026-06-09 05:30:00-04:00,2026-06-09 05:45:00-04:00,66.1093,66.4213,no
KXSOL15M-26JUN090530,Target Price: $66.6637,2026-06-09 05:15:00-04:00,2026-06-09 05:30:00-04:00,66.4213,66.6637,no
KXSOL15M-26JUN090515,Target Price: $66.5883,2026-06-09 05:00:00-04:00,2026-06-09 05:15:00-04:00,66.6637,66.5883,yes
KXSOL15M-26JUN090500,Target Price: $66.7207,2026-06-09 04:45:00-04:00,2026-06-09 05:00:00-04:00,66.5883,66.7207,no
KXSOL15M-26JUN090445,Target Price: $66.6102,2026-06-09 04:30:00-04:00,2026-06-09 04:45:00-04:00,66.7207,66.6102,yes
KXSOL15M-26JUN090430,Target Price: $66.5752,2026-06-09 04:15:00-04:00,2026-06-09 04:30:00-04:00,66.6102,66.5752,yes
KXSOL15M-26JUN090415,Target Price: $66.8633,2026-06-09 04:00:00-04:00,2026-06-09 04:15:00-04:00,66.5752,66.8633,no
KXSOL15M-26JUN090400,Target Price: $66.8428,2026-06-09 03:45:00-04:00,2026-06-09 04:00:00-04:00,66.8633,66.8428,yes
KXSOL15M-26JUN090345,Target Price: $66.6472,2026-06-09 03:30:00-04:00,2026-06-09 03:45:00-04:00,66.8428,66.6472,yes
KXSOL15M-26JUN090330,Target Price: $67.0513,2026-06-09 03:15:00-04:00,2026-06-09 03:30:00-04:00,66.6472,67.0513,no
KXSOL15M-26JUN090315,Target Price: $67.0158,2026-06-09 03:00:00-04:00,2026-06-09 03:15:00-04:00,67.0513,67.0158,yes
KXSOL15M-26JUN090300,Target Price: $67.2217,2026-06-09 02:45:00-04:00,2026-06-09 03:00:00-04:00,67.0158,67.2217,no
KXSOL15M-26JUN090245,Target Price: $67.2800,2026-06-09 02:30:00-04:00,2026-06-09 02:45:00-04:00,67.2217,67.28,no
KXSOL15M-26JUN090230,Target Price: $67.2028,2026-06-09 02:15:00-04:00,2026-06-09 02:30:00-04:00,67.2800,67.2028,yes
KXSOL15M-26JUN090215,Target Price: $67.1703,2026-06-09 02:00:00-04:00,2026-06-09 02:15:00-04:00,67.2028,67.1703,yes
KXSOL15M-26JUN090200,Target Price: $67.1908,2026-06-09 01:45:00-04:00,2026-06-09 02:00:00-04:00,67.1703,67.1908,no
KXSOL15M-26JUN090145,Target Price: $67.0392,2026-06-09 01:30:00-04:00,2026-06-09 01:45:00-04:00,67.1908,67.0392,yes
KXSOL15M-26JUN090130,Target Price: $67.0355,2026-06-09 01:15:00-04:00,2026-06-09 01:30:00-04:00,67.0392,67.0355,yes
KXSOL15M-26JUN090115,Target Price: $67.0102,2026-06-09 01:00:00-04:00,2026-06-09 01:15:00-04:00,67.0355,67.0102,yes
KXSOL15M-26JUN090100,Target Price: $67.0277,2026-06-09 00:45:00-04:00,2026-06-09 01:00:00-04:00,67.0102,67.0277,no
KXSOL15M-26JUN090045,Target Price: $65.9550,2026-06-09 00:30:00-04:00,2026-06-09 00:45:00-04:00,67.0277,65.955,yes
KXSOL15M-26JUN090030,Target Price: $66.1265,2026-06-09 00:15:00-04:00,2026-06-09 00:30:00-04:00,65.9550,66.1265,no
KXSOL15M-26JUN090015,Target Price: $66.0112,2026-06-09 00:00:00-04:00,2026-06-09 00:15:00-04:00,66.1265,66.0112,yes
KXSOL15M-26JUN090000,Target Price: $65.8363,2026-06-08 23:45:00-04:00,2026-06-09 00:00:00-04:00,66.0112,65.8363,yes
KXSOL15M-26JUN082345,Target Price: $65.9018,2026-06-08 23:30:00-04:00,2026-06-08 23:45:00-04:00,65.8363,65.9018,no
KXSOL15M-26JUN082330,Target Price: $65.9888,2026-06-08 23:15:00-04:00,2026-06-08 23:30:00-04:00,65.9018,65.9888,no
KXSOL15M-26JUN082315,Target Price: $65.8787,2026-06-08 23:00:00-04:00,2026-06-08 23:15:00-04:00,65.9888,65.8787,yes
KXSOL15M-26JUN082300,Target Price: $65.6712,2026-06-08 22:45:00-04:00,2026-06-08 23:00:00-04:00,65.8787,65.6712,yes
KXSOL15M-26JUN082245,Target Price: $65.8580,2026-06-08 22:30:00-04:00,2026-06-08 22:45:00-04:00,65.6712,65.858,no
KXSOL15M-26JUN082230,Target Price: $65.8830,2026-06-08 22:15:00-04:00,2026-06-08 22:30:00-04:00,65.8580,65.883,no
KXSOL15M-26JUN082215,Target Price: $66.0127,2026-06-08 22:00:00-04:00,2026-06-08 22:15:00-04:00,65.8830,66.0127,no
KXSOL15M-26JUN082200,Target Price: $65.8108,2026-06-08 21:45:00-04:00,2026-06-08 22:00:00-04:00,66.0127,65.8108,yes
KXSOL15M-26JUN082145,Target Price: $65.8988,2026-06-08 21:30:00-04:00,2026-06-08 21:45:00-04:00,65.8108,65.8988,no
KXSOL15M-26JUN082130,Target Price: $65.6068,2026-06-08 21:15:00-04:00,2026-06-08 21:30:00-04:00,65.8988,65.6068,yes
KXSOL15M-26JUN082115,Target Price: $65.4103,2026-06-08 21:00:00-04:00,2026-06-08 21:15:00-04:00,65.6068,65.4103,yes
KXSOL15M-26JUN082100,Target Price: $65.7498,2026-06-08 20:45:00-04:00,2026-06-08 21:00:00-04:00,65.4103,65.7498,no
KXSOL15M-26JUN082045,Target Price: $65.8927,2026-06-08 20:30:00-04:00,2026-06-08 20:45:00-04:00,65.7498,65.8927,no
KXSOL15M-26JUN082030,Target Price: $66.5633,2026-06-08 20:15:00-04:00,2026-06-08 20:30:00-04:00,65.8927,66.5633,no
KXSOL15M-26JUN082015,Target Price: $66.8012,2026-06-08 20:00:00-04:00,2026-06-08 20:15:00-04:00,66.5633,66.8012,no
KXSOL15M-26JUN082000,Target Price: $66.8513,2026-06-08 19:45:00-04:00,2026-06-08 20:00:00-04:00,66.8012,66.8513,no
KXSOL15M-26JUN081945,Target Price: $66.8333,2026-06-08 19:30:00-04:00,2026-06-08 19:45:00-04:00,66.8513,66.8333,yes
KXSOL15M-26JUN081930,Target Price: $67.3663,2026-06-08 19:15:00-04:00,2026-06-08 19:30:00-04:00,66.8333,67.3663,no
KXSOL15M-26JUN081915,Target Price: $67.1768,2026-06-08 19:00:00-04:00,2026-06-08 19:15:00-04:00,67.3663,67.1768,yes
KXSOL15M-26JUN081900,Target Price: $67.0688,2026-06-08 18:45:00-04:00,2026-06-08 19:00:00-04:00,67.1768,67.0688,yes
KXSOL15M-26JUN081845,Target Price: $67.0990,2026-06-08 18:30:00-04:00,2026-06-08 18:45:00-04:00,67.0688,67.099,no
KXSOL15M-26JUN081830,Target Price: $67.0643,2026-06-08 18:15:00-04:00,2026-06-08 18:30:00-04:00,67.0990,67.0643,yes
KXSOL15M-26JUN081815,Target Price: $67.5535,2026-06-08 18:00:00-04:00,2026-06-08 18:15:00-04:00,67.0643,67.5535,no
KXSOL15M-26JUN081800,Target Price: $67.8595,2026-06-08 17:45:00-04:00,2026-06-08 18:00:00-04:00,67.5535,67.8595,no
KXSOL15M-26JUN081745,Target Price: $67.7957,2026-06-08 17:30:00-04:00,2026-06-08 17:45:00-04:00,67.8595,67.7957,yes
KXSOL15M-26JUN081730,Target Price: $67.9263,2026-06-08 17:15:00-04:00,2026-06-08 17:30:00-04:00,67.7957,67.9263,no
KXSOL15M-26JUN081715,Target Price: $67.4198,2026-06-08 17:00:00-04:00,2026-06-08 17:15:00-04:00,67.9263,67.4198,yes
KXSOL15M-26JUN081700,Target Price: $67.2852,2026-06-08 16:45:00-04:00,2026-06-08 17:00:00-04:00,67.4198,67.2852,yes
KXSOL15M-26JUN081645,Target Price: $67.0290,2026-06-08 16:30:00-04:00,2026-06-08 16:45:00-04:00,67.2852,67.029,yes
KXSOL15M-26JUN081630,Target Price: $67.0932,2026-06-08 16:15:00-04:00,2026-06-08 16:30:00-04:00,67.0290,67.0932,no
KXSOL15M-26JUN081615,Target Price: $67.3937,2026-06-08 16:00:00-04:00,2026-06-08 16:15:00-04:00,67.0932,67.3937,no
KXSOL15M-26JUN081600,Target Price: $67.5915,2026-06-08 15:45:00-04:00,2026-06-08 16:00:00-04:00,67.3937,67.5915,no
KXSOL15M-26JUN081545,Target Price: $67.6445,2026-06-08 15:30:00-04:00,2026-06-08 15:45:00-04:00,67.5915,67.6445,no
KXSOL15M-26JUN081530,Target Price: $67.5847,2026-06-08 15:15:00-04:00,2026-06-08 15:30:00-04:00,67.6445,67.5847,yes
KXSOL15M-26JUN081515,Target Price: $67.4142,2026-06-08 15:00:00-04:00,2026-06-08 15:15:00-04:00,67.5847,67.4142,yes
KXSOL15M-26JUN081500,Target Price: $67.3330,2026-06-08 14:45:00-04:00,2026-06-08 15:00:00-04:00,67.4142,67.333,yes
KXSOL15M-26JUN081445,Target Price: $67.4955,2026-06-08 14:30:00-04:00,2026-06-08 14:45:00-04:00,67.3330,67.4955,no
KXSOL15M-26JUN081430,Target Price: $67.4600,2026-06-08 14:15:00-04:00,2026-06-08 14:30:00-04:00,67.4955,67.46,yes
KXSOL15M-26JUN081415,Target Price: $67.3178,2026-06-08 14:00:00-04:00,2026-06-08 14:15:00-04:00,67.4600,67.3178,yes
KXSOL15M-26JUN081400,Target Price: $66.9302,2026-06-08 13:45:00-04:00,2026-06-08 14:00:00-04:00,67.3178,66.9302,yes
KXSOL15M-26JUN081345,Target Price: $67.0982,2026-06-08 13:30:00-04:00,2026-06-08 13:45:00-04:00,66.9302,67.0982,no
KXSOL15M-26JUN081330,Target Price: $66.6385,2026-06-08 13:15:00-04:00,2026-06-08 13:30:00-04:00,67.0982,66.6385,yes
KXSOL15M-26JUN081315,Target Price: $66.9235,2026-06-08 13:00:00-04:00,2026-06-08 13:15:00-04:00,66.6385,66.9235,no
KXSOL15M-26JUN081300,Target Price: $67.1412,2026-06-08 12:45:00-04:00,2026-06-08 13:00:00-04:00,66.9235,67.1412,no
KXSOL15M-26JUN081245,Target Price: $67.5270,2026-06-08 12:30:00-04:00,2026-06-08 12:45:00-04:00,67.1412,67.527,no
KXSOL15M-26JUN081230,Target Price: $67.3743,2026-06-08 12:15:00-04:00,2026-06-08 12:30:00-04:00,67.5270,67.3743,yes
KXSOL15M-26JUN081215,Target Price: $67.1072,2026-06-08 12:00:00-04:00,2026-06-08 12:15:00-04:00,67.3743,67.1072,yes
KXSOL15M-26JUN081200,Target Price: $67.3495,2026-06-08 11:45:00-04:00,2026-06-08 12:00:00-04:00,67.1072,67.3495,no
KXSOL15M-26JUN081145,Target Price: $67.4827,2026-06-08 11:30:00-04:00,2026-06-08 11:45:00-04:00,67.3495,67.4827,no
KXSOL15M-26JUN081130,Target Price: $67.7505,2026-06-08 11:15:00-04:00,2026-06-08 11:30:00-04:00,67.4827,67.7505,no
KXSOL15M-26JUN081115,Target Price: $67.2573,2026-06-08 11:00:00-04:00,2026-06-08 11:15:00-04:00,67.7505,67.2573,yes
KXSOL15M-26JUN081100,Target Price: $66.8572,2026-06-08 10:45:00-04:00,2026-06-08 11:00:00-04:00,67.2573,66.8572,yes
KXSOL15M-26JUN081045,Target Price: $66.8228,2026-06-08 10:30:00-04:00,2026-06-08 10:45:00-04:00,66.8572,66.8228,yes
KXSOL15M-26JUN081030,Target Price: $66.8177,2026-06-08 10:15:00-04:00,2026-06-08 10:30:00-04:00,66.8228,66.8177,yes
KXSOL15M-26JUN081015,Target Price: $66.7967,2026-06-08 10:00:00-04:00,2026-06-08 10:15:00-04:00,66.8177,66.7967,yes
KXSOL15M-26JUN081000,Target Price: $66.5703,2026-06-08 09:45:00-04:00,2026-06-08 10:00:00-04:00,66.7967,66.5703,yes
KXSOL15M-26JUN080945,Target Price: $66.8150,2026-06-08 09:30:00-04:00,2026-06-08 09:45:00-04:00,66.5703,66.815,no
KXSOL15M-26JUN080930,Target Price: $66.8878,2026-06-08 09:15:00-04:00,2026-06-08 09:30:00-04:00,66.8150,66.8878,no
KXSOL15M-26JUN080915,Target Price: $67.2062,2026-06-08 09:00:00-04:00,2026-06-08 09:15:00-04:00,66.8878,67.2062,no
KXSOL15M-26JUN080900,Target Price: $67.0245,2026-06-08 08:45:00-04:00,2026-06-08 09:00:00-04:00,67.2062,67.0245,yes
KXSOL15M-26JUN080845,Target Price: $66.3612,2026-06-08 08:30:00-04:00,2026-06-08 08:45:00-04:00,67.0245,66.3612,yes
KXSOL15M-26JUN080830,Target Price: $66.1718,2026-06-08 08:15:00-04:00,2026-06-08 08:30:00-04:00,66.3612,66.1718,yes
KXSOL15M-26JUN080815,Target Price: $66.6557,2026-06-08 08:00:00-04:00,2026-06-08 08:15:00-04:00,66.1718,66.6557,no
KXSOL15M-26JUN080800,Target Price: $66.7743,2026-06-08 07:45:00-04:00,2026-06-08 08:00:00-04:00,66.6557,66.7743,no
KXSOL15M-26JUN080745,Target Price: $66.7507,2026-06-08 07:30:00-04:00,2026-06-08 07:45:00-04:00,66.7743,66.7507,yes
KXSOL15M-26JUN080730,Target Price: $66.3682,2026-06-08 07:15:00-04:00,2026-06-08 07:30:00-04:00,66.7507,66.3682,yes
KXSOL15M-26JUN080715,Target Price: $66.1340,2026-06-08 07:00:00-04:00,2026-06-08 07:15:00-04:00,66.3682,66.134,yes
KXSOL15M-26JUN080700,Target Price: $66.1545,2026-06-08 06:45:00-04:00,2026-06-08 07:00:00-04:00,66.1340,66.1545,no
KXSOL15M-26JUN080645,Target Price: $65.8342,2026-06-08 06:30:00-04:00,2026-06-08 06:45:00-04:00,66.1545,65.8342,yes
KXSOL15M-26JUN080630,Target Price: $66.1907,2026-06-08 06:15:00-04:00,2026-06-08 06:30:00-04:00,65.8342,66.1907,no
KXSOL15M-26JUN080615,Target Price: $66.3050,2026-06-08 06:00:00-04:00,2026-06-08 06:15:00-04:00,66.1907,66.305,no
KXSOL15M-26JUN080600,Target Price: $66.0695,2026-06-08 05:45:00-04:00,2026-06-08 06:00:00-04:00,66.3050,66.0695,yes
KXSOL15M-26JUN080545,Target Price: $65.9982,2026-06-08 05:30:00-04:00,2026-06-08 05:45:00-04:00,66.0695,65.9982,yes
KXSOL15M-26JUN080530,Target Price: $65.7348,2026-06-08 05:15:00-04:00,2026-06-08 05:30:00-04:00,65.9982,65.7348,yes
KXSOL15M-26JUN080515,Target Price: $65.6218,2026-06-08 05:00:00-04:00,2026-06-08 05:15:00-04:00,65.7348,65.6218,yes
KXSOL15M-26JUN080500,Target Price: $65.6460,2026-06-08 04:45:00-04:00,2026-06-08 05:00:00-04:00,65.6218,65.646,no
KXSOL15M-26JUN080445,Target Price: $65.6683,2026-06-08 04:30:00-04:00,2026-06-08 04:45:00-04:00,65.6460,65.6683,no
KXSOL15M-26JUN080430,Target Price: $65.8740,2026-06-08 04:15:00-04:00,2026-06-08 04:30:00-04:00,65.6683,65.874,no
KXSOL15M-26JUN080415,Target Price: $66.0457,2026-06-08 04:00:00-04:00,2026-06-08 04:15:00-04:00,65.8740,66.0457,no
KXSOL15M-26JUN080400,Target Price: $65.9010,2026-06-08 03:45:00-04:00,2026-06-08 04:00:00-04:00,66.0457,65.901,yes
KXSOL15M-26JUN080345,Target Price: $65.9257,2026-06-08 03:30:00-04:00,2026-06-08 03:45:00-04:00,65.9010,65.9257,no
KXSOL15M-26JUN080330,Target Price: $65.6843,2026-06-08 03:15:00-04:00,2026-06-08 03:30:00-04:00,65.9257,65.6843,yes
KXSOL15M-26JUN080315,Target Price: $65.6467,2026-06-08 03:00:00-04:00,2026-06-08 03:15:00-04:00,65.6843,65.6467,yes
KXSOL15M-26JUN080300,Target Price: $65.7012,2026-06-08 02:45:00-04:00,2026-06-08 03:00:00-04:00,65.6467,65.7012,no
KXSOL15M-26JUN080245,Target Price: $65.7755,2026-06-08 02:30:00-04:00,2026-06-08 02:45:00-04:00,65.7012,65.7755,no
KXSOL15M-26JUN080230,Target Price: $65.5410,2026-06-08 02:15:00-04:00,2026-06-08 02:30:00-04:00,65.7755,65.541,yes
KXSOL15M-26JUN080215,Target Price: $65.2445,2026-06-08 02:00:00-04:00,2026-06-08 02:15:00-04:00,65.5410,65.2445,yes
KXSOL15M-26JUN080200,Target Price: $65.0680,2026-06-08 01:45:00-04:00,2026-06-08 02:00:00-04:00,65.2445,65.068,yes
KXSOL15M-26JUN080145,Target Price: $65.3802,2026-06-08 01:30:00-04:00,2026-06-08 01:45:00-04:00,65.0680,65.3802,no
KXSOL15M-26JUN080130,Target Price: $65.1640,2026-06-08 01:15:00-04:00,2026-06-08 01:30:00-04:00,65.3802,65.164,yes
KXSOL15M-26JUN080115,Target Price: $65.5502,2026-06-08 01:00:00-04:00,2026-06-08 01:15:00-04:00,65.1640,65.5502,no
KXSOL15M-26JUN080100,Target Price: $65.4080,2026-06-08 00:45:00-04:00,2026-06-08 01:00:00-04:00,65.5502,65.408,yes
KXSOL15M-26JUN080045,Target Price: $65.7195,2026-06-08 00:30:00-04:00,2026-06-08 00:45:00-04:00,65.4080,65.7195,no
KXSOL15M-26JUN080030,Target Price: $65.9195,2026-06-08 00:15:00-04:00,2026-06-08 00:30:00-04:00,65.7195,65.9195,no
KXSOL15M-26JUN080015,Target Price: $66.2925,2026-06-08 00:00:00-04:00,2026-06-08 00:15:00-04:00,65.9195,66.2925,no
KXSOL15M-26JUN080000,Target Price: $66.2427,2026-06-07 23:45:00-04:00,2026-06-08 00:00:00-04:00,66.2925,66.2427,yes
KXSOL15M-26JUN072345,Target Price: $66.2878,2026-06-07 23:30:00-04:00,2026-06-07 23:45:00-04:00,66.2427,66.2878,no
KXSOL15M-26JUN072330,Target Price: $66.5318,2026-06-07 23:15:00-04:00,2026-06-07 23:30:00-04:00,66.2878,66.5318,no
KXSOL15M-26JUN072315,Target Price: $66.4338,2026-06-07 23:00:00-04:00,2026-06-07 23:15:00-04:00,66.5318,66.4338,yes
KXSOL15M-26JUN072300,Target Price: $66.3893,2026-06-07 22:45:00-04:00,2026-06-07 23:00:00-04:00,66.4338,66.3893,yes
KXSOL15M-26JUN072245,Target Price: $66.4497,2026-06-07 22:30:00-04:00,2026-06-07 22:45:00-04:00,66.3893,66.4497,no
KXSOL15M-26JUN072230,Target Price: $66.4187,2026-06-07 22:15:00-04:00,2026-06-07 22:30:00-04:00,66.4497,66.4187,yes
KXSOL15M-26JUN072215,Target Price: $66.0847,2026-06-07 22:00:00-04:00,2026-06-07 22:15:00-04:00,66.4187,66.0847,yes
KXSOL15M-26JUN072200,Target Price: $65.9268,2026-06-07 21:45:00-04:00,2026-06-07 22:00:00-04:00,66.0847,65.9268,yes
KXSOL15M-26JUN072145,Target Price: $65.5017,2026-06-07 21:30:00-04:00,2026-06-07 21:45:00-04:00,65.9268,65.5017,yes
KXSOL15M-26JUN072130,Target Price: $66.0813,2026-06-07 21:15:00-04:00,2026-06-07 21:30:00-04:00,65.5017,66.0813,no
KXSOL15M-26JUN072115,Target Price: $66.6857,2026-06-07 21:00:00-04:00,2026-06-07 21:15:00-04:00,66.0813,66.6857,no
KXSOL15M-26JUN072100,Target Price: $66.7910,2026-06-07 20:45:00-04:00,2026-06-07 21:00:00-04:00,66.6857,66.791,no
KXSOL15M-26JUN072045,Target Price: $66.4813,2026-06-07 20:30:00-04:00,2026-06-07 20:45:00-04:00,66.7910,66.4813,yes
KXSOL15M-26JUN072030,Target Price: $66.1290,2026-06-07 20:15:00-04:00,2026-06-07 20:30:00-04:00,66.4813,66.129,yes
KXSOL15M-26JUN072015,Target Price: $66.4307,2026-06-07 20:00:00-04:00,2026-06-07 20:15:00-04:00,66.1290,66.4307,no
KXSOL15M-26JUN072000,Target Price: $66.1840,2026-06-07 19:45:00-04:00,2026-06-07 20:00:00-04:00,66.4307,66.184,yes
KXSOL15M-26JUN071945,Target Price: $66.2965,2026-06-07 19:30:00-04:00,2026-06-07 19:45:00-04:00,66.1840,66.2965,no
KXSOL15M-26JUN071930,Target Price: $66.0487,2026-06-07 19:15:00-04:00,2026-06-07 19:30:00-04:00,66.2965,66.0487,yes
KXSOL15M-26JUN071915,Target Price: $65.8432,2026-06-07 19:00:00-04:00,2026-06-07 19:15:00-04:00,66.0487,65.8432,yes
KXSOL15M-26JUN071900,Target Price: $66.2465,2026-06-07 18:45:00-04:00,2026-06-07 19:00:00-04:00,65.8432,66.2465,no
KXSOL15M-26JUN071845,Target Price: $66.2337,2026-06-07 18:30:00-04:00,2026-06-07 18:45:00-04:00,66.2465,66.2337,yes
KXSOL15M-26JUN071830,Target Price: $66.5033,2026-06-07 18:15:00-04:00,2026-06-07 18:30:00-04:00,66.2337,66.5033,no
KXSOL15M-26JUN071815,Target Price: $64.5647,2026-06-07 18:00:00-04:00,2026-06-07 18:15:00-04:00,66.5033,64.5647,yes
KXSOL15M-26JUN071800,Target Price: $64.3202,2026-06-07 17:45:00-04:00,2026-06-07 18:00:00-04:00,64.5647,64.3202,yes
KXSOL15M-26JUN071745,Target Price: $64.5565,2026-06-07 17:30:00-04:00,2026-06-07 17:45:00-04:00,64.3202,64.5565,no
KXSOL15M-26JUN071730,Target Price: $64.7665,2026-06-07 17:15:00-04:00,2026-06-07 17:30:00-04:00,64.5565,64.7665,no
KXSOL15M-26JUN071715,Target Price: $64.7048,2026-06-07 17:00:00-04:00,2026-06-07 17:15:00-04:00,64.7665,64.7048,yes
KXSOL15M-26JUN071700,Target Price: $64.5068,2026-06-07 16:45:00-04:00,2026-06-07 17:00:00-04:00,64.7048,64.5068,yes
KXSOL15M-26JUN071645,Target Price: $64.4742,2026-06-07 16:30:00-04:00,2026-06-07 16:45:00-04:00,64.5068,64.4742,yes
KXSOL15M-26JUN071630,Target Price: $64.2473,2026-06-07 16:15:00-04:00,2026-06-07 16:30:00-04:00,64.4742,64.2473,yes
KXSOL15M-26JUN071615,Target Price: $63.9127,2026-06-07 16:00:00-04:00,2026-06-07 16:15:00-04:00,64.2473,63.9127,yes
KXSOL15M-26JUN071600,Target Price: $63.7748,2026-06-07 15:45:00-04:00,2026-06-07 16:00:00-04:00,63.9127,63.7748,yes
KXSOL15M-26JUN071545,Target Price: $63.9878,2026-06-07 15:30:00-04:00,2026-06-07 15:45:00-04:00,63.7748,63.9878,no
KXSOL15M-26JUN071530,Target Price: $64.3737,2026-06-07 15:15:00-04:00,2026-06-07 15:30:00-04:00,63.9878,64.3737,no
KXSOL15M-26JUN071515,Target Price: $64.9548,2026-06-07 15:00:00-04:00,2026-06-07 15:15:00-04:00,64.3737,64.9548,no
KXSOL15M-26JUN071500,Target Price: $65.2892,2026-06-07 14:45:00-04:00,2026-06-07 15:00:00-04:00,64.9548,65.2892,no
KXSOL15M-26JUN071445,Target Price: $65.4133,2026-06-07 14:30:00-04:00,2026-06-07 14:45:00-04:00,65.2892,65.4133,no
KXSOL15M-26JUN071430,Target Price: $65.5147,2026-06-07 14:15:00-04:00,2026-06-07 14:30:00-04:00,65.4133,65.5147,no
KXSOL15M-26JUN071415,Target Price: $65.2928,2026-06-07 14:00:00-04:00,2026-06-07 14:15:00-04:00,65.5147,65.2928,yes
KXSOL15M-26JUN071400,Target Price: $65.4443,2026-06-07 13:45:00-04:00,2026-06-07 14:00:00-04:00,65.2928,65.4443,no
KXSOL15M-26JUN071345,Target Price: $65.4358,2026-06-07 13:30:00-04:00,2026-06-07 13:45:00-04:00,65.4443,65.4358,yes
KXSOL15M-26JUN071330,Target Price: $65.4380,2026-06-07 13:15:00-04:00,2026-06-07 13:30:00-04:00,65.4358,65.438,no
KXSOL15M-26JUN071315,Target Price: $65.1038,2026-06-07 13:00:00-04:00,2026-06-07 13:15:00-04:00,65.4380,65.1038,yes
KXSOL15M-26JUN071300,Target Price: $65.1872,2026-06-07 12:45:00-04:00,2026-06-07 13:00:00-04:00,65.1038,65.1872,no
KXSOL15M-26JUN071245,Target Price: $65.0057,2026-06-07 12:30:00-04:00,2026-06-07 12:45:00-04:00,65.1872,65.0057,yes
KXSOL15M-26JUN071230,Target Price: $65.0120,2026-06-07 12:15:00-04:00,2026-06-07 12:30:00-04:00,65.0057,65.012,no
KXSOL15M-26JUN071215,Target Price: $64.9282,2026-06-07 12:00:00-04:00,2026-06-07 12:15:00-04:00,65.0120,64.9282,yes
KXSOL15M-26JUN071200,Target Price: $65.1107,2026-06-07 11:45:00-04:00,2026-06-07 12:00:00-04:00,64.9282,65.1107,no
KXSOL15M-26JUN071145,Target Price: $64.9207,2026-06-07 11:30:00-04:00,2026-06-07 11:45:00-04:00,65.1107,64.9207,yes
KXSOL15M-26JUN071130,Target Price: $64.8453,2026-06-07 11:15:00-04:00,2026-06-07 11:30:00-04:00,64.9207,64.8453,yes
KXSOL15M-26JUN071115,Target Price: $64.9027,2026-06-07 11:00:00-04:00,2026-06-07 11:15:00-04:00,64.8453,64.9027,no
KXSOL15M-26JUN071100,Target Price: $64.7943,2026-06-07 10:45:00-04:00,2026-06-07 11:00:00-04:00,64.9027,64.7943,yes
KXSOL15M-26JUN071045,Target Price: $64.9185,2026-06-07 10:30:00-04:00,2026-06-07 10:45:00-04:00,64.7943,64.9185,no
KXSOL15M-26JUN071030,Target Price: $64.4497,2026-06-07 10:15:00-04:00,2026-06-07 10:30:00-04:00,64.9185,64.4497,yes
KXSOL15M-26JUN071015,Target Price: $64.3330,2026-06-07 10:00:00-04:00,2026-06-07 10:15:00-04:00,64.4497,64.333,yes
KXSOL15M-26JUN071000,Target Price: $64.3258,2026-06-07 09:45:00-04:00,2026-06-07 10:00:00-04:00,64.3330,64.3258,yes
KXSOL15M-26JUN070945,Target Price: $64.3390,2026-06-07 09:30:00-04:00,2026-06-07 09:45:00-04:00,64.3258,64.339,no
KXSOL15M-26JUN070930,Target Price: $64.2425,2026-06-07 09:15:00-04:00,2026-06-07 09:30:00-04:00,64.3390,64.2425,yes
KXSOL15M-26JUN070915,Target Price: $64.2820,2026-06-07 09:00:00-04:00,2026-06-07 09:15:00-04:00,64.2425,64.282,no
KXSOL15M-26JUN070900,Target Price: $63.8690,2026-06-07 08:45:00-04:00,2026-06-07 09:00:00-04:00,64.2820,63.869,yes
KXSOL15M-26JUN070845,Target Price: $64.0393,2026-06-07 08:30:00-04:00,2026-06-07 08:45:00-04:00,63.8690,64.0393,no
KXSOL15M-26JUN070830,Target Price: $64.0218,2026-06-07 08:15:00-04:00,2026-06-07 08:30:00-04:00,64.0393,64.0218,yes
KXSOL15M-26JUN070815,Target Price: $65.0332,2026-06-07 08:00:00-04:00,2026-06-07 08:15:00-04:00,64.0218,65.0332,no
KXSOL15M-26JUN070800,Target Price: $65.0353,2026-06-07 07:45:00-04:00,2026-06-07 08:00:00-04:00,65.0332,65.0353,no
KXSOL15M-26JUN070745,Target Price: $64.8153,2026-06-07 07:30:00-04:00,2026-06-07 07:45:00-04:00,65.0353,64.8153,yes
KXSOL15M-26JUN070730,Target Price: $64.6563,2026-06-07 07:15:00-04:00,2026-06-07 07:30:00-04:00,64.8153,64.6563,yes
KXSOL15M-26JUN070715,Target Price: $64.6458,2026-06-07 07:00:00-04:00,2026-06-07 07:15:00-04:00,64.6563,64.6458,yes
KXSOL15M-26JUN070700,Target Price: $64.6470,2026-06-07 06:45:00-04:00,2026-06-07 07:00:00-04:00,64.6458,64.647,no
KXSOL15M-26JUN070645,Target Price: $64.9493,2026-06-07 06:30:00-04:00,2026-06-07 06:45:00-04:00,64.6470,64.9493,no
KXSOL15M-26JUN070630,Target Price: $64.7753,2026-06-07 06:15:00-04:00,2026-06-07 06:30:00-04:00,64.9493,64.7753,yes
KXSOL15M-26JUN070615,Target Price: $64.9958,2026-06-07 06:00:00-04:00,2026-06-07 06:15:00-04:00,64.7753,64.9958,no
KXSOL15M-26JUN070600,Target Price: $65.1945,2026-06-07 05:45:00-04:00,2026-06-07 06:00:00-04:00,64.9958,65.1945,no
KXSOL15M-26JUN070545,Target Price: $65.7485,2026-06-07 05:30:00-04:00,2026-06-07 05:45:00-04:00,65.1945,65.7485,no
KXSOL15M-26JUN070530,Target Price: $65.9343,2026-06-07 05:15:00-04:00,2026-06-07 05:30:00-04:00,65.7485,65.9343,no
KXSOL15M-26JUN070515,Target Price: $65.8800,2026-06-07 05:00:00-04:00,2026-06-07 05:15:00-04:00,65.9343,65.88,yes
KXSOL15M-26JUN070500,Target Price: $65.2250,2026-06-07 04:45:00-04:00,2026-06-07 05:00:00-04:00,65.8800,65.225,yes
KXSOL15M-26JUN070445,Target Price: $64.8683,2026-06-07 04:30:00-04:00,2026-06-07 04:45:00-04:00,65.2250,64.8683,yes
KXSOL15M-26JUN070430,Target Price: $64.6203,2026-06-07 04:15:00-04:00,2026-06-07 04:30:00-04:00,64.8683,64.6203,yes
KXSOL15M-26JUN070415,Target Price: $64.9032,2026-06-07 04:00:00-04:00,2026-06-07 04:15:00-04:00,64.6203,64.9032,no
KXSOL15M-26JUN070400,Target Price: $64.8355,2026-06-07 03:45:00-04:00,2026-06-07 04:00:00-04:00,64.9032,64.8355,yes
KXSOL15M-26JUN070345,Target Price: $64.9223,2026-06-07 03:30:00-04:00,2026-06-07 03:45:00-04:00,64.8355,64.9223,no
KXSOL15M-26JUN070330,Target Price: $64.7973,2026-06-07 03:15:00-04:00,2026-06-07 03:30:00-04:00,64.9223,64.7973,yes
KXSOL15M-26JUN070315,Target Price: $64.8772,2026-06-07 03:00:00-04:00,2026-06-07 03:15:00-04:00,64.7973,64.8772,no
KXSOL15M-26JUN070300,Target Price: $64.9000,2026-06-07 02:45:00-04:00,2026-06-07 03:00:00-04:00,64.8772,64.9,no
KXSOL15M-26JUN070245,Target Price: $64.7855,2026-06-07 02:30:00-04:00,2026-06-07 02:45:00-04:00,64.9000,64.7855,yes
KXSOL15M-26JUN070230,Target Price: $64.1750,2026-06-07 02:15:00-04:00,2026-06-07 02:30:00-04:00,64.7855,64.175,yes
KXSOL15M-26JUN070215,Target Price: $64.2547,2026-06-07 02:00:00-04:00,2026-06-07 02:15:00-04:00,64.1750,64.2547,no
KXSOL15M-26JUN070200,Target Price: $64.3372,2026-06-07 01:45:00-04:00,2026-06-07 02:00:00-04:00,64.2547,64.3372,no
KXSOL15M-26JUN070145,Target Price: $64.2095,2026-06-07 01:30:00-04:00,2026-06-07 01:45:00-04:00,64.3372,64.2095,yes
KXSOL15M-26JUN070130,Target Price: $64.2357,2026-06-07 01:15:00-04:00,2026-06-07 01:30:00-04:00,64.2095,64.2357,no
KXSOL15M-26JUN070115,Target Price: $64.0792,2026-06-07 01:00:00-04:00,2026-06-07 01:15:00-04:00,64.2357,64.0792,yes
KXSOL15M-26JUN070100,Target Price: $63.9465,2026-06-07 00:45:00-04:00,2026-06-07 01:00:00-04:00,64.0792,63.9465,yes
KXSOL15M-26JUN070045,Target Price: $63.3778,2026-06-07 00:30:00-04:00,2026-06-07 00:45:00-04:00,63.9465,63.3778,yes
KXSOL15M-26JUN070030,Target Price: $63.5807,2026-06-07 00:15:00-04:00,2026-06-07 00:30:00-04:00,63.3778,63.5807,no
KXSOL15M-26JUN070015,Target Price: $63.8057,2026-06-07 00:00:00-04:00,2026-06-07 00:15:00-04:00,63.5807,63.8057,no
KXSOL15M-26JUN070000,Target Price: $63.7258,2026-06-06 23:45:00-04:00,2026-06-07 00:00:00-04:00,63.8057,63.7258,yes
KXSOL15M-26JUN062345,Target Price: $63.9727,2026-06-06 23:30:00-04:00,2026-06-06 23:45:00-04:00,63.7258,63.9727,no
KXSOL15M-26JUN062330,Target Price: $63.6375,2026-06-06 23:15:00-04:00,2026-06-06 23:30:00-04:00,63.9727,63.6375,yes
KXSOL15M-26JUN062315,Target Price: $63.5355,2026-06-06 23:00:00-04:00,2026-06-06 23:15:00-04:00,63.6375,63.5355,yes
KXSOL15M-26JUN062300,Target Price: $63.2635,2026-06-06 22:45:00-04:00,2026-06-06 23:00:00-04:00,63.5355,63.2635,yes
KXSOL15M-26JUN062245,Target Price: $63.2075,2026-06-06 22:30:00-04:00,2026-06-06 22:45:00-04:00,63.2635,63.2075,yes
KXSOL15M-26JUN062230,Target Price: $63.6643,2026-06-06 22:15:00-04:00,2026-06-06 22:30:00-04:00,63.2075,63.6643,no
KXSOL15M-26JUN062215,Target Price: $63.6650,2026-06-06 22:00:00-04:00,2026-06-06 22:15:00-04:00,63.6643,63.665,no
KXSOL15M-26JUN062200,Target Price: $63.5687,2026-06-06 21:45:00-04:00,2026-06-06 22:00:00-04:00,63.6650,63.5687,yes
KXSOL15M-26JUN062145,Target Price: $63.7152,2026-06-06 21:30:00-04:00,2026-06-06 21:45:00-04:00,63.5687,63.7152,no
KXSOL15M-26JUN062130,Target Price: $63.1427,2026-06-06 21:15:00-04:00,2026-06-06 21:30:00-04:00,63.7152,63.1427,yes
KXSOL15M-26JUN062115,Target Price: $62.1148,2026-06-06 21:00:00-04:00,2026-06-06 21:15:00-04:00,63.1427,62.1148,yes
KXSOL15M-26JUN062100,Target Price: $62.3077,2026-06-06 20:45:00-04:00,2026-06-06 21:00:00-04:00,62.1148,62.3077,no
KXSOL15M-26JUN062045,Target Price: $62.1663,2026-06-06 20:30:00-04:00,2026-06-06 20:45:00-04:00,62.3077,62.1663,yes
KXSOL15M-26JUN062030,Target Price: $62.0380,2026-06-06 20:15:00-04:00,2026-06-06 20:30:00-04:00,62.1663,62.038,yes
KXSOL15M-26JUN062015,Target Price: $62.1763,2026-06-06 20:00:00-04:00,2026-06-06 20:15:00-04:00,62.0380,62.1763,no
KXSOL15M-26JUN062000,Target Price: $62.1427,2026-06-06 19:45:00-04:00,2026-06-06 20:00:00-04:00,62.1763,62.1427,yes
KXSOL15M-26JUN061945,Target Price: $61.9225,2026-06-06 19:30:00-04:00,2026-06-06 19:45:00-04:00,62.1427,61.9225,yes
KXSOL15M-26JUN061930,Target Price: $62.0578,2026-06-06 19:15:00-04:00,2026-06-06 19:30:00-04:00,61.9225,62.0578,no
KXSOL15M-26JUN061915,Target Price: $61.7882,2026-06-06 19:00:00-04:00,2026-06-06 19:15:00-04:00,62.0578,61.7882,yes
KXSOL15M-26JUN061900,Target Price: $61.6172,2026-06-06 18:45:00-04:00,2026-06-06 19:00:00-04:00,61.7882,61.6172,yes
KXSOL15M-26JUN061845,Target Price: $61.4800,2026-06-06 18:30:00-04:00,2026-06-06 18:45:00-04:00,61.6172,61.48,yes
KXSOL15M-26JUN061830,Target Price: $61.6637,2026-06-06 18:15:00-04:00,2026-06-06 18:30:00-04:00,61.4800,61.6637,no
KXSOL15M-26JUN061815,Target Price: $61.8920,2026-06-06 18:00:00-04:00,2026-06-06 18:15:00-04:00,61.6637,61.892,no
KXSOL15M-26JUN061800,Target Price: $62.0608,2026-06-06 17:45:00-04:00,2026-06-06 18:00:00-04:00,61.8920,62.0608,no
KXSOL15M-26JUN061745,Target Price: $62.0898,2026-06-06 17:30:00-04:00,2026-06-06 17:45:00-04:00,62.0608,62.0898,no
KXSOL15M-26JUN061730,Target Price: $62.0367,2026-06-06 17:15:00-04:00,2026-06-06 17:30:00-04:00,62.0898,62.0367,yes
KXSOL15M-26JUN061715,Target Price: $61.8175,2026-06-06 17:00:00-04:00,2026-06-06 17:15:00-04:00,62.0367,61.8175,yes
KXSOL15M-26JUN061700,Target Price: $61.7345,2026-06-06 16:45:00-04:00,2026-06-06 17:00:00-04:00,61.8175,61.7345,yes
KXSOL15M-26JUN061645,Target Price: $61.4942,2026-06-06 16:30:00-04:00,2026-06-06 16:45:00-04:00,61.7345,61.4942,yes
KXSOL15M-26JUN061630,Target Price: $61.6237,2026-06-06 16:15:00-04:00,2026-06-06 16:30:00-04:00,61.4942,61.6237,no
KXSOL15M-26JUN061615,Target Price: $61.6380,2026-06-06 16:00:00-04:00,2026-06-06 16:15:00-04:00,61.6237,61.638,no
KXSOL15M-26JUN061600,Target Price: $61.7485,2026-06-06 15:45:00-04:00,2026-06-06 16:00:00-04:00,61.6380,61.7485,no
KXSOL15M-26JUN061545,Target Price: $61.7707,2026-06-06 15:30:00-04:00,2026-06-06 15:45:00-04:00,61.7485,61.7707,no
KXSOL15M-26JUN061530,Target Price: $62.0727,2026-06-06 15:15:00-04:00,2026-06-06 15:30:00-04:00,61.7707,62.0727,no
KXSOL15M-26JUN061515,Target Price: $61.7267,2026-06-06 15:00:00-04:00,2026-06-06 15:15:00-04:00,62.0727,61.7267,yes
KXSOL15M-26JUN061500,Target Price: $61.7533,2026-06-06 14:45:00-04:00,2026-06-06 15:00:00-04:00,61.7267,61.7533,no
KXSOL15M-26JUN061445,Target Price: $62.0663,2026-06-06 14:30:00-04:00,2026-06-06 14:45:00-04:00,61.7533,62.0663,no
KXSOL15M-26JUN061430,Target Price: $61.5305,2026-06-06 14:15:00-04:00,2026-06-06 14:30:00-04:00,62.0663,61.5305,yes
KXSOL15M-26JUN061415,Target Price: $61.5983,2026-06-06 14:00:00-04:00,2026-06-06 14:15:00-04:00,61.5305,61.5983,no
KXSOL15M-26JUN061400,Target Price: $61.8560,2026-06-06 13:45:00-04:00,2026-06-06 14:00:00-04:00,61.5983,61.856,no
KXSOL15M-26JUN061345,Target Price: $61.7785,2026-06-06 13:30:00-04:00,2026-06-06 13:45:00-04:00,61.8560,61.7785,yes
KXSOL15M-26JUN061330,Target Price: $61.9235,2026-06-06 13:15:00-04:00,2026-06-06 13:30:00-04:00,61.7785,61.9235,no
KXSOL15M-26JUN061315,Target Price: $62.0470,2026-06-06 13:00:00-04:00,2026-06-06 13:15:00-04:00,61.9235,62.047,no
KXSOL15M-26JUN061300,Target Price: $61.7365,2026-06-06 12:45:00-04:00,2026-06-06 13:00:00-04:00,62.0470,61.7365,yes
KXSOL15M-26JUN061245,Target Price: $61.5612,2026-06-06 12:30:00-04:00,2026-06-06 12:45:00-04:00,61.7365,61.5612,yes
KXSOL15M-26JUN061230,Target Price: $61.9877,2026-06-06 12:15:00-04:00,2026-06-06 12:30:00-04:00,61.5612,61.9877,no
KXSOL15M-26JUN061215,Target Price: $62.0898,2026-06-06 12:00:00-04:00,2026-06-06 12:15:00-04:00,61.9877,62.0898,no
KXSOL15M-26JUN061200,Target Price: $62.1365,2026-06-06 11:45:00-04:00,2026-06-06 12:00:00-04:00,62.0898,62.1365,no
KXSOL15M-26JUN061145,Target Price: $61.5977,2026-06-06 11:30:00-04:00,2026-06-06 11:45:00-04:00,62.1365,61.5977,yes
KXSOL15M-26JUN061130,Target Price: $61.6790,2026-06-06 11:15:00-04:00,2026-06-06 11:30:00-04:00,61.5977,61.679,no
KXSOL15M-26JUN061115,Target Price: $62.3377,2026-06-06 11:00:00-04:00,2026-06-06 11:15:00-04:00,61.6790,62.3377,no
KXSOL15M-26JUN061100,Target Price: $62.7930,2026-06-06 10:45:00-04:00,2026-06-06 11:00:00-04:00,62.3377,62.793,no
KXSOL15M-26JUN061045,Target Price: $62.5983,2026-06-06 10:30:00-04:00,2026-06-06 10:45:00-04:00,62.7930,62.5983,yes
KXSOL15M-26JUN061030,Target Price: $62.7470,2026-06-06 10:15:00-04:00,2026-06-06 10:30:00-04:00,62.5983,62.747,no
KXSOL15M-26JUN061015,Target Price: $62.4147,2026-06-06 10:00:00-04:00,2026-06-06 10:15:00-04:00,62.7470,62.4147,yes
KXSOL15M-26JUN061000,Target Price: $62.4558,2026-06-06 09:45:00-04:00,2026-06-06 10:00:00-04:00,62.4147,62.4558,no
KXSOL15M-26JUN060945,Target Price: $62.5673,2026-06-06 09:30:00-04:00,2026-06-06 09:45:00-04:00,62.4558,62.5673,no
KXSOL15M-26JUN060930,Target Price: $62.7687,2026-06-06 09:15:00-04:00,2026-06-06 09:30:00-04:00,62.5673,62.7687,no
KXSOL15M-26JUN060915,Target Price: $62.9192,2026-06-06 09:00:00-04:00,2026-06-06 09:15:00-04:00,62.7687,62.9192,no
KXSOL15M-26JUN060900,Target Price: $62.5547,2026-06-06 08:45:00-04:00,2026-06-06 09:00:00-04:00,62.9192,62.5547,yes
KXSOL15M-26JUN060845,Target Price: $62.2322,2026-06-06 08:30:00-04:00,2026-06-06 08:45:00-04:00,62.5547,62.2322,yes
KXSOL15M-26JUN060830,Target Price: $62.6217,2026-06-06 08:15:00-04:00,2026-06-06 08:30:00-04:00,62.2322,62.6217,no
KXSOL15M-26JUN060815,Target Price: $62.4097,2026-06-06 08:00:00-04:00,2026-06-06 08:15:00-04:00,62.6217,62.4097,yes
KXSOL15M-26JUN060800,Target Price: $62.3823,2026-06-06 07:45:00-04:00,2026-06-06 08:00:00-04:00,62.4097,62.3823,yes
KXSOL15M-26JUN060745,Target Price: $62.2478,2026-06-06 07:30:00-04:00,2026-06-06 07:45:00-04:00,62.3823,62.2478,yes
KXSOL15M-26JUN060730,Target Price: $61.9688,2026-06-06 07:15:00-04:00,2026-06-06 07:30:00-04:00,62.2478,61.9688,yes
KXSOL15M-26JUN060715,Target Price: $61.7978,2026-06-06 07:00:00-04:00,2026-06-06 07:15:00-04:00,61.9688,61.7978,yes
KXSOL15M-26JUN060700,Target Price: $61.5095,2026-06-06 06:45:00-04:00,2026-06-06 07:00:00-04:00,61.7978,61.5095,yes
KXSOL15M-26JUN060645,Target Price: $61.9455,2026-06-06 06:30:00-04:00,2026-06-06 06:45:00-04:00,61.5095,61.9455,no
KXSOL15M-26JUN060630,Target Price: $61.9608,2026-06-06 06:15:00-04:00,2026-06-06 06:30:00-04:00,61.9455,61.9608,no
KXSOL15M-26JUN060615,Target Price: $62.6490,2026-06-06 06:00:00-04:00,2026-06-06 06:15:00-04:00,61.9608,62.649,no
KXSOL15M-26JUN060600,Target Price: $63.2178,2026-06-06 05:45:00-04:00,2026-06-06 06:00:00-04:00,62.6490,63.2178,no
KXSOL15M-26JUN060545,Target Price: $63.4980,2026-06-06 05:30:00-04:00,2026-06-06 05:45:00-04:00,63.2178,63.498,no
KXSOL15M-26JUN060530,Target Price: $63.2408,2026-06-06 05:15:00-04:00,2026-06-06 05:30:00-04:00,63.4980,63.2408,yes
KXSOL15M-26JUN060515,Target Price: $63.1648,2026-06-06 05:00:00-04:00,2026-06-06 05:15:00-04:00,63.2408,63.1648,yes
KXSOL15M-26JUN060500,Target Price: $63.2978,2026-06-06 04:45:00-04:00,2026-06-06 05:00:00-04:00,63.1648,63.2978,no
KXSOL15M-26JUN060445,Target Price: $63.3562,2026-06-06 04:30:00-04:00,2026-06-06 04:45:00-04:00,63.2978,63.3562,no
KXSOL15M-26JUN060430,Target Price: $62.9442,2026-06-06 04:15:00-04:00,2026-06-06 04:30:00-04:00,63.3562,62.9442,yes
KXSOL15M-26JUN060415,Target Price: $62.7428,2026-06-06 04:00:00-04:00,2026-06-06 04:15:00-04:00,62.9442,62.7428,yes
KXSOL15M-26JUN060400,Target Price: $62.9505,2026-06-06 03:45:00-04:00,2026-06-06 04:00:00-04:00,62.7428,62.9505,no
KXSOL15M-26JUN060345,Target Price: $62.6390,2026-06-06 03:30:00-04:00,2026-06-06 03:45:00-04:00,62.9505,62.639,yes
KXSOL15M-26JUN060330,Target Price: $62.8763,2026-06-06 03:15:00-04:00,2026-06-06 03:30:00-04:00,62.6390,62.8763,no
KXSOL15M-26JUN060315,Target Price: $62.1587,2026-06-06 03:00:00-04:00,2026-06-06 03:15:00-04:00,62.8763,62.1587,yes
KXSOL15M-26JUN060300,Target Price: $62.7048,2026-06-06 02:45:00-04:00,2026-06-06 03:00:00-04:00,62.1587,62.7048,no
KXSOL15M-26JUN060245,Target Price: $63.0117,2026-06-06 02:30:00-04:00,2026-06-06 02:45:00-04:00,62.7048,63.0117,no
KXSOL15M-26JUN060230,Target Price: $62.9483,2026-06-06 02:15:00-04:00,2026-06-06 02:30:00-04:00,63.0117,62.9483,yes
KXSOL15M-26JUN060215,Target Price: $62.5893,2026-06-06 02:00:00-04:00,2026-06-06 02:15:00-04:00,62.9483,62.5893,yes
KXSOL15M-26JUN060200,Target Price: $62.2625,2026-06-06 01:45:00-04:00,2026-06-06 02:00:00-04:00,62.5893,62.2625,yes
KXSOL15M-26JUN060145,Target Price: $62.1150,2026-06-06 01:30:00-04:00,2026-06-06 01:45:00-04:00,62.2625,62.115,yes
KXSOL15M-26JUN060130,Target Price: $60.7492,2026-06-06 01:15:00-04:00,2026-06-06 01:30:00-04:00,62.1150,60.7492,yes
KXSOL15M-26JUN060115,Target Price: $60.8823,2026-06-06 01:00:00-04:00,2026-06-06 01:15:00-04:00,60.7492,60.8823,no
KXSOL15M-26JUN060100,Target Price: $60.6235,2026-06-06 00:45:00-04:00,2026-06-06 01:00:00-04:00,60.8823,60.6235,yes
KXSOL15M-26JUN060045,Target Price: $61.2042,2026-06-06 00:30:00-04:00,2026-06-06 00:45:00-04:00,60.6235,61.2042,no
KXSOL15M-26JUN060030,Target Price: $61.6573,2026-06-06 00:15:00-04:00,2026-06-06 00:30:00-04:00,61.2042,61.6573,no
KXSOL15M-26JUN060015,Target Price: $62.8387,2026-06-06 00:00:00-04:00,2026-06-06 00:15:00-04:00,61.6573,62.8387,no
KXSOL15M-26JUN060000,Target Price: $62.7640,2026-06-05 23:45:00-04:00,2026-06-06 00:00:00-04:00,62.8387,62.764,yes
KXSOL15M-26JUN052345,Target Price: $63.0162,2026-06-05 23:30:00-04:00,2026-06-05 23:45:00-04:00,62.7640,63.0162,no
KXSOL15M-26JUN052330,Target Price: $63.2568,2026-06-05 23:15:00-04:00,2026-06-05 23:30:00-04:00,63.0162,63.2568,no
KXSOL15M-26JUN052315,Target Price: $63.5560,2026-06-05 23:00:00-04:00,2026-06-05 23:15:00-04:00,63.2568,63.556,no
KXSOL15M-26JUN052300,Target Price: $63.5970,2026-06-05 22:45:00-04:00,2026-06-05 23:00:00-04:00,63.5560,63.597,no
KXSOL15M-26JUN052245,Target Price: $63.5615,2026-06-05 22:30:00-04:00,2026-06-05 22:45:00-04:00,63.5970,63.5615,yes
KXSOL15M-26JUN052230,Target Price: $63.5880,2026-06-05 22:15:00-04:00,2026-06-05 22:30:00-04:00,63.5615,63.588,no
KXSOL15M-26JUN052215,Target Price: $63.9047,2026-06-05 22:00:00-04:00,2026-06-05 22:15:00-04:00,63.5880,63.9047,no
KXSOL15M-26JUN052200,Target Price: $64.0452,2026-06-05 21:45:00-04:00,2026-06-05 22:00:00-04:00,63.9047,64.0452,no
KXSOL15M-26JUN052145,Target Price: $64.4110,2026-06-05 21:30:00-04:00,2026-06-05 21:45:00-04:00,64.0452,64.411,no
KXSOL15M-26JUN052130,Target Price: $64.3470,2026-06-05 21:15:00-04:00,2026-06-05 21:30:00-04:00,64.4110,64.347,yes
KXSOL15M-26JUN052115,Target Price: $64.6672,2026-06-05 21:00:00-04:00,2026-06-05 21:15:00-04:00,64.3470,64.6672,no
KXSOL15M-26JUN052100,Target Price: $64.6020,2026-06-05 20:45:00-04:00,2026-06-05 21:00:00-04:00,64.6672,64.602,yes
KXSOL15M-26JUN052045,Target Price: $64.4412,2026-06-05 20:30:00-04:00,2026-06-05 20:45:00-04:00,64.6020,64.4412,yes
KXSOL15M-26JUN052030,Target Price: $64.4500,2026-06-05 20:15:00-04:00,2026-06-05 20:30:00-04:00,64.4412,64.45,no
KXSOL15M-26JUN052015,Target Price: $63.5348,2026-06-05 20:00:00-04:00,2026-06-05 20:15:00-04:00,64.4500,63.5348,yes
KXSOL15M-26JUN052000,Target Price: $63.2020,2026-06-05 19:45:00-04:00,2026-06-05 20:00:00-04:00,63.5348,63.202,yes
KXSOL15M-26JUN051945,Target Price: $63.6023,2026-06-05 19:30:00-04:00,2026-06-05 19:45:00-04:00,63.2020,63.6023,no
KXSOL15M-26JUN051930,Target Price: $64.1580,2026-06-05 19:15:00-04:00,2026-06-05 19:30:00-04:00,63.6023,64.158,no
KXSOL15M-26JUN051915,Target Price: $64.4113,2026-06-05 19:00:00-04:00,2026-06-05 19:15:00-04:00,64.1580,64.4113,no
KXSOL15M-26JUN051900,Target Price: $64.5627,2026-06-05 18:45:00-04:00,2026-06-05 19:00:00-04:00,64.4113,64.5627,no
KXSOL15M-26JUN051845,Target Price: $64.1428,2026-06-05 18:30:00-04:00,2026-06-05 18:45:00-04:00,64.5627,64.1428,yes
KXSOL15M-26JUN051830,Target Price: $64.3223,2026-06-05 18:15:00-04:00,2026-06-05 18:30:00-04:00,64.1428,64.3223,no
KXSOL15M-26JUN051815,Target Price: $64.9043,2026-06-05 18:00:00-04:00,2026-06-05 18:15:00-04:00,64.3223,64.9043,no
KXSOL15M-26JUN051800,Target Price: $65.3203,2026-06-05 17:45:00-04:00,2026-06-05 18:00:00-04:00,64.9043,65.3203,no
KXSOL15M-26JUN051745,Target Price: $64.9172,2026-06-05 17:30:00-04:00,2026-06-05 17:45:00-04:00,65.3203,64.9172,yes
KXSOL15M-26JUN051730,Target Price: $64.8350,2026-06-05 17:15:00-04:00,2026-06-05 17:30:00-04:00,64.9172,64.835,yes
KXSOL15M-26JUN051715,Target Price: $64.6503,2026-06-05 17:00:00-04:00,2026-06-05 17:15:00-04:00,64.8350,64.6503,yes
KXSOL15M-26JUN051700,Target Price: $64.4278,2026-06-05 16:45:00-04:00,2026-06-05 17:00:00-04:00,64.6503,64.4278,yes
KXSOL15M-26JUN051645,Target Price: $64.2172,2026-06-05 16:30:00-04:00,2026-06-05 16:45:00-04:00,64.4278,64.2172,yes
KXSOL15M-26JUN051630,Target Price: $63.9240,2026-06-05 16:15:00-04:00,2026-06-05 16:30:00-04:00,64.2172,63.924,yes
KXSOL15M-26JUN051615,Target Price: $63.5398,2026-06-05 16:00:00-04:00,2026-06-05 16:15:00-04:00,63.9240,63.5398,yes
KXSOL15M-26JUN051600,Target Price: $62.3510,2026-06-05 15:45:00-04:00,2026-06-05 16:00:00-04:00,63.5398,62.351,yes
KXSOL15M-26JUN051545,Target Price: $62.6962,2026-06-05 15:30:00-04:00,2026-06-05 15:45:00-04:00,62.3510,62.6962,no
KXSOL15M-26JUN051530,Target Price: $61.8862,2026-06-05 15:15:00-04:00,2026-06-05 15:30:00-04:00,62.6962,61.8862,yes
KXSOL15M-26JUN051515,Target Price: $62.9512,2026-06-05 15:00:00-04:00,2026-06-05 15:15:00-04:00,61.8862,62.9512,no
KXSOL15M-26JUN051500,Target Price: $63.6563,2026-06-05 14:45:00-04:00,2026-06-05 15:00:00-04:00,62.9512,63.6563,no
KXSOL15M-26JUN051445,Target Price: $64.0098,2026-06-05 14:30:00-04:00,2026-06-05 14:45:00-04:00,63.6563,64.0098,no
KXSOL15M-26JUN051430,Target Price: $64.9803,2026-06-05 14:15:00-04:00,2026-06-05 14:30:00-04:00,64.0098,64.9803,no
KXSOL15M-26JUN051415,Target Price: $65.0287,2026-06-05 14:00:00-04:00,2026-06-05 14:15:00-04:00,64.9803,65.0287,no
KXSOL15M-26JUN051400,Target Price: $65.1360,2026-06-05 13:45:00-04:00,2026-06-05 14:00:00-04:00,65.0287,65.136,no
KXSOL15M-26JUN051345,Target Price: $64.8397,2026-06-05 13:30:00-04:00,2026-06-05 13:45:00-04:00,65.1360,64.8397,yes
KXSOL15M-26JUN051330,Target Price: $65.4303,2026-06-05 13:15:00-04:00,2026-06-05 13:30:00-04:00,64.8397,65.4303,no
KXSOL15M-26JUN051315,Target Price: $65.8563,2026-06-05 13:00:00-04:00,2026-06-05 13:15:00-04:00,65.4303,65.8563,no
KXSOL15M-26JUN051300,Target Price: $64.5407,2026-06-05 12:45:00-04:00,2026-06-05 13:00:00-04:00,65.8563,64.5407,yes
KXSOL15M-26JUN051245,Target Price: $64.9637,2026-06-05 12:30:00-04:00,2026-06-05 12:45:00-04:00,64.5407,64.9637,no
KXSOL15M-26JUN051230,Target Price: $64.5715,2026-06-05 12:15:00-04:00,2026-06-05 12:30:00-04:00,64.9637,64.5715,yes
KXSOL15M-26JUN051215,Target Price: $64.2497,2026-06-05 12:00:00-04:00,2026-06-05 12:15:00-04:00,64.5715,64.2497,yes
KXSOL15M-26JUN051200,Target Price: $64.3555,2026-06-05 11:45:00-04:00,2026-06-05 12:00:00-04:00,64.2497,64.3555,no
KXSOL15M-26JUN051145,Target Price: $64.5127,2026-06-05 11:30:00-04:00,2026-06-05 11:45:00-04:00,64.3555,64.5127,no
KXSOL15M-26JUN051130,Target Price: $64.3553,2026-06-05 11:15:00-04:00,2026-06-05 11:30:00-04:00,64.5127,64.3553,yes
KXSOL15M-26JUN051115,Target price: TBD,2026-06-05 11:00:00-04:00,2026-06-05 11:15:00-04:00,64.3553,,no
KXSOL15M-26JUN051100,Target price: TBD,2026-06-05 10:45:00-04:00,2026-06-05 11:00:00-04:00,65.1892,,no
KXSOL15M-26JUN051045,Target Price: $64.7368,2026-06-05 10:30:00-04:00,2026-06-05 10:45:00-04:00,65.3113,64.7368,yes
KXSOL15M-26JUN051030,Target Price: $64.8757,2026-06-05 10:15:00-04:00,2026-06-05 10:30:00-04:00,64.7368,64.8757,no
KXSOL15M-26JUN051015,Target Price: $64.3418,2026-06-05 10:00:00-04:00,2026-06-05 10:15:00-04:00,64.8757,64.3418,yes
KXSOL15M-26JUN051000,Target Price: $65.8228,2026-06-05 09:45:00-04:00,2026-06-05 10:00:00-04:00,64.3418,65.8228,no
KXSOL15M-26JUN050945,Target Price: $66.5042,2026-06-05 09:30:00-04:00,2026-06-05 09:45:00-04:00,65.8228,66.5042,no
KXSOL15M-26JUN050930,Target Price: $66.2948,2026-06-05 09:15:00-04:00,2026-06-05 09:30:00-04:00,66.5042,66.2948,yes
KXSOL15M-26JUN050915,Target Price: $65.7487,2026-06-05 09:00:00-04:00,2026-06-05 09:15:00-04:00,66.2948,65.7487,yes
KXSOL15M-26JUN050900,Target Price: $65.6968,2026-06-05 08:45:00-04:00,2026-06-05 09:00:00-04:00,65.7487,65.6968,yes
KXSOL15M-26JUN050845,Target Price: $65.8272,2026-06-05 08:30:00-04:00,2026-06-05 08:45:00-04:00,65.6968,65.8272,no
KXSOL15M-26JUN050830,Target Price: $65.8762,2026-06-05 08:15:00-04:00,2026-06-05 08:30:00-04:00,65.8272,65.8762,no
KXSOL15M-26JUN050815,Target Price: $66.0433,2026-06-05 08:00:00-04:00,2026-06-05 08:15:00-04:00,65.8762,66.0433,no
KXSOL15M-26JUN050800,Target Price: $66.0607,2026-06-05 07:45:00-04:00,2026-06-05 08:00:00-04:00,66.0433,66.0607,no
KXSOL15M-26JUN050745,Target Price: $66.5238,2026-06-05 07:30:00-04:00,2026-06-05 07:45:00-04:00,66.0607,66.5238,no
KXSOL15M-26JUN050730,Target Price: $65.9548,2026-06-05 07:15:00-04:00,2026-06-05 07:30:00-04:00,66.5238,65.9548,yes
KXSOL15M-26JUN050715,Target Price: $66.3108,2026-06-05 07:00:00-04:00,2026-06-05 07:15:00-04:00,65.9548,66.3108,no
KXSOL15M-26JUN050700,Target Price: $66.4698,2026-06-05 06:45:00-04:00,2026-06-05 07:00:00-04:00,66.3108,66.4698,no
KXSOL15M-26JUN050645,Target Price: $66.4750,2026-06-05 06:30:00-04:00,2026-06-05 06:45:00-04:00,66.4698,66.475,no
KXSOL15M-26JUN050630,Target Price: $66.5117,2026-06-05 06:15:00-04:00,2026-06-05 06:30:00-04:00,66.4750,66.5117,no
KXSOL15M-26JUN050615,Target Price: $66.4483,2026-06-05 06:00:00-04:00,2026-06-05 06:15:00-04:00,66.5117,66.4483,yes
KXSOL15M-26JUN050600,Target Price: $66.0857,2026-06-05 05:45:00-04:00,2026-06-05 06:00:00-04:00,66.4483,66.0857,yes
KXSOL15M-26JUN050545,Target Price: $66.3322,2026-06-05 05:30:00-04:00,2026-06-05 05:45:00-04:00,66.0857,66.3322,no
KXSOL15M-26JUN050530,Target Price: $66.1592,2026-06-05 05:15:00-04:00,2026-06-05 05:30:00-04:00,66.3322,66.1592,yes
KXSOL15M-26JUN050515,Target Price: $65.2508,2026-06-05 05:00:00-04:00,2026-06-05 05:15:00-04:00,66.1592,65.2508,yes
KXSOL15M-26JUN050500,Target Price: $65.3985,2026-06-05 04:45:00-04:00,2026-06-05 05:00:00-04:00,65.2508,65.3985,no
KXSOL15M-26JUN050445,Target Price: $65.8802,2026-06-05 04:30:00-04:00,2026-06-05 04:45:00-04:00,65.3985,65.8802,no
KXSOL15M-26JUN050430,Target Price: $65.5893,2026-06-05 04:15:00-04:00,2026-06-05 04:30:00-04:00,65.8802,65.5893,yes
KXSOL15M-26JUN050415,Target Price: $66.0633,2026-06-05 04:00:00-04:00,2026-06-05 04:15:00-04:00,65.5893,66.0633,no
KXSOL15M-26JUN050400,Target Price: $66.0590,2026-06-05 03:45:00-04:00,2026-06-05 04:00:00-04:00,66.0633,66.059,yes
KXSOL15M-26JUN050345,Target Price: $65.3597,2026-06-05 03:30:00-04:00,2026-06-05 03:45:00-04:00,66.0590,65.3597,yes
KXSOL15M-26JUN050330,Target Price: $64.1567,2026-06-05 03:15:00-04:00,2026-06-05 03:30:00-04:00,65.3597,64.1567,yes
KXSOL15M-26JUN050315,Target Price: $64.9988,2026-06-05 03:00:00-04:00,2026-06-05 03:15:00-04:00,64.1567,64.9988,no
KXSOL15M-26JUN050300,Target Price: $65.2667,2026-06-05 02:45:00-04:00,2026-06-05 03:00:00-04:00,64.9988,65.2667,no
KXSOL15M-26JUN050245,Target Price: $64.6055,2026-06-05 02:30:00-04:00,2026-06-05 02:45:00-04:00,65.2667,64.6055,yes
KXSOL15M-26JUN050230,Target Price: $65.6995,2026-06-05 02:15:00-04:00,2026-06-05 02:30:00-04:00,64.6055,65.6995,no
KXSOL15M-26JUN050215,Target Price: $66.1468,2026-06-05 02:00:00-04:00,2026-06-05 02:15:00-04:00,65.6995,66.1468,no
KXSOL15M-26JUN050200,Target Price: $66.6973,2026-06-05 01:45:00-04:00,2026-06-05 02:00:00-04:00,66.1468,66.6973,no
KXSOL15M-26JUN050145,Target Price: $67.7437,2026-06-05 01:30:00-04:00,2026-06-05 01:45:00-04:00,66.6973,67.7437,no
KXSOL15M-26JUN050130,Target Price: $67.6377,2026-06-05 01:15:00-04:00,2026-06-05 01:30:00-04:00,67.7437,67.6377,yes
KXSOL15M-26JUN050115,Target Price: $67.8902,2026-06-05 01:00:00-04:00,2026-06-05 01:15:00-04:00,67.6377,67.8902,no
KXSOL15M-26JUN050100,Target Price: $67.1677,2026-06-05 00:45:00-04:00,2026-06-05 01:00:00-04:00,67.8902,67.1677,yes
KXSOL15M-26JUN050045,Target Price: $67.7380,2026-06-05 00:30:00-04:00,2026-06-05 00:45:00-04:00,67.1677,67.738,no
KXSOL15M-26JUN050030,Target Price: $67.3152,2026-06-05 00:15:00-04:00,2026-06-05 00:30:00-04:00,67.7380,67.3152,yes
KXSOL15M-26JUN050015,Target Price: $66.9757,2026-06-05 00:00:00-04:00,2026-06-05 00:15:00-04:00,67.3152,66.9757,yes
KXSOL15M-26JUN050000,Target Price: $66.9808,2026-06-04 23:45:00-04:00,2026-06-05 00:00:00-04:00,66.9757,66.9808,no
KXSOL15M-26JUN042345,Target Price: $67.2073,2026-06-04 23:30:00-04:00,2026-06-04 23:45:00-04:00,66.9808,67.2073,no
KXSOL15M-26JUN042330,Target Price: $67.0565,2026-06-04 23:15:00-04:00,2026-06-04 23:30:00-04:00,67.2073,67.0565,yes
KXSOL15M-26JUN042315,Target Price: $67.2600,2026-06-04 23:00:00-04:00,2026-06-04 23:15:00-04:00,67.0565,67.26,no
KXSOL15M-26JUN042300,Target Price: $67.7297,2026-06-04 22:45:00-04:00,2026-06-04 23:00:00-04:00,67.2600,67.7297,no
KXSOL15M-26JUN042245,Target Price: $67.7423,2026-06-04 22:30:00-04:00,2026-06-04 22:45:00-04:00,67.7297,67.7423,no
KXSOL15M-26JUN042230,Target Price: $68.1830,2026-06-04 22:15:00-04:00,2026-06-04 22:30:00-04:00,67.7423,68.183,no
KXSOL15M-26JUN042215,Target Price: $68.4667,2026-06-04 22:00:00-04:00,2026-06-04 22:15:00-04:00,68.1830,68.4667,no
KXSOL15M-26JUN042200,Target Price: $68.4047,2026-06-04 21:45:00-04:00,2026-06-04 22:00:00-04:00,68.4667,68.4047,yes
KXSOL15M-26JUN042145,Target Price: $68.2830,2026-06-04 21:30:00-04:00,2026-06-04 21:45:00-04:00,68.4047,68.283,yes
KXSOL15M-26JUN042130,Target Price: $68.1247,2026-06-04 21:15:00-04:00,2026-06-04 21:30:00-04:00,68.2830,68.1247,yes
KXSOL15M-26JUN042115,Target Price: $68.2677,2026-06-04 21:00:00-04:00,2026-06-04 21:15:00-04:00,68.1247,68.2677,no
KXSOL15M-26JUN042100,Target Price: $68.7628,2026-06-04 20:45:00-04:00,2026-06-04 21:00:00-04:00,68.2677,68.7628,no
KXSOL15M-26JUN042045,Target Price: $68.9205,2026-06-04 20:30:00-04:00,2026-06-04 20:45:00-04:00,68.7628,68.9205,no
KXSOL15M-26JUN042030,Target Price: $68.4468,2026-06-04 20:15:00-04:00,2026-06-04 20:30:00-04:00,68.9205,68.4468,yes
KXSOL15M-26JUN042015,Target Price: $68.8083,2026-06-04 20:00:00-04:00,2026-06-04 20:15:00-04:00,68.4468,68.8083,no
KXSOL15M-26JUN042000,Target Price: $68.6437,2026-06-04 19:45:00-04:00,2026-06-04 20:00:00-04:00,68.8083,68.6437,yes
KXSOL15M-26JUN041945,Target Price: $68.2285,2026-06-04 19:30:00-04:00,2026-06-04 19:45:00-04:00,68.6437,68.2285,yes
KXSOL15M-26JUN041930,Target Price: $68.5347,2026-06-04 19:15:00-04:00,2026-06-04 19:30:00-04:00,68.2285,68.5347,no
KXSOL15M-26JUN041915,Target Price: $68.4258,2026-06-04 19:00:00-04:00,2026-06-04 19:15:00-04:00,68.5347,68.4258,yes
KXSOL15M-26JUN041900,Target Price: $67.8952,2026-06-04 18:45:00-04:00,2026-06-04 19:00:00-04:00,68.4258,67.8952,yes
KXSOL15M-26JUN041845,Target Price: $67.8857,2026-06-04 18:30:00-04:00,2026-06-04 18:45:00-04:00,67.8952,67.8857,yes
KXSOL15M-26JUN041830,Target Price: $67.7223,2026-06-04 18:15:00-04:00,2026-06-04 18:30:00-04:00,67.8857,67.7223,yes
KXSOL15M-26JUN041815,Target Price: $67.7977,2026-06-04 18:00:00-04:00,2026-06-04 18:15:00-04:00,67.7223,67.7977,no
KXSOL15M-26JUN041800,Target Price: $67.9253,2026-06-04 17:45:00-04:00,2026-06-04 18:00:00-04:00,67.7977,67.9253,no
KXSOL15M-26JUN041745,Target Price: $68.2207,2026-06-04 17:30:00-04:00,2026-06-04 17:45:00-04:00,67.9253,68.2207,no
KXSOL15M-26JUN041730,Target Price: $68.7615,2026-06-04 17:15:00-04:00,2026-06-04 17:30:00-04:00,68.2207,68.7615,no
KXSOL15M-26JUN041715,Target Price: $68.7205,2026-06-04 17:00:00-04:00,2026-06-04 17:15:00-04:00,68.7615,68.7205,yes
KXSOL15M-26JUN041700,Target Price: $68.8585,2026-06-04 16:45:00-04:00,2026-06-04 17:00:00-04:00,68.7205,68.8585,no
KXSOL15M-26JUN041645,Target Price: $68.5973,2026-06-04 16:30:00-04:00,2026-06-04 16:45:00-04:00,68.8585,68.5973,yes
KXSOL15M-26JUN041630,Target Price: $68.8137,2026-06-04 16:15:00-04:00,2026-06-04 16:30:00-04:00,68.5973,68.8137,no
KXSOL15M-26JUN041615,Target Price: $69.1003,2026-06-04 16:00:00-04:00,2026-06-04 16:15:00-04:00,68.8137,69.1003,no
KXSOL15M-26JUN041600,Target Price: $69.2088,2026-06-04 15:45:00-04:00,2026-06-04 16:00:00-04:00,69.1003,69.2088,no
KXSOL15M-26JUN041545,Target Price: $69.5547,2026-06-04 15:30:00-04:00,2026-06-04 15:45:00-04:00,69.2088,69.5547,no
KXSOL15M-26JUN041530,Target Price: $69.2633,2026-06-04 15:15:00-04:00,2026-06-04 15:30:00-04:00,69.5547,69.2633,yes
KXSOL15M-26JUN041515,Target Price: $69.4952,2026-06-04 15:00:00-04:00,2026-06-04 15:15:00-04:00,69.2633,69.4952,no
KXSOL15M-26JUN041500,Target Price: $69.5187,2026-06-04 14:45:00-04:00,2026-06-04 15:00:00-04:00,69.4952,69.5187,no
KXSOL15M-26JUN041445,Target Price: $69.3890,2026-06-04 14:30:00-04:00,2026-06-04 14:45:00-04:00,69.5187,69.389,yes
KXSOL15M-26JUN041430,Target Price: $68.6518,2026-06-04 14:15:00-04:00,2026-06-04 14:30:00-04:00,69.3890,68.6518,yes
KXSOL15M-26JUN041415,Target Price: $69.1742,2026-06-04 14:00:00-04:00,2026-06-04 14:15:00-04:00,68.6518,69.1742,no
KXSOL15M-26JUN041400,Target Price: $68.5062,2026-06-04 13:45:00-04:00,2026-06-04 14:00:00-04:00,69.1742,68.5062,yes
KXSOL15M-26JUN041345,Target Price: $69.1078,2026-06-04 13:30:00-04:00,2026-06-04 13:45:00-04:00,68.5062,69.1078,no
KXSOL15M-26JUN041330,Target Price: $69.5822,2026-06-04 13:15:00-04:00,2026-06-04 13:30:00-04:00,69.1078,69.5822,no
KXSOL15M-26JUN041315,Target Price: $69.3313,2026-06-04 13:00:00-04:00,2026-06-04 13:15:00-04:00,69.5822,69.3313,yes
KXSOL15M-26JUN041300,Target Price: $69.4218,2026-06-04 12:45:00-04:00,2026-06-04 13:00:00-04:00,69.3313,69.4218,no
KXSOL15M-26JUN041245,Target Price: $69.0880,2026-06-04 12:30:00-04:00,2026-06-04 12:45:00-04:00,69.4218,69.088,yes
KXSOL15M-26JUN041230,Target Price: $69.2415,2026-06-04 12:15:00-04:00,2026-06-04 12:30:00-04:00,69.0880,69.2415,no
KXSOL15M-26JUN041215,Target Price: $69.6675,2026-06-04 12:00:00-04:00,2026-06-04 12:15:00-04:00,69.2415,69.6675,no
KXSOL15M-26JUN041200,Target Price: $69.6930,2026-06-04 11:45:00-04:00,2026-06-04 12:00:00-04:00,69.6675,69.693,no
KXSOL15M-26JUN041145,Target Price: $69.7962,2026-06-04 11:30:00-04:00,2026-06-04 11:45:00-04:00,69.6930,69.7962,no
KXSOL15M-26JUN041130,Target Price: $70.1807,2026-06-04 11:15:00-04:00,2026-06-04 11:30:00-04:00,69.7962,70.1807,no
KXSOL15M-26JUN041115,Target Price: $69.7055,2026-06-04 11:00:00-04:00,2026-06-04 11:15:00-04:00,70.1807,69.7055,yes
KXSOL15M-26JUN041100,Target Price: $69.8153,2026-06-04 10:45:00-04:00,2026-06-04 11:00:00-04:00,69.7055,69.8153,no
KXSOL15M-26JUN041045,Target Price: $70.0777,2026-06-04 10:30:00-04:00,2026-06-04 10:45:00-04:00,69.8153,70.0777,no
KXSOL15M-26JUN041030,Target Price: $70.4567,2026-06-04 10:15:00-04:00,2026-06-04 10:30:00-04:00,70.0777,70.4567,no
KXSOL15M-26JUN041015,Target Price: $70.2695,2026-06-04 10:00:00-04:00,2026-06-04 10:15:00-04:00,70.4567,70.2695,yes
KXSOL15M-26JUN041000,Target Price: $70.0188,2026-06-04 09:45:00-04:00,2026-06-04 10:00:00-04:00,70.2695,70.0188,yes
KXSOL15M-26JUN040945,Target Price: $69.2875,2026-06-04 09:30:00-04:00,2026-06-04 09:45:00-04:00,70.0188,69.2875,yes
KXSOL15M-26JUN040930,Target Price: $69.8248,2026-06-04 09:15:00-04:00,2026-06-04 09:30:00-04:00,69.2875,69.8248,no
KXSOL15M-26JUN040915,Target Price: $70.0155,2026-06-04 09:00:00-04:00,2026-06-04 09:15:00-04:00,69.8248,70.0155,no
KXSOL15M-26JUN040900,Target Price: $69.8915,2026-06-04 08:45:00-04:00,2026-06-04 09:00:00-04:00,70.0155,69.8915,yes
KXSOL15M-26JUN040845,Target Price: $69.2357,2026-06-04 08:30:00-04:00,2026-06-04 08:45:00-04:00,69.8915,69.2357,yes
KXSOL15M-26JUN040830,Target Price: $68.3888,2026-06-04 08:15:00-04:00,2026-06-04 08:30:00-04:00,69.2357,68.3888,yes
KXSOL15M-26JUN040815,Target Price: $68.5850,2026-06-04 08:00:00-04:00,2026-06-04 08:15:00-04:00,68.3888,68.585,no
KXSOL15M-26JUN040800,Target Price: $67.9293,2026-06-04 07:45:00-04:00,2026-06-04 08:00:00-04:00,68.5850,67.9293,yes
KXSOL15M-26JUN040745,Target Price: $68.1427,2026-06-04 07:30:00-04:00,2026-06-04 07:45:00-04:00,67.9293,68.1427,no
KXSOL15M-26JUN040730,Target Price: $67.5613,2026-06-04 07:15:00-04:00,2026-06-04 07:30:00-04:00,68.1427,67.5613,yes
KXSOL15M-26JUN040715,Target Price: $67.8177,2026-06-04 07:00:00-04:00,2026-06-04 07:15:00-04:00,67.5613,67.8177,no
KXSOL15M-26JUN040700,Target Price: $68.2950,2026-06-04 06:45:00-04:00,2026-06-04 07:00:00-04:00,67.8177,68.295,no
KXSOL15M-26JUN040645,Target Price: $68.3272,2026-06-04 06:30:00-04:00,2026-06-04 06:45:00-04:00,68.2950,68.3272,no
KXSOL15M-26JUN040630,Target Price: $68.4427,2026-06-04 06:15:00-04:00,2026-06-04 06:30:00-04:00,68.3272,68.4427,no
KXSOL15M-26JUN040615,Target Price: $68.6807,2026-06-04 06:00:00-04:00,2026-06-04 06:15:00-04:00,68.4427,68.6807,no
KXSOL15M-26JUN040600,Target Price: $68.0197,2026-06-04 05:45:00-04:00,2026-06-04 06:00:00-04:00,68.6807,68.0197,yes
KXSOL15M-26JUN040545,Target Price: $67.8560,2026-06-04 05:30:00-04:00,2026-06-04 05:45:00-04:00,68.0197,67.856,yes
KXSOL15M-26JUN040530,Target Price: $68.4203,2026-06-04 05:15:00-04:00,2026-06-04 05:30:00-04:00,67.8560,68.4203,no
KXSOL15M-26JUN040515,Target Price: $69.1648,2026-06-04 05:00:00-04:00,2026-06-04 05:15:00-04:00,68.4203,69.1648,no
KXSOL15M-26JUN040200,Target Price: $70.4745,2026-06-04 01:45:00-04:00,2026-06-04 02:00:00-04:00,70.2215,70.4745,no
KXSOL15M-26JUN040145,Target Price: $70.0758,2026-06-04 01:30:00-04:00,2026-06-04 01:45:00-04:00,70.4745,70.0758,yes
KXSOL15M-26JUN040130,Target Price: $70.0785,2026-06-04 01:15:00-04:00,2026-06-04 01:30:00-04:00,70.0758,70.0785,no
KXSOL15M-26JUN040115,Target Price: $70.8117,2026-06-04 01:00:00-04:00,2026-06-04 01:15:00-04:00,70.0785,70.8117,no
KXSOL15M-26JUN040100,Target Price: $71.0145,2026-06-04 00:45:00-04:00,2026-06-04 01:00:00-04:00,70.8117,71.0145,no
KXSOL15M-26JUN040045,Target Price: $71.4377,2026-06-04 00:30:00-04:00,2026-06-04 00:45:00-04:00,71.0145,71.4377,no
KXSOL15M-26JUN040030,Target Price: $71.6398,2026-06-04 00:15:00-04:00,2026-06-04 00:30:00-04:00,71.4377,71.6398,no
KXSOL15M-26JUN040015,Target Price: $71.4068,2026-06-04 00:00:00-04:00,2026-06-04 00:15:00-04:00,71.6398,71.4068,yes
KXSOL15M-26JUN040000,Target Price: $71.5140,2026-06-03 23:45:00-04:00,2026-06-04 00:00:00-04:00,71.4068,71.514,no
KXSOL15M-26JUN032345,Target Price: $70.9718,2026-06-03 23:30:00-04:00,2026-06-03 23:45:00-04:00,71.5140,70.9718,yes
KXSOL15M-26JUN032330,Target Price: $70.8893,2026-06-03 23:15:00-04:00,2026-06-03 23:30:00-04:00,70.9718,70.8893,yes
KXSOL15M-26JUN032315,Target Price: $70.0063,2026-06-03 23:00:00-04:00,2026-06-03 23:15:00-04:00,70.8893,70.0063,yes
KXSOL15M-26JUN032300,Target Price: $70.0693,2026-06-03 22:45:00-04:00,2026-06-03 23:00:00-04:00,70.0063,70.0693,no
KXSOL15M-26JUN032245,Target Price: $69.2988,2026-06-03 22:30:00-04:00,2026-06-03 22:45:00-04:00,70.0693,69.2988,yes
KXSOL15M-26JUN032230,Target Price: $68.2493,2026-06-03 22:15:00-04:00,2026-06-03 22:30:00-04:00,69.2988,68.2493,yes
KXSOL15M-26JUN032215,Target Price: $68.5543,2026-06-03 22:00:00-04:00,2026-06-03 22:15:00-04:00,68.2493,68.5543,no
KXSOL15M-26JUN032200,Target Price: $69.5043,2026-06-03 21:45:00-04:00,2026-06-03 22:00:00-04:00,68.5543,69.5043,no
KXSOL15M-26JUN032145,Target Price: $69.2905,2026-06-03 21:30:00-04:00,2026-06-03 21:45:00-04:00,69.5043,69.2905,yes
KXSOL15M-26JUN032130,Target Price: $70.1207,2026-06-03 21:15:00-04:00,2026-06-03 21:30:00-04:00,69.2905,70.1207,no
KXSOL15M-26JUN032115,Target Price: $70.6155,2026-06-03 21:00:00-04:00,2026-06-03 21:15:00-04:00,70.1207,70.6155,no
KXSOL15M-26JUN032100,Target Price: $71.0312,2026-06-03 20:45:00-04:00,2026-06-03 21:00:00-04:00,70.6155,71.0312,no
KXSOL15M-26JUN032045,Target Price: $70.8135,2026-06-03 20:30:00-04:00,2026-06-03 20:45:00-04:00,71.0312,70.8135,yes
KXSOL15M-26JUN032030,Target Price: $71.8275,2026-06-03 20:15:00-04:00,2026-06-03 20:30:00-04:00,70.8135,71.8275,no
KXSOL15M-26JUN032015,Target Price: $71.5293,2026-06-03 20:00:00-04:00,2026-06-03 20:15:00-04:00,71.8275,71.5293,yes
KXSOL15M-26JUN032000,Target Price: $71.6027,2026-06-03 19:45:00-04:00,2026-06-03 20:00:00-04:00,71.5293,71.6027,no
KXSOL15M-26JUN031945,Target Price: $71.6618,2026-06-03 19:30:00-04:00,2026-06-03 19:45:00-04:00,71.6027,71.6618,no
KXSOL15M-26JUN031930,Target Price: $71.8055,2026-06-03 19:15:00-04:00,2026-06-03 19:30:00-04:00,71.6618,71.8055,no
KXSOL15M-26JUN031915,Target Price: $72.0592,2026-06-03 19:00:00-04:00,2026-06-03 19:15:00-04:00,71.8055,72.0592,no
KXSOL15M-26JUN031900,Target Price: $72.1735,2026-06-03 18:45:00-04:00,2026-06-03 19:00:00-04:00,72.0592,72.1735,no
KXSOL15M-26JUN031845,Target Price: $72.2552,2026-06-03 18:30:00-04:00,2026-06-03 18:45:00-04:00,72.1735,72.2552,no
KXSOL15M-26JUN031830,Target Price: $72.4363,2026-06-03 18:15:00-04:00,2026-06-03 18:30:00-04:00,72.2552,72.4363,no
KXSOL15M-26JUN031815,Target Price: $72.7123,2026-06-03 18:00:00-04:00,2026-06-03 18:15:00-04:00,72.4363,72.7123,no
KXSOL15M-26JUN031800,Target Price: $72.0048,2026-06-03 17:45:00-04:00,2026-06-03 18:00:00-04:00,72.7123,72.0048,yes
KXSOL15M-26JUN031745,Target Price: $71.6788,2026-06-03 17:30:00-04:00,2026-06-03 17:45:00-04:00,72.0048,71.6788,yes
KXSOL15M-26JUN031730,Target Price: $71.6280,2026-06-03 17:15:00-04:00,2026-06-03 17:30:00-04:00,71.6788,71.628,yes
KXSOL15M-26JUN031715,Target Price: $71.1070,2026-06-03 17:00:00-04:00,2026-06-03 17:15:00-04:00,71.6280,71.107,yes
KXSOL15M-26JUN031700,Target Price: $71.6493,2026-06-03 16:45:00-04:00,2026-06-03 17:00:00-04:00,71.1070,71.6493,no
KXSOL15M-26JUN031645,Target Price: $72.2533,2026-06-03 16:30:00-04:00,2026-06-03 16:45:00-04:00,71.6493,72.2533,no
KXSOL15M-26JUN031630,Target Price: $72.2593,2026-06-03 16:15:00-04:00,2026-06-03 16:30:00-04:00,72.2533,72.2593,no
KXSOL15M-26JUN031615,Target Price: $71.9393,2026-06-03 16:00:00-04:00,2026-06-03 16:15:00-04:00,72.2593,71.9393,yes
KXSOL15M-26JUN031600,Target Price: $72.3932,2026-06-03 15:45:00-04:00,2026-06-03 16:00:00-04:00,71.9393,72.3932,no
KXSOL15M-26JUN031545,Target Price: $71.9705,2026-06-03 15:30:00-04:00,2026-06-03 15:45:00-04:00,72.3932,71.9705,yes
KXSOL15M-26JUN031530,Target Price: $72.7528,2026-06-03 15:15:00-04:00,2026-06-03 15:30:00-04:00,71.9705,72.7528,no
KXSOL15M-26JUN031515,Target Price: $72.9952,2026-06-03 15:00:00-04:00,2026-06-03 15:15:00-04:00,72.7528,72.9952,no
KXSOL15M-26JUN031500,Target Price: $72.8420,2026-06-03 14:45:00-04:00,2026-06-03 15:00:00-04:00,72.9952,72.842,yes
KXSOL15M-26JUN031445,Target Price: $72.6803,2026-06-03 14:30:00-04:00,2026-06-03 14:45:00-04:00,72.8420,72.6803,yes
KXSOL15M-26JUN031430,Target Price: $73.1460,2026-06-03 14:15:00-04:00,2026-06-03 14:30:00-04:00,72.6803,73.146,no
KXSOL15M-26JUN031415,Target Price: $73.0660,2026-06-03 14:00:00-04:00,2026-06-03 14:15:00-04:00,73.1460,73.066,yes
KXSOL15M-26JUN031400,Target Price: $73.6612,2026-06-03 13:45:00-04:00,2026-06-03 14:00:00-04:00,73.0660,73.6612,no
KXSOL15M-26JUN031345,Target Price: $73.3177,2026-06-03 13:30:00-04:00,2026-06-03 13:45:00-04:00,73.6612,73.3177,yes
KXSOL15M-26JUN031330,Target Price: $72.6087,2026-06-03 13:15:00-04:00,2026-06-03 13:30:00-04:00,73.3177,72.6087,yes
KXSOL15M-26JUN031315,Target Price: $72.8997,2026-06-03 13:00:00-04:00,2026-06-03 13:15:00-04:00,72.6087,72.8997,no
KXSOL15M-26JUN031300,Target Price: $72.6318,2026-06-03 12:45:00-04:00,2026-06-03 13:00:00-04:00,72.8997,72.6318,yes
KXSOL15M-26JUN031245,Target Price: $72.3607,2026-06-03 12:30:00-04:00,2026-06-03 12:45:00-04:00,72.6318,72.3607,yes
KXSOL15M-26JUN031230,Target Price: $73.0052,2026-06-03 12:15:00-04:00,2026-06-03 12:30:00-04:00,72.3607,73.0052,no
KXSOL15M-26JUN031215,Target Price: $73.1897,2026-06-03 12:00:00-04:00,2026-06-03 12:15:00-04:00,73.0052,73.1897,no
KXSOL15M-26JUN031200,Target Price: $73.5808,2026-06-03 11:45:00-04:00,2026-06-03 12:00:00-04:00,73.1897,73.5808,no
KXSOL15M-26JUN031145,Target Price: $74.1397,2026-06-03 11:30:00-04:00,2026-06-03 11:45:00-04:00,73.5808,74.1397,no
KXSOL15M-26JUN031130,Target Price: $73.9435,2026-06-03 11:15:00-04:00,2026-06-03 11:30:00-04:00,74.1397,73.9435,yes
KXSOL15M-26JUN031115,Target Price: $74.3125,2026-06-03 11:00:00-04:00,2026-06-03 11:15:00-04:00,73.9435,74.3125,no
KXSOL15M-26JUN031100,Target Price: $74.0817,2026-06-03 10:45:00-04:00,2026-06-03 11:00:00-04:00,74.3125,74.0817,yes
KXSOL15M-26JUN031045,Target Price: $73.8668,2026-06-03 10:30:00-04:00,2026-06-03 10:45:00-04:00,74.0817,73.8668,yes
KXSOL15M-26JUN031030,Target Price: $74.3705,2026-06-03 10:15:00-04:00,2026-06-03 10:30:00-04:00,73.8668,74.3705,no
KXSOL15M-26JUN031015,Target Price: $74.4915,2026-06-03 10:00:00-04:00,2026-06-03 10:15:00-04:00,74.3705,74.4915,no
KXSOL15M-26JUN031000,Target Price: $74.4763,2026-06-03 09:45:00-04:00,2026-06-03 10:00:00-04:00,74.4915,74.4763,yes
KXSOL15M-26JUN030945,Target Price: $74.7185,2026-06-03 09:30:00-04:00,2026-06-03 09:45:00-04:00,74.4763,74.7185,no
KXSOL15M-26JUN030930,Target Price: $75.0718,2026-06-03 09:15:00-04:00,2026-06-03 09:30:00-04:00,74.7185,75.0718,no
KXSOL15M-26JUN030915,Target Price: $75.0888,2026-06-03 09:00:00-04:00,2026-06-03 09:15:00-04:00,75.0718,75.0888,no
KXSOL15M-26JUN030900,Target Price: $74.9290,2026-06-03 08:45:00-04:00,2026-06-03 09:00:00-04:00,75.0888,74.929,yes
KXSOL15M-26JUN030845,Target Price: $74.9715,2026-06-03 08:30:00-04:00,2026-06-03 08:45:00-04:00,74.9290,74.9715,no
KXSOL15M-26JUN030830,Target Price: $74.9005,2026-06-03 08:15:00-04:00,2026-06-03 08:30:00-04:00,74.9715,74.9005,yes
KXSOL15M-26JUN030815,Target Price: $75.0220,2026-06-03 08:00:00-04:00,2026-06-03 08:15:00-04:00,74.9005,75.022,no
KXSOL15M-26JUN030800,Target Price: $75.2050,2026-06-03 07:45:00-04:00,2026-06-03 08:00:00-04:00,75.0220,75.205,no
KXSOL15M-26JUN030745,Target Price: $75.5248,2026-06-03 07:30:00-04:00,2026-06-03 07:45:00-04:00,75.2050,75.5248,no
KXSOL15M-26JUN030730,Target Price: $75.5263,2026-06-03 07:15:00-04:00,2026-06-03 07:30:00-04:00,75.5248,75.5263,no
KXSOL15M-26JUN030715,Target Price: $75.4615,2026-06-03 07:00:00-04:00,2026-06-03 07:15:00-04:00,75.5263,75.4615,yes
KXSOL15M-26JUN030700,Target Price: $75.3088,2026-06-03 06:45:00-04:00,2026-06-03 07:00:00-04:00,75.4615,75.3088,yes
KXSOL15M-26JUN030645,Target Price: $75.3298,2026-06-03 06:30:00-04:00,2026-06-03 06:45:00-04:00,75.3088,75.3298,no
KXSOL15M-26JUN030630,Target Price: $75.2452,2026-06-03 06:15:00-04:00,2026-06-03 06:30:00-04:00,75.3298,75.2452,yes
KXSOL15M-26JUN030615,Target Price: $74.9277,2026-06-03 06:00:00-04:00,2026-06-03 06:15:00-04:00,75.2452,74.9277,yes
KXSOL15M-26JUN030600,Target Price: $74.7287,2026-06-03 05:45:00-04:00,2026-06-03 06:00:00-04:00,74.9277,74.7287,yes
KXSOL15M-26JUN030545,Target Price: $74.8512,2026-06-03 05:30:00-04:00,2026-06-03 05:45:00-04:00,74.7287,74.8512,no
KXSOL15M-26JUN030530,Target Price: $74.9012,2026-06-03 05:15:00-04:00,2026-06-03 05:30:00-04:00,74.8512,74.9012,no
KXSOL15M-26JUN030515,Target Price: $74.9060,2026-06-03 05:00:00-04:00,2026-06-03 05:15:00-04:00,74.9012,74.906,no
KXSOL15M-26JUN030500,Target Price: $75.0107,2026-06-03 04:45:00-04:00,2026-06-03 05:00:00-04:00,74.9060,75.0107,no
KXSOL15M-26JUN030445,Target Price: $74.8953,2026-06-03 04:30:00-04:00,2026-06-03 04:45:00-04:00,75.0107,74.8953,yes
KXSOL15M-26JUN030430,Target Price: $74.9367,2026-06-03 04:15:00-04:00,2026-06-03 04:30:00-04:00,74.8953,74.9367,no
KXSOL15M-26JUN030415,Target Price: $75.1498,2026-06-03 04:00:00-04:00,2026-06-03 04:15:00-04:00,74.9367,75.1498,no
KXSOL15M-26JUN030400,Target Price: $75.2052,2026-06-03 03:45:00-04:00,2026-06-03 04:00:00-04:00,75.1498,75.2052,no
KXSOL15M-26JUN030345,Target Price: $75.0850,2026-06-03 03:30:00-04:00,2026-06-03 03:45:00-04:00,75.2052,75.085,yes
KXSOL15M-26JUN030330,Target Price: $75.0865,2026-06-03 03:15:00-04:00,2026-06-03 03:30:00-04:00,75.0850,75.0865,no
KXSOL15M-26JUN030315,Target Price: $74.7795,2026-06-03 03:00:00-04:00,2026-06-03 03:15:00-04:00,75.0865,74.7795,yes
KXSOL15M-26JUN030300,Target Price: $75.0738,2026-06-03 02:45:00-04:00,2026-06-03 03:00:00-04:00,74.7795,75.0738,no
KXSOL15M-26JUN030245,Target Price: $74.9617,2026-06-03 02:30:00-04:00,2026-06-03 02:45:00-04:00,75.0738,74.9617,yes
KXSOL15M-26JUN030230,Target Price: $74.7973,2026-06-03 02:15:00-04:00,2026-06-03 02:30:00-04:00,74.9617,74.7973,yes
KXSOL15M-26JUN030215,Target Price: $74.6653,2026-06-03 02:00:00-04:00,2026-06-03 02:15:00-04:00,74.7973,74.6653,yes
KXSOL15M-26JUN030200,Target Price: $74.4647,2026-06-03 01:45:00-04:00,2026-06-03 02:00:00-04:00,74.6653,74.4647,yes
KXSOL15M-26JUN030145,Target Price: $74.5213,2026-06-03 01:30:00-04:00,2026-06-03 01:45:00-04:00,74.4647,74.5213,no
KXSOL15M-26JUN030130,Target Price: $74.7222,2026-06-03 01:15:00-04:00,2026-06-03 01:30:00-04:00,74.5213,74.7222,no
KXSOL15M-26JUN030115,Target Price: $73.9718,2026-06-03 01:00:00-04:00,2026-06-03 01:15:00-04:00,74.7222,73.9718,yes
KXSOL15M-26JUN030100,Target Price: $73.7130,2026-06-03 00:45:00-04:00,2026-06-03 01:00:00-04:00,73.9718,73.713,yes
KXSOL15M-26JUN030045,Target Price: $73.5420,2026-06-03 00:30:00-04:00,2026-06-03 00:45:00-04:00,73.7130,73.542,yes
KXSOL15M-26JUN030030,Target Price: $73.2633,2026-06-03 00:15:00-04:00,2026-06-03 00:30:00-04:00,73.5420,73.2633,yes
KXSOL15M-26JUN030015,Target Price: $72.6295,2026-06-03 00:00:00-04:00,2026-06-03 00:15:00-04:00,73.2633,72.6295,yes
KXSOL15M-26JUN030000,Target Price: $72.8592,2026-06-02 23:45:00-04:00,2026-06-03 00:00:00-04:00,72.6295,72.8592,no
KXSOL15M-26JUN022345,Target Price: $73.7188,2026-06-02 23:30:00-04:00,2026-06-02 23:45:00-04:00,72.8592,73.7188,no
KXSOL15M-26JUN022330,Target Price: $74.2022,2026-06-02 23:15:00-04:00,2026-06-02 23:30:00-04:00,73.7188,74.2022,no
KXSOL15M-26JUN022315,Target Price: $74.3105,2026-06-02 23:00:00-04:00,2026-06-02 23:15:00-04:00,74.2022,74.3105,no
KXSOL15M-26JUN022300,Target Price: $74.2872,2026-06-02 22:45:00-04:00,2026-06-02 23:00:00-04:00,74.3105,74.2872,yes
KXSOL15M-26JUN022245,Target Price: $74.2850,2026-06-02 22:30:00-04:00,2026-06-02 22:45:00-04:00,74.2872,74.285,yes
KXSOL15M-26JUN022230,Target Price: $74.4908,2026-06-02 22:15:00-04:00,2026-06-02 22:30:00-04:00,74.2850,74.4908,no
KXSOL15M-26JUN022215,Target Price: $74.6725,2026-06-02 22:00:00-04:00,2026-06-02 22:15:00-04:00,74.4908,74.6725,no
KXSOL15M-26JUN022200,Target Price: $74.1027,2026-06-02 21:45:00-04:00,2026-06-02 22:00:00-04:00,74.6725,74.1027,yes
KXSOL15M-26JUN022145,Target Price: $74.8665,2026-06-02 21:30:00-04:00,2026-06-02 21:45:00-04:00,74.1027,74.8665,no
KXSOL15M-26JUN022130,Target Price: $74.7110,2026-06-02 21:15:00-04:00,2026-06-02 21:30:00-04:00,74.8665,74.711,yes
KXSOL15M-26JUN022115,Target Price: $74.7918,2026-06-02 21:00:00-04:00,2026-06-02 21:15:00-04:00,74.7110,74.7918,no
KXSOL15M-26JUN022100,Target Price: $74.8778,2026-06-02 20:45:00-04:00,2026-06-02 21:00:00-04:00,74.7918,74.8778,no
KXSOL15M-26JUN022045,Target Price: $74.6302,2026-06-02 20:30:00-04:00,2026-06-02 20:45:00-04:00,74.8778,74.6302,yes
KXSOL15M-26JUN022030,Target Price: $74.6547,2026-06-02 20:15:00-04:00,2026-06-02 20:30:00-04:00,74.6302,74.6547,no
KXSOL15M-26JUN022015,Target Price: $74.1177,2026-06-02 20:00:00-04:00,2026-06-02 20:15:00-04:00,74.6547,74.1177,yes
KXSOL15M-26JUN022000,Target Price: $73.7892,2026-06-02 19:45:00-04:00,2026-06-02 20:00:00-04:00,74.1177,73.7892,yes
KXSOL15M-26JUN021945,Target Price: $72.9305,2026-06-02 19:30:00-04:00,2026-06-02 19:45:00-04:00,73.7892,72.9305,yes
KXSOL15M-26JUN021930,Target Price: $73.8247,2026-06-02 19:15:00-04:00,2026-06-02 19:30:00-04:00,72.9305,73.8247,no
KXSOL15M-26JUN021915,Target Price: $73.5193,2026-06-02 19:00:00-04:00,2026-06-02 19:15:00-04:00,73.8247,73.5193,yes
KXSOL15M-26JUN021900,Target Price: $74.7780,2026-06-02 18:45:00-04:00,2026-06-02 19:00:00-04:00,73.5193,74.778,no
KXSOL15M-26JUN021845,Target Price: $75.3015,2026-06-02 18:30:00-04:00,2026-06-02 18:45:00-04:00,74.7780,75.3015,no
KXSOL15M-26JUN021830,Target Price: $75.0758,2026-06-02 18:15:00-04:00,2026-06-02 18:30:00-04:00,75.3015,75.0758,yes
KXSOL15M-26JUN021815,Target Price: $75.5690,2026-06-02 18:00:00-04:00,2026-06-02 18:15:00-04:00,75.0758,75.569,no
KXSOL15M-26JUN021800,Target Price: $75.7748,2026-06-02 17:45:00-04:00,2026-06-02 18:00:00-04:00,75.5690,75.7748,no
KXSOL15M-26JUN021745,Target Price: $75.7647,2026-06-02 17:30:00-04:00,2026-06-02 17:45:00-04:00,75.7748,75.7647,yes
KXSOL15M-26JUN021730,Target Price: $75.2932,2026-06-02 17:15:00-04:00,2026-06-02 17:30:00-04:00,75.7647,75.2932,yes
KXSOL15M-26JUN021715,Target Price: $75.3592,2026-06-02 17:00:00-04:00,2026-06-02 17:15:00-04:00,75.2932,75.3592,no
KXSOL15M-26JUN021700,Target Price: $75.0512,2026-06-02 16:45:00-04:00,2026-06-02 17:00:00-04:00,75.3592,75.0512,yes
KXSOL15M-26JUN021645,Target Price: $74.7583,2026-06-02 16:30:00-04:00,2026-06-02 16:45:00-04:00,75.0512,74.7583,yes
KXSOL15M-26JUN021630,Target Price: $75.5252,2026-06-02 16:15:00-04:00,2026-06-02 16:30:00-04:00,74.7583,75.5252,no
KXSOL15M-26JUN021615,Target Price: $75.4755,2026-06-02 16:00:00-04:00,2026-06-02 16:15:00-04:00,75.5252,75.4755,yes
KXSOL15M-26JUN021600,Target Price: $75.0953,2026-06-02 15:45:00-04:00,2026-06-02 16:00:00-04:00,75.4755,75.0953,yes
KXSOL15M-26JUN021545,Target Price: $75.5015,2026-06-02 15:30:00-04:00,2026-06-02 15:45:00-04:00,75.0953,75.5015,no
KXSOL15M-26JUN021530,Target Price: $76.0093,2026-06-02 15:15:00-04:00,2026-06-02 15:30:00-04:00,75.5015,76.0093,no
KXSOL15M-26JUN021515,Target Price: $76.0408,2026-06-02 15:00:00-04:00,2026-06-02 15:15:00-04:00,76.0093,76.0408,no
KXSOL15M-26JUN021500,Target Price: $76.1215,2026-06-02 14:45:00-04:00,2026-06-02 15:00:00-04:00,76.0408,76.1215,no
KXSOL15M-26JUN021445,Target Price: $76.2743,2026-06-02 14:30:00-04:00,2026-06-02 14:45:00-04:00,76.1215,76.2743,no
KXSOL15M-26JUN021430,Target Price: $76.6390,2026-06-02 14:15:00-04:00,2026-06-02 14:30:00-04:00,76.2743,76.639,no
KXSOL15M-26JUN021415,Target Price: $76.7470,2026-06-02 14:00:00-04:00,2026-06-02 14:15:00-04:00,76.6390,76.747,no
KXSOL15M-26JUN021400,Target Price: $76.7675,2026-06-02 13:45:00-04:00,2026-06-02 14:00:00-04:00,76.7470,76.7675,no
KXSOL15M-26JUN021345,Target Price: $76.9355,2026-06-02 13:30:00-04:00,2026-06-02 13:45:00-04:00,76.7675,76.9355,no
KXSOL15M-26JUN021330,Target Price: $76.6132,2026-06-02 13:15:00-04:00,2026-06-02 13:30:00-04:00,76.9355,76.6132,yes
KXSOL15M-26JUN021315,Target Price: $76.6330,2026-06-02 13:00:00-04:00,2026-06-02 13:15:00-04:00,76.6132,76.633,no
KXSOL15M-26JUN021300,Target Price: $76.9180,2026-06-02 12:45:00-04:00,2026-06-02 13:00:00-04:00,76.6330,76.918,no
KXSOL15M-26JUN021245,Target Price: $77.0707,2026-06-02 12:30:00-04:00,2026-06-02 12:45:00-04:00,76.9180,77.0707,no
KXSOL15M-26JUN021230,Target Price: $77.1172,2026-06-02 12:15:00-04:00,2026-06-02 12:30:00-04:00,77.0707,77.1172,no
KXSOL15M-26JUN021215,Target Price: $76.2718,2026-06-02 12:00:00-04:00,2026-06-02 12:15:00-04:00,77.1172,76.2718,yes
KXSOL15M-26JUN021200,Target Price: $76.1242,2026-06-02 11:45:00-04:00,2026-06-02 12:00:00-04:00,76.2718,76.1242,yes
KXSOL15M-26JUN021145,Target Price: $76.3193,2026-06-02 11:30:00-04:00,2026-06-02 11:45:00-04:00,76.1242,76.3193,no
KXSOL15M-26JUN021130,Target Price: $76.9487,2026-06-02 11:15:00-04:00,2026-06-02 11:30:00-04:00,76.3193,76.9487,no
KXSOL15M-26JUN021115,Target Price: $77.2928,2026-06-02 11:00:00-04:00,2026-06-02 11:15:00-04:00,76.9487,77.2928,no
KXSOL15M-26JUN021100,Target Price: $77.0558,2026-06-02 10:45:00-04:00,2026-06-02 11:00:00-04:00,77.2928,77.0558,yes
KXSOL15M-26JUN021045,Target Price: $77.1865,2026-06-02 10:30:00-04:00,2026-06-02 10:45:00-04:00,77.0558,77.1865,no
KXSOL15M-26JUN021030,Target Price: $78.6498,2026-06-02 10:15:00-04:00,2026-06-02 10:30:00-04:00,77.1865,78.6498,no
KXSOL15M-26JUN021015,Target Price: $78.8238,2026-06-02 10:00:00-04:00,2026-06-02 10:15:00-04:00,78.6498,78.8238,no
KXSOL15M-26JUN021000,Target Price: $79.0090,2026-06-02 09:45:00-04:00,2026-06-02 10:00:00-04:00,78.8238,79.009,no
KXSOL15M-26JUN020945,Target Price: $79.0295,2026-06-02 09:30:00-04:00,2026-06-02 09:45:00-04:00,79.0090,79.0295,no
KXSOL15M-26JUN020930,Target Price: $78.7602,2026-06-02 09:15:00-04:00,2026-06-02 09:30:00-04:00,79.0295,78.7602,yes
KXSOL15M-26JUN020915,Target Price: $78.9203,2026-06-02 09:00:00-04:00,2026-06-02 09:15:00-04:00,78.7602,78.9203,no
KXSOL15M-26JUN020900,Target Price: $79.0170,2026-06-02 08:45:00-04:00,2026-06-02 09:00:00-04:00,78.9203,79.017,no
KXSOL15M-26JUN020845,Target Price: $78.8283,2026-06-02 08:30:00-04:00,2026-06-02 08:45:00-04:00,79.0170,78.8283,yes
KXSOL15M-26JUN020830,Target Price: $78.6960,2026-06-02 08:15:00-04:00,2026-06-02 08:30:00-04:00,78.8283,78.696,yes
KXSOL15M-26JUN020815,Target Price: $78.8613,2026-06-02 08:00:00-04:00,2026-06-02 08:15:00-04:00,78.6960,78.8613,no
KXSOL15M-26JUN020800,Target Price: $78.9643,2026-06-02 07:45:00-04:00,2026-06-02 08:00:00-04:00,78.8613,78.9643,no
KXSOL15M-26JUN020745,Target Price: $78.9048,2026-06-02 07:30:00-04:00,2026-06-02 07:45:00-04:00,78.9643,78.9048,yes
KXSOL15M-26JUN020730,Target Price: $79.0902,2026-06-02 07:15:00-04:00,2026-06-02 07:30:00-04:00,78.9048,79.0902,no
KXSOL15M-26JUN020715,Target Price: $79.3640,2026-06-02 07:00:00-04:00,2026-06-02 07:15:00-04:00,79.0902,79.364,no
KXSOL15M-26JUN020700,Target Price: $79.1332,2026-06-02 06:45:00-04:00,2026-06-02 07:00:00-04:00,79.3640,79.1332,yes
KXSOL15M-26JUN020645,Target Price: $79.3003,2026-06-02 06:30:00-04:00,2026-06-02 06:45:00-04:00,79.1332,79.3003,no
KXSOL15M-26JUN020630,Target Price: $79.2685,2026-06-02 06:15:00-04:00,2026-06-02 06:30:00-04:00,79.3003,79.2685,yes
KXSOL15M-26JUN020615,Target Price: $79.0037,2026-06-02 06:00:00-04:00,2026-06-02 06:15:00-04:00,79.2685,79.0037,yes
KXSOL15M-26JUN020600,Target Price: $79.0770,2026-06-02 05:45:00-04:00,2026-06-02 06:00:00-04:00,79.0037,79.077,no
KXSOL15M-26JUN020545,Target Price: $78.7768,2026-06-02 05:30:00-04:00,2026-06-02 05:45:00-04:00,79.0770,78.7768,yes
KXSOL15M-26JUN020530,Target Price: $79.2208,2026-06-02 05:15:00-04:00,2026-06-02 05:30:00-04:00,78.7768,79.2208,no
KXSOL15M-26JUN020515,Target Price: $79.4875,2026-06-02 05:00:00-04:00,2026-06-02 05:15:00-04:00,79.2208,79.4875,no
KXSOL15M-26JUN020500,Target Price: $79.5003,2026-06-02 04:45:00-04:00,2026-06-02 05:00:00-04:00,79.4875,79.5003,no
KXSOL15M-26JUN020445,Target Price: $79.5752,2026-06-02 04:30:00-04:00,2026-06-02 04:45:00-04:00,79.5003,79.5752,no
KXSOL15M-26JUN020430,Target Price: $79.5840,2026-06-02 04:15:00-04:00,2026-06-02 04:30:00-04:00,79.5752,79.584,no
KXSOL15M-26JUN020415,Target Price: $79.5902,2026-06-02 04:00:00-04:00,2026-06-02 04:15:00-04:00,79.5840,79.5902,no
KXSOL15M-26JUN020400,Target Price: $79.6998,2026-06-02 03:45:00-04:00,2026-06-02 04:00:00-04:00,79.5902,79.6998,no
KXSOL15M-26JUN020345,Target Price: $79.3752,2026-06-02 03:30:00-04:00,2026-06-02 03:45:00-04:00,79.6998,79.3752,yes
KXSOL15M-26JUN020330,Target Price: $79.5223,2026-06-02 03:15:00-04:00,2026-06-02 03:30:00-04:00,79.3752,79.5223,no
KXSOL15M-26JUN020315,Target Price: $79.4820,2026-06-02 03:00:00-04:00,2026-06-02 03:15:00-04:00,79.5223,79.482,yes
KXSOL15M-26JUN020300,Target Price: $79.4532,2026-06-02 02:45:00-04:00,2026-06-02 03:00:00-04:00,79.4820,79.4532,yes
KXSOL15M-26JUN020245,Target Price: $79.5518,2026-06-02 02:30:00-04:00,2026-06-02 02:45:00-04:00,79.4532,79.5518,no
KXSOL15M-26JUN020230,Target Price: $79.4178,2026-06-02 02:15:00-04:00,2026-06-02 02:30:00-04:00,79.5518,79.4178,yes
KXSOL15M-26JUN020215,Target Price: $79.5638,2026-06-02 02:00:00-04:00,2026-06-02 02:15:00-04:00,79.4178,79.5638,no
KXSOL15M-26JUN020200,Target Price: $79.9563,2026-06-02 01:45:00-04:00,2026-06-02 02:00:00-04:00,79.5638,79.9563,no
KXSOL15M-26JUN020145,Target Price: $80.0188,2026-06-02 01:30:00-04:00,2026-06-02 01:45:00-04:00,79.9563,80.0188,no
KXSOL15M-26JUN020130,Target Price: $80.4490,2026-06-02 01:15:00-04:00,2026-06-02 01:30:00-04:00,80.0188,80.449,no
KXSOL15M-26JUN020115,Target Price: $80.3543,2026-06-02 01:00:00-04:00,2026-06-02 01:15:00-04:00,80.4490,80.3543,yes
KXSOL15M-26JUN020100,Target Price: $80.6760,2026-06-02 00:45:00-04:00,2026-06-02 01:00:00-04:00,80.3543,80.676,no
KXSOL15M-26JUN020045,Target Price: $80.7920,2026-06-02 00:30:00-04:00,2026-06-02 00:45:00-04:00,80.6760,80.792,no
KXSOL15M-26JUN020030,Target Price: $80.4937,2026-06-02 00:15:00-04:00,2026-06-02 00:30:00-04:00,80.7920,80.4937,yes
KXSOL15M-26JUN020015,Target Price: $80.8322,2026-06-02 00:00:00-04:00,2026-06-02 00:15:00-04:00,80.4937,80.8322,no
KXSOL15M-26JUN020000,Target Price: $80.8663,2026-06-01 23:45:00-04:00,2026-06-02 00:00:00-04:00,80.8322,80.8663,no
KXSOL15M-26JUN012345,Target Price: $80.7817,2026-06-01 23:30:00-04:00,2026-06-01 23:45:00-04:00,80.8663,80.7817,yes
KXSOL15M-26JUN012330,Target Price: $80.6982,2026-06-01 23:15:00-04:00,2026-06-01 23:30:00-04:00,80.7817,80.6982,yes
KXSOL15M-26JUN012315,Target Price: $80.5483,2026-06-01 23:00:00-04:00,2026-06-01 23:15:00-04:00,80.6982,80.5483,yes
KXSOL15M-26JUN012300,Target Price: $80.0963,2026-06-01 22:45:00-04:00,2026-06-01 23:00:00-04:00,80.5483,80.0963,yes
KXSOL15M-26JUN012245,Target Price: $80.3905,2026-06-01 22:30:00-04:00,2026-06-01 22:45:00-04:00,80.0963,80.3905,no
KXSOL15M-26JUN012230,Target Price: $79.6177,2026-06-01 22:15:00-04:00,2026-06-01 22:30:00-04:00,80.3905,79.6177,yes
KXSOL15M-26JUN012215,Target Price: $80.0562,2026-06-01 22:00:00-04:00,2026-06-01 22:15:00-04:00,79.6177,80.0562,no
KXSOL15M-26JUN012200,Target Price: $80.3502,2026-06-01 21:45:00-04:00,2026-06-01 22:00:00-04:00,80.0562,80.3502,no
KXSOL15M-26JUN012145,Target Price: $80.6627,2026-06-01 21:30:00-04:00,2026-06-01 21:45:00-04:00,80.3502,80.6627,no
KXSOL15M-26JUN012130,Target Price: $80.8112,2026-06-01 21:15:00-04:00,2026-06-01 21:30:00-04:00,80.6627,80.8112,no
KXSOL15M-26JUN012115,Target Price: $80.7997,2026-06-01 21:00:00-04:00,2026-06-01 21:15:00-04:00,80.8112,80.7997,yes
KXSOL15M-26JUN012100,Target Price: $80.8797,2026-06-01 20:45:00-04:00,2026-06-01 21:00:00-04:00,80.7997,80.8797,no
KXSOL15M-26JUN012045,Target Price: $80.8628,2026-06-01 20:30:00-04:00,2026-06-01 20:45:00-04:00,80.8797,80.8628,yes
KXSOL15M-26JUN012030,Target Price: $81.0525,2026-06-01 20:15:00-04:00,2026-06-01 20:30:00-04:00,80.8628,81.0525,no
KXSOL15M-26JUN012015,Target Price: $81.1885,2026-06-01 20:00:00-04:00,2026-06-01 20:15:00-04:00,81.0525,81.1885,no
KXSOL15M-26JUN012000,Target Price: $81.2745,2026-06-01 19:45:00-04:00,2026-06-01 20:00:00-04:00,81.1885,81.2745,no
KXSOL15M-26JUN011945,Target Price: $81.1005,2026-06-01 19:30:00-04:00,2026-06-01 19:45:00-04:00,81.2745,81.1005,yes
KXSOL15M-26JUN011930,Target Price: $81.2510,2026-06-01 19:15:00-04:00,2026-06-01 19:30:00-04:00,81.1005,81.251,no
KXSOL15M-26JUN011915,Target Price: $81.3097,2026-06-01 19:00:00-04:00,2026-06-01 19:15:00-04:00,81.2510,81.3097,no
KXSOL15M-26JUN011900,Target Price: $80.6445,2026-06-01 18:45:00-04:00,2026-06-01 19:00:00-04:00,81.3097,80.6445,yes
KXSOL15M-26JUN011845,Target Price: $80.8398,2026-06-01 18:30:00-04:00,2026-06-01 18:45:00-04:00,80.6445,80.8398,no
KXSOL15M-26JUN011830,Target Price: $80.4235,2026-06-01 18:15:00-04:00,2026-06-01 18:30:00-04:00,80.8398,80.4235,yes
KXSOL15M-26JUN011815,Target Price: $80.6152,2026-06-01 18:00:00-04:00,2026-06-01 18:15:00-04:00,80.4235,80.6152,no
KXSOL15M-26JUN011800,Target Price: $80.6387,2026-06-01 17:45:00-04:00,2026-06-01 18:00:00-04:00,80.6152,80.6387,no
KXSOL15M-26JUN011745,Target Price: $80.6847,2026-06-01 17:30:00-04:00,2026-06-01 17:45:00-04:00,80.6387,80.6847,no
KXSOL15M-26JUN011730,Target Price: $80.6537,2026-06-01 17:15:00-04:00,2026-06-01 17:30:00-04:00,80.6847,80.6537,yes
KXSOL15M-26JUN011715,Target Price: $81.0183,2026-06-01 17:00:00-04:00,2026-06-01 17:15:00-04:00,80.6537,81.0183,no
KXSOL15M-26JUN011700,Target Price: $81.0680,2026-06-01 16:45:00-04:00,2026-06-01 17:00:00-04:00,81.0183,81.068,no
KXSOL15M-26JUN011645,Target Price: $81.0145,2026-06-01 16:30:00-04:00,2026-06-01 16:45:00-04:00,81.0680,81.0145,yes
KXSOL15M-26JUN011630,Target Price: $80.9987,2026-06-01 16:15:00-04:00,2026-06-01 16:30:00-04:00,81.0145,80.9987,yes
KXSOL15M-26JUN011615,Target Price: $81.1082,2026-06-01 16:00:00-04:00,2026-06-01 16:15:00-04:00,80.9987,81.1082,no
KXSOL15M-26JUN011600,Target Price: $81.1363,2026-06-01 15:45:00-04:00,2026-06-01 16:00:00-04:00,81.1082,81.1363,no
KXSOL15M-26JUN011545,Target Price: $80.8978,2026-06-01 15:30:00-04:00,2026-06-01 15:45:00-04:00,81.1363,80.8978,yes
KXSOL15M-26JUN011530,Target Price: $80.6728,2026-06-01 15:15:00-04:00,2026-06-01 15:30:00-04:00,80.8978,80.6728,yes
KXSOL15M-26JUN011515,Target Price: $80.7438,2026-06-01 15:00:00-04:00,2026-06-01 15:15:00-04:00,80.6728,80.7438,no
KXSOL15M-26JUN011500,Target Price: $80.9497,2026-06-01 14:45:00-04:00,2026-06-01 15:00:00-04:00,80.7438,80.9497,no
KXSOL15M-26JUN011445,Target Price: $80.8732,2026-06-01 14:30:00-04:00,2026-06-01 14:45:00-04:00,80.9497,80.8732,yes
KXSOL15M-26JUN011430,Target Price: $80.5632,2026-06-01 14:15:00-04:00,2026-06-01 14:30:00-04:00,80.8732,80.5632,yes
KXSOL15M-26JUN011415,Target Price: $80.8588,2026-06-01 14:00:00-04:00,2026-06-01 14:15:00-04:00,80.5632,80.8588,no
KXSOL15M-26JUN011400,Target Price: $80.9523,2026-06-01 13:45:00-04:00,2026-06-01 14:00:00-04:00,80.8588,80.9523,no
KXSOL15M-26JUN011345,Target Price: $80.5073,2026-06-01 13:30:00-04:00,2026-06-01 13:45:00-04:00,80.9523,80.5073,yes
KXSOL15M-26JUN011330,Target Price: $80.4628,2026-06-01 13:15:00-04:00,2026-06-01 13:30:00-04:00,80.5073,80.4628,yes
KXSOL15M-26JUN011315,Target Price: $80.2618,2026-06-01 13:00:00-04:00,2026-06-01 13:15:00-04:00,80.4628,80.2618,yes
KXSOL15M-26JUN011300,Target Price: $79.7568,2026-06-01 12:45:00-04:00,2026-06-01 13:00:00-04:00,80.2618,79.7568,yes
KXSOL15M-26JUN011245,Target Price: $79.5518,2026-06-01 12:30:00-04:00,2026-06-01 12:45:00-04:00,79.7568,79.5518,yes
KXSOL15M-26JUN011230,Target Price: $79.2713,2026-06-01 12:15:00-04:00,2026-06-01 12:30:00-04:00,79.5518,79.2713,yes
KXSOL15M-26JUN011215,Target Price: $79.4685,2026-06-01 12:00:00-04:00,2026-06-01 12:15:00-04:00,79.2713,79.4685,no
KXSOL15M-26JUN011200,Target Price: $79.7625,2026-06-01 11:45:00-04:00,2026-06-01 12:00:00-04:00,79.4685,79.7625,no
KXSOL15M-26JUN011145,Target Price: $79.1588,2026-06-01 11:30:00-04:00,2026-06-01 11:45:00-04:00,79.7625,79.1588,yes
KXSOL15M-26JUN011130,Target Price: $79.6877,2026-06-01 11:15:00-04:00,2026-06-01 11:30:00-04:00,79.1588,79.6877,no
KXSOL15M-26JUN011115,Target Price: $79.5110,2026-06-01 11:00:00-04:00,2026-06-01 11:15:00-04:00,79.6877,79.511,yes
KXSOL15M-26JUN011100,Target Price: $79.4663,2026-06-01 10:45:00-04:00,2026-06-01 11:00:00-04:00,79.5110,79.4663,yes
KXSOL15M-26JUN011045,Target Price: $79.4487,2026-06-01 10:30:00-04:00,2026-06-01 10:45:00-04:00,79.4663,79.4487,yes
KXSOL15M-26JUN011030,Target Price: $79.5630,2026-06-01 10:15:00-04:00,2026-06-01 10:30:00-04:00,79.4487,79.563,no
KXSOL15M-26JUN011015,Target Price: $79.6313,2026-06-01 10:00:00-04:00,2026-06-01 10:15:00-04:00,79.5630,79.6313,no
KXSOL15M-26JUN011000,Target Price: $80.1383,2026-06-01 09:45:00-04:00,2026-06-01 10:00:00-04:00,79.6313,80.1383,no
KXSOL15M-26JUN010945,Target Price: $80.1800,2026-06-01 09:30:00-04:00,2026-06-01 09:45:00-04:00,80.1383,80.18,no
KXSOL15M-26JUN010930,Target Price: $80.1693,2026-06-01 09:15:00-04:00,2026-06-01 09:30:00-04:00,80.1800,80.1693,yes
KXSOL15M-26JUN010915,Target Price: $80.7050,2026-06-01 09:00:00-04:00,2026-06-01 09:15:00-04:00,80.1693,80.705,no
KXSOL15M-26JUN010900,Target Price: $80.8777,2026-06-01 08:45:00-04:00,2026-06-01 09:00:00-04:00,80.7050,80.8777,no
KXSOL15M-26JUN010845,Target Price: $80.8308,2026-06-01 08:30:00-04:00,2026-06-01 08:45:00-04:00,80.8777,80.8308,yes
KXSOL15M-26JUN010830,Target Price: $80.3945,2026-06-01 08:15:00-04:00,2026-06-01 08:30:00-04:00,80.8308,80.3945,yes
KXSOL15M-26JUN010815,Target Price: $80.6813,2026-06-01 08:00:00-04:00,2026-06-01 08:15:00-04:00,80.3945,80.6813,no
KXSOL15M-26JUN010800,Target Price: $81.0095,2026-06-01 07:45:00-04:00,2026-06-01 08:00:00-04:00,80.6813,81.0095,no
KXSOL15M-26JUN010745,Target Price: $81.0507,2026-06-01 07:30:00-04:00,2026-06-01 07:45:00-04:00,81.0095,81.0507,no
KXSOL15M-26JUN010730,Target Price: $80.9847,2026-06-01 07:15:00-04:00,2026-06-01 07:30:00-04:00,81.0507,80.9847,yes
KXSOL15M-26JUN010715,Target Price: $80.9897,2026-06-01 07:00:00-04:00,2026-06-01 07:15:00-04:00,80.9847,80.9897,no
KXSOL15M-26JUN010700,Target Price: $80.9375,2026-06-01 06:45:00-04:00,2026-06-01 07:00:00-04:00,80.9897,80.9375,yes
KXSOL15M-26JUN010645,Target Price: $80.7778,2026-06-01 06:30:00-04:00,2026-06-01 06:45:00-04:00,80.9375,80.7778,yes
KXSOL15M-26JUN010630,Target Price: $80.9042,2026-06-01 06:15:00-04:00,2026-06-01 06:30:00-04:00,80.7778,80.9042,no
KXSOL15M-26JUN010615,Target Price: $80.9762,2026-06-01 06:00:00-04:00,2026-06-01 06:15:00-04:00,80.9042,80.9762,no
KXSOL15M-26JUN010600,Target Price: $80.9968,2026-06-01 05:45:00-04:00,2026-06-01 06:00:00-04:00,80.9762,80.9968,no
KXSOL15M-26JUN010545,Target Price: $81.0585,2026-06-01 05:30:00-04:00,2026-06-01 05:45:00-04:00,80.9968,81.0585,no
KXSOL15M-26JUN010530,Target Price: $81.0478,2026-06-01 05:15:00-04:00,2026-06-01 05:30:00-04:00,81.0585,81.0478,yes
KXSOL15M-26JUN010515,Target Price: $80.8590,2026-06-01 05:00:00-04:00,2026-06-01 05:15:00-04:00,81.0478,80.859,yes
KXSOL15M-26JUN010500,Target Price: $80.6428,2026-06-01 04:45:00-04:00,2026-06-01 05:00:00-04:00,80.8590,80.6428,yes
KXSOL15M-26JUN010445,Target Price: $80.5813,2026-06-01 04:30:00-04:00,2026-06-01 04:45:00-04:00,80.6428,80.5813,yes
KXSOL15M-26JUN010430,Target Price: $80.6997,2026-06-01 04:15:00-04:00,2026-06-01 04:30:00-04:00,80.5813,80.6997,no
KXSOL15M-26JUN010415,Target Price: $80.6523,2026-06-01 04:00:00-04:00,2026-06-01 04:15:00-04:00,80.6997,80.6523,yes
KXSOL15M-26JUN010400,Target Price: $80.9855,2026-06-01 03:45:00-04:00,2026-06-01 04:00:00-04:00,80.6523,80.9855,no
