event_ticker,yes_sub_title,open_time,close_time,expiration_value,floor_strike,result
KXETH15M-26JUN111945,"Target Price: $1,669.09",2026-06-11 19:30:00-04:00,2026-06-11 19:45:00-04:00,1675.42,1669.09,yes
KXETH15M-26JUN111930,"Target Price: $1,671.81",2026-06-11 19:15:00-04:00,2026-06-11 19:30:00-04:00,1669.09,1671.81,no
KXETH15M-26JUN111915,"Target Price: $1,675.34",2026-06-11 19:00:00-04:00,2026-06-11 19:15:00-04:00,1671.81,1675.34,no
KXETH15M-26JUN111900,"Target Price: $1,675.23",2026-06-11 18:45:00-04:00,2026-06-11 19:00:00-04:00,1675.34,1675.23,yes
KXETH15M-26JUN111845,"Target Price: $1,676.63",2026-06-11 18:30:00-04:00,2026-06-11 18:45:00-04:00,1675.23,1676.63,no
KXETH15M-26JUN111830,"Target Price: $1,679.69",2026-06-11 18:15:00-04:00,2026-06-11 18:30:00-04:00,1676.63,1679.69,no
KXETH15M-26JUN111815,"Target Price: $1,675.05",2026-06-11 18:00:00-04:00,2026-06-11 18:15:00-04:00,1679.69,1675.05,yes
KXETH15M-26JUN111800,"Target Price: $1,678.63",2026-06-11 17:45:00-04:00,2026-06-11 18:00:00-04:00,1675.05,1678.63,no
KXETH15M-26JUN111745,"Target Price: $1,677.14",2026-06-11 17:30:00-04:00,2026-06-11 17:45:00-04:00,1678.63,1677.14,yes
KXETH15M-26JUN111730,"Target Price: $1,680.77",2026-06-11 17:15:00-04:00,2026-06-11 17:30:00-04:00,1677.14,1680.77,no
KXETH15M-26JUN111715,"Target Price: $1,670.81",2026-06-11 17:00:00-04:00,2026-06-11 17:15:00-04:00,1680.77,1670.81,yes
KXETH15M-26JUN111700,"Target Price: $1,667.23",2026-06-11 16:45:00-04:00,2026-06-11 17:00:00-04:00,1670.81,1667.23,yes
KXETH15M-26JUN111645,"Target Price: $1,669.23",2026-06-11 16:30:00-04:00,2026-06-11 16:45:00-04:00,1667.23,1669.23,no
KXETH15M-26JUN111630,"Target Price: $1,678.09",2026-06-11 16:15:00-04:00,2026-06-11 16:30:00-04:00,1669.23,1678.09,no
KXETH15M-26JUN111615,"Target Price: $1,680.36",2026-06-11 16:00:00-04:00,2026-06-11 16:15:00-04:00,1678.09,1680.36,no
KXETH15M-26JUN111600,"Target Price: $1,684.93",2026-06-11 15:45:00-04:00,2026-06-11 16:00:00-04:00,1680.36,1684.93,no
KXETH15M-26JUN111545,"Target Price: $1,679.09",2026-06-11 15:30:00-04:00,2026-06-11 15:45:00-04:00,1684.93,1679.09,yes
KXETH15M-26JUN111530,"Target Price: $1,677.76",2026-06-11 15:15:00-04:00,2026-06-11 15:30:00-04:00,1679.09,1677.76,yes
KXETH15M-26JUN111515,"Target Price: $1,682.92",2026-06-11 15:00:00-04:00,2026-06-11 15:15:00-04:00,1677.76,1682.92,no
KXETH15M-26JUN111500,"Target Price: $1,684.58",2026-06-11 14:45:00-04:00,2026-06-11 15:00:00-04:00,1682.92,1684.58,no
KXETH15M-26JUN111445,"Target Price: $1,679.10",2026-06-11 14:30:00-04:00,2026-06-11 14:45:00-04:00,1684.58,1679.1,yes
KXETH15M-26JUN111430,"Target Price: $1,680.91",2026-06-11 14:15:00-04:00,2026-06-11 14:30:00-04:00,1679.10,1680.91,no
KXETH15M-26JUN111415,"Target Price: $1,684.31",2026-06-11 14:00:00-04:00,2026-06-11 14:15:00-04:00,1680.91,1684.31,no
KXETH15M-26JUN111400,"Target Price: $1,674.52",2026-06-11 13:45:00-04:00,2026-06-11 14:00:00-04:00,1684.31,1674.52,yes
KXETH15M-26JUN111345,"Target Price: $1,645.64",2026-06-11 13:30:00-04:00,2026-06-11 13:45:00-04:00,1674.52,1645.64,yes
KXETH15M-26JUN111330,"Target Price: $1,635.21",2026-06-11 13:15:00-04:00,2026-06-11 13:30:00-04:00,1645.64,1635.21,yes
KXETH15M-26JUN111315,"Target Price: $1,637.88",2026-06-11 13:00:00-04:00,2026-06-11 13:15:00-04:00,1635.21,1637.88,no
KXETH15M-26JUN111300,"Target Price: $1,641.31",2026-06-11 12:45:00-04:00,2026-06-11 13:00:00-04:00,1637.88,1641.31,no
KXETH15M-26JUN111245,"Target Price: $1,640.58",2026-06-11 12:30:00-04:00,2026-06-11 12:45:00-04:00,1641.31,1640.58,yes
KXETH15M-26JUN111230,"Target Price: $1,647.04",2026-06-11 12:15:00-04:00,2026-06-11 12:30:00-04:00,1640.58,1647.04,no
KXETH15M-26JUN111215,"Target Price: $1,643.38",2026-06-11 12:00:00-04:00,2026-06-11 12:15:00-04:00,1647.04,1643.38,yes
KXETH15M-26JUN111200,"Target Price: $1,643.40",2026-06-11 11:45:00-04:00,2026-06-11 12:00:00-04:00,1643.38,1643.4,no
KXETH15M-26JUN111145,"Target Price: $1,644.55",2026-06-11 11:30:00-04:00,2026-06-11 11:45:00-04:00,1643.40,1644.55,no
KXETH15M-26JUN111130,"Target Price: $1,643.88",2026-06-11 11:15:00-04:00,2026-06-11 11:30:00-04:00,1644.55,1643.88,yes
KXETH15M-26JUN111115,"Target Price: $1,642.01",2026-06-11 11:00:00-04:00,2026-06-11 11:15:00-04:00,1643.88,1642.01,yes
KXETH15M-26JUN111100,"Target Price: $1,649.62",2026-06-11 10:45:00-04:00,2026-06-11 11:00:00-04:00,1642.01,1649.62,no
KXETH15M-26JUN111045,"Target Price: $1,647.34",2026-06-11 10:30:00-04:00,2026-06-11 10:45:00-04:00,1649.62,1647.34,yes
KXETH15M-26JUN111030,"Target Price: $1,643.44",2026-06-11 10:15:00-04:00,2026-06-11 10:30:00-04:00,1647.34,1643.44,yes
KXETH15M-26JUN111015,"Target Price: $1,651.66",2026-06-11 10:00:00-04:00,2026-06-11 10:15:00-04:00,1643.44,1651.66,no
KXETH15M-26JUN111000,"Target Price: $1,648.33",2026-06-11 09:45:00-04:00,2026-06-11 10:00:00-04:00,1651.66,1648.33,yes
KXETH15M-26JUN110945,"Target Price: $1,647.46",2026-06-11 09:30:00-04:00,2026-06-11 09:45:00-04:00,1648.33,1647.46,yes
KXETH15M-26JUN110930,"Target Price: $1,648.23",2026-06-11 09:15:00-04:00,2026-06-11 09:30:00-04:00,1647.46,1648.23,no
KXETH15M-26JUN110915,"Target Price: $1,650.82",2026-06-11 09:00:00-04:00,2026-06-11 09:15:00-04:00,1648.23,1650.82,no
KXETH15M-26JUN110900,"Target Price: $1,648.21",2026-06-11 08:45:00-04:00,2026-06-11 09:00:00-04:00,1650.82,1648.21,yes
KXETH15M-26JUN110845,"Target Price: $1,646.97",2026-06-11 08:30:00-04:00,2026-06-11 08:45:00-04:00,1648.21,1646.97,yes
KXETH15M-26JUN110830,"Target Price: $1,659.10",2026-06-11 08:15:00-04:00,2026-06-11 08:30:00-04:00,1646.97,1659.1,no
KXETH15M-26JUN110815,"Target Price: $1,665.43",2026-06-11 08:00:00-04:00,2026-06-11 08:15:00-04:00,1659.10,1665.43,no
KXETH15M-26JUN110800,"Target Price: $1,661.10",2026-06-11 07:45:00-04:00,2026-06-11 08:00:00-04:00,1665.43,1661.1,yes
KXETH15M-26JUN110745,"Target Price: $1,661.89",2026-06-11 07:30:00-04:00,2026-06-11 07:45:00-04:00,1661.10,1661.89,no
KXETH15M-26JUN110730,"Target Price: $1,660.59",2026-06-11 07:15:00-04:00,2026-06-11 07:30:00-04:00,1661.89,1660.59,yes
KXETH15M-26JUN110715,"Target Price: $1,657.92",2026-06-11 07:00:00-04:00,2026-06-11 07:15:00-04:00,1660.59,1657.92,yes
KXETH15M-26JUN110700,"Target Price: $1,655.60",2026-06-11 06:45:00-04:00,2026-06-11 07:00:00-04:00,1657.92,1655.6,yes
KXETH15M-26JUN110645,"Target Price: $1,655.17",2026-06-11 06:30:00-04:00,2026-06-11 06:45:00-04:00,1655.60,1655.17,yes
KXETH15M-26JUN110630,"Target Price: $1,656.65",2026-06-11 06:15:00-04:00,2026-06-11 06:30:00-04:00,1655.17,1656.65,no
KXETH15M-26JUN110615,"Target Price: $1,657.64",2026-06-11 06:00:00-04:00,2026-06-11 06:15:00-04:00,1656.65,1657.64,no
KXETH15M-26JUN110600,"Target Price: $1,657.81",2026-06-11 05:45:00-04:00,2026-06-11 06:00:00-04:00,1657.64,1657.81,no
KXETH15M-26JUN110545,"Target Price: $1,655.15",2026-06-11 05:30:00-04:00,2026-06-11 05:45:00-04:00,1657.81,1655.15,yes
KXETH15M-26JUN110530,"Target Price: $1,656.18",2026-06-11 05:15:00-04:00,2026-06-11 05:30:00-04:00,1655.15,1656.18,no
KXETH15M-26JUN110515,"Target Price: $1,658.08",2026-06-11 05:00:00-04:00,2026-06-11 05:15:00-04:00,1656.18,1658.08,no
KXETH15M-26JUN110200,"Target Price: $1,649.67",2026-06-11 01:45:00-04:00,2026-06-11 02:00:00-04:00,1646.56,1649.67,no
KXETH15M-26JUN110145,"Target Price: $1,646.94",2026-06-11 01:30:00-04:00,2026-06-11 01:45:00-04:00,1649.67,1646.94,yes
KXETH15M-26JUN110130,"Target Price: $1,649.48",2026-06-11 01:15:00-04:00,2026-06-11 01:30:00-04:00,1646.94,1649.48,no
KXETH15M-26JUN110115,"Target Price: $1,654.87",2026-06-11 01:00:00-04:00,2026-06-11 01:15:00-04:00,1649.48,1654.87,no
KXETH15M-26JUN110100,"Target Price: $1,653.74",2026-06-11 00:45:00-04:00,2026-06-11 01:00:00-04:00,1654.87,1653.74,yes
KXETH15M-26JUN110045,"Target Price: $1,649.42",2026-06-11 00:30:00-04:00,2026-06-11 00:45:00-04:00,1653.74,1649.42,yes
KXETH15M-26JUN110030,"Target Price: $1,651.26",2026-06-11 00:15:00-04:00,2026-06-11 00:30:00-04:00,1649.42,1651.26,no
KXETH15M-26JUN110015,"Target Price: $1,654.96",2026-06-11 00:00:00-04:00,2026-06-11 00:15:00-04:00,1651.26,1654.96,no
KXETH15M-26JUN110000,"Target Price: $1,644.36",2026-06-10 23:45:00-04:00,2026-06-11 00:00:00-04:00,1654.96,1644.36,yes
KXETH15M-26JUN102345,"Target Price: $1,637.81",2026-06-10 23:30:00-04:00,2026-06-10 23:45:00-04:00,1644.36,1637.81,yes
KXETH15M-26JUN102330,"Target Price: $1,635.85",2026-06-10 23:15:00-04:00,2026-06-10 23:30:00-04:00,1637.81,1635.85,yes
KXETH15M-26JUN102315,"Target Price: $1,639.97",2026-06-10 23:00:00-04:00,2026-06-10 23:15:00-04:00,1635.85,1639.97,no
KXETH15M-26JUN102300,"Target Price: $1,633.72",2026-06-10 22:45:00-04:00,2026-06-10 23:00:00-04:00,1639.97,1633.72,yes
KXETH15M-26JUN102245,"Target Price: $1,633.60",2026-06-10 22:30:00-04:00,2026-06-10 22:45:00-04:00,1633.72,1633.6,yes
KXETH15M-26JUN102230,"Target Price: $1,639.32",2026-06-10 22:15:00-04:00,2026-06-10 22:30:00-04:00,1633.60,1639.32,no
KXETH15M-26JUN102215,"Target Price: $1,642.32",2026-06-10 22:00:00-04:00,2026-06-10 22:15:00-04:00,1639.32,1642.32,no
KXETH15M-26JUN102200,"Target Price: $1,643.74",2026-06-10 21:45:00-04:00,2026-06-10 22:00:00-04:00,1642.32,1643.74,no
KXETH15M-26JUN102145,"Target Price: $1,639.32",2026-06-10 21:30:00-04:00,2026-06-10 21:45:00-04:00,1643.74,1639.32,yes
KXETH15M-26JUN102130,"Target Price: $1,637.77",2026-06-10 21:15:00-04:00,2026-06-10 21:30:00-04:00,1639.32,1637.77,yes
KXETH15M-26JUN102115,"Target Price: $1,628.42",2026-06-10 21:00:00-04:00,2026-06-10 21:15:00-04:00,1637.77,1628.42,yes
KXETH15M-26JUN102100,"Target Price: $1,626.72",2026-06-10 20:45:00-04:00,2026-06-10 21:00:00-04:00,1628.42,1626.72,yes
KXETH15M-26JUN102045,"Target Price: $1,629.12",2026-06-10 20:30:00-04:00,2026-06-10 20:45:00-04:00,1626.72,1629.12,no
KXETH15M-26JUN102030,"Target Price: $1,624.79",2026-06-10 20:15:00-04:00,2026-06-10 20:30:00-04:00,1629.12,1624.79,yes
KXETH15M-26JUN102015,"Target Price: $1,620.71",2026-06-10 20:00:00-04:00,2026-06-10 20:15:00-04:00,1624.79,1620.71,yes
KXETH15M-26JUN102000,"Target Price: $1,622.19",2026-06-10 19:45:00-04:00,2026-06-10 20:00:00-04:00,1620.71,1622.19,no
KXETH15M-26JUN101945,"Target Price: $1,620.53",2026-06-10 19:30:00-04:00,2026-06-10 19:45:00-04:00,1622.19,1620.53,yes
KXETH15M-26JUN101930,"Target Price: $1,611.02",2026-06-10 19:15:00-04:00,2026-06-10 19:30:00-04:00,1620.53,1611.02,yes
KXETH15M-26JUN101915,"Target Price: $1,616.12",2026-06-10 19:00:00-04:00,2026-06-10 19:15:00-04:00,1611.02,1616.12,no
KXETH15M-26JUN101900,"Target Price: $1,619.63",2026-06-10 18:45:00-04:00,2026-06-10 19:00:00-04:00,1616.12,1619.63,no
KXETH15M-26JUN101845,"Target Price: $1,609.33",2026-06-10 18:30:00-04:00,2026-06-10 18:45:00-04:00,1619.63,1609.33,yes
KXETH15M-26JUN101830,"Target Price: $1,609.31",2026-06-10 18:15:00-04:00,2026-06-10 18:30:00-04:00,1609.33,1609.31,yes
KXETH15M-26JUN101815,"Target Price: $1,609.29",2026-06-10 18:00:00-04:00,2026-06-10 18:15:00-04:00,1609.31,1609.29,yes
KXETH15M-26JUN101800,"Target Price: $1,622.19",2026-06-10 17:45:00-04:00,2026-06-10 18:00:00-04:00,1609.29,1622.19,no
KXETH15M-26JUN101745,"Target Price: $1,618.24",2026-06-10 17:30:00-04:00,2026-06-10 17:45:00-04:00,1622.19,1618.24,yes
KXETH15M-26JUN101730,"Target Price: $1,616.33",2026-06-10 17:15:00-04:00,2026-06-10 17:30:00-04:00,1618.24,1616.33,yes
KXETH15M-26JUN101715,"Target Price: $1,629.35",2026-06-10 17:00:00-04:00,2026-06-10 17:15:00-04:00,1616.33,1629.35,no
KXETH15M-26JUN101700,"Target Price: $1,629.38",2026-06-10 16:45:00-04:00,2026-06-10 17:00:00-04:00,1629.35,1629.38,no
KXETH15M-26JUN101645,"Target Price: $1,631.50",2026-06-10 16:30:00-04:00,2026-06-10 16:45:00-04:00,1629.38,1631.5,no
KXETH15M-26JUN101630,"Target Price: $1,625.31",2026-06-10 16:15:00-04:00,2026-06-10 16:30:00-04:00,1631.50,1625.31,yes
KXETH15M-26JUN101615,"Target Price: $1,629.62",2026-06-10 16:00:00-04:00,2026-06-10 16:15:00-04:00,1625.31,1629.62,no
KXETH15M-26JUN101600,"Target Price: $1,630.55",2026-06-10 15:45:00-04:00,2026-06-10 16:00:00-04:00,1629.62,1630.55,no
KXETH15M-26JUN101545,"Target Price: $1,625.45",2026-06-10 15:30:00-04:00,2026-06-10 15:45:00-04:00,1630.55,1625.45,yes
KXETH15M-26JUN101530,"Target Price: $1,625.52",2026-06-10 15:15:00-04:00,2026-06-10 15:30:00-04:00,1625.45,1625.52,no
KXETH15M-26JUN101515,"Target Price: $1,629.38",2026-06-10 15:00:00-04:00,2026-06-10 15:15:00-04:00,1625.52,1629.38,no
KXETH15M-26JUN101500,"Target Price: $1,624.59",2026-06-10 14:45:00-04:00,2026-06-10 15:00:00-04:00,1629.38,1624.59,yes
KXETH15M-26JUN101445,"Target Price: $1,629.05",2026-06-10 14:30:00-04:00,2026-06-10 14:45:00-04:00,1624.59,1629.05,no
KXETH15M-26JUN101430,"Target Price: $1,629.19",2026-06-10 14:15:00-04:00,2026-06-10 14:30:00-04:00,1629.05,1629.19,no
KXETH15M-26JUN101415,"Target Price: $1,631.28",2026-06-10 14:00:00-04:00,2026-06-10 14:15:00-04:00,1629.19,1631.28,no
KXETH15M-26JUN101400,"Target Price: $1,624.15",2026-06-10 13:45:00-04:00,2026-06-10 14:00:00-04:00,1631.28,1624.15,yes
KXETH15M-26JUN101345,"Target Price: $1,630.24",2026-06-10 13:30:00-04:00,2026-06-10 13:45:00-04:00,1624.15,1630.24,no
KXETH15M-26JUN101330,"Target Price: $1,637.95",2026-06-10 13:15:00-04:00,2026-06-10 13:30:00-04:00,1630.24,1637.95,no
KXETH15M-26JUN101315,"Target Price: $1,640.29",2026-06-10 13:00:00-04:00,2026-06-10 13:15:00-04:00,1637.95,1640.29,no
KXETH15M-26JUN101300,"Target Price: $1,644.36",2026-06-10 12:45:00-04:00,2026-06-10 13:00:00-04:00,1640.29,1644.36,no
KXETH15M-26JUN101245,"Target Price: $1,647.10",2026-06-10 12:30:00-04:00,2026-06-10 12:45:00-04:00,1644.36,1647.1,no
KXETH15M-26JUN101230,"Target Price: $1,650.79",2026-06-10 12:15:00-04:00,2026-06-10 12:30:00-04:00,1647.10,1650.79,no
KXETH15M-26JUN101215,"Target Price: $1,655.99",2026-06-10 12:00:00-04:00,2026-06-10 12:15:00-04:00,1650.79,1655.99,no
KXETH15M-26JUN101200,"Target Price: $1,652.74",2026-06-10 11:45:00-04:00,2026-06-10 12:00:00-04:00,1655.99,1652.74,yes
KXETH15M-26JUN101145,"Target Price: $1,648.61",2026-06-10 11:30:00-04:00,2026-06-10 11:45:00-04:00,1652.74,1648.61,yes
KXETH15M-26JUN101130,"Target Price: $1,639.25",2026-06-10 11:15:00-04:00,2026-06-10 11:30:00-04:00,1648.61,1639.25,yes
KXETH15M-26JUN101115,"Target Price: $1,644.09",2026-06-10 11:00:00-04:00,2026-06-10 11:15:00-04:00,1639.25,1644.09,no
KXETH15M-26JUN101100,"Target Price: $1,644.01",2026-06-10 10:45:00-04:00,2026-06-10 11:00:00-04:00,1644.09,1644.01,yes
KXETH15M-26JUN101045,"Target Price: $1,645.61",2026-06-10 10:30:00-04:00,2026-06-10 10:45:00-04:00,1644.01,1645.61,no
KXETH15M-26JUN101030,"Target Price: $1,647.55",2026-06-10 10:15:00-04:00,2026-06-10 10:30:00-04:00,1645.61,1647.55,no
KXETH15M-26JUN101015,"Target Price: $1,650.40",2026-06-10 10:00:00-04:00,2026-06-10 10:15:00-04:00,1647.55,1650.4,no
KXETH15M-26JUN101000,"Target Price: $1,665.17",2026-06-10 09:45:00-04:00,2026-06-10 10:00:00-04:00,1650.40,1665.17,no
KXETH15M-26JUN100945,"Target Price: $1,635.92",2026-06-10 09:30:00-04:00,2026-06-10 09:45:00-04:00,1665.17,1635.92,yes
KXETH15M-26JUN100930,"Target Price: $1,633.41",2026-06-10 09:15:00-04:00,2026-06-10 09:30:00-04:00,1635.92,1633.41,yes
KXETH15M-26JUN100915,"Target Price: $1,635.05",2026-06-10 09:00:00-04:00,2026-06-10 09:15:00-04:00,1633.41,1635.05,no
KXETH15M-26JUN100900,"Target Price: $1,637.53",2026-06-10 08:45:00-04:00,2026-06-10 09:00:00-04:00,1635.05,1637.53,no
KXETH15M-26JUN100845,"Target Price: $1,623.57",2026-06-10 08:30:00-04:00,2026-06-10 08:45:00-04:00,1637.53,1623.57,yes
KXETH15M-26JUN100830,"Target Price: $1,622.79",2026-06-10 08:15:00-04:00,2026-06-10 08:30:00-04:00,1623.57,1622.79,yes
KXETH15M-26JUN100815,Target price: TBD,2026-06-10 08:00:00-04:00,2026-06-10 08:15:00-04:00,1622.79,,yes
KXETH15M-26JUN100800,"Target Price: $1,619.60",2026-06-10 07:45:00-04:00,2026-06-10 08:00:00-04:00,1619.11,1619.6,no
KXETH15M-26JUN100745,"Target Price: $1,615.27",2026-06-10 07:30:00-04:00,2026-06-10 07:45:00-04:00,1619.60,1615.27,yes
KXETH15M-26JUN100730,"Target Price: $1,618.79",2026-06-10 07:15:00-04:00,2026-06-10 07:30:00-04:00,1615.27,1618.79,no
KXETH15M-26JUN100715,"Target Price: $1,627.23",2026-06-10 07:00:00-04:00,2026-06-10 07:15:00-04:00,1618.79,1627.23,no
KXETH15M-26JUN100700,"Target Price: $1,624.86",2026-06-10 06:45:00-04:00,2026-06-10 07:00:00-04:00,1627.23,1624.86,yes
KXETH15M-26JUN100645,"Target Price: $1,623.88",2026-06-10 06:30:00-04:00,2026-06-10 06:45:00-04:00,1624.86,1623.88,yes
KXETH15M-26JUN100630,"Target Price: $1,620.48",2026-06-10 06:15:00-04:00,2026-06-10 06:30:00-04:00,1623.88,1620.48,yes
KXETH15M-26JUN100615,"Target Price: $1,622.73",2026-06-10 06:00:00-04:00,2026-06-10 06:15:00-04:00,1620.48,1622.73,no
KXETH15M-26JUN100600,"Target Price: $1,620.52",2026-06-10 05:45:00-04:00,2026-06-10 06:00:00-04:00,1622.73,1620.52,yes
KXETH15M-26JUN100545,"Target Price: $1,618.20",2026-06-10 05:30:00-04:00,2026-06-10 05:45:00-04:00,1620.52,1618.2,yes
KXETH15M-26JUN100530,"Target Price: $1,614.43",2026-06-10 05:15:00-04:00,2026-06-10 05:30:00-04:00,1618.20,1614.43,yes
KXETH15M-26JUN100515,"Target Price: $1,620.34",2026-06-10 05:00:00-04:00,2026-06-10 05:15:00-04:00,1614.43,1620.34,no
KXETH15M-26JUN100500,"Target Price: $1,621.78",2026-06-10 04:45:00-04:00,2026-06-10 05:00:00-04:00,1620.34,1621.78,no
KXETH15M-26JUN100445,"Target Price: $1,632.65",2026-06-10 04:30:00-04:00,2026-06-10 04:45:00-04:00,1621.78,1632.65,no
KXETH15M-26JUN100430,"Target Price: $1,635.73",2026-06-10 04:15:00-04:00,2026-06-10 04:30:00-04:00,1632.65,1635.73,no
KXETH15M-26JUN100415,"Target Price: $1,638.77",2026-06-10 04:00:00-04:00,2026-06-10 04:15:00-04:00,1635.73,1638.77,no
KXETH15M-26JUN100400,"Target Price: $1,639.92",2026-06-10 03:45:00-04:00,2026-06-10 04:00:00-04:00,1638.77,1639.92,no
KXETH15M-26JUN100345,"Target Price: $1,635.90",2026-06-10 03:30:00-04:00,2026-06-10 03:45:00-04:00,1639.92,1635.9,yes
KXETH15M-26JUN100330,"Target Price: $1,632.75",2026-06-10 03:15:00-04:00,2026-06-10 03:30:00-04:00,1635.90,1632.75,yes
KXETH15M-26JUN100315,"Target Price: $1,631.00",2026-06-10 03:00:00-04:00,2026-06-10 03:15:00-04:00,1632.75,1631.0,yes
KXETH15M-26JUN100300,"Target Price: $1,629.67",2026-06-10 02:45:00-04:00,2026-06-10 03:00:00-04:00,1631.00,1629.67,yes
KXETH15M-26JUN100245,"Target Price: $1,626.91",2026-06-10 02:30:00-04:00,2026-06-10 02:45:00-04:00,1629.67,1626.91,yes
KXETH15M-26JUN100230,"Target Price: $1,627.49",2026-06-10 02:15:00-04:00,2026-06-10 02:30:00-04:00,1626.91,1627.49,no
KXETH15M-26JUN100215,"Target Price: $1,626.94",2026-06-10 02:00:00-04:00,2026-06-10 02:15:00-04:00,1627.49,1626.94,yes
KXETH15M-26JUN100200,"Target Price: $1,623.78",2026-06-10 01:45:00-04:00,2026-06-10 02:00:00-04:00,1626.94,1623.78,yes
KXETH15M-26JUN100145,"Target Price: $1,624.29",2026-06-10 01:30:00-04:00,2026-06-10 01:45:00-04:00,1623.78,1624.29,no
KXETH15M-26JUN100130,"Target Price: $1,621.41",2026-06-10 01:15:00-04:00,2026-06-10 01:30:00-04:00,1624.29,1621.41,yes
KXETH15M-26JUN100115,"Target Price: $1,624.69",2026-06-10 01:00:00-04:00,2026-06-10 01:15:00-04:00,1621.41,1624.69,no
KXETH15M-26JUN100100,"Target Price: $1,623.36",2026-06-10 00:45:00-04:00,2026-06-10 01:00:00-04:00,1624.69,1623.36,yes
KXETH15M-26JUN100045,"Target Price: $1,629.59",2026-06-10 00:30:00-04:00,2026-06-10 00:45:00-04:00,1623.36,1629.59,no
KXETH15M-26JUN100030,"Target Price: $1,629.11",2026-06-10 00:15:00-04:00,2026-06-10 00:30:00-04:00,1629.59,1629.11,yes
KXETH15M-26JUN100015,"Target Price: $1,629.54",2026-06-10 00:00:00-04:00,2026-06-10 00:15:00-04:00,1629.11,1629.54,no
KXETH15M-26JUN100000,"Target Price: $1,630.19",2026-06-09 23:45:00-04:00,2026-06-10 00:00:00-04:00,1629.54,1630.19,no
KXETH15M-26JUN092345,"Target Price: $1,634.55",2026-06-09 23:30:00-04:00,2026-06-09 23:45:00-04:00,1630.19,1634.55,no
KXETH15M-26JUN092330,"Target Price: $1,627.24",2026-06-09 23:15:00-04:00,2026-06-09 23:30:00-04:00,1634.55,1627.24,yes
KXETH15M-26JUN092315,"Target Price: $1,624.23",2026-06-09 23:00:00-04:00,2026-06-09 23:15:00-04:00,1627.24,1624.23,yes
KXETH15M-26JUN092300,"Target Price: $1,623.64",2026-06-09 22:45:00-04:00,2026-06-09 23:00:00-04:00,1624.23,1623.64,yes
KXETH15M-26JUN092245,"Target Price: $1,628.89",2026-06-09 22:30:00-04:00,2026-06-09 22:45:00-04:00,1623.64,1628.89,no
KXETH15M-26JUN092230,"Target Price: $1,633.41",2026-06-09 22:15:00-04:00,2026-06-09 22:30:00-04:00,1628.89,1633.41,no
KXETH15M-26JUN092215,"Target Price: $1,637.76",2026-06-09 22:00:00-04:00,2026-06-09 22:15:00-04:00,1633.41,1637.76,no
KXETH15M-26JUN092200,"Target Price: $1,634.31",2026-06-09 21:45:00-04:00,2026-06-09 22:00:00-04:00,1637.76,1634.31,yes
KXETH15M-26JUN092145,"Target Price: $1,640.92",2026-06-09 21:30:00-04:00,2026-06-09 21:45:00-04:00,1634.31,1640.92,no
KXETH15M-26JUN092130,"Target Price: $1,641.23",2026-06-09 21:15:00-04:00,2026-06-09 21:30:00-04:00,1640.92,1641.23,no
KXETH15M-26JUN092115,"Target Price: $1,643.72",2026-06-09 21:00:00-04:00,2026-06-09 21:15:00-04:00,1641.23,1643.72,no
KXETH15M-26JUN092100,"Target Price: $1,630.30",2026-06-09 20:45:00-04:00,2026-06-09 21:00:00-04:00,1643.72,1630.3,yes
KXETH15M-26JUN092045,"Target Price: $1,642.27",2026-06-09 20:30:00-04:00,2026-06-09 20:45:00-04:00,1630.30,1642.27,no
KXETH15M-26JUN092030,"Target Price: $1,640.21",2026-06-09 20:15:00-04:00,2026-06-09 20:30:00-04:00,1642.27,1640.21,yes
KXETH15M-26JUN092015,"Target Price: $1,638.17",2026-06-09 20:00:00-04:00,2026-06-09 20:15:00-04:00,1640.21,1638.17,yes
KXETH15M-26JUN092000,"Target Price: $1,635.44",2026-06-09 19:45:00-04:00,2026-06-09 20:00:00-04:00,1638.17,1635.44,yes
KXETH15M-26JUN091945,"Target Price: $1,634.63",2026-06-09 19:30:00-04:00,2026-06-09 19:45:00-04:00,1635.44,1634.63,yes
KXETH15M-26JUN091930,"Target Price: $1,638.40",2026-06-09 19:15:00-04:00,2026-06-09 19:30:00-04:00,1634.63,1638.4,no
KXETH15M-26JUN091915,"Target Price: $1,639.06",2026-06-09 19:00:00-04:00,2026-06-09 19:15:00-04:00,1638.40,1639.06,no
KXETH15M-26JUN091900,"Target Price: $1,645.22",2026-06-09 18:45:00-04:00,2026-06-09 19:00:00-04:00,1639.06,1645.22,no
KXETH15M-26JUN091845,"Target Price: $1,647.46",2026-06-09 18:30:00-04:00,2026-06-09 18:45:00-04:00,1645.22,1647.46,no
KXETH15M-26JUN091830,"Target Price: $1,650.82",2026-06-09 18:15:00-04:00,2026-06-09 18:30:00-04:00,1647.46,1650.82,no
KXETH15M-26JUN091815,"Target Price: $1,648.38",2026-06-09 18:00:00-04:00,2026-06-09 18:15:00-04:00,1650.82,1648.38,yes
KXETH15M-26JUN091800,"Target Price: $1,650.04",2026-06-09 17:45:00-04:00,2026-06-09 18:00:00-04:00,1648.38,1650.04,no
KXETH15M-26JUN091745,"Target Price: $1,650.25",2026-06-09 17:30:00-04:00,2026-06-09 17:45:00-04:00,1650.04,1650.25,no
KXETH15M-26JUN091730,"Target Price: $1,658.20",2026-06-09 17:15:00-04:00,2026-06-09 17:30:00-04:00,1650.25,1658.2,no
KXETH15M-26JUN091715,"Target Price: $1,659.12",2026-06-09 17:00:00-04:00,2026-06-09 17:15:00-04:00,1658.20,1659.12,no
KXETH15M-26JUN091700,"Target Price: $1,659.94",2026-06-09 16:45:00-04:00,2026-06-09 17:00:00-04:00,1659.12,1659.94,no
KXETH15M-26JUN091645,"Target Price: $1,657.21",2026-06-09 16:30:00-04:00,2026-06-09 16:45:00-04:00,1659.94,1657.21,yes
KXETH15M-26JUN091630,"Target Price: $1,660.50",2026-06-09 16:15:00-04:00,2026-06-09 16:30:00-04:00,1657.21,1660.5,no
KXETH15M-26JUN091615,"Target Price: $1,656.16",2026-06-09 16:00:00-04:00,2026-06-09 16:15:00-04:00,1660.50,1656.16,yes
KXETH15M-26JUN091600,"Target Price: $1,651.33",2026-06-09 15:45:00-04:00,2026-06-09 16:00:00-04:00,1656.16,1651.33,yes
KXETH15M-26JUN091545,"Target Price: $1,650.06",2026-06-09 15:30:00-04:00,2026-06-09 15:45:00-04:00,1651.33,1650.06,yes
KXETH15M-26JUN091530,"Target Price: $1,648.72",2026-06-09 15:15:00-04:00,2026-06-09 15:30:00-04:00,1650.06,1648.72,yes
KXETH15M-26JUN091515,"Target Price: $1,651.96",2026-06-09 15:00:00-04:00,2026-06-09 15:15:00-04:00,1648.72,1651.96,no
KXETH15M-26JUN091500,"Target Price: $1,646.85",2026-06-09 14:45:00-04:00,2026-06-09 15:00:00-04:00,1651.96,1646.85,yes
KXETH15M-26JUN091445,"Target Price: $1,648.24",2026-06-09 14:30:00-04:00,2026-06-09 14:45:00-04:00,1646.85,1648.24,no
KXETH15M-26JUN091430,"Target Price: $1,644.01",2026-06-09 14:15:00-04:00,2026-06-09 14:30:00-04:00,1648.24,1644.01,yes
KXETH15M-26JUN091415,"Target Price: $1,642.52",2026-06-09 14:00:00-04:00,2026-06-09 14:15:00-04:00,1644.01,1642.52,yes
KXETH15M-26JUN091400,"Target Price: $1,644.26",2026-06-09 13:45:00-04:00,2026-06-09 14:00:00-04:00,1642.52,1644.26,no
KXETH15M-26JUN091345,"Target Price: $1,644.15",2026-06-09 13:30:00-04:00,2026-06-09 13:45:00-04:00,1644.26,1644.15,yes
KXETH15M-26JUN091330,"Target Price: $1,640.81",2026-06-09 13:15:00-04:00,2026-06-09 13:30:00-04:00,1644.15,1640.81,yes
KXETH15M-26JUN091315,"Target Price: $1,631.98",2026-06-09 13:00:00-04:00,2026-06-09 13:15:00-04:00,1640.81,1631.98,yes
KXETH15M-26JUN091300,"Target Price: $1,625.44",2026-06-09 12:45:00-04:00,2026-06-09 13:00:00-04:00,1631.98,1625.44,yes
KXETH15M-26JUN091245,"Target Price: $1,628.88",2026-06-09 12:30:00-04:00,2026-06-09 12:45:00-04:00,1625.44,1628.88,no
KXETH15M-26JUN091230,"Target Price: $1,629.60",2026-06-09 12:15:00-04:00,2026-06-09 12:30:00-04:00,1628.88,1629.6,no
KXETH15M-26JUN091215,"Target Price: $1,635.79",2026-06-09 12:00:00-04:00,2026-06-09 12:15:00-04:00,1629.60,1635.79,no
KXETH15M-26JUN091200,"Target Price: $1,641.35",2026-06-09 11:45:00-04:00,2026-06-09 12:00:00-04:00,1635.79,1641.35,no
KXETH15M-26JUN091145,"Target Price: $1,639.24",2026-06-09 11:30:00-04:00,2026-06-09 11:45:00-04:00,1641.35,1639.24,yes
KXETH15M-26JUN091130,"Target Price: $1,651.49",2026-06-09 11:15:00-04:00,2026-06-09 11:30:00-04:00,1639.24,1651.49,no
KXETH15M-26JUN091115,"Target Price: $1,643.46",2026-06-09 11:00:00-04:00,2026-06-09 11:15:00-04:00,1651.49,1643.46,yes
KXETH15M-26JUN091100,"Target Price: $1,637.23",2026-06-09 10:45:00-04:00,2026-06-09 11:00:00-04:00,1643.46,1637.23,yes
KXETH15M-26JUN091045,"Target Price: $1,639.89",2026-06-09 10:30:00-04:00,2026-06-09 10:45:00-04:00,1637.23,1639.89,no
KXETH15M-26JUN091030,"Target Price: $1,656.84",2026-06-09 10:15:00-04:00,2026-06-09 10:30:00-04:00,1639.89,1656.84,no
KXETH15M-26JUN091015,"Target Price: $1,668.79",2026-06-09 10:00:00-04:00,2026-06-09 10:15:00-04:00,1656.84,1668.79,no
KXETH15M-26JUN091000,"Target Price: $1,671.70",2026-06-09 09:45:00-04:00,2026-06-09 10:00:00-04:00,1668.79,1671.7,no
KXETH15M-26JUN090945,"Target Price: $1,669.65",2026-06-09 09:30:00-04:00,2026-06-09 09:45:00-04:00,1671.70,1669.65,yes
KXETH15M-26JUN090930,"Target Price: $1,675.28",2026-06-09 09:15:00-04:00,2026-06-09 09:30:00-04:00,1669.65,1675.28,no
KXETH15M-26JUN090915,"Target Price: $1,674.13",2026-06-09 09:00:00-04:00,2026-06-09 09:15:00-04:00,1675.28,1674.13,yes
KXETH15M-26JUN090900,"Target Price: $1,673.55",2026-06-09 08:45:00-04:00,2026-06-09 09:00:00-04:00,1674.13,1673.55,yes
KXETH15M-26JUN090845,"Target Price: $1,676.65",2026-06-09 08:30:00-04:00,2026-06-09 08:45:00-04:00,1673.55,1676.65,no
KXETH15M-26JUN090830,"Target Price: $1,678.25",2026-06-09 08:15:00-04:00,2026-06-09 08:30:00-04:00,1676.65,1678.25,no
KXETH15M-26JUN090815,"Target Price: $1,672.16",2026-06-09 08:00:00-04:00,2026-06-09 08:15:00-04:00,1678.25,1672.16,yes
KXETH15M-26JUN090800,"Target Price: $1,670.71",2026-06-09 07:45:00-04:00,2026-06-09 08:00:00-04:00,1672.16,1670.71,yes
KXETH15M-26JUN090745,"Target Price: $1,667.91",2026-06-09 07:30:00-04:00,2026-06-09 07:45:00-04:00,1670.71,1667.91,yes
KXETH15M-26JUN090730,"Target Price: $1,668.53",2026-06-09 07:15:00-04:00,2026-06-09 07:30:00-04:00,1667.91,1668.53,no
KXETH15M-26JUN090715,"Target Price: $1,673.97",2026-06-09 07:00:00-04:00,2026-06-09 07:15:00-04:00,1668.53,1673.97,no
KXETH15M-26JUN090700,"Target Price: $1,671.08",2026-06-09 06:45:00-04:00,2026-06-09 07:00:00-04:00,1673.97,1671.08,yes
KXETH15M-26JUN090645,"Target Price: $1,672.42",2026-06-09 06:30:00-04:00,2026-06-09 06:45:00-04:00,1671.08,1672.42,no
KXETH15M-26JUN090630,"Target Price: $1,670.40",2026-06-09 06:15:00-04:00,2026-06-09 06:30:00-04:00,1672.42,1670.4,yes
KXETH15M-26JUN090615,"Target Price: $1,669.80",2026-06-09 06:00:00-04:00,2026-06-09 06:15:00-04:00,1670.40,1669.8,yes
KXETH15M-26JUN090600,"Target Price: $1,668.26",2026-06-09 05:45:00-04:00,2026-06-09 06:00:00-04:00,1669.80,1668.26,yes
KXETH15M-26JUN090545,"Target Price: $1,674.90",2026-06-09 05:30:00-04:00,2026-06-09 05:45:00-04:00,1668.26,1674.9,no
KXETH15M-26JUN090530,"Target Price: $1,675.74",2026-06-09 05:15:00-04:00,2026-06-09 05:30:00-04:00,1674.90,1675.74,no
KXETH15M-26JUN090515,"Target Price: $1,674.52",2026-06-09 05:00:00-04:00,2026-06-09 05:15:00-04:00,1675.74,1674.52,yes
KXETH15M-26JUN090500,"Target Price: $1,677.59",2026-06-09 04:45:00-04:00,2026-06-09 05:00:00-04:00,1674.52,1677.59,no
KXETH15M-26JUN090445,"Target Price: $1,674.92",2026-06-09 04:30:00-04:00,2026-06-09 04:45:00-04:00,1677.59,1674.92,yes
KXETH15M-26JUN090430,"Target Price: $1,674.58",2026-06-09 04:15:00-04:00,2026-06-09 04:30:00-04:00,1674.92,1674.58,yes
KXETH15M-26JUN090415,"Target Price: $1,679.26",2026-06-09 04:00:00-04:00,2026-06-09 04:15:00-04:00,1674.58,1679.26,no
KXETH15M-26JUN090400,"Target Price: $1,680.07",2026-06-09 03:45:00-04:00,2026-06-09 04:00:00-04:00,1679.26,1680.07,no
KXETH15M-26JUN090345,"Target Price: $1,675.47",2026-06-09 03:30:00-04:00,2026-06-09 03:45:00-04:00,1680.07,1675.47,yes
KXETH15M-26JUN090330,"Target Price: $1,686.53",2026-06-09 03:15:00-04:00,2026-06-09 03:30:00-04:00,1675.47,1686.53,no
KXETH15M-26JUN090315,"Target Price: $1,685.18",2026-06-09 03:00:00-04:00,2026-06-09 03:15:00-04:00,1686.53,1685.18,yes
KXETH15M-26JUN090300,"Target Price: $1,687.73",2026-06-09 02:45:00-04:00,2026-06-09 03:00:00-04:00,1685.18,1687.73,no
KXETH15M-26JUN090245,"Target Price: $1,691.58",2026-06-09 02:30:00-04:00,2026-06-09 02:45:00-04:00,1687.73,1691.58,no
KXETH15M-26JUN090230,"Target Price: $1,688.33",2026-06-09 02:15:00-04:00,2026-06-09 02:30:00-04:00,1691.58,1688.33,yes
KXETH15M-26JUN090215,"Target Price: $1,687.74",2026-06-09 02:00:00-04:00,2026-06-09 02:15:00-04:00,1688.33,1687.74,yes
KXETH15M-26JUN090200,"Target Price: $1,690.61",2026-06-09 01:45:00-04:00,2026-06-09 02:00:00-04:00,1687.74,1690.61,no
KXETH15M-26JUN090145,"Target Price: $1,687.52",2026-06-09 01:30:00-04:00,2026-06-09 01:45:00-04:00,1690.61,1687.52,yes
KXETH15M-26JUN090130,"Target Price: $1,686.77",2026-06-09 01:15:00-04:00,2026-06-09 01:30:00-04:00,1687.52,1686.77,yes
KXETH15M-26JUN090115,"Target Price: $1,686.48",2026-06-09 01:00:00-04:00,2026-06-09 01:15:00-04:00,1686.77,1686.48,yes
KXETH15M-26JUN090100,"Target Price: $1,684.73",2026-06-09 00:45:00-04:00,2026-06-09 01:00:00-04:00,1686.48,1684.73,yes
KXETH15M-26JUN090045,"Target Price: $1,665.63",2026-06-09 00:30:00-04:00,2026-06-09 00:45:00-04:00,1684.73,1665.63,yes
KXETH15M-26JUN090030,"Target Price: $1,669.75",2026-06-09 00:15:00-04:00,2026-06-09 00:30:00-04:00,1665.63,1669.75,no
KXETH15M-26JUN090015,"Target Price: $1,668.94",2026-06-09 00:00:00-04:00,2026-06-09 00:15:00-04:00,1669.75,1668.94,yes
KXETH15M-26JUN090000,"Target Price: $1,667.44",2026-06-08 23:45:00-04:00,2026-06-09 00:00:00-04:00,1668.94,1667.44,yes
KXETH15M-26JUN082345,"Target Price: $1,668.41",2026-06-08 23:30:00-04:00,2026-06-08 23:45:00-04:00,1667.44,1668.41,no
KXETH15M-26JUN082330,"Target Price: $1,668.36",2026-06-08 23:15:00-04:00,2026-06-08 23:30:00-04:00,1668.41,1668.36,yes
KXETH15M-26JUN082315,"Target Price: $1,667.27",2026-06-08 23:00:00-04:00,2026-06-08 23:15:00-04:00,1668.36,1667.27,yes
KXETH15M-26JUN082300,"Target Price: $1,660.15",2026-06-08 22:45:00-04:00,2026-06-08 23:00:00-04:00,1667.27,1660.15,yes
KXETH15M-26JUN082245,"Target Price: $1,664.19",2026-06-08 22:30:00-04:00,2026-06-08 22:45:00-04:00,1660.15,1664.19,no
KXETH15M-26JUN082230,"Target Price: $1,667.56",2026-06-08 22:15:00-04:00,2026-06-08 22:30:00-04:00,1664.19,1667.56,no
KXETH15M-26JUN082215,"Target Price: $1,668.89",2026-06-08 22:00:00-04:00,2026-06-08 22:15:00-04:00,1667.56,1668.89,no
KXETH15M-26JUN082200,"Target Price: $1,668.96",2026-06-08 21:45:00-04:00,2026-06-08 22:00:00-04:00,1668.89,1668.96,no
KXETH15M-26JUN082145,"Target Price: $1,671.26",2026-06-08 21:30:00-04:00,2026-06-08 21:45:00-04:00,1668.96,1671.26,no
KXETH15M-26JUN082130,"Target Price: $1,665.79",2026-06-08 21:15:00-04:00,2026-06-08 21:30:00-04:00,1671.26,1665.79,yes
KXETH15M-26JUN082115,"Target Price: $1,662.70",2026-06-08 21:00:00-04:00,2026-06-08 21:15:00-04:00,1665.79,1662.7,yes
KXETH15M-26JUN082100,"Target Price: $1,670.97",2026-06-08 20:45:00-04:00,2026-06-08 21:00:00-04:00,1662.70,1670.97,no
KXETH15M-26JUN082045,"Target Price: $1,674.48",2026-06-08 20:30:00-04:00,2026-06-08 20:45:00-04:00,1670.97,1674.48,no
KXETH15M-26JUN082030,"Target Price: $1,685.83",2026-06-08 20:15:00-04:00,2026-06-08 20:30:00-04:00,1674.48,1685.83,no
KXETH15M-26JUN082015,"Target Price: $1,690.31",2026-06-08 20:00:00-04:00,2026-06-08 20:15:00-04:00,1685.83,1690.31,no
KXETH15M-26JUN082000,"Target Price: $1,696.66",2026-06-08 19:45:00-04:00,2026-06-08 20:00:00-04:00,1690.31,1696.66,no
KXETH15M-26JUN081945,"Target Price: $1,697.48",2026-06-08 19:30:00-04:00,2026-06-08 19:45:00-04:00,1696.66,1697.48,no
KXETH15M-26JUN081930,"Target Price: $1,711.51",2026-06-08 19:15:00-04:00,2026-06-08 19:30:00-04:00,1697.48,1711.51,no
KXETH15M-26JUN081915,"Target Price: $1,703.16",2026-06-08 19:00:00-04:00,2026-06-08 19:15:00-04:00,1711.51,1703.16,yes
KXETH15M-26JUN081900,"Target Price: $1,696.31",2026-06-08 18:45:00-04:00,2026-06-08 19:00:00-04:00,1703.16,1696.31,yes
KXETH15M-26JUN081845,"Target Price: $1,695.10",2026-06-08 18:30:00-04:00,2026-06-08 18:45:00-04:00,1696.31,1695.1,yes
KXETH15M-26JUN081830,"Target Price: $1,691.98",2026-06-08 18:15:00-04:00,2026-06-08 18:30:00-04:00,1695.10,1691.98,yes
KXETH15M-26JUN081815,"Target Price: $1,705.61",2026-06-08 18:00:00-04:00,2026-06-08 18:15:00-04:00,1691.98,1705.61,no
KXETH15M-26JUN081800,"Target Price: $1,713.27",2026-06-08 17:45:00-04:00,2026-06-08 18:00:00-04:00,1705.61,1713.27,no
KXETH15M-26JUN081745,"Target Price: $1,708.89",2026-06-08 17:30:00-04:00,2026-06-08 17:45:00-04:00,1713.27,1708.89,yes
KXETH15M-26JUN081730,"Target Price: $1,709.32",2026-06-08 17:15:00-04:00,2026-06-08 17:30:00-04:00,1708.89,1709.32,no
KXETH15M-26JUN081715,"Target Price: $1,688.38",2026-06-08 17:00:00-04:00,2026-06-08 17:15:00-04:00,1709.32,1688.38,yes
KXETH15M-26JUN081700,"Target Price: $1,686.45",2026-06-08 16:45:00-04:00,2026-06-08 17:00:00-04:00,1688.38,1686.45,yes
KXETH15M-26JUN081645,"Target Price: $1,680.16",2026-06-08 16:30:00-04:00,2026-06-08 16:45:00-04:00,1686.45,1680.16,yes
KXETH15M-26JUN081630,"Target Price: $1,682.50",2026-06-08 16:15:00-04:00,2026-06-08 16:30:00-04:00,1680.16,1682.5,no
KXETH15M-26JUN081615,"Target Price: $1,684.61",2026-06-08 16:00:00-04:00,2026-06-08 16:15:00-04:00,1682.50,1684.61,no
KXETH15M-26JUN081600,"Target Price: $1,689.36",2026-06-08 15:45:00-04:00,2026-06-08 16:00:00-04:00,1684.61,1689.36,no
KXETH15M-26JUN081545,"Target Price: $1,686.78",2026-06-08 15:30:00-04:00,2026-06-08 15:45:00-04:00,1689.36,1686.78,yes
KXETH15M-26JUN081530,"Target Price: $1,684.64",2026-06-08 15:15:00-04:00,2026-06-08 15:30:00-04:00,1686.78,1684.64,yes
KXETH15M-26JUN081515,"Target Price: $1,683.75",2026-06-08 15:00:00-04:00,2026-06-08 15:15:00-04:00,1684.64,1683.75,yes
KXETH15M-26JUN081500,"Target Price: $1,683.04",2026-06-08 14:45:00-04:00,2026-06-08 15:00:00-04:00,1683.75,1683.04,yes
KXETH15M-26JUN081445,"Target Price: $1,687.34",2026-06-08 14:30:00-04:00,2026-06-08 14:45:00-04:00,1683.04,1687.34,no
KXETH15M-26JUN081430,"Target Price: $1,687.73",2026-06-08 14:15:00-04:00,2026-06-08 14:30:00-04:00,1687.34,1687.73,no
KXETH15M-26JUN081415,"Target Price: $1,685.55",2026-06-08 14:00:00-04:00,2026-06-08 14:15:00-04:00,1687.73,1685.55,yes
KXETH15M-26JUN081400,"Target Price: $1,680.46",2026-06-08 13:45:00-04:00,2026-06-08 14:00:00-04:00,1685.55,1680.46,yes
KXETH15M-26JUN081345,"Target Price: $1,686.47",2026-06-08 13:30:00-04:00,2026-06-08 13:45:00-04:00,1680.46,1686.47,no
KXETH15M-26JUN081330,"Target Price: $1,678.01",2026-06-08 13:15:00-04:00,2026-06-08 13:30:00-04:00,1686.47,1678.01,yes
KXETH15M-26JUN081315,"Target Price: $1,682.99",2026-06-08 13:00:00-04:00,2026-06-08 13:15:00-04:00,1678.01,1682.99,no
KXETH15M-26JUN081300,"Target Price: $1,691.33",2026-06-08 12:45:00-04:00,2026-06-08 13:00:00-04:00,1682.99,1691.33,no
KXETH15M-26JUN081245,"Target Price: $1,698.06",2026-06-08 12:30:00-04:00,2026-06-08 12:45:00-04:00,1691.33,1698.06,no
KXETH15M-26JUN081230,"Target Price: $1,695.28",2026-06-08 12:15:00-04:00,2026-06-08 12:30:00-04:00,1698.06,1695.28,yes
KXETH15M-26JUN081215,"Target Price: $1,690.26",2026-06-08 12:00:00-04:00,2026-06-08 12:15:00-04:00,1695.28,1690.26,yes
KXETH15M-26JUN081200,"Target Price: $1,692.94",2026-06-08 11:45:00-04:00,2026-06-08 12:00:00-04:00,1690.26,1692.94,no
KXETH15M-26JUN081145,"Target Price: $1,696.77",2026-06-08 11:30:00-04:00,2026-06-08 11:45:00-04:00,1692.94,1696.77,no
KXETH15M-26JUN081130,"Target Price: $1,703.28",2026-06-08 11:15:00-04:00,2026-06-08 11:30:00-04:00,1696.77,1703.28,no
KXETH15M-26JUN081115,"Target Price: $1,690.72",2026-06-08 11:00:00-04:00,2026-06-08 11:15:00-04:00,1703.28,1690.72,yes
KXETH15M-26JUN081100,"Target Price: $1,685.74",2026-06-08 10:45:00-04:00,2026-06-08 11:00:00-04:00,1690.72,1685.74,yes
KXETH15M-26JUN081045,"Target Price: $1,685.14",2026-06-08 10:30:00-04:00,2026-06-08 10:45:00-04:00,1685.74,1685.14,yes
KXETH15M-26JUN081030,"Target Price: $1,686.83",2026-06-08 10:15:00-04:00,2026-06-08 10:30:00-04:00,1685.14,1686.83,no
KXETH15M-26JUN081015,"Target Price: $1,682.34",2026-06-08 10:00:00-04:00,2026-06-08 10:15:00-04:00,1686.83,1682.34,yes
KXETH15M-26JUN081000,"Target Price: $1,682.08",2026-06-08 09:45:00-04:00,2026-06-08 10:00:00-04:00,1682.34,1682.08,yes
KXETH15M-26JUN080945,"Target Price: $1,687.81",2026-06-08 09:30:00-04:00,2026-06-08 09:45:00-04:00,1682.08,1687.81,no
KXETH15M-26JUN080930,"Target Price: $1,692.21",2026-06-08 09:15:00-04:00,2026-06-08 09:30:00-04:00,1687.81,1692.21,no
KXETH15M-26JUN080915,"Target Price: $1,694.13",2026-06-08 09:00:00-04:00,2026-06-08 09:15:00-04:00,1692.21,1694.13,no
KXETH15M-26JUN080900,"Target Price: $1,691.40",2026-06-08 08:45:00-04:00,2026-06-08 09:00:00-04:00,1694.13,1691.4,yes
KXETH15M-26JUN080845,"Target Price: $1,677.47",2026-06-08 08:30:00-04:00,2026-06-08 08:45:00-04:00,1691.40,1677.47,yes
KXETH15M-26JUN080830,"Target Price: $1,672.45",2026-06-08 08:15:00-04:00,2026-06-08 08:30:00-04:00,1677.47,1672.45,yes
KXETH15M-26JUN080815,"Target Price: $1,682.77",2026-06-08 08:00:00-04:00,2026-06-08 08:15:00-04:00,1672.45,1682.77,no
KXETH15M-26JUN080800,"Target Price: $1,688.02",2026-06-08 07:45:00-04:00,2026-06-08 08:00:00-04:00,1682.77,1688.02,no
KXETH15M-26JUN080745,"Target Price: $1,687.31",2026-06-08 07:30:00-04:00,2026-06-08 07:45:00-04:00,1688.02,1687.31,yes
KXETH15M-26JUN080730,"Target Price: $1,678.15",2026-06-08 07:15:00-04:00,2026-06-08 07:30:00-04:00,1687.31,1678.15,yes
KXETH15M-26JUN080715,"Target Price: $1,670.99",2026-06-08 07:00:00-04:00,2026-06-08 07:15:00-04:00,1678.15,1670.99,yes
KXETH15M-26JUN080700,"Target Price: $1,670.98",2026-06-08 06:45:00-04:00,2026-06-08 07:00:00-04:00,1670.99,1670.98,yes
KXETH15M-26JUN080645,"Target Price: $1,663.69",2026-06-08 06:30:00-04:00,2026-06-08 06:45:00-04:00,1670.98,1663.69,yes
KXETH15M-26JUN080630,"Target Price: $1,668.34",2026-06-08 06:15:00-04:00,2026-06-08 06:30:00-04:00,1663.69,1668.34,no
KXETH15M-26JUN080615,"Target Price: $1,669.72",2026-06-08 06:00:00-04:00,2026-06-08 06:15:00-04:00,1668.34,1669.72,no
KXETH15M-26JUN080600,"Target Price: $1,661.46",2026-06-08 05:45:00-04:00,2026-06-08 06:00:00-04:00,1669.72,1661.46,yes
KXETH15M-26JUN080545,"Target Price: $1,662.68",2026-06-08 05:30:00-04:00,2026-06-08 05:45:00-04:00,1661.46,1662.68,no
KXETH15M-26JUN080530,"Target Price: $1,661.79",2026-06-08 05:15:00-04:00,2026-06-08 05:30:00-04:00,1662.68,1661.79,yes
KXETH15M-26JUN080515,"Target Price: $1,662.04",2026-06-08 05:00:00-04:00,2026-06-08 05:15:00-04:00,1661.79,1662.04,no
KXETH15M-26JUN080500,"Target Price: $1,664.27",2026-06-08 04:45:00-04:00,2026-06-08 05:00:00-04:00,1662.04,1664.27,no
KXETH15M-26JUN080445,"Target Price: $1,665.79",2026-06-08 04:30:00-04:00,2026-06-08 04:45:00-04:00,1664.27,1665.79,no
KXETH15M-26JUN080430,"Target Price: $1,667.61",2026-06-08 04:15:00-04:00,2026-06-08 04:30:00-04:00,1665.79,1667.61,no
KXETH15M-26JUN080415,"Target Price: $1,671.36",2026-06-08 04:00:00-04:00,2026-06-08 04:15:00-04:00,1667.61,1671.36,no
KXETH15M-26JUN080400,"Target Price: $1,671.70",2026-06-08 03:45:00-04:00,2026-06-08 04:00:00-04:00,1671.36,1671.7,no
KXETH15M-26JUN080345,"Target Price: $1,672.57",2026-06-08 03:30:00-04:00,2026-06-08 03:45:00-04:00,1671.70,1672.57,no
KXETH15M-26JUN080330,"Target Price: $1,668.48",2026-06-08 03:15:00-04:00,2026-06-08 03:30:00-04:00,1672.57,1668.48,yes
KXETH15M-26JUN080315,"Target Price: $1,665.81",2026-06-08 03:00:00-04:00,2026-06-08 03:15:00-04:00,1668.48,1665.81,yes
KXETH15M-26JUN080300,"Target Price: $1,666.02",2026-06-08 02:45:00-04:00,2026-06-08 03:00:00-04:00,1665.81,1666.02,no
KXETH15M-26JUN080245,"Target Price: $1,667.44",2026-06-08 02:30:00-04:00,2026-06-08 02:45:00-04:00,1666.02,1667.44,no
KXETH15M-26JUN080230,"Target Price: $1,662.73",2026-06-08 02:15:00-04:00,2026-06-08 02:30:00-04:00,1667.44,1662.73,yes
KXETH15M-26JUN080215,"Target Price: $1,652.02",2026-06-08 02:00:00-04:00,2026-06-08 02:15:00-04:00,1662.73,1652.02,yes
KXETH15M-26JUN080200,"Target Price: $1,646.99",2026-06-08 01:45:00-04:00,2026-06-08 02:00:00-04:00,1652.02,1646.99,yes
KXETH15M-26JUN080145,"Target Price: $1,655.40",2026-06-08 01:30:00-04:00,2026-06-08 01:45:00-04:00,1646.99,1655.4,no
KXETH15M-26JUN080130,"Target Price: $1,649.18",2026-06-08 01:15:00-04:00,2026-06-08 01:30:00-04:00,1655.40,1649.18,yes
KXETH15M-26JUN080115,"Target Price: $1,659.46",2026-06-08 01:00:00-04:00,2026-06-08 01:15:00-04:00,1649.18,1659.46,no
KXETH15M-26JUN080100,"Target Price: $1,656.89",2026-06-08 00:45:00-04:00,2026-06-08 01:00:00-04:00,1659.46,1656.89,yes
KXETH15M-26JUN080045,"Target Price: $1,666.05",2026-06-08 00:30:00-04:00,2026-06-08 00:45:00-04:00,1656.89,1666.05,no
KXETH15M-26JUN080030,"Target Price: $1,668.06",2026-06-08 00:15:00-04:00,2026-06-08 00:30:00-04:00,1666.05,1668.06,no
KXETH15M-26JUN080015,"Target Price: $1,677.73",2026-06-08 00:00:00-04:00,2026-06-08 00:15:00-04:00,1668.06,1677.73,no
KXETH15M-26JUN080000,"Target Price: $1,677.47",2026-06-07 23:45:00-04:00,2026-06-08 00:00:00-04:00,1677.73,1677.47,yes
KXETH15M-26JUN072345,"Target Price: $1,680.73",2026-06-07 23:30:00-04:00,2026-06-07 23:45:00-04:00,1677.47,1680.73,no
KXETH15M-26JUN072330,"Target Price: $1,687.32",2026-06-07 23:15:00-04:00,2026-06-07 23:30:00-04:00,1680.73,1687.32,no
KXETH15M-26JUN072315,"Target Price: $1,683.26",2026-06-07 23:00:00-04:00,2026-06-07 23:15:00-04:00,1687.32,1683.26,yes
KXETH15M-26JUN072300,"Target Price: $1,683.15",2026-06-07 22:45:00-04:00,2026-06-07 23:00:00-04:00,1683.26,1683.15,yes
KXETH15M-26JUN072245,"Target Price: $1,684.44",2026-06-07 22:30:00-04:00,2026-06-07 22:45:00-04:00,1683.15,1684.44,no
KXETH15M-26JUN072230,"Target Price: $1,685.60",2026-06-07 22:15:00-04:00,2026-06-07 22:30:00-04:00,1684.44,1685.6,no
KXETH15M-26JUN072215,"Target Price: $1,684.78",2026-06-07 22:00:00-04:00,2026-06-07 22:15:00-04:00,1685.60,1684.78,yes
KXETH15M-26JUN072200,"Target Price: $1,682.16",2026-06-07 21:45:00-04:00,2026-06-07 22:00:00-04:00,1684.78,1682.16,yes
KXETH15M-26JUN072145,"Target Price: $1,674.08",2026-06-07 21:30:00-04:00,2026-06-07 21:45:00-04:00,1682.16,1674.08,yes
KXETH15M-26JUN072130,"Target Price: $1,685.73",2026-06-07 21:15:00-04:00,2026-06-07 21:30:00-04:00,1674.08,1685.73,no
KXETH15M-26JUN072115,"Target Price: $1,696.89",2026-06-07 21:00:00-04:00,2026-06-07 21:15:00-04:00,1685.73,1696.89,no
KXETH15M-26JUN072100,"Target Price: $1,703.24",2026-06-07 20:45:00-04:00,2026-06-07 21:00:00-04:00,1696.89,1703.24,no
KXETH15M-26JUN072045,"Target Price: $1,696.20",2026-06-07 20:30:00-04:00,2026-06-07 20:45:00-04:00,1703.24,1696.2,yes
KXETH15M-26JUN072030,"Target Price: $1,685.41",2026-06-07 20:15:00-04:00,2026-06-07 20:30:00-04:00,1696.20,1685.41,yes
KXETH15M-26JUN072015,"Target Price: $1,688.43",2026-06-07 20:00:00-04:00,2026-06-07 20:15:00-04:00,1685.41,1688.43,no
KXETH15M-26JUN072000,"Target Price: $1,683.64",2026-06-07 19:45:00-04:00,2026-06-07 20:00:00-04:00,1688.43,1683.64,yes
KXETH15M-26JUN071945,"Target Price: $1,683.70",2026-06-07 19:30:00-04:00,2026-06-07 19:45:00-04:00,1683.64,1683.7,no
KXETH15M-26JUN071930,"Target Price: $1,679.32",2026-06-07 19:15:00-04:00,2026-06-07 19:30:00-04:00,1683.70,1679.32,yes
KXETH15M-26JUN071915,"Target Price: $1,673.17",2026-06-07 19:00:00-04:00,2026-06-07 19:15:00-04:00,1679.32,1673.17,yes
KXETH15M-26JUN071900,"Target Price: $1,680.43",2026-06-07 18:45:00-04:00,2026-06-07 19:00:00-04:00,1673.17,1680.43,no
KXETH15M-26JUN071845,"Target Price: $1,674.34",2026-06-07 18:30:00-04:00,2026-06-07 18:45:00-04:00,1680.43,1674.34,yes
KXETH15M-26JUN071830,"Target Price: $1,674.93",2026-06-07 18:15:00-04:00,2026-06-07 18:30:00-04:00,1674.34,1674.93,no
KXETH15M-26JUN071815,"Target Price: $1,633.24",2026-06-07 18:00:00-04:00,2026-06-07 18:15:00-04:00,1674.93,1633.24,yes
KXETH15M-26JUN071800,"Target Price: $1,625.30",2026-06-07 17:45:00-04:00,2026-06-07 18:00:00-04:00,1633.24,1625.3,yes
KXETH15M-26JUN071745,"Target Price: $1,627.94",2026-06-07 17:30:00-04:00,2026-06-07 17:45:00-04:00,1625.30,1627.94,no
KXETH15M-26JUN071730,"Target Price: $1,629.88",2026-06-07 17:15:00-04:00,2026-06-07 17:30:00-04:00,1627.94,1629.88,no
KXETH15M-26JUN071715,"Target Price: $1,628.30",2026-06-07 17:00:00-04:00,2026-06-07 17:15:00-04:00,1629.88,1628.3,yes
KXETH15M-26JUN071700,"Target Price: $1,624.01",2026-06-07 16:45:00-04:00,2026-06-07 17:00:00-04:00,1628.30,1624.01,yes
KXETH15M-26JUN071645,"Target Price: $1,624.68",2026-06-07 16:30:00-04:00,2026-06-07 16:45:00-04:00,1624.01,1624.68,no
KXETH15M-26JUN071630,"Target Price: $1,620.41",2026-06-07 16:15:00-04:00,2026-06-07 16:30:00-04:00,1624.68,1620.41,yes
KXETH15M-26JUN071615,"Target Price: $1,612.46",2026-06-07 16:00:00-04:00,2026-06-07 16:15:00-04:00,1620.41,1612.46,yes
KXETH15M-26JUN071600,"Target Price: $1,607.43",2026-06-07 15:45:00-04:00,2026-06-07 16:00:00-04:00,1612.46,1607.43,yes
KXETH15M-26JUN071545,"Target Price: $1,609.62",2026-06-07 15:30:00-04:00,2026-06-07 15:45:00-04:00,1607.43,1609.62,no
KXETH15M-26JUN071530,"Target Price: $1,617.65",2026-06-07 15:15:00-04:00,2026-06-07 15:30:00-04:00,1609.62,1617.65,no
KXETH15M-26JUN071515,"Target Price: $1,630.10",2026-06-07 15:00:00-04:00,2026-06-07 15:15:00-04:00,1617.65,1630.1,no
KXETH15M-26JUN071500,"Target Price: $1,634.06",2026-06-07 14:45:00-04:00,2026-06-07 15:00:00-04:00,1630.10,1634.06,no
KXETH15M-26JUN071445,"Target Price: $1,632.69",2026-06-07 14:30:00-04:00,2026-06-07 14:45:00-04:00,1634.06,1632.69,yes
KXETH15M-26JUN071430,"Target Price: $1,634.46",2026-06-07 14:15:00-04:00,2026-06-07 14:30:00-04:00,1632.69,1634.46,no
KXETH15M-26JUN071415,"Target Price: $1,631.26",2026-06-07 14:00:00-04:00,2026-06-07 14:15:00-04:00,1634.46,1631.26,yes
KXETH15M-26JUN071400,"Target Price: $1,633.51",2026-06-07 13:45:00-04:00,2026-06-07 14:00:00-04:00,1631.26,1633.51,no
KXETH15M-26JUN071345,"Target Price: $1,635.05",2026-06-07 13:30:00-04:00,2026-06-07 13:45:00-04:00,1633.51,1635.05,no
KXETH15M-26JUN071330,"Target Price: $1,634.91",2026-06-07 13:15:00-04:00,2026-06-07 13:30:00-04:00,1635.05,1634.91,yes
KXETH15M-26JUN071315,"Target Price: $1,627.74",2026-06-07 13:00:00-04:00,2026-06-07 13:15:00-04:00,1634.91,1627.74,yes
KXETH15M-26JUN071300,"Target Price: $1,629.54",2026-06-07 12:45:00-04:00,2026-06-07 13:00:00-04:00,1627.74,1629.54,no
KXETH15M-26JUN071245,"Target Price: $1,628.17",2026-06-07 12:30:00-04:00,2026-06-07 12:45:00-04:00,1629.54,1628.17,yes
KXETH15M-26JUN071230,"Target Price: $1,629.31",2026-06-07 12:15:00-04:00,2026-06-07 12:30:00-04:00,1628.17,1629.31,no
KXETH15M-26JUN071215,"Target Price: $1,629.36",2026-06-07 12:00:00-04:00,2026-06-07 12:15:00-04:00,1629.31,1629.36,no
KXETH15M-26JUN071200,"Target Price: $1,632.88",2026-06-07 11:45:00-04:00,2026-06-07 12:00:00-04:00,1629.36,1632.88,no
KXETH15M-26JUN071145,"Target Price: $1,631.62",2026-06-07 11:30:00-04:00,2026-06-07 11:45:00-04:00,1632.88,1631.62,yes
KXETH15M-26JUN071130,"Target Price: $1,625.55",2026-06-07 11:15:00-04:00,2026-06-07 11:30:00-04:00,1631.62,1625.55,yes
KXETH15M-26JUN071115,"Target Price: $1,627.50",2026-06-07 11:00:00-04:00,2026-06-07 11:15:00-04:00,1625.55,1627.5,no
KXETH15M-26JUN071100,"Target Price: $1,626.04",2026-06-07 10:45:00-04:00,2026-06-07 11:00:00-04:00,1627.50,1626.04,yes
KXETH15M-26JUN071045,"Target Price: $1,628.79",2026-06-07 10:30:00-04:00,2026-06-07 10:45:00-04:00,1626.04,1628.79,no
KXETH15M-26JUN071030,"Target Price: $1,618.77",2026-06-07 10:15:00-04:00,2026-06-07 10:30:00-04:00,1628.79,1618.77,yes
KXETH15M-26JUN071015,"Target Price: $1,617.80",2026-06-07 10:00:00-04:00,2026-06-07 10:15:00-04:00,1618.77,1617.8,yes
KXETH15M-26JUN071000,"Target Price: $1,617.40",2026-06-07 09:45:00-04:00,2026-06-07 10:00:00-04:00,1617.80,1617.4,yes
KXETH15M-26JUN070945,"Target Price: $1,620.63",2026-06-07 09:30:00-04:00,2026-06-07 09:45:00-04:00,1617.40,1620.63,no
KXETH15M-26JUN070930,"Target Price: $1,618.11",2026-06-07 09:15:00-04:00,2026-06-07 09:30:00-04:00,1620.63,1618.11,yes
KXETH15M-26JUN070915,"Target Price: $1,619.18",2026-06-07 09:00:00-04:00,2026-06-07 09:15:00-04:00,1618.11,1619.18,no
KXETH15M-26JUN070900,"Target Price: $1,615.06",2026-06-07 08:45:00-04:00,2026-06-07 09:00:00-04:00,1619.18,1615.06,yes
KXETH15M-26JUN070845,"Target Price: $1,610.88",2026-06-07 08:30:00-04:00,2026-06-07 08:45:00-04:00,1615.06,1610.88,yes
KXETH15M-26JUN070830,"Target Price: $1,611.56",2026-06-07 08:15:00-04:00,2026-06-07 08:30:00-04:00,1610.88,1611.56,no
KXETH15M-26JUN070815,"Target Price: $1,629.83",2026-06-07 08:00:00-04:00,2026-06-07 08:15:00-04:00,1611.56,1629.83,no
KXETH15M-26JUN070800,"Target Price: $1,631.60",2026-06-07 07:45:00-04:00,2026-06-07 08:00:00-04:00,1629.83,1631.6,no
KXETH15M-26JUN070745,"Target Price: $1,628.62",2026-06-07 07:30:00-04:00,2026-06-07 07:45:00-04:00,1631.60,1628.62,yes
KXETH15M-26JUN070730,"Target Price: $1,626.45",2026-06-07 07:15:00-04:00,2026-06-07 07:30:00-04:00,1628.62,1626.45,yes
KXETH15M-26JUN070715,"Target Price: $1,625.22",2026-06-07 07:00:00-04:00,2026-06-07 07:15:00-04:00,1626.45,1625.22,yes
KXETH15M-26JUN070700,"Target Price: $1,629.22",2026-06-07 06:45:00-04:00,2026-06-07 07:00:00-04:00,1625.22,1629.22,no
KXETH15M-26JUN070645,"Target Price: $1,633.19",2026-06-07 06:30:00-04:00,2026-06-07 06:45:00-04:00,1629.22,1633.19,no
KXETH15M-26JUN070630,"Target Price: $1,628.98",2026-06-07 06:15:00-04:00,2026-06-07 06:30:00-04:00,1633.19,1628.98,yes
KXETH15M-26JUN070615,"Target Price: $1,632.60",2026-06-07 06:00:00-04:00,2026-06-07 06:15:00-04:00,1628.98,1632.6,no
KXETH15M-26JUN070600,"Target Price: $1,634.65",2026-06-07 05:45:00-04:00,2026-06-07 06:00:00-04:00,1632.60,1634.65,no
KXETH15M-26JUN070545,"Target Price: $1,640.63",2026-06-07 05:30:00-04:00,2026-06-07 05:45:00-04:00,1634.65,1640.63,no
KXETH15M-26JUN070530,"Target Price: $1,641.51",2026-06-07 05:15:00-04:00,2026-06-07 05:30:00-04:00,1640.63,1641.51,no
KXETH15M-26JUN070515,"Target Price: $1,640.01",2026-06-07 05:00:00-04:00,2026-06-07 05:15:00-04:00,1641.51,1640.01,yes
KXETH15M-26JUN070500,"Target Price: $1,621.10",2026-06-07 04:45:00-04:00,2026-06-07 05:00:00-04:00,1640.01,1621.1,yes
KXETH15M-26JUN070445,"Target Price: $1,617.93",2026-06-07 04:30:00-04:00,2026-06-07 04:45:00-04:00,1621.10,1617.93,yes
KXETH15M-26JUN070430,"Target Price: $1,612.36",2026-06-07 04:15:00-04:00,2026-06-07 04:30:00-04:00,1617.93,1612.36,yes
KXETH15M-26JUN070415,"Target Price: $1,615.06",2026-06-07 04:00:00-04:00,2026-06-07 04:15:00-04:00,1612.36,1615.06,no
KXETH15M-26JUN070400,"Target Price: $1,611.40",2026-06-07 03:45:00-04:00,2026-06-07 04:00:00-04:00,1615.06,1611.4,yes
KXETH15M-26JUN070345,"Target Price: $1,612.58",2026-06-07 03:30:00-04:00,2026-06-07 03:45:00-04:00,1611.40,1612.58,no
KXETH15M-26JUN070330,"Target Price: $1,610.69",2026-06-07 03:15:00-04:00,2026-06-07 03:30:00-04:00,1612.58,1610.69,yes
KXETH15M-26JUN070315,"Target Price: $1,613.93",2026-06-07 03:00:00-04:00,2026-06-07 03:15:00-04:00,1610.69,1613.93,no
KXETH15M-26JUN070300,"Target Price: $1,614.40",2026-06-07 02:45:00-04:00,2026-06-07 03:00:00-04:00,1613.93,1614.4,no
KXETH15M-26JUN070245,"Target Price: $1,619.04",2026-06-07 02:30:00-04:00,2026-06-07 02:45:00-04:00,1614.40,1619.04,no
KXETH15M-26JUN070230,"Target Price: $1,600.24",2026-06-07 02:15:00-04:00,2026-06-07 02:30:00-04:00,1619.04,1600.24,yes
KXETH15M-26JUN070215,"Target Price: $1,603.55",2026-06-07 02:00:00-04:00,2026-06-07 02:15:00-04:00,1600.24,1603.55,no
KXETH15M-26JUN070200,"Target Price: $1,605.94",2026-06-07 01:45:00-04:00,2026-06-07 02:00:00-04:00,1603.55,1605.94,no
KXETH15M-26JUN070145,"Target Price: $1,602.81",2026-06-07 01:30:00-04:00,2026-06-07 01:45:00-04:00,1605.94,1602.81,yes
KXETH15M-26JUN070130,"Target Price: $1,600.79",2026-06-07 01:15:00-04:00,2026-06-07 01:30:00-04:00,1602.81,1600.79,yes
KXETH15M-26JUN070115,"Target Price: $1,596.93",2026-06-07 01:00:00-04:00,2026-06-07 01:15:00-04:00,1600.79,1596.93,yes
KXETH15M-26JUN070100,"Target Price: $1,595.41",2026-06-07 00:45:00-04:00,2026-06-07 01:00:00-04:00,1596.93,1595.41,yes
KXETH15M-26JUN070045,"Target Price: $1,586.26",2026-06-07 00:30:00-04:00,2026-06-07 00:45:00-04:00,1595.41,1586.26,yes
KXETH15M-26JUN070030,"Target Price: $1,588.36",2026-06-07 00:15:00-04:00,2026-06-07 00:30:00-04:00,1586.26,1588.36,no
KXETH15M-26JUN070015,"Target Price: $1,594.36",2026-06-07 00:00:00-04:00,2026-06-07 00:15:00-04:00,1588.36,1594.36,no
KXETH15M-26JUN070000,"Target Price: $1,593.78",2026-06-06 23:45:00-04:00,2026-06-07 00:00:00-04:00,1594.36,1593.78,yes
KXETH15M-26JUN062345,"Target Price: $1,594.85",2026-06-06 23:30:00-04:00,2026-06-06 23:45:00-04:00,1593.78,1594.85,no
KXETH15M-26JUN062330,"Target Price: $1,592.23",2026-06-06 23:15:00-04:00,2026-06-06 23:30:00-04:00,1594.85,1592.23,yes
KXETH15M-26JUN062315,"Target Price: $1,591.98",2026-06-06 23:00:00-04:00,2026-06-06 23:15:00-04:00,1592.23,1591.98,yes
KXETH15M-26JUN062300,"Target Price: $1,585.70",2026-06-06 22:45:00-04:00,2026-06-06 23:00:00-04:00,1591.98,1585.7,yes
KXETH15M-26JUN062245,"Target Price: $1,584.67",2026-06-06 22:30:00-04:00,2026-06-06 22:45:00-04:00,1585.70,1584.67,yes
KXETH15M-26JUN062230,"Target Price: $1,589.88",2026-06-06 22:15:00-04:00,2026-06-06 22:30:00-04:00,1584.67,1589.88,no
KXETH15M-26JUN062215,"Target Price: $1,589.83",2026-06-06 22:00:00-04:00,2026-06-06 22:15:00-04:00,1589.88,1589.83,yes
KXETH15M-26JUN062200,"Target Price: $1,587.84",2026-06-06 21:45:00-04:00,2026-06-06 22:00:00-04:00,1589.83,1587.84,yes
KXETH15M-26JUN062145,"Target Price: $1,594.46",2026-06-06 21:30:00-04:00,2026-06-06 21:45:00-04:00,1587.84,1594.46,no
KXETH15M-26JUN062130,"Target Price: $1,585.90",2026-06-06 21:15:00-04:00,2026-06-06 21:30:00-04:00,1594.46,1585.9,yes
KXETH15M-26JUN062115,"Target Price: $1,564.93",2026-06-06 21:00:00-04:00,2026-06-06 21:15:00-04:00,1585.90,1564.93,yes
KXETH15M-26JUN062100,"Target Price: $1,566.05",2026-06-06 20:45:00-04:00,2026-06-06 21:00:00-04:00,1564.93,1566.05,no
KXETH15M-26JUN062045,"Target Price: $1,564.64",2026-06-06 20:30:00-04:00,2026-06-06 20:45:00-04:00,1566.05,1564.64,yes
KXETH15M-26JUN062030,"Target Price: $1,565.87",2026-06-06 20:15:00-04:00,2026-06-06 20:30:00-04:00,1564.64,1565.87,no
KXETH15M-26JUN062015,"Target Price: $1,568.89",2026-06-06 20:00:00-04:00,2026-06-06 20:15:00-04:00,1565.87,1568.89,no
KXETH15M-26JUN062000,"Target Price: $1,567.12",2026-06-06 19:45:00-04:00,2026-06-06 20:00:00-04:00,1568.89,1567.12,yes
KXETH15M-26JUN061945,"Target Price: $1,559.61",2026-06-06 19:30:00-04:00,2026-06-06 19:45:00-04:00,1567.12,1559.61,yes
KXETH15M-26JUN061930,"Target Price: $1,562.49",2026-06-06 19:15:00-04:00,2026-06-06 19:30:00-04:00,1559.61,1562.49,no
KXETH15M-26JUN061915,"Target Price: $1,558.94",2026-06-06 19:00:00-04:00,2026-06-06 19:15:00-04:00,1562.49,1558.94,yes
KXETH15M-26JUN061900,"Target Price: $1,556.25",2026-06-06 18:45:00-04:00,2026-06-06 19:00:00-04:00,1558.94,1556.25,yes
KXETH15M-26JUN061845,"Target Price: $1,552.38",2026-06-06 18:30:00-04:00,2026-06-06 18:45:00-04:00,1556.25,1552.38,yes
KXETH15M-26JUN061830,"Target Price: $1,555.51",2026-06-06 18:15:00-04:00,2026-06-06 18:30:00-04:00,1552.38,1555.51,no
KXETH15M-26JUN061815,"Target Price: $1,557.84",2026-06-06 18:00:00-04:00,2026-06-06 18:15:00-04:00,1555.51,1557.84,no
KXETH15M-26JUN061800,"Target Price: $1,560.97",2026-06-06 17:45:00-04:00,2026-06-06 18:00:00-04:00,1557.84,1560.97,no
KXETH15M-26JUN061745,"Target Price: $1,561.06",2026-06-06 17:30:00-04:00,2026-06-06 17:45:00-04:00,1560.97,1561.06,no
KXETH15M-26JUN061730,"Target Price: $1,559.51",2026-06-06 17:15:00-04:00,2026-06-06 17:30:00-04:00,1561.06,1559.51,yes
KXETH15M-26JUN061715,"Target Price: $1,556.98",2026-06-06 17:00:00-04:00,2026-06-06 17:15:00-04:00,1559.51,1556.98,yes
KXETH15M-26JUN061700,"Target Price: $1,558.07",2026-06-06 16:45:00-04:00,2026-06-06 17:00:00-04:00,1556.98,1558.07,no
KXETH15M-26JUN061645,"Target Price: $1,551.33",2026-06-06 16:30:00-04:00,2026-06-06 16:45:00-04:00,1558.07,1551.33,yes
KXETH15M-26JUN061630,"Target Price: $1,552.98",2026-06-06 16:15:00-04:00,2026-06-06 16:30:00-04:00,1551.33,1552.98,no
KXETH15M-26JUN061615,"Target Price: $1,553.96",2026-06-06 16:00:00-04:00,2026-06-06 16:15:00-04:00,1552.98,1553.96,no
KXETH15M-26JUN061600,"Target Price: $1,554.67",2026-06-06 15:45:00-04:00,2026-06-06 16:00:00-04:00,1553.96,1554.67,no
KXETH15M-26JUN061545,"Target Price: $1,555.74",2026-06-06 15:30:00-04:00,2026-06-06 15:45:00-04:00,1554.67,1555.74,no
KXETH15M-26JUN061530,"Target Price: $1,560.55",2026-06-06 15:15:00-04:00,2026-06-06 15:30:00-04:00,1555.74,1560.55,no
KXETH15M-26JUN061515,"Target Price: $1,556.07",2026-06-06 15:00:00-04:00,2026-06-06 15:15:00-04:00,1560.55,1556.07,yes
KXETH15M-26JUN061500,"Target Price: $1,556.22",2026-06-06 14:45:00-04:00,2026-06-06 15:00:00-04:00,1556.07,1556.22,no
KXETH15M-26JUN061445,"Target Price: $1,564.41",2026-06-06 14:30:00-04:00,2026-06-06 14:45:00-04:00,1556.22,1564.41,no
KXETH15M-26JUN061430,"Target Price: $1,551.53",2026-06-06 14:15:00-04:00,2026-06-06 14:30:00-04:00,1564.41,1551.53,yes
KXETH15M-26JUN061415,"Target Price: $1,552.82",2026-06-06 14:00:00-04:00,2026-06-06 14:15:00-04:00,1551.53,1552.82,no
KXETH15M-26JUN061400,"Target Price: $1,555.02",2026-06-06 13:45:00-04:00,2026-06-06 14:00:00-04:00,1552.82,1555.02,no
KXETH15M-26JUN061345,"Target Price: $1,558.70",2026-06-06 13:30:00-04:00,2026-06-06 13:45:00-04:00,1555.02,1558.7,no
KXETH15M-26JUN061330,"Target Price: $1,561.76",2026-06-06 13:15:00-04:00,2026-06-06 13:30:00-04:00,1558.70,1561.76,no
KXETH15M-26JUN061315,"Target Price: $1,562.06",2026-06-06 13:00:00-04:00,2026-06-06 13:15:00-04:00,1561.76,1562.06,no
KXETH15M-26JUN061300,"Target Price: $1,559.36",2026-06-06 12:45:00-04:00,2026-06-06 13:00:00-04:00,1562.06,1559.36,yes
KXETH15M-26JUN061245,"Target Price: $1,555.93",2026-06-06 12:30:00-04:00,2026-06-06 12:45:00-04:00,1559.36,1555.93,yes
KXETH15M-26JUN061230,"Target Price: $1,560.63",2026-06-06 12:15:00-04:00,2026-06-06 12:30:00-04:00,1555.93,1560.63,no
KXETH15M-26JUN061215,"Target Price: $1,560.56",2026-06-06 12:00:00-04:00,2026-06-06 12:15:00-04:00,1560.63,1560.56,yes
KXETH15M-26JUN061200,"Target Price: $1,563.26",2026-06-06 11:45:00-04:00,2026-06-06 12:00:00-04:00,1560.56,1563.26,no
KXETH15M-26JUN061145,"Target Price: $1,554.65",2026-06-06 11:30:00-04:00,2026-06-06 11:45:00-04:00,1563.26,1554.65,yes
KXETH15M-26JUN061130,"Target Price: $1,551.64",2026-06-06 11:15:00-04:00,2026-06-06 11:30:00-04:00,1554.65,1551.64,yes
KXETH15M-26JUN061115,"Target Price: $1,557.25",2026-06-06 11:00:00-04:00,2026-06-06 11:15:00-04:00,1551.64,1557.25,no
KXETH15M-26JUN061100,"Target Price: $1,562.95",2026-06-06 10:45:00-04:00,2026-06-06 11:00:00-04:00,1557.25,1562.95,no
KXETH15M-26JUN061045,"Target Price: $1,559.69",2026-06-06 10:30:00-04:00,2026-06-06 10:45:00-04:00,1562.95,1559.69,yes
KXETH15M-26JUN061030,"Target Price: $1,560.23",2026-06-06 10:15:00-04:00,2026-06-06 10:30:00-04:00,1559.69,1560.23,no
KXETH15M-26JUN061015,"Target Price: $1,556.98",2026-06-06 10:00:00-04:00,2026-06-06 10:15:00-04:00,1560.23,1556.98,yes
KXETH15M-26JUN061000,"Target Price: $1,561.84",2026-06-06 09:45:00-04:00,2026-06-06 10:00:00-04:00,1556.98,1561.84,no
KXETH15M-26JUN060945,"Target Price: $1,562.22",2026-06-06 09:30:00-04:00,2026-06-06 09:45:00-04:00,1561.84,1562.22,no
KXETH15M-26JUN060930,"Target Price: $1,567.63",2026-06-06 09:15:00-04:00,2026-06-06 09:30:00-04:00,1562.22,1567.63,no
KXETH15M-26JUN060915,"Target Price: $1,570.89",2026-06-06 09:00:00-04:00,2026-06-06 09:15:00-04:00,1567.63,1570.89,no
KXETH15M-26JUN060900,"Target Price: $1,561.75",2026-06-06 08:45:00-04:00,2026-06-06 09:00:00-04:00,1570.89,1561.75,yes
KXETH15M-26JUN060845,"Target Price: $1,554.78",2026-06-06 08:30:00-04:00,2026-06-06 08:45:00-04:00,1561.75,1554.78,yes
KXETH15M-26JUN060830,"Target Price: $1,562.75",2026-06-06 08:15:00-04:00,2026-06-06 08:30:00-04:00,1554.78,1562.75,no
KXETH15M-26JUN060815,"Target Price: $1,557.66",2026-06-06 08:00:00-04:00,2026-06-06 08:15:00-04:00,1562.75,1557.66,yes
KXETH15M-26JUN060800,"Target Price: $1,560.32",2026-06-06 07:45:00-04:00,2026-06-06 08:00:00-04:00,1557.66,1560.32,no
KXETH15M-26JUN060745,"Target Price: $1,563.26",2026-06-06 07:30:00-04:00,2026-06-06 07:45:00-04:00,1560.32,1563.26,no
KXETH15M-26JUN060730,"Target Price: $1,553.27",2026-06-06 07:15:00-04:00,2026-06-06 07:30:00-04:00,1563.26,1553.27,yes
KXETH15M-26JUN060715,"Target Price: $1,547.02",2026-06-06 07:00:00-04:00,2026-06-06 07:15:00-04:00,1553.27,1547.02,yes
KXETH15M-26JUN060700,"Target Price: $1,543.89",2026-06-06 06:45:00-04:00,2026-06-06 07:00:00-04:00,1547.02,1543.89,yes
KXETH15M-26JUN060645,"Target Price: $1,556.59",2026-06-06 06:30:00-04:00,2026-06-06 06:45:00-04:00,1543.89,1556.59,no
KXETH15M-26JUN060630,"Target Price: $1,556.19",2026-06-06 06:15:00-04:00,2026-06-06 06:30:00-04:00,1556.59,1556.19,yes
KXETH15M-26JUN060615,"Target Price: $1,569.26",2026-06-06 06:00:00-04:00,2026-06-06 06:15:00-04:00,1556.19,1569.26,no
KXETH15M-26JUN060600,"Target Price: $1,579.26",2026-06-06 05:45:00-04:00,2026-06-06 06:00:00-04:00,1569.26,1579.26,no
KXETH15M-26JUN060545,"Target Price: $1,585.98",2026-06-06 05:30:00-04:00,2026-06-06 05:45:00-04:00,1579.26,1585.98,no
KXETH15M-26JUN060530,"Target Price: $1,581.51",2026-06-06 05:15:00-04:00,2026-06-06 05:30:00-04:00,1585.98,1581.51,yes
KXETH15M-26JUN060515,"Target Price: $1,581.89",2026-06-06 05:00:00-04:00,2026-06-06 05:15:00-04:00,1581.51,1581.89,no
KXETH15M-26JUN060500,"Target Price: $1,587.29",2026-06-06 04:45:00-04:00,2026-06-06 05:00:00-04:00,1581.89,1587.29,no
KXETH15M-26JUN060445,"Target Price: $1,585.99",2026-06-06 04:30:00-04:00,2026-06-06 04:45:00-04:00,1587.29,1585.99,yes
KXETH15M-26JUN060430,"Target Price: $1,577.41",2026-06-06 04:15:00-04:00,2026-06-06 04:30:00-04:00,1585.99,1577.41,yes
KXETH15M-26JUN060415,"Target Price: $1,574.80",2026-06-06 04:00:00-04:00,2026-06-06 04:15:00-04:00,1577.41,1574.8,yes
KXETH15M-26JUN060400,"Target Price: $1,576.20",2026-06-06 03:45:00-04:00,2026-06-06 04:00:00-04:00,1574.80,1576.2,no
KXETH15M-26JUN060345,"Target Price: $1,567.35",2026-06-06 03:30:00-04:00,2026-06-06 03:45:00-04:00,1576.20,1567.35,yes
KXETH15M-26JUN060330,"Target Price: $1,572.99",2026-06-06 03:15:00-04:00,2026-06-06 03:30:00-04:00,1567.35,1572.99,no
KXETH15M-26JUN060315,"Target Price: $1,558.55",2026-06-06 03:00:00-04:00,2026-06-06 03:15:00-04:00,1572.99,1558.55,yes
KXETH15M-26JUN060300,"Target Price: $1,564.68",2026-06-06 02:45:00-04:00,2026-06-06 03:00:00-04:00,1558.55,1564.68,no
KXETH15M-26JUN060245,"Target Price: $1,574.36",2026-06-06 02:30:00-04:00,2026-06-06 02:45:00-04:00,1564.68,1574.36,no
KXETH15M-26JUN060230,"Target Price: $1,574.98",2026-06-06 02:15:00-04:00,2026-06-06 02:30:00-04:00,1574.36,1574.98,no
KXETH15M-26JUN060215,"Target Price: $1,566.54",2026-06-06 02:00:00-04:00,2026-06-06 02:15:00-04:00,1574.98,1566.54,yes
KXETH15M-26JUN060200,"Target Price: $1,558.58",2026-06-06 01:45:00-04:00,2026-06-06 02:00:00-04:00,1566.54,1558.58,yes
KXETH15M-26JUN060145,"Target Price: $1,550.01",2026-06-06 01:30:00-04:00,2026-06-06 01:45:00-04:00,1558.58,1550.01,yes
KXETH15M-26JUN060130,"Target Price: $1,520.32",2026-06-06 01:15:00-04:00,2026-06-06 01:30:00-04:00,1550.01,1520.32,yes
KXETH15M-26JUN060115,"Target Price: $1,522.55",2026-06-06 01:00:00-04:00,2026-06-06 01:15:00-04:00,1520.32,1522.55,no
KXETH15M-26JUN060100,"Target Price: $1,520.77",2026-06-06 00:45:00-04:00,2026-06-06 01:00:00-04:00,1522.55,1520.77,yes
KXETH15M-26JUN060045,"Target Price: $1,533.15",2026-06-06 00:30:00-04:00,2026-06-06 00:45:00-04:00,1520.77,1533.15,no
KXETH15M-26JUN060030,"Target Price: $1,540.23",2026-06-06 00:15:00-04:00,2026-06-06 00:30:00-04:00,1533.15,1540.23,no
KXETH15M-26JUN060015,"Target Price: $1,563.36",2026-06-06 00:00:00-04:00,2026-06-06 00:15:00-04:00,1540.23,1563.36,no
KXETH15M-26JUN060000,"Target Price: $1,560.66",2026-06-05 23:45:00-04:00,2026-06-06 00:00:00-04:00,1563.36,1560.66,yes
KXETH15M-26JUN052345,"Target Price: $1,565.58",2026-06-05 23:30:00-04:00,2026-06-05 23:45:00-04:00,1560.66,1565.58,no
KXETH15M-26JUN052330,"Target Price: $1,570.94",2026-06-05 23:15:00-04:00,2026-06-05 23:30:00-04:00,1565.58,1570.94,no
KXETH15M-26JUN052315,"Target Price: $1,576.69",2026-06-05 23:00:00-04:00,2026-06-05 23:15:00-04:00,1570.94,1576.69,no
KXETH15M-26JUN052300,"Target Price: $1,576.86",2026-06-05 22:45:00-04:00,2026-06-05 23:00:00-04:00,1576.69,1576.86,no
KXETH15M-26JUN052245,"Target Price: $1,573.41",2026-06-05 22:30:00-04:00,2026-06-05 22:45:00-04:00,1576.86,1573.41,yes
KXETH15M-26JUN052230,"Target Price: $1,576.25",2026-06-05 22:15:00-04:00,2026-06-05 22:30:00-04:00,1573.41,1576.25,no
KXETH15M-26JUN052215,"Target Price: $1,583.67",2026-06-05 22:00:00-04:00,2026-06-05 22:15:00-04:00,1576.25,1583.67,no
KXETH15M-26JUN052200,"Target Price: $1,584.02",2026-06-05 21:45:00-04:00,2026-06-05 22:00:00-04:00,1583.67,1584.02,no
KXETH15M-26JUN052145,"Target Price: $1,591.97",2026-06-05 21:30:00-04:00,2026-06-05 21:45:00-04:00,1584.02,1591.97,no
KXETH15M-26JUN052130,"Target Price: $1,585.25",2026-06-05 21:15:00-04:00,2026-06-05 21:30:00-04:00,1591.97,1585.25,yes
KXETH15M-26JUN052115,"Target Price: $1,592.86",2026-06-05 21:00:00-04:00,2026-06-05 21:15:00-04:00,1585.25,1592.86,no
KXETH15M-26JUN052100,"Target Price: $1,593.13",2026-06-05 20:45:00-04:00,2026-06-05 21:00:00-04:00,1592.86,1593.13,no
KXETH15M-26JUN052045,"Target Price: $1,594.92",2026-06-05 20:30:00-04:00,2026-06-05 20:45:00-04:00,1593.13,1594.92,no
KXETH15M-26JUN052030,"Target Price: $1,597.86",2026-06-05 20:15:00-04:00,2026-06-05 20:30:00-04:00,1594.92,1597.86,no
KXETH15M-26JUN052015,"Target Price: $1,581.53",2026-06-05 20:00:00-04:00,2026-06-05 20:15:00-04:00,1597.86,1581.53,yes
KXETH15M-26JUN052000,"Target Price: $1,570.65",2026-06-05 19:45:00-04:00,2026-06-05 20:00:00-04:00,1581.53,1570.65,yes
KXETH15M-26JUN051945,"Target Price: $1,575.11",2026-06-05 19:30:00-04:00,2026-06-05 19:45:00-04:00,1570.65,1575.11,no
KXETH15M-26JUN051930,"Target Price: $1,593.74",2026-06-05 19:15:00-04:00,2026-06-05 19:30:00-04:00,1575.11,1593.74,no
KXETH15M-26JUN051915,"Target Price: $1,597.57",2026-06-05 19:00:00-04:00,2026-06-05 19:15:00-04:00,1593.74,1597.57,no
KXETH15M-26JUN051900,"Target Price: $1,599.66",2026-06-05 18:45:00-04:00,2026-06-05 19:00:00-04:00,1597.57,1599.66,no
KXETH15M-26JUN051845,"Target Price: $1,593.50",2026-06-05 18:30:00-04:00,2026-06-05 18:45:00-04:00,1599.66,1593.5,yes
KXETH15M-26JUN051830,"Target Price: $1,594.74",2026-06-05 18:15:00-04:00,2026-06-05 18:30:00-04:00,1593.50,1594.74,no
KXETH15M-26JUN051815,"Target Price: $1,609.75",2026-06-05 18:00:00-04:00,2026-06-05 18:15:00-04:00,1594.74,1609.75,no
KXETH15M-26JUN051800,"Target Price: $1,614.33",2026-06-05 17:45:00-04:00,2026-06-05 18:00:00-04:00,1609.75,1614.33,no
KXETH15M-26JUN051745,"Target Price: $1,611.20",2026-06-05 17:30:00-04:00,2026-06-05 17:45:00-04:00,1614.33,1611.2,yes
KXETH15M-26JUN051730,"Target Price: $1,612.08",2026-06-05 17:15:00-04:00,2026-06-05 17:30:00-04:00,1611.20,1612.08,no
KXETH15M-26JUN051715,"Target Price: $1,603.80",2026-06-05 17:00:00-04:00,2026-06-05 17:15:00-04:00,1612.08,1603.8,yes
KXETH15M-26JUN051700,"Target Price: $1,598.90",2026-06-05 16:45:00-04:00,2026-06-05 17:00:00-04:00,1603.80,1598.9,yes
KXETH15M-26JUN051645,"Target Price: $1,596.41",2026-06-05 16:30:00-04:00,2026-06-05 16:45:00-04:00,1598.90,1596.41,yes
KXETH15M-26JUN051630,"Target Price: $1,581.75",2026-06-05 16:15:00-04:00,2026-06-05 16:30:00-04:00,1596.41,1581.75,yes
KXETH15M-26JUN051615,"Target Price: $1,575.34",2026-06-05 16:00:00-04:00,2026-06-05 16:15:00-04:00,1581.75,1575.34,yes
KXETH15M-26JUN051600,"Target Price: $1,551.04",2026-06-05 15:45:00-04:00,2026-06-05 16:00:00-04:00,1575.34,1551.04,yes
KXETH15M-26JUN051545,"Target Price: $1,559.03",2026-06-05 15:30:00-04:00,2026-06-05 15:45:00-04:00,1551.04,1559.03,no
KXETH15M-26JUN051530,"Target Price: $1,551.01",2026-06-05 15:15:00-04:00,2026-06-05 15:30:00-04:00,1559.03,1551.01,yes
KXETH15M-26JUN051515,"Target Price: $1,552.82",2026-06-05 15:00:00-04:00,2026-06-05 15:15:00-04:00,1551.01,1552.82,no
KXETH15M-26JUN051500,"Target Price: $1,560.55",2026-06-05 14:45:00-04:00,2026-06-05 15:00:00-04:00,1552.82,1560.55,no
KXETH15M-26JUN051445,"Target Price: $1,565.23",2026-06-05 14:30:00-04:00,2026-06-05 14:45:00-04:00,1560.55,1565.23,no
KXETH15M-26JUN051430,"Target Price: $1,589.48",2026-06-05 14:15:00-04:00,2026-06-05 14:30:00-04:00,1565.23,1589.48,no
KXETH15M-26JUN051415,"Target Price: $1,592.47",2026-06-05 14:00:00-04:00,2026-06-05 14:15:00-04:00,1589.48,1592.47,no
KXETH15M-26JUN051400,"Target Price: $1,594.51",2026-06-05 13:45:00-04:00,2026-06-05 14:00:00-04:00,1592.47,1594.51,no
KXETH15M-26JUN051345,"Target Price: $1,588.02",2026-06-05 13:30:00-04:00,2026-06-05 13:45:00-04:00,1594.51,1588.02,yes
KXETH15M-26JUN051330,"Target Price: $1,598.56",2026-06-05 13:15:00-04:00,2026-06-05 13:30:00-04:00,1588.02,1598.56,no
KXETH15M-26JUN051315,"Target Price: $1,608.84",2026-06-05 13:00:00-04:00,2026-06-05 13:15:00-04:00,1598.56,1608.84,no
KXETH15M-26JUN051300,"Target Price: $1,582.51",2026-06-05 12:45:00-04:00,2026-06-05 13:00:00-04:00,1608.84,1582.51,yes
KXETH15M-26JUN051245,"Target Price: $1,593.35",2026-06-05 12:30:00-04:00,2026-06-05 12:45:00-04:00,1582.51,1593.35,no
KXETH15M-26JUN051230,"Target Price: $1,587.05",2026-06-05 12:15:00-04:00,2026-06-05 12:30:00-04:00,1593.35,1587.05,yes
KXETH15M-26JUN051215,"Target Price: $1,583.45",2026-06-05 12:00:00-04:00,2026-06-05 12:15:00-04:00,1587.05,1583.45,yes
KXETH15M-26JUN051200,"Target Price: $1,583.76",2026-06-05 11:45:00-04:00,2026-06-05 12:00:00-04:00,1583.45,1583.76,no
KXETH15M-26JUN051145,"Target Price: $1,593.00",2026-06-05 11:30:00-04:00,2026-06-05 11:45:00-04:00,1583.76,1593.0,no
KXETH15M-26JUN051130,"Target Price: $1,582.25",2026-06-05 11:15:00-04:00,2026-06-05 11:30:00-04:00,1593.00,1582.25,yes
KXETH15M-26JUN051115,Target price: TBD,2026-06-05 11:00:00-04:00,2026-06-05 11:15:00-04:00,1582.25,,no
KXETH15M-26JUN051100,Target price: TBD,2026-06-05 10:45:00-04:00,2026-06-05 11:00:00-04:00,1600.17,,no
KXETH15M-26JUN051045,"Target Price: $1,600.23",2026-06-05 10:30:00-04:00,2026-06-05 10:45:00-04:00,1607.38,1600.23,yes
KXETH15M-26JUN051030,"Target Price: $1,611.44",2026-06-05 10:15:00-04:00,2026-06-05 10:30:00-04:00,1600.23,1611.44,no
KXETH15M-26JUN051015,"Target Price: $1,616.77",2026-06-05 10:00:00-04:00,2026-06-05 10:15:00-04:00,1611.44,1616.77,no
KXETH15M-26JUN051000,"Target Price: $1,653.74",2026-06-05 09:45:00-04:00,2026-06-05 10:00:00-04:00,1616.77,1653.74,no
KXETH15M-26JUN050945,"Target Price: $1,665.43",2026-06-05 09:30:00-04:00,2026-06-05 09:45:00-04:00,1653.74,1665.43,no
KXETH15M-26JUN050930,"Target Price: $1,666.35",2026-06-05 09:15:00-04:00,2026-06-05 09:30:00-04:00,1665.43,1666.35,no
KXETH15M-26JUN050915,"Target Price: $1,656.19",2026-06-05 09:00:00-04:00,2026-06-05 09:15:00-04:00,1666.35,1656.19,yes
KXETH15M-26JUN050900,"Target Price: $1,656.77",2026-06-05 08:45:00-04:00,2026-06-05 09:00:00-04:00,1656.19,1656.77,no
KXETH15M-26JUN050845,"Target Price: $1,662.13",2026-06-05 08:30:00-04:00,2026-06-05 08:45:00-04:00,1656.77,1662.13,no
KXETH15M-26JUN050830,"Target Price: $1,659.80",2026-06-05 08:15:00-04:00,2026-06-05 08:30:00-04:00,1662.13,1659.8,yes
KXETH15M-26JUN050815,"Target Price: $1,662.98",2026-06-05 08:00:00-04:00,2026-06-05 08:15:00-04:00,1659.80,1662.98,no
KXETH15M-26JUN050800,"Target Price: $1,667.46",2026-06-05 07:45:00-04:00,2026-06-05 08:00:00-04:00,1662.98,1667.46,no
KXETH15M-26JUN050745,"Target Price: $1,676.29",2026-06-05 07:30:00-04:00,2026-06-05 07:45:00-04:00,1667.46,1676.29,no
KXETH15M-26JUN050730,"Target Price: $1,669.34",2026-06-05 07:15:00-04:00,2026-06-05 07:30:00-04:00,1676.29,1669.34,yes
KXETH15M-26JUN050715,"Target Price: $1,674.75",2026-06-05 07:00:00-04:00,2026-06-05 07:15:00-04:00,1669.34,1674.75,no
KXETH15M-26JUN050700,"Target Price: $1,677.82",2026-06-05 06:45:00-04:00,2026-06-05 07:00:00-04:00,1674.75,1677.82,no
KXETH15M-26JUN050645,"Target Price: $1,675.64",2026-06-05 06:30:00-04:00,2026-06-05 06:45:00-04:00,1677.82,1675.64,yes
KXETH15M-26JUN050630,"Target Price: $1,675.94",2026-06-05 06:15:00-04:00,2026-06-05 06:30:00-04:00,1675.64,1675.94,no
KXETH15M-26JUN050615,"Target Price: $1,680.80",2026-06-05 06:00:00-04:00,2026-06-05 06:15:00-04:00,1675.94,1680.8,no
KXETH15M-26JUN050600,"Target Price: $1,677.10",2026-06-05 05:45:00-04:00,2026-06-05 06:00:00-04:00,1680.80,1677.1,yes
KXETH15M-26JUN050545,"Target Price: $1,683.92",2026-06-05 05:30:00-04:00,2026-06-05 05:45:00-04:00,1677.10,1683.92,no
KXETH15M-26JUN050530,"Target Price: $1,683.31",2026-06-05 05:15:00-04:00,2026-06-05 05:30:00-04:00,1683.92,1683.31,yes
KXETH15M-26JUN050515,"Target Price: $1,662.73",2026-06-05 05:00:00-04:00,2026-06-05 05:15:00-04:00,1683.31,1662.73,yes
KXETH15M-26JUN050500,"Target Price: $1,666.71",2026-06-05 04:45:00-04:00,2026-06-05 05:00:00-04:00,1662.73,1666.71,no
KXETH15M-26JUN050445,"Target Price: $1,671.16",2026-06-05 04:30:00-04:00,2026-06-05 04:45:00-04:00,1666.71,1671.16,no
KXETH15M-26JUN050430,"Target Price: $1,667.50",2026-06-05 04:15:00-04:00,2026-06-05 04:30:00-04:00,1671.16,1667.5,yes
KXETH15M-26JUN050415,"Target Price: $1,676.58",2026-06-05 04:00:00-04:00,2026-06-05 04:15:00-04:00,1667.50,1676.58,no
KXETH15M-26JUN050400,"Target Price: $1,671.44",2026-06-05 03:45:00-04:00,2026-06-05 04:00:00-04:00,1676.58,1671.44,yes
KXETH15M-26JUN050345,"Target Price: $1,656.12",2026-06-05 03:30:00-04:00,2026-06-05 03:45:00-04:00,1671.44,1656.12,yes
KXETH15M-26JUN050330,"Target Price: $1,637.64",2026-06-05 03:15:00-04:00,2026-06-05 03:30:00-04:00,1656.12,1637.64,yes
KXETH15M-26JUN050315,"Target Price: $1,654.61",2026-06-05 03:00:00-04:00,2026-06-05 03:15:00-04:00,1637.64,1654.61,no
KXETH15M-26JUN050300,"Target Price: $1,663.25",2026-06-05 02:45:00-04:00,2026-06-05 03:00:00-04:00,1654.61,1663.25,no
KXETH15M-26JUN050245,"Target Price: $1,642.68",2026-06-05 02:30:00-04:00,2026-06-05 02:45:00-04:00,1663.25,1642.68,yes
KXETH15M-26JUN050230,"Target Price: $1,671.24",2026-06-05 02:15:00-04:00,2026-06-05 02:30:00-04:00,1642.68,1671.24,no
KXETH15M-26JUN050215,"Target Price: $1,681.89",2026-06-05 02:00:00-04:00,2026-06-05 02:15:00-04:00,1671.24,1681.89,no
KXETH15M-26JUN050200,"Target Price: $1,699.10",2026-06-05 01:45:00-04:00,2026-06-05 02:00:00-04:00,1681.89,1699.1,no
KXETH15M-26JUN050145,"Target Price: $1,733.13",2026-06-05 01:30:00-04:00,2026-06-05 01:45:00-04:00,1699.10,1733.13,no
KXETH15M-26JUN050130,"Target Price: $1,731.33",2026-06-05 01:15:00-04:00,2026-06-05 01:30:00-04:00,1733.13,1731.33,yes
KXETH15M-26JUN050115,"Target Price: $1,742.48",2026-06-05 01:00:00-04:00,2026-06-05 01:15:00-04:00,1731.33,1742.48,no
KXETH15M-26JUN050100,"Target Price: $1,728.11",2026-06-05 00:45:00-04:00,2026-06-05 01:00:00-04:00,1742.48,1728.11,yes
KXETH15M-26JUN050045,"Target Price: $1,734.24",2026-06-05 00:30:00-04:00,2026-06-05 00:45:00-04:00,1728.11,1734.24,no
KXETH15M-26JUN050030,"Target Price: $1,724.70",2026-06-05 00:15:00-04:00,2026-06-05 00:30:00-04:00,1734.24,1724.7,yes
KXETH15M-26JUN050015,"Target Price: $1,727.18",2026-06-05 00:00:00-04:00,2026-06-05 00:15:00-04:00,1724.70,1727.18,no
KXETH15M-26JUN050000,"Target Price: $1,729.41",2026-06-04 23:45:00-04:00,2026-06-05 00:00:00-04:00,1727.18,1729.41,no
KXETH15M-26JUN042345,"Target Price: $1,727.67",2026-06-04 23:30:00-04:00,2026-06-04 23:45:00-04:00,1729.41,1727.67,yes
KXETH15M-26JUN042330,"Target Price: $1,722.95",2026-06-04 23:15:00-04:00,2026-06-04 23:30:00-04:00,1727.67,1722.95,yes
KXETH15M-26JUN042315,"Target Price: $1,728.97",2026-06-04 23:00:00-04:00,2026-06-04 23:15:00-04:00,1722.95,1728.97,no
KXETH15M-26JUN042300,"Target Price: $1,735.04",2026-06-04 22:45:00-04:00,2026-06-04 23:00:00-04:00,1728.97,1735.04,no
KXETH15M-26JUN042245,"Target Price: $1,736.15",2026-06-04 22:30:00-04:00,2026-06-04 22:45:00-04:00,1735.04,1736.15,no
KXETH15M-26JUN042230,"Target Price: $1,746.08",2026-06-04 22:15:00-04:00,2026-06-04 22:30:00-04:00,1736.15,1746.08,no
KXETH15M-26JUN042215,"Target Price: $1,752.38",2026-06-04 22:00:00-04:00,2026-06-04 22:15:00-04:00,1746.08,1752.38,no
KXETH15M-26JUN042200,"Target Price: $1,754.06",2026-06-04 21:45:00-04:00,2026-06-04 22:00:00-04:00,1752.38,1754.06,no
KXETH15M-26JUN042145,"Target Price: $1,752.18",2026-06-04 21:30:00-04:00,2026-06-04 21:45:00-04:00,1754.06,1752.18,yes
KXETH15M-26JUN042130,"Target Price: $1,753.18",2026-06-04 21:15:00-04:00,2026-06-04 21:30:00-04:00,1752.18,1753.18,no
KXETH15M-26JUN042115,"Target Price: $1,757.54",2026-06-04 21:00:00-04:00,2026-06-04 21:15:00-04:00,1753.18,1757.54,no
KXETH15M-26JUN042100,"Target Price: $1,767.81",2026-06-04 20:45:00-04:00,2026-06-04 21:00:00-04:00,1757.54,1767.81,no
KXETH15M-26JUN042045,"Target Price: $1,769.20",2026-06-04 20:30:00-04:00,2026-06-04 20:45:00-04:00,1767.81,1769.2,no
KXETH15M-26JUN042030,"Target Price: $1,762.42",2026-06-04 20:15:00-04:00,2026-06-04 20:30:00-04:00,1769.20,1762.42,yes
KXETH15M-26JUN042015,"Target Price: $1,769.32",2026-06-04 20:00:00-04:00,2026-06-04 20:15:00-04:00,1762.42,1769.32,no
KXETH15M-26JUN042000,"Target Price: $1,768.07",2026-06-04 19:45:00-04:00,2026-06-04 20:00:00-04:00,1769.32,1768.07,yes
KXETH15M-26JUN041945,"Target Price: $1,760.21",2026-06-04 19:30:00-04:00,2026-06-04 19:45:00-04:00,1768.07,1760.21,yes
KXETH15M-26JUN041930,"Target Price: $1,769.29",2026-06-04 19:15:00-04:00,2026-06-04 19:30:00-04:00,1760.21,1769.29,no
KXETH15M-26JUN041915,"Target Price: $1,767.53",2026-06-04 19:00:00-04:00,2026-06-04 19:15:00-04:00,1769.29,1767.53,yes
KXETH15M-26JUN041900,"Target Price: $1,758.38",2026-06-04 18:45:00-04:00,2026-06-04 19:00:00-04:00,1767.53,1758.38,yes
KXETH15M-26JUN041845,"Target Price: $1,758.17",2026-06-04 18:30:00-04:00,2026-06-04 18:45:00-04:00,1758.38,1758.17,yes
KXETH15M-26JUN041830,"Target Price: $1,754.67",2026-06-04 18:15:00-04:00,2026-06-04 18:30:00-04:00,1758.17,1754.67,yes
KXETH15M-26JUN041815,"Target Price: $1,760.18",2026-06-04 18:00:00-04:00,2026-06-04 18:15:00-04:00,1754.67,1760.18,no
KXETH15M-26JUN041800,"Target Price: $1,764.68",2026-06-04 17:45:00-04:00,2026-06-04 18:00:00-04:00,1760.18,1764.68,no
KXETH15M-26JUN041745,"Target Price: $1,767.77",2026-06-04 17:30:00-04:00,2026-06-04 17:45:00-04:00,1764.68,1767.77,no
KXETH15M-26JUN041730,"Target Price: $1,776.25",2026-06-04 17:15:00-04:00,2026-06-04 17:30:00-04:00,1767.77,1776.25,no
KXETH15M-26JUN041715,"Target Price: $1,772.55",2026-06-04 17:00:00-04:00,2026-06-04 17:15:00-04:00,1776.25,1772.55,yes
KXETH15M-26JUN041700,"Target Price: $1,771.39",2026-06-04 16:45:00-04:00,2026-06-04 17:00:00-04:00,1772.55,1771.39,yes
KXETH15M-26JUN041645,"Target Price: $1,766.40",2026-06-04 16:30:00-04:00,2026-06-04 16:45:00-04:00,1771.39,1766.4,yes
KXETH15M-26JUN041630,"Target Price: $1,770.69",2026-06-04 16:15:00-04:00,2026-06-04 16:30:00-04:00,1766.40,1770.69,no
KXETH15M-26JUN041615,"Target Price: $1,776.24",2026-06-04 16:00:00-04:00,2026-06-04 16:15:00-04:00,1770.69,1776.24,no
KXETH15M-26JUN041600,"Target Price: $1,776.58",2026-06-04 15:45:00-04:00,2026-06-04 16:00:00-04:00,1776.24,1776.58,no
KXETH15M-26JUN041545,"Target Price: $1,782.83",2026-06-04 15:30:00-04:00,2026-06-04 15:45:00-04:00,1776.58,1782.83,no
KXETH15M-26JUN041530,"Target Price: $1,773.24",2026-06-04 15:15:00-04:00,2026-06-04 15:30:00-04:00,1782.83,1773.24,yes
KXETH15M-26JUN041515,"Target Price: $1,775.07",2026-06-04 15:00:00-04:00,2026-06-04 15:15:00-04:00,1773.24,1775.07,no
KXETH15M-26JUN041500,"Target Price: $1,772.78",2026-06-04 14:45:00-04:00,2026-06-04 15:00:00-04:00,1775.07,1772.78,yes
KXETH15M-26JUN041445,"Target Price: $1,774.30",2026-06-04 14:30:00-04:00,2026-06-04 14:45:00-04:00,1772.78,1774.3,no
KXETH15M-26JUN041430,"Target Price: $1,758.95",2026-06-04 14:15:00-04:00,2026-06-04 14:30:00-04:00,1774.30,1758.95,yes
KXETH15M-26JUN041415,"Target Price: $1,766.25",2026-06-04 14:00:00-04:00,2026-06-04 14:15:00-04:00,1758.95,1766.25,no
KXETH15M-26JUN041400,"Target Price: $1,754.69",2026-06-04 13:45:00-04:00,2026-06-04 14:00:00-04:00,1766.25,1754.69,yes
KXETH15M-26JUN041345,"Target Price: $1,762.78",2026-06-04 13:30:00-04:00,2026-06-04 13:45:00-04:00,1754.69,1762.78,no
KXETH15M-26JUN041330,"Target Price: $1,771.30",2026-06-04 13:15:00-04:00,2026-06-04 13:30:00-04:00,1762.78,1771.3,no
KXETH15M-26JUN041315,"Target Price: $1,770.35",2026-06-04 13:00:00-04:00,2026-06-04 13:15:00-04:00,1771.30,1770.35,yes
KXETH15M-26JUN041300,"Target Price: $1,776.52",2026-06-04 12:45:00-04:00,2026-06-04 13:00:00-04:00,1770.35,1776.52,no
KXETH15M-26JUN041245,"Target Price: $1,769.37",2026-06-04 12:30:00-04:00,2026-06-04 12:45:00-04:00,1776.52,1769.37,yes
KXETH15M-26JUN041230,"Target Price: $1,770.59",2026-06-04 12:15:00-04:00,2026-06-04 12:30:00-04:00,1769.37,1770.59,no
KXETH15M-26JUN041215,"Target Price: $1,776.39",2026-06-04 12:00:00-04:00,2026-06-04 12:15:00-04:00,1770.59,1776.39,no
KXETH15M-26JUN041200,"Target Price: $1,774.07",2026-06-04 11:45:00-04:00,2026-06-04 12:00:00-04:00,1776.39,1774.07,yes
KXETH15M-26JUN041145,"Target Price: $1,777.25",2026-06-04 11:30:00-04:00,2026-06-04 11:45:00-04:00,1774.07,1777.25,no
KXETH15M-26JUN041130,"Target Price: $1,786.29",2026-06-04 11:15:00-04:00,2026-06-04 11:30:00-04:00,1777.25,1786.29,no
KXETH15M-26JUN041115,"Target Price: $1,772.39",2026-06-04 11:00:00-04:00,2026-06-04 11:15:00-04:00,1786.29,1772.39,yes
KXETH15M-26JUN041100,"Target Price: $1,771.83",2026-06-04 10:45:00-04:00,2026-06-04 11:00:00-04:00,1772.39,1771.83,yes
KXETH15M-26JUN041045,"Target Price: $1,780.31",2026-06-04 10:30:00-04:00,2026-06-04 10:45:00-04:00,1771.83,1780.31,no
KXETH15M-26JUN041030,"Target Price: $1,788.68",2026-06-04 10:15:00-04:00,2026-06-04 10:30:00-04:00,1780.31,1788.68,no
KXETH15M-26JUN041015,"Target Price: $1,783.67",2026-06-04 10:00:00-04:00,2026-06-04 10:15:00-04:00,1788.68,1783.67,yes
KXETH15M-26JUN041000,"Target Price: $1,777.42",2026-06-04 09:45:00-04:00,2026-06-04 10:00:00-04:00,1783.67,1777.42,yes
KXETH15M-26JUN040945,"Target Price: $1,761.64",2026-06-04 09:30:00-04:00,2026-06-04 09:45:00-04:00,1777.42,1761.64,yes
KXETH15M-26JUN040930,"Target Price: $1,773.63",2026-06-04 09:15:00-04:00,2026-06-04 09:30:00-04:00,1761.64,1773.63,no
KXETH15M-26JUN040915,"Target Price: $1,776.04",2026-06-04 09:00:00-04:00,2026-06-04 09:15:00-04:00,1773.63,1776.04,no
KXETH15M-26JUN040900,"Target Price: $1,774.40",2026-06-04 08:45:00-04:00,2026-06-04 09:00:00-04:00,1776.04,1774.4,yes
KXETH15M-26JUN040845,"Target Price: $1,765.16",2026-06-04 08:30:00-04:00,2026-06-04 08:45:00-04:00,1774.40,1765.16,yes
KXETH15M-26JUN040830,"Target Price: $1,745.36",2026-06-04 08:15:00-04:00,2026-06-04 08:30:00-04:00,1765.16,1745.36,yes
KXETH15M-26JUN040815,"Target Price: $1,748.78",2026-06-04 08:00:00-04:00,2026-06-04 08:15:00-04:00,1745.36,1748.78,no
KXETH15M-26JUN040800,"Target Price: $1,738.79",2026-06-04 07:45:00-04:00,2026-06-04 08:00:00-04:00,1748.78,1738.79,yes
KXETH15M-26JUN040745,"Target Price: $1,746.54",2026-06-04 07:30:00-04:00,2026-06-04 07:45:00-04:00,1738.79,1746.54,no
KXETH15M-26JUN040730,"Target Price: $1,734.72",2026-06-04 07:15:00-04:00,2026-06-04 07:30:00-04:00,1746.54,1734.72,yes
KXETH15M-26JUN040715,"Target Price: $1,735.63",2026-06-04 07:00:00-04:00,2026-06-04 07:15:00-04:00,1734.72,1735.63,no
KXETH15M-26JUN040700,"Target Price: $1,752.35",2026-06-04 06:45:00-04:00,2026-06-04 07:00:00-04:00,1735.63,1752.35,no
KXETH15M-26JUN040645,"Target Price: $1,753.60",2026-06-04 06:30:00-04:00,2026-06-04 06:45:00-04:00,1752.35,1753.6,no
KXETH15M-26JUN040630,"Target Price: $1,753.95",2026-06-04 06:15:00-04:00,2026-06-04 06:30:00-04:00,1753.60,1753.95,no
KXETH15M-26JUN040615,"Target Price: $1,762.80",2026-06-04 06:00:00-04:00,2026-06-04 06:15:00-04:00,1753.95,1762.8,no
KXETH15M-26JUN040600,"Target Price: $1,750.14",2026-06-04 05:45:00-04:00,2026-06-04 06:00:00-04:00,1762.80,1750.14,yes
KXETH15M-26JUN040545,"Target Price: $1,747.36",2026-06-04 05:30:00-04:00,2026-06-04 05:45:00-04:00,1750.14,1747.36,yes
KXETH15M-26JUN040530,"Target Price: $1,760.53",2026-06-04 05:15:00-04:00,2026-06-04 05:30:00-04:00,1747.36,1760.53,no
KXETH15M-26JUN040515,"Target Price: $1,771.53",2026-06-04 05:00:00-04:00,2026-06-04 05:15:00-04:00,1760.53,1771.53,no
KXETH15M-26JUN040200,"Target Price: $1,791.81",2026-06-04 01:45:00-04:00,2026-06-04 02:00:00-04:00,1781.96,1791.81,no
KXETH15M-26JUN040145,"Target Price: $1,783.51",2026-06-04 01:30:00-04:00,2026-06-04 01:45:00-04:00,1791.81,1783.51,yes
KXETH15M-26JUN040130,"Target Price: $1,788.48",2026-06-04 01:15:00-04:00,2026-06-04 01:30:00-04:00,1783.51,1788.48,no
KXETH15M-26JUN040115,"Target Price: $1,802.66",2026-06-04 01:00:00-04:00,2026-06-04 01:15:00-04:00,1788.48,1802.66,no
KXETH15M-26JUN040100,"Target Price: $1,805.99",2026-06-04 00:45:00-04:00,2026-06-04 01:00:00-04:00,1802.66,1805.99,no
KXETH15M-26JUN040045,"Target Price: $1,810.02",2026-06-04 00:30:00-04:00,2026-06-04 00:45:00-04:00,1805.99,1810.02,no
KXETH15M-26JUN040030,"Target Price: $1,811.96",2026-06-04 00:15:00-04:00,2026-06-04 00:30:00-04:00,1810.02,1811.96,no
KXETH15M-26JUN040015,"Target Price: $1,806.64",2026-06-04 00:00:00-04:00,2026-06-04 00:15:00-04:00,1811.96,1806.64,yes
KXETH15M-26JUN040000,"Target Price: $1,807.60",2026-06-03 23:45:00-04:00,2026-06-04 00:00:00-04:00,1806.64,1807.6,no
KXETH15M-26JUN032345,"Target Price: $1,793.10",2026-06-03 23:30:00-04:00,2026-06-03 23:45:00-04:00,1807.60,1793.1,yes
KXETH15M-26JUN032330,"Target Price: $1,791.05",2026-06-03 23:15:00-04:00,2026-06-03 23:30:00-04:00,1793.10,1791.05,yes
KXETH15M-26JUN032315,"Target Price: $1,764.93",2026-06-03 23:00:00-04:00,2026-06-03 23:15:00-04:00,1791.05,1764.93,yes
KXETH15M-26JUN032300,"Target Price: $1,772.85",2026-06-03 22:45:00-04:00,2026-06-03 23:00:00-04:00,1764.93,1772.85,no
KXETH15M-26JUN032245,"Target Price: $1,764.92",2026-06-03 22:30:00-04:00,2026-06-03 22:45:00-04:00,1772.85,1764.92,yes
KXETH15M-26JUN032230,"Target Price: $1,746.02",2026-06-03 22:15:00-04:00,2026-06-03 22:30:00-04:00,1764.92,1746.02,yes
KXETH15M-26JUN032215,"Target Price: $1,757.69",2026-06-03 22:00:00-04:00,2026-06-03 22:15:00-04:00,1746.02,1757.69,no
KXETH15M-26JUN032200,"Target Price: $1,779.07",2026-06-03 21:45:00-04:00,2026-06-03 22:00:00-04:00,1757.69,1779.07,no
KXETH15M-26JUN032145,"Target Price: $1,772.76",2026-06-03 21:30:00-04:00,2026-06-03 21:45:00-04:00,1779.07,1772.76,yes
KXETH15M-26JUN032130,"Target Price: $1,784.96",2026-06-03 21:15:00-04:00,2026-06-03 21:30:00-04:00,1772.76,1784.96,no
KXETH15M-26JUN032115,"Target Price: $1,790.51",2026-06-03 21:00:00-04:00,2026-06-03 21:15:00-04:00,1784.96,1790.51,no
KXETH15M-26JUN032100,"Target Price: $1,796.60",2026-06-03 20:45:00-04:00,2026-06-03 21:00:00-04:00,1790.51,1796.6,no
KXETH15M-26JUN032045,"Target Price: $1,790.17",2026-06-03 20:30:00-04:00,2026-06-03 20:45:00-04:00,1796.60,1790.17,yes
KXETH15M-26JUN032030,"Target Price: $1,814.71",2026-06-03 20:15:00-04:00,2026-06-03 20:30:00-04:00,1790.17,1814.71,no
KXETH15M-26JUN032015,"Target Price: $1,810.96",2026-06-03 20:00:00-04:00,2026-06-03 20:15:00-04:00,1814.71,1810.96,yes
KXETH15M-26JUN032000,"Target Price: $1,814.12",2026-06-03 19:45:00-04:00,2026-06-03 20:00:00-04:00,1810.96,1814.12,no
KXETH15M-26JUN031945,"Target Price: $1,819.63",2026-06-03 19:30:00-04:00,2026-06-03 19:45:00-04:00,1814.12,1819.63,no
KXETH15M-26JUN031930,"Target Price: $1,822.51",2026-06-03 19:15:00-04:00,2026-06-03 19:30:00-04:00,1819.63,1822.51,no
KXETH15M-26JUN031915,"Target Price: $1,825.29",2026-06-03 19:00:00-04:00,2026-06-03 19:15:00-04:00,1822.51,1825.29,no
KXETH15M-26JUN031900,"Target Price: $1,828.38",2026-06-03 18:45:00-04:00,2026-06-03 19:00:00-04:00,1825.29,1828.38,no
KXETH15M-26JUN031845,"Target Price: $1,827.17",2026-06-03 18:30:00-04:00,2026-06-03 18:45:00-04:00,1828.38,1827.17,yes
KXETH15M-26JUN031830,"Target Price: $1,835.25",2026-06-03 18:15:00-04:00,2026-06-03 18:30:00-04:00,1827.17,1835.25,no
KXETH15M-26JUN031815,"Target Price: $1,845.63",2026-06-03 18:00:00-04:00,2026-06-03 18:15:00-04:00,1835.25,1845.63,no
KXETH15M-26JUN031800,"Target Price: $1,826.61",2026-06-03 17:45:00-04:00,2026-06-03 18:00:00-04:00,1845.63,1826.61,yes
KXETH15M-26JUN031745,"Target Price: $1,799.65",2026-06-03 17:30:00-04:00,2026-06-03 17:45:00-04:00,1826.61,1799.65,yes
KXETH15M-26JUN031730,"Target Price: $1,796.35",2026-06-03 17:15:00-04:00,2026-06-03 17:30:00-04:00,1799.65,1796.35,yes
KXETH15M-26JUN031715,"Target Price: $1,778.92",2026-06-03 17:00:00-04:00,2026-06-03 17:15:00-04:00,1796.35,1778.92,yes
KXETH15M-26JUN031700,"Target Price: $1,792.76",2026-06-03 16:45:00-04:00,2026-06-03 17:00:00-04:00,1778.92,1792.76,no
KXETH15M-26JUN031645,"Target Price: $1,807.56",2026-06-03 16:30:00-04:00,2026-06-03 16:45:00-04:00,1792.76,1807.56,no
KXETH15M-26JUN031630,"Target Price: $1,809.71",2026-06-03 16:15:00-04:00,2026-06-03 16:30:00-04:00,1807.56,1809.71,no
KXETH15M-26JUN031615,"Target Price: $1,801.86",2026-06-03 16:00:00-04:00,2026-06-03 16:15:00-04:00,1809.71,1801.86,yes
KXETH15M-26JUN031600,"Target Price: $1,818.61",2026-06-03 15:45:00-04:00,2026-06-03 16:00:00-04:00,1801.86,1818.61,no
KXETH15M-26JUN031545,"Target Price: $1,813.22",2026-06-03 15:30:00-04:00,2026-06-03 15:45:00-04:00,1818.61,1813.22,yes
KXETH15M-26JUN031530,"Target Price: $1,824.91",2026-06-03 15:15:00-04:00,2026-06-03 15:30:00-04:00,1813.22,1824.91,no
KXETH15M-26JUN031515,"Target Price: $1,830.06",2026-06-03 15:00:00-04:00,2026-06-03 15:15:00-04:00,1824.91,1830.06,no
KXETH15M-26JUN031500,"Target Price: $1,828.38",2026-06-03 14:45:00-04:00,2026-06-03 15:00:00-04:00,1830.06,1828.38,yes
KXETH15M-26JUN031445,"Target Price: $1,823.08",2026-06-03 14:30:00-04:00,2026-06-03 14:45:00-04:00,1828.38,1823.08,yes
KXETH15M-26JUN031430,"Target Price: $1,826.96",2026-06-03 14:15:00-04:00,2026-06-03 14:30:00-04:00,1823.08,1826.96,no
KXETH15M-26JUN031415,"Target Price: $1,826.14",2026-06-03 14:00:00-04:00,2026-06-03 14:15:00-04:00,1826.96,1826.14,yes
KXETH15M-26JUN031400,"Target Price: $1,833.77",2026-06-03 13:45:00-04:00,2026-06-03 14:00:00-04:00,1826.14,1833.77,no
KXETH15M-26JUN031345,"Target Price: $1,826.69",2026-06-03 13:30:00-04:00,2026-06-03 13:45:00-04:00,1833.77,1826.69,yes
KXETH15M-26JUN031330,"Target Price: $1,818.16",2026-06-03 13:15:00-04:00,2026-06-03 13:30:00-04:00,1826.69,1818.16,yes
KXETH15M-26JUN031315,"Target Price: $1,830.15",2026-06-03 13:00:00-04:00,2026-06-03 13:15:00-04:00,1818.16,1830.15,no
KXETH15M-26JUN031300,"Target Price: $1,825.71",2026-06-03 12:45:00-04:00,2026-06-03 13:00:00-04:00,1830.15,1825.71,yes
KXETH15M-26JUN031245,"Target Price: $1,817.09",2026-06-03 12:30:00-04:00,2026-06-03 12:45:00-04:00,1825.71,1817.09,yes
KXETH15M-26JUN031230,"Target Price: $1,834.25",2026-06-03 12:15:00-04:00,2026-06-03 12:30:00-04:00,1817.09,1834.25,no
KXETH15M-26JUN031215,"Target Price: $1,834.42",2026-06-03 12:00:00-04:00,2026-06-03 12:15:00-04:00,1834.25,1834.42,no
KXETH15M-26JUN031200,"Target Price: $1,844.01",2026-06-03 11:45:00-04:00,2026-06-03 12:00:00-04:00,1834.42,1844.01,no
KXETH15M-26JUN031145,"Target Price: $1,850.72",2026-06-03 11:30:00-04:00,2026-06-03 11:45:00-04:00,1844.01,1850.72,no
KXETH15M-26JUN031130,"Target Price: $1,848.18",2026-06-03 11:15:00-04:00,2026-06-03 11:30:00-04:00,1850.72,1848.18,yes
KXETH15M-26JUN031115,"Target Price: $1,855.16",2026-06-03 11:00:00-04:00,2026-06-03 11:15:00-04:00,1848.18,1855.16,no
KXETH15M-26JUN031100,"Target Price: $1,851.42",2026-06-03 10:45:00-04:00,2026-06-03 11:00:00-04:00,1855.16,1851.42,yes
KXETH15M-26JUN031045,"Target Price: $1,853.90",2026-06-03 10:30:00-04:00,2026-06-03 10:45:00-04:00,1851.42,1853.9,no
KXETH15M-26JUN031030,"Target Price: $1,862.40",2026-06-03 10:15:00-04:00,2026-06-03 10:30:00-04:00,1853.90,1862.4,no
KXETH15M-26JUN031015,"Target Price: $1,864.66",2026-06-03 10:00:00-04:00,2026-06-03 10:15:00-04:00,1862.40,1864.66,no
KXETH15M-26JUN031000,"Target Price: $1,862.00",2026-06-03 09:45:00-04:00,2026-06-03 10:00:00-04:00,1864.66,1862.0,yes
KXETH15M-26JUN030945,"Target Price: $1,866.85",2026-06-03 09:30:00-04:00,2026-06-03 09:45:00-04:00,1862.00,1866.85,no
KXETH15M-26JUN030930,"Target Price: $1,872.74",2026-06-03 09:15:00-04:00,2026-06-03 09:30:00-04:00,1866.85,1872.74,no
KXETH15M-26JUN030915,"Target Price: $1,874.43",2026-06-03 09:00:00-04:00,2026-06-03 09:15:00-04:00,1872.74,1874.43,no
KXETH15M-26JUN030900,"Target Price: $1,870.14",2026-06-03 08:45:00-04:00,2026-06-03 09:00:00-04:00,1874.43,1870.14,yes
KXETH15M-26JUN030845,"Target Price: $1,870.90",2026-06-03 08:30:00-04:00,2026-06-03 08:45:00-04:00,1870.14,1870.9,no
KXETH15M-26JUN030830,"Target Price: $1,872.28",2026-06-03 08:15:00-04:00,2026-06-03 08:30:00-04:00,1870.90,1872.28,no
KXETH15M-26JUN030815,"Target Price: $1,876.04",2026-06-03 08:00:00-04:00,2026-06-03 08:15:00-04:00,1872.28,1876.04,no
KXETH15M-26JUN030800,"Target Price: $1,879.37",2026-06-03 07:45:00-04:00,2026-06-03 08:00:00-04:00,1876.04,1879.37,no
KXETH15M-26JUN030745,"Target Price: $1,883.98",2026-06-03 07:30:00-04:00,2026-06-03 07:45:00-04:00,1879.37,1883.98,no
KXETH15M-26JUN030730,"Target Price: $1,884.14",2026-06-03 07:15:00-04:00,2026-06-03 07:30:00-04:00,1883.98,1884.14,no
KXETH15M-26JUN030715,"Target Price: $1,882.30",2026-06-03 07:00:00-04:00,2026-06-03 07:15:00-04:00,1884.14,1882.3,yes
KXETH15M-26JUN030700,"Target Price: $1,881.54",2026-06-03 06:45:00-04:00,2026-06-03 07:00:00-04:00,1882.30,1881.54,yes
KXETH15M-26JUN030645,"Target Price: $1,883.50",2026-06-03 06:30:00-04:00,2026-06-03 06:45:00-04:00,1881.54,1883.5,no
KXETH15M-26JUN030630,"Target Price: $1,883.30",2026-06-03 06:15:00-04:00,2026-06-03 06:30:00-04:00,1883.50,1883.3,yes
KXETH15M-26JUN030615,"Target Price: $1,874.77",2026-06-03 06:00:00-04:00,2026-06-03 06:15:00-04:00,1883.30,1874.77,yes
KXETH15M-26JUN030600,"Target Price: $1,870.10",2026-06-03 05:45:00-04:00,2026-06-03 06:00:00-04:00,1874.77,1870.1,yes
KXETH15M-26JUN030545,"Target Price: $1,875.58",2026-06-03 05:30:00-04:00,2026-06-03 05:45:00-04:00,1870.10,1875.58,no
KXETH15M-26JUN030530,"Target Price: $1,876.94",2026-06-03 05:15:00-04:00,2026-06-03 05:30:00-04:00,1875.58,1876.94,no
KXETH15M-26JUN030515,"Target Price: $1,877.66",2026-06-03 05:00:00-04:00,2026-06-03 05:15:00-04:00,1876.94,1877.66,no
KXETH15M-26JUN030500,"Target Price: $1,877.62",2026-06-03 04:45:00-04:00,2026-06-03 05:00:00-04:00,1877.66,1877.62,yes
KXETH15M-26JUN030445,"Target Price: $1,872.80",2026-06-03 04:30:00-04:00,2026-06-03 04:45:00-04:00,1877.62,1872.8,yes
KXETH15M-26JUN030430,"Target Price: $1,872.96",2026-06-03 04:15:00-04:00,2026-06-03 04:30:00-04:00,1872.80,1872.96,no
KXETH15M-26JUN030415,"Target Price: $1,875.64",2026-06-03 04:00:00-04:00,2026-06-03 04:15:00-04:00,1872.96,1875.64,no
KXETH15M-26JUN030400,"Target Price: $1,874.43",2026-06-03 03:45:00-04:00,2026-06-03 04:00:00-04:00,1875.64,1874.43,yes
KXETH15M-26JUN030345,"Target Price: $1,875.50",2026-06-03 03:30:00-04:00,2026-06-03 03:45:00-04:00,1874.43,1875.5,no
KXETH15M-26JUN030330,"Target Price: $1,872.21",2026-06-03 03:15:00-04:00,2026-06-03 03:30:00-04:00,1875.50,1872.21,yes
KXETH15M-26JUN030315,"Target Price: $1,869.42",2026-06-03 03:00:00-04:00,2026-06-03 03:15:00-04:00,1872.21,1869.42,yes
KXETH15M-26JUN030300,"Target Price: $1,878.30",2026-06-03 02:45:00-04:00,2026-06-03 03:00:00-04:00,1869.42,1878.3,no
KXETH15M-26JUN030245,"Target Price: $1,870.03",2026-06-03 02:30:00-04:00,2026-06-03 02:45:00-04:00,1878.30,1870.03,yes
KXETH15M-26JUN030230,"Target Price: $1,871.97",2026-06-03 02:15:00-04:00,2026-06-03 02:30:00-04:00,1870.03,1871.97,no
KXETH15M-26JUN030215,"Target Price: $1,871.82",2026-06-03 02:00:00-04:00,2026-06-03 02:15:00-04:00,1871.97,1871.82,yes
KXETH15M-26JUN030200,"Target Price: $1,863.60",2026-06-03 01:45:00-04:00,2026-06-03 02:00:00-04:00,1871.82,1863.6,yes
KXETH15M-26JUN030145,"Target Price: $1,866.77",2026-06-03 01:30:00-04:00,2026-06-03 01:45:00-04:00,1863.60,1866.77,no
KXETH15M-26JUN030130,"Target Price: $1,867.08",2026-06-03 01:15:00-04:00,2026-06-03 01:30:00-04:00,1866.77,1867.08,no
KXETH15M-26JUN030115,"Target Price: $1,848.81",2026-06-03 01:00:00-04:00,2026-06-03 01:15:00-04:00,1867.08,1848.81,yes
KXETH15M-26JUN030100,"Target Price: $1,841.65",2026-06-03 00:45:00-04:00,2026-06-03 01:00:00-04:00,1848.81,1841.65,yes
KXETH15M-26JUN030045,"Target Price: $1,843.19",2026-06-03 00:30:00-04:00,2026-06-03 00:45:00-04:00,1841.65,1843.19,no
KXETH15M-26JUN030030,"Target Price: $1,838.00",2026-06-03 00:15:00-04:00,2026-06-03 00:30:00-04:00,1843.19,1838.0,yes
KXETH15M-26JUN030015,"Target Price: $1,825.56",2026-06-03 00:00:00-04:00,2026-06-03 00:15:00-04:00,1838.00,1825.56,yes
KXETH15M-26JUN030000,"Target Price: $1,824.89",2026-06-02 23:45:00-04:00,2026-06-03 00:00:00-04:00,1825.56,1824.89,yes
KXETH15M-26JUN022345,"Target Price: $1,841.07",2026-06-02 23:30:00-04:00,2026-06-02 23:45:00-04:00,1824.89,1841.07,no
KXETH15M-26JUN022330,"Target Price: $1,848.21",2026-06-02 23:15:00-04:00,2026-06-02 23:30:00-04:00,1841.07,1848.21,no
KXETH15M-26JUN022315,"Target Price: $1,852.11",2026-06-02 23:00:00-04:00,2026-06-02 23:15:00-04:00,1848.21,1852.11,no
KXETH15M-26JUN022300,"Target Price: $1,853.98",2026-06-02 22:45:00-04:00,2026-06-02 23:00:00-04:00,1852.11,1853.98,no
KXETH15M-26JUN022245,"Target Price: $1,852.11",2026-06-02 22:30:00-04:00,2026-06-02 22:45:00-04:00,1853.98,1852.11,yes
KXETH15M-26JUN022230,"Target Price: $1,858.30",2026-06-02 22:15:00-04:00,2026-06-02 22:30:00-04:00,1852.11,1858.3,no
KXETH15M-26JUN022215,"Target Price: $1,862.20",2026-06-02 22:00:00-04:00,2026-06-02 22:15:00-04:00,1858.30,1862.2,no
KXETH15M-26JUN022200,"Target Price: $1,848.88",2026-06-02 21:45:00-04:00,2026-06-02 22:00:00-04:00,1862.20,1848.88,yes
KXETH15M-26JUN022145,"Target Price: $1,865.67",2026-06-02 21:30:00-04:00,2026-06-02 21:45:00-04:00,1848.88,1865.67,no
KXETH15M-26JUN022130,"Target Price: $1,856.37",2026-06-02 21:15:00-04:00,2026-06-02 21:30:00-04:00,1865.67,1856.37,yes
KXETH15M-26JUN022115,"Target Price: $1,865.99",2026-06-02 21:00:00-04:00,2026-06-02 21:15:00-04:00,1856.37,1865.99,no
KXETH15M-26JUN022100,"Target Price: $1,867.66",2026-06-02 20:45:00-04:00,2026-06-02 21:00:00-04:00,1865.99,1867.66,no
KXETH15M-26JUN022045,"Target Price: $1,861.46",2026-06-02 20:30:00-04:00,2026-06-02 20:45:00-04:00,1867.66,1861.46,yes
KXETH15M-26JUN022030,"Target Price: $1,865.28",2026-06-02 20:15:00-04:00,2026-06-02 20:30:00-04:00,1861.46,1865.28,no
KXETH15M-26JUN022015,"Target Price: $1,857.56",2026-06-02 20:00:00-04:00,2026-06-02 20:15:00-04:00,1865.28,1857.56,yes
KXETH15M-26JUN022000,"Target Price: $1,851.83",2026-06-02 19:45:00-04:00,2026-06-02 20:00:00-04:00,1857.56,1851.83,yes
KXETH15M-26JUN021945,"Target Price: $1,845.99",2026-06-02 19:30:00-04:00,2026-06-02 19:45:00-04:00,1851.83,1845.99,yes
KXETH15M-26JUN021930,"Target Price: $1,868.54",2026-06-02 19:15:00-04:00,2026-06-02 19:30:00-04:00,1845.99,1868.54,no
KXETH15M-26JUN021915,"Target Price: $1,863.86",2026-06-02 19:00:00-04:00,2026-06-02 19:15:00-04:00,1868.54,1863.86,yes
KXETH15M-26JUN021900,"Target Price: $1,889.76",2026-06-02 18:45:00-04:00,2026-06-02 19:00:00-04:00,1863.86,1889.76,no
KXETH15M-26JUN021845,"Target Price: $1,900.39",2026-06-02 18:30:00-04:00,2026-06-02 18:45:00-04:00,1889.76,1900.39,no
KXETH15M-26JUN021830,"Target Price: $1,887.32",2026-06-02 18:15:00-04:00,2026-06-02 18:30:00-04:00,1900.39,1887.32,yes
KXETH15M-26JUN021815,"Target Price: $1,897.91",2026-06-02 18:00:00-04:00,2026-06-02 18:15:00-04:00,1887.32,1897.91,no
KXETH15M-26JUN021800,"Target Price: $1,902.67",2026-06-02 17:45:00-04:00,2026-06-02 18:00:00-04:00,1897.91,1902.67,no
KXETH15M-26JUN021745,"Target Price: $1,906.26",2026-06-02 17:30:00-04:00,2026-06-02 17:45:00-04:00,1902.67,1906.26,no
KXETH15M-26JUN021730,"Target Price: $1,899.15",2026-06-02 17:15:00-04:00,2026-06-02 17:30:00-04:00,1906.26,1899.15,yes
KXETH15M-26JUN021715,"Target Price: $1,904.62",2026-06-02 17:00:00-04:00,2026-06-02 17:15:00-04:00,1899.15,1904.62,no
KXETH15M-26JUN021700,"Target Price: $1,897.88",2026-06-02 16:45:00-04:00,2026-06-02 17:00:00-04:00,1904.62,1897.88,yes
KXETH15M-26JUN021645,"Target Price: $1,894.48",2026-06-02 16:30:00-04:00,2026-06-02 16:45:00-04:00,1897.88,1894.48,yes
KXETH15M-26JUN021630,"Target Price: $1,911.23",2026-06-02 16:15:00-04:00,2026-06-02 16:30:00-04:00,1894.48,1911.23,no
KXETH15M-26JUN021615,"Target Price: $1,908.96",2026-06-02 16:00:00-04:00,2026-06-02 16:15:00-04:00,1911.23,1908.96,yes
KXETH15M-26JUN021600,"Target Price: $1,899.29",2026-06-02 15:45:00-04:00,2026-06-02 16:00:00-04:00,1908.96,1899.29,yes
KXETH15M-26JUN021545,"Target Price: $1,902.50",2026-06-02 15:30:00-04:00,2026-06-02 15:45:00-04:00,1899.29,1902.5,no
KXETH15M-26JUN021530,"Target Price: $1,912.24",2026-06-02 15:15:00-04:00,2026-06-02 15:30:00-04:00,1902.50,1912.24,no
KXETH15M-26JUN021515,"Target Price: $1,910.32",2026-06-02 15:00:00-04:00,2026-06-02 15:15:00-04:00,1912.24,1910.32,yes
KXETH15M-26JUN021500,"Target Price: $1,909.08",2026-06-02 14:45:00-04:00,2026-06-02 15:00:00-04:00,1910.32,1909.08,yes
KXETH15M-26JUN021445,"Target Price: $1,911.84",2026-06-02 14:30:00-04:00,2026-06-02 14:45:00-04:00,1909.08,1911.84,no
KXETH15M-26JUN021430,"Target Price: $1,920.59",2026-06-02 14:15:00-04:00,2026-06-02 14:30:00-04:00,1911.84,1920.59,no
KXETH15M-26JUN021415,"Target Price: $1,920.70",2026-06-02 14:00:00-04:00,2026-06-02 14:15:00-04:00,1920.59,1920.7,no
KXETH15M-26JUN021400,"Target Price: $1,920.69",2026-06-02 13:45:00-04:00,2026-06-02 14:00:00-04:00,1920.70,1920.69,yes
KXETH15M-26JUN021345,"Target Price: $1,925.03",2026-06-02 13:30:00-04:00,2026-06-02 13:45:00-04:00,1920.69,1925.03,no
KXETH15M-26JUN021330,"Target Price: $1,921.63",2026-06-02 13:15:00-04:00,2026-06-02 13:30:00-04:00,1925.03,1921.63,yes
KXETH15M-26JUN021315,"Target Price: $1,918.13",2026-06-02 13:00:00-04:00,2026-06-02 13:15:00-04:00,1921.63,1918.13,yes
KXETH15M-26JUN021300,"Target Price: $1,922.48",2026-06-02 12:45:00-04:00,2026-06-02 13:00:00-04:00,1918.13,1922.48,no
KXETH15M-26JUN021245,"Target Price: $1,926.36",2026-06-02 12:30:00-04:00,2026-06-02 12:45:00-04:00,1922.48,1926.36,no
KXETH15M-26JUN021230,"Target Price: $1,929.52",2026-06-02 12:15:00-04:00,2026-06-02 12:30:00-04:00,1926.36,1929.52,no
KXETH15M-26JUN021215,"Target Price: $1,912.64",2026-06-02 12:00:00-04:00,2026-06-02 12:15:00-04:00,1929.52,1912.64,yes
KXETH15M-26JUN021200,"Target Price: $1,907.31",2026-06-02 11:45:00-04:00,2026-06-02 12:00:00-04:00,1912.64,1907.31,yes
KXETH15M-26JUN021145,"Target Price: $1,911.56",2026-06-02 11:30:00-04:00,2026-06-02 11:45:00-04:00,1907.31,1911.56,no
KXETH15M-26JUN021130,"Target Price: $1,930.83",2026-06-02 11:15:00-04:00,2026-06-02 11:30:00-04:00,1911.56,1930.83,no
KXETH15M-26JUN021115,"Target Price: $1,937.45",2026-06-02 11:00:00-04:00,2026-06-02 11:15:00-04:00,1930.83,1937.45,no
KXETH15M-26JUN021100,"Target Price: $1,932.28",2026-06-02 10:45:00-04:00,2026-06-02 11:00:00-04:00,1937.45,1932.28,yes
KXETH15M-26JUN021045,"Target Price: $1,935.03",2026-06-02 10:30:00-04:00,2026-06-02 10:45:00-04:00,1932.28,1935.03,no
KXETH15M-26JUN021030,"Target Price: $1,966.24",2026-06-02 10:15:00-04:00,2026-06-02 10:30:00-04:00,1935.03,1966.24,no
KXETH15M-26JUN021015,"Target Price: $1,971.67",2026-06-02 10:00:00-04:00,2026-06-02 10:15:00-04:00,1966.24,1971.67,no
KXETH15M-26JUN021000,"Target Price: $1,974.11",2026-06-02 09:45:00-04:00,2026-06-02 10:00:00-04:00,1971.67,1974.11,no
KXETH15M-26JUN020945,"Target Price: $1,976.21",2026-06-02 09:30:00-04:00,2026-06-02 09:45:00-04:00,1974.11,1976.21,no
KXETH15M-26JUN020930,"Target Price: $1,971.53",2026-06-02 09:15:00-04:00,2026-06-02 09:30:00-04:00,1976.21,1971.53,yes
KXETH15M-26JUN020915,"Target Price: $1,975.45",2026-06-02 09:00:00-04:00,2026-06-02 09:15:00-04:00,1971.53,1975.45,no
KXETH15M-26JUN020900,"Target Price: $1,976.66",2026-06-02 08:45:00-04:00,2026-06-02 09:00:00-04:00,1975.45,1976.66,no
KXETH15M-26JUN020845,"Target Price: $1,977.12",2026-06-02 08:30:00-04:00,2026-06-02 08:45:00-04:00,1976.66,1977.12,no
KXETH15M-26JUN020830,"Target Price: $1,975.43",2026-06-02 08:15:00-04:00,2026-06-02 08:30:00-04:00,1977.12,1975.43,yes
KXETH15M-26JUN020815,"Target Price: $1,976.42",2026-06-02 08:00:00-04:00,2026-06-02 08:15:00-04:00,1975.43,1976.42,no
KXETH15M-26JUN020800,"Target Price: $1,976.70",2026-06-02 07:45:00-04:00,2026-06-02 08:00:00-04:00,1976.42,1976.7,no
KXETH15M-26JUN020745,"Target Price: $1,975.14",2026-06-02 07:30:00-04:00,2026-06-02 07:45:00-04:00,1976.70,1975.14,yes
KXETH15M-26JUN020730,"Target Price: $1,978.32",2026-06-02 07:15:00-04:00,2026-06-02 07:30:00-04:00,1975.14,1978.32,no
KXETH15M-26JUN020715,"Target Price: $1,980.88",2026-06-02 07:00:00-04:00,2026-06-02 07:15:00-04:00,1978.32,1980.88,no
KXETH15M-26JUN020700,"Target Price: $1,973.41",2026-06-02 06:45:00-04:00,2026-06-02 07:00:00-04:00,1980.88,1973.41,yes
KXETH15M-26JUN020645,"Target Price: $1,976.48",2026-06-02 06:30:00-04:00,2026-06-02 06:45:00-04:00,1973.41,1976.48,no
KXETH15M-26JUN020630,"Target Price: $1,975.63",2026-06-02 06:15:00-04:00,2026-06-02 06:30:00-04:00,1976.48,1975.63,yes
KXETH15M-26JUN020615,"Target Price: $1,972.12",2026-06-02 06:00:00-04:00,2026-06-02 06:15:00-04:00,1975.63,1972.12,yes
KXETH15M-26JUN020600,"Target Price: $1,969.76",2026-06-02 05:45:00-04:00,2026-06-02 06:00:00-04:00,1972.12,1969.76,yes
KXETH15M-26JUN020545,"Target Price: $1,965.35",2026-06-02 05:30:00-04:00,2026-06-02 05:45:00-04:00,1969.76,1965.35,yes
KXETH15M-26JUN020530,"Target Price: $1,969.94",2026-06-02 05:15:00-04:00,2026-06-02 05:30:00-04:00,1965.35,1969.94,no
KXETH15M-26JUN020515,"Target Price: $1,975.77",2026-06-02 05:00:00-04:00,2026-06-02 05:15:00-04:00,1969.94,1975.77,no
KXETH15M-26JUN020500,"Target Price: $1,978.60",2026-06-02 04:45:00-04:00,2026-06-02 05:00:00-04:00,1975.77,1978.6,no
KXETH15M-26JUN020445,"Target Price: $1,982.35",2026-06-02 04:30:00-04:00,2026-06-02 04:45:00-04:00,1978.60,1982.35,no
KXETH15M-26JUN020430,"Target Price: $1,981.06",2026-06-02 04:15:00-04:00,2026-06-02 04:30:00-04:00,1982.35,1981.06,yes
KXETH15M-26JUN020415,"Target Price: $1,979.40",2026-06-02 04:00:00-04:00,2026-06-02 04:15:00-04:00,1981.06,1979.4,yes
KXETH15M-26JUN020400,"Target Price: $1,983.60",2026-06-02 03:45:00-04:00,2026-06-02 04:00:00-04:00,1979.40,1983.6,no
KXETH15M-26JUN020345,"Target Price: $1,975.23",2026-06-02 03:30:00-04:00,2026-06-02 03:45:00-04:00,1983.60,1975.23,yes
KXETH15M-26JUN020330,"Target Price: $1,978.46",2026-06-02 03:15:00-04:00,2026-06-02 03:30:00-04:00,1975.23,1978.46,no
KXETH15M-26JUN020315,"Target Price: $1,979.18",2026-06-02 03:00:00-04:00,2026-06-02 03:15:00-04:00,1978.46,1979.18,no
KXETH15M-26JUN020300,"Target Price: $1,982.24",2026-06-02 02:45:00-04:00,2026-06-02 03:00:00-04:00,1979.18,1982.24,no
KXETH15M-26JUN020245,"Target Price: $1,982.06",2026-06-02 02:30:00-04:00,2026-06-02 02:45:00-04:00,1982.24,1982.06,yes
KXETH15M-26JUN020230,"Target Price: $1,979.41",2026-06-02 02:15:00-04:00,2026-06-02 02:30:00-04:00,1982.06,1979.41,yes
KXETH15M-26JUN020215,"Target Price: $1,982.52",2026-06-02 02:00:00-04:00,2026-06-02 02:15:00-04:00,1979.41,1982.52,no
KXETH15M-26JUN020200,"Target Price: $1,988.03",2026-06-02 01:45:00-04:00,2026-06-02 02:00:00-04:00,1982.52,1988.03,no
KXETH15M-26JUN020145,"Target Price: $1,989.41",2026-06-02 01:30:00-04:00,2026-06-02 01:45:00-04:00,1988.03,1989.41,no
KXETH15M-26JUN020130,"Target Price: $1,997.24",2026-06-02 01:15:00-04:00,2026-06-02 01:30:00-04:00,1989.41,1997.24,no
KXETH15M-26JUN020115,"Target Price: $1,994.22",2026-06-02 01:00:00-04:00,2026-06-02 01:15:00-04:00,1997.24,1994.22,yes
KXETH15M-26JUN020100,"Target Price: $1,998.98",2026-06-02 00:45:00-04:00,2026-06-02 01:00:00-04:00,1994.22,1998.98,no
KXETH15M-26JUN020045,"Target Price: $2,002.49",2026-06-02 00:30:00-04:00,2026-06-02 00:45:00-04:00,1998.98,2002.49,no
KXETH15M-26JUN020030,"Target Price: $1,995.97",2026-06-02 00:15:00-04:00,2026-06-02 00:30:00-04:00,2002.49,1995.97,yes
KXETH15M-26JUN020015,"Target Price: $2,000.71",2026-06-02 00:00:00-04:00,2026-06-02 00:15:00-04:00,1995.97,2000.71,no
KXETH15M-26JUN020000,"Target Price: $2,000.84",2026-06-01 23:45:00-04:00,2026-06-02 00:00:00-04:00,2000.71,2000.84,no
KXETH15M-26JUN012345,"Target Price: $1,997.65",2026-06-01 23:30:00-04:00,2026-06-01 23:45:00-04:00,2000.84,1997.65,yes
KXETH15M-26JUN012330,"Target Price: $1,995.82",2026-06-01 23:15:00-04:00,2026-06-01 23:30:00-04:00,1997.65,1995.82,yes
KXETH15M-26JUN012315,"Target Price: $1,991.82",2026-06-01 23:00:00-04:00,2026-06-01 23:15:00-04:00,1995.82,1991.82,yes
KXETH15M-26JUN012300,"Target Price: $1,982.71",2026-06-01 22:45:00-04:00,2026-06-01 23:00:00-04:00,1991.82,1982.71,yes
KXETH15M-26JUN012245,"Target Price: $1,985.74",2026-06-01 22:30:00-04:00,2026-06-01 22:45:00-04:00,1982.71,1985.74,no
KXETH15M-26JUN012230,"Target Price: $1,967.31",2026-06-01 22:15:00-04:00,2026-06-01 22:30:00-04:00,1985.74,1967.31,yes
KXETH15M-26JUN012215,"Target Price: $1,979.21",2026-06-01 22:00:00-04:00,2026-06-01 22:15:00-04:00,1967.31,1979.21,no
KXETH15M-26JUN012200,"Target Price: $1,983.94",2026-06-01 21:45:00-04:00,2026-06-01 22:00:00-04:00,1979.21,1983.94,no
KXETH15M-26JUN012145,"Target Price: $1,992.06",2026-06-01 21:30:00-04:00,2026-06-01 21:45:00-04:00,1983.94,1992.06,no
KXETH15M-26JUN012130,"Target Price: $1,995.33",2026-06-01 21:15:00-04:00,2026-06-01 21:30:00-04:00,1992.06,1995.33,no
KXETH15M-26JUN012115,"Target Price: $1,993.85",2026-06-01 21:00:00-04:00,2026-06-01 21:15:00-04:00,1995.33,1993.85,yes
KXETH15M-26JUN012100,"Target Price: $1,994.64",2026-06-01 20:45:00-04:00,2026-06-01 21:00:00-04:00,1993.85,1994.64,no
KXETH15M-26JUN012045,"Target Price: $1,997.41",2026-06-01 20:30:00-04:00,2026-06-01 20:45:00-04:00,1994.64,1997.41,no
KXETH15M-26JUN012030,"Target Price: $2,001.13",2026-06-01 20:15:00-04:00,2026-06-01 20:30:00-04:00,1997.41,2001.13,no
KXETH15M-26JUN012015,"Target Price: $2,004.17",2026-06-01 20:00:00-04:00,2026-06-01 20:15:00-04:00,2001.13,2004.17,no
KXETH15M-26JUN012000,"Target Price: $2,003.13",2026-06-01 19:45:00-04:00,2026-06-01 20:00:00-04:00,2004.17,2003.13,yes
KXETH15M-26JUN011945,"Target Price: $1,996.52",2026-06-01 19:30:00-04:00,2026-06-01 19:45:00-04:00,2003.13,1996.52,yes
KXETH15M-26JUN011930,"Target Price: $2,000.33",2026-06-01 19:15:00-04:00,2026-06-01 19:30:00-04:00,1996.52,2000.33,no
KXETH15M-26JUN011915,"Target Price: $2,002.25",2026-06-01 19:00:00-04:00,2026-06-01 19:15:00-04:00,2000.33,2002.25,no
KXETH15M-26JUN011900,"Target Price: $1,992.65",2026-06-01 18:45:00-04:00,2026-06-01 19:00:00-04:00,2002.25,1992.65,yes
KXETH15M-26JUN011845,"Target Price: $1,997.50",2026-06-01 18:30:00-04:00,2026-06-01 18:45:00-04:00,1992.65,1997.5,no
KXETH15M-26JUN011830,"Target Price: $1,988.21",2026-06-01 18:15:00-04:00,2026-06-01 18:30:00-04:00,1997.50,1988.21,yes
KXETH15M-26JUN011815,"Target Price: $1,992.23",2026-06-01 18:00:00-04:00,2026-06-01 18:15:00-04:00,1988.21,1992.23,no
KXETH15M-26JUN011800,"Target Price: $1,990.67",2026-06-01 17:45:00-04:00,2026-06-01 18:00:00-04:00,1992.23,1990.67,yes
KXETH15M-26JUN011745,"Target Price: $1,992.39",2026-06-01 17:30:00-04:00,2026-06-01 17:45:00-04:00,1990.67,1992.39,no
KXETH15M-26JUN011730,"Target Price: $1,996.02",2026-06-01 17:15:00-04:00,2026-06-01 17:30:00-04:00,1992.39,1996.02,no
KXETH15M-26JUN011715,"Target Price: $2,002.44",2026-06-01 17:00:00-04:00,2026-06-01 17:15:00-04:00,1996.02,2002.44,no
KXETH15M-26JUN011700,"Target Price: $2,004.90",2026-06-01 16:45:00-04:00,2026-06-01 17:00:00-04:00,2002.44,2004.9,no
KXETH15M-26JUN011645,"Target Price: $2,002.00",2026-06-01 16:30:00-04:00,2026-06-01 16:45:00-04:00,2004.90,2002.0,yes
KXETH15M-26JUN011630,"Target Price: $2,000.16",2026-06-01 16:15:00-04:00,2026-06-01 16:30:00-04:00,2002.00,2000.16,yes
KXETH15M-26JUN011615,"Target Price: $2,001.75",2026-06-01 16:00:00-04:00,2026-06-01 16:15:00-04:00,2000.16,2001.75,no
KXETH15M-26JUN011600,"Target Price: $2,003.73",2026-06-01 15:45:00-04:00,2026-06-01 16:00:00-04:00,2001.75,2003.73,no
KXETH15M-26JUN011545,"Target Price: $1,997.80",2026-06-01 15:30:00-04:00,2026-06-01 15:45:00-04:00,2003.73,1997.8,yes
KXETH15M-26JUN011530,"Target Price: $1,992.72",2026-06-01 15:15:00-04:00,2026-06-01 15:30:00-04:00,1997.80,1992.72,yes
KXETH15M-26JUN011515,"Target Price: $1,991.16",2026-06-01 15:00:00-04:00,2026-06-01 15:15:00-04:00,1992.72,1991.16,yes
KXETH15M-26JUN011500,"Target Price: $1,990.51",2026-06-01 14:45:00-04:00,2026-06-01 15:00:00-04:00,1991.16,1990.51,yes
KXETH15M-26JUN011445,"Target Price: $1,988.94",2026-06-01 14:30:00-04:00,2026-06-01 14:45:00-04:00,1990.51,1988.94,yes
KXETH15M-26JUN011430,"Target Price: $1,982.51",2026-06-01 14:15:00-04:00,2026-06-01 14:30:00-04:00,1988.94,1982.51,yes
KXETH15M-26JUN011415,"Target Price: $1,988.51",2026-06-01 14:00:00-04:00,2026-06-01 14:15:00-04:00,1982.51,1988.51,no
KXETH15M-26JUN011400,"Target Price: $1,989.78",2026-06-01 13:45:00-04:00,2026-06-01 14:00:00-04:00,1988.51,1989.78,no
KXETH15M-26JUN011345,"Target Price: $1,983.35",2026-06-01 13:30:00-04:00,2026-06-01 13:45:00-04:00,1989.78,1983.35,yes
KXETH15M-26JUN011330,"Target Price: $1,981.79",2026-06-01 13:15:00-04:00,2026-06-01 13:30:00-04:00,1983.35,1981.79,yes
KXETH15M-26JUN011315,"Target Price: $1,975.09",2026-06-01 13:00:00-04:00,2026-06-01 13:15:00-04:00,1981.79,1975.09,yes
KXETH15M-26JUN011300,"Target Price: $1,969.03",2026-06-01 12:45:00-04:00,2026-06-01 13:00:00-04:00,1975.09,1969.03,yes
KXETH15M-26JUN011245,"Target Price: $1,966.71",2026-06-01 12:30:00-04:00,2026-06-01 12:45:00-04:00,1969.03,1966.71,yes
KXETH15M-26JUN011230,"Target Price: $1,962.41",2026-06-01 12:15:00-04:00,2026-06-01 12:30:00-04:00,1966.71,1962.41,yes
KXETH15M-26JUN011215,"Target Price: $1,964.88",2026-06-01 12:00:00-04:00,2026-06-01 12:15:00-04:00,1962.41,1964.88,no
KXETH15M-26JUN011200,"Target Price: $1,971.45",2026-06-01 11:45:00-04:00,2026-06-01 12:00:00-04:00,1964.88,1971.45,no
KXETH15M-26JUN011145,"Target Price: $1,959.52",2026-06-01 11:30:00-04:00,2026-06-01 11:45:00-04:00,1971.45,1959.52,yes
KXETH15M-26JUN011130,"Target Price: $1,967.20",2026-06-01 11:15:00-04:00,2026-06-01 11:30:00-04:00,1959.52,1967.2,no
KXETH15M-26JUN011115,"Target Price: $1,964.09",2026-06-01 11:00:00-04:00,2026-06-01 11:15:00-04:00,1967.20,1964.09,yes
KXETH15M-26JUN011100,"Target Price: $1,963.79",2026-06-01 10:45:00-04:00,2026-06-01 11:00:00-04:00,1964.09,1963.79,yes
KXETH15M-26JUN011045,"Target Price: $1,965.25",2026-06-01 10:30:00-04:00,2026-06-01 10:45:00-04:00,1963.79,1965.25,no
KXETH15M-26JUN011030,"Target Price: $1,966.97",2026-06-01 10:15:00-04:00,2026-06-01 10:30:00-04:00,1965.25,1966.97,no
KXETH15M-26JUN011015,"Target Price: $1,966.61",2026-06-01 10:00:00-04:00,2026-06-01 10:15:00-04:00,1966.97,1966.61,yes
KXETH15M-26JUN011000,"Target Price: $1,973.62",2026-06-01 09:45:00-04:00,2026-06-01 10:00:00-04:00,1966.61,1973.62,no
KXETH15M-26JUN010945,"Target Price: $1,973.81",2026-06-01 09:30:00-04:00,2026-06-01 09:45:00-04:00,1973.62,1973.81,no
KXETH15M-26JUN010930,"Target Price: $1,973.32",2026-06-01 09:15:00-04:00,2026-06-01 09:30:00-04:00,1973.81,1973.32,yes
KXETH15M-26JUN010915,"Target Price: $1,986.80",2026-06-01 09:00:00-04:00,2026-06-01 09:15:00-04:00,1973.32,1986.8,no
KXETH15M-26JUN010900,"Target Price: $1,989.63",2026-06-01 08:45:00-04:00,2026-06-01 09:00:00-04:00,1986.80,1989.63,no
KXETH15M-26JUN010845,"Target Price: $1,985.25",2026-06-01 08:30:00-04:00,2026-06-01 08:45:00-04:00,1989.63,1985.25,yes
KXETH15M-26JUN010830,"Target Price: $1,973.70",2026-06-01 08:15:00-04:00,2026-06-01 08:30:00-04:00,1985.25,1973.7,yes
KXETH15M-26JUN010815,"Target Price: $1,978.52",2026-06-01 08:00:00-04:00,2026-06-01 08:15:00-04:00,1973.70,1978.52,no
KXETH15M-26JUN010800,"Target Price: $1,983.79",2026-06-01 07:45:00-04:00,2026-06-01 08:00:00-04:00,1978.52,1983.79,no
KXETH15M-26JUN010745,"Target Price: $1,982.13",2026-06-01 07:30:00-04:00,2026-06-01 07:45:00-04:00,1983.79,1982.13,yes
KXETH15M-26JUN010730,"Target Price: $1,981.81",2026-06-01 07:15:00-04:00,2026-06-01 07:30:00-04:00,1982.13,1981.81,yes
KXETH15M-26JUN010715,"Target Price: $1,982.25",2026-06-01 07:00:00-04:00,2026-06-01 07:15:00-04:00,1981.81,1982.25,no
KXETH15M-26JUN010700,"Target Price: $1,982.52",2026-06-01 06:45:00-04:00,2026-06-01 07:00:00-04:00,1982.25,1982.52,no
KXETH15M-26JUN010645,"Target Price: $1,981.04",2026-06-01 06:30:00-04:00,2026-06-01 06:45:00-04:00,1982.52,1981.04,yes
KXETH15M-26JUN010630,"Target Price: $1,983.11",2026-06-01 06:15:00-04:00,2026-06-01 06:30:00-04:00,1981.04,1983.11,no
KXETH15M-26JUN010615,"Target Price: $1,985.48",2026-06-01 06:00:00-04:00,2026-06-01 06:15:00-04:00,1983.11,1985.48,no
KXETH15M-26JUN010600,"Target Price: $1,985.26",2026-06-01 05:45:00-04:00,2026-06-01 06:00:00-04:00,1985.48,1985.26,yes
KXETH15M-26JUN010545,"Target Price: $1,984.94",2026-06-01 05:30:00-04:00,2026-06-01 05:45:00-04:00,1985.26,1984.94,yes
KXETH15M-26JUN010530,"Target Price: $1,983.50",2026-06-01 05:15:00-04:00,2026-06-01 05:30:00-04:00,1984.94,1983.5,yes
KXETH15M-26JUN010515,"Target Price: $1,981.26",2026-06-01 05:00:00-04:00,2026-06-01 05:15:00-04:00,1983.50,1981.26,yes
KXETH15M-26JUN010500,"Target Price: $1,976.56",2026-06-01 04:45:00-04:00,2026-06-01 05:00:00-04:00,1981.26,1976.56,yes
KXETH15M-26JUN010445,"Target Price: $1,973.70",2026-06-01 04:30:00-04:00,2026-06-01 04:45:00-04:00,1976.56,1973.7,yes
KXETH15M-26JUN010430,"Target Price: $1,976.74",2026-06-01 04:15:00-04:00,2026-06-01 04:30:00-04:00,1973.70,1976.74,no
KXETH15M-26JUN010415,"Target Price: $1,974.37",2026-06-01 04:00:00-04:00,2026-06-01 04:15:00-04:00,1976.74,1974.37,yes
KXETH15M-26JUN010400,"Target Price: $1,980.70",2026-06-01 03:45:00-04:00,2026-06-01 04:00:00-04:00,1974.37,1980.7,no
