event_ticker,yes_sub_title,open_time,close_time,expiration_value,floor_strike,result
KXHYPE15M-26MAY311945,Target Price: $72.3707,2026-05-31 19:30:00-04:00,2026-05-31 19:45:00-04:00,71.8070,72.3707,no
KXHYPE15M-26MAY311930,Target Price: $72.3032,2026-05-31 19:15:00-04:00,2026-05-31 19:30:00-04:00,72.3707,72.3032,yes
KXHYPE15M-26MAY311915,Target Price: $72.5625,2026-05-31 19:00:00-04:00,2026-05-31 19:15:00-04:00,72.3032,72.5625,no
KXHYPE15M-26MAY311900,Target Price: $72.6748,2026-05-31 18:45:00-04:00,2026-05-31 19:00:00-04:00,72.5625,72.6748,no
KXHYPE15M-26MAY311845,Target Price: $72.2341,2026-05-31 18:30:00-04:00,2026-05-31 18:45:00-04:00,72.6748,72.2341,yes
KXHYPE15M-26MAY311830,Target Price: $71.7832,2026-05-31 18:15:00-04:00,2026-05-31 18:30:00-04:00,72.2341,71.7832,yes
KXHYPE15M-26MAY311815,Target Price: $71.3827,2026-05-31 18:00:00-04:00,2026-05-31 18:15:00-04:00,71.7832,71.3827,yes
KXHYPE15M-26MAY311800,Target Price: $71.3414,2026-05-31 17:45:00-04:00,2026-05-31 18:00:00-04:00,71.3827,71.3414,yes
KXHYPE15M-26MAY311745,Target Price: $70.8310,2026-05-31 17:30:00-04:00,2026-05-31 17:45:00-04:00,71.3414,70.831,yes
KXHYPE15M-26MAY311730,Target Price: $70.9482,2026-05-31 17:15:00-04:00,2026-05-31 17:30:00-04:00,70.8310,70.9482,no
KXHYPE15M-26MAY311715,Target Price: $70.0705,2026-05-31 17:00:00-04:00,2026-05-31 17:15:00-04:00,70.9482,70.0705,yes
KXHYPE15M-26MAY311700,Target Price: $69.5933,2026-05-31 16:45:00-04:00,2026-05-31 17:00:00-04:00,70.0705,69.5933,yes
KXHYPE15M-26MAY311645,Target Price: $69.1243,2026-05-31 16:30:00-04:00,2026-05-31 16:45:00-04:00,69.5933,69.1243,yes
KXHYPE15M-26MAY311630,Target Price: $69.0580,2026-05-31 16:15:00-04:00,2026-05-31 16:30:00-04:00,69.1243,69.058,yes
KXHYPE15M-26MAY311615,Target Price: $69.2054,2026-05-31 16:00:00-04:00,2026-05-31 16:15:00-04:00,69.0580,69.2054,no
KXHYPE15M-26MAY311600,Target Price: $68.9207,2026-05-31 15:45:00-04:00,2026-05-31 16:00:00-04:00,69.2054,68.9207,yes
KXHYPE15M-26MAY311545,Target Price: $68.7544,2026-05-31 15:30:00-04:00,2026-05-31 15:45:00-04:00,68.9207,68.7544,yes
KXHYPE15M-26MAY311530,Target Price: $68.8852,2026-05-31 15:15:00-04:00,2026-05-31 15:30:00-04:00,68.7544,68.8852,no
KXHYPE15M-26MAY311515,Target Price: $68.9179,2026-05-31 15:00:00-04:00,2026-05-31 15:15:00-04:00,68.8852,68.9179,no
KXHYPE15M-26MAY311500,Target Price: $68.8462,2026-05-31 14:45:00-04:00,2026-05-31 15:00:00-04:00,68.9179,68.8462,yes
KXHYPE15M-26MAY311445,Target Price: $68.7672,2026-05-31 14:30:00-04:00,2026-05-31 14:45:00-04:00,68.8462,68.7672,yes
KXHYPE15M-26MAY311430,Target Price: $68.8305,2026-05-31 14:15:00-04:00,2026-05-31 14:30:00-04:00,68.7672,68.8305,no
KXHYPE15M-26MAY311415,Target Price: $68.7694,2026-05-31 14:00:00-04:00,2026-05-31 14:15:00-04:00,68.8305,68.7694,yes
KXHYPE15M-26MAY311400,Target Price: $68.9532,2026-05-31 13:45:00-04:00,2026-05-31 14:00:00-04:00,68.7694,68.9532,no
KXHYPE15M-26MAY311345,Target Price: $68.5449,2026-05-31 13:30:00-04:00,2026-05-31 13:45:00-04:00,68.9532,68.5449,yes
KXHYPE15M-26MAY311330,Target Price: $68.0884,2026-05-31 13:15:00-04:00,2026-05-31 13:30:00-04:00,68.5449,68.0884,yes
KXHYPE15M-26MAY311315,Target Price: $67.8271,2026-05-31 13:00:00-04:00,2026-05-31 13:15:00-04:00,68.0884,67.8271,yes
KXHYPE15M-26MAY311300,Target Price: $67.8302,2026-05-31 12:45:00-04:00,2026-05-31 13:00:00-04:00,67.8271,67.8302,no
KXHYPE15M-26MAY311245,Target Price: $68.0829,2026-05-31 12:30:00-04:00,2026-05-31 12:45:00-04:00,67.8302,68.0829,no
KXHYPE15M-26MAY311230,Target Price: $68.3171,2026-05-31 12:15:00-04:00,2026-05-31 12:30:00-04:00,68.0829,68.3171,no
KXHYPE15M-26MAY311215,Target Price: $68.5860,2026-05-31 12:00:00-04:00,2026-05-31 12:15:00-04:00,68.3171,68.586,no
KXHYPE15M-26MAY311200,Target Price: $68.2297,2026-05-31 11:45:00-04:00,2026-05-31 12:00:00-04:00,68.5860,68.2297,yes
KXHYPE15M-26MAY311145,Target Price: $68.9651,2026-05-31 11:30:00-04:00,2026-05-31 11:45:00-04:00,68.2297,68.9651,no
KXHYPE15M-26MAY311130,Target Price: $68.6916,2026-05-31 11:15:00-04:00,2026-05-31 11:30:00-04:00,68.9651,68.6916,yes
KXHYPE15M-26MAY311115,Target Price: $68.1162,2026-05-31 11:00:00-04:00,2026-05-31 11:15:00-04:00,68.6916,68.1162,yes
KXHYPE15M-26MAY311100,Target Price: $68.1827,2026-05-31 10:45:00-04:00,2026-05-31 11:00:00-04:00,68.1162,68.1827,no
KXHYPE15M-26MAY311045,Target Price: $67.9236,2026-05-31 10:30:00-04:00,2026-05-31 10:45:00-04:00,68.1827,67.9236,yes
KXHYPE15M-26MAY311030,Target Price: $68.2698,2026-05-31 10:15:00-04:00,2026-05-31 10:30:00-04:00,67.9236,68.2698,no
KXHYPE15M-26MAY311015,Target Price: $67.9408,2026-05-31 10:00:00-04:00,2026-05-31 10:15:00-04:00,68.2698,67.9408,yes
KXHYPE15M-26MAY311000,Target Price: $68.0527,2026-05-31 09:45:00-04:00,2026-05-31 10:00:00-04:00,67.9408,68.0527,no
KXHYPE15M-26MAY310945,Target Price: $68.1507,2026-05-31 09:30:00-04:00,2026-05-31 09:45:00-04:00,68.0527,68.1507,no
KXHYPE15M-26MAY310930,Target Price: $68.0104,2026-05-31 09:15:00-04:00,2026-05-31 09:30:00-04:00,68.1507,68.0104,yes
KXHYPE15M-26MAY310915,Target Price: $67.9442,2026-05-31 09:00:00-04:00,2026-05-31 09:15:00-04:00,68.0104,67.9442,yes
KXHYPE15M-26MAY310900,Target Price: $68.2514,2026-05-31 08:45:00-04:00,2026-05-31 09:00:00-04:00,67.9442,68.2514,no
KXHYPE15M-26MAY310845,Target Price: $67.7971,2026-05-31 08:30:00-04:00,2026-05-31 08:45:00-04:00,68.2514,67.7971,yes
KXHYPE15M-26MAY310830,Target Price: $67.6903,2026-05-31 08:15:00-04:00,2026-05-31 08:30:00-04:00,67.7971,67.6903,yes
KXHYPE15M-26MAY310815,Target Price: $67.7164,2026-05-31 08:00:00-04:00,2026-05-31 08:15:00-04:00,67.6903,67.7164,no
KXHYPE15M-26MAY310800,Target Price: $67.4925,2026-05-31 07:45:00-04:00,2026-05-31 08:00:00-04:00,67.7164,67.4925,yes
KXHYPE15M-26MAY310745,Target Price: $67.5568,2026-05-31 07:30:00-04:00,2026-05-31 07:45:00-04:00,67.4925,67.5568,no
KXHYPE15M-26MAY310730,Target Price: $68.0228,2026-05-31 07:15:00-04:00,2026-05-31 07:30:00-04:00,67.5568,68.0228,no
KXHYPE15M-26MAY310715,Target Price: $68.2953,2026-05-31 07:00:00-04:00,2026-05-31 07:15:00-04:00,68.0228,68.2953,no
KXHYPE15M-26MAY310700,Target Price: $68.0123,2026-05-31 06:45:00-04:00,2026-05-31 07:00:00-04:00,68.2953,68.0123,yes
KXHYPE15M-26MAY310645,Target Price: $68.3993,2026-05-31 06:30:00-04:00,2026-05-31 06:45:00-04:00,68.0123,68.3993,no
KXHYPE15M-26MAY310630,Target Price: $68.4741,2026-05-31 06:15:00-04:00,2026-05-31 06:30:00-04:00,68.3993,68.4741,no
KXHYPE15M-26MAY310615,Target Price: $68.4347,2026-05-31 06:00:00-04:00,2026-05-31 06:15:00-04:00,68.4741,68.4347,yes
KXHYPE15M-26MAY310600,Target Price: $68.6402,2026-05-31 05:45:00-04:00,2026-05-31 06:00:00-04:00,68.4347,68.6402,no
KXHYPE15M-26MAY310545,Target Price: $68.3385,2026-05-31 05:30:00-04:00,2026-05-31 05:45:00-04:00,68.6402,68.3385,yes
KXHYPE15M-26MAY310530,Target Price: $68.6046,2026-05-31 05:15:00-04:00,2026-05-31 05:30:00-04:00,68.3385,68.6046,no
KXHYPE15M-26MAY310515,Target Price: $68.8439,2026-05-31 05:00:00-04:00,2026-05-31 05:15:00-04:00,68.6046,68.8439,no
KXHYPE15M-26MAY310500,Target Price: $69.0420,2026-05-31 04:45:00-04:00,2026-05-31 05:00:00-04:00,68.8439,69.042,no
KXHYPE15M-26MAY310445,Target Price: $69.2342,2026-05-31 04:30:00-04:00,2026-05-31 04:45:00-04:00,69.0420,69.2342,no
KXHYPE15M-26MAY310430,Target Price: $69.3738,2026-05-31 04:15:00-04:00,2026-05-31 04:30:00-04:00,69.2342,69.3738,no
KXHYPE15M-26MAY310415,Target Price: $69.2218,2026-05-31 04:00:00-04:00,2026-05-31 04:15:00-04:00,69.3738,69.2218,yes
KXHYPE15M-26MAY310400,Target Price: $69.4245,2026-05-31 03:45:00-04:00,2026-05-31 04:00:00-04:00,69.2218,69.4245,no
KXHYPE15M-26MAY310345,Target Price: $69.1990,2026-05-31 03:30:00-04:00,2026-05-31 03:45:00-04:00,69.4245,69.199,yes
KXHYPE15M-26MAY310330,Target Price: $69.0490,2026-05-31 03:15:00-04:00,2026-05-31 03:30:00-04:00,69.1990,69.049,yes
KXHYPE15M-26MAY310315,Target Price: $69.1795,2026-05-31 03:00:00-04:00,2026-05-31 03:15:00-04:00,69.0490,69.1795,no
KXHYPE15M-26MAY310300,Target Price: $69.0575,2026-05-31 02:45:00-04:00,2026-05-31 03:00:00-04:00,69.1795,69.0575,yes
KXHYPE15M-26MAY310245,Target Price: $69.7020,2026-05-31 02:30:00-04:00,2026-05-31 02:45:00-04:00,69.0575,69.702,no
KXHYPE15M-26MAY310230,Target Price: $69.5024,2026-05-31 02:15:00-04:00,2026-05-31 02:30:00-04:00,69.7020,69.5024,yes
KXHYPE15M-26MAY310215,Target Price: $69.4948,2026-05-31 02:00:00-04:00,2026-05-31 02:15:00-04:00,69.5024,69.4948,yes
KXHYPE15M-26MAY310200,Target Price: $69.3693,2026-05-31 01:45:00-04:00,2026-05-31 02:00:00-04:00,69.4948,69.3693,yes
KXHYPE15M-26MAY310145,Target Price: $69.3679,2026-05-31 01:30:00-04:00,2026-05-31 01:45:00-04:00,69.3693,69.3679,yes
KXHYPE15M-26MAY310130,Target Price: $69.6145,2026-05-31 01:15:00-04:00,2026-05-31 01:30:00-04:00,69.3679,69.6145,no
KXHYPE15M-26MAY310115,Target Price: $69.8048,2026-05-31 01:00:00-04:00,2026-05-31 01:15:00-04:00,69.6145,69.8048,no
KXHYPE15M-26MAY310100,Target Price: $69.5373,2026-05-31 00:45:00-04:00,2026-05-31 01:00:00-04:00,69.8048,69.5373,yes
KXHYPE15M-26MAY310045,Target Price: $69.2051,2026-05-31 00:30:00-04:00,2026-05-31 00:45:00-04:00,69.5373,69.2051,yes
KXHYPE15M-26MAY310030,Target Price: $68.5146,2026-05-31 00:15:00-04:00,2026-05-31 00:30:00-04:00,69.2051,68.5146,yes
KXHYPE15M-26MAY310015,Target Price: $68.7665,2026-05-31 00:00:00-04:00,2026-05-31 00:15:00-04:00,68.5146,68.7665,no
KXHYPE15M-26MAY310000,Target Price: $68.7124,2026-05-30 23:45:00-04:00,2026-05-31 00:00:00-04:00,68.7665,68.7124,yes
KXHYPE15M-26MAY302345,Target Price: $68.4639,2026-05-30 23:30:00-04:00,2026-05-30 23:45:00-04:00,68.7124,68.4639,yes
KXHYPE15M-26MAY302330,Target Price: $68.4749,2026-05-30 23:15:00-04:00,2026-05-30 23:30:00-04:00,68.4639,68.4749,no
KXHYPE15M-26MAY302315,Target Price: $68.5066,2026-05-30 23:00:00-04:00,2026-05-30 23:15:00-04:00,68.4749,68.5066,no
KXHYPE15M-26MAY302300,Target Price: $68.0320,2026-05-30 22:45:00-04:00,2026-05-30 23:00:00-04:00,68.5066,68.032,yes
KXHYPE15M-26MAY302245,Target Price: $68.2013,2026-05-30 22:30:00-04:00,2026-05-30 22:45:00-04:00,68.0320,68.2013,no
KXHYPE15M-26MAY302230,Target Price: $68.7793,2026-05-30 22:15:00-04:00,2026-05-30 22:30:00-04:00,68.2013,68.7793,no
KXHYPE15M-26MAY302215,Target Price: $69.1369,2026-05-30 22:00:00-04:00,2026-05-30 22:15:00-04:00,68.7793,69.1369,no
KXHYPE15M-26MAY302200,Target Price: $68.9670,2026-05-30 21:45:00-04:00,2026-05-30 22:00:00-04:00,69.1369,68.967,yes
KXHYPE15M-26MAY302145,Target Price: $69.2609,2026-05-30 21:30:00-04:00,2026-05-30 21:45:00-04:00,68.9670,69.2609,no
KXHYPE15M-26MAY302130,Target Price: $69.1435,2026-05-30 21:15:00-04:00,2026-05-30 21:30:00-04:00,69.2609,69.1435,yes
KXHYPE15M-26MAY302115,Target Price: $69.2925,2026-05-30 21:00:00-04:00,2026-05-30 21:15:00-04:00,69.1435,69.2925,no
KXHYPE15M-26MAY302100,Target Price: $68.4438,2026-05-30 20:45:00-04:00,2026-05-30 21:00:00-04:00,69.2925,68.4438,yes
KXHYPE15M-26MAY302045,Target Price: $68.6665,2026-05-30 20:30:00-04:00,2026-05-30 20:45:00-04:00,68.4438,68.6665,no
KXHYPE15M-26MAY302030,Target Price: $68.6517,2026-05-30 20:15:00-04:00,2026-05-30 20:30:00-04:00,68.6665,68.6517,yes
KXHYPE15M-26MAY302015,Target Price: $68.2099,2026-05-30 20:00:00-04:00,2026-05-30 20:15:00-04:00,68.6517,68.2099,yes
KXHYPE15M-26MAY302000,Target Price: $67.7467,2026-05-30 19:45:00-04:00,2026-05-30 20:00:00-04:00,68.2099,67.7467,yes
KXHYPE15M-26MAY301945,Target Price: $67.5437,2026-05-30 19:30:00-04:00,2026-05-30 19:45:00-04:00,67.7467,67.5437,yes
KXHYPE15M-26MAY301930,Target Price: $67.2276,2026-05-30 19:15:00-04:00,2026-05-30 19:30:00-04:00,67.5437,67.2276,yes
KXHYPE15M-26MAY301915,Target Price: $67.5428,2026-05-30 19:00:00-04:00,2026-05-30 19:15:00-04:00,67.2276,67.5428,no
KXHYPE15M-26MAY301900,Target Price: $67.3344,2026-05-30 18:45:00-04:00,2026-05-30 19:00:00-04:00,67.5428,67.3344,yes
KXHYPE15M-26MAY301845,Target Price: $67.5514,2026-05-30 18:30:00-04:00,2026-05-30 18:45:00-04:00,67.3344,67.5514,no
KXHYPE15M-26MAY301830,Target Price: $67.3360,2026-05-30 18:15:00-04:00,2026-05-30 18:30:00-04:00,67.5514,67.336,yes
KXHYPE15M-26MAY301815,Target Price: $67.4300,2026-05-30 18:00:00-04:00,2026-05-30 18:15:00-04:00,67.3360,67.43,no
KXHYPE15M-26MAY301800,Target Price: $67.5994,2026-05-30 17:45:00-04:00,2026-05-30 18:00:00-04:00,67.4300,67.5994,no
KXHYPE15M-26MAY301745,Target Price: $67.6587,2026-05-30 17:30:00-04:00,2026-05-30 17:45:00-04:00,67.5994,67.6587,no
KXHYPE15M-26MAY301730,Target Price: $67.7990,2026-05-30 17:15:00-04:00,2026-05-30 17:30:00-04:00,67.6587,67.799,no
KXHYPE15M-26MAY301715,Target Price: $67.2591,2026-05-30 17:00:00-04:00,2026-05-30 17:15:00-04:00,67.7990,67.2591,yes
KXHYPE15M-26MAY301700,Target Price: $67.2668,2026-05-30 16:45:00-04:00,2026-05-30 17:00:00-04:00,67.2591,67.2668,no
KXHYPE15M-26MAY301645,Target Price: $67.6416,2026-05-30 16:30:00-04:00,2026-05-30 16:45:00-04:00,67.2668,67.6416,no
KXHYPE15M-26MAY301630,Target Price: $68.0121,2026-05-30 16:15:00-04:00,2026-05-30 16:30:00-04:00,67.6416,68.0121,no
KXHYPE15M-26MAY301615,Target Price: $67.7141,2026-05-30 16:00:00-04:00,2026-05-30 16:15:00-04:00,68.0121,67.7141,yes
KXHYPE15M-26MAY301600,Target Price: $67.7044,2026-05-30 15:45:00-04:00,2026-05-30 16:00:00-04:00,67.7141,67.7044,yes
KXHYPE15M-26MAY301545,Target Price: $67.8150,2026-05-30 15:30:00-04:00,2026-05-30 15:45:00-04:00,67.7044,67.815,no
KXHYPE15M-26MAY301530,Target Price: $68.1374,2026-05-30 15:15:00-04:00,2026-05-30 15:30:00-04:00,67.8150,68.1374,no
KXHYPE15M-26MAY301515,Target Price: $68.1563,2026-05-30 15:00:00-04:00,2026-05-30 15:15:00-04:00,68.1374,68.1563,no
KXHYPE15M-26MAY301500,Target Price: $68.0875,2026-05-30 14:45:00-04:00,2026-05-30 15:00:00-04:00,68.1563,68.0875,yes
KXHYPE15M-26MAY301445,Target Price: $67.9762,2026-05-30 14:30:00-04:00,2026-05-30 14:45:00-04:00,68.0875,67.9762,yes
KXHYPE15M-26MAY301430,Target Price: $67.6268,2026-05-30 14:15:00-04:00,2026-05-30 14:30:00-04:00,67.9762,67.6268,yes
KXHYPE15M-26MAY301415,Target Price: $67.4713,2026-05-30 14:00:00-04:00,2026-05-30 14:15:00-04:00,67.6268,67.4713,yes
KXHYPE15M-26MAY301400,Target Price: $67.3034,2026-05-30 13:45:00-04:00,2026-05-30 14:00:00-04:00,67.4713,67.3034,yes
KXHYPE15M-26MAY301345,Target Price: $67.1149,2026-05-30 13:30:00-04:00,2026-05-30 13:45:00-04:00,67.3034,67.1149,yes
KXHYPE15M-26MAY301330,Target Price: $66.8795,2026-05-30 13:15:00-04:00,2026-05-30 13:30:00-04:00,67.1149,66.8795,yes
KXHYPE15M-26MAY301315,Target Price: $66.5210,2026-05-30 13:00:00-04:00,2026-05-30 13:15:00-04:00,66.8795,66.521,yes
KXHYPE15M-26MAY301300,Target Price: $66.4194,2026-05-30 12:45:00-04:00,2026-05-30 13:00:00-04:00,66.5210,66.4194,yes
KXHYPE15M-26MAY301245,Target Price: $66.8170,2026-05-30 12:30:00-04:00,2026-05-30 12:45:00-04:00,66.4194,66.817,no
KXHYPE15M-26MAY301230,Target Price: $66.8544,2026-05-30 12:15:00-04:00,2026-05-30 12:30:00-04:00,66.8170,66.8544,no
KXHYPE15M-26MAY301215,Target Price: $67.0553,2026-05-30 12:00:00-04:00,2026-05-30 12:15:00-04:00,66.8544,67.0553,no
KXHYPE15M-26MAY301200,Target Price: $67.3098,2026-05-30 11:45:00-04:00,2026-05-30 12:00:00-04:00,67.0553,67.3098,no
KXHYPE15M-26MAY301145,Target Price: $68.0288,2026-05-30 11:30:00-04:00,2026-05-30 11:45:00-04:00,67.3098,68.0288,no
KXHYPE15M-26MAY301130,Target Price: $68.3238,2026-05-30 11:15:00-04:00,2026-05-30 11:30:00-04:00,68.0288,68.3238,no
KXHYPE15M-26MAY301115,Target Price: $68.0011,2026-05-30 11:00:00-04:00,2026-05-30 11:15:00-04:00,68.3238,68.0011,yes
KXHYPE15M-26MAY301100,Target Price: $67.9775,2026-05-30 10:45:00-04:00,2026-05-30 11:00:00-04:00,68.0011,67.9775,yes
KXHYPE15M-26MAY301045,Target Price: $67.6070,2026-05-30 10:30:00-04:00,2026-05-30 10:45:00-04:00,67.9775,67.607,yes
KXHYPE15M-26MAY301030,Target Price: $67.5190,2026-05-30 10:15:00-04:00,2026-05-30 10:30:00-04:00,67.6070,67.519,yes
KXHYPE15M-26MAY301015,Target Price: $67.9752,2026-05-30 10:00:00-04:00,2026-05-30 10:15:00-04:00,67.5190,67.9752,no
KXHYPE15M-26MAY301000,Target Price: $67.7524,2026-05-30 09:45:00-04:00,2026-05-30 10:00:00-04:00,67.9752,67.7524,yes
KXHYPE15M-26MAY300945,Target Price: $67.8895,2026-05-30 09:30:00-04:00,2026-05-30 09:45:00-04:00,67.7524,67.8895,no
KXHYPE15M-26MAY300930,Target Price: $68.0521,2026-05-30 09:15:00-04:00,2026-05-30 09:30:00-04:00,67.8895,68.0521,no
KXHYPE15M-26MAY300915,Target Price: $68.3121,2026-05-30 09:00:00-04:00,2026-05-30 09:15:00-04:00,68.0521,68.3121,no
KXHYPE15M-26MAY300900,Target Price: $67.6708,2026-05-30 08:45:00-04:00,2026-05-30 09:00:00-04:00,68.3121,67.6708,yes
KXHYPE15M-26MAY300845,Target Price: $67.4135,2026-05-30 08:30:00-04:00,2026-05-30 08:45:00-04:00,67.6708,67.4135,yes
KXHYPE15M-26MAY300830,Target Price: $67.6223,2026-05-30 08:15:00-04:00,2026-05-30 08:30:00-04:00,67.4135,67.6223,no
KXHYPE15M-26MAY300815,Target Price: $67.8428,2026-05-30 08:00:00-04:00,2026-05-30 08:15:00-04:00,67.6223,67.8428,no
KXHYPE15M-26MAY300800,Target Price: $67.6339,2026-05-30 07:45:00-04:00,2026-05-30 08:00:00-04:00,67.8428,67.6339,yes
KXHYPE15M-26MAY300745,Target Price: $67.1627,2026-05-30 07:30:00-04:00,2026-05-30 07:45:00-04:00,67.6339,67.1627,yes
KXHYPE15M-26MAY300730,Target Price: $66.7598,2026-05-30 07:15:00-04:00,2026-05-30 07:30:00-04:00,67.1627,66.7598,yes
KXHYPE15M-26MAY300715,Target Price: $66.8327,2026-05-30 07:00:00-04:00,2026-05-30 07:15:00-04:00,66.7598,66.8327,no
KXHYPE15M-26MAY300700,Target Price: $66.6049,2026-05-30 06:45:00-04:00,2026-05-30 07:00:00-04:00,66.8327,66.6049,yes
KXHYPE15M-26MAY300645,Target Price: $66.5147,2026-05-30 06:30:00-04:00,2026-05-30 06:45:00-04:00,66.6049,66.5147,yes
KXHYPE15M-26MAY300630,Target Price: $66.3003,2026-05-30 06:15:00-04:00,2026-05-30 06:30:00-04:00,66.5147,66.3003,yes
KXHYPE15M-26MAY300615,Target Price: $66.1513,2026-05-30 06:00:00-04:00,2026-05-30 06:15:00-04:00,66.3003,66.1513,yes
KXHYPE15M-26MAY300600,Target Price: $66.2314,2026-05-30 05:45:00-04:00,2026-05-30 06:00:00-04:00,66.1513,66.2314,no
KXHYPE15M-26MAY300545,Target Price: $66.4631,2026-05-30 05:30:00-04:00,2026-05-30 05:45:00-04:00,66.2314,66.4631,no
KXHYPE15M-26MAY300530,Target Price: $66.3183,2026-05-30 05:15:00-04:00,2026-05-30 05:30:00-04:00,66.4631,66.3183,yes
KXHYPE15M-26MAY300515,Target Price: $66.1916,2026-05-30 05:00:00-04:00,2026-05-30 05:15:00-04:00,66.3183,66.1916,yes
KXHYPE15M-26MAY300500,Target Price: $66.0146,2026-05-30 04:45:00-04:00,2026-05-30 05:00:00-04:00,66.1916,66.0146,yes
KXHYPE15M-26MAY300445,Target Price: $65.9483,2026-05-30 04:30:00-04:00,2026-05-30 04:45:00-04:00,66.0146,65.9483,yes
KXHYPE15M-26MAY300430,Target Price: $65.9826,2026-05-30 04:15:00-04:00,2026-05-30 04:30:00-04:00,65.9483,65.9826,no
KXHYPE15M-26MAY300415,Target Price: $66.0495,2026-05-30 04:00:00-04:00,2026-05-30 04:15:00-04:00,65.9826,66.0495,no
KXHYPE15M-26MAY300400,Target Price: $65.7459,2026-05-30 03:45:00-04:00,2026-05-30 04:00:00-04:00,66.0495,65.7459,yes
KXHYPE15M-26MAY300345,Target Price: $66.2322,2026-05-30 03:30:00-04:00,2026-05-30 03:45:00-04:00,65.7459,66.2322,no
KXHYPE15M-26MAY300330,Target Price: $65.5451,2026-05-30 03:15:00-04:00,2026-05-30 03:30:00-04:00,66.2322,65.5451,yes
KXHYPE15M-26MAY300315,Target Price: $65.7126,2026-05-30 03:00:00-04:00,2026-05-30 03:15:00-04:00,65.5451,65.7126,no
KXHYPE15M-26MAY300300,Target Price: $65.6486,2026-05-30 02:45:00-04:00,2026-05-30 03:00:00-04:00,65.7126,65.6486,yes
KXHYPE15M-26MAY300245,Target Price: $65.4685,2026-05-30 02:30:00-04:00,2026-05-30 02:45:00-04:00,65.6486,65.4685,yes
KXHYPE15M-26MAY300230,Target Price: $65.6786,2026-05-30 02:15:00-04:00,2026-05-30 02:30:00-04:00,65.4685,65.6786,no
KXHYPE15M-26MAY300215,Target Price: $65.7290,2026-05-30 02:00:00-04:00,2026-05-30 02:15:00-04:00,65.6786,65.729,no
KXHYPE15M-26MAY300200,Target Price: $65.8910,2026-05-30 01:45:00-04:00,2026-05-30 02:00:00-04:00,65.7290,65.891,no
KXHYPE15M-26MAY300145,Target Price: $65.7239,2026-05-30 01:30:00-04:00,2026-05-30 01:45:00-04:00,65.8910,65.7239,yes
KXHYPE15M-26MAY300130,Target Price: $65.2795,2026-05-30 01:15:00-04:00,2026-05-30 01:30:00-04:00,65.7239,65.2795,yes
KXHYPE15M-26MAY300115,Target Price: $64.5905,2026-05-30 01:00:00-04:00,2026-05-30 01:15:00-04:00,65.2795,64.5905,yes
KXHYPE15M-26MAY300100,Target Price: $64.0883,2026-05-30 00:45:00-04:00,2026-05-30 01:00:00-04:00,64.5905,64.0883,yes
KXHYPE15M-26MAY300045,Target Price: $64.1264,2026-05-30 00:30:00-04:00,2026-05-30 00:45:00-04:00,64.0883,64.1264,no
KXHYPE15M-26MAY300030,Target Price: $65.0008,2026-05-30 00:15:00-04:00,2026-05-30 00:30:00-04:00,64.1264,65.0008,no
KXHYPE15M-26MAY300015,Target Price: $65.0831,2026-05-30 00:00:00-04:00,2026-05-30 00:15:00-04:00,65.0008,65.0831,no
KXHYPE15M-26MAY300000,Target Price: $65.0864,2026-05-29 23:45:00-04:00,2026-05-30 00:00:00-04:00,65.0831,65.0864,no
KXHYPE15M-26MAY292345,Target Price: $65.2248,2026-05-29 23:30:00-04:00,2026-05-29 23:45:00-04:00,65.0864,65.2248,no
KXHYPE15M-26MAY292330,Target Price: $65.2307,2026-05-29 23:15:00-04:00,2026-05-29 23:30:00-04:00,65.2248,65.2307,no
KXHYPE15M-26MAY292315,Target Price: $65.4247,2026-05-29 23:00:00-04:00,2026-05-29 23:15:00-04:00,65.2307,65.4247,no
KXHYPE15M-26MAY292300,Target Price: $65.2637,2026-05-29 22:45:00-04:00,2026-05-29 23:00:00-04:00,65.4247,65.2637,yes
KXHYPE15M-26MAY292245,Target Price: $65.6094,2026-05-29 22:30:00-04:00,2026-05-29 22:45:00-04:00,65.2637,65.6094,no
KXHYPE15M-26MAY292230,Target Price: $65.7765,2026-05-29 22:15:00-04:00,2026-05-29 22:30:00-04:00,65.6094,65.7765,no
KXHYPE15M-26MAY292215,Target Price: $65.5440,2026-05-29 22:00:00-04:00,2026-05-29 22:15:00-04:00,65.7765,65.544,yes
KXHYPE15M-26MAY292200,Target Price: $65.6462,2026-05-29 21:45:00-04:00,2026-05-29 22:00:00-04:00,65.5440,65.6462,no
KXHYPE15M-26MAY292145,Target Price: $65.3250,2026-05-29 21:30:00-04:00,2026-05-29 21:45:00-04:00,65.6462,65.325,yes
KXHYPE15M-26MAY292130,Target Price: $64.8451,2026-05-29 21:15:00-04:00,2026-05-29 21:30:00-04:00,65.3250,64.8451,yes
KXHYPE15M-26MAY292115,Target Price: $65.0105,2026-05-29 21:00:00-04:00,2026-05-29 21:15:00-04:00,64.8451,65.0105,no
KXHYPE15M-26MAY292100,Target Price: $64.9702,2026-05-29 20:45:00-04:00,2026-05-29 21:00:00-04:00,65.0105,64.9702,yes
KXHYPE15M-26MAY292045,Target Price: $64.6514,2026-05-29 20:30:00-04:00,2026-05-29 20:45:00-04:00,64.9702,64.6514,yes
KXHYPE15M-26MAY292030,Target Price: $64.3428,2026-05-29 20:15:00-04:00,2026-05-29 20:30:00-04:00,64.6514,64.3428,yes
KXHYPE15M-26MAY292015,Target Price: $64.3492,2026-05-29 20:00:00-04:00,2026-05-29 20:15:00-04:00,64.3428,64.3492,no
KXHYPE15M-26MAY292000,Target Price: $64.3736,2026-05-29 19:45:00-04:00,2026-05-29 20:00:00-04:00,64.3492,64.3736,no
KXHYPE15M-26MAY291945,Target Price: $64.2443,2026-05-29 19:30:00-04:00,2026-05-29 19:45:00-04:00,64.3736,64.2443,yes
KXHYPE15M-26MAY291930,Target Price: $64.1777,2026-05-29 19:15:00-04:00,2026-05-29 19:30:00-04:00,64.2443,64.1777,yes
KXHYPE15M-26MAY291915,Target Price: $64.3448,2026-05-29 19:00:00-04:00,2026-05-29 19:15:00-04:00,64.1777,64.3448,no
KXHYPE15M-26MAY291900,Target Price: $64.6015,2026-05-29 18:45:00-04:00,2026-05-29 19:00:00-04:00,64.3448,64.6015,no
KXHYPE15M-26MAY291845,Target Price: $64.5415,2026-05-29 18:30:00-04:00,2026-05-29 18:45:00-04:00,64.6015,64.5415,yes
KXHYPE15M-26MAY291830,Target Price: $64.7388,2026-05-29 18:15:00-04:00,2026-05-29 18:30:00-04:00,64.5415,64.7388,no
KXHYPE15M-26MAY291815,Target Price: $64.6080,2026-05-29 18:00:00-04:00,2026-05-29 18:15:00-04:00,64.7388,64.608,yes
KXHYPE15M-26MAY291800,Target Price: $64.5169,2026-05-29 17:45:00-04:00,2026-05-29 18:00:00-04:00,64.6080,64.5169,yes
KXHYPE15M-26MAY291745,Target Price: $64.6322,2026-05-29 17:30:00-04:00,2026-05-29 17:45:00-04:00,64.5169,64.6322,no
KXHYPE15M-26MAY291730,Target Price: $65.6830,2026-05-29 17:15:00-04:00,2026-05-29 17:30:00-04:00,64.6322,65.683,no
KXHYPE15M-26MAY291715,Target Price: $65.4037,2026-05-29 17:00:00-04:00,2026-05-29 17:15:00-04:00,65.6830,65.4037,yes
KXHYPE15M-26MAY291700,Target Price: $65.7623,2026-05-29 16:45:00-04:00,2026-05-29 17:00:00-04:00,65.4037,65.7623,no
KXHYPE15M-26MAY291645,Target Price: $65.7543,2026-05-29 16:30:00-04:00,2026-05-29 16:45:00-04:00,65.7623,65.7543,yes
KXHYPE15M-26MAY291630,Target Price: $65.6927,2026-05-29 16:15:00-04:00,2026-05-29 16:30:00-04:00,65.7543,65.6927,yes
KXHYPE15M-26MAY291615,Target Price: $66.1969,2026-05-29 16:00:00-04:00,2026-05-29 16:15:00-04:00,65.6927,66.1969,no
KXHYPE15M-26MAY291600,Target Price: $65.9625,2026-05-29 15:45:00-04:00,2026-05-29 16:00:00-04:00,66.1969,65.9625,yes
KXHYPE15M-26MAY291545,Target Price: $65.7424,2026-05-29 15:30:00-04:00,2026-05-29 15:45:00-04:00,65.9625,65.7424,yes
KXHYPE15M-26MAY291530,Target Price: $65.1694,2026-05-29 15:15:00-04:00,2026-05-29 15:30:00-04:00,65.7424,65.1694,yes
KXHYPE15M-26MAY291515,Target Price: $64.9377,2026-05-29 15:00:00-04:00,2026-05-29 15:15:00-04:00,65.1694,64.9377,yes
KXHYPE15M-26MAY291500,Target Price: $65.9492,2026-05-29 14:45:00-04:00,2026-05-29 15:00:00-04:00,64.9377,65.9492,no
KXHYPE15M-26MAY291445,Target Price: $66.0138,2026-05-29 14:30:00-04:00,2026-05-29 14:45:00-04:00,65.9492,66.0138,no
KXHYPE15M-26MAY291430,Target Price: $65.7897,2026-05-29 14:15:00-04:00,2026-05-29 14:30:00-04:00,66.0138,65.7897,yes
KXHYPE15M-26MAY291415,Target Price: $66.2933,2026-05-29 14:00:00-04:00,2026-05-29 14:15:00-04:00,65.7897,66.2933,no
KXHYPE15M-26MAY291400,Target Price: $66.5579,2026-05-29 13:45:00-04:00,2026-05-29 14:00:00-04:00,66.2933,66.5579,no
KXHYPE15M-26MAY291345,Target Price: $67.1456,2026-05-29 13:30:00-04:00,2026-05-29 13:45:00-04:00,66.5579,67.1456,no
KXHYPE15M-26MAY291330,Target Price: $67.0352,2026-05-29 13:15:00-04:00,2026-05-29 13:30:00-04:00,67.1456,67.0352,yes
KXHYPE15M-26MAY291315,Target Price: $66.7091,2026-05-29 13:00:00-04:00,2026-05-29 13:15:00-04:00,67.0352,66.7091,yes
KXHYPE15M-26MAY291300,Target Price: $66.7938,2026-05-29 12:45:00-04:00,2026-05-29 13:00:00-04:00,66.7091,66.7938,no
KXHYPE15M-26MAY291245,Target Price: $65.6309,2026-05-29 12:30:00-04:00,2026-05-29 12:45:00-04:00,66.7938,65.6309,yes
KXHYPE15M-26MAY291230,Target Price: $65.8864,2026-05-29 12:15:00-04:00,2026-05-29 12:30:00-04:00,65.6309,65.8864,no
KXHYPE15M-26MAY291215,Target Price: $65.5549,2026-05-29 12:00:00-04:00,2026-05-29 12:15:00-04:00,65.8864,65.5549,yes
KXHYPE15M-26MAY291200,Target Price: $65.1704,2026-05-29 11:45:00-04:00,2026-05-29 12:00:00-04:00,65.5549,65.1704,yes
KXHYPE15M-26MAY291145,Target Price: $65.4887,2026-05-29 11:30:00-04:00,2026-05-29 11:45:00-04:00,65.1704,65.4887,no
KXHYPE15M-26MAY291130,Target Price: $64.8911,2026-05-29 11:15:00-04:00,2026-05-29 11:30:00-04:00,65.4887,64.8911,yes
KXHYPE15M-26MAY291115,Target Price: $63.3737,2026-05-29 11:00:00-04:00,2026-05-29 11:15:00-04:00,64.8911,63.3737,yes
KXHYPE15M-26MAY291100,Target Price: $61.8565,2026-05-29 10:45:00-04:00,2026-05-29 11:00:00-04:00,63.3737,61.8565,yes
KXHYPE15M-26MAY291045,Target Price: $63.0726,2026-05-29 10:30:00-04:00,2026-05-29 10:45:00-04:00,61.8565,63.0726,no
KXHYPE15M-26MAY291030,Target Price: $62.9819,2026-05-29 10:15:00-04:00,2026-05-29 10:30:00-04:00,63.0726,62.9819,yes
KXHYPE15M-26MAY291015,Target Price: $62.7451,2026-05-29 10:00:00-04:00,2026-05-29 10:15:00-04:00,62.9819,62.7451,yes
KXHYPE15M-26MAY291000,Target Price: $62.3068,2026-05-29 09:45:00-04:00,2026-05-29 10:00:00-04:00,62.7451,62.3068,yes
KXHYPE15M-26MAY290945,Target Price: $61.7940,2026-05-29 09:30:00-04:00,2026-05-29 09:45:00-04:00,62.3068,61.794,yes
KXHYPE15M-26MAY290930,Target Price: $61.8980,2026-05-29 09:15:00-04:00,2026-05-29 09:30:00-04:00,61.7940,61.898,no
KXHYPE15M-26MAY290915,Target Price: $61.9435,2026-05-29 09:00:00-04:00,2026-05-29 09:15:00-04:00,61.8980,61.9435,no
KXHYPE15M-26MAY290900,Target Price: $61.6115,2026-05-29 08:45:00-04:00,2026-05-29 09:00:00-04:00,61.9435,61.6115,yes
KXHYPE15M-26MAY290845,Target Price: $61.5836,2026-05-29 08:30:00-04:00,2026-05-29 08:45:00-04:00,61.6115,61.5836,yes
KXHYPE15M-26MAY290830,Target Price: $61.8754,2026-05-29 08:15:00-04:00,2026-05-29 08:30:00-04:00,61.5836,61.8754,no
KXHYPE15M-26MAY290815,Target Price: $62.0778,2026-05-29 08:00:00-04:00,2026-05-29 08:15:00-04:00,61.8754,62.0778,no
KXHYPE15M-26MAY290800,Target Price: $62.1006,2026-05-29 07:45:00-04:00,2026-05-29 08:00:00-04:00,62.0778,62.1006,no
KXHYPE15M-26MAY290745,Target Price: $62.3079,2026-05-29 07:30:00-04:00,2026-05-29 07:45:00-04:00,62.1006,62.3079,no
KXHYPE15M-26MAY290730,Target Price: $62.2675,2026-05-29 07:15:00-04:00,2026-05-29 07:30:00-04:00,62.3079,62.2675,yes
KXHYPE15M-26MAY290715,Target Price: $62.1174,2026-05-29 07:00:00-04:00,2026-05-29 07:15:00-04:00,62.2675,62.1174,yes
KXHYPE15M-26MAY290700,Target Price: $62.5088,2026-05-29 06:45:00-04:00,2026-05-29 07:00:00-04:00,62.1174,62.5088,no
KXHYPE15M-26MAY290645,Target Price: $62.4207,2026-05-29 06:30:00-04:00,2026-05-29 06:45:00-04:00,62.5088,62.4207,yes
KXHYPE15M-26MAY290630,Target Price: $62.3920,2026-05-29 06:15:00-04:00,2026-05-29 06:30:00-04:00,62.4207,62.392,yes
KXHYPE15M-26MAY290615,Target Price: $62.7021,2026-05-29 06:00:00-04:00,2026-05-29 06:15:00-04:00,62.3920,62.7021,no
KXHYPE15M-26MAY290600,Target Price: $62.9872,2026-05-29 05:45:00-04:00,2026-05-29 06:00:00-04:00,62.7021,62.9872,no
KXHYPE15M-26MAY290545,Target Price: $63.2337,2026-05-29 05:30:00-04:00,2026-05-29 05:45:00-04:00,62.9872,63.2337,no
KXHYPE15M-26MAY290530,Target Price: $62.8280,2026-05-29 05:15:00-04:00,2026-05-29 05:30:00-04:00,63.2337,62.828,yes
KXHYPE15M-26MAY290515,Target Price: $62.7966,2026-05-29 05:00:00-04:00,2026-05-29 05:15:00-04:00,62.8280,62.7966,yes
KXHYPE15M-26MAY290500,Target Price: $62.8322,2026-05-29 04:45:00-04:00,2026-05-29 05:00:00-04:00,62.7966,62.8322,no
KXHYPE15M-26MAY290445,Target Price: $62.9849,2026-05-29 04:30:00-04:00,2026-05-29 04:45:00-04:00,62.8322,62.9849,no
KXHYPE15M-26MAY290430,Target Price: $62.9135,2026-05-29 04:15:00-04:00,2026-05-29 04:30:00-04:00,62.9849,62.9135,yes
KXHYPE15M-26MAY290415,Target Price: $62.7362,2026-05-29 04:00:00-04:00,2026-05-29 04:15:00-04:00,62.9135,62.7362,yes
KXHYPE15M-26MAY290400,Target Price: $62.1657,2026-05-29 03:45:00-04:00,2026-05-29 04:00:00-04:00,62.7362,62.1657,yes
KXHYPE15M-26MAY290345,Target Price: $62.4534,2026-05-29 03:30:00-04:00,2026-05-29 03:45:00-04:00,62.1657,62.4534,no
KXHYPE15M-26MAY290330,Target Price: $62.2257,2026-05-29 03:15:00-04:00,2026-05-29 03:30:00-04:00,62.4534,62.2257,yes
KXHYPE15M-26MAY290315,Target Price: $61.9437,2026-05-29 03:00:00-04:00,2026-05-29 03:15:00-04:00,62.2257,61.9437,yes
KXHYPE15M-26MAY290300,Target Price: $61.8903,2026-05-29 02:45:00-04:00,2026-05-29 03:00:00-04:00,61.9437,61.8903,yes
KXHYPE15M-26MAY290245,Target Price: $61.5178,2026-05-29 02:30:00-04:00,2026-05-29 02:45:00-04:00,61.8903,61.5178,yes
KXHYPE15M-26MAY290230,Target Price: $61.3607,2026-05-29 02:15:00-04:00,2026-05-29 02:30:00-04:00,61.5178,61.3607,yes
KXHYPE15M-26MAY290215,Target Price: $61.3367,2026-05-29 02:00:00-04:00,2026-05-29 02:15:00-04:00,61.3607,61.3367,yes
KXHYPE15M-26MAY290200,Target Price: $61.4518,2026-05-29 01:45:00-04:00,2026-05-29 02:00:00-04:00,61.3367,61.4518,no
KXHYPE15M-26MAY290145,Target Price: $61.5293,2026-05-29 01:30:00-04:00,2026-05-29 01:45:00-04:00,61.4518,61.5293,no
KXHYPE15M-26MAY290130,Target Price: $61.8568,2026-05-29 01:15:00-04:00,2026-05-29 01:30:00-04:00,61.5293,61.8568,no
KXHYPE15M-26MAY290115,Target Price: $61.6403,2026-05-29 01:00:00-04:00,2026-05-29 01:15:00-04:00,61.8568,61.6403,yes
KXHYPE15M-26MAY290100,Target Price: $61.1851,2026-05-29 00:45:00-04:00,2026-05-29 01:00:00-04:00,61.6403,61.1851,yes
KXHYPE15M-26MAY290045,Target Price: $61.2200,2026-05-29 00:30:00-04:00,2026-05-29 00:45:00-04:00,61.1851,61.22,no
KXHYPE15M-26MAY290030,Target Price: $60.8430,2026-05-29 00:15:00-04:00,2026-05-29 00:30:00-04:00,61.2200,60.843,yes
KXHYPE15M-26MAY290015,Target Price: $61.3000,2026-05-29 00:00:00-04:00,2026-05-29 00:15:00-04:00,60.8430,61.3,no
KXHYPE15M-26MAY290000,Target Price: $61.4088,2026-05-28 23:45:00-04:00,2026-05-29 00:00:00-04:00,61.3000,61.4088,no
KXHYPE15M-26MAY282345,Target Price: $61.7530,2026-05-28 23:30:00-04:00,2026-05-28 23:45:00-04:00,61.4088,61.753,no
KXHYPE15M-26MAY282330,Target Price: $61.8024,2026-05-28 23:15:00-04:00,2026-05-28 23:30:00-04:00,61.7530,61.8024,no
KXHYPE15M-26MAY282315,Target Price: $60.3766,2026-05-28 23:00:00-04:00,2026-05-28 23:15:00-04:00,61.8024,60.3766,yes
KXHYPE15M-26MAY282300,Target Price: $60.5964,2026-05-28 22:45:00-04:00,2026-05-28 23:00:00-04:00,60.3766,60.5964,no
KXHYPE15M-26MAY282245,Target Price: $60.7240,2026-05-28 22:30:00-04:00,2026-05-28 22:45:00-04:00,60.5964,60.724,no
KXHYPE15M-26MAY282230,Target Price: $61.6672,2026-05-28 22:15:00-04:00,2026-05-28 22:30:00-04:00,60.7240,61.6672,no
KXHYPE15M-26MAY282215,Target Price: $61.8773,2026-05-28 22:00:00-04:00,2026-05-28 22:15:00-04:00,61.6672,61.8773,no
KXHYPE15M-26MAY282200,Target Price: $61.6391,2026-05-28 21:45:00-04:00,2026-05-28 22:00:00-04:00,61.8773,61.6391,yes
KXHYPE15M-26MAY282145,Target Price: $61.4064,2026-05-28 21:30:00-04:00,2026-05-28 21:45:00-04:00,61.6391,61.4064,yes
KXHYPE15M-26MAY282130,Target Price: $62.0418,2026-05-28 21:15:00-04:00,2026-05-28 21:30:00-04:00,61.4064,62.0418,no
KXHYPE15M-26MAY282115,Target Price: $62.0802,2026-05-28 21:00:00-04:00,2026-05-28 21:15:00-04:00,62.0418,62.0802,no
KXHYPE15M-26MAY282100,Target Price: $61.8028,2026-05-28 20:45:00-04:00,2026-05-28 21:00:00-04:00,62.0802,61.8028,yes
KXHYPE15M-26MAY282045,Target Price: $62.3265,2026-05-28 20:30:00-04:00,2026-05-28 20:45:00-04:00,61.8028,62.3265,no
KXHYPE15M-26MAY282030,Target Price: $61.4314,2026-05-28 20:15:00-04:00,2026-05-28 20:30:00-04:00,62.3265,61.4314,yes
KXHYPE15M-26MAY282015,Target Price: $61.5742,2026-05-28 20:00:00-04:00,2026-05-28 20:15:00-04:00,61.4314,61.5742,no
KXHYPE15M-26MAY282000,Target Price: $61.7294,2026-05-28 19:45:00-04:00,2026-05-28 20:00:00-04:00,61.5742,61.7294,no
KXHYPE15M-26MAY281945,Target Price: $61.8720,2026-05-28 19:30:00-04:00,2026-05-28 19:45:00-04:00,61.7294,61.872,no
KXHYPE15M-26MAY281930,Target Price: $61.8961,2026-05-28 19:15:00-04:00,2026-05-28 19:30:00-04:00,61.8720,61.8961,no
KXHYPE15M-26MAY281915,Target Price: $61.5935,2026-05-28 19:00:00-04:00,2026-05-28 19:15:00-04:00,61.8961,61.5935,yes
KXHYPE15M-26MAY281900,Target Price: $61.2076,2026-05-28 18:45:00-04:00,2026-05-28 19:00:00-04:00,61.5935,61.2076,yes
KXHYPE15M-26MAY281845,Target Price: $61.1111,2026-05-28 18:30:00-04:00,2026-05-28 18:45:00-04:00,61.2076,61.1111,yes
KXHYPE15M-26MAY281830,Target Price: $61.5408,2026-05-28 18:15:00-04:00,2026-05-28 18:30:00-04:00,61.1111,61.5408,no
KXHYPE15M-26MAY281815,Target Price: $61.8274,2026-05-28 18:00:00-04:00,2026-05-28 18:15:00-04:00,61.5408,61.8274,no
KXHYPE15M-26MAY281800,Target Price: $61.9644,2026-05-28 17:45:00-04:00,2026-05-28 18:00:00-04:00,61.8274,61.9644,no
KXHYPE15M-26MAY281745,Target Price: $61.5420,2026-05-28 17:30:00-04:00,2026-05-28 17:45:00-04:00,61.9644,61.542,yes
KXHYPE15M-26MAY281730,Target Price: $61.1667,2026-05-28 17:15:00-04:00,2026-05-28 17:30:00-04:00,61.5420,61.1667,yes
KXHYPE15M-26MAY281715,Target Price: $60.7127,2026-05-28 17:00:00-04:00,2026-05-28 17:15:00-04:00,61.1667,60.7127,yes
KXHYPE15M-26MAY281700,Target Price: $61.1293,2026-05-28 16:45:00-04:00,2026-05-28 17:00:00-04:00,60.7127,61.1293,no
KXHYPE15M-26MAY281645,Target Price: $60.8638,2026-05-28 16:30:00-04:00,2026-05-28 16:45:00-04:00,61.1293,60.8638,yes
KXHYPE15M-26MAY281630,Target Price: $60.3926,2026-05-28 16:15:00-04:00,2026-05-28 16:30:00-04:00,60.8638,60.3926,yes
KXHYPE15M-26MAY281615,Target Price: $60.9226,2026-05-28 16:00:00-04:00,2026-05-28 16:15:00-04:00,60.3926,60.9226,no
KXHYPE15M-26MAY281600,Target Price: $60.3434,2026-05-28 15:45:00-04:00,2026-05-28 16:00:00-04:00,60.9226,60.3434,yes
KXHYPE15M-26MAY281545,Target Price: $60.5776,2026-05-28 15:30:00-04:00,2026-05-28 15:45:00-04:00,60.3434,60.5776,no
KXHYPE15M-26MAY281530,Target Price: $60.0381,2026-05-28 15:15:00-04:00,2026-05-28 15:30:00-04:00,60.5776,60.0381,yes
KXHYPE15M-26MAY281515,Target Price: $60.6622,2026-05-28 15:00:00-04:00,2026-05-28 15:15:00-04:00,60.0381,60.6622,no
KXHYPE15M-26MAY281500,Target Price: $60.4195,2026-05-28 14:45:00-04:00,2026-05-28 15:00:00-04:00,60.6622,60.4195,yes
KXHYPE15M-26MAY281445,Target Price: $60.3455,2026-05-28 14:30:00-04:00,2026-05-28 14:45:00-04:00,60.4195,60.3455,yes
KXHYPE15M-26MAY281430,Target Price: $60.2340,2026-05-28 14:15:00-04:00,2026-05-28 14:30:00-04:00,60.3455,60.234,yes
KXHYPE15M-26MAY281415,Target Price: $59.3558,2026-05-28 14:00:00-04:00,2026-05-28 14:15:00-04:00,60.2340,59.3558,yes
KXHYPE15M-26MAY281400,Target Price: $59.5356,2026-05-28 13:45:00-04:00,2026-05-28 14:00:00-04:00,59.3558,59.5356,no
KXHYPE15M-26MAY281345,Target Price: $58.9913,2026-05-28 13:30:00-04:00,2026-05-28 13:45:00-04:00,59.5356,58.9913,yes
KXHYPE15M-26MAY281330,Target Price: $59.2218,2026-05-28 13:15:00-04:00,2026-05-28 13:30:00-04:00,58.9913,59.2218,no
KXHYPE15M-26MAY281315,Target Price: $59.1832,2026-05-28 13:00:00-04:00,2026-05-28 13:15:00-04:00,59.2218,59.1832,yes
KXHYPE15M-26MAY281300,Target Price: $59.0357,2026-05-28 12:45:00-04:00,2026-05-28 13:00:00-04:00,59.1832,59.0357,yes
KXHYPE15M-26MAY281245,Target Price: $58.4874,2026-05-28 12:30:00-04:00,2026-05-28 12:45:00-04:00,59.0357,58.4874,yes
KXHYPE15M-26MAY281230,Target Price: $57.8089,2026-05-28 12:15:00-04:00,2026-05-28 12:30:00-04:00,58.4874,57.8089,yes
KXHYPE15M-26MAY281215,Target Price: $57.5742,2026-05-28 12:00:00-04:00,2026-05-28 12:15:00-04:00,57.8089,57.5742,yes
KXHYPE15M-26MAY281200,Target Price: $57.7953,2026-05-28 11:45:00-04:00,2026-05-28 12:00:00-04:00,57.5742,57.7953,no
KXHYPE15M-26MAY281145,Target Price: $57.7683,2026-05-28 11:30:00-04:00,2026-05-28 11:45:00-04:00,57.7953,57.7683,yes
KXHYPE15M-26MAY281130,Target Price: $57.5288,2026-05-28 11:15:00-04:00,2026-05-28 11:30:00-04:00,57.7683,57.5288,yes
KXHYPE15M-26MAY281115,Target Price: $57.3423,2026-05-28 11:00:00-04:00,2026-05-28 11:15:00-04:00,57.5288,57.3423,yes
KXHYPE15M-26MAY281100,Target Price: $56.9349,2026-05-28 10:45:00-04:00,2026-05-28 11:00:00-04:00,57.3423,56.9349,yes
KXHYPE15M-26MAY281045,Target Price: $57.3447,2026-05-28 10:30:00-04:00,2026-05-28 10:45:00-04:00,56.9349,57.3447,no
KXHYPE15M-26MAY281030,Target Price: $58.1524,2026-05-28 10:15:00-04:00,2026-05-28 10:30:00-04:00,57.3447,58.1524,no
KXHYPE15M-26MAY281015,Target Price: $57.2390,2026-05-28 10:00:00-04:00,2026-05-28 10:15:00-04:00,58.1524,57.239,yes
KXHYPE15M-26MAY281000,Target Price: $56.6979,2026-05-28 09:45:00-04:00,2026-05-28 10:00:00-04:00,57.2390,56.6979,yes
KXHYPE15M-26MAY280945,Target Price: $56.8289,2026-05-28 09:30:00-04:00,2026-05-28 09:45:00-04:00,56.6979,56.8289,no
KXHYPE15M-26MAY280930,Target Price: $56.6453,2026-05-28 09:15:00-04:00,2026-05-28 09:30:00-04:00,56.8289,56.6453,yes
KXHYPE15M-26MAY280915,Target Price: $57.1835,2026-05-28 09:00:00-04:00,2026-05-28 09:15:00-04:00,56.6453,57.1835,no
KXHYPE15M-26MAY280900,Target Price: $56.9409,2026-05-28 08:45:00-04:00,2026-05-28 09:00:00-04:00,57.1835,56.9409,yes
KXHYPE15M-26MAY280845,Target Price: $56.3660,2026-05-28 08:30:00-04:00,2026-05-28 08:45:00-04:00,56.9409,56.366,yes
KXHYPE15M-26MAY280830,Target Price: $56.6372,2026-05-28 08:15:00-04:00,2026-05-28 08:30:00-04:00,56.3660,56.6372,no
KXHYPE15M-26MAY280815,Target Price: $56.9969,2026-05-28 08:00:00-04:00,2026-05-28 08:15:00-04:00,56.6372,56.9969,no
KXHYPE15M-26MAY280800,Target Price: $56.7839,2026-05-28 07:45:00-04:00,2026-05-28 08:00:00-04:00,56.9969,56.7839,yes
KXHYPE15M-26MAY280745,Target Price: $56.6537,2026-05-28 07:30:00-04:00,2026-05-28 07:45:00-04:00,56.7839,56.6537,yes
KXHYPE15M-26MAY280730,Target Price: $56.8556,2026-05-28 07:15:00-04:00,2026-05-28 07:30:00-04:00,56.6537,56.8556,no
KXHYPE15M-26MAY280715,Target Price: $56.6466,2026-05-28 07:00:00-04:00,2026-05-28 07:15:00-04:00,56.8556,56.6466,yes
KXHYPE15M-26MAY280700,Target Price: $56.8695,2026-05-28 06:45:00-04:00,2026-05-28 07:00:00-04:00,56.6466,56.8695,no
KXHYPE15M-26MAY280645,Target Price: $56.9561,2026-05-28 06:30:00-04:00,2026-05-28 06:45:00-04:00,56.8695,56.9561,no
KXHYPE15M-26MAY280630,Target Price: $57.1748,2026-05-28 06:15:00-04:00,2026-05-28 06:30:00-04:00,56.9561,57.1748,no
KXHYPE15M-26MAY280615,Target Price: $57.4016,2026-05-28 06:00:00-04:00,2026-05-28 06:15:00-04:00,57.1748,57.4016,no
KXHYPE15M-26MAY280600,Target Price: $57.2508,2026-05-28 05:45:00-04:00,2026-05-28 06:00:00-04:00,57.4016,57.2508,yes
KXHYPE15M-26MAY280545,Target Price: $57.0015,2026-05-28 05:30:00-04:00,2026-05-28 05:45:00-04:00,57.2508,57.0015,yes
KXHYPE15M-26MAY280530,Target Price: $56.8623,2026-05-28 05:15:00-04:00,2026-05-28 05:30:00-04:00,57.0015,56.8623,yes
KXHYPE15M-26MAY280515,Target Price: $56.7007,2026-05-28 05:00:00-04:00,2026-05-28 05:15:00-04:00,56.8623,56.7007,yes
KXHYPE15M-26MAY280200,Target Price: $57.2578,2026-05-28 01:45:00-04:00,2026-05-28 02:00:00-04:00,57.0147,57.2578,no
KXHYPE15M-26MAY280145,Target Price: $57.0643,2026-05-28 01:30:00-04:00,2026-05-28 01:45:00-04:00,57.2578,57.0643,yes
KXHYPE15M-26MAY280130,Target Price: $57.1535,2026-05-28 01:15:00-04:00,2026-05-28 01:30:00-04:00,57.0643,57.1535,no
KXHYPE15M-26MAY280115,Target Price: $57.3707,2026-05-28 01:00:00-04:00,2026-05-28 01:15:00-04:00,57.1535,57.3707,no
KXHYPE15M-26MAY280100,Target Price: $57.3753,2026-05-28 00:45:00-04:00,2026-05-28 01:00:00-04:00,57.3707,57.3753,no
KXHYPE15M-26MAY280045,Target Price: $57.1398,2026-05-28 00:30:00-04:00,2026-05-28 00:45:00-04:00,57.3753,57.1398,yes
KXHYPE15M-26MAY280030,Target Price: $57.4034,2026-05-28 00:15:00-04:00,2026-05-28 00:30:00-04:00,57.1398,57.4034,no
KXHYPE15M-26MAY280015,Target Price: $56.8868,2026-05-28 00:00:00-04:00,2026-05-28 00:15:00-04:00,57.4034,56.8868,yes
KXHYPE15M-26MAY280000,Target Price: $57.5421,2026-05-27 23:45:00-04:00,2026-05-28 00:00:00-04:00,56.8868,57.5421,no
KXHYPE15M-26MAY272345,Target Price: $58.2120,2026-05-27 23:30:00-04:00,2026-05-27 23:45:00-04:00,57.5421,58.212,no
KXHYPE15M-26MAY272330,Target Price: $57.9573,2026-05-27 23:15:00-04:00,2026-05-27 23:30:00-04:00,58.2120,57.9573,yes
KXHYPE15M-26MAY272315,Target Price: $58.3387,2026-05-27 23:00:00-04:00,2026-05-27 23:15:00-04:00,57.9573,58.3387,no
KXHYPE15M-26MAY272300,Target Price: $58.1248,2026-05-27 22:45:00-04:00,2026-05-27 23:00:00-04:00,58.3387,58.1248,yes
KXHYPE15M-26MAY272245,Target Price: $57.7984,2026-05-27 22:30:00-04:00,2026-05-27 22:45:00-04:00,58.1248,57.7984,yes
KXHYPE15M-26MAY272230,Target Price: $57.9719,2026-05-27 22:15:00-04:00,2026-05-27 22:30:00-04:00,57.7984,57.9719,no
KXHYPE15M-26MAY272215,Target Price: $57.9738,2026-05-27 22:00:00-04:00,2026-05-27 22:15:00-04:00,57.9719,57.9738,no
KXHYPE15M-26MAY272200,Target Price: $58.1535,2026-05-27 21:45:00-04:00,2026-05-27 22:00:00-04:00,57.9738,58.1535,no
KXHYPE15M-26MAY272145,Target Price: $58.0967,2026-05-27 21:30:00-04:00,2026-05-27 21:45:00-04:00,58.1535,58.0967,yes
KXHYPE15M-26MAY272130,Target Price: $57.8964,2026-05-27 21:15:00-04:00,2026-05-27 21:30:00-04:00,58.0967,57.8964,yes
KXHYPE15M-26MAY272115,Target Price: $57.9658,2026-05-27 21:00:00-04:00,2026-05-27 21:15:00-04:00,57.8964,57.9658,no
KXHYPE15M-26MAY272100,Target Price: $58.1772,2026-05-27 20:45:00-04:00,2026-05-27 21:00:00-04:00,57.9658,58.1772,no
KXHYPE15M-26MAY272045,Target Price: $57.9791,2026-05-27 20:30:00-04:00,2026-05-27 20:45:00-04:00,58.1772,57.9791,yes
KXHYPE15M-26MAY272030,Target Price: $57.8284,2026-05-27 20:15:00-04:00,2026-05-27 20:30:00-04:00,57.9791,57.8284,yes
KXHYPE15M-26MAY272015,Target Price: $57.8158,2026-05-27 20:00:00-04:00,2026-05-27 20:15:00-04:00,57.8284,57.8158,yes
KXHYPE15M-26MAY272000,Target Price: $57.8342,2026-05-27 19:45:00-04:00,2026-05-27 20:00:00-04:00,57.8158,57.8342,no
KXHYPE15M-26MAY271945,Target Price: $58.1267,2026-05-27 19:30:00-04:00,2026-05-27 19:45:00-04:00,57.8342,58.1267,no
KXHYPE15M-26MAY271930,Target Price: $58.2119,2026-05-27 19:15:00-04:00,2026-05-27 19:30:00-04:00,58.1267,58.2119,no
KXHYPE15M-26MAY271915,Target Price: $58.1374,2026-05-27 19:00:00-04:00,2026-05-27 19:15:00-04:00,58.2119,58.1374,yes
KXHYPE15M-26MAY271900,Target Price: $58.8976,2026-05-27 18:45:00-04:00,2026-05-27 19:00:00-04:00,58.1374,58.8976,no
KXHYPE15M-26MAY271845,Target Price: $59.6683,2026-05-27 18:30:00-04:00,2026-05-27 18:45:00-04:00,58.8976,59.6683,no
KXHYPE15M-26MAY271830,Target Price: $59.4854,2026-05-27 18:15:00-04:00,2026-05-27 18:30:00-04:00,59.6683,59.4854,yes
KXHYPE15M-26MAY271815,Target Price: $59.7145,2026-05-27 18:00:00-04:00,2026-05-27 18:15:00-04:00,59.4854,59.7145,no
KXHYPE15M-26MAY271800,Target Price: $59.4026,2026-05-27 17:45:00-04:00,2026-05-27 18:00:00-04:00,59.7145,59.4026,yes
KXHYPE15M-26MAY271745,Target Price: $59.4967,2026-05-27 17:30:00-04:00,2026-05-27 17:45:00-04:00,59.4026,59.4967,no
KXHYPE15M-26MAY271730,Target Price: $60.0701,2026-05-27 17:15:00-04:00,2026-05-27 17:30:00-04:00,59.4967,60.0701,no
KXHYPE15M-26MAY271715,Target Price: $60.3536,2026-05-27 17:00:00-04:00,2026-05-27 17:15:00-04:00,60.0701,60.3536,no
KXHYPE15M-26MAY271700,Target Price: $60.0168,2026-05-27 16:45:00-04:00,2026-05-27 17:00:00-04:00,60.3536,60.0168,yes
KXHYPE15M-26MAY271645,Target Price: $60.0543,2026-05-27 16:30:00-04:00,2026-05-27 16:45:00-04:00,60.0168,60.0543,no
KXHYPE15M-26MAY271630,Target Price: $60.1971,2026-05-27 16:15:00-04:00,2026-05-27 16:30:00-04:00,60.0543,60.1971,no
KXHYPE15M-26MAY271615,Target Price: $60.0964,2026-05-27 16:00:00-04:00,2026-05-27 16:15:00-04:00,60.1971,60.0964,yes
KXHYPE15M-26MAY271600,Target Price: $59.6141,2026-05-27 15:45:00-04:00,2026-05-27 16:00:00-04:00,60.0964,59.6141,yes
KXHYPE15M-26MAY271545,Target Price: $59.7773,2026-05-27 15:30:00-04:00,2026-05-27 15:45:00-04:00,59.6141,59.7773,no
KXHYPE15M-26MAY271530,Target Price: $59.6562,2026-05-27 15:15:00-04:00,2026-05-27 15:30:00-04:00,59.7773,59.6562,yes
KXHYPE15M-26MAY271515,Target Price: $59.4048,2026-05-27 15:00:00-04:00,2026-05-27 15:15:00-04:00,59.6562,59.4048,yes
KXHYPE15M-26MAY271500,Target Price: $59.3294,2026-05-27 14:45:00-04:00,2026-05-27 15:00:00-04:00,59.4048,59.3294,yes
KXHYPE15M-26MAY271445,Target Price: $59.2484,2026-05-27 14:30:00-04:00,2026-05-27 14:45:00-04:00,59.3294,59.2484,yes
KXHYPE15M-26MAY271430,Target Price: $59.0921,2026-05-27 14:15:00-04:00,2026-05-27 14:30:00-04:00,59.2484,59.0921,yes
KXHYPE15M-26MAY271415,Target Price: $59.3365,2026-05-27 14:00:00-04:00,2026-05-27 14:15:00-04:00,59.0921,59.3365,no
KXHYPE15M-26MAY271400,Target Price: $59.0520,2026-05-27 13:45:00-04:00,2026-05-27 14:00:00-04:00,59.3365,59.052,yes
KXHYPE15M-26MAY271345,Target Price: $59.6295,2026-05-27 13:30:00-04:00,2026-05-27 13:45:00-04:00,59.0520,59.6295,no
KXHYPE15M-26MAY271330,Target Price: $59.4114,2026-05-27 13:15:00-04:00,2026-05-27 13:30:00-04:00,59.6295,59.4114,yes
KXHYPE15M-26MAY271315,Target Price: $60.3976,2026-05-27 13:00:00-04:00,2026-05-27 13:15:00-04:00,59.4114,60.3976,no
KXHYPE15M-26MAY271300,Target Price: $60.0678,2026-05-27 12:45:00-04:00,2026-05-27 13:00:00-04:00,60.3976,60.0678,yes
KXHYPE15M-26MAY271245,Target Price: $59.8421,2026-05-27 12:30:00-04:00,2026-05-27 12:45:00-04:00,60.0678,59.8421,yes
KXHYPE15M-26MAY271230,Target Price: $60.1809,2026-05-27 12:15:00-04:00,2026-05-27 12:30:00-04:00,59.8421,60.1809,no
KXHYPE15M-26MAY271215,Target Price: $60.4628,2026-05-27 12:00:00-04:00,2026-05-27 12:15:00-04:00,60.1809,60.4628,no
KXHYPE15M-26MAY271200,Target Price: $60.2938,2026-05-27 11:45:00-04:00,2026-05-27 12:00:00-04:00,60.4628,60.2938,yes
KXHYPE15M-26MAY271145,Target Price: $60.4110,2026-05-27 11:30:00-04:00,2026-05-27 11:45:00-04:00,60.2938,60.411,no
KXHYPE15M-26MAY271130,Target Price: $60.1134,2026-05-27 11:15:00-04:00,2026-05-27 11:30:00-04:00,60.4110,60.1134,yes
KXHYPE15M-26MAY271115,Target Price: $59.9960,2026-05-27 11:00:00-04:00,2026-05-27 11:15:00-04:00,60.1134,59.996,yes
KXHYPE15M-26MAY271100,Target Price: $59.8541,2026-05-27 10:45:00-04:00,2026-05-27 11:00:00-04:00,59.9960,59.8541,yes
KXHYPE15M-26MAY271045,Target Price: $59.8303,2026-05-27 10:30:00-04:00,2026-05-27 10:45:00-04:00,59.8541,59.8303,yes
KXHYPE15M-26MAY271030,Target Price: $59.8289,2026-05-27 10:15:00-04:00,2026-05-27 10:30:00-04:00,59.8303,59.8289,yes
KXHYPE15M-26MAY271015,Target Price: $60.7762,2026-05-27 10:00:00-04:00,2026-05-27 10:15:00-04:00,59.8289,60.7762,no
KXHYPE15M-26MAY271000,Target Price: $60.3747,2026-05-27 09:45:00-04:00,2026-05-27 10:00:00-04:00,60.7762,60.3747,yes
KXHYPE15M-26MAY270945,Target Price: $61.7076,2026-05-27 09:30:00-04:00,2026-05-27 09:45:00-04:00,60.3747,61.7076,no
KXHYPE15M-26MAY270930,Target Price: $61.9370,2026-05-27 09:15:00-04:00,2026-05-27 09:30:00-04:00,61.7076,61.937,no
KXHYPE15M-26MAY270915,Target Price: $61.8151,2026-05-27 09:00:00-04:00,2026-05-27 09:15:00-04:00,61.9370,61.8151,yes
KXHYPE15M-26MAY270900,Target Price: $62.3651,2026-05-27 08:45:00-04:00,2026-05-27 09:00:00-04:00,61.8151,62.3651,no
KXHYPE15M-26MAY270845,Target Price: $62.7127,2026-05-27 08:30:00-04:00,2026-05-27 08:45:00-04:00,62.3651,62.7127,no
KXHYPE15M-26MAY270830,Target Price: $62.5780,2026-05-27 08:15:00-04:00,2026-05-27 08:30:00-04:00,62.7127,62.578,yes
KXHYPE15M-26MAY270815,Target Price: $62.2812,2026-05-27 08:00:00-04:00,2026-05-27 08:15:00-04:00,62.5780,62.2812,yes
KXHYPE15M-26MAY270800,Target Price: $62.6855,2026-05-27 07:45:00-04:00,2026-05-27 08:00:00-04:00,62.2812,62.6855,no
KXHYPE15M-26MAY270745,Target Price: $62.7761,2026-05-27 07:30:00-04:00,2026-05-27 07:45:00-04:00,62.6855,62.7761,no
KXHYPE15M-26MAY270730,Target Price: $63.0486,2026-05-27 07:15:00-04:00,2026-05-27 07:30:00-04:00,62.7761,63.0486,no
KXHYPE15M-26MAY270715,Target Price: $62.5771,2026-05-27 07:00:00-04:00,2026-05-27 07:15:00-04:00,63.0486,62.5771,yes
KXHYPE15M-26MAY270700,Target Price: $62.9901,2026-05-27 06:45:00-04:00,2026-05-27 07:00:00-04:00,62.5771,62.9901,no
KXHYPE15M-26MAY270645,Target Price: $63.0309,2026-05-27 06:30:00-04:00,2026-05-27 06:45:00-04:00,62.9901,63.0309,no
KXHYPE15M-26MAY270630,Target Price: $62.8211,2026-05-27 06:15:00-04:00,2026-05-27 06:30:00-04:00,63.0309,62.8211,yes
KXHYPE15M-26MAY270615,Target Price: $62.9070,2026-05-27 06:00:00-04:00,2026-05-27 06:15:00-04:00,62.8211,62.907,no
KXHYPE15M-26MAY270600,Target Price: $63.0933,2026-05-27 05:45:00-04:00,2026-05-27 06:00:00-04:00,62.9070,63.0933,no
KXHYPE15M-26MAY270545,Target Price: $62.5312,2026-05-27 05:30:00-04:00,2026-05-27 05:45:00-04:00,63.0933,62.5312,yes
KXHYPE15M-26MAY270530,Target Price: $62.3889,2026-05-27 05:15:00-04:00,2026-05-27 05:30:00-04:00,62.5312,62.3889,yes
KXHYPE15M-26MAY270515,Target Price: $62.2450,2026-05-27 05:00:00-04:00,2026-05-27 05:15:00-04:00,62.3889,62.245,yes
KXHYPE15M-26MAY270500,Target Price: $62.1977,2026-05-27 04:45:00-04:00,2026-05-27 05:00:00-04:00,62.2450,62.1977,yes
KXHYPE15M-26MAY270445,Target Price: $62.1081,2026-05-27 04:30:00-04:00,2026-05-27 04:45:00-04:00,62.1977,62.1081,yes
KXHYPE15M-26MAY270430,Target Price: $62.0951,2026-05-27 04:15:00-04:00,2026-05-27 04:30:00-04:00,62.1081,62.0951,yes
KXHYPE15M-26MAY270415,Target Price: $62.1295,2026-05-27 04:00:00-04:00,2026-05-27 04:15:00-04:00,62.0951,62.1295,no
KXHYPE15M-26MAY270400,Target Price: $61.9597,2026-05-27 03:45:00-04:00,2026-05-27 04:00:00-04:00,62.1295,61.9597,yes
KXHYPE15M-26MAY270345,Target Price: $62.5547,2026-05-27 03:30:00-04:00,2026-05-27 03:45:00-04:00,61.9597,62.5547,no
KXHYPE15M-26MAY270330,Target Price: $62.4062,2026-05-27 03:15:00-04:00,2026-05-27 03:30:00-04:00,62.5547,62.4062,yes
KXHYPE15M-26MAY270315,Target Price: $62.3249,2026-05-27 03:00:00-04:00,2026-05-27 03:15:00-04:00,62.4062,62.3249,yes
KXHYPE15M-26MAY270300,Target Price: $62.1236,2026-05-27 02:45:00-04:00,2026-05-27 03:00:00-04:00,62.3249,62.1236,yes
KXHYPE15M-26MAY270245,Target Price: $61.7776,2026-05-27 02:30:00-04:00,2026-05-27 02:45:00-04:00,62.1236,61.7776,yes
KXHYPE15M-26MAY270230,Target Price: $61.6616,2026-05-27 02:15:00-04:00,2026-05-27 02:30:00-04:00,61.7776,61.6616,yes
KXHYPE15M-26MAY270215,Target Price: $61.8293,2026-05-27 02:00:00-04:00,2026-05-27 02:15:00-04:00,61.6616,61.8293,no
KXHYPE15M-26MAY270200,Target Price: $61.4640,2026-05-27 01:45:00-04:00,2026-05-27 02:00:00-04:00,61.8293,61.464,yes
KXHYPE15M-26MAY270145,Target Price: $60.9255,2026-05-27 01:30:00-04:00,2026-05-27 01:45:00-04:00,61.4640,60.9255,yes
KXHYPE15M-26MAY270130,Target Price: $60.8535,2026-05-27 01:15:00-04:00,2026-05-27 01:30:00-04:00,60.9255,60.8535,yes
KXHYPE15M-26MAY270115,Target Price: $60.7271,2026-05-27 01:00:00-04:00,2026-05-27 01:15:00-04:00,60.8535,60.7271,yes
KXHYPE15M-26MAY270100,Target Price: $60.1167,2026-05-27 00:45:00-04:00,2026-05-27 01:00:00-04:00,60.7271,60.1167,yes
KXHYPE15M-26MAY270045,Target Price: $59.7990,2026-05-27 00:30:00-04:00,2026-05-27 00:45:00-04:00,60.1167,59.799,yes
KXHYPE15M-26MAY270030,Target Price: $59.9282,2026-05-27 00:15:00-04:00,2026-05-27 00:30:00-04:00,59.7990,59.9282,no
KXHYPE15M-26MAY270015,Target Price: $60.0864,2026-05-27 00:00:00-04:00,2026-05-27 00:15:00-04:00,59.9282,60.0864,no
KXHYPE15M-26MAY270000,Target Price: $60.4259,2026-05-26 23:45:00-04:00,2026-05-27 00:00:00-04:00,60.0864,60.4259,no
KXHYPE15M-26MAY262345,Target Price: $60.6331,2026-05-26 23:30:00-04:00,2026-05-26 23:45:00-04:00,60.4259,60.6331,no
KXHYPE15M-26MAY262330,Target Price: $61.0243,2026-05-26 23:15:00-04:00,2026-05-26 23:30:00-04:00,60.6331,61.0243,no
KXHYPE15M-26MAY262315,Target Price: $60.6075,2026-05-26 23:00:00-04:00,2026-05-26 23:15:00-04:00,61.0243,60.6075,yes
KXHYPE15M-26MAY262300,Target Price: $59.9675,2026-05-26 22:45:00-04:00,2026-05-26 23:00:00-04:00,60.6075,59.9675,yes
KXHYPE15M-26MAY262245,Target Price: $60.0304,2026-05-26 22:30:00-04:00,2026-05-26 22:45:00-04:00,59.9675,60.0304,no
KXHYPE15M-26MAY262230,Target Price: $60.0193,2026-05-26 22:15:00-04:00,2026-05-26 22:30:00-04:00,60.0304,60.0193,yes
KXHYPE15M-26MAY262215,Target Price: $60.0239,2026-05-26 22:00:00-04:00,2026-05-26 22:15:00-04:00,60.0193,60.0239,no
KXHYPE15M-26MAY262200,Target Price: $60.2906,2026-05-26 21:45:00-04:00,2026-05-26 22:00:00-04:00,60.0239,60.2906,no
KXHYPE15M-26MAY262145,Target Price: $60.1619,2026-05-26 21:30:00-04:00,2026-05-26 21:45:00-04:00,60.2906,60.1619,yes
KXHYPE15M-26MAY262130,Target Price: $60.5201,2026-05-26 21:15:00-04:00,2026-05-26 21:30:00-04:00,60.1619,60.5201,no
KXHYPE15M-26MAY262115,Target Price: $60.7239,2026-05-26 21:00:00-04:00,2026-05-26 21:15:00-04:00,60.5201,60.7239,no
KXHYPE15M-26MAY262100,Target Price: $60.3032,2026-05-26 20:45:00-04:00,2026-05-26 21:00:00-04:00,60.7239,60.3032,yes
KXHYPE15M-26MAY262045,Target Price: $60.2113,2026-05-26 20:30:00-04:00,2026-05-26 20:45:00-04:00,60.3032,60.2113,yes
KXHYPE15M-26MAY262030,Target Price: $60.1923,2026-05-26 20:15:00-04:00,2026-05-26 20:30:00-04:00,60.2113,60.1923,yes
KXHYPE15M-26MAY262015,Target Price: $59.5610,2026-05-26 20:00:00-04:00,2026-05-26 20:15:00-04:00,60.1923,59.561,yes
KXHYPE15M-26MAY262000,Target Price: $59.6198,2026-05-26 19:45:00-04:00,2026-05-26 20:00:00-04:00,59.5610,59.6198,no
KXHYPE15M-26MAY261945,Target Price: $59.8851,2026-05-26 19:30:00-04:00,2026-05-26 19:45:00-04:00,59.6198,59.8851,no
KXHYPE15M-26MAY261930,Target Price: $59.8724,2026-05-26 19:15:00-04:00,2026-05-26 19:30:00-04:00,59.8851,59.8724,yes
KXHYPE15M-26MAY261915,Target Price: $59.7071,2026-05-26 19:00:00-04:00,2026-05-26 19:15:00-04:00,59.8724,59.7071,yes
KXHYPE15M-26MAY261900,Target Price: $59.2849,2026-05-26 18:45:00-04:00,2026-05-26 19:00:00-04:00,59.7071,59.2849,yes
KXHYPE15M-26MAY261845,Target Price: $59.4821,2026-05-26 18:30:00-04:00,2026-05-26 18:45:00-04:00,59.2849,59.4821,no
KXHYPE15M-26MAY261830,Target Price: $59.3271,2026-05-26 18:15:00-04:00,2026-05-26 18:30:00-04:00,59.4821,59.3271,yes
KXHYPE15M-26MAY261815,Target Price: $58.9488,2026-05-26 18:00:00-04:00,2026-05-26 18:15:00-04:00,59.3271,58.9488,yes
KXHYPE15M-26MAY261800,Target Price: $59.4108,2026-05-26 17:45:00-04:00,2026-05-26 18:00:00-04:00,58.9488,59.4108,no
KXHYPE15M-26MAY261745,Target Price: $59.1612,2026-05-26 17:30:00-04:00,2026-05-26 17:45:00-04:00,59.4108,59.1612,yes
KXHYPE15M-26MAY261730,Target Price: $59.0542,2026-05-26 17:15:00-04:00,2026-05-26 17:30:00-04:00,59.1612,59.0542,yes
KXHYPE15M-26MAY261715,Target Price: $59.6863,2026-05-26 17:00:00-04:00,2026-05-26 17:15:00-04:00,59.0542,59.6863,no
KXHYPE15M-26MAY261700,Target Price: $59.7632,2026-05-26 16:45:00-04:00,2026-05-26 17:00:00-04:00,59.6863,59.7632,no
KXHYPE15M-26MAY261645,Target Price: $59.8594,2026-05-26 16:30:00-04:00,2026-05-26 16:45:00-04:00,59.7632,59.8594,no
KXHYPE15M-26MAY261630,Target Price: $60.4565,2026-05-26 16:15:00-04:00,2026-05-26 16:30:00-04:00,59.8594,60.4565,no
KXHYPE15M-26MAY261615,Target Price: $60.7584,2026-05-26 16:00:00-04:00,2026-05-26 16:15:00-04:00,60.4565,60.7584,no
KXHYPE15M-26MAY261600,Target Price: $60.7998,2026-05-26 15:45:00-04:00,2026-05-26 16:00:00-04:00,60.7584,60.7998,no
KXHYPE15M-26MAY261545,Target Price: $60.4764,2026-05-26 15:30:00-04:00,2026-05-26 15:45:00-04:00,60.7998,60.4764,yes
KXHYPE15M-26MAY261530,Target Price: $60.4647,2026-05-26 15:15:00-04:00,2026-05-26 15:30:00-04:00,60.4764,60.4647,yes
KXHYPE15M-26MAY261515,Target Price: $61.6365,2026-05-26 15:00:00-04:00,2026-05-26 15:15:00-04:00,60.4647,61.6365,no
KXHYPE15M-26MAY261500,Target Price: $61.1523,2026-05-26 14:45:00-04:00,2026-05-26 15:00:00-04:00,61.6365,61.1523,yes
KXHYPE15M-26MAY261445,Target Price: $61.4937,2026-05-26 14:30:00-04:00,2026-05-26 14:45:00-04:00,61.1523,61.4937,no
KXHYPE15M-26MAY261430,Target Price: $61.7209,2026-05-26 14:15:00-04:00,2026-05-26 14:30:00-04:00,61.4937,61.7209,no
KXHYPE15M-26MAY261415,Target Price: $61.4945,2026-05-26 14:00:00-04:00,2026-05-26 14:15:00-04:00,61.7209,61.4945,yes
KXHYPE15M-26MAY261400,Target Price: $61.4303,2026-05-26 13:45:00-04:00,2026-05-26 14:00:00-04:00,61.4945,61.4303,yes
KXHYPE15M-26MAY261345,Target Price: $61.4355,2026-05-26 13:30:00-04:00,2026-05-26 13:45:00-04:00,61.4303,61.4355,no
KXHYPE15M-26MAY261330,Target Price: $62.9296,2026-05-26 13:15:00-04:00,2026-05-26 13:30:00-04:00,61.4355,62.9296,no
KXHYPE15M-26MAY261315,Target Price: $62.7497,2026-05-26 13:00:00-04:00,2026-05-26 13:15:00-04:00,62.9296,62.7497,yes
KXHYPE15M-26MAY261300,Target Price: $62.9597,2026-05-26 12:45:00-04:00,2026-05-26 13:00:00-04:00,62.7497,62.9597,no
KXHYPE15M-26MAY261245,Target Price: $63.3632,2026-05-26 12:30:00-04:00,2026-05-26 12:45:00-04:00,62.9597,63.3632,no
KXHYPE15M-26MAY261230,Target Price: $62.2639,2026-05-26 12:15:00-04:00,2026-05-26 12:30:00-04:00,63.3632,62.2639,yes
KXHYPE15M-26MAY261215,Target Price: $62.4748,2026-05-26 12:00:00-04:00,2026-05-26 12:15:00-04:00,62.2639,62.4748,no
KXHYPE15M-26MAY261200,Target Price: $62.6455,2026-05-26 11:45:00-04:00,2026-05-26 12:00:00-04:00,62.4748,62.6455,no
KXHYPE15M-26MAY261145,Target Price: $63.0256,2026-05-26 11:30:00-04:00,2026-05-26 11:45:00-04:00,62.6455,63.0256,no
KXHYPE15M-26MAY261130,Target Price: $63.1146,2026-05-26 11:15:00-04:00,2026-05-26 11:30:00-04:00,63.0256,63.1146,no
KXHYPE15M-26MAY261115,Target Price: $63.4847,2026-05-26 11:00:00-04:00,2026-05-26 11:15:00-04:00,63.1146,63.4847,no
KXHYPE15M-26MAY261100,Target Price: $63.6647,2026-05-26 10:45:00-04:00,2026-05-26 11:00:00-04:00,63.4847,63.6647,no
KXHYPE15M-26MAY261045,Target Price: $64.1422,2026-05-26 10:30:00-04:00,2026-05-26 10:45:00-04:00,63.6647,64.1422,no
KXHYPE15M-26MAY261030,Target Price: $64.3779,2026-05-26 10:15:00-04:00,2026-05-26 10:30:00-04:00,64.1422,64.3779,no
KXHYPE15M-26MAY261015,Target Price: $63.5380,2026-05-26 10:00:00-04:00,2026-05-26 10:15:00-04:00,64.3779,63.538,yes
KXHYPE15M-26MAY261000,Target Price: $62.9039,2026-05-26 09:45:00-04:00,2026-05-26 10:00:00-04:00,63.5380,62.9039,yes
KXHYPE15M-26MAY260945,Target Price: $61.9168,2026-05-26 09:30:00-04:00,2026-05-26 09:45:00-04:00,62.9039,61.9168,yes
KXHYPE15M-26MAY260930,Target Price: $61.9857,2026-05-26 09:15:00-04:00,2026-05-26 09:30:00-04:00,61.9168,61.9857,no
KXHYPE15M-26MAY260915,Target Price: $62.1041,2026-05-26 09:00:00-04:00,2026-05-26 09:15:00-04:00,61.9857,62.1041,no
KXHYPE15M-26MAY260900,Target Price: $61.2827,2026-05-26 08:45:00-04:00,2026-05-26 09:00:00-04:00,62.1041,61.2827,yes
KXHYPE15M-26MAY260845,Target Price: $60.7675,2026-05-26 08:30:00-04:00,2026-05-26 08:45:00-04:00,61.2827,60.7675,yes
KXHYPE15M-26MAY260830,Target Price: $60.7171,2026-05-26 08:15:00-04:00,2026-05-26 08:30:00-04:00,60.7675,60.7171,yes
KXHYPE15M-26MAY260815,Target Price: $61.1532,2026-05-26 08:00:00-04:00,2026-05-26 08:15:00-04:00,60.7171,61.1532,no
KXHYPE15M-26MAY260800,Target Price: $61.0415,2026-05-26 07:45:00-04:00,2026-05-26 08:00:00-04:00,61.1532,61.0415,yes
KXHYPE15M-26MAY260745,Target Price: $61.1552,2026-05-26 07:30:00-04:00,2026-05-26 07:45:00-04:00,61.0415,61.1552,no
KXHYPE15M-26MAY260730,Target Price: $61.1105,2026-05-26 07:15:00-04:00,2026-05-26 07:30:00-04:00,61.1552,61.1105,yes
KXHYPE15M-26MAY260715,Target Price: $61.3638,2026-05-26 07:00:00-04:00,2026-05-26 07:15:00-04:00,61.1105,61.3638,no
KXHYPE15M-26MAY260700,Target Price: $61.5397,2026-05-26 06:45:00-04:00,2026-05-26 07:00:00-04:00,61.3638,61.5397,no
KXHYPE15M-26MAY260645,Target Price: $61.4465,2026-05-26 06:30:00-04:00,2026-05-26 06:45:00-04:00,61.5397,61.4465,yes
KXHYPE15M-26MAY260630,Target Price: $60.2378,2026-05-26 06:15:00-04:00,2026-05-26 06:30:00-04:00,61.4465,60.2378,yes
KXHYPE15M-26MAY260615,Target Price: $59.6021,2026-05-26 06:00:00-04:00,2026-05-26 06:15:00-04:00,60.2378,59.6021,yes
KXHYPE15M-26MAY260600,Target Price: $59.3925,2026-05-26 05:45:00-04:00,2026-05-26 06:00:00-04:00,59.6021,59.3925,yes
KXHYPE15M-26MAY260545,Target Price: $59.4836,2026-05-26 05:30:00-04:00,2026-05-26 05:45:00-04:00,59.3925,59.4836,no
KXHYPE15M-26MAY260530,Target Price: $59.6660,2026-05-26 05:15:00-04:00,2026-05-26 05:30:00-04:00,59.4836,59.666,no
KXHYPE15M-26MAY260515,Target Price: $59.4921,2026-05-26 05:00:00-04:00,2026-05-26 05:15:00-04:00,59.6660,59.4921,yes
KXHYPE15M-26MAY260500,Target Price: $59.6918,2026-05-26 04:45:00-04:00,2026-05-26 05:00:00-04:00,59.4921,59.6918,no
KXHYPE15M-26MAY260445,Target Price: $59.8790,2026-05-26 04:30:00-04:00,2026-05-26 04:45:00-04:00,59.6918,59.879,no
KXHYPE15M-26MAY260430,Target Price: $59.6829,2026-05-26 04:15:00-04:00,2026-05-26 04:30:00-04:00,59.8790,59.6829,yes
KXHYPE15M-26MAY260415,Target Price: $59.7585,2026-05-26 04:00:00-04:00,2026-05-26 04:15:00-04:00,59.6829,59.7585,no
KXHYPE15M-26MAY260400,Target Price: $59.6743,2026-05-26 03:45:00-04:00,2026-05-26 04:00:00-04:00,59.7585,59.6743,yes
KXHYPE15M-26MAY260345,Target Price: $59.8721,2026-05-26 03:30:00-04:00,2026-05-26 03:45:00-04:00,59.6743,59.8721,no
KXHYPE15M-26MAY260330,Target Price: $59.8090,2026-05-26 03:15:00-04:00,2026-05-26 03:30:00-04:00,59.8721,59.809,yes
KXHYPE15M-26MAY260315,Target Price: $60.4842,2026-05-26 03:00:00-04:00,2026-05-26 03:15:00-04:00,59.8090,60.4842,no
KXHYPE15M-26MAY260300,Target Price: $60.6862,2026-05-26 02:45:00-04:00,2026-05-26 03:00:00-04:00,60.4842,60.6862,no
KXHYPE15M-26MAY260245,Target Price: $60.4977,2026-05-26 02:30:00-04:00,2026-05-26 02:45:00-04:00,60.6862,60.4977,yes
KXHYPE15M-26MAY260230,Target Price: $60.1684,2026-05-26 02:15:00-04:00,2026-05-26 02:30:00-04:00,60.4977,60.1684,yes
KXHYPE15M-26MAY260215,Target Price: $60.2353,2026-05-26 02:00:00-04:00,2026-05-26 02:15:00-04:00,60.1684,60.2353,no
KXHYPE15M-26MAY260200,Target Price: $60.1679,2026-05-26 01:45:00-04:00,2026-05-26 02:00:00-04:00,60.2353,60.1679,yes
KXHYPE15M-26MAY260145,Target Price: $60.4057,2026-05-26 01:30:00-04:00,2026-05-26 01:45:00-04:00,60.1679,60.4057,no
KXHYPE15M-26MAY260130,Target Price: $59.7835,2026-05-26 01:15:00-04:00,2026-05-26 01:30:00-04:00,60.4057,59.7835,yes
KXHYPE15M-26MAY260115,Target Price: $59.9190,2026-05-26 01:00:00-04:00,2026-05-26 01:15:00-04:00,59.7835,59.919,no
KXHYPE15M-26MAY260100,Target Price: $59.5065,2026-05-26 00:45:00-04:00,2026-05-26 01:00:00-04:00,59.9190,59.5065,yes
KXHYPE15M-26MAY260045,Target Price: $59.4544,2026-05-26 00:30:00-04:00,2026-05-26 00:45:00-04:00,59.5065,59.4544,yes
KXHYPE15M-26MAY260030,Target Price: $59.2204,2026-05-26 00:15:00-04:00,2026-05-26 00:30:00-04:00,59.4544,59.2204,yes
KXHYPE15M-26MAY260015,Target Price: $59.2887,2026-05-26 00:00:00-04:00,2026-05-26 00:15:00-04:00,59.2204,59.2887,no
KXHYPE15M-26MAY260000,Target Price: $59.1138,2026-05-25 23:45:00-04:00,2026-05-26 00:00:00-04:00,59.2887,59.1138,yes
KXHYPE15M-26MAY252345,Target Price: $59.0336,2026-05-25 23:30:00-04:00,2026-05-25 23:45:00-04:00,59.1138,59.0336,yes
KXHYPE15M-26MAY252330,Target Price: $58.8993,2026-05-25 23:15:00-04:00,2026-05-25 23:30:00-04:00,59.0336,58.8993,yes
KXHYPE15M-26MAY252315,Target Price: $58.9393,2026-05-25 23:00:00-04:00,2026-05-25 23:15:00-04:00,58.8993,58.9393,no
KXHYPE15M-26MAY252300,Target Price: $58.9840,2026-05-25 22:45:00-04:00,2026-05-25 23:00:00-04:00,58.9393,58.984,no
KXHYPE15M-26MAY252245,Target Price: $59.5943,2026-05-25 22:30:00-04:00,2026-05-25 22:45:00-04:00,58.9840,59.5943,no
KXHYPE15M-26MAY252230,Target Price: $59.3466,2026-05-25 22:15:00-04:00,2026-05-25 22:30:00-04:00,59.5943,59.3466,yes
KXHYPE15M-26MAY252215,Target Price: $59.3171,2026-05-25 22:00:00-04:00,2026-05-25 22:15:00-04:00,59.3466,59.3171,yes
KXHYPE15M-26MAY252200,Target Price: $59.4239,2026-05-25 21:45:00-04:00,2026-05-25 22:00:00-04:00,59.3171,59.4239,no
KXHYPE15M-26MAY252145,Target Price: $59.6458,2026-05-25 21:30:00-04:00,2026-05-25 21:45:00-04:00,59.4239,59.6458,no
KXHYPE15M-26MAY252130,Target Price: $60.1542,2026-05-25 21:15:00-04:00,2026-05-25 21:30:00-04:00,59.6458,60.1542,no
KXHYPE15M-26MAY252115,Target Price: $60.0713,2026-05-25 21:00:00-04:00,2026-05-25 21:15:00-04:00,60.1542,60.0713,yes
KXHYPE15M-26MAY252100,Target Price: $60.1762,2026-05-25 20:45:00-04:00,2026-05-25 21:00:00-04:00,60.0713,60.1762,no
KXHYPE15M-26MAY252045,Target Price: $60.6551,2026-05-25 20:30:00-04:00,2026-05-25 20:45:00-04:00,60.1762,60.6551,no
KXHYPE15M-26MAY252030,Target Price: $61.0688,2026-05-25 20:15:00-04:00,2026-05-25 20:30:00-04:00,60.6551,61.0688,no
KXHYPE15M-26MAY252015,Target Price: $61.0793,2026-05-25 20:00:00-04:00,2026-05-25 20:15:00-04:00,61.0688,61.0793,no
KXHYPE15M-26MAY252000,Target Price: $61.1132,2026-05-25 19:45:00-04:00,2026-05-25 20:00:00-04:00,61.0793,61.1132,no
KXHYPE15M-26MAY251945,Target Price: $61.5987,2026-05-25 19:30:00-04:00,2026-05-25 19:45:00-04:00,61.1132,61.5987,no
KXHYPE15M-26MAY251930,Target Price: $61.6040,2026-05-25 19:15:00-04:00,2026-05-25 19:30:00-04:00,61.5987,61.604,no
KXHYPE15M-26MAY251915,Target Price: $61.2184,2026-05-25 19:00:00-04:00,2026-05-25 19:15:00-04:00,61.6040,61.2184,yes
KXHYPE15M-26MAY251900,Target Price: $61.4219,2026-05-25 18:45:00-04:00,2026-05-25 19:00:00-04:00,61.2184,61.4219,no
KXHYPE15M-26MAY251845,Target Price: $61.6965,2026-05-25 18:30:00-04:00,2026-05-25 18:45:00-04:00,61.4219,61.6965,no
KXHYPE15M-26MAY251830,Target Price: $61.7098,2026-05-25 18:15:00-04:00,2026-05-25 18:30:00-04:00,61.6965,61.7098,no
KXHYPE15M-26MAY251815,Target Price: $61.4482,2026-05-25 18:00:00-04:00,2026-05-25 18:15:00-04:00,61.7098,61.4482,yes
KXHYPE15M-26MAY251800,Target Price: $61.2838,2026-05-25 17:45:00-04:00,2026-05-25 18:00:00-04:00,61.4482,61.2838,yes
KXHYPE15M-26MAY251745,Target Price: $61.4787,2026-05-25 17:30:00-04:00,2026-05-25 17:45:00-04:00,61.2838,61.4787,no
KXHYPE15M-26MAY251730,Target Price: $61.4379,2026-05-25 17:15:00-04:00,2026-05-25 17:30:00-04:00,61.4787,61.4379,yes
KXHYPE15M-26MAY251715,Target Price: $61.2568,2026-05-25 17:00:00-04:00,2026-05-25 17:15:00-04:00,61.4379,61.2568,yes
KXHYPE15M-26MAY251700,Target Price: $61.1290,2026-05-25 16:45:00-04:00,2026-05-25 17:00:00-04:00,61.2568,61.129,yes
KXHYPE15M-26MAY251645,Target Price: $61.4995,2026-05-25 16:30:00-04:00,2026-05-25 16:45:00-04:00,61.1290,61.4995,no
KXHYPE15M-26MAY251630,Target Price: $61.8264,2026-05-25 16:15:00-04:00,2026-05-25 16:30:00-04:00,61.4995,61.8264,no
KXHYPE15M-26MAY251615,Target Price: $61.9443,2026-05-25 16:00:00-04:00,2026-05-25 16:15:00-04:00,61.8264,61.9443,no
KXHYPE15M-26MAY251600,Target Price: $61.7034,2026-05-25 15:45:00-04:00,2026-05-25 16:00:00-04:00,61.9443,61.7034,yes
KXHYPE15M-26MAY251545,Target Price: $62.0435,2026-05-25 15:30:00-04:00,2026-05-25 15:45:00-04:00,61.7034,62.0435,no
KXHYPE15M-26MAY251530,Target Price: $61.8165,2026-05-25 15:15:00-04:00,2026-05-25 15:30:00-04:00,62.0435,61.8165,yes
KXHYPE15M-26MAY251515,Target Price: $61.6645,2026-05-25 15:00:00-04:00,2026-05-25 15:15:00-04:00,61.8165,61.6645,yes
KXHYPE15M-26MAY251500,Target Price: $61.7913,2026-05-25 14:45:00-04:00,2026-05-25 15:00:00-04:00,61.6645,61.7913,no
KXHYPE15M-26MAY251445,Target Price: $62.2125,2026-05-25 14:30:00-04:00,2026-05-25 14:45:00-04:00,61.7913,62.2125,no
KXHYPE15M-26MAY251430,Target Price: $62.0291,2026-05-25 14:15:00-04:00,2026-05-25 14:30:00-04:00,62.2125,62.0291,yes
KXHYPE15M-26MAY251415,Target Price: $61.8598,2026-05-25 14:00:00-04:00,2026-05-25 14:15:00-04:00,62.0291,61.8598,yes
KXHYPE15M-26MAY251400,Target Price: $61.8188,2026-05-25 13:45:00-04:00,2026-05-25 14:00:00-04:00,61.8598,61.8188,yes
KXHYPE15M-26MAY251345,Target Price: $61.9375,2026-05-25 13:30:00-04:00,2026-05-25 13:45:00-04:00,61.8188,61.9375,no
KXHYPE15M-26MAY251330,Target Price: $62.0451,2026-05-25 13:15:00-04:00,2026-05-25 13:30:00-04:00,61.9375,62.0451,no
KXHYPE15M-26MAY251315,Target Price: $62.1011,2026-05-25 13:00:00-04:00,2026-05-25 13:15:00-04:00,62.0451,62.1011,no
KXHYPE15M-26MAY251300,Target Price: $62.3219,2026-05-25 12:45:00-04:00,2026-05-25 13:00:00-04:00,62.1011,62.3219,no
KXHYPE15M-26MAY251245,Target Price: $62.2706,2026-05-25 12:30:00-04:00,2026-05-25 12:45:00-04:00,62.3219,62.2706,yes
KXHYPE15M-26MAY251230,Target Price: $62.0932,2026-05-25 12:15:00-04:00,2026-05-25 12:30:00-04:00,62.2706,62.0932,yes
KXHYPE15M-26MAY251215,Target Price: $62.6000,2026-05-25 12:00:00-04:00,2026-05-25 12:15:00-04:00,62.0932,62.6,no
KXHYPE15M-26MAY251200,Target Price: $62.7685,2026-05-25 11:45:00-04:00,2026-05-25 12:00:00-04:00,62.6000,62.7685,no
KXHYPE15M-26MAY251145,Target Price: $62.9247,2026-05-25 11:30:00-04:00,2026-05-25 11:45:00-04:00,62.7685,62.9247,no
KXHYPE15M-26MAY251130,Target Price: $62.9867,2026-05-25 11:15:00-04:00,2026-05-25 11:30:00-04:00,62.9247,62.9867,no
KXHYPE15M-26MAY251115,Target Price: $62.8037,2026-05-25 11:00:00-04:00,2026-05-25 11:15:00-04:00,62.9867,62.8037,yes
KXHYPE15M-26MAY251100,Target Price: $62.9037,2026-05-25 10:45:00-04:00,2026-05-25 11:00:00-04:00,62.8037,62.9037,no
KXHYPE15M-26MAY251045,Target Price: $62.9709,2026-05-25 10:30:00-04:00,2026-05-25 10:45:00-04:00,62.9037,62.9709,no
KXHYPE15M-26MAY251030,Target Price: $63.0906,2026-05-25 10:15:00-04:00,2026-05-25 10:30:00-04:00,62.9709,63.0906,no
KXHYPE15M-26MAY251015,Target Price: $63.3274,2026-05-25 10:00:00-04:00,2026-05-25 10:15:00-04:00,63.0906,63.3274,no
KXHYPE15M-26MAY251000,Target Price: $62.7252,2026-05-25 09:45:00-04:00,2026-05-25 10:00:00-04:00,63.3274,62.7252,yes
KXHYPE15M-26MAY250945,Target Price: $62.6971,2026-05-25 09:30:00-04:00,2026-05-25 09:45:00-04:00,62.7252,62.6971,yes
KXHYPE15M-26MAY250930,Target Price: $62.8855,2026-05-25 09:15:00-04:00,2026-05-25 09:30:00-04:00,62.6971,62.8855,no
KXHYPE15M-26MAY250915,Target Price: $62.7772,2026-05-25 09:00:00-04:00,2026-05-25 09:15:00-04:00,62.8855,62.7772,yes
KXHYPE15M-26MAY250900,Target Price: $63.1164,2026-05-25 08:45:00-04:00,2026-05-25 09:00:00-04:00,62.7772,63.1164,no
KXHYPE15M-26MAY250845,Target Price: $63.0210,2026-05-25 08:30:00-04:00,2026-05-25 08:45:00-04:00,63.1164,63.021,yes
KXHYPE15M-26MAY250830,Target Price: $63.7275,2026-05-25 08:15:00-04:00,2026-05-25 08:30:00-04:00,63.0210,63.7275,no
KXHYPE15M-26MAY250815,Target Price: $63.3783,2026-05-25 08:00:00-04:00,2026-05-25 08:15:00-04:00,63.7275,63.3783,yes
KXHYPE15M-26MAY250800,Target Price: $63.3529,2026-05-25 07:45:00-04:00,2026-05-25 08:00:00-04:00,63.3783,63.3529,yes
KXHYPE15M-26MAY250745,Target Price: $62.8564,2026-05-25 07:30:00-04:00,2026-05-25 07:45:00-04:00,63.3529,62.8564,yes
KXHYPE15M-26MAY250730,Target Price: $63.0819,2026-05-25 07:15:00-04:00,2026-05-25 07:30:00-04:00,62.8564,63.0819,no
KXHYPE15M-26MAY250715,Target Price: $63.4538,2026-05-25 07:00:00-04:00,2026-05-25 07:15:00-04:00,63.0819,63.4538,no
KXHYPE15M-26MAY250700,Target Price: $63.4272,2026-05-25 06:45:00-04:00,2026-05-25 07:00:00-04:00,63.4538,63.4272,yes
KXHYPE15M-26MAY250645,Target Price: $63.2567,2026-05-25 06:30:00-04:00,2026-05-25 06:45:00-04:00,63.4272,63.2567,yes
KXHYPE15M-26MAY250630,Target Price: $63.5410,2026-05-25 06:15:00-04:00,2026-05-25 06:30:00-04:00,63.2567,63.541,no
KXHYPE15M-26MAY250615,Target Price: $63.3425,2026-05-25 06:00:00-04:00,2026-05-25 06:15:00-04:00,63.5410,63.3425,yes
KXHYPE15M-26MAY250600,Target Price: $63.2781,2026-05-25 05:45:00-04:00,2026-05-25 06:00:00-04:00,63.3425,63.2781,yes
KXHYPE15M-26MAY250545,Target Price: $63.6184,2026-05-25 05:30:00-04:00,2026-05-25 05:45:00-04:00,63.2781,63.6184,no
KXHYPE15M-26MAY250530,Target Price: $63.8321,2026-05-25 05:15:00-04:00,2026-05-25 05:30:00-04:00,63.6184,63.8321,no
KXHYPE15M-26MAY250515,Target Price: $63.5804,2026-05-25 05:00:00-04:00,2026-05-25 05:15:00-04:00,63.8321,63.5804,yes
KXHYPE15M-26MAY250500,Target Price: $63.4463,2026-05-25 04:45:00-04:00,2026-05-25 05:00:00-04:00,63.5804,63.4463,yes
KXHYPE15M-26MAY250445,Target Price: $63.6515,2026-05-25 04:30:00-04:00,2026-05-25 04:45:00-04:00,63.4463,63.6515,no
KXHYPE15M-26MAY250430,Target Price: $63.2408,2026-05-25 04:15:00-04:00,2026-05-25 04:30:00-04:00,63.6515,63.2408,yes
KXHYPE15M-26MAY250415,Target Price: $63.4064,2026-05-25 04:00:00-04:00,2026-05-25 04:15:00-04:00,63.2408,63.4064,no
KXHYPE15M-26MAY250400,Target Price: $62.5193,2026-05-25 03:45:00-04:00,2026-05-25 04:00:00-04:00,63.4064,62.5193,yes
KXHYPE15M-26MAY250345,Target Price: $61.9662,2026-05-25 03:30:00-04:00,2026-05-25 03:45:00-04:00,62.5193,61.9662,yes
KXHYPE15M-26MAY250330,Target Price: $61.9722,2026-05-25 03:15:00-04:00,2026-05-25 03:30:00-04:00,61.9662,61.9722,no
KXHYPE15M-26MAY250315,Target Price: $62.0542,2026-05-25 03:00:00-04:00,2026-05-25 03:15:00-04:00,61.9722,62.0542,no
KXHYPE15M-26MAY250300,Target Price: $62.2833,2026-05-25 02:45:00-04:00,2026-05-25 03:00:00-04:00,62.0542,62.2833,no
KXHYPE15M-26MAY250245,Target Price: $62.3840,2026-05-25 02:30:00-04:00,2026-05-25 02:45:00-04:00,62.2833,62.384,no
KXHYPE15M-26MAY250230,Target Price: $62.4393,2026-05-25 02:15:00-04:00,2026-05-25 02:30:00-04:00,62.3840,62.4393,no
KXHYPE15M-26MAY250215,Target Price: $62.4165,2026-05-25 02:00:00-04:00,2026-05-25 02:15:00-04:00,62.4393,62.4165,yes
KXHYPE15M-26MAY250200,Target Price: $62.0422,2026-05-25 01:45:00-04:00,2026-05-25 02:00:00-04:00,62.4165,62.0422,yes
KXHYPE15M-26MAY250145,Target Price: $62.3039,2026-05-25 01:30:00-04:00,2026-05-25 01:45:00-04:00,62.0422,62.3039,no
KXHYPE15M-26MAY250130,Target Price: $62.8456,2026-05-25 01:15:00-04:00,2026-05-25 01:30:00-04:00,62.3039,62.8456,no
KXHYPE15M-26MAY250115,Target Price: $62.6491,2026-05-25 01:00:00-04:00,2026-05-25 01:15:00-04:00,62.8456,62.6491,yes
KXHYPE15M-26MAY250100,Target Price: $62.3215,2026-05-25 00:45:00-04:00,2026-05-25 01:00:00-04:00,62.6491,62.3215,yes
KXHYPE15M-26MAY250045,Target Price: $61.5864,2026-05-25 00:30:00-04:00,2026-05-25 00:45:00-04:00,62.3215,61.5864,yes
KXHYPE15M-26MAY250030,Target Price: $61.7259,2026-05-25 00:15:00-04:00,2026-05-25 00:30:00-04:00,61.5864,61.7259,no
KXHYPE15M-26MAY250015,Target Price: $61.4572,2026-05-25 00:00:00-04:00,2026-05-25 00:15:00-04:00,61.7259,61.4572,yes
KXHYPE15M-26MAY250000,Target Price: $61.4982,2026-05-24 23:45:00-04:00,2026-05-25 00:00:00-04:00,61.4572,61.4982,no
KXHYPE15M-26MAY242345,Target Price: $61.4681,2026-05-24 23:30:00-04:00,2026-05-24 23:45:00-04:00,61.4982,61.4681,yes
KXHYPE15M-26MAY242330,Target Price: $61.4155,2026-05-24 23:15:00-04:00,2026-05-24 23:30:00-04:00,61.4681,61.4155,yes
KXHYPE15M-26MAY242315,Target Price: $61.3626,2026-05-24 23:00:00-04:00,2026-05-24 23:15:00-04:00,61.4155,61.3626,yes
KXHYPE15M-26MAY242300,Target Price: $61.2121,2026-05-24 22:45:00-04:00,2026-05-24 23:00:00-04:00,61.3626,61.2121,yes
KXHYPE15M-26MAY242245,Target Price: $61.3640,2026-05-24 22:30:00-04:00,2026-05-24 22:45:00-04:00,61.2121,61.364,no
KXHYPE15M-26MAY242230,Target Price: $61.5496,2026-05-24 22:15:00-04:00,2026-05-24 22:30:00-04:00,61.3640,61.5496,no
KXHYPE15M-26MAY242215,Target Price: $60.9999,2026-05-24 22:00:00-04:00,2026-05-24 22:15:00-04:00,61.5496,60.9999,yes
KXHYPE15M-26MAY242200,Target Price: $61.7054,2026-05-24 21:45:00-04:00,2026-05-24 22:00:00-04:00,60.9999,61.7054,no
KXHYPE15M-26MAY242145,Target Price: $61.7368,2026-05-24 21:30:00-04:00,2026-05-24 21:45:00-04:00,61.7054,61.7368,no
KXHYPE15M-26MAY242130,Target Price: $61.8032,2026-05-24 21:15:00-04:00,2026-05-24 21:30:00-04:00,61.7368,61.8032,no
KXHYPE15M-26MAY242115,Target Price: $61.8821,2026-05-24 21:00:00-04:00,2026-05-24 21:15:00-04:00,61.8032,61.8821,no
KXHYPE15M-26MAY242100,Target Price: $62.2893,2026-05-24 20:45:00-04:00,2026-05-24 21:00:00-04:00,61.8821,62.2893,no
KXHYPE15M-26MAY242045,Target Price: $62.0274,2026-05-24 20:30:00-04:00,2026-05-24 20:45:00-04:00,62.2893,62.0274,yes
KXHYPE15M-26MAY242030,Target Price: $62.4476,2026-05-24 20:15:00-04:00,2026-05-24 20:30:00-04:00,62.0274,62.4476,no
KXHYPE15M-26MAY242015,Target Price: $62.7547,2026-05-24 20:00:00-04:00,2026-05-24 20:15:00-04:00,62.4476,62.7547,no
KXHYPE15M-26MAY242000,Target Price: $63.1788,2026-05-24 19:45:00-04:00,2026-05-24 20:00:00-04:00,62.7547,63.1788,no
KXHYPE15M-26MAY241945,Target Price: $63.1899,2026-05-24 19:30:00-04:00,2026-05-24 19:45:00-04:00,63.1788,63.1899,no
KXHYPE15M-26MAY241930,Target Price: $62.7237,2026-05-24 19:15:00-04:00,2026-05-24 19:30:00-04:00,63.1899,62.7237,yes
KXHYPE15M-26MAY241915,Target Price: $62.3799,2026-05-24 19:00:00-04:00,2026-05-24 19:15:00-04:00,62.7237,62.3799,yes
KXHYPE15M-26MAY241900,Target Price: $62.0036,2026-05-24 18:45:00-04:00,2026-05-24 19:00:00-04:00,62.3799,62.0036,yes
KXHYPE15M-26MAY241845,Target Price: $62.4774,2026-05-24 18:30:00-04:00,2026-05-24 18:45:00-04:00,62.0036,62.4774,no
KXHYPE15M-26MAY241830,Target Price: $62.3478,2026-05-24 18:15:00-04:00,2026-05-24 18:30:00-04:00,62.4774,62.3478,yes
KXHYPE15M-26MAY241815,Target Price: $61.4678,2026-05-24 18:00:00-04:00,2026-05-24 18:15:00-04:00,62.3478,61.4678,yes
KXHYPE15M-26MAY241800,Target Price: $61.6297,2026-05-24 17:45:00-04:00,2026-05-24 18:00:00-04:00,61.4678,61.6297,no
KXHYPE15M-26MAY241745,Target Price: $61.8076,2026-05-24 17:30:00-04:00,2026-05-24 17:45:00-04:00,61.6297,61.8076,no
KXHYPE15M-26MAY241730,Target Price: $62.4075,2026-05-24 17:15:00-04:00,2026-05-24 17:30:00-04:00,61.8076,62.4075,no
KXHYPE15M-26MAY241715,Target Price: $62.1128,2026-05-24 17:00:00-04:00,2026-05-24 17:15:00-04:00,62.4075,62.1128,yes
KXHYPE15M-26MAY241700,Target Price: $62.3370,2026-05-24 16:45:00-04:00,2026-05-24 17:00:00-04:00,62.1128,62.337,no
KXHYPE15M-26MAY241645,Target Price: $62.7879,2026-05-24 16:30:00-04:00,2026-05-24 16:45:00-04:00,62.3370,62.7879,no
KXHYPE15M-26MAY241630,Target Price: $62.8052,2026-05-24 16:15:00-04:00,2026-05-24 16:30:00-04:00,62.7879,62.8052,no
KXHYPE15M-26MAY241615,Target Price: $62.9375,2026-05-24 16:00:00-04:00,2026-05-24 16:15:00-04:00,62.8052,62.9375,no
KXHYPE15M-26MAY241600,Target Price: $63.5871,2026-05-24 15:45:00-04:00,2026-05-24 16:00:00-04:00,62.9375,63.5871,no
KXHYPE15M-26MAY241545,Target Price: $63.4873,2026-05-24 15:30:00-04:00,2026-05-24 15:45:00-04:00,63.5871,63.4873,yes
KXHYPE15M-26MAY241530,Target Price: $63.7069,2026-05-24 15:15:00-04:00,2026-05-24 15:30:00-04:00,63.4873,63.7069,no
KXHYPE15M-26MAY241515,Target Price: $63.8308,2026-05-24 15:00:00-04:00,2026-05-24 15:15:00-04:00,63.7069,63.8308,no
KXHYPE15M-26MAY241500,Target Price: $62.8131,2026-05-24 14:45:00-04:00,2026-05-24 15:00:00-04:00,63.8308,62.8131,yes
KXHYPE15M-26MAY241445,Target Price: $62.6999,2026-05-24 14:30:00-04:00,2026-05-24 14:45:00-04:00,62.8131,62.6999,yes
KXHYPE15M-26MAY241430,Target Price: $62.8865,2026-05-24 14:15:00-04:00,2026-05-24 14:30:00-04:00,62.6999,62.8865,no
KXHYPE15M-26MAY241415,Target Price: $63.0559,2026-05-24 14:00:00-04:00,2026-05-24 14:15:00-04:00,62.8865,63.0559,no
KXHYPE15M-26MAY241400,Target Price: $63.2914,2026-05-24 13:45:00-04:00,2026-05-24 14:00:00-04:00,63.0559,63.2914,no
KXHYPE15M-26MAY241345,Target Price: $63.2513,2026-05-24 13:30:00-04:00,2026-05-24 13:45:00-04:00,63.2914,63.2513,yes
KXHYPE15M-26MAY241330,Target Price: $63.1154,2026-05-24 13:15:00-04:00,2026-05-24 13:30:00-04:00,63.2513,63.1154,yes
KXHYPE15M-26MAY241315,Target Price: $63.5126,2026-05-24 13:00:00-04:00,2026-05-24 13:15:00-04:00,63.1154,63.5126,no
KXHYPE15M-26MAY241300,Target Price: $63.2282,2026-05-24 12:45:00-04:00,2026-05-24 13:00:00-04:00,63.5126,63.2282,yes
KXHYPE15M-26MAY241245,Target Price: $63.2398,2026-05-24 12:30:00-04:00,2026-05-24 12:45:00-04:00,63.2282,63.2398,no
KXHYPE15M-26MAY241230,Target Price: $63.7430,2026-05-24 12:15:00-04:00,2026-05-24 12:30:00-04:00,63.2398,63.743,no
KXHYPE15M-26MAY241215,Target Price: $63.5843,2026-05-24 12:00:00-04:00,2026-05-24 12:15:00-04:00,63.7430,63.5843,yes
KXHYPE15M-26MAY241200,Target Price: $63.4959,2026-05-24 11:45:00-04:00,2026-05-24 12:00:00-04:00,63.5843,63.4959,yes
KXHYPE15M-26MAY241145,Target Price: $63.3515,2026-05-24 11:30:00-04:00,2026-05-24 11:45:00-04:00,63.4959,63.3515,yes
KXHYPE15M-26MAY241130,Target Price: $62.8201,2026-05-24 11:15:00-04:00,2026-05-24 11:30:00-04:00,63.3515,62.8201,yes
KXHYPE15M-26MAY241115,Target Price: $62.8486,2026-05-24 11:00:00-04:00,2026-05-24 11:15:00-04:00,62.8201,62.8486,no
KXHYPE15M-26MAY241100,Target Price: $62.8082,2026-05-24 10:45:00-04:00,2026-05-24 11:00:00-04:00,62.8486,62.8082,yes
KXHYPE15M-26MAY241045,Target Price: $62.2776,2026-05-24 10:30:00-04:00,2026-05-24 10:45:00-04:00,62.8082,62.2776,yes
KXHYPE15M-26MAY241030,Target Price: $62.7445,2026-05-24 10:15:00-04:00,2026-05-24 10:30:00-04:00,62.2776,62.7445,no
KXHYPE15M-26MAY241015,Target Price: $63.0957,2026-05-24 10:00:00-04:00,2026-05-24 10:15:00-04:00,62.7445,63.0957,no
KXHYPE15M-26MAY241000,Target Price: $63.9081,2026-05-24 09:45:00-04:00,2026-05-24 10:00:00-04:00,63.0957,63.9081,no
KXHYPE15M-26MAY240945,Target Price: $63.9469,2026-05-24 09:30:00-04:00,2026-05-24 09:45:00-04:00,63.9081,63.9469,no
KXHYPE15M-26MAY240930,Target Price: $63.7949,2026-05-24 09:15:00-04:00,2026-05-24 09:30:00-04:00,63.9469,63.7949,yes
KXHYPE15M-26MAY240915,Target Price: $64.0800,2026-05-24 09:00:00-04:00,2026-05-24 09:15:00-04:00,63.7949,64.08,no
KXHYPE15M-26MAY240900,Target Price: $63.6014,2026-05-24 08:45:00-04:00,2026-05-24 09:00:00-04:00,64.0800,63.6014,yes
KXHYPE15M-26MAY240845,Target Price: $63.1012,2026-05-24 08:30:00-04:00,2026-05-24 08:45:00-04:00,63.6014,63.1012,yes
KXHYPE15M-26MAY240830,Target Price: $62.9596,2026-05-24 08:15:00-04:00,2026-05-24 08:30:00-04:00,63.1012,62.9596,yes
KXHYPE15M-26MAY240815,Target Price: $62.7713,2026-05-24 08:00:00-04:00,2026-05-24 08:15:00-04:00,62.9596,62.7713,yes
KXHYPE15M-26MAY240800,Target Price: $62.9605,2026-05-24 07:45:00-04:00,2026-05-24 08:00:00-04:00,62.7713,62.9605,no
KXHYPE15M-26MAY240745,Target Price: $63.0136,2026-05-24 07:30:00-04:00,2026-05-24 07:45:00-04:00,62.9605,63.0136,no
KXHYPE15M-26MAY240730,Target Price: $63.1334,2026-05-24 07:15:00-04:00,2026-05-24 07:30:00-04:00,63.0136,63.1334,no
KXHYPE15M-26MAY240715,Target Price: $62.9777,2026-05-24 07:00:00-04:00,2026-05-24 07:15:00-04:00,63.1334,62.9777,yes
KXHYPE15M-26MAY240700,Target Price: $62.6199,2026-05-24 06:45:00-04:00,2026-05-24 07:00:00-04:00,62.9777,62.6199,yes
KXHYPE15M-26MAY240645,Target Price: $63.0130,2026-05-24 06:30:00-04:00,2026-05-24 06:45:00-04:00,62.6199,63.013,no
KXHYPE15M-26MAY240630,Target Price: $63.1749,2026-05-24 06:15:00-04:00,2026-05-24 06:30:00-04:00,63.0130,63.1749,no
KXHYPE15M-26MAY240615,Target Price: $63.7732,2026-05-24 06:00:00-04:00,2026-05-24 06:15:00-04:00,63.1749,63.7732,no
KXHYPE15M-26MAY240600,Target Price: $64.0433,2026-05-24 05:45:00-04:00,2026-05-24 06:00:00-04:00,63.7732,64.0433,no
KXHYPE15M-26MAY240545,Target Price: $63.3498,2026-05-24 05:30:00-04:00,2026-05-24 05:45:00-04:00,64.0433,63.3498,yes
KXHYPE15M-26MAY240530,Target Price: $63.2865,2026-05-24 05:15:00-04:00,2026-05-24 05:30:00-04:00,63.3498,63.2865,yes
KXHYPE15M-26MAY240515,Target Price: $62.7425,2026-05-24 05:00:00-04:00,2026-05-24 05:15:00-04:00,63.2865,62.7425,yes
KXHYPE15M-26MAY240500,Target Price: $62.5733,2026-05-24 04:45:00-04:00,2026-05-24 05:00:00-04:00,62.7425,62.5733,yes
KXHYPE15M-26MAY240445,Target Price: $62.3817,2026-05-24 04:30:00-04:00,2026-05-24 04:45:00-04:00,62.5733,62.3817,yes
KXHYPE15M-26MAY240430,Target Price: $62.0088,2026-05-24 04:15:00-04:00,2026-05-24 04:30:00-04:00,62.3817,62.0088,yes
KXHYPE15M-26MAY240415,Target Price: $61.8838,2026-05-24 04:00:00-04:00,2026-05-24 04:15:00-04:00,62.0088,61.8838,yes
KXHYPE15M-26MAY240400,Target Price: $61.2948,2026-05-24 03:45:00-04:00,2026-05-24 04:00:00-04:00,61.8838,61.2948,yes
KXHYPE15M-26MAY240345,Target Price: $61.3083,2026-05-24 03:30:00-04:00,2026-05-24 03:45:00-04:00,61.2948,61.3083,no
KXHYPE15M-26MAY240330,Target Price: $61.5725,2026-05-24 03:15:00-04:00,2026-05-24 03:30:00-04:00,61.3083,61.5725,no
KXHYPE15M-26MAY240315,Target Price: $61.7699,2026-05-24 03:00:00-04:00,2026-05-24 03:15:00-04:00,61.5725,61.7699,no
KXHYPE15M-26MAY240300,Target Price: $61.5961,2026-05-24 02:45:00-04:00,2026-05-24 03:00:00-04:00,61.7699,61.5961,yes
KXHYPE15M-26MAY240245,Target Price: $61.0053,2026-05-24 02:30:00-04:00,2026-05-24 02:45:00-04:00,61.5961,61.0053,yes
KXHYPE15M-26MAY240230,Target Price: $60.6701,2026-05-24 02:15:00-04:00,2026-05-24 02:30:00-04:00,61.0053,60.6701,yes
KXHYPE15M-26MAY240215,Target Price: $61.1829,2026-05-24 02:00:00-04:00,2026-05-24 02:15:00-04:00,60.6701,61.1829,no
KXHYPE15M-26MAY240200,Target Price: $60.9857,2026-05-24 01:45:00-04:00,2026-05-24 02:00:00-04:00,61.1829,60.9857,yes
KXHYPE15M-26MAY240145,Target Price: $60.5131,2026-05-24 01:30:00-04:00,2026-05-24 01:45:00-04:00,60.9857,60.5131,yes
KXHYPE15M-26MAY240130,Target price: TBD,2026-05-24 01:15:00-04:00,2026-05-24 01:30:00-04:00,60.5131,,yes
KXHYPE15M-26MAY240115,Target Price: $60.3133,2026-05-24 01:00:00-04:00,2026-05-24 01:15:00-04:00,60.2119,60.3133,no
KXHYPE15M-26MAY240100,Target Price: $59.7922,2026-05-24 00:45:00-04:00,2026-05-24 01:00:00-04:00,60.3133,59.7922,yes
KXHYPE15M-26MAY240045,Target Price: $59.7917,2026-05-24 00:30:00-04:00,2026-05-24 00:45:00-04:00,59.7922,59.7917,yes
KXHYPE15M-26MAY240030,Target Price: $59.8718,2026-05-24 00:15:00-04:00,2026-05-24 00:30:00-04:00,59.7917,59.8718,no
KXHYPE15M-26MAY240015,Target Price: $60.1774,2026-05-24 00:00:00-04:00,2026-05-24 00:15:00-04:00,59.8718,60.1774,no
KXHYPE15M-26MAY240000,Target Price: $60.0098,2026-05-23 23:45:00-04:00,2026-05-24 00:00:00-04:00,60.1774,60.0098,yes
KXHYPE15M-26MAY232345,Target Price: $60.3355,2026-05-23 23:30:00-04:00,2026-05-23 23:45:00-04:00,60.0098,60.3355,no
KXHYPE15M-26MAY232330,Target Price: $60.1906,2026-05-23 23:15:00-04:00,2026-05-23 23:30:00-04:00,60.3355,60.1906,yes
KXHYPE15M-26MAY232315,Target Price: $60.0547,2026-05-23 23:00:00-04:00,2026-05-23 23:15:00-04:00,60.1906,60.0547,yes
KXHYPE15M-26MAY232300,Target Price: $59.8645,2026-05-23 22:45:00-04:00,2026-05-23 23:00:00-04:00,60.0547,59.8645,yes
KXHYPE15M-26MAY232245,Target Price: $59.9905,2026-05-23 22:30:00-04:00,2026-05-23 22:45:00-04:00,59.8645,59.9905,no
KXHYPE15M-26MAY232230,Target Price: $60.4626,2026-05-23 22:15:00-04:00,2026-05-23 22:30:00-04:00,59.9905,60.4626,no
KXHYPE15M-26MAY232215,Target Price: $60.1941,2026-05-23 22:00:00-04:00,2026-05-23 22:15:00-04:00,60.4626,60.1941,yes
KXHYPE15M-26MAY232200,Target Price: $60.7459,2026-05-23 21:45:00-04:00,2026-05-23 22:00:00-04:00,60.1941,60.7459,no
KXHYPE15M-26MAY232145,Target Price: $60.8079,2026-05-23 21:30:00-04:00,2026-05-23 21:45:00-04:00,60.7459,60.8079,no
KXHYPE15M-26MAY232130,Target Price: $60.6578,2026-05-23 21:15:00-04:00,2026-05-23 21:30:00-04:00,60.8079,60.6578,yes
KXHYPE15M-26MAY232115,Target Price: $59.8034,2026-05-23 21:00:00-04:00,2026-05-23 21:15:00-04:00,60.6578,59.8034,yes
KXHYPE15M-26MAY232100,Target Price: $59.3300,2026-05-23 20:45:00-04:00,2026-05-23 21:00:00-04:00,59.8034,59.33,yes
KXHYPE15M-26MAY232045,Target Price: $59.0699,2026-05-23 20:30:00-04:00,2026-05-23 20:45:00-04:00,59.3300,59.0699,yes
KXHYPE15M-26MAY232030,Target Price: $58.7527,2026-05-23 20:15:00-04:00,2026-05-23 20:30:00-04:00,59.0699,58.7527,yes
KXHYPE15M-26MAY232015,Target Price: $58.6301,2026-05-23 20:00:00-04:00,2026-05-23 20:15:00-04:00,58.7527,58.6301,yes
KXHYPE15M-26MAY232000,Target Price: $58.3272,2026-05-23 19:45:00-04:00,2026-05-23 20:00:00-04:00,58.6301,58.3272,yes
KXHYPE15M-26MAY231945,Target Price: $58.2877,2026-05-23 19:30:00-04:00,2026-05-23 19:45:00-04:00,58.3272,58.2877,yes
KXHYPE15M-26MAY231930,Target Price: $58.1612,2026-05-23 19:15:00-04:00,2026-05-23 19:30:00-04:00,58.2877,58.1612,yes
KXHYPE15M-26MAY231915,Target Price: $57.9558,2026-05-23 19:00:00-04:00,2026-05-23 19:15:00-04:00,58.1612,57.9558,yes
KXHYPE15M-26MAY231900,Target Price: $57.7702,2026-05-23 18:45:00-04:00,2026-05-23 19:00:00-04:00,57.9558,57.7702,yes
KXHYPE15M-26MAY231845,Target Price: $57.5164,2026-05-23 18:30:00-04:00,2026-05-23 18:45:00-04:00,57.7702,57.5164,yes
KXHYPE15M-26MAY231830,Target Price: $58.1471,2026-05-23 18:15:00-04:00,2026-05-23 18:30:00-04:00,57.5164,58.1471,no
KXHYPE15M-26MAY231815,Target Price: $58.0431,2026-05-23 18:00:00-04:00,2026-05-23 18:15:00-04:00,58.1471,58.0431,yes
KXHYPE15M-26MAY231800,Target Price: $58.1323,2026-05-23 17:45:00-04:00,2026-05-23 18:00:00-04:00,58.0431,58.1323,no
KXHYPE15M-26MAY231745,Target Price: $58.7750,2026-05-23 17:30:00-04:00,2026-05-23 17:45:00-04:00,58.1323,58.775,no
KXHYPE15M-26MAY231730,Target Price: $58.9898,2026-05-23 17:15:00-04:00,2026-05-23 17:30:00-04:00,58.7750,58.9898,no
KXHYPE15M-26MAY231715,Target Price: $59.3215,2026-05-23 17:00:00-04:00,2026-05-23 17:15:00-04:00,58.9898,59.3215,no
KXHYPE15M-26MAY231700,Target Price: $59.6328,2026-05-23 16:45:00-04:00,2026-05-23 17:00:00-04:00,59.3215,59.6328,no
KXHYPE15M-26MAY231645,Target Price: $58.3764,2026-05-23 16:30:00-04:00,2026-05-23 16:45:00-04:00,59.6328,58.3764,yes
KXHYPE15M-26MAY231630,Target Price: $58.3779,2026-05-23 16:15:00-04:00,2026-05-23 16:30:00-04:00,58.3764,58.3779,no
KXHYPE15M-26MAY231615,Target Price: $58.3321,2026-05-23 16:00:00-04:00,2026-05-23 16:15:00-04:00,58.3779,58.3321,yes
KXHYPE15M-26MAY231600,Target Price: $58.1895,2026-05-23 15:45:00-04:00,2026-05-23 16:00:00-04:00,58.3321,58.1895,yes
KXHYPE15M-26MAY231545,Target Price: $58.2310,2026-05-23 15:30:00-04:00,2026-05-23 15:45:00-04:00,58.1895,58.231,no
KXHYPE15M-26MAY231530,Target Price: $58.2795,2026-05-23 15:15:00-04:00,2026-05-23 15:30:00-04:00,58.2310,58.2795,no
KXHYPE15M-26MAY231515,Target Price: $58.5715,2026-05-23 15:00:00-04:00,2026-05-23 15:15:00-04:00,58.2795,58.5715,no
KXHYPE15M-26MAY231500,Target Price: $58.7602,2026-05-23 14:45:00-04:00,2026-05-23 15:00:00-04:00,58.5715,58.7602,no
KXHYPE15M-26MAY231445,Target Price: $58.5161,2026-05-23 14:30:00-04:00,2026-05-23 14:45:00-04:00,58.7602,58.5161,yes
KXHYPE15M-26MAY231430,Target Price: $58.2546,2026-05-23 14:15:00-04:00,2026-05-23 14:30:00-04:00,58.5161,58.2546,yes
KXHYPE15M-26MAY231415,Target Price: $57.4752,2026-05-23 14:00:00-04:00,2026-05-23 14:15:00-04:00,58.2546,57.4752,yes
KXHYPE15M-26MAY231400,Target Price: $57.4377,2026-05-23 13:45:00-04:00,2026-05-23 14:00:00-04:00,57.4752,57.4377,yes
KXHYPE15M-26MAY231345,Target Price: $57.4804,2026-05-23 13:30:00-04:00,2026-05-23 13:45:00-04:00,57.4377,57.4804,no
KXHYPE15M-26MAY231330,Target Price: $57.6019,2026-05-23 13:15:00-04:00,2026-05-23 13:30:00-04:00,57.4804,57.6019,no
KXHYPE15M-26MAY231315,Target Price: $57.6629,2026-05-23 13:00:00-04:00,2026-05-23 13:15:00-04:00,57.6019,57.6629,no
KXHYPE15M-26MAY231300,Target Price: $57.5588,2026-05-23 12:45:00-04:00,2026-05-23 13:00:00-04:00,57.6629,57.5588,yes
KXHYPE15M-26MAY231245,Target Price: $57.1174,2026-05-23 12:30:00-04:00,2026-05-23 12:45:00-04:00,57.5588,57.1174,yes
KXHYPE15M-26MAY231230,Target Price: $57.4622,2026-05-23 12:15:00-04:00,2026-05-23 12:30:00-04:00,57.1174,57.4622,no
KXHYPE15M-26MAY231215,Target Price: $57.1133,2026-05-23 12:00:00-04:00,2026-05-23 12:15:00-04:00,57.4622,57.1133,yes
KXHYPE15M-26MAY231200,Target Price: $57.2111,2026-05-23 11:45:00-04:00,2026-05-23 12:00:00-04:00,57.1133,57.2111,no
KXHYPE15M-26MAY231145,Target Price: $57.1413,2026-05-23 11:30:00-04:00,2026-05-23 11:45:00-04:00,57.2111,57.1413,yes
KXHYPE15M-26MAY231130,Target Price: $57.0945,2026-05-23 11:15:00-04:00,2026-05-23 11:30:00-04:00,57.1413,57.0945,yes
KXHYPE15M-26MAY231115,Target Price: $56.5013,2026-05-23 11:00:00-04:00,2026-05-23 11:15:00-04:00,57.0945,56.5013,yes
KXHYPE15M-26MAY231100,Target Price: $56.0902,2026-05-23 10:45:00-04:00,2026-05-23 11:00:00-04:00,56.5013,56.0902,yes
KXHYPE15M-26MAY231045,Target Price: $55.6979,2026-05-23 10:30:00-04:00,2026-05-23 10:45:00-04:00,56.0902,55.6979,yes
KXHYPE15M-26MAY231030,Target Price: $55.3705,2026-05-23 10:15:00-04:00,2026-05-23 10:30:00-04:00,55.6979,55.3705,yes
KXHYPE15M-26MAY231015,Target Price: $55.1671,2026-05-23 10:00:00-04:00,2026-05-23 10:15:00-04:00,55.3705,55.1671,yes
KXHYPE15M-26MAY231000,Target Price: $55.2726,2026-05-23 09:45:00-04:00,2026-05-23 10:00:00-04:00,55.1671,55.2726,no
KXHYPE15M-26MAY230945,Target Price: $55.5468,2026-05-23 09:30:00-04:00,2026-05-23 09:45:00-04:00,55.2726,55.5468,no
KXHYPE15M-26MAY230930,Target Price: $55.5160,2026-05-23 09:15:00-04:00,2026-05-23 09:30:00-04:00,55.5468,55.516,yes
KXHYPE15M-26MAY230915,Target Price: $55.0088,2026-05-23 09:00:00-04:00,2026-05-23 09:15:00-04:00,55.5160,55.0088,yes
KXHYPE15M-26MAY230900,Target Price: $55.1368,2026-05-23 08:45:00-04:00,2026-05-23 09:00:00-04:00,55.0088,55.1368,no
KXHYPE15M-26MAY230845,Target Price: $54.9362,2026-05-23 08:30:00-04:00,2026-05-23 08:45:00-04:00,55.1368,54.9362,yes
KXHYPE15M-26MAY230830,Target Price: $54.8500,2026-05-23 08:15:00-04:00,2026-05-23 08:30:00-04:00,54.9362,54.85,yes
KXHYPE15M-26MAY230815,Target Price: $54.9624,2026-05-23 08:00:00-04:00,2026-05-23 08:15:00-04:00,54.8500,54.9624,no
KXHYPE15M-26MAY230800,Target Price: $55.1551,2026-05-23 07:45:00-04:00,2026-05-23 08:00:00-04:00,54.9624,55.1551,no
KXHYPE15M-26MAY230745,Target Price: $55.0034,2026-05-23 07:30:00-04:00,2026-05-23 07:45:00-04:00,55.1551,55.0034,yes
KXHYPE15M-26MAY230730,Target Price: $55.1251,2026-05-23 07:15:00-04:00,2026-05-23 07:30:00-04:00,55.0034,55.1251,no
KXHYPE15M-26MAY230715,Target Price: $55.3905,2026-05-23 07:00:00-04:00,2026-05-23 07:15:00-04:00,55.1251,55.3905,no
KXHYPE15M-26MAY230700,Target Price: $55.6461,2026-05-23 06:45:00-04:00,2026-05-23 07:00:00-04:00,55.3905,55.6461,no
KXHYPE15M-26MAY230645,Target Price: $55.5629,2026-05-23 06:30:00-04:00,2026-05-23 06:45:00-04:00,55.6461,55.5629,yes
KXHYPE15M-26MAY230630,Target Price: $55.6189,2026-05-23 06:15:00-04:00,2026-05-23 06:30:00-04:00,55.5629,55.6189,no
KXHYPE15M-26MAY230615,Target Price: $55.2459,2026-05-23 06:00:00-04:00,2026-05-23 06:15:00-04:00,55.6189,55.2459,yes
KXHYPE15M-26MAY230600,Target Price: $55.6403,2026-05-23 05:45:00-04:00,2026-05-23 06:00:00-04:00,55.2459,55.6403,no
KXHYPE15M-26MAY230545,Target Price: $55.8153,2026-05-23 05:30:00-04:00,2026-05-23 05:45:00-04:00,55.6403,55.8153,no
KXHYPE15M-26MAY230530,Target Price: $55.7116,2026-05-23 05:15:00-04:00,2026-05-23 05:30:00-04:00,55.8153,55.7116,yes
KXHYPE15M-26MAY230515,Target Price: $56.1522,2026-05-23 05:00:00-04:00,2026-05-23 05:15:00-04:00,55.7116,56.1522,no
KXHYPE15M-26MAY230500,Target Price: $55.9447,2026-05-23 04:45:00-04:00,2026-05-23 05:00:00-04:00,56.1522,55.9447,yes
KXHYPE15M-26MAY230445,Target Price: $55.5584,2026-05-23 04:30:00-04:00,2026-05-23 04:45:00-04:00,55.9447,55.5584,yes
KXHYPE15M-26MAY230430,Target Price: $55.4992,2026-05-23 04:15:00-04:00,2026-05-23 04:30:00-04:00,55.5584,55.4992,yes
KXHYPE15M-26MAY230415,Target Price: $55.4674,2026-05-23 04:00:00-04:00,2026-05-23 04:15:00-04:00,55.4992,55.4674,yes
KXHYPE15M-26MAY230400,Target Price: $54.9681,2026-05-23 03:45:00-04:00,2026-05-23 04:00:00-04:00,55.4674,54.9681,yes
KXHYPE15M-26MAY230345,Target Price: $55.1956,2026-05-23 03:30:00-04:00,2026-05-23 03:45:00-04:00,54.9681,55.1956,no
KXHYPE15M-26MAY230330,Target Price: $55.1857,2026-05-23 03:15:00-04:00,2026-05-23 03:30:00-04:00,55.1956,55.1857,yes
KXHYPE15M-26MAY230315,Target Price: $55.0394,2026-05-23 03:00:00-04:00,2026-05-23 03:15:00-04:00,55.1857,55.0394,yes
KXHYPE15M-26MAY230300,Target Price: $54.9562,2026-05-23 02:45:00-04:00,2026-05-23 03:00:00-04:00,55.0394,54.9562,yes
KXHYPE15M-26MAY230245,Target Price: $55.1379,2026-05-23 02:30:00-04:00,2026-05-23 02:45:00-04:00,54.9562,55.1379,no
KXHYPE15M-26MAY230230,Target Price: $55.2309,2026-05-23 02:15:00-04:00,2026-05-23 02:30:00-04:00,55.1379,55.2309,no
KXHYPE15M-26MAY230215,Target Price: $55.2595,2026-05-23 02:00:00-04:00,2026-05-23 02:15:00-04:00,55.2309,55.2595,no
KXHYPE15M-26MAY230200,Target Price: $55.6663,2026-05-23 01:45:00-04:00,2026-05-23 02:00:00-04:00,55.2595,55.6663,no
KXHYPE15M-26MAY230145,Target Price: $55.1564,2026-05-23 01:30:00-04:00,2026-05-23 01:45:00-04:00,55.6663,55.1564,yes
KXHYPE15M-26MAY230130,Target Price: $55.1972,2026-05-23 01:15:00-04:00,2026-05-23 01:30:00-04:00,55.1564,55.1972,no
KXHYPE15M-26MAY230115,Target Price: $55.1109,2026-05-23 01:00:00-04:00,2026-05-23 01:15:00-04:00,55.1972,55.1109,yes
KXHYPE15M-26MAY230100,Target Price: $55.2809,2026-05-23 00:45:00-04:00,2026-05-23 01:00:00-04:00,55.1109,55.2809,no
KXHYPE15M-26MAY230045,Target Price: $55.3261,2026-05-23 00:30:00-04:00,2026-05-23 00:45:00-04:00,55.2809,55.3261,no
KXHYPE15M-26MAY230030,Target Price: $55.5500,2026-05-23 00:15:00-04:00,2026-05-23 00:30:00-04:00,55.3261,55.55,no
KXHYPE15M-26MAY230015,Target Price: $55.8614,2026-05-23 00:00:00-04:00,2026-05-23 00:15:00-04:00,55.5500,55.8614,no
KXHYPE15M-26MAY230000,Target Price: $55.5815,2026-05-22 23:45:00-04:00,2026-05-23 00:00:00-04:00,55.8614,55.5815,yes
KXHYPE15M-26MAY222345,Target Price: $55.2873,2026-05-22 23:30:00-04:00,2026-05-22 23:45:00-04:00,55.5815,55.2873,yes
KXHYPE15M-26MAY222330,Target Price: $55.3219,2026-05-22 23:15:00-04:00,2026-05-22 23:30:00-04:00,55.2873,55.3219,no
KXHYPE15M-26MAY222315,Target Price: $55.2973,2026-05-22 23:00:00-04:00,2026-05-22 23:15:00-04:00,55.3219,55.2973,yes
KXHYPE15M-26MAY222300,Target Price: $55.0797,2026-05-22 22:45:00-04:00,2026-05-22 23:00:00-04:00,55.2973,55.0797,yes
KXHYPE15M-26MAY222245,Target Price: $54.7871,2026-05-22 22:30:00-04:00,2026-05-22 22:45:00-04:00,55.0797,54.7871,yes
KXHYPE15M-26MAY222230,Target Price: $54.5674,2026-05-22 22:15:00-04:00,2026-05-22 22:30:00-04:00,54.7871,54.5674,yes
KXHYPE15M-26MAY222215,Target Price: $54.6806,2026-05-22 22:00:00-04:00,2026-05-22 22:15:00-04:00,54.5674,54.6806,no
KXHYPE15M-26MAY222200,Target Price: $55.2380,2026-05-22 21:45:00-04:00,2026-05-22 22:00:00-04:00,54.6806,55.238,no
KXHYPE15M-26MAY222145,Target Price: $54.9041,2026-05-22 21:30:00-04:00,2026-05-22 21:45:00-04:00,55.2380,54.9041,yes
KXHYPE15M-26MAY222130,Target Price: $54.4763,2026-05-22 21:15:00-04:00,2026-05-22 21:30:00-04:00,54.9041,54.4763,yes
KXHYPE15M-26MAY222115,Target Price: $55.0101,2026-05-22 21:00:00-04:00,2026-05-22 21:15:00-04:00,54.4763,55.0101,no
KXHYPE15M-26MAY222100,Target Price: $54.4281,2026-05-22 20:45:00-04:00,2026-05-22 21:00:00-04:00,55.0101,54.4281,yes
KXHYPE15M-26MAY222045,Target Price: $54.4216,2026-05-22 20:30:00-04:00,2026-05-22 20:45:00-04:00,54.4281,54.4216,yes
KXHYPE15M-26MAY222030,Target Price: $54.4698,2026-05-22 20:15:00-04:00,2026-05-22 20:30:00-04:00,54.4216,54.4698,no
KXHYPE15M-26MAY222015,Target Price: $54.6288,2026-05-22 20:00:00-04:00,2026-05-22 20:15:00-04:00,54.4698,54.6288,no
KXHYPE15M-26MAY222000,Target Price: $55.1150,2026-05-22 19:45:00-04:00,2026-05-22 20:00:00-04:00,54.6288,55.115,no
KXHYPE15M-26MAY221945,Target Price: $54.7550,2026-05-22 19:30:00-04:00,2026-05-22 19:45:00-04:00,55.1150,54.755,yes
KXHYPE15M-26MAY221930,Target Price: $55.3181,2026-05-22 19:15:00-04:00,2026-05-22 19:30:00-04:00,54.7550,55.3181,no
KXHYPE15M-26MAY221915,Target Price: $55.3227,2026-05-22 19:00:00-04:00,2026-05-22 19:15:00-04:00,55.3181,55.3227,no
KXHYPE15M-26MAY221900,Target Price: $55.4511,2026-05-22 18:45:00-04:00,2026-05-22 19:00:00-04:00,55.3227,55.4511,no
KXHYPE15M-26MAY221845,Target Price: $55.4653,2026-05-22 18:30:00-04:00,2026-05-22 18:45:00-04:00,55.4511,55.4653,no
KXHYPE15M-26MAY221830,Target Price: $55.7526,2026-05-22 18:15:00-04:00,2026-05-22 18:30:00-04:00,55.4653,55.7526,no
KXHYPE15M-26MAY221815,Target Price: $56.2194,2026-05-22 18:00:00-04:00,2026-05-22 18:15:00-04:00,55.7526,56.2194,no
KXHYPE15M-26MAY221800,Target Price: $55.9845,2026-05-22 17:45:00-04:00,2026-05-22 18:00:00-04:00,56.2194,55.9845,yes
KXHYPE15M-26MAY221745,Target Price: $55.8489,2026-05-22 17:30:00-04:00,2026-05-22 17:45:00-04:00,55.9845,55.8489,yes
KXHYPE15M-26MAY221730,Target Price: $55.2980,2026-05-22 17:15:00-04:00,2026-05-22 17:30:00-04:00,55.8489,55.298,yes
KXHYPE15M-26MAY221715,Target Price: $55.0201,2026-05-22 17:00:00-04:00,2026-05-22 17:15:00-04:00,55.2980,55.0201,yes
KXHYPE15M-26MAY221700,Target Price: $55.1218,2026-05-22 16:45:00-04:00,2026-05-22 17:00:00-04:00,55.0201,55.1218,no
KXHYPE15M-26MAY221645,Target Price: $54.9325,2026-05-22 16:30:00-04:00,2026-05-22 16:45:00-04:00,55.1218,54.9325,yes
KXHYPE15M-26MAY221630,Target Price: $54.7457,2026-05-22 16:15:00-04:00,2026-05-22 16:30:00-04:00,54.9325,54.7457,yes
KXHYPE15M-26MAY221615,Target Price: $55.6992,2026-05-22 16:00:00-04:00,2026-05-22 16:15:00-04:00,54.7457,55.6992,no
KXHYPE15M-26MAY221600,Target Price: $55.9148,2026-05-22 15:45:00-04:00,2026-05-22 16:00:00-04:00,55.6992,55.9148,no
KXHYPE15M-26MAY221545,Target Price: $55.3276,2026-05-22 15:30:00-04:00,2026-05-22 15:45:00-04:00,55.9148,55.3276,yes
KXHYPE15M-26MAY221530,Target Price: $55.4244,2026-05-22 15:15:00-04:00,2026-05-22 15:30:00-04:00,55.3276,55.4244,no
KXHYPE15M-26MAY221515,Target Price: $56.8703,2026-05-22 15:00:00-04:00,2026-05-22 15:15:00-04:00,55.4244,56.8703,no
KXHYPE15M-26MAY221500,Target Price: $56.6242,2026-05-22 14:45:00-04:00,2026-05-22 15:00:00-04:00,56.8703,56.6242,yes
KXHYPE15M-26MAY221445,Target Price: $58.1089,2026-05-22 14:30:00-04:00,2026-05-22 14:45:00-04:00,56.6242,58.1089,no
KXHYPE15M-26MAY221430,Target Price: $58.2282,2026-05-22 14:15:00-04:00,2026-05-22 14:30:00-04:00,58.1089,58.2282,no
KXHYPE15M-26MAY221415,Target Price: $57.8590,2026-05-22 14:00:00-04:00,2026-05-22 14:15:00-04:00,58.2282,57.859,yes
KXHYPE15M-26MAY221400,Target Price: $57.7074,2026-05-22 13:45:00-04:00,2026-05-22 14:00:00-04:00,57.8590,57.7074,yes
KXHYPE15M-26MAY221345,Target Price: $57.8606,2026-05-22 13:30:00-04:00,2026-05-22 13:45:00-04:00,57.7074,57.8606,no
KXHYPE15M-26MAY221330,Target Price: $57.7967,2026-05-22 13:15:00-04:00,2026-05-22 13:30:00-04:00,57.8606,57.7967,yes
KXHYPE15M-26MAY221315,Target Price: $57.7303,2026-05-22 13:00:00-04:00,2026-05-22 13:15:00-04:00,57.7967,57.7303,yes
KXHYPE15M-26MAY221300,Target Price: $57.6920,2026-05-22 12:45:00-04:00,2026-05-22 13:00:00-04:00,57.7303,57.692,yes
KXHYPE15M-26MAY221245,Target Price: $57.2508,2026-05-22 12:30:00-04:00,2026-05-22 12:45:00-04:00,57.6920,57.2508,yes
KXHYPE15M-26MAY221230,Target Price: $57.4845,2026-05-22 12:15:00-04:00,2026-05-22 12:30:00-04:00,57.2508,57.4845,no
KXHYPE15M-26MAY221215,Target Price: $57.9369,2026-05-22 12:00:00-04:00,2026-05-22 12:15:00-04:00,57.4845,57.9369,no
KXHYPE15M-26MAY221200,Target Price: $58.0689,2026-05-22 11:45:00-04:00,2026-05-22 12:00:00-04:00,57.9369,58.0689,no
KXHYPE15M-26MAY221145,Target Price: $59.0784,2026-05-22 11:30:00-04:00,2026-05-22 11:45:00-04:00,58.0689,59.0784,no
KXHYPE15M-26MAY221130,Target Price: $58.9641,2026-05-22 11:15:00-04:00,2026-05-22 11:30:00-04:00,59.0784,58.9641,yes
KXHYPE15M-26MAY221115,Target Price: $59.2978,2026-05-22 11:00:00-04:00,2026-05-22 11:15:00-04:00,58.9641,59.2978,no
KXHYPE15M-26MAY221100,Target Price: $59.6689,2026-05-22 10:45:00-04:00,2026-05-22 11:00:00-04:00,59.2978,59.6689,no
KXHYPE15M-26MAY221045,Target Price: $60.3495,2026-05-22 10:30:00-04:00,2026-05-22 10:45:00-04:00,59.6689,60.3495,no
KXHYPE15M-26MAY221030,Target Price: $60.9185,2026-05-22 10:15:00-04:00,2026-05-22 10:30:00-04:00,60.3495,60.9185,no
KXHYPE15M-26MAY221015,Target Price: $61.6539,2026-05-22 10:00:00-04:00,2026-05-22 10:15:00-04:00,60.9185,61.6539,no
KXHYPE15M-26MAY221000,Target Price: $61.7901,2026-05-22 09:45:00-04:00,2026-05-22 10:00:00-04:00,61.6539,61.7901,no
KXHYPE15M-26MAY220945,Target Price: $61.0814,2026-05-22 09:30:00-04:00,2026-05-22 09:45:00-04:00,61.7901,61.0814,yes
KXHYPE15M-26MAY220930,Target Price: $60.8974,2026-05-22 09:15:00-04:00,2026-05-22 09:30:00-04:00,61.0814,60.8974,yes
KXHYPE15M-26MAY220915,Target Price: $60.8972,2026-05-22 09:00:00-04:00,2026-05-22 09:15:00-04:00,60.8974,60.8972,yes
KXHYPE15M-26MAY220900,Target Price: $61.5000,2026-05-22 08:45:00-04:00,2026-05-22 09:00:00-04:00,60.8972,61.5,no
KXHYPE15M-26MAY220845,Target Price: $60.9315,2026-05-22 08:30:00-04:00,2026-05-22 08:45:00-04:00,61.5000,60.9315,yes
KXHYPE15M-26MAY220830,Target Price: $60.7516,2026-05-22 08:15:00-04:00,2026-05-22 08:30:00-04:00,60.9315,60.7516,yes
KXHYPE15M-26MAY220815,Target Price: $60.8205,2026-05-22 08:00:00-04:00,2026-05-22 08:15:00-04:00,60.7516,60.8205,no
KXHYPE15M-26MAY220800,Target Price: $60.3019,2026-05-22 07:45:00-04:00,2026-05-22 08:00:00-04:00,60.8205,60.3019,yes
KXHYPE15M-26MAY220745,Target Price: $59.8713,2026-05-22 07:30:00-04:00,2026-05-22 07:45:00-04:00,60.3019,59.8713,yes
KXHYPE15M-26MAY220730,Target Price: $59.3419,2026-05-22 07:15:00-04:00,2026-05-22 07:30:00-04:00,59.8713,59.3419,yes
KXHYPE15M-26MAY220715,Target Price: $59.1749,2026-05-22 07:00:00-04:00,2026-05-22 07:15:00-04:00,59.3419,59.1749,yes
KXHYPE15M-26MAY220700,Target Price: $59.3155,2026-05-22 06:45:00-04:00,2026-05-22 07:00:00-04:00,59.1749,59.3155,no
KXHYPE15M-26MAY220645,Target Price: $59.5651,2026-05-22 06:30:00-04:00,2026-05-22 06:45:00-04:00,59.3155,59.5651,no
KXHYPE15M-26MAY220630,Target Price: $59.2694,2026-05-22 06:15:00-04:00,2026-05-22 06:30:00-04:00,59.5651,59.2694,yes
KXHYPE15M-26MAY220615,Target Price: $59.0628,2026-05-22 06:00:00-04:00,2026-05-22 06:15:00-04:00,59.2694,59.0628,yes
KXHYPE15M-26MAY220600,Target Price: $59.5230,2026-05-22 05:45:00-04:00,2026-05-22 06:00:00-04:00,59.0628,59.523,no
KXHYPE15M-26MAY220545,Target Price: $59.7717,2026-05-22 05:30:00-04:00,2026-05-22 05:45:00-04:00,59.5230,59.7717,no
KXHYPE15M-26MAY220530,Target Price: $59.6457,2026-05-22 05:15:00-04:00,2026-05-22 05:30:00-04:00,59.7717,59.6457,yes
KXHYPE15M-26MAY220515,Target Price: $59.0609,2026-05-22 05:00:00-04:00,2026-05-22 05:15:00-04:00,59.6457,59.0609,yes
KXHYPE15M-26MAY220500,Target Price: $59.5103,2026-05-22 04:45:00-04:00,2026-05-22 05:00:00-04:00,59.0609,59.5103,no
KXHYPE15M-26MAY220445,Target Price: $58.9303,2026-05-22 04:30:00-04:00,2026-05-22 04:45:00-04:00,59.5103,58.9303,yes
KXHYPE15M-26MAY220430,Target Price: $57.7163,2026-05-22 04:15:00-04:00,2026-05-22 04:30:00-04:00,58.9303,57.7163,yes
KXHYPE15M-26MAY220415,Target Price: $57.8508,2026-05-22 04:00:00-04:00,2026-05-22 04:15:00-04:00,57.7163,57.8508,no
KXHYPE15M-26MAY220400,Target Price: $57.5594,2026-05-22 03:45:00-04:00,2026-05-22 04:00:00-04:00,57.8508,57.5594,yes
KXHYPE15M-26MAY220345,Target Price: $57.4754,2026-05-22 03:30:00-04:00,2026-05-22 03:45:00-04:00,57.5594,57.4754,yes
KXHYPE15M-26MAY220330,Target Price: $56.9834,2026-05-22 03:15:00-04:00,2026-05-22 03:30:00-04:00,57.4754,56.9834,yes
KXHYPE15M-26MAY220315,Target Price: $57.0673,2026-05-22 03:00:00-04:00,2026-05-22 03:15:00-04:00,56.9834,57.0673,no
KXHYPE15M-26MAY220300,Target Price: $57.7943,2026-05-22 02:45:00-04:00,2026-05-22 03:00:00-04:00,57.0673,57.7943,no
KXHYPE15M-26MAY220245,Target Price: $57.9503,2026-05-22 02:30:00-04:00,2026-05-22 02:45:00-04:00,57.7943,57.9503,no
KXHYPE15M-26MAY220230,Target Price: $57.9143,2026-05-22 02:15:00-04:00,2026-05-22 02:30:00-04:00,57.9503,57.9143,yes
KXHYPE15M-26MAY220215,Target Price: $57.8295,2026-05-22 02:00:00-04:00,2026-05-22 02:15:00-04:00,57.9143,57.8295,yes
KXHYPE15M-26MAY220200,Target Price: $57.9471,2026-05-22 01:45:00-04:00,2026-05-22 02:00:00-04:00,57.8295,57.9471,no
KXHYPE15M-26MAY220145,Target Price: $57.7524,2026-05-22 01:30:00-04:00,2026-05-22 01:45:00-04:00,57.9471,57.7524,yes
KXHYPE15M-26MAY220130,Target Price: $58.0424,2026-05-22 01:15:00-04:00,2026-05-22 01:30:00-04:00,57.7524,58.0424,no
KXHYPE15M-26MAY220115,Target Price: $58.0467,2026-05-22 01:00:00-04:00,2026-05-22 01:15:00-04:00,58.0424,58.0467,no
KXHYPE15M-26MAY220100,Target Price: $57.7330,2026-05-22 00:45:00-04:00,2026-05-22 01:00:00-04:00,58.0467,57.733,yes
KXHYPE15M-26MAY220045,Target Price: $57.4727,2026-05-22 00:30:00-04:00,2026-05-22 00:45:00-04:00,57.7330,57.4727,yes
KXHYPE15M-26MAY220030,Target Price: $57.6128,2026-05-22 00:15:00-04:00,2026-05-22 00:30:00-04:00,57.4727,57.6128,no
KXHYPE15M-26MAY220015,Target Price: $57.3854,2026-05-22 00:00:00-04:00,2026-05-22 00:15:00-04:00,57.6128,57.3854,yes
KXHYPE15M-26MAY220000,Target Price: $57.4093,2026-05-21 23:45:00-04:00,2026-05-22 00:00:00-04:00,57.3854,57.4093,no
KXHYPE15M-26MAY212345,Target Price: $57.2477,2026-05-21 23:30:00-04:00,2026-05-21 23:45:00-04:00,57.4093,57.2477,yes
KXHYPE15M-26MAY212330,Target Price: $57.6211,2026-05-21 23:15:00-04:00,2026-05-21 23:30:00-04:00,57.2477,57.6211,no
KXHYPE15M-26MAY212315,Target Price: $57.6060,2026-05-21 23:00:00-04:00,2026-05-21 23:15:00-04:00,57.6211,57.606,yes
KXHYPE15M-26MAY212300,Target Price: $57.8313,2026-05-21 22:45:00-04:00,2026-05-21 23:00:00-04:00,57.6060,57.8313,no
KXHYPE15M-26MAY212245,Target Price: $57.7740,2026-05-21 22:30:00-04:00,2026-05-21 22:45:00-04:00,57.8313,57.774,yes
KXHYPE15M-26MAY212230,Target Price: $57.7483,2026-05-21 22:15:00-04:00,2026-05-21 22:30:00-04:00,57.7740,57.7483,yes
KXHYPE15M-26MAY212215,Target Price: $57.2916,2026-05-21 22:00:00-04:00,2026-05-21 22:15:00-04:00,57.7483,57.2916,yes
KXHYPE15M-26MAY212200,Target Price: $56.8970,2026-05-21 21:45:00-04:00,2026-05-21 22:00:00-04:00,57.2916,56.897,yes
KXHYPE15M-26MAY212145,Target Price: $57.0205,2026-05-21 21:30:00-04:00,2026-05-21 21:45:00-04:00,56.8970,57.0205,no
KXHYPE15M-26MAY212130,Target Price: $57.6138,2026-05-21 21:15:00-04:00,2026-05-21 21:30:00-04:00,57.0205,57.6138,no
KXHYPE15M-26MAY212115,Target Price: $57.3719,2026-05-21 21:00:00-04:00,2026-05-21 21:15:00-04:00,57.6138,57.3719,yes
KXHYPE15M-26MAY212100,Target Price: $57.2720,2026-05-21 20:45:00-04:00,2026-05-21 21:00:00-04:00,57.3719,57.272,yes
KXHYPE15M-26MAY212045,Target Price: $57.6199,2026-05-21 20:30:00-04:00,2026-05-21 20:45:00-04:00,57.2720,57.6199,no
KXHYPE15M-26MAY212030,Target Price: $58.0874,2026-05-21 20:15:00-04:00,2026-05-21 20:30:00-04:00,57.6199,58.0874,no
KXHYPE15M-26MAY212015,Target Price: $58.5615,2026-05-21 20:00:00-04:00,2026-05-21 20:15:00-04:00,58.0874,58.5615,no
KXHYPE15M-26MAY212000,Target Price: $58.7061,2026-05-21 19:45:00-04:00,2026-05-21 20:00:00-04:00,58.5615,58.7061,no
KXHYPE15M-26MAY211945,Target Price: $58.9383,2026-05-21 19:30:00-04:00,2026-05-21 19:45:00-04:00,58.7061,58.9383,no
KXHYPE15M-26MAY211930,Target Price: $58.6439,2026-05-21 19:15:00-04:00,2026-05-21 19:30:00-04:00,58.9383,58.6439,yes
KXHYPE15M-26MAY211915,Target Price: $58.3218,2026-05-21 19:00:00-04:00,2026-05-21 19:15:00-04:00,58.6439,58.3218,yes
KXHYPE15M-26MAY211900,Target Price: $57.8850,2026-05-21 18:45:00-04:00,2026-05-21 19:00:00-04:00,58.3218,57.885,yes
KXHYPE15M-26MAY211845,Target Price: $58.2092,2026-05-21 18:30:00-04:00,2026-05-21 18:45:00-04:00,57.8850,58.2092,no
KXHYPE15M-26MAY211830,Target Price: $57.8978,2026-05-21 18:15:00-04:00,2026-05-21 18:30:00-04:00,58.2092,57.8978,yes
KXHYPE15M-26MAY211815,Target Price: $57.8290,2026-05-21 18:00:00-04:00,2026-05-21 18:15:00-04:00,57.8978,57.829,yes
KXHYPE15M-26MAY211800,Target Price: $57.7673,2026-05-21 17:45:00-04:00,2026-05-21 18:00:00-04:00,57.8290,57.7673,yes
KXHYPE15M-26MAY211745,Target Price: $57.4750,2026-05-21 17:30:00-04:00,2026-05-21 17:45:00-04:00,57.7673,57.475,yes
KXHYPE15M-26MAY211730,Target Price: $57.6018,2026-05-21 17:15:00-04:00,2026-05-21 17:30:00-04:00,57.4750,57.6018,no
KXHYPE15M-26MAY211715,Target Price: $57.8894,2026-05-21 17:00:00-04:00,2026-05-21 17:15:00-04:00,57.6018,57.8894,no
KXHYPE15M-26MAY211700,Target Price: $58.4149,2026-05-21 16:45:00-04:00,2026-05-21 17:00:00-04:00,57.8894,58.4149,no
KXHYPE15M-26MAY211645,Target Price: $58.1637,2026-05-21 16:30:00-04:00,2026-05-21 16:45:00-04:00,58.4149,58.1637,yes
KXHYPE15M-26MAY211630,Target Price: $58.3673,2026-05-21 16:15:00-04:00,2026-05-21 16:30:00-04:00,58.1637,58.3673,no
KXHYPE15M-26MAY211615,Target Price: $57.6657,2026-05-21 16:00:00-04:00,2026-05-21 16:15:00-04:00,58.3673,57.6657,yes
KXHYPE15M-26MAY211600,Target Price: $57.9512,2026-05-21 15:45:00-04:00,2026-05-21 16:00:00-04:00,57.6657,57.9512,no
KXHYPE15M-26MAY211545,Target Price: $57.5841,2026-05-21 15:30:00-04:00,2026-05-21 15:45:00-04:00,57.9512,57.5841,yes
KXHYPE15M-26MAY211530,Target Price: $57.7453,2026-05-21 15:15:00-04:00,2026-05-21 15:30:00-04:00,57.5841,57.7453,no
KXHYPE15M-26MAY211515,Target Price: $58.4217,2026-05-21 15:00:00-04:00,2026-05-21 15:15:00-04:00,57.7453,58.4217,no
KXHYPE15M-26MAY211500,Target Price: $59.1241,2026-05-21 14:45:00-04:00,2026-05-21 15:00:00-04:00,58.4217,59.1241,no
KXHYPE15M-26MAY211445,Target Price: $59.0287,2026-05-21 14:30:00-04:00,2026-05-21 14:45:00-04:00,59.1241,59.0287,yes
KXHYPE15M-26MAY211430,Target Price: $58.7165,2026-05-21 14:15:00-04:00,2026-05-21 14:30:00-04:00,59.0287,58.7165,yes
KXHYPE15M-26MAY211415,Target Price: $58.6631,2026-05-21 14:00:00-04:00,2026-05-21 14:15:00-04:00,58.7165,58.6631,yes
KXHYPE15M-26MAY211400,Target Price: $59.0438,2026-05-21 13:45:00-04:00,2026-05-21 14:00:00-04:00,58.6631,59.0438,no
KXHYPE15M-26MAY211345,Target Price: $59.8369,2026-05-21 13:30:00-04:00,2026-05-21 13:45:00-04:00,59.0438,59.8369,no
KXHYPE15M-26MAY211330,Target Price: $59.4386,2026-05-21 13:15:00-04:00,2026-05-21 13:30:00-04:00,59.8369,59.4386,yes
KXHYPE15M-26MAY211315,Target Price: $58.6479,2026-05-21 13:00:00-04:00,2026-05-21 13:15:00-04:00,59.4386,58.6479,yes
KXHYPE15M-26MAY211300,Target Price: $58.9560,2026-05-21 12:45:00-04:00,2026-05-21 13:00:00-04:00,58.6479,58.956,no
KXHYPE15M-26MAY211245,Target Price: $59.7411,2026-05-21 12:30:00-04:00,2026-05-21 12:45:00-04:00,58.9560,59.7411,no
KXHYPE15M-26MAY211230,Target Price: $59.6704,2026-05-21 12:15:00-04:00,2026-05-21 12:30:00-04:00,59.7411,59.6704,yes
KXHYPE15M-26MAY211215,Target Price: $60.9356,2026-05-21 12:00:00-04:00,2026-05-21 12:15:00-04:00,59.6704,60.9356,no
KXHYPE15M-26MAY211200,Target Price: $60.8516,2026-05-21 11:45:00-04:00,2026-05-21 12:00:00-04:00,60.9356,60.8516,yes
KXHYPE15M-26MAY211145,Target Price: $62.0652,2026-05-21 11:30:00-04:00,2026-05-21 11:45:00-04:00,60.8516,62.0652,no
KXHYPE15M-26MAY211130,Target Price: $61.7749,2026-05-21 11:15:00-04:00,2026-05-21 11:30:00-04:00,62.0652,61.7749,yes
KXHYPE15M-26MAY211115,Target Price: $60.9492,2026-05-21 11:00:00-04:00,2026-05-21 11:15:00-04:00,61.7749,60.9492,yes
KXHYPE15M-26MAY211100,Target Price: $60.2495,2026-05-21 10:45:00-04:00,2026-05-21 11:00:00-04:00,60.9492,60.2495,yes
KXHYPE15M-26MAY211045,Target Price: $60.1398,2026-05-21 10:30:00-04:00,2026-05-21 10:45:00-04:00,60.2495,60.1398,yes
KXHYPE15M-26MAY211030,Target Price: $59.1364,2026-05-21 10:15:00-04:00,2026-05-21 10:30:00-04:00,60.1398,59.1364,yes
KXHYPE15M-26MAY211015,Target Price: $59.4000,2026-05-21 10:00:00-04:00,2026-05-21 10:15:00-04:00,59.1364,59.4,no
KXHYPE15M-26MAY211000,Target Price: $58.7369,2026-05-21 09:45:00-04:00,2026-05-21 10:00:00-04:00,59.4000,58.7369,yes
KXHYPE15M-26MAY210945,Target Price: $59.1853,2026-05-21 09:30:00-04:00,2026-05-21 09:45:00-04:00,58.7369,59.1853,no
KXHYPE15M-26MAY210930,Target Price: $58.1760,2026-05-21 09:15:00-04:00,2026-05-21 09:30:00-04:00,59.1853,58.176,yes
KXHYPE15M-26MAY210915,Target Price: $57.7337,2026-05-21 09:00:00-04:00,2026-05-21 09:15:00-04:00,58.1760,57.7337,yes
KXHYPE15M-26MAY210900,Target Price: $57.5005,2026-05-21 08:45:00-04:00,2026-05-21 09:00:00-04:00,57.7337,57.5005,yes
KXHYPE15M-26MAY210845,Target Price: $57.0634,2026-05-21 08:30:00-04:00,2026-05-21 08:45:00-04:00,57.5005,57.0634,yes
KXHYPE15M-26MAY210830,Target Price: $57.0701,2026-05-21 08:15:00-04:00,2026-05-21 08:30:00-04:00,57.0634,57.0701,no
KXHYPE15M-26MAY210815,Target Price: $57.2014,2026-05-21 08:00:00-04:00,2026-05-21 08:15:00-04:00,57.0701,57.2014,no
KXHYPE15M-26MAY210800,Target Price: $57.1233,2026-05-21 07:45:00-04:00,2026-05-21 08:00:00-04:00,57.2014,57.1233,yes
KXHYPE15M-26MAY210745,Target Price: $57.2956,2026-05-21 07:30:00-04:00,2026-05-21 07:45:00-04:00,57.1233,57.2956,no
KXHYPE15M-26MAY210730,Target Price: $57.4566,2026-05-21 07:15:00-04:00,2026-05-21 07:30:00-04:00,57.2956,57.4566,no
KXHYPE15M-26MAY210715,Target Price: $57.4914,2026-05-21 07:00:00-04:00,2026-05-21 07:15:00-04:00,57.4566,57.4914,no
KXHYPE15M-26MAY210700,Target Price: $58.1570,2026-05-21 06:45:00-04:00,2026-05-21 07:00:00-04:00,57.4914,58.157,no
