event_ticker,yes_sub_title,open_time,close_time,expiration_value,floor_strike,result
KXDOGE15M-26AUG150000,Target price: TBD,2026-08-14 23:45:00-04:00,2026-08-15 00:00:00-04:00,,,
KXDOGE15M-26AUG142345,Target price: TBD,2026-08-14 23:30:00-04:00,2026-08-14 23:45:00-04:00,,,
KXDOGE15M-26AUG142330,Target price: TBD,2026-08-14 23:15:00-04:00,2026-08-14 23:30:00-04:00,,,
KXDOGE15M-26AUG142315,Target price: TBD,2026-08-14 23:00:00-04:00,2026-08-14 23:15:00-04:00,,,
KXDOGE15M-26AUG142300,Target price: TBD,2026-08-14 22:45:00-04:00,2026-08-14 23:00:00-04:00,,,
KXDOGE15M-26AUG142245,Target price: TBD,2026-08-14 22:30:00-04:00,2026-08-14 22:45:00-04:00,,,
KXDOGE15M-26AUG142230,Target price: TBD,2026-08-14 22:15:00-04:00,2026-08-14 22:30:00-04:00,,,
KXDOGE15M-26AUG142215,Target price: TBD,2026-08-14 22:00:00-04:00,2026-08-14 22:15:00-04:00,,,
KXDOGE15M-26AUG142200,Target price: TBD,2026-08-14 21:45:00-04:00,2026-08-14 22:00:00-04:00,,,
KXDOGE15M-26AUG142145,Target price: TBD,2026-08-14 21:30:00-04:00,2026-08-14 21:45:00-04:00,,,
KXDOGE15M-26AUG142130,Target price: TBD,2026-08-14 21:15:00-04:00,2026-08-14 21:30:00-04:00,,,
KXDOGE15M-26AUG142115,Target price: TBD,2026-08-14 21:00:00-04:00,2026-08-14 21:15:00-04:00,,,
KXDOGE15M-26AUG142100,Target price: TBD,2026-08-14 20:45:00-04:00,2026-08-14 21:00:00-04:00,,,
KXDOGE15M-26AUG142045,Target price: TBD,2026-08-14 20:30:00-04:00,2026-08-14 20:45:00-04:00,,,
KXDOGE15M-26AUG142030,Target price: TBD,2026-08-14 20:15:00-04:00,2026-08-14 20:30:00-04:00,,,
KXDOGE15M-26AUG142015,Target price: TBD,2026-08-14 20:00:00-04:00,2026-08-14 20:15:00-04:00,,,
KXDOGE15M-26AUG142000,Target price: TBD,2026-08-14 19:45:00-04:00,2026-08-14 20:00:00-04:00,,,
KXDOGE15M-26AUG141945,Target price: TBD,2026-08-14 19:30:00-04:00,2026-08-14 19:45:00-04:00,,,
KXDOGE15M-26AUG141930,Target price: TBD,2026-08-14 19:15:00-04:00,2026-08-14 19:30:00-04:00,,,
KXDOGE15M-26AUG141915,Target price: TBD,2026-08-14 19:00:00-04:00,2026-08-14 19:15:00-04:00,,,
KXDOGE15M-26AUG141900,Target price: TBD,2026-08-14 18:45:00-04:00,2026-08-14 19:00:00-04:00,,,
KXDOGE15M-26AUG141845,Target price: TBD,2026-08-14 18:30:00-04:00,2026-08-14 18:45:00-04:00,,,
KXDOGE15M-26AUG141830,Target price: TBD,2026-08-14 18:15:00-04:00,2026-08-14 18:30:00-04:00,,,
KXDOGE15M-26AUG141815,Target price: TBD,2026-08-14 18:00:00-04:00,2026-08-14 18:15:00-04:00,,,
KXDOGE15M-26AUG141800,Target price: TBD,2026-08-14 17:45:00-04:00,2026-08-14 18:00:00-04:00,,,
KXDOGE15M-26AUG141745,Target price: TBD,2026-08-14 17:30:00-04:00,2026-08-14 17:45:00-04:00,,,
KXDOGE15M-26AUG141730,Target price: TBD,2026-08-14 17:15:00-04:00,2026-08-14 17:30:00-04:00,,,
KXDOGE15M-26AUG141715,Target price: TBD,2026-08-14 17:00:00-04:00,2026-08-14 17:15:00-04:00,,,
KXDOGE15M-26AUG141700,Target price: TBD,2026-08-14 16:45:00-04:00,2026-08-14 17:00:00-04:00,,,
KXDOGE15M-26AUG141645,Target price: TBD,2026-08-14 16:30:00-04:00,2026-08-14 16:45:00-04:00,,,
KXDOGE15M-26AUG141630,Target price: TBD,2026-08-14 16:15:00-04:00,2026-08-14 16:30:00-04:00,,,
KXDOGE15M-26AUG141615,Target price: TBD,2026-08-14 16:00:00-04:00,2026-08-14 16:15:00-04:00,,,
KXDOGE15M-26AUG141600,Target price: TBD,2026-08-14 15:45:00-04:00,2026-08-14 16:00:00-04:00,,,
KXDOGE15M-26AUG141545,Target price: TBD,2026-08-14 15:30:00-04:00,2026-08-14 15:45:00-04:00,,,
KXDOGE15M-26AUG141530,Target price: TBD,2026-08-14 15:15:00-04:00,2026-08-14 15:30:00-04:00,,,
KXDOGE15M-26AUG141515,Target price: TBD,2026-08-14 15:00:00-04:00,2026-08-14 15:15:00-04:00,,,
KXDOGE15M-26AUG141500,Target price: TBD,2026-08-14 14:45:00-04:00,2026-08-14 15:00:00-04:00,,,
KXDOGE15M-26AUG141445,Target price: TBD,2026-08-14 14:30:00-04:00,2026-08-14 14:45:00-04:00,,,
KXDOGE15M-26AUG141430,Target price: TBD,2026-08-14 14:15:00-04:00,2026-08-14 14:30:00-04:00,,,
KXDOGE15M-26AUG141415,Target price: TBD,2026-08-14 14:00:00-04:00,2026-08-14 14:15:00-04:00,,,
KXDOGE15M-26AUG141400,Target price: TBD,2026-08-14 13:45:00-04:00,2026-08-14 14:00:00-04:00,,,
KXDOGE15M-26AUG141345,Target price: TBD,2026-08-14 13:30:00-04:00,2026-08-14 13:45:00-04:00,,,
KXDOGE15M-26AUG141330,Target price: TBD,2026-08-14 13:15:00-04:00,2026-08-14 13:30:00-04:00,,,
KXDOGE15M-26AUG141315,Target price: TBD,2026-08-14 13:00:00-04:00,2026-08-14 13:15:00-04:00,,,
KXDOGE15M-26AUG141300,Target price: TBD,2026-08-14 12:45:00-04:00,2026-08-14 13:00:00-04:00,,,
KXDOGE15M-26AUG141245,Target price: TBD,2026-08-14 12:30:00-04:00,2026-08-14 12:45:00-04:00,,,
KXDOGE15M-26AUG141230,Target price: TBD,2026-08-14 12:15:00-04:00,2026-08-14 12:30:00-04:00,,,
KXDOGE15M-26AUG141215,Target price: TBD,2026-08-14 12:00:00-04:00,2026-08-14 12:15:00-04:00,,,
KXDOGE15M-26AUG141200,Target price: TBD,2026-08-14 11:45:00-04:00,2026-08-14 12:00:00-04:00,,,
KXDOGE15M-26AUG141145,Target price: TBD,2026-08-14 11:30:00-04:00,2026-08-14 11:45:00-04:00,,,
KXDOGE15M-26AUG141130,Target Price: $0.0695513,2026-08-14 11:15:00-04:00,2026-08-14 11:30:00-04:00,,0.069551,
KXDOGE15M-26AUG141115,Target Price: $0.0694083,2026-08-14 11:00:00-04:00,2026-08-14 11:15:00-04:00,0.0695513,0.069408,yes
KXDOGE15M-26AUG141100,Target Price: $0.0694983,2026-08-14 10:45:00-04:00,2026-08-14 11:00:00-04:00,0.0694083,0.069498,no
KXDOGE15M-26AUG141045,Target Price: $0.0694180,2026-08-14 10:30:00-04:00,2026-08-14 10:45:00-04:00,0.0694983,0.069418,yes
KXDOGE15M-26AUG141030,Target Price: $0.0693237,2026-08-14 10:15:00-04:00,2026-08-14 10:30:00-04:00,0.0694180,0.069323,yes
KXDOGE15M-26AUG141015,Target Price: $0.0693579,2026-08-14 10:00:00-04:00,2026-08-14 10:15:00-04:00,0.0693237,0.069357,no
KXDOGE15M-26AUG141000,Target Price: $0.0693911,2026-08-14 09:45:00-04:00,2026-08-14 10:00:00-04:00,0.0693579,0.069391,no
KXDOGE15M-26AUG140945,Target Price: $0.0693739,2026-08-14 09:30:00-04:00,2026-08-14 09:45:00-04:00,0.0693911,0.069373,yes
KXDOGE15M-26AUG140930,Target Price: $0.0693057,2026-08-14 09:15:00-04:00,2026-08-14 09:30:00-04:00,0.0693739,0.069305,yes
KXDOGE15M-26AUG140915,Target Price: $0.0692004,2026-08-14 09:00:00-04:00,2026-08-14 09:15:00-04:00,0.0693057,0.0692,yes
KXDOGE15M-26AUG140900,Target Price: $0.0693110,2026-08-14 08:45:00-04:00,2026-08-14 09:00:00-04:00,0.0692004,0.069311,no
KXDOGE15M-26AUG140845,Target Price: $0.0694327,2026-08-14 08:30:00-04:00,2026-08-14 08:45:00-04:00,0.0693110,0.069432,no
KXDOGE15M-26AUG140830,Target Price: $0.0693666,2026-08-14 08:15:00-04:00,2026-08-14 08:30:00-04:00,0.0694327,0.069366,yes
KXDOGE15M-26AUG140815,Target Price: $0.0693995,2026-08-14 08:00:00-04:00,2026-08-14 08:15:00-04:00,0.0693666,0.069399,no
KXDOGE15M-26AUG140800,Target Price: $0.0694191,2026-08-14 07:45:00-04:00,2026-08-14 08:00:00-04:00,0.0693995,0.069419,no
KXDOGE15M-26AUG140745,Target Price: $0.0693741,2026-08-14 07:30:00-04:00,2026-08-14 07:45:00-04:00,0.0694191,0.069374,yes
KXDOGE15M-26AUG140730,Target Price: $0.0693893,2026-08-14 07:15:00-04:00,2026-08-14 07:30:00-04:00,0.0693741,0.069389,no
KXDOGE15M-26AUG140715,Target Price: $0.0693105,2026-08-14 07:00:00-04:00,2026-08-14 07:15:00-04:00,0.0693893,0.06931,yes
KXDOGE15M-26AUG140700,Target Price: $0.0693563,2026-08-14 06:45:00-04:00,2026-08-14 07:00:00-04:00,0.0693105,0.069356,no
KXDOGE15M-26AUG140645,Target Price: $0.0694426,2026-08-14 06:30:00-04:00,2026-08-14 06:45:00-04:00,0.0693563,0.069442,no
KXDOGE15M-26AUG140630,Target Price: $0.0695330,2026-08-14 06:15:00-04:00,2026-08-14 06:30:00-04:00,0.0694426,0.069533,no
KXDOGE15M-26AUG140615,Target Price: $0.0694302,2026-08-14 06:00:00-04:00,2026-08-14 06:15:00-04:00,0.0695330,0.06943,yes
KXDOGE15M-26AUG140600,Target Price: $0.0694027,2026-08-14 05:45:00-04:00,2026-08-14 06:00:00-04:00,0.0694302,0.069402,yes
KXDOGE15M-26AUG140545,Target Price: $0.0695904,2026-08-14 05:30:00-04:00,2026-08-14 05:45:00-04:00,0.0694027,0.06959,no
KXDOGE15M-26AUG140530,Target Price: $0.0699048,2026-08-14 05:15:00-04:00,2026-08-14 05:30:00-04:00,0.0695904,0.069904,no
KXDOGE15M-26AUG140515,Target Price: $0.0699068,2026-08-14 05:00:00-04:00,2026-08-14 05:15:00-04:00,0.0699048,0.069906,no
KXDOGE15M-26AUG140500,Target Price: $0.0697165,2026-08-14 04:45:00-04:00,2026-08-14 05:00:00-04:00,0.0699068,0.069716,yes
KXDOGE15M-26AUG140445,Target Price: $0.0695899,2026-08-14 04:30:00-04:00,2026-08-14 04:45:00-04:00,0.0697165,0.069589,yes
KXDOGE15M-26AUG140430,Target Price: $0.0696057,2026-08-14 04:15:00-04:00,2026-08-14 04:30:00-04:00,0.0695899,0.069605,no
KXDOGE15M-26AUG140415,Target Price: $0.0696207,2026-08-14 04:00:00-04:00,2026-08-14 04:15:00-04:00,0.0696057,0.06962,no
KXDOGE15M-26AUG140400,Target Price: $0.0696342,2026-08-14 03:45:00-04:00,2026-08-14 04:00:00-04:00,0.0696207,0.069634,no
KXDOGE15M-26AUG140345,Target Price: $0.0697345,2026-08-14 03:30:00-04:00,2026-08-14 03:45:00-04:00,0.0696342,0.069734,no
KXDOGE15M-26AUG140330,Target Price: $0.0696532,2026-08-14 03:15:00-04:00,2026-08-14 03:30:00-04:00,0.0697345,0.069653,yes
KXDOGE15M-26AUG140315,Target price: TBD,2026-08-14 03:00:00-04:00,2026-08-14 03:15:00-04:00,0.0696532,,yes
KXDOGE15M-26AUG140300,Target Price: $0.0696891,2026-08-14 02:45:00-04:00,2026-08-14 03:00:00-04:00,0.0695995,0.069689,no
KXDOGE15M-26AUG140245,Target Price: $0.0696419,2026-08-14 02:30:00-04:00,2026-08-14 02:45:00-04:00,0.0696891,0.069641,yes
KXDOGE15M-26AUG140230,Target Price: $0.0698524,2026-08-14 02:15:00-04:00,2026-08-14 02:30:00-04:00,0.0696419,0.069852,no
KXDOGE15M-26AUG140215,Target Price: $0.0699269,2026-08-14 02:00:00-04:00,2026-08-14 02:15:00-04:00,0.0698524,0.069926,no
KXDOGE15M-26AUG140200,Target Price: $0.0699529,2026-08-14 01:45:00-04:00,2026-08-14 02:00:00-04:00,0.0699269,0.069952,no
KXDOGE15M-26AUG140145,Target Price: $0.0699579,2026-08-14 01:30:00-04:00,2026-08-14 01:45:00-04:00,0.0699529,0.069957,no
KXDOGE15M-26AUG140130,Target Price: $0.0698923,2026-08-14 01:15:00-04:00,2026-08-14 01:30:00-04:00,0.0699579,0.069892,yes
KXDOGE15M-26AUG140115,Target Price: $0.0698940,2026-08-14 01:00:00-04:00,2026-08-14 01:15:00-04:00,0.0698923,0.069894,no
KXDOGE15M-26AUG140100,Target Price: $0.0699559,2026-08-14 00:45:00-04:00,2026-08-14 01:00:00-04:00,0.0698940,0.069955,no
KXDOGE15M-26AUG140045,Target Price: $0.0700035,2026-08-14 00:30:00-04:00,2026-08-14 00:45:00-04:00,0.0699559,0.070003,no
KXDOGE15M-26AUG140030,Target Price: $0.0700224,2026-08-14 00:15:00-04:00,2026-08-14 00:30:00-04:00,0.0700035,0.070022,no
KXDOGE15M-26AUG140015,Target Price: $0.0699042,2026-08-14 00:00:00-04:00,2026-08-14 00:15:00-04:00,0.0700224,0.069904,yes
KXDOGE15M-26AUG140000,Target Price: $0.0699051,2026-08-13 23:45:00-04:00,2026-08-14 00:00:00-04:00,0.0699042,0.069905,no
KXDOGE15M-26AUG132345,Target Price: $0.0699918,2026-08-13 23:30:00-04:00,2026-08-13 23:45:00-04:00,0.0699051,0.069991,no
KXDOGE15M-26AUG132330,Target Price: $0.0699548,2026-08-13 23:15:00-04:00,2026-08-13 23:30:00-04:00,0.0699918,0.069954,yes
KXDOGE15M-26AUG132315,Target Price: $0.0700724,2026-08-13 23:00:00-04:00,2026-08-13 23:15:00-04:00,0.0699548,0.070072,no
KXDOGE15M-26AUG132300,Target Price: $0.0701706,2026-08-13 22:45:00-04:00,2026-08-13 23:00:00-04:00,0.0700724,0.07017,no
KXDOGE15M-26AUG132245,Target Price: $0.0701327,2026-08-13 22:30:00-04:00,2026-08-13 22:45:00-04:00,0.0701706,0.070132,yes
KXDOGE15M-26AUG132230,Target Price: $0.0702020,2026-08-13 22:15:00-04:00,2026-08-13 22:30:00-04:00,0.0701327,0.070202,no
KXDOGE15M-26AUG132215,Target Price: $0.0701722,2026-08-13 22:00:00-04:00,2026-08-13 22:15:00-04:00,0.0702020,0.070172,yes
KXDOGE15M-26AUG132200,Target Price: $0.0702131,2026-08-13 21:45:00-04:00,2026-08-13 22:00:00-04:00,0.0701722,0.070213,no
KXDOGE15M-26AUG132145,Target Price: $0.0701445,2026-08-13 21:30:00-04:00,2026-08-13 21:45:00-04:00,0.0702131,0.070144,yes
KXDOGE15M-26AUG132130,Target Price: $0.0701197,2026-08-13 21:15:00-04:00,2026-08-13 21:30:00-04:00,0.0701445,0.070119,yes
KXDOGE15M-26AUG132115,Target Price: $0.0702240,2026-08-13 21:00:00-04:00,2026-08-13 21:15:00-04:00,0.0701197,0.070224,no
KXDOGE15M-26AUG132100,Target Price: $0.0701516,2026-08-13 20:45:00-04:00,2026-08-13 21:00:00-04:00,0.0702240,0.070151,yes
KXDOGE15M-26AUG132045,Target Price: $0.0700930,2026-08-13 20:30:00-04:00,2026-08-13 20:45:00-04:00,0.0701516,0.070093,yes
KXDOGE15M-26AUG132030,Target Price: $0.0700768,2026-08-13 20:15:00-04:00,2026-08-13 20:30:00-04:00,0.0700930,0.070076,yes
KXDOGE15M-26AUG132015,Target Price: $0.0701183,2026-08-13 20:00:00-04:00,2026-08-13 20:15:00-04:00,0.0700768,0.070118,no
KXDOGE15M-26AUG132000,Target Price: $0.0700771,2026-08-13 19:45:00-04:00,2026-08-13 20:00:00-04:00,0.0701183,0.070077,yes
KXDOGE15M-26AUG131945,Target Price: $0.0700192,2026-08-13 19:30:00-04:00,2026-08-13 19:45:00-04:00,0.0700771,0.070019,yes
KXDOGE15M-26AUG131930,Target Price: $0.0699700,2026-08-13 19:15:00-04:00,2026-08-13 19:30:00-04:00,0.0700192,0.06997,yes
KXDOGE15M-26AUG131915,Target Price: $0.0700829,2026-08-13 19:00:00-04:00,2026-08-13 19:15:00-04:00,0.0699700,0.070082,no
KXDOGE15M-26AUG131900,Target Price: $0.0701849,2026-08-13 18:45:00-04:00,2026-08-13 19:00:00-04:00,0.0700829,0.070184,no
KXDOGE15M-26AUG131845,Target Price: $0.0702879,2026-08-13 18:30:00-04:00,2026-08-13 18:45:00-04:00,0.0701849,0.070287,no
KXDOGE15M-26AUG131830,Target Price: $0.0702486,2026-08-13 18:15:00-04:00,2026-08-13 18:30:00-04:00,0.0702879,0.070248,yes
KXDOGE15M-26AUG131815,Target Price: $0.0701405,2026-08-13 18:00:00-04:00,2026-08-13 18:15:00-04:00,0.0702486,0.07014,yes
KXDOGE15M-26AUG131800,Target Price: $0.0701160,2026-08-13 17:45:00-04:00,2026-08-13 18:00:00-04:00,0.0701405,0.070116,yes
KXDOGE15M-26AUG131745,Target Price: $0.0701740,2026-08-13 17:30:00-04:00,2026-08-13 17:45:00-04:00,0.0701160,0.070174,no
KXDOGE15M-26AUG131730,Target Price: $0.0701629,2026-08-13 17:15:00-04:00,2026-08-13 17:30:00-04:00,0.0701740,0.070162,yes
KXDOGE15M-26AUG131715,Target Price: $0.0701161,2026-08-13 17:00:00-04:00,2026-08-13 17:15:00-04:00,0.0701629,0.070116,yes
KXDOGE15M-26AUG131700,Target Price: $0.0701769,2026-08-13 16:45:00-04:00,2026-08-13 17:00:00-04:00,0.0701161,0.070176,no
KXDOGE15M-26AUG131645,Target Price: $0.0701960,2026-08-13 16:30:00-04:00,2026-08-13 16:45:00-04:00,0.0701769,0.070196,no
KXDOGE15M-26AUG131630,Target Price: $0.0701796,2026-08-13 16:15:00-04:00,2026-08-13 16:30:00-04:00,0.0701960,0.070179,yes
KXDOGE15M-26AUG131615,Target Price: $0.0702386,2026-08-13 16:00:00-04:00,2026-08-13 16:15:00-04:00,0.0701796,0.070238,no
KXDOGE15M-26AUG131600,Target Price: $0.0702031,2026-08-13 15:45:00-04:00,2026-08-13 16:00:00-04:00,0.0702386,0.070203,yes
KXDOGE15M-26AUG131545,Target Price: $0.0701717,2026-08-13 15:30:00-04:00,2026-08-13 15:45:00-04:00,0.0702031,0.070171,yes
KXDOGE15M-26AUG131530,Target Price: $0.0700869,2026-08-13 15:15:00-04:00,2026-08-13 15:30:00-04:00,0.0701717,0.070086,yes
KXDOGE15M-26AUG131515,Target Price: $0.0699726,2026-08-13 15:00:00-04:00,2026-08-13 15:15:00-04:00,0.0700869,0.069972,yes
KXDOGE15M-26AUG131500,Target Price: $0.0698818,2026-08-13 14:45:00-04:00,2026-08-13 15:00:00-04:00,0.0699726,0.069881,yes
KXDOGE15M-26AUG131445,Target Price: $0.0697437,2026-08-13 14:30:00-04:00,2026-08-13 14:45:00-04:00,0.0698818,0.069743,yes
KXDOGE15M-26AUG131430,Target Price: $0.0698537,2026-08-13 14:15:00-04:00,2026-08-13 14:30:00-04:00,0.0697437,0.069853,no
KXDOGE15M-26AUG131415,Target Price: $0.0698334,2026-08-13 14:00:00-04:00,2026-08-13 14:15:00-04:00,0.0698537,0.069833,yes
KXDOGE15M-26AUG131400,Target Price: $0.0698695,2026-08-13 13:45:00-04:00,2026-08-13 14:00:00-04:00,0.0698334,0.069869,no
KXDOGE15M-26AUG131345,Target Price: $0.0698152,2026-08-13 13:30:00-04:00,2026-08-13 13:45:00-04:00,0.0698695,0.069815,yes
KXDOGE15M-26AUG131330,Target Price: $0.0697867,2026-08-13 13:15:00-04:00,2026-08-13 13:30:00-04:00,0.0698152,0.069786,yes
KXDOGE15M-26AUG131315,Target Price: $0.0697283,2026-08-13 13:00:00-04:00,2026-08-13 13:15:00-04:00,0.0697867,0.069728,yes
KXDOGE15M-26AUG131300,Target Price: $0.0696669,2026-08-13 12:45:00-04:00,2026-08-13 13:00:00-04:00,0.0697283,0.069666,yes
KXDOGE15M-26AUG131245,Target Price: $0.0697888,2026-08-13 12:30:00-04:00,2026-08-13 12:45:00-04:00,0.0696669,0.069788,no
KXDOGE15M-26AUG131230,Target Price: $0.0697030,2026-08-13 12:15:00-04:00,2026-08-13 12:30:00-04:00,0.0697888,0.069703,yes
KXDOGE15M-26AUG131215,Target Price: $0.0696839,2026-08-13 12:00:00-04:00,2026-08-13 12:15:00-04:00,0.0697030,0.069683,yes
KXDOGE15M-26AUG131200,Target Price: $0.0699831,2026-08-13 11:45:00-04:00,2026-08-13 12:00:00-04:00,0.0696839,0.069983,no
KXDOGE15M-26AUG131145,Target Price: $0.0698033,2026-08-13 11:30:00-04:00,2026-08-13 11:45:00-04:00,0.0699831,0.069803,yes
KXDOGE15M-26AUG131130,Target Price: $0.0700152,2026-08-13 11:15:00-04:00,2026-08-13 11:30:00-04:00,0.0698033,0.070015,no
KXDOGE15M-26AUG131115,Target Price: $0.0701112,2026-08-13 11:00:00-04:00,2026-08-13 11:15:00-04:00,0.0700152,0.070111,no
KXDOGE15M-26AUG131100,Target Price: $0.0701724,2026-08-13 10:45:00-04:00,2026-08-13 11:00:00-04:00,0.0701112,0.070172,no
KXDOGE15M-26AUG131045,Target Price: $0.0700392,2026-08-13 10:30:00-04:00,2026-08-13 10:45:00-04:00,0.0701724,0.070039,yes
KXDOGE15M-26AUG131030,Target Price: $0.0701568,2026-08-13 10:15:00-04:00,2026-08-13 10:30:00-04:00,0.0700392,0.070156,no
KXDOGE15M-26AUG131015,Target Price: $0.0701458,2026-08-13 10:00:00-04:00,2026-08-13 10:15:00-04:00,0.0701568,0.070145,yes
KXDOGE15M-26AUG131000,Target Price: $0.0702395,2026-08-13 09:45:00-04:00,2026-08-13 10:00:00-04:00,0.0701458,0.070239,no
KXDOGE15M-26AUG130945,Target Price: $0.0699830,2026-08-13 09:30:00-04:00,2026-08-13 09:45:00-04:00,0.0702395,0.069983,yes
KXDOGE15M-26AUG130930,Target Price: $0.0701439,2026-08-13 09:15:00-04:00,2026-08-13 09:30:00-04:00,0.0699830,0.070143,no
KXDOGE15M-26AUG130915,Target Price: $0.0702016,2026-08-13 09:00:00-04:00,2026-08-13 09:15:00-04:00,0.0701439,0.070201,no
KXDOGE15M-26AUG130900,Target Price: $0.0701403,2026-08-13 08:45:00-04:00,2026-08-13 09:00:00-04:00,0.0702016,0.07014,yes
KXDOGE15M-26AUG130845,Target Price: $0.0701651,2026-08-13 08:30:00-04:00,2026-08-13 08:45:00-04:00,0.0701403,0.070165,no
KXDOGE15M-26AUG130830,Target Price: $0.0701266,2026-08-13 08:15:00-04:00,2026-08-13 08:30:00-04:00,0.0701651,0.070126,yes
KXDOGE15M-26AUG130815,Target Price: $0.0700082,2026-08-13 08:00:00-04:00,2026-08-13 08:15:00-04:00,0.0701266,0.070008,yes
KXDOGE15M-26AUG130800,Target Price: $0.0699547,2026-08-13 07:45:00-04:00,2026-08-13 08:00:00-04:00,0.0700082,0.069954,yes
KXDOGE15M-26AUG130745,Target Price: $0.0700595,2026-08-13 07:30:00-04:00,2026-08-13 07:45:00-04:00,0.0699547,0.070059,no
KXDOGE15M-26AUG130730,Target Price: $0.0701327,2026-08-13 07:15:00-04:00,2026-08-13 07:30:00-04:00,0.0700595,0.070132,no
KXDOGE15M-26AUG130715,Target Price: $0.0701061,2026-08-13 07:00:00-04:00,2026-08-13 07:15:00-04:00,0.0701327,0.070106,yes
KXDOGE15M-26AUG130700,Target Price: $0.0700695,2026-08-13 06:45:00-04:00,2026-08-13 07:00:00-04:00,0.0701061,0.070069,yes
KXDOGE15M-26AUG130645,Target Price: $0.0699949,2026-08-13 06:30:00-04:00,2026-08-13 06:45:00-04:00,0.0700695,0.069994,yes
KXDOGE15M-26AUG130630,Target Price: $0.0701447,2026-08-13 06:15:00-04:00,2026-08-13 06:30:00-04:00,0.0699949,0.070144,no
KXDOGE15M-26AUG130615,Target Price: $0.0704693,2026-08-13 06:00:00-04:00,2026-08-13 06:15:00-04:00,0.0701447,0.070469,no
KXDOGE15M-26AUG130600,Target Price: $0.0703685,2026-08-13 05:45:00-04:00,2026-08-13 06:00:00-04:00,0.0704693,0.070368,yes
KXDOGE15M-26AUG130545,Target Price: $0.0703527,2026-08-13 05:30:00-04:00,2026-08-13 05:45:00-04:00,0.0703685,0.070352,yes
KXDOGE15M-26AUG130530,Target Price: $0.0702700,2026-08-13 05:15:00-04:00,2026-08-13 05:30:00-04:00,0.0703527,0.07027,yes
KXDOGE15M-26AUG130515,Target Price: $0.0704362,2026-08-13 05:00:00-04:00,2026-08-13 05:15:00-04:00,0.0702700,0.070436,no
KXDOGE15M-26AUG130245,Target Price: $0.0705569,2026-08-13 02:30:00-04:00,2026-08-13 02:45:00-04:00,0.0703766,0.070556,no
KXDOGE15M-26AUG130230,Target Price: $0.0704827,2026-08-13 02:15:00-04:00,2026-08-13 02:30:00-04:00,0.0705569,0.070482,yes
KXDOGE15M-26AUG130215,Target Price: $0.0705717,2026-08-13 02:00:00-04:00,2026-08-13 02:15:00-04:00,0.0704827,0.070571,no
KXDOGE15M-26AUG130200,Target Price: $0.0704931,2026-08-13 01:45:00-04:00,2026-08-13 02:00:00-04:00,0.0705717,0.070493,yes
KXDOGE15M-26AUG130145,Target Price: $0.0702882,2026-08-13 01:30:00-04:00,2026-08-13 01:45:00-04:00,0.0704931,0.070288,yes
KXDOGE15M-26AUG130130,Target Price: $0.0702515,2026-08-13 01:15:00-04:00,2026-08-13 01:30:00-04:00,0.0702882,0.070251,yes
KXDOGE15M-26AUG130115,Target Price: $0.0702138,2026-08-13 01:00:00-04:00,2026-08-13 01:15:00-04:00,0.0702515,0.070213,yes
KXDOGE15M-26AUG130100,Target Price: $0.0702451,2026-08-13 00:45:00-04:00,2026-08-13 01:00:00-04:00,0.0702138,0.070245,no
KXDOGE15M-26AUG130045,Target Price: $0.0701300,2026-08-13 00:30:00-04:00,2026-08-13 00:45:00-04:00,0.0702451,0.07013,yes
KXDOGE15M-26AUG130030,Target Price: $0.0700807,2026-08-13 00:15:00-04:00,2026-08-13 00:30:00-04:00,0.0701300,0.07008,yes
KXDOGE15M-26AUG130015,Target Price: $0.0701208,2026-08-13 00:00:00-04:00,2026-08-13 00:15:00-04:00,0.0700807,0.07012,no
KXDOGE15M-26AUG130000,Target Price: $0.0701160,2026-08-12 23:45:00-04:00,2026-08-13 00:00:00-04:00,0.0701208,0.070116,yes
KXDOGE15M-26AUG122345,Target Price: $0.0702752,2026-08-12 23:30:00-04:00,2026-08-12 23:45:00-04:00,0.0701160,0.070275,no
KXDOGE15M-26AUG122330,Target Price: $0.0702823,2026-08-12 23:15:00-04:00,2026-08-12 23:30:00-04:00,0.0702752,0.070282,no
KXDOGE15M-26AUG122315,Target Price: $0.0702230,2026-08-12 23:00:00-04:00,2026-08-12 23:15:00-04:00,0.0702823,0.070223,yes
KXDOGE15M-26AUG122300,Target Price: $0.0699415,2026-08-12 22:45:00-04:00,2026-08-12 23:00:00-04:00,0.0702230,0.069941,yes
KXDOGE15M-26AUG122245,Target Price: $0.0699167,2026-08-12 22:30:00-04:00,2026-08-12 22:45:00-04:00,0.0699415,0.069916,yes
KXDOGE15M-26AUG122230,Target Price: $0.0698755,2026-08-12 22:15:00-04:00,2026-08-12 22:30:00-04:00,0.0699167,0.069875,yes
KXDOGE15M-26AUG122215,Target Price: $0.0698275,2026-08-12 22:00:00-04:00,2026-08-12 22:15:00-04:00,0.0698755,0.069827,yes
KXDOGE15M-26AUG122200,Target Price: $0.0698522,2026-08-12 21:45:00-04:00,2026-08-12 22:00:00-04:00,0.0698275,0.069852,no
KXDOGE15M-26AUG122145,Target Price: $0.0697751,2026-08-12 21:30:00-04:00,2026-08-12 21:45:00-04:00,0.0698522,0.069775,yes
KXDOGE15M-26AUG122130,Target Price: $0.0699692,2026-08-12 21:15:00-04:00,2026-08-12 21:30:00-04:00,0.0697751,0.069969,no
KXDOGE15M-26AUG122115,Target Price: $0.0698707,2026-08-12 21:00:00-04:00,2026-08-12 21:15:00-04:00,0.0699692,0.06987,yes
KXDOGE15M-26AUG122100,Target Price: $0.0698446,2026-08-12 20:45:00-04:00,2026-08-12 21:00:00-04:00,0.0698707,0.069844,yes
KXDOGE15M-26AUG122045,Target Price: $0.0698865,2026-08-12 20:30:00-04:00,2026-08-12 20:45:00-04:00,0.0698446,0.069886,no
KXDOGE15M-26AUG122030,Target Price: $0.0697799,2026-08-12 20:15:00-04:00,2026-08-12 20:30:00-04:00,0.0698865,0.069779,yes
KXDOGE15M-26AUG122015,Target Price: $0.0696489,2026-08-12 20:00:00-04:00,2026-08-12 20:15:00-04:00,0.0697799,0.069648,yes
KXDOGE15M-26AUG122000,Target Price: $0.0695471,2026-08-12 19:45:00-04:00,2026-08-12 20:00:00-04:00,0.0696489,0.069547,yes
KXDOGE15M-26AUG121945,Target Price: $0.0694342,2026-08-12 19:30:00-04:00,2026-08-12 19:45:00-04:00,0.0695471,0.069434,yes
KXDOGE15M-26AUG121930,Target Price: $0.0694026,2026-08-12 19:15:00-04:00,2026-08-12 19:30:00-04:00,0.0694342,0.069402,yes
KXDOGE15M-26AUG121915,Target Price: $0.0694118,2026-08-12 19:00:00-04:00,2026-08-12 19:15:00-04:00,0.0694026,0.069411,no
KXDOGE15M-26AUG121900,Target Price: $0.0693412,2026-08-12 18:45:00-04:00,2026-08-12 19:00:00-04:00,0.0694118,0.069341,yes
KXDOGE15M-26AUG121845,Target Price: $0.0694218,2026-08-12 18:30:00-04:00,2026-08-12 18:45:00-04:00,0.0693412,0.069421,no
KXDOGE15M-26AUG121830,Target Price: $0.0691748,2026-08-12 18:15:00-04:00,2026-08-12 18:30:00-04:00,0.0694218,0.069174,yes
KXDOGE15M-26AUG121815,Target Price: $0.0693666,2026-08-12 18:00:00-04:00,2026-08-12 18:15:00-04:00,0.0691748,0.069366,no
KXDOGE15M-26AUG121800,Target Price: $0.0697155,2026-08-12 17:45:00-04:00,2026-08-12 18:00:00-04:00,0.0693666,0.069715,no
KXDOGE15M-26AUG121745,Target Price: $0.0698053,2026-08-12 17:30:00-04:00,2026-08-12 17:45:00-04:00,0.0697155,0.069805,no
KXDOGE15M-26AUG121730,Target Price: $0.0705225,2026-08-12 17:15:00-04:00,2026-08-12 17:30:00-04:00,0.0698053,0.070522,no
KXDOGE15M-26AUG121715,Target Price: $0.0705641,2026-08-12 17:00:00-04:00,2026-08-12 17:15:00-04:00,0.0705225,0.070564,no
KXDOGE15M-26AUG121700,Target Price: $0.0706350,2026-08-12 16:45:00-04:00,2026-08-12 17:00:00-04:00,0.0705641,0.070635,no
KXDOGE15M-26AUG121645,Target Price: $0.0704797,2026-08-12 16:30:00-04:00,2026-08-12 16:45:00-04:00,0.0706350,0.070479,yes
KXDOGE15M-26AUG121630,Target Price: $0.0705071,2026-08-12 16:15:00-04:00,2026-08-12 16:30:00-04:00,0.0704797,0.070507,no
KXDOGE15M-26AUG121615,Target Price: $0.0705278,2026-08-12 16:00:00-04:00,2026-08-12 16:15:00-04:00,0.0705071,0.070527,no
KXDOGE15M-26AUG121600,Target Price: $0.0704859,2026-08-12 15:45:00-04:00,2026-08-12 16:00:00-04:00,0.0705278,0.070485,yes
KXDOGE15M-26AUG121545,Target Price: $0.0705631,2026-08-12 15:30:00-04:00,2026-08-12 15:45:00-04:00,0.0704859,0.070563,no
KXDOGE15M-26AUG121530,Target Price: $0.0705852,2026-08-12 15:15:00-04:00,2026-08-12 15:30:00-04:00,0.0705631,0.070585,no
KXDOGE15M-26AUG121515,Target Price: $0.0706241,2026-08-12 15:00:00-04:00,2026-08-12 15:15:00-04:00,0.0705852,0.070624,no
KXDOGE15M-26AUG121500,Target Price: $0.0707175,2026-08-12 14:45:00-04:00,2026-08-12 15:00:00-04:00,0.0706241,0.070717,no
KXDOGE15M-26AUG121445,Target Price: $0.0707017,2026-08-12 14:30:00-04:00,2026-08-12 14:45:00-04:00,0.0707175,0.070701,yes
KXDOGE15M-26AUG121430,Target Price: $0.0707677,2026-08-12 14:15:00-04:00,2026-08-12 14:30:00-04:00,0.0707017,0.070767,no
KXDOGE15M-26AUG121415,Target Price: $0.0707471,2026-08-12 14:00:00-04:00,2026-08-12 14:15:00-04:00,0.0707677,0.070747,yes
KXDOGE15M-26AUG121400,Target Price: $0.0707405,2026-08-12 13:45:00-04:00,2026-08-12 14:00:00-04:00,0.0707471,0.07074,yes
KXDOGE15M-26AUG121345,Target Price: $0.0706424,2026-08-12 13:30:00-04:00,2026-08-12 13:45:00-04:00,0.0707405,0.070642,yes
KXDOGE15M-26AUG121330,Target Price: $0.0707650,2026-08-12 13:15:00-04:00,2026-08-12 13:30:00-04:00,0.0706424,0.070765,no
KXDOGE15M-26AUG121315,Target Price: $0.0707989,2026-08-12 13:00:00-04:00,2026-08-12 13:15:00-04:00,0.0707650,0.070798,no
KXDOGE15M-26AUG121300,Target Price: $0.0708285,2026-08-12 12:45:00-04:00,2026-08-12 13:00:00-04:00,0.0707989,0.070828,no
KXDOGE15M-26AUG121245,Target Price: $0.0708423,2026-08-12 12:30:00-04:00,2026-08-12 12:45:00-04:00,0.0708285,0.070842,no
KXDOGE15M-26AUG121230,Target Price: $0.0708715,2026-08-12 12:15:00-04:00,2026-08-12 12:30:00-04:00,0.0708423,0.070871,no
KXDOGE15M-26AUG121215,Target Price: $0.0707651,2026-08-12 12:00:00-04:00,2026-08-12 12:15:00-04:00,0.0708715,0.070765,yes
KXDOGE15M-26AUG121200,Target Price: $0.0708429,2026-08-12 11:45:00-04:00,2026-08-12 12:00:00-04:00,0.0707651,0.070842,no
KXDOGE15M-26AUG121145,Target Price: $0.0707977,2026-08-12 11:30:00-04:00,2026-08-12 11:45:00-04:00,0.0708429,0.070797,yes
KXDOGE15M-26AUG121130,Target Price: $0.0707382,2026-08-12 11:15:00-04:00,2026-08-12 11:30:00-04:00,0.0707977,0.070738,yes
KXDOGE15M-26AUG121115,Target Price: $0.0704100,2026-08-12 11:00:00-04:00,2026-08-12 11:15:00-04:00,0.0707382,0.07041,yes
KXDOGE15M-26AUG121100,Target Price: $0.0704492,2026-08-12 10:45:00-04:00,2026-08-12 11:00:00-04:00,0.0704100,0.070449,no
KXDOGE15M-26AUG121045,Target Price: $0.0703536,2026-08-12 10:30:00-04:00,2026-08-12 10:45:00-04:00,0.0704492,0.070353,yes
KXDOGE15M-26AUG121030,Target Price: $0.0705298,2026-08-12 10:15:00-04:00,2026-08-12 10:30:00-04:00,0.0703536,0.070529,no
KXDOGE15M-26AUG121015,Target Price: $0.0706036,2026-08-12 10:00:00-04:00,2026-08-12 10:15:00-04:00,0.0705298,0.070603,no
KXDOGE15M-26AUG121000,Target Price: $0.0706909,2026-08-12 09:45:00-04:00,2026-08-12 10:00:00-04:00,0.0706036,0.07069,no
KXDOGE15M-26AUG120945,Target Price: $0.0709394,2026-08-12 09:30:00-04:00,2026-08-12 09:45:00-04:00,0.0706909,0.070939,no
KXDOGE15M-26AUG120930,Target Price: $0.0713194,2026-08-12 09:15:00-04:00,2026-08-12 09:30:00-04:00,0.0709394,0.071319,no
KXDOGE15M-26AUG120915,Target Price: $0.0716161,2026-08-12 09:00:00-04:00,2026-08-12 09:15:00-04:00,0.0713194,0.071616,no
KXDOGE15M-26AUG120900,Target Price: $0.0715105,2026-08-12 08:45:00-04:00,2026-08-12 09:00:00-04:00,0.0716161,0.07151,yes
KXDOGE15M-26AUG120845,Target price: TBD,2026-08-12 08:30:00-04:00,2026-08-12 08:45:00-04:00,0.0715105,,no
KXDOGE15M-26AUG120830,Target Price: $0.0719335,2026-08-12 08:15:00-04:00,2026-08-12 08:30:00-04:00,0.0720306,0.071933,yes
KXDOGE15M-26AUG120815,Target Price: $0.0719385,2026-08-12 08:00:00-04:00,2026-08-12 08:15:00-04:00,0.0719335,0.071938,no
KXDOGE15M-26AUG120800,Target Price: $0.0718786,2026-08-12 07:45:00-04:00,2026-08-12 08:00:00-04:00,0.0719385,0.071878,yes
KXDOGE15M-26AUG120745,Target Price: $0.0719495,2026-08-12 07:30:00-04:00,2026-08-12 07:45:00-04:00,0.0718786,0.071949,no
KXDOGE15M-26AUG120730,Target Price: $0.0718230,2026-08-12 07:15:00-04:00,2026-08-12 07:30:00-04:00,0.0719495,0.071823,yes
KXDOGE15M-26AUG120715,Target Price: $0.0718431,2026-08-12 07:00:00-04:00,2026-08-12 07:15:00-04:00,0.0718230,0.071843,no
KXDOGE15M-26AUG120700,Target Price: $0.0718740,2026-08-12 06:45:00-04:00,2026-08-12 07:00:00-04:00,0.0718431,0.071874,no
KXDOGE15M-26AUG120645,Target Price: $0.0718360,2026-08-12 06:30:00-04:00,2026-08-12 06:45:00-04:00,0.0718740,0.071836,yes
KXDOGE15M-26AUG120630,Target Price: $0.0719206,2026-08-12 06:15:00-04:00,2026-08-12 06:30:00-04:00,0.0718360,0.07192,no
KXDOGE15M-26AUG120615,Target Price: $0.0719565,2026-08-12 06:00:00-04:00,2026-08-12 06:15:00-04:00,0.0719206,0.071956,no
KXDOGE15M-26AUG120600,Target Price: $0.0718555,2026-08-12 05:45:00-04:00,2026-08-12 06:00:00-04:00,0.0719565,0.071855,yes
KXDOGE15M-26AUG120545,Target Price: $0.0718707,2026-08-12 05:30:00-04:00,2026-08-12 05:45:00-04:00,0.0718555,0.07187,no
KXDOGE15M-26AUG120530,Target Price: $0.0715775,2026-08-12 05:15:00-04:00,2026-08-12 05:30:00-04:00,0.0718707,0.071577,yes
KXDOGE15M-26AUG120515,Target Price: $0.0714487,2026-08-12 05:00:00-04:00,2026-08-12 05:15:00-04:00,0.0715775,0.071448,yes
KXDOGE15M-26AUG120500,Target Price: $0.0715050,2026-08-12 04:45:00-04:00,2026-08-12 05:00:00-04:00,0.0714487,0.071505,no
KXDOGE15M-26AUG120445,Target Price: $0.0716403,2026-08-12 04:30:00-04:00,2026-08-12 04:45:00-04:00,0.0715050,0.07164,no
KXDOGE15M-26AUG120430,Target Price: $0.0715555,2026-08-12 04:15:00-04:00,2026-08-12 04:30:00-04:00,0.0716403,0.071555,yes
KXDOGE15M-26AUG120415,Target Price: $0.0716298,2026-08-12 04:00:00-04:00,2026-08-12 04:15:00-04:00,0.0715555,0.071629,no
KXDOGE15M-26AUG120400,Target Price: $0.0715154,2026-08-12 03:45:00-04:00,2026-08-12 04:00:00-04:00,0.0716298,0.071515,yes
KXDOGE15M-26AUG120345,Target Price: $0.0715669,2026-08-12 03:30:00-04:00,2026-08-12 03:45:00-04:00,0.0715154,0.071566,no
KXDOGE15M-26AUG120330,Target Price: $0.0716067,2026-08-12 03:15:00-04:00,2026-08-12 03:30:00-04:00,0.0715669,0.071606,no
KXDOGE15M-26AUG120315,Target Price: $0.0714982,2026-08-12 03:00:00-04:00,2026-08-12 03:15:00-04:00,0.0716067,0.071498,yes
KXDOGE15M-26AUG120300,Target Price: $0.0714934,2026-08-12 02:45:00-04:00,2026-08-12 03:00:00-04:00,0.0714982,0.071493,yes
KXDOGE15M-26AUG120245,Target Price: $0.0714833,2026-08-12 02:30:00-04:00,2026-08-12 02:45:00-04:00,0.0714934,0.071483,yes
KXDOGE15M-26AUG120230,Target Price: $0.0716555,2026-08-12 02:15:00-04:00,2026-08-12 02:30:00-04:00,0.0714833,0.071655,no
KXDOGE15M-26AUG120215,Target Price: $0.0720590,2026-08-12 02:00:00-04:00,2026-08-12 02:15:00-04:00,0.0716555,0.072059,no
KXDOGE15M-26AUG120200,Target Price: $0.0721237,2026-08-12 01:45:00-04:00,2026-08-12 02:00:00-04:00,0.0720590,0.072123,no
KXDOGE15M-26AUG120145,Target Price: $0.0721035,2026-08-12 01:30:00-04:00,2026-08-12 01:45:00-04:00,0.0721237,0.072103,yes
KXDOGE15M-26AUG120130,Target Price: $0.0721310,2026-08-12 01:15:00-04:00,2026-08-12 01:30:00-04:00,0.0721035,0.072131,no
KXDOGE15M-26AUG120115,Target Price: $0.0720780,2026-08-12 01:00:00-04:00,2026-08-12 01:15:00-04:00,0.0721310,0.072078,yes
KXDOGE15M-26AUG120100,Target Price: $0.0720423,2026-08-12 00:45:00-04:00,2026-08-12 01:00:00-04:00,0.0720780,0.072042,yes
KXDOGE15M-26AUG120045,Target Price: $0.0721142,2026-08-12 00:30:00-04:00,2026-08-12 00:45:00-04:00,0.0720423,0.072114,no
KXDOGE15M-26AUG120030,Target Price: $0.0720925,2026-08-12 00:15:00-04:00,2026-08-12 00:30:00-04:00,0.0721142,0.072092,yes
KXDOGE15M-26AUG120015,Target Price: $0.0721927,2026-08-12 00:00:00-04:00,2026-08-12 00:15:00-04:00,0.0720925,0.072192,no
KXDOGE15M-26AUG120000,Target Price: $0.0722986,2026-08-11 23:45:00-04:00,2026-08-12 00:00:00-04:00,0.0721927,0.072298,no
KXDOGE15M-26AUG112345,Target Price: $0.0722462,2026-08-11 23:30:00-04:00,2026-08-11 23:45:00-04:00,0.0722986,0.072246,yes
KXDOGE15M-26AUG112330,Target Price: $0.0721205,2026-08-11 23:15:00-04:00,2026-08-11 23:30:00-04:00,0.0722462,0.07212,yes
KXDOGE15M-26AUG112315,Target Price: $0.0718649,2026-08-11 23:00:00-04:00,2026-08-11 23:15:00-04:00,0.0721205,0.071864,yes
KXDOGE15M-26AUG112300,Target Price: $0.0720207,2026-08-11 22:45:00-04:00,2026-08-11 23:00:00-04:00,0.0718649,0.07202,no
KXDOGE15M-26AUG112245,Target Price: $0.0721474,2026-08-11 22:30:00-04:00,2026-08-11 22:45:00-04:00,0.0720207,0.072147,no
KXDOGE15M-26AUG112230,Target Price: $0.0721461,2026-08-11 22:15:00-04:00,2026-08-11 22:30:00-04:00,0.0721474,0.072146,yes
KXDOGE15M-26AUG112215,Target Price: $0.0722382,2026-08-11 22:00:00-04:00,2026-08-11 22:15:00-04:00,0.0721461,0.072238,no
KXDOGE15M-26AUG112200,Target Price: $0.0723042,2026-08-11 21:45:00-04:00,2026-08-11 22:00:00-04:00,0.0722382,0.072304,no
KXDOGE15M-26AUG112145,Target Price: $0.0723095,2026-08-11 21:30:00-04:00,2026-08-11 21:45:00-04:00,0.0723042,0.072309,no
KXDOGE15M-26AUG112130,Target Price: $0.0724249,2026-08-11 21:15:00-04:00,2026-08-11 21:30:00-04:00,0.0723095,0.072424,no
KXDOGE15M-26AUG112115,Target Price: $0.0722590,2026-08-11 21:00:00-04:00,2026-08-11 21:15:00-04:00,0.0724249,0.072259,yes
KXDOGE15M-26AUG112100,Target Price: $0.0721410,2026-08-11 20:45:00-04:00,2026-08-11 21:00:00-04:00,0.0722590,0.072141,yes
KXDOGE15M-26AUG112045,Target Price: $0.0719172,2026-08-11 20:30:00-04:00,2026-08-11 20:45:00-04:00,0.0721410,0.071917,yes
KXDOGE15M-26AUG112030,Target Price: $0.0719769,2026-08-11 20:15:00-04:00,2026-08-11 20:30:00-04:00,0.0719172,0.071976,no
KXDOGE15M-26AUG112015,Target Price: $0.0718630,2026-08-11 20:00:00-04:00,2026-08-11 20:15:00-04:00,0.0719769,0.071863,yes
KXDOGE15M-26AUG112000,Target Price: $0.0719921,2026-08-11 19:45:00-04:00,2026-08-11 20:00:00-04:00,0.0718630,0.071992,no
KXDOGE15M-26AUG111945,Target Price: $0.0719041,2026-08-11 19:30:00-04:00,2026-08-11 19:45:00-04:00,0.0719921,0.071904,yes
KXDOGE15M-26AUG111930,Target Price: $0.0719666,2026-08-11 19:15:00-04:00,2026-08-11 19:30:00-04:00,0.0719041,0.071966,no
KXDOGE15M-26AUG111915,Target Price: $0.0722660,2026-08-11 19:00:00-04:00,2026-08-11 19:15:00-04:00,0.0719666,0.072266,no
KXDOGE15M-26AUG111900,Target Price: $0.0724597,2026-08-11 18:45:00-04:00,2026-08-11 19:00:00-04:00,0.0722660,0.072459,no
KXDOGE15M-26AUG111845,Target Price: $0.0727214,2026-08-11 18:30:00-04:00,2026-08-11 18:45:00-04:00,0.0724597,0.072721,no
KXDOGE15M-26AUG111830,Target Price: $0.0727956,2026-08-11 18:15:00-04:00,2026-08-11 18:30:00-04:00,0.0727214,0.072795,no
KXDOGE15M-26AUG111815,Target Price: $0.0723783,2026-08-11 18:00:00-04:00,2026-08-11 18:15:00-04:00,0.0727956,0.072378,yes
KXDOGE15M-26AUG111800,Target Price: $0.0721113,2026-08-11 17:45:00-04:00,2026-08-11 18:00:00-04:00,0.0723783,0.072111,yes
KXDOGE15M-26AUG111745,Target Price: $0.0718063,2026-08-11 17:30:00-04:00,2026-08-11 17:45:00-04:00,0.0721113,0.071806,yes
KXDOGE15M-26AUG111730,Target Price: $0.0718281,2026-08-11 17:15:00-04:00,2026-08-11 17:30:00-04:00,0.0718063,0.071828,no
KXDOGE15M-26AUG111715,Target Price: $0.0716338,2026-08-11 17:00:00-04:00,2026-08-11 17:15:00-04:00,0.0718281,0.071633,yes
KXDOGE15M-26AUG111700,Target Price: $0.0715708,2026-08-11 16:45:00-04:00,2026-08-11 17:00:00-04:00,0.0716338,0.07157,yes
KXDOGE15M-26AUG111645,Target Price: $0.0719493,2026-08-11 16:30:00-04:00,2026-08-11 16:45:00-04:00,0.0715708,0.071949,no
KXDOGE15M-26AUG111630,Target Price: $0.0715668,2026-08-11 16:15:00-04:00,2026-08-11 16:30:00-04:00,0.0719493,0.071566,yes
KXDOGE15M-26AUG111615,Target Price: $0.0709615,2026-08-11 16:00:00-04:00,2026-08-11 16:15:00-04:00,0.0715668,0.070961,yes
KXDOGE15M-26AUG111600,Target Price: $0.0708576,2026-08-11 15:45:00-04:00,2026-08-11 16:00:00-04:00,0.0709615,0.070857,yes
KXDOGE15M-26AUG111545,Target Price: $0.0706992,2026-08-11 15:30:00-04:00,2026-08-11 15:45:00-04:00,0.0708576,0.070699,yes
KXDOGE15M-26AUG111530,Target Price: $0.0704535,2026-08-11 15:15:00-04:00,2026-08-11 15:30:00-04:00,0.0706992,0.070453,yes
KXDOGE15M-26AUG111515,Target Price: $0.0707345,2026-08-11 15:00:00-04:00,2026-08-11 15:15:00-04:00,0.0704535,0.070734,no
KXDOGE15M-26AUG111500,Target Price: $0.0706531,2026-08-11 14:45:00-04:00,2026-08-11 15:00:00-04:00,0.0707345,0.070653,yes
KXDOGE15M-26AUG111445,Target Price: $0.0707441,2026-08-11 14:30:00-04:00,2026-08-11 14:45:00-04:00,0.0706531,0.070744,no
KXDOGE15M-26AUG111430,Target Price: $0.0709028,2026-08-11 14:15:00-04:00,2026-08-11 14:30:00-04:00,0.0707441,0.070902,no
KXDOGE15M-26AUG111415,Target Price: $0.0709952,2026-08-11 14:00:00-04:00,2026-08-11 14:15:00-04:00,0.0709028,0.070995,no
KXDOGE15M-26AUG111400,Target Price: $0.0708702,2026-08-11 13:45:00-04:00,2026-08-11 14:00:00-04:00,0.0709952,0.07087,yes
KXDOGE15M-26AUG111345,Target Price: $0.0707785,2026-08-11 13:30:00-04:00,2026-08-11 13:45:00-04:00,0.0708702,0.070778,yes
KXDOGE15M-26AUG111330,Target Price: $0.0704858,2026-08-11 13:15:00-04:00,2026-08-11 13:30:00-04:00,0.0707785,0.070485,yes
KXDOGE15M-26AUG111315,Target Price: $0.0704779,2026-08-11 13:00:00-04:00,2026-08-11 13:15:00-04:00,0.0704858,0.070477,yes
KXDOGE15M-26AUG111300,Target Price: $0.0704493,2026-08-11 12:45:00-04:00,2026-08-11 13:00:00-04:00,0.0704779,0.070449,yes
KXDOGE15M-26AUG111245,Target Price: $0.0706620,2026-08-11 12:30:00-04:00,2026-08-11 12:45:00-04:00,0.0704493,0.070662,no
KXDOGE15M-26AUG111230,Target Price: $0.0707494,2026-08-11 12:15:00-04:00,2026-08-11 12:30:00-04:00,0.0706620,0.070749,no
KXDOGE15M-26AUG111215,Target Price: $0.0705550,2026-08-11 12:00:00-04:00,2026-08-11 12:15:00-04:00,0.0707494,0.070555,yes
KXDOGE15M-26AUG111200,Target Price: $0.0701868,2026-08-11 11:45:00-04:00,2026-08-11 12:00:00-04:00,0.0705550,0.070186,yes
KXDOGE15M-26AUG111145,Target Price: $0.0705471,2026-08-11 11:30:00-04:00,2026-08-11 11:45:00-04:00,0.0701868,0.070547,no
KXDOGE15M-26AUG111130,Target Price: $0.0701376,2026-08-11 11:15:00-04:00,2026-08-11 11:30:00-04:00,0.0705471,0.070137,yes
KXDOGE15M-26AUG111115,Target Price: $0.0700266,2026-08-11 11:00:00-04:00,2026-08-11 11:15:00-04:00,0.0701376,0.070026,yes
KXDOGE15M-26AUG111100,Target Price: $0.0706569,2026-08-11 10:45:00-04:00,2026-08-11 11:00:00-04:00,0.0700266,0.070656,no
KXDOGE15M-26AUG111045,Target Price: $0.0707998,2026-08-11 10:30:00-04:00,2026-08-11 10:45:00-04:00,0.0706569,0.070799,no
KXDOGE15M-26AUG111030,Target Price: $0.0710421,2026-08-11 10:15:00-04:00,2026-08-11 10:30:00-04:00,0.0707998,0.071042,no
KXDOGE15M-26AUG111015,Target Price: $0.0708641,2026-08-11 10:00:00-04:00,2026-08-11 10:15:00-04:00,0.0710421,0.070864,yes
KXDOGE15M-26AUG111000,Target Price: $0.0707128,2026-08-11 09:45:00-04:00,2026-08-11 10:00:00-04:00,0.0708641,0.070712,yes
KXDOGE15M-26AUG110945,Target Price: $0.0706414,2026-08-11 09:30:00-04:00,2026-08-11 09:45:00-04:00,0.0707128,0.070641,yes
KXDOGE15M-26AUG110930,Target Price: $0.0707437,2026-08-11 09:15:00-04:00,2026-08-11 09:30:00-04:00,0.0706414,0.070743,no
KXDOGE15M-26AUG110915,Target Price: $0.0706027,2026-08-11 09:00:00-04:00,2026-08-11 09:15:00-04:00,0.0707437,0.070602,yes
KXDOGE15M-26AUG110900,Target Price: $0.0706242,2026-08-11 08:45:00-04:00,2026-08-11 09:00:00-04:00,0.0706027,0.070624,no
KXDOGE15M-26AUG110845,Target Price: $0.0704884,2026-08-11 08:30:00-04:00,2026-08-11 08:45:00-04:00,0.0706242,0.070488,yes
KXDOGE15M-26AUG110830,Target Price: $0.0706318,2026-08-11 08:15:00-04:00,2026-08-11 08:30:00-04:00,0.0704884,0.070631,no
KXDOGE15M-26AUG110815,Target Price: $0.0705381,2026-08-11 08:00:00-04:00,2026-08-11 08:15:00-04:00,0.0706318,0.070538,yes
KXDOGE15M-26AUG110800,Target Price: $0.0704762,2026-08-11 07:45:00-04:00,2026-08-11 08:00:00-04:00,0.0705381,0.070476,yes
KXDOGE15M-26AUG110745,Target Price: $0.0706047,2026-08-11 07:30:00-04:00,2026-08-11 07:45:00-04:00,0.0704762,0.070604,no
KXDOGE15M-26AUG110730,Target Price: $0.0706177,2026-08-11 07:15:00-04:00,2026-08-11 07:30:00-04:00,0.0706047,0.070617,no
KXDOGE15M-26AUG110715,Target Price: $0.0704728,2026-08-11 07:00:00-04:00,2026-08-11 07:15:00-04:00,0.0706177,0.070472,yes
KXDOGE15M-26AUG110700,Target Price: $0.0703651,2026-08-11 06:45:00-04:00,2026-08-11 07:00:00-04:00,0.0704728,0.070365,yes
KXDOGE15M-26AUG110645,Target Price: $0.0704064,2026-08-11 06:30:00-04:00,2026-08-11 06:45:00-04:00,0.0703651,0.070406,no
KXDOGE15M-26AUG110630,Target Price: $0.0704086,2026-08-11 06:15:00-04:00,2026-08-11 06:30:00-04:00,0.0704064,0.070408,no
KXDOGE15M-26AUG110615,Target Price: $0.0705236,2026-08-11 06:00:00-04:00,2026-08-11 06:15:00-04:00,0.0704086,0.070523,no
KXDOGE15M-26AUG110600,Target Price: $0.0705016,2026-08-11 05:45:00-04:00,2026-08-11 06:00:00-04:00,0.0705236,0.070501,yes
KXDOGE15M-26AUG110545,Target Price: $0.0705545,2026-08-11 05:30:00-04:00,2026-08-11 05:45:00-04:00,0.0705016,0.070554,no
KXDOGE15M-26AUG110530,Target Price: $0.0702834,2026-08-11 05:15:00-04:00,2026-08-11 05:30:00-04:00,0.0705545,0.070283,yes
KXDOGE15M-26AUG110515,Target Price: $0.0702338,2026-08-11 05:00:00-04:00,2026-08-11 05:15:00-04:00,0.0702834,0.070233,yes
KXDOGE15M-26AUG110500,Target Price: $0.0701717,2026-08-11 04:45:00-04:00,2026-08-11 05:00:00-04:00,0.0702338,0.070171,yes
KXDOGE15M-26AUG110445,Target Price: $0.0700904,2026-08-11 04:30:00-04:00,2026-08-11 04:45:00-04:00,0.0701717,0.07009,yes
KXDOGE15M-26AUG110430,Target Price: $0.0700779,2026-08-11 04:15:00-04:00,2026-08-11 04:30:00-04:00,0.0700904,0.070077,yes
KXDOGE15M-26AUG110415,Target Price: $0.0700454,2026-08-11 04:00:00-04:00,2026-08-11 04:15:00-04:00,0.0700779,0.070045,yes
KXDOGE15M-26AUG110400,Target Price: $0.0701553,2026-08-11 03:45:00-04:00,2026-08-11 04:00:00-04:00,0.0700454,0.070155,no
KXDOGE15M-26AUG110345,Target Price: $0.0699266,2026-08-11 03:30:00-04:00,2026-08-11 03:45:00-04:00,0.0701553,0.069926,yes
KXDOGE15M-26AUG110330,Target Price: $0.0701346,2026-08-11 03:15:00-04:00,2026-08-11 03:30:00-04:00,0.0699266,0.070134,no
KXDOGE15M-26AUG110315,Target Price: $0.0700919,2026-08-11 03:00:00-04:00,2026-08-11 03:15:00-04:00,0.0701346,0.070091,yes
KXDOGE15M-26AUG110300,Target Price: $0.0701592,2026-08-11 02:45:00-04:00,2026-08-11 03:00:00-04:00,0.0700919,0.070159,no
KXDOGE15M-26AUG110245,Target Price: $0.0700887,2026-08-11 02:30:00-04:00,2026-08-11 02:45:00-04:00,0.0701592,0.070088,yes
KXDOGE15M-26AUG110230,Target Price: $0.0701126,2026-08-11 02:15:00-04:00,2026-08-11 02:30:00-04:00,0.0700887,0.070112,no
KXDOGE15M-26AUG110215,Target Price: $0.0700302,2026-08-11 02:00:00-04:00,2026-08-11 02:15:00-04:00,0.0701126,0.07003,yes
KXDOGE15M-26AUG110200,Target Price: $0.0700546,2026-08-11 01:45:00-04:00,2026-08-11 02:00:00-04:00,0.0700302,0.070054,no
KXDOGE15M-26AUG110145,Target Price: $0.0698688,2026-08-11 01:30:00-04:00,2026-08-11 01:45:00-04:00,0.0700546,0.069868,yes
KXDOGE15M-26AUG110130,Target Price: $0.0700045,2026-08-11 01:15:00-04:00,2026-08-11 01:30:00-04:00,0.0698688,0.070004,no
KXDOGE15M-26AUG110115,Target Price: $0.0699125,2026-08-11 01:00:00-04:00,2026-08-11 01:15:00-04:00,0.0700045,0.069912,yes
KXDOGE15M-26AUG110100,Target Price: $0.0699144,2026-08-11 00:45:00-04:00,2026-08-11 01:00:00-04:00,0.0699125,0.069914,no
KXDOGE15M-26AUG110045,Target Price: $0.0699906,2026-08-11 00:30:00-04:00,2026-08-11 00:45:00-04:00,0.0699144,0.06999,no
KXDOGE15M-26AUG110030,Target Price: $0.0700121,2026-08-11 00:15:00-04:00,2026-08-11 00:30:00-04:00,0.0699906,0.070012,no
KXDOGE15M-26AUG110015,Target Price: $0.0700512,2026-08-11 00:00:00-04:00,2026-08-11 00:15:00-04:00,0.0700121,0.070051,no
KXDOGE15M-26AUG110000,Target Price: $0.0700539,2026-08-10 23:45:00-04:00,2026-08-11 00:00:00-04:00,0.0700512,0.070053,no
KXDOGE15M-26AUG102345,Target Price: $0.0701259,2026-08-10 23:30:00-04:00,2026-08-10 23:45:00-04:00,0.0700539,0.070125,no
KXDOGE15M-26AUG102330,Target Price: $0.0701068,2026-08-10 23:15:00-04:00,2026-08-10 23:30:00-04:00,0.0701259,0.070106,yes
KXDOGE15M-26AUG102315,Target Price: $0.0701240,2026-08-10 23:00:00-04:00,2026-08-10 23:15:00-04:00,0.0701068,0.070124,no
KXDOGE15M-26AUG102300,Target Price: $0.0702245,2026-08-10 22:45:00-04:00,2026-08-10 23:00:00-04:00,0.0701240,0.070224,no
KXDOGE15M-26AUG102245,Target Price: $0.0700489,2026-08-10 22:30:00-04:00,2026-08-10 22:45:00-04:00,0.0702245,0.070048,yes
KXDOGE15M-26AUG102230,Target Price: $0.0700543,2026-08-10 22:15:00-04:00,2026-08-10 22:30:00-04:00,0.0700489,0.070054,no
KXDOGE15M-26AUG102215,Target Price: $0.0699768,2026-08-10 22:00:00-04:00,2026-08-10 22:15:00-04:00,0.0700543,0.069976,yes
KXDOGE15M-26AUG102200,Target Price: $0.0699037,2026-08-10 21:45:00-04:00,2026-08-10 22:00:00-04:00,0.0699768,0.069903,yes
KXDOGE15M-26AUG102145,Target Price: $0.0699476,2026-08-10 21:30:00-04:00,2026-08-10 21:45:00-04:00,0.0699037,0.069947,no
KXDOGE15M-26AUG102130,Target Price: $0.0699534,2026-08-10 21:15:00-04:00,2026-08-10 21:30:00-04:00,0.0699476,0.069953,no
KXDOGE15M-26AUG102115,Target Price: $0.0698094,2026-08-10 21:00:00-04:00,2026-08-10 21:15:00-04:00,0.0699534,0.069809,yes
KXDOGE15M-26AUG102100,Target Price: $0.0697167,2026-08-10 20:45:00-04:00,2026-08-10 21:00:00-04:00,0.0698094,0.069716,yes
KXDOGE15M-26AUG102045,Target Price: $0.0697885,2026-08-10 20:30:00-04:00,2026-08-10 20:45:00-04:00,0.0697167,0.069788,no
KXDOGE15M-26AUG102030,Target Price: $0.0696936,2026-08-10 20:15:00-04:00,2026-08-10 20:30:00-04:00,0.0697885,0.069693,yes
KXDOGE15M-26AUG102015,Target Price: $0.0696417,2026-08-10 20:00:00-04:00,2026-08-10 20:15:00-04:00,0.0696936,0.069641,yes
KXDOGE15M-26AUG102000,Target Price: $0.0697365,2026-08-10 19:45:00-04:00,2026-08-10 20:00:00-04:00,0.0696417,0.069736,no
KXDOGE15M-26AUG101945,Target Price: $0.0697889,2026-08-10 19:30:00-04:00,2026-08-10 19:45:00-04:00,0.0697365,0.069788,no
KXDOGE15M-26AUG101930,Target Price: $0.0698086,2026-08-10 19:15:00-04:00,2026-08-10 19:30:00-04:00,0.0697889,0.069808,no
KXDOGE15M-26AUG101915,Target Price: $0.0697542,2026-08-10 19:00:00-04:00,2026-08-10 19:15:00-04:00,0.0698086,0.069754,yes
KXDOGE15M-26AUG101900,Target Price: $0.0696631,2026-08-10 18:45:00-04:00,2026-08-10 19:00:00-04:00,0.0697542,0.069663,yes
KXDOGE15M-26AUG101845,Target Price: $0.0697157,2026-08-10 18:30:00-04:00,2026-08-10 18:45:00-04:00,0.0696631,0.069715,no
KXDOGE15M-26AUG101830,Target Price: $0.0696977,2026-08-10 18:15:00-04:00,2026-08-10 18:30:00-04:00,0.0697157,0.069697,yes
KXDOGE15M-26AUG101815,Target Price: $0.0696390,2026-08-10 18:00:00-04:00,2026-08-10 18:15:00-04:00,0.0696977,0.069639,yes
KXDOGE15M-26AUG101800,Target Price: $0.0697771,2026-08-10 17:45:00-04:00,2026-08-10 18:00:00-04:00,0.0696390,0.069777,no
KXDOGE15M-26AUG101745,Target Price: $0.0697434,2026-08-10 17:30:00-04:00,2026-08-10 17:45:00-04:00,0.0697771,0.069743,yes
KXDOGE15M-26AUG101730,Target Price: $0.0697174,2026-08-10 17:15:00-04:00,2026-08-10 17:30:00-04:00,0.0697434,0.069717,yes
KXDOGE15M-26AUG101715,Target Price: $0.0698522,2026-08-10 17:00:00-04:00,2026-08-10 17:15:00-04:00,0.0697174,0.069852,no
KXDOGE15M-26AUG101700,Target Price: $0.0698586,2026-08-10 16:45:00-04:00,2026-08-10 17:00:00-04:00,0.0698522,0.069858,no
KXDOGE15M-26AUG101645,Target Price: $0.0698859,2026-08-10 16:30:00-04:00,2026-08-10 16:45:00-04:00,0.0698586,0.069885,no
KXDOGE15M-26AUG101630,Target Price: $0.0698658,2026-08-10 16:15:00-04:00,2026-08-10 16:30:00-04:00,0.0698859,0.069865,yes
KXDOGE15M-26AUG101615,Target Price: $0.0697863,2026-08-10 16:00:00-04:00,2026-08-10 16:15:00-04:00,0.0698658,0.069786,yes
KXDOGE15M-26AUG101600,Target Price: $0.0698671,2026-08-10 15:45:00-04:00,2026-08-10 16:00:00-04:00,0.0697863,0.069867,no
KXDOGE15M-26AUG101545,Target price: TBD,2026-08-10 15:30:00-04:00,2026-08-10 15:45:00-04:00,0.0698671,,yes
KXDOGE15M-26AUG101530,Target Price: $0.0697088,2026-08-10 15:15:00-04:00,2026-08-10 15:30:00-04:00,0.0698005,0.069708,yes
KXDOGE15M-26AUG101515,Target Price: $0.0696213,2026-08-10 15:00:00-04:00,2026-08-10 15:15:00-04:00,0.0697088,0.069621,yes
KXDOGE15M-26AUG101500,Target Price: $0.0695615,2026-08-10 14:45:00-04:00,2026-08-10 15:00:00-04:00,0.0696213,0.069561,yes
KXDOGE15M-26AUG101445,Target price: TBD,2026-08-10 14:30:00-04:00,2026-08-10 14:45:00-04:00,0.0695615,,no
KXDOGE15M-26AUG101430,Target Price: $0.0696471,2026-08-10 14:15:00-04:00,2026-08-10 14:30:00-04:00,0.0696248,0.069647,no
KXDOGE15M-26AUG101415,Target Price: $0.0695771,2026-08-10 14:00:00-04:00,2026-08-10 14:15:00-04:00,0.0696471,0.069577,yes
KXDOGE15M-26AUG101400,Target Price: $0.0696957,2026-08-10 13:45:00-04:00,2026-08-10 14:00:00-04:00,0.0695771,0.069695,no
KXDOGE15M-26AUG101345,Target price: TBD,2026-08-10 13:30:00-04:00,2026-08-10 13:45:00-04:00,0.0696957,,yes
KXDOGE15M-26AUG101330,Target Price: $0.0696977,2026-08-10 13:15:00-04:00,2026-08-10 13:30:00-04:00,0.0696776,0.069697,no
KXDOGE15M-26AUG101315,Target Price: $0.0694611,2026-08-10 13:00:00-04:00,2026-08-10 13:15:00-04:00,0.0696977,0.069461,yes
KXDOGE15M-26AUG101300,Target Price: $0.0696029,2026-08-10 12:45:00-04:00,2026-08-10 13:00:00-04:00,0.0694611,0.069602,no
KXDOGE15M-26AUG101245,Target Price: $0.0696387,2026-08-10 12:30:00-04:00,2026-08-10 12:45:00-04:00,0.0696029,0.069638,no
KXDOGE15M-26AUG101230,Target Price: $0.0696459,2026-08-10 12:15:00-04:00,2026-08-10 12:30:00-04:00,0.0696387,0.069645,no
KXDOGE15M-26AUG101215,Target Price: $0.0696427,2026-08-10 12:00:00-04:00,2026-08-10 12:15:00-04:00,0.0696459,0.069642,yes
KXDOGE15M-26AUG101200,Target Price: $0.0695505,2026-08-10 11:45:00-04:00,2026-08-10 12:00:00-04:00,0.0696427,0.06955,yes
KXDOGE15M-26AUG101145,Target price: TBD,2026-08-10 11:30:00-04:00,2026-08-10 11:45:00-04:00,0.0695505,,no
KXDOGE15M-26AUG101130,Target Price: $0.0695022,2026-08-10 11:15:00-04:00,2026-08-10 11:30:00-04:00,0.0696715,0.069502,yes
KXDOGE15M-26AUG101115,Target Price: $0.0697417,2026-08-10 11:00:00-04:00,2026-08-10 11:15:00-04:00,0.0695022,0.069741,no
KXDOGE15M-26AUG101100,Target Price: $0.0699191,2026-08-10 10:45:00-04:00,2026-08-10 11:00:00-04:00,0.0697417,0.069919,no
KXDOGE15M-26AUG101045,Target Price: $0.0699087,2026-08-10 10:30:00-04:00,2026-08-10 10:45:00-04:00,0.0699191,0.069908,yes
KXDOGE15M-26AUG101030,Target Price: $0.0699169,2026-08-10 10:15:00-04:00,2026-08-10 10:30:00-04:00,0.0699087,0.069916,no
KXDOGE15M-26AUG101015,Target Price: $0.0697020,2026-08-10 10:00:00-04:00,2026-08-10 10:15:00-04:00,0.0699169,0.069702,yes
KXDOGE15M-26AUG101000,Target Price: $0.0697107,2026-08-10 09:45:00-04:00,2026-08-10 10:00:00-04:00,0.0697020,0.06971,no
KXDOGE15M-26AUG100945,Target Price: $0.0698190,2026-08-10 09:30:00-04:00,2026-08-10 09:45:00-04:00,0.0697107,0.069819,no
KXDOGE15M-26AUG100930,Target Price: $0.0698673,2026-08-10 09:15:00-04:00,2026-08-10 09:30:00-04:00,0.0698190,0.069867,no
KXDOGE15M-26AUG100915,Target Price: $0.0697845,2026-08-10 09:00:00-04:00,2026-08-10 09:15:00-04:00,0.0698673,0.069784,yes
KXDOGE15M-26AUG100900,Target Price: $0.0699234,2026-08-10 08:45:00-04:00,2026-08-10 09:00:00-04:00,0.0697845,0.069923,no
KXDOGE15M-26AUG100845,Target Price: $0.0699521,2026-08-10 08:30:00-04:00,2026-08-10 08:45:00-04:00,0.0699234,0.069952,no
KXDOGE15M-26AUG100830,Target Price: $0.0700338,2026-08-10 08:15:00-04:00,2026-08-10 08:30:00-04:00,0.0699521,0.070033,no
KXDOGE15M-26AUG100815,Target Price: $0.0699904,2026-08-10 08:00:00-04:00,2026-08-10 08:15:00-04:00,0.0700338,0.06999,yes
KXDOGE15M-26AUG100800,Target Price: $0.0699782,2026-08-10 07:45:00-04:00,2026-08-10 08:00:00-04:00,0.0699904,0.069978,yes
KXDOGE15M-26AUG100745,Target Price: $0.0700108,2026-08-10 07:30:00-04:00,2026-08-10 07:45:00-04:00,0.0699782,0.07001,no
KXDOGE15M-26AUG100730,Target Price: $0.0698921,2026-08-10 07:15:00-04:00,2026-08-10 07:30:00-04:00,0.0700108,0.069892,yes
KXDOGE15M-26AUG100715,Target Price: $0.0699119,2026-08-10 07:00:00-04:00,2026-08-10 07:15:00-04:00,0.0698921,0.069911,no
KXDOGE15M-26AUG100700,Target Price: $0.0699568,2026-08-10 06:45:00-04:00,2026-08-10 07:00:00-04:00,0.0699119,0.069956,no
KXDOGE15M-26AUG100645,Target Price: $0.0699558,2026-08-10 06:30:00-04:00,2026-08-10 06:45:00-04:00,0.0699568,0.069955,yes
KXDOGE15M-26AUG100630,Target Price: $0.0699069,2026-08-10 06:15:00-04:00,2026-08-10 06:30:00-04:00,0.0699558,0.069906,yes
KXDOGE15M-26AUG100615,Target Price: $0.0698933,2026-08-10 06:00:00-04:00,2026-08-10 06:15:00-04:00,0.0699069,0.069893,yes
KXDOGE15M-26AUG100600,Target Price: $0.0699067,2026-08-10 05:45:00-04:00,2026-08-10 06:00:00-04:00,0.0698933,0.069906,no
KXDOGE15M-26AUG100545,Target Price: $0.0699854,2026-08-10 05:30:00-04:00,2026-08-10 05:45:00-04:00,0.0699067,0.069985,no
KXDOGE15M-26AUG100530,Target Price: $0.0700244,2026-08-10 05:15:00-04:00,2026-08-10 05:30:00-04:00,0.0699854,0.070024,no
KXDOGE15M-26AUG100515,Target Price: $0.0700326,2026-08-10 05:00:00-04:00,2026-08-10 05:15:00-04:00,0.0700244,0.070032,no
KXDOGE15M-26AUG100500,Target Price: $0.0698976,2026-08-10 04:45:00-04:00,2026-08-10 05:00:00-04:00,0.0700326,0.069897,yes
KXDOGE15M-26AUG100445,Target Price: $0.0698840,2026-08-10 04:30:00-04:00,2026-08-10 04:45:00-04:00,0.0698976,0.069884,yes
KXDOGE15M-26AUG100430,Target Price: $0.0700408,2026-08-10 04:15:00-04:00,2026-08-10 04:30:00-04:00,0.0698840,0.07004,no
KXDOGE15M-26AUG100415,Target Price: $0.0699899,2026-08-10 04:00:00-04:00,2026-08-10 04:15:00-04:00,0.0700408,0.069989,yes
KXDOGE15M-26AUG100400,Target Price: $0.0700458,2026-08-10 03:45:00-04:00,2026-08-10 04:00:00-04:00,0.0699899,0.070045,no
KXDOGE15M-26AUG100345,Target Price: $0.0700409,2026-08-10 03:30:00-04:00,2026-08-10 03:45:00-04:00,0.0700458,0.07004,yes
KXDOGE15M-26AUG100330,Target Price: $0.0699955,2026-08-10 03:15:00-04:00,2026-08-10 03:30:00-04:00,0.0700409,0.069995,yes
KXDOGE15M-26AUG100315,Target Price: $0.0700757,2026-08-10 03:00:00-04:00,2026-08-10 03:15:00-04:00,0.0699955,0.070075,no
KXDOGE15M-26AUG100300,Target Price: $0.0699832,2026-08-10 02:45:00-04:00,2026-08-10 03:00:00-04:00,0.0700757,0.069983,yes
KXDOGE15M-26AUG100245,Target Price: $0.0699166,2026-08-10 02:30:00-04:00,2026-08-10 02:45:00-04:00,0.0699832,0.069916,yes
KXDOGE15M-26AUG100230,Target Price: $0.0699818,2026-08-10 02:15:00-04:00,2026-08-10 02:30:00-04:00,0.0699166,0.069981,no
KXDOGE15M-26AUG100215,Target Price: $0.0699344,2026-08-10 02:00:00-04:00,2026-08-10 02:15:00-04:00,0.0699818,0.069934,yes
KXDOGE15M-26AUG100200,Target Price: $0.0699235,2026-08-10 01:45:00-04:00,2026-08-10 02:00:00-04:00,0.0699344,0.069923,yes
KXDOGE15M-26AUG100145,Target Price: $0.0698692,2026-08-10 01:30:00-04:00,2026-08-10 01:45:00-04:00,0.0699235,0.069869,yes
KXDOGE15M-26AUG100130,Target Price: $0.0697021,2026-08-10 01:15:00-04:00,2026-08-10 01:30:00-04:00,0.0698692,0.069702,yes
KXDOGE15M-26AUG100115,Target Price: $0.0696768,2026-08-10 01:00:00-04:00,2026-08-10 01:15:00-04:00,0.0697021,0.069676,yes
KXDOGE15M-26AUG100100,Target Price: $0.0696612,2026-08-10 00:45:00-04:00,2026-08-10 01:00:00-04:00,0.0696768,0.069661,yes
KXDOGE15M-26AUG100045,Target Price: $0.0697120,2026-08-10 00:30:00-04:00,2026-08-10 00:45:00-04:00,0.0696612,0.069712,no
KXDOGE15M-26AUG100030,Target Price: $0.0697389,2026-08-10 00:15:00-04:00,2026-08-10 00:30:00-04:00,0.0697120,0.069738,no
KXDOGE15M-26AUG100015,Target Price: $0.0695977,2026-08-10 00:00:00-04:00,2026-08-10 00:15:00-04:00,0.0697389,0.069597,yes
KXDOGE15M-26AUG100000,Target Price: $0.0696840,2026-08-09 23:45:00-04:00,2026-08-10 00:00:00-04:00,0.0695977,0.069684,no
KXDOGE15M-26AUG092345,Target Price: $0.0696803,2026-08-09 23:30:00-04:00,2026-08-09 23:45:00-04:00,0.0696840,0.06968,yes
KXDOGE15M-26AUG092330,Target Price: $0.0696703,2026-08-09 23:15:00-04:00,2026-08-09 23:30:00-04:00,0.0696803,0.06967,yes
KXDOGE15M-26AUG092315,Target Price: $0.0698994,2026-08-09 23:00:00-04:00,2026-08-09 23:15:00-04:00,0.0696703,0.069899,no
KXDOGE15M-26AUG092300,Target Price: $0.0699481,2026-08-09 22:45:00-04:00,2026-08-09 23:00:00-04:00,0.0698994,0.069948,no
KXDOGE15M-26AUG092245,Target Price: $0.0695410,2026-08-09 22:30:00-04:00,2026-08-09 22:45:00-04:00,0.0699481,0.069541,yes
KXDOGE15M-26AUG092230,Target Price: $0.0698036,2026-08-09 22:15:00-04:00,2026-08-09 22:30:00-04:00,0.0695410,0.069803,no
KXDOGE15M-26AUG092215,Target Price: $0.0699425,2026-08-09 22:00:00-04:00,2026-08-09 22:15:00-04:00,0.0698036,0.069942,no
KXDOGE15M-26AUG092200,Target Price: $0.0696789,2026-08-09 21:45:00-04:00,2026-08-09 22:00:00-04:00,0.0699425,0.069678,yes
KXDOGE15M-26AUG092145,Target Price: $0.0697488,2026-08-09 21:30:00-04:00,2026-08-09 21:45:00-04:00,0.0696789,0.069748,no
KXDOGE15M-26AUG092130,Target Price: $0.0697151,2026-08-09 21:15:00-04:00,2026-08-09 21:30:00-04:00,0.0697488,0.069715,yes
KXDOGE15M-26AUG092115,Target Price: $0.0695903,2026-08-09 21:00:00-04:00,2026-08-09 21:15:00-04:00,0.0697151,0.06959,yes
KXDOGE15M-26AUG092100,Target Price: $0.0693429,2026-08-09 20:45:00-04:00,2026-08-09 21:00:00-04:00,0.0695903,0.069342,yes
KXDOGE15M-26AUG092045,Target Price: $0.0695504,2026-08-09 20:30:00-04:00,2026-08-09 20:45:00-04:00,0.0693429,0.06955,no
KXDOGE15M-26AUG092030,Target Price: $0.0696960,2026-08-09 20:15:00-04:00,2026-08-09 20:30:00-04:00,0.0695504,0.069696,no
KXDOGE15M-26AUG092015,Target Price: $0.0693119,2026-08-09 20:00:00-04:00,2026-08-09 20:15:00-04:00,0.0696960,0.069311,yes
KXDOGE15M-26AUG092000,Target Price: $0.0693966,2026-08-09 19:45:00-04:00,2026-08-09 20:00:00-04:00,0.0693119,0.069396,no
KXDOGE15M-26AUG091945,Target Price: $0.0694381,2026-08-09 19:30:00-04:00,2026-08-09 19:45:00-04:00,0.0693966,0.069438,no
KXDOGE15M-26AUG091930,Target Price: $0.0698151,2026-08-09 19:15:00-04:00,2026-08-09 19:30:00-04:00,0.0694381,0.069815,no
KXDOGE15M-26AUG091915,Target Price: $0.0700193,2026-08-09 19:00:00-04:00,2026-08-09 19:15:00-04:00,0.0698151,0.070019,no
KXDOGE15M-26AUG091900,Target Price: $0.0700742,2026-08-09 18:45:00-04:00,2026-08-09 19:00:00-04:00,0.0700193,0.070074,no
KXDOGE15M-26AUG091845,Target Price: $0.0706167,2026-08-09 18:30:00-04:00,2026-08-09 18:45:00-04:00,0.0700742,0.070616,no
KXDOGE15M-26AUG091830,Target Price: $0.0707849,2026-08-09 18:15:00-04:00,2026-08-09 18:30:00-04:00,0.0706167,0.070784,no
KXDOGE15M-26AUG091815,Target Price: $0.0705556,2026-08-09 18:00:00-04:00,2026-08-09 18:15:00-04:00,0.0707849,0.070555,yes
KXDOGE15M-26AUG091800,Target Price: $0.0706594,2026-08-09 17:45:00-04:00,2026-08-09 18:00:00-04:00,0.0705556,0.070659,no
KXDOGE15M-26AUG091745,Target Price: $0.0705800,2026-08-09 17:30:00-04:00,2026-08-09 17:45:00-04:00,0.0706594,0.07058,yes
KXDOGE15M-26AUG091730,Target Price: $0.0704724,2026-08-09 17:15:00-04:00,2026-08-09 17:30:00-04:00,0.0705800,0.070472,yes
KXDOGE15M-26AUG091715,Target Price: $0.0704414,2026-08-09 17:00:00-04:00,2026-08-09 17:15:00-04:00,0.0704724,0.070441,yes
KXDOGE15M-26AUG091700,Target Price: $0.0704294,2026-08-09 16:45:00-04:00,2026-08-09 17:00:00-04:00,0.0704414,0.070429,yes
KXDOGE15M-26AUG091645,Target Price: $0.0704176,2026-08-09 16:30:00-04:00,2026-08-09 16:45:00-04:00,0.0704294,0.070417,yes
KXDOGE15M-26AUG091630,Target Price: $0.0703500,2026-08-09 16:15:00-04:00,2026-08-09 16:30:00-04:00,0.0704176,0.07035,yes
KXDOGE15M-26AUG091615,Target Price: $0.0704575,2026-08-09 16:00:00-04:00,2026-08-09 16:15:00-04:00,0.0703500,0.070457,no
KXDOGE15M-26AUG091600,Target Price: $0.0704587,2026-08-09 15:45:00-04:00,2026-08-09 16:00:00-04:00,0.0704575,0.070458,no
KXDOGE15M-26AUG091545,Target Price: $0.0704383,2026-08-09 15:30:00-04:00,2026-08-09 15:45:00-04:00,0.0704587,0.070438,yes
KXDOGE15M-26AUG091530,Target Price: $0.0703586,2026-08-09 15:15:00-04:00,2026-08-09 15:30:00-04:00,0.0704383,0.070358,yes
KXDOGE15M-26AUG091515,Target Price: $0.0704698,2026-08-09 15:00:00-04:00,2026-08-09 15:15:00-04:00,0.0703586,0.070469,no
KXDOGE15M-26AUG091500,Target Price: $0.0704446,2026-08-09 14:45:00-04:00,2026-08-09 15:00:00-04:00,0.0704698,0.070444,yes
KXDOGE15M-26AUG091445,Target Price: $0.0704277,2026-08-09 14:30:00-04:00,2026-08-09 14:45:00-04:00,0.0704446,0.070427,yes
KXDOGE15M-26AUG091430,Target Price: $0.0704668,2026-08-09 14:15:00-04:00,2026-08-09 14:30:00-04:00,0.0704277,0.070466,no
KXDOGE15M-26AUG091415,Target Price: $0.0705189,2026-08-09 14:00:00-04:00,2026-08-09 14:15:00-04:00,0.0704668,0.070518,no
KXDOGE15M-26AUG091400,Target Price: $0.0706268,2026-08-09 13:45:00-04:00,2026-08-09 14:00:00-04:00,0.0705189,0.070626,no
KXDOGE15M-26AUG091345,Target Price: $0.0706339,2026-08-09 13:30:00-04:00,2026-08-09 13:45:00-04:00,0.0706268,0.070633,no
KXDOGE15M-26AUG091330,Target Price: $0.0707108,2026-08-09 13:15:00-04:00,2026-08-09 13:30:00-04:00,0.0706339,0.07071,no
KXDOGE15M-26AUG091315,Target Price: $0.0706762,2026-08-09 13:00:00-04:00,2026-08-09 13:15:00-04:00,0.0707108,0.070676,yes
KXDOGE15M-26AUG091300,Target Price: $0.0706762,2026-08-09 12:45:00-04:00,2026-08-09 13:00:00-04:00,0.0706762,0.070676,yes
KXDOGE15M-26AUG091245,Target Price: $0.0705493,2026-08-09 12:30:00-04:00,2026-08-09 12:45:00-04:00,0.0706762,0.070549,yes
KXDOGE15M-26AUG091230,Target Price: $0.0706581,2026-08-09 12:15:00-04:00,2026-08-09 12:30:00-04:00,0.0705493,0.070658,no
KXDOGE15M-26AUG091215,Target Price: $0.0706378,2026-08-09 12:00:00-04:00,2026-08-09 12:15:00-04:00,0.0706581,0.070637,yes
KXDOGE15M-26AUG091200,Target Price: $0.0706777,2026-08-09 11:45:00-04:00,2026-08-09 12:00:00-04:00,0.0706378,0.070677,no
KXDOGE15M-26AUG091145,Target Price: $0.0705131,2026-08-09 11:30:00-04:00,2026-08-09 11:45:00-04:00,0.0706777,0.070513,yes
KXDOGE15M-26AUG091130,Target Price: $0.0704770,2026-08-09 11:15:00-04:00,2026-08-09 11:30:00-04:00,0.0705131,0.070477,yes
KXDOGE15M-26AUG091115,Target Price: $0.0704492,2026-08-09 11:00:00-04:00,2026-08-09 11:15:00-04:00,0.0704770,0.070449,yes
KXDOGE15M-26AUG091100,Target Price: $0.0703380,2026-08-09 10:45:00-04:00,2026-08-09 11:00:00-04:00,0.0704492,0.070338,yes
KXDOGE15M-26AUG091045,Target Price: $0.0703073,2026-08-09 10:30:00-04:00,2026-08-09 10:45:00-04:00,0.0703380,0.070307,yes
KXDOGE15M-26AUG091030,Target Price: $0.0703565,2026-08-09 10:15:00-04:00,2026-08-09 10:30:00-04:00,0.0703073,0.070356,no
KXDOGE15M-26AUG091015,Target Price: $0.0702776,2026-08-09 10:00:00-04:00,2026-08-09 10:15:00-04:00,0.0703565,0.070277,yes
KXDOGE15M-26AUG091000,Target Price: $0.0703413,2026-08-09 09:45:00-04:00,2026-08-09 10:00:00-04:00,0.0702776,0.070341,no
KXDOGE15M-26AUG090945,Target Price: $0.0703455,2026-08-09 09:30:00-04:00,2026-08-09 09:45:00-04:00,0.0703413,0.070345,no
KXDOGE15M-26AUG090930,Target Price: $0.0702391,2026-08-09 09:15:00-04:00,2026-08-09 09:30:00-04:00,0.0703455,0.070239,yes
KXDOGE15M-26AUG090915,Target Price: $0.0701228,2026-08-09 09:00:00-04:00,2026-08-09 09:15:00-04:00,0.0702391,0.070122,yes
KXDOGE15M-26AUG090900,Target Price: $0.0701208,2026-08-09 08:45:00-04:00,2026-08-09 09:00:00-04:00,0.0701228,0.07012,yes
KXDOGE15M-26AUG090845,Target Price: $0.0701640,2026-08-09 08:30:00-04:00,2026-08-09 08:45:00-04:00,0.0701208,0.070164,no
KXDOGE15M-26AUG090830,Target Price: $0.0701618,2026-08-09 08:15:00-04:00,2026-08-09 08:30:00-04:00,0.0701640,0.070161,yes
KXDOGE15M-26AUG090815,Target Price: $0.0701398,2026-08-09 08:00:00-04:00,2026-08-09 08:15:00-04:00,0.0701618,0.070139,yes
KXDOGE15M-26AUG090800,Target Price: $0.0701746,2026-08-09 07:45:00-04:00,2026-08-09 08:00:00-04:00,0.0701398,0.070174,no
KXDOGE15M-26AUG090745,Target Price: $0.0701816,2026-08-09 07:30:00-04:00,2026-08-09 07:45:00-04:00,0.0701746,0.070181,no
KXDOGE15M-26AUG090730,Target Price: $0.0702233,2026-08-09 07:15:00-04:00,2026-08-09 07:30:00-04:00,0.0701816,0.070223,no
KXDOGE15M-26AUG090715,Target Price: $0.0701409,2026-08-09 07:00:00-04:00,2026-08-09 07:15:00-04:00,0.0702233,0.07014,yes
KXDOGE15M-26AUG090700,Target Price: $0.0701318,2026-08-09 06:45:00-04:00,2026-08-09 07:00:00-04:00,0.0701409,0.070131,yes
KXDOGE15M-26AUG090645,Target Price: $0.0701268,2026-08-09 06:30:00-04:00,2026-08-09 06:45:00-04:00,0.0701318,0.070126,yes
KXDOGE15M-26AUG090630,Target Price: $0.0701619,2026-08-09 06:15:00-04:00,2026-08-09 06:30:00-04:00,0.0701268,0.070161,no
KXDOGE15M-26AUG090615,Target Price: $0.0700890,2026-08-09 06:00:00-04:00,2026-08-09 06:15:00-04:00,0.0701619,0.070089,yes
KXDOGE15M-26AUG090600,Target Price: $0.0700377,2026-08-09 05:45:00-04:00,2026-08-09 06:00:00-04:00,0.0700890,0.070037,yes
KXDOGE15M-26AUG090545,Target Price: $0.0699938,2026-08-09 05:30:00-04:00,2026-08-09 05:45:00-04:00,0.0700377,0.069993,yes
KXDOGE15M-26AUG090530,Target Price: $0.0700794,2026-08-09 05:15:00-04:00,2026-08-09 05:30:00-04:00,0.0699938,0.070079,no
KXDOGE15M-26AUG090515,Target Price: $0.0700756,2026-08-09 05:00:00-04:00,2026-08-09 05:15:00-04:00,0.0700794,0.070075,yes
KXDOGE15M-26AUG090500,Target Price: $0.0699365,2026-08-09 04:45:00-04:00,2026-08-09 05:00:00-04:00,0.0700756,0.069936,yes
KXDOGE15M-26AUG090445,Target Price: $0.0701268,2026-08-09 04:30:00-04:00,2026-08-09 04:45:00-04:00,0.0699365,0.070126,no
KXDOGE15M-26AUG090430,Target Price: $0.0701303,2026-08-09 04:15:00-04:00,2026-08-09 04:30:00-04:00,0.0701268,0.07013,no
KXDOGE15M-26AUG090415,Target Price: $0.0701110,2026-08-09 04:00:00-04:00,2026-08-09 04:15:00-04:00,0.0701303,0.070111,yes
KXDOGE15M-26AUG090400,Target Price: $0.0701129,2026-08-09 03:45:00-04:00,2026-08-09 04:00:00-04:00,0.0701110,0.070112,no
KXDOGE15M-26AUG090345,Target Price: $0.0700898,2026-08-09 03:30:00-04:00,2026-08-09 03:45:00-04:00,0.0701129,0.070089,yes
KXDOGE15M-26AUG090330,Target Price: $0.0701018,2026-08-09 03:15:00-04:00,2026-08-09 03:30:00-04:00,0.0700898,0.070101,no
KXDOGE15M-26AUG090315,Target Price: $0.0701545,2026-08-09 03:00:00-04:00,2026-08-09 03:15:00-04:00,0.0701018,0.070154,no
KXDOGE15M-26AUG090300,Target Price: $0.0701325,2026-08-09 02:45:00-04:00,2026-08-09 03:00:00-04:00,0.0701545,0.070132,yes
KXDOGE15M-26AUG090245,Target Price: $0.0700378,2026-08-09 02:30:00-04:00,2026-08-09 02:45:00-04:00,0.0701325,0.070037,yes
KXDOGE15M-26AUG090230,Target Price: $0.0699680,2026-08-09 02:15:00-04:00,2026-08-09 02:30:00-04:00,0.0700378,0.069968,yes
KXDOGE15M-26AUG090215,Target Price: $0.0699779,2026-08-09 02:00:00-04:00,2026-08-09 02:15:00-04:00,0.0699680,0.069977,no
KXDOGE15M-26AUG090200,Target Price: $0.0698951,2026-08-09 01:45:00-04:00,2026-08-09 02:00:00-04:00,0.0699779,0.069895,yes
KXDOGE15M-26AUG090145,Target Price: $0.0698786,2026-08-09 01:30:00-04:00,2026-08-09 01:45:00-04:00,0.0698951,0.069878,yes
KXDOGE15M-26AUG090130,Target Price: $0.0699733,2026-08-09 01:15:00-04:00,2026-08-09 01:30:00-04:00,0.0698786,0.069973,no
KXDOGE15M-26AUG090115,Target Price: $0.0700136,2026-08-09 01:00:00-04:00,2026-08-09 01:15:00-04:00,0.0699733,0.070013,no
KXDOGE15M-26AUG090100,Target Price: $0.0700153,2026-08-09 00:45:00-04:00,2026-08-09 01:00:00-04:00,0.0700136,0.070015,no
KXDOGE15M-26AUG090045,Target Price: $0.0700589,2026-08-09 00:30:00-04:00,2026-08-09 00:45:00-04:00,0.0700153,0.070058,no
KXDOGE15M-26AUG090030,Target Price: $0.0700635,2026-08-09 00:15:00-04:00,2026-08-09 00:30:00-04:00,0.0700589,0.070063,no
KXDOGE15M-26AUG090015,Target Price: $0.0699759,2026-08-09 00:00:00-04:00,2026-08-09 00:15:00-04:00,0.0700635,0.069975,yes
KXDOGE15M-26AUG090000,Target Price: $0.0699763,2026-08-08 23:45:00-04:00,2026-08-09 00:00:00-04:00,0.0699759,0.069976,no
KXDOGE15M-26AUG082345,Target Price: $0.0700125,2026-08-08 23:30:00-04:00,2026-08-08 23:45:00-04:00,0.0699763,0.070012,no
KXDOGE15M-26AUG082330,Target Price: $0.0698407,2026-08-08 23:15:00-04:00,2026-08-08 23:30:00-04:00,0.0700125,0.06984,yes
KXDOGE15M-26AUG082315,Target Price: $0.0699617,2026-08-08 23:00:00-04:00,2026-08-08 23:15:00-04:00,0.0698407,0.069961,no
KXDOGE15M-26AUG082300,Target Price: $0.0699725,2026-08-08 22:45:00-04:00,2026-08-08 23:00:00-04:00,0.0699617,0.069972,no
KXDOGE15M-26AUG082245,Target Price: $0.0700396,2026-08-08 22:30:00-04:00,2026-08-08 22:45:00-04:00,0.0699725,0.070039,no
KXDOGE15M-26AUG082230,Target Price: $0.0699838,2026-08-08 22:15:00-04:00,2026-08-08 22:30:00-04:00,0.0700396,0.069983,yes
KXDOGE15M-26AUG082215,Target Price: $0.0699726,2026-08-08 22:00:00-04:00,2026-08-08 22:15:00-04:00,0.0699838,0.069972,yes
KXDOGE15M-26AUG082200,Target Price: $0.0700274,2026-08-08 21:45:00-04:00,2026-08-08 22:00:00-04:00,0.0699726,0.070027,no
KXDOGE15M-26AUG082145,Target Price: $0.0700278,2026-08-08 21:30:00-04:00,2026-08-08 21:45:00-04:00,0.0700274,0.070027,no
KXDOGE15M-26AUG082130,Target Price: $0.0702793,2026-08-08 21:15:00-04:00,2026-08-08 21:30:00-04:00,0.0700278,0.070279,no
KXDOGE15M-26AUG082115,Target Price: $0.0703587,2026-08-08 21:00:00-04:00,2026-08-08 21:15:00-04:00,0.0702793,0.070358,no
KXDOGE15M-26AUG082100,Target Price: $0.0703702,2026-08-08 20:45:00-04:00,2026-08-08 21:00:00-04:00,0.0703587,0.07037,no
KXDOGE15M-26AUG082045,Target Price: $0.0703026,2026-08-08 20:30:00-04:00,2026-08-08 20:45:00-04:00,0.0703702,0.070302,yes
KXDOGE15M-26AUG082030,Target Price: $0.0704013,2026-08-08 20:15:00-04:00,2026-08-08 20:30:00-04:00,0.0703026,0.070401,no
KXDOGE15M-26AUG082015,Target Price: $0.0703929,2026-08-08 20:00:00-04:00,2026-08-08 20:15:00-04:00,0.0704013,0.070392,yes
KXDOGE15M-26AUG082000,Target Price: $0.0704251,2026-08-08 19:45:00-04:00,2026-08-08 20:00:00-04:00,0.0703929,0.070425,no
KXDOGE15M-26AUG081945,Target Price: $0.0703180,2026-08-08 19:30:00-04:00,2026-08-08 19:45:00-04:00,0.0704251,0.070318,yes
KXDOGE15M-26AUG081930,Target Price: $0.0702880,2026-08-08 19:15:00-04:00,2026-08-08 19:30:00-04:00,0.0703180,0.070288,yes
KXDOGE15M-26AUG081915,Target Price: $0.0704804,2026-08-08 19:00:00-04:00,2026-08-08 19:15:00-04:00,0.0702880,0.07048,no
KXDOGE15M-26AUG081900,Target Price: $0.0705820,2026-08-08 18:45:00-04:00,2026-08-08 19:00:00-04:00,0.0704804,0.070582,no
KXDOGE15M-26AUG081845,Target Price: $0.0706572,2026-08-08 18:30:00-04:00,2026-08-08 18:45:00-04:00,0.0705820,0.070657,no
KXDOGE15M-26AUG081830,Target Price: $0.0707090,2026-08-08 18:15:00-04:00,2026-08-08 18:30:00-04:00,0.0706572,0.070709,no
KXDOGE15M-26AUG081815,Target Price: $0.0709058,2026-08-08 18:00:00-04:00,2026-08-08 18:15:00-04:00,0.0707090,0.070905,no
KXDOGE15M-26AUG081800,Target Price: $0.0709602,2026-08-08 17:45:00-04:00,2026-08-08 18:00:00-04:00,0.0709058,0.07096,no
KXDOGE15M-26AUG081745,Target Price: $0.0710158,2026-08-08 17:30:00-04:00,2026-08-08 17:45:00-04:00,0.0709602,0.071015,no
KXDOGE15M-26AUG081730,Target Price: $0.0709337,2026-08-08 17:15:00-04:00,2026-08-08 17:30:00-04:00,0.0710158,0.070933,yes
KXDOGE15M-26AUG081715,Target Price: $0.0709745,2026-08-08 17:00:00-04:00,2026-08-08 17:15:00-04:00,0.0709337,0.070974,no
KXDOGE15M-26AUG081700,Target Price: $0.0709806,2026-08-08 16:45:00-04:00,2026-08-08 17:00:00-04:00,0.0709745,0.07098,no
KXDOGE15M-26AUG081645,Target Price: $0.0709878,2026-08-08 16:30:00-04:00,2026-08-08 16:45:00-04:00,0.0709806,0.070987,no
KXDOGE15M-26AUG081630,Target Price: $0.0710050,2026-08-08 16:15:00-04:00,2026-08-08 16:30:00-04:00,0.0709878,0.071005,no
KXDOGE15M-26AUG081615,Target Price: $0.0709408,2026-08-08 16:00:00-04:00,2026-08-08 16:15:00-04:00,0.0710050,0.07094,yes
KXDOGE15M-26AUG081600,Target Price: $0.0709570,2026-08-08 15:45:00-04:00,2026-08-08 16:00:00-04:00,0.0709408,0.070957,no
KXDOGE15M-26AUG081545,Target Price: $0.0708726,2026-08-08 15:30:00-04:00,2026-08-08 15:45:00-04:00,0.0709570,0.070872,yes
KXDOGE15M-26AUG081530,Target Price: $0.0709232,2026-08-08 15:15:00-04:00,2026-08-08 15:30:00-04:00,0.0708726,0.070923,no
KXDOGE15M-26AUG081515,Target Price: $0.0708925,2026-08-08 15:00:00-04:00,2026-08-08 15:15:00-04:00,0.0709232,0.070892,yes
KXDOGE15M-26AUG081500,Target Price: $0.0709812,2026-08-08 14:45:00-04:00,2026-08-08 15:00:00-04:00,0.0708925,0.070981,no
KXDOGE15M-26AUG081445,Target Price: $0.0709380,2026-08-08 14:30:00-04:00,2026-08-08 14:45:00-04:00,0.0709812,0.070938,yes
KXDOGE15M-26AUG081430,Target Price: $0.0712219,2026-08-08 14:15:00-04:00,2026-08-08 14:30:00-04:00,0.0709380,0.071221,no
KXDOGE15M-26AUG081415,Target Price: $0.0711979,2026-08-08 14:00:00-04:00,2026-08-08 14:15:00-04:00,0.0712219,0.071197,yes
KXDOGE15M-26AUG081400,Target Price: $0.0713022,2026-08-08 13:45:00-04:00,2026-08-08 14:00:00-04:00,0.0711979,0.071302,no
KXDOGE15M-26AUG081345,Target Price: $0.0712387,2026-08-08 13:30:00-04:00,2026-08-08 13:45:00-04:00,0.0713022,0.071238,yes
KXDOGE15M-26AUG081330,Target Price: $0.0711716,2026-08-08 13:15:00-04:00,2026-08-08 13:30:00-04:00,0.0712387,0.071171,yes
KXDOGE15M-26AUG081315,Target Price: $0.0711680,2026-08-08 13:00:00-04:00,2026-08-08 13:15:00-04:00,0.0711716,0.071168,yes
KXDOGE15M-26AUG081300,Target Price: $0.0710514,2026-08-08 12:45:00-04:00,2026-08-08 13:00:00-04:00,0.0711680,0.071051,yes
KXDOGE15M-26AUG081245,Target Price: $0.0712855,2026-08-08 12:30:00-04:00,2026-08-08 12:45:00-04:00,0.0710514,0.071285,no
KXDOGE15M-26AUG081230,Target Price: $0.0713018,2026-08-08 12:15:00-04:00,2026-08-08 12:30:00-04:00,0.0712855,0.071301,no
KXDOGE15M-26AUG081215,Target Price: $0.0711263,2026-08-08 12:00:00-04:00,2026-08-08 12:15:00-04:00,0.0713018,0.071126,yes
KXDOGE15M-26AUG081200,Target Price: $0.0709727,2026-08-08 11:45:00-04:00,2026-08-08 12:00:00-04:00,0.0711263,0.070972,yes
KXDOGE15M-26AUG081145,Target Price: $0.0709900,2026-08-08 11:30:00-04:00,2026-08-08 11:45:00-04:00,0.0709727,0.07099,no
KXDOGE15M-26AUG081130,Target Price: $0.0710772,2026-08-08 11:15:00-04:00,2026-08-08 11:30:00-04:00,0.0709900,0.071077,no
KXDOGE15M-26AUG081115,Target Price: $0.0712256,2026-08-08 11:00:00-04:00,2026-08-08 11:15:00-04:00,0.0710772,0.071225,no
KXDOGE15M-26AUG081100,Target Price: $0.0710130,2026-08-08 10:45:00-04:00,2026-08-08 11:00:00-04:00,0.0712256,0.071013,yes
KXDOGE15M-26AUG081045,Target Price: $0.0708114,2026-08-08 10:30:00-04:00,2026-08-08 10:45:00-04:00,0.0710130,0.070811,yes
KXDOGE15M-26AUG081030,Target Price: $0.0704685,2026-08-08 10:15:00-04:00,2026-08-08 10:30:00-04:00,0.0708114,0.070468,yes
KXDOGE15M-26AUG081015,Target Price: $0.0704681,2026-08-08 10:00:00-04:00,2026-08-08 10:15:00-04:00,0.0704685,0.070468,yes
KXDOGE15M-26AUG081000,Target Price: $0.0705430,2026-08-08 09:45:00-04:00,2026-08-08 10:00:00-04:00,0.0704681,0.070543,no
KXDOGE15M-26AUG080945,Target Price: $0.0705026,2026-08-08 09:30:00-04:00,2026-08-08 09:45:00-04:00,0.0705430,0.070502,yes
KXDOGE15M-26AUG080930,Target Price: $0.0704291,2026-08-08 09:15:00-04:00,2026-08-08 09:30:00-04:00,0.0705026,0.070429,yes
KXDOGE15M-26AUG080915,Target Price: $0.0703989,2026-08-08 09:00:00-04:00,2026-08-08 09:15:00-04:00,0.0704291,0.070398,yes
KXDOGE15M-26AUG080900,Target Price: $0.0704223,2026-08-08 08:45:00-04:00,2026-08-08 09:00:00-04:00,0.0703989,0.070422,no
KXDOGE15M-26AUG080845,Target Price: $0.0703683,2026-08-08 08:30:00-04:00,2026-08-08 08:45:00-04:00,0.0704223,0.070368,yes
KXDOGE15M-26AUG080830,Target Price: $0.0704275,2026-08-08 08:15:00-04:00,2026-08-08 08:30:00-04:00,0.0703683,0.070427,no
KXDOGE15M-26AUG080815,Target Price: $0.0704041,2026-08-08 08:00:00-04:00,2026-08-08 08:15:00-04:00,0.0704275,0.070404,yes
KXDOGE15M-26AUG080800,Target Price: $0.0702851,2026-08-08 07:45:00-04:00,2026-08-08 08:00:00-04:00,0.0704041,0.070285,yes
KXDOGE15M-26AUG080745,Target Price: $0.0703842,2026-08-08 07:30:00-04:00,2026-08-08 07:45:00-04:00,0.0702851,0.070384,no
KXDOGE15M-26AUG080730,Target Price: $0.0704173,2026-08-08 07:15:00-04:00,2026-08-08 07:30:00-04:00,0.0703842,0.070417,no
KXDOGE15M-26AUG080715,Target Price: $0.0703678,2026-08-08 07:00:00-04:00,2026-08-08 07:15:00-04:00,0.0704173,0.070367,yes
KXDOGE15M-26AUG080700,Target Price: $0.0702650,2026-08-08 06:45:00-04:00,2026-08-08 07:00:00-04:00,0.0703678,0.070265,yes
KXDOGE15M-26AUG080645,Target Price: $0.0702861,2026-08-08 06:30:00-04:00,2026-08-08 06:45:00-04:00,0.0702650,0.070286,no
KXDOGE15M-26AUG080630,Target Price: $0.0702972,2026-08-08 06:15:00-04:00,2026-08-08 06:30:00-04:00,0.0702861,0.070297,no
KXDOGE15M-26AUG080615,Target Price: $0.0703282,2026-08-08 06:00:00-04:00,2026-08-08 06:15:00-04:00,0.0702972,0.070328,no
KXDOGE15M-26AUG080600,Target Price: $0.0703034,2026-08-08 05:45:00-04:00,2026-08-08 06:00:00-04:00,0.0703282,0.070303,yes
KXDOGE15M-26AUG080545,Target Price: $0.0704412,2026-08-08 05:30:00-04:00,2026-08-08 05:45:00-04:00,0.0703034,0.070441,no
KXDOGE15M-26AUG080530,Target Price: $0.0703409,2026-08-08 05:15:00-04:00,2026-08-08 05:30:00-04:00,0.0704412,0.07034,yes
KXDOGE15M-26AUG080515,Target Price: $0.0703559,2026-08-08 05:00:00-04:00,2026-08-08 05:15:00-04:00,0.0703409,0.070355,no
KXDOGE15M-26AUG080500,Target Price: $0.0702420,2026-08-08 04:45:00-04:00,2026-08-08 05:00:00-04:00,0.0703559,0.070242,yes
KXDOGE15M-26AUG080445,Target Price: $0.0701541,2026-08-08 04:30:00-04:00,2026-08-08 04:45:00-04:00,0.0702420,0.070154,yes
KXDOGE15M-26AUG080430,Target Price: $0.0701878,2026-08-08 04:15:00-04:00,2026-08-08 04:30:00-04:00,0.0701541,0.070187,no
KXDOGE15M-26AUG080415,Target Price: $0.0702131,2026-08-08 04:00:00-04:00,2026-08-08 04:15:00-04:00,0.0701878,0.070213,no
KXDOGE15M-26AUG080400,Target Price: $0.0702009,2026-08-08 03:45:00-04:00,2026-08-08 04:00:00-04:00,0.0702131,0.0702,yes
KXDOGE15M-26AUG080345,Target Price: $0.0702549,2026-08-08 03:30:00-04:00,2026-08-08 03:45:00-04:00,0.0702009,0.070254,no
KXDOGE15M-26AUG080330,Target Price: $0.0702541,2026-08-08 03:15:00-04:00,2026-08-08 03:30:00-04:00,0.0702549,0.070254,yes
KXDOGE15M-26AUG080315,Target Price: $0.0703261,2026-08-08 03:00:00-04:00,2026-08-08 03:15:00-04:00,0.0702541,0.070326,no
KXDOGE15M-26AUG080300,Target Price: $0.0702816,2026-08-08 02:45:00-04:00,2026-08-08 03:00:00-04:00,0.0703261,0.070281,yes
KXDOGE15M-26AUG080245,Target Price: $0.0702383,2026-08-08 02:30:00-04:00,2026-08-08 02:45:00-04:00,0.0702816,0.070238,yes
KXDOGE15M-26AUG080230,Target Price: $0.0702055,2026-08-08 02:15:00-04:00,2026-08-08 02:30:00-04:00,0.0702383,0.070205,yes
KXDOGE15M-26AUG080215,Target Price: $0.0701659,2026-08-08 02:00:00-04:00,2026-08-08 02:15:00-04:00,0.0702055,0.070165,yes
KXDOGE15M-26AUG080200,Target Price: $0.0701604,2026-08-08 01:45:00-04:00,2026-08-08 02:00:00-04:00,0.0701659,0.07016,yes
KXDOGE15M-26AUG080145,Target Price: $0.0700698,2026-08-08 01:30:00-04:00,2026-08-08 01:45:00-04:00,0.0701604,0.070069,yes
KXDOGE15M-26AUG080130,Target Price: $0.0701143,2026-08-08 01:15:00-04:00,2026-08-08 01:30:00-04:00,0.0700698,0.070114,no
KXDOGE15M-26AUG080115,Target Price: $0.0700613,2026-08-08 01:00:00-04:00,2026-08-08 01:15:00-04:00,0.0701143,0.070061,yes
KXDOGE15M-26AUG080100,Target Price: $0.0701531,2026-08-08 00:45:00-04:00,2026-08-08 01:00:00-04:00,0.0700613,0.070153,no
KXDOGE15M-26AUG080045,Target Price: $0.0700989,2026-08-08 00:30:00-04:00,2026-08-08 00:45:00-04:00,0.0701531,0.070098,yes
KXDOGE15M-26AUG080030,Target Price: $0.0701174,2026-08-08 00:15:00-04:00,2026-08-08 00:30:00-04:00,0.0700989,0.070117,no
KXDOGE15M-26AUG080015,Target Price: $0.0702862,2026-08-08 00:00:00-04:00,2026-08-08 00:15:00-04:00,0.0701174,0.070286,no
KXDOGE15M-26AUG080000,Target Price: $0.0701777,2026-08-07 23:45:00-04:00,2026-08-08 00:00:00-04:00,0.0702862,0.070177,yes
KXDOGE15M-26AUG072345,Target Price: $0.0700078,2026-08-07 23:30:00-04:00,2026-08-07 23:45:00-04:00,0.0701777,0.070007,yes
KXDOGE15M-26AUG072330,Target Price: $0.0699412,2026-08-07 23:15:00-04:00,2026-08-07 23:30:00-04:00,0.0700078,0.069941,yes
KXDOGE15M-26AUG072315,Target Price: $0.0698594,2026-08-07 23:00:00-04:00,2026-08-07 23:15:00-04:00,0.0699412,0.069859,yes
KXDOGE15M-26AUG072300,Target Price: $0.0699159,2026-08-07 22:45:00-04:00,2026-08-07 23:00:00-04:00,0.0698594,0.069915,no
KXDOGE15M-26AUG072245,Target Price: $0.0699020,2026-08-07 22:30:00-04:00,2026-08-07 22:45:00-04:00,0.0699159,0.069902,yes
KXDOGE15M-26AUG072230,Target Price: $0.0699160,2026-08-07 22:15:00-04:00,2026-08-07 22:30:00-04:00,0.0699020,0.069916,no
KXDOGE15M-26AUG072215,Target Price: $0.0699161,2026-08-07 22:00:00-04:00,2026-08-07 22:15:00-04:00,0.0699160,0.069916,no
KXDOGE15M-26AUG072200,Target Price: $0.0699524,2026-08-07 21:45:00-04:00,2026-08-07 22:00:00-04:00,0.0699161,0.069952,no
KXDOGE15M-26AUG072145,Target Price: $0.0698734,2026-08-07 21:30:00-04:00,2026-08-07 21:45:00-04:00,0.0699524,0.069873,yes
KXDOGE15M-26AUG072130,Target Price: $0.0698284,2026-08-07 21:15:00-04:00,2026-08-07 21:30:00-04:00,0.0698734,0.069828,yes
KXDOGE15M-26AUG072115,Target Price: $0.0697178,2026-08-07 21:00:00-04:00,2026-08-07 21:15:00-04:00,0.0698284,0.069717,yes
KXDOGE15M-26AUG072100,Target Price: $0.0697806,2026-08-07 20:45:00-04:00,2026-08-07 21:00:00-04:00,0.0697178,0.06978,no
KXDOGE15M-26AUG072045,Target Price: $0.0697098,2026-08-07 20:30:00-04:00,2026-08-07 20:45:00-04:00,0.0697806,0.069709,yes
KXDOGE15M-26AUG072030,Target Price: $0.0696785,2026-08-07 20:15:00-04:00,2026-08-07 20:30:00-04:00,0.0697098,0.069678,yes
KXDOGE15M-26AUG072015,Target price: TBD,2026-08-07 20:00:00-04:00,2026-08-07 20:15:00-04:00,0.0696785,,yes
KXDOGE15M-26AUG072000,Target Price: $0.0696842,2026-08-07 19:45:00-04:00,2026-08-07 20:00:00-04:00,0.0696241,0.069684,no
KXDOGE15M-26AUG071945,Target Price: $0.0696559,2026-08-07 19:30:00-04:00,2026-08-07 19:45:00-04:00,0.0696842,0.069655,yes
KXDOGE15M-26AUG071930,Target Price: $0.0697236,2026-08-07 19:15:00-04:00,2026-08-07 19:30:00-04:00,0.0696559,0.069723,no
KXDOGE15M-26AUG071915,Target Price: $0.0696230,2026-08-07 19:00:00-04:00,2026-08-07 19:15:00-04:00,0.0697236,0.069623,yes
KXDOGE15M-26AUG071900,Target Price: $0.0695996,2026-08-07 18:45:00-04:00,2026-08-07 19:00:00-04:00,0.0696230,0.069599,yes
KXDOGE15M-26AUG071845,Target Price: $0.0697296,2026-08-07 18:30:00-04:00,2026-08-07 18:45:00-04:00,0.0695996,0.069729,no
KXDOGE15M-26AUG071830,Target Price: $0.0697259,2026-08-07 18:15:00-04:00,2026-08-07 18:30:00-04:00,0.0697296,0.069725,yes
KXDOGE15M-26AUG071815,Target Price: $0.0696785,2026-08-07 18:00:00-04:00,2026-08-07 18:15:00-04:00,0.0697259,0.069678,yes
KXDOGE15M-26AUG071800,Target Price: $0.0697843,2026-08-07 17:45:00-04:00,2026-08-07 18:00:00-04:00,0.0696785,0.069784,no
KXDOGE15M-26AUG071745,Target Price: $0.0697685,2026-08-07 17:30:00-04:00,2026-08-07 17:45:00-04:00,0.0697843,0.069768,yes
KXDOGE15M-26AUG071730,Target Price: $0.0697656,2026-08-07 17:15:00-04:00,2026-08-07 17:30:00-04:00,0.0697685,0.069765,yes
KXDOGE15M-26AUG071715,Target Price: $0.0697094,2026-08-07 17:00:00-04:00,2026-08-07 17:15:00-04:00,0.0697656,0.069709,yes
KXDOGE15M-26AUG071700,Target Price: $0.0697287,2026-08-07 16:45:00-04:00,2026-08-07 17:00:00-04:00,0.0697094,0.069728,no
KXDOGE15M-26AUG071645,Target Price: $0.0697798,2026-08-07 16:30:00-04:00,2026-08-07 16:45:00-04:00,0.0697287,0.069779,no
KXDOGE15M-26AUG071630,Target Price: $0.0698220,2026-08-07 16:15:00-04:00,2026-08-07 16:30:00-04:00,0.0697798,0.069822,no
KXDOGE15M-26AUG071615,Target Price: $0.0698182,2026-08-07 16:00:00-04:00,2026-08-07 16:15:00-04:00,0.0698220,0.069818,yes
KXDOGE15M-26AUG071600,Target Price: $0.0698329,2026-08-07 15:45:00-04:00,2026-08-07 16:00:00-04:00,0.0698182,0.069832,no
KXDOGE15M-26AUG071545,Target Price: $0.0698384,2026-08-07 15:30:00-04:00,2026-08-07 15:45:00-04:00,0.0698329,0.069838,no
KXDOGE15M-26AUG071530,Target Price: $0.0698200,2026-08-07 15:15:00-04:00,2026-08-07 15:30:00-04:00,0.0698384,0.06982,yes
KXDOGE15M-26AUG071515,Target Price: $0.0696076,2026-08-07 15:00:00-04:00,2026-08-07 15:15:00-04:00,0.0698200,0.069607,yes
KXDOGE15M-26AUG071500,Target Price: $0.0695066,2026-08-07 14:45:00-04:00,2026-08-07 15:00:00-04:00,0.0696076,0.069506,yes
KXDOGE15M-26AUG071445,Target Price: $0.0696788,2026-08-07 14:30:00-04:00,2026-08-07 14:45:00-04:00,0.0695066,0.069678,no
KXDOGE15M-26AUG071430,Target Price: $0.0697518,2026-08-07 14:15:00-04:00,2026-08-07 14:30:00-04:00,0.0696788,0.069751,no
KXDOGE15M-26AUG071415,Target Price: $0.0696146,2026-08-07 14:00:00-04:00,2026-08-07 14:15:00-04:00,0.0697518,0.069614,yes
KXDOGE15M-26AUG071400,Target Price: $0.0696213,2026-08-07 13:45:00-04:00,2026-08-07 14:00:00-04:00,0.0696146,0.069621,no
KXDOGE15M-26AUG071345,Target Price: $0.0694804,2026-08-07 13:30:00-04:00,2026-08-07 13:45:00-04:00,0.0696213,0.06948,yes
KXDOGE15M-26AUG071330,Target Price: $0.0694711,2026-08-07 13:15:00-04:00,2026-08-07 13:30:00-04:00,0.0694804,0.069471,yes
KXDOGE15M-26AUG071315,Target Price: $0.0696342,2026-08-07 13:00:00-04:00,2026-08-07 13:15:00-04:00,0.0694711,0.069634,no
KXDOGE15M-26AUG071300,Target Price: $0.0699962,2026-08-07 12:45:00-04:00,2026-08-07 13:00:00-04:00,0.0696342,0.069996,no
KXDOGE15M-26AUG071245,Target Price: $0.0698583,2026-08-07 12:30:00-04:00,2026-08-07 12:45:00-04:00,0.0699962,0.069858,yes
KXDOGE15M-26AUG071230,Target Price: $0.0700815,2026-08-07 12:15:00-04:00,2026-08-07 12:30:00-04:00,0.0698583,0.070081,no
KXDOGE15M-26AUG071215,Target Price: $0.0699046,2026-08-07 12:00:00-04:00,2026-08-07 12:15:00-04:00,0.0700815,0.069904,yes
KXDOGE15M-26AUG071200,Target Price: $0.0699257,2026-08-07 11:45:00-04:00,2026-08-07 12:00:00-04:00,0.0699046,0.069925,no
KXDOGE15M-26AUG071145,Target Price: $0.0697861,2026-08-07 11:30:00-04:00,2026-08-07 11:45:00-04:00,0.0699257,0.069786,yes
KXDOGE15M-26AUG071130,Target Price: $0.0697550,2026-08-07 11:15:00-04:00,2026-08-07 11:30:00-04:00,0.0697861,0.069755,yes
KXDOGE15M-26AUG071115,Target Price: $0.0696973,2026-08-07 11:00:00-04:00,2026-08-07 11:15:00-04:00,0.0697550,0.069697,yes
KXDOGE15M-26AUG071100,Target Price: $0.0698807,2026-08-07 10:45:00-04:00,2026-08-07 11:00:00-04:00,0.0696973,0.06988,no
KXDOGE15M-26AUG071045,Target Price: $0.0700822,2026-08-07 10:30:00-04:00,2026-08-07 10:45:00-04:00,0.0698807,0.070082,no
KXDOGE15M-26AUG071030,Target Price: $0.0697945,2026-08-07 10:15:00-04:00,2026-08-07 10:30:00-04:00,0.0700822,0.069794,yes
KXDOGE15M-26AUG071015,Target Price: $0.0699709,2026-08-07 10:00:00-04:00,2026-08-07 10:15:00-04:00,0.0697945,0.06997,no
KXDOGE15M-26AUG071000,Target Price: $0.0701255,2026-08-07 09:45:00-04:00,2026-08-07 10:00:00-04:00,0.0699709,0.070125,no
KXDOGE15M-26AUG070945,Target Price: $0.0699372,2026-08-07 09:30:00-04:00,2026-08-07 09:45:00-04:00,0.0701255,0.069937,yes
KXDOGE15M-26AUG070930,Target Price: $0.0699629,2026-08-07 09:15:00-04:00,2026-08-07 09:30:00-04:00,0.0699372,0.069962,no
KXDOGE15M-26AUG070915,Target Price: $0.0700118,2026-08-07 09:00:00-04:00,2026-08-07 09:15:00-04:00,0.0699629,0.070011,no
KXDOGE15M-26AUG070900,Target Price: $0.0699316,2026-08-07 08:45:00-04:00,2026-08-07 09:00:00-04:00,0.0700118,0.069931,yes
KXDOGE15M-26AUG070845,Target Price: $0.0699246,2026-08-07 08:30:00-04:00,2026-08-07 08:45:00-04:00,0.0699316,0.069924,yes
KXDOGE15M-26AUG070830,Target Price: $0.0698523,2026-08-07 08:15:00-04:00,2026-08-07 08:30:00-04:00,0.0699246,0.069852,yes
KXDOGE15M-26AUG070815,Target price: TBD,2026-08-07 08:00:00-04:00,2026-08-07 08:15:00-04:00,0.0698523,,yes
KXDOGE15M-26AUG070800,Target Price: $0.0695425,2026-08-07 07:45:00-04:00,2026-08-07 08:00:00-04:00,0.0695443,0.069542,yes
KXDOGE15M-26AUG070745,Target price: TBD,2026-08-07 07:30:00-04:00,2026-08-07 07:45:00-04:00,0.0695425,,no
KXDOGE15M-26AUG070730,Target Price: $0.0694714,2026-08-07 07:15:00-04:00,2026-08-07 07:30:00-04:00,0.0695989,0.069471,yes
KXDOGE15M-26AUG070715,Target Price: $0.0694276,2026-08-07 07:00:00-04:00,2026-08-07 07:15:00-04:00,0.0694714,0.069427,yes
KXDOGE15M-26AUG070700,Target Price: $0.0694531,2026-08-07 06:45:00-04:00,2026-08-07 07:00:00-04:00,0.0694276,0.069453,no
KXDOGE15M-26AUG070645,Target Price: $0.0695225,2026-08-07 06:30:00-04:00,2026-08-07 06:45:00-04:00,0.0694531,0.069522,no
KXDOGE15M-26AUG070630,Target Price: $0.0695512,2026-08-07 06:15:00-04:00,2026-08-07 06:30:00-04:00,0.0695225,0.069551,no
KXDOGE15M-26AUG070615,Target Price: $0.0695089,2026-08-07 06:00:00-04:00,2026-08-07 06:15:00-04:00,0.0695512,0.069508,yes
KXDOGE15M-26AUG070600,Target Price: $0.0695009,2026-08-07 05:45:00-04:00,2026-08-07 06:00:00-04:00,0.0695089,0.0695,yes
KXDOGE15M-26AUG070545,Target Price: $0.0694531,2026-08-07 05:30:00-04:00,2026-08-07 05:45:00-04:00,0.0695009,0.069453,yes
KXDOGE15M-26AUG070530,Target Price: $0.0693957,2026-08-07 05:15:00-04:00,2026-08-07 05:30:00-04:00,0.0694531,0.069395,yes
KXDOGE15M-26AUG070515,Target Price: $0.0693377,2026-08-07 05:00:00-04:00,2026-08-07 05:15:00-04:00,0.0693957,0.069337,yes
KXDOGE15M-26AUG070500,Target Price: $0.0694278,2026-08-07 04:45:00-04:00,2026-08-07 05:00:00-04:00,0.0693377,0.069427,no
KXDOGE15M-26AUG070445,Target Price: $0.0693335,2026-08-07 04:30:00-04:00,2026-08-07 04:45:00-04:00,0.0694278,0.069333,yes
KXDOGE15M-26AUG070430,Target Price: $0.0693441,2026-08-07 04:15:00-04:00,2026-08-07 04:30:00-04:00,0.0693335,0.069344,no
KXDOGE15M-26AUG070415,Target Price: $0.0692373,2026-08-07 04:00:00-04:00,2026-08-07 04:15:00-04:00,0.0693441,0.069237,yes
KXDOGE15M-26AUG070400,Target Price: $0.0691861,2026-08-07 03:45:00-04:00,2026-08-07 04:00:00-04:00,0.0692373,0.069186,yes
KXDOGE15M-26AUG070345,Target Price: $0.0692001,2026-08-07 03:30:00-04:00,2026-08-07 03:45:00-04:00,0.0691861,0.0692,no
KXDOGE15M-26AUG070330,Target Price: $0.0692196,2026-08-07 03:15:00-04:00,2026-08-07 03:30:00-04:00,0.0692001,0.069219,no
KXDOGE15M-26AUG070315,Target Price: $0.0691381,2026-08-07 03:00:00-04:00,2026-08-07 03:15:00-04:00,0.0692196,0.069138,yes
KXDOGE15M-26AUG070300,Target Price: $0.0691023,2026-08-07 02:45:00-04:00,2026-08-07 03:00:00-04:00,0.0691381,0.069102,yes
KXDOGE15M-26AUG070245,Target Price: $0.0692968,2026-08-07 02:30:00-04:00,2026-08-07 02:45:00-04:00,0.0691023,0.069296,no
KXDOGE15M-26AUG070230,Target Price: $0.0692594,2026-08-07 02:15:00-04:00,2026-08-07 02:30:00-04:00,0.0692968,0.069259,yes
KXDOGE15M-26AUG070215,Target Price: $0.0691576,2026-08-07 02:00:00-04:00,2026-08-07 02:15:00-04:00,0.0692594,0.069157,yes
KXDOGE15M-26AUG070200,Target Price: $0.0689937,2026-08-07 01:45:00-04:00,2026-08-07 02:00:00-04:00,0.0691576,0.068993,yes
KXDOGE15M-26AUG070145,Target Price: $0.0689567,2026-08-07 01:30:00-04:00,2026-08-07 01:45:00-04:00,0.0689937,0.068956,yes
KXDOGE15M-26AUG070130,Target Price: $0.0690320,2026-08-07 01:15:00-04:00,2026-08-07 01:30:00-04:00,0.0689567,0.069032,no
KXDOGE15M-26AUG070115,Target Price: $0.0689695,2026-08-07 01:00:00-04:00,2026-08-07 01:15:00-04:00,0.0690320,0.068969,yes
KXDOGE15M-26AUG070100,Target Price: $0.0690289,2026-08-07 00:45:00-04:00,2026-08-07 01:00:00-04:00,0.0689695,0.069028,no
KXDOGE15M-26AUG070045,Target Price: $0.0690333,2026-08-07 00:30:00-04:00,2026-08-07 00:45:00-04:00,0.0690289,0.069033,no
KXDOGE15M-26AUG070030,Target Price: $0.0689769,2026-08-07 00:15:00-04:00,2026-08-07 00:30:00-04:00,0.0690333,0.068976,yes
KXDOGE15M-26AUG070015,Target Price: $0.0690011,2026-08-07 00:00:00-04:00,2026-08-07 00:15:00-04:00,0.0689769,0.069001,no
KXDOGE15M-26AUG070000,Target Price: $0.0691348,2026-08-06 23:45:00-04:00,2026-08-07 00:00:00-04:00,0.0690011,0.069134,no
KXDOGE15M-26AUG062345,Target Price: $0.0691948,2026-08-06 23:30:00-04:00,2026-08-06 23:45:00-04:00,0.0691348,0.069194,no
KXDOGE15M-26AUG062330,Target Price: $0.0692752,2026-08-06 23:15:00-04:00,2026-08-06 23:30:00-04:00,0.0691948,0.069275,no
KXDOGE15M-26AUG062315,Target Price: $0.0692210,2026-08-06 23:00:00-04:00,2026-08-06 23:15:00-04:00,0.0692752,0.069221,yes
KXDOGE15M-26AUG062300,Target Price: $0.0691282,2026-08-06 22:45:00-04:00,2026-08-06 23:00:00-04:00,0.0692210,0.069128,yes
KXDOGE15M-26AUG062245,Target Price: $0.0691772,2026-08-06 22:30:00-04:00,2026-08-06 22:45:00-04:00,0.0691282,0.069177,no
KXDOGE15M-26AUG062230,Target Price: $0.0692694,2026-08-06 22:15:00-04:00,2026-08-06 22:30:00-04:00,0.0691772,0.069269,no
KXDOGE15M-26AUG062215,Target Price: $0.0692249,2026-08-06 22:00:00-04:00,2026-08-06 22:15:00-04:00,0.0692694,0.069224,yes
KXDOGE15M-26AUG062200,Target Price: $0.0691356,2026-08-06 21:45:00-04:00,2026-08-06 22:00:00-04:00,0.0692249,0.069135,yes
KXDOGE15M-26AUG062145,Target Price: $0.0692989,2026-08-06 21:30:00-04:00,2026-08-06 21:45:00-04:00,0.0691356,0.069298,no
KXDOGE15M-26AUG062130,Target Price: $0.0692608,2026-08-06 21:15:00-04:00,2026-08-06 21:30:00-04:00,0.0692989,0.06926,yes
KXDOGE15M-26AUG062115,Target Price: $0.0691866,2026-08-06 21:00:00-04:00,2026-08-06 21:15:00-04:00,0.0692608,0.069186,yes
KXDOGE15M-26AUG062100,Target Price: $0.0691218,2026-08-06 20:45:00-04:00,2026-08-06 21:00:00-04:00,0.0691866,0.069121,yes
KXDOGE15M-26AUG062045,Target Price: $0.0690401,2026-08-06 20:30:00-04:00,2026-08-06 20:45:00-04:00,0.0691218,0.06904,yes
KXDOGE15M-26AUG062030,Target Price: $0.0690321,2026-08-06 20:15:00-04:00,2026-08-06 20:30:00-04:00,0.0690401,0.069032,yes
KXDOGE15M-26AUG062015,Target Price: $0.0690261,2026-08-06 20:00:00-04:00,2026-08-06 20:15:00-04:00,0.0690321,0.069026,yes
KXDOGE15M-26AUG062000,Target Price: $0.0688563,2026-08-06 19:45:00-04:00,2026-08-06 20:00:00-04:00,0.0690261,0.068856,yes
KXDOGE15M-26AUG061945,Target Price: $0.0688610,2026-08-06 19:30:00-04:00,2026-08-06 19:45:00-04:00,0.0688563,0.068861,no
KXDOGE15M-26AUG061930,Target Price: $0.0689624,2026-08-06 19:15:00-04:00,2026-08-06 19:30:00-04:00,0.0688610,0.068962,no
KXDOGE15M-26AUG061915,Target Price: $0.0689623,2026-08-06 19:00:00-04:00,2026-08-06 19:15:00-04:00,0.0689624,0.068962,yes
KXDOGE15M-26AUG061900,Target Price: $0.0688875,2026-08-06 18:45:00-04:00,2026-08-06 19:00:00-04:00,0.0689623,0.068887,yes
KXDOGE15M-26AUG061845,Target Price: $0.0688882,2026-08-06 18:30:00-04:00,2026-08-06 18:45:00-04:00,0.0688875,0.068888,no
KXDOGE15M-26AUG061830,Target Price: $0.0690518,2026-08-06 18:15:00-04:00,2026-08-06 18:30:00-04:00,0.0688882,0.069051,no
KXDOGE15M-26AUG061815,Target Price: $0.0690496,2026-08-06 18:00:00-04:00,2026-08-06 18:15:00-04:00,0.0690518,0.069049,yes
KXDOGE15M-26AUG061800,Target Price: $0.0689869,2026-08-06 17:45:00-04:00,2026-08-06 18:00:00-04:00,0.0690496,0.068986,yes
KXDOGE15M-26AUG061745,Target Price: $0.0689770,2026-08-06 17:30:00-04:00,2026-08-06 17:45:00-04:00,0.0689869,0.068977,yes
KXDOGE15M-26AUG061730,Target Price: $0.0690344,2026-08-06 17:15:00-04:00,2026-08-06 17:30:00-04:00,0.0689770,0.069034,no
KXDOGE15M-26AUG061715,Target Price: $0.0688745,2026-08-06 17:00:00-04:00,2026-08-06 17:15:00-04:00,0.0690344,0.068874,yes
KXDOGE15M-26AUG061700,Target Price: $0.0689027,2026-08-06 16:45:00-04:00,2026-08-06 17:00:00-04:00,0.0688745,0.068902,no
KXDOGE15M-26AUG061645,Target Price: $0.0687360,2026-08-06 16:30:00-04:00,2026-08-06 16:45:00-04:00,0.0689027,0.068736,yes
KXDOGE15M-26AUG061630,Target Price: $0.0687807,2026-08-06 16:15:00-04:00,2026-08-06 16:30:00-04:00,0.0687360,0.06878,no
KXDOGE15M-26AUG061615,Target Price: $0.0687215,2026-08-06 16:00:00-04:00,2026-08-06 16:15:00-04:00,0.0687807,0.068721,yes
KXDOGE15M-26AUG061600,Target Price: $0.0687647,2026-08-06 15:45:00-04:00,2026-08-06 16:00:00-04:00,0.0687215,0.068764,no
KXDOGE15M-26AUG061545,Target Price: $0.0686852,2026-08-06 15:30:00-04:00,2026-08-06 15:45:00-04:00,0.0687647,0.068685,yes
KXDOGE15M-26AUG061530,Target Price: $0.0687303,2026-08-06 15:15:00-04:00,2026-08-06 15:30:00-04:00,0.0686852,0.06873,no
KXDOGE15M-26AUG061515,Target Price: $0.0686572,2026-08-06 15:00:00-04:00,2026-08-06 15:15:00-04:00,0.0687303,0.068657,yes
KXDOGE15M-26AUG061500,Target Price: $0.0687590,2026-08-06 14:45:00-04:00,2026-08-06 15:00:00-04:00,0.0686572,0.068759,no
KXDOGE15M-26AUG061445,Target Price: $0.0690119,2026-08-06 14:30:00-04:00,2026-08-06 14:45:00-04:00,0.0687590,0.069011,no
KXDOGE15M-26AUG061430,Target Price: $0.0689498,2026-08-06 14:15:00-04:00,2026-08-06 14:30:00-04:00,0.0690119,0.068949,yes
KXDOGE15M-26AUG061415,Target Price: $0.0690525,2026-08-06 14:00:00-04:00,2026-08-06 14:15:00-04:00,0.0689498,0.069052,no
KXDOGE15M-26AUG061400,Target Price: $0.0690175,2026-08-06 13:45:00-04:00,2026-08-06 14:00:00-04:00,0.0690525,0.069017,yes
KXDOGE15M-26AUG061345,Target Price: $0.0691761,2026-08-06 13:30:00-04:00,2026-08-06 13:45:00-04:00,0.0690175,0.069176,no
KXDOGE15M-26AUG061330,Target Price: $0.0692551,2026-08-06 13:15:00-04:00,2026-08-06 13:30:00-04:00,0.0691761,0.069255,no
KXDOGE15M-26AUG061315,Target Price: $0.0692655,2026-08-06 13:00:00-04:00,2026-08-06 13:15:00-04:00,0.0692551,0.069265,no
KXDOGE15M-26AUG061300,Target Price: $0.0692982,2026-08-06 12:45:00-04:00,2026-08-06 13:00:00-04:00,0.0692655,0.069298,no
KXDOGE15M-26AUG061245,Target Price: $0.0690896,2026-08-06 12:30:00-04:00,2026-08-06 12:45:00-04:00,0.0692982,0.069089,yes
KXDOGE15M-26AUG061230,Target Price: $0.0689521,2026-08-06 12:15:00-04:00,2026-08-06 12:30:00-04:00,0.0690896,0.068952,yes
KXDOGE15M-26AUG061215,Target Price: $0.0690194,2026-08-06 12:00:00-04:00,2026-08-06 12:15:00-04:00,0.0689521,0.069019,no
KXDOGE15M-26AUG061200,Target Price: $0.0690640,2026-08-06 11:45:00-04:00,2026-08-06 12:00:00-04:00,0.0690194,0.069064,no
KXDOGE15M-26AUG061145,Target Price: $0.0691225,2026-08-06 11:30:00-04:00,2026-08-06 11:45:00-04:00,0.0690640,0.069122,no
KXDOGE15M-26AUG061130,Target Price: $0.0690951,2026-08-06 11:15:00-04:00,2026-08-06 11:30:00-04:00,0.0691225,0.069095,yes
KXDOGE15M-26AUG061115,Target Price: $0.0690433,2026-08-06 11:00:00-04:00,2026-08-06 11:15:00-04:00,0.0690951,0.069043,yes
KXDOGE15M-26AUG061100,Target Price: $0.0690875,2026-08-06 10:45:00-04:00,2026-08-06 11:00:00-04:00,0.0690433,0.069087,no
KXDOGE15M-26AUG061045,Target Price: $0.0687443,2026-08-06 10:30:00-04:00,2026-08-06 10:45:00-04:00,0.0690875,0.068744,yes
KXDOGE15M-26AUG061030,Target Price: $0.0687857,2026-08-06 10:15:00-04:00,2026-08-06 10:30:00-04:00,0.0687443,0.068785,no
KXDOGE15M-26AUG061015,Target Price: $0.0687626,2026-08-06 10:00:00-04:00,2026-08-06 10:15:00-04:00,0.0687857,0.068762,yes
KXDOGE15M-26AUG061000,Target Price: $0.0687259,2026-08-06 09:45:00-04:00,2026-08-06 10:00:00-04:00,0.0687626,0.068725,yes
KXDOGE15M-26AUG060945,Target Price: $0.0685649,2026-08-06 09:30:00-04:00,2026-08-06 09:45:00-04:00,0.0687259,0.068564,yes
KXDOGE15M-26AUG060930,Target Price: $0.0685320,2026-08-06 09:15:00-04:00,2026-08-06 09:30:00-04:00,0.0685649,0.068532,yes
KXDOGE15M-26AUG060915,Target Price: $0.0688231,2026-08-06 09:00:00-04:00,2026-08-06 09:15:00-04:00,0.0685320,0.068823,no
KXDOGE15M-26AUG060900,Target Price: $0.0689769,2026-08-06 08:45:00-04:00,2026-08-06 09:00:00-04:00,0.0688231,0.068976,no
KXDOGE15M-26AUG060845,Target Price: $0.0690334,2026-08-06 08:30:00-04:00,2026-08-06 08:45:00-04:00,0.0689769,0.069033,no
KXDOGE15M-26AUG060830,Target Price: $0.0689525,2026-08-06 08:15:00-04:00,2026-08-06 08:30:00-04:00,0.0690334,0.068952,yes
KXDOGE15M-26AUG060815,Target Price: $0.0690885,2026-08-06 08:00:00-04:00,2026-08-06 08:15:00-04:00,0.0689525,0.069088,no
KXDOGE15M-26AUG060800,Target Price: $0.0691705,2026-08-06 07:45:00-04:00,2026-08-06 08:00:00-04:00,0.0690885,0.06917,no
KXDOGE15M-26AUG060745,Target Price: $0.0690769,2026-08-06 07:30:00-04:00,2026-08-06 07:45:00-04:00,0.0691705,0.069076,yes
KXDOGE15M-26AUG060730,Target Price: $0.0689664,2026-08-06 07:15:00-04:00,2026-08-06 07:30:00-04:00,0.0690769,0.068966,yes
KXDOGE15M-26AUG060715,Target Price: $0.0689681,2026-08-06 07:00:00-04:00,2026-08-06 07:15:00-04:00,0.0689664,0.068968,no
KXDOGE15M-26AUG060700,Target Price: $0.0689918,2026-08-06 06:45:00-04:00,2026-08-06 07:00:00-04:00,0.0689681,0.068991,no
KXDOGE15M-26AUG060645,Target Price: $0.0690419,2026-08-06 06:30:00-04:00,2026-08-06 06:45:00-04:00,0.0689918,0.069041,no
KXDOGE15M-26AUG060630,Target Price: $0.0688550,2026-08-06 06:15:00-04:00,2026-08-06 06:30:00-04:00,0.0690419,0.068855,yes
KXDOGE15M-26AUG060615,Target Price: $0.0690116,2026-08-06 06:00:00-04:00,2026-08-06 06:15:00-04:00,0.0688550,0.069011,no
KXDOGE15M-26AUG060600,Target Price: $0.0689871,2026-08-06 05:45:00-04:00,2026-08-06 06:00:00-04:00,0.0690116,0.068987,yes
KXDOGE15M-26AUG060545,Target Price: $0.0693738,2026-08-06 05:30:00-04:00,2026-08-06 05:45:00-04:00,0.0689871,0.069373,no
KXDOGE15M-26AUG060530,Target Price: $0.0694136,2026-08-06 05:15:00-04:00,2026-08-06 05:30:00-04:00,0.0693738,0.069413,no
KXDOGE15M-26AUG060515,Target Price: $0.0699049,2026-08-06 05:00:00-04:00,2026-08-06 05:15:00-04:00,0.0694136,0.069904,no
KXDOGE15M-26AUG060245,Target Price: $0.0698169,2026-08-06 02:30:00-04:00,2026-08-06 02:45:00-04:00,0.0698543,0.069816,yes
KXDOGE15M-26AUG060230,Target Price: $0.0697697,2026-08-06 02:15:00-04:00,2026-08-06 02:30:00-04:00,0.0698169,0.069769,yes
KXDOGE15M-26AUG060215,Target Price: $0.0699213,2026-08-06 02:00:00-04:00,2026-08-06 02:15:00-04:00,0.0697697,0.069921,no
KXDOGE15M-26AUG060200,Target Price: $0.0699100,2026-08-06 01:45:00-04:00,2026-08-06 02:00:00-04:00,0.0699213,0.06991,yes
KXDOGE15M-26AUG060145,Target Price: $0.0698903,2026-08-06 01:30:00-04:00,2026-08-06 01:45:00-04:00,0.0699100,0.06989,yes
KXDOGE15M-26AUG060130,Target Price: $0.0699936,2026-08-06 01:15:00-04:00,2026-08-06 01:30:00-04:00,0.0698903,0.069993,no
KXDOGE15M-26AUG060115,Target Price: $0.0697516,2026-08-06 01:00:00-04:00,2026-08-06 01:15:00-04:00,0.0699936,0.069751,yes
KXDOGE15M-26AUG060100,Target Price: $0.0696918,2026-08-06 00:45:00-04:00,2026-08-06 01:00:00-04:00,0.0697516,0.069691,yes
KXDOGE15M-26AUG060045,Target Price: $0.0697310,2026-08-06 00:30:00-04:00,2026-08-06 00:45:00-04:00,0.0696918,0.069731,no
KXDOGE15M-26AUG060030,Target Price: $0.0695988,2026-08-06 00:15:00-04:00,2026-08-06 00:30:00-04:00,0.0697310,0.069598,yes
KXDOGE15M-26AUG060015,Target Price: $0.0695759,2026-08-06 00:00:00-04:00,2026-08-06 00:15:00-04:00,0.0695988,0.069575,yes
KXDOGE15M-26AUG060000,Target Price: $0.0695506,2026-08-05 23:45:00-04:00,2026-08-06 00:00:00-04:00,0.0695759,0.06955,yes
KXDOGE15M-26AUG052345,Target Price: $0.0696309,2026-08-05 23:30:00-04:00,2026-08-05 23:45:00-04:00,0.0695506,0.06963,no
KXDOGE15M-26AUG052330,Target Price: $0.0695974,2026-08-05 23:15:00-04:00,2026-08-05 23:30:00-04:00,0.0696309,0.069597,yes
KXDOGE15M-26AUG052315,Target Price: $0.0696400,2026-08-05 23:00:00-04:00,2026-08-05 23:15:00-04:00,0.0695974,0.06964,no
KXDOGE15M-26AUG052300,Target Price: $0.0696480,2026-08-05 22:45:00-04:00,2026-08-05 23:00:00-04:00,0.0696400,0.069648,no
KXDOGE15M-26AUG052245,Target Price: $0.0695556,2026-08-05 22:30:00-04:00,2026-08-05 22:45:00-04:00,0.0696480,0.069555,yes
KXDOGE15M-26AUG052230,Target Price: $0.0697303,2026-08-05 22:15:00-04:00,2026-08-05 22:30:00-04:00,0.0695556,0.06973,no
KXDOGE15M-26AUG052215,Target Price: $0.0696711,2026-08-05 22:00:00-04:00,2026-08-05 22:15:00-04:00,0.0697303,0.069671,yes
KXDOGE15M-26AUG052200,Target Price: $0.0697648,2026-08-05 21:45:00-04:00,2026-08-05 22:00:00-04:00,0.0696711,0.069764,no
KXDOGE15M-26AUG052145,Target Price: $0.0697664,2026-08-05 21:30:00-04:00,2026-08-05 21:45:00-04:00,0.0697648,0.069766,no
KXDOGE15M-26AUG052130,Target Price: $0.0699369,2026-08-05 21:15:00-04:00,2026-08-05 21:30:00-04:00,0.0697664,0.069936,no
KXDOGE15M-26AUG052115,Target Price: $0.0700592,2026-08-05 21:00:00-04:00,2026-08-05 21:15:00-04:00,0.0699369,0.070059,no
KXDOGE15M-26AUG052100,Target Price: $0.0700052,2026-08-05 20:45:00-04:00,2026-08-05 21:00:00-04:00,0.0700592,0.070005,yes
KXDOGE15M-26AUG052045,Target Price: $0.0700900,2026-08-05 20:30:00-04:00,2026-08-05 20:45:00-04:00,0.0700052,0.07009,no
KXDOGE15M-26AUG052030,Target Price: $0.0699674,2026-08-05 20:15:00-04:00,2026-08-05 20:30:00-04:00,0.0700900,0.069967,yes
KXDOGE15M-26AUG052015,Target Price: $0.0700041,2026-08-05 20:00:00-04:00,2026-08-05 20:15:00-04:00,0.0699674,0.070004,no
KXDOGE15M-26AUG052000,Target Price: $0.0700013,2026-08-05 19:45:00-04:00,2026-08-05 20:00:00-04:00,0.0700041,0.070001,yes
KXDOGE15M-26AUG051945,Target Price: $0.0699986,2026-08-05 19:30:00-04:00,2026-08-05 19:45:00-04:00,0.0700013,0.069998,yes
KXDOGE15M-26AUG051930,Target Price: $0.0699739,2026-08-05 19:15:00-04:00,2026-08-05 19:30:00-04:00,0.0699986,0.069973,yes
KXDOGE15M-26AUG051915,Target Price: $0.0699609,2026-08-05 19:00:00-04:00,2026-08-05 19:15:00-04:00,0.0699739,0.06996,yes
KXDOGE15M-26AUG051900,Target Price: $0.0700095,2026-08-05 18:45:00-04:00,2026-08-05 19:00:00-04:00,0.0699609,0.070009,no
KXDOGE15M-26AUG051845,Target Price: $0.0700529,2026-08-05 18:30:00-04:00,2026-08-05 18:45:00-04:00,0.0700095,0.070052,no
KXDOGE15M-26AUG051830,Target Price: $0.0700337,2026-08-05 18:15:00-04:00,2026-08-05 18:30:00-04:00,0.0700529,0.070033,yes
KXDOGE15M-26AUG051815,Target Price: $0.0700303,2026-08-05 18:00:00-04:00,2026-08-05 18:15:00-04:00,0.0700337,0.07003,yes
KXDOGE15M-26AUG051800,Target Price: $0.0700387,2026-08-05 17:45:00-04:00,2026-08-05 18:00:00-04:00,0.0700303,0.070038,no
KXDOGE15M-26AUG051745,Target Price: $0.0700843,2026-08-05 17:30:00-04:00,2026-08-05 17:45:00-04:00,0.0700387,0.070084,no
KXDOGE15M-26AUG051730,Target Price: $0.0702205,2026-08-05 17:15:00-04:00,2026-08-05 17:30:00-04:00,0.0700843,0.07022,no
KXDOGE15M-26AUG051715,Target Price: $0.0702801,2026-08-05 17:00:00-04:00,2026-08-05 17:15:00-04:00,0.0702205,0.07028,no
KXDOGE15M-26AUG051700,Target Price: $0.0704803,2026-08-05 16:45:00-04:00,2026-08-05 17:00:00-04:00,0.0702801,0.07048,no
KXDOGE15M-26AUG051645,Target Price: $0.0702988,2026-08-05 16:30:00-04:00,2026-08-05 16:45:00-04:00,0.0704803,0.070298,yes
KXDOGE15M-26AUG051630,Target Price: $0.0701792,2026-08-05 16:15:00-04:00,2026-08-05 16:30:00-04:00,0.0702988,0.070179,yes
KXDOGE15M-26AUG051615,Target Price: $0.0701836,2026-08-05 16:00:00-04:00,2026-08-05 16:15:00-04:00,0.0701792,0.070183,no
KXDOGE15M-26AUG051600,Target Price: $0.0703080,2026-08-05 15:45:00-04:00,2026-08-05 16:00:00-04:00,0.0701836,0.070308,no
KXDOGE15M-26AUG051545,Target Price: $0.0702386,2026-08-05 15:30:00-04:00,2026-08-05 15:45:00-04:00,0.0703080,0.070238,yes
KXDOGE15M-26AUG051530,Target Price: $0.0701831,2026-08-05 15:15:00-04:00,2026-08-05 15:30:00-04:00,0.0702386,0.070183,yes
KXDOGE15M-26AUG051515,Target Price: $0.0701377,2026-08-05 15:00:00-04:00,2026-08-05 15:15:00-04:00,0.0701831,0.070137,yes
KXDOGE15M-26AUG051500,Target Price: $0.0702756,2026-08-05 14:45:00-04:00,2026-08-05 15:00:00-04:00,0.0701377,0.070275,no
KXDOGE15M-26AUG051445,Target Price: $0.0702059,2026-08-05 14:30:00-04:00,2026-08-05 14:45:00-04:00,0.0702756,0.070205,yes
KXDOGE15M-26AUG051430,Target Price: $0.0701686,2026-08-05 14:15:00-04:00,2026-08-05 14:30:00-04:00,0.0702059,0.070168,yes
KXDOGE15M-26AUG051415,Target Price: $0.0702101,2026-08-05 14:00:00-04:00,2026-08-05 14:15:00-04:00,0.0701686,0.07021,no
KXDOGE15M-26AUG051400,Target Price: $0.0701961,2026-08-05 13:45:00-04:00,2026-08-05 14:00:00-04:00,0.0702101,0.070196,yes
KXDOGE15M-26AUG051345,Target Price: $0.0699549,2026-08-05 13:30:00-04:00,2026-08-05 13:45:00-04:00,0.0701961,0.069954,yes
KXDOGE15M-26AUG051330,Target Price: $0.0699703,2026-08-05 13:15:00-04:00,2026-08-05 13:30:00-04:00,0.0699549,0.06997,no
KXDOGE15M-26AUG051315,Target Price: $0.0700383,2026-08-05 13:00:00-04:00,2026-08-05 13:15:00-04:00,0.0699703,0.070038,no
KXDOGE15M-26AUG051300,Target Price: $0.0701713,2026-08-05 12:45:00-04:00,2026-08-05 13:00:00-04:00,0.0700383,0.070171,no
KXDOGE15M-26AUG051245,Target Price: $0.0701997,2026-08-05 12:30:00-04:00,2026-08-05 12:45:00-04:00,0.0701713,0.070199,no
KXDOGE15M-26AUG051230,Target Price: $0.0698515,2026-08-05 12:15:00-04:00,2026-08-05 12:30:00-04:00,0.0701997,0.069851,yes
KXDOGE15M-26AUG051215,Target Price: $0.0696504,2026-08-05 12:00:00-04:00,2026-08-05 12:15:00-04:00,0.0698515,0.06965,yes
KXDOGE15M-26AUG051200,Target Price: $0.0698773,2026-08-05 11:45:00-04:00,2026-08-05 12:00:00-04:00,0.0696504,0.069877,no
KXDOGE15M-26AUG051145,Target Price: $0.0698462,2026-08-05 11:30:00-04:00,2026-08-05 11:45:00-04:00,0.0698773,0.069846,yes
KXDOGE15M-26AUG051130,Target Price: $0.0699475,2026-08-05 11:15:00-04:00,2026-08-05 11:30:00-04:00,0.0698462,0.069947,no
KXDOGE15M-26AUG051115,Target Price: $0.0699382,2026-08-05 11:00:00-04:00,2026-08-05 11:15:00-04:00,0.0699475,0.069938,yes
KXDOGE15M-26AUG051100,Target Price: $0.0698387,2026-08-05 10:45:00-04:00,2026-08-05 11:00:00-04:00,0.0699382,0.069838,yes
KXDOGE15M-26AUG051045,Target Price: $0.0697824,2026-08-05 10:30:00-04:00,2026-08-05 10:45:00-04:00,0.0698387,0.069782,yes
KXDOGE15M-26AUG051030,Target Price: $0.0699623,2026-08-05 10:15:00-04:00,2026-08-05 10:30:00-04:00,0.0697824,0.069962,no
KXDOGE15M-26AUG051015,Target Price: $0.0697598,2026-08-05 10:00:00-04:00,2026-08-05 10:15:00-04:00,0.0699623,0.069759,yes
KXDOGE15M-26AUG051000,Target Price: $0.0696033,2026-08-05 09:45:00-04:00,2026-08-05 10:00:00-04:00,0.0697598,0.069603,yes
KXDOGE15M-26AUG050945,Target Price: $0.0697757,2026-08-05 09:30:00-04:00,2026-08-05 09:45:00-04:00,0.0696033,0.069775,no
KXDOGE15M-26AUG050930,Target Price: $0.0698654,2026-08-05 09:15:00-04:00,2026-08-05 09:30:00-04:00,0.0697757,0.069865,no
KXDOGE15M-26AUG050915,Target Price: $0.0699018,2026-08-05 09:00:00-04:00,2026-08-05 09:15:00-04:00,0.0698654,0.069901,no
KXDOGE15M-26AUG050900,Target Price: $0.0700234,2026-08-05 08:45:00-04:00,2026-08-05 09:00:00-04:00,0.0699018,0.070023,no
KXDOGE15M-26AUG050845,Target Price: $0.0701268,2026-08-05 08:30:00-04:00,2026-08-05 08:45:00-04:00,0.0700234,0.070126,no
KXDOGE15M-26AUG050830,Target Price: $0.0698671,2026-08-05 08:15:00-04:00,2026-08-05 08:30:00-04:00,0.0701268,0.069867,yes
KXDOGE15M-26AUG050815,Target Price: $0.0697732,2026-08-05 08:00:00-04:00,2026-08-05 08:15:00-04:00,0.0698671,0.069773,yes
KXDOGE15M-26AUG050800,Target Price: $0.0697654,2026-08-05 07:45:00-04:00,2026-08-05 08:00:00-04:00,0.0697732,0.069765,yes
KXDOGE15M-26AUG050745,Target Price: $0.0697692,2026-08-05 07:30:00-04:00,2026-08-05 07:45:00-04:00,0.0697654,0.069769,no
KXDOGE15M-26AUG050730,Target Price: $0.0697928,2026-08-05 07:15:00-04:00,2026-08-05 07:30:00-04:00,0.0697692,0.069792,no
KXDOGE15M-26AUG050715,Target Price: $0.0696227,2026-08-05 07:00:00-04:00,2026-08-05 07:15:00-04:00,0.0697928,0.069622,yes
KXDOGE15M-26AUG050700,Target Price: $0.0697969,2026-08-05 06:45:00-04:00,2026-08-05 07:00:00-04:00,0.0696227,0.069796,no
KXDOGE15M-26AUG050645,Target Price: $0.0697857,2026-08-05 06:30:00-04:00,2026-08-05 06:45:00-04:00,0.0697969,0.069785,yes
KXDOGE15M-26AUG050630,Target Price: $0.0696940,2026-08-05 06:15:00-04:00,2026-08-05 06:30:00-04:00,0.0697857,0.069694,yes
KXDOGE15M-26AUG050615,Target Price: $0.0697784,2026-08-05 06:00:00-04:00,2026-08-05 06:15:00-04:00,0.0696940,0.069778,no
KXDOGE15M-26AUG050600,Target Price: $0.0698433,2026-08-05 05:45:00-04:00,2026-08-05 06:00:00-04:00,0.0697784,0.069843,no
KXDOGE15M-26AUG050545,Target Price: $0.0698453,2026-08-05 05:30:00-04:00,2026-08-05 05:45:00-04:00,0.0698433,0.069845,no
KXDOGE15M-26AUG050530,Target Price: $0.0698591,2026-08-05 05:15:00-04:00,2026-08-05 05:30:00-04:00,0.0698453,0.069859,no
KXDOGE15M-26AUG050515,Target Price: $0.0698047,2026-08-05 05:00:00-04:00,2026-08-05 05:15:00-04:00,0.0698591,0.069804,yes
KXDOGE15M-26AUG050500,Target Price: $0.0697676,2026-08-05 04:45:00-04:00,2026-08-05 05:00:00-04:00,0.0698047,0.069767,yes
KXDOGE15M-26AUG050445,Target Price: $0.0698622,2026-08-05 04:30:00-04:00,2026-08-05 04:45:00-04:00,0.0697676,0.069862,no
KXDOGE15M-26AUG050430,Target Price: $0.0697584,2026-08-05 04:15:00-04:00,2026-08-05 04:30:00-04:00,0.0698622,0.069758,yes
KXDOGE15M-26AUG050415,Target Price: $0.0697602,2026-08-05 04:00:00-04:00,2026-08-05 04:15:00-04:00,0.0697584,0.06976,no
KXDOGE15M-26AUG050400,Target Price: $0.0695885,2026-08-05 03:45:00-04:00,2026-08-05 04:00:00-04:00,0.0697602,0.069588,yes
KXDOGE15M-26AUG050345,Target Price: $0.0695709,2026-08-05 03:30:00-04:00,2026-08-05 03:45:00-04:00,0.0695885,0.06957,yes
KXDOGE15M-26AUG050330,Target Price: $0.0696733,2026-08-05 03:15:00-04:00,2026-08-05 03:30:00-04:00,0.0695709,0.069673,no
KXDOGE15M-26AUG050315,Target Price: $0.0697500,2026-08-05 03:00:00-04:00,2026-08-05 03:15:00-04:00,0.0696733,0.06975,no
KXDOGE15M-26AUG050300,Target Price: $0.0697815,2026-08-05 02:45:00-04:00,2026-08-05 03:00:00-04:00,0.0697500,0.069781,no
KXDOGE15M-26AUG050245,Target Price: $0.0697708,2026-08-05 02:30:00-04:00,2026-08-05 02:45:00-04:00,0.0697815,0.06977,yes
KXDOGE15M-26AUG050230,Target Price: $0.0698464,2026-08-05 02:15:00-04:00,2026-08-05 02:30:00-04:00,0.0697708,0.069846,no
KXDOGE15M-26AUG050215,Target Price: $0.0699072,2026-08-05 02:00:00-04:00,2026-08-05 02:15:00-04:00,0.0698464,0.069907,no
KXDOGE15M-26AUG050200,Target Price: $0.0699598,2026-08-05 01:45:00-04:00,2026-08-05 02:00:00-04:00,0.0699072,0.069959,no
KXDOGE15M-26AUG050145,Target Price: $0.0700391,2026-08-05 01:30:00-04:00,2026-08-05 01:45:00-04:00,0.0699598,0.070039,no
KXDOGE15M-26AUG050130,Target Price: $0.0699372,2026-08-05 01:15:00-04:00,2026-08-05 01:30:00-04:00,0.0700391,0.069937,yes
KXDOGE15M-26AUG050115,Target Price: $0.0697961,2026-08-05 01:00:00-04:00,2026-08-05 01:15:00-04:00,0.0699372,0.069796,yes
KXDOGE15M-26AUG050100,Target Price: $0.0698270,2026-08-05 00:45:00-04:00,2026-08-05 01:00:00-04:00,0.0697961,0.069827,no
KXDOGE15M-26AUG050045,Target Price: $0.0698234,2026-08-05 00:30:00-04:00,2026-08-05 00:45:00-04:00,0.0698270,0.069823,yes
KXDOGE15M-26AUG050030,Target Price: $0.0697394,2026-08-05 00:15:00-04:00,2026-08-05 00:30:00-04:00,0.0698234,0.069739,yes
KXDOGE15M-26AUG050015,Target Price: $0.0697257,2026-08-05 00:00:00-04:00,2026-08-05 00:15:00-04:00,0.0697394,0.069725,yes
KXDOGE15M-26AUG050000,Target Price: $0.0697140,2026-08-04 23:45:00-04:00,2026-08-05 00:00:00-04:00,0.0697257,0.069714,yes
KXDOGE15M-26AUG042345,Target Price: $0.0696654,2026-08-04 23:30:00-04:00,2026-08-04 23:45:00-04:00,0.0697140,0.069665,yes
KXDOGE15M-26AUG042330,Target Price: $0.0699995,2026-08-04 23:15:00-04:00,2026-08-04 23:30:00-04:00,0.0696654,0.069999,no
KXDOGE15M-26AUG042315,Target Price: $0.0701763,2026-08-04 23:00:00-04:00,2026-08-04 23:15:00-04:00,0.0699995,0.070176,no
KXDOGE15M-26AUG042300,Target Price: $0.0702990,2026-08-04 22:45:00-04:00,2026-08-04 23:00:00-04:00,0.0701763,0.070299,no
KXDOGE15M-26AUG042245,Target Price: $0.0701686,2026-08-04 22:30:00-04:00,2026-08-04 22:45:00-04:00,0.0702990,0.070168,yes
KXDOGE15M-26AUG042230,Target Price: $0.0702154,2026-08-04 22:15:00-04:00,2026-08-04 22:30:00-04:00,0.0701686,0.070215,no
KXDOGE15M-26AUG042215,Target Price: $0.0701950,2026-08-04 22:00:00-04:00,2026-08-04 22:15:00-04:00,0.0702154,0.070195,yes
KXDOGE15M-26AUG042200,Target Price: $0.0701068,2026-08-04 21:45:00-04:00,2026-08-04 22:00:00-04:00,0.0701950,0.070106,yes
KXDOGE15M-26AUG042145,Target Price: $0.0699451,2026-08-04 21:30:00-04:00,2026-08-04 21:45:00-04:00,0.0701068,0.069945,yes
KXDOGE15M-26AUG042130,Target Price: $0.0698743,2026-08-04 21:15:00-04:00,2026-08-04 21:30:00-04:00,0.0699451,0.069874,yes
KXDOGE15M-26AUG042115,Target Price: $0.0697988,2026-08-04 21:00:00-04:00,2026-08-04 21:15:00-04:00,0.0698743,0.069798,yes
KXDOGE15M-26AUG042100,Target Price: $0.0698956,2026-08-04 20:45:00-04:00,2026-08-04 21:00:00-04:00,0.0697988,0.069895,no
KXDOGE15M-26AUG042045,Target Price: $0.0698515,2026-08-04 20:30:00-04:00,2026-08-04 20:45:00-04:00,0.0698956,0.069851,yes
KXDOGE15M-26AUG042030,Target Price: $0.0699177,2026-08-04 20:15:00-04:00,2026-08-04 20:30:00-04:00,0.0698515,0.069917,no
KXDOGE15M-26AUG042015,Target Price: $0.0700239,2026-08-04 20:00:00-04:00,2026-08-04 20:15:00-04:00,0.0699177,0.070023,no
KXDOGE15M-26AUG042000,Target Price: $0.0701933,2026-08-04 19:45:00-04:00,2026-08-04 20:00:00-04:00,0.0700239,0.070193,no
KXDOGE15M-26AUG041945,Target Price: $0.0701842,2026-08-04 19:30:00-04:00,2026-08-04 19:45:00-04:00,0.0701933,0.070184,yes
KXDOGE15M-26AUG041930,Target Price: $0.0704346,2026-08-04 19:15:00-04:00,2026-08-04 19:30:00-04:00,0.0701842,0.070434,no
KXDOGE15M-26AUG041915,Target Price: $0.0703444,2026-08-04 19:00:00-04:00,2026-08-04 19:15:00-04:00,0.0704346,0.070344,yes
KXDOGE15M-26AUG041900,Target Price: $0.0702921,2026-08-04 18:45:00-04:00,2026-08-04 19:00:00-04:00,0.0703444,0.070292,yes
KXDOGE15M-26AUG041845,Target Price: $0.0703193,2026-08-04 18:30:00-04:00,2026-08-04 18:45:00-04:00,0.0702921,0.070319,no
KXDOGE15M-26AUG041830,Target Price: $0.0702502,2026-08-04 18:15:00-04:00,2026-08-04 18:30:00-04:00,0.0703193,0.07025,yes
KXDOGE15M-26AUG041815,Target Price: $0.0702715,2026-08-04 18:00:00-04:00,2026-08-04 18:15:00-04:00,0.0702502,0.070271,no
KXDOGE15M-26AUG041800,Target Price: $0.0702110,2026-08-04 17:45:00-04:00,2026-08-04 18:00:00-04:00,0.0702715,0.070211,yes
KXDOGE15M-26AUG041745,Target Price: $0.0701997,2026-08-04 17:30:00-04:00,2026-08-04 17:45:00-04:00,0.0702110,0.070199,yes
KXDOGE15M-26AUG041730,Target Price: $0.0701839,2026-08-04 17:15:00-04:00,2026-08-04 17:30:00-04:00,0.0701997,0.070183,yes
KXDOGE15M-26AUG041715,Target Price: $0.0703263,2026-08-04 17:00:00-04:00,2026-08-04 17:15:00-04:00,0.0701839,0.070326,no
KXDOGE15M-26AUG041700,Target Price: $0.0704144,2026-08-04 16:45:00-04:00,2026-08-04 17:00:00-04:00,0.0703263,0.070414,no
KXDOGE15M-26AUG041645,Target Price: $0.0701946,2026-08-04 16:30:00-04:00,2026-08-04 16:45:00-04:00,0.0704144,0.070194,yes
KXDOGE15M-26AUG041630,Target Price: $0.0703215,2026-08-04 16:15:00-04:00,2026-08-04 16:30:00-04:00,0.0701946,0.070321,no
KXDOGE15M-26AUG041615,Target Price: $0.0703947,2026-08-04 16:00:00-04:00,2026-08-04 16:15:00-04:00,0.0703215,0.070394,no
KXDOGE15M-26AUG041600,Target Price: $0.0704032,2026-08-04 15:45:00-04:00,2026-08-04 16:00:00-04:00,0.0703947,0.070403,no
KXDOGE15M-26AUG041545,Target Price: $0.0703258,2026-08-04 15:30:00-04:00,2026-08-04 15:45:00-04:00,0.0704032,0.070325,yes
KXDOGE15M-26AUG041530,Target Price: $0.0703887,2026-08-04 15:15:00-04:00,2026-08-04 15:30:00-04:00,0.0703258,0.070388,no
KXDOGE15M-26AUG041515,Target Price: $0.0703488,2026-08-04 15:00:00-04:00,2026-08-04 15:15:00-04:00,0.0703887,0.070348,yes
KXDOGE15M-26AUG041500,Target Price: $0.0703301,2026-08-04 14:45:00-04:00,2026-08-04 15:00:00-04:00,0.0703488,0.07033,yes
KXDOGE15M-26AUG041445,Target Price: $0.0704617,2026-08-04 14:30:00-04:00,2026-08-04 14:45:00-04:00,0.0703301,0.070461,no
KXDOGE15M-26AUG041430,Target Price: $0.0703520,2026-08-04 14:15:00-04:00,2026-08-04 14:30:00-04:00,0.0704617,0.070352,yes
KXDOGE15M-26AUG041415,Target Price: $0.0701605,2026-08-04 14:00:00-04:00,2026-08-04 14:15:00-04:00,0.0703520,0.07016,yes
KXDOGE15M-26AUG041400,Target Price: $0.0703035,2026-08-04 13:45:00-04:00,2026-08-04 14:00:00-04:00,0.0701605,0.070303,no
KXDOGE15M-26AUG041345,Target Price: $0.0703450,2026-08-04 13:30:00-04:00,2026-08-04 13:45:00-04:00,0.0703035,0.070345,no
KXDOGE15M-26AUG041330,Target Price: $0.0703504,2026-08-04 13:15:00-04:00,2026-08-04 13:30:00-04:00,0.0703450,0.07035,no
KXDOGE15M-26AUG041315,Target Price: $0.0702725,2026-08-04 13:00:00-04:00,2026-08-04 13:15:00-04:00,0.0703504,0.070272,yes
KXDOGE15M-26AUG041300,Target Price: $0.0701481,2026-08-04 12:45:00-04:00,2026-08-04 13:00:00-04:00,0.0702725,0.070148,yes
KXDOGE15M-26AUG041245,Target Price: $0.0702058,2026-08-04 12:30:00-04:00,2026-08-04 12:45:00-04:00,0.0701481,0.070205,no
KXDOGE15M-26AUG041230,Target Price: $0.0700657,2026-08-04 12:15:00-04:00,2026-08-04 12:30:00-04:00,0.0702058,0.070065,yes
KXDOGE15M-26AUG041215,Target Price: $0.0701935,2026-08-04 12:00:00-04:00,2026-08-04 12:15:00-04:00,0.0700657,0.070193,no
KXDOGE15M-26AUG041200,Target Price: $0.0701282,2026-08-04 11:45:00-04:00,2026-08-04 12:00:00-04:00,0.0701935,0.070128,yes
KXDOGE15M-26AUG041145,Target Price: $0.0699227,2026-08-04 11:30:00-04:00,2026-08-04 11:45:00-04:00,0.0701282,0.069922,yes
KXDOGE15M-26AUG041130,Target Price: $0.0701504,2026-08-04 11:15:00-04:00,2026-08-04 11:30:00-04:00,0.0699227,0.07015,no
KXDOGE15M-26AUG041115,Target Price: $0.0701100,2026-08-04 11:00:00-04:00,2026-08-04 11:15:00-04:00,0.0701504,0.07011,yes
KXDOGE15M-26AUG041100,Target Price: $0.0701286,2026-08-04 10:45:00-04:00,2026-08-04 11:00:00-04:00,0.0701100,0.070128,no
KXDOGE15M-26AUG041045,Target Price: $0.0698849,2026-08-04 10:30:00-04:00,2026-08-04 10:45:00-04:00,0.0701286,0.069884,yes
KXDOGE15M-26AUG041030,Target Price: $0.0700041,2026-08-04 10:15:00-04:00,2026-08-04 10:30:00-04:00,0.0698849,0.070004,no
KXDOGE15M-26AUG041015,Target Price: $0.0701193,2026-08-04 10:00:00-04:00,2026-08-04 10:15:00-04:00,0.0700041,0.070119,no
KXDOGE15M-26AUG041000,Target Price: $0.0703689,2026-08-04 09:45:00-04:00,2026-08-04 10:00:00-04:00,0.0701193,0.070368,no
KXDOGE15M-26AUG040945,Target Price: $0.0702711,2026-08-04 09:30:00-04:00,2026-08-04 09:45:00-04:00,0.0703689,0.070271,yes
KXDOGE15M-26AUG040930,Target Price: $0.0703306,2026-08-04 09:15:00-04:00,2026-08-04 09:30:00-04:00,0.0702711,0.07033,no
KXDOGE15M-26AUG040915,Target Price: $0.0703974,2026-08-04 09:00:00-04:00,2026-08-04 09:15:00-04:00,0.0703306,0.070397,no
KXDOGE15M-26AUG040900,Target Price: $0.0703772,2026-08-04 08:45:00-04:00,2026-08-04 09:00:00-04:00,0.0703974,0.070377,yes
KXDOGE15M-26AUG040845,Target Price: $0.0703661,2026-08-04 08:30:00-04:00,2026-08-04 08:45:00-04:00,0.0703772,0.070366,yes
KXDOGE15M-26AUG040830,Target Price: $0.0704297,2026-08-04 08:15:00-04:00,2026-08-04 08:30:00-04:00,0.0703661,0.070429,no
KXDOGE15M-26AUG040815,Target Price: $0.0704975,2026-08-04 08:00:00-04:00,2026-08-04 08:15:00-04:00,0.0704297,0.070497,no
KXDOGE15M-26AUG040800,Target Price: $0.0703274,2026-08-04 07:45:00-04:00,2026-08-04 08:00:00-04:00,0.0704975,0.070327,yes
KXDOGE15M-26AUG040745,Target Price: $0.0702174,2026-08-04 07:30:00-04:00,2026-08-04 07:45:00-04:00,0.0703274,0.070217,yes
KXDOGE15M-26AUG040730,Target Price: $0.0702481,2026-08-04 07:15:00-04:00,2026-08-04 07:30:00-04:00,0.0702174,0.070248,no
KXDOGE15M-26AUG040715,Target Price: $0.0702961,2026-08-04 07:00:00-04:00,2026-08-04 07:15:00-04:00,0.0702481,0.070296,no
KXDOGE15M-26AUG040700,Target Price: $0.0701862,2026-08-04 06:45:00-04:00,2026-08-04 07:00:00-04:00,0.0702961,0.070186,yes
KXDOGE15M-26AUG040645,Target Price: $0.0699890,2026-08-04 06:30:00-04:00,2026-08-04 06:45:00-04:00,0.0701862,0.069989,yes
KXDOGE15M-26AUG040630,Target Price: $0.0700114,2026-08-04 06:15:00-04:00,2026-08-04 06:30:00-04:00,0.0699890,0.070011,no
KXDOGE15M-26AUG040615,Target Price: $0.0700984,2026-08-04 06:00:00-04:00,2026-08-04 06:15:00-04:00,0.0700114,0.070098,no
KXDOGE15M-26AUG040600,Target Price: $0.0700965,2026-08-04 05:45:00-04:00,2026-08-04 06:00:00-04:00,0.0700984,0.070096,yes
KXDOGE15M-26AUG040545,Target Price: $0.0700383,2026-08-04 05:30:00-04:00,2026-08-04 05:45:00-04:00,0.0700965,0.070038,yes
KXDOGE15M-26AUG040530,Target Price: $0.0700120,2026-08-04 05:15:00-04:00,2026-08-04 05:30:00-04:00,0.0700383,0.070012,yes
KXDOGE15M-26AUG040515,Target Price: $0.0700544,2026-08-04 05:00:00-04:00,2026-08-04 05:15:00-04:00,0.0700120,0.070054,no
KXDOGE15M-26AUG040500,Target Price: $0.0700651,2026-08-04 04:45:00-04:00,2026-08-04 05:00:00-04:00,0.0700544,0.070065,no
KXDOGE15M-26AUG040445,Target Price: $0.0701170,2026-08-04 04:30:00-04:00,2026-08-04 04:45:00-04:00,0.0700651,0.070117,no
KXDOGE15M-26AUG040430,Target Price: $0.0701282,2026-08-04 04:15:00-04:00,2026-08-04 04:30:00-04:00,0.0701170,0.070128,no
KXDOGE15M-26AUG040415,Target Price: $0.0702272,2026-08-04 04:00:00-04:00,2026-08-04 04:15:00-04:00,0.0701282,0.070227,no
KXDOGE15M-26AUG040400,Target Price: $0.0701450,2026-08-04 03:45:00-04:00,2026-08-04 04:00:00-04:00,0.0702272,0.070145,yes
KXDOGE15M-26AUG040345,Target Price: $0.0701442,2026-08-04 03:30:00-04:00,2026-08-04 03:45:00-04:00,0.0701450,0.070144,yes
KXDOGE15M-26AUG040330,Target Price: $0.0700345,2026-08-04 03:15:00-04:00,2026-08-04 03:30:00-04:00,0.0701442,0.070034,yes
KXDOGE15M-26AUG040315,Target Price: $0.0701363,2026-08-04 03:00:00-04:00,2026-08-04 03:15:00-04:00,0.0700345,0.070136,no
KXDOGE15M-26AUG040300,Target Price: $0.0700505,2026-08-04 02:45:00-04:00,2026-08-04 03:00:00-04:00,0.0701363,0.07005,yes
KXDOGE15M-26AUG040245,Target Price: $0.0702218,2026-08-04 02:30:00-04:00,2026-08-04 02:45:00-04:00,0.0700505,0.070221,no
KXDOGE15M-26AUG040230,Target Price: $0.0702361,2026-08-04 02:15:00-04:00,2026-08-04 02:30:00-04:00,0.0702218,0.070236,no
KXDOGE15M-26AUG040215,Target Price: $0.0702407,2026-08-04 02:00:00-04:00,2026-08-04 02:15:00-04:00,0.0702361,0.07024,no
KXDOGE15M-26AUG040200,Target Price: $0.0702104,2026-08-04 01:45:00-04:00,2026-08-04 02:00:00-04:00,0.0702407,0.07021,yes
KXDOGE15M-26AUG040145,Target Price: $0.0702006,2026-08-04 01:30:00-04:00,2026-08-04 01:45:00-04:00,0.0702104,0.0702,yes
KXDOGE15M-26AUG040130,Target Price: $0.0701441,2026-08-04 01:15:00-04:00,2026-08-04 01:30:00-04:00,0.0702006,0.070144,yes
KXDOGE15M-26AUG040115,Target Price: $0.0702832,2026-08-04 01:00:00-04:00,2026-08-04 01:15:00-04:00,0.0701441,0.070283,no
KXDOGE15M-26AUG040100,Target Price: $0.0703517,2026-08-04 00:45:00-04:00,2026-08-04 01:00:00-04:00,0.0702832,0.070351,no
KXDOGE15M-26AUG040045,Target Price: $0.0702861,2026-08-04 00:30:00-04:00,2026-08-04 00:45:00-04:00,0.0703517,0.070286,yes
KXDOGE15M-26AUG040030,Target Price: $0.0701982,2026-08-04 00:15:00-04:00,2026-08-04 00:30:00-04:00,0.0702861,0.070198,yes
KXDOGE15M-26AUG040015,Target Price: $0.0702149,2026-08-04 00:00:00-04:00,2026-08-04 00:15:00-04:00,0.0701982,0.070214,no
KXDOGE15M-26AUG040000,Target Price: $0.0702778,2026-08-03 23:45:00-04:00,2026-08-04 00:00:00-04:00,0.0702149,0.070277,no
KXDOGE15M-26AUG032345,Target Price: $0.0703026,2026-08-03 23:30:00-04:00,2026-08-03 23:45:00-04:00,0.0702778,0.070302,no
KXDOGE15M-26AUG032330,Target Price: $0.0702271,2026-08-03 23:15:00-04:00,2026-08-03 23:30:00-04:00,0.0703026,0.070227,yes
KXDOGE15M-26AUG032315,Target Price: $0.0703493,2026-08-03 23:00:00-04:00,2026-08-03 23:15:00-04:00,0.0702271,0.070349,no
KXDOGE15M-26AUG032300,Target Price: $0.0704215,2026-08-03 22:45:00-04:00,2026-08-03 23:00:00-04:00,0.0703493,0.070421,no
KXDOGE15M-26AUG032245,Target Price: $0.0703522,2026-08-03 22:30:00-04:00,2026-08-03 22:45:00-04:00,0.0704215,0.070352,yes
KXDOGE15M-26AUG032230,Target Price: $0.0703402,2026-08-03 22:15:00-04:00,2026-08-03 22:30:00-04:00,0.0703522,0.07034,yes
KXDOGE15M-26AUG032215,Target Price: $0.0703978,2026-08-03 22:00:00-04:00,2026-08-03 22:15:00-04:00,0.0703402,0.070397,no
KXDOGE15M-26AUG032200,Target Price: $0.0703086,2026-08-03 21:45:00-04:00,2026-08-03 22:00:00-04:00,0.0703978,0.070308,yes
KXDOGE15M-26AUG032145,Target Price: $0.0699618,2026-08-03 21:30:00-04:00,2026-08-03 21:45:00-04:00,0.0703086,0.069961,yes
KXDOGE15M-26AUG032130,Target Price: $0.0699445,2026-08-03 21:15:00-04:00,2026-08-03 21:30:00-04:00,0.0699618,0.069944,yes
KXDOGE15M-26AUG032115,Target Price: $0.0698790,2026-08-03 21:00:00-04:00,2026-08-03 21:15:00-04:00,0.0699445,0.069879,yes
KXDOGE15M-26AUG032100,Target Price: $0.0699367,2026-08-03 20:45:00-04:00,2026-08-03 21:00:00-04:00,0.0698790,0.069936,no
KXDOGE15M-26AUG032045,Target Price: $0.0699684,2026-08-03 20:30:00-04:00,2026-08-03 20:45:00-04:00,0.0699367,0.069968,no
KXDOGE15M-26AUG032030,Target Price: $0.0701271,2026-08-03 20:15:00-04:00,2026-08-03 20:30:00-04:00,0.0699684,0.070127,no
KXDOGE15M-26AUG032015,Target Price: $0.0701507,2026-08-03 20:00:00-04:00,2026-08-03 20:15:00-04:00,0.0701271,0.07015,no
KXDOGE15M-26AUG032000,Target Price: $0.0701014,2026-08-03 19:45:00-04:00,2026-08-03 20:00:00-04:00,0.0701507,0.070101,yes
KXDOGE15M-26AUG031945,Target Price: $0.0701742,2026-08-03 19:30:00-04:00,2026-08-03 19:45:00-04:00,0.0701014,0.070174,no
KXDOGE15M-26AUG031930,Target Price: $0.0701200,2026-08-03 19:15:00-04:00,2026-08-03 19:30:00-04:00,0.0701742,0.07012,yes
KXDOGE15M-26AUG031915,Target Price: $0.0701774,2026-08-03 19:00:00-04:00,2026-08-03 19:15:00-04:00,0.0701200,0.070177,no
KXDOGE15M-26AUG031900,Target Price: $0.0700757,2026-08-03 18:45:00-04:00,2026-08-03 19:00:00-04:00,0.0701774,0.070075,yes
KXDOGE15M-26AUG031845,Target Price: $0.0701718,2026-08-03 18:30:00-04:00,2026-08-03 18:45:00-04:00,0.0700757,0.070171,no
KXDOGE15M-26AUG031830,Target Price: $0.0702543,2026-08-03 18:15:00-04:00,2026-08-03 18:30:00-04:00,0.0701718,0.070254,no
KXDOGE15M-26AUG031815,Target Price: $0.0704065,2026-08-03 18:00:00-04:00,2026-08-03 18:15:00-04:00,0.0702543,0.070406,no
KXDOGE15M-26AUG031800,Target Price: $0.0704225,2026-08-03 17:45:00-04:00,2026-08-03 18:00:00-04:00,0.0704065,0.070422,no
KXDOGE15M-26AUG031745,Target Price: $0.0703941,2026-08-03 17:30:00-04:00,2026-08-03 17:45:00-04:00,0.0704225,0.070394,yes
KXDOGE15M-26AUG031730,Target Price: $0.0703584,2026-08-03 17:15:00-04:00,2026-08-03 17:30:00-04:00,0.0703941,0.070358,yes
KXDOGE15M-26AUG031715,Target Price: $0.0704314,2026-08-03 17:00:00-04:00,2026-08-03 17:15:00-04:00,0.0703584,0.070431,no
KXDOGE15M-26AUG031700,Target Price: $0.0704350,2026-08-03 16:45:00-04:00,2026-08-03 17:00:00-04:00,0.0704314,0.070435,no
KXDOGE15M-26AUG031645,Target Price: $0.0703366,2026-08-03 16:30:00-04:00,2026-08-03 16:45:00-04:00,0.0704350,0.070336,yes
KXDOGE15M-26AUG031630,Target Price: $0.0702818,2026-08-03 16:15:00-04:00,2026-08-03 16:30:00-04:00,0.0703366,0.070281,yes
KXDOGE15M-26AUG031615,Target Price: $0.0702167,2026-08-03 16:00:00-04:00,2026-08-03 16:15:00-04:00,0.0702818,0.070216,yes
KXDOGE15M-26AUG031600,Target Price: $0.0703313,2026-08-03 15:45:00-04:00,2026-08-03 16:00:00-04:00,0.0702167,0.070331,no
KXDOGE15M-26AUG031545,Target Price: $0.0703601,2026-08-03 15:30:00-04:00,2026-08-03 15:45:00-04:00,0.0703313,0.07036,no
KXDOGE15M-26AUG031530,Target Price: $0.0703713,2026-08-03 15:15:00-04:00,2026-08-03 15:30:00-04:00,0.0703601,0.070371,no
KXDOGE15M-26AUG031515,Target Price: $0.0703624,2026-08-03 15:00:00-04:00,2026-08-03 15:15:00-04:00,0.0703713,0.070362,yes
KXDOGE15M-26AUG031500,Target Price: $0.0702895,2026-08-03 14:45:00-04:00,2026-08-03 15:00:00-04:00,0.0703624,0.070289,yes
KXDOGE15M-26AUG031445,Target Price: $0.0702021,2026-08-03 14:30:00-04:00,2026-08-03 14:45:00-04:00,0.0702895,0.070202,yes
KXDOGE15M-26AUG031430,Target Price: $0.0703740,2026-08-03 14:15:00-04:00,2026-08-03 14:30:00-04:00,0.0702021,0.070374,no
KXDOGE15M-26AUG031415,Target Price: $0.0702345,2026-08-03 14:00:00-04:00,2026-08-03 14:15:00-04:00,0.0703740,0.070234,yes
KXDOGE15M-26AUG031400,Target Price: $0.0702753,2026-08-03 13:45:00-04:00,2026-08-03 14:00:00-04:00,0.0702345,0.070275,no
KXDOGE15M-26AUG031345,Target Price: $0.0702462,2026-08-03 13:30:00-04:00,2026-08-03 13:45:00-04:00,0.0702753,0.070246,yes
KXDOGE15M-26AUG031330,Target Price: $0.0703248,2026-08-03 13:15:00-04:00,2026-08-03 13:30:00-04:00,0.0702462,0.070324,no
KXDOGE15M-26AUG031315,Target Price: $0.0702531,2026-08-03 13:00:00-04:00,2026-08-03 13:15:00-04:00,0.0703248,0.070253,yes
KXDOGE15M-26AUG031300,Target Price: $0.0701811,2026-08-03 12:45:00-04:00,2026-08-03 13:00:00-04:00,0.0702531,0.070181,yes
KXDOGE15M-26AUG031245,Target Price: $0.0703891,2026-08-03 12:30:00-04:00,2026-08-03 12:45:00-04:00,0.0701811,0.070389,no
KXDOGE15M-26AUG031230,Target Price: $0.0703638,2026-08-03 12:15:00-04:00,2026-08-03 12:30:00-04:00,0.0703891,0.070363,yes
KXDOGE15M-26AUG031215,Target Price: $0.0703596,2026-08-03 12:00:00-04:00,2026-08-03 12:15:00-04:00,0.0703638,0.070359,yes
KXDOGE15M-26AUG031200,Target Price: $0.0702794,2026-08-03 11:45:00-04:00,2026-08-03 12:00:00-04:00,0.0703596,0.070279,yes
KXDOGE15M-26AUG031145,Target Price: $0.0702629,2026-08-03 11:30:00-04:00,2026-08-03 11:45:00-04:00,0.0702794,0.070262,yes
KXDOGE15M-26AUG031130,Target Price: $0.0702123,2026-08-03 11:15:00-04:00,2026-08-03 11:30:00-04:00,0.0702629,0.070212,yes
KXDOGE15M-26AUG031115,Target Price: $0.0703497,2026-08-03 11:00:00-04:00,2026-08-03 11:15:00-04:00,0.0702123,0.070349,no
KXDOGE15M-26AUG031100,Target Price: $0.0702822,2026-08-03 10:45:00-04:00,2026-08-03 11:00:00-04:00,0.0703497,0.070282,yes
KXDOGE15M-26AUG031045,Target Price: $0.0703967,2026-08-03 10:30:00-04:00,2026-08-03 10:45:00-04:00,0.0702822,0.070396,no
KXDOGE15M-26AUG031030,Target Price: $0.0701325,2026-08-03 10:15:00-04:00,2026-08-03 10:30:00-04:00,0.0703967,0.070132,yes
KXDOGE15M-26AUG031015,Target Price: $0.0702553,2026-08-03 10:00:00-04:00,2026-08-03 10:15:00-04:00,0.0701325,0.070255,no
KXDOGE15M-26AUG031000,Target Price: $0.0699480,2026-08-03 09:45:00-04:00,2026-08-03 10:00:00-04:00,0.0702553,0.069948,yes
KXDOGE15M-26AUG030945,Target Price: $0.0696012,2026-08-03 09:30:00-04:00,2026-08-03 09:45:00-04:00,0.0699480,0.069601,yes
KXDOGE15M-26AUG030930,Target Price: $0.0695099,2026-08-03 09:15:00-04:00,2026-08-03 09:30:00-04:00,0.0696012,0.069509,yes
KXDOGE15M-26AUG030915,Target Price: $0.0694614,2026-08-03 09:00:00-04:00,2026-08-03 09:15:00-04:00,0.0695099,0.069461,yes
KXDOGE15M-26AUG030900,Target Price: $0.0694908,2026-08-03 08:45:00-04:00,2026-08-03 09:00:00-04:00,0.0694614,0.06949,no
KXDOGE15M-26AUG030845,Target Price: $0.0694167,2026-08-03 08:30:00-04:00,2026-08-03 08:45:00-04:00,0.0694908,0.069416,yes
KXDOGE15M-26AUG030830,Target Price: $0.0694075,2026-08-03 08:15:00-04:00,2026-08-03 08:30:00-04:00,0.0694167,0.069407,yes
KXDOGE15M-26AUG030815,Target Price: $0.0692510,2026-08-03 08:00:00-04:00,2026-08-03 08:15:00-04:00,0.0694075,0.069251,yes
KXDOGE15M-26AUG030800,Target Price: $0.0694026,2026-08-03 07:45:00-04:00,2026-08-03 08:00:00-04:00,0.0692510,0.069402,no
KXDOGE15M-26AUG030745,Target Price: $0.0693643,2026-08-03 07:30:00-04:00,2026-08-03 07:45:00-04:00,0.0694026,0.069364,yes
KXDOGE15M-26AUG030730,Target Price: $0.0693066,2026-08-03 07:15:00-04:00,2026-08-03 07:30:00-04:00,0.0693643,0.069306,yes
KXDOGE15M-26AUG030715,Target price: TBD,2026-08-03 07:00:00-04:00,2026-08-03 07:15:00-04:00,0.0693066,,no
KXDOGE15M-26AUG030700,Target Price: $0.0695066,2026-08-03 06:45:00-04:00,2026-08-03 07:00:00-04:00,0.0694510,0.069506,no
KXDOGE15M-26AUG030645,Target Price: $0.0693819,2026-08-03 06:30:00-04:00,2026-08-03 06:45:00-04:00,0.0695066,0.069381,yes
KXDOGE15M-26AUG030630,Target Price: $0.0696147,2026-08-03 06:15:00-04:00,2026-08-03 06:30:00-04:00,0.0693819,0.069614,no
KXDOGE15M-26AUG030615,Target Price: $0.0696717,2026-08-03 06:00:00-04:00,2026-08-03 06:15:00-04:00,0.0696147,0.069671,no
KXDOGE15M-26AUG030600,Target Price: $0.0694189,2026-08-03 05:45:00-04:00,2026-08-03 06:00:00-04:00,0.0696717,0.069418,yes
KXDOGE15M-26AUG030545,Target Price: $0.0693642,2026-08-03 05:30:00-04:00,2026-08-03 05:45:00-04:00,0.0694189,0.069364,yes
KXDOGE15M-26AUG030530,Target Price: $0.0693099,2026-08-03 05:15:00-04:00,2026-08-03 05:30:00-04:00,0.0693642,0.069309,yes
KXDOGE15M-26AUG030515,Target Price: $0.0692493,2026-08-03 05:00:00-04:00,2026-08-03 05:15:00-04:00,0.0693099,0.069249,yes
KXDOGE15M-26AUG030500,Target Price: $0.0691741,2026-08-03 04:45:00-04:00,2026-08-03 05:00:00-04:00,0.0692493,0.069174,yes
KXDOGE15M-26AUG030445,Target Price: $0.0689756,2026-08-03 04:30:00-04:00,2026-08-03 04:45:00-04:00,0.0691741,0.068975,yes
KXDOGE15M-26AUG030430,Target Price: $0.0691553,2026-08-03 04:15:00-04:00,2026-08-03 04:30:00-04:00,0.0689756,0.069155,no
KXDOGE15M-26AUG030415,Target Price: $0.0692153,2026-08-03 04:00:00-04:00,2026-08-03 04:15:00-04:00,0.0691553,0.069215,no
KXDOGE15M-26AUG030400,Target Price: $0.0691796,2026-08-03 03:45:00-04:00,2026-08-03 04:00:00-04:00,0.0692153,0.069179,yes
KXDOGE15M-26AUG030345,Target Price: $0.0691874,2026-08-03 03:30:00-04:00,2026-08-03 03:45:00-04:00,0.0691796,0.069187,no
KXDOGE15M-26AUG030330,Target Price: $0.0691008,2026-08-03 03:15:00-04:00,2026-08-03 03:30:00-04:00,0.0691874,0.0691,yes
KXDOGE15M-26AUG030315,Target Price: $0.0693940,2026-08-03 03:00:00-04:00,2026-08-03 03:15:00-04:00,0.0691008,0.069394,no
KXDOGE15M-26AUG030300,Target Price: $0.0694114,2026-08-03 02:45:00-04:00,2026-08-03 03:00:00-04:00,0.0693940,0.069411,no
KXDOGE15M-26AUG030245,Target Price: $0.0696087,2026-08-03 02:30:00-04:00,2026-08-03 02:45:00-04:00,0.0694114,0.069608,no
KXDOGE15M-26AUG030230,Target Price: $0.0696923,2026-08-03 02:15:00-04:00,2026-08-03 02:30:00-04:00,0.0696087,0.069692,no
KXDOGE15M-26AUG030215,Target Price: $0.0697715,2026-08-03 02:00:00-04:00,2026-08-03 02:15:00-04:00,0.0696923,0.069771,no
KXDOGE15M-26AUG030200,Target Price: $0.0696552,2026-08-03 01:45:00-04:00,2026-08-03 02:00:00-04:00,0.0697715,0.069655,yes
KXDOGE15M-26AUG030145,Target Price: $0.0696971,2026-08-03 01:30:00-04:00,2026-08-03 01:45:00-04:00,0.0696552,0.069697,no
KXDOGE15M-26AUG030130,Target Price: $0.0698644,2026-08-03 01:15:00-04:00,2026-08-03 01:30:00-04:00,0.0696971,0.069864,no
KXDOGE15M-26AUG030115,Target Price: $0.0696778,2026-08-03 01:00:00-04:00,2026-08-03 01:15:00-04:00,0.0698644,0.069677,yes
KXDOGE15M-26AUG030100,Target Price: $0.0699142,2026-08-03 00:45:00-04:00,2026-08-03 01:00:00-04:00,0.0696778,0.069914,no
KXDOGE15M-26AUG030045,Target Price: $0.0698669,2026-08-03 00:30:00-04:00,2026-08-03 00:45:00-04:00,0.0699142,0.069866,yes
KXDOGE15M-26AUG030030,Target Price: $0.0697788,2026-08-03 00:15:00-04:00,2026-08-03 00:30:00-04:00,0.0698669,0.069778,yes
KXDOGE15M-26AUG030015,Target Price: $0.0697538,2026-08-03 00:00:00-04:00,2026-08-03 00:15:00-04:00,0.0697788,0.069753,yes
KXDOGE15M-26AUG030000,Target Price: $0.0699352,2026-08-02 23:45:00-04:00,2026-08-03 00:00:00-04:00,0.0697538,0.069935,no
KXDOGE15M-26AUG022345,Target Price: $0.0699594,2026-08-02 23:30:00-04:00,2026-08-02 23:45:00-04:00,0.0699352,0.069959,no
KXDOGE15M-26AUG022330,Target Price: $0.0699329,2026-08-02 23:15:00-04:00,2026-08-02 23:30:00-04:00,0.0699594,0.069932,yes
KXDOGE15M-26AUG022315,Target Price: $0.0699827,2026-08-02 23:00:00-04:00,2026-08-02 23:15:00-04:00,0.0699329,0.069982,no
KXDOGE15M-26AUG022300,Target Price: $0.0700758,2026-08-02 22:45:00-04:00,2026-08-02 23:00:00-04:00,0.0699827,0.070075,no
KXDOGE15M-26AUG022245,Target Price: $0.0699949,2026-08-02 22:30:00-04:00,2026-08-02 22:45:00-04:00,0.0700758,0.069994,yes
KXDOGE15M-26AUG022230,Target Price: $0.0699605,2026-08-02 22:15:00-04:00,2026-08-02 22:30:00-04:00,0.0699949,0.06996,yes
KXDOGE15M-26AUG022215,Target Price: $0.0700088,2026-08-02 22:00:00-04:00,2026-08-02 22:15:00-04:00,0.0699605,0.070008,no
KXDOGE15M-26AUG022200,Target Price: $0.0700018,2026-08-02 21:45:00-04:00,2026-08-02 22:00:00-04:00,0.0700088,0.070001,yes
KXDOGE15M-26AUG022145,Target Price: $0.0700152,2026-08-02 21:30:00-04:00,2026-08-02 21:45:00-04:00,0.0700018,0.070015,no
KXDOGE15M-26AUG022130,Target Price: $0.0700367,2026-08-02 21:15:00-04:00,2026-08-02 21:30:00-04:00,0.0700152,0.070036,no
KXDOGE15M-26AUG022115,Target Price: $0.0701489,2026-08-02 21:00:00-04:00,2026-08-02 21:15:00-04:00,0.0700367,0.070148,no
KXDOGE15M-26AUG022100,Target Price: $0.0702813,2026-08-02 20:45:00-04:00,2026-08-02 21:00:00-04:00,0.0701489,0.070281,no
KXDOGE15M-26AUG022045,Target Price: $0.0703119,2026-08-02 20:30:00-04:00,2026-08-02 20:45:00-04:00,0.0702813,0.070311,no
KXDOGE15M-26AUG022030,Target Price: $0.0705538,2026-08-02 20:15:00-04:00,2026-08-02 20:30:00-04:00,0.0703119,0.070553,no
KXDOGE15M-26AUG022015,Target Price: $0.0707168,2026-08-02 20:00:00-04:00,2026-08-02 20:15:00-04:00,0.0705538,0.070716,no
KXDOGE15M-26AUG022000,Target Price: $0.0706313,2026-08-02 19:45:00-04:00,2026-08-02 20:00:00-04:00,0.0707168,0.070631,yes
KXDOGE15M-26AUG021945,Target Price: $0.0707059,2026-08-02 19:30:00-04:00,2026-08-02 19:45:00-04:00,0.0706313,0.070705,no
KXDOGE15M-26AUG021930,Target Price: $0.0704920,2026-08-02 19:15:00-04:00,2026-08-02 19:30:00-04:00,0.0707059,0.070492,yes
KXDOGE15M-26AUG021915,Target Price: $0.0707052,2026-08-02 19:00:00-04:00,2026-08-02 19:15:00-04:00,0.0704920,0.070705,no
KXDOGE15M-26AUG021900,Target Price: $0.0708013,2026-08-02 18:45:00-04:00,2026-08-02 19:00:00-04:00,0.0707052,0.070801,no
KXDOGE15M-26AUG021845,Target Price: $0.0709570,2026-08-02 18:30:00-04:00,2026-08-02 18:45:00-04:00,0.0708013,0.070957,no
KXDOGE15M-26AUG021830,Target Price: $0.0711165,2026-08-02 18:15:00-04:00,2026-08-02 18:30:00-04:00,0.0709570,0.071116,no
KXDOGE15M-26AUG021815,Target Price: $0.0706981,2026-08-02 18:00:00-04:00,2026-08-02 18:15:00-04:00,0.0711165,0.070698,yes
KXDOGE15M-26AUG021800,Target Price: $0.0707958,2026-08-02 17:45:00-04:00,2026-08-02 18:00:00-04:00,0.0706981,0.070795,no
KXDOGE15M-26AUG021745,Target Price: $0.0706823,2026-08-02 17:30:00-04:00,2026-08-02 17:45:00-04:00,0.0707958,0.070682,yes
KXDOGE15M-26AUG021730,Target Price: $0.0705968,2026-08-02 17:15:00-04:00,2026-08-02 17:30:00-04:00,0.0706823,0.070596,yes
KXDOGE15M-26AUG021715,Target Price: $0.0705021,2026-08-02 17:00:00-04:00,2026-08-02 17:15:00-04:00,0.0705968,0.070502,yes
KXDOGE15M-26AUG021700,Target Price: $0.0704394,2026-08-02 16:45:00-04:00,2026-08-02 17:00:00-04:00,0.0705021,0.070439,yes
KXDOGE15M-26AUG021645,Target Price: $0.0705125,2026-08-02 16:30:00-04:00,2026-08-02 16:45:00-04:00,0.0704394,0.070512,no
KXDOGE15M-26AUG021630,Target Price: $0.0705419,2026-08-02 16:15:00-04:00,2026-08-02 16:30:00-04:00,0.0705125,0.070541,no
KXDOGE15M-26AUG021615,Target Price: $0.0706888,2026-08-02 16:00:00-04:00,2026-08-02 16:15:00-04:00,0.0705419,0.070688,no
KXDOGE15M-26AUG021600,Target Price: $0.0706423,2026-08-02 15:45:00-04:00,2026-08-02 16:00:00-04:00,0.0706888,0.070642,yes
KXDOGE15M-26AUG021545,Target Price: $0.0705827,2026-08-02 15:30:00-04:00,2026-08-02 15:45:00-04:00,0.0706423,0.070582,yes
KXDOGE15M-26AUG021530,Target Price: $0.0706683,2026-08-02 15:15:00-04:00,2026-08-02 15:30:00-04:00,0.0705827,0.070668,no
KXDOGE15M-26AUG021515,Target Price: $0.0707404,2026-08-02 15:00:00-04:00,2026-08-02 15:15:00-04:00,0.0706683,0.07074,no
KXDOGE15M-26AUG021500,Target Price: $0.0709676,2026-08-02 14:45:00-04:00,2026-08-02 15:00:00-04:00,0.0707404,0.070967,no
KXDOGE15M-26AUG021445,Target Price: $0.0707431,2026-08-02 14:30:00-04:00,2026-08-02 14:45:00-04:00,0.0709676,0.070743,yes
KXDOGE15M-26AUG021430,Target Price: $0.0705217,2026-08-02 14:15:00-04:00,2026-08-02 14:30:00-04:00,0.0707431,0.070521,yes
KXDOGE15M-26AUG021415,Target Price: $0.0705254,2026-08-02 14:00:00-04:00,2026-08-02 14:15:00-04:00,0.0705217,0.070525,no
KXDOGE15M-26AUG021400,Target Price: $0.0705562,2026-08-02 13:45:00-04:00,2026-08-02 14:00:00-04:00,0.0705254,0.070556,no
KXDOGE15M-26AUG021345,Target Price: $0.0703376,2026-08-02 13:30:00-04:00,2026-08-02 13:45:00-04:00,0.0705562,0.070337,yes
KXDOGE15M-26AUG021330,Target Price: $0.0702331,2026-08-02 13:15:00-04:00,2026-08-02 13:30:00-04:00,0.0703376,0.070233,yes
KXDOGE15M-26AUG021315,Target Price: $0.0702932,2026-08-02 13:00:00-04:00,2026-08-02 13:15:00-04:00,0.0702331,0.070293,no
KXDOGE15M-26AUG021300,Target Price: $0.0703478,2026-08-02 12:45:00-04:00,2026-08-02 13:00:00-04:00,0.0702932,0.070347,no
KXDOGE15M-26AUG021245,Target Price: $0.0701205,2026-08-02 12:30:00-04:00,2026-08-02 12:45:00-04:00,0.0703478,0.07012,yes
KXDOGE15M-26AUG021230,Target Price: $0.0701068,2026-08-02 12:15:00-04:00,2026-08-02 12:30:00-04:00,0.0701205,0.070106,yes
KXDOGE15M-26AUG021215,Target Price: $0.0702243,2026-08-02 12:00:00-04:00,2026-08-02 12:15:00-04:00,0.0701068,0.070224,no
KXDOGE15M-26AUG021200,Target Price: $0.0702890,2026-08-02 11:45:00-04:00,2026-08-02 12:00:00-04:00,0.0702243,0.070289,no
KXDOGE15M-26AUG021145,Target Price: $0.0702945,2026-08-02 11:30:00-04:00,2026-08-02 11:45:00-04:00,0.0702890,0.070294,no
KXDOGE15M-26AUG021130,Target Price: $0.0703681,2026-08-02 11:15:00-04:00,2026-08-02 11:30:00-04:00,0.0702945,0.070368,no
KXDOGE15M-26AUG021115,Target Price: $0.0703256,2026-08-02 11:00:00-04:00,2026-08-02 11:15:00-04:00,0.0703681,0.070325,yes
KXDOGE15M-26AUG021100,Target Price: $0.0703927,2026-08-02 10:45:00-04:00,2026-08-02 11:00:00-04:00,0.0703256,0.070392,no
KXDOGE15M-26AUG021045,Target Price: $0.0702266,2026-08-02 10:30:00-04:00,2026-08-02 10:45:00-04:00,0.0703927,0.070226,yes
KXDOGE15M-26AUG021030,Target Price: $0.0700548,2026-08-02 10:15:00-04:00,2026-08-02 10:30:00-04:00,0.0702266,0.070054,yes
KXDOGE15M-26AUG021015,Target Price: $0.0700841,2026-08-02 10:00:00-04:00,2026-08-02 10:15:00-04:00,0.0700548,0.070084,no
KXDOGE15M-26AUG021000,Target Price: $0.0700329,2026-08-02 09:45:00-04:00,2026-08-02 10:00:00-04:00,0.0700841,0.070032,yes
KXDOGE15M-26AUG020945,Target Price: $0.0701444,2026-08-02 09:30:00-04:00,2026-08-02 09:45:00-04:00,0.0700329,0.070144,no
KXDOGE15M-26AUG020930,Target Price: $0.0700323,2026-08-02 09:15:00-04:00,2026-08-02 09:30:00-04:00,0.0701444,0.070032,yes
KXDOGE15M-26AUG020915,Target Price: $0.0699688,2026-08-02 09:00:00-04:00,2026-08-02 09:15:00-04:00,0.0700323,0.069968,yes
KXDOGE15M-26AUG020900,Target Price: $0.0699701,2026-08-02 08:45:00-04:00,2026-08-02 09:00:00-04:00,0.0699688,0.06997,no
KXDOGE15M-26AUG020845,Target Price: $0.0699518,2026-08-02 08:30:00-04:00,2026-08-02 08:45:00-04:00,0.0699701,0.069951,yes
KXDOGE15M-26AUG020830,Target Price: $0.0700312,2026-08-02 08:15:00-04:00,2026-08-02 08:30:00-04:00,0.0699518,0.070031,no
KXDOGE15M-26AUG020815,Target Price: $0.0698918,2026-08-02 08:00:00-04:00,2026-08-02 08:15:00-04:00,0.0700312,0.069891,yes
KXDOGE15M-26AUG020800,Target Price: $0.0698962,2026-08-02 07:45:00-04:00,2026-08-02 08:00:00-04:00,0.0698918,0.069896,no
KXDOGE15M-26AUG020745,Target Price: $0.0699851,2026-08-02 07:30:00-04:00,2026-08-02 07:45:00-04:00,0.0698962,0.069985,no
KXDOGE15M-26AUG020730,Target Price: $0.0699701,2026-08-02 07:15:00-04:00,2026-08-02 07:30:00-04:00,0.0699851,0.06997,yes
KXDOGE15M-26AUG020715,Target Price: $0.0699741,2026-08-02 07:00:00-04:00,2026-08-02 07:15:00-04:00,0.0699701,0.069974,no
KXDOGE15M-26AUG020700,Target Price: $0.0699452,2026-08-02 06:45:00-04:00,2026-08-02 07:00:00-04:00,0.0699741,0.069945,yes
KXDOGE15M-26AUG020645,Target Price: $0.0698629,2026-08-02 06:30:00-04:00,2026-08-02 06:45:00-04:00,0.0699452,0.069862,yes
KXDOGE15M-26AUG020630,Target Price: $0.0699949,2026-08-02 06:15:00-04:00,2026-08-02 06:30:00-04:00,0.0698629,0.069994,no
KXDOGE15M-26AUG020615,Target Price: $0.0701288,2026-08-02 06:00:00-04:00,2026-08-02 06:15:00-04:00,0.0699949,0.070128,no
KXDOGE15M-26AUG020600,Target Price: $0.0701317,2026-08-02 05:45:00-04:00,2026-08-02 06:00:00-04:00,0.0701288,0.070131,no
KXDOGE15M-26AUG020545,Target Price: $0.0700510,2026-08-02 05:30:00-04:00,2026-08-02 05:45:00-04:00,0.0701317,0.070051,yes
KXDOGE15M-26AUG020530,Target Price: $0.0700233,2026-08-02 05:15:00-04:00,2026-08-02 05:30:00-04:00,0.0700510,0.070023,yes
KXDOGE15M-26AUG020515,Target Price: $0.0699454,2026-08-02 05:00:00-04:00,2026-08-02 05:15:00-04:00,0.0700233,0.069945,yes
KXDOGE15M-26AUG020500,Target Price: $0.0700083,2026-08-02 04:45:00-04:00,2026-08-02 05:00:00-04:00,0.0699454,0.070008,no
KXDOGE15M-26AUG020445,Target Price: $0.0700576,2026-08-02 04:30:00-04:00,2026-08-02 04:45:00-04:00,0.0700083,0.070057,no
KXDOGE15M-26AUG020430,Target Price: $0.0701930,2026-08-02 04:15:00-04:00,2026-08-02 04:30:00-04:00,0.0700576,0.070193,no
KXDOGE15M-26AUG020415,Target Price: $0.0703243,2026-08-02 04:00:00-04:00,2026-08-02 04:15:00-04:00,0.0701930,0.070324,no
KXDOGE15M-26AUG020400,Target Price: $0.0703211,2026-08-02 03:45:00-04:00,2026-08-02 04:00:00-04:00,0.0703243,0.070321,yes
KXDOGE15M-26AUG020345,Target Price: $0.0702983,2026-08-02 03:30:00-04:00,2026-08-02 03:45:00-04:00,0.0703211,0.070298,yes
KXDOGE15M-26AUG020330,Target Price: $0.0702677,2026-08-02 03:15:00-04:00,2026-08-02 03:30:00-04:00,0.0702983,0.070267,yes
KXDOGE15M-26AUG020315,Target Price: $0.0703022,2026-08-02 03:00:00-04:00,2026-08-02 03:15:00-04:00,0.0702677,0.070302,no
KXDOGE15M-26AUG020300,Target Price: $0.0703074,2026-08-02 02:45:00-04:00,2026-08-02 03:00:00-04:00,0.0703022,0.070307,no
KXDOGE15M-26AUG020245,Target Price: $0.0703166,2026-08-02 02:30:00-04:00,2026-08-02 02:45:00-04:00,0.0703074,0.070316,no
KXDOGE15M-26AUG020230,Target Price: $0.0702137,2026-08-02 02:15:00-04:00,2026-08-02 02:30:00-04:00,0.0703166,0.070213,yes
KXDOGE15M-26AUG020215,Target Price: $0.0704416,2026-08-02 02:00:00-04:00,2026-08-02 02:15:00-04:00,0.0702137,0.070441,no
KXDOGE15M-26AUG020200,Target Price: $0.0703795,2026-08-02 01:45:00-04:00,2026-08-02 02:00:00-04:00,0.0704416,0.070379,yes
KXDOGE15M-26AUG020145,Target Price: $0.0703474,2026-08-02 01:30:00-04:00,2026-08-02 01:45:00-04:00,0.0703795,0.070347,yes
KXDOGE15M-26AUG020130,Target Price: $0.0701802,2026-08-02 01:15:00-04:00,2026-08-02 01:30:00-04:00,0.0703474,0.07018,yes
KXDOGE15M-26AUG020115,Target Price: $0.0701722,2026-08-02 01:00:00-04:00,2026-08-02 01:15:00-04:00,0.0701802,0.070172,yes
KXDOGE15M-26AUG020100,Target Price: $0.0700650,2026-08-02 00:45:00-04:00,2026-08-02 01:00:00-04:00,0.0701722,0.070065,yes
KXDOGE15M-26AUG020045,Target Price: $0.0700390,2026-08-02 00:30:00-04:00,2026-08-02 00:45:00-04:00,0.0700650,0.070039,yes
KXDOGE15M-26AUG020030,Target Price: $0.0700028,2026-08-02 00:15:00-04:00,2026-08-02 00:30:00-04:00,0.0700390,0.070002,yes
KXDOGE15M-26AUG020015,Target Price: $0.0699653,2026-08-02 00:00:00-04:00,2026-08-02 00:15:00-04:00,0.0700028,0.069965,yes
KXDOGE15M-26AUG020000,Target Price: $0.0699955,2026-08-01 23:45:00-04:00,2026-08-02 00:00:00-04:00,0.0699653,0.069995,no
KXDOGE15M-26AUG012345,Target Price: $0.0699125,2026-08-01 23:30:00-04:00,2026-08-01 23:45:00-04:00,0.0699955,0.069912,yes
KXDOGE15M-26AUG012330,Target Price: $0.0699901,2026-08-01 23:15:00-04:00,2026-08-01 23:30:00-04:00,0.0699125,0.06999,no
KXDOGE15M-26AUG012315,Target Price: $0.0699301,2026-08-01 23:00:00-04:00,2026-08-01 23:15:00-04:00,0.0699901,0.06993,yes
KXDOGE15M-26AUG012300,Target Price: $0.0699464,2026-08-01 22:45:00-04:00,2026-08-01 23:00:00-04:00,0.0699301,0.069946,no
KXDOGE15M-26AUG012245,Target Price: $0.0699299,2026-08-01 22:30:00-04:00,2026-08-01 22:45:00-04:00,0.0699464,0.069929,yes
KXDOGE15M-26AUG012230,Target Price: $0.0700606,2026-08-01 22:15:00-04:00,2026-08-01 22:30:00-04:00,0.0699299,0.07006,no
KXDOGE15M-26AUG012215,Target Price: $0.0695668,2026-08-01 22:00:00-04:00,2026-08-01 22:15:00-04:00,0.0700606,0.069566,yes
KXDOGE15M-26AUG012200,Target Price: $0.0694872,2026-08-01 21:45:00-04:00,2026-08-01 22:00:00-04:00,0.0695668,0.069487,yes
KXDOGE15M-26AUG012145,Target Price: $0.0695757,2026-08-01 21:30:00-04:00,2026-08-01 21:45:00-04:00,0.0694872,0.069575,no
KXDOGE15M-26AUG012130,Target Price: $0.0694445,2026-08-01 21:15:00-04:00,2026-08-01 21:30:00-04:00,0.0695757,0.069444,yes
KXDOGE15M-26AUG012115,Target Price: $0.0691189,2026-08-01 21:00:00-04:00,2026-08-01 21:15:00-04:00,0.0694445,0.069118,yes
KXDOGE15M-26AUG012100,Target Price: $0.0690793,2026-08-01 20:45:00-04:00,2026-08-01 21:00:00-04:00,0.0691189,0.069079,yes
KXDOGE15M-26AUG012045,Target Price: $0.0691047,2026-08-01 20:30:00-04:00,2026-08-01 20:45:00-04:00,0.0690793,0.069104,no
KXDOGE15M-26AUG012030,Target Price: $0.0691811,2026-08-01 20:15:00-04:00,2026-08-01 20:30:00-04:00,0.0691047,0.069181,no
KXDOGE15M-26AUG012015,Target Price: $0.0690778,2026-08-01 20:00:00-04:00,2026-08-01 20:15:00-04:00,0.0691811,0.069077,yes
KXDOGE15M-26AUG012000,Target Price: $0.0691241,2026-08-01 19:45:00-04:00,2026-08-01 20:00:00-04:00,0.0690778,0.069124,no
KXDOGE15M-26AUG011945,Target Price: $0.0690547,2026-08-01 19:30:00-04:00,2026-08-01 19:45:00-04:00,0.0691241,0.069054,yes
KXDOGE15M-26AUG011930,Target Price: $0.0690963,2026-08-01 19:15:00-04:00,2026-08-01 19:30:00-04:00,0.0690547,0.069096,no
KXDOGE15M-26AUG011915,Target Price: $0.0689607,2026-08-01 19:00:00-04:00,2026-08-01 19:15:00-04:00,0.0690963,0.06896,yes
KXDOGE15M-26AUG011900,Target Price: $0.0690312,2026-08-01 18:45:00-04:00,2026-08-01 19:00:00-04:00,0.0689607,0.069031,no
KXDOGE15M-26AUG011845,Target Price: $0.0690534,2026-08-01 18:30:00-04:00,2026-08-01 18:45:00-04:00,0.0690312,0.069053,no
KXDOGE15M-26AUG011830,Target Price: $0.0690548,2026-08-01 18:15:00-04:00,2026-08-01 18:30:00-04:00,0.0690534,0.069054,no
KXDOGE15M-26AUG011815,Target Price: $0.0690734,2026-08-01 18:00:00-04:00,2026-08-01 18:15:00-04:00,0.0690548,0.069073,no
KXDOGE15M-26AUG011800,Target Price: $0.0691083,2026-08-01 17:45:00-04:00,2026-08-01 18:00:00-04:00,0.0690734,0.069108,no
KXDOGE15M-26AUG011745,Target Price: $0.0689244,2026-08-01 17:30:00-04:00,2026-08-01 17:45:00-04:00,0.0691083,0.068924,yes
KXDOGE15M-26AUG011730,Target Price: $0.0688234,2026-08-01 17:15:00-04:00,2026-08-01 17:30:00-04:00,0.0689244,0.068823,yes
KXDOGE15M-26AUG011715,Target Price: $0.0686088,2026-08-01 17:00:00-04:00,2026-08-01 17:15:00-04:00,0.0688234,0.068608,yes
KXDOGE15M-26AUG011700,Target Price: $0.0685040,2026-08-01 16:45:00-04:00,2026-08-01 17:00:00-04:00,0.0686088,0.068504,yes
KXDOGE15M-26AUG011645,Target Price: $0.0684820,2026-08-01 16:30:00-04:00,2026-08-01 16:45:00-04:00,0.0685040,0.068482,yes
KXDOGE15M-26AUG011630,Target Price: $0.0684930,2026-08-01 16:15:00-04:00,2026-08-01 16:30:00-04:00,0.0684820,0.068493,no
KXDOGE15M-26AUG011615,Target Price: $0.0684842,2026-08-01 16:00:00-04:00,2026-08-01 16:15:00-04:00,0.0684930,0.068484,yes
KXDOGE15M-26AUG011600,Target Price: $0.0684325,2026-08-01 15:45:00-04:00,2026-08-01 16:00:00-04:00,0.0684842,0.068432,yes
KXDOGE15M-26AUG011545,Target Price: $0.0685048,2026-08-01 15:30:00-04:00,2026-08-01 15:45:00-04:00,0.0684325,0.068504,no
KXDOGE15M-26AUG011530,Target Price: $0.0685741,2026-08-01 15:15:00-04:00,2026-08-01 15:30:00-04:00,0.0685048,0.068574,no
KXDOGE15M-26AUG011515,Target Price: $0.0684784,2026-08-01 15:00:00-04:00,2026-08-01 15:15:00-04:00,0.0685741,0.068478,yes
KXDOGE15M-26AUG011500,Target Price: $0.0688012,2026-08-01 14:45:00-04:00,2026-08-01 15:00:00-04:00,0.0684784,0.068801,no
KXDOGE15M-26AUG011445,Target Price: $0.0692284,2026-08-01 14:30:00-04:00,2026-08-01 14:45:00-04:00,0.0688012,0.069228,no
KXDOGE15M-26AUG011430,Target Price: $0.0694299,2026-08-01 14:15:00-04:00,2026-08-01 14:30:00-04:00,0.0692284,0.069429,no
KXDOGE15M-26AUG011415,Target Price: $0.0694549,2026-08-01 14:00:00-04:00,2026-08-01 14:15:00-04:00,0.0694299,0.069454,no
KXDOGE15M-26AUG011400,Target Price: $0.0695449,2026-08-01 13:45:00-04:00,2026-08-01 14:00:00-04:00,0.0694549,0.069544,no
KXDOGE15M-26AUG011345,Target Price: $0.0696971,2026-08-01 13:30:00-04:00,2026-08-01 13:45:00-04:00,0.0695449,0.069697,no
KXDOGE15M-26AUG011330,Target Price: $0.0698357,2026-08-01 13:15:00-04:00,2026-08-01 13:30:00-04:00,0.0696971,0.069835,no
KXDOGE15M-26AUG011315,Target Price: $0.0699358,2026-08-01 13:00:00-04:00,2026-08-01 13:15:00-04:00,0.0698357,0.069935,no
KXDOGE15M-26AUG011300,Target Price: $0.0700049,2026-08-01 12:45:00-04:00,2026-08-01 13:00:00-04:00,0.0699358,0.070004,no
KXDOGE15M-26AUG011245,Target Price: $0.0700513,2026-08-01 12:30:00-04:00,2026-08-01 12:45:00-04:00,0.0700049,0.070051,no
KXDOGE15M-26AUG011230,Target Price: $0.0700824,2026-08-01 12:15:00-04:00,2026-08-01 12:30:00-04:00,0.0700513,0.070082,no
KXDOGE15M-26AUG011215,Target Price: $0.0700598,2026-08-01 12:00:00-04:00,2026-08-01 12:15:00-04:00,0.0700824,0.070059,yes
KXDOGE15M-26AUG011200,Target Price: $0.0700363,2026-08-01 11:45:00-04:00,2026-08-01 12:00:00-04:00,0.0700598,0.070036,yes
KXDOGE15M-26AUG011145,Target Price: $0.0699362,2026-08-01 11:30:00-04:00,2026-08-01 11:45:00-04:00,0.0700363,0.069936,yes
KXDOGE15M-26AUG011130,Target Price: $0.0700365,2026-08-01 11:15:00-04:00,2026-08-01 11:30:00-04:00,0.0699362,0.070036,no
KXDOGE15M-26AUG011115,Target Price: $0.0700595,2026-08-01 11:00:00-04:00,2026-08-01 11:15:00-04:00,0.0700365,0.070059,no
KXDOGE15M-26AUG011100,Target Price: $0.0699653,2026-08-01 10:45:00-04:00,2026-08-01 11:00:00-04:00,0.0700595,0.069965,yes
KXDOGE15M-26AUG011045,Target Price: $0.0700439,2026-08-01 10:30:00-04:00,2026-08-01 10:45:00-04:00,0.0699653,0.070043,no
KXDOGE15M-26AUG011030,Target Price: $0.0700505,2026-08-01 10:15:00-04:00,2026-08-01 10:30:00-04:00,0.0700439,0.07005,no
KXDOGE15M-26AUG011015,Target Price: $0.0700160,2026-08-01 10:00:00-04:00,2026-08-01 10:15:00-04:00,0.0700505,0.070016,yes
KXDOGE15M-26AUG011000,Target Price: $0.0699178,2026-08-01 09:45:00-04:00,2026-08-01 10:00:00-04:00,0.0700160,0.069917,yes
KXDOGE15M-26AUG010945,Target Price: $0.0699292,2026-08-01 09:30:00-04:00,2026-08-01 09:45:00-04:00,0.0699178,0.069929,no
KXDOGE15M-26AUG010930,Target Price: $0.0700286,2026-08-01 09:15:00-04:00,2026-08-01 09:30:00-04:00,0.0699292,0.070028,no
KXDOGE15M-26AUG010915,Target Price: $0.0698499,2026-08-01 09:00:00-04:00,2026-08-01 09:15:00-04:00,0.0700286,0.069849,yes
KXDOGE15M-26AUG010900,Target Price: $0.0697377,2026-08-01 08:45:00-04:00,2026-08-01 09:00:00-04:00,0.0698499,0.069737,yes
KXDOGE15M-26AUG010845,Target Price: $0.0697281,2026-08-01 08:30:00-04:00,2026-08-01 08:45:00-04:00,0.0697377,0.069728,yes
KXDOGE15M-26AUG010830,Target Price: $0.0698280,2026-08-01 08:15:00-04:00,2026-08-01 08:30:00-04:00,0.0697281,0.069828,no
KXDOGE15M-26AUG010815,Target Price: $0.0697897,2026-08-01 08:00:00-04:00,2026-08-01 08:15:00-04:00,0.0698280,0.069789,yes
KXDOGE15M-26AUG010800,Target Price: $0.0697943,2026-08-01 07:45:00-04:00,2026-08-01 08:00:00-04:00,0.0697897,0.069794,no
KXDOGE15M-26AUG010745,Target Price: $0.0697443,2026-08-01 07:30:00-04:00,2026-08-01 07:45:00-04:00,0.0697943,0.069744,yes
KXDOGE15M-26AUG010730,Target Price: $0.0698386,2026-08-01 07:15:00-04:00,2026-08-01 07:30:00-04:00,0.0697443,0.069838,no
KXDOGE15M-26AUG010715,Target Price: $0.0697460,2026-08-01 07:00:00-04:00,2026-08-01 07:15:00-04:00,0.0698386,0.069746,yes
KXDOGE15M-26AUG010700,Target Price: $0.0696712,2026-08-01 06:45:00-04:00,2026-08-01 07:00:00-04:00,0.0697460,0.069671,yes
KXDOGE15M-26AUG010645,Target Price: $0.0696598,2026-08-01 06:30:00-04:00,2026-08-01 06:45:00-04:00,0.0696712,0.069659,yes
KXDOGE15M-26AUG010630,Target Price: $0.0696223,2026-08-01 06:15:00-04:00,2026-08-01 06:30:00-04:00,0.0696598,0.069622,yes
KXDOGE15M-26AUG010615,Target Price: $0.0697316,2026-08-01 06:00:00-04:00,2026-08-01 06:15:00-04:00,0.0696223,0.069731,no
KXDOGE15M-26AUG010600,Target Price: $0.0698131,2026-08-01 05:45:00-04:00,2026-08-01 06:00:00-04:00,0.0697316,0.069813,no
KXDOGE15M-26AUG010545,Target Price: $0.0697320,2026-08-01 05:30:00-04:00,2026-08-01 05:45:00-04:00,0.0698131,0.069732,yes
KXDOGE15M-26AUG010530,Target Price: $0.0697911,2026-08-01 05:15:00-04:00,2026-08-01 05:30:00-04:00,0.0697320,0.069791,no
KXDOGE15M-26AUG010515,Target Price: $0.0698625,2026-08-01 05:00:00-04:00,2026-08-01 05:15:00-04:00,0.0697911,0.069862,no
KXDOGE15M-26AUG010500,Target Price: $0.0697898,2026-08-01 04:45:00-04:00,2026-08-01 05:00:00-04:00,0.0698625,0.069789,yes
KXDOGE15M-26AUG010445,Target Price: $0.0697724,2026-08-01 04:30:00-04:00,2026-08-01 04:45:00-04:00,0.0697898,0.069772,yes
KXDOGE15M-26AUG010430,Target Price: $0.0697840,2026-08-01 04:15:00-04:00,2026-08-01 04:30:00-04:00,0.0697724,0.069784,no
KXDOGE15M-26AUG010415,Target Price: $0.0698182,2026-08-01 04:00:00-04:00,2026-08-01 04:15:00-04:00,0.0697840,0.069818,no
KXDOGE15M-26AUG010400,Target Price: $0.0697693,2026-08-01 03:45:00-04:00,2026-08-01 04:00:00-04:00,0.0698182,0.069769,yes
KXDOGE15M-26AUG010345,Target Price: $0.0699178,2026-08-01 03:30:00-04:00,2026-08-01 03:45:00-04:00,0.0697693,0.069917,no
KXDOGE15M-26AUG010330,Target Price: $0.0700425,2026-08-01 03:15:00-04:00,2026-08-01 03:30:00-04:00,0.0699178,0.070042,no
KXDOGE15M-26AUG010315,Target Price: $0.0699799,2026-08-01 03:00:00-04:00,2026-08-01 03:15:00-04:00,0.0700425,0.069979,yes
KXDOGE15M-26AUG010300,Target Price: $0.0699493,2026-08-01 02:45:00-04:00,2026-08-01 03:00:00-04:00,0.0699799,0.069949,yes
KXDOGE15M-26AUG010245,Target Price: $0.0699730,2026-08-01 02:30:00-04:00,2026-08-01 02:45:00-04:00,0.0699493,0.069973,no
KXDOGE15M-26AUG010230,Target Price: $0.0700402,2026-08-01 02:15:00-04:00,2026-08-01 02:30:00-04:00,0.0699730,0.07004,no
KXDOGE15M-26AUG010215,Target Price: $0.0700383,2026-08-01 02:00:00-04:00,2026-08-01 02:15:00-04:00,0.0700402,0.070038,yes
KXDOGE15M-26AUG010200,Target Price: $0.0699654,2026-08-01 01:45:00-04:00,2026-08-01 02:00:00-04:00,0.0700383,0.069965,yes
KXDOGE15M-26AUG010145,Target Price: $0.0699962,2026-08-01 01:30:00-04:00,2026-08-01 01:45:00-04:00,0.0699654,0.069996,no
KXDOGE15M-26AUG010130,Target Price: $0.0700930,2026-08-01 01:15:00-04:00,2026-08-01 01:30:00-04:00,0.0699962,0.070093,no
KXDOGE15M-26AUG010115,Target Price: $0.0700897,2026-08-01 01:00:00-04:00,2026-08-01 01:15:00-04:00,0.0700930,0.070089,yes
KXDOGE15M-26AUG010100,Target Price: $0.0701533,2026-08-01 00:45:00-04:00,2026-08-01 01:00:00-04:00,0.0700897,0.070153,no
KXDOGE15M-26AUG010045,Target Price: $0.0701549,2026-08-01 00:30:00-04:00,2026-08-01 00:45:00-04:00,0.0701533,0.070154,no
KXDOGE15M-26AUG010030,Target Price: $0.0700387,2026-08-01 00:15:00-04:00,2026-08-01 00:30:00-04:00,0.0701549,0.070038,yes
KXDOGE15M-26AUG010015,Target Price: $0.0700450,2026-08-01 00:00:00-04:00,2026-08-01 00:15:00-04:00,0.0700387,0.070045,no
KXDOGE15M-26AUG010000,Target Price: $0.0699806,2026-07-31 23:45:00-04:00,2026-08-01 00:00:00-04:00,0.0700450,0.06998,yes
KXDOGE15M-26JUL312345,Target Price: $0.0700229,2026-07-31 23:30:00-04:00,2026-07-31 23:45:00-04:00,0.0699806,0.070022,no
KXDOGE15M-26JUL312330,Target Price: $0.0700159,2026-07-31 23:15:00-04:00,2026-07-31 23:30:00-04:00,0.0700229,0.070015,yes
KXDOGE15M-26JUL312315,Target Price: $0.0700612,2026-07-31 23:00:00-04:00,2026-07-31 23:15:00-04:00,0.0700159,0.070061,no
KXDOGE15M-26JUL312300,Target Price: $0.0699444,2026-07-31 22:45:00-04:00,2026-07-31 23:00:00-04:00,0.0700612,0.069944,yes
KXDOGE15M-26JUL312245,Target Price: $0.0701466,2026-07-31 22:30:00-04:00,2026-07-31 22:45:00-04:00,0.0699444,0.070146,no
KXDOGE15M-26JUL312230,Target Price: $0.0700824,2026-07-31 22:15:00-04:00,2026-07-31 22:30:00-04:00,0.0701466,0.070082,yes
KXDOGE15M-26JUL312215,Target Price: $0.0700351,2026-07-31 22:00:00-04:00,2026-07-31 22:15:00-04:00,0.0700824,0.070035,yes
KXDOGE15M-26JUL312200,Target Price: $0.0700314,2026-07-31 21:45:00-04:00,2026-07-31 22:00:00-04:00,0.0700351,0.070031,yes
KXDOGE15M-26JUL312145,Target Price: $0.0700029,2026-07-31 21:30:00-04:00,2026-07-31 21:45:00-04:00,0.0700314,0.070002,yes
KXDOGE15M-26JUL312130,Target Price: $0.0700146,2026-07-31 21:15:00-04:00,2026-07-31 21:30:00-04:00,0.0700029,0.070014,no
KXDOGE15M-26JUL312115,Target Price: $0.0698125,2026-07-31 21:00:00-04:00,2026-07-31 21:15:00-04:00,0.0700146,0.069812,yes
KXDOGE15M-26JUL312100,Target Price: $0.0698364,2026-07-31 20:45:00-04:00,2026-07-31 21:00:00-04:00,0.0698125,0.069836,no
KXDOGE15M-26JUL312045,Target Price: $0.0696210,2026-07-31 20:30:00-04:00,2026-07-31 20:45:00-04:00,0.0698364,0.069621,yes
KXDOGE15M-26JUL312030,Target Price: $0.0695980,2026-07-31 20:15:00-04:00,2026-07-31 20:30:00-04:00,0.0696210,0.069598,yes
KXDOGE15M-26JUL312015,Target Price: $0.0695301,2026-07-31 20:00:00-04:00,2026-07-31 20:15:00-04:00,0.0695980,0.06953,yes
KXDOGE15M-26JUL312000,Target Price: $0.0696173,2026-07-31 19:45:00-04:00,2026-07-31 20:00:00-04:00,0.0695301,0.069617,no
KXDOGE15M-26JUL311945,Target Price: $0.0695920,2026-07-31 19:30:00-04:00,2026-07-31 19:45:00-04:00,0.0696173,0.069592,yes
KXDOGE15M-26JUL311930,Target Price: $0.0696125,2026-07-31 19:15:00-04:00,2026-07-31 19:30:00-04:00,0.0695920,0.069612,no
KXDOGE15M-26JUL311915,Target Price: $0.0695597,2026-07-31 19:00:00-04:00,2026-07-31 19:15:00-04:00,0.0696125,0.069559,yes
KXDOGE15M-26JUL311900,Target Price: $0.0696850,2026-07-31 18:45:00-04:00,2026-07-31 19:00:00-04:00,0.0695597,0.069685,no
KXDOGE15M-26JUL311845,Target Price: $0.0697593,2026-07-31 18:30:00-04:00,2026-07-31 18:45:00-04:00,0.0696850,0.069759,no
KXDOGE15M-26JUL311830,Target Price: $0.0697168,2026-07-31 18:15:00-04:00,2026-07-31 18:30:00-04:00,0.0697593,0.069716,yes
KXDOGE15M-26JUL311815,Target Price: $0.0695902,2026-07-31 18:00:00-04:00,2026-07-31 18:15:00-04:00,0.0697168,0.06959,yes
KXDOGE15M-26JUL311800,Target Price: $0.0696881,2026-07-31 17:45:00-04:00,2026-07-31 18:00:00-04:00,0.0695902,0.069688,no
KXDOGE15M-26JUL311745,Target Price: $0.0697208,2026-07-31 17:30:00-04:00,2026-07-31 17:45:00-04:00,0.0696881,0.06972,no
KXDOGE15M-26JUL311730,Target Price: $0.0696319,2026-07-31 17:15:00-04:00,2026-07-31 17:30:00-04:00,0.0697208,0.069631,yes
KXDOGE15M-26JUL311715,Target Price: $0.0694723,2026-07-31 17:00:00-04:00,2026-07-31 17:15:00-04:00,0.0696319,0.069472,yes
KXDOGE15M-26JUL311700,Target Price: $0.0696267,2026-07-31 16:45:00-04:00,2026-07-31 17:00:00-04:00,0.0694723,0.069626,no
KXDOGE15M-26JUL311645,Target Price: $0.0697550,2026-07-31 16:30:00-04:00,2026-07-31 16:45:00-04:00,0.0696267,0.069755,no
KXDOGE15M-26JUL311630,Target Price: $0.0697835,2026-07-31 16:15:00-04:00,2026-07-31 16:30:00-04:00,0.0697550,0.069783,no
KXDOGE15M-26JUL311615,Target Price: $0.0697293,2026-07-31 16:00:00-04:00,2026-07-31 16:15:00-04:00,0.0697835,0.069729,yes
KXDOGE15M-26JUL311600,Target Price: $0.0697598,2026-07-31 15:45:00-04:00,2026-07-31 16:00:00-04:00,0.0697293,0.069759,no
KXDOGE15M-26JUL311545,Target Price: $0.0697189,2026-07-31 15:30:00-04:00,2026-07-31 15:45:00-04:00,0.0697598,0.069718,yes
KXDOGE15M-26JUL311530,Target Price: $0.0697170,2026-07-31 15:15:00-04:00,2026-07-31 15:30:00-04:00,0.0697189,0.069717,yes
KXDOGE15M-26JUL311515,Target Price: $0.0701712,2026-07-31 15:00:00-04:00,2026-07-31 15:15:00-04:00,0.0697170,0.070171,no
KXDOGE15M-26JUL311500,Target Price: $0.0699826,2026-07-31 14:45:00-04:00,2026-07-31 15:00:00-04:00,0.0701712,0.069982,yes
KXDOGE15M-26JUL311445,Target Price: $0.0699405,2026-07-31 14:30:00-04:00,2026-07-31 14:45:00-04:00,0.0699826,0.06994,yes
KXDOGE15M-26JUL311430,Target Price: $0.0699733,2026-07-31 14:15:00-04:00,2026-07-31 14:30:00-04:00,0.0699405,0.069973,no
KXDOGE15M-26JUL311415,Target Price: $0.0701017,2026-07-31 14:00:00-04:00,2026-07-31 14:15:00-04:00,0.0699733,0.070101,no
KXDOGE15M-26JUL311400,Target Price: $0.0698913,2026-07-31 13:45:00-04:00,2026-07-31 14:00:00-04:00,0.0701017,0.069891,yes
KXDOGE15M-26JUL311345,Target Price: $0.0697418,2026-07-31 13:30:00-04:00,2026-07-31 13:45:00-04:00,0.0698913,0.069741,yes
KXDOGE15M-26JUL311330,Target Price: $0.0696302,2026-07-31 13:15:00-04:00,2026-07-31 13:30:00-04:00,0.0697418,0.06963,yes
KXDOGE15M-26JUL311315,Target Price: $0.0696564,2026-07-31 13:00:00-04:00,2026-07-31 13:15:00-04:00,0.0696302,0.069656,no
KXDOGE15M-26JUL311300,Target Price: $0.0693631,2026-07-31 12:45:00-04:00,2026-07-31 13:00:00-04:00,0.0696564,0.069363,yes
KXDOGE15M-26JUL311245,Target Price: $0.0692983,2026-07-31 12:30:00-04:00,2026-07-31 12:45:00-04:00,0.0693631,0.069298,yes
KXDOGE15M-26JUL311230,Target Price: $0.0691248,2026-07-31 12:15:00-04:00,2026-07-31 12:30:00-04:00,0.0692983,0.069124,yes
KXDOGE15M-26JUL311215,Target Price: $0.0689646,2026-07-31 12:00:00-04:00,2026-07-31 12:15:00-04:00,0.0691248,0.068964,yes
KXDOGE15M-26JUL311200,Target Price: $0.0689765,2026-07-31 11:45:00-04:00,2026-07-31 12:00:00-04:00,0.0689646,0.068976,no
KXDOGE15M-26JUL311145,Target Price: $0.0691621,2026-07-31 11:30:00-04:00,2026-07-31 11:45:00-04:00,0.0689765,0.069162,no
KXDOGE15M-26JUL311130,Target Price: $0.0692168,2026-07-31 11:15:00-04:00,2026-07-31 11:30:00-04:00,0.0691621,0.069216,no
KXDOGE15M-26JUL311115,Target Price: $0.0692857,2026-07-31 11:00:00-04:00,2026-07-31 11:15:00-04:00,0.0692168,0.069285,no
KXDOGE15M-26JUL311100,Target Price: $0.0692212,2026-07-31 10:45:00-04:00,2026-07-31 11:00:00-04:00,0.0692857,0.069221,yes
KXDOGE15M-26JUL311045,Target Price: $0.0692949,2026-07-31 10:30:00-04:00,2026-07-31 10:45:00-04:00,0.0692212,0.069294,no
KXDOGE15M-26JUL311030,Target Price: $0.0692917,2026-07-31 10:15:00-04:00,2026-07-31 10:30:00-04:00,0.0692949,0.069291,yes
KXDOGE15M-26JUL311015,Target Price: $0.0691990,2026-07-31 10:00:00-04:00,2026-07-31 10:15:00-04:00,0.0692917,0.069199,yes
KXDOGE15M-26JUL311000,Target Price: $0.0693842,2026-07-31 09:45:00-04:00,2026-07-31 10:00:00-04:00,0.0691990,0.069384,no
KXDOGE15M-26JUL310945,Target Price: $0.0696165,2026-07-31 09:30:00-04:00,2026-07-31 09:45:00-04:00,0.0693842,0.069616,no
KXDOGE15M-26JUL310930,Target Price: $0.0695148,2026-07-31 09:15:00-04:00,2026-07-31 09:30:00-04:00,0.0696165,0.069514,yes
KXDOGE15M-26JUL310915,Target Price: $0.0695542,2026-07-31 09:00:00-04:00,2026-07-31 09:15:00-04:00,0.0695148,0.069554,no
KXDOGE15M-26JUL310900,Target Price: $0.0694635,2026-07-31 08:45:00-04:00,2026-07-31 09:00:00-04:00,0.0695542,0.069463,yes
KXDOGE15M-26JUL310845,Target Price: $0.0695291,2026-07-31 08:30:00-04:00,2026-07-31 08:45:00-04:00,0.0694635,0.069529,no
KXDOGE15M-26JUL310830,Target Price: $0.0694372,2026-07-31 08:15:00-04:00,2026-07-31 08:30:00-04:00,0.0695291,0.069437,yes
KXDOGE15M-26JUL310815,Target Price: $0.0695401,2026-07-31 08:00:00-04:00,2026-07-31 08:15:00-04:00,0.0694372,0.06954,no
KXDOGE15M-26JUL310800,Target Price: $0.0694783,2026-07-31 07:45:00-04:00,2026-07-31 08:00:00-04:00,0.0695401,0.069478,yes
KXDOGE15M-26JUL310745,Target Price: $0.0694645,2026-07-31 07:30:00-04:00,2026-07-31 07:45:00-04:00,0.0694783,0.069464,yes
KXDOGE15M-26JUL310730,Target Price: $0.0694709,2026-07-31 07:15:00-04:00,2026-07-31 07:30:00-04:00,0.0694645,0.06947,no
KXDOGE15M-26JUL310715,Target Price: $0.0694422,2026-07-31 07:00:00-04:00,2026-07-31 07:15:00-04:00,0.0694709,0.069442,yes
KXDOGE15M-26JUL310700,Target Price: $0.0694719,2026-07-31 06:45:00-04:00,2026-07-31 07:00:00-04:00,0.0694422,0.069471,no
KXDOGE15M-26JUL310645,Target Price: $0.0694546,2026-07-31 06:30:00-04:00,2026-07-31 06:45:00-04:00,0.0694719,0.069454,yes
KXDOGE15M-26JUL310630,Target Price: $0.0693423,2026-07-31 06:15:00-04:00,2026-07-31 06:30:00-04:00,0.0694546,0.069342,yes
KXDOGE15M-26JUL310615,Target Price: $0.0693544,2026-07-31 06:00:00-04:00,2026-07-31 06:15:00-04:00,0.0693423,0.069354,no
KXDOGE15M-26JUL310600,Target Price: $0.0694204,2026-07-31 05:45:00-04:00,2026-07-31 06:00:00-04:00,0.0693544,0.06942,no
KXDOGE15M-26JUL310545,Target Price: $0.0695158,2026-07-31 05:30:00-04:00,2026-07-31 05:45:00-04:00,0.0694204,0.069515,no
KXDOGE15M-26JUL310530,Target Price: $0.0697782,2026-07-31 05:15:00-04:00,2026-07-31 05:30:00-04:00,0.0695158,0.069778,no
KXDOGE15M-26JUL310515,Target Price: $0.0698943,2026-07-31 05:00:00-04:00,2026-07-31 05:15:00-04:00,0.0697782,0.069894,no
KXDOGE15M-26JUL310500,Target Price: $0.0698610,2026-07-31 04:45:00-04:00,2026-07-31 05:00:00-04:00,0.0698943,0.069861,yes
KXDOGE15M-26JUL310445,Target Price: $0.0700376,2026-07-31 04:30:00-04:00,2026-07-31 04:45:00-04:00,0.0698610,0.070037,no
KXDOGE15M-26JUL310430,Target Price: $0.0701237,2026-07-31 04:15:00-04:00,2026-07-31 04:30:00-04:00,0.0700376,0.070123,no
KXDOGE15M-26JUL310415,Target Price: $0.0699961,2026-07-31 04:00:00-04:00,2026-07-31 04:15:00-04:00,0.0701237,0.069996,yes
KXDOGE15M-26JUL310400,Target Price: $0.0698164,2026-07-31 03:45:00-04:00,2026-07-31 04:00:00-04:00,0.0699961,0.069816,yes
KXDOGE15M-26JUL310345,Target Price: $0.0696869,2026-07-31 03:30:00-04:00,2026-07-31 03:45:00-04:00,0.0698164,0.069686,yes
KXDOGE15M-26JUL310330,Target Price: $0.0697341,2026-07-31 03:15:00-04:00,2026-07-31 03:30:00-04:00,0.0696869,0.069734,no
KXDOGE15M-26JUL310315,Target Price: $0.0700827,2026-07-31 03:00:00-04:00,2026-07-31 03:15:00-04:00,0.0697341,0.070082,no
KXDOGE15M-26JUL310300,Target Price: $0.0700259,2026-07-31 02:45:00-04:00,2026-07-31 03:00:00-04:00,0.0700827,0.070025,yes
KXDOGE15M-26JUL310245,Target Price: $0.0702174,2026-07-31 02:30:00-04:00,2026-07-31 02:45:00-04:00,0.0700259,0.070217,no
KXDOGE15M-26JUL310230,Target Price: $0.0701078,2026-07-31 02:15:00-04:00,2026-07-31 02:30:00-04:00,0.0702174,0.070107,yes
KXDOGE15M-26JUL310215,Target Price: $0.0700745,2026-07-31 02:00:00-04:00,2026-07-31 02:15:00-04:00,0.0701078,0.070074,yes
KXDOGE15M-26JUL310200,Target Price: $0.0700016,2026-07-31 01:45:00-04:00,2026-07-31 02:00:00-04:00,0.0700745,0.070001,yes
KXDOGE15M-26JUL310145,Target Price: $0.0700163,2026-07-31 01:30:00-04:00,2026-07-31 01:45:00-04:00,0.0700016,0.070016,no
KXDOGE15M-26JUL310130,Target Price: $0.0700758,2026-07-31 01:15:00-04:00,2026-07-31 01:30:00-04:00,0.0700163,0.070075,no
KXDOGE15M-26JUL310115,Target Price: $0.0700464,2026-07-31 01:00:00-04:00,2026-07-31 01:15:00-04:00,0.0700758,0.070046,yes
KXDOGE15M-26JUL310100,Target Price: $0.0699704,2026-07-31 00:45:00-04:00,2026-07-31 01:00:00-04:00,0.0700464,0.06997,yes
KXDOGE15M-26JUL310045,Target Price: $0.0699176,2026-07-31 00:30:00-04:00,2026-07-31 00:45:00-04:00,0.0699704,0.069917,yes
KXDOGE15M-26JUL310030,Target Price: $0.0699273,2026-07-31 00:15:00-04:00,2026-07-31 00:30:00-04:00,0.0699176,0.069927,no
KXDOGE15M-26JUL310015,Target Price: $0.0700364,2026-07-31 00:00:00-04:00,2026-07-31 00:15:00-04:00,0.0699273,0.070036,no
KXDOGE15M-26JUL310000,Target Price: $0.0700751,2026-07-30 23:45:00-04:00,2026-07-31 00:00:00-04:00,0.0700364,0.070075,no
KXDOGE15M-26JUL302345,Target Price: $0.0700374,2026-07-30 23:30:00-04:00,2026-07-30 23:45:00-04:00,0.0700751,0.070037,yes
KXDOGE15M-26JUL302330,Target Price: $0.0699309,2026-07-30 23:15:00-04:00,2026-07-30 23:30:00-04:00,0.0700374,0.06993,yes
KXDOGE15M-26JUL302315,Target Price: $0.0699597,2026-07-30 23:00:00-04:00,2026-07-30 23:15:00-04:00,0.0699309,0.069959,no
KXDOGE15M-26JUL302300,Target Price: $0.0699410,2026-07-30 22:45:00-04:00,2026-07-30 23:00:00-04:00,0.0699597,0.069941,yes
KXDOGE15M-26JUL302245,Target Price: $0.0699715,2026-07-30 22:30:00-04:00,2026-07-30 22:45:00-04:00,0.0699410,0.069971,no
KXDOGE15M-26JUL302230,Target Price: $0.0701365,2026-07-30 22:15:00-04:00,2026-07-30 22:30:00-04:00,0.0699715,0.070136,no
KXDOGE15M-26JUL302215,Target Price: $0.0702208,2026-07-30 22:00:00-04:00,2026-07-30 22:15:00-04:00,0.0701365,0.07022,no
KXDOGE15M-26JUL302200,Target Price: $0.0704825,2026-07-30 21:45:00-04:00,2026-07-30 22:00:00-04:00,0.0702208,0.070482,no
KXDOGE15M-26JUL302145,Target Price: $0.0707579,2026-07-30 21:30:00-04:00,2026-07-30 21:45:00-04:00,0.0704825,0.070757,no
KXDOGE15M-26JUL302130,Target Price: $0.0708595,2026-07-30 21:15:00-04:00,2026-07-30 21:30:00-04:00,0.0707579,0.070859,no
KXDOGE15M-26JUL302115,Target Price: $0.0703922,2026-07-30 21:00:00-04:00,2026-07-30 21:15:00-04:00,0.0708595,0.070392,yes
KXDOGE15M-26JUL302100,Target Price: $0.0703545,2026-07-30 20:45:00-04:00,2026-07-30 21:00:00-04:00,0.0703922,0.070354,yes
KXDOGE15M-26JUL302045,Target Price: $0.0702461,2026-07-30 20:30:00-04:00,2026-07-30 20:45:00-04:00,0.0703545,0.070246,yes
KXDOGE15M-26JUL302030,Target Price: $0.0705323,2026-07-30 20:15:00-04:00,2026-07-30 20:30:00-04:00,0.0702461,0.070532,no
KXDOGE15M-26JUL302015,Target Price: $0.0705417,2026-07-30 20:00:00-04:00,2026-07-30 20:15:00-04:00,0.0705323,0.070541,no
KXDOGE15M-26JUL302000,Target Price: $0.0705421,2026-07-30 19:45:00-04:00,2026-07-30 20:00:00-04:00,0.0705417,0.070542,no
KXDOGE15M-26JUL301945,Target Price: $0.0706972,2026-07-30 19:30:00-04:00,2026-07-30 19:45:00-04:00,0.0705421,0.070697,no
KXDOGE15M-26JUL301930,Target Price: $0.0707727,2026-07-30 19:15:00-04:00,2026-07-30 19:30:00-04:00,0.0706972,0.070772,no
KXDOGE15M-26JUL301915,Target Price: $0.0706398,2026-07-30 19:00:00-04:00,2026-07-30 19:15:00-04:00,0.0707727,0.070639,yes
KXDOGE15M-26JUL301900,Target Price: $0.0707553,2026-07-30 18:45:00-04:00,2026-07-30 19:00:00-04:00,0.0706398,0.070755,no
KXDOGE15M-26JUL301845,Target Price: $0.0708196,2026-07-30 18:30:00-04:00,2026-07-30 18:45:00-04:00,0.0707553,0.070819,no
KXDOGE15M-26JUL301830,Target Price: $0.0705769,2026-07-30 18:15:00-04:00,2026-07-30 18:30:00-04:00,0.0708196,0.070576,yes
KXDOGE15M-26JUL301815,Target Price: $0.0704768,2026-07-30 18:00:00-04:00,2026-07-30 18:15:00-04:00,0.0705769,0.070476,yes
KXDOGE15M-26JUL301800,Target Price: $0.0705465,2026-07-30 17:45:00-04:00,2026-07-30 18:00:00-04:00,0.0704768,0.070546,no
KXDOGE15M-26JUL301745,Target Price: $0.0705522,2026-07-30 17:30:00-04:00,2026-07-30 17:45:00-04:00,0.0705465,0.070552,no
KXDOGE15M-26JUL301730,Target Price: $0.0705888,2026-07-30 17:15:00-04:00,2026-07-30 17:30:00-04:00,0.0705522,0.070588,no
KXDOGE15M-26JUL301715,Target Price: $0.0705296,2026-07-30 17:00:00-04:00,2026-07-30 17:15:00-04:00,0.0705888,0.070529,yes
KXDOGE15M-26JUL301700,Target Price: $0.0705692,2026-07-30 16:45:00-04:00,2026-07-30 17:00:00-04:00,0.0705296,0.070569,no
KXDOGE15M-26JUL301645,Target Price: $0.0705708,2026-07-30 16:30:00-04:00,2026-07-30 16:45:00-04:00,0.0705692,0.07057,no
KXDOGE15M-26JUL301630,Target Price: $0.0706034,2026-07-30 16:15:00-04:00,2026-07-30 16:30:00-04:00,0.0705708,0.070603,no
KXDOGE15M-26JUL301615,Target Price: $0.0707090,2026-07-30 16:00:00-04:00,2026-07-30 16:15:00-04:00,0.0706034,0.070709,no
KXDOGE15M-26JUL301600,Target Price: $0.0707781,2026-07-30 15:45:00-04:00,2026-07-30 16:00:00-04:00,0.0707090,0.070778,no
KXDOGE15M-26JUL301545,Target Price: $0.0708970,2026-07-30 15:30:00-04:00,2026-07-30 15:45:00-04:00,0.0707781,0.070897,no
KXDOGE15M-26JUL301530,Target Price: $0.0707685,2026-07-30 15:15:00-04:00,2026-07-30 15:30:00-04:00,0.0708970,0.070768,yes
KXDOGE15M-26JUL301515,Target Price: $0.0706650,2026-07-30 15:00:00-04:00,2026-07-30 15:15:00-04:00,0.0707685,0.070665,yes
KXDOGE15M-26JUL301500,Target Price: $0.0707191,2026-07-30 14:45:00-04:00,2026-07-30 15:00:00-04:00,0.0706650,0.070719,no
KXDOGE15M-26JUL301445,Target Price: $0.0708410,2026-07-30 14:30:00-04:00,2026-07-30 14:45:00-04:00,0.0707191,0.070841,no
KXDOGE15M-26JUL301430,Target Price: $0.0707944,2026-07-30 14:15:00-04:00,2026-07-30 14:30:00-04:00,0.0708410,0.070794,yes
KXDOGE15M-26JUL301415,Target Price: $0.0708136,2026-07-30 14:00:00-04:00,2026-07-30 14:15:00-04:00,0.0707944,0.070813,no
KXDOGE15M-26JUL301400,Target Price: $0.0706548,2026-07-30 13:45:00-04:00,2026-07-30 14:00:00-04:00,0.0708136,0.070654,yes
KXDOGE15M-26JUL301345,Target Price: $0.0705780,2026-07-30 13:30:00-04:00,2026-07-30 13:45:00-04:00,0.0706548,0.070578,yes
KXDOGE15M-26JUL301330,Target Price: $0.0704398,2026-07-30 13:15:00-04:00,2026-07-30 13:30:00-04:00,0.0705780,0.070439,yes
KXDOGE15M-26JUL301315,Target Price: $0.0705772,2026-07-30 13:00:00-04:00,2026-07-30 13:15:00-04:00,0.0704398,0.070577,no
KXDOGE15M-26JUL301300,Target Price: $0.0704393,2026-07-30 12:45:00-04:00,2026-07-30 13:00:00-04:00,0.0705772,0.070439,yes
KXDOGE15M-26JUL301245,Target Price: $0.0704443,2026-07-30 12:30:00-04:00,2026-07-30 12:45:00-04:00,0.0704393,0.070444,no
KXDOGE15M-26JUL301230,Target Price: $0.0705400,2026-07-30 12:15:00-04:00,2026-07-30 12:30:00-04:00,0.0704443,0.07054,no
KXDOGE15M-26JUL301215,Target Price: $0.0704711,2026-07-30 12:00:00-04:00,2026-07-30 12:15:00-04:00,0.0705400,0.070471,yes
KXDOGE15M-26JUL301200,Target Price: $0.0704443,2026-07-30 11:45:00-04:00,2026-07-30 12:00:00-04:00,0.0704711,0.070444,yes
KXDOGE15M-26JUL301145,Target Price: $0.0703410,2026-07-30 11:30:00-04:00,2026-07-30 11:45:00-04:00,0.0704443,0.070341,yes
KXDOGE15M-26JUL301130,Target Price: $0.0703673,2026-07-30 11:15:00-04:00,2026-07-30 11:30:00-04:00,0.0703410,0.070367,no
KXDOGE15M-26JUL301115,Target Price: $0.0704513,2026-07-30 11:00:00-04:00,2026-07-30 11:15:00-04:00,0.0703673,0.070451,no
KXDOGE15M-26JUL301100,Target Price: $0.0705508,2026-07-30 10:45:00-04:00,2026-07-30 11:00:00-04:00,0.0704513,0.07055,no
KXDOGE15M-26JUL301045,Target Price: $0.0703548,2026-07-30 10:30:00-04:00,2026-07-30 10:45:00-04:00,0.0705508,0.070354,yes
KXDOGE15M-26JUL301030,Target Price: $0.0702781,2026-07-30 10:15:00-04:00,2026-07-30 10:30:00-04:00,0.0703548,0.070278,yes
KXDOGE15M-26JUL301015,Target Price: $0.0704472,2026-07-30 10:00:00-04:00,2026-07-30 10:15:00-04:00,0.0702781,0.070447,no
KXDOGE15M-26JUL301000,Target Price: $0.0700711,2026-07-30 09:45:00-04:00,2026-07-30 10:00:00-04:00,0.0704472,0.070071,yes
KXDOGE15M-26JUL300945,Target Price: $0.0699905,2026-07-30 09:30:00-04:00,2026-07-30 09:45:00-04:00,0.0700711,0.06999,yes
KXDOGE15M-26JUL300930,Target Price: $0.0700486,2026-07-30 09:15:00-04:00,2026-07-30 09:30:00-04:00,0.0699905,0.070048,no
KXDOGE15M-26JUL300915,Target Price: $0.0701440,2026-07-30 09:00:00-04:00,2026-07-30 09:15:00-04:00,0.0700486,0.070144,no
KXDOGE15M-26JUL300900,Target Price: $0.0700354,2026-07-30 08:45:00-04:00,2026-07-30 09:00:00-04:00,0.0701440,0.070035,yes
KXDOGE15M-26JUL300845,Target Price: $0.0700237,2026-07-30 08:30:00-04:00,2026-07-30 08:45:00-04:00,0.0700354,0.070023,yes
KXDOGE15M-26JUL300830,Target Price: $0.0702096,2026-07-30 08:15:00-04:00,2026-07-30 08:30:00-04:00,0.0700237,0.070209,no
KXDOGE15M-26JUL300815,Target Price: $0.0700128,2026-07-30 08:00:00-04:00,2026-07-30 08:15:00-04:00,0.0702096,0.070012,yes
KXDOGE15M-26JUL300800,Target Price: $0.0698943,2026-07-30 07:45:00-04:00,2026-07-30 08:00:00-04:00,0.0700128,0.069894,yes
KXDOGE15M-26JUL300745,Target Price: $0.0698537,2026-07-30 07:30:00-04:00,2026-07-30 07:45:00-04:00,0.0698943,0.069853,yes
KXDOGE15M-26JUL300730,Target Price: $0.0699279,2026-07-30 07:15:00-04:00,2026-07-30 07:30:00-04:00,0.0698537,0.069927,no
KXDOGE15M-26JUL300715,Target Price: $0.0698828,2026-07-30 07:00:00-04:00,2026-07-30 07:15:00-04:00,0.0699279,0.069882,yes
KXDOGE15M-26JUL300700,Target Price: $0.0701315,2026-07-30 06:45:00-04:00,2026-07-30 07:00:00-04:00,0.0698828,0.070131,no
KXDOGE15M-26JUL300645,Target Price: $0.0701604,2026-07-30 06:30:00-04:00,2026-07-30 06:45:00-04:00,0.0701315,0.07016,no
KXDOGE15M-26JUL300630,Target Price: $0.0701348,2026-07-30 06:15:00-04:00,2026-07-30 06:30:00-04:00,0.0701604,0.070134,yes
KXDOGE15M-26JUL300615,Target Price: $0.0700775,2026-07-30 06:00:00-04:00,2026-07-30 06:15:00-04:00,0.0701348,0.070077,yes
KXDOGE15M-26JUL300600,Target Price: $0.0700428,2026-07-30 05:45:00-04:00,2026-07-30 06:00:00-04:00,0.0700775,0.070042,yes
KXDOGE15M-26JUL300545,Target Price: $0.0700363,2026-07-30 05:30:00-04:00,2026-07-30 05:45:00-04:00,0.0700428,0.070036,yes
KXDOGE15M-26JUL300530,Target Price: $0.0700328,2026-07-30 05:15:00-04:00,2026-07-30 05:30:00-04:00,0.0700363,0.070032,yes
KXDOGE15M-26JUL300515,Target Price: $0.0699845,2026-07-30 05:00:00-04:00,2026-07-30 05:15:00-04:00,0.0700328,0.069984,yes
KXDOGE15M-26JUL300245,Target Price: $0.0698563,2026-07-30 02:30:00-04:00,2026-07-30 02:45:00-04:00,0.0698895,0.069856,yes
KXDOGE15M-26JUL300230,Target Price: $0.0700025,2026-07-30 02:15:00-04:00,2026-07-30 02:30:00-04:00,0.0698563,0.070002,no
KXDOGE15M-26JUL300215,Target Price: $0.0700376,2026-07-30 02:00:00-04:00,2026-07-30 02:15:00-04:00,0.0700025,0.070037,no
KXDOGE15M-26JUL300200,Target Price: $0.0700172,2026-07-30 01:45:00-04:00,2026-07-30 02:00:00-04:00,0.0700376,0.070017,yes
KXDOGE15M-26JUL300145,Target Price: $0.0698221,2026-07-30 01:30:00-04:00,2026-07-30 01:45:00-04:00,0.0700172,0.069822,yes
KXDOGE15M-26JUL300130,Target Price: $0.0696212,2026-07-30 01:15:00-04:00,2026-07-30 01:30:00-04:00,0.0698221,0.069621,yes
KXDOGE15M-26JUL300115,Target Price: $0.0696560,2026-07-30 01:00:00-04:00,2026-07-30 01:15:00-04:00,0.0696212,0.069656,no
KXDOGE15M-26JUL300100,Target Price: $0.0698181,2026-07-30 00:45:00-04:00,2026-07-30 01:00:00-04:00,0.0696560,0.069818,no
KXDOGE15M-26JUL300045,Target Price: $0.0699938,2026-07-30 00:30:00-04:00,2026-07-30 00:45:00-04:00,0.0698181,0.069993,no
KXDOGE15M-26JUL300030,Target Price: $0.0700555,2026-07-30 00:15:00-04:00,2026-07-30 00:30:00-04:00,0.0699938,0.070055,no
KXDOGE15M-26JUL300015,Target Price: $0.0701135,2026-07-30 00:00:00-04:00,2026-07-30 00:15:00-04:00,0.0700555,0.070113,no
KXDOGE15M-26JUL300000,Target Price: $0.0701312,2026-07-29 23:45:00-04:00,2026-07-30 00:00:00-04:00,0.0701135,0.070131,no
KXDOGE15M-26JUL292345,Target Price: $0.0703559,2026-07-29 23:30:00-04:00,2026-07-29 23:45:00-04:00,0.0701312,0.070355,no
KXDOGE15M-26JUL292330,Target Price: $0.0702870,2026-07-29 23:15:00-04:00,2026-07-29 23:30:00-04:00,0.0703559,0.070287,yes
KXDOGE15M-26JUL292315,Target Price: $0.0703662,2026-07-29 23:00:00-04:00,2026-07-29 23:15:00-04:00,0.0702870,0.070366,no
KXDOGE15M-26JUL292300,Target Price: $0.0705226,2026-07-29 22:45:00-04:00,2026-07-29 23:00:00-04:00,0.0703662,0.070522,no
KXDOGE15M-26JUL292245,Target Price: $0.0704475,2026-07-29 22:30:00-04:00,2026-07-29 22:45:00-04:00,0.0705226,0.070447,yes
KXDOGE15M-26JUL292230,Target Price: $0.0705128,2026-07-29 22:15:00-04:00,2026-07-29 22:30:00-04:00,0.0704475,0.070512,no
KXDOGE15M-26JUL292215,Target Price: $0.0704688,2026-07-29 22:00:00-04:00,2026-07-29 22:15:00-04:00,0.0705128,0.070468,yes
KXDOGE15M-26JUL292200,Target Price: $0.0704838,2026-07-29 21:45:00-04:00,2026-07-29 22:00:00-04:00,0.0704688,0.070483,no
KXDOGE15M-26JUL292145,Target Price: $0.0703720,2026-07-29 21:30:00-04:00,2026-07-29 21:45:00-04:00,0.0704838,0.070372,yes
KXDOGE15M-26JUL292130,Target Price: $0.0701982,2026-07-29 21:15:00-04:00,2026-07-29 21:30:00-04:00,0.0703720,0.070198,yes
KXDOGE15M-26JUL292115,Target Price: $0.0699846,2026-07-29 21:00:00-04:00,2026-07-29 21:15:00-04:00,0.0701982,0.069984,yes
KXDOGE15M-26JUL292100,Target Price: $0.0698522,2026-07-29 20:45:00-04:00,2026-07-29 21:00:00-04:00,0.0699846,0.069852,yes
KXDOGE15M-26JUL292045,Target Price: $0.0702187,2026-07-29 20:30:00-04:00,2026-07-29 20:45:00-04:00,0.0698522,0.070218,no
KXDOGE15M-26JUL292030,Target Price: $0.0702651,2026-07-29 20:15:00-04:00,2026-07-29 20:30:00-04:00,0.0702187,0.070265,no
KXDOGE15M-26JUL292015,Target Price: $0.0700524,2026-07-29 20:00:00-04:00,2026-07-29 20:15:00-04:00,0.0702651,0.070052,yes
KXDOGE15M-26JUL292000,Target Price: $0.0700590,2026-07-29 19:45:00-04:00,2026-07-29 20:00:00-04:00,0.0700524,0.070059,no
KXDOGE15M-26JUL291945,Target Price: $0.0700551,2026-07-29 19:30:00-04:00,2026-07-29 19:45:00-04:00,0.0700590,0.070055,yes
KXDOGE15M-26JUL291930,Target Price: $0.0698941,2026-07-29 19:15:00-04:00,2026-07-29 19:30:00-04:00,0.0700551,0.069894,yes
KXDOGE15M-26JUL291915,Target Price: $0.0699687,2026-07-29 19:00:00-04:00,2026-07-29 19:15:00-04:00,0.0698941,0.069968,no
KXDOGE15M-26JUL291900,Target Price: $0.0699809,2026-07-29 18:45:00-04:00,2026-07-29 19:00:00-04:00,0.0699687,0.06998,no
KXDOGE15M-26JUL291845,Target Price: $0.0700526,2026-07-29 18:30:00-04:00,2026-07-29 18:45:00-04:00,0.0699809,0.070052,no
KXDOGE15M-26JUL291830,Target Price: $0.0700360,2026-07-29 18:15:00-04:00,2026-07-29 18:30:00-04:00,0.0700526,0.070036,yes
KXDOGE15M-26JUL291815,Target Price: $0.0697935,2026-07-29 18:00:00-04:00,2026-07-29 18:15:00-04:00,0.0700360,0.069793,yes
KXDOGE15M-26JUL291800,Target Price: $0.0695097,2026-07-29 17:45:00-04:00,2026-07-29 18:00:00-04:00,0.0697935,0.069509,yes
KXDOGE15M-26JUL291745,Target Price: $0.0695994,2026-07-29 17:30:00-04:00,2026-07-29 17:45:00-04:00,0.0695097,0.069599,no
KXDOGE15M-26JUL291730,Target Price: $0.0692924,2026-07-29 17:15:00-04:00,2026-07-29 17:30:00-04:00,0.0695994,0.069292,yes
KXDOGE15M-26JUL291715,Target Price: $0.0692808,2026-07-29 17:00:00-04:00,2026-07-29 17:15:00-04:00,0.0692924,0.06928,yes
KXDOGE15M-26JUL291700,Target Price: $0.0695882,2026-07-29 16:45:00-04:00,2026-07-29 17:00:00-04:00,0.0692808,0.069588,no
KXDOGE15M-26JUL291645,Target Price: $0.0691302,2026-07-29 16:30:00-04:00,2026-07-29 16:45:00-04:00,0.0695882,0.06913,yes
KXDOGE15M-26JUL291630,Target Price: $0.0696255,2026-07-29 16:15:00-04:00,2026-07-29 16:30:00-04:00,0.0691302,0.069625,no
KXDOGE15M-26JUL291615,Target Price: $0.0696618,2026-07-29 16:00:00-04:00,2026-07-29 16:15:00-04:00,0.0696255,0.069661,no
KXDOGE15M-26JUL291600,Target Price: $0.0700269,2026-07-29 15:45:00-04:00,2026-07-29 16:00:00-04:00,0.0696618,0.070026,no
KXDOGE15M-26JUL291545,Target Price: $0.0703121,2026-07-29 15:30:00-04:00,2026-07-29 15:45:00-04:00,0.0700269,0.070312,no
KXDOGE15M-26JUL291530,Target Price: $0.0706583,2026-07-29 15:15:00-04:00,2026-07-29 15:30:00-04:00,0.0703121,0.070658,no
KXDOGE15M-26JUL291515,Target Price: $0.0708867,2026-07-29 15:00:00-04:00,2026-07-29 15:15:00-04:00,0.0706583,0.070886,no
KXDOGE15M-26JUL291500,Target Price: $0.0708623,2026-07-29 14:45:00-04:00,2026-07-29 15:00:00-04:00,0.0708867,0.070862,yes
KXDOGE15M-26JUL291445,Target Price: $0.0705164,2026-07-29 14:30:00-04:00,2026-07-29 14:45:00-04:00,0.0708623,0.070516,yes
KXDOGE15M-26JUL291430,Target Price: $0.0707175,2026-07-29 14:15:00-04:00,2026-07-29 14:30:00-04:00,0.0705164,0.070717,no
KXDOGE15M-26JUL291415,Target Price: $0.0704667,2026-07-29 14:00:00-04:00,2026-07-29 14:15:00-04:00,0.0707175,0.070466,yes
KXDOGE15M-26JUL291400,Target Price: $0.0702791,2026-07-29 13:45:00-04:00,2026-07-29 14:00:00-04:00,0.0704667,0.070279,yes
KXDOGE15M-26JUL291345,Target Price: $0.0701648,2026-07-29 13:30:00-04:00,2026-07-29 13:45:00-04:00,0.0702791,0.070164,yes
KXDOGE15M-26JUL291330,Target Price: $0.0702851,2026-07-29 13:15:00-04:00,2026-07-29 13:30:00-04:00,0.0701648,0.070285,no
KXDOGE15M-26JUL291315,Target Price: $0.0701315,2026-07-29 13:00:00-04:00,2026-07-29 13:15:00-04:00,0.0702851,0.070131,yes
KXDOGE15M-26JUL291300,Target Price: $0.0699573,2026-07-29 12:45:00-04:00,2026-07-29 13:00:00-04:00,0.0701315,0.069957,yes
KXDOGE15M-26JUL291245,Target Price: $0.0702076,2026-07-29 12:30:00-04:00,2026-07-29 12:45:00-04:00,0.0699573,0.070207,no
KXDOGE15M-26JUL291230,Target Price: $0.0700823,2026-07-29 12:15:00-04:00,2026-07-29 12:30:00-04:00,0.0702076,0.070082,yes
KXDOGE15M-26JUL291215,Target Price: $0.0700746,2026-07-29 12:00:00-04:00,2026-07-29 12:15:00-04:00,0.0700823,0.070074,yes
KXDOGE15M-26JUL291200,Target Price: $0.0700426,2026-07-29 11:45:00-04:00,2026-07-29 12:00:00-04:00,0.0700746,0.070042,yes
KXDOGE15M-26JUL291145,Target Price: $0.0701487,2026-07-29 11:30:00-04:00,2026-07-29 11:45:00-04:00,0.0700426,0.070148,no
KXDOGE15M-26JUL291130,Target Price: $0.0701374,2026-07-29 11:15:00-04:00,2026-07-29 11:30:00-04:00,0.0701487,0.070137,yes
KXDOGE15M-26JUL291115,Target Price: $0.0701481,2026-07-29 11:00:00-04:00,2026-07-29 11:15:00-04:00,0.0701374,0.070148,no
KXDOGE15M-26JUL291100,Target Price: $0.0700953,2026-07-29 10:45:00-04:00,2026-07-29 11:00:00-04:00,0.0701481,0.070095,yes
KXDOGE15M-26JUL291045,Target Price: $0.0702366,2026-07-29 10:30:00-04:00,2026-07-29 10:45:00-04:00,0.0700953,0.070236,no
KXDOGE15M-26JUL291030,Target Price: $0.0702645,2026-07-29 10:15:00-04:00,2026-07-29 10:30:00-04:00,0.0702366,0.070264,no
KXDOGE15M-26JUL291015,Target Price: $0.0705568,2026-07-29 10:00:00-04:00,2026-07-29 10:15:00-04:00,0.0702645,0.070556,no
KXDOGE15M-26JUL291000,Target Price: $0.0706214,2026-07-29 09:45:00-04:00,2026-07-29 10:00:00-04:00,0.0705568,0.070621,no
KXDOGE15M-26JUL290945,Target Price: $0.0703952,2026-07-29 09:30:00-04:00,2026-07-29 09:45:00-04:00,0.0706214,0.070395,yes
KXDOGE15M-26JUL290930,Target Price: $0.0704531,2026-07-29 09:15:00-04:00,2026-07-29 09:30:00-04:00,0.0703952,0.070453,no
KXDOGE15M-26JUL290915,Target Price: $0.0704886,2026-07-29 09:00:00-04:00,2026-07-29 09:15:00-04:00,0.0704531,0.070488,no
KXDOGE15M-26JUL290900,Target Price: $0.0705653,2026-07-29 08:45:00-04:00,2026-07-29 09:00:00-04:00,0.0704886,0.070565,no
KXDOGE15M-26JUL290845,Target Price: $0.0705074,2026-07-29 08:30:00-04:00,2026-07-29 08:45:00-04:00,0.0705653,0.070507,yes
KXDOGE15M-26JUL290830,Target Price: $0.0704723,2026-07-29 08:15:00-04:00,2026-07-29 08:30:00-04:00,0.0705074,0.070472,yes
KXDOGE15M-26JUL290815,Target Price: $0.0704999,2026-07-29 08:00:00-04:00,2026-07-29 08:15:00-04:00,0.0704723,0.070499,no
KXDOGE15M-26JUL290800,Target Price: $0.0703580,2026-07-29 07:45:00-04:00,2026-07-29 08:00:00-04:00,0.0704999,0.070358,yes
KXDOGE15M-26JUL290745,Target Price: $0.0705141,2026-07-29 07:30:00-04:00,2026-07-29 07:45:00-04:00,0.0703580,0.070514,no
KXDOGE15M-26JUL290730,Target Price: $0.0706190,2026-07-29 07:15:00-04:00,2026-07-29 07:30:00-04:00,0.0705141,0.070619,no
KXDOGE15M-26JUL290715,Target Price: $0.0704578,2026-07-29 07:00:00-04:00,2026-07-29 07:15:00-04:00,0.0706190,0.070457,yes
KXDOGE15M-26JUL290700,Target Price: $0.0706167,2026-07-29 06:45:00-04:00,2026-07-29 07:00:00-04:00,0.0704578,0.070616,no
KXDOGE15M-26JUL290645,Target Price: $0.0706036,2026-07-29 06:30:00-04:00,2026-07-29 06:45:00-04:00,0.0706167,0.070603,yes
KXDOGE15M-26JUL290630,Target Price: $0.0707519,2026-07-29 06:15:00-04:00,2026-07-29 06:30:00-04:00,0.0706036,0.070751,no
KXDOGE15M-26JUL290615,Target Price: $0.0708480,2026-07-29 06:00:00-04:00,2026-07-29 06:15:00-04:00,0.0707519,0.070848,no
KXDOGE15M-26JUL290600,Target Price: $0.0708159,2026-07-29 05:45:00-04:00,2026-07-29 06:00:00-04:00,0.0708480,0.070815,yes
KXDOGE15M-26JUL290545,Target Price: $0.0707549,2026-07-29 05:30:00-04:00,2026-07-29 05:45:00-04:00,0.0708159,0.070754,yes
KXDOGE15M-26JUL290530,Target Price: $0.0707298,2026-07-29 05:15:00-04:00,2026-07-29 05:30:00-04:00,0.0707549,0.070729,yes
KXDOGE15M-26JUL290515,Target Price: $0.0706567,2026-07-29 05:00:00-04:00,2026-07-29 05:15:00-04:00,0.0707298,0.070656,yes
KXDOGE15M-26JUL290500,Target Price: $0.0707248,2026-07-29 04:45:00-04:00,2026-07-29 05:00:00-04:00,0.0706567,0.070724,no
KXDOGE15M-26JUL290445,Target Price: $0.0703984,2026-07-29 04:30:00-04:00,2026-07-29 04:45:00-04:00,0.0707248,0.070398,yes
KXDOGE15M-26JUL290430,Target Price: $0.0706355,2026-07-29 04:15:00-04:00,2026-07-29 04:30:00-04:00,0.0703984,0.070635,no
KXDOGE15M-26JUL290415,Target Price: $0.0708934,2026-07-29 04:00:00-04:00,2026-07-29 04:15:00-04:00,0.0706355,0.070893,no
KXDOGE15M-26JUL290400,Target Price: $0.0707744,2026-07-29 03:45:00-04:00,2026-07-29 04:00:00-04:00,0.0708934,0.070774,yes
KXDOGE15M-26JUL290345,Target Price: $0.0706574,2026-07-29 03:30:00-04:00,2026-07-29 03:45:00-04:00,0.0707744,0.070657,yes
KXDOGE15M-26JUL290330,Target Price: $0.0706610,2026-07-29 03:15:00-04:00,2026-07-29 03:30:00-04:00,0.0706574,0.070661,no
KXDOGE15M-26JUL290315,Target Price: $0.0706553,2026-07-29 03:00:00-04:00,2026-07-29 03:15:00-04:00,0.0706610,0.070655,yes
KXDOGE15M-26JUL290300,Target Price: $0.0707703,2026-07-29 02:45:00-04:00,2026-07-29 03:00:00-04:00,0.0706553,0.07077,no
KXDOGE15M-26JUL290245,Target Price: $0.0707719,2026-07-29 02:30:00-04:00,2026-07-29 02:45:00-04:00,0.0707703,0.070771,no
KXDOGE15M-26JUL290230,Target Price: $0.0704530,2026-07-29 02:15:00-04:00,2026-07-29 02:30:00-04:00,0.0707719,0.070453,yes
KXDOGE15M-26JUL290215,Target Price: $0.0705279,2026-07-29 02:00:00-04:00,2026-07-29 02:15:00-04:00,0.0704530,0.070527,no
KXDOGE15M-26JUL290200,Target Price: $0.0706016,2026-07-29 01:45:00-04:00,2026-07-29 02:00:00-04:00,0.0705279,0.070601,no
KXDOGE15M-26JUL290145,Target Price: $0.0705277,2026-07-29 01:30:00-04:00,2026-07-29 01:45:00-04:00,0.0706016,0.070527,yes
KXDOGE15M-26JUL290130,Target Price: $0.0705833,2026-07-29 01:15:00-04:00,2026-07-29 01:30:00-04:00,0.0705277,0.070583,no
KXDOGE15M-26JUL290115,Target Price: $0.0704550,2026-07-29 01:00:00-04:00,2026-07-29 01:15:00-04:00,0.0705833,0.070455,yes
KXDOGE15M-26JUL290100,Target Price: $0.0704242,2026-07-29 00:45:00-04:00,2026-07-29 01:00:00-04:00,0.0704550,0.070424,yes
KXDOGE15M-26JUL290045,Target Price: $0.0703567,2026-07-29 00:30:00-04:00,2026-07-29 00:45:00-04:00,0.0704242,0.070356,yes
KXDOGE15M-26JUL290030,Target Price: $0.0701698,2026-07-29 00:15:00-04:00,2026-07-29 00:30:00-04:00,0.0703567,0.070169,yes
KXDOGE15M-26JUL290015,Target Price: $0.0701455,2026-07-29 00:00:00-04:00,2026-07-29 00:15:00-04:00,0.0701698,0.070145,yes
KXDOGE15M-26JUL290000,Target Price: $0.0703022,2026-07-28 23:45:00-04:00,2026-07-29 00:00:00-04:00,0.0701455,0.070302,no
KXDOGE15M-26JUL282345,Target Price: $0.0704952,2026-07-28 23:30:00-04:00,2026-07-28 23:45:00-04:00,0.0703022,0.070495,no
KXDOGE15M-26JUL282330,Target Price: $0.0706593,2026-07-28 23:15:00-04:00,2026-07-28 23:30:00-04:00,0.0704952,0.070659,no
KXDOGE15M-26JUL282315,Target Price: $0.0707079,2026-07-28 23:00:00-04:00,2026-07-28 23:15:00-04:00,0.0706593,0.070707,no
KXDOGE15M-26JUL282300,Target Price: $0.0707987,2026-07-28 22:45:00-04:00,2026-07-28 23:00:00-04:00,0.0707079,0.070798,no
KXDOGE15M-26JUL282245,Target Price: $0.0707536,2026-07-28 22:30:00-04:00,2026-07-28 22:45:00-04:00,0.0707987,0.070753,yes
KXDOGE15M-26JUL282230,Target Price: $0.0704799,2026-07-28 22:15:00-04:00,2026-07-28 22:30:00-04:00,0.0707536,0.070479,yes
KXDOGE15M-26JUL282215,Target Price: $0.0703265,2026-07-28 22:00:00-04:00,2026-07-28 22:15:00-04:00,0.0704799,0.070326,yes
KXDOGE15M-26JUL282200,Target Price: $0.0705089,2026-07-28 21:45:00-04:00,2026-07-28 22:00:00-04:00,0.0703265,0.070508,no
KXDOGE15M-26JUL282145,Target Price: $0.0706866,2026-07-28 21:30:00-04:00,2026-07-28 21:45:00-04:00,0.0705089,0.070686,no
KXDOGE15M-26JUL282130,Target Price: $0.0706867,2026-07-28 21:15:00-04:00,2026-07-28 21:30:00-04:00,0.0706866,0.070686,no
KXDOGE15M-26JUL282115,Target Price: $0.0708497,2026-07-28 21:00:00-04:00,2026-07-28 21:15:00-04:00,0.0706867,0.070849,no
KXDOGE15M-26JUL282100,Target Price: $0.0709274,2026-07-28 20:45:00-04:00,2026-07-28 21:00:00-04:00,0.0708497,0.070927,no
KXDOGE15M-26JUL282045,Target Price: $0.0707369,2026-07-28 20:30:00-04:00,2026-07-28 20:45:00-04:00,0.0709274,0.070736,yes
KXDOGE15M-26JUL282030,Target Price: $0.0708982,2026-07-28 20:15:00-04:00,2026-07-28 20:30:00-04:00,0.0707369,0.070898,no
KXDOGE15M-26JUL282015,Target Price: $0.0707876,2026-07-28 20:00:00-04:00,2026-07-28 20:15:00-04:00,0.0708982,0.070787,yes
KXDOGE15M-26JUL282000,Target Price: $0.0705132,2026-07-28 19:45:00-04:00,2026-07-28 20:00:00-04:00,0.0707876,0.070513,yes
KXDOGE15M-26JUL281945,Target Price: $0.0701495,2026-07-28 19:30:00-04:00,2026-07-28 19:45:00-04:00,0.0705132,0.070149,yes
KXDOGE15M-26JUL281930,Target Price: $0.0700865,2026-07-28 19:15:00-04:00,2026-07-28 19:30:00-04:00,0.0701495,0.070086,yes
KXDOGE15M-26JUL281915,Target Price: $0.0702645,2026-07-28 19:00:00-04:00,2026-07-28 19:15:00-04:00,0.0700865,0.070264,no
KXDOGE15M-26JUL281900,Target Price: $0.0706155,2026-07-28 18:45:00-04:00,2026-07-28 19:00:00-04:00,0.0702645,0.070615,no
KXDOGE15M-26JUL281845,Target Price: $0.0707788,2026-07-28 18:30:00-04:00,2026-07-28 18:45:00-04:00,0.0706155,0.070778,no
KXDOGE15M-26JUL281830,Target Price: $0.0708875,2026-07-28 18:15:00-04:00,2026-07-28 18:30:00-04:00,0.0707788,0.070887,no
KXDOGE15M-26JUL281815,Target Price: $0.0709262,2026-07-28 18:00:00-04:00,2026-07-28 18:15:00-04:00,0.0708875,0.070926,no
KXDOGE15M-26JUL281800,Target Price: $0.0709267,2026-07-28 17:45:00-04:00,2026-07-28 18:00:00-04:00,0.0709262,0.070926,no
KXDOGE15M-26JUL281745,Target Price: $0.0707506,2026-07-28 17:30:00-04:00,2026-07-28 17:45:00-04:00,0.0709267,0.07075,yes
KXDOGE15M-26JUL281730,Target Price: $0.0706700,2026-07-28 17:15:00-04:00,2026-07-28 17:30:00-04:00,0.0707506,0.07067,yes
KXDOGE15M-26JUL281715,Target Price: $0.0706508,2026-07-28 17:00:00-04:00,2026-07-28 17:15:00-04:00,0.0706700,0.07065,yes
KXDOGE15M-26JUL281700,Target Price: $0.0705956,2026-07-28 16:45:00-04:00,2026-07-28 17:00:00-04:00,0.0706508,0.070595,yes
KXDOGE15M-26JUL281645,Target Price: $0.0706848,2026-07-28 16:30:00-04:00,2026-07-28 16:45:00-04:00,0.0705956,0.070684,no
KXDOGE15M-26JUL281630,Target Price: $0.0707734,2026-07-28 16:15:00-04:00,2026-07-28 16:30:00-04:00,0.0706848,0.070773,no
KXDOGE15M-26JUL281615,Target Price: $0.0706466,2026-07-28 16:00:00-04:00,2026-07-28 16:15:00-04:00,0.0707734,0.070646,yes
KXDOGE15M-26JUL281600,Target Price: $0.0705732,2026-07-28 15:45:00-04:00,2026-07-28 16:00:00-04:00,0.0706466,0.070573,yes
KXDOGE15M-26JUL281545,Target Price: $0.0706314,2026-07-28 15:30:00-04:00,2026-07-28 15:45:00-04:00,0.0705732,0.070631,no
KXDOGE15M-26JUL281530,Target Price: $0.0706591,2026-07-28 15:15:00-04:00,2026-07-28 15:30:00-04:00,0.0706314,0.070659,no
KXDOGE15M-26JUL281515,Target Price: $0.0706581,2026-07-28 15:00:00-04:00,2026-07-28 15:15:00-04:00,0.0706591,0.070658,yes
KXDOGE15M-26JUL281500,Target Price: $0.0706694,2026-07-28 14:45:00-04:00,2026-07-28 15:00:00-04:00,0.0706581,0.070669,no
KXDOGE15M-26JUL281445,Target Price: $0.0705546,2026-07-28 14:30:00-04:00,2026-07-28 14:45:00-04:00,0.0706694,0.070554,yes
KXDOGE15M-26JUL281430,Target Price: $0.0704969,2026-07-28 14:15:00-04:00,2026-07-28 14:30:00-04:00,0.0705546,0.070496,yes
KXDOGE15M-26JUL281415,Target Price: $0.0705291,2026-07-28 14:00:00-04:00,2026-07-28 14:15:00-04:00,0.0704969,0.070529,no
KXDOGE15M-26JUL281400,Target Price: $0.0704963,2026-07-28 13:45:00-04:00,2026-07-28 14:00:00-04:00,0.0705291,0.070496,yes
KXDOGE15M-26JUL281345,Target Price: $0.0708948,2026-07-28 13:30:00-04:00,2026-07-28 13:45:00-04:00,0.0704963,0.070894,no
KXDOGE15M-26JUL281330,Target Price: $0.0709618,2026-07-28 13:15:00-04:00,2026-07-28 13:30:00-04:00,0.0708948,0.070961,no
KXDOGE15M-26JUL281315,Target Price: $0.0711174,2026-07-28 13:00:00-04:00,2026-07-28 13:15:00-04:00,0.0709618,0.071117,no
KXDOGE15M-26JUL281300,Target Price: $0.0709244,2026-07-28 12:45:00-04:00,2026-07-28 13:00:00-04:00,0.0711174,0.070924,yes
KXDOGE15M-26JUL281245,Target Price: $0.0706989,2026-07-28 12:30:00-04:00,2026-07-28 12:45:00-04:00,0.0709244,0.070698,yes
KXDOGE15M-26JUL281230,Target Price: $0.0708365,2026-07-28 12:15:00-04:00,2026-07-28 12:30:00-04:00,0.0706989,0.070836,no
KXDOGE15M-26JUL281215,Target Price: $0.0707288,2026-07-28 12:00:00-04:00,2026-07-28 12:15:00-04:00,0.0708365,0.070728,yes
KXDOGE15M-26JUL281200,Target Price: $0.0707837,2026-07-28 11:45:00-04:00,2026-07-28 12:00:00-04:00,0.0707288,0.070783,no
KXDOGE15M-26JUL281145,Target Price: $0.0707775,2026-07-28 11:30:00-04:00,2026-07-28 11:45:00-04:00,0.0707837,0.070777,yes
KXDOGE15M-26JUL281130,Target Price: $0.0701871,2026-07-28 11:15:00-04:00,2026-07-28 11:30:00-04:00,0.0707775,0.070187,yes
KXDOGE15M-26JUL281115,Target Price: $0.0699166,2026-07-28 11:00:00-04:00,2026-07-28 11:15:00-04:00,0.0701871,0.069916,yes
KXDOGE15M-26JUL281100,Target Price: $0.0698156,2026-07-28 10:45:00-04:00,2026-07-28 11:00:00-04:00,,0.069815,yes
KXDOGE15M-26JUL281045,Target Price: $0.0697522,2026-07-28 10:30:00-04:00,2026-07-28 10:45:00-04:00,0.0698156,0.069752,yes
KXDOGE15M-26JUL281030,Target Price: $0.0695844,2026-07-28 10:15:00-04:00,2026-07-28 10:30:00-04:00,0.0697522,0.069584,yes
KXDOGE15M-26JUL281015,Target Price: $0.0694938,2026-07-28 10:00:00-04:00,2026-07-28 10:15:00-04:00,0.0695844,0.069493,yes
KXDOGE15M-26JUL281000,Target Price: $0.0695048,2026-07-28 09:45:00-04:00,2026-07-28 10:00:00-04:00,0.0694938,0.069504,no
KXDOGE15M-26JUL280945,Target Price: $0.0698186,2026-07-28 09:30:00-04:00,2026-07-28 09:45:00-04:00,0.0695048,0.069818,no
KXDOGE15M-26JUL280930,Target Price: $0.0700198,2026-07-28 09:15:00-04:00,2026-07-28 09:30:00-04:00,0.0698186,0.070019,no
KXDOGE15M-26JUL280915,Target Price: $0.0700573,2026-07-28 09:00:00-04:00,2026-07-28 09:15:00-04:00,0.0700198,0.070057,no
KXDOGE15M-26JUL280900,Target Price: $0.0700070,2026-07-28 08:45:00-04:00,2026-07-28 09:00:00-04:00,0.0700573,0.070007,yes
KXDOGE15M-26JUL280845,Target Price: $0.0699994,2026-07-28 08:30:00-04:00,2026-07-28 08:45:00-04:00,0.0700070,0.069999,yes
KXDOGE15M-26JUL280830,Target Price: $0.0699823,2026-07-28 08:15:00-04:00,2026-07-28 08:30:00-04:00,0.0699994,0.069982,yes
KXDOGE15M-26JUL280815,Target Price: $0.0699688,2026-07-28 08:00:00-04:00,2026-07-28 08:15:00-04:00,0.0699823,0.069968,yes
KXDOGE15M-26JUL280800,Target Price: $0.0698429,2026-07-28 07:45:00-04:00,2026-07-28 08:00:00-04:00,0.0699688,0.069842,yes
KXDOGE15M-26JUL280745,Target Price: $0.0698363,2026-07-28 07:30:00-04:00,2026-07-28 07:45:00-04:00,0.0698429,0.069836,yes
KXDOGE15M-26JUL280730,Target Price: $0.0698224,2026-07-28 07:15:00-04:00,2026-07-28 07:30:00-04:00,0.0698363,0.069822,yes
KXDOGE15M-26JUL280715,Target Price: $0.0700915,2026-07-28 07:00:00-04:00,2026-07-28 07:15:00-04:00,0.0698224,0.070091,no
KXDOGE15M-26JUL280700,Target Price: $0.0700225,2026-07-28 06:45:00-04:00,2026-07-28 07:00:00-04:00,0.0700915,0.070022,yes
KXDOGE15M-26JUL280645,Target Price: $0.0700464,2026-07-28 06:30:00-04:00,2026-07-28 06:45:00-04:00,0.0700225,0.070046,no
KXDOGE15M-26JUL280630,Target Price: $0.0699888,2026-07-28 06:15:00-04:00,2026-07-28 06:30:00-04:00,0.0700464,0.069988,yes
KXDOGE15M-26JUL280615,Target Price: $0.0700829,2026-07-28 06:00:00-04:00,2026-07-28 06:15:00-04:00,0.0699888,0.070082,no
KXDOGE15M-26JUL280600,Target Price: $0.0701914,2026-07-28 05:45:00-04:00,2026-07-28 06:00:00-04:00,0.0700829,0.070191,no
KXDOGE15M-26JUL280545,Target Price: $0.0700513,2026-07-28 05:30:00-04:00,2026-07-28 05:45:00-04:00,0.0701914,0.070051,yes
KXDOGE15M-26JUL280530,Target Price: $0.0700913,2026-07-28 05:15:00-04:00,2026-07-28 05:30:00-04:00,0.0700513,0.070091,no
KXDOGE15M-26JUL280515,Target Price: $0.0701239,2026-07-28 05:00:00-04:00,2026-07-28 05:15:00-04:00,0.0700913,0.070123,no
KXDOGE15M-26JUL280500,Target Price: $0.0701756,2026-07-28 04:45:00-04:00,2026-07-28 05:00:00-04:00,0.0701239,0.070175,no
KXDOGE15M-26JUL280445,Target Price: $0.0701763,2026-07-28 04:30:00-04:00,2026-07-28 04:45:00-04:00,0.0701756,0.070176,no
KXDOGE15M-26JUL280430,Target Price: $0.0700857,2026-07-28 04:15:00-04:00,2026-07-28 04:30:00-04:00,0.0701763,0.070085,yes
KXDOGE15M-26JUL280415,Target Price: $0.0700867,2026-07-28 04:00:00-04:00,2026-07-28 04:15:00-04:00,0.0700857,0.070086,no
KXDOGE15M-26JUL280400,Target Price: $0.0701661,2026-07-28 03:45:00-04:00,2026-07-28 04:00:00-04:00,0.0700867,0.070166,no
KXDOGE15M-26JUL280345,Target Price: $0.0703038,2026-07-28 03:30:00-04:00,2026-07-28 03:45:00-04:00,0.0701661,0.070303,no
KXDOGE15M-26JUL280330,Target Price: $0.0703237,2026-07-28 03:15:00-04:00,2026-07-28 03:30:00-04:00,0.0703038,0.070323,no
KXDOGE15M-26JUL280315,Target Price: $0.0703254,2026-07-28 03:00:00-04:00,2026-07-28 03:15:00-04:00,0.0703237,0.070325,no
KXDOGE15M-26JUL280300,Target Price: $0.0702765,2026-07-28 02:45:00-04:00,2026-07-28 03:00:00-04:00,0.0703254,0.070276,yes
KXDOGE15M-26JUL280245,Target Price: $0.0700851,2026-07-28 02:30:00-04:00,2026-07-28 02:45:00-04:00,0.0702765,0.070085,yes
KXDOGE15M-26JUL280230,Target Price: $0.0698754,2026-07-28 02:15:00-04:00,2026-07-28 02:30:00-04:00,0.0700851,0.069875,yes
KXDOGE15M-26JUL280215,Target Price: $0.0699491,2026-07-28 02:00:00-04:00,2026-07-28 02:15:00-04:00,0.0698754,0.069949,no
KXDOGE15M-26JUL280200,Target Price: $0.0700248,2026-07-28 01:45:00-04:00,2026-07-28 02:00:00-04:00,0.0699491,0.070024,no
KXDOGE15M-26JUL280145,Target Price: $0.0698953,2026-07-28 01:30:00-04:00,2026-07-28 01:45:00-04:00,0.0700248,0.069895,yes
KXDOGE15M-26JUL280130,Target Price: $0.0699582,2026-07-28 01:15:00-04:00,2026-07-28 01:30:00-04:00,0.0698953,0.069958,no
KXDOGE15M-26JUL280115,Target Price: $0.0700172,2026-07-28 01:00:00-04:00,2026-07-28 01:15:00-04:00,0.0699582,0.070017,no
KXDOGE15M-26JUL280100,Target Price: $0.0699390,2026-07-28 00:45:00-04:00,2026-07-28 01:00:00-04:00,0.0700172,0.069939,yes
KXDOGE15M-26JUL280045,Target Price: $0.0699935,2026-07-28 00:30:00-04:00,2026-07-28 00:45:00-04:00,0.0699390,0.069993,no
KXDOGE15M-26JUL280030,Target Price: $0.0701314,2026-07-28 00:15:00-04:00,2026-07-28 00:30:00-04:00,0.0699935,0.070131,no
KXDOGE15M-26JUL280015,Target Price: $0.0701176,2026-07-28 00:00:00-04:00,2026-07-28 00:15:00-04:00,0.0701314,0.070117,yes
KXDOGE15M-26JUL280000,Target Price: $0.0701642,2026-07-27 23:45:00-04:00,2026-07-28 00:00:00-04:00,0.0701176,0.070164,no
KXDOGE15M-26JUL272345,Target Price: $0.0700536,2026-07-27 23:30:00-04:00,2026-07-27 23:45:00-04:00,0.0701642,0.070053,yes
KXDOGE15M-26JUL272330,Target Price: $0.0699562,2026-07-27 23:15:00-04:00,2026-07-27 23:30:00-04:00,0.0700536,0.069956,yes
KXDOGE15M-26JUL272315,Target Price: $0.0701410,2026-07-27 23:00:00-04:00,2026-07-27 23:15:00-04:00,0.0699562,0.070141,no
KXDOGE15M-26JUL272300,Target Price: $0.0700619,2026-07-27 22:45:00-04:00,2026-07-27 23:00:00-04:00,0.0701410,0.070061,yes
KXDOGE15M-26JUL272245,Target Price: $0.0700021,2026-07-27 22:30:00-04:00,2026-07-27 22:45:00-04:00,0.0700619,0.070002,yes
KXDOGE15M-26JUL272230,Target Price: $0.0698536,2026-07-27 22:15:00-04:00,2026-07-27 22:30:00-04:00,0.0700021,0.069853,yes
KXDOGE15M-26JUL272215,Target Price: $0.0696877,2026-07-27 22:00:00-04:00,2026-07-27 22:15:00-04:00,0.0698536,0.069687,yes
KXDOGE15M-26JUL272200,Target Price: $0.0696808,2026-07-27 21:45:00-04:00,2026-07-27 22:00:00-04:00,0.0696877,0.06968,yes
KXDOGE15M-26JUL272145,Target Price: $0.0697456,2026-07-27 21:30:00-04:00,2026-07-27 21:45:00-04:00,0.0696808,0.069745,no
KXDOGE15M-26JUL272130,Target Price: $0.0696304,2026-07-27 21:15:00-04:00,2026-07-27 21:30:00-04:00,0.0697456,0.06963,yes
KXDOGE15M-26JUL272115,Target Price: $0.0698597,2026-07-27 21:00:00-04:00,2026-07-27 21:15:00-04:00,0.0696304,0.069859,no
KXDOGE15M-26JUL272100,Target Price: $0.0702916,2026-07-27 20:45:00-04:00,2026-07-27 21:00:00-04:00,0.0698597,0.070291,no
KXDOGE15M-26JUL272045,Target Price: $0.0703590,2026-07-27 20:30:00-04:00,2026-07-27 20:45:00-04:00,0.0702916,0.070359,no
KXDOGE15M-26JUL272030,Target Price: $0.0702902,2026-07-27 20:15:00-04:00,2026-07-27 20:30:00-04:00,0.0703590,0.07029,yes
KXDOGE15M-26JUL272015,Target Price: $0.0703522,2026-07-27 20:00:00-04:00,2026-07-27 20:15:00-04:00,0.0702902,0.070352,no
KXDOGE15M-26JUL272000,Target Price: $0.0703310,2026-07-27 19:45:00-04:00,2026-07-27 20:00:00-04:00,0.0703522,0.070331,yes
KXDOGE15M-26JUL271945,Target Price: $0.0705717,2026-07-27 19:30:00-04:00,2026-07-27 19:45:00-04:00,0.0703310,0.070571,no
KXDOGE15M-26JUL271930,Target Price: $0.0703599,2026-07-27 19:15:00-04:00,2026-07-27 19:30:00-04:00,0.0705717,0.070359,yes
KXDOGE15M-26JUL271915,Target Price: $0.0704725,2026-07-27 19:00:00-04:00,2026-07-27 19:15:00-04:00,0.0703599,0.070472,no
KXDOGE15M-26JUL271900,Target Price: $0.0710091,2026-07-27 18:45:00-04:00,2026-07-27 19:00:00-04:00,0.0704725,0.071009,no
KXDOGE15M-26JUL271845,Target Price: $0.0715434,2026-07-27 18:30:00-04:00,2026-07-27 18:45:00-04:00,0.0710091,0.071543,no
KXDOGE15M-26JUL271830,Target Price: $0.0716853,2026-07-27 18:15:00-04:00,2026-07-27 18:30:00-04:00,0.0715434,0.071685,no
KXDOGE15M-26JUL271815,Target Price: $0.0718421,2026-07-27 18:00:00-04:00,2026-07-27 18:15:00-04:00,0.0716853,0.071842,no
KXDOGE15M-26JUL271800,Target Price: $0.0718086,2026-07-27 17:45:00-04:00,2026-07-27 18:00:00-04:00,0.0718421,0.071808,yes
KXDOGE15M-26JUL271745,Target Price: $0.0718107,2026-07-27 17:30:00-04:00,2026-07-27 17:45:00-04:00,0.0718086,0.07181,no
KXDOGE15M-26JUL271730,Target Price: $0.0720384,2026-07-27 17:15:00-04:00,2026-07-27 17:30:00-04:00,0.0718107,0.072038,no
KXDOGE15M-26JUL271715,Target Price: $0.0720527,2026-07-27 17:00:00-04:00,2026-07-27 17:15:00-04:00,0.0720384,0.072052,no
KXDOGE15M-26JUL271700,Target Price: $0.0719571,2026-07-27 16:45:00-04:00,2026-07-27 17:00:00-04:00,0.0720527,0.071957,yes
KXDOGE15M-26JUL271645,Target Price: $0.0720233,2026-07-27 16:30:00-04:00,2026-07-27 16:45:00-04:00,0.0719571,0.072023,no
KXDOGE15M-26JUL271630,Target Price: $0.0718621,2026-07-27 16:15:00-04:00,2026-07-27 16:30:00-04:00,0.0720233,0.071862,yes
KXDOGE15M-26JUL271615,Target Price: $0.0719205,2026-07-27 16:00:00-04:00,2026-07-27 16:15:00-04:00,0.0718621,0.07192,no
KXDOGE15M-26JUL271600,Target Price: $0.0719209,2026-07-27 15:45:00-04:00,2026-07-27 16:00:00-04:00,0.0719205,0.07192,no
KXDOGE15M-26JUL271545,Target Price: $0.0719193,2026-07-27 15:30:00-04:00,2026-07-27 15:45:00-04:00,0.0719209,0.071919,yes
KXDOGE15M-26JUL271530,Target Price: $0.0719818,2026-07-27 15:15:00-04:00,2026-07-27 15:30:00-04:00,0.0719193,0.071981,no
KXDOGE15M-26JUL271515,Target Price: $0.0717328,2026-07-27 15:00:00-04:00,2026-07-27 15:15:00-04:00,0.0719818,0.071732,yes
KXDOGE15M-26JUL271500,Target Price: $0.0716632,2026-07-27 14:45:00-04:00,2026-07-27 15:00:00-04:00,0.0717328,0.071663,yes
KXDOGE15M-26JUL271445,Target Price: $0.0717692,2026-07-27 14:30:00-04:00,2026-07-27 14:45:00-04:00,0.0716632,0.071769,no
KXDOGE15M-26JUL271430,Target Price: $0.0718962,2026-07-27 14:15:00-04:00,2026-07-27 14:30:00-04:00,0.0717692,0.071896,no
KXDOGE15M-26JUL271415,Target Price: $0.0720501,2026-07-27 14:00:00-04:00,2026-07-27 14:15:00-04:00,0.0718962,0.07205,no
KXDOGE15M-26JUL271400,Target Price: $0.0720462,2026-07-27 13:45:00-04:00,2026-07-27 14:00:00-04:00,0.0720501,0.072046,yes
KXDOGE15M-26JUL271345,Target Price: $0.0720769,2026-07-27 13:30:00-04:00,2026-07-27 13:45:00-04:00,0.0720462,0.072076,no
KXDOGE15M-26JUL271330,Target Price: $0.0721303,2026-07-27 13:15:00-04:00,2026-07-27 13:30:00-04:00,0.0720769,0.07213,no
KXDOGE15M-26JUL271315,Target Price: $0.0720399,2026-07-27 13:00:00-04:00,2026-07-27 13:15:00-04:00,0.0721303,0.072039,yes
KXDOGE15M-26JUL271300,Target Price: $0.0720409,2026-07-27 12:45:00-04:00,2026-07-27 13:00:00-04:00,0.0720399,0.07204,no
KXDOGE15M-26JUL271245,Target Price: $0.0717850,2026-07-27 12:30:00-04:00,2026-07-27 12:45:00-04:00,0.0720409,0.071785,yes
KXDOGE15M-26JUL271230,Target Price: $0.0713795,2026-07-27 12:15:00-04:00,2026-07-27 12:30:00-04:00,0.0717850,0.071379,yes
KXDOGE15M-26JUL271215,Target Price: $0.0712925,2026-07-27 12:00:00-04:00,2026-07-27 12:15:00-04:00,0.0713795,0.071292,yes
KXDOGE15M-26JUL271200,Target Price: $0.0714873,2026-07-27 11:45:00-04:00,2026-07-27 12:00:00-04:00,0.0712925,0.071487,no
KXDOGE15M-26JUL271145,Target Price: $0.0714452,2026-07-27 11:30:00-04:00,2026-07-27 11:45:00-04:00,0.0714873,0.071445,yes
KXDOGE15M-26JUL271130,Target Price: $0.0714403,2026-07-27 11:15:00-04:00,2026-07-27 11:30:00-04:00,0.0714452,0.07144,yes
KXDOGE15M-26JUL271115,Target Price: $0.0713384,2026-07-27 11:00:00-04:00,2026-07-27 11:15:00-04:00,0.0714403,0.071338,yes
KXDOGE15M-26JUL271100,Target Price: $0.0709747,2026-07-27 10:45:00-04:00,2026-07-27 11:00:00-04:00,0.0713384,0.070974,yes
KXDOGE15M-26JUL271045,Target Price: $0.0718297,2026-07-27 10:30:00-04:00,2026-07-27 10:45:00-04:00,0.0709747,0.071829,no
KXDOGE15M-26JUL271030,Target Price: $0.0725815,2026-07-27 10:15:00-04:00,2026-07-27 10:30:00-04:00,0.0718297,0.072581,no
KXDOGE15M-26JUL271015,Target Price: $0.0727003,2026-07-27 10:00:00-04:00,2026-07-27 10:15:00-04:00,0.0725815,0.0727,no
KXDOGE15M-26JUL271000,Target Price: $0.0730828,2026-07-27 09:45:00-04:00,2026-07-27 10:00:00-04:00,0.0727003,0.073082,no
KXDOGE15M-26JUL270945,Target Price: $0.0724609,2026-07-27 09:30:00-04:00,2026-07-27 09:45:00-04:00,0.0730828,0.07246,yes
KXDOGE15M-26JUL270930,Target Price: $0.0726571,2026-07-27 09:15:00-04:00,2026-07-27 09:30:00-04:00,0.0724609,0.072657,no
KXDOGE15M-26JUL270915,Target Price: $0.0728591,2026-07-27 09:00:00-04:00,2026-07-27 09:15:00-04:00,0.0726571,0.072859,no
KXDOGE15M-26JUL270900,Target Price: $0.0726970,2026-07-27 08:45:00-04:00,2026-07-27 09:00:00-04:00,0.0728591,0.072697,yes
KXDOGE15M-26JUL270845,Target Price: $0.0725128,2026-07-27 08:30:00-04:00,2026-07-27 08:45:00-04:00,0.0726970,0.072512,yes
KXDOGE15M-26JUL270830,Target Price: $0.0725175,2026-07-27 08:15:00-04:00,2026-07-27 08:30:00-04:00,0.0725128,0.072517,no
KXDOGE15M-26JUL270815,Target Price: $0.0725285,2026-07-27 08:00:00-04:00,2026-07-27 08:15:00-04:00,0.0725175,0.072528,no
KXDOGE15M-26JUL270800,Target Price: $0.0726491,2026-07-27 07:45:00-04:00,2026-07-27 08:00:00-04:00,0.0725285,0.072649,no
KXDOGE15M-26JUL270745,Target Price: $0.0726753,2026-07-27 07:30:00-04:00,2026-07-27 07:45:00-04:00,0.0726491,0.072675,no
KXDOGE15M-26JUL270730,Target Price: $0.0727253,2026-07-27 07:15:00-04:00,2026-07-27 07:30:00-04:00,0.0726753,0.072725,no
KXDOGE15M-26JUL270715,Target Price: $0.0727276,2026-07-27 07:00:00-04:00,2026-07-27 07:15:00-04:00,0.0727253,0.072727,no
KXDOGE15M-26JUL270700,Target Price: $0.0727465,2026-07-27 06:45:00-04:00,2026-07-27 07:00:00-04:00,0.0727276,0.072746,no
KXDOGE15M-26JUL270645,Target Price: $0.0727023,2026-07-27 06:30:00-04:00,2026-07-27 06:45:00-04:00,0.0727465,0.072702,yes
KXDOGE15M-26JUL270630,Target Price: $0.0727112,2026-07-27 06:15:00-04:00,2026-07-27 06:30:00-04:00,0.0727023,0.072711,no
KXDOGE15M-26JUL270615,Target Price: $0.0726324,2026-07-27 06:00:00-04:00,2026-07-27 06:15:00-04:00,0.0727112,0.072632,yes
KXDOGE15M-26JUL270600,Target Price: $0.0726305,2026-07-27 05:45:00-04:00,2026-07-27 06:00:00-04:00,0.0726324,0.07263,yes
KXDOGE15M-26JUL270545,Target Price: $0.0724206,2026-07-27 05:30:00-04:00,2026-07-27 05:45:00-04:00,0.0726305,0.07242,yes
KXDOGE15M-26JUL270530,Target Price: $0.0722748,2026-07-27 05:15:00-04:00,2026-07-27 05:30:00-04:00,0.0724206,0.072274,yes
KXDOGE15M-26JUL270515,Target Price: $0.0725661,2026-07-27 05:00:00-04:00,2026-07-27 05:15:00-04:00,0.0722748,0.072566,no
KXDOGE15M-26JUL270500,Target Price: $0.0725440,2026-07-27 04:45:00-04:00,2026-07-27 05:00:00-04:00,0.0725661,0.072544,yes
KXDOGE15M-26JUL270445,Target Price: $0.0726390,2026-07-27 04:30:00-04:00,2026-07-27 04:45:00-04:00,0.0725440,0.072639,no
KXDOGE15M-26JUL270430,Target Price: $0.0725900,2026-07-27 04:15:00-04:00,2026-07-27 04:30:00-04:00,0.0726390,0.07259,yes
KXDOGE15M-26JUL270415,Target Price: $0.0728207,2026-07-27 04:00:00-04:00,2026-07-27 04:15:00-04:00,0.0725900,0.07282,no
KXDOGE15M-26JUL270400,Target Price: $0.0727467,2026-07-27 03:45:00-04:00,2026-07-27 04:00:00-04:00,0.0728207,0.072746,yes
KXDOGE15M-26JUL270345,Target Price: $0.0728931,2026-07-27 03:30:00-04:00,2026-07-27 03:45:00-04:00,0.0727467,0.072893,no
KXDOGE15M-26JUL270330,Target Price: $0.0729672,2026-07-27 03:15:00-04:00,2026-07-27 03:30:00-04:00,0.0728931,0.072967,no
KXDOGE15M-26JUL270315,Target Price: $0.0729707,2026-07-27 03:00:00-04:00,2026-07-27 03:15:00-04:00,0.0729672,0.07297,no
KXDOGE15M-26JUL270300,Target Price: $0.0731228,2026-07-27 02:45:00-04:00,2026-07-27 03:00:00-04:00,0.0729707,0.073122,no
KXDOGE15M-26JUL270245,Target Price: $0.0729964,2026-07-27 02:30:00-04:00,2026-07-27 02:45:00-04:00,0.0731228,0.072996,yes
KXDOGE15M-26JUL270230,Target Price: $0.0731640,2026-07-27 02:15:00-04:00,2026-07-27 02:30:00-04:00,0.0729964,0.073164,no
KXDOGE15M-26JUL270215,Target Price: $0.0729268,2026-07-27 02:00:00-04:00,2026-07-27 02:15:00-04:00,0.0731640,0.072926,yes
KXDOGE15M-26JUL270200,Target Price: $0.0727209,2026-07-27 01:45:00-04:00,2026-07-27 02:00:00-04:00,0.0729268,0.07272,yes
KXDOGE15M-26JUL270145,Target Price: $0.0727975,2026-07-27 01:30:00-04:00,2026-07-27 01:45:00-04:00,0.0727209,0.072797,no
KXDOGE15M-26JUL270130,Target Price: $0.0728863,2026-07-27 01:15:00-04:00,2026-07-27 01:30:00-04:00,0.0727975,0.072886,no
KXDOGE15M-26JUL270115,Target Price: $0.0727369,2026-07-27 01:00:00-04:00,2026-07-27 01:15:00-04:00,0.0728863,0.072736,yes
KXDOGE15M-26JUL270100,Target Price: $0.0728217,2026-07-27 00:45:00-04:00,2026-07-27 01:00:00-04:00,0.0727369,0.072821,no
KXDOGE15M-26JUL270045,Target Price: $0.0727633,2026-07-27 00:30:00-04:00,2026-07-27 00:45:00-04:00,0.0728217,0.072763,yes
KXDOGE15M-26JUL270030,Target Price: $0.0727443,2026-07-27 00:15:00-04:00,2026-07-27 00:30:00-04:00,0.0727633,0.072744,yes
KXDOGE15M-26JUL270015,Target Price: $0.0727960,2026-07-27 00:00:00-04:00,2026-07-27 00:15:00-04:00,0.0727443,0.072796,no
KXDOGE15M-26JUL270000,Target Price: $0.0728367,2026-07-26 23:45:00-04:00,2026-07-27 00:00:00-04:00,0.0727960,0.072836,no
KXDOGE15M-26JUL262345,Target Price: $0.0726910,2026-07-26 23:30:00-04:00,2026-07-26 23:45:00-04:00,0.0728367,0.072691,yes
KXDOGE15M-26JUL262330,Target Price: $0.0725508,2026-07-26 23:15:00-04:00,2026-07-26 23:30:00-04:00,0.0726910,0.07255,yes
KXDOGE15M-26JUL262315,Target Price: $0.0725524,2026-07-26 23:00:00-04:00,2026-07-26 23:15:00-04:00,0.0725508,0.072552,no
KXDOGE15M-26JUL262300,Target Price: $0.0727195,2026-07-26 22:45:00-04:00,2026-07-26 23:00:00-04:00,0.0725524,0.072719,no
KXDOGE15M-26JUL262245,Target Price: $0.0727220,2026-07-26 22:30:00-04:00,2026-07-26 22:45:00-04:00,0.0727195,0.072722,no
KXDOGE15M-26JUL262230,Target Price: $0.0726833,2026-07-26 22:15:00-04:00,2026-07-26 22:30:00-04:00,0.0727220,0.072683,yes
KXDOGE15M-26JUL262215,Target Price: $0.0727737,2026-07-26 22:00:00-04:00,2026-07-26 22:15:00-04:00,0.0726833,0.072773,no
KXDOGE15M-26JUL262200,Target Price: $0.0726631,2026-07-26 21:45:00-04:00,2026-07-26 22:00:00-04:00,0.0727737,0.072663,yes
KXDOGE15M-26JUL262145,Target Price: $0.0727415,2026-07-26 21:30:00-04:00,2026-07-26 21:45:00-04:00,0.0726631,0.072741,no
KXDOGE15M-26JUL262130,Target Price: $0.0728033,2026-07-26 21:15:00-04:00,2026-07-26 21:30:00-04:00,0.0727415,0.072803,no
KXDOGE15M-26JUL262115,Target Price: $0.0729561,2026-07-26 21:00:00-04:00,2026-07-26 21:15:00-04:00,0.0728033,0.072956,no
KXDOGE15M-26JUL262100,Target Price: $0.0730018,2026-07-26 20:45:00-04:00,2026-07-26 21:00:00-04:00,0.0729561,0.073001,no
KXDOGE15M-26JUL262045,Target Price: $0.0732003,2026-07-26 20:30:00-04:00,2026-07-26 20:45:00-04:00,0.0730018,0.0732,no
KXDOGE15M-26JUL262030,Target Price: $0.0732546,2026-07-26 20:15:00-04:00,2026-07-26 20:30:00-04:00,0.0732003,0.073254,no
KXDOGE15M-26JUL262015,Target Price: $0.0733226,2026-07-26 20:00:00-04:00,2026-07-26 20:15:00-04:00,0.0732546,0.073322,no
KXDOGE15M-26JUL262000,Target Price: $0.0732954,2026-07-26 19:45:00-04:00,2026-07-26 20:00:00-04:00,0.0733226,0.073295,yes
KXDOGE15M-26JUL261945,Target Price: $0.0731565,2026-07-26 19:30:00-04:00,2026-07-26 19:45:00-04:00,0.0732954,0.073156,yes
KXDOGE15M-26JUL261930,Target Price: $0.0732393,2026-07-26 19:15:00-04:00,2026-07-26 19:30:00-04:00,0.0731565,0.073239,no
KXDOGE15M-26JUL261915,Target Price: $0.0732301,2026-07-26 19:00:00-04:00,2026-07-26 19:15:00-04:00,0.0732393,0.07323,yes
KXDOGE15M-26JUL261900,Target Price: $0.0732287,2026-07-26 18:45:00-04:00,2026-07-26 19:00:00-04:00,0.0732301,0.073228,yes
KXDOGE15M-26JUL261845,Target Price: $0.0730526,2026-07-26 18:30:00-04:00,2026-07-26 18:45:00-04:00,0.0732287,0.073052,yes
KXDOGE15M-26JUL261830,Target Price: $0.0730968,2026-07-26 18:15:00-04:00,2026-07-26 18:30:00-04:00,0.0730526,0.073096,no
KXDOGE15M-26JUL261815,Target Price: $0.0727229,2026-07-26 18:00:00-04:00,2026-07-26 18:15:00-04:00,0.0730968,0.072722,yes
KXDOGE15M-26JUL261800,Target Price: $0.0727189,2026-07-26 17:45:00-04:00,2026-07-26 18:00:00-04:00,0.0727229,0.072718,yes
KXDOGE15M-26JUL261745,Target Price: $0.0727102,2026-07-26 17:30:00-04:00,2026-07-26 17:45:00-04:00,0.0727189,0.07271,yes
KXDOGE15M-26JUL261730,Target Price: $0.0725518,2026-07-26 17:15:00-04:00,2026-07-26 17:30:00-04:00,0.0727102,0.072551,yes
KXDOGE15M-26JUL261715,Target Price: $0.0725397,2026-07-26 17:00:00-04:00,2026-07-26 17:15:00-04:00,0.0725518,0.072539,yes
KXDOGE15M-26JUL261700,Target Price: $0.0726831,2026-07-26 16:45:00-04:00,2026-07-26 17:00:00-04:00,0.0725397,0.072683,no
KXDOGE15M-26JUL261645,Target Price: $0.0727048,2026-07-26 16:30:00-04:00,2026-07-26 16:45:00-04:00,0.0726831,0.072704,no
KXDOGE15M-26JUL261630,Target Price: $0.0726440,2026-07-26 16:15:00-04:00,2026-07-26 16:30:00-04:00,0.0727048,0.072644,yes
KXDOGE15M-26JUL261615,Target Price: $0.0726042,2026-07-26 16:00:00-04:00,2026-07-26 16:15:00-04:00,0.0726440,0.072604,yes
KXDOGE15M-26JUL261600,Target Price: $0.0725515,2026-07-26 15:45:00-04:00,2026-07-26 16:00:00-04:00,0.0726042,0.072551,yes
KXDOGE15M-26JUL261545,Target Price: $0.0725563,2026-07-26 15:30:00-04:00,2026-07-26 15:45:00-04:00,0.0725515,0.072556,no
KXDOGE15M-26JUL261530,Target Price: $0.0725545,2026-07-26 15:15:00-04:00,2026-07-26 15:30:00-04:00,0.0725563,0.072554,yes
KXDOGE15M-26JUL261515,Target Price: $0.0726659,2026-07-26 15:00:00-04:00,2026-07-26 15:15:00-04:00,0.0725545,0.072665,no
KXDOGE15M-26JUL261500,Target Price: $0.0727102,2026-07-26 14:45:00-04:00,2026-07-26 15:00:00-04:00,0.0726659,0.07271,no
KXDOGE15M-26JUL261445,Target Price: $0.0727728,2026-07-26 14:30:00-04:00,2026-07-26 14:45:00-04:00,0.0727102,0.072772,no
KXDOGE15M-26JUL261430,Target Price: $0.0727809,2026-07-26 14:15:00-04:00,2026-07-26 14:30:00-04:00,0.0727728,0.07278,no
KXDOGE15M-26JUL261415,Target Price: $0.0730613,2026-07-26 14:00:00-04:00,2026-07-26 14:15:00-04:00,0.0727809,0.073061,no
KXDOGE15M-26JUL261400,Target Price: $0.0731289,2026-07-26 13:45:00-04:00,2026-07-26 14:00:00-04:00,0.0730613,0.073128,no
KXDOGE15M-26JUL261345,Target Price: $0.0730814,2026-07-26 13:30:00-04:00,2026-07-26 13:45:00-04:00,0.0731289,0.073081,yes
KXDOGE15M-26JUL261330,Target Price: $0.0730606,2026-07-26 13:15:00-04:00,2026-07-26 13:30:00-04:00,0.0730814,0.07306,yes
KXDOGE15M-26JUL261315,Target Price: $0.0730526,2026-07-26 13:00:00-04:00,2026-07-26 13:15:00-04:00,0.0730606,0.073052,yes
KXDOGE15M-26JUL261300,Target Price: $0.0731146,2026-07-26 12:45:00-04:00,2026-07-26 13:00:00-04:00,0.0730526,0.073114,no
KXDOGE15M-26JUL261245,Target Price: $0.0731951,2026-07-26 12:30:00-04:00,2026-07-26 12:45:00-04:00,0.0731146,0.073195,no
KXDOGE15M-26JUL261230,Target Price: $0.0729807,2026-07-26 12:15:00-04:00,2026-07-26 12:30:00-04:00,0.0731951,0.07298,yes
KXDOGE15M-26JUL261215,Target Price: $0.0730366,2026-07-26 12:00:00-04:00,2026-07-26 12:15:00-04:00,0.0729807,0.073036,no
KXDOGE15M-26JUL261200,Target Price: $0.0730826,2026-07-26 11:45:00-04:00,2026-07-26 12:00:00-04:00,0.0730366,0.073082,no
KXDOGE15M-26JUL261145,Target Price: $0.0730027,2026-07-26 11:30:00-04:00,2026-07-26 11:45:00-04:00,0.0730826,0.073002,yes
KXDOGE15M-26JUL261130,Target Price: $0.0728610,2026-07-26 11:15:00-04:00,2026-07-26 11:30:00-04:00,0.0730027,0.072861,yes
KXDOGE15M-26JUL261115,Target Price: $0.0729209,2026-07-26 11:00:00-04:00,2026-07-26 11:15:00-04:00,0.0728610,0.07292,no
KXDOGE15M-26JUL261100,Target Price: $0.0728888,2026-07-26 10:45:00-04:00,2026-07-26 11:00:00-04:00,0.0729209,0.072888,yes
KXDOGE15M-26JUL261045,Target Price: $0.0728698,2026-07-26 10:30:00-04:00,2026-07-26 10:45:00-04:00,0.0728888,0.072869,yes
KXDOGE15M-26JUL261030,Target Price: $0.0731774,2026-07-26 10:15:00-04:00,2026-07-26 10:30:00-04:00,0.0728698,0.073177,no
KXDOGE15M-26JUL261015,Target Price: $0.0729898,2026-07-26 10:00:00-04:00,2026-07-26 10:15:00-04:00,0.0731774,0.072989,yes
KXDOGE15M-26JUL261000,Target Price: $0.0730130,2026-07-26 09:45:00-04:00,2026-07-26 10:00:00-04:00,0.0729898,0.073013,no
KXDOGE15M-26JUL260945,Target Price: $0.0728895,2026-07-26 09:30:00-04:00,2026-07-26 09:45:00-04:00,0.0730130,0.072889,yes
KXDOGE15M-26JUL260930,Target Price: $0.0730277,2026-07-26 09:15:00-04:00,2026-07-26 09:30:00-04:00,0.0728895,0.073027,no
KXDOGE15M-26JUL260915,Target Price: $0.0732241,2026-07-26 09:00:00-04:00,2026-07-26 09:15:00-04:00,0.0730277,0.073224,no
KXDOGE15M-26JUL260900,Target Price: $0.0732187,2026-07-26 08:45:00-04:00,2026-07-26 09:00:00-04:00,0.0732241,0.073218,yes
KXDOGE15M-26JUL260845,Target Price: $0.0732771,2026-07-26 08:30:00-04:00,2026-07-26 08:45:00-04:00,0.0732187,0.073277,no
KXDOGE15M-26JUL260830,Target Price: $0.0732200,2026-07-26 08:15:00-04:00,2026-07-26 08:30:00-04:00,0.0732771,0.07322,yes
KXDOGE15M-26JUL260815,Target Price: $0.0731561,2026-07-26 08:00:00-04:00,2026-07-26 08:15:00-04:00,0.0732200,0.073156,yes
KXDOGE15M-26JUL260800,Target Price: $0.0731695,2026-07-26 07:45:00-04:00,2026-07-26 08:00:00-04:00,0.0731561,0.073169,no
KXDOGE15M-26JUL260745,Target Price: $0.0733692,2026-07-26 07:30:00-04:00,2026-07-26 07:45:00-04:00,0.0731695,0.073369,no
KXDOGE15M-26JUL260730,Target Price: $0.0731824,2026-07-26 07:15:00-04:00,2026-07-26 07:30:00-04:00,0.0733692,0.073182,yes
KXDOGE15M-26JUL260715,Target Price: $0.0732225,2026-07-26 07:00:00-04:00,2026-07-26 07:15:00-04:00,0.0731824,0.073222,no
KXDOGE15M-26JUL260700,Target Price: $0.0733198,2026-07-26 06:45:00-04:00,2026-07-26 07:00:00-04:00,0.0732225,0.073319,no
KXDOGE15M-26JUL260645,Target Price: $0.0732183,2026-07-26 06:30:00-04:00,2026-07-26 06:45:00-04:00,0.0733198,0.073218,yes
KXDOGE15M-26JUL260630,Target Price: $0.0733044,2026-07-26 06:15:00-04:00,2026-07-26 06:30:00-04:00,0.0732183,0.073304,no
KXDOGE15M-26JUL260615,Target Price: $0.0732198,2026-07-26 06:00:00-04:00,2026-07-26 06:15:00-04:00,0.0733044,0.073219,yes
KXDOGE15M-26JUL260600,Target Price: $0.0732469,2026-07-26 05:45:00-04:00,2026-07-26 06:00:00-04:00,0.0732198,0.073246,no
KXDOGE15M-26JUL260545,Target Price: $0.0730896,2026-07-26 05:30:00-04:00,2026-07-26 05:45:00-04:00,0.0732469,0.073089,yes
KXDOGE15M-26JUL260530,Target Price: $0.0732979,2026-07-26 05:15:00-04:00,2026-07-26 05:30:00-04:00,0.0730896,0.073297,no
KXDOGE15M-26JUL260515,Target Price: $0.0733877,2026-07-26 05:00:00-04:00,2026-07-26 05:15:00-04:00,0.0732979,0.073387,no
KXDOGE15M-26JUL260500,Target Price: $0.0734157,2026-07-26 04:45:00-04:00,2026-07-26 05:00:00-04:00,0.0733877,0.073415,no
KXDOGE15M-26JUL260445,Target Price: $0.0735865,2026-07-26 04:30:00-04:00,2026-07-26 04:45:00-04:00,0.0734157,0.073586,no
KXDOGE15M-26JUL260430,Target Price: $0.0732794,2026-07-26 04:15:00-04:00,2026-07-26 04:30:00-04:00,0.0735865,0.073279,yes
KXDOGE15M-26JUL260415,Target Price: $0.0731920,2026-07-26 04:00:00-04:00,2026-07-26 04:15:00-04:00,0.0732794,0.073192,yes
KXDOGE15M-26JUL260400,Target Price: $0.0732292,2026-07-26 03:45:00-04:00,2026-07-26 04:00:00-04:00,0.0731920,0.073229,no
KXDOGE15M-26JUL260345,Target Price: $0.0734219,2026-07-26 03:30:00-04:00,2026-07-26 03:45:00-04:00,0.0732292,0.073421,no
KXDOGE15M-26JUL260330,Target Price: $0.0737483,2026-07-26 03:15:00-04:00,2026-07-26 03:30:00-04:00,0.0734219,0.073748,no
KXDOGE15M-26JUL260315,Target Price: $0.0734549,2026-07-26 03:00:00-04:00,2026-07-26 03:15:00-04:00,0.0737483,0.073454,yes
KXDOGE15M-26JUL260300,Target Price: $0.0728997,2026-07-26 02:45:00-04:00,2026-07-26 03:00:00-04:00,0.0734549,0.072899,yes
KXDOGE15M-26JUL260245,Target Price: $0.0727308,2026-07-26 02:30:00-04:00,2026-07-26 02:45:00-04:00,0.0728997,0.07273,yes
KXDOGE15M-26JUL260230,Target Price: $0.0730639,2026-07-26 02:15:00-04:00,2026-07-26 02:30:00-04:00,0.0727308,0.073063,no
KXDOGE15M-26JUL260215,Target Price: $0.0733391,2026-07-26 02:00:00-04:00,2026-07-26 02:15:00-04:00,0.0730639,0.073339,no
KXDOGE15M-26JUL260200,Target Price: $0.0735827,2026-07-26 01:45:00-04:00,2026-07-26 02:00:00-04:00,0.0733391,0.073582,no
KXDOGE15M-26JUL260145,Target Price: $0.0732631,2026-07-26 01:30:00-04:00,2026-07-26 01:45:00-04:00,0.0735827,0.073263,yes
KXDOGE15M-26JUL260130,Target Price: $0.0734277,2026-07-26 01:15:00-04:00,2026-07-26 01:30:00-04:00,0.0732631,0.073427,no
KXDOGE15M-26JUL260115,Target Price: $0.0731235,2026-07-26 01:00:00-04:00,2026-07-26 01:15:00-04:00,0.0734277,0.073123,yes
KXDOGE15M-26JUL260100,Target Price: $0.0729941,2026-07-26 00:45:00-04:00,2026-07-26 01:00:00-04:00,0.0731235,0.072994,yes
KXDOGE15M-26JUL260045,Target Price: $0.0732688,2026-07-26 00:30:00-04:00,2026-07-26 00:45:00-04:00,0.0729941,0.073268,no
KXDOGE15M-26JUL260030,Target Price: $0.0725347,2026-07-26 00:15:00-04:00,2026-07-26 00:30:00-04:00,0.0732688,0.072534,yes
KXDOGE15M-26JUL260015,Target Price: $0.0726513,2026-07-26 00:00:00-04:00,2026-07-26 00:15:00-04:00,0.0725347,0.072651,no
KXDOGE15M-26JUL260000,Target Price: $0.0724765,2026-07-25 23:45:00-04:00,2026-07-26 00:00:00-04:00,0.0726513,0.072476,yes
KXDOGE15M-26JUL252345,Target Price: $0.0723585,2026-07-25 23:30:00-04:00,2026-07-25 23:45:00-04:00,0.0724765,0.072358,yes
KXDOGE15M-26JUL252330,Target Price: $0.0723664,2026-07-25 23:15:00-04:00,2026-07-25 23:30:00-04:00,0.0723585,0.072366,no
KXDOGE15M-26JUL252315,Target Price: $0.0724018,2026-07-25 23:00:00-04:00,2026-07-25 23:15:00-04:00,0.0723664,0.072401,no
KXDOGE15M-26JUL252300,Target Price: $0.0724574,2026-07-25 22:45:00-04:00,2026-07-25 23:00:00-04:00,0.0724018,0.072457,no
KXDOGE15M-26JUL252245,Target Price: $0.0726926,2026-07-25 22:30:00-04:00,2026-07-25 22:45:00-04:00,0.0724574,0.072692,no
KXDOGE15M-26JUL252230,Target Price: $0.0723928,2026-07-25 22:15:00-04:00,2026-07-25 22:30:00-04:00,0.0726926,0.072392,yes
KXDOGE15M-26JUL252215,Target Price: $0.0719930,2026-07-25 22:00:00-04:00,2026-07-25 22:15:00-04:00,0.0723928,0.071993,yes
KXDOGE15M-26JUL252200,Target Price: $0.0716345,2026-07-25 21:45:00-04:00,2026-07-25 22:00:00-04:00,0.0719930,0.071634,yes
KXDOGE15M-26JUL252145,Target Price: $0.0716578,2026-07-25 21:30:00-04:00,2026-07-25 21:45:00-04:00,0.0716345,0.071657,no
KXDOGE15M-26JUL252130,Target Price: $0.0716952,2026-07-25 21:15:00-04:00,2026-07-25 21:30:00-04:00,0.0716578,0.071695,no
KXDOGE15M-26JUL252115,Target Price: $0.0717720,2026-07-25 21:00:00-04:00,2026-07-25 21:15:00-04:00,0.0716952,0.071772,no
KXDOGE15M-26JUL252100,Target Price: $0.0716879,2026-07-25 20:45:00-04:00,2026-07-25 21:00:00-04:00,0.0717720,0.071687,yes
KXDOGE15M-26JUL252045,Target Price: $0.0717610,2026-07-25 20:30:00-04:00,2026-07-25 20:45:00-04:00,0.0716879,0.071761,no
KXDOGE15M-26JUL252030,Target Price: $0.0717439,2026-07-25 20:15:00-04:00,2026-07-25 20:30:00-04:00,0.0717610,0.071743,yes
KXDOGE15M-26JUL252015,Target Price: $0.0716895,2026-07-25 20:00:00-04:00,2026-07-25 20:15:00-04:00,0.0717439,0.071689,yes
KXDOGE15M-26JUL252000,Target Price: $0.0717154,2026-07-25 19:45:00-04:00,2026-07-25 20:00:00-04:00,0.0716895,0.071715,no
KXDOGE15M-26JUL251945,Target Price: $0.0716906,2026-07-25 19:30:00-04:00,2026-07-25 19:45:00-04:00,0.0717154,0.07169,yes
KXDOGE15M-26JUL251930,Target Price: $0.0718350,2026-07-25 19:15:00-04:00,2026-07-25 19:30:00-04:00,0.0716906,0.071835,no
KXDOGE15M-26JUL251915,Target Price: $0.0719404,2026-07-25 19:00:00-04:00,2026-07-25 19:15:00-04:00,0.0718350,0.07194,no
KXDOGE15M-26JUL251900,Target Price: $0.0720360,2026-07-25 18:45:00-04:00,2026-07-25 19:00:00-04:00,0.0719404,0.072036,no
KXDOGE15M-26JUL251845,Target Price: $0.0721966,2026-07-25 18:30:00-04:00,2026-07-25 18:45:00-04:00,0.0720360,0.072196,no
KXDOGE15M-26JUL251830,Target Price: $0.0721954,2026-07-25 18:15:00-04:00,2026-07-25 18:30:00-04:00,0.0721966,0.072195,yes
KXDOGE15M-26JUL251815,Target Price: $0.0722637,2026-07-25 18:00:00-04:00,2026-07-25 18:15:00-04:00,0.0721954,0.072263,no
KXDOGE15M-26JUL251800,Target Price: $0.0724612,2026-07-25 17:45:00-04:00,2026-07-25 18:00:00-04:00,0.0722637,0.072461,no
KXDOGE15M-26JUL251745,Target Price: $0.0723336,2026-07-25 17:30:00-04:00,2026-07-25 17:45:00-04:00,0.0724612,0.072333,yes
KXDOGE15M-26JUL251730,Target Price: $0.0722817,2026-07-25 17:15:00-04:00,2026-07-25 17:30:00-04:00,0.0723336,0.072281,yes
KXDOGE15M-26JUL251715,Target Price: $0.0724734,2026-07-25 17:00:00-04:00,2026-07-25 17:15:00-04:00,0.0722817,0.072473,no
KXDOGE15M-26JUL251700,Target Price: $0.0724151,2026-07-25 16:45:00-04:00,2026-07-25 17:00:00-04:00,0.0724734,0.072415,yes
KXDOGE15M-26JUL251645,Target Price: $0.0724634,2026-07-25 16:30:00-04:00,2026-07-25 16:45:00-04:00,0.0724151,0.072463,no
KXDOGE15M-26JUL251630,Target Price: $0.0726221,2026-07-25 16:15:00-04:00,2026-07-25 16:30:00-04:00,0.0724634,0.072622,no
KXDOGE15M-26JUL251615,Target Price: $0.0727453,2026-07-25 16:00:00-04:00,2026-07-25 16:15:00-04:00,0.0726221,0.072745,no
KXDOGE15M-26JUL251600,Target Price: $0.0726964,2026-07-25 15:45:00-04:00,2026-07-25 16:00:00-04:00,0.0727453,0.072696,yes
KXDOGE15M-26JUL251545,Target Price: $0.0726918,2026-07-25 15:30:00-04:00,2026-07-25 15:45:00-04:00,0.0726964,0.072691,yes
KXDOGE15M-26JUL251530,Target Price: $0.0728177,2026-07-25 15:15:00-04:00,2026-07-25 15:30:00-04:00,0.0726918,0.072817,no
KXDOGE15M-26JUL251515,Target Price: $0.0728808,2026-07-25 15:00:00-04:00,2026-07-25 15:15:00-04:00,0.0728177,0.07288,no
KXDOGE15M-26JUL251500,Target Price: $0.0730548,2026-07-25 14:45:00-04:00,2026-07-25 15:00:00-04:00,0.0728808,0.073054,no
KXDOGE15M-26JUL251445,Target Price: $0.0730804,2026-07-25 14:30:00-04:00,2026-07-25 14:45:00-04:00,0.0730548,0.07308,no
KXDOGE15M-26JUL251430,Target Price: $0.0731917,2026-07-25 14:15:00-04:00,2026-07-25 14:30:00-04:00,0.0730804,0.073191,no
KXDOGE15M-26JUL251415,Target Price: $0.0731923,2026-07-25 14:00:00-04:00,2026-07-25 14:15:00-04:00,0.0731917,0.073192,no
KXDOGE15M-26JUL251400,Target Price: $0.0731582,2026-07-25 13:45:00-04:00,2026-07-25 14:00:00-04:00,0.0731923,0.073158,yes
KXDOGE15M-26JUL251345,Target Price: $0.0725916,2026-07-25 13:30:00-04:00,2026-07-25 13:45:00-04:00,0.0731582,0.072591,yes
KXDOGE15M-26JUL251330,Target Price: $0.0722296,2026-07-25 13:15:00-04:00,2026-07-25 13:30:00-04:00,0.0725916,0.072229,yes
KXDOGE15M-26JUL251315,Target Price: $0.0720772,2026-07-25 13:00:00-04:00,2026-07-25 13:15:00-04:00,0.0722296,0.072077,yes
KXDOGE15M-26JUL251300,Target Price: $0.0719828,2026-07-25 12:45:00-04:00,2026-07-25 13:00:00-04:00,0.0720772,0.071982,yes
KXDOGE15M-26JUL251245,Target Price: $0.0715328,2026-07-25 12:30:00-04:00,2026-07-25 12:45:00-04:00,0.0719828,0.071532,yes
KXDOGE15M-26JUL251230,Target Price: $0.0717233,2026-07-25 12:15:00-04:00,2026-07-25 12:30:00-04:00,0.0715328,0.071723,no
KXDOGE15M-26JUL251215,Target Price: $0.0711220,2026-07-25 12:00:00-04:00,2026-07-25 12:15:00-04:00,0.0717233,0.071122,yes
KXDOGE15M-26JUL251200,Target Price: $0.0712369,2026-07-25 11:45:00-04:00,2026-07-25 12:00:00-04:00,0.0711220,0.071236,no
KXDOGE15M-26JUL251145,Target Price: $0.0706470,2026-07-25 11:30:00-04:00,2026-07-25 11:45:00-04:00,0.0712369,0.070647,yes
KXDOGE15M-26JUL251130,Target Price: $0.0707360,2026-07-25 11:15:00-04:00,2026-07-25 11:30:00-04:00,0.0706470,0.070736,no
KXDOGE15M-26JUL251115,Target Price: $0.0703403,2026-07-25 11:00:00-04:00,2026-07-25 11:15:00-04:00,0.0707360,0.07034,yes
KXDOGE15M-26JUL251100,Target Price: $0.0701559,2026-07-25 10:45:00-04:00,2026-07-25 11:00:00-04:00,0.0703403,0.070155,yes
KXDOGE15M-26JUL251045,Target Price: $0.0700243,2026-07-25 10:30:00-04:00,2026-07-25 10:45:00-04:00,0.0701559,0.070024,yes
KXDOGE15M-26JUL251030,Target Price: $0.0699109,2026-07-25 10:15:00-04:00,2026-07-25 10:30:00-04:00,0.0700243,0.06991,yes
KXDOGE15M-26JUL251015,Target Price: $0.0699012,2026-07-25 10:00:00-04:00,2026-07-25 10:15:00-04:00,0.0699109,0.069901,yes
KXDOGE15M-26JUL251000,Target Price: $0.0699993,2026-07-25 09:45:00-04:00,2026-07-25 10:00:00-04:00,0.0699012,0.069999,no
KXDOGE15M-26JUL250945,Target Price: $0.0698175,2026-07-25 09:30:00-04:00,2026-07-25 09:45:00-04:00,0.0699993,0.069817,yes
KXDOGE15M-26JUL250930,Target Price: $0.0698201,2026-07-25 09:15:00-04:00,2026-07-25 09:30:00-04:00,0.0698175,0.06982,no
KXDOGE15M-26JUL250915,Target Price: $0.0696708,2026-07-25 09:00:00-04:00,2026-07-25 09:15:00-04:00,0.0698201,0.06967,yes
KXDOGE15M-26JUL250900,Target Price: $0.0696032,2026-07-25 08:45:00-04:00,2026-07-25 09:00:00-04:00,0.0696708,0.069603,yes
KXDOGE15M-26JUL250845,Target Price: $0.0696124,2026-07-25 08:30:00-04:00,2026-07-25 08:45:00-04:00,0.0696032,0.069612,no
KXDOGE15M-26JUL250830,Target Price: $0.0694470,2026-07-25 08:15:00-04:00,2026-07-25 08:30:00-04:00,0.0696124,0.069447,yes
KXDOGE15M-26JUL250815,Target Price: $0.0693563,2026-07-25 08:00:00-04:00,2026-07-25 08:15:00-04:00,0.0694470,0.069356,yes
KXDOGE15M-26JUL250800,Target Price: $0.0693125,2026-07-25 07:45:00-04:00,2026-07-25 08:00:00-04:00,0.0693563,0.069312,yes
KXDOGE15M-26JUL250745,Target Price: $0.0693939,2026-07-25 07:30:00-04:00,2026-07-25 07:45:00-04:00,0.0693125,0.069393,no
KXDOGE15M-26JUL250730,Target Price: $0.0694883,2026-07-25 07:15:00-04:00,2026-07-25 07:30:00-04:00,0.0693939,0.069488,no
KXDOGE15M-26JUL250715,Target Price: $0.0694741,2026-07-25 07:00:00-04:00,2026-07-25 07:15:00-04:00,0.0694883,0.069474,yes
KXDOGE15M-26JUL250700,Target Price: $0.0694328,2026-07-25 06:45:00-04:00,2026-07-25 07:00:00-04:00,0.0694741,0.069432,yes
KXDOGE15M-26JUL250645,Target Price: $0.0694257,2026-07-25 06:30:00-04:00,2026-07-25 06:45:00-04:00,0.0694328,0.069425,yes
KXDOGE15M-26JUL250630,Target Price: $0.0694694,2026-07-25 06:15:00-04:00,2026-07-25 06:30:00-04:00,0.0694257,0.069469,no
KXDOGE15M-26JUL250615,Target Price: $0.0694405,2026-07-25 06:00:00-04:00,2026-07-25 06:15:00-04:00,0.0694694,0.06944,yes
KXDOGE15M-26JUL250600,Target Price: $0.0694804,2026-07-25 05:45:00-04:00,2026-07-25 06:00:00-04:00,0.0694405,0.06948,no
KXDOGE15M-26JUL250545,Target Price: $0.0695195,2026-07-25 05:30:00-04:00,2026-07-25 05:45:00-04:00,0.0694804,0.069519,no
KXDOGE15M-26JUL250530,Target Price: $0.0694244,2026-07-25 05:15:00-04:00,2026-07-25 05:30:00-04:00,0.0695195,0.069424,yes
KXDOGE15M-26JUL250515,Target Price: $0.0693266,2026-07-25 05:00:00-04:00,2026-07-25 05:15:00-04:00,0.0694244,0.069326,yes
KXDOGE15M-26JUL250500,Target Price: $0.0694002,2026-07-25 04:45:00-04:00,2026-07-25 05:00:00-04:00,0.0693266,0.0694,no
KXDOGE15M-26JUL250445,Target Price: $0.0693387,2026-07-25 04:30:00-04:00,2026-07-25 04:45:00-04:00,0.0694002,0.069338,yes
KXDOGE15M-26JUL250430,Target Price: $0.0692275,2026-07-25 04:15:00-04:00,2026-07-25 04:30:00-04:00,0.0693387,0.069227,yes
KXDOGE15M-26JUL250415,Target Price: $0.0693150,2026-07-25 04:00:00-04:00,2026-07-25 04:15:00-04:00,0.0692275,0.069315,no
KXDOGE15M-26JUL250400,Target Price: $0.0692563,2026-07-25 03:45:00-04:00,2026-07-25 04:00:00-04:00,0.0693150,0.069256,yes
KXDOGE15M-26JUL250345,Target Price: $0.0693500,2026-07-25 03:30:00-04:00,2026-07-25 03:45:00-04:00,0.0692563,0.06935,no
KXDOGE15M-26JUL250330,Target Price: $0.0693715,2026-07-25 03:15:00-04:00,2026-07-25 03:30:00-04:00,0.0693500,0.069371,no
KXDOGE15M-26JUL250315,Target Price: $0.0693573,2026-07-25 03:00:00-04:00,2026-07-25 03:15:00-04:00,0.0693715,0.069357,yes
KXDOGE15M-26JUL250300,Target Price: $0.0692587,2026-07-25 02:45:00-04:00,2026-07-25 03:00:00-04:00,0.0693573,0.069258,yes
KXDOGE15M-26JUL250245,Target Price: $0.0692597,2026-07-25 02:30:00-04:00,2026-07-25 02:45:00-04:00,0.0692587,0.069259,no
KXDOGE15M-26JUL250230,Target Price: $0.0693527,2026-07-25 02:15:00-04:00,2026-07-25 02:30:00-04:00,0.0692597,0.069352,no
KXDOGE15M-26JUL250215,Target Price: $0.0693185,2026-07-25 02:00:00-04:00,2026-07-25 02:15:00-04:00,0.0693527,0.069318,yes
KXDOGE15M-26JUL250200,Target Price: $0.0692862,2026-07-25 01:45:00-04:00,2026-07-25 02:00:00-04:00,0.0693185,0.069286,yes
KXDOGE15M-26JUL250145,Target Price: $0.0694758,2026-07-25 01:30:00-04:00,2026-07-25 01:45:00-04:00,0.0692862,0.069475,no
KXDOGE15M-26JUL250130,Target Price: $0.0694969,2026-07-25 01:15:00-04:00,2026-07-25 01:30:00-04:00,0.0694758,0.069496,no
KXDOGE15M-26JUL250115,Target Price: $0.0695585,2026-07-25 01:00:00-04:00,2026-07-25 01:15:00-04:00,0.0694969,0.069558,no
KXDOGE15M-26JUL250100,Target Price: $0.0696207,2026-07-25 00:45:00-04:00,2026-07-25 01:00:00-04:00,0.0695585,0.06962,no
KXDOGE15M-26JUL250045,Target Price: $0.0696364,2026-07-25 00:30:00-04:00,2026-07-25 00:45:00-04:00,0.0696207,0.069636,no
KXDOGE15M-26JUL250030,Target Price: $0.0697107,2026-07-25 00:15:00-04:00,2026-07-25 00:30:00-04:00,0.0696364,0.06971,no
KXDOGE15M-26JUL250015,Target Price: $0.0696099,2026-07-25 00:00:00-04:00,2026-07-25 00:15:00-04:00,0.0697107,0.069609,yes
KXDOGE15M-26JUL250000,Target Price: $0.0696070,2026-07-24 23:45:00-04:00,2026-07-25 00:00:00-04:00,0.0696099,0.069607,yes
KXDOGE15M-26JUL242345,Target Price: $0.0696171,2026-07-24 23:30:00-04:00,2026-07-24 23:45:00-04:00,0.0696070,0.069617,no
KXDOGE15M-26JUL242330,Target Price: $0.0696393,2026-07-24 23:15:00-04:00,2026-07-24 23:30:00-04:00,0.0696171,0.069639,no
KXDOGE15M-26JUL242315,Target Price: $0.0695645,2026-07-24 23:00:00-04:00,2026-07-24 23:15:00-04:00,0.0696393,0.069564,yes
KXDOGE15M-26JUL242300,Target Price: $0.0695951,2026-07-24 22:45:00-04:00,2026-07-24 23:00:00-04:00,0.0695645,0.069595,no
KXDOGE15M-26JUL242245,Target Price: $0.0696220,2026-07-24 22:30:00-04:00,2026-07-24 22:45:00-04:00,0.0695951,0.069622,no
KXDOGE15M-26JUL242230,Target Price: $0.0695595,2026-07-24 22:15:00-04:00,2026-07-24 22:30:00-04:00,0.0696220,0.069559,yes
KXDOGE15M-26JUL242215,Target Price: $0.0694912,2026-07-24 22:00:00-04:00,2026-07-24 22:15:00-04:00,0.0695595,0.069491,yes
KXDOGE15M-26JUL242200,Target Price: $0.0695058,2026-07-24 21:45:00-04:00,2026-07-24 22:00:00-04:00,0.0694912,0.069505,no
KXDOGE15M-26JUL242145,Target Price: $0.0694473,2026-07-24 21:30:00-04:00,2026-07-24 21:45:00-04:00,0.0695058,0.069447,yes
KXDOGE15M-26JUL242130,Target Price: $0.0694903,2026-07-24 21:15:00-04:00,2026-07-24 21:30:00-04:00,0.0694473,0.06949,no
KXDOGE15M-26JUL242115,Target Price: $0.0695824,2026-07-24 21:00:00-04:00,2026-07-24 21:15:00-04:00,0.0694903,0.069582,no
KXDOGE15M-26JUL242100,Target Price: $0.0694571,2026-07-24 20:45:00-04:00,2026-07-24 21:00:00-04:00,0.0695824,0.069457,yes
KXDOGE15M-26JUL242045,Target Price: $0.0696035,2026-07-24 20:30:00-04:00,2026-07-24 20:45:00-04:00,0.0694571,0.069603,no
KXDOGE15M-26JUL242030,Target Price: $0.0695709,2026-07-24 20:15:00-04:00,2026-07-24 20:30:00-04:00,0.0696035,0.06957,yes
KXDOGE15M-26JUL242015,Target Price: $0.0695028,2026-07-24 20:00:00-04:00,2026-07-24 20:15:00-04:00,0.0695709,0.069502,yes
KXDOGE15M-26JUL242000,Target Price: $0.0695169,2026-07-24 19:45:00-04:00,2026-07-24 20:00:00-04:00,0.0695028,0.069516,no
KXDOGE15M-26JUL241945,Target Price: $0.0694572,2026-07-24 19:30:00-04:00,2026-07-24 19:45:00-04:00,0.0695169,0.069457,yes
KXDOGE15M-26JUL241930,Target Price: $0.0693446,2026-07-24 19:15:00-04:00,2026-07-24 19:30:00-04:00,0.0694572,0.069344,yes
KXDOGE15M-26JUL241915,Target Price: $0.0694022,2026-07-24 19:00:00-04:00,2026-07-24 19:15:00-04:00,0.0693446,0.069402,no
KXDOGE15M-26JUL241900,Target Price: $0.0692593,2026-07-24 18:45:00-04:00,2026-07-24 19:00:00-04:00,0.0694022,0.069259,yes
KXDOGE15M-26JUL241845,Target Price: $0.0691534,2026-07-24 18:30:00-04:00,2026-07-24 18:45:00-04:00,0.0692593,0.069153,yes
KXDOGE15M-26JUL241830,Target Price: $0.0690643,2026-07-24 18:15:00-04:00,2026-07-24 18:30:00-04:00,0.0691534,0.069064,yes
KXDOGE15M-26JUL241815,Target Price: $0.0688317,2026-07-24 18:00:00-04:00,2026-07-24 18:15:00-04:00,0.0690643,0.068831,yes
KXDOGE15M-26JUL241800,Target Price: $0.0689860,2026-07-24 17:45:00-04:00,2026-07-24 18:00:00-04:00,0.0688317,0.068986,no
KXDOGE15M-26JUL241745,Target Price: $0.0689737,2026-07-24 17:30:00-04:00,2026-07-24 17:45:00-04:00,0.0689860,0.068973,yes
KXDOGE15M-26JUL241730,Target Price: $0.0688854,2026-07-24 17:15:00-04:00,2026-07-24 17:30:00-04:00,0.0689737,0.068885,yes
KXDOGE15M-26JUL241715,Target Price: $0.0691246,2026-07-24 17:00:00-04:00,2026-07-24 17:15:00-04:00,0.0688854,0.069124,no
KXDOGE15M-26JUL241700,Target Price: $0.0692469,2026-07-24 16:45:00-04:00,2026-07-24 17:00:00-04:00,0.0691246,0.069246,no
KXDOGE15M-26JUL241645,Target Price: $0.0692412,2026-07-24 16:30:00-04:00,2026-07-24 16:45:00-04:00,0.0692469,0.069241,yes
KXDOGE15M-26JUL241630,Target Price: $0.0692496,2026-07-24 16:15:00-04:00,2026-07-24 16:30:00-04:00,0.0692412,0.069249,no
KXDOGE15M-26JUL241615,Target Price: $0.0691747,2026-07-24 16:00:00-04:00,2026-07-24 16:15:00-04:00,0.0692496,0.069174,yes
KXDOGE15M-26JUL241600,Target Price: $0.0691703,2026-07-24 15:45:00-04:00,2026-07-24 16:00:00-04:00,0.0691747,0.06917,yes
KXDOGE15M-26JUL241545,Target Price: $0.0691560,2026-07-24 15:30:00-04:00,2026-07-24 15:45:00-04:00,0.0691703,0.069156,yes
KXDOGE15M-26JUL241530,Target Price: $0.0690258,2026-07-24 15:15:00-04:00,2026-07-24 15:30:00-04:00,0.0691560,0.069025,yes
KXDOGE15M-26JUL241515,Target Price: $0.0691188,2026-07-24 15:00:00-04:00,2026-07-24 15:15:00-04:00,0.0690258,0.069118,no
KXDOGE15M-26JUL241500,Target Price: $0.0689939,2026-07-24 14:45:00-04:00,2026-07-24 15:00:00-04:00,0.0691188,0.068993,yes
KXDOGE15M-26JUL241445,Target Price: $0.0689694,2026-07-24 14:30:00-04:00,2026-07-24 14:45:00-04:00,0.0689939,0.068969,yes
KXDOGE15M-26JUL241430,Target Price: $0.0690762,2026-07-24 14:15:00-04:00,2026-07-24 14:30:00-04:00,0.0689694,0.069076,no
KXDOGE15M-26JUL241415,Target Price: $0.0691125,2026-07-24 14:00:00-04:00,2026-07-24 14:15:00-04:00,0.0690762,0.069112,no
KXDOGE15M-26JUL241400,Target Price: $0.0690778,2026-07-24 13:45:00-04:00,2026-07-24 14:00:00-04:00,0.0691125,0.069077,yes
KXDOGE15M-26JUL241345,Target Price: $0.0690969,2026-07-24 13:30:00-04:00,2026-07-24 13:45:00-04:00,0.0690778,0.069096,no
KXDOGE15M-26JUL241330,Target Price: $0.0688198,2026-07-24 13:15:00-04:00,2026-07-24 13:30:00-04:00,0.0690969,0.068819,yes
KXDOGE15M-26JUL241315,Target Price: $0.0687913,2026-07-24 13:00:00-04:00,2026-07-24 13:15:00-04:00,0.0688198,0.068791,yes
KXDOGE15M-26JUL241300,Target Price: $0.0686979,2026-07-24 12:45:00-04:00,2026-07-24 13:00:00-04:00,0.0687913,0.068697,yes
KXDOGE15M-26JUL241245,Target Price: $0.0688906,2026-07-24 12:30:00-04:00,2026-07-24 12:45:00-04:00,0.0686979,0.06889,no
KXDOGE15M-26JUL241230,Target Price: $0.0689891,2026-07-24 12:15:00-04:00,2026-07-24 12:30:00-04:00,0.0688906,0.068989,no
KXDOGE15M-26JUL241215,Target Price: $0.0691552,2026-07-24 12:00:00-04:00,2026-07-24 12:15:00-04:00,0.0689891,0.069155,no
KXDOGE15M-26JUL241200,Target Price: $0.0692325,2026-07-24 11:45:00-04:00,2026-07-24 12:00:00-04:00,0.0691552,0.069232,no
KXDOGE15M-26JUL241145,Target Price: $0.0690958,2026-07-24 11:30:00-04:00,2026-07-24 11:45:00-04:00,0.0692325,0.069095,yes
KXDOGE15M-26JUL241130,Target Price: $0.0688781,2026-07-24 11:15:00-04:00,2026-07-24 11:30:00-04:00,0.0690958,0.068878,yes
KXDOGE15M-26JUL241115,Target Price: $0.0688184,2026-07-24 11:00:00-04:00,2026-07-24 11:15:00-04:00,0.0688781,0.068818,yes
KXDOGE15M-26JUL241100,Target Price: $0.0683668,2026-07-24 10:45:00-04:00,2026-07-24 11:00:00-04:00,0.0688184,0.068366,yes
KXDOGE15M-26JUL241045,Target Price: $0.0686117,2026-07-24 10:30:00-04:00,2026-07-24 10:45:00-04:00,0.0683668,0.068611,no
KXDOGE15M-26JUL241030,Target Price: $0.0686086,2026-07-24 10:15:00-04:00,2026-07-24 10:30:00-04:00,0.0686117,0.068608,yes
KXDOGE15M-26JUL241015,Target Price: $0.0686401,2026-07-24 10:00:00-04:00,2026-07-24 10:15:00-04:00,0.0686086,0.06864,no
KXDOGE15M-26JUL241000,Target Price: $0.0688626,2026-07-24 09:45:00-04:00,2026-07-24 10:00:00-04:00,0.0686401,0.068862,no
KXDOGE15M-26JUL240945,Target Price: $0.0689000,2026-07-24 09:30:00-04:00,2026-07-24 09:45:00-04:00,0.0688626,0.0689,no
KXDOGE15M-26JUL240930,Target Price: $0.0686677,2026-07-24 09:15:00-04:00,2026-07-24 09:30:00-04:00,0.0689000,0.068667,yes
KXDOGE15M-26JUL240915,Target Price: $0.0690880,2026-07-24 09:00:00-04:00,2026-07-24 09:15:00-04:00,0.0686677,0.069088,no
KXDOGE15M-26JUL240900,Target Price: $0.0693259,2026-07-24 08:45:00-04:00,2026-07-24 09:00:00-04:00,0.0690880,0.069325,no
KXDOGE15M-26JUL240845,Target Price: $0.0695605,2026-07-24 08:30:00-04:00,2026-07-24 08:45:00-04:00,0.0693259,0.06956,no
KXDOGE15M-26JUL240830,Target Price: $0.0694664,2026-07-24 08:15:00-04:00,2026-07-24 08:30:00-04:00,0.0695605,0.069466,yes
KXDOGE15M-26JUL240815,Target Price: $0.0694436,2026-07-24 08:00:00-04:00,2026-07-24 08:15:00-04:00,0.0694664,0.069443,yes
KXDOGE15M-26JUL240800,Target Price: $0.0693749,2026-07-24 07:45:00-04:00,2026-07-24 08:00:00-04:00,0.0694436,0.069374,yes
KXDOGE15M-26JUL240745,Target Price: $0.0696127,2026-07-24 07:30:00-04:00,2026-07-24 07:45:00-04:00,0.0693749,0.069612,no
KXDOGE15M-26JUL240730,Target Price: $0.0697578,2026-07-24 07:15:00-04:00,2026-07-24 07:30:00-04:00,0.0696127,0.069757,no
KXDOGE15M-26JUL240715,Target Price: $0.0698356,2026-07-24 07:00:00-04:00,2026-07-24 07:15:00-04:00,0.0697578,0.069835,no
KXDOGE15M-26JUL240700,Target Price: $0.0698695,2026-07-24 06:45:00-04:00,2026-07-24 07:00:00-04:00,0.0698356,0.069869,no
KXDOGE15M-26JUL240645,Target Price: $0.0698078,2026-07-24 06:30:00-04:00,2026-07-24 06:45:00-04:00,0.0698695,0.069807,yes
KXDOGE15M-26JUL240630,Target Price: $0.0697407,2026-07-24 06:15:00-04:00,2026-07-24 06:30:00-04:00,0.0698078,0.06974,yes
KXDOGE15M-26JUL240615,Target Price: $0.0699946,2026-07-24 06:00:00-04:00,2026-07-24 06:15:00-04:00,0.0697407,0.069994,no
KXDOGE15M-26JUL240600,Target Price: $0.0699483,2026-07-24 05:45:00-04:00,2026-07-24 06:00:00-04:00,0.0699946,0.069948,yes
KXDOGE15M-26JUL240545,Target Price: $0.0697758,2026-07-24 05:30:00-04:00,2026-07-24 05:45:00-04:00,0.0699483,0.069775,yes
KXDOGE15M-26JUL240530,Target Price: $0.0697206,2026-07-24 05:15:00-04:00,2026-07-24 05:30:00-04:00,0.0697758,0.06972,yes
KXDOGE15M-26JUL240515,Target Price: $0.0699243,2026-07-24 05:00:00-04:00,2026-07-24 05:15:00-04:00,0.0697206,0.069924,no
KXDOGE15M-26JUL240500,Target Price: $0.0699639,2026-07-24 04:45:00-04:00,2026-07-24 05:00:00-04:00,0.0699243,0.069963,no
KXDOGE15M-26JUL240445,Target Price: $0.0698379,2026-07-24 04:30:00-04:00,2026-07-24 04:45:00-04:00,0.0699639,0.069837,yes
KXDOGE15M-26JUL240430,Target Price: $0.0699575,2026-07-24 04:15:00-04:00,2026-07-24 04:30:00-04:00,0.0698379,0.069957,no
KXDOGE15M-26JUL240415,Target Price: $0.0700208,2026-07-24 04:00:00-04:00,2026-07-24 04:15:00-04:00,0.0699575,0.07002,no
KXDOGE15M-26JUL240400,Target Price: $0.0697431,2026-07-24 03:45:00-04:00,2026-07-24 04:00:00-04:00,0.0700208,0.069743,yes
KXDOGE15M-26JUL240345,Target Price: $0.0699576,2026-07-24 03:30:00-04:00,2026-07-24 03:45:00-04:00,0.0697431,0.069957,no
KXDOGE15M-26JUL240330,Target Price: $0.0700511,2026-07-24 03:15:00-04:00,2026-07-24 03:30:00-04:00,0.0699576,0.070051,no
KXDOGE15M-26JUL240315,Target Price: $0.0692814,2026-07-24 03:00:00-04:00,2026-07-24 03:15:00-04:00,0.0700511,0.069281,yes
KXDOGE15M-26JUL240300,Target Price: $0.0692612,2026-07-24 02:45:00-04:00,2026-07-24 03:00:00-04:00,0.0692814,0.069261,yes
KXDOGE15M-26JUL240245,Target Price: $0.0692788,2026-07-24 02:30:00-04:00,2026-07-24 02:45:00-04:00,0.0692612,0.069278,no
KXDOGE15M-26JUL240230,Target Price: $0.0692358,2026-07-24 02:15:00-04:00,2026-07-24 02:30:00-04:00,0.0692788,0.069235,yes
KXDOGE15M-26JUL240215,Target Price: $0.0691622,2026-07-24 02:00:00-04:00,2026-07-24 02:15:00-04:00,0.0692358,0.069162,yes
KXDOGE15M-26JUL240200,Target Price: $0.0691555,2026-07-24 01:45:00-04:00,2026-07-24 02:00:00-04:00,0.0691622,0.069155,yes
KXDOGE15M-26JUL240145,Target Price: $0.0691236,2026-07-24 01:30:00-04:00,2026-07-24 01:45:00-04:00,0.0691555,0.069123,yes
KXDOGE15M-26JUL240130,Target Price: $0.0690292,2026-07-24 01:15:00-04:00,2026-07-24 01:30:00-04:00,0.0691236,0.069029,yes
KXDOGE15M-26JUL240115,Target Price: $0.0690070,2026-07-24 01:00:00-04:00,2026-07-24 01:15:00-04:00,0.0690292,0.069007,yes
KXDOGE15M-26JUL240100,Target Price: $0.0690574,2026-07-24 00:45:00-04:00,2026-07-24 01:00:00-04:00,0.0690070,0.069057,no
KXDOGE15M-26JUL240045,Target Price: $0.0692252,2026-07-24 00:30:00-04:00,2026-07-24 00:45:00-04:00,0.0690574,0.069225,no
KXDOGE15M-26JUL240030,Target Price: $0.0691738,2026-07-24 00:15:00-04:00,2026-07-24 00:30:00-04:00,0.0692252,0.069173,yes
KXDOGE15M-26JUL240015,Target Price: $0.0693823,2026-07-24 00:00:00-04:00,2026-07-24 00:15:00-04:00,0.0691738,0.069382,no
KXDOGE15M-26JUL240000,Target Price: $0.0693682,2026-07-23 23:45:00-04:00,2026-07-24 00:00:00-04:00,0.0693823,0.069368,yes
KXDOGE15M-26JUL232345,Target Price: $0.0694111,2026-07-23 23:30:00-04:00,2026-07-23 23:45:00-04:00,0.0693682,0.069411,no
KXDOGE15M-26JUL232330,Target Price: $0.0692550,2026-07-23 23:15:00-04:00,2026-07-23 23:30:00-04:00,0.0694111,0.069255,yes
KXDOGE15M-26JUL232315,Target Price: $0.0691366,2026-07-23 23:00:00-04:00,2026-07-23 23:15:00-04:00,0.0692550,0.069136,yes
KXDOGE15M-26JUL232300,Target Price: $0.0691235,2026-07-23 22:45:00-04:00,2026-07-23 23:00:00-04:00,0.0691366,0.069123,yes
KXDOGE15M-26JUL232245,Target Price: $0.0693165,2026-07-23 22:30:00-04:00,2026-07-23 22:45:00-04:00,0.0691235,0.069316,no
KXDOGE15M-26JUL232230,Target Price: $0.0694336,2026-07-23 22:15:00-04:00,2026-07-23 22:30:00-04:00,0.0693165,0.069433,no
KXDOGE15M-26JUL232215,Target Price: $0.0692622,2026-07-23 22:00:00-04:00,2026-07-23 22:15:00-04:00,0.0694336,0.069262,yes
KXDOGE15M-26JUL232200,Target Price: $0.0693637,2026-07-23 21:45:00-04:00,2026-07-23 22:00:00-04:00,0.0692622,0.069363,no
KXDOGE15M-26JUL232145,Target Price: $0.0692884,2026-07-23 21:30:00-04:00,2026-07-23 21:45:00-04:00,0.0693637,0.069288,yes
KXDOGE15M-26JUL232130,Target Price: $0.0692503,2026-07-23 21:15:00-04:00,2026-07-23 21:30:00-04:00,0.0692884,0.06925,yes
KXDOGE15M-26JUL232115,Target Price: $0.0691788,2026-07-23 21:00:00-04:00,2026-07-23 21:15:00-04:00,0.0692503,0.069178,yes
KXDOGE15M-26JUL232100,Target Price: $0.0690933,2026-07-23 20:45:00-04:00,2026-07-23 21:00:00-04:00,0.0691788,0.069093,yes
KXDOGE15M-26JUL232045,Target Price: $0.0690013,2026-07-23 20:30:00-04:00,2026-07-23 20:45:00-04:00,0.0690933,0.069001,yes
KXDOGE15M-26JUL232030,Target Price: $0.0689308,2026-07-23 20:15:00-04:00,2026-07-23 20:30:00-04:00,0.0690013,0.06893,yes
KXDOGE15M-26JUL232015,Target Price: $0.0691793,2026-07-23 20:00:00-04:00,2026-07-23 20:15:00-04:00,0.0689308,0.069179,no
KXDOGE15M-26JUL232000,Target Price: $0.0692945,2026-07-23 19:45:00-04:00,2026-07-23 20:00:00-04:00,0.0691793,0.069294,no
KXDOGE15M-26JUL231945,Target Price: $0.0693708,2026-07-23 19:30:00-04:00,2026-07-23 19:45:00-04:00,0.0692945,0.06937,no
KXDOGE15M-26JUL231930,Target Price: $0.0694170,2026-07-23 19:15:00-04:00,2026-07-23 19:30:00-04:00,0.0693708,0.069417,no
KXDOGE15M-26JUL231915,Target Price: $0.0695222,2026-07-23 19:00:00-04:00,2026-07-23 19:15:00-04:00,0.0694170,0.069522,no
KXDOGE15M-26JUL231900,Target Price: $0.0696165,2026-07-23 18:45:00-04:00,2026-07-23 19:00:00-04:00,0.0695222,0.069616,no
KXDOGE15M-26JUL231845,Target Price: $0.0695561,2026-07-23 18:30:00-04:00,2026-07-23 18:45:00-04:00,0.0696165,0.069556,yes
KXDOGE15M-26JUL231830,Target Price: $0.0694866,2026-07-23 18:15:00-04:00,2026-07-23 18:30:00-04:00,0.0695561,0.069486,yes
KXDOGE15M-26JUL231815,Target Price: $0.0694595,2026-07-23 18:00:00-04:00,2026-07-23 18:15:00-04:00,0.0694866,0.069459,yes
KXDOGE15M-26JUL231800,Target Price: $0.0694438,2026-07-23 17:45:00-04:00,2026-07-23 18:00:00-04:00,0.0694595,0.069443,yes
KXDOGE15M-26JUL231745,Target Price: $0.0694934,2026-07-23 17:30:00-04:00,2026-07-23 17:45:00-04:00,0.0694438,0.069493,no
KXDOGE15M-26JUL231730,Target Price: $0.0694833,2026-07-23 17:15:00-04:00,2026-07-23 17:30:00-04:00,0.0694934,0.069483,yes
KXDOGE15M-26JUL231715,Target Price: $0.0696227,2026-07-23 17:00:00-04:00,2026-07-23 17:15:00-04:00,0.0694833,0.069622,no
KXDOGE15M-26JUL231700,Target Price: $0.0695538,2026-07-23 16:45:00-04:00,2026-07-23 17:00:00-04:00,0.0696227,0.069553,yes
KXDOGE15M-26JUL231645,Target Price: $0.0696042,2026-07-23 16:30:00-04:00,2026-07-23 16:45:00-04:00,0.0695538,0.069604,no
KXDOGE15M-26JUL231630,Target Price: $0.0695231,2026-07-23 16:15:00-04:00,2026-07-23 16:30:00-04:00,0.0696042,0.069523,yes
KXDOGE15M-26JUL231615,Target Price: $0.0691947,2026-07-23 16:00:00-04:00,2026-07-23 16:15:00-04:00,0.0695231,0.069194,yes
KXDOGE15M-26JUL231600,Target Price: $0.0692515,2026-07-23 15:45:00-04:00,2026-07-23 16:00:00-04:00,0.0691947,0.069251,no
KXDOGE15M-26JUL231545,Target Price: $0.0692950,2026-07-23 15:30:00-04:00,2026-07-23 15:45:00-04:00,0.0692515,0.069295,no
KXDOGE15M-26JUL231530,Target Price: $0.0691579,2026-07-23 15:15:00-04:00,2026-07-23 15:30:00-04:00,0.0692950,0.069157,yes
KXDOGE15M-26JUL231515,Target Price: $0.0692636,2026-07-23 15:00:00-04:00,2026-07-23 15:15:00-04:00,0.0691579,0.069263,no
KXDOGE15M-26JUL231500,Target Price: $0.0692087,2026-07-23 14:45:00-04:00,2026-07-23 15:00:00-04:00,0.0692636,0.069208,yes
KXDOGE15M-26JUL231445,Target Price: $0.0693961,2026-07-23 14:30:00-04:00,2026-07-23 14:45:00-04:00,0.0692087,0.069396,no
KXDOGE15M-26JUL231430,Target Price: $0.0693412,2026-07-23 14:15:00-04:00,2026-07-23 14:30:00-04:00,0.0693961,0.069341,yes
KXDOGE15M-26JUL231415,Target Price: $0.0693512,2026-07-23 14:00:00-04:00,2026-07-23 14:15:00-04:00,0.0693412,0.069351,no
KXDOGE15M-26JUL231400,Target Price: $0.0696697,2026-07-23 13:45:00-04:00,2026-07-23 14:00:00-04:00,0.0693512,0.069669,no
KXDOGE15M-26JUL231345,Target Price: $0.0697801,2026-07-23 13:30:00-04:00,2026-07-23 13:45:00-04:00,0.0696697,0.06978,no
KXDOGE15M-26JUL231330,Target Price: $0.0696186,2026-07-23 13:15:00-04:00,2026-07-23 13:30:00-04:00,0.0697801,0.069618,yes
KXDOGE15M-26JUL231315,Target Price: $0.0696515,2026-07-23 13:00:00-04:00,2026-07-23 13:15:00-04:00,0.0696186,0.069651,no
KXDOGE15M-26JUL231300,Target Price: $0.0696875,2026-07-23 12:45:00-04:00,2026-07-23 13:00:00-04:00,0.0696515,0.069687,no
KXDOGE15M-26JUL231245,Target Price: $0.0697138,2026-07-23 12:30:00-04:00,2026-07-23 12:45:00-04:00,0.0696875,0.069713,no
KXDOGE15M-26JUL231230,Target Price: $0.0695077,2026-07-23 12:15:00-04:00,2026-07-23 12:30:00-04:00,0.0697138,0.069507,yes
KXDOGE15M-26JUL231215,Target Price: $0.0697729,2026-07-23 12:00:00-04:00,2026-07-23 12:15:00-04:00,0.0695077,0.069772,no
KXDOGE15M-26JUL231200,Target Price: $0.0695782,2026-07-23 11:45:00-04:00,2026-07-23 12:00:00-04:00,0.0697729,0.069578,yes
KXDOGE15M-26JUL231145,Target Price: $0.0692885,2026-07-23 11:30:00-04:00,2026-07-23 11:45:00-04:00,0.0695782,0.069288,yes
KXDOGE15M-26JUL231130,Target Price: $0.0688880,2026-07-23 11:15:00-04:00,2026-07-23 11:30:00-04:00,0.0692885,0.068888,yes
KXDOGE15M-26JUL231115,Target Price: $0.0701957,2026-07-23 11:00:00-04:00,2026-07-23 11:15:00-04:00,0.0688880,0.070195,no
KXDOGE15M-26JUL231100,Target Price: $0.0704296,2026-07-23 10:45:00-04:00,2026-07-23 11:00:00-04:00,0.0701957,0.070429,no
KXDOGE15M-26JUL231045,Target Price: $0.0705449,2026-07-23 10:30:00-04:00,2026-07-23 10:45:00-04:00,0.0704296,0.070544,no
KXDOGE15M-26JUL231030,Target Price: $0.0705003,2026-07-23 10:15:00-04:00,2026-07-23 10:30:00-04:00,0.0705449,0.0705,yes
KXDOGE15M-26JUL231015,Target Price: $0.0703483,2026-07-23 10:00:00-04:00,2026-07-23 10:15:00-04:00,0.0705003,0.070348,yes
KXDOGE15M-26JUL231000,Target Price: $0.0706049,2026-07-23 09:45:00-04:00,2026-07-23 10:00:00-04:00,0.0703483,0.070604,no
KXDOGE15M-26JUL230945,Target Price: $0.0703544,2026-07-23 09:30:00-04:00,2026-07-23 09:45:00-04:00,0.0706049,0.070354,yes
KXDOGE15M-26JUL230930,Target Price: $0.0708947,2026-07-23 09:15:00-04:00,2026-07-23 09:30:00-04:00,0.0703544,0.070894,no
KXDOGE15M-26JUL230915,Target Price: $0.0712261,2026-07-23 09:00:00-04:00,2026-07-23 09:15:00-04:00,0.0708947,0.071226,no
KXDOGE15M-26JUL230900,Target Price: $0.0714770,2026-07-23 08:45:00-04:00,2026-07-23 09:00:00-04:00,0.0712261,0.071477,no
KXDOGE15M-26JUL230845,Target Price: $0.0722668,2026-07-23 08:30:00-04:00,2026-07-23 08:45:00-04:00,0.0714770,0.072266,no
KXDOGE15M-26JUL230830,Target Price: $0.0723339,2026-07-23 08:15:00-04:00,2026-07-23 08:30:00-04:00,0.0722668,0.072333,no
KXDOGE15M-26JUL230815,Target Price: $0.0723582,2026-07-23 08:00:00-04:00,2026-07-23 08:15:00-04:00,0.0723339,0.072358,no
KXDOGE15M-26JUL230800,Target Price: $0.0723515,2026-07-23 07:45:00-04:00,2026-07-23 08:00:00-04:00,0.0723582,0.072351,yes
KXDOGE15M-26JUL230745,Target Price: $0.0724312,2026-07-23 07:30:00-04:00,2026-07-23 07:45:00-04:00,0.0723515,0.072431,no
KXDOGE15M-26JUL230730,Target Price: $0.0724529,2026-07-23 07:15:00-04:00,2026-07-23 07:30:00-04:00,0.0724312,0.072452,no
KXDOGE15M-26JUL230715,Target Price: $0.0723797,2026-07-23 07:00:00-04:00,2026-07-23 07:15:00-04:00,0.0724529,0.072379,yes
KXDOGE15M-26JUL230700,Target Price: $0.0724249,2026-07-23 06:45:00-04:00,2026-07-23 07:00:00-04:00,0.0723797,0.072424,no
KXDOGE15M-26JUL230645,Target Price: $0.0724503,2026-07-23 06:30:00-04:00,2026-07-23 06:45:00-04:00,0.0724249,0.07245,no
KXDOGE15M-26JUL230630,Target Price: $0.0723513,2026-07-23 06:15:00-04:00,2026-07-23 06:30:00-04:00,0.0724503,0.072351,yes
KXDOGE15M-26JUL230615,Target Price: $0.0722294,2026-07-23 06:00:00-04:00,2026-07-23 06:15:00-04:00,0.0723513,0.072229,yes
KXDOGE15M-26JUL230600,Target Price: $0.0723586,2026-07-23 05:45:00-04:00,2026-07-23 06:00:00-04:00,0.0722294,0.072358,no
KXDOGE15M-26JUL230545,Target Price: $0.0724104,2026-07-23 05:30:00-04:00,2026-07-23 05:45:00-04:00,0.0723586,0.07241,no
KXDOGE15M-26JUL230530,Target Price: $0.0724493,2026-07-23 05:15:00-04:00,2026-07-23 05:30:00-04:00,0.0724104,0.072449,no
KXDOGE15M-26JUL230515,Target Price: $0.0724196,2026-07-23 05:00:00-04:00,2026-07-23 05:15:00-04:00,0.0724493,0.072419,yes
KXDOGE15M-26JUL230245,Target Price: $0.0725085,2026-07-23 02:30:00-04:00,2026-07-23 02:45:00-04:00,0.0725374,0.072508,yes
KXDOGE15M-26JUL230230,Target Price: $0.0724314,2026-07-23 02:15:00-04:00,2026-07-23 02:30:00-04:00,0.0725085,0.072431,yes
KXDOGE15M-26JUL230215,Target Price: $0.0724487,2026-07-23 02:00:00-04:00,2026-07-23 02:15:00-04:00,0.0724314,0.072448,no
KXDOGE15M-26JUL230200,Target Price: $0.0725467,2026-07-23 01:45:00-04:00,2026-07-23 02:00:00-04:00,0.0724487,0.072546,no
KXDOGE15M-26JUL230145,Target Price: $0.0725636,2026-07-23 01:30:00-04:00,2026-07-23 01:45:00-04:00,0.0725467,0.072563,no
KXDOGE15M-26JUL230130,Target Price: $0.0724563,2026-07-23 01:15:00-04:00,2026-07-23 01:30:00-04:00,0.0725636,0.072456,yes
KXDOGE15M-26JUL230115,Target Price: $0.0724967,2026-07-23 01:00:00-04:00,2026-07-23 01:15:00-04:00,0.0724563,0.072496,no
KXDOGE15M-26JUL230100,Target Price: $0.0724755,2026-07-23 00:45:00-04:00,2026-07-23 01:00:00-04:00,0.0724967,0.072475,yes
KXDOGE15M-26JUL230045,Target Price: $0.0725790,2026-07-23 00:30:00-04:00,2026-07-23 00:45:00-04:00,0.0724755,0.072579,no
KXDOGE15M-26JUL230030,Target Price: $0.0724391,2026-07-23 00:15:00-04:00,2026-07-23 00:30:00-04:00,0.0725790,0.072439,yes
KXDOGE15M-26JUL230015,Target Price: $0.0723412,2026-07-23 00:00:00-04:00,2026-07-23 00:15:00-04:00,0.0724391,0.072341,yes
KXDOGE15M-26JUL230000,Target Price: $0.0725541,2026-07-22 23:45:00-04:00,2026-07-23 00:00:00-04:00,0.0723412,0.072554,no
KXDOGE15M-26JUL222345,Target Price: $0.0725008,2026-07-22 23:30:00-04:00,2026-07-22 23:45:00-04:00,0.0725541,0.0725,yes
KXDOGE15M-26JUL222330,Target Price: $0.0724758,2026-07-22 23:15:00-04:00,2026-07-22 23:30:00-04:00,0.0725008,0.072475,yes
KXDOGE15M-26JUL222315,Target Price: $0.0726658,2026-07-22 23:00:00-04:00,2026-07-22 23:15:00-04:00,0.0724758,0.072665,no
KXDOGE15M-26JUL222300,Target Price: $0.0726688,2026-07-22 22:45:00-04:00,2026-07-22 23:00:00-04:00,0.0726658,0.072668,no
KXDOGE15M-26JUL222245,Target Price: $0.0725932,2026-07-22 22:30:00-04:00,2026-07-22 22:45:00-04:00,0.0726688,0.072593,yes
KXDOGE15M-26JUL222230,Target Price: $0.0726656,2026-07-22 22:15:00-04:00,2026-07-22 22:30:00-04:00,0.0725932,0.072665,no
KXDOGE15M-26JUL222215,Target Price: $0.0727655,2026-07-22 22:00:00-04:00,2026-07-22 22:15:00-04:00,0.0726656,0.072765,no
KXDOGE15M-26JUL222200,Target Price: $0.0727879,2026-07-22 21:45:00-04:00,2026-07-22 22:00:00-04:00,0.0727655,0.072787,no
KXDOGE15M-26JUL222145,Target Price: $0.0729272,2026-07-22 21:30:00-04:00,2026-07-22 21:45:00-04:00,0.0727879,0.072927,no
KXDOGE15M-26JUL222130,Target Price: $0.0729063,2026-07-22 21:15:00-04:00,2026-07-22 21:30:00-04:00,0.0729272,0.072906,yes
KXDOGE15M-26JUL222115,Target Price: $0.0729871,2026-07-22 21:00:00-04:00,2026-07-22 21:15:00-04:00,0.0729063,0.072987,no
KXDOGE15M-26JUL222100,Target Price: $0.0730275,2026-07-22 20:45:00-04:00,2026-07-22 21:00:00-04:00,0.0729871,0.073027,no
KXDOGE15M-26JUL222045,Target Price: $0.0730757,2026-07-22 20:30:00-04:00,2026-07-22 20:45:00-04:00,0.0730275,0.073075,no
KXDOGE15M-26JUL222030,Target Price: $0.0730065,2026-07-22 20:15:00-04:00,2026-07-22 20:30:00-04:00,0.0730757,0.073006,yes
KXDOGE15M-26JUL222015,Target Price: $0.0729816,2026-07-22 20:00:00-04:00,2026-07-22 20:15:00-04:00,0.0730065,0.072981,yes
KXDOGE15M-26JUL222000,Target Price: $0.0728020,2026-07-22 19:45:00-04:00,2026-07-22 20:00:00-04:00,0.0729816,0.072802,yes
KXDOGE15M-26JUL221945,Target Price: $0.0727201,2026-07-22 19:30:00-04:00,2026-07-22 19:45:00-04:00,0.0728020,0.07272,yes
KXDOGE15M-26JUL221930,Target Price: $0.0725852,2026-07-22 19:15:00-04:00,2026-07-22 19:30:00-04:00,0.0727201,0.072585,yes
KXDOGE15M-26JUL221915,Target Price: $0.0729999,2026-07-22 19:00:00-04:00,2026-07-22 19:15:00-04:00,0.0725852,0.072999,no
KXDOGE15M-26JUL221900,Target Price: $0.0728110,2026-07-22 18:45:00-04:00,2026-07-22 19:00:00-04:00,0.0729999,0.072811,yes
KXDOGE15M-26JUL221845,Target Price: $0.0729518,2026-07-22 18:30:00-04:00,2026-07-22 18:45:00-04:00,0.0728110,0.072951,no
KXDOGE15M-26JUL221830,Target Price: $0.0729270,2026-07-22 18:15:00-04:00,2026-07-22 18:30:00-04:00,0.0729518,0.072927,yes
KXDOGE15M-26JUL221815,Target Price: $0.0729436,2026-07-22 18:00:00-04:00,2026-07-22 18:15:00-04:00,0.0729270,0.072943,no
KXDOGE15M-26JUL221800,Target Price: $0.0729366,2026-07-22 17:45:00-04:00,2026-07-22 18:00:00-04:00,0.0729436,0.072936,yes
KXDOGE15M-26JUL221745,Target Price: $0.0726739,2026-07-22 17:30:00-04:00,2026-07-22 17:45:00-04:00,0.0729366,0.072673,yes
KXDOGE15M-26JUL221730,Target Price: $0.0725829,2026-07-22 17:15:00-04:00,2026-07-22 17:30:00-04:00,0.0726739,0.072582,yes
KXDOGE15M-26JUL221715,Target Price: $0.0726010,2026-07-22 17:00:00-04:00,2026-07-22 17:15:00-04:00,0.0725829,0.072601,no
KXDOGE15M-26JUL221700,Target Price: $0.0726456,2026-07-22 16:45:00-04:00,2026-07-22 17:00:00-04:00,0.0726010,0.072645,no
KXDOGE15M-26JUL221645,Target Price: $0.0727010,2026-07-22 16:30:00-04:00,2026-07-22 16:45:00-04:00,0.0726456,0.072701,no
KXDOGE15M-26JUL221630,Target Price: $0.0726344,2026-07-22 16:15:00-04:00,2026-07-22 16:30:00-04:00,0.0727010,0.072634,yes
KXDOGE15M-26JUL221615,Target Price: $0.0725061,2026-07-22 16:00:00-04:00,2026-07-22 16:15:00-04:00,0.0726344,0.072506,yes
KXDOGE15M-26JUL221600,Target Price: $0.0724739,2026-07-22 15:45:00-04:00,2026-07-22 16:00:00-04:00,0.0725061,0.072473,yes
KXDOGE15M-26JUL221545,Target Price: $0.0725294,2026-07-22 15:30:00-04:00,2026-07-22 15:45:00-04:00,0.0724739,0.072529,no
KXDOGE15M-26JUL221530,Target Price: $0.0723291,2026-07-22 15:15:00-04:00,2026-07-22 15:30:00-04:00,0.0725294,0.072329,yes
KXDOGE15M-26JUL221515,Target Price: $0.0727613,2026-07-22 15:00:00-04:00,2026-07-22 15:15:00-04:00,0.0723291,0.072761,no
KXDOGE15M-26JUL221500,Target Price: $0.0726887,2026-07-22 14:45:00-04:00,2026-07-22 15:00:00-04:00,0.0727613,0.072688,yes
KXDOGE15M-26JUL221445,Target Price: $0.0729891,2026-07-22 14:30:00-04:00,2026-07-22 14:45:00-04:00,0.0726887,0.072989,no
KXDOGE15M-26JUL221430,Target price: TBD,2026-07-22 14:15:00-04:00,2026-07-22 14:30:00-04:00,0.0729891,,no
KXDOGE15M-26JUL221415,Target Price: $0.0731528,2026-07-22 14:00:00-04:00,2026-07-22 14:15:00-04:00,0.0730899,0.073152,no
KXDOGE15M-26JUL221400,Target Price: $0.0733393,2026-07-22 13:45:00-04:00,2026-07-22 14:00:00-04:00,0.0731528,0.073339,no
KXDOGE15M-26JUL221345,Target Price: $0.0731256,2026-07-22 13:30:00-04:00,2026-07-22 13:45:00-04:00,0.0733393,0.073125,yes
KXDOGE15M-26JUL221330,Target Price: $0.0733589,2026-07-22 13:15:00-04:00,2026-07-22 13:30:00-04:00,0.0731256,0.073358,no
KXDOGE15M-26JUL221315,Target Price: $0.0733572,2026-07-22 13:00:00-04:00,2026-07-22 13:15:00-04:00,0.0733589,0.073357,yes
KXDOGE15M-26JUL221300,Target Price: $0.0733294,2026-07-22 12:45:00-04:00,2026-07-22 13:00:00-04:00,0.0733572,0.073329,yes
KXDOGE15M-26JUL221245,Target Price: $0.0730195,2026-07-22 12:30:00-04:00,2026-07-22 12:45:00-04:00,0.0733294,0.073019,yes
KXDOGE15M-26JUL221230,Target Price: $0.0731530,2026-07-22 12:15:00-04:00,2026-07-22 12:30:00-04:00,0.0730195,0.073153,no
KXDOGE15M-26JUL221215,Target Price: $0.0730242,2026-07-22 12:00:00-04:00,2026-07-22 12:15:00-04:00,0.0731530,0.073024,yes
KXDOGE15M-26JUL221200,Target Price: $0.0730934,2026-07-22 11:45:00-04:00,2026-07-22 12:00:00-04:00,0.0730242,0.073093,no
KXDOGE15M-26JUL221145,Target Price: $0.0731427,2026-07-22 11:30:00-04:00,2026-07-22 11:45:00-04:00,0.0730934,0.073142,no
KXDOGE15M-26JUL221130,Target Price: $0.0730251,2026-07-22 11:15:00-04:00,2026-07-22 11:30:00-04:00,0.0731427,0.073025,yes
KXDOGE15M-26JUL221115,Target Price: $0.0727926,2026-07-22 11:00:00-04:00,2026-07-22 11:15:00-04:00,0.0730251,0.072792,yes
KXDOGE15M-26JUL221100,Target Price: $0.0727481,2026-07-22 10:45:00-04:00,2026-07-22 11:00:00-04:00,0.0727926,0.072748,yes
KXDOGE15M-26JUL221045,Target Price: $0.0724913,2026-07-22 10:30:00-04:00,2026-07-22 10:45:00-04:00,0.0727481,0.072491,yes
KXDOGE15M-26JUL221030,Target Price: $0.0729054,2026-07-22 10:15:00-04:00,2026-07-22 10:30:00-04:00,0.0724913,0.072905,no
KXDOGE15M-26JUL221015,Target Price: $0.0728423,2026-07-22 10:00:00-04:00,2026-07-22 10:15:00-04:00,0.0729054,0.072842,yes
KXDOGE15M-26JUL221000,Target Price: $0.0727287,2026-07-22 09:45:00-04:00,2026-07-22 10:00:00-04:00,0.0728423,0.072728,yes
KXDOGE15M-26JUL220945,Target Price: $0.0723579,2026-07-22 09:30:00-04:00,2026-07-22 09:45:00-04:00,0.0727287,0.072357,yes
KXDOGE15M-26JUL220930,Target Price: $0.0724199,2026-07-22 09:15:00-04:00,2026-07-22 09:30:00-04:00,0.0723579,0.072419,no
KXDOGE15M-26JUL220915,Target Price: $0.0723864,2026-07-22 09:00:00-04:00,2026-07-22 09:15:00-04:00,0.0724199,0.072386,yes
KXDOGE15M-26JUL220900,Target Price: $0.0724246,2026-07-22 08:45:00-04:00,2026-07-22 09:00:00-04:00,0.0723864,0.072424,no
KXDOGE15M-26JUL220845,Target Price: $0.0723852,2026-07-22 08:30:00-04:00,2026-07-22 08:45:00-04:00,0.0724246,0.072385,yes
KXDOGE15M-26JUL220830,Target Price: $0.0724586,2026-07-22 08:15:00-04:00,2026-07-22 08:30:00-04:00,0.0723852,0.072458,no
KXDOGE15M-26JUL220815,Target Price: $0.0726145,2026-07-22 08:00:00-04:00,2026-07-22 08:15:00-04:00,0.0724586,0.072614,no
KXDOGE15M-26JUL220800,Target Price: $0.0725377,2026-07-22 07:45:00-04:00,2026-07-22 08:00:00-04:00,0.0726145,0.072537,yes
KXDOGE15M-26JUL220745,Target Price: $0.0727765,2026-07-22 07:30:00-04:00,2026-07-22 07:45:00-04:00,0.0725377,0.072776,no
KXDOGE15M-26JUL220730,Target Price: $0.0727141,2026-07-22 07:15:00-04:00,2026-07-22 07:30:00-04:00,0.0727765,0.072714,yes
KXDOGE15M-26JUL220715,Target Price: $0.0727088,2026-07-22 07:00:00-04:00,2026-07-22 07:15:00-04:00,0.0727141,0.072708,yes
KXDOGE15M-26JUL220700,Target Price: $0.0726680,2026-07-22 06:45:00-04:00,2026-07-22 07:00:00-04:00,0.0727088,0.072668,yes
KXDOGE15M-26JUL220645,Target Price: $0.0726120,2026-07-22 06:30:00-04:00,2026-07-22 06:45:00-04:00,0.0726680,0.072612,yes
KXDOGE15M-26JUL220630,Target Price: $0.0724496,2026-07-22 06:15:00-04:00,2026-07-22 06:30:00-04:00,0.0726120,0.072449,yes
KXDOGE15M-26JUL220615,Target Price: $0.0725048,2026-07-22 06:00:00-04:00,2026-07-22 06:15:00-04:00,0.0724496,0.072504,no
KXDOGE15M-26JUL220600,Target Price: $0.0723958,2026-07-22 05:45:00-04:00,2026-07-22 06:00:00-04:00,0.0725048,0.072395,yes
KXDOGE15M-26JUL220545,Target Price: $0.0724965,2026-07-22 05:30:00-04:00,2026-07-22 05:45:00-04:00,0.0723958,0.072496,no
KXDOGE15M-26JUL220530,Target Price: $0.0725021,2026-07-22 05:15:00-04:00,2026-07-22 05:30:00-04:00,0.0724965,0.072502,no
KXDOGE15M-26JUL220515,Target Price: $0.0724766,2026-07-22 05:00:00-04:00,2026-07-22 05:15:00-04:00,0.0725021,0.072476,yes
KXDOGE15M-26JUL220500,Target Price: $0.0723948,2026-07-22 04:45:00-04:00,2026-07-22 05:00:00-04:00,0.0724766,0.072394,yes
KXDOGE15M-26JUL220445,Target Price: $0.0724056,2026-07-22 04:30:00-04:00,2026-07-22 04:45:00-04:00,0.0723948,0.072405,no
KXDOGE15M-26JUL220430,Target Price: $0.0723847,2026-07-22 04:15:00-04:00,2026-07-22 04:30:00-04:00,0.0724056,0.072384,yes
KXDOGE15M-26JUL220415,Target Price: $0.0722043,2026-07-22 04:00:00-04:00,2026-07-22 04:15:00-04:00,0.0723847,0.072204,yes
KXDOGE15M-26JUL220400,Target Price: $0.0722152,2026-07-22 03:45:00-04:00,2026-07-22 04:00:00-04:00,0.0722043,0.072215,no
KXDOGE15M-26JUL220345,Target Price: $0.0723857,2026-07-22 03:30:00-04:00,2026-07-22 03:45:00-04:00,0.0722152,0.072385,no
KXDOGE15M-26JUL220330,Target Price: $0.0722804,2026-07-22 03:15:00-04:00,2026-07-22 03:30:00-04:00,0.0723857,0.07228,yes
KXDOGE15M-26JUL220315,Target Price: $0.0723784,2026-07-22 03:00:00-04:00,2026-07-22 03:15:00-04:00,0.0722804,0.072378,no
KXDOGE15M-26JUL220300,Target Price: $0.0723845,2026-07-22 02:45:00-04:00,2026-07-22 03:00:00-04:00,0.0723784,0.072384,no
KXDOGE15M-26JUL220245,Target Price: $0.0723053,2026-07-22 02:30:00-04:00,2026-07-22 02:45:00-04:00,0.0723845,0.072305,yes
KXDOGE15M-26JUL220230,Target Price: $0.0724211,2026-07-22 02:15:00-04:00,2026-07-22 02:30:00-04:00,0.0723053,0.072421,no
KXDOGE15M-26JUL220215,Target Price: $0.0724711,2026-07-22 02:00:00-04:00,2026-07-22 02:15:00-04:00,0.0724211,0.072471,no
KXDOGE15M-26JUL220200,Target Price: $0.0725593,2026-07-22 01:45:00-04:00,2026-07-22 02:00:00-04:00,0.0724711,0.072559,no
KXDOGE15M-26JUL220145,Target Price: $0.0727978,2026-07-22 01:30:00-04:00,2026-07-22 01:45:00-04:00,0.0725593,0.072797,no
KXDOGE15M-26JUL220130,Target Price: $0.0731924,2026-07-22 01:15:00-04:00,2026-07-22 01:30:00-04:00,0.0727978,0.073192,no
KXDOGE15M-26JUL220115,Target Price: $0.0733857,2026-07-22 01:00:00-04:00,2026-07-22 01:15:00-04:00,0.0731924,0.073385,no
KXDOGE15M-26JUL220100,Target Price: $0.0734317,2026-07-22 00:45:00-04:00,2026-07-22 01:00:00-04:00,0.0733857,0.073431,no
KXDOGE15M-26JUL220045,Target Price: $0.0733881,2026-07-22 00:30:00-04:00,2026-07-22 00:45:00-04:00,0.0734317,0.073388,yes
KXDOGE15M-26JUL220030,Target Price: $0.0733253,2026-07-22 00:15:00-04:00,2026-07-22 00:30:00-04:00,0.0733881,0.073325,yes
KXDOGE15M-26JUL220015,Target Price: $0.0732112,2026-07-22 00:00:00-04:00,2026-07-22 00:15:00-04:00,0.0733253,0.073211,yes
KXDOGE15M-26JUL220000,Target Price: $0.0732904,2026-07-21 23:45:00-04:00,2026-07-22 00:00:00-04:00,0.0732112,0.07329,no
KXDOGE15M-26JUL212345,Target Price: $0.0733862,2026-07-21 23:30:00-04:00,2026-07-21 23:45:00-04:00,0.0732904,0.073386,no
KXDOGE15M-26JUL212330,Target Price: $0.0732294,2026-07-21 23:15:00-04:00,2026-07-21 23:30:00-04:00,0.0733862,0.073229,yes
KXDOGE15M-26JUL212315,Target Price: $0.0733981,2026-07-21 23:00:00-04:00,2026-07-21 23:15:00-04:00,0.0732294,0.073398,no
KXDOGE15M-26JUL212300,Target Price: $0.0735067,2026-07-21 22:45:00-04:00,2026-07-21 23:00:00-04:00,0.0733981,0.073506,no
KXDOGE15M-26JUL212245,Target Price: $0.0736126,2026-07-21 22:30:00-04:00,2026-07-21 22:45:00-04:00,0.0735067,0.073612,no
KXDOGE15M-26JUL212230,Target Price: $0.0736077,2026-07-21 22:15:00-04:00,2026-07-21 22:30:00-04:00,0.0736126,0.073607,yes
KXDOGE15M-26JUL212215,Target Price: $0.0735525,2026-07-21 22:00:00-04:00,2026-07-21 22:15:00-04:00,0.0736077,0.073552,yes
KXDOGE15M-26JUL212200,Target Price: $0.0734642,2026-07-21 21:45:00-04:00,2026-07-21 22:00:00-04:00,0.0735525,0.073464,yes
KXDOGE15M-26JUL212145,Target Price: $0.0734426,2026-07-21 21:30:00-04:00,2026-07-21 21:45:00-04:00,0.0734642,0.073442,yes
KXDOGE15M-26JUL212130,Target Price: $0.0735075,2026-07-21 21:15:00-04:00,2026-07-21 21:30:00-04:00,0.0734426,0.073507,no
KXDOGE15M-26JUL212115,Target Price: $0.0736845,2026-07-21 21:00:00-04:00,2026-07-21 21:15:00-04:00,0.0735075,0.073684,no
KXDOGE15M-26JUL212100,Target Price: $0.0737739,2026-07-21 20:45:00-04:00,2026-07-21 21:00:00-04:00,0.0736845,0.073773,no
KXDOGE15M-26JUL212045,Target Price: $0.0736786,2026-07-21 20:30:00-04:00,2026-07-21 20:45:00-04:00,0.0737739,0.073678,yes
KXDOGE15M-26JUL212030,Target Price: $0.0736061,2026-07-21 20:15:00-04:00,2026-07-21 20:30:00-04:00,0.0736786,0.073606,yes
KXDOGE15M-26JUL212015,Target Price: $0.0733245,2026-07-21 20:00:00-04:00,2026-07-21 20:15:00-04:00,0.0736061,0.073324,yes
KXDOGE15M-26JUL212000,Target Price: $0.0732008,2026-07-21 19:45:00-04:00,2026-07-21 20:00:00-04:00,0.0733245,0.0732,yes
KXDOGE15M-26JUL211945,Target Price: $0.0730859,2026-07-21 19:30:00-04:00,2026-07-21 19:45:00-04:00,0.0732008,0.073085,yes
KXDOGE15M-26JUL211930,Target Price: $0.0729913,2026-07-21 19:15:00-04:00,2026-07-21 19:30:00-04:00,0.0730859,0.072991,yes
KXDOGE15M-26JUL211915,Target Price: $0.0730750,2026-07-21 19:00:00-04:00,2026-07-21 19:15:00-04:00,0.0729913,0.073075,no
KXDOGE15M-26JUL211900,Target Price: $0.0731570,2026-07-21 18:45:00-04:00,2026-07-21 19:00:00-04:00,0.0730750,0.073157,no
KXDOGE15M-26JUL211845,Target Price: $0.0732303,2026-07-21 18:30:00-04:00,2026-07-21 18:45:00-04:00,0.0731570,0.07323,no
KXDOGE15M-26JUL211830,Target Price: $0.0732191,2026-07-21 18:15:00-04:00,2026-07-21 18:30:00-04:00,0.0732303,0.073219,yes
KXDOGE15M-26JUL211815,Target Price: $0.0733522,2026-07-21 18:00:00-04:00,2026-07-21 18:15:00-04:00,0.0732191,0.073352,no
KXDOGE15M-26JUL211800,Target Price: $0.0733675,2026-07-21 17:45:00-04:00,2026-07-21 18:00:00-04:00,0.0733522,0.073367,no
KXDOGE15M-26JUL211745,Target Price: $0.0734361,2026-07-21 17:30:00-04:00,2026-07-21 17:45:00-04:00,0.0733675,0.073436,no
KXDOGE15M-26JUL211730,Target Price: $0.0735045,2026-07-21 17:15:00-04:00,2026-07-21 17:30:00-04:00,0.0734361,0.073504,no
KXDOGE15M-26JUL211715,Target Price: $0.0734976,2026-07-21 17:00:00-04:00,2026-07-21 17:15:00-04:00,0.0735045,0.073497,yes
KXDOGE15M-26JUL211700,Target Price: $0.0735247,2026-07-21 16:45:00-04:00,2026-07-21 17:00:00-04:00,0.0734976,0.073524,no
KXDOGE15M-26JUL211645,Target Price: $0.0734189,2026-07-21 16:30:00-04:00,2026-07-21 16:45:00-04:00,0.0735247,0.073418,yes
KXDOGE15M-26JUL211630,Target Price: $0.0734597,2026-07-21 16:15:00-04:00,2026-07-21 16:30:00-04:00,0.0734189,0.073459,no
KXDOGE15M-26JUL211615,Target Price: $0.0734948,2026-07-21 16:00:00-04:00,2026-07-21 16:15:00-04:00,0.0734597,0.073494,no
KXDOGE15M-26JUL211600,Target Price: $0.0734834,2026-07-21 15:45:00-04:00,2026-07-21 16:00:00-04:00,0.0734948,0.073483,yes
KXDOGE15M-26JUL211545,Target Price: $0.0735025,2026-07-21 15:30:00-04:00,2026-07-21 15:45:00-04:00,0.0734834,0.073502,no
KXDOGE15M-26JUL211530,Target Price: $0.0733403,2026-07-21 15:15:00-04:00,2026-07-21 15:30:00-04:00,0.0735025,0.07334,yes
KXDOGE15M-26JUL211515,Target Price: $0.0734206,2026-07-21 15:00:00-04:00,2026-07-21 15:15:00-04:00,0.0733403,0.07342,no
KXDOGE15M-26JUL211500,Target Price: $0.0734215,2026-07-21 14:45:00-04:00,2026-07-21 15:00:00-04:00,0.0734206,0.073421,no
KXDOGE15M-26JUL211445,Target Price: $0.0733492,2026-07-21 14:30:00-04:00,2026-07-21 14:45:00-04:00,0.0734215,0.073349,yes
KXDOGE15M-26JUL211430,Target Price: $0.0733937,2026-07-21 14:15:00-04:00,2026-07-21 14:30:00-04:00,0.0733492,0.073393,no
KXDOGE15M-26JUL211415,Target Price: $0.0732319,2026-07-21 14:00:00-04:00,2026-07-21 14:15:00-04:00,0.0733937,0.073231,yes
KXDOGE15M-26JUL211400,Target Price: $0.0733611,2026-07-21 13:45:00-04:00,2026-07-21 14:00:00-04:00,0.0732319,0.073361,no
KXDOGE15M-26JUL211345,Target Price: $0.0732063,2026-07-21 13:30:00-04:00,2026-07-21 13:45:00-04:00,0.0733611,0.073206,yes
KXDOGE15M-26JUL211330,Target Price: $0.0732775,2026-07-21 13:15:00-04:00,2026-07-21 13:30:00-04:00,0.0732063,0.073277,no
KXDOGE15M-26JUL211315,Target Price: $0.0733556,2026-07-21 13:00:00-04:00,2026-07-21 13:15:00-04:00,0.0732775,0.073355,no
KXDOGE15M-26JUL211300,Target Price: $0.0733030,2026-07-21 12:45:00-04:00,2026-07-21 13:00:00-04:00,0.0733556,0.073303,yes
KXDOGE15M-26JUL211245,Target Price: $0.0732991,2026-07-21 12:30:00-04:00,2026-07-21 12:45:00-04:00,0.0733030,0.073299,yes
KXDOGE15M-26JUL211230,Target Price: $0.0733960,2026-07-21 12:15:00-04:00,2026-07-21 12:30:00-04:00,0.0732991,0.073396,no
KXDOGE15M-26JUL211215,Target Price: $0.0734292,2026-07-21 12:00:00-04:00,2026-07-21 12:15:00-04:00,0.0733960,0.073429,no
KXDOGE15M-26JUL211200,Target Price: $0.0731640,2026-07-21 11:45:00-04:00,2026-07-21 12:00:00-04:00,0.0734292,0.073164,yes
KXDOGE15M-26JUL211145,Target Price: $0.0731606,2026-07-21 11:30:00-04:00,2026-07-21 11:45:00-04:00,0.0731640,0.07316,yes
KXDOGE15M-26JUL211130,Target Price: $0.0732232,2026-07-21 11:15:00-04:00,2026-07-21 11:30:00-04:00,0.0731606,0.073223,no
KXDOGE15M-26JUL211115,Target Price: $0.0732572,2026-07-21 11:00:00-04:00,2026-07-21 11:15:00-04:00,0.0732232,0.073257,no
KXDOGE15M-26JUL211100,Target Price: $0.0732807,2026-07-21 10:45:00-04:00,2026-07-21 11:00:00-04:00,0.0732572,0.07328,no
KXDOGE15M-26JUL211045,Target Price: $0.0732003,2026-07-21 10:30:00-04:00,2026-07-21 10:45:00-04:00,0.0732807,0.0732,yes
KXDOGE15M-26JUL211030,Target Price: $0.0735257,2026-07-21 10:15:00-04:00,2026-07-21 10:30:00-04:00,0.0732003,0.073525,no
KXDOGE15M-26JUL211015,Target Price: $0.0734491,2026-07-21 10:00:00-04:00,2026-07-21 10:15:00-04:00,0.0735257,0.073449,yes
KXDOGE15M-26JUL211000,Target Price: $0.0731037,2026-07-21 09:45:00-04:00,2026-07-21 10:00:00-04:00,0.0734491,0.073103,yes
KXDOGE15M-26JUL210945,Target Price: $0.0732887,2026-07-21 09:30:00-04:00,2026-07-21 09:45:00-04:00,0.0731037,0.073288,no
KXDOGE15M-26JUL210930,Target Price: $0.0734531,2026-07-21 09:15:00-04:00,2026-07-21 09:30:00-04:00,0.0732887,0.073453,no
KXDOGE15M-26JUL210915,Target Price: $0.0734944,2026-07-21 09:00:00-04:00,2026-07-21 09:15:00-04:00,0.0734531,0.073494,no
KXDOGE15M-26JUL210900,Target Price: $0.0734622,2026-07-21 08:45:00-04:00,2026-07-21 09:00:00-04:00,0.0734944,0.073462,yes
KXDOGE15M-26JUL210845,Target Price: $0.0734266,2026-07-21 08:30:00-04:00,2026-07-21 08:45:00-04:00,0.0734622,0.073426,yes
KXDOGE15M-26JUL210830,Target Price: $0.0736213,2026-07-21 08:15:00-04:00,2026-07-21 08:30:00-04:00,0.0734266,0.073621,no
KXDOGE15M-26JUL210815,Target Price: $0.0735999,2026-07-21 08:00:00-04:00,2026-07-21 08:15:00-04:00,0.0736213,0.073599,yes
KXDOGE15M-26JUL210800,Target Price: $0.0735911,2026-07-21 07:45:00-04:00,2026-07-21 08:00:00-04:00,0.0735999,0.073591,yes
KXDOGE15M-26JUL210745,Target Price: $0.0735553,2026-07-21 07:30:00-04:00,2026-07-21 07:45:00-04:00,0.0735911,0.073555,yes
KXDOGE15M-26JUL210730,Target Price: $0.0734799,2026-07-21 07:15:00-04:00,2026-07-21 07:30:00-04:00,0.0735553,0.073479,yes
KXDOGE15M-26JUL210715,Target Price: $0.0734114,2026-07-21 07:00:00-04:00,2026-07-21 07:15:00-04:00,0.0734799,0.073411,yes
KXDOGE15M-26JUL210700,Target Price: $0.0735047,2026-07-21 06:45:00-04:00,2026-07-21 07:00:00-04:00,0.0734114,0.073504,no
KXDOGE15M-26JUL210645,Target Price: $0.0736123,2026-07-21 06:30:00-04:00,2026-07-21 06:45:00-04:00,0.0735047,0.073612,no
KXDOGE15M-26JUL210630,Target Price: $0.0735551,2026-07-21 06:15:00-04:00,2026-07-21 06:30:00-04:00,0.0736123,0.073555,yes
KXDOGE15M-26JUL210615,Target Price: $0.0734288,2026-07-21 06:00:00-04:00,2026-07-21 06:15:00-04:00,0.0735551,0.073428,yes
KXDOGE15M-26JUL210600,Target Price: $0.0734814,2026-07-21 05:45:00-04:00,2026-07-21 06:00:00-04:00,0.0734288,0.073481,no
KXDOGE15M-26JUL210545,Target Price: $0.0734544,2026-07-21 05:30:00-04:00,2026-07-21 05:45:00-04:00,0.0734814,0.073454,yes
KXDOGE15M-26JUL210530,Target Price: $0.0734085,2026-07-21 05:15:00-04:00,2026-07-21 05:30:00-04:00,0.0734544,0.073408,yes
KXDOGE15M-26JUL210515,Target Price: $0.0735097,2026-07-21 05:00:00-04:00,2026-07-21 05:15:00-04:00,0.0734085,0.073509,no
KXDOGE15M-26JUL210500,Target Price: $0.0735313,2026-07-21 04:45:00-04:00,2026-07-21 05:00:00-04:00,0.0735097,0.073531,no
KXDOGE15M-26JUL210445,Target Price: $0.0734800,2026-07-21 04:30:00-04:00,2026-07-21 04:45:00-04:00,0.0735313,0.07348,yes
KXDOGE15M-26JUL210430,Target Price: $0.0736139,2026-07-21 04:15:00-04:00,2026-07-21 04:30:00-04:00,0.0734800,0.073613,no
KXDOGE15M-26JUL210415,Target Price: $0.0732813,2026-07-21 04:00:00-04:00,2026-07-21 04:15:00-04:00,0.0736139,0.073281,yes
KXDOGE15M-26JUL210400,Target Price: $0.0730814,2026-07-21 03:45:00-04:00,2026-07-21 04:00:00-04:00,0.0732813,0.073081,yes
KXDOGE15M-26JUL210345,Target Price: $0.0729937,2026-07-21 03:30:00-04:00,2026-07-21 03:45:00-04:00,0.0730814,0.072993,yes
KXDOGE15M-26JUL210330,Target Price: $0.0730846,2026-07-21 03:15:00-04:00,2026-07-21 03:30:00-04:00,0.0729937,0.073084,no
KXDOGE15M-26JUL210315,Target Price: $0.0730985,2026-07-21 03:00:00-04:00,2026-07-21 03:15:00-04:00,0.0730846,0.073098,no
KXDOGE15M-26JUL210300,Target Price: $0.0731097,2026-07-21 02:45:00-04:00,2026-07-21 03:00:00-04:00,0.0730985,0.073109,no
KXDOGE15M-26JUL210245,Target Price: $0.0729886,2026-07-21 02:30:00-04:00,2026-07-21 02:45:00-04:00,0.0731097,0.072988,yes
KXDOGE15M-26JUL210230,Target Price: $0.0728847,2026-07-21 02:15:00-04:00,2026-07-21 02:30:00-04:00,0.0729886,0.072884,yes
KXDOGE15M-26JUL210215,Target Price: $0.0729111,2026-07-21 02:00:00-04:00,2026-07-21 02:15:00-04:00,0.0728847,0.072911,no
KXDOGE15M-26JUL210200,Target Price: $0.0727778,2026-07-21 01:45:00-04:00,2026-07-21 02:00:00-04:00,0.0729111,0.072777,yes
KXDOGE15M-26JUL210145,Target Price: $0.0727715,2026-07-21 01:30:00-04:00,2026-07-21 01:45:00-04:00,0.0727778,0.072771,yes
KXDOGE15M-26JUL210130,Target Price: $0.0727938,2026-07-21 01:15:00-04:00,2026-07-21 01:30:00-04:00,0.0727715,0.072793,no
KXDOGE15M-26JUL210115,Target Price: $0.0726588,2026-07-21 01:00:00-04:00,2026-07-21 01:15:00-04:00,0.0727938,0.072658,yes
KXDOGE15M-26JUL210100,Target Price: $0.0726181,2026-07-21 00:45:00-04:00,2026-07-21 01:00:00-04:00,0.0726588,0.072618,yes
KXDOGE15M-26JUL210045,Target Price: $0.0725294,2026-07-21 00:30:00-04:00,2026-07-21 00:45:00-04:00,0.0726181,0.072529,yes
KXDOGE15M-26JUL210030,Target Price: $0.0726346,2026-07-21 00:15:00-04:00,2026-07-21 00:30:00-04:00,0.0725294,0.072634,no
KXDOGE15M-26JUL210015,Target Price: $0.0727346,2026-07-21 00:00:00-04:00,2026-07-21 00:15:00-04:00,0.0726346,0.072734,no
KXDOGE15M-26JUL210000,Target Price: $0.0726182,2026-07-20 23:45:00-04:00,2026-07-21 00:00:00-04:00,0.0727346,0.072618,yes
KXDOGE15M-26JUL202345,Target Price: $0.0726097,2026-07-20 23:30:00-04:00,2026-07-20 23:45:00-04:00,0.0726182,0.072609,yes
KXDOGE15M-26JUL202330,Target Price: $0.0726301,2026-07-20 23:15:00-04:00,2026-07-20 23:30:00-04:00,0.0726097,0.07263,no
KXDOGE15M-26JUL202315,Target Price: $0.0724777,2026-07-20 23:00:00-04:00,2026-07-20 23:15:00-04:00,0.0726301,0.072477,yes
KXDOGE15M-26JUL202300,Target Price: $0.0723804,2026-07-20 22:45:00-04:00,2026-07-20 23:00:00-04:00,0.0724777,0.07238,yes
KXDOGE15M-26JUL202245,Target Price: $0.0721437,2026-07-20 22:30:00-04:00,2026-07-20 22:45:00-04:00,0.0723804,0.072143,yes
KXDOGE15M-26JUL202230,Target Price: $0.0722469,2026-07-20 22:15:00-04:00,2026-07-20 22:30:00-04:00,0.0721437,0.072246,no
KXDOGE15M-26JUL202215,Target Price: $0.0722085,2026-07-20 22:00:00-04:00,2026-07-20 22:15:00-04:00,0.0722469,0.072208,yes
KXDOGE15M-26JUL202200,Target Price: $0.0722069,2026-07-20 21:45:00-04:00,2026-07-20 22:00:00-04:00,0.0722085,0.072206,yes
KXDOGE15M-26JUL202145,Target Price: $0.0722677,2026-07-20 21:30:00-04:00,2026-07-20 21:45:00-04:00,0.0722069,0.072267,no
KXDOGE15M-26JUL202130,Target Price: $0.0723595,2026-07-20 21:15:00-04:00,2026-07-20 21:30:00-04:00,0.0722677,0.072359,no
KXDOGE15M-26JUL202115,Target Price: $0.0722529,2026-07-20 21:00:00-04:00,2026-07-20 21:15:00-04:00,0.0723595,0.072252,yes
KXDOGE15M-26JUL202100,Target Price: $0.0723106,2026-07-20 20:45:00-04:00,2026-07-20 21:00:00-04:00,0.0722529,0.07231,no
KXDOGE15M-26JUL202045,Target Price: $0.0721120,2026-07-20 20:30:00-04:00,2026-07-20 20:45:00-04:00,0.0723106,0.072112,yes
KXDOGE15M-26JUL202030,Target Price: $0.0719639,2026-07-20 20:15:00-04:00,2026-07-20 20:30:00-04:00,0.0721120,0.071963,yes
KXDOGE15M-26JUL202015,Target Price: $0.0721413,2026-07-20 20:00:00-04:00,2026-07-20 20:15:00-04:00,0.0719639,0.072141,no
KXDOGE15M-26JUL202000,Target Price: $0.0721368,2026-07-20 19:45:00-04:00,2026-07-20 20:00:00-04:00,0.0721413,0.072136,yes
KXDOGE15M-26JUL201945,Target Price: $0.0720753,2026-07-20 19:30:00-04:00,2026-07-20 19:45:00-04:00,0.0721368,0.072075,yes
KXDOGE15M-26JUL201930,Target Price: $0.0718654,2026-07-20 19:15:00-04:00,2026-07-20 19:30:00-04:00,0.0720753,0.071865,yes
KXDOGE15M-26JUL201915,Target Price: $0.0717453,2026-07-20 19:00:00-04:00,2026-07-20 19:15:00-04:00,0.0718654,0.071745,yes
KXDOGE15M-26JUL201900,Target Price: $0.0716964,2026-07-20 18:45:00-04:00,2026-07-20 19:00:00-04:00,0.0717453,0.071696,yes
KXDOGE15M-26JUL201845,Target Price: $0.0718537,2026-07-20 18:30:00-04:00,2026-07-20 18:45:00-04:00,0.0716964,0.071853,no
KXDOGE15M-26JUL201830,Target Price: $0.0719522,2026-07-20 18:15:00-04:00,2026-07-20 18:30:00-04:00,0.0718537,0.071952,no
KXDOGE15M-26JUL201815,Target Price: $0.0720670,2026-07-20 18:00:00-04:00,2026-07-20 18:15:00-04:00,0.0719522,0.072067,no
KXDOGE15M-26JUL201800,Target Price: $0.0722148,2026-07-20 17:45:00-04:00,2026-07-20 18:00:00-04:00,0.0720670,0.072214,no
KXDOGE15M-26JUL201745,Target Price: $0.0721735,2026-07-20 17:30:00-04:00,2026-07-20 17:45:00-04:00,0.0722148,0.072173,yes
KXDOGE15M-26JUL201730,Target Price: $0.0720984,2026-07-20 17:15:00-04:00,2026-07-20 17:30:00-04:00,0.0721735,0.072098,yes
KXDOGE15M-26JUL201715,Target Price: $0.0721293,2026-07-20 17:00:00-04:00,2026-07-20 17:15:00-04:00,0.0720984,0.072129,no
KXDOGE15M-26JUL201700,Target Price: $0.0720614,2026-07-20 16:45:00-04:00,2026-07-20 17:00:00-04:00,0.0721293,0.072061,yes
KXDOGE15M-26JUL201645,Target Price: $0.0721274,2026-07-20 16:30:00-04:00,2026-07-20 16:45:00-04:00,0.0720614,0.072127,no
KXDOGE15M-26JUL201630,Target Price: $0.0721150,2026-07-20 16:15:00-04:00,2026-07-20 16:30:00-04:00,0.0721274,0.072115,yes
KXDOGE15M-26JUL201615,Target Price: $0.0720933,2026-07-20 16:00:00-04:00,2026-07-20 16:15:00-04:00,0.0721150,0.072093,yes
KXDOGE15M-26JUL201600,Target Price: $0.0720525,2026-07-20 15:45:00-04:00,2026-07-20 16:00:00-04:00,0.0720933,0.072052,yes
KXDOGE15M-26JUL201545,Target Price: $0.0721214,2026-07-20 15:30:00-04:00,2026-07-20 15:45:00-04:00,0.0720525,0.072121,no
KXDOGE15M-26JUL201530,Target Price: $0.0721282,2026-07-20 15:15:00-04:00,2026-07-20 15:30:00-04:00,0.0721214,0.072128,no
KXDOGE15M-26JUL201515,Target Price: $0.0723513,2026-07-20 15:00:00-04:00,2026-07-20 15:15:00-04:00,0.0721282,0.072351,no
KXDOGE15M-26JUL201500,Target Price: $0.0724291,2026-07-20 14:45:00-04:00,2026-07-20 15:00:00-04:00,0.0723513,0.072429,no
KXDOGE15M-26JUL201445,Target Price: $0.0725992,2026-07-20 14:30:00-04:00,2026-07-20 14:45:00-04:00,0.0724291,0.072599,no
KXDOGE15M-26JUL201430,Target Price: $0.0730573,2026-07-20 14:15:00-04:00,2026-07-20 14:30:00-04:00,0.0725992,0.073057,no
KXDOGE15M-26JUL201415,Target Price: $0.0730347,2026-07-20 14:00:00-04:00,2026-07-20 14:15:00-04:00,0.0730573,0.073034,yes
KXDOGE15M-26JUL201400,Target Price: $0.0727913,2026-07-20 13:45:00-04:00,2026-07-20 14:00:00-04:00,0.0730347,0.072791,yes
KXDOGE15M-26JUL201345,Target Price: $0.0728400,2026-07-20 13:30:00-04:00,2026-07-20 13:45:00-04:00,0.0727913,0.07284,no
KXDOGE15M-26JUL201330,Target Price: $0.0730830,2026-07-20 13:15:00-04:00,2026-07-20 13:30:00-04:00,0.0728400,0.073083,no
KXDOGE15M-26JUL201315,Target Price: $0.0731873,2026-07-20 13:00:00-04:00,2026-07-20 13:15:00-04:00,0.0730830,0.073187,no
KXDOGE15M-26JUL201300,Target Price: $0.0730300,2026-07-20 12:45:00-04:00,2026-07-20 13:00:00-04:00,0.0731873,0.07303,yes
KXDOGE15M-26JUL201245,Target Price: $0.0730913,2026-07-20 12:30:00-04:00,2026-07-20 12:45:00-04:00,0.0730300,0.073091,no
KXDOGE15M-26JUL201230,Target Price: $0.0734967,2026-07-20 12:15:00-04:00,2026-07-20 12:30:00-04:00,0.0730913,0.073496,no
KXDOGE15M-26JUL201215,Target Price: $0.0732789,2026-07-20 12:00:00-04:00,2026-07-20 12:15:00-04:00,0.0734967,0.073278,yes
KXDOGE15M-26JUL201200,Target Price: $0.0730254,2026-07-20 11:45:00-04:00,2026-07-20 12:00:00-04:00,0.0732789,0.073025,yes
KXDOGE15M-26JUL201145,Target Price: $0.0729245,2026-07-20 11:30:00-04:00,2026-07-20 11:45:00-04:00,0.0730254,0.072924,yes
KXDOGE15M-26JUL201130,Target Price: $0.0728421,2026-07-20 11:15:00-04:00,2026-07-20 11:30:00-04:00,0.0729245,0.072842,yes
KXDOGE15M-26JUL201115,Target Price: $0.0722593,2026-07-20 11:00:00-04:00,2026-07-20 11:15:00-04:00,0.0728421,0.072259,yes
KXDOGE15M-26JUL201100,Target Price: $0.0723167,2026-07-20 10:45:00-04:00,2026-07-20 11:00:00-04:00,0.0722593,0.072316,no
KXDOGE15M-26JUL201045,Target Price: $0.0722493,2026-07-20 10:30:00-04:00,2026-07-20 10:45:00-04:00,0.0723167,0.072249,yes
KXDOGE15M-26JUL201030,Target Price: $0.0720296,2026-07-20 10:15:00-04:00,2026-07-20 10:30:00-04:00,0.0722493,0.072029,yes
KXDOGE15M-26JUL201015,Target Price: $0.0719674,2026-07-20 10:00:00-04:00,2026-07-20 10:15:00-04:00,0.0720296,0.071967,yes
KXDOGE15M-26JUL201000,Target Price: $0.0725690,2026-07-20 09:45:00-04:00,2026-07-20 10:00:00-04:00,0.0719674,0.072569,no
KXDOGE15M-26JUL200945,Target Price: $0.0723783,2026-07-20 09:30:00-04:00,2026-07-20 09:45:00-04:00,0.0725690,0.072378,yes
KXDOGE15M-26JUL200930,Target Price: $0.0724868,2026-07-20 09:15:00-04:00,2026-07-20 09:30:00-04:00,0.0723783,0.072486,no
KXDOGE15M-26JUL200915,Target Price: $0.0724745,2026-07-20 09:00:00-04:00,2026-07-20 09:15:00-04:00,0.0724868,0.072474,yes
KXDOGE15M-26JUL200900,Target Price: $0.0725262,2026-07-20 08:45:00-04:00,2026-07-20 09:00:00-04:00,0.0724745,0.072526,no
KXDOGE15M-26JUL200845,Target Price: $0.0726223,2026-07-20 08:30:00-04:00,2026-07-20 08:45:00-04:00,0.0725262,0.072622,no
KXDOGE15M-26JUL200830,Target Price: $0.0726025,2026-07-20 08:15:00-04:00,2026-07-20 08:30:00-04:00,0.0726223,0.072602,yes
KXDOGE15M-26JUL200815,Target Price: $0.0728302,2026-07-20 08:00:00-04:00,2026-07-20 08:15:00-04:00,0.0726025,0.07283,no
KXDOGE15M-26JUL200800,Target Price: $0.0726591,2026-07-20 07:45:00-04:00,2026-07-20 08:00:00-04:00,0.0728302,0.072659,yes
KXDOGE15M-26JUL200745,Target Price: $0.0721972,2026-07-20 07:30:00-04:00,2026-07-20 07:45:00-04:00,0.0726591,0.072197,yes
KXDOGE15M-26JUL200730,Target Price: $0.0722531,2026-07-20 07:15:00-04:00,2026-07-20 07:30:00-04:00,0.0721972,0.072253,no
KXDOGE15M-26JUL200715,Target Price: $0.0721284,2026-07-20 07:00:00-04:00,2026-07-20 07:15:00-04:00,0.0722531,0.072128,yes
KXDOGE15M-26JUL200700,Target Price: $0.0722138,2026-07-20 06:45:00-04:00,2026-07-20 07:00:00-04:00,0.0721284,0.072213,no
KXDOGE15M-26JUL200645,Target Price: $0.0722184,2026-07-20 06:30:00-04:00,2026-07-20 06:45:00-04:00,0.0722138,0.072218,no
KXDOGE15M-26JUL200630,Target Price: $0.0720153,2026-07-20 06:15:00-04:00,2026-07-20 06:30:00-04:00,0.0722184,0.072015,yes
KXDOGE15M-26JUL200615,Target Price: $0.0720041,2026-07-20 06:00:00-04:00,2026-07-20 06:15:00-04:00,0.0720153,0.072004,yes
KXDOGE15M-26JUL200600,Target Price: $0.0719431,2026-07-20 05:45:00-04:00,2026-07-20 06:00:00-04:00,0.0720041,0.071943,yes
KXDOGE15M-26JUL200545,Target Price: $0.0719133,2026-07-20 05:30:00-04:00,2026-07-20 05:45:00-04:00,0.0719431,0.071913,yes
KXDOGE15M-26JUL200530,Target Price: $0.0718329,2026-07-20 05:15:00-04:00,2026-07-20 05:30:00-04:00,0.0719133,0.071832,yes
KXDOGE15M-26JUL200515,Target Price: $0.0717238,2026-07-20 05:00:00-04:00,2026-07-20 05:15:00-04:00,0.0718329,0.071723,yes
KXDOGE15M-26JUL200500,Target Price: $0.0715934,2026-07-20 04:45:00-04:00,2026-07-20 05:00:00-04:00,0.0717238,0.071593,yes
KXDOGE15M-26JUL200445,Target Price: $0.0717529,2026-07-20 04:30:00-04:00,2026-07-20 04:45:00-04:00,0.0715934,0.071752,no
KXDOGE15M-26JUL200430,Target Price: $0.0718097,2026-07-20 04:15:00-04:00,2026-07-20 04:30:00-04:00,0.0717529,0.071809,no
KXDOGE15M-26JUL200415,Target Price: $0.0717920,2026-07-20 04:00:00-04:00,2026-07-20 04:15:00-04:00,0.0718097,0.071792,yes
KXDOGE15M-26JUL200400,Target Price: $0.0717288,2026-07-20 03:45:00-04:00,2026-07-20 04:00:00-04:00,0.0717920,0.071728,yes
KXDOGE15M-26JUL200345,Target Price: $0.0716781,2026-07-20 03:30:00-04:00,2026-07-20 03:45:00-04:00,0.0717288,0.071678,yes
KXDOGE15M-26JUL200330,Target Price: $0.0714745,2026-07-20 03:15:00-04:00,2026-07-20 03:30:00-04:00,0.0716781,0.071474,yes
KXDOGE15M-26JUL200315,Target Price: $0.0712744,2026-07-20 03:00:00-04:00,2026-07-20 03:15:00-04:00,0.0714745,0.071274,yes
KXDOGE15M-26JUL200300,Target Price: $0.0713206,2026-07-20 02:45:00-04:00,2026-07-20 03:00:00-04:00,0.0712744,0.07132,no
KXDOGE15M-26JUL200245,Target Price: $0.0717195,2026-07-20 02:30:00-04:00,2026-07-20 02:45:00-04:00,0.0713206,0.071719,no
KXDOGE15M-26JUL200230,Target Price: $0.0716789,2026-07-20 02:15:00-04:00,2026-07-20 02:30:00-04:00,0.0717195,0.071678,yes
KXDOGE15M-26JUL200215,Target Price: $0.0716684,2026-07-20 02:00:00-04:00,2026-07-20 02:15:00-04:00,0.0716789,0.071668,yes
KXDOGE15M-26JUL200200,Target Price: $0.0718406,2026-07-20 01:45:00-04:00,2026-07-20 02:00:00-04:00,0.0716684,0.07184,no
KXDOGE15M-26JUL200145,Target Price: $0.0718358,2026-07-20 01:30:00-04:00,2026-07-20 01:45:00-04:00,0.0718406,0.071835,yes
KXDOGE15M-26JUL200130,Target Price: $0.0718328,2026-07-20 01:15:00-04:00,2026-07-20 01:30:00-04:00,0.0718358,0.071832,yes
KXDOGE15M-26JUL200115,Target Price: $0.0722929,2026-07-20 01:00:00-04:00,2026-07-20 01:15:00-04:00,0.0718328,0.072292,no
KXDOGE15M-26JUL200100,Target Price: $0.0725895,2026-07-20 00:45:00-04:00,2026-07-20 01:00:00-04:00,0.0722929,0.072589,no
KXDOGE15M-26JUL200045,Target Price: $0.0724498,2026-07-20 00:30:00-04:00,2026-07-20 00:45:00-04:00,0.0725895,0.072449,yes
KXDOGE15M-26JUL200030,Target Price: $0.0724375,2026-07-20 00:15:00-04:00,2026-07-20 00:30:00-04:00,0.0724498,0.072437,yes
KXDOGE15M-26JUL200015,Target Price: $0.0726179,2026-07-20 00:00:00-04:00,2026-07-20 00:15:00-04:00,0.0724375,0.072617,no
KXDOGE15M-26JUL200000,Target Price: $0.0727110,2026-07-19 23:45:00-04:00,2026-07-20 00:00:00-04:00,0.0726179,0.072711,no
KXDOGE15M-26JUL192345,Target Price: $0.0725469,2026-07-19 23:30:00-04:00,2026-07-19 23:45:00-04:00,0.0727110,0.072546,yes
KXDOGE15M-26JUL192330,Target Price: $0.0727975,2026-07-19 23:15:00-04:00,2026-07-19 23:30:00-04:00,0.0725469,0.072797,no
KXDOGE15M-26JUL192315,Target Price: $0.0726468,2026-07-19 23:00:00-04:00,2026-07-19 23:15:00-04:00,0.0727975,0.072646,yes
KXDOGE15M-26JUL192300,Target Price: $0.0725510,2026-07-19 22:45:00-04:00,2026-07-19 23:00:00-04:00,0.0726468,0.072551,yes
KXDOGE15M-26JUL192245,Target Price: $0.0723875,2026-07-19 22:30:00-04:00,2026-07-19 22:45:00-04:00,0.0725510,0.072387,yes
KXDOGE15M-26JUL192230,Target Price: $0.0725473,2026-07-19 22:15:00-04:00,2026-07-19 22:30:00-04:00,0.0723875,0.072547,no
KXDOGE15M-26JUL192215,Target Price: $0.0722803,2026-07-19 22:00:00-04:00,2026-07-19 22:15:00-04:00,0.0725473,0.07228,yes
KXDOGE15M-26JUL192200,Target Price: $0.0725366,2026-07-19 21:45:00-04:00,2026-07-19 22:00:00-04:00,0.0722803,0.072536,no
KXDOGE15M-26JUL192145,Target Price: $0.0727981,2026-07-19 21:30:00-04:00,2026-07-19 21:45:00-04:00,0.0725366,0.072798,no
KXDOGE15M-26JUL192130,Target Price: $0.0727937,2026-07-19 21:15:00-04:00,2026-07-19 21:30:00-04:00,0.0727981,0.072793,yes
KXDOGE15M-26JUL192115,Target Price: $0.0724255,2026-07-19 21:00:00-04:00,2026-07-19 21:15:00-04:00,0.0727937,0.072425,yes
KXDOGE15M-26JUL192100,Target Price: $0.0727368,2026-07-19 20:45:00-04:00,2026-07-19 21:00:00-04:00,0.0724255,0.072736,no
KXDOGE15M-26JUL192045,Target Price: $0.0727588,2026-07-19 20:30:00-04:00,2026-07-19 20:45:00-04:00,0.0727368,0.072758,no
KXDOGE15M-26JUL192030,Target Price: $0.0728955,2026-07-19 20:15:00-04:00,2026-07-19 20:30:00-04:00,0.0727588,0.072895,no
KXDOGE15M-26JUL192015,Target Price: $0.0723870,2026-07-19 20:00:00-04:00,2026-07-19 20:15:00-04:00,0.0728955,0.072387,yes
KXDOGE15M-26JUL192000,Target Price: $0.0722968,2026-07-19 19:45:00-04:00,2026-07-19 20:00:00-04:00,0.0723870,0.072296,yes
KXDOGE15M-26JUL191945,Target Price: $0.0721892,2026-07-19 19:30:00-04:00,2026-07-19 19:45:00-04:00,0.0722968,0.072189,yes
KXDOGE15M-26JUL191930,Target Price: $0.0721674,2026-07-19 19:15:00-04:00,2026-07-19 19:30:00-04:00,0.0721892,0.072167,yes
KXDOGE15M-26JUL191915,Target Price: $0.0722680,2026-07-19 19:00:00-04:00,2026-07-19 19:15:00-04:00,0.0721674,0.072268,no
KXDOGE15M-26JUL191900,Target Price: $0.0724398,2026-07-19 18:45:00-04:00,2026-07-19 19:00:00-04:00,0.0722680,0.072439,no
KXDOGE15M-26JUL191845,Target Price: $0.0723519,2026-07-19 18:30:00-04:00,2026-07-19 18:45:00-04:00,0.0724398,0.072351,yes
KXDOGE15M-26JUL191830,Target Price: $0.0722601,2026-07-19 18:15:00-04:00,2026-07-19 18:30:00-04:00,0.0723519,0.07226,yes
KXDOGE15M-26JUL191815,Target Price: $0.0719477,2026-07-19 18:00:00-04:00,2026-07-19 18:15:00-04:00,0.0722601,0.071947,yes
KXDOGE15M-26JUL191800,Target Price: $0.0719783,2026-07-19 17:45:00-04:00,2026-07-19 18:00:00-04:00,0.0719477,0.071978,no
KXDOGE15M-26JUL191745,Target Price: $0.0721721,2026-07-19 17:30:00-04:00,2026-07-19 17:45:00-04:00,0.0719783,0.072172,no
KXDOGE15M-26JUL191730,Target Price: $0.0722368,2026-07-19 17:15:00-04:00,2026-07-19 17:30:00-04:00,0.0721721,0.072236,no
KXDOGE15M-26JUL191715,Target Price: $0.0723501,2026-07-19 17:00:00-04:00,2026-07-19 17:15:00-04:00,0.0722368,0.07235,no
KXDOGE15M-26JUL191700,Target Price: $0.0722761,2026-07-19 16:45:00-04:00,2026-07-19 17:00:00-04:00,0.0723501,0.072276,yes
KXDOGE15M-26JUL191645,Target Price: $0.0722546,2026-07-19 16:30:00-04:00,2026-07-19 16:45:00-04:00,0.0722761,0.072254,yes
KXDOGE15M-26JUL191630,Target Price: $0.0722818,2026-07-19 16:15:00-04:00,2026-07-19 16:30:00-04:00,0.0722546,0.072281,no
KXDOGE15M-26JUL191615,Target Price: $0.0722269,2026-07-19 16:00:00-04:00,2026-07-19 16:15:00-04:00,0.0722818,0.072226,yes
KXDOGE15M-26JUL191600,Target Price: $0.0721677,2026-07-19 15:45:00-04:00,2026-07-19 16:00:00-04:00,0.0722269,0.072167,yes
KXDOGE15M-26JUL191545,Target Price: $0.0721373,2026-07-19 15:30:00-04:00,2026-07-19 15:45:00-04:00,0.0721677,0.072137,yes
KXDOGE15M-26JUL191530,Target Price: $0.0720879,2026-07-19 15:15:00-04:00,2026-07-19 15:30:00-04:00,0.0721373,0.072087,yes
KXDOGE15M-26JUL191515,Target Price: $0.0719942,2026-07-19 15:00:00-04:00,2026-07-19 15:15:00-04:00,0.0720879,0.071994,yes
KXDOGE15M-26JUL191500,Target Price: $0.0719417,2026-07-19 14:45:00-04:00,2026-07-19 15:00:00-04:00,0.0719942,0.071941,yes
KXDOGE15M-26JUL191445,Target Price: $0.0719041,2026-07-19 14:30:00-04:00,2026-07-19 14:45:00-04:00,0.0719417,0.071904,yes
KXDOGE15M-26JUL191430,Target Price: $0.0720740,2026-07-19 14:15:00-04:00,2026-07-19 14:30:00-04:00,0.0719041,0.072074,no
KXDOGE15M-26JUL191415,Target Price: $0.0722209,2026-07-19 14:00:00-04:00,2026-07-19 14:15:00-04:00,0.0720740,0.07222,no
KXDOGE15M-26JUL191400,Target Price: $0.0722889,2026-07-19 13:45:00-04:00,2026-07-19 14:00:00-04:00,0.0722209,0.072288,no
KXDOGE15M-26JUL191345,Target Price: $0.0722949,2026-07-19 13:30:00-04:00,2026-07-19 13:45:00-04:00,0.0722889,0.072294,no
KXDOGE15M-26JUL191330,Target Price: $0.0723353,2026-07-19 13:15:00-04:00,2026-07-19 13:30:00-04:00,0.0722949,0.072335,no
KXDOGE15M-26JUL191315,Target Price: $0.0722679,2026-07-19 13:00:00-04:00,2026-07-19 13:15:00-04:00,0.0723353,0.072267,yes
KXDOGE15M-26JUL191300,Target Price: $0.0723475,2026-07-19 12:45:00-04:00,2026-07-19 13:00:00-04:00,0.0722679,0.072347,no
KXDOGE15M-26JUL191245,Target Price: $0.0723678,2026-07-19 12:30:00-04:00,2026-07-19 12:45:00-04:00,0.0723475,0.072367,no
KXDOGE15M-26JUL191230,Target Price: $0.0723307,2026-07-19 12:15:00-04:00,2026-07-19 12:30:00-04:00,0.0723678,0.07233,yes
KXDOGE15M-26JUL191215,Target Price: $0.0724250,2026-07-19 12:00:00-04:00,2026-07-19 12:15:00-04:00,0.0723307,0.072425,no
KXDOGE15M-26JUL191200,Target Price: $0.0724465,2026-07-19 11:45:00-04:00,2026-07-19 12:00:00-04:00,0.0724250,0.072446,no
KXDOGE15M-26JUL191145,Target Price: $0.0723544,2026-07-19 11:30:00-04:00,2026-07-19 11:45:00-04:00,0.0724465,0.072354,yes
KXDOGE15M-26JUL191130,Target Price: $0.0725150,2026-07-19 11:15:00-04:00,2026-07-19 11:30:00-04:00,0.0723544,0.072515,no
KXDOGE15M-26JUL191115,Target Price: $0.0725837,2026-07-19 11:00:00-04:00,2026-07-19 11:15:00-04:00,0.0725150,0.072583,no
KXDOGE15M-26JUL191100,Target Price: $0.0725395,2026-07-19 10:45:00-04:00,2026-07-19 11:00:00-04:00,0.0725837,0.072539,yes
KXDOGE15M-26JUL191045,Target Price: $0.0723915,2026-07-19 10:30:00-04:00,2026-07-19 10:45:00-04:00,0.0725395,0.072391,yes
KXDOGE15M-26JUL191030,Target Price: $0.0724779,2026-07-19 10:15:00-04:00,2026-07-19 10:30:00-04:00,0.0723915,0.072477,no
KXDOGE15M-26JUL191015,Target Price: $0.0723850,2026-07-19 10:00:00-04:00,2026-07-19 10:15:00-04:00,0.0724779,0.072385,yes
KXDOGE15M-26JUL191000,Target Price: $0.0723712,2026-07-19 09:45:00-04:00,2026-07-19 10:00:00-04:00,0.0723850,0.072371,yes
KXDOGE15M-26JUL190945,Target Price: $0.0722915,2026-07-19 09:30:00-04:00,2026-07-19 09:45:00-04:00,0.0723712,0.072291,yes
KXDOGE15M-26JUL190930,Target Price: $0.0722869,2026-07-19 09:15:00-04:00,2026-07-19 09:30:00-04:00,0.0722915,0.072286,yes
KXDOGE15M-26JUL190915,Target Price: $0.0723866,2026-07-19 09:00:00-04:00,2026-07-19 09:15:00-04:00,0.0722869,0.072386,no
KXDOGE15M-26JUL190900,Target Price: $0.0724081,2026-07-19 08:45:00-04:00,2026-07-19 09:00:00-04:00,0.0723866,0.072408,no
KXDOGE15M-26JUL190845,Target Price: $0.0723594,2026-07-19 08:30:00-04:00,2026-07-19 08:45:00-04:00,0.0724081,0.072359,yes
KXDOGE15M-26JUL190830,Target Price: $0.0722833,2026-07-19 08:15:00-04:00,2026-07-19 08:30:00-04:00,0.0723594,0.072283,yes
KXDOGE15M-26JUL190815,Target Price: $0.0724620,2026-07-19 08:00:00-04:00,2026-07-19 08:15:00-04:00,0.0722833,0.072462,no
KXDOGE15M-26JUL190800,Target Price: $0.0725630,2026-07-19 07:45:00-04:00,2026-07-19 08:00:00-04:00,0.0724620,0.072563,no
KXDOGE15M-26JUL190745,Target Price: $0.0725966,2026-07-19 07:30:00-04:00,2026-07-19 07:45:00-04:00,0.0725630,0.072596,no
KXDOGE15M-26JUL190730,Target Price: $0.0725410,2026-07-19 07:15:00-04:00,2026-07-19 07:30:00-04:00,0.0725966,0.072541,yes
KXDOGE15M-26JUL190715,Target Price: $0.0725773,2026-07-19 07:00:00-04:00,2026-07-19 07:15:00-04:00,0.0725410,0.072577,no
KXDOGE15M-26JUL190700,Target Price: $0.0725065,2026-07-19 06:45:00-04:00,2026-07-19 07:00:00-04:00,0.0725773,0.072506,yes
KXDOGE15M-26JUL190645,Target Price: $0.0725840,2026-07-19 06:30:00-04:00,2026-07-19 06:45:00-04:00,0.0725065,0.072584,no
KXDOGE15M-26JUL190630,Target Price: $0.0724652,2026-07-19 06:15:00-04:00,2026-07-19 06:30:00-04:00,0.0725840,0.072465,yes
KXDOGE15M-26JUL190615,Target Price: $0.0724714,2026-07-19 06:00:00-04:00,2026-07-19 06:15:00-04:00,0.0724652,0.072471,no
KXDOGE15M-26JUL190600,Target Price: $0.0724076,2026-07-19 05:45:00-04:00,2026-07-19 06:00:00-04:00,0.0724714,0.072407,yes
KXDOGE15M-26JUL190545,Target Price: $0.0725186,2026-07-19 05:30:00-04:00,2026-07-19 05:45:00-04:00,0.0724076,0.072518,no
KXDOGE15M-26JUL190530,Target Price: $0.0726280,2026-07-19 05:15:00-04:00,2026-07-19 05:30:00-04:00,0.0725186,0.072628,no
KXDOGE15M-26JUL190515,Target Price: $0.0726080,2026-07-19 05:00:00-04:00,2026-07-19 05:15:00-04:00,0.0726280,0.072608,yes
KXDOGE15M-26JUL190500,Target Price: $0.0725832,2026-07-19 04:45:00-04:00,2026-07-19 05:00:00-04:00,0.0726080,0.072583,yes
KXDOGE15M-26JUL190445,Target Price: $0.0725382,2026-07-19 04:30:00-04:00,2026-07-19 04:45:00-04:00,0.0725832,0.072538,yes
KXDOGE15M-26JUL190430,Target Price: $0.0726101,2026-07-19 04:15:00-04:00,2026-07-19 04:30:00-04:00,0.0725382,0.07261,no
KXDOGE15M-26JUL190415,Target Price: $0.0723938,2026-07-19 04:00:00-04:00,2026-07-19 04:15:00-04:00,0.0726101,0.072393,yes
KXDOGE15M-26JUL190400,Target Price: $0.0725424,2026-07-19 03:45:00-04:00,2026-07-19 04:00:00-04:00,0.0723938,0.072542,no
KXDOGE15M-26JUL190345,Target Price: $0.0724855,2026-07-19 03:30:00-04:00,2026-07-19 03:45:00-04:00,0.0725424,0.072485,yes
KXDOGE15M-26JUL190330,Target Price: $0.0723830,2026-07-19 03:15:00-04:00,2026-07-19 03:30:00-04:00,0.0724855,0.072383,yes
KXDOGE15M-26JUL190315,Target Price: $0.0724457,2026-07-19 03:00:00-04:00,2026-07-19 03:15:00-04:00,0.0723830,0.072445,no
KXDOGE15M-26JUL190300,Target Price: $0.0724390,2026-07-19 02:45:00-04:00,2026-07-19 03:00:00-04:00,0.0724457,0.072439,yes
KXDOGE15M-26JUL190245,Target Price: $0.0724053,2026-07-19 02:30:00-04:00,2026-07-19 02:45:00-04:00,0.0724390,0.072405,yes
KXDOGE15M-26JUL190230,Target Price: $0.0723663,2026-07-19 02:15:00-04:00,2026-07-19 02:30:00-04:00,0.0724053,0.072366,yes
KXDOGE15M-26JUL190215,Target Price: $0.0723103,2026-07-19 02:00:00-04:00,2026-07-19 02:15:00-04:00,0.0723663,0.07231,yes
KXDOGE15M-26JUL190200,Target Price: $0.0723055,2026-07-19 01:45:00-04:00,2026-07-19 02:00:00-04:00,0.0723103,0.072305,yes
KXDOGE15M-26JUL190145,Target Price: $0.0723547,2026-07-19 01:30:00-04:00,2026-07-19 01:45:00-04:00,0.0723055,0.072354,no
KXDOGE15M-26JUL190130,Target Price: $0.0724322,2026-07-19 01:15:00-04:00,2026-07-19 01:30:00-04:00,0.0723547,0.072432,no
KXDOGE15M-26JUL190115,Target Price: $0.0723109,2026-07-19 01:00:00-04:00,2026-07-19 01:15:00-04:00,0.0724322,0.07231,yes
KXDOGE15M-26JUL190100,Target Price: $0.0723676,2026-07-19 00:45:00-04:00,2026-07-19 01:00:00-04:00,0.0723109,0.072367,no
KXDOGE15M-26JUL190045,Target Price: $0.0722927,2026-07-19 00:30:00-04:00,2026-07-19 00:45:00-04:00,0.0723676,0.072292,yes
KXDOGE15M-26JUL190030,Target Price: $0.0722525,2026-07-19 00:15:00-04:00,2026-07-19 00:30:00-04:00,0.0722927,0.072252,yes
KXDOGE15M-26JUL190015,Target Price: $0.0723775,2026-07-19 00:00:00-04:00,2026-07-19 00:15:00-04:00,0.0722525,0.072377,no
KXDOGE15M-26JUL190000,Target Price: $0.0724128,2026-07-18 23:45:00-04:00,2026-07-19 00:00:00-04:00,0.0723775,0.072412,no
KXDOGE15M-26JUL182345,Target Price: $0.0723478,2026-07-18 23:30:00-04:00,2026-07-18 23:45:00-04:00,0.0724128,0.072347,yes
KXDOGE15M-26JUL182330,Target Price: $0.0724764,2026-07-18 23:15:00-04:00,2026-07-18 23:30:00-04:00,0.0723478,0.072476,no
KXDOGE15M-26JUL182315,Target Price: $0.0725913,2026-07-18 23:00:00-04:00,2026-07-18 23:15:00-04:00,0.0724764,0.072591,no
KXDOGE15M-26JUL182300,Target Price: $0.0726449,2026-07-18 22:45:00-04:00,2026-07-18 23:00:00-04:00,0.0725913,0.072644,no
KXDOGE15M-26JUL182245,Target Price: $0.0725510,2026-07-18 22:30:00-04:00,2026-07-18 22:45:00-04:00,0.0726449,0.072551,yes
KXDOGE15M-26JUL182230,Target Price: $0.0726620,2026-07-18 22:15:00-04:00,2026-07-18 22:30:00-04:00,0.0725510,0.072662,no
KXDOGE15M-26JUL182215,Target Price: $0.0723790,2026-07-18 22:00:00-04:00,2026-07-18 22:15:00-04:00,0.0726620,0.072379,yes
KXDOGE15M-26JUL182200,Target Price: $0.0724166,2026-07-18 21:45:00-04:00,2026-07-18 22:00:00-04:00,0.0723790,0.072416,no
KXDOGE15M-26JUL182145,Target Price: $0.0725055,2026-07-18 21:30:00-04:00,2026-07-18 21:45:00-04:00,0.0724166,0.072505,no
KXDOGE15M-26JUL182130,Target Price: $0.0724458,2026-07-18 21:15:00-04:00,2026-07-18 21:30:00-04:00,0.0725055,0.072445,yes
KXDOGE15M-26JUL182115,Target Price: $0.0724762,2026-07-18 21:00:00-04:00,2026-07-18 21:15:00-04:00,0.0724458,0.072476,no
KXDOGE15M-26JUL182100,Target Price: $0.0724279,2026-07-18 20:45:00-04:00,2026-07-18 21:00:00-04:00,0.0724762,0.072427,yes
KXDOGE15M-26JUL182045,Target Price: $0.0723856,2026-07-18 20:30:00-04:00,2026-07-18 20:45:00-04:00,0.0724279,0.072385,yes
KXDOGE15M-26JUL182030,Target Price: $0.0724818,2026-07-18 20:15:00-04:00,2026-07-18 20:30:00-04:00,0.0723856,0.072481,no
KXDOGE15M-26JUL182015,Target Price: $0.0724918,2026-07-18 20:00:00-04:00,2026-07-18 20:15:00-04:00,0.0724818,0.072491,no
KXDOGE15M-26JUL182000,Target Price: $0.0724842,2026-07-18 19:45:00-04:00,2026-07-18 20:00:00-04:00,0.0724918,0.072484,yes
KXDOGE15M-26JUL181945,Target Price: $0.0725041,2026-07-18 19:30:00-04:00,2026-07-18 19:45:00-04:00,0.0724842,0.072504,no
KXDOGE15M-26JUL181930,Target Price: $0.0723817,2026-07-18 19:15:00-04:00,2026-07-18 19:30:00-04:00,0.0725041,0.072381,yes
KXDOGE15M-26JUL181915,Target Price: $0.0724615,2026-07-18 19:00:00-04:00,2026-07-18 19:15:00-04:00,0.0723817,0.072461,no
KXDOGE15M-26JUL181900,Target Price: $0.0724517,2026-07-18 18:45:00-04:00,2026-07-18 19:00:00-04:00,0.0724615,0.072451,yes
KXDOGE15M-26JUL181845,Target Price: $0.0723559,2026-07-18 18:30:00-04:00,2026-07-18 18:45:00-04:00,0.0724517,0.072355,yes
KXDOGE15M-26JUL181830,Target Price: $0.0724256,2026-07-18 18:15:00-04:00,2026-07-18 18:30:00-04:00,0.0723559,0.072425,no
KXDOGE15M-26JUL181815,Target Price: $0.0723574,2026-07-18 18:00:00-04:00,2026-07-18 18:15:00-04:00,0.0724256,0.072357,yes
KXDOGE15M-26JUL181800,Target Price: $0.0722778,2026-07-18 17:45:00-04:00,2026-07-18 18:00:00-04:00,0.0723574,0.072277,yes
KXDOGE15M-26JUL181745,Target Price: $0.0723718,2026-07-18 17:30:00-04:00,2026-07-18 17:45:00-04:00,0.0722778,0.072371,no
KXDOGE15M-26JUL181730,Target Price: $0.0724438,2026-07-18 17:15:00-04:00,2026-07-18 17:30:00-04:00,0.0723718,0.072443,no
KXDOGE15M-26JUL181715,Target Price: $0.0723828,2026-07-18 17:00:00-04:00,2026-07-18 17:15:00-04:00,0.0724438,0.072382,yes
KXDOGE15M-26JUL181700,Target Price: $0.0723472,2026-07-18 16:45:00-04:00,2026-07-18 17:00:00-04:00,0.0723828,0.072347,yes
KXDOGE15M-26JUL181645,Target Price: $0.0723994,2026-07-18 16:30:00-04:00,2026-07-18 16:45:00-04:00,0.0723472,0.072399,no
KXDOGE15M-26JUL181630,Target Price: $0.0723929,2026-07-18 16:15:00-04:00,2026-07-18 16:30:00-04:00,0.0723994,0.072392,yes
KXDOGE15M-26JUL181615,Target Price: $0.0723466,2026-07-18 16:00:00-04:00,2026-07-18 16:15:00-04:00,0.0723929,0.072346,yes
KXDOGE15M-26JUL181600,Target Price: $0.0723100,2026-07-18 15:45:00-04:00,2026-07-18 16:00:00-04:00,0.0723466,0.07231,yes
KXDOGE15M-26JUL181545,Target Price: $0.0722982,2026-07-18 15:30:00-04:00,2026-07-18 15:45:00-04:00,0.0723100,0.072298,yes
KXDOGE15M-26JUL181530,Target Price: $0.0723307,2026-07-18 15:15:00-04:00,2026-07-18 15:30:00-04:00,0.0722982,0.07233,no
KXDOGE15M-26JUL181515,Target Price: $0.0723049,2026-07-18 15:00:00-04:00,2026-07-18 15:15:00-04:00,0.0723307,0.072304,yes
KXDOGE15M-26JUL181500,Target Price: $0.0722718,2026-07-18 14:45:00-04:00,2026-07-18 15:00:00-04:00,0.0723049,0.072271,yes
KXDOGE15M-26JUL181445,Target Price: $0.0724307,2026-07-18 14:30:00-04:00,2026-07-18 14:45:00-04:00,0.0722718,0.07243,no
KXDOGE15M-26JUL181430,Target Price: $0.0722769,2026-07-18 14:15:00-04:00,2026-07-18 14:30:00-04:00,0.0724307,0.072276,yes
KXDOGE15M-26JUL181415,Target Price: $0.0723725,2026-07-18 14:00:00-04:00,2026-07-18 14:15:00-04:00,0.0722769,0.072372,no
KXDOGE15M-26JUL181400,Target Price: $0.0723281,2026-07-18 13:45:00-04:00,2026-07-18 14:00:00-04:00,0.0723725,0.072328,yes
KXDOGE15M-26JUL181345,Target Price: $0.0721457,2026-07-18 13:30:00-04:00,2026-07-18 13:45:00-04:00,0.0723281,0.072145,yes
KXDOGE15M-26JUL181330,Target Price: $0.0722322,2026-07-18 13:15:00-04:00,2026-07-18 13:30:00-04:00,0.0721457,0.072232,no
KXDOGE15M-26JUL181315,Target Price: $0.0722867,2026-07-18 13:00:00-04:00,2026-07-18 13:15:00-04:00,0.0722322,0.072286,no
KXDOGE15M-26JUL181300,Target Price: $0.0721263,2026-07-18 12:45:00-04:00,2026-07-18 13:00:00-04:00,0.0722867,0.072126,yes
KXDOGE15M-26JUL181245,Target Price: $0.0720937,2026-07-18 12:30:00-04:00,2026-07-18 12:45:00-04:00,0.0721263,0.072093,yes
KXDOGE15M-26JUL181230,Target Price: $0.0721540,2026-07-18 12:15:00-04:00,2026-07-18 12:30:00-04:00,0.0720937,0.072154,no
KXDOGE15M-26JUL181215,Target Price: $0.0721666,2026-07-18 12:00:00-04:00,2026-07-18 12:15:00-04:00,0.0721540,0.072166,no
KXDOGE15M-26JUL181200,Target Price: $0.0721312,2026-07-18 11:45:00-04:00,2026-07-18 12:00:00-04:00,0.0721666,0.072131,yes
KXDOGE15M-26JUL181145,Target Price: $0.0721707,2026-07-18 11:30:00-04:00,2026-07-18 11:45:00-04:00,0.0721312,0.07217,no
KXDOGE15M-26JUL181130,Target Price: $0.0722186,2026-07-18 11:15:00-04:00,2026-07-18 11:30:00-04:00,0.0721707,0.072218,no
KXDOGE15M-26JUL181115,Target Price: $0.0722371,2026-07-18 11:00:00-04:00,2026-07-18 11:15:00-04:00,0.0722186,0.072237,no
KXDOGE15M-26JUL181100,Target Price: $0.0722297,2026-07-18 10:45:00-04:00,2026-07-18 11:00:00-04:00,0.0722371,0.072229,yes
KXDOGE15M-26JUL181045,Target Price: $0.0722786,2026-07-18 10:30:00-04:00,2026-07-18 10:45:00-04:00,0.0722297,0.072278,no
KXDOGE15M-26JUL181030,Target Price: $0.0722159,2026-07-18 10:15:00-04:00,2026-07-18 10:30:00-04:00,0.0722786,0.072215,yes
KXDOGE15M-26JUL181015,Target Price: $0.0721105,2026-07-18 10:00:00-04:00,2026-07-18 10:15:00-04:00,0.0722159,0.07211,yes
KXDOGE15M-26JUL181000,Target Price: $0.0721189,2026-07-18 09:45:00-04:00,2026-07-18 10:00:00-04:00,0.0721105,0.072118,no
KXDOGE15M-26JUL180945,Target Price: $0.0720845,2026-07-18 09:30:00-04:00,2026-07-18 09:45:00-04:00,0.0721189,0.072084,yes
KXDOGE15M-26JUL180930,Target Price: $0.0720910,2026-07-18 09:15:00-04:00,2026-07-18 09:30:00-04:00,0.0720845,0.072091,no
KXDOGE15M-26JUL180915,Target Price: $0.0723402,2026-07-18 09:00:00-04:00,2026-07-18 09:15:00-04:00,0.0720910,0.07234,no
KXDOGE15M-26JUL180900,Target Price: $0.0722998,2026-07-18 08:45:00-04:00,2026-07-18 09:00:00-04:00,0.0723402,0.072299,yes
KXDOGE15M-26JUL180845,Target Price: $0.0720609,2026-07-18 08:30:00-04:00,2026-07-18 08:45:00-04:00,0.0722998,0.07206,yes
KXDOGE15M-26JUL180830,Target Price: $0.0723022,2026-07-18 08:15:00-04:00,2026-07-18 08:30:00-04:00,0.0720609,0.072302,no
KXDOGE15M-26JUL180815,Target Price: $0.0722239,2026-07-18 08:00:00-04:00,2026-07-18 08:15:00-04:00,0.0723022,0.072223,yes
KXDOGE15M-26JUL180800,Target Price: $0.0721799,2026-07-18 07:45:00-04:00,2026-07-18 08:00:00-04:00,0.0722239,0.072179,yes
KXDOGE15M-26JUL180745,Target Price: $0.0722291,2026-07-18 07:30:00-04:00,2026-07-18 07:45:00-04:00,0.0721799,0.072229,no
KXDOGE15M-26JUL180730,Target Price: $0.0721906,2026-07-18 07:15:00-04:00,2026-07-18 07:30:00-04:00,0.0722291,0.07219,yes
KXDOGE15M-26JUL180715,Target Price: $0.0721742,2026-07-18 07:00:00-04:00,2026-07-18 07:15:00-04:00,0.0721906,0.072174,yes
KXDOGE15M-26JUL180700,Target Price: $0.0721564,2026-07-18 06:45:00-04:00,2026-07-18 07:00:00-04:00,0.0721742,0.072156,yes
KXDOGE15M-26JUL180645,Target Price: $0.0722564,2026-07-18 06:30:00-04:00,2026-07-18 06:45:00-04:00,0.0721564,0.072256,no
KXDOGE15M-26JUL180630,Target Price: $0.0721257,2026-07-18 06:15:00-04:00,2026-07-18 06:30:00-04:00,0.0722564,0.072125,yes
KXDOGE15M-26JUL180615,Target Price: $0.0721400,2026-07-18 06:00:00-04:00,2026-07-18 06:15:00-04:00,0.0721257,0.07214,no
KXDOGE15M-26JUL180600,Target Price: $0.0720333,2026-07-18 05:45:00-04:00,2026-07-18 06:00:00-04:00,0.0721400,0.072033,yes
KXDOGE15M-26JUL180545,Target Price: $0.0719996,2026-07-18 05:30:00-04:00,2026-07-18 05:45:00-04:00,0.0720333,0.071999,yes
KXDOGE15M-26JUL180530,Target Price: $0.0721424,2026-07-18 05:15:00-04:00,2026-07-18 05:30:00-04:00,0.0719996,0.072142,no
KXDOGE15M-26JUL180515,Target Price: $0.0722053,2026-07-18 05:00:00-04:00,2026-07-18 05:15:00-04:00,0.0721424,0.072205,no
KXDOGE15M-26JUL180500,Target Price: $0.0722181,2026-07-18 04:45:00-04:00,2026-07-18 05:00:00-04:00,0.0722053,0.072218,no
KXDOGE15M-26JUL180445,Target Price: $0.0723582,2026-07-18 04:30:00-04:00,2026-07-18 04:45:00-04:00,0.0722181,0.072358,no
KXDOGE15M-26JUL180430,Target Price: $0.0722476,2026-07-18 04:15:00-04:00,2026-07-18 04:30:00-04:00,0.0723582,0.072247,yes
KXDOGE15M-26JUL180415,Target Price: $0.0722623,2026-07-18 04:00:00-04:00,2026-07-18 04:15:00-04:00,0.0722476,0.072262,no
KXDOGE15M-26JUL180400,Target Price: $0.0722847,2026-07-18 03:45:00-04:00,2026-07-18 04:00:00-04:00,0.0722623,0.072284,no
KXDOGE15M-26JUL180345,Target Price: $0.0722825,2026-07-18 03:30:00-04:00,2026-07-18 03:45:00-04:00,0.0722847,0.072282,yes
KXDOGE15M-26JUL180330,Target Price: $0.0722840,2026-07-18 03:15:00-04:00,2026-07-18 03:30:00-04:00,0.0722825,0.072284,no
KXDOGE15M-26JUL180315,Target Price: $0.0723176,2026-07-18 03:00:00-04:00,2026-07-18 03:15:00-04:00,0.0722840,0.072317,no
KXDOGE15M-26JUL180300,Target Price: $0.0723479,2026-07-18 02:45:00-04:00,2026-07-18 03:00:00-04:00,0.0723176,0.072347,no
KXDOGE15M-26JUL180245,Target Price: $0.0723337,2026-07-18 02:30:00-04:00,2026-07-18 02:45:00-04:00,0.0723479,0.072333,yes
KXDOGE15M-26JUL180230,Target Price: $0.0721954,2026-07-18 02:15:00-04:00,2026-07-18 02:30:00-04:00,0.0723337,0.072195,yes
KXDOGE15M-26JUL180215,Target Price: $0.0721886,2026-07-18 02:00:00-04:00,2026-07-18 02:15:00-04:00,0.0721954,0.072188,yes
KXDOGE15M-26JUL180200,Target Price: $0.0723854,2026-07-18 01:45:00-04:00,2026-07-18 02:00:00-04:00,0.0721886,0.072385,no
KXDOGE15M-26JUL180145,Target Price: $0.0723882,2026-07-18 01:30:00-04:00,2026-07-18 01:45:00-04:00,0.0723854,0.072388,no
KXDOGE15M-26JUL180130,Target Price: $0.0723570,2026-07-18 01:15:00-04:00,2026-07-18 01:30:00-04:00,0.0723882,0.072357,yes
KXDOGE15M-26JUL180115,Target Price: $0.0724578,2026-07-18 01:00:00-04:00,2026-07-18 01:15:00-04:00,0.0723570,0.072457,no
KXDOGE15M-26JUL180100,Target Price: $0.0724638,2026-07-18 00:45:00-04:00,2026-07-18 01:00:00-04:00,0.0724578,0.072463,no
KXDOGE15M-26JUL180045,Target Price: $0.0725249,2026-07-18 00:30:00-04:00,2026-07-18 00:45:00-04:00,0.0724638,0.072524,no
KXDOGE15M-26JUL180030,Target Price: $0.0725635,2026-07-18 00:15:00-04:00,2026-07-18 00:30:00-04:00,0.0725249,0.072563,no
KXDOGE15M-26JUL180015,Target Price: $0.0726346,2026-07-18 00:00:00-04:00,2026-07-18 00:15:00-04:00,0.0725635,0.072634,no
KXDOGE15M-26JUL180000,Target Price: $0.0725666,2026-07-17 23:45:00-04:00,2026-07-18 00:00:00-04:00,0.0726346,0.072566,yes
KXDOGE15M-26JUL172345,Target Price: $0.0725372,2026-07-17 23:30:00-04:00,2026-07-17 23:45:00-04:00,0.0725666,0.072537,yes
KXDOGE15M-26JUL172330,Target Price: $0.0726272,2026-07-17 23:15:00-04:00,2026-07-17 23:30:00-04:00,0.0725372,0.072627,no
KXDOGE15M-26JUL172315,Target Price: $0.0725296,2026-07-17 23:00:00-04:00,2026-07-17 23:15:00-04:00,0.0726272,0.072529,yes
KXDOGE15M-26JUL172300,Target Price: $0.0726028,2026-07-17 22:45:00-04:00,2026-07-17 23:00:00-04:00,0.0725296,0.072602,no
KXDOGE15M-26JUL172245,Target Price: $0.0726836,2026-07-17 22:30:00-04:00,2026-07-17 22:45:00-04:00,0.0726028,0.072683,no
KXDOGE15M-26JUL172230,Target Price: $0.0725814,2026-07-17 22:15:00-04:00,2026-07-17 22:30:00-04:00,0.0726836,0.072581,yes
KXDOGE15M-26JUL172215,Target Price: $0.0725428,2026-07-17 22:00:00-04:00,2026-07-17 22:15:00-04:00,0.0725814,0.072542,yes
KXDOGE15M-26JUL172200,Target Price: $0.0725220,2026-07-17 21:45:00-04:00,2026-07-17 22:00:00-04:00,0.0725428,0.072522,yes
KXDOGE15M-26JUL172145,Target Price: $0.0725683,2026-07-17 21:30:00-04:00,2026-07-17 21:45:00-04:00,0.0725220,0.072568,no
KXDOGE15M-26JUL172130,Target Price: $0.0724734,2026-07-17 21:15:00-04:00,2026-07-17 21:30:00-04:00,0.0725683,0.072473,yes
KXDOGE15M-26JUL172115,Target Price: $0.0724780,2026-07-17 21:00:00-04:00,2026-07-17 21:15:00-04:00,0.0724734,0.072478,no
KXDOGE15M-26JUL172100,Target Price: $0.0725296,2026-07-17 20:45:00-04:00,2026-07-17 21:00:00-04:00,0.0724780,0.072529,no
KXDOGE15M-26JUL172045,Target Price: $0.0726265,2026-07-17 20:30:00-04:00,2026-07-17 20:45:00-04:00,0.0725296,0.072626,no
KXDOGE15M-26JUL172030,Target Price: $0.0725826,2026-07-17 20:15:00-04:00,2026-07-17 20:30:00-04:00,0.0726265,0.072582,yes
KXDOGE15M-26JUL172015,Target Price: $0.0725181,2026-07-17 20:00:00-04:00,2026-07-17 20:15:00-04:00,0.0725826,0.072518,yes
KXDOGE15M-26JUL172000,Target Price: $0.0725111,2026-07-17 19:45:00-04:00,2026-07-17 20:00:00-04:00,0.0725181,0.072511,yes
KXDOGE15M-26JUL171945,Target Price: $0.0725542,2026-07-17 19:30:00-04:00,2026-07-17 19:45:00-04:00,0.0725111,0.072554,no
KXDOGE15M-26JUL171930,Target Price: $0.0723836,2026-07-17 19:15:00-04:00,2026-07-17 19:30:00-04:00,0.0725542,0.072383,yes
KXDOGE15M-26JUL171915,Target Price: $0.0725095,2026-07-17 19:00:00-04:00,2026-07-17 19:15:00-04:00,0.0723836,0.072509,no
KXDOGE15M-26JUL171900,Target Price: $0.0724152,2026-07-17 18:45:00-04:00,2026-07-17 19:00:00-04:00,0.0725095,0.072415,yes
KXDOGE15M-26JUL171845,Target Price: $0.0724424,2026-07-17 18:30:00-04:00,2026-07-17 18:45:00-04:00,0.0724152,0.072442,no
KXDOGE15M-26JUL171830,Target Price: $0.0724596,2026-07-17 18:15:00-04:00,2026-07-17 18:30:00-04:00,0.0724424,0.072459,no
KXDOGE15M-26JUL171815,Target Price: $0.0726344,2026-07-17 18:00:00-04:00,2026-07-17 18:15:00-04:00,0.0724596,0.072634,no
KXDOGE15M-26JUL171800,Target Price: $0.0726565,2026-07-17 17:45:00-04:00,2026-07-17 18:00:00-04:00,0.0726344,0.072656,no
KXDOGE15M-26JUL171745,Target Price: $0.0728076,2026-07-17 17:30:00-04:00,2026-07-17 17:45:00-04:00,0.0726565,0.072807,no
KXDOGE15M-26JUL171730,Target Price: $0.0727673,2026-07-17 17:15:00-04:00,2026-07-17 17:30:00-04:00,0.0728076,0.072767,yes
KXDOGE15M-26JUL171715,Target Price: $0.0726443,2026-07-17 17:00:00-04:00,2026-07-17 17:15:00-04:00,0.0727673,0.072644,yes
KXDOGE15M-26JUL171700,Target Price: $0.0723626,2026-07-17 16:45:00-04:00,2026-07-17 17:00:00-04:00,0.0726443,0.072362,yes
KXDOGE15M-26JUL171645,Target Price: $0.0724227,2026-07-17 16:30:00-04:00,2026-07-17 16:45:00-04:00,0.0723626,0.072422,no
KXDOGE15M-26JUL171630,Target Price: $0.0725285,2026-07-17 16:15:00-04:00,2026-07-17 16:30:00-04:00,0.0724227,0.072528,no
KXDOGE15M-26JUL171615,Target Price: $0.0726057,2026-07-17 16:00:00-04:00,2026-07-17 16:15:00-04:00,0.0725285,0.072605,no
KXDOGE15M-26JUL171600,Target Price: $0.0726083,2026-07-17 15:45:00-04:00,2026-07-17 16:00:00-04:00,0.0726057,0.072608,no
KXDOGE15M-26JUL171545,Target Price: $0.0725472,2026-07-17 15:30:00-04:00,2026-07-17 15:45:00-04:00,0.0726083,0.072547,yes
KXDOGE15M-26JUL171530,Target Price: $0.0725160,2026-07-17 15:15:00-04:00,2026-07-17 15:30:00-04:00,0.0725472,0.072516,yes
KXDOGE15M-26JUL171515,Target Price: $0.0727650,2026-07-17 15:00:00-04:00,2026-07-17 15:15:00-04:00,0.0725160,0.072765,no
KXDOGE15M-26JUL171500,Target Price: $0.0725191,2026-07-17 14:45:00-04:00,2026-07-17 15:00:00-04:00,0.0727650,0.072519,yes
KXDOGE15M-26JUL171445,Target Price: $0.0724430,2026-07-17 14:30:00-04:00,2026-07-17 14:45:00-04:00,0.0725191,0.072443,yes
KXDOGE15M-26JUL171430,Target Price: $0.0725903,2026-07-17 14:15:00-04:00,2026-07-17 14:30:00-04:00,0.0724430,0.07259,no
KXDOGE15M-26JUL171415,Target Price: $0.0725338,2026-07-17 14:00:00-04:00,2026-07-17 14:15:00-04:00,0.0725903,0.072533,yes
KXDOGE15M-26JUL171400,Target Price: $0.0725410,2026-07-17 13:45:00-04:00,2026-07-17 14:00:00-04:00,0.0725338,0.072541,no
KXDOGE15M-26JUL171345,Target Price: $0.0726940,2026-07-17 13:30:00-04:00,2026-07-17 13:45:00-04:00,0.0725410,0.072694,no
KXDOGE15M-26JUL171330,Target Price: $0.0726937,2026-07-17 13:15:00-04:00,2026-07-17 13:30:00-04:00,0.0726940,0.072693,yes
KXDOGE15M-26JUL171315,Target Price: $0.0723149,2026-07-17 13:00:00-04:00,2026-07-17 13:15:00-04:00,0.0726937,0.072314,yes
KXDOGE15M-26JUL171300,Target Price: $0.0723949,2026-07-17 12:45:00-04:00,2026-07-17 13:00:00-04:00,0.0723149,0.072394,no
KXDOGE15M-26JUL171245,Target Price: $0.0722803,2026-07-17 12:30:00-04:00,2026-07-17 12:45:00-04:00,0.0723949,0.07228,yes
KXDOGE15M-26JUL171230,Target Price: $0.0721734,2026-07-17 12:15:00-04:00,2026-07-17 12:30:00-04:00,0.0722803,0.072173,yes
KXDOGE15M-26JUL171215,Target Price: $0.0720901,2026-07-17 12:00:00-04:00,2026-07-17 12:15:00-04:00,0.0721734,0.07209,yes
KXDOGE15M-26JUL171200,Target Price: $0.0719399,2026-07-17 11:45:00-04:00,2026-07-17 12:00:00-04:00,0.0720901,0.071939,yes
KXDOGE15M-26JUL171145,Target Price: $0.0718313,2026-07-17 11:30:00-04:00,2026-07-17 11:45:00-04:00,0.0719399,0.071831,yes
KXDOGE15M-26JUL171130,Target Price: $0.0715740,2026-07-17 11:15:00-04:00,2026-07-17 11:30:00-04:00,0.0718313,0.071574,yes
KXDOGE15M-26JUL171115,Target Price: $0.0718861,2026-07-17 11:00:00-04:00,2026-07-17 11:15:00-04:00,0.0715740,0.071886,no
KXDOGE15M-26JUL171100,Target Price: $0.0719012,2026-07-17 10:45:00-04:00,2026-07-17 11:00:00-04:00,0.0718861,0.071901,no
KXDOGE15M-26JUL171045,Target Price: $0.0718362,2026-07-17 10:30:00-04:00,2026-07-17 10:45:00-04:00,0.0719012,0.071836,yes
KXDOGE15M-26JUL171030,Target Price: $0.0720974,2026-07-17 10:15:00-04:00,2026-07-17 10:30:00-04:00,0.0718362,0.072097,no
KXDOGE15M-26JUL171015,Target Price: $0.0718518,2026-07-17 10:00:00-04:00,2026-07-17 10:15:00-04:00,0.0720974,0.071851,yes
KXDOGE15M-26JUL171000,Target Price: $0.0711200,2026-07-17 09:45:00-04:00,2026-07-17 10:00:00-04:00,0.0718518,0.07112,yes
KXDOGE15M-26JUL170945,Target Price: $0.0713689,2026-07-17 09:30:00-04:00,2026-07-17 09:45:00-04:00,0.0711200,0.071368,no
KXDOGE15M-26JUL170930,Target Price: $0.0713115,2026-07-17 09:15:00-04:00,2026-07-17 09:30:00-04:00,0.0713689,0.071311,yes
KXDOGE15M-26JUL170915,Target Price: $0.0716511,2026-07-17 09:00:00-04:00,2026-07-17 09:15:00-04:00,0.0713115,0.071651,no
KXDOGE15M-26JUL170900,Target Price: $0.0716832,2026-07-17 08:45:00-04:00,2026-07-17 09:00:00-04:00,0.0716511,0.071683,no
KXDOGE15M-26JUL170845,Target Price: $0.0718467,2026-07-17 08:30:00-04:00,2026-07-17 08:45:00-04:00,0.0716832,0.071846,no
KXDOGE15M-26JUL170830,Target Price: $0.0718621,2026-07-17 08:15:00-04:00,2026-07-17 08:30:00-04:00,0.0718467,0.071862,no
KXDOGE15M-26JUL170815,Target Price: $0.0719786,2026-07-17 08:00:00-04:00,2026-07-17 08:15:00-04:00,0.0718621,0.071978,no
KXDOGE15M-26JUL170800,Target Price: $0.0720022,2026-07-17 07:45:00-04:00,2026-07-17 08:00:00-04:00,0.0719786,0.072002,no
KXDOGE15M-26JUL170745,Target Price: $0.0719211,2026-07-17 07:30:00-04:00,2026-07-17 07:45:00-04:00,0.0720022,0.071921,yes
KXDOGE15M-26JUL170730,Target Price: $0.0718611,2026-07-17 07:15:00-04:00,2026-07-17 07:30:00-04:00,0.0719211,0.071861,yes
KXDOGE15M-26JUL170715,Target Price: $0.0719415,2026-07-17 07:00:00-04:00,2026-07-17 07:15:00-04:00,0.0718611,0.071941,no
KXDOGE15M-26JUL170700,Target Price: $0.0718893,2026-07-17 06:45:00-04:00,2026-07-17 07:00:00-04:00,0.0719415,0.071889,yes
KXDOGE15M-26JUL170645,Target Price: $0.0718196,2026-07-17 06:30:00-04:00,2026-07-17 06:45:00-04:00,0.0718893,0.071819,yes
KXDOGE15M-26JUL170630,Target Price: $0.0718843,2026-07-17 06:15:00-04:00,2026-07-17 06:30:00-04:00,0.0718196,0.071884,no
KXDOGE15M-26JUL170615,Target Price: $0.0716632,2026-07-17 06:00:00-04:00,2026-07-17 06:15:00-04:00,0.0718843,0.071663,yes
KXDOGE15M-26JUL170600,Target Price: $0.0716740,2026-07-17 05:45:00-04:00,2026-07-17 06:00:00-04:00,0.0716632,0.071674,no
KXDOGE15M-26JUL170545,Target Price: $0.0715779,2026-07-17 05:30:00-04:00,2026-07-17 05:45:00-04:00,0.0716740,0.071577,yes
KXDOGE15M-26JUL170530,Target Price: $0.0715259,2026-07-17 05:15:00-04:00,2026-07-17 05:30:00-04:00,0.0715779,0.071525,yes
KXDOGE15M-26JUL170515,Target Price: $0.0714338,2026-07-17 05:00:00-04:00,2026-07-17 05:15:00-04:00,0.0715259,0.071433,yes
KXDOGE15M-26JUL170500,Target Price: $0.0713357,2026-07-17 04:45:00-04:00,2026-07-17 05:00:00-04:00,0.0714338,0.071335,yes
KXDOGE15M-26JUL170445,Target Price: $0.0714071,2026-07-17 04:30:00-04:00,2026-07-17 04:45:00-04:00,0.0713357,0.071407,no
KXDOGE15M-26JUL170430,Target Price: $0.0716589,2026-07-17 04:15:00-04:00,2026-07-17 04:30:00-04:00,0.0714071,0.071658,no
KXDOGE15M-26JUL170415,Target Price: $0.0716370,2026-07-17 04:00:00-04:00,2026-07-17 04:15:00-04:00,0.0716589,0.071637,yes
KXDOGE15M-26JUL170400,Target Price: $0.0717159,2026-07-17 03:45:00-04:00,2026-07-17 04:00:00-04:00,0.0716370,0.071715,no
KXDOGE15M-26JUL170345,Target Price: $0.0716745,2026-07-17 03:30:00-04:00,2026-07-17 03:45:00-04:00,0.0717159,0.071674,yes
KXDOGE15M-26JUL170330,Target Price: $0.0717087,2026-07-17 03:15:00-04:00,2026-07-17 03:30:00-04:00,0.0716745,0.071708,no
KXDOGE15M-26JUL170315,Target Price: $0.0717564,2026-07-17 03:00:00-04:00,2026-07-17 03:15:00-04:00,0.0717087,0.071756,no
KXDOGE15M-26JUL170300,Target Price: $0.0718288,2026-07-17 02:45:00-04:00,2026-07-17 03:00:00-04:00,0.0717564,0.071828,no
KXDOGE15M-26JUL170245,Target Price: $0.0718328,2026-07-17 02:30:00-04:00,2026-07-17 02:45:00-04:00,0.0718288,0.071832,no
KXDOGE15M-26JUL170230,Target Price: $0.0715494,2026-07-17 02:15:00-04:00,2026-07-17 02:30:00-04:00,0.0718328,0.071549,yes
KXDOGE15M-26JUL170215,Target Price: $0.0714461,2026-07-17 02:00:00-04:00,2026-07-17 02:15:00-04:00,0.0715494,0.071446,yes
KXDOGE15M-26JUL170200,Target Price: $0.0717777,2026-07-17 01:45:00-04:00,2026-07-17 02:00:00-04:00,0.0714461,0.071777,no
KXDOGE15M-26JUL170145,Target Price: $0.0719585,2026-07-17 01:30:00-04:00,2026-07-17 01:45:00-04:00,0.0717777,0.071958,no
KXDOGE15M-26JUL170130,Target Price: $0.0722182,2026-07-17 01:15:00-04:00,2026-07-17 01:30:00-04:00,0.0719585,0.072218,no
KXDOGE15M-26JUL170115,Target Price: $0.0722489,2026-07-17 01:00:00-04:00,2026-07-17 01:15:00-04:00,0.0722182,0.072248,no
KXDOGE15M-26JUL170100,Target Price: $0.0722730,2026-07-17 00:45:00-04:00,2026-07-17 01:00:00-04:00,0.0722489,0.072273,no
KXDOGE15M-26JUL170045,Target Price: $0.0720940,2026-07-17 00:30:00-04:00,2026-07-17 00:45:00-04:00,0.0722730,0.072094,yes
KXDOGE15M-26JUL170030,Target Price: $0.0722164,2026-07-17 00:15:00-04:00,2026-07-17 00:30:00-04:00,0.0720940,0.072216,no
KXDOGE15M-26JUL170015,Target Price: $0.0723867,2026-07-17 00:00:00-04:00,2026-07-17 00:15:00-04:00,0.0722164,0.072386,no
KXDOGE15M-26JUL170000,Target Price: $0.0724531,2026-07-16 23:45:00-04:00,2026-07-17 00:00:00-04:00,0.0723867,0.072453,no
KXDOGE15M-26JUL162345,Target Price: $0.0725589,2026-07-16 23:30:00-04:00,2026-07-16 23:45:00-04:00,0.0724531,0.072558,no
KXDOGE15M-26JUL162330,Target Price: $0.0723329,2026-07-16 23:15:00-04:00,2026-07-16 23:30:00-04:00,0.0725589,0.072332,yes
KXDOGE15M-26JUL162315,Target Price: $0.0720423,2026-07-16 23:00:00-04:00,2026-07-16 23:15:00-04:00,0.0723329,0.072042,yes
KXDOGE15M-26JUL162300,Target Price: $0.0719484,2026-07-16 22:45:00-04:00,2026-07-16 23:00:00-04:00,0.0720423,0.071948,yes
KXDOGE15M-26JUL162245,Target Price: $0.0720568,2026-07-16 22:30:00-04:00,2026-07-16 22:45:00-04:00,0.0719484,0.072056,no
KXDOGE15M-26JUL162230,Target Price: $0.0721334,2026-07-16 22:15:00-04:00,2026-07-16 22:30:00-04:00,0.0720568,0.072133,no
KXDOGE15M-26JUL162215,Target Price: $0.0721140,2026-07-16 22:00:00-04:00,2026-07-16 22:15:00-04:00,0.0721334,0.072114,yes
KXDOGE15M-26JUL162200,Target Price: $0.0722785,2026-07-16 21:45:00-04:00,2026-07-16 22:00:00-04:00,0.0721140,0.072278,no
KXDOGE15M-26JUL162145,Target Price: $0.0726168,2026-07-16 21:30:00-04:00,2026-07-16 21:45:00-04:00,0.0722785,0.072616,no
KXDOGE15M-26JUL162130,Target Price: $0.0727775,2026-07-16 21:15:00-04:00,2026-07-16 21:30:00-04:00,0.0726168,0.072777,no
KXDOGE15M-26JUL162115,Target Price: $0.0727140,2026-07-16 21:00:00-04:00,2026-07-16 21:15:00-04:00,0.0727775,0.072714,yes
KXDOGE15M-26JUL162100,Target Price: $0.0724030,2026-07-16 20:45:00-04:00,2026-07-16 21:00:00-04:00,0.0727140,0.072403,yes
KXDOGE15M-26JUL162045,Target Price: $0.0723186,2026-07-16 20:30:00-04:00,2026-07-16 20:45:00-04:00,0.0724030,0.072318,yes
KXDOGE15M-26JUL162030,Target Price: $0.0722355,2026-07-16 20:15:00-04:00,2026-07-16 20:30:00-04:00,0.0723186,0.072235,yes
KXDOGE15M-26JUL162015,Target Price: $0.0723615,2026-07-16 20:00:00-04:00,2026-07-16 20:15:00-04:00,0.0722355,0.072361,no
KXDOGE15M-26JUL162000,Target Price: $0.0722856,2026-07-16 19:45:00-04:00,2026-07-16 20:00:00-04:00,0.0723615,0.072285,yes
KXDOGE15M-26JUL161945,Target Price: $0.0722237,2026-07-16 19:30:00-04:00,2026-07-16 19:45:00-04:00,0.0722856,0.072223,yes
KXDOGE15M-26JUL161930,Target Price: $0.0725159,2026-07-16 19:15:00-04:00,2026-07-16 19:30:00-04:00,0.0722237,0.072515,no
KXDOGE15M-26JUL161915,Target Price: $0.0726840,2026-07-16 19:00:00-04:00,2026-07-16 19:15:00-04:00,0.0725159,0.072684,no
KXDOGE15M-26JUL161900,Target Price: $0.0728110,2026-07-16 18:45:00-04:00,2026-07-16 19:00:00-04:00,0.0726840,0.072811,no
KXDOGE15M-26JUL161845,Target Price: $0.0728702,2026-07-16 18:30:00-04:00,2026-07-16 18:45:00-04:00,0.0728110,0.07287,no
KXDOGE15M-26JUL161830,Target Price: $0.0731843,2026-07-16 18:15:00-04:00,2026-07-16 18:30:00-04:00,0.0728702,0.073184,no
KXDOGE15M-26JUL161815,Target Price: $0.0730592,2026-07-16 18:00:00-04:00,2026-07-16 18:15:00-04:00,0.0731843,0.073059,yes
KXDOGE15M-26JUL161800,Target Price: $0.0731707,2026-07-16 17:45:00-04:00,2026-07-16 18:00:00-04:00,0.0730592,0.07317,no
KXDOGE15M-26JUL161745,Target Price: $0.0730912,2026-07-16 17:30:00-04:00,2026-07-16 17:45:00-04:00,0.0731707,0.073091,yes
KXDOGE15M-26JUL161730,Target Price: $0.0730341,2026-07-16 17:15:00-04:00,2026-07-16 17:30:00-04:00,0.0730912,0.073034,yes
KXDOGE15M-26JUL161715,Target Price: $0.0730439,2026-07-16 17:00:00-04:00,2026-07-16 17:15:00-04:00,0.0730341,0.073043,no
KXDOGE15M-26JUL161700,Target Price: $0.0731453,2026-07-16 16:45:00-04:00,2026-07-16 17:00:00-04:00,0.0730439,0.073145,no
KXDOGE15M-26JUL161645,Target Price: $0.0730680,2026-07-16 16:30:00-04:00,2026-07-16 16:45:00-04:00,0.0731453,0.073068,yes
KXDOGE15M-26JUL161630,Target Price: $0.0730756,2026-07-16 16:15:00-04:00,2026-07-16 16:30:00-04:00,0.0730680,0.073075,no
KXDOGE15M-26JUL161615,Target Price: $0.0731219,2026-07-16 16:00:00-04:00,2026-07-16 16:15:00-04:00,0.0730756,0.073121,no
KXDOGE15M-26JUL161600,Target Price: $0.0732485,2026-07-16 15:45:00-04:00,2026-07-16 16:00:00-04:00,0.0731219,0.073248,no
KXDOGE15M-26JUL161545,Target Price: $0.0733516,2026-07-16 15:30:00-04:00,2026-07-16 15:45:00-04:00,0.0732485,0.073351,no
KXDOGE15M-26JUL161530,Target Price: $0.0733298,2026-07-16 15:15:00-04:00,2026-07-16 15:30:00-04:00,0.0733516,0.073329,yes
KXDOGE15M-26JUL161515,Target Price: $0.0733816,2026-07-16 15:00:00-04:00,2026-07-16 15:15:00-04:00,0.0733298,0.073381,no
KXDOGE15M-26JUL161500,Target Price: $0.0732658,2026-07-16 14:45:00-04:00,2026-07-16 15:00:00-04:00,0.0733816,0.073265,yes
KXDOGE15M-26JUL161445,Target Price: $0.0734920,2026-07-16 14:30:00-04:00,2026-07-16 14:45:00-04:00,0.0732658,0.073492,no
KXDOGE15M-26JUL161430,Target Price: $0.0734182,2026-07-16 14:15:00-04:00,2026-07-16 14:30:00-04:00,0.0734920,0.073418,yes
KXDOGE15M-26JUL161415,Target Price: $0.0731470,2026-07-16 14:00:00-04:00,2026-07-16 14:15:00-04:00,0.0734182,0.073147,yes
KXDOGE15M-26JUL161400,Target Price: $0.0732939,2026-07-16 13:45:00-04:00,2026-07-16 14:00:00-04:00,0.0731470,0.073293,no
KXDOGE15M-26JUL161345,Target Price: $0.0731835,2026-07-16 13:30:00-04:00,2026-07-16 13:45:00-04:00,0.0732939,0.073183,yes
KXDOGE15M-26JUL161330,Target Price: $0.0731335,2026-07-16 13:15:00-04:00,2026-07-16 13:30:00-04:00,0.0731835,0.073133,yes
KXDOGE15M-26JUL161315,Target Price: $0.0734050,2026-07-16 13:00:00-04:00,2026-07-16 13:15:00-04:00,0.0731335,0.073405,no
KXDOGE15M-26JUL161300,Target Price: $0.0733959,2026-07-16 12:45:00-04:00,2026-07-16 13:00:00-04:00,0.0734050,0.073395,yes
KXDOGE15M-26JUL161245,Target Price: $0.0734871,2026-07-16 12:30:00-04:00,2026-07-16 12:45:00-04:00,0.0733959,0.073487,no
KXDOGE15M-26JUL161230,Target Price: $0.0734348,2026-07-16 12:15:00-04:00,2026-07-16 12:30:00-04:00,0.0734871,0.073434,yes
KXDOGE15M-26JUL161215,Target Price: $0.0735602,2026-07-16 12:00:00-04:00,2026-07-16 12:15:00-04:00,0.0734348,0.07356,no
KXDOGE15M-26JUL161200,Target Price: $0.0736215,2026-07-16 11:45:00-04:00,2026-07-16 12:00:00-04:00,0.0735602,0.073621,no
KXDOGE15M-26JUL161145,Target Price: $0.0737900,2026-07-16 11:30:00-04:00,2026-07-16 11:45:00-04:00,0.0736215,0.07379,no
KXDOGE15M-26JUL161130,Target Price: $0.0731245,2026-07-16 11:15:00-04:00,2026-07-16 11:30:00-04:00,0.0737900,0.073124,yes
KXDOGE15M-26JUL161115,Target Price: $0.0735220,2026-07-16 11:00:00-04:00,2026-07-16 11:15:00-04:00,0.0731245,0.073522,no
KXDOGE15M-26JUL161100,Target Price: $0.0736827,2026-07-16 10:45:00-04:00,2026-07-16 11:00:00-04:00,0.0735220,0.073682,no
KXDOGE15M-26JUL161045,Target Price: $0.0738133,2026-07-16 10:30:00-04:00,2026-07-16 10:45:00-04:00,0.0736827,0.073813,no
KXDOGE15M-26JUL161030,Target Price: $0.0737959,2026-07-16 10:15:00-04:00,2026-07-16 10:30:00-04:00,0.0738133,0.073795,yes
KXDOGE15M-26JUL161015,Target Price: $0.0735514,2026-07-16 10:00:00-04:00,2026-07-16 10:15:00-04:00,0.0737959,0.073551,yes
KXDOGE15M-26JUL161000,Target Price: $0.0733808,2026-07-16 09:45:00-04:00,2026-07-16 10:00:00-04:00,0.0735514,0.07338,yes
KXDOGE15M-26JUL160945,Target Price: $0.0734302,2026-07-16 09:30:00-04:00,2026-07-16 09:45:00-04:00,0.0733808,0.07343,no
KXDOGE15M-26JUL160930,Target Price: $0.0730024,2026-07-16 09:15:00-04:00,2026-07-16 09:30:00-04:00,0.0734302,0.073002,yes
KXDOGE15M-26JUL160915,Target Price: $0.0728536,2026-07-16 09:00:00-04:00,2026-07-16 09:15:00-04:00,0.0730024,0.072853,yes
KXDOGE15M-26JUL160900,Target Price: $0.0727976,2026-07-16 08:45:00-04:00,2026-07-16 09:00:00-04:00,0.0728536,0.072797,yes
KXDOGE15M-26JUL160845,Target Price: $0.0731864,2026-07-16 08:30:00-04:00,2026-07-16 08:45:00-04:00,0.0727976,0.073186,no
KXDOGE15M-26JUL160830,Target Price: $0.0730845,2026-07-16 08:15:00-04:00,2026-07-16 08:30:00-04:00,0.0731864,0.073084,yes
KXDOGE15M-26JUL160815,Target Price: $0.0732279,2026-07-16 08:00:00-04:00,2026-07-16 08:15:00-04:00,0.0730845,0.073227,no
KXDOGE15M-26JUL160800,Target Price: $0.0731856,2026-07-16 07:45:00-04:00,2026-07-16 08:00:00-04:00,0.0732279,0.073185,yes
KXDOGE15M-26JUL160745,Target Price: $0.0731149,2026-07-16 07:30:00-04:00,2026-07-16 07:45:00-04:00,0.0731856,0.073114,yes
KXDOGE15M-26JUL160730,Target Price: $0.0731245,2026-07-16 07:15:00-04:00,2026-07-16 07:30:00-04:00,0.0731149,0.073124,no
KXDOGE15M-26JUL160715,Target Price: $0.0732643,2026-07-16 07:00:00-04:00,2026-07-16 07:15:00-04:00,0.0731245,0.073264,no
KXDOGE15M-26JUL160700,Target Price: $0.0732339,2026-07-16 06:45:00-04:00,2026-07-16 07:00:00-04:00,0.0732643,0.073233,yes
KXDOGE15M-26JUL160645,Target Price: $0.0733022,2026-07-16 06:30:00-04:00,2026-07-16 06:45:00-04:00,0.0732339,0.073302,no
KXDOGE15M-26JUL160630,Target Price: $0.0731993,2026-07-16 06:15:00-04:00,2026-07-16 06:30:00-04:00,0.0733022,0.073199,yes
KXDOGE15M-26JUL160615,Target Price: $0.0730457,2026-07-16 06:00:00-04:00,2026-07-16 06:15:00-04:00,0.0731993,0.073045,yes
KXDOGE15M-26JUL160600,Target Price: $0.0731191,2026-07-16 05:45:00-04:00,2026-07-16 06:00:00-04:00,0.0730457,0.073119,no
KXDOGE15M-26JUL160545,Target Price: $0.0730173,2026-07-16 05:30:00-04:00,2026-07-16 05:45:00-04:00,0.0731191,0.073017,yes
KXDOGE15M-26JUL160530,Target Price: $0.0731404,2026-07-16 05:15:00-04:00,2026-07-16 05:30:00-04:00,0.0730173,0.07314,no
KXDOGE15M-26JUL160515,Target Price: $0.0730736,2026-07-16 05:00:00-04:00,2026-07-16 05:15:00-04:00,0.0731404,0.073073,yes
KXDOGE15M-26JUL160245,Target Price: $0.0740435,2026-07-16 02:30:00-04:00,2026-07-16 02:45:00-04:00,0.0740019,0.074043,no
KXDOGE15M-26JUL160230,Target Price: $0.0741361,2026-07-16 02:15:00-04:00,2026-07-16 02:30:00-04:00,0.0740435,0.074136,no
KXDOGE15M-26JUL160215,Target Price: $0.0741707,2026-07-16 02:00:00-04:00,2026-07-16 02:15:00-04:00,0.0741361,0.07417,no
KXDOGE15M-26JUL160200,Target Price: $0.0742023,2026-07-16 01:45:00-04:00,2026-07-16 02:00:00-04:00,0.0741707,0.074202,no
KXDOGE15M-26JUL160145,Target Price: $0.0740951,2026-07-16 01:30:00-04:00,2026-07-16 01:45:00-04:00,0.0742023,0.074095,yes
KXDOGE15M-26JUL160130,Target Price: $0.0739783,2026-07-16 01:15:00-04:00,2026-07-16 01:30:00-04:00,0.0740951,0.073978,yes
KXDOGE15M-26JUL160115,Target Price: $0.0737586,2026-07-16 01:00:00-04:00,2026-07-16 01:15:00-04:00,0.0739783,0.073758,yes
KXDOGE15M-26JUL160100,Target Price: $0.0739335,2026-07-16 00:45:00-04:00,2026-07-16 01:00:00-04:00,0.0737586,0.073933,no
KXDOGE15M-26JUL160045,Target Price: $0.0739356,2026-07-16 00:30:00-04:00,2026-07-16 00:45:00-04:00,0.0739335,0.073935,no
KXDOGE15M-26JUL160030,Target Price: $0.0740359,2026-07-16 00:15:00-04:00,2026-07-16 00:30:00-04:00,0.0739356,0.074035,no
KXDOGE15M-26JUL160015,Target Price: $0.0739242,2026-07-16 00:00:00-04:00,2026-07-16 00:15:00-04:00,0.0740359,0.073924,yes
KXDOGE15M-26JUL160000,Target Price: $0.0741016,2026-07-15 23:45:00-04:00,2026-07-16 00:00:00-04:00,0.0739242,0.074101,no
KXDOGE15M-26JUL152345,Target Price: $0.0742368,2026-07-15 23:30:00-04:00,2026-07-15 23:45:00-04:00,0.0741016,0.074236,no
KXDOGE15M-26JUL152330,Target Price: $0.0742631,2026-07-15 23:15:00-04:00,2026-07-15 23:30:00-04:00,0.0742368,0.074263,no
KXDOGE15M-26JUL152315,Target Price: $0.0743257,2026-07-15 23:00:00-04:00,2026-07-15 23:15:00-04:00,0.0742631,0.074325,no
KXDOGE15M-26JUL152300,Target Price: $0.0741406,2026-07-15 22:45:00-04:00,2026-07-15 23:00:00-04:00,0.0743257,0.07414,yes
KXDOGE15M-26JUL152245,Target Price: $0.0741742,2026-07-15 22:30:00-04:00,2026-07-15 22:45:00-04:00,0.0741406,0.074174,no
KXDOGE15M-26JUL152230,Target Price: $0.0740751,2026-07-15 22:15:00-04:00,2026-07-15 22:30:00-04:00,0.0741742,0.074075,yes
KXDOGE15M-26JUL152215,Target Price: $0.0740964,2026-07-15 22:00:00-04:00,2026-07-15 22:15:00-04:00,0.0740751,0.074096,no
KXDOGE15M-26JUL152200,Target Price: $0.0738591,2026-07-15 21:45:00-04:00,2026-07-15 22:00:00-04:00,0.0740964,0.073859,yes
KXDOGE15M-26JUL152145,Target Price: $0.0737954,2026-07-15 21:30:00-04:00,2026-07-15 21:45:00-04:00,0.0738591,0.073795,yes
KXDOGE15M-26JUL152130,Target Price: $0.0738290,2026-07-15 21:15:00-04:00,2026-07-15 21:30:00-04:00,0.0737954,0.073829,no
KXDOGE15M-26JUL152115,Target Price: $0.0738523,2026-07-15 21:00:00-04:00,2026-07-15 21:15:00-04:00,0.0738290,0.073852,no
KXDOGE15M-26JUL152100,Target Price: $0.0737466,2026-07-15 20:45:00-04:00,2026-07-15 21:00:00-04:00,0.0738523,0.073746,yes
KXDOGE15M-26JUL152045,Target Price: $0.0739027,2026-07-15 20:30:00-04:00,2026-07-15 20:45:00-04:00,0.0737466,0.073902,no
KXDOGE15M-26JUL152030,Target Price: $0.0741785,2026-07-15 20:15:00-04:00,2026-07-15 20:30:00-04:00,0.0739027,0.074178,no
KXDOGE15M-26JUL152015,Target Price: $0.0740471,2026-07-15 20:00:00-04:00,2026-07-15 20:15:00-04:00,0.0741785,0.074047,yes
KXDOGE15M-26JUL152000,Target Price: $0.0739696,2026-07-15 19:45:00-04:00,2026-07-15 20:00:00-04:00,0.0740471,0.073969,yes
KXDOGE15M-26JUL151945,Target Price: $0.0740772,2026-07-15 19:30:00-04:00,2026-07-15 19:45:00-04:00,0.0739696,0.074077,no
KXDOGE15M-26JUL151930,Target Price: $0.0740819,2026-07-15 19:15:00-04:00,2026-07-15 19:30:00-04:00,0.0740772,0.074081,no
KXDOGE15M-26JUL151915,Target Price: $0.0740056,2026-07-15 19:00:00-04:00,2026-07-15 19:15:00-04:00,0.0740819,0.074005,yes
KXDOGE15M-26JUL151900,Target Price: $0.0740148,2026-07-15 18:45:00-04:00,2026-07-15 19:00:00-04:00,0.0740056,0.074014,no
KXDOGE15M-26JUL151845,Target Price: $0.0740898,2026-07-15 18:30:00-04:00,2026-07-15 18:45:00-04:00,0.0740148,0.074089,no
KXDOGE15M-26JUL151830,Target Price: $0.0739716,2026-07-15 18:15:00-04:00,2026-07-15 18:30:00-04:00,0.0740898,0.073971,yes
KXDOGE15M-26JUL151815,Target Price: $0.0739946,2026-07-15 18:00:00-04:00,2026-07-15 18:15:00-04:00,0.0739716,0.073994,no
KXDOGE15M-26JUL151800,Target Price: $0.0740584,2026-07-15 17:45:00-04:00,2026-07-15 18:00:00-04:00,0.0739946,0.074058,no
KXDOGE15M-26JUL151745,Target Price: $0.0741212,2026-07-15 17:30:00-04:00,2026-07-15 17:45:00-04:00,0.0740584,0.074121,no
KXDOGE15M-26JUL151730,Target Price: $0.0740409,2026-07-15 17:15:00-04:00,2026-07-15 17:30:00-04:00,0.0741212,0.07404,yes
KXDOGE15M-26JUL151715,Target Price: $0.0740243,2026-07-15 17:00:00-04:00,2026-07-15 17:15:00-04:00,0.0740409,0.074024,yes
KXDOGE15M-26JUL151700,Target Price: $0.0740364,2026-07-15 16:45:00-04:00,2026-07-15 17:00:00-04:00,0.0740243,0.074036,no
KXDOGE15M-26JUL151645,Target Price: $0.0739790,2026-07-15 16:30:00-04:00,2026-07-15 16:45:00-04:00,0.0740364,0.073979,yes
KXDOGE15M-26JUL151630,Target Price: $0.0738221,2026-07-15 16:15:00-04:00,2026-07-15 16:30:00-04:00,0.0739790,0.073822,yes
KXDOGE15M-26JUL151615,Target Price: $0.0737850,2026-07-15 16:00:00-04:00,2026-07-15 16:15:00-04:00,0.0738221,0.073785,yes
KXDOGE15M-26JUL151600,Target Price: $0.0738724,2026-07-15 15:45:00-04:00,2026-07-15 16:00:00-04:00,0.0737850,0.073872,no
KXDOGE15M-26JUL151545,Target Price: $0.0738424,2026-07-15 15:30:00-04:00,2026-07-15 15:45:00-04:00,0.0738724,0.073842,yes
KXDOGE15M-26JUL151530,Target Price: $0.0739721,2026-07-15 15:15:00-04:00,2026-07-15 15:30:00-04:00,0.0738424,0.073972,no
KXDOGE15M-26JUL151515,Target Price: $0.0739708,2026-07-15 15:00:00-04:00,2026-07-15 15:15:00-04:00,0.0739721,0.07397,yes
KXDOGE15M-26JUL151500,Target Price: $0.0742238,2026-07-15 14:45:00-04:00,2026-07-15 15:00:00-04:00,0.0739708,0.074223,no
KXDOGE15M-26JUL151445,Target Price: $0.0743525,2026-07-15 14:30:00-04:00,2026-07-15 14:45:00-04:00,0.0742238,0.074352,no
KXDOGE15M-26JUL151430,Target Price: $0.0744521,2026-07-15 14:15:00-04:00,2026-07-15 14:30:00-04:00,0.0743525,0.074452,no
KXDOGE15M-26JUL151415,Target Price: $0.0741990,2026-07-15 14:00:00-04:00,2026-07-15 14:15:00-04:00,0.0744521,0.074199,yes
KXDOGE15M-26JUL151400,Target Price: $0.0740311,2026-07-15 13:45:00-04:00,2026-07-15 14:00:00-04:00,0.0741990,0.074031,yes
KXDOGE15M-26JUL151345,Target Price: $0.0739079,2026-07-15 13:30:00-04:00,2026-07-15 13:45:00-04:00,0.0740311,0.073907,yes
KXDOGE15M-26JUL151330,Target Price: $0.0739485,2026-07-15 13:15:00-04:00,2026-07-15 13:30:00-04:00,0.0739079,0.073948,no
KXDOGE15M-26JUL151315,Target Price: $0.0739307,2026-07-15 13:00:00-04:00,2026-07-15 13:15:00-04:00,0.0739485,0.07393,yes
KXDOGE15M-26JUL151300,Target Price: $0.0736719,2026-07-15 12:45:00-04:00,2026-07-15 13:00:00-04:00,0.0739307,0.073671,yes
KXDOGE15M-26JUL151245,Target Price: $0.0740570,2026-07-15 12:30:00-04:00,2026-07-15 12:45:00-04:00,0.0736719,0.074057,no
KXDOGE15M-26JUL151230,Target Price: $0.0740111,2026-07-15 12:15:00-04:00,2026-07-15 12:30:00-04:00,0.0740570,0.074011,yes
KXDOGE15M-26JUL151215,Target Price: $0.0745719,2026-07-15 12:00:00-04:00,2026-07-15 12:15:00-04:00,0.0740111,0.074571,no
KXDOGE15M-26JUL151200,Target Price: $0.0746802,2026-07-15 11:45:00-04:00,2026-07-15 12:00:00-04:00,0.0745719,0.07468,no
KXDOGE15M-26JUL151145,Target Price: $0.0744868,2026-07-15 11:30:00-04:00,2026-07-15 11:45:00-04:00,0.0746802,0.074486,yes
KXDOGE15M-26JUL151130,Target Price: $0.0746508,2026-07-15 11:15:00-04:00,2026-07-15 11:30:00-04:00,0.0744868,0.07465,no
KXDOGE15M-26JUL151115,Target Price: $0.0748618,2026-07-15 11:00:00-04:00,2026-07-15 11:15:00-04:00,0.0746508,0.074861,no
KXDOGE15M-26JUL151100,Target Price: $0.0747388,2026-07-15 10:45:00-04:00,2026-07-15 11:00:00-04:00,0.0748618,0.074738,yes
KXDOGE15M-26JUL151045,Target Price: $0.0747931,2026-07-15 10:30:00-04:00,2026-07-15 10:45:00-04:00,0.0747388,0.074793,no
KXDOGE15M-26JUL151030,Target Price: $0.0747706,2026-07-15 10:15:00-04:00,2026-07-15 10:30:00-04:00,0.0747931,0.07477,yes
KXDOGE15M-26JUL151015,Target Price: $0.0744681,2026-07-15 10:00:00-04:00,2026-07-15 10:15:00-04:00,0.0747706,0.074468,yes
KXDOGE15M-26JUL151000,Target Price: $0.0748641,2026-07-15 09:45:00-04:00,2026-07-15 10:00:00-04:00,0.0744681,0.074864,no
KXDOGE15M-26JUL150945,Target Price: $0.0750150,2026-07-15 09:30:00-04:00,2026-07-15 09:45:00-04:00,0.0748641,0.075015,no
KXDOGE15M-26JUL150930,Target Price: $0.0749447,2026-07-15 09:15:00-04:00,2026-07-15 09:30:00-04:00,0.0750150,0.074944,yes
KXDOGE15M-26JUL150915,Target Price: $0.0746632,2026-07-15 09:00:00-04:00,2026-07-15 09:15:00-04:00,0.0749447,0.074663,yes
KXDOGE15M-26JUL150900,Target Price: $0.0740099,2026-07-15 08:45:00-04:00,2026-07-15 09:00:00-04:00,0.0746632,0.074009,yes
KXDOGE15M-26JUL150845,Target Price: $0.0736835,2026-07-15 08:30:00-04:00,2026-07-15 08:45:00-04:00,0.0740099,0.073683,yes
KXDOGE15M-26JUL150830,Target Price: $0.0736952,2026-07-15 08:15:00-04:00,2026-07-15 08:30:00-04:00,0.0736835,0.073695,no
KXDOGE15M-26JUL150815,Target Price: $0.0738212,2026-07-15 08:00:00-04:00,2026-07-15 08:15:00-04:00,0.0736952,0.073821,no
KXDOGE15M-26JUL150800,Target Price: $0.0737548,2026-07-15 07:45:00-04:00,2026-07-15 08:00:00-04:00,0.0738212,0.073754,yes
KXDOGE15M-26JUL150745,Target Price: $0.0736216,2026-07-15 07:30:00-04:00,2026-07-15 07:45:00-04:00,0.0737548,0.073621,yes
KXDOGE15M-26JUL150730,Target Price: $0.0736975,2026-07-15 07:15:00-04:00,2026-07-15 07:30:00-04:00,0.0736216,0.073697,no
KXDOGE15M-26JUL150715,Target Price: $0.0737516,2026-07-15 07:00:00-04:00,2026-07-15 07:15:00-04:00,0.0736975,0.073751,no
KXDOGE15M-26JUL150700,Target Price: $0.0737257,2026-07-15 06:45:00-04:00,2026-07-15 07:00:00-04:00,0.0737516,0.073725,yes
KXDOGE15M-26JUL150645,Target Price: $0.0736319,2026-07-15 06:30:00-04:00,2026-07-15 06:45:00-04:00,0.0737257,0.073631,yes
KXDOGE15M-26JUL150630,Target Price: $0.0737681,2026-07-15 06:15:00-04:00,2026-07-15 06:30:00-04:00,0.0736319,0.073768,no
KXDOGE15M-26JUL150615,Target Price: $0.0736403,2026-07-15 06:00:00-04:00,2026-07-15 06:15:00-04:00,0.0737681,0.07364,yes
KXDOGE15M-26JUL150600,Target Price: $0.0742606,2026-07-15 05:45:00-04:00,2026-07-15 06:00:00-04:00,0.0736403,0.07426,no
KXDOGE15M-26JUL150545,Target Price: $0.0743928,2026-07-15 05:30:00-04:00,2026-07-15 05:45:00-04:00,0.0742606,0.074392,no
KXDOGE15M-26JUL150530,Target Price: $0.0742980,2026-07-15 05:15:00-04:00,2026-07-15 05:30:00-04:00,0.0743928,0.074298,yes
KXDOGE15M-26JUL150515,Target Price: $0.0741482,2026-07-15 05:00:00-04:00,2026-07-15 05:15:00-04:00,0.0742980,0.074148,yes
KXDOGE15M-26JUL150500,Target Price: $0.0741884,2026-07-15 04:45:00-04:00,2026-07-15 05:00:00-04:00,0.0741482,0.074188,no
KXDOGE15M-26JUL150445,Target Price: $0.0741334,2026-07-15 04:30:00-04:00,2026-07-15 04:45:00-04:00,0.0741884,0.074133,yes
KXDOGE15M-26JUL150430,Target Price: $0.0740416,2026-07-15 04:15:00-04:00,2026-07-15 04:30:00-04:00,0.0741334,0.074041,yes
KXDOGE15M-26JUL150415,Target Price: $0.0739495,2026-07-15 04:00:00-04:00,2026-07-15 04:15:00-04:00,0.0740416,0.073949,yes
KXDOGE15M-26JUL150400,Target Price: $0.0739954,2026-07-15 03:45:00-04:00,2026-07-15 04:00:00-04:00,0.0739495,0.073995,no
KXDOGE15M-26JUL150345,Target Price: $0.0738819,2026-07-15 03:30:00-04:00,2026-07-15 03:45:00-04:00,0.0739954,0.073881,yes
KXDOGE15M-26JUL150330,Target Price: $0.0742964,2026-07-15 03:15:00-04:00,2026-07-15 03:30:00-04:00,0.0738819,0.074296,no
KXDOGE15M-26JUL150315,Target Price: $0.0743764,2026-07-15 03:00:00-04:00,2026-07-15 03:15:00-04:00,0.0742964,0.074376,no
KXDOGE15M-26JUL150300,Target Price: $0.0746252,2026-07-15 02:45:00-04:00,2026-07-15 03:00:00-04:00,0.0743764,0.074625,no
KXDOGE15M-26JUL150245,Target Price: $0.0745647,2026-07-15 02:30:00-04:00,2026-07-15 02:45:00-04:00,0.0746252,0.074564,yes
KXDOGE15M-26JUL150230,Target Price: $0.0744695,2026-07-15 02:15:00-04:00,2026-07-15 02:30:00-04:00,0.0745647,0.074469,yes
KXDOGE15M-26JUL150215,Target Price: $0.0743835,2026-07-15 02:00:00-04:00,2026-07-15 02:15:00-04:00,0.0744695,0.074383,yes
KXDOGE15M-26JUL150200,Target Price: $0.0739956,2026-07-15 01:45:00-04:00,2026-07-15 02:00:00-04:00,0.0743835,0.073995,yes
KXDOGE15M-26JUL150145,Target Price: $0.0739182,2026-07-15 01:30:00-04:00,2026-07-15 01:45:00-04:00,0.0739956,0.073918,yes
KXDOGE15M-26JUL150130,Target Price: $0.0738391,2026-07-15 01:15:00-04:00,2026-07-15 01:30:00-04:00,0.0739182,0.073839,yes
KXDOGE15M-26JUL150115,Target Price: $0.0740282,2026-07-15 01:00:00-04:00,2026-07-15 01:15:00-04:00,0.0738391,0.074028,no
KXDOGE15M-26JUL150100,Target Price: $0.0739665,2026-07-15 00:45:00-04:00,2026-07-15 01:00:00-04:00,0.0740282,0.073966,yes
KXDOGE15M-26JUL150045,Target Price: $0.0738796,2026-07-15 00:30:00-04:00,2026-07-15 00:45:00-04:00,0.0739665,0.073879,yes
KXDOGE15M-26JUL150030,Target Price: $0.0740210,2026-07-15 00:15:00-04:00,2026-07-15 00:30:00-04:00,0.0738796,0.074021,no
KXDOGE15M-26JUL150015,Target Price: $0.0740070,2026-07-15 00:00:00-04:00,2026-07-15 00:15:00-04:00,0.0740210,0.074007,yes
KXDOGE15M-26JUL150000,Target Price: $0.0739494,2026-07-14 23:45:00-04:00,2026-07-15 00:00:00-04:00,0.0740070,0.073949,yes
KXDOGE15M-26JUL142345,Target Price: $0.0739026,2026-07-14 23:30:00-04:00,2026-07-14 23:45:00-04:00,0.0739494,0.073902,yes
KXDOGE15M-26JUL142330,Target Price: $0.0738202,2026-07-14 23:15:00-04:00,2026-07-14 23:30:00-04:00,0.0739026,0.07382,yes
KXDOGE15M-26JUL142315,Target Price: $0.0736949,2026-07-14 23:00:00-04:00,2026-07-14 23:15:00-04:00,0.0738202,0.073694,yes
KXDOGE15M-26JUL142300,Target Price: $0.0737331,2026-07-14 22:45:00-04:00,2026-07-14 23:00:00-04:00,0.0736949,0.073733,no
KXDOGE15M-26JUL142245,Target Price: $0.0737032,2026-07-14 22:30:00-04:00,2026-07-14 22:45:00-04:00,0.0737331,0.073703,yes
KXDOGE15M-26JUL142230,Target Price: $0.0739777,2026-07-14 22:15:00-04:00,2026-07-14 22:30:00-04:00,0.0737032,0.073977,no
KXDOGE15M-26JUL142215,Target Price: $0.0739671,2026-07-14 22:00:00-04:00,2026-07-14 22:15:00-04:00,0.0739777,0.073967,yes
KXDOGE15M-26JUL142200,Target Price: $0.0739509,2026-07-14 21:45:00-04:00,2026-07-14 22:00:00-04:00,0.0739671,0.07395,yes
KXDOGE15M-26JUL142145,Target Price: $0.0741109,2026-07-14 21:30:00-04:00,2026-07-14 21:45:00-04:00,0.0739509,0.07411,no
KXDOGE15M-26JUL142130,Target Price: $0.0739188,2026-07-14 21:15:00-04:00,2026-07-14 21:30:00-04:00,0.0741109,0.073918,yes
KXDOGE15M-26JUL142115,Target Price: $0.0740747,2026-07-14 21:00:00-04:00,2026-07-14 21:15:00-04:00,0.0739188,0.074074,no
KXDOGE15M-26JUL142100,Target Price: $0.0739703,2026-07-14 20:45:00-04:00,2026-07-14 21:00:00-04:00,0.0740747,0.07397,yes
KXDOGE15M-26JUL142045,Target Price: $0.0741201,2026-07-14 20:30:00-04:00,2026-07-14 20:45:00-04:00,0.0739703,0.07412,no
KXDOGE15M-26JUL142030,Target Price: $0.0743486,2026-07-14 20:15:00-04:00,2026-07-14 20:30:00-04:00,0.0741201,0.074348,no
KXDOGE15M-26JUL142015,Target Price: $0.0743745,2026-07-14 20:00:00-04:00,2026-07-14 20:15:00-04:00,0.0743486,0.074374,no
KXDOGE15M-26JUL142000,Target Price: $0.0743349,2026-07-14 19:45:00-04:00,2026-07-14 20:00:00-04:00,0.0743745,0.074334,yes
KXDOGE15M-26JUL141945,Target Price: $0.0742121,2026-07-14 19:30:00-04:00,2026-07-14 19:45:00-04:00,0.0743349,0.074212,yes
KXDOGE15M-26JUL141930,Target Price: $0.0743953,2026-07-14 19:15:00-04:00,2026-07-14 19:30:00-04:00,0.0742121,0.074395,no
KXDOGE15M-26JUL141915,Target Price: $0.0743142,2026-07-14 19:00:00-04:00,2026-07-14 19:15:00-04:00,0.0743953,0.074314,yes
KXDOGE15M-26JUL141900,Target Price: $0.0743816,2026-07-14 18:45:00-04:00,2026-07-14 19:00:00-04:00,0.0743142,0.074381,no
KXDOGE15M-26JUL141845,Target Price: $0.0743595,2026-07-14 18:30:00-04:00,2026-07-14 18:45:00-04:00,0.0743816,0.074359,yes
KXDOGE15M-26JUL141830,Target Price: $0.0740049,2026-07-14 18:15:00-04:00,2026-07-14 18:30:00-04:00,0.0743595,0.074004,yes
KXDOGE15M-26JUL141815,Target Price: $0.0742950,2026-07-14 18:00:00-04:00,2026-07-14 18:15:00-04:00,0.0740049,0.074295,no
KXDOGE15M-26JUL141800,Target Price: $0.0744240,2026-07-14 17:45:00-04:00,2026-07-14 18:00:00-04:00,0.0742950,0.074424,no
KXDOGE15M-26JUL141745,Target Price: $0.0744422,2026-07-14 17:30:00-04:00,2026-07-14 17:45:00-04:00,0.0744240,0.074442,no
KXDOGE15M-26JUL141730,Target Price: $0.0742603,2026-07-14 17:15:00-04:00,2026-07-14 17:30:00-04:00,0.0744422,0.07426,yes
KXDOGE15M-26JUL141715,Target Price: $0.0740752,2026-07-14 17:00:00-04:00,2026-07-14 17:15:00-04:00,0.0742603,0.074075,yes
KXDOGE15M-26JUL141700,Target Price: $0.0740386,2026-07-14 16:45:00-04:00,2026-07-14 17:00:00-04:00,0.0740752,0.074038,yes
KXDOGE15M-26JUL141645,Target Price: $0.0740803,2026-07-14 16:30:00-04:00,2026-07-14 16:45:00-04:00,0.0740386,0.07408,no
KXDOGE15M-26JUL141630,Target Price: $0.0741343,2026-07-14 16:15:00-04:00,2026-07-14 16:30:00-04:00,0.0740803,0.074134,no
KXDOGE15M-26JUL141615,Target Price: $0.0741937,2026-07-14 16:00:00-04:00,2026-07-14 16:15:00-04:00,0.0741343,0.074193,no
KXDOGE15M-26JUL141600,Target Price: $0.0741963,2026-07-14 15:45:00-04:00,2026-07-14 16:00:00-04:00,0.0741937,0.074196,no
KXDOGE15M-26JUL141545,Target Price: $0.0741958,2026-07-14 15:30:00-04:00,2026-07-14 15:45:00-04:00,0.0741963,0.074195,yes
KXDOGE15M-26JUL141530,Target Price: $0.0744109,2026-07-14 15:15:00-04:00,2026-07-14 15:30:00-04:00,0.0741958,0.07441,no
KXDOGE15M-26JUL141515,Target Price: $0.0744107,2026-07-14 15:00:00-04:00,2026-07-14 15:15:00-04:00,0.0744109,0.07441,yes
KXDOGE15M-26JUL141500,Target Price: $0.0742998,2026-07-14 14:45:00-04:00,2026-07-14 15:00:00-04:00,0.0744107,0.074299,yes
KXDOGE15M-26JUL141445,Target Price: $0.0742843,2026-07-14 14:30:00-04:00,2026-07-14 14:45:00-04:00,0.0742998,0.074284,yes
KXDOGE15M-26JUL141430,Target Price: $0.0742908,2026-07-14 14:15:00-04:00,2026-07-14 14:30:00-04:00,0.0742843,0.07429,no
KXDOGE15M-26JUL141415,Target Price: $0.0745220,2026-07-14 14:00:00-04:00,2026-07-14 14:15:00-04:00,0.0742908,0.074522,no
KXDOGE15M-26JUL141400,Target Price: $0.0744083,2026-07-14 13:45:00-04:00,2026-07-14 14:00:00-04:00,0.0745220,0.074408,yes
KXDOGE15M-26JUL141345,Target Price: $0.0744648,2026-07-14 13:30:00-04:00,2026-07-14 13:45:00-04:00,0.0744083,0.074464,no
KXDOGE15M-26JUL141330,Target Price: $0.0742961,2026-07-14 13:15:00-04:00,2026-07-14 13:30:00-04:00,0.0744648,0.074296,yes
KXDOGE15M-26JUL141315,Target Price: $0.0745373,2026-07-14 13:00:00-04:00,2026-07-14 13:15:00-04:00,0.0742961,0.074537,no
KXDOGE15M-26JUL141300,Target Price: $0.0747444,2026-07-14 12:45:00-04:00,2026-07-14 13:00:00-04:00,0.0745373,0.074744,no
KXDOGE15M-26JUL141245,Target Price: $0.0751194,2026-07-14 12:30:00-04:00,2026-07-14 12:45:00-04:00,0.0747444,0.075119,no
KXDOGE15M-26JUL141230,Target Price: $0.0752045,2026-07-14 12:15:00-04:00,2026-07-14 12:30:00-04:00,0.0751194,0.075204,no
KXDOGE15M-26JUL141215,Target Price: $0.0748661,2026-07-14 12:00:00-04:00,2026-07-14 12:15:00-04:00,0.0752045,0.074866,yes
KXDOGE15M-26JUL141200,Target Price: $0.0749891,2026-07-14 11:45:00-04:00,2026-07-14 12:00:00-04:00,0.0748661,0.074989,no
KXDOGE15M-26JUL141145,Target Price: $0.0746303,2026-07-14 11:30:00-04:00,2026-07-14 11:45:00-04:00,0.0749891,0.07463,yes
KXDOGE15M-26JUL141130,Target Price: $0.0743643,2026-07-14 11:15:00-04:00,2026-07-14 11:30:00-04:00,0.0746303,0.074364,yes
KXDOGE15M-26JUL141115,Target Price: $0.0744216,2026-07-14 11:00:00-04:00,2026-07-14 11:15:00-04:00,0.0743643,0.074421,no
KXDOGE15M-26JUL141100,Target Price: $0.0740058,2026-07-14 10:45:00-04:00,2026-07-14 11:00:00-04:00,0.0744216,0.074005,yes
KXDOGE15M-26JUL141045,Target Price: $0.0738720,2026-07-14 10:30:00-04:00,2026-07-14 10:45:00-04:00,0.0740058,0.073872,yes
KXDOGE15M-26JUL141030,Target Price: $0.0738720,2026-07-14 10:15:00-04:00,2026-07-14 10:30:00-04:00,0.0738720,0.073872,yes
KXDOGE15M-26JUL141015,Target Price: $0.0738171,2026-07-14 10:00:00-04:00,2026-07-14 10:15:00-04:00,0.0738720,0.073817,yes
KXDOGE15M-26JUL141000,Target Price: $0.0737962,2026-07-14 09:45:00-04:00,2026-07-14 10:00:00-04:00,0.0738171,0.073796,yes
KXDOGE15M-26JUL140945,Target Price: $0.0738920,2026-07-14 09:30:00-04:00,2026-07-14 09:45:00-04:00,0.0737962,0.073892,no
KXDOGE15M-26JUL140930,Target Price: $0.0731725,2026-07-14 09:15:00-04:00,2026-07-14 09:30:00-04:00,0.0738920,0.073172,yes
KXDOGE15M-26JUL140915,Target Price: $0.0733228,2026-07-14 09:00:00-04:00,2026-07-14 09:15:00-04:00,0.0731725,0.073322,no
KXDOGE15M-26JUL140900,Target Price: $0.0729062,2026-07-14 08:45:00-04:00,2026-07-14 09:00:00-04:00,0.0733228,0.072906,yes
KXDOGE15M-26JUL140845,Target Price: $0.0722190,2026-07-14 08:30:00-04:00,2026-07-14 08:45:00-04:00,0.0729062,0.072219,yes
KXDOGE15M-26JUL140830,Target Price: $0.0721132,2026-07-14 08:15:00-04:00,2026-07-14 08:30:00-04:00,0.0722190,0.072113,yes
KXDOGE15M-26JUL140815,Target Price: $0.0721873,2026-07-14 08:00:00-04:00,2026-07-14 08:15:00-04:00,0.0721132,0.072187,no
KXDOGE15M-26JUL140800,Target Price: $0.0721994,2026-07-14 07:45:00-04:00,2026-07-14 08:00:00-04:00,0.0721873,0.072199,no
KXDOGE15M-26JUL140745,Target Price: $0.0722279,2026-07-14 07:30:00-04:00,2026-07-14 07:45:00-04:00,0.0721994,0.072227,no
KXDOGE15M-26JUL140730,Target Price: $0.0721633,2026-07-14 07:15:00-04:00,2026-07-14 07:30:00-04:00,0.0722279,0.072163,yes
KXDOGE15M-26JUL140715,Target Price: $0.0722049,2026-07-14 07:00:00-04:00,2026-07-14 07:15:00-04:00,0.0721633,0.072204,no
KXDOGE15M-26JUL140700,Target Price: $0.0720860,2026-07-14 06:45:00-04:00,2026-07-14 07:00:00-04:00,0.0722049,0.072086,yes
KXDOGE15M-26JUL140645,Target Price: $0.0719940,2026-07-14 06:30:00-04:00,2026-07-14 06:45:00-04:00,0.0720860,0.071994,yes
KXDOGE15M-26JUL140630,Target Price: $0.0721351,2026-07-14 06:15:00-04:00,2026-07-14 06:30:00-04:00,0.0719940,0.072135,no
KXDOGE15M-26JUL140615,Target Price: $0.0720069,2026-07-14 06:00:00-04:00,2026-07-14 06:15:00-04:00,0.0721351,0.072006,yes
KXDOGE15M-26JUL140600,Target Price: $0.0720828,2026-07-14 05:45:00-04:00,2026-07-14 06:00:00-04:00,0.0720069,0.072082,no
KXDOGE15M-26JUL140545,Target Price: $0.0721020,2026-07-14 05:30:00-04:00,2026-07-14 05:45:00-04:00,0.0720828,0.072102,no
KXDOGE15M-26JUL140530,Target Price: $0.0721209,2026-07-14 05:15:00-04:00,2026-07-14 05:30:00-04:00,0.0721020,0.07212,no
KXDOGE15M-26JUL140515,Target Price: $0.0720389,2026-07-14 05:00:00-04:00,2026-07-14 05:15:00-04:00,0.0721209,0.072038,yes
KXDOGE15M-26JUL140500,Target Price: $0.0721813,2026-07-14 04:45:00-04:00,2026-07-14 05:00:00-04:00,0.0720389,0.072181,no
KXDOGE15M-26JUL140445,Target Price: $0.0720962,2026-07-14 04:30:00-04:00,2026-07-14 04:45:00-04:00,0.0721813,0.072096,yes
KXDOGE15M-26JUL140430,Target Price: $0.0720453,2026-07-14 04:15:00-04:00,2026-07-14 04:30:00-04:00,0.0720962,0.072045,yes
KXDOGE15M-26JUL140415,Target Price: $0.0720859,2026-07-14 04:00:00-04:00,2026-07-14 04:15:00-04:00,0.0720453,0.072085,no
KXDOGE15M-26JUL140400,Target Price: $0.0720934,2026-07-14 03:45:00-04:00,2026-07-14 04:00:00-04:00,0.0720859,0.072093,no
KXDOGE15M-26JUL140345,Target Price: $0.0722524,2026-07-14 03:30:00-04:00,2026-07-14 03:45:00-04:00,0.0720934,0.072252,no
KXDOGE15M-26JUL140330,Target Price: $0.0721070,2026-07-14 03:15:00-04:00,2026-07-14 03:30:00-04:00,0.0722524,0.072107,yes
KXDOGE15M-26JUL140315,Target Price: $0.0722213,2026-07-14 03:00:00-04:00,2026-07-14 03:15:00-04:00,0.0721070,0.072221,no
KXDOGE15M-26JUL140300,Target Price: $0.0722437,2026-07-14 02:45:00-04:00,2026-07-14 03:00:00-04:00,0.0722213,0.072243,no
KXDOGE15M-26JUL140245,Target Price: $0.0722576,2026-07-14 02:30:00-04:00,2026-07-14 02:45:00-04:00,0.0722437,0.072257,no
KXDOGE15M-26JUL140230,Target Price: $0.0722798,2026-07-14 02:15:00-04:00,2026-07-14 02:30:00-04:00,0.0722576,0.072279,no
KXDOGE15M-26JUL140215,Target Price: $0.0722679,2026-07-14 02:00:00-04:00,2026-07-14 02:15:00-04:00,0.0722798,0.072267,yes
KXDOGE15M-26JUL140200,Target Price: $0.0721840,2026-07-14 01:45:00-04:00,2026-07-14 02:00:00-04:00,0.0722679,0.072184,yes
KXDOGE15M-26JUL140145,Target Price: $0.0722411,2026-07-14 01:30:00-04:00,2026-07-14 01:45:00-04:00,0.0721840,0.072241,no
KXDOGE15M-26JUL140130,Target Price: $0.0722337,2026-07-14 01:15:00-04:00,2026-07-14 01:30:00-04:00,0.0722411,0.072233,yes
KXDOGE15M-26JUL140115,Target Price: $0.0720057,2026-07-14 01:00:00-04:00,2026-07-14 01:15:00-04:00,0.0722337,0.072005,yes
KXDOGE15M-26JUL140100,Target Price: $0.0720331,2026-07-14 00:45:00-04:00,2026-07-14 01:00:00-04:00,0.0720057,0.072033,no
KXDOGE15M-26JUL140045,Target Price: $0.0719869,2026-07-14 00:30:00-04:00,2026-07-14 00:45:00-04:00,0.0720331,0.071986,yes
KXDOGE15M-26JUL140030,Target Price: $0.0719130,2026-07-14 00:15:00-04:00,2026-07-14 00:30:00-04:00,0.0719869,0.071913,yes
KXDOGE15M-26JUL140015,Target Price: $0.0719633,2026-07-14 00:00:00-04:00,2026-07-14 00:15:00-04:00,0.0719130,0.071963,no
KXDOGE15M-26JUL140000,Target Price: $0.0718610,2026-07-13 23:45:00-04:00,2026-07-14 00:00:00-04:00,0.0719633,0.071861,yes
KXDOGE15M-26JUL132345,Target Price: $0.0715651,2026-07-13 23:30:00-04:00,2026-07-13 23:45:00-04:00,0.0718610,0.071565,yes
KXDOGE15M-26JUL132330,Target Price: $0.0716922,2026-07-13 23:15:00-04:00,2026-07-13 23:30:00-04:00,0.0715651,0.071692,no
KXDOGE15M-26JUL132315,Target Price: $0.0717474,2026-07-13 23:00:00-04:00,2026-07-13 23:15:00-04:00,0.0716922,0.071747,no
KXDOGE15M-26JUL132300,Target Price: $0.0719377,2026-07-13 22:45:00-04:00,2026-07-13 23:00:00-04:00,0.0717474,0.071937,no
KXDOGE15M-26JUL132245,Target Price: $0.0717322,2026-07-13 22:30:00-04:00,2026-07-13 22:45:00-04:00,0.0719377,0.071732,yes
KXDOGE15M-26JUL132230,Target Price: $0.0718660,2026-07-13 22:15:00-04:00,2026-07-13 22:30:00-04:00,0.0717322,0.071866,no
KXDOGE15M-26JUL132215,Target Price: $0.0718458,2026-07-13 22:00:00-04:00,2026-07-13 22:15:00-04:00,0.0718660,0.071845,yes
KXDOGE15M-26JUL132200,Target Price: $0.0719552,2026-07-13 21:45:00-04:00,2026-07-13 22:00:00-04:00,0.0718458,0.071955,no
KXDOGE15M-26JUL132145,Target Price: $0.0720187,2026-07-13 21:30:00-04:00,2026-07-13 21:45:00-04:00,0.0719552,0.072018,no
KXDOGE15M-26JUL132130,Target Price: $0.0720225,2026-07-13 21:15:00-04:00,2026-07-13 21:30:00-04:00,0.0720187,0.072022,no
KXDOGE15M-26JUL132115,Target Price: $0.0722770,2026-07-13 21:00:00-04:00,2026-07-13 21:15:00-04:00,0.0720225,0.072277,no
KXDOGE15M-26JUL132100,Target Price: $0.0718952,2026-07-13 20:45:00-04:00,2026-07-13 21:00:00-04:00,0.0722770,0.071895,yes
KXDOGE15M-26JUL132045,Target Price: $0.0719948,2026-07-13 20:30:00-04:00,2026-07-13 20:45:00-04:00,0.0718952,0.071994,no
KXDOGE15M-26JUL132030,Target Price: $0.0720792,2026-07-13 20:15:00-04:00,2026-07-13 20:30:00-04:00,0.0719948,0.072079,no
KXDOGE15M-26JUL132015,Target Price: $0.0718714,2026-07-13 20:00:00-04:00,2026-07-13 20:15:00-04:00,0.0720792,0.071871,yes
KXDOGE15M-26JUL132000,Target Price: $0.0716255,2026-07-13 19:45:00-04:00,2026-07-13 20:00:00-04:00,0.0718714,0.071625,yes
KXDOGE15M-26JUL131945,Target Price: $0.0715705,2026-07-13 19:30:00-04:00,2026-07-13 19:45:00-04:00,0.0716255,0.07157,yes
KXDOGE15M-26JUL131930,Target Price: $0.0713449,2026-07-13 19:15:00-04:00,2026-07-13 19:30:00-04:00,0.0715705,0.071344,yes
KXDOGE15M-26JUL131915,Target Price: $0.0712791,2026-07-13 19:00:00-04:00,2026-07-13 19:15:00-04:00,0.0713449,0.071279,yes
KXDOGE15M-26JUL131900,Target Price: $0.0715393,2026-07-13 18:45:00-04:00,2026-07-13 19:00:00-04:00,0.0712791,0.071539,no
KXDOGE15M-26JUL131845,Target Price: $0.0716358,2026-07-13 18:30:00-04:00,2026-07-13 18:45:00-04:00,0.0715393,0.071635,no
KXDOGE15M-26JUL131830,Target Price: $0.0716070,2026-07-13 18:15:00-04:00,2026-07-13 18:30:00-04:00,0.0716358,0.071607,yes
KXDOGE15M-26JUL131815,Target Price: $0.0714611,2026-07-13 18:00:00-04:00,2026-07-13 18:15:00-04:00,0.0716070,0.071461,yes
KXDOGE15M-26JUL131800,Target Price: $0.0712035,2026-07-13 17:45:00-04:00,2026-07-13 18:00:00-04:00,0.0714611,0.071203,yes
KXDOGE15M-26JUL131745,Target Price: $0.0714155,2026-07-13 17:30:00-04:00,2026-07-13 17:45:00-04:00,0.0712035,0.071415,no
KXDOGE15M-26JUL131730,Target Price: $0.0715715,2026-07-13 17:15:00-04:00,2026-07-13 17:30:00-04:00,0.0714155,0.071571,no
KXDOGE15M-26JUL131715,Target Price: $0.0717154,2026-07-13 17:00:00-04:00,2026-07-13 17:15:00-04:00,0.0715715,0.071715,no
KXDOGE15M-26JUL131700,Target Price: $0.0716706,2026-07-13 16:45:00-04:00,2026-07-13 17:00:00-04:00,0.0717154,0.07167,yes
KXDOGE15M-26JUL131645,Target Price: $0.0718401,2026-07-13 16:30:00-04:00,2026-07-13 16:45:00-04:00,0.0716706,0.07184,no
KXDOGE15M-26JUL131630,Target Price: $0.0717435,2026-07-13 16:15:00-04:00,2026-07-13 16:30:00-04:00,0.0718401,0.071743,yes
KXDOGE15M-26JUL131615,Target Price: $0.0717602,2026-07-13 16:00:00-04:00,2026-07-13 16:15:00-04:00,0.0717435,0.07176,no
KXDOGE15M-26JUL131600,Target Price: $0.0716219,2026-07-13 15:45:00-04:00,2026-07-13 16:00:00-04:00,0.0717602,0.071621,yes
KXDOGE15M-26JUL131545,Target Price: $0.0713219,2026-07-13 15:30:00-04:00,2026-07-13 15:45:00-04:00,0.0716219,0.071321,yes
KXDOGE15M-26JUL131530,Target Price: $0.0713831,2026-07-13 15:15:00-04:00,2026-07-13 15:30:00-04:00,0.0713219,0.071383,no
KXDOGE15M-26JUL131515,Target Price: $0.0712895,2026-07-13 15:00:00-04:00,2026-07-13 15:15:00-04:00,0.0713831,0.071289,yes
KXDOGE15M-26JUL131500,Target Price: $0.0711922,2026-07-13 14:45:00-04:00,2026-07-13 15:00:00-04:00,0.0712895,0.071192,yes
KXDOGE15M-26JUL131445,Target Price: $0.0711184,2026-07-13 14:30:00-04:00,2026-07-13 14:45:00-04:00,0.0711922,0.071118,yes
KXDOGE15M-26JUL131430,Target Price: $0.0710618,2026-07-13 14:15:00-04:00,2026-07-13 14:30:00-04:00,0.0711184,0.071061,yes
KXDOGE15M-26JUL131415,Target Price: $0.0709742,2026-07-13 14:00:00-04:00,2026-07-13 14:15:00-04:00,0.0710618,0.070974,yes
KXDOGE15M-26JUL131400,Target Price: $0.0713963,2026-07-13 13:45:00-04:00,2026-07-13 14:00:00-04:00,0.0709742,0.071396,no
KXDOGE15M-26JUL131345,Target Price: $0.0716545,2026-07-13 13:30:00-04:00,2026-07-13 13:45:00-04:00,0.0713963,0.071654,no
KXDOGE15M-26JUL131330,Target Price: $0.0716651,2026-07-13 13:15:00-04:00,2026-07-13 13:30:00-04:00,0.0716545,0.071665,no
KXDOGE15M-26JUL131315,Target Price: $0.0715888,2026-07-13 13:00:00-04:00,2026-07-13 13:15:00-04:00,0.0716651,0.071588,yes
KXDOGE15M-26JUL131300,Target Price: $0.0717718,2026-07-13 12:45:00-04:00,2026-07-13 13:00:00-04:00,0.0715888,0.071771,no
KXDOGE15M-26JUL131245,Target Price: $0.0716934,2026-07-13 12:30:00-04:00,2026-07-13 12:45:00-04:00,0.0717718,0.071693,yes
KXDOGE15M-26JUL131230,Target Price: $0.0720281,2026-07-13 12:15:00-04:00,2026-07-13 12:30:00-04:00,0.0716934,0.072028,no
KXDOGE15M-26JUL131215,Target Price: $0.0720307,2026-07-13 12:00:00-04:00,2026-07-13 12:15:00-04:00,0.0720281,0.07203,no
KXDOGE15M-26JUL131200,Target Price: $0.0720461,2026-07-13 11:45:00-04:00,2026-07-13 12:00:00-04:00,0.0720307,0.072046,no
KXDOGE15M-26JUL131145,Target Price: $0.0723759,2026-07-13 11:30:00-04:00,2026-07-13 11:45:00-04:00,0.0720461,0.072375,no
KXDOGE15M-26JUL131130,Target Price: $0.0723000,2026-07-13 11:15:00-04:00,2026-07-13 11:30:00-04:00,0.0723759,0.0723,yes
KXDOGE15M-26JUL131115,Target Price: $0.0724702,2026-07-13 11:00:00-04:00,2026-07-13 11:15:00-04:00,0.0723000,0.07247,no
KXDOGE15M-26JUL131100,Target Price: $0.0723120,2026-07-13 10:45:00-04:00,2026-07-13 11:00:00-04:00,0.0724702,0.072312,yes
KXDOGE15M-26JUL131045,Target Price: $0.0722396,2026-07-13 10:30:00-04:00,2026-07-13 10:45:00-04:00,0.0723120,0.072239,yes
KXDOGE15M-26JUL131030,Target Price: $0.0722499,2026-07-13 10:15:00-04:00,2026-07-13 10:30:00-04:00,0.0722396,0.072249,no
KXDOGE15M-26JUL131015,Target Price: $0.0720658,2026-07-13 10:00:00-04:00,2026-07-13 10:15:00-04:00,0.0722499,0.072065,yes
KXDOGE15M-26JUL131000,Target Price: $0.0720014,2026-07-13 09:45:00-04:00,2026-07-13 10:00:00-04:00,0.0720658,0.072001,yes
KXDOGE15M-26JUL130945,Target Price: $0.0721213,2026-07-13 09:30:00-04:00,2026-07-13 09:45:00-04:00,0.0720014,0.072121,no
KXDOGE15M-26JUL130930,Target Price: $0.0720208,2026-07-13 09:15:00-04:00,2026-07-13 09:30:00-04:00,0.0721213,0.07202,yes
KXDOGE15M-26JUL130915,Target Price: $0.0720577,2026-07-13 09:00:00-04:00,2026-07-13 09:15:00-04:00,0.0720208,0.072057,no
KXDOGE15M-26JUL130900,Target Price: $0.0720182,2026-07-13 08:45:00-04:00,2026-07-13 09:00:00-04:00,0.0720577,0.072018,yes
KXDOGE15M-26JUL130845,Target Price: $0.0721086,2026-07-13 08:30:00-04:00,2026-07-13 08:45:00-04:00,0.0720182,0.072108,no
KXDOGE15M-26JUL130830,Target Price: $0.0721958,2026-07-13 08:15:00-04:00,2026-07-13 08:30:00-04:00,0.0721086,0.072195,no
KXDOGE15M-26JUL130815,Target Price: $0.0722345,2026-07-13 08:00:00-04:00,2026-07-13 08:15:00-04:00,0.0721958,0.072234,no
KXDOGE15M-26JUL130800,Target Price: $0.0722603,2026-07-13 07:45:00-04:00,2026-07-13 08:00:00-04:00,0.0722345,0.07226,no
KXDOGE15M-26JUL130745,Target Price: $0.0723572,2026-07-13 07:30:00-04:00,2026-07-13 07:45:00-04:00,0.0722603,0.072357,no
KXDOGE15M-26JUL130730,Target Price: $0.0723681,2026-07-13 07:15:00-04:00,2026-07-13 07:30:00-04:00,0.0723572,0.072368,no
KXDOGE15M-26JUL130715,Target Price: $0.0721195,2026-07-13 07:00:00-04:00,2026-07-13 07:15:00-04:00,0.0723681,0.072119,yes
KXDOGE15M-26JUL130700,Target Price: $0.0721060,2026-07-13 06:45:00-04:00,2026-07-13 07:00:00-04:00,0.0721195,0.072106,yes
KXDOGE15M-26JUL130645,Target Price: $0.0721499,2026-07-13 06:30:00-04:00,2026-07-13 06:45:00-04:00,0.0721060,0.072149,no
KXDOGE15M-26JUL130630,Target Price: $0.0722030,2026-07-13 06:15:00-04:00,2026-07-13 06:30:00-04:00,0.0721499,0.072203,no
KXDOGE15M-26JUL130615,Target Price: $0.0723222,2026-07-13 06:00:00-04:00,2026-07-13 06:15:00-04:00,0.0722030,0.072322,no
KXDOGE15M-26JUL130600,Target Price: $0.0723236,2026-07-13 05:45:00-04:00,2026-07-13 06:00:00-04:00,0.0723222,0.072323,no
KXDOGE15M-26JUL130545,Target Price: $0.0723958,2026-07-13 05:30:00-04:00,2026-07-13 05:45:00-04:00,0.0723236,0.072395,no
KXDOGE15M-26JUL130530,Target Price: $0.0724640,2026-07-13 05:15:00-04:00,2026-07-13 05:30:00-04:00,0.0723958,0.072464,no
KXDOGE15M-26JUL130515,Target Price: $0.0725032,2026-07-13 05:00:00-04:00,2026-07-13 05:15:00-04:00,0.0724640,0.072503,no
KXDOGE15M-26JUL130500,Target Price: $0.0724490,2026-07-13 04:45:00-04:00,2026-07-13 05:00:00-04:00,0.0725032,0.072449,yes
KXDOGE15M-26JUL130445,Target Price: $0.0723595,2026-07-13 04:30:00-04:00,2026-07-13 04:45:00-04:00,0.0724490,0.072359,yes
KXDOGE15M-26JUL130430,Target Price: $0.0723653,2026-07-13 04:15:00-04:00,2026-07-13 04:30:00-04:00,0.0723595,0.072365,no
KXDOGE15M-26JUL130415,Target Price: $0.0723076,2026-07-13 04:00:00-04:00,2026-07-13 04:15:00-04:00,0.0723653,0.072307,yes
KXDOGE15M-26JUL130400,Target Price: $0.0723683,2026-07-13 03:45:00-04:00,2026-07-13 04:00:00-04:00,0.0723076,0.072368,no
KXDOGE15M-26JUL130345,Target Price: $0.0724187,2026-07-13 03:30:00-04:00,2026-07-13 03:45:00-04:00,0.0723683,0.072418,no
KXDOGE15M-26JUL130330,Target Price: $0.0723259,2026-07-13 03:15:00-04:00,2026-07-13 03:30:00-04:00,0.0724187,0.072325,yes
KXDOGE15M-26JUL130315,Target Price: $0.0722954,2026-07-13 03:00:00-04:00,2026-07-13 03:15:00-04:00,0.0723259,0.072295,yes
KXDOGE15M-26JUL130300,Target Price: $0.0722365,2026-07-13 02:45:00-04:00,2026-07-13 03:00:00-04:00,0.0722954,0.072236,yes
KXDOGE15M-26JUL130245,Target Price: $0.0722306,2026-07-13 02:30:00-04:00,2026-07-13 02:45:00-04:00,0.0722365,0.07223,yes
KXDOGE15M-26JUL130230,Target Price: $0.0721094,2026-07-13 02:15:00-04:00,2026-07-13 02:30:00-04:00,0.0722306,0.072109,yes
KXDOGE15M-26JUL130215,Target Price: $0.0722505,2026-07-13 02:00:00-04:00,2026-07-13 02:15:00-04:00,0.0721094,0.07225,no
KXDOGE15M-26JUL130200,Target Price: $0.0723247,2026-07-13 01:45:00-04:00,2026-07-13 02:00:00-04:00,0.0722505,0.072324,no
KXDOGE15M-26JUL130145,Target Price: $0.0721164,2026-07-13 01:30:00-04:00,2026-07-13 01:45:00-04:00,0.0723247,0.072116,yes
KXDOGE15M-26JUL130130,Target Price: $0.0722939,2026-07-13 01:15:00-04:00,2026-07-13 01:30:00-04:00,0.0721164,0.072293,no
KXDOGE15M-26JUL130115,Target Price: $0.0720117,2026-07-13 01:00:00-04:00,2026-07-13 01:15:00-04:00,0.0722939,0.072011,yes
KXDOGE15M-26JUL130100,Target Price: $0.0720703,2026-07-13 00:45:00-04:00,2026-07-13 01:00:00-04:00,0.0720117,0.07207,no
KXDOGE15M-26JUL130045,Target Price: $0.0721529,2026-07-13 00:30:00-04:00,2026-07-13 00:45:00-04:00,0.0720703,0.072152,no
KXDOGE15M-26JUL130030,Target Price: $0.0720322,2026-07-13 00:15:00-04:00,2026-07-13 00:30:00-04:00,0.0721529,0.072032,yes
KXDOGE15M-26JUL130015,Target Price: $0.0720481,2026-07-13 00:00:00-04:00,2026-07-13 00:15:00-04:00,0.0720322,0.072048,no
KXDOGE15M-26JUL130000,Target Price: $0.0718436,2026-07-12 23:45:00-04:00,2026-07-13 00:00:00-04:00,0.0720481,0.071843,yes
KXDOGE15M-26JUL122345,Target Price: $0.0722713,2026-07-12 23:30:00-04:00,2026-07-12 23:45:00-04:00,0.0718436,0.072271,no
KXDOGE15M-26JUL122330,Target Price: $0.0720479,2026-07-12 23:15:00-04:00,2026-07-12 23:30:00-04:00,0.0722713,0.072047,yes
KXDOGE15M-26JUL122315,Target Price: $0.0727370,2026-07-12 23:00:00-04:00,2026-07-12 23:15:00-04:00,0.0720479,0.072737,no
KXDOGE15M-26JUL122300,Target Price: $0.0727635,2026-07-12 22:45:00-04:00,2026-07-12 23:00:00-04:00,0.0727370,0.072763,no
KXDOGE15M-26JUL122245,Target Price: $0.0727803,2026-07-12 22:30:00-04:00,2026-07-12 22:45:00-04:00,0.0727635,0.07278,no
KXDOGE15M-26JUL122230,Target Price: $0.0726598,2026-07-12 22:15:00-04:00,2026-07-12 22:30:00-04:00,0.0727803,0.072659,yes
KXDOGE15M-26JUL122215,Target Price: $0.0725043,2026-07-12 22:00:00-04:00,2026-07-12 22:15:00-04:00,0.0726598,0.072504,yes
KXDOGE15M-26JUL122200,Target Price: $0.0730929,2026-07-12 21:45:00-04:00,2026-07-12 22:00:00-04:00,0.0725043,0.073092,no
KXDOGE15M-26JUL122145,Target Price: $0.0729660,2026-07-12 21:30:00-04:00,2026-07-12 21:45:00-04:00,0.0730929,0.072966,yes
KXDOGE15M-26JUL122130,Target Price: $0.0731903,2026-07-12 21:15:00-04:00,2026-07-12 21:30:00-04:00,0.0729660,0.07319,no
KXDOGE15M-26JUL122115,Target Price: $0.0733986,2026-07-12 21:00:00-04:00,2026-07-12 21:15:00-04:00,0.0731903,0.073398,no
KXDOGE15M-26JUL122100,Target Price: $0.0729757,2026-07-12 20:45:00-04:00,2026-07-12 21:00:00-04:00,0.0733986,0.072975,yes
KXDOGE15M-26JUL122045,Target Price: $0.0735432,2026-07-12 20:30:00-04:00,2026-07-12 20:45:00-04:00,0.0729757,0.073543,no
KXDOGE15M-26JUL122030,Target Price: $0.0738733,2026-07-12 20:15:00-04:00,2026-07-12 20:30:00-04:00,0.0735432,0.073873,no
KXDOGE15M-26JUL122015,Target Price: $0.0726819,2026-07-12 20:00:00-04:00,2026-07-12 20:15:00-04:00,0.0738733,0.072681,yes
KXDOGE15M-26JUL122000,Target Price: $0.0726798,2026-07-12 19:45:00-04:00,2026-07-12 20:00:00-04:00,0.0726819,0.072679,yes
KXDOGE15M-26JUL121945,Target Price: $0.0726903,2026-07-12 19:30:00-04:00,2026-07-12 19:45:00-04:00,0.0726798,0.07269,no
KXDOGE15M-26JUL121930,Target Price: $0.0726053,2026-07-12 19:15:00-04:00,2026-07-12 19:30:00-04:00,0.0726903,0.072605,yes
KXDOGE15M-26JUL121915,Target Price: $0.0727145,2026-07-12 19:00:00-04:00,2026-07-12 19:15:00-04:00,0.0726053,0.072714,no
KXDOGE15M-26JUL121900,Target Price: $0.0725112,2026-07-12 18:45:00-04:00,2026-07-12 19:00:00-04:00,0.0727145,0.072511,yes
KXDOGE15M-26JUL121845,Target Price: $0.0726018,2026-07-12 18:30:00-04:00,2026-07-12 18:45:00-04:00,0.0725112,0.072601,no
KXDOGE15M-26JUL121830,Target Price: $0.0726914,2026-07-12 18:15:00-04:00,2026-07-12 18:30:00-04:00,0.0726018,0.072691,no
KXDOGE15M-26JUL121815,Target Price: $0.0730835,2026-07-12 18:00:00-04:00,2026-07-12 18:15:00-04:00,0.0726914,0.073083,no
KXDOGE15M-26JUL121800,Target Price: $0.0731545,2026-07-12 17:45:00-04:00,2026-07-12 18:00:00-04:00,0.0730835,0.073154,no
KXDOGE15M-26JUL121745,Target Price: $0.0731005,2026-07-12 17:30:00-04:00,2026-07-12 17:45:00-04:00,0.0731545,0.0731,yes
KXDOGE15M-26JUL121730,Target Price: $0.0734008,2026-07-12 17:15:00-04:00,2026-07-12 17:30:00-04:00,0.0731005,0.0734,no
KXDOGE15M-26JUL121715,Target Price: $0.0733975,2026-07-12 17:00:00-04:00,2026-07-12 17:15:00-04:00,0.0734008,0.073397,yes
KXDOGE15M-26JUL121700,Target Price: $0.0735372,2026-07-12 16:45:00-04:00,2026-07-12 17:00:00-04:00,0.0733975,0.073537,no
KXDOGE15M-26JUL121645,Target Price: $0.0734601,2026-07-12 16:30:00-04:00,2026-07-12 16:45:00-04:00,0.0735372,0.07346,yes
KXDOGE15M-26JUL121630,Target Price: $0.0735157,2026-07-12 16:15:00-04:00,2026-07-12 16:30:00-04:00,0.0734601,0.073515,no
KXDOGE15M-26JUL121615,Target Price: $0.0736088,2026-07-12 16:00:00-04:00,2026-07-12 16:15:00-04:00,0.0735157,0.073608,no
KXDOGE15M-26JUL121600,Target Price: $0.0734343,2026-07-12 15:45:00-04:00,2026-07-12 16:00:00-04:00,0.0736088,0.073434,yes
KXDOGE15M-26JUL121545,Target Price: $0.0735641,2026-07-12 15:30:00-04:00,2026-07-12 15:45:00-04:00,0.0734343,0.073564,no
KXDOGE15M-26JUL121530,Target Price: $0.0736339,2026-07-12 15:15:00-04:00,2026-07-12 15:30:00-04:00,0.0735641,0.073633,no
KXDOGE15M-26JUL121515,Target Price: $0.0736032,2026-07-12 15:00:00-04:00,2026-07-12 15:15:00-04:00,0.0736339,0.073603,yes
KXDOGE15M-26JUL121500,Target Price: $0.0735610,2026-07-12 14:45:00-04:00,2026-07-12 15:00:00-04:00,0.0736032,0.073561,yes
KXDOGE15M-26JUL121445,Target Price: $0.0734956,2026-07-12 14:30:00-04:00,2026-07-12 14:45:00-04:00,0.0735610,0.073495,yes
KXDOGE15M-26JUL121430,Target Price: $0.0733448,2026-07-12 14:15:00-04:00,2026-07-12 14:30:00-04:00,0.0734956,0.073344,yes
KXDOGE15M-26JUL121415,Target Price: $0.0733735,2026-07-12 14:00:00-04:00,2026-07-12 14:15:00-04:00,0.0733448,0.073373,no
KXDOGE15M-26JUL121400,Target Price: $0.0735931,2026-07-12 13:45:00-04:00,2026-07-12 14:00:00-04:00,0.0733735,0.073593,no
KXDOGE15M-26JUL121345,Target Price: $0.0734755,2026-07-12 13:30:00-04:00,2026-07-12 13:45:00-04:00,0.0735931,0.073475,yes
KXDOGE15M-26JUL121330,Target Price: $0.0735455,2026-07-12 13:15:00-04:00,2026-07-12 13:30:00-04:00,0.0734755,0.073545,no
KXDOGE15M-26JUL121315,Target Price: $0.0736005,2026-07-12 13:00:00-04:00,2026-07-12 13:15:00-04:00,0.0735455,0.0736,no
KXDOGE15M-26JUL121300,Target Price: $0.0735078,2026-07-12 12:45:00-04:00,2026-07-12 13:00:00-04:00,0.0736005,0.073507,yes
KXDOGE15M-26JUL121245,Target Price: $0.0736052,2026-07-12 12:30:00-04:00,2026-07-12 12:45:00-04:00,0.0735078,0.073605,no
KXDOGE15M-26JUL121230,Target Price: $0.0735186,2026-07-12 12:15:00-04:00,2026-07-12 12:30:00-04:00,0.0736052,0.073518,yes
KXDOGE15M-26JUL121215,Target Price: $0.0736590,2026-07-12 12:00:00-04:00,2026-07-12 12:15:00-04:00,0.0735186,0.073659,no
KXDOGE15M-26JUL121200,Target Price: $0.0736451,2026-07-12 11:45:00-04:00,2026-07-12 12:00:00-04:00,0.0736590,0.073645,yes
KXDOGE15M-26JUL121145,Target Price: $0.0737655,2026-07-12 11:30:00-04:00,2026-07-12 11:45:00-04:00,0.0736451,0.073765,no
KXDOGE15M-26JUL121130,Target Price: $0.0736516,2026-07-12 11:15:00-04:00,2026-07-12 11:30:00-04:00,0.0737655,0.073651,yes
KXDOGE15M-26JUL121115,Target Price: $0.0737045,2026-07-12 11:00:00-04:00,2026-07-12 11:15:00-04:00,0.0736516,0.073704,no
KXDOGE15M-26JUL121100,Target Price: $0.0733919,2026-07-12 10:45:00-04:00,2026-07-12 11:00:00-04:00,0.0737045,0.073391,yes
KXDOGE15M-26JUL121045,Target Price: $0.0731563,2026-07-12 10:30:00-04:00,2026-07-12 10:45:00-04:00,0.0733919,0.073156,yes
KXDOGE15M-26JUL121030,Target Price: $0.0732489,2026-07-12 10:15:00-04:00,2026-07-12 10:30:00-04:00,0.0731563,0.073248,no
KXDOGE15M-26JUL121015,Target Price: $0.0732340,2026-07-12 10:00:00-04:00,2026-07-12 10:15:00-04:00,0.0732489,0.073234,yes
KXDOGE15M-26JUL121000,Target Price: $0.0733678,2026-07-12 09:45:00-04:00,2026-07-12 10:00:00-04:00,0.0732340,0.073367,no
KXDOGE15M-26JUL120945,Target Price: $0.0734224,2026-07-12 09:30:00-04:00,2026-07-12 09:45:00-04:00,0.0733678,0.073422,no
KXDOGE15M-26JUL120930,Target Price: $0.0734730,2026-07-12 09:15:00-04:00,2026-07-12 09:30:00-04:00,0.0734224,0.073473,no
KXDOGE15M-26JUL120915,Target Price: $0.0733680,2026-07-12 09:00:00-04:00,2026-07-12 09:15:00-04:00,0.0734730,0.073368,yes
KXDOGE15M-26JUL120900,Target Price: $0.0733416,2026-07-12 08:45:00-04:00,2026-07-12 09:00:00-04:00,0.0733680,0.073341,yes
KXDOGE15M-26JUL120845,Target Price: $0.0733920,2026-07-12 08:30:00-04:00,2026-07-12 08:45:00-04:00,0.0733416,0.073392,no
KXDOGE15M-26JUL120830,Target Price: $0.0733501,2026-07-12 08:15:00-04:00,2026-07-12 08:30:00-04:00,0.0733920,0.07335,yes
KXDOGE15M-26JUL120815,Target Price: $0.0732179,2026-07-12 08:00:00-04:00,2026-07-12 08:15:00-04:00,0.0733501,0.073217,yes
KXDOGE15M-26JUL120800,Target Price: $0.0731222,2026-07-12 07:45:00-04:00,2026-07-12 08:00:00-04:00,0.0732179,0.073122,yes
KXDOGE15M-26JUL120745,Target Price: $0.0730806,2026-07-12 07:30:00-04:00,2026-07-12 07:45:00-04:00,0.0731222,0.07308,yes
KXDOGE15M-26JUL120730,Target Price: $0.0728826,2026-07-12 07:15:00-04:00,2026-07-12 07:30:00-04:00,0.0730806,0.072882,yes
KXDOGE15M-26JUL120715,Target Price: $0.0729691,2026-07-12 07:00:00-04:00,2026-07-12 07:15:00-04:00,0.0728826,0.072969,no
KXDOGE15M-26JUL120700,Target Price: $0.0729418,2026-07-12 06:45:00-04:00,2026-07-12 07:00:00-04:00,0.0729691,0.072941,yes
KXDOGE15M-26JUL120645,Target Price: $0.0729874,2026-07-12 06:30:00-04:00,2026-07-12 06:45:00-04:00,0.0729418,0.072987,no
KXDOGE15M-26JUL120630,Target Price: $0.0729489,2026-07-12 06:15:00-04:00,2026-07-12 06:30:00-04:00,0.0729874,0.072948,yes
KXDOGE15M-26JUL120615,Target Price: $0.0729563,2026-07-12 06:00:00-04:00,2026-07-12 06:15:00-04:00,0.0729489,0.072956,no
KXDOGE15M-26JUL120600,Target Price: $0.0730603,2026-07-12 05:45:00-04:00,2026-07-12 06:00:00-04:00,0.0729563,0.07306,no
KXDOGE15M-26JUL120545,Target Price: $0.0727574,2026-07-12 05:30:00-04:00,2026-07-12 05:45:00-04:00,0.0730603,0.072757,yes
KXDOGE15M-26JUL120530,Target Price: $0.0728681,2026-07-12 05:15:00-04:00,2026-07-12 05:30:00-04:00,0.0727574,0.072868,no
KXDOGE15M-26JUL120515,Target Price: $0.0729824,2026-07-12 05:00:00-04:00,2026-07-12 05:15:00-04:00,0.0728681,0.072982,no
KXDOGE15M-26JUL120500,Target Price: $0.0729575,2026-07-12 04:45:00-04:00,2026-07-12 05:00:00-04:00,0.0729824,0.072957,yes
KXDOGE15M-26JUL120445,Target Price: $0.0730135,2026-07-12 04:30:00-04:00,2026-07-12 04:45:00-04:00,0.0729575,0.073013,no
KXDOGE15M-26JUL120430,Target Price: $0.0731070,2026-07-12 04:15:00-04:00,2026-07-12 04:30:00-04:00,0.0730135,0.073107,no
KXDOGE15M-26JUL120415,Target Price: $0.0728980,2026-07-12 04:00:00-04:00,2026-07-12 04:15:00-04:00,0.0731070,0.072898,yes
KXDOGE15M-26JUL120400,Target Price: $0.0727867,2026-07-12 03:45:00-04:00,2026-07-12 04:00:00-04:00,0.0728980,0.072786,yes
KXDOGE15M-26JUL120345,Target Price: $0.0728710,2026-07-12 03:30:00-04:00,2026-07-12 03:45:00-04:00,0.0727867,0.072871,no
KXDOGE15M-26JUL120330,Target Price: $0.0728923,2026-07-12 03:15:00-04:00,2026-07-12 03:30:00-04:00,0.0728710,0.072892,no
KXDOGE15M-26JUL120315,Target Price: $0.0728675,2026-07-12 03:00:00-04:00,2026-07-12 03:15:00-04:00,0.0728923,0.072867,yes
KXDOGE15M-26JUL120300,Target Price: $0.0727459,2026-07-12 02:45:00-04:00,2026-07-12 03:00:00-04:00,0.0728675,0.072745,yes
KXDOGE15M-26JUL120245,Target Price: $0.0726439,2026-07-12 02:30:00-04:00,2026-07-12 02:45:00-04:00,0.0727459,0.072643,yes
KXDOGE15M-26JUL120230,Target Price: $0.0728538,2026-07-12 02:15:00-04:00,2026-07-12 02:30:00-04:00,0.0726439,0.072853,no
KXDOGE15M-26JUL120215,Target Price: $0.0731104,2026-07-12 02:00:00-04:00,2026-07-12 02:15:00-04:00,0.0728538,0.07311,no
KXDOGE15M-26JUL120200,Target Price: $0.0730915,2026-07-12 01:45:00-04:00,2026-07-12 02:00:00-04:00,0.0731104,0.073091,yes
KXDOGE15M-26JUL120145,Target Price: $0.0730402,2026-07-12 01:30:00-04:00,2026-07-12 01:45:00-04:00,0.0730915,0.07304,yes
KXDOGE15M-26JUL120130,Target Price: $0.0731703,2026-07-12 01:15:00-04:00,2026-07-12 01:30:00-04:00,0.0730402,0.07317,no
KXDOGE15M-26JUL120115,Target Price: $0.0730841,2026-07-12 01:00:00-04:00,2026-07-12 01:15:00-04:00,0.0731703,0.073084,yes
KXDOGE15M-26JUL120100,Target Price: $0.0731570,2026-07-12 00:45:00-04:00,2026-07-12 01:00:00-04:00,0.0730841,0.073157,no
KXDOGE15M-26JUL120045,Target Price: $0.0733104,2026-07-12 00:30:00-04:00,2026-07-12 00:45:00-04:00,0.0731570,0.07331,no
KXDOGE15M-26JUL120030,Target Price: $0.0734092,2026-07-12 00:15:00-04:00,2026-07-12 00:30:00-04:00,0.0733104,0.073409,no
KXDOGE15M-26JUL120015,Target Price: $0.0733476,2026-07-12 00:00:00-04:00,2026-07-12 00:15:00-04:00,0.0734092,0.073347,yes
KXDOGE15M-26JUL120000,Target Price: $0.0733202,2026-07-11 23:45:00-04:00,2026-07-12 00:00:00-04:00,0.0733476,0.07332,yes
KXDOGE15M-26JUL112345,Target Price: $0.0732469,2026-07-11 23:30:00-04:00,2026-07-11 23:45:00-04:00,0.0733202,0.073246,yes
KXDOGE15M-26JUL112330,Target Price: $0.0732161,2026-07-11 23:15:00-04:00,2026-07-11 23:30:00-04:00,0.0732469,0.073216,yes
KXDOGE15M-26JUL112315,Target Price: $0.0731876,2026-07-11 23:00:00-04:00,2026-07-11 23:15:00-04:00,0.0732161,0.073187,yes
KXDOGE15M-26JUL112300,Target Price: $0.0731962,2026-07-11 22:45:00-04:00,2026-07-11 23:00:00-04:00,0.0731876,0.073196,no
KXDOGE15M-26JUL112245,Target Price: $0.0731916,2026-07-11 22:30:00-04:00,2026-07-11 22:45:00-04:00,0.0731962,0.073191,yes
KXDOGE15M-26JUL112230,Target Price: $0.0730948,2026-07-11 22:15:00-04:00,2026-07-11 22:30:00-04:00,0.0731916,0.073094,yes
KXDOGE15M-26JUL112215,Target Price: $0.0733338,2026-07-11 22:00:00-04:00,2026-07-11 22:15:00-04:00,0.0730948,0.073333,no
KXDOGE15M-26JUL112200,Target Price: $0.0732633,2026-07-11 21:45:00-04:00,2026-07-11 22:00:00-04:00,0.0733338,0.073263,yes
KXDOGE15M-26JUL112145,Target Price: $0.0731054,2026-07-11 21:30:00-04:00,2026-07-11 21:45:00-04:00,0.0732633,0.073105,yes
KXDOGE15M-26JUL112130,Target Price: $0.0727398,2026-07-11 21:15:00-04:00,2026-07-11 21:30:00-04:00,0.0731054,0.072739,yes
KXDOGE15M-26JUL112115,Target Price: $0.0726133,2026-07-11 21:00:00-04:00,2026-07-11 21:15:00-04:00,0.0727398,0.072613,yes
KXDOGE15M-26JUL112100,Target Price: $0.0724949,2026-07-11 20:45:00-04:00,2026-07-11 21:00:00-04:00,0.0726133,0.072494,yes
KXDOGE15M-26JUL112045,Target Price: $0.0727825,2026-07-11 20:30:00-04:00,2026-07-11 20:45:00-04:00,0.0724949,0.072782,no
KXDOGE15M-26JUL112030,Target Price: $0.0728366,2026-07-11 20:15:00-04:00,2026-07-11 20:30:00-04:00,0.0727825,0.072836,no
KXDOGE15M-26JUL112015,Target Price: $0.0732116,2026-07-11 20:00:00-04:00,2026-07-11 20:15:00-04:00,0.0728366,0.073211,no
KXDOGE15M-26JUL112000,Target Price: $0.0734092,2026-07-11 19:45:00-04:00,2026-07-11 20:00:00-04:00,0.0732116,0.073409,no
KXDOGE15M-26JUL111945,Target Price: $0.0736692,2026-07-11 19:30:00-04:00,2026-07-11 19:45:00-04:00,0.0734092,0.073669,no
KXDOGE15M-26JUL111930,Target Price: $0.0742541,2026-07-11 19:15:00-04:00,2026-07-11 19:30:00-04:00,0.0736692,0.074254,no
KXDOGE15M-26JUL111915,Target Price: $0.0746011,2026-07-11 19:00:00-04:00,2026-07-11 19:15:00-04:00,0.0742541,0.074601,no
KXDOGE15M-26JUL111900,Target Price: $0.0746708,2026-07-11 18:45:00-04:00,2026-07-11 19:00:00-04:00,0.0746011,0.07467,no
KXDOGE15M-26JUL111845,Target Price: $0.0747669,2026-07-11 18:30:00-04:00,2026-07-11 18:45:00-04:00,0.0746708,0.074766,no
KXDOGE15M-26JUL111830,Target Price: $0.0750806,2026-07-11 18:15:00-04:00,2026-07-11 18:30:00-04:00,0.0747669,0.07508,no
KXDOGE15M-26JUL111815,Target Price: $0.0751476,2026-07-11 18:00:00-04:00,2026-07-11 18:15:00-04:00,0.0750806,0.075147,no
KXDOGE15M-26JUL111800,Target Price: $0.0752346,2026-07-11 17:45:00-04:00,2026-07-11 18:00:00-04:00,0.0751476,0.075234,no
KXDOGE15M-26JUL111745,Target Price: $0.0752027,2026-07-11 17:30:00-04:00,2026-07-11 17:45:00-04:00,0.0752346,0.075202,yes
KXDOGE15M-26JUL111730,Target Price: $0.0752235,2026-07-11 17:15:00-04:00,2026-07-11 17:30:00-04:00,0.0752027,0.075223,no
KXDOGE15M-26JUL111715,Target Price: $0.0751282,2026-07-11 17:00:00-04:00,2026-07-11 17:15:00-04:00,0.0752235,0.075128,yes
KXDOGE15M-26JUL111700,Target Price: $0.0752522,2026-07-11 16:45:00-04:00,2026-07-11 17:00:00-04:00,0.0751282,0.075252,no
KXDOGE15M-26JUL111645,Target Price: $0.0751988,2026-07-11 16:30:00-04:00,2026-07-11 16:45:00-04:00,0.0752522,0.075198,yes
KXDOGE15M-26JUL111630,Target Price: $0.0752933,2026-07-11 16:15:00-04:00,2026-07-11 16:30:00-04:00,0.0751988,0.075293,no
KXDOGE15M-26JUL111615,Target Price: $0.0752944,2026-07-11 16:00:00-04:00,2026-07-11 16:15:00-04:00,0.0752933,0.075294,no
KXDOGE15M-26JUL111600,Target Price: $0.0752485,2026-07-11 15:45:00-04:00,2026-07-11 16:00:00-04:00,0.0752944,0.075248,yes
KXDOGE15M-26JUL111545,Target Price: $0.0751617,2026-07-11 15:30:00-04:00,2026-07-11 15:45:00-04:00,0.0752485,0.075161,yes
KXDOGE15M-26JUL111530,Target Price: $0.0753926,2026-07-11 15:15:00-04:00,2026-07-11 15:30:00-04:00,0.0751617,0.075392,no
KXDOGE15M-26JUL111515,Target Price: $0.0751489,2026-07-11 15:00:00-04:00,2026-07-11 15:15:00-04:00,0.0753926,0.075148,yes
KXDOGE15M-26JUL111500,Target Price: $0.0751616,2026-07-11 14:45:00-04:00,2026-07-11 15:00:00-04:00,0.0751489,0.075161,no
KXDOGE15M-26JUL111445,Target Price: $0.0751369,2026-07-11 14:30:00-04:00,2026-07-11 14:45:00-04:00,0.0751616,0.075136,yes
KXDOGE15M-26JUL111430,Target Price: $0.0751458,2026-07-11 14:15:00-04:00,2026-07-11 14:30:00-04:00,0.0751369,0.075145,no
KXDOGE15M-26JUL111415,Target Price: $0.0750702,2026-07-11 14:00:00-04:00,2026-07-11 14:15:00-04:00,0.0751458,0.07507,yes
KXDOGE15M-26JUL111400,Target Price: $0.0751672,2026-07-11 13:45:00-04:00,2026-07-11 14:00:00-04:00,0.0750702,0.075167,no
KXDOGE15M-26JUL111345,Target Price: $0.0751955,2026-07-11 13:30:00-04:00,2026-07-11 13:45:00-04:00,0.0751672,0.075195,no
KXDOGE15M-26JUL111330,Target Price: $0.0750761,2026-07-11 13:15:00-04:00,2026-07-11 13:30:00-04:00,0.0751955,0.075076,yes
KXDOGE15M-26JUL111315,Target Price: $0.0750011,2026-07-11 13:00:00-04:00,2026-07-11 13:15:00-04:00,0.0750761,0.075001,yes
KXDOGE15M-26JUL111300,Target Price: $0.0749885,2026-07-11 12:45:00-04:00,2026-07-11 13:00:00-04:00,0.0750011,0.074988,yes
KXDOGE15M-26JUL111245,Target Price: $0.0751412,2026-07-11 12:30:00-04:00,2026-07-11 12:45:00-04:00,0.0749885,0.075141,no
KXDOGE15M-26JUL111230,Target Price: $0.0752284,2026-07-11 12:15:00-04:00,2026-07-11 12:30:00-04:00,0.0751412,0.075228,no
KXDOGE15M-26JUL111215,Target Price: $0.0752845,2026-07-11 12:00:00-04:00,2026-07-11 12:15:00-04:00,0.0752284,0.075284,no
KXDOGE15M-26JUL111200,Target Price: $0.0751409,2026-07-11 11:45:00-04:00,2026-07-11 12:00:00-04:00,0.0752845,0.07514,yes
KXDOGE15M-26JUL111145,Target Price: $0.0754263,2026-07-11 11:30:00-04:00,2026-07-11 11:45:00-04:00,0.0751409,0.075426,no
KXDOGE15M-26JUL111130,Target Price: $0.0754032,2026-07-11 11:15:00-04:00,2026-07-11 11:30:00-04:00,0.0754263,0.075403,yes
KXDOGE15M-26JUL111115,Target Price: $0.0751534,2026-07-11 11:00:00-04:00,2026-07-11 11:15:00-04:00,0.0754032,0.075153,yes
KXDOGE15M-26JUL111100,Target Price: $0.0752084,2026-07-11 10:45:00-04:00,2026-07-11 11:00:00-04:00,0.0751534,0.075208,no
KXDOGE15M-26JUL111045,Target Price: $0.0750806,2026-07-11 10:30:00-04:00,2026-07-11 10:45:00-04:00,0.0752084,0.07508,yes
KXDOGE15M-26JUL111030,Target Price: $0.0749738,2026-07-11 10:15:00-04:00,2026-07-11 10:30:00-04:00,0.0750806,0.074973,yes
KXDOGE15M-26JUL111015,Target Price: $0.0746262,2026-07-11 10:00:00-04:00,2026-07-11 10:15:00-04:00,0.0749738,0.074626,yes
KXDOGE15M-26JUL111000,Target Price: $0.0746634,2026-07-11 09:45:00-04:00,2026-07-11 10:00:00-04:00,0.0746262,0.074663,no
KXDOGE15M-26JUL110945,Target Price: $0.0747430,2026-07-11 09:30:00-04:00,2026-07-11 09:45:00-04:00,0.0746634,0.074743,no
KXDOGE15M-26JUL110930,Target Price: $0.0745197,2026-07-11 09:15:00-04:00,2026-07-11 09:30:00-04:00,0.0747430,0.074519,yes
KXDOGE15M-26JUL110915,Target Price: $0.0745379,2026-07-11 09:00:00-04:00,2026-07-11 09:15:00-04:00,0.0745197,0.074537,no
KXDOGE15M-26JUL110900,Target Price: $0.0744082,2026-07-11 08:45:00-04:00,2026-07-11 09:00:00-04:00,0.0745379,0.074408,yes
KXDOGE15M-26JUL110845,Target Price: $0.0744185,2026-07-11 08:30:00-04:00,2026-07-11 08:45:00-04:00,0.0744082,0.074418,no
KXDOGE15M-26JUL110830,Target Price: $0.0745021,2026-07-11 08:15:00-04:00,2026-07-11 08:30:00-04:00,0.0744185,0.074502,no
KXDOGE15M-26JUL110815,Target Price: $0.0744275,2026-07-11 08:00:00-04:00,2026-07-11 08:15:00-04:00,0.0745021,0.074427,yes
KXDOGE15M-26JUL110800,Target Price: $0.0745150,2026-07-11 07:45:00-04:00,2026-07-11 08:00:00-04:00,0.0744275,0.074515,no
KXDOGE15M-26JUL110745,Target Price: $0.0744471,2026-07-11 07:30:00-04:00,2026-07-11 07:45:00-04:00,0.0745150,0.074447,yes
KXDOGE15M-26JUL110730,Target Price: $0.0744200,2026-07-11 07:15:00-04:00,2026-07-11 07:30:00-04:00,0.0744471,0.07442,yes
KXDOGE15M-26JUL110715,Target Price: $0.0744430,2026-07-11 07:00:00-04:00,2026-07-11 07:15:00-04:00,0.0744200,0.074443,no
KXDOGE15M-26JUL110700,Target Price: $0.0745045,2026-07-11 06:45:00-04:00,2026-07-11 07:00:00-04:00,0.0744430,0.074504,no
KXDOGE15M-26JUL110645,Target Price: $0.0743820,2026-07-11 06:30:00-04:00,2026-07-11 06:45:00-04:00,0.0745045,0.074382,yes
KXDOGE15M-26JUL110630,Target Price: $0.0742230,2026-07-11 06:15:00-04:00,2026-07-11 06:30:00-04:00,0.0743820,0.074223,yes
KXDOGE15M-26JUL110615,Target Price: $0.0741262,2026-07-11 06:00:00-04:00,2026-07-11 06:15:00-04:00,0.0742230,0.074126,yes
KXDOGE15M-26JUL110600,Target Price: $0.0743334,2026-07-11 05:45:00-04:00,2026-07-11 06:00:00-04:00,0.0741262,0.074333,no
KXDOGE15M-26JUL110545,Target Price: $0.0743161,2026-07-11 05:30:00-04:00,2026-07-11 05:45:00-04:00,0.0743334,0.074316,yes
KXDOGE15M-26JUL110530,Target Price: $0.0742273,2026-07-11 05:15:00-04:00,2026-07-11 05:30:00-04:00,0.0743161,0.074227,yes
KXDOGE15M-26JUL110515,Target Price: $0.0741817,2026-07-11 05:00:00-04:00,2026-07-11 05:15:00-04:00,0.0742273,0.074181,yes
KXDOGE15M-26JUL110500,Target Price: $0.0741812,2026-07-11 04:45:00-04:00,2026-07-11 05:00:00-04:00,0.0741817,0.074181,yes
KXDOGE15M-26JUL110445,Target Price: $0.0741830,2026-07-11 04:30:00-04:00,2026-07-11 04:45:00-04:00,0.0741812,0.074183,no
KXDOGE15M-26JUL110430,Target Price: $0.0741843,2026-07-11 04:15:00-04:00,2026-07-11 04:30:00-04:00,0.0741830,0.074184,no
KXDOGE15M-26JUL110415,Target Price: $0.0742339,2026-07-11 04:00:00-04:00,2026-07-11 04:15:00-04:00,0.0741843,0.074233,no
KXDOGE15M-26JUL110400,Target Price: $0.0741809,2026-07-11 03:45:00-04:00,2026-07-11 04:00:00-04:00,0.0742339,0.07418,yes
KXDOGE15M-26JUL110345,Target Price: $0.0742653,2026-07-11 03:30:00-04:00,2026-07-11 03:45:00-04:00,0.0741809,0.074265,no
KXDOGE15M-26JUL110330,Target Price: $0.0743576,2026-07-11 03:15:00-04:00,2026-07-11 03:30:00-04:00,0.0742653,0.074357,no
KXDOGE15M-26JUL110315,Target Price: $0.0743140,2026-07-11 03:00:00-04:00,2026-07-11 03:15:00-04:00,0.0743576,0.074314,yes
KXDOGE15M-26JUL110300,Target Price: $0.0745097,2026-07-11 02:45:00-04:00,2026-07-11 03:00:00-04:00,0.0743140,0.074509,no
KXDOGE15M-26JUL110245,Target Price: $0.0744493,2026-07-11 02:30:00-04:00,2026-07-11 02:45:00-04:00,0.0745097,0.074449,yes
KXDOGE15M-26JUL110230,Target Price: $0.0744433,2026-07-11 02:15:00-04:00,2026-07-11 02:30:00-04:00,0.0744493,0.074443,yes
KXDOGE15M-26JUL110215,Target Price: $0.0743973,2026-07-11 02:00:00-04:00,2026-07-11 02:15:00-04:00,0.0744433,0.074397,yes
KXDOGE15M-26JUL110200,Target Price: $0.0743595,2026-07-11 01:45:00-04:00,2026-07-11 02:00:00-04:00,0.0743973,0.074359,yes
KXDOGE15M-26JUL110145,Target Price: $0.0743923,2026-07-11 01:30:00-04:00,2026-07-11 01:45:00-04:00,0.0743595,0.074392,no
KXDOGE15M-26JUL110130,Target Price: $0.0742918,2026-07-11 01:15:00-04:00,2026-07-11 01:30:00-04:00,0.0743923,0.074291,yes
KXDOGE15M-26JUL110115,Target Price: $0.0742706,2026-07-11 01:00:00-04:00,2026-07-11 01:15:00-04:00,0.0742918,0.07427,yes
KXDOGE15M-26JUL110100,Target Price: $0.0743034,2026-07-11 00:45:00-04:00,2026-07-11 01:00:00-04:00,0.0742706,0.074303,no
KXDOGE15M-26JUL110045,Target Price: $0.0742300,2026-07-11 00:30:00-04:00,2026-07-11 00:45:00-04:00,0.0743034,0.07423,yes
KXDOGE15M-26JUL110030,Target Price: $0.0743328,2026-07-11 00:15:00-04:00,2026-07-11 00:30:00-04:00,0.0742300,0.074332,no
KXDOGE15M-26JUL110015,Target Price: $0.0742794,2026-07-11 00:00:00-04:00,2026-07-11 00:15:00-04:00,0.0743328,0.074279,yes
KXDOGE15M-26JUL110000,Target Price: $0.0742896,2026-07-10 23:45:00-04:00,2026-07-11 00:00:00-04:00,0.0742794,0.074289,no
KXDOGE15M-26JUL102345,Target Price: $0.0741667,2026-07-10 23:30:00-04:00,2026-07-10 23:45:00-04:00,0.0742896,0.074166,yes
KXDOGE15M-26JUL102330,Target Price: $0.0742145,2026-07-10 23:15:00-04:00,2026-07-10 23:30:00-04:00,0.0741667,0.074214,no
KXDOGE15M-26JUL102315,Target Price: $0.0741931,2026-07-10 23:00:00-04:00,2026-07-10 23:15:00-04:00,0.0742145,0.074193,yes
KXDOGE15M-26JUL102300,Target Price: $0.0741969,2026-07-10 22:45:00-04:00,2026-07-10 23:00:00-04:00,0.0741931,0.074196,no
KXDOGE15M-26JUL102245,Target Price: $0.0741217,2026-07-10 22:30:00-04:00,2026-07-10 22:45:00-04:00,0.0741969,0.074121,yes
KXDOGE15M-26JUL102230,Target Price: $0.0740630,2026-07-10 22:15:00-04:00,2026-07-10 22:30:00-04:00,0.0741217,0.074063,yes
KXDOGE15M-26JUL102215,Target Price: $0.0740422,2026-07-10 22:00:00-04:00,2026-07-10 22:15:00-04:00,0.0740630,0.074042,yes
KXDOGE15M-26JUL102200,Target Price: $0.0740700,2026-07-10 21:45:00-04:00,2026-07-10 22:00:00-04:00,0.0740422,0.07407,no
KXDOGE15M-26JUL102145,Target Price: $0.0742126,2026-07-10 21:30:00-04:00,2026-07-10 21:45:00-04:00,0.0740700,0.074212,no
KXDOGE15M-26JUL102130,Target Price: $0.0740926,2026-07-10 21:15:00-04:00,2026-07-10 21:30:00-04:00,0.0742126,0.074092,yes
KXDOGE15M-26JUL102115,Target Price: $0.0742011,2026-07-10 21:00:00-04:00,2026-07-10 21:15:00-04:00,0.0740926,0.074201,no
KXDOGE15M-26JUL102100,Target Price: $0.0741215,2026-07-10 20:45:00-04:00,2026-07-10 21:00:00-04:00,0.0742011,0.074121,yes
KXDOGE15M-26JUL102045,Target Price: $0.0740790,2026-07-10 20:30:00-04:00,2026-07-10 20:45:00-04:00,0.0741215,0.074079,yes
KXDOGE15M-26JUL102030,Target Price: $0.0739341,2026-07-10 20:15:00-04:00,2026-07-10 20:30:00-04:00,0.0740790,0.073934,yes
KXDOGE15M-26JUL102015,Target Price: $0.0740684,2026-07-10 20:00:00-04:00,2026-07-10 20:15:00-04:00,0.0739341,0.074068,no
KXDOGE15M-26JUL102000,Target Price: $0.0740439,2026-07-10 19:45:00-04:00,2026-07-10 20:00:00-04:00,0.0740684,0.074043,yes
KXDOGE15M-26JUL101945,Target Price: $0.0741291,2026-07-10 19:30:00-04:00,2026-07-10 19:45:00-04:00,0.0740439,0.074129,no
KXDOGE15M-26JUL101930,Target Price: $0.0739634,2026-07-10 19:15:00-04:00,2026-07-10 19:30:00-04:00,0.0741291,0.073963,yes
KXDOGE15M-26JUL101915,Target Price: $0.0741033,2026-07-10 19:00:00-04:00,2026-07-10 19:15:00-04:00,0.0739634,0.074103,no
KXDOGE15M-26JUL101900,Target Price: $0.0741026,2026-07-10 18:45:00-04:00,2026-07-10 19:00:00-04:00,0.0741033,0.074102,yes
KXDOGE15M-26JUL101845,Target Price: $0.0740485,2026-07-10 18:30:00-04:00,2026-07-10 18:45:00-04:00,0.0741026,0.074048,yes
KXDOGE15M-26JUL101830,Target Price: $0.0741433,2026-07-10 18:15:00-04:00,2026-07-10 18:30:00-04:00,0.0740485,0.074143,no
KXDOGE15M-26JUL101815,Target Price: $0.0740843,2026-07-10 18:00:00-04:00,2026-07-10 18:15:00-04:00,0.0741433,0.074084,yes
KXDOGE15M-26JUL101800,Target Price: $0.0741322,2026-07-10 17:45:00-04:00,2026-07-10 18:00:00-04:00,0.0740843,0.074132,no
KXDOGE15M-26JUL101745,Target Price: $0.0740955,2026-07-10 17:30:00-04:00,2026-07-10 17:45:00-04:00,0.0741322,0.074095,yes
KXDOGE15M-26JUL101730,Target Price: $0.0740855,2026-07-10 17:15:00-04:00,2026-07-10 17:30:00-04:00,0.0740955,0.074085,yes
KXDOGE15M-26JUL101715,Target Price: $0.0741434,2026-07-10 17:00:00-04:00,2026-07-10 17:15:00-04:00,0.0740855,0.074143,no
KXDOGE15M-26JUL101700,Target Price: $0.0742178,2026-07-10 16:45:00-04:00,2026-07-10 17:00:00-04:00,0.0741434,0.074217,no
KXDOGE15M-26JUL101645,Target Price: $0.0740148,2026-07-10 16:30:00-04:00,2026-07-10 16:45:00-04:00,0.0742178,0.074014,yes
KXDOGE15M-26JUL101630,Target Price: $0.0741408,2026-07-10 16:15:00-04:00,2026-07-10 16:30:00-04:00,0.0740148,0.07414,no
KXDOGE15M-26JUL101615,Target Price: $0.0741349,2026-07-10 16:00:00-04:00,2026-07-10 16:15:00-04:00,0.0741408,0.074134,yes
KXDOGE15M-26JUL101600,Target Price: $0.0742972,2026-07-10 15:45:00-04:00,2026-07-10 16:00:00-04:00,0.0741349,0.074297,no
KXDOGE15M-26JUL101545,Target Price: $0.0741001,2026-07-10 15:30:00-04:00,2026-07-10 15:45:00-04:00,0.0742972,0.0741,yes
KXDOGE15M-26JUL101530,Target Price: $0.0739515,2026-07-10 15:15:00-04:00,2026-07-10 15:30:00-04:00,0.0741001,0.073951,yes
KXDOGE15M-26JUL101515,Target Price: $0.0737300,2026-07-10 15:00:00-04:00,2026-07-10 15:15:00-04:00,0.0739515,0.07373,yes
KXDOGE15M-26JUL101500,Target Price: $0.0738876,2026-07-10 14:45:00-04:00,2026-07-10 15:00:00-04:00,0.0737300,0.073887,no
KXDOGE15M-26JUL101445,Target Price: $0.0739650,2026-07-10 14:30:00-04:00,2026-07-10 14:45:00-04:00,0.0738876,0.073965,no
KXDOGE15M-26JUL101430,Target Price: $0.0739004,2026-07-10 14:15:00-04:00,2026-07-10 14:30:00-04:00,0.0739650,0.0739,yes
KXDOGE15M-26JUL101415,Target Price: $0.0738374,2026-07-10 14:00:00-04:00,2026-07-10 14:15:00-04:00,0.0739004,0.073837,yes
KXDOGE15M-26JUL101400,Target Price: $0.0738861,2026-07-10 13:45:00-04:00,2026-07-10 14:00:00-04:00,0.0738374,0.073886,no
KXDOGE15M-26JUL101345,Target Price: $0.0739630,2026-07-10 13:30:00-04:00,2026-07-10 13:45:00-04:00,0.0738861,0.073963,no
KXDOGE15M-26JUL101330,Target Price: $0.0739884,2026-07-10 13:15:00-04:00,2026-07-10 13:30:00-04:00,0.0739630,0.073988,no
KXDOGE15M-26JUL101315,Target Price: $0.0742130,2026-07-10 13:00:00-04:00,2026-07-10 13:15:00-04:00,0.0739884,0.074213,no
KXDOGE15M-26JUL101300,Target Price: $0.0741643,2026-07-10 12:45:00-04:00,2026-07-10 13:00:00-04:00,0.0742130,0.074164,yes
KXDOGE15M-26JUL101245,Target Price: $0.0739894,2026-07-10 12:30:00-04:00,2026-07-10 12:45:00-04:00,0.0741643,0.073989,yes
KXDOGE15M-26JUL101230,Target Price: $0.0740614,2026-07-10 12:15:00-04:00,2026-07-10 12:30:00-04:00,0.0739894,0.074061,no
KXDOGE15M-26JUL101215,Target Price: $0.0739926,2026-07-10 12:00:00-04:00,2026-07-10 12:15:00-04:00,0.0740614,0.073992,yes
KXDOGE15M-26JUL101200,Target Price: $0.0737351,2026-07-10 11:45:00-04:00,2026-07-10 12:00:00-04:00,0.0739926,0.073735,yes
KXDOGE15M-26JUL101145,Target Price: $0.0739316,2026-07-10 11:30:00-04:00,2026-07-10 11:45:00-04:00,0.0737351,0.073931,no
KXDOGE15M-26JUL101130,Target Price: $0.0738228,2026-07-10 11:15:00-04:00,2026-07-10 11:30:00-04:00,0.0739316,0.073822,yes
KXDOGE15M-26JUL101115,Target Price: $0.0738215,2026-07-10 11:00:00-04:00,2026-07-10 11:15:00-04:00,0.0738228,0.073821,yes
KXDOGE15M-26JUL101100,Target Price: $0.0739340,2026-07-10 10:45:00-04:00,2026-07-10 11:00:00-04:00,0.0738215,0.073934,no
KXDOGE15M-26JUL101045,Target Price: $0.0739231,2026-07-10 10:30:00-04:00,2026-07-10 10:45:00-04:00,0.0739340,0.073923,yes
KXDOGE15M-26JUL101030,Target Price: $0.0740128,2026-07-10 10:15:00-04:00,2026-07-10 10:30:00-04:00,0.0739231,0.074012,no
KXDOGE15M-26JUL101015,Target Price: $0.0743242,2026-07-10 10:00:00-04:00,2026-07-10 10:15:00-04:00,0.0740128,0.074324,no
KXDOGE15M-26JUL101000,Target Price: $0.0741656,2026-07-10 09:45:00-04:00,2026-07-10 10:00:00-04:00,0.0743242,0.074165,yes
KXDOGE15M-26JUL100945,Target Price: $0.0739379,2026-07-10 09:30:00-04:00,2026-07-10 09:45:00-04:00,0.0741656,0.073937,yes
KXDOGE15M-26JUL100930,Target Price: $0.0739665,2026-07-10 09:15:00-04:00,2026-07-10 09:30:00-04:00,0.0739379,0.073966,no
KXDOGE15M-26JUL100915,Target Price: $0.0739649,2026-07-10 09:00:00-04:00,2026-07-10 09:15:00-04:00,0.0739665,0.073964,yes
KXDOGE15M-26JUL100900,Target Price: $0.0740347,2026-07-10 08:45:00-04:00,2026-07-10 09:00:00-04:00,0.0739649,0.074034,no
KXDOGE15M-26JUL100845,Target Price: $0.0742857,2026-07-10 08:30:00-04:00,2026-07-10 08:45:00-04:00,0.0740347,0.074285,no
KXDOGE15M-26JUL100830,Target Price: $0.0743733,2026-07-10 08:15:00-04:00,2026-07-10 08:30:00-04:00,0.0742857,0.074373,no
KXDOGE15M-26JUL100815,Target Price: $0.0742869,2026-07-10 08:00:00-04:00,2026-07-10 08:15:00-04:00,0.0743733,0.074286,yes
KXDOGE15M-26JUL100800,Target Price: $0.0741785,2026-07-10 07:45:00-04:00,2026-07-10 08:00:00-04:00,0.0742869,0.074178,yes
KXDOGE15M-26JUL100745,Target Price: $0.0742672,2026-07-10 07:30:00-04:00,2026-07-10 07:45:00-04:00,0.0741785,0.074267,no
KXDOGE15M-26JUL100730,Target Price: $0.0744682,2026-07-10 07:15:00-04:00,2026-07-10 07:30:00-04:00,0.0742672,0.074468,no
KXDOGE15M-26JUL100715,Target Price: $0.0744023,2026-07-10 07:00:00-04:00,2026-07-10 07:15:00-04:00,0.0744682,0.074402,yes
KXDOGE15M-26JUL100700,Target Price: $0.0745155,2026-07-10 06:45:00-04:00,2026-07-10 07:00:00-04:00,0.0744023,0.074515,no
KXDOGE15M-26JUL100645,Target Price: $0.0745868,2026-07-10 06:30:00-04:00,2026-07-10 06:45:00-04:00,0.0745155,0.074586,no
KXDOGE15M-26JUL100630,Target Price: $0.0742367,2026-07-10 06:15:00-04:00,2026-07-10 06:30:00-04:00,0.0745868,0.074236,yes
KXDOGE15M-26JUL100615,Target Price: $0.0743523,2026-07-10 06:00:00-04:00,2026-07-10 06:15:00-04:00,0.0742367,0.074352,no
KXDOGE15M-26JUL100600,Target Price: $0.0743760,2026-07-10 05:45:00-04:00,2026-07-10 06:00:00-04:00,0.0743523,0.074376,no
KXDOGE15M-26JUL100545,Target Price: $0.0742526,2026-07-10 05:30:00-04:00,2026-07-10 05:45:00-04:00,0.0743760,0.074252,yes
KXDOGE15M-26JUL100530,Target Price: $0.0740189,2026-07-10 05:15:00-04:00,2026-07-10 05:30:00-04:00,0.0742526,0.074018,yes
KXDOGE15M-26JUL100515,Target Price: $0.0742047,2026-07-10 05:00:00-04:00,2026-07-10 05:15:00-04:00,0.0740189,0.074204,no
KXDOGE15M-26JUL100500,Target Price: $0.0742486,2026-07-10 04:45:00-04:00,2026-07-10 05:00:00-04:00,0.0742047,0.074248,no
KXDOGE15M-26JUL100445,Target Price: $0.0742768,2026-07-10 04:30:00-04:00,2026-07-10 04:45:00-04:00,0.0742486,0.074276,no
KXDOGE15M-26JUL100430,Target Price: $0.0738923,2026-07-10 04:15:00-04:00,2026-07-10 04:30:00-04:00,0.0742768,0.073892,yes
KXDOGE15M-26JUL100415,Target Price: $0.0737490,2026-07-10 04:00:00-04:00,2026-07-10 04:15:00-04:00,0.0738923,0.073749,yes
KXDOGE15M-26JUL100400,Target Price: $0.0738179,2026-07-10 03:45:00-04:00,2026-07-10 04:00:00-04:00,0.0737490,0.073817,no
KXDOGE15M-26JUL100345,Target Price: $0.0739953,2026-07-10 03:30:00-04:00,2026-07-10 03:45:00-04:00,0.0738179,0.073995,no
KXDOGE15M-26JUL100330,Target Price: $0.0739426,2026-07-10 03:15:00-04:00,2026-07-10 03:30:00-04:00,0.0739953,0.073942,yes
KXDOGE15M-26JUL100315,Target Price: $0.0738806,2026-07-10 03:00:00-04:00,2026-07-10 03:15:00-04:00,0.0739426,0.07388,yes
KXDOGE15M-26JUL100300,Target Price: $0.0740057,2026-07-10 02:45:00-04:00,2026-07-10 03:00:00-04:00,0.0738806,0.074005,no
KXDOGE15M-26JUL100245,Target Price: $0.0739178,2026-07-10 02:30:00-04:00,2026-07-10 02:45:00-04:00,0.0740057,0.073917,yes
KXDOGE15M-26JUL100230,Target Price: $0.0741963,2026-07-10 02:15:00-04:00,2026-07-10 02:30:00-04:00,0.0739178,0.074196,no
KXDOGE15M-26JUL100215,Target Price: $0.0741019,2026-07-10 02:00:00-04:00,2026-07-10 02:15:00-04:00,0.0741963,0.074101,yes
KXDOGE15M-26JUL100200,Target Price: $0.0741228,2026-07-10 01:45:00-04:00,2026-07-10 02:00:00-04:00,0.0741019,0.074122,no
KXDOGE15M-26JUL100145,Target Price: $0.0739337,2026-07-10 01:30:00-04:00,2026-07-10 01:45:00-04:00,0.0741228,0.073933,yes
KXDOGE15M-26JUL100130,Target Price: $0.0738296,2026-07-10 01:15:00-04:00,2026-07-10 01:30:00-04:00,0.0739337,0.073829,yes
KXDOGE15M-26JUL100115,Target Price: $0.0739717,2026-07-10 01:00:00-04:00,2026-07-10 01:15:00-04:00,0.0738296,0.073971,no
KXDOGE15M-26JUL100100,Target Price: $0.0739368,2026-07-10 00:45:00-04:00,2026-07-10 01:00:00-04:00,0.0739717,0.073936,yes
KXDOGE15M-26JUL100045,Target Price: $0.0739359,2026-07-10 00:30:00-04:00,2026-07-10 00:45:00-04:00,0.0739368,0.073935,yes
KXDOGE15M-26JUL100030,Target Price: $0.0741153,2026-07-10 00:15:00-04:00,2026-07-10 00:30:00-04:00,0.0739359,0.074115,no
KXDOGE15M-26JUL100015,Target Price: $0.0739515,2026-07-10 00:00:00-04:00,2026-07-10 00:15:00-04:00,0.0741153,0.073951,yes
KXDOGE15M-26JUL100000,Target Price: $0.0739688,2026-07-09 23:45:00-04:00,2026-07-10 00:00:00-04:00,0.0739515,0.073968,no
KXDOGE15M-26JUL092345,Target Price: $0.0739262,2026-07-09 23:30:00-04:00,2026-07-09 23:45:00-04:00,0.0739688,0.073926,yes
KXDOGE15M-26JUL092330,Target Price: $0.0739204,2026-07-09 23:15:00-04:00,2026-07-09 23:30:00-04:00,0.0739262,0.07392,yes
KXDOGE15M-26JUL092315,Target Price: $0.0740261,2026-07-09 23:00:00-04:00,2026-07-09 23:15:00-04:00,0.0739204,0.074026,no
KXDOGE15M-26JUL092300,Target Price: $0.0738916,2026-07-09 22:45:00-04:00,2026-07-09 23:00:00-04:00,0.0740261,0.073891,yes
KXDOGE15M-26JUL092245,Target Price: $0.0738563,2026-07-09 22:30:00-04:00,2026-07-09 22:45:00-04:00,0.0738916,0.073856,yes
KXDOGE15M-26JUL092230,Target Price: $0.0739679,2026-07-09 22:15:00-04:00,2026-07-09 22:30:00-04:00,0.0738563,0.073967,no
KXDOGE15M-26JUL092215,Target Price: $0.0737749,2026-07-09 22:00:00-04:00,2026-07-09 22:15:00-04:00,0.0739679,0.073774,yes
KXDOGE15M-26JUL092200,Target Price: $0.0731107,2026-07-09 21:45:00-04:00,2026-07-09 22:00:00-04:00,0.0737749,0.07311,yes
KXDOGE15M-26JUL092145,Target Price: $0.0732664,2026-07-09 21:30:00-04:00,2026-07-09 21:45:00-04:00,0.0731107,0.073266,no
KXDOGE15M-26JUL092130,Target Price: $0.0728902,2026-07-09 21:15:00-04:00,2026-07-09 21:30:00-04:00,0.0732664,0.07289,yes
KXDOGE15M-26JUL092115,Target Price: $0.0728454,2026-07-09 21:00:00-04:00,2026-07-09 21:15:00-04:00,0.0728902,0.072845,yes
KXDOGE15M-26JUL092100,Target Price: $0.0727660,2026-07-09 20:45:00-04:00,2026-07-09 21:00:00-04:00,0.0728454,0.072766,yes
KXDOGE15M-26JUL092045,Target Price: $0.0727427,2026-07-09 20:30:00-04:00,2026-07-09 20:45:00-04:00,0.0727660,0.072742,yes
KXDOGE15M-26JUL092030,Target Price: $0.0728454,2026-07-09 20:15:00-04:00,2026-07-09 20:30:00-04:00,0.0727427,0.072845,no
KXDOGE15M-26JUL092015,Target Price: $0.0728593,2026-07-09 20:00:00-04:00,2026-07-09 20:15:00-04:00,0.0728454,0.072859,no
KXDOGE15M-26JUL092000,Target Price: $0.0728542,2026-07-09 19:45:00-04:00,2026-07-09 20:00:00-04:00,0.0728593,0.072854,yes
KXDOGE15M-26JUL091945,Target Price: $0.0729566,2026-07-09 19:30:00-04:00,2026-07-09 19:45:00-04:00,0.0728542,0.072956,no
KXDOGE15M-26JUL091930,Target Price: $0.0729924,2026-07-09 19:15:00-04:00,2026-07-09 19:30:00-04:00,0.0729566,0.072992,no
KXDOGE15M-26JUL091915,Target Price: $0.0730431,2026-07-09 19:00:00-04:00,2026-07-09 19:15:00-04:00,0.0729924,0.073043,no
KXDOGE15M-26JUL091900,Target Price: $0.0732425,2026-07-09 18:45:00-04:00,2026-07-09 19:00:00-04:00,0.0730431,0.073242,no
KXDOGE15M-26JUL091845,Target Price: $0.0732611,2026-07-09 18:30:00-04:00,2026-07-09 18:45:00-04:00,0.0732425,0.073261,no
KXDOGE15M-26JUL091830,Target Price: $0.0731677,2026-07-09 18:15:00-04:00,2026-07-09 18:30:00-04:00,0.0732611,0.073167,yes
KXDOGE15M-26JUL091815,Target Price: $0.0733253,2026-07-09 18:00:00-04:00,2026-07-09 18:15:00-04:00,0.0731677,0.073325,no
KXDOGE15M-26JUL091800,Target Price: $0.0732066,2026-07-09 17:45:00-04:00,2026-07-09 18:00:00-04:00,0.0733253,0.073206,yes
KXDOGE15M-26JUL091745,Target Price: $0.0732967,2026-07-09 17:30:00-04:00,2026-07-09 17:45:00-04:00,0.0732066,0.073296,no
KXDOGE15M-26JUL091730,Target Price: $0.0734931,2026-07-09 17:15:00-04:00,2026-07-09 17:30:00-04:00,0.0732967,0.073493,no
KXDOGE15M-26JUL091715,Target Price: $0.0732431,2026-07-09 17:00:00-04:00,2026-07-09 17:15:00-04:00,0.0734931,0.073243,yes
KXDOGE15M-26JUL091700,Target Price: $0.0732832,2026-07-09 16:45:00-04:00,2026-07-09 17:00:00-04:00,0.0732431,0.073283,no
KXDOGE15M-26JUL091645,Target Price: $0.0732202,2026-07-09 16:30:00-04:00,2026-07-09 16:45:00-04:00,0.0732832,0.07322,yes
KXDOGE15M-26JUL091630,Target Price: $0.0729979,2026-07-09 16:15:00-04:00,2026-07-09 16:30:00-04:00,0.0732202,0.072997,yes
KXDOGE15M-26JUL091615,Target Price: $0.0730123,2026-07-09 16:00:00-04:00,2026-07-09 16:15:00-04:00,0.0729979,0.073012,no
KXDOGE15M-26JUL091600,Target Price: $0.0732403,2026-07-09 15:45:00-04:00,2026-07-09 16:00:00-04:00,0.0730123,0.07324,no
KXDOGE15M-26JUL091545,Target Price: $0.0731542,2026-07-09 15:30:00-04:00,2026-07-09 15:45:00-04:00,0.0732403,0.073154,yes
KXDOGE15M-26JUL091530,Target Price: $0.0729377,2026-07-09 15:15:00-04:00,2026-07-09 15:30:00-04:00,0.0731542,0.072937,yes
KXDOGE15M-26JUL091515,Target Price: $0.0731416,2026-07-09 15:00:00-04:00,2026-07-09 15:15:00-04:00,0.0729377,0.073141,no
KXDOGE15M-26JUL091500,Target Price: $0.0731896,2026-07-09 14:45:00-04:00,2026-07-09 15:00:00-04:00,0.0731416,0.073189,no
KXDOGE15M-26JUL091445,Target Price: $0.0732208,2026-07-09 14:30:00-04:00,2026-07-09 14:45:00-04:00,0.0731896,0.07322,no
KXDOGE15M-26JUL091430,Target Price: $0.0732204,2026-07-09 14:15:00-04:00,2026-07-09 14:30:00-04:00,0.0732208,0.07322,yes
KXDOGE15M-26JUL091415,Target Price: $0.0728861,2026-07-09 14:00:00-04:00,2026-07-09 14:15:00-04:00,0.0732204,0.072886,yes
KXDOGE15M-26JUL091400,Target Price: $0.0730183,2026-07-09 13:45:00-04:00,2026-07-09 14:00:00-04:00,0.0728861,0.073018,no
KXDOGE15M-26JUL091345,Target Price: $0.0726881,2026-07-09 13:30:00-04:00,2026-07-09 13:45:00-04:00,0.0730183,0.072688,yes
KXDOGE15M-26JUL091330,Target Price: $0.0726719,2026-07-09 13:15:00-04:00,2026-07-09 13:30:00-04:00,0.0726881,0.072671,yes
KXDOGE15M-26JUL091315,Target Price: $0.0726757,2026-07-09 13:00:00-04:00,2026-07-09 13:15:00-04:00,0.0726719,0.072675,no
KXDOGE15M-26JUL091300,Target Price: $0.0726598,2026-07-09 12:45:00-04:00,2026-07-09 13:00:00-04:00,0.0726757,0.072659,yes
KXDOGE15M-26JUL091245,Target Price: $0.0724804,2026-07-09 12:30:00-04:00,2026-07-09 12:45:00-04:00,0.0726598,0.07248,yes
KXDOGE15M-26JUL091230,Target Price: $0.0724870,2026-07-09 12:15:00-04:00,2026-07-09 12:30:00-04:00,0.0724804,0.072487,no
KXDOGE15M-26JUL091215,Target Price: $0.0726105,2026-07-09 12:00:00-04:00,2026-07-09 12:15:00-04:00,0.0724870,0.07261,no
KXDOGE15M-26JUL091200,Target Price: $0.0725720,2026-07-09 11:45:00-04:00,2026-07-09 12:00:00-04:00,0.0726105,0.072572,yes
KXDOGE15M-26JUL091145,Target Price: $0.0726214,2026-07-09 11:30:00-04:00,2026-07-09 11:45:00-04:00,0.0725720,0.072621,no
KXDOGE15M-26JUL091130,Target Price: $0.0726902,2026-07-09 11:15:00-04:00,2026-07-09 11:30:00-04:00,0.0726214,0.07269,no
KXDOGE15M-26JUL091115,Target Price: $0.0726289,2026-07-09 11:00:00-04:00,2026-07-09 11:15:00-04:00,0.0726902,0.072628,yes
KXDOGE15M-26JUL091100,Target Price: $0.0725576,2026-07-09 10:45:00-04:00,2026-07-09 11:00:00-04:00,0.0726289,0.072557,yes
KXDOGE15M-26JUL091045,Target Price: $0.0723508,2026-07-09 10:30:00-04:00,2026-07-09 10:45:00-04:00,0.0725576,0.07235,yes
KXDOGE15M-26JUL091030,Target Price: $0.0724412,2026-07-09 10:15:00-04:00,2026-07-09 10:30:00-04:00,0.0723508,0.072441,no
KXDOGE15M-26JUL091015,Target Price: $0.0725674,2026-07-09 10:00:00-04:00,2026-07-09 10:15:00-04:00,0.0724412,0.072567,no
KXDOGE15M-26JUL091000,Target Price: $0.0723799,2026-07-09 09:45:00-04:00,2026-07-09 10:00:00-04:00,0.0725674,0.072379,yes
KXDOGE15M-26JUL090945,Target Price: $0.0722900,2026-07-09 09:30:00-04:00,2026-07-09 09:45:00-04:00,0.0723799,0.07229,yes
KXDOGE15M-26JUL090930,Target Price: $0.0724429,2026-07-09 09:15:00-04:00,2026-07-09 09:30:00-04:00,0.0722900,0.072442,no
KXDOGE15M-26JUL090915,Target Price: $0.0722213,2026-07-09 09:00:00-04:00,2026-07-09 09:15:00-04:00,0.0724429,0.072221,yes
KXDOGE15M-26JUL090900,Target Price: $0.0721897,2026-07-09 08:45:00-04:00,2026-07-09 09:00:00-04:00,0.0722213,0.072189,yes
KXDOGE15M-26JUL090845,Target Price: $0.0723535,2026-07-09 08:30:00-04:00,2026-07-09 08:45:00-04:00,0.0721897,0.072353,no
KXDOGE15M-26JUL090830,Target Price: $0.0723516,2026-07-09 08:15:00-04:00,2026-07-09 08:30:00-04:00,0.0723535,0.072351,yes
KXDOGE15M-26JUL090815,Target Price: $0.0724424,2026-07-09 08:00:00-04:00,2026-07-09 08:15:00-04:00,0.0723516,0.072442,no
KXDOGE15M-26JUL090800,Target Price: $0.0722795,2026-07-09 07:45:00-04:00,2026-07-09 08:00:00-04:00,0.0724424,0.072279,yes
KXDOGE15M-26JUL090745,Target Price: $0.0723214,2026-07-09 07:30:00-04:00,2026-07-09 07:45:00-04:00,0.0722795,0.072321,no
KXDOGE15M-26JUL090730,Target Price: $0.0723893,2026-07-09 07:15:00-04:00,2026-07-09 07:30:00-04:00,0.0723214,0.072389,no
KXDOGE15M-26JUL090715,Target Price: $0.0723606,2026-07-09 07:00:00-04:00,2026-07-09 07:15:00-04:00,0.0723893,0.07236,yes
KXDOGE15M-26JUL090700,Target Price: $0.0725120,2026-07-09 06:45:00-04:00,2026-07-09 07:00:00-04:00,0.0723606,0.072512,no
KXDOGE15M-26JUL090645,Target Price: $0.0724763,2026-07-09 06:30:00-04:00,2026-07-09 06:45:00-04:00,0.0725120,0.072476,yes
KXDOGE15M-26JUL090630,Target Price: $0.0726557,2026-07-09 06:15:00-04:00,2026-07-09 06:30:00-04:00,0.0724763,0.072655,no
KXDOGE15M-26JUL090615,Target Price: $0.0727051,2026-07-09 06:00:00-04:00,2026-07-09 06:15:00-04:00,0.0726557,0.072705,no
KXDOGE15M-26JUL090600,Target Price: $0.0725522,2026-07-09 05:45:00-04:00,2026-07-09 06:00:00-04:00,0.0727051,0.072552,yes
KXDOGE15M-26JUL090545,Target Price: $0.0726196,2026-07-09 05:30:00-04:00,2026-07-09 05:45:00-04:00,0.0725522,0.072619,no
KXDOGE15M-26JUL090530,Target Price: $0.0726108,2026-07-09 05:15:00-04:00,2026-07-09 05:30:00-04:00,0.0726196,0.07261,yes
KXDOGE15M-26JUL090515,Target Price: $0.0728020,2026-07-09 05:00:00-04:00,2026-07-09 05:15:00-04:00,0.0726108,0.072802,no
KXDOGE15M-26JUL090245,Target Price: $0.0728478,2026-07-09 02:30:00-04:00,2026-07-09 02:45:00-04:00,0.0728673,0.072847,yes
KXDOGE15M-26JUL090230,Target Price: $0.0726116,2026-07-09 02:15:00-04:00,2026-07-09 02:30:00-04:00,0.0728478,0.072611,yes
KXDOGE15M-26JUL090215,Target Price: $0.0727342,2026-07-09 02:00:00-04:00,2026-07-09 02:15:00-04:00,0.0726116,0.072734,no
KXDOGE15M-26JUL090200,Target Price: $0.0725583,2026-07-09 01:45:00-04:00,2026-07-09 02:00:00-04:00,0.0727342,0.072558,yes
KXDOGE15M-26JUL090145,Target Price: $0.0724664,2026-07-09 01:30:00-04:00,2026-07-09 01:45:00-04:00,0.0725583,0.072466,yes
KXDOGE15M-26JUL090130,Target Price: $0.0726818,2026-07-09 01:15:00-04:00,2026-07-09 01:30:00-04:00,0.0724664,0.072681,no
KXDOGE15M-26JUL090115,Target Price: $0.0725947,2026-07-09 01:00:00-04:00,2026-07-09 01:15:00-04:00,0.0726818,0.072594,yes
KXDOGE15M-26JUL090100,Target Price: $0.0724395,2026-07-09 00:45:00-04:00,2026-07-09 01:00:00-04:00,0.0725947,0.072439,yes
KXDOGE15M-26JUL090045,Target Price: $0.0723201,2026-07-09 00:30:00-04:00,2026-07-09 00:45:00-04:00,0.0724395,0.07232,yes
KXDOGE15M-26JUL090030,Target Price: $0.0723012,2026-07-09 00:15:00-04:00,2026-07-09 00:30:00-04:00,0.0723201,0.072301,yes
KXDOGE15M-26JUL090015,Target Price: $0.0722260,2026-07-09 00:00:00-04:00,2026-07-09 00:15:00-04:00,0.0723012,0.072226,yes
KXDOGE15M-26JUL090000,Target Price: $0.0722343,2026-07-08 23:45:00-04:00,2026-07-09 00:00:00-04:00,0.0722260,0.072234,no
KXDOGE15M-26JUL082345,Target Price: $0.0721112,2026-07-08 23:30:00-04:00,2026-07-08 23:45:00-04:00,0.0722343,0.072111,yes
KXDOGE15M-26JUL082330,Target Price: $0.0721693,2026-07-08 23:15:00-04:00,2026-07-08 23:30:00-04:00,0.0721112,0.072169,no
KXDOGE15M-26JUL082315,Target Price: $0.0721381,2026-07-08 23:00:00-04:00,2026-07-08 23:15:00-04:00,0.0721693,0.072138,yes
KXDOGE15M-26JUL082300,Target Price: $0.0721265,2026-07-08 22:45:00-04:00,2026-07-08 23:00:00-04:00,0.0721381,0.072126,yes
KXDOGE15M-26JUL082245,Target Price: $0.0723101,2026-07-08 22:30:00-04:00,2026-07-08 22:45:00-04:00,0.0721265,0.07231,no
KXDOGE15M-26JUL082230,Target Price: $0.0725270,2026-07-08 22:15:00-04:00,2026-07-08 22:30:00-04:00,0.0723101,0.072527,no
KXDOGE15M-26JUL082215,Target Price: $0.0720592,2026-07-08 22:00:00-04:00,2026-07-08 22:15:00-04:00,0.0725270,0.072059,yes
KXDOGE15M-26JUL082200,Target Price: $0.0722513,2026-07-08 21:45:00-04:00,2026-07-08 22:00:00-04:00,0.0720592,0.072251,no
KXDOGE15M-26JUL082145,Target Price: $0.0726360,2026-07-08 21:30:00-04:00,2026-07-08 21:45:00-04:00,0.0722513,0.072636,no
KXDOGE15M-26JUL082130,Target Price: $0.0726870,2026-07-08 21:15:00-04:00,2026-07-08 21:30:00-04:00,0.0726360,0.072687,no
KXDOGE15M-26JUL082115,Target Price: $0.0722041,2026-07-08 21:00:00-04:00,2026-07-08 21:15:00-04:00,0.0726870,0.072204,yes
KXDOGE15M-26JUL082100,Target Price: $0.0721295,2026-07-08 20:45:00-04:00,2026-07-08 21:00:00-04:00,0.0722041,0.072129,yes
KXDOGE15M-26JUL082045,Target Price: $0.0722239,2026-07-08 20:30:00-04:00,2026-07-08 20:45:00-04:00,0.0721295,0.072223,no
KXDOGE15M-26JUL082030,Target Price: $0.0722488,2026-07-08 20:15:00-04:00,2026-07-08 20:30:00-04:00,0.0722239,0.072248,no
KXDOGE15M-26JUL082015,Target Price: $0.0723545,2026-07-08 20:00:00-04:00,2026-07-08 20:15:00-04:00,0.0722488,0.072354,no
KXDOGE15M-26JUL082000,Target Price: $0.0722452,2026-07-08 19:45:00-04:00,2026-07-08 20:00:00-04:00,0.0723545,0.072245,yes
KXDOGE15M-26JUL081945,Target Price: $0.0722313,2026-07-08 19:30:00-04:00,2026-07-08 19:45:00-04:00,0.0722452,0.072231,yes
KXDOGE15M-26JUL081930,Target Price: $0.0723173,2026-07-08 19:15:00-04:00,2026-07-08 19:30:00-04:00,0.0722313,0.072317,no
KXDOGE15M-26JUL081915,Target Price: $0.0723684,2026-07-08 19:00:00-04:00,2026-07-08 19:15:00-04:00,0.0723173,0.072368,no
KXDOGE15M-26JUL081900,Target Price: $0.0723623,2026-07-08 18:45:00-04:00,2026-07-08 19:00:00-04:00,0.0723684,0.072362,yes
KXDOGE15M-26JUL081845,Target Price: $0.0723958,2026-07-08 18:30:00-04:00,2026-07-08 18:45:00-04:00,0.0723623,0.072395,no
KXDOGE15M-26JUL081830,Target Price: $0.0724446,2026-07-08 18:15:00-04:00,2026-07-08 18:30:00-04:00,0.0723958,0.072444,no
KXDOGE15M-26JUL081815,Target Price: $0.0724817,2026-07-08 18:00:00-04:00,2026-07-08 18:15:00-04:00,0.0724446,0.072481,no
KXDOGE15M-26JUL081800,Target Price: $0.0724081,2026-07-08 17:45:00-04:00,2026-07-08 18:00:00-04:00,0.0724817,0.072408,yes
KXDOGE15M-26JUL081745,Target Price: $0.0722360,2026-07-08 17:30:00-04:00,2026-07-08 17:45:00-04:00,0.0724081,0.072236,yes
KXDOGE15M-26JUL081730,Target Price: $0.0721203,2026-07-08 17:15:00-04:00,2026-07-08 17:30:00-04:00,0.0722360,0.07212,yes
KXDOGE15M-26JUL081715,Target Price: $0.0723417,2026-07-08 17:00:00-04:00,2026-07-08 17:15:00-04:00,0.0721203,0.072341,no
KXDOGE15M-26JUL081700,Target Price: $0.0724732,2026-07-08 16:45:00-04:00,2026-07-08 17:00:00-04:00,0.0723417,0.072473,no
KXDOGE15M-26JUL081645,Target Price: $0.0725127,2026-07-08 16:30:00-04:00,2026-07-08 16:45:00-04:00,0.0724732,0.072512,no
KXDOGE15M-26JUL081630,Target Price: $0.0725379,2026-07-08 16:15:00-04:00,2026-07-08 16:30:00-04:00,0.0725127,0.072537,no
KXDOGE15M-26JUL081615,Target Price: $0.0726373,2026-07-08 16:00:00-04:00,2026-07-08 16:15:00-04:00,0.0725379,0.072637,no
KXDOGE15M-26JUL081600,Target Price: $0.0725820,2026-07-08 15:45:00-04:00,2026-07-08 16:00:00-04:00,0.0726373,0.072582,yes
KXDOGE15M-26JUL081545,Target Price: $0.0724351,2026-07-08 15:30:00-04:00,2026-07-08 15:45:00-04:00,0.0725820,0.072435,yes
KXDOGE15M-26JUL081530,Target Price: $0.0723518,2026-07-08 15:15:00-04:00,2026-07-08 15:30:00-04:00,0.0724351,0.072351,yes
KXDOGE15M-26JUL081515,Target Price: $0.0723990,2026-07-08 15:00:00-04:00,2026-07-08 15:15:00-04:00,0.0723518,0.072399,no
KXDOGE15M-26JUL081500,Target Price: $0.0722933,2026-07-08 14:45:00-04:00,2026-07-08 15:00:00-04:00,0.0723990,0.072293,yes
KXDOGE15M-26JUL081445,Target Price: $0.0725312,2026-07-08 14:30:00-04:00,2026-07-08 14:45:00-04:00,0.0722933,0.072531,no
KXDOGE15M-26JUL081430,Target Price: $0.0727028,2026-07-08 14:15:00-04:00,2026-07-08 14:30:00-04:00,0.0725312,0.072702,no
KXDOGE15M-26JUL081415,Target Price: $0.0724610,2026-07-08 14:00:00-04:00,2026-07-08 14:15:00-04:00,0.0727028,0.072461,yes
KXDOGE15M-26JUL081400,Target Price: $0.0726522,2026-07-08 13:45:00-04:00,2026-07-08 14:00:00-04:00,0.0724610,0.072652,no
KXDOGE15M-26JUL081345,Target Price: $0.0727902,2026-07-08 13:30:00-04:00,2026-07-08 13:45:00-04:00,0.0726522,0.07279,no
KXDOGE15M-26JUL081330,Target Price: $0.0722759,2026-07-08 13:15:00-04:00,2026-07-08 13:30:00-04:00,0.0727902,0.072275,yes
KXDOGE15M-26JUL081315,Target Price: $0.0724938,2026-07-08 13:00:00-04:00,2026-07-08 13:15:00-04:00,0.0722759,0.072493,no
KXDOGE15M-26JUL081300,Target Price: $0.0722931,2026-07-08 12:45:00-04:00,2026-07-08 13:00:00-04:00,0.0724938,0.072293,yes
KXDOGE15M-26JUL081245,Target Price: $0.0721286,2026-07-08 12:30:00-04:00,2026-07-08 12:45:00-04:00,0.0722931,0.072128,yes
KXDOGE15M-26JUL081230,Target Price: $0.0720228,2026-07-08 12:15:00-04:00,2026-07-08 12:30:00-04:00,0.0721286,0.072022,yes
KXDOGE15M-26JUL081215,Target Price: $0.0718086,2026-07-08 12:00:00-04:00,2026-07-08 12:15:00-04:00,0.0720228,0.071808,yes
KXDOGE15M-26JUL081200,Target Price: $0.0716441,2026-07-08 11:45:00-04:00,2026-07-08 12:00:00-04:00,0.0718086,0.071644,yes
KXDOGE15M-26JUL081145,Target Price: $0.0714764,2026-07-08 11:30:00-04:00,2026-07-08 11:45:00-04:00,0.0716441,0.071476,yes
KXDOGE15M-26JUL081130,Target Price: $0.0714080,2026-07-08 11:15:00-04:00,2026-07-08 11:30:00-04:00,0.0714764,0.071408,yes
KXDOGE15M-26JUL081115,Target Price: $0.0718027,2026-07-08 11:00:00-04:00,2026-07-08 11:15:00-04:00,0.0714080,0.071802,no
KXDOGE15M-26JUL081100,Target Price: $0.0717332,2026-07-08 10:45:00-04:00,2026-07-08 11:00:00-04:00,0.0718027,0.071733,yes
KXDOGE15M-26JUL081045,Target Price: $0.0718130,2026-07-08 10:30:00-04:00,2026-07-08 10:45:00-04:00,0.0717332,0.071813,no
KXDOGE15M-26JUL081030,Target Price: $0.0719871,2026-07-08 10:15:00-04:00,2026-07-08 10:30:00-04:00,0.0718130,0.071987,no
KXDOGE15M-26JUL081015,Target Price: $0.0719534,2026-07-08 10:00:00-04:00,2026-07-08 10:15:00-04:00,0.0719871,0.071953,yes
KXDOGE15M-26JUL081000,Target Price: $0.0721432,2026-07-08 09:45:00-04:00,2026-07-08 10:00:00-04:00,0.0719534,0.072143,no
KXDOGE15M-26JUL080945,Target Price: $0.0718035,2026-07-08 09:30:00-04:00,2026-07-08 09:45:00-04:00,0.0721432,0.071803,yes
KXDOGE15M-26JUL080930,Target Price: $0.0719659,2026-07-08 09:15:00-04:00,2026-07-08 09:30:00-04:00,0.0718035,0.071965,no
KXDOGE15M-26JUL080915,Target Price: $0.0717949,2026-07-08 09:00:00-04:00,2026-07-08 09:15:00-04:00,0.0719659,0.071794,yes
KXDOGE15M-26JUL080900,Target Price: $0.0720165,2026-07-08 08:45:00-04:00,2026-07-08 09:00:00-04:00,0.0717949,0.072016,no
KXDOGE15M-26JUL080845,Target Price: $0.0721256,2026-07-08 08:30:00-04:00,2026-07-08 08:45:00-04:00,0.0720165,0.072125,no
KXDOGE15M-26JUL080830,Target Price: $0.0720592,2026-07-08 08:15:00-04:00,2026-07-08 08:30:00-04:00,0.0721256,0.072059,yes
KXDOGE15M-26JUL080815,Target Price: $0.0719970,2026-07-08 08:00:00-04:00,2026-07-08 08:15:00-04:00,0.0720592,0.071997,yes
KXDOGE15M-26JUL080800,Target Price: $0.0719763,2026-07-08 07:45:00-04:00,2026-07-08 08:00:00-04:00,0.0719970,0.071976,yes
KXDOGE15M-26JUL080745,Target Price: $0.0716175,2026-07-08 07:30:00-04:00,2026-07-08 07:45:00-04:00,0.0719763,0.071617,yes
KXDOGE15M-26JUL080730,Target Price: $0.0715697,2026-07-08 07:15:00-04:00,2026-07-08 07:30:00-04:00,0.0716175,0.071569,yes
KXDOGE15M-26JUL080715,Target Price: $0.0715551,2026-07-08 07:00:00-04:00,2026-07-08 07:15:00-04:00,0.0715697,0.071555,yes
KXDOGE15M-26JUL080700,Target Price: $0.0716274,2026-07-08 06:45:00-04:00,2026-07-08 07:00:00-04:00,0.0715551,0.071627,no
KXDOGE15M-26JUL080645,Target Price: $0.0715327,2026-07-08 06:30:00-04:00,2026-07-08 06:45:00-04:00,0.0716274,0.071532,yes
KXDOGE15M-26JUL080630,Target Price: $0.0711828,2026-07-08 06:15:00-04:00,2026-07-08 06:30:00-04:00,0.0715327,0.071182,yes
KXDOGE15M-26JUL080615,Target Price: $0.0712432,2026-07-08 06:00:00-04:00,2026-07-08 06:15:00-04:00,0.0711828,0.071243,no
KXDOGE15M-26JUL080600,Target Price: $0.0713796,2026-07-08 05:45:00-04:00,2026-07-08 06:00:00-04:00,0.0712432,0.071379,no
KXDOGE15M-26JUL080545,Target Price: $0.0712100,2026-07-08 05:30:00-04:00,2026-07-08 05:45:00-04:00,0.0713796,0.07121,yes
KXDOGE15M-26JUL080530,Target Price: $0.0712694,2026-07-08 05:15:00-04:00,2026-07-08 05:30:00-04:00,0.0712100,0.071269,no
KXDOGE15M-26JUL080515,Target Price: $0.0712497,2026-07-08 05:00:00-04:00,2026-07-08 05:15:00-04:00,0.0712694,0.071249,yes
KXDOGE15M-26JUL080500,Target Price: $0.0712268,2026-07-08 04:45:00-04:00,2026-07-08 05:00:00-04:00,0.0712497,0.071226,yes
KXDOGE15M-26JUL080445,Target Price: $0.0713433,2026-07-08 04:30:00-04:00,2026-07-08 04:45:00-04:00,0.0712268,0.071343,no
KXDOGE15M-26JUL080430,Target Price: $0.0723760,2026-07-08 04:15:00-04:00,2026-07-08 04:30:00-04:00,0.0713433,0.072376,no
KXDOGE15M-26JUL080415,Target Price: $0.0723906,2026-07-08 04:00:00-04:00,2026-07-08 04:15:00-04:00,0.0723760,0.07239,no
KXDOGE15M-26JUL080400,Target Price: $0.0724053,2026-07-08 03:45:00-04:00,2026-07-08 04:00:00-04:00,0.0723906,0.072405,no
KXDOGE15M-26JUL080345,Target Price: $0.0722756,2026-07-08 03:30:00-04:00,2026-07-08 03:45:00-04:00,0.0724053,0.072275,yes
KXDOGE15M-26JUL080330,Target Price: $0.0721381,2026-07-08 03:15:00-04:00,2026-07-08 03:30:00-04:00,0.0722756,0.072138,yes
KXDOGE15M-26JUL080315,Target Price: $0.0720539,2026-07-08 03:00:00-04:00,2026-07-08 03:15:00-04:00,0.0721381,0.072053,yes
KXDOGE15M-26JUL080300,Target Price: $0.0719115,2026-07-08 02:45:00-04:00,2026-07-08 03:00:00-04:00,0.0720539,0.071911,yes
KXDOGE15M-26JUL080245,Target Price: $0.0719780,2026-07-08 02:30:00-04:00,2026-07-08 02:45:00-04:00,0.0719115,0.071978,no
KXDOGE15M-26JUL080230,Target Price: $0.0722728,2026-07-08 02:15:00-04:00,2026-07-08 02:30:00-04:00,0.0719780,0.072272,no
KXDOGE15M-26JUL080215,Target Price: $0.0724732,2026-07-08 02:00:00-04:00,2026-07-08 02:15:00-04:00,0.0722728,0.072473,no
KXDOGE15M-26JUL080200,Target Price: $0.0724605,2026-07-08 01:45:00-04:00,2026-07-08 02:00:00-04:00,0.0724732,0.07246,yes
KXDOGE15M-26JUL080145,Target Price: $0.0726379,2026-07-08 01:30:00-04:00,2026-07-08 01:45:00-04:00,0.0724605,0.072637,no
KXDOGE15M-26JUL080130,Target Price: $0.0726537,2026-07-08 01:15:00-04:00,2026-07-08 01:30:00-04:00,0.0726379,0.072653,no
KXDOGE15M-26JUL080115,Target Price: $0.0725471,2026-07-08 01:00:00-04:00,2026-07-08 01:15:00-04:00,0.0726537,0.072547,yes
KXDOGE15M-26JUL080100,Target Price: $0.0724753,2026-07-08 00:45:00-04:00,2026-07-08 01:00:00-04:00,0.0725471,0.072475,yes
KXDOGE15M-26JUL080045,Target Price: $0.0725642,2026-07-08 00:30:00-04:00,2026-07-08 00:45:00-04:00,0.0724753,0.072564,no
KXDOGE15M-26JUL080030,Target Price: $0.0725644,2026-07-08 00:15:00-04:00,2026-07-08 00:30:00-04:00,0.0725642,0.072564,no
KXDOGE15M-26JUL080015,Target Price: $0.0725455,2026-07-08 00:00:00-04:00,2026-07-08 00:15:00-04:00,0.0725644,0.072545,yes
KXDOGE15M-26JUL080000,Target Price: $0.0728343,2026-07-07 23:45:00-04:00,2026-07-08 00:00:00-04:00,0.0725455,0.072834,no
KXDOGE15M-26JUL072345,Target Price: $0.0730268,2026-07-07 23:30:00-04:00,2026-07-07 23:45:00-04:00,0.0728343,0.073026,no
KXDOGE15M-26JUL072330,Target Price: $0.0730337,2026-07-07 23:15:00-04:00,2026-07-07 23:30:00-04:00,0.0730268,0.073033,no
KXDOGE15M-26JUL072315,Target Price: $0.0728799,2026-07-07 23:00:00-04:00,2026-07-07 23:15:00-04:00,0.0730337,0.072879,yes
KXDOGE15M-26JUL072300,Target Price: $0.0728485,2026-07-07 22:45:00-04:00,2026-07-07 23:00:00-04:00,0.0728799,0.072848,yes
KXDOGE15M-26JUL072245,Target Price: $0.0727120,2026-07-07 22:30:00-04:00,2026-07-07 22:45:00-04:00,0.0728485,0.072712,yes
KXDOGE15M-26JUL072230,Target Price: $0.0727301,2026-07-07 22:15:00-04:00,2026-07-07 22:30:00-04:00,0.0727120,0.07273,no
KXDOGE15M-26JUL072215,Target Price: $0.0730197,2026-07-07 22:00:00-04:00,2026-07-07 22:15:00-04:00,0.0727301,0.073019,no
KXDOGE15M-26JUL072200,Target Price: $0.0733198,2026-07-07 21:45:00-04:00,2026-07-07 22:00:00-04:00,0.0730197,0.073319,no
KXDOGE15M-26JUL072145,Target Price: $0.0739783,2026-07-07 21:30:00-04:00,2026-07-07 21:45:00-04:00,0.0733198,0.073978,no
KXDOGE15M-26JUL072130,Target Price: $0.0742281,2026-07-07 21:15:00-04:00,2026-07-07 21:30:00-04:00,0.0739783,0.074228,no
KXDOGE15M-26JUL072115,Target Price: $0.0743364,2026-07-07 21:00:00-04:00,2026-07-07 21:15:00-04:00,0.0742281,0.074336,no
KXDOGE15M-26JUL072100,Target Price: $0.0743572,2026-07-07 20:45:00-04:00,2026-07-07 21:00:00-04:00,0.0743364,0.074357,no
KXDOGE15M-26JUL072045,Target Price: $0.0742564,2026-07-07 20:30:00-04:00,2026-07-07 20:45:00-04:00,0.0743572,0.074256,yes
KXDOGE15M-26JUL072030,Target Price: $0.0742561,2026-07-07 20:15:00-04:00,2026-07-07 20:30:00-04:00,0.0742564,0.074256,yes
KXDOGE15M-26JUL072015,Target Price: $0.0741023,2026-07-07 20:00:00-04:00,2026-07-07 20:15:00-04:00,0.0742561,0.074102,yes
KXDOGE15M-26JUL072000,Target Price: $0.0741948,2026-07-07 19:45:00-04:00,2026-07-07 20:00:00-04:00,0.0741023,0.074194,no
KXDOGE15M-26JUL071945,Target Price: $0.0744612,2026-07-07 19:30:00-04:00,2026-07-07 19:45:00-04:00,0.0741948,0.074461,no
KXDOGE15M-26JUL071930,Target Price: $0.0745020,2026-07-07 19:15:00-04:00,2026-07-07 19:30:00-04:00,0.0744612,0.074502,no
KXDOGE15M-26JUL071915,Target Price: $0.0744378,2026-07-07 19:00:00-04:00,2026-07-07 19:15:00-04:00,0.0745020,0.074437,yes
KXDOGE15M-26JUL071900,Target Price: $0.0742919,2026-07-07 18:45:00-04:00,2026-07-07 19:00:00-04:00,0.0744378,0.074291,yes
KXDOGE15M-26JUL071845,Target Price: $0.0740526,2026-07-07 18:30:00-04:00,2026-07-07 18:45:00-04:00,0.0742919,0.074052,yes
KXDOGE15M-26JUL071830,Target Price: $0.0741127,2026-07-07 18:15:00-04:00,2026-07-07 18:30:00-04:00,0.0740526,0.074112,no
KXDOGE15M-26JUL071815,Target Price: $0.0740207,2026-07-07 18:00:00-04:00,2026-07-07 18:15:00-04:00,0.0741127,0.07402,yes
KXDOGE15M-26JUL071800,Target Price: $0.0740135,2026-07-07 17:45:00-04:00,2026-07-07 18:00:00-04:00,0.0740207,0.074013,yes
KXDOGE15M-26JUL071745,Target Price: $0.0741583,2026-07-07 17:30:00-04:00,2026-07-07 17:45:00-04:00,0.0740135,0.074158,no
KXDOGE15M-26JUL071730,Target Price: $0.0744705,2026-07-07 17:15:00-04:00,2026-07-07 17:30:00-04:00,0.0741583,0.07447,no
KXDOGE15M-26JUL071715,Target Price: $0.0743203,2026-07-07 17:00:00-04:00,2026-07-07 17:15:00-04:00,0.0744705,0.07432,yes
KXDOGE15M-26JUL071700,Target Price: $0.0743054,2026-07-07 16:45:00-04:00,2026-07-07 17:00:00-04:00,0.0743203,0.074305,yes
KXDOGE15M-26JUL071645,Target Price: $0.0745108,2026-07-07 16:30:00-04:00,2026-07-07 16:45:00-04:00,0.0743054,0.07451,no
KXDOGE15M-26JUL071630,Target Price: $0.0746357,2026-07-07 16:15:00-04:00,2026-07-07 16:30:00-04:00,0.0745108,0.074635,no
KXDOGE15M-26JUL071615,Target Price: $0.0746884,2026-07-07 16:00:00-04:00,2026-07-07 16:15:00-04:00,0.0746357,0.074688,no
KXDOGE15M-26JUL071600,Target Price: $0.0747560,2026-07-07 15:45:00-04:00,2026-07-07 16:00:00-04:00,0.0746884,0.074756,no
KXDOGE15M-26JUL071545,Target Price: $0.0745144,2026-07-07 15:30:00-04:00,2026-07-07 15:45:00-04:00,0.0747560,0.074514,yes
KXDOGE15M-26JUL071530,Target Price: $0.0743310,2026-07-07 15:15:00-04:00,2026-07-07 15:30:00-04:00,0.0745144,0.074331,yes
KXDOGE15M-26JUL071515,Target Price: $0.0744812,2026-07-07 15:00:00-04:00,2026-07-07 15:15:00-04:00,0.0743310,0.074481,no
KXDOGE15M-26JUL071500,Target Price: $0.0751604,2026-07-07 14:45:00-04:00,2026-07-07 15:00:00-04:00,0.0744812,0.07516,no
KXDOGE15M-26JUL071445,Target Price: $0.0748968,2026-07-07 14:30:00-04:00,2026-07-07 14:45:00-04:00,0.0751604,0.074896,yes
KXDOGE15M-26JUL071430,Target Price: $0.0751480,2026-07-07 14:15:00-04:00,2026-07-07 14:30:00-04:00,0.0748968,0.075148,no
KXDOGE15M-26JUL071415,Target Price: $0.0753925,2026-07-07 14:00:00-04:00,2026-07-07 14:15:00-04:00,0.0751480,0.075392,no
KXDOGE15M-26JUL071400,Target Price: $0.0754473,2026-07-07 13:45:00-04:00,2026-07-07 14:00:00-04:00,0.0753925,0.075447,no
KXDOGE15M-26JUL071345,Target Price: $0.0754849,2026-07-07 13:30:00-04:00,2026-07-07 13:45:00-04:00,0.0754473,0.075484,no
KXDOGE15M-26JUL071330,Target Price: $0.0753726,2026-07-07 13:15:00-04:00,2026-07-07 13:30:00-04:00,0.0754849,0.075372,yes
KXDOGE15M-26JUL071315,Target Price: $0.0753362,2026-07-07 13:00:00-04:00,2026-07-07 13:15:00-04:00,0.0753726,0.075336,yes
KXDOGE15M-26JUL071300,Target Price: $0.0754313,2026-07-07 12:45:00-04:00,2026-07-07 13:00:00-04:00,0.0753362,0.075431,no
KXDOGE15M-26JUL071245,Target Price: $0.0753819,2026-07-07 12:30:00-04:00,2026-07-07 12:45:00-04:00,0.0754313,0.075381,yes
KXDOGE15M-26JUL071230,Target Price: $0.0748315,2026-07-07 12:15:00-04:00,2026-07-07 12:30:00-04:00,0.0753819,0.074831,yes
KXDOGE15M-26JUL071215,Target Price: $0.0751269,2026-07-07 12:00:00-04:00,2026-07-07 12:15:00-04:00,0.0748315,0.075126,no
KXDOGE15M-26JUL071200,Target Price: $0.0750173,2026-07-07 11:45:00-04:00,2026-07-07 12:00:00-04:00,0.0751269,0.075017,yes
KXDOGE15M-26JUL071145,Target Price: $0.0748956,2026-07-07 11:30:00-04:00,2026-07-07 11:45:00-04:00,0.0750173,0.074895,yes
KXDOGE15M-26JUL071130,Target Price: $0.0746670,2026-07-07 11:15:00-04:00,2026-07-07 11:30:00-04:00,0.0748956,0.074667,yes
KXDOGE15M-26JUL071115,Target Price: $0.0748086,2026-07-07 11:00:00-04:00,2026-07-07 11:15:00-04:00,0.0746670,0.074808,no
KXDOGE15M-26JUL071100,Target Price: $0.0741163,2026-07-07 10:45:00-04:00,2026-07-07 11:00:00-04:00,0.0748086,0.074116,yes
KXDOGE15M-26JUL071045,Target Price: $0.0742463,2026-07-07 10:30:00-04:00,2026-07-07 10:45:00-04:00,0.0741163,0.074246,no
KXDOGE15M-26JUL071030,Target Price: $0.0741882,2026-07-07 10:15:00-04:00,2026-07-07 10:30:00-04:00,0.0742463,0.074188,yes
KXDOGE15M-26JUL071015,Target Price: $0.0742551,2026-07-07 10:00:00-04:00,2026-07-07 10:15:00-04:00,0.0741882,0.074255,no
KXDOGE15M-26JUL071000,Target Price: $0.0743573,2026-07-07 09:45:00-04:00,2026-07-07 10:00:00-04:00,0.0742551,0.074357,no
KXDOGE15M-26JUL070945,Target Price: $0.0741351,2026-07-07 09:30:00-04:00,2026-07-07 09:45:00-04:00,0.0743573,0.074135,yes
KXDOGE15M-26JUL070930,Target Price: $0.0745808,2026-07-07 09:15:00-04:00,2026-07-07 09:30:00-04:00,0.0741351,0.07458,no
KXDOGE15M-26JUL070915,Target Price: $0.0747948,2026-07-07 09:00:00-04:00,2026-07-07 09:15:00-04:00,0.0745808,0.074794,no
KXDOGE15M-26JUL070900,Target Price: $0.0750467,2026-07-07 08:45:00-04:00,2026-07-07 09:00:00-04:00,0.0747948,0.075046,no
KXDOGE15M-26JUL070845,Target Price: $0.0752266,2026-07-07 08:30:00-04:00,2026-07-07 08:45:00-04:00,0.0750467,0.075226,no
KXDOGE15M-26JUL070830,Target Price: $0.0752734,2026-07-07 08:15:00-04:00,2026-07-07 08:30:00-04:00,0.0752266,0.075273,no
KXDOGE15M-26JUL070815,Target Price: $0.0747403,2026-07-07 08:00:00-04:00,2026-07-07 08:15:00-04:00,0.0752734,0.07474,yes
KXDOGE15M-26JUL070800,Target Price: $0.0745911,2026-07-07 07:45:00-04:00,2026-07-07 08:00:00-04:00,0.0747403,0.074591,yes
KXDOGE15M-26JUL070745,Target Price: $0.0745945,2026-07-07 07:30:00-04:00,2026-07-07 07:45:00-04:00,0.0745911,0.074594,no
KXDOGE15M-26JUL070730,Target Price: $0.0744145,2026-07-07 07:15:00-04:00,2026-07-07 07:30:00-04:00,0.0745945,0.074414,yes
KXDOGE15M-26JUL070715,Target Price: $0.0745900,2026-07-07 07:00:00-04:00,2026-07-07 07:15:00-04:00,0.0744145,0.07459,no
KXDOGE15M-26JUL070700,Target Price: $0.0747559,2026-07-07 06:45:00-04:00,2026-07-07 07:00:00-04:00,0.0745900,0.074755,no
KXDOGE15M-26JUL070645,Target Price: $0.0748766,2026-07-07 06:30:00-04:00,2026-07-07 06:45:00-04:00,0.0747559,0.074876,no
KXDOGE15M-26JUL070630,Target Price: $0.0749705,2026-07-07 06:15:00-04:00,2026-07-07 06:30:00-04:00,0.0748766,0.07497,no
KXDOGE15M-26JUL070615,Target Price: $0.0749375,2026-07-07 06:00:00-04:00,2026-07-07 06:15:00-04:00,0.0749705,0.074937,yes
KXDOGE15M-26JUL070600,Target Price: $0.0749017,2026-07-07 05:45:00-04:00,2026-07-07 06:00:00-04:00,0.0749375,0.074901,yes
KXDOGE15M-26JUL070545,Target Price: $0.0747757,2026-07-07 05:30:00-04:00,2026-07-07 05:45:00-04:00,0.0749017,0.074775,yes
KXDOGE15M-26JUL070530,Target Price: $0.0749485,2026-07-07 05:15:00-04:00,2026-07-07 05:30:00-04:00,0.0747757,0.074948,no
KXDOGE15M-26JUL070515,Target Price: $0.0748103,2026-07-07 05:00:00-04:00,2026-07-07 05:15:00-04:00,0.0749485,0.07481,yes
KXDOGE15M-26JUL070500,Target Price: $0.0747827,2026-07-07 04:45:00-04:00,2026-07-07 05:00:00-04:00,0.0748103,0.074782,yes
KXDOGE15M-26JUL070445,Target Price: $0.0748851,2026-07-07 04:30:00-04:00,2026-07-07 04:45:00-04:00,0.0747827,0.074885,no
KXDOGE15M-26JUL070430,Target Price: $0.0748145,2026-07-07 04:15:00-04:00,2026-07-07 04:30:00-04:00,0.0748851,0.074814,yes
KXDOGE15M-26JUL070415,Target Price: $0.0749332,2026-07-07 04:00:00-04:00,2026-07-07 04:15:00-04:00,0.0748145,0.074933,no
KXDOGE15M-26JUL070400,Target Price: $0.0750181,2026-07-07 03:45:00-04:00,2026-07-07 04:00:00-04:00,0.0749332,0.075018,no
KXDOGE15M-26JUL070345,Target Price: $0.0752752,2026-07-07 03:30:00-04:00,2026-07-07 03:45:00-04:00,0.0750181,0.075275,no
KXDOGE15M-26JUL070330,Target Price: $0.0755731,2026-07-07 03:15:00-04:00,2026-07-07 03:30:00-04:00,0.0752752,0.075573,no
KXDOGE15M-26JUL070315,Target Price: $0.0754114,2026-07-07 03:00:00-04:00,2026-07-07 03:15:00-04:00,0.0755731,0.075411,yes
KXDOGE15M-26JUL070300,Target Price: $0.0751701,2026-07-07 02:45:00-04:00,2026-07-07 03:00:00-04:00,0.0754114,0.07517,yes
KXDOGE15M-26JUL070245,Target Price: $0.0749090,2026-07-07 02:30:00-04:00,2026-07-07 02:45:00-04:00,0.0751701,0.074909,yes
KXDOGE15M-26JUL070230,Target Price: $0.0747454,2026-07-07 02:15:00-04:00,2026-07-07 02:30:00-04:00,0.0749090,0.074745,yes
KXDOGE15M-26JUL070215,Target Price: $0.0748209,2026-07-07 02:00:00-04:00,2026-07-07 02:15:00-04:00,0.0747454,0.07482,no
KXDOGE15M-26JUL070200,Target Price: $0.0747443,2026-07-07 01:45:00-04:00,2026-07-07 02:00:00-04:00,0.0748209,0.074744,yes
KXDOGE15M-26JUL070145,Target Price: $0.0743616,2026-07-07 01:30:00-04:00,2026-07-07 01:45:00-04:00,0.0747443,0.074361,yes
KXDOGE15M-26JUL070130,Target Price: $0.0743368,2026-07-07 01:15:00-04:00,2026-07-07 01:30:00-04:00,0.0743616,0.074336,yes
KXDOGE15M-26JUL070115,Target Price: $0.0746879,2026-07-07 01:00:00-04:00,2026-07-07 01:15:00-04:00,0.0743368,0.074687,no
KXDOGE15M-26JUL070100,Target Price: $0.0745968,2026-07-07 00:45:00-04:00,2026-07-07 01:00:00-04:00,0.0746879,0.074596,yes
KXDOGE15M-26JUL070045,Target Price: $0.0747780,2026-07-07 00:30:00-04:00,2026-07-07 00:45:00-04:00,0.0745968,0.074778,no
KXDOGE15M-26JUL070030,Target Price: $0.0748932,2026-07-07 00:15:00-04:00,2026-07-07 00:30:00-04:00,0.0747780,0.074893,no
KXDOGE15M-26JUL070015,Target Price: $0.0751114,2026-07-07 00:00:00-04:00,2026-07-07 00:15:00-04:00,0.0748932,0.075111,no
KXDOGE15M-26JUL070000,Target Price: $0.0750480,2026-07-06 23:45:00-04:00,2026-07-07 00:00:00-04:00,0.0751114,0.075048,yes
KXDOGE15M-26JUL062345,Target Price: $0.0750397,2026-07-06 23:30:00-04:00,2026-07-06 23:45:00-04:00,0.0750480,0.075039,yes
KXDOGE15M-26JUL062330,Target Price: $0.0752700,2026-07-06 23:15:00-04:00,2026-07-06 23:30:00-04:00,0.0750397,0.07527,no
KXDOGE15M-26JUL062315,Target Price: $0.0752777,2026-07-06 23:00:00-04:00,2026-07-06 23:15:00-04:00,0.0752700,0.075277,no
KXDOGE15M-26JUL062300,Target Price: $0.0755030,2026-07-06 22:45:00-04:00,2026-07-06 23:00:00-04:00,0.0752777,0.075503,no
KXDOGE15M-26JUL062245,Target Price: $0.0756887,2026-07-06 22:30:00-04:00,2026-07-06 22:45:00-04:00,0.0755030,0.075688,no
KXDOGE15M-26JUL062230,Target Price: $0.0760151,2026-07-06 22:15:00-04:00,2026-07-06 22:30:00-04:00,0.0756887,0.076015,no
KXDOGE15M-26JUL062215,Target Price: $0.0760161,2026-07-06 22:00:00-04:00,2026-07-06 22:15:00-04:00,0.0760151,0.076016,no
KXDOGE15M-26JUL062200,Target Price: $0.0760299,2026-07-06 21:45:00-04:00,2026-07-06 22:00:00-04:00,0.0760161,0.076029,no
KXDOGE15M-26JUL062145,Target Price: $0.0760886,2026-07-06 21:30:00-04:00,2026-07-06 21:45:00-04:00,0.0760299,0.076088,no
KXDOGE15M-26JUL062130,Target Price: $0.0763991,2026-07-06 21:15:00-04:00,2026-07-06 21:30:00-04:00,0.0760886,0.076399,no
KXDOGE15M-26JUL062115,Target Price: $0.0767551,2026-07-06 21:00:00-04:00,2026-07-06 21:15:00-04:00,0.0763991,0.076755,no
KXDOGE15M-26JUL062100,Target Price: $0.0765901,2026-07-06 20:45:00-04:00,2026-07-06 21:00:00-04:00,0.0767551,0.07659,yes
KXDOGE15M-26JUL062045,Target Price: $0.0769025,2026-07-06 20:30:00-04:00,2026-07-06 20:45:00-04:00,0.0765901,0.076902,no
KXDOGE15M-26JUL062030,Target Price: $0.0765444,2026-07-06 20:15:00-04:00,2026-07-06 20:30:00-04:00,0.0769025,0.076544,yes
KXDOGE15M-26JUL062015,Target Price: $0.0765950,2026-07-06 20:00:00-04:00,2026-07-06 20:15:00-04:00,0.0765444,0.076595,no
KXDOGE15M-26JUL062000,Target Price: $0.0766820,2026-07-06 19:45:00-04:00,2026-07-06 20:00:00-04:00,0.0765950,0.076682,no
KXDOGE15M-26JUL061945,Target Price: $0.0768201,2026-07-06 19:30:00-04:00,2026-07-06 19:45:00-04:00,0.0766820,0.07682,no
KXDOGE15M-26JUL061930,Target Price: $0.0770324,2026-07-06 19:15:00-04:00,2026-07-06 19:30:00-04:00,0.0768201,0.077032,no
KXDOGE15M-26JUL061915,Target Price: $0.0770029,2026-07-06 19:00:00-04:00,2026-07-06 19:15:00-04:00,0.0770324,0.077002,yes
KXDOGE15M-26JUL061900,Target Price: $0.0770493,2026-07-06 18:45:00-04:00,2026-07-06 19:00:00-04:00,0.0770029,0.077049,no
KXDOGE15M-26JUL061845,Target Price: $0.0771094,2026-07-06 18:30:00-04:00,2026-07-06 18:45:00-04:00,0.0770493,0.077109,no
KXDOGE15M-26JUL061830,Target Price: $0.0772913,2026-07-06 18:15:00-04:00,2026-07-06 18:30:00-04:00,0.0771094,0.077291,no
KXDOGE15M-26JUL061815,Target Price: $0.0774927,2026-07-06 18:00:00-04:00,2026-07-06 18:15:00-04:00,0.0772913,0.077492,no
KXDOGE15M-26JUL061800,Target Price: $0.0774099,2026-07-06 17:45:00-04:00,2026-07-06 18:00:00-04:00,0.0774927,0.077409,yes
KXDOGE15M-26JUL061745,Target Price: $0.0775553,2026-07-06 17:30:00-04:00,2026-07-06 17:45:00-04:00,0.0774099,0.077555,no
KXDOGE15M-26JUL061730,Target Price: $0.0778663,2026-07-06 17:15:00-04:00,2026-07-06 17:30:00-04:00,0.0775553,0.077866,no
KXDOGE15M-26JUL061715,Target Price: $0.0768603,2026-07-06 17:00:00-04:00,2026-07-06 17:15:00-04:00,0.0778663,0.07686,yes
KXDOGE15M-26JUL061700,Target Price: $0.0768755,2026-07-06 16:45:00-04:00,2026-07-06 17:00:00-04:00,0.0768603,0.076875,no
KXDOGE15M-26JUL061645,Target Price: $0.0768423,2026-07-06 16:30:00-04:00,2026-07-06 16:45:00-04:00,0.0768755,0.076842,yes
KXDOGE15M-26JUL061630,Target Price: $0.0767785,2026-07-06 16:15:00-04:00,2026-07-06 16:30:00-04:00,0.0768423,0.076778,yes
KXDOGE15M-26JUL061615,Target Price: $0.0768882,2026-07-06 16:00:00-04:00,2026-07-06 16:15:00-04:00,0.0767785,0.076888,no
KXDOGE15M-26JUL061600,Target Price: $0.0770420,2026-07-06 15:45:00-04:00,2026-07-06 16:00:00-04:00,0.0768882,0.077042,no
KXDOGE15M-26JUL061545,Target Price: $0.0770330,2026-07-06 15:30:00-04:00,2026-07-06 15:45:00-04:00,0.0770420,0.077033,yes
KXDOGE15M-26JUL061530,Target Price: $0.0769110,2026-07-06 15:15:00-04:00,2026-07-06 15:30:00-04:00,0.0770330,0.076911,yes
KXDOGE15M-26JUL061515,Target Price: $0.0767774,2026-07-06 15:00:00-04:00,2026-07-06 15:15:00-04:00,0.0769110,0.076777,yes
KXDOGE15M-26JUL061500,Target Price: $0.0768519,2026-07-06 14:45:00-04:00,2026-07-06 15:00:00-04:00,0.0767774,0.076851,no
KXDOGE15M-26JUL061445,Target Price: $0.0766189,2026-07-06 14:30:00-04:00,2026-07-06 14:45:00-04:00,0.0768519,0.076618,yes
KXDOGE15M-26JUL061430,Target Price: $0.0765371,2026-07-06 14:15:00-04:00,2026-07-06 14:30:00-04:00,0.0766189,0.076537,yes
KXDOGE15M-26JUL061415,Target Price: $0.0765889,2026-07-06 14:00:00-04:00,2026-07-06 14:15:00-04:00,0.0765371,0.076588,no
KXDOGE15M-26JUL061400,Target Price: $0.0767202,2026-07-06 13:45:00-04:00,2026-07-06 14:00:00-04:00,0.0765889,0.07672,no
KXDOGE15M-26JUL061345,Target Price: $0.0769821,2026-07-06 13:30:00-04:00,2026-07-06 13:45:00-04:00,0.0767202,0.076982,no
KXDOGE15M-26JUL061330,Target Price: $0.0768465,2026-07-06 13:15:00-04:00,2026-07-06 13:30:00-04:00,0.0769821,0.076846,yes
KXDOGE15M-26JUL061315,Target Price: $0.0767668,2026-07-06 13:00:00-04:00,2026-07-06 13:15:00-04:00,0.0768465,0.076766,yes
KXDOGE15M-26JUL061300,Target Price: $0.0768715,2026-07-06 12:45:00-04:00,2026-07-06 13:00:00-04:00,0.0767668,0.076871,no
KXDOGE15M-26JUL061245,Target Price: $0.0763271,2026-07-06 12:30:00-04:00,2026-07-06 12:45:00-04:00,0.0768715,0.076327,yes
KXDOGE15M-26JUL061230,Target Price: $0.0767709,2026-07-06 12:15:00-04:00,2026-07-06 12:30:00-04:00,0.0763271,0.07677,no
KXDOGE15M-26JUL061215,Target Price: $0.0761811,2026-07-06 12:00:00-04:00,2026-07-06 12:15:00-04:00,0.0767709,0.076181,yes
KXDOGE15M-26JUL061200,Target Price: $0.0763706,2026-07-06 11:45:00-04:00,2026-07-06 12:00:00-04:00,0.0761811,0.07637,no
KXDOGE15M-26JUL061145,Target Price: $0.0758174,2026-07-06 11:30:00-04:00,2026-07-06 11:45:00-04:00,0.0763706,0.075817,yes
KXDOGE15M-26JUL061130,Target Price: $0.0759326,2026-07-06 11:15:00-04:00,2026-07-06 11:30:00-04:00,0.0758174,0.075932,no
KXDOGE15M-26JUL061115,Target Price: $0.0754997,2026-07-06 11:00:00-04:00,2026-07-06 11:15:00-04:00,0.0759326,0.075499,yes
KXDOGE15M-26JUL061100,Target Price: $0.0754614,2026-07-06 10:45:00-04:00,2026-07-06 11:00:00-04:00,0.0754997,0.075461,yes
KXDOGE15M-26JUL061045,Target Price: $0.0754894,2026-07-06 10:30:00-04:00,2026-07-06 10:45:00-04:00,0.0754614,0.075489,no
KXDOGE15M-26JUL061030,Target Price: $0.0753498,2026-07-06 10:15:00-04:00,2026-07-06 10:30:00-04:00,0.0754894,0.075349,yes
KXDOGE15M-26JUL061015,Target Price: $0.0752643,2026-07-06 10:00:00-04:00,2026-07-06 10:15:00-04:00,0.0753498,0.075264,yes
KXDOGE15M-26JUL061000,Target Price: $0.0749085,2026-07-06 09:45:00-04:00,2026-07-06 10:00:00-04:00,0.0752643,0.074908,yes
KXDOGE15M-26JUL060945,Target Price: $0.0744706,2026-07-06 09:30:00-04:00,2026-07-06 09:45:00-04:00,0.0749085,0.07447,yes
KXDOGE15M-26JUL060930,Target Price: $0.0747804,2026-07-06 09:15:00-04:00,2026-07-06 09:30:00-04:00,0.0744706,0.07478,no
KXDOGE15M-26JUL060915,Target Price: $0.0749928,2026-07-06 09:00:00-04:00,2026-07-06 09:15:00-04:00,0.0747804,0.074992,no
KXDOGE15M-26JUL060900,Target Price: $0.0755660,2026-07-06 08:45:00-04:00,2026-07-06 09:00:00-04:00,0.0749928,0.075566,no
KXDOGE15M-26JUL060845,Target Price: $0.0760455,2026-07-06 08:30:00-04:00,2026-07-06 08:45:00-04:00,0.0755660,0.076045,no
KXDOGE15M-26JUL060830,Target Price: $0.0760262,2026-07-06 08:15:00-04:00,2026-07-06 08:30:00-04:00,0.0760455,0.076026,yes
KXDOGE15M-26JUL060815,Target Price: $0.0767808,2026-07-06 08:00:00-04:00,2026-07-06 08:15:00-04:00,0.0760262,0.07678,no
KXDOGE15M-26JUL060800,Target Price: $0.0773111,2026-07-06 07:45:00-04:00,2026-07-06 08:00:00-04:00,0.0767808,0.077311,no
KXDOGE15M-26JUL060745,Target Price: $0.0770964,2026-07-06 07:30:00-04:00,2026-07-06 07:45:00-04:00,0.0773111,0.077096,yes
KXDOGE15M-26JUL060730,Target Price: $0.0770903,2026-07-06 07:15:00-04:00,2026-07-06 07:30:00-04:00,0.0770964,0.07709,yes
KXDOGE15M-26JUL060715,Target Price: $0.0770669,2026-07-06 07:00:00-04:00,2026-07-06 07:15:00-04:00,0.0770903,0.077066,yes
KXDOGE15M-26JUL060700,Target Price: $0.0770152,2026-07-06 06:45:00-04:00,2026-07-06 07:00:00-04:00,0.0770669,0.077015,yes
KXDOGE15M-26JUL060645,Target Price: $0.0767945,2026-07-06 06:30:00-04:00,2026-07-06 06:45:00-04:00,0.0770152,0.076794,yes
KXDOGE15M-26JUL060630,Target Price: $0.0768767,2026-07-06 06:15:00-04:00,2026-07-06 06:30:00-04:00,0.0767945,0.076876,no
KXDOGE15M-26JUL060615,Target Price: $0.0766677,2026-07-06 06:00:00-04:00,2026-07-06 06:15:00-04:00,0.0768767,0.076667,yes
KXDOGE15M-26JUL060600,Target Price: $0.0766931,2026-07-06 05:45:00-04:00,2026-07-06 06:00:00-04:00,0.0766677,0.076693,no
KXDOGE15M-26JUL060545,Target Price: $0.0767929,2026-07-06 05:30:00-04:00,2026-07-06 05:45:00-04:00,0.0766931,0.076792,no
KXDOGE15M-26JUL060530,Target Price: $0.0768955,2026-07-06 05:15:00-04:00,2026-07-06 05:30:00-04:00,0.0767929,0.076895,no
KXDOGE15M-26JUL060515,Target Price: $0.0769952,2026-07-06 05:00:00-04:00,2026-07-06 05:15:00-04:00,0.0768955,0.076995,no
KXDOGE15M-26JUL060500,Target Price: $0.0769331,2026-07-06 04:45:00-04:00,2026-07-06 05:00:00-04:00,0.0769952,0.076933,yes
KXDOGE15M-26JUL060445,Target Price: $0.0771175,2026-07-06 04:30:00-04:00,2026-07-06 04:45:00-04:00,0.0769331,0.077117,no
KXDOGE15M-26JUL060430,Target Price: $0.0769475,2026-07-06 04:15:00-04:00,2026-07-06 04:30:00-04:00,0.0771175,0.076947,yes
KXDOGE15M-26JUL060415,Target Price: $0.0768782,2026-07-06 04:00:00-04:00,2026-07-06 04:15:00-04:00,0.0769475,0.076878,yes
KXDOGE15M-26JUL060400,Target Price: $0.0769757,2026-07-06 03:45:00-04:00,2026-07-06 04:00:00-04:00,0.0768782,0.076975,no
KXDOGE15M-26JUL060345,Target Price: $0.0767806,2026-07-06 03:30:00-04:00,2026-07-06 03:45:00-04:00,0.0769757,0.07678,yes
KXDOGE15M-26JUL060330,Target Price: $0.0765383,2026-07-06 03:15:00-04:00,2026-07-06 03:30:00-04:00,0.0767806,0.076538,yes
KXDOGE15M-26JUL060315,Target Price: $0.0766175,2026-07-06 03:00:00-04:00,2026-07-06 03:15:00-04:00,0.0765383,0.076617,no
KXDOGE15M-26JUL060300,Target Price: $0.0766516,2026-07-06 02:45:00-04:00,2026-07-06 03:00:00-04:00,0.0766175,0.076651,no
KXDOGE15M-26JUL060245,Target Price: $0.0765563,2026-07-06 02:30:00-04:00,2026-07-06 02:45:00-04:00,0.0766516,0.076556,yes
KXDOGE15M-26JUL060230,Target Price: $0.0766043,2026-07-06 02:15:00-04:00,2026-07-06 02:30:00-04:00,0.0765563,0.076604,no
KXDOGE15M-26JUL060215,Target Price: $0.0765741,2026-07-06 02:00:00-04:00,2026-07-06 02:15:00-04:00,0.0766043,0.076574,yes
KXDOGE15M-26JUL060200,Target Price: $0.0766702,2026-07-06 01:45:00-04:00,2026-07-06 02:00:00-04:00,0.0765741,0.07667,no
KXDOGE15M-26JUL060145,Target Price: $0.0765004,2026-07-06 01:30:00-04:00,2026-07-06 01:45:00-04:00,0.0766702,0.0765,yes
KXDOGE15M-26JUL060130,Target Price: $0.0768516,2026-07-06 01:15:00-04:00,2026-07-06 01:30:00-04:00,0.0765004,0.076851,no
KXDOGE15M-26JUL060115,Target Price: $0.0770323,2026-07-06 01:00:00-04:00,2026-07-06 01:15:00-04:00,0.0768516,0.077032,no
KXDOGE15M-26JUL060100,Target Price: $0.0772558,2026-07-06 00:45:00-04:00,2026-07-06 01:00:00-04:00,0.0770323,0.077255,no
KXDOGE15M-26JUL060045,Target Price: $0.0771488,2026-07-06 00:30:00-04:00,2026-07-06 00:45:00-04:00,0.0772558,0.077148,yes
KXDOGE15M-26JUL060030,Target Price: $0.0773466,2026-07-06 00:15:00-04:00,2026-07-06 00:30:00-04:00,0.0771488,0.077346,no
KXDOGE15M-26JUL060015,Target Price: $0.0773773,2026-07-06 00:00:00-04:00,2026-07-06 00:15:00-04:00,0.0773466,0.077377,no
KXDOGE15M-26JUL060000,Target Price: $0.0772869,2026-07-05 23:45:00-04:00,2026-07-06 00:00:00-04:00,0.0773773,0.077286,yes
KXDOGE15M-26JUL052345,Target Price: $0.0772785,2026-07-05 23:30:00-04:00,2026-07-05 23:45:00-04:00,0.0772869,0.077278,yes
KXDOGE15M-26JUL052330,Target Price: $0.0775193,2026-07-05 23:15:00-04:00,2026-07-05 23:30:00-04:00,0.0772785,0.077519,no
KXDOGE15M-26JUL052315,Target Price: $0.0776438,2026-07-05 23:00:00-04:00,2026-07-05 23:15:00-04:00,0.0775193,0.077643,no
KXDOGE15M-26JUL052300,Target Price: $0.0775535,2026-07-05 22:45:00-04:00,2026-07-05 23:00:00-04:00,0.0776438,0.077553,yes
KXDOGE15M-26JUL052245,Target Price: $0.0776822,2026-07-05 22:30:00-04:00,2026-07-05 22:45:00-04:00,0.0775535,0.077682,no
KXDOGE15M-26JUL052230,Target Price: $0.0774236,2026-07-05 22:15:00-04:00,2026-07-05 22:30:00-04:00,0.0776822,0.077423,yes
KXDOGE15M-26JUL052215,Target Price: $0.0776571,2026-07-05 22:00:00-04:00,2026-07-05 22:15:00-04:00,0.0774236,0.077657,no
KXDOGE15M-26JUL052200,Target Price: $0.0780859,2026-07-05 21:45:00-04:00,2026-07-05 22:00:00-04:00,0.0776571,0.078085,no
KXDOGE15M-26JUL052145,Target Price: $0.0778193,2026-07-05 21:30:00-04:00,2026-07-05 21:45:00-04:00,0.0780859,0.077819,yes
KXDOGE15M-26JUL052130,Target Price: $0.0780428,2026-07-05 21:15:00-04:00,2026-07-05 21:30:00-04:00,0.0778193,0.078042,no
KXDOGE15M-26JUL052115,Target Price: $0.0780316,2026-07-05 21:00:00-04:00,2026-07-05 21:15:00-04:00,0.0780428,0.078031,yes
KXDOGE15M-26JUL052100,Target Price: $0.0776904,2026-07-05 20:45:00-04:00,2026-07-05 21:00:00-04:00,0.0780316,0.07769,yes
KXDOGE15M-26JUL052045,Target Price: $0.0773144,2026-07-05 20:30:00-04:00,2026-07-05 20:45:00-04:00,0.0776904,0.077314,yes
KXDOGE15M-26JUL052030,Target Price: $0.0776806,2026-07-05 20:15:00-04:00,2026-07-05 20:30:00-04:00,0.0773144,0.07768,no
KXDOGE15M-26JUL052015,Target Price: $0.0778053,2026-07-05 20:00:00-04:00,2026-07-05 20:15:00-04:00,0.0776806,0.077805,no
KXDOGE15M-26JUL052000,Target Price: $0.0780691,2026-07-05 19:45:00-04:00,2026-07-05 20:00:00-04:00,0.0778053,0.078069,no
KXDOGE15M-26JUL051945,Target Price: $0.0784490,2026-07-05 19:30:00-04:00,2026-07-05 19:45:00-04:00,0.0780691,0.078449,no
KXDOGE15M-26JUL051930,Target Price: $0.0785968,2026-07-05 19:15:00-04:00,2026-07-05 19:30:00-04:00,0.0784490,0.078596,no
KXDOGE15M-26JUL051915,Target Price: $0.0782991,2026-07-05 19:00:00-04:00,2026-07-05 19:15:00-04:00,0.0785968,0.078299,yes
KXDOGE15M-26JUL051900,Target Price: $0.0781669,2026-07-05 18:45:00-04:00,2026-07-05 19:00:00-04:00,0.0782991,0.078166,yes
KXDOGE15M-26JUL051845,Target Price: $0.0784038,2026-07-05 18:30:00-04:00,2026-07-05 18:45:00-04:00,0.0781669,0.078403,no
KXDOGE15M-26JUL051830,Target Price: $0.0779411,2026-07-05 18:15:00-04:00,2026-07-05 18:30:00-04:00,0.0784038,0.077941,yes
KXDOGE15M-26JUL051815,Target Price: $0.0779235,2026-07-05 18:00:00-04:00,2026-07-05 18:15:00-04:00,0.0779411,0.077923,yes
KXDOGE15M-26JUL051800,Target Price: $0.0774310,2026-07-05 17:45:00-04:00,2026-07-05 18:00:00-04:00,0.0779235,0.077431,yes
KXDOGE15M-26JUL051745,Target Price: $0.0774943,2026-07-05 17:30:00-04:00,2026-07-05 17:45:00-04:00,0.0774310,0.077494,no
KXDOGE15M-26JUL051730,Target Price: $0.0770957,2026-07-05 17:15:00-04:00,2026-07-05 17:30:00-04:00,0.0774943,0.077095,yes
KXDOGE15M-26JUL051715,Target Price: $0.0770567,2026-07-05 17:00:00-04:00,2026-07-05 17:15:00-04:00,0.0770957,0.077056,yes
KXDOGE15M-26JUL051700,Target Price: $0.0770562,2026-07-05 16:45:00-04:00,2026-07-05 17:00:00-04:00,0.0770567,0.077056,yes
KXDOGE15M-26JUL051645,Target Price: $0.0772715,2026-07-05 16:30:00-04:00,2026-07-05 16:45:00-04:00,0.0770562,0.077271,no
KXDOGE15M-26JUL051630,Target Price: $0.0774072,2026-07-05 16:15:00-04:00,2026-07-05 16:30:00-04:00,0.0772715,0.077407,no
KXDOGE15M-26JUL051615,Target Price: $0.0772368,2026-07-05 16:00:00-04:00,2026-07-05 16:15:00-04:00,0.0774072,0.077236,yes
KXDOGE15M-26JUL051600,Target Price: $0.0772764,2026-07-05 15:45:00-04:00,2026-07-05 16:00:00-04:00,0.0772368,0.077276,no
KXDOGE15M-26JUL051545,Target Price: $0.0772711,2026-07-05 15:30:00-04:00,2026-07-05 15:45:00-04:00,0.0772764,0.077271,yes
KXDOGE15M-26JUL051530,Target Price: $0.0776354,2026-07-05 15:15:00-04:00,2026-07-05 15:30:00-04:00,0.0772711,0.077635,no
KXDOGE15M-26JUL051515,Target Price: $0.0775615,2026-07-05 15:00:00-04:00,2026-07-05 15:15:00-04:00,0.0776354,0.077561,yes
KXDOGE15M-26JUL051500,Target Price: $0.0776341,2026-07-05 14:45:00-04:00,2026-07-05 15:00:00-04:00,0.0775615,0.077634,no
KXDOGE15M-26JUL051445,Target Price: $0.0773863,2026-07-05 14:30:00-04:00,2026-07-05 14:45:00-04:00,0.0776341,0.077386,yes
KXDOGE15M-26JUL051430,Target Price: $0.0772134,2026-07-05 14:15:00-04:00,2026-07-05 14:30:00-04:00,0.0773863,0.077213,yes
KXDOGE15M-26JUL051415,Target Price: $0.0772548,2026-07-05 14:00:00-04:00,2026-07-05 14:15:00-04:00,0.0772134,0.077254,no
KXDOGE15M-26JUL051400,Target Price: $0.0771219,2026-07-05 13:45:00-04:00,2026-07-05 14:00:00-04:00,0.0772548,0.077121,yes
KXDOGE15M-26JUL051345,Target Price: $0.0774304,2026-07-05 13:30:00-04:00,2026-07-05 13:45:00-04:00,0.0771219,0.07743,no
KXDOGE15M-26JUL051330,Target Price: $0.0771390,2026-07-05 13:15:00-04:00,2026-07-05 13:30:00-04:00,0.0774304,0.077139,yes
KXDOGE15M-26JUL051315,Target Price: $0.0770113,2026-07-05 13:00:00-04:00,2026-07-05 13:15:00-04:00,0.0771390,0.077011,yes
KXDOGE15M-26JUL051300,Target Price: $0.0769567,2026-07-05 12:45:00-04:00,2026-07-05 13:00:00-04:00,0.0770113,0.076956,yes
KXDOGE15M-26JUL051245,Target Price: $0.0769207,2026-07-05 12:30:00-04:00,2026-07-05 12:45:00-04:00,0.0769567,0.07692,yes
KXDOGE15M-26JUL051230,Target Price: $0.0771569,2026-07-05 12:15:00-04:00,2026-07-05 12:30:00-04:00,0.0769207,0.077156,no
KXDOGE15M-26JUL051215,Target Price: $0.0770858,2026-07-05 12:00:00-04:00,2026-07-05 12:15:00-04:00,0.0771569,0.077085,yes
KXDOGE15M-26JUL051200,Target Price: $0.0768884,2026-07-05 11:45:00-04:00,2026-07-05 12:00:00-04:00,0.0770858,0.076888,yes
KXDOGE15M-26JUL051145,Target Price: $0.0768317,2026-07-05 11:30:00-04:00,2026-07-05 11:45:00-04:00,0.0768884,0.076831,yes
KXDOGE15M-26JUL051130,Target Price: $0.0769873,2026-07-05 11:15:00-04:00,2026-07-05 11:30:00-04:00,0.0768317,0.076987,no
KXDOGE15M-26JUL051115,Target Price: $0.0770008,2026-07-05 11:00:00-04:00,2026-07-05 11:15:00-04:00,0.0769873,0.077,no
KXDOGE15M-26JUL051100,Target Price: $0.0769637,2026-07-05 10:45:00-04:00,2026-07-05 11:00:00-04:00,0.0770008,0.076963,yes
KXDOGE15M-26JUL051045,Target Price: $0.0766402,2026-07-05 10:30:00-04:00,2026-07-05 10:45:00-04:00,0.0769637,0.07664,yes
KXDOGE15M-26JUL051030,Target Price: $0.0765489,2026-07-05 10:15:00-04:00,2026-07-05 10:30:00-04:00,0.0766402,0.076548,yes
KXDOGE15M-26JUL051015,Target Price: $0.0765630,2026-07-05 10:00:00-04:00,2026-07-05 10:15:00-04:00,0.0765489,0.076563,no
KXDOGE15M-26JUL051000,Target Price: $0.0765167,2026-07-05 09:45:00-04:00,2026-07-05 10:00:00-04:00,0.0765630,0.076516,yes
KXDOGE15M-26JUL050945,Target Price: $0.0763732,2026-07-05 09:30:00-04:00,2026-07-05 09:45:00-04:00,0.0765167,0.076373,yes
KXDOGE15M-26JUL050930,Target Price: $0.0765900,2026-07-05 09:15:00-04:00,2026-07-05 09:30:00-04:00,0.0763732,0.07659,no
KXDOGE15M-26JUL050915,Target Price: $0.0764823,2026-07-05 09:00:00-04:00,2026-07-05 09:15:00-04:00,0.0765900,0.076482,yes
KXDOGE15M-26JUL050900,Target Price: $0.0762735,2026-07-05 08:45:00-04:00,2026-07-05 09:00:00-04:00,0.0764823,0.076273,yes
KXDOGE15M-26JUL050845,Target Price: $0.0760921,2026-07-05 08:30:00-04:00,2026-07-05 08:45:00-04:00,0.0762735,0.076092,yes
KXDOGE15M-26JUL050830,Target Price: $0.0758220,2026-07-05 08:15:00-04:00,2026-07-05 08:30:00-04:00,0.0760921,0.075822,yes
KXDOGE15M-26JUL050815,Target Price: $0.0758983,2026-07-05 08:00:00-04:00,2026-07-05 08:15:00-04:00,0.0758220,0.075898,no
KXDOGE15M-26JUL050800,Target Price: $0.0758211,2026-07-05 07:45:00-04:00,2026-07-05 08:00:00-04:00,0.0758983,0.075821,yes
KXDOGE15M-26JUL050745,Target Price: $0.0757625,2026-07-05 07:30:00-04:00,2026-07-05 07:45:00-04:00,0.0758211,0.075762,yes
KXDOGE15M-26JUL050730,Target Price: $0.0758181,2026-07-05 07:15:00-04:00,2026-07-05 07:30:00-04:00,0.0757625,0.075818,no
KXDOGE15M-26JUL050715,Target Price: $0.0758023,2026-07-05 07:00:00-04:00,2026-07-05 07:15:00-04:00,0.0758181,0.075802,yes
KXDOGE15M-26JUL050700,Target Price: $0.0757294,2026-07-05 06:45:00-04:00,2026-07-05 07:00:00-04:00,0.0758023,0.075729,yes
KXDOGE15M-26JUL050645,Target Price: $0.0756717,2026-07-05 06:30:00-04:00,2026-07-05 06:45:00-04:00,0.0757294,0.075671,yes
KXDOGE15M-26JUL050630,Target Price: $0.0756425,2026-07-05 06:15:00-04:00,2026-07-05 06:30:00-04:00,0.0756717,0.075642,yes
KXDOGE15M-26JUL050615,Target Price: $0.0755313,2026-07-05 06:00:00-04:00,2026-07-05 06:15:00-04:00,0.0756425,0.075531,yes
KXDOGE15M-26JUL050600,Target Price: $0.0754017,2026-07-05 05:45:00-04:00,2026-07-05 06:00:00-04:00,0.0755313,0.075401,yes
KXDOGE15M-26JUL050545,Target Price: $0.0756905,2026-07-05 05:30:00-04:00,2026-07-05 05:45:00-04:00,0.0754017,0.07569,no
KXDOGE15M-26JUL050530,Target Price: $0.0759590,2026-07-05 05:15:00-04:00,2026-07-05 05:30:00-04:00,0.0756905,0.075959,no
KXDOGE15M-26JUL050515,Target Price: $0.0759873,2026-07-05 05:00:00-04:00,2026-07-05 05:15:00-04:00,0.0759590,0.075987,no
KXDOGE15M-26JUL050500,Target Price: $0.0760365,2026-07-05 04:45:00-04:00,2026-07-05 05:00:00-04:00,0.0759873,0.076036,no
KXDOGE15M-26JUL050445,Target Price: $0.0760105,2026-07-05 04:30:00-04:00,2026-07-05 04:45:00-04:00,0.0760365,0.07601,yes
KXDOGE15M-26JUL050430,Target Price: $0.0760588,2026-07-05 04:15:00-04:00,2026-07-05 04:30:00-04:00,0.0760105,0.076058,no
KXDOGE15M-26JUL050415,Target Price: $0.0761604,2026-07-05 04:00:00-04:00,2026-07-05 04:15:00-04:00,0.0760588,0.07616,no
KXDOGE15M-26JUL050400,Target Price: $0.0759493,2026-07-05 03:45:00-04:00,2026-07-05 04:00:00-04:00,0.0761604,0.075949,yes
KXDOGE15M-26JUL050345,Target Price: $0.0757702,2026-07-05 03:30:00-04:00,2026-07-05 03:45:00-04:00,0.0759493,0.07577,yes
KXDOGE15M-26JUL050330,Target Price: $0.0757729,2026-07-05 03:15:00-04:00,2026-07-05 03:30:00-04:00,0.0757702,0.075772,no
KXDOGE15M-26JUL050315,Target Price: $0.0758470,2026-07-05 03:00:00-04:00,2026-07-05 03:15:00-04:00,0.0757729,0.075847,no
KXDOGE15M-26JUL050300,Target Price: $0.0758089,2026-07-05 02:45:00-04:00,2026-07-05 03:00:00-04:00,0.0758470,0.075808,yes
KXDOGE15M-26JUL050245,Target Price: $0.0758265,2026-07-05 02:30:00-04:00,2026-07-05 02:45:00-04:00,0.0758089,0.075826,no
KXDOGE15M-26JUL050230,Target Price: $0.0757300,2026-07-05 02:15:00-04:00,2026-07-05 02:30:00-04:00,0.0758265,0.07573,yes
KXDOGE15M-26JUL050215,Target Price: $0.0757842,2026-07-05 02:00:00-04:00,2026-07-05 02:15:00-04:00,0.0757300,0.075784,no
KXDOGE15M-26JUL050200,Target Price: $0.0756571,2026-07-05 01:45:00-04:00,2026-07-05 02:00:00-04:00,0.0757842,0.075657,yes
KXDOGE15M-26JUL050145,Target Price: $0.0758977,2026-07-05 01:30:00-04:00,2026-07-05 01:45:00-04:00,0.0756571,0.075897,no
KXDOGE15M-26JUL050130,Target Price: $0.0759492,2026-07-05 01:15:00-04:00,2026-07-05 01:30:00-04:00,0.0758977,0.075949,no
KXDOGE15M-26JUL050115,Target Price: $0.0760517,2026-07-05 01:00:00-04:00,2026-07-05 01:15:00-04:00,0.0759492,0.076051,no
KXDOGE15M-26JUL050100,Target Price: $0.0762944,2026-07-05 00:45:00-04:00,2026-07-05 01:00:00-04:00,0.0760517,0.076294,no
KXDOGE15M-26JUL050045,Target Price: $0.0761444,2026-07-05 00:30:00-04:00,2026-07-05 00:45:00-04:00,0.0762944,0.076144,yes
KXDOGE15M-26JUL050030,Target Price: $0.0759179,2026-07-05 00:15:00-04:00,2026-07-05 00:30:00-04:00,0.0761444,0.075917,yes
KXDOGE15M-26JUL050015,Target Price: $0.0759229,2026-07-05 00:00:00-04:00,2026-07-05 00:15:00-04:00,0.0759179,0.075922,no
KXDOGE15M-26JUL050000,Target Price: $0.0759101,2026-07-04 23:45:00-04:00,2026-07-05 00:00:00-04:00,0.0759229,0.07591,yes
KXDOGE15M-26JUL042345,Target Price: $0.0759202,2026-07-04 23:30:00-04:00,2026-07-04 23:45:00-04:00,0.0759101,0.07592,no
KXDOGE15M-26JUL042330,Target Price: $0.0761097,2026-07-04 23:15:00-04:00,2026-07-04 23:30:00-04:00,0.0759202,0.076109,no
KXDOGE15M-26JUL042315,Target Price: $0.0757809,2026-07-04 23:00:00-04:00,2026-07-04 23:15:00-04:00,0.0761097,0.07578,yes
KXDOGE15M-26JUL042300,Target Price: $0.0760637,2026-07-04 22:45:00-04:00,2026-07-04 23:00:00-04:00,0.0757809,0.076063,no
KXDOGE15M-26JUL042245,Target Price: $0.0763378,2026-07-04 22:30:00-04:00,2026-07-04 22:45:00-04:00,0.0760637,0.076337,no
KXDOGE15M-26JUL042230,Target Price: $0.0762792,2026-07-04 22:15:00-04:00,2026-07-04 22:30:00-04:00,0.0763378,0.076279,yes
KXDOGE15M-26JUL042215,Target Price: $0.0767909,2026-07-04 22:00:00-04:00,2026-07-04 22:15:00-04:00,0.0762792,0.07679,no
KXDOGE15M-26JUL042200,Target Price: $0.0768341,2026-07-04 21:45:00-04:00,2026-07-04 22:00:00-04:00,0.0767909,0.076834,no
KXDOGE15M-26JUL042145,Target Price: $0.0771048,2026-07-04 21:30:00-04:00,2026-07-04 21:45:00-04:00,0.0768341,0.077104,no
KXDOGE15M-26JUL042130,Target Price: $0.0772189,2026-07-04 21:15:00-04:00,2026-07-04 21:30:00-04:00,0.0771048,0.077218,no
KXDOGE15M-26JUL042115,Target Price: $0.0770903,2026-07-04 21:00:00-04:00,2026-07-04 21:15:00-04:00,0.0772189,0.07709,yes
KXDOGE15M-26JUL042100,Target Price: $0.0772432,2026-07-04 20:45:00-04:00,2026-07-04 21:00:00-04:00,0.0770903,0.077243,no
KXDOGE15M-26JUL042045,Target Price: $0.0772001,2026-07-04 20:30:00-04:00,2026-07-04 20:45:00-04:00,0.0772432,0.0772,yes
KXDOGE15M-26JUL042030,Target Price: $0.0774058,2026-07-04 20:15:00-04:00,2026-07-04 20:30:00-04:00,0.0772001,0.077405,no
KXDOGE15M-26JUL042015,Target Price: $0.0776119,2026-07-04 20:00:00-04:00,2026-07-04 20:15:00-04:00,0.0774058,0.077611,no
KXDOGE15M-26JUL042000,Target Price: $0.0776946,2026-07-04 19:45:00-04:00,2026-07-04 20:00:00-04:00,0.0776119,0.077694,no
KXDOGE15M-26JUL041945,Target Price: $0.0776683,2026-07-04 19:30:00-04:00,2026-07-04 19:45:00-04:00,0.0776946,0.077668,yes
KXDOGE15M-26JUL041930,Target Price: $0.0776483,2026-07-04 19:15:00-04:00,2026-07-04 19:30:00-04:00,0.0776683,0.077648,yes
KXDOGE15M-26JUL041915,Target Price: $0.0778789,2026-07-04 19:00:00-04:00,2026-07-04 19:15:00-04:00,0.0776483,0.077878,no
KXDOGE15M-26JUL041900,Target Price: $0.0779265,2026-07-04 18:45:00-04:00,2026-07-04 19:00:00-04:00,0.0778789,0.077926,no
KXDOGE15M-26JUL041845,Target Price: $0.0778604,2026-07-04 18:30:00-04:00,2026-07-04 18:45:00-04:00,0.0779265,0.07786,yes
KXDOGE15M-26JUL041830,Target Price: $0.0780154,2026-07-04 18:15:00-04:00,2026-07-04 18:30:00-04:00,0.0778604,0.078015,no
KXDOGE15M-26JUL041815,Target Price: $0.0782080,2026-07-04 18:00:00-04:00,2026-07-04 18:15:00-04:00,0.0780154,0.078208,no
KXDOGE15M-26JUL041800,Target Price: $0.0782112,2026-07-04 17:45:00-04:00,2026-07-04 18:00:00-04:00,0.0782080,0.078211,no
KXDOGE15M-26JUL041745,Target Price: $0.0783686,2026-07-04 17:30:00-04:00,2026-07-04 17:45:00-04:00,0.0782112,0.078368,no
KXDOGE15M-26JUL041730,Target Price: $0.0781413,2026-07-04 17:15:00-04:00,2026-07-04 17:30:00-04:00,0.0783686,0.078141,yes
KXDOGE15M-26JUL041715,Target Price: $0.0780010,2026-07-04 17:00:00-04:00,2026-07-04 17:15:00-04:00,0.0781413,0.078001,yes
KXDOGE15M-26JUL041700,Target Price: $0.0780811,2026-07-04 16:45:00-04:00,2026-07-04 17:00:00-04:00,0.0780010,0.078081,no
KXDOGE15M-26JUL041645,Target Price: $0.0780189,2026-07-04 16:30:00-04:00,2026-07-04 16:45:00-04:00,0.0780811,0.078018,yes
KXDOGE15M-26JUL041630,Target Price: $0.0786488,2026-07-04 16:15:00-04:00,2026-07-04 16:30:00-04:00,0.0780189,0.078648,no
KXDOGE15M-26JUL041615,Target Price: $0.0785209,2026-07-04 16:00:00-04:00,2026-07-04 16:15:00-04:00,0.0786488,0.07852,yes
KXDOGE15M-26JUL041600,Target Price: $0.0787602,2026-07-04 15:45:00-04:00,2026-07-04 16:00:00-04:00,0.0785209,0.07876,no
KXDOGE15M-26JUL041545,Target Price: $0.0787399,2026-07-04 15:30:00-04:00,2026-07-04 15:45:00-04:00,0.0787602,0.078739,yes
KXDOGE15M-26JUL041530,Target Price: $0.0786833,2026-07-04 15:15:00-04:00,2026-07-04 15:30:00-04:00,0.0787399,0.078683,yes
KXDOGE15M-26JUL041515,Target Price: $0.0791706,2026-07-04 15:00:00-04:00,2026-07-04 15:15:00-04:00,0.0786833,0.07917,no
KXDOGE15M-26JUL041500,Target Price: $0.0789804,2026-07-04 14:45:00-04:00,2026-07-04 15:00:00-04:00,0.0791706,0.07898,yes
KXDOGE15M-26JUL041445,Target Price: $0.0789840,2026-07-04 14:30:00-04:00,2026-07-04 14:45:00-04:00,0.0789804,0.078984,no
KXDOGE15M-26JUL041430,Target Price: $0.0790631,2026-07-04 14:15:00-04:00,2026-07-04 14:30:00-04:00,0.0789840,0.079063,no
KXDOGE15M-26JUL041415,Target Price: $0.0790599,2026-07-04 14:00:00-04:00,2026-07-04 14:15:00-04:00,0.0790631,0.079059,yes
KXDOGE15M-26JUL041400,Target Price: $0.0787550,2026-07-04 13:45:00-04:00,2026-07-04 14:00:00-04:00,0.0790599,0.078755,yes
KXDOGE15M-26JUL041345,Target Price: $0.0784112,2026-07-04 13:30:00-04:00,2026-07-04 13:45:00-04:00,0.0787550,0.078411,yes
KXDOGE15M-26JUL041330,Target Price: $0.0782593,2026-07-04 13:15:00-04:00,2026-07-04 13:30:00-04:00,0.0784112,0.078259,yes
KXDOGE15M-26JUL041315,Target Price: $0.0784312,2026-07-04 13:00:00-04:00,2026-07-04 13:15:00-04:00,0.0782593,0.078431,no
KXDOGE15M-26JUL041300,Target Price: $0.0785142,2026-07-04 12:45:00-04:00,2026-07-04 13:00:00-04:00,0.0784312,0.078514,no
KXDOGE15M-26JUL041245,Target Price: $0.0787969,2026-07-04 12:30:00-04:00,2026-07-04 12:45:00-04:00,0.0785142,0.078796,no
KXDOGE15M-26JUL041230,Target Price: $0.0781875,2026-07-04 12:15:00-04:00,2026-07-04 12:30:00-04:00,0.0787969,0.078187,yes
KXDOGE15M-26JUL041215,Target Price: $0.0785198,2026-07-04 12:00:00-04:00,2026-07-04 12:15:00-04:00,0.0781875,0.078519,no
KXDOGE15M-26JUL041200,Target Price: $0.0786586,2026-07-04 11:45:00-04:00,2026-07-04 12:00:00-04:00,0.0785198,0.078658,no
KXDOGE15M-26JUL041145,Target Price: $0.0782241,2026-07-04 11:30:00-04:00,2026-07-04 11:45:00-04:00,0.0786586,0.078224,yes
KXDOGE15M-26JUL041130,Target Price: $0.0780822,2026-07-04 11:15:00-04:00,2026-07-04 11:30:00-04:00,0.0782241,0.078082,yes
KXDOGE15M-26JUL041115,Target Price: $0.0776757,2026-07-04 11:00:00-04:00,2026-07-04 11:15:00-04:00,0.0780822,0.077675,yes
KXDOGE15M-26JUL041100,Target Price: $0.0775075,2026-07-04 10:45:00-04:00,2026-07-04 11:00:00-04:00,0.0776757,0.077507,yes
KXDOGE15M-26JUL041045,Target Price: $0.0773790,2026-07-04 10:30:00-04:00,2026-07-04 10:45:00-04:00,0.0775075,0.077379,yes
KXDOGE15M-26JUL041030,Target Price: $0.0774659,2026-07-04 10:15:00-04:00,2026-07-04 10:30:00-04:00,0.0773790,0.077465,no
KXDOGE15M-26JUL041015,Target Price: $0.0771005,2026-07-04 10:00:00-04:00,2026-07-04 10:15:00-04:00,0.0774659,0.0771,yes
KXDOGE15M-26JUL041000,Target Price: $0.0770759,2026-07-04 09:45:00-04:00,2026-07-04 10:00:00-04:00,0.0771005,0.077075,yes
KXDOGE15M-26JUL040945,Target Price: $0.0771151,2026-07-04 09:30:00-04:00,2026-07-04 09:45:00-04:00,0.0770759,0.077115,no
KXDOGE15M-26JUL040930,Target Price: $0.0769336,2026-07-04 09:15:00-04:00,2026-07-04 09:30:00-04:00,0.0771151,0.076933,yes
KXDOGE15M-26JUL040915,Target Price: $0.0770870,2026-07-04 09:00:00-04:00,2026-07-04 09:15:00-04:00,0.0769336,0.077087,no
KXDOGE15M-26JUL040900,Target Price: $0.0769434,2026-07-04 08:45:00-04:00,2026-07-04 09:00:00-04:00,0.0770870,0.076943,yes
KXDOGE15M-26JUL040845,Target Price: $0.0769428,2026-07-04 08:30:00-04:00,2026-07-04 08:45:00-04:00,0.0769434,0.076942,yes
KXDOGE15M-26JUL040830,Target Price: $0.0768579,2026-07-04 08:15:00-04:00,2026-07-04 08:30:00-04:00,0.0769428,0.076857,yes
KXDOGE15M-26JUL040815,Target Price: $0.0768726,2026-07-04 08:00:00-04:00,2026-07-04 08:15:00-04:00,0.0768579,0.076872,no
KXDOGE15M-26JUL040800,Target Price: $0.0769347,2026-07-04 07:45:00-04:00,2026-07-04 08:00:00-04:00,0.0768726,0.076934,no
KXDOGE15M-26JUL040745,Target Price: $0.0768858,2026-07-04 07:30:00-04:00,2026-07-04 07:45:00-04:00,0.0769347,0.076885,yes
KXDOGE15M-26JUL040730,Target Price: $0.0770047,2026-07-04 07:15:00-04:00,2026-07-04 07:30:00-04:00,0.0768858,0.077004,no
KXDOGE15M-26JUL040715,Target Price: $0.0770803,2026-07-04 07:00:00-04:00,2026-07-04 07:15:00-04:00,0.0770047,0.07708,no
KXDOGE15M-26JUL040700,Target Price: $0.0767324,2026-07-04 06:45:00-04:00,2026-07-04 07:00:00-04:00,0.0770803,0.076732,yes
KXDOGE15M-26JUL040645,Target Price: $0.0767857,2026-07-04 06:30:00-04:00,2026-07-04 06:45:00-04:00,0.0767324,0.076785,no
KXDOGE15M-26JUL040630,Target Price: $0.0768397,2026-07-04 06:15:00-04:00,2026-07-04 06:30:00-04:00,0.0767857,0.076839,no
KXDOGE15M-26JUL040615,Target Price: $0.0768075,2026-07-04 06:00:00-04:00,2026-07-04 06:15:00-04:00,0.0768397,0.076807,yes
KXDOGE15M-26JUL040600,Target Price: $0.0766357,2026-07-04 05:45:00-04:00,2026-07-04 06:00:00-04:00,0.0768075,0.076635,yes
KXDOGE15M-26JUL040545,Target Price: $0.0768847,2026-07-04 05:30:00-04:00,2026-07-04 05:45:00-04:00,0.0766357,0.076884,no
KXDOGE15M-26JUL040530,Target Price: $0.0770368,2026-07-04 05:15:00-04:00,2026-07-04 05:30:00-04:00,0.0768847,0.077036,no
KXDOGE15M-26JUL040515,Target Price: $0.0769404,2026-07-04 05:00:00-04:00,2026-07-04 05:15:00-04:00,0.0770368,0.07694,yes
KXDOGE15M-26JUL040500,Target Price: $0.0768740,2026-07-04 04:45:00-04:00,2026-07-04 05:00:00-04:00,0.0769404,0.076874,yes
KXDOGE15M-26JUL040445,Target Price: $0.0768351,2026-07-04 04:30:00-04:00,2026-07-04 04:45:00-04:00,0.0768740,0.076835,yes
KXDOGE15M-26JUL040430,Target Price: $0.0768606,2026-07-04 04:15:00-04:00,2026-07-04 04:30:00-04:00,0.0768351,0.07686,no
KXDOGE15M-26JUL040415,Target Price: $0.0768783,2026-07-04 04:00:00-04:00,2026-07-04 04:15:00-04:00,0.0768606,0.076878,no
KXDOGE15M-26JUL040400,Target Price: $0.0767362,2026-07-04 03:45:00-04:00,2026-07-04 04:00:00-04:00,0.0768783,0.076736,yes
KXDOGE15M-26JUL040345,Target Price: $0.0768272,2026-07-04 03:30:00-04:00,2026-07-04 03:45:00-04:00,0.0767362,0.076827,no
KXDOGE15M-26JUL040330,Target Price: $0.0768633,2026-07-04 03:15:00-04:00,2026-07-04 03:30:00-04:00,0.0768272,0.076863,no
KXDOGE15M-26JUL040315,Target Price: $0.0770264,2026-07-04 03:00:00-04:00,2026-07-04 03:15:00-04:00,0.0768633,0.077026,no
KXDOGE15M-26JUL040300,Target Price: $0.0768905,2026-07-04 02:45:00-04:00,2026-07-04 03:00:00-04:00,0.0770264,0.07689,yes
KXDOGE15M-26JUL040245,Target Price: $0.0768113,2026-07-04 02:30:00-04:00,2026-07-04 02:45:00-04:00,0.0768905,0.076811,yes
KXDOGE15M-26JUL040230,Target Price: $0.0772154,2026-07-04 02:15:00-04:00,2026-07-04 02:30:00-04:00,0.0768113,0.077215,no
KXDOGE15M-26JUL040215,Target Price: $0.0771204,2026-07-04 02:00:00-04:00,2026-07-04 02:15:00-04:00,0.0772154,0.07712,yes
KXDOGE15M-26JUL040200,Target Price: $0.0773925,2026-07-04 01:45:00-04:00,2026-07-04 02:00:00-04:00,0.0771204,0.077392,no
KXDOGE15M-26JUL040145,Target Price: $0.0772945,2026-07-04 01:30:00-04:00,2026-07-04 01:45:00-04:00,0.0773925,0.077294,yes
KXDOGE15M-26JUL040130,Target Price: $0.0775332,2026-07-04 01:15:00-04:00,2026-07-04 01:30:00-04:00,0.0772945,0.077533,no
KXDOGE15M-26JUL040115,Target Price: $0.0777327,2026-07-04 01:00:00-04:00,2026-07-04 01:15:00-04:00,0.0775332,0.077732,no
KXDOGE15M-26JUL040100,Target Price: $0.0777131,2026-07-04 00:45:00-04:00,2026-07-04 01:00:00-04:00,0.0777327,0.077713,yes
KXDOGE15M-26JUL040045,Target Price: $0.0772786,2026-07-04 00:30:00-04:00,2026-07-04 00:45:00-04:00,0.0777131,0.077278,yes
KXDOGE15M-26JUL040030,Target Price: $0.0773571,2026-07-04 00:15:00-04:00,2026-07-04 00:30:00-04:00,0.0772786,0.077357,no
KXDOGE15M-26JUL040015,Target Price: $0.0772743,2026-07-04 00:00:00-04:00,2026-07-04 00:15:00-04:00,0.0773571,0.077274,yes
KXDOGE15M-26JUL040000,Target Price: $0.0772133,2026-07-03 23:45:00-04:00,2026-07-04 00:00:00-04:00,0.0772743,0.077213,yes
KXDOGE15M-26JUL032345,Target Price: $0.0769368,2026-07-03 23:30:00-04:00,2026-07-03 23:45:00-04:00,0.0772133,0.076936,yes
KXDOGE15M-26JUL032330,Target Price: $0.0769218,2026-07-03 23:15:00-04:00,2026-07-03 23:30:00-04:00,0.0769368,0.076921,yes
KXDOGE15M-26JUL032315,Target Price: $0.0769434,2026-07-03 23:00:00-04:00,2026-07-03 23:15:00-04:00,0.0769218,0.076943,no
KXDOGE15M-26JUL032300,Target Price: $0.0768592,2026-07-03 22:45:00-04:00,2026-07-03 23:00:00-04:00,0.0769434,0.076859,yes
KXDOGE15M-26JUL032245,Target Price: $0.0766921,2026-07-03 22:30:00-04:00,2026-07-03 22:45:00-04:00,0.0768592,0.076692,yes
KXDOGE15M-26JUL032230,Target Price: $0.0767765,2026-07-03 22:15:00-04:00,2026-07-03 22:30:00-04:00,0.0766921,0.076776,no
KXDOGE15M-26JUL032215,Target Price: $0.0768071,2026-07-03 22:00:00-04:00,2026-07-03 22:15:00-04:00,0.0767765,0.076807,no
KXDOGE15M-26JUL032200,Target Price: $0.0767329,2026-07-03 21:45:00-04:00,2026-07-03 22:00:00-04:00,0.0768071,0.076732,yes
KXDOGE15M-26JUL032145,Target Price: $0.0768831,2026-07-03 21:30:00-04:00,2026-07-03 21:45:00-04:00,0.0767329,0.076883,no
KXDOGE15M-26JUL032130,Target Price: $0.0769234,2026-07-03 21:15:00-04:00,2026-07-03 21:30:00-04:00,0.0768831,0.076923,no
KXDOGE15M-26JUL032115,Target Price: $0.0773298,2026-07-03 21:00:00-04:00,2026-07-03 21:15:00-04:00,0.0769234,0.077329,no
KXDOGE15M-26JUL032100,Target Price: $0.0772725,2026-07-03 20:45:00-04:00,2026-07-03 21:00:00-04:00,0.0773298,0.077272,yes
KXDOGE15M-26JUL032045,Target Price: $0.0774371,2026-07-03 20:30:00-04:00,2026-07-03 20:45:00-04:00,0.0772725,0.077437,no
KXDOGE15M-26JUL032030,Target Price: $0.0776053,2026-07-03 20:15:00-04:00,2026-07-03 20:30:00-04:00,0.0774371,0.077605,no
KXDOGE15M-26JUL032015,Target Price: $0.0775034,2026-07-03 20:00:00-04:00,2026-07-03 20:15:00-04:00,0.0776053,0.077503,yes
KXDOGE15M-26JUL032000,Target Price: $0.0774950,2026-07-03 19:45:00-04:00,2026-07-03 20:00:00-04:00,0.0775034,0.077495,yes
KXDOGE15M-26JUL031945,Target Price: $0.0772906,2026-07-03 19:30:00-04:00,2026-07-03 19:45:00-04:00,0.0774950,0.07729,yes
KXDOGE15M-26JUL031930,Target Price: $0.0772507,2026-07-03 19:15:00-04:00,2026-07-03 19:30:00-04:00,0.0772906,0.07725,yes
KXDOGE15M-26JUL031915,Target Price: $0.0777599,2026-07-03 19:00:00-04:00,2026-07-03 19:15:00-04:00,0.0772507,0.077759,no
KXDOGE15M-26JUL031900,Target Price: $0.0775329,2026-07-03 18:45:00-04:00,2026-07-03 19:00:00-04:00,0.0777599,0.077532,yes
KXDOGE15M-26JUL031845,Target Price: $0.0777478,2026-07-03 18:30:00-04:00,2026-07-03 18:45:00-04:00,0.0775329,0.077747,no
KXDOGE15M-26JUL031830,Target Price: $0.0777142,2026-07-03 18:15:00-04:00,2026-07-03 18:30:00-04:00,0.0777478,0.077714,yes
KXDOGE15M-26JUL031815,Target Price: $0.0781440,2026-07-03 18:00:00-04:00,2026-07-03 18:15:00-04:00,0.0777142,0.078144,no
KXDOGE15M-26JUL031800,Target Price: $0.0776768,2026-07-03 17:45:00-04:00,2026-07-03 18:00:00-04:00,0.0781440,0.077676,yes
KXDOGE15M-26JUL031745,Target Price: $0.0777343,2026-07-03 17:30:00-04:00,2026-07-03 17:45:00-04:00,0.0776768,0.077734,no
KXDOGE15M-26JUL031730,Target Price: $0.0779177,2026-07-03 17:15:00-04:00,2026-07-03 17:30:00-04:00,0.0777343,0.077917,no
KXDOGE15M-26JUL031715,Target Price: $0.0779505,2026-07-03 17:00:00-04:00,2026-07-03 17:15:00-04:00,0.0779177,0.07795,no
KXDOGE15M-26JUL031700,Target Price: $0.0778581,2026-07-03 16:45:00-04:00,2026-07-03 17:00:00-04:00,0.0779505,0.077858,yes
KXDOGE15M-26JUL031645,Target Price: $0.0777789,2026-07-03 16:30:00-04:00,2026-07-03 16:45:00-04:00,0.0778581,0.077778,yes
KXDOGE15M-26JUL031630,Target Price: $0.0773834,2026-07-03 16:15:00-04:00,2026-07-03 16:30:00-04:00,0.0777789,0.077383,yes
KXDOGE15M-26JUL031615,Target Price: $0.0771651,2026-07-03 16:00:00-04:00,2026-07-03 16:15:00-04:00,0.0773834,0.077165,yes
KXDOGE15M-26JUL031600,Target Price: $0.0773351,2026-07-03 15:45:00-04:00,2026-07-03 16:00:00-04:00,0.0771651,0.077335,no
KXDOGE15M-26JUL031545,Target Price: $0.0771825,2026-07-03 15:30:00-04:00,2026-07-03 15:45:00-04:00,0.0773351,0.077182,yes
KXDOGE15M-26JUL031530,Target Price: $0.0769062,2026-07-03 15:15:00-04:00,2026-07-03 15:30:00-04:00,0.0771825,0.076906,yes
KXDOGE15M-26JUL031515,Target Price: $0.0768629,2026-07-03 15:00:00-04:00,2026-07-03 15:15:00-04:00,0.0769062,0.076862,yes
KXDOGE15M-26JUL031500,Target Price: $0.0768789,2026-07-03 14:45:00-04:00,2026-07-03 15:00:00-04:00,0.0768629,0.076878,no
KXDOGE15M-26JUL031445,Target Price: $0.0766767,2026-07-03 14:30:00-04:00,2026-07-03 14:45:00-04:00,0.0768789,0.076676,yes
KXDOGE15M-26JUL031430,Target Price: $0.0767938,2026-07-03 14:15:00-04:00,2026-07-03 14:30:00-04:00,0.0766767,0.076793,no
KXDOGE15M-26JUL031415,Target Price: $0.0768825,2026-07-03 14:00:00-04:00,2026-07-03 14:15:00-04:00,0.0767938,0.076882,no
KXDOGE15M-26JUL031400,Target Price: $0.0768718,2026-07-03 13:45:00-04:00,2026-07-03 14:00:00-04:00,0.0768825,0.076871,yes
KXDOGE15M-26JUL031345,Target Price: $0.0766230,2026-07-03 13:30:00-04:00,2026-07-03 13:45:00-04:00,0.0768718,0.076623,yes
KXDOGE15M-26JUL031330,Target Price: $0.0765818,2026-07-03 13:15:00-04:00,2026-07-03 13:30:00-04:00,0.0766230,0.076581,yes
KXDOGE15M-26JUL031315,Target Price: $0.0764248,2026-07-03 13:00:00-04:00,2026-07-03 13:15:00-04:00,0.0765818,0.076424,yes
KXDOGE15M-26JUL031300,Target Price: $0.0764984,2026-07-03 12:45:00-04:00,2026-07-03 13:00:00-04:00,0.0764248,0.076498,no
KXDOGE15M-26JUL031245,Target Price: $0.0766414,2026-07-03 12:30:00-04:00,2026-07-03 12:45:00-04:00,0.0764984,0.076641,no
KXDOGE15M-26JUL031230,Target Price: $0.0761447,2026-07-03 12:15:00-04:00,2026-07-03 12:30:00-04:00,0.0766414,0.076144,yes
KXDOGE15M-26JUL031215,Target Price: $0.0762894,2026-07-03 12:00:00-04:00,2026-07-03 12:15:00-04:00,0.0761447,0.076289,no
KXDOGE15M-26JUL031200,Target Price: $0.0763517,2026-07-03 11:45:00-04:00,2026-07-03 12:00:00-04:00,0.0762894,0.076351,no
KXDOGE15M-26JUL031145,Target Price: $0.0764320,2026-07-03 11:30:00-04:00,2026-07-03 11:45:00-04:00,0.0763517,0.076432,no
KXDOGE15M-26JUL031130,Target Price: $0.0768675,2026-07-03 11:15:00-04:00,2026-07-03 11:30:00-04:00,0.0764320,0.076867,no
KXDOGE15M-26JUL031115,Target Price: $0.0767001,2026-07-03 11:00:00-04:00,2026-07-03 11:15:00-04:00,0.0768675,0.0767,yes
KXDOGE15M-26JUL031100,Target Price: $0.0763850,2026-07-03 10:45:00-04:00,2026-07-03 11:00:00-04:00,0.0767001,0.076385,yes
KXDOGE15M-26JUL031045,Target Price: $0.0761200,2026-07-03 10:30:00-04:00,2026-07-03 10:45:00-04:00,0.0763850,0.07612,yes
KXDOGE15M-26JUL031030,Target Price: $0.0760320,2026-07-03 10:15:00-04:00,2026-07-03 10:30:00-04:00,0.0761200,0.076032,yes
KXDOGE15M-26JUL031015,Target Price: $0.0765444,2026-07-03 10:00:00-04:00,2026-07-03 10:15:00-04:00,0.0760320,0.076544,no
KXDOGE15M-26JUL031000,Target Price: $0.0762212,2026-07-03 09:45:00-04:00,2026-07-03 10:00:00-04:00,0.0765444,0.076221,yes
KXDOGE15M-26JUL030945,Target Price: $0.0761686,2026-07-03 09:30:00-04:00,2026-07-03 09:45:00-04:00,0.0762212,0.076168,yes
KXDOGE15M-26JUL030930,Target Price: $0.0760132,2026-07-03 09:15:00-04:00,2026-07-03 09:30:00-04:00,0.0761686,0.076013,yes
KXDOGE15M-26JUL030915,Target Price: $0.0759675,2026-07-03 09:00:00-04:00,2026-07-03 09:15:00-04:00,0.0760132,0.075967,yes
KXDOGE15M-26JUL030900,Target Price: $0.0757839,2026-07-03 08:45:00-04:00,2026-07-03 09:00:00-04:00,0.0759675,0.075783,yes
KXDOGE15M-26JUL030845,Target Price: $0.0757379,2026-07-03 08:30:00-04:00,2026-07-03 08:45:00-04:00,0.0757839,0.075737,yes
KXDOGE15M-26JUL030830,Target Price: $0.0759358,2026-07-03 08:15:00-04:00,2026-07-03 08:30:00-04:00,0.0757379,0.075935,no
KXDOGE15M-26JUL030815,Target Price: $0.0758879,2026-07-03 08:00:00-04:00,2026-07-03 08:15:00-04:00,0.0759358,0.075887,yes
KXDOGE15M-26JUL030800,Target Price: $0.0755359,2026-07-03 07:45:00-04:00,2026-07-03 08:00:00-04:00,0.0758879,0.075535,yes
KXDOGE15M-26JUL030745,Target Price: $0.0756703,2026-07-03 07:30:00-04:00,2026-07-03 07:45:00-04:00,0.0755359,0.07567,no
KXDOGE15M-26JUL030730,Target Price: $0.0755266,2026-07-03 07:15:00-04:00,2026-07-03 07:30:00-04:00,0.0756703,0.075526,yes
KXDOGE15M-26JUL030715,Target Price: $0.0753554,2026-07-03 07:00:00-04:00,2026-07-03 07:15:00-04:00,0.0755266,0.075355,yes
KXDOGE15M-26JUL030700,Target Price: $0.0754164,2026-07-03 06:45:00-04:00,2026-07-03 07:00:00-04:00,0.0753554,0.075416,no
KXDOGE15M-26JUL030645,Target Price: $0.0751089,2026-07-03 06:30:00-04:00,2026-07-03 06:45:00-04:00,0.0754164,0.075108,yes
KXDOGE15M-26JUL030630,Target Price: $0.0751168,2026-07-03 06:15:00-04:00,2026-07-03 06:30:00-04:00,0.0751089,0.075116,no
KXDOGE15M-26JUL030615,Target Price: $0.0749626,2026-07-03 06:00:00-04:00,2026-07-03 06:15:00-04:00,0.0751168,0.074962,yes
KXDOGE15M-26JUL030600,Target Price: $0.0748133,2026-07-03 05:45:00-04:00,2026-07-03 06:00:00-04:00,0.0749626,0.074813,yes
KXDOGE15M-26JUL030545,Target Price: $0.0749141,2026-07-03 05:30:00-04:00,2026-07-03 05:45:00-04:00,0.0748133,0.074914,no
KXDOGE15M-26JUL030530,Target Price: $0.0750426,2026-07-03 05:15:00-04:00,2026-07-03 05:30:00-04:00,0.0749141,0.075042,no
KXDOGE15M-26JUL030515,Target Price: $0.0748274,2026-07-03 05:00:00-04:00,2026-07-03 05:15:00-04:00,0.0750426,0.074827,yes
KXDOGE15M-26JUL030500,Target Price: $0.0754260,2026-07-03 04:45:00-04:00,2026-07-03 05:00:00-04:00,0.0748274,0.075426,no
KXDOGE15M-26JUL030445,Target Price: $0.0751691,2026-07-03 04:30:00-04:00,2026-07-03 04:45:00-04:00,0.0754260,0.075169,yes
KXDOGE15M-26JUL030430,Target Price: $0.0751006,2026-07-03 04:15:00-04:00,2026-07-03 04:30:00-04:00,0.0751691,0.0751,yes
KXDOGE15M-26JUL030415,Target Price: $0.0752438,2026-07-03 04:00:00-04:00,2026-07-03 04:15:00-04:00,0.0751006,0.075243,no
KXDOGE15M-26JUL030400,Target Price: $0.0752825,2026-07-03 03:45:00-04:00,2026-07-03 04:00:00-04:00,0.0752438,0.075282,no
KXDOGE15M-26JUL030345,Target Price: $0.0752049,2026-07-03 03:30:00-04:00,2026-07-03 03:45:00-04:00,0.0752825,0.075204,yes
KXDOGE15M-26JUL030330,Target Price: $0.0750710,2026-07-03 03:15:00-04:00,2026-07-03 03:30:00-04:00,0.0752049,0.075071,yes
KXDOGE15M-26JUL030315,Target Price: $0.0751864,2026-07-03 03:00:00-04:00,2026-07-03 03:15:00-04:00,0.0750710,0.075186,no
KXDOGE15M-26JUL030300,Target Price: $0.0751211,2026-07-03 02:45:00-04:00,2026-07-03 03:00:00-04:00,0.0751864,0.075121,yes
KXDOGE15M-26JUL030245,Target Price: $0.0751398,2026-07-03 02:30:00-04:00,2026-07-03 02:45:00-04:00,0.0751211,0.075139,no
KXDOGE15M-26JUL030230,Target Price: $0.0750652,2026-07-03 02:15:00-04:00,2026-07-03 02:30:00-04:00,0.0751398,0.075065,yes
KXDOGE15M-26JUL030215,Target Price: $0.0750043,2026-07-03 02:00:00-04:00,2026-07-03 02:15:00-04:00,0.0750652,0.075004,yes
KXDOGE15M-26JUL030200,Target Price: $0.0750263,2026-07-03 01:45:00-04:00,2026-07-03 02:00:00-04:00,0.0750043,0.075026,no
KXDOGE15M-26JUL030145,Target Price: $0.0746654,2026-07-03 01:30:00-04:00,2026-07-03 01:45:00-04:00,0.0750263,0.074665,yes
KXDOGE15M-26JUL030130,Target Price: $0.0745274,2026-07-03 01:15:00-04:00,2026-07-03 01:30:00-04:00,0.0746654,0.074527,yes
KXDOGE15M-26JUL030115,Target Price: $0.0744664,2026-07-03 01:00:00-04:00,2026-07-03 01:15:00-04:00,0.0745274,0.074466,yes
KXDOGE15M-26JUL030100,Target Price: $0.0745778,2026-07-03 00:45:00-04:00,2026-07-03 01:00:00-04:00,0.0744664,0.074577,no
KXDOGE15M-26JUL030045,Target Price: $0.0745107,2026-07-03 00:30:00-04:00,2026-07-03 00:45:00-04:00,0.0745778,0.07451,yes
KXDOGE15M-26JUL030030,Target Price: $0.0746614,2026-07-03 00:15:00-04:00,2026-07-03 00:30:00-04:00,0.0745107,0.074661,no
KXDOGE15M-26JUL030015,Target Price: $0.0747317,2026-07-03 00:00:00-04:00,2026-07-03 00:15:00-04:00,0.0746614,0.074731,no
KXDOGE15M-26JUL030000,Target Price: $0.0745661,2026-07-02 23:45:00-04:00,2026-07-03 00:00:00-04:00,0.0747317,0.074566,yes
KXDOGE15M-26JUL022345,Target Price: $0.0746903,2026-07-02 23:30:00-04:00,2026-07-02 23:45:00-04:00,0.0745661,0.07469,no
KXDOGE15M-26JUL022330,Target Price: $0.0742758,2026-07-02 23:15:00-04:00,2026-07-02 23:30:00-04:00,0.0746903,0.074275,yes
KXDOGE15M-26JUL022315,Target Price: $0.0746688,2026-07-02 23:00:00-04:00,2026-07-02 23:15:00-04:00,0.0742758,0.074668,no
KXDOGE15M-26JUL022300,Target Price: $0.0744266,2026-07-02 22:45:00-04:00,2026-07-02 23:00:00-04:00,0.0746688,0.074426,yes
KXDOGE15M-26JUL022245,Target Price: $0.0746370,2026-07-02 22:30:00-04:00,2026-07-02 22:45:00-04:00,0.0744266,0.074637,no
KXDOGE15M-26JUL022230,Target Price: $0.0745571,2026-07-02 22:15:00-04:00,2026-07-02 22:30:00-04:00,0.0746370,0.074557,yes
KXDOGE15M-26JUL022215,Target Price: $0.0747657,2026-07-02 22:00:00-04:00,2026-07-02 22:15:00-04:00,0.0745571,0.074765,no
KXDOGE15M-26JUL022200,Target Price: $0.0747933,2026-07-02 21:45:00-04:00,2026-07-02 22:00:00-04:00,0.0747657,0.074793,no
KXDOGE15M-26JUL022145,Target Price: $0.0744567,2026-07-02 21:30:00-04:00,2026-07-02 21:45:00-04:00,0.0747933,0.074456,yes
KXDOGE15M-26JUL022130,Target Price: $0.0744570,2026-07-02 21:15:00-04:00,2026-07-02 21:30:00-04:00,0.0744567,0.074457,no
KXDOGE15M-26JUL022115,Target Price: $0.0739133,2026-07-02 21:00:00-04:00,2026-07-02 21:15:00-04:00,0.0744570,0.073913,yes
KXDOGE15M-26JUL022100,Target Price: $0.0739284,2026-07-02 20:45:00-04:00,2026-07-02 21:00:00-04:00,0.0739133,0.073928,no
KXDOGE15M-26JUL022045,Target Price: $0.0740486,2026-07-02 20:30:00-04:00,2026-07-02 20:45:00-04:00,0.0739284,0.074048,no
KXDOGE15M-26JUL022030,Target Price: $0.0741939,2026-07-02 20:15:00-04:00,2026-07-02 20:30:00-04:00,0.0740486,0.074193,no
KXDOGE15M-26JUL022015,Target Price: $0.0741241,2026-07-02 20:00:00-04:00,2026-07-02 20:15:00-04:00,0.0741939,0.074124,yes
KXDOGE15M-26JUL022000,Target Price: $0.0741842,2026-07-02 19:45:00-04:00,2026-07-02 20:00:00-04:00,0.0741241,0.074184,no
KXDOGE15M-26JUL021945,Target Price: $0.0741546,2026-07-02 19:30:00-04:00,2026-07-02 19:45:00-04:00,0.0741842,0.074154,yes
KXDOGE15M-26JUL021930,Target Price: $0.0738574,2026-07-02 19:15:00-04:00,2026-07-02 19:30:00-04:00,0.0741546,0.073857,yes
KXDOGE15M-26JUL021915,Target Price: $0.0739494,2026-07-02 19:00:00-04:00,2026-07-02 19:15:00-04:00,0.0738574,0.073949,no
KXDOGE15M-26JUL021900,Target Price: $0.0737271,2026-07-02 18:45:00-04:00,2026-07-02 19:00:00-04:00,0.0739494,0.073727,yes
KXDOGE15M-26JUL021845,Target Price: $0.0737426,2026-07-02 18:30:00-04:00,2026-07-02 18:45:00-04:00,0.0737271,0.073742,no
KXDOGE15M-26JUL021830,Target Price: $0.0738569,2026-07-02 18:15:00-04:00,2026-07-02 18:30:00-04:00,0.0737426,0.073856,no
KXDOGE15M-26JUL021815,Target Price: $0.0740115,2026-07-02 18:00:00-04:00,2026-07-02 18:15:00-04:00,0.0738569,0.074011,no
KXDOGE15M-26JUL021800,Target Price: $0.0738570,2026-07-02 17:45:00-04:00,2026-07-02 18:00:00-04:00,0.0740115,0.073857,yes
KXDOGE15M-26JUL021745,Target Price: $0.0740086,2026-07-02 17:30:00-04:00,2026-07-02 17:45:00-04:00,0.0738570,0.074008,no
KXDOGE15M-26JUL021730,Target Price: $0.0741042,2026-07-02 17:15:00-04:00,2026-07-02 17:30:00-04:00,0.0740086,0.074104,no
KXDOGE15M-26JUL021715,Target Price: $0.0740983,2026-07-02 17:00:00-04:00,2026-07-02 17:15:00-04:00,0.0741042,0.074098,yes
KXDOGE15M-26JUL021700,Target Price: $0.0740022,2026-07-02 16:45:00-04:00,2026-07-02 17:00:00-04:00,0.0740983,0.074002,yes
KXDOGE15M-26JUL021645,Target Price: $0.0739710,2026-07-02 16:30:00-04:00,2026-07-02 16:45:00-04:00,0.0740022,0.073971,yes
KXDOGE15M-26JUL021630,Target Price: $0.0741694,2026-07-02 16:15:00-04:00,2026-07-02 16:30:00-04:00,0.0739710,0.074169,no
KXDOGE15M-26JUL021615,Target Price: $0.0741881,2026-07-02 16:00:00-04:00,2026-07-02 16:15:00-04:00,0.0741694,0.074188,no
KXDOGE15M-26JUL021600,Target Price: $0.0742811,2026-07-02 15:45:00-04:00,2026-07-02 16:00:00-04:00,0.0741881,0.074281,no
KXDOGE15M-26JUL021545,Target Price: $0.0741873,2026-07-02 15:30:00-04:00,2026-07-02 15:45:00-04:00,0.0742811,0.074187,yes
KXDOGE15M-26JUL021530,Target Price: $0.0742630,2026-07-02 15:15:00-04:00,2026-07-02 15:30:00-04:00,0.0741873,0.074263,no
KXDOGE15M-26JUL021515,Target Price: $0.0743021,2026-07-02 15:00:00-04:00,2026-07-02 15:15:00-04:00,0.0742630,0.074302,no
KXDOGE15M-26JUL021500,Target Price: $0.0744340,2026-07-02 14:45:00-04:00,2026-07-02 15:00:00-04:00,0.0743021,0.074434,no
KXDOGE15M-26JUL021445,Target Price: $0.0744299,2026-07-02 14:30:00-04:00,2026-07-02 14:45:00-04:00,0.0744340,0.074429,yes
KXDOGE15M-26JUL021430,Target Price: $0.0743925,2026-07-02 14:15:00-04:00,2026-07-02 14:30:00-04:00,0.0744299,0.074392,yes
KXDOGE15M-26JUL021415,Target Price: $0.0741857,2026-07-02 14:00:00-04:00,2026-07-02 14:15:00-04:00,0.0743925,0.074185,yes
KXDOGE15M-26JUL021400,Target Price: $0.0742987,2026-07-02 13:45:00-04:00,2026-07-02 14:00:00-04:00,0.0741857,0.074298,no
KXDOGE15M-26JUL021345,Target Price: $0.0744587,2026-07-02 13:30:00-04:00,2026-07-02 13:45:00-04:00,0.0742987,0.074458,no
KXDOGE15M-26JUL021330,Target Price: $0.0742684,2026-07-02 13:15:00-04:00,2026-07-02 13:30:00-04:00,0.0744587,0.074268,yes
KXDOGE15M-26JUL021315,Target Price: $0.0742996,2026-07-02 13:00:00-04:00,2026-07-02 13:15:00-04:00,0.0742684,0.074299,no
KXDOGE15M-26JUL021300,Target Price: $0.0743560,2026-07-02 12:45:00-04:00,2026-07-02 13:00:00-04:00,0.0742996,0.074356,no
KXDOGE15M-26JUL021245,Target Price: $0.0740852,2026-07-02 12:30:00-04:00,2026-07-02 12:45:00-04:00,0.0743560,0.074085,yes
KXDOGE15M-26JUL021230,Target Price: $0.0746840,2026-07-02 12:15:00-04:00,2026-07-02 12:30:00-04:00,0.0740852,0.074684,no
KXDOGE15M-26JUL021215,Target Price: $0.0744652,2026-07-02 12:00:00-04:00,2026-07-02 12:15:00-04:00,0.0746840,0.074465,yes
KXDOGE15M-26JUL021200,Target Price: $0.0746540,2026-07-02 11:45:00-04:00,2026-07-02 12:00:00-04:00,0.0744652,0.074654,no
KXDOGE15M-26JUL021145,Target Price: $0.0744668,2026-07-02 11:30:00-04:00,2026-07-02 11:45:00-04:00,0.0746540,0.074466,yes
KXDOGE15M-26JUL021130,Target Price: $0.0741976,2026-07-02 11:15:00-04:00,2026-07-02 11:30:00-04:00,0.0744668,0.074197,yes
KXDOGE15M-26JUL021115,Target Price: $0.0744033,2026-07-02 11:00:00-04:00,2026-07-02 11:15:00-04:00,0.0741976,0.074403,no
KXDOGE15M-26JUL021100,Target Price: $0.0743456,2026-07-02 10:45:00-04:00,2026-07-02 11:00:00-04:00,0.0744033,0.074345,yes
KXDOGE15M-26JUL021045,Target Price: $0.0746203,2026-07-02 10:30:00-04:00,2026-07-02 10:45:00-04:00,0.0743456,0.07462,no
KXDOGE15M-26JUL021030,Target Price: $0.0753164,2026-07-02 10:15:00-04:00,2026-07-02 10:30:00-04:00,0.0746203,0.075316,no
KXDOGE15M-26JUL021015,Target Price: $0.0750181,2026-07-02 10:00:00-04:00,2026-07-02 10:15:00-04:00,0.0753164,0.075018,yes
KXDOGE15M-26JUL021000,Target Price: $0.0753519,2026-07-02 09:45:00-04:00,2026-07-02 10:00:00-04:00,0.0750181,0.075351,no
KXDOGE15M-26JUL020945,Target Price: $0.0745384,2026-07-02 09:30:00-04:00,2026-07-02 09:45:00-04:00,0.0753519,0.074538,yes
KXDOGE15M-26JUL020930,Target Price: $0.0743884,2026-07-02 09:15:00-04:00,2026-07-02 09:30:00-04:00,0.0745384,0.074388,yes
KXDOGE15M-26JUL020915,Target Price: $0.0742759,2026-07-02 09:00:00-04:00,2026-07-02 09:15:00-04:00,0.0743884,0.074275,yes
KXDOGE15M-26JUL020900,Target Price: $0.0742495,2026-07-02 08:45:00-04:00,2026-07-02 09:00:00-04:00,0.0742759,0.074249,yes
KXDOGE15M-26JUL020845,Target Price: $0.0741974,2026-07-02 08:30:00-04:00,2026-07-02 08:45:00-04:00,0.0742495,0.074197,yes
KXDOGE15M-26JUL020830,Target Price: $0.0743496,2026-07-02 08:15:00-04:00,2026-07-02 08:30:00-04:00,0.0741974,0.074349,no
KXDOGE15M-26JUL020815,Target Price: $0.0740601,2026-07-02 08:00:00-04:00,2026-07-02 08:15:00-04:00,0.0743496,0.07406,yes
KXDOGE15M-26JUL020800,Target Price: $0.0740619,2026-07-02 07:45:00-04:00,2026-07-02 08:00:00-04:00,0.0740601,0.074061,no
KXDOGE15M-26JUL020745,Target Price: $0.0741015,2026-07-02 07:30:00-04:00,2026-07-02 07:45:00-04:00,0.0740619,0.074101,no
KXDOGE15M-26JUL020730,Target Price: $0.0740513,2026-07-02 07:15:00-04:00,2026-07-02 07:30:00-04:00,0.0741015,0.074051,yes
KXDOGE15M-26JUL020715,Target Price: $0.0738678,2026-07-02 07:00:00-04:00,2026-07-02 07:15:00-04:00,0.0740513,0.073867,yes
KXDOGE15M-26JUL020700,Target Price: $0.0738737,2026-07-02 06:45:00-04:00,2026-07-02 07:00:00-04:00,0.0738678,0.073873,no
KXDOGE15M-26JUL020645,Target Price: $0.0736772,2026-07-02 06:30:00-04:00,2026-07-02 06:45:00-04:00,0.0738737,0.073677,yes
KXDOGE15M-26JUL020630,Target Price: $0.0735265,2026-07-02 06:15:00-04:00,2026-07-02 06:30:00-04:00,0.0736772,0.073526,yes
KXDOGE15M-26JUL020615,Target Price: $0.0733944,2026-07-02 06:00:00-04:00,2026-07-02 06:15:00-04:00,0.0735265,0.073394,yes
KXDOGE15M-26JUL020600,Target Price: $0.0734355,2026-07-02 05:45:00-04:00,2026-07-02 06:00:00-04:00,0.0733944,0.073435,no
KXDOGE15M-26JUL020545,Target Price: $0.0729059,2026-07-02 05:30:00-04:00,2026-07-02 05:45:00-04:00,0.0734355,0.072905,yes
KXDOGE15M-26JUL020530,Target Price: $0.0728908,2026-07-02 05:15:00-04:00,2026-07-02 05:30:00-04:00,0.0729059,0.07289,yes
KXDOGE15M-26JUL020515,Target Price: $0.0729650,2026-07-02 05:00:00-04:00,2026-07-02 05:15:00-04:00,0.0728908,0.072965,no
KXDOGE15M-26JUL020245,Target Price: $0.0726070,2026-07-02 02:30:00-04:00,2026-07-02 02:45:00-04:00,0.0726548,0.072607,yes
KXDOGE15M-26JUL020230,Target Price: $0.0724777,2026-07-02 02:15:00-04:00,2026-07-02 02:30:00-04:00,0.0726070,0.072477,yes
KXDOGE15M-26JUL020215,Target Price: $0.0726655,2026-07-02 02:00:00-04:00,2026-07-02 02:15:00-04:00,0.0724777,0.072665,no
KXDOGE15M-26JUL020200,Target Price: $0.0726402,2026-07-02 01:45:00-04:00,2026-07-02 02:00:00-04:00,0.0726655,0.07264,yes
KXDOGE15M-26JUL020145,Target Price: $0.0729055,2026-07-02 01:30:00-04:00,2026-07-02 01:45:00-04:00,0.0726402,0.072905,no
KXDOGE15M-26JUL020130,Target Price: $0.0730120,2026-07-02 01:15:00-04:00,2026-07-02 01:30:00-04:00,0.0729055,0.073012,no
KXDOGE15M-26JUL020115,Target Price: $0.0732011,2026-07-02 01:00:00-04:00,2026-07-02 01:15:00-04:00,0.0730120,0.073201,no
KXDOGE15M-26JUL020100,Target Price: $0.0730582,2026-07-02 00:45:00-04:00,2026-07-02 01:00:00-04:00,0.0732011,0.073058,yes
KXDOGE15M-26JUL020045,Target Price: $0.0729463,2026-07-02 00:30:00-04:00,2026-07-02 00:45:00-04:00,0.0730582,0.072946,yes
KXDOGE15M-26JUL020030,Target Price: $0.0732047,2026-07-02 00:15:00-04:00,2026-07-02 00:30:00-04:00,0.0729463,0.073204,no
KXDOGE15M-26JUL020015,Target Price: $0.0733049,2026-07-02 00:00:00-04:00,2026-07-02 00:15:00-04:00,0.0732047,0.073304,no
KXDOGE15M-26JUL020000,Target Price: $0.0732252,2026-07-01 23:45:00-04:00,2026-07-02 00:00:00-04:00,0.0733049,0.073225,yes
KXDOGE15M-26JUL012345,Target Price: $0.0728989,2026-07-01 23:30:00-04:00,2026-07-01 23:45:00-04:00,0.0732252,0.072898,yes
KXDOGE15M-26JUL012330,Target Price: $0.0724985,2026-07-01 23:15:00-04:00,2026-07-01 23:30:00-04:00,0.0728989,0.072498,yes
KXDOGE15M-26JUL012315,Target Price: $0.0727019,2026-07-01 23:00:00-04:00,2026-07-01 23:15:00-04:00,0.0724985,0.072701,no
KXDOGE15M-26JUL012300,Target Price: $0.0726538,2026-07-01 22:45:00-04:00,2026-07-01 23:00:00-04:00,0.0727019,0.072653,yes
KXDOGE15M-26JUL012245,Target Price: $0.0723687,2026-07-01 22:30:00-04:00,2026-07-01 22:45:00-04:00,0.0726538,0.072368,yes
KXDOGE15M-26JUL012230,Target Price: $0.0723152,2026-07-01 22:15:00-04:00,2026-07-01 22:30:00-04:00,0.0723687,0.072315,yes
KXDOGE15M-26JUL012215,Target Price: $0.0724805,2026-07-01 22:00:00-04:00,2026-07-01 22:15:00-04:00,0.0723152,0.07248,no
KXDOGE15M-26JUL012200,Target Price: $0.0726010,2026-07-01 21:45:00-04:00,2026-07-01 22:00:00-04:00,0.0724805,0.072601,no
KXDOGE15M-26JUL012145,Target Price: $0.0723526,2026-07-01 21:30:00-04:00,2026-07-01 21:45:00-04:00,0.0726010,0.072352,yes
KXDOGE15M-26JUL012130,Target Price: $0.0721986,2026-07-01 21:15:00-04:00,2026-07-01 21:30:00-04:00,0.0723526,0.072198,yes
KXDOGE15M-26JUL012115,Target Price: $0.0718566,2026-07-01 21:00:00-04:00,2026-07-01 21:15:00-04:00,0.0721986,0.071856,yes
KXDOGE15M-26JUL012100,Target Price: $0.0716664,2026-07-01 20:45:00-04:00,2026-07-01 21:00:00-04:00,0.0718566,0.071666,yes
KXDOGE15M-26JUL012045,Target Price: $0.0719438,2026-07-01 20:30:00-04:00,2026-07-01 20:45:00-04:00,0.0716664,0.071943,no
KXDOGE15M-26JUL012030,Target Price: $0.0722056,2026-07-01 20:15:00-04:00,2026-07-01 20:30:00-04:00,0.0719438,0.072205,no
KXDOGE15M-26JUL012015,Target Price: $0.0721501,2026-07-01 20:00:00-04:00,2026-07-01 20:15:00-04:00,0.0722056,0.07215,yes
KXDOGE15M-26JUL012000,Target Price: $0.0723616,2026-07-01 19:45:00-04:00,2026-07-01 20:00:00-04:00,0.0721501,0.072361,no
KXDOGE15M-26JUL011945,Target Price: $0.0725140,2026-07-01 19:30:00-04:00,2026-07-01 19:45:00-04:00,0.0723616,0.072514,no
KXDOGE15M-26JUL011930,Target Price: $0.0725354,2026-07-01 19:15:00-04:00,2026-07-01 19:30:00-04:00,0.0725140,0.072535,no
KXDOGE15M-26JUL011915,Target Price: $0.0730123,2026-07-01 19:00:00-04:00,2026-07-01 19:15:00-04:00,0.0725354,0.073012,no
KXDOGE15M-26JUL011900,Target Price: $0.0730915,2026-07-01 18:45:00-04:00,2026-07-01 19:00:00-04:00,0.0730123,0.073091,no
KXDOGE15M-26JUL011845,Target Price: $0.0732982,2026-07-01 18:30:00-04:00,2026-07-01 18:45:00-04:00,0.0730915,0.073298,no
KXDOGE15M-26JUL011830,Target Price: $0.0734203,2026-07-01 18:15:00-04:00,2026-07-01 18:30:00-04:00,0.0732982,0.07342,no
KXDOGE15M-26JUL011815,Target Price: $0.0734107,2026-07-01 18:00:00-04:00,2026-07-01 18:15:00-04:00,0.0734203,0.07341,yes
KXDOGE15M-26JUL011800,Target Price: $0.0733229,2026-07-01 17:45:00-04:00,2026-07-01 18:00:00-04:00,0.0734107,0.073322,yes
KXDOGE15M-26JUL011745,Target Price: $0.0731494,2026-07-01 17:30:00-04:00,2026-07-01 17:45:00-04:00,0.0733229,0.073149,yes
KXDOGE15M-26JUL011730,Target Price: $0.0730979,2026-07-01 17:15:00-04:00,2026-07-01 17:30:00-04:00,0.0731494,0.073097,yes
KXDOGE15M-26JUL011715,Target Price: $0.0727705,2026-07-01 17:00:00-04:00,2026-07-01 17:15:00-04:00,0.0730979,0.07277,yes
KXDOGE15M-26JUL011700,Target Price: $0.0726128,2026-07-01 16:45:00-04:00,2026-07-01 17:00:00-04:00,0.0727705,0.072612,yes
KXDOGE15M-26JUL011645,Target Price: $0.0726096,2026-07-01 16:30:00-04:00,2026-07-01 16:45:00-04:00,0.0726128,0.072609,yes
KXDOGE15M-26JUL011630,Target Price: $0.0726627,2026-07-01 16:15:00-04:00,2026-07-01 16:30:00-04:00,0.0726096,0.072662,no
KXDOGE15M-26JUL011615,Target Price: $0.0727590,2026-07-01 16:00:00-04:00,2026-07-01 16:15:00-04:00,0.0726627,0.072759,no
KXDOGE15M-26JUL011600,Target Price: $0.0728329,2026-07-01 15:45:00-04:00,2026-07-01 16:00:00-04:00,0.0727590,0.072832,no
KXDOGE15M-26JUL011545,Target Price: $0.0730106,2026-07-01 15:30:00-04:00,2026-07-01 15:45:00-04:00,0.0728329,0.07301,no
KXDOGE15M-26JUL011530,Target Price: $0.0732964,2026-07-01 15:15:00-04:00,2026-07-01 15:30:00-04:00,0.0730106,0.073296,no
KXDOGE15M-26JUL011515,Target Price: $0.0730369,2026-07-01 15:00:00-04:00,2026-07-01 15:15:00-04:00,0.0732964,0.073036,yes
KXDOGE15M-26JUL011500,Target Price: $0.0731170,2026-07-01 14:45:00-04:00,2026-07-01 15:00:00-04:00,0.0730369,0.073117,no
KXDOGE15M-26JUL011445,Target Price: $0.0731967,2026-07-01 14:30:00-04:00,2026-07-01 14:45:00-04:00,0.0731170,0.073196,no
KXDOGE15M-26JUL011430,Target Price: $0.0732720,2026-07-01 14:15:00-04:00,2026-07-01 14:30:00-04:00,0.0731967,0.073272,no
KXDOGE15M-26JUL011415,Target Price: $0.0734186,2026-07-01 14:00:00-04:00,2026-07-01 14:15:00-04:00,0.0732720,0.073418,no
KXDOGE15M-26JUL011400,Target Price: $0.0731149,2026-07-01 13:45:00-04:00,2026-07-01 14:00:00-04:00,0.0734186,0.073114,yes
KXDOGE15M-26JUL011345,Target Price: $0.0731310,2026-07-01 13:30:00-04:00,2026-07-01 13:45:00-04:00,0.0731149,0.073131,no
KXDOGE15M-26JUL011330,Target Price: $0.0728996,2026-07-01 13:15:00-04:00,2026-07-01 13:30:00-04:00,0.0731310,0.072899,yes
KXDOGE15M-26JUL011315,Target Price: $0.0730054,2026-07-01 13:00:00-04:00,2026-07-01 13:15:00-04:00,0.0728996,0.073005,no
KXDOGE15M-26JUL011300,Target Price: $0.0731054,2026-07-01 12:45:00-04:00,2026-07-01 13:00:00-04:00,0.0730054,0.073105,no
KXDOGE15M-26JUL011245,Target Price: $0.0733714,2026-07-01 12:30:00-04:00,2026-07-01 12:45:00-04:00,0.0731054,0.073371,no
KXDOGE15M-26JUL011230,Target Price: $0.0734178,2026-07-01 12:15:00-04:00,2026-07-01 12:30:00-04:00,0.0733714,0.073417,no
KXDOGE15M-26JUL011215,Target Price: $0.0733142,2026-07-01 12:00:00-04:00,2026-07-01 12:15:00-04:00,0.0734178,0.073314,yes
KXDOGE15M-26JUL011200,Target Price: $0.0733958,2026-07-01 11:45:00-04:00,2026-07-01 12:00:00-04:00,0.0733142,0.073395,no
KXDOGE15M-26JUL011145,Target Price: $0.0733107,2026-07-01 11:30:00-04:00,2026-07-01 11:45:00-04:00,0.0733958,0.07331,yes
KXDOGE15M-26JUL011130,Target Price: $0.0730087,2026-07-01 11:15:00-04:00,2026-07-01 11:30:00-04:00,0.0733107,0.073008,yes
KXDOGE15M-26JUL011115,Target Price: $0.0725625,2026-07-01 11:00:00-04:00,2026-07-01 11:15:00-04:00,0.0730087,0.072562,yes
KXDOGE15M-26JUL011100,Target Price: $0.0724088,2026-07-01 10:45:00-04:00,2026-07-01 11:00:00-04:00,0.0725625,0.072408,yes
KXDOGE15M-26JUL011045,Target Price: $0.0724667,2026-07-01 10:30:00-04:00,2026-07-01 10:45:00-04:00,0.0724088,0.072466,no
KXDOGE15M-26JUL011030,Target Price: $0.0727027,2026-07-01 10:15:00-04:00,2026-07-01 10:30:00-04:00,0.0724667,0.072702,no
KXDOGE15M-26JUL011015,Target Price: $0.0722793,2026-07-01 10:00:00-04:00,2026-07-01 10:15:00-04:00,0.0727027,0.072279,yes
KXDOGE15M-26JUL011000,Target Price: $0.0719244,2026-07-01 09:45:00-04:00,2026-07-01 10:00:00-04:00,0.0722793,0.071924,yes
KXDOGE15M-26JUL010945,Target Price: $0.0717233,2026-07-01 09:30:00-04:00,2026-07-01 09:45:00-04:00,0.0719244,0.071723,yes
KXDOGE15M-26JUL010930,Target Price: $0.0714060,2026-07-01 09:15:00-04:00,2026-07-01 09:30:00-04:00,0.0717233,0.071406,yes
KXDOGE15M-26JUL010915,Target Price: $0.0713203,2026-07-01 09:00:00-04:00,2026-07-01 09:15:00-04:00,0.0714060,0.07132,yes
KXDOGE15M-26JUL010900,Target Price: $0.0711530,2026-07-01 08:45:00-04:00,2026-07-01 09:00:00-04:00,0.0713203,0.071153,yes
KXDOGE15M-26JUL010845,Target Price: $0.0711556,2026-07-01 08:30:00-04:00,2026-07-01 08:45:00-04:00,0.0711530,0.071155,no
KXDOGE15M-26JUL010830,Target Price: $0.0708644,2026-07-01 08:15:00-04:00,2026-07-01 08:30:00-04:00,0.0711556,0.070864,yes
KXDOGE15M-26JUL010815,Target Price: $0.0710680,2026-07-01 08:00:00-04:00,2026-07-01 08:15:00-04:00,0.0708644,0.071068,no
KXDOGE15M-26JUL010800,Target Price: $0.0711016,2026-07-01 07:45:00-04:00,2026-07-01 08:00:00-04:00,0.0710680,0.071101,no
KXDOGE15M-26JUL010745,Target Price: $0.0709919,2026-07-01 07:30:00-04:00,2026-07-01 07:45:00-04:00,0.0711016,0.070991,yes
KXDOGE15M-26JUL010730,Target Price: $0.0709866,2026-07-01 07:15:00-04:00,2026-07-01 07:30:00-04:00,0.0709919,0.070986,yes
KXDOGE15M-26JUL010715,Target Price: $0.0708875,2026-07-01 07:00:00-04:00,2026-07-01 07:15:00-04:00,0.0709866,0.070887,yes
KXDOGE15M-26JUL010700,Target Price: $0.0707654,2026-07-01 06:45:00-04:00,2026-07-01 07:00:00-04:00,0.0708875,0.070765,yes
KXDOGE15M-26JUL010645,Target Price: $0.0710089,2026-07-01 06:30:00-04:00,2026-07-01 06:45:00-04:00,0.0707654,0.071008,no
KXDOGE15M-26JUL010630,Target Price: $0.0710606,2026-07-01 06:15:00-04:00,2026-07-01 06:30:00-04:00,0.0710089,0.07106,no
KXDOGE15M-26JUL010615,Target Price: $0.0712112,2026-07-01 06:00:00-04:00,2026-07-01 06:15:00-04:00,0.0710606,0.071211,no
KXDOGE15M-26JUL010600,Target Price: $0.0713430,2026-07-01 05:45:00-04:00,2026-07-01 06:00:00-04:00,0.0712112,0.071343,no
KXDOGE15M-26JUL010545,Target Price: $0.0713720,2026-07-01 05:30:00-04:00,2026-07-01 05:45:00-04:00,0.0713430,0.071372,no
KXDOGE15M-26JUL010530,Target Price: $0.0713289,2026-07-01 05:15:00-04:00,2026-07-01 05:30:00-04:00,0.0713720,0.071328,yes
KXDOGE15M-26JUL010515,Target Price: $0.0714063,2026-07-01 05:00:00-04:00,2026-07-01 05:15:00-04:00,0.0713289,0.071406,no
KXDOGE15M-26JUL010500,Target Price: $0.0711161,2026-07-01 04:45:00-04:00,2026-07-01 05:00:00-04:00,0.0714063,0.071116,yes
KXDOGE15M-26JUL010445,Target Price: $0.0709774,2026-07-01 04:30:00-04:00,2026-07-01 04:45:00-04:00,0.0711161,0.070977,yes
KXDOGE15M-26JUL010430,Target Price: $0.0711040,2026-07-01 04:15:00-04:00,2026-07-01 04:30:00-04:00,0.0709774,0.071104,no
KXDOGE15M-26JUL010415,Target Price: $0.0714040,2026-07-01 04:00:00-04:00,2026-07-01 04:15:00-04:00,0.0711040,0.071404,no
KXDOGE15M-26JUL010400,Target Price: $0.0714065,2026-07-01 03:45:00-04:00,2026-07-01 04:00:00-04:00,0.0714040,0.071406,no
KXDOGE15M-26JUL010345,Target Price: $0.0714447,2026-07-01 03:30:00-04:00,2026-07-01 03:45:00-04:00,0.0714065,0.071444,no
KXDOGE15M-26JUL010330,Target Price: $0.0713520,2026-07-01 03:15:00-04:00,2026-07-01 03:30:00-04:00,0.0714447,0.071352,yes
KXDOGE15M-26JUL010315,Target Price: $0.0713032,2026-07-01 03:00:00-04:00,2026-07-01 03:15:00-04:00,0.0713520,0.071303,yes
KXDOGE15M-26JUL010300,Target Price: $0.0712331,2026-07-01 02:45:00-04:00,2026-07-01 03:00:00-04:00,0.0713032,0.071233,yes
KXDOGE15M-26JUL010245,Target Price: $0.0717118,2026-07-01 02:30:00-04:00,2026-07-01 02:45:00-04:00,0.0712331,0.071711,no
KXDOGE15M-26JUL010230,Target Price: $0.0719824,2026-07-01 02:15:00-04:00,2026-07-01 02:30:00-04:00,0.0717118,0.071982,no
KXDOGE15M-26JUL010215,Target Price: $0.0722271,2026-07-01 02:00:00-04:00,2026-07-01 02:15:00-04:00,0.0719824,0.072227,no
KXDOGE15M-26JUL010200,Target Price: $0.0722614,2026-07-01 01:45:00-04:00,2026-07-01 02:00:00-04:00,0.0722271,0.072261,no
KXDOGE15M-26JUL010145,Target Price: $0.0722088,2026-07-01 01:30:00-04:00,2026-07-01 01:45:00-04:00,0.0722614,0.072208,yes
KXDOGE15M-26JUL010130,Target Price: $0.0723229,2026-07-01 01:15:00-04:00,2026-07-01 01:30:00-04:00,0.0722088,0.072322,no
KXDOGE15M-26JUL010115,Target Price: $0.0724333,2026-07-01 01:00:00-04:00,2026-07-01 01:15:00-04:00,0.0723229,0.072433,no
KXDOGE15M-26JUL010100,Target Price: $0.0723939,2026-07-01 00:45:00-04:00,2026-07-01 01:00:00-04:00,0.0724333,0.072393,yes
KXDOGE15M-26JUL010045,Target Price: $0.0724462,2026-07-01 00:30:00-04:00,2026-07-01 00:45:00-04:00,0.0723939,0.072446,no
KXDOGE15M-26JUL010030,Target Price: $0.0722744,2026-07-01 00:15:00-04:00,2026-07-01 00:30:00-04:00,0.0724462,0.072274,yes
KXDOGE15M-26JUL010015,Target Price: $0.0722404,2026-07-01 00:00:00-04:00,2026-07-01 00:15:00-04:00,0.0722744,0.07224,yes
KXDOGE15M-26JUL010000,Target Price: $0.0720767,2026-06-30 23:45:00-04:00,2026-07-01 00:00:00-04:00,0.0722404,0.072076,yes
KXDOGE15M-26JUN302345,Target Price: $0.0718617,2026-06-30 23:30:00-04:00,2026-06-30 23:45:00-04:00,0.0720767,0.071861,yes
KXDOGE15M-26JUN302330,Target Price: $0.0719367,2026-06-30 23:15:00-04:00,2026-06-30 23:30:00-04:00,0.0718617,0.071936,no
KXDOGE15M-26JUN302315,Target Price: $0.0718829,2026-06-30 23:00:00-04:00,2026-06-30 23:15:00-04:00,0.0719367,0.071882,yes
KXDOGE15M-26JUN302300,Target Price: $0.0721056,2026-06-30 22:45:00-04:00,2026-06-30 23:00:00-04:00,0.0718829,0.072105,no
KXDOGE15M-26JUN302245,Target Price: $0.0720301,2026-06-30 22:30:00-04:00,2026-06-30 22:45:00-04:00,0.0721056,0.07203,yes
KXDOGE15M-26JUN302230,Target Price: $0.0718362,2026-06-30 22:15:00-04:00,2026-06-30 22:30:00-04:00,0.0720301,0.071836,yes
KXDOGE15M-26JUN302215,Target Price: $0.0717636,2026-06-30 22:00:00-04:00,2026-06-30 22:15:00-04:00,0.0718362,0.071763,yes
KXDOGE15M-26JUN302200,Target Price: $0.0717963,2026-06-30 21:45:00-04:00,2026-06-30 22:00:00-04:00,0.0717636,0.071796,no
KXDOGE15M-26JUN302145,Target Price: $0.0712255,2026-06-30 21:30:00-04:00,2026-06-30 21:45:00-04:00,0.0717963,0.071225,yes
KXDOGE15M-26JUN302130,Target Price: $0.0708905,2026-06-30 21:15:00-04:00,2026-06-30 21:30:00-04:00,0.0712255,0.07089,yes
KXDOGE15M-26JUN302115,Target Price: $0.0716939,2026-06-30 21:00:00-04:00,2026-06-30 21:15:00-04:00,0.0708905,0.071693,no
KXDOGE15M-26JUN302100,Target Price: $0.0715952,2026-06-30 20:45:00-04:00,2026-06-30 21:00:00-04:00,0.0716939,0.071595,yes
KXDOGE15M-26JUN302045,Target Price: $0.0717347,2026-06-30 20:30:00-04:00,2026-06-30 20:45:00-04:00,0.0715952,0.071734,no
KXDOGE15M-26JUN302030,Target Price: $0.0719619,2026-06-30 20:15:00-04:00,2026-06-30 20:30:00-04:00,0.0717347,0.071961,no
KXDOGE15M-26JUN302015,Target Price: $0.0719945,2026-06-30 20:00:00-04:00,2026-06-30 20:15:00-04:00,0.0719619,0.071994,no
KXDOGE15M-26JUN302000,Target Price: $0.0718360,2026-06-30 19:45:00-04:00,2026-06-30 20:00:00-04:00,0.0719945,0.071836,yes
KXDOGE15M-26JUN301945,Target Price: $0.0717704,2026-06-30 19:30:00-04:00,2026-06-30 19:45:00-04:00,0.0718360,0.07177,yes
KXDOGE15M-26JUN301930,Target Price: $0.0717529,2026-06-30 19:15:00-04:00,2026-06-30 19:30:00-04:00,0.0717704,0.071752,yes
KXDOGE15M-26JUN301915,Target Price: $0.0718561,2026-06-30 19:00:00-04:00,2026-06-30 19:15:00-04:00,0.0717529,0.071856,no
KXDOGE15M-26JUN301900,Target Price: $0.0718494,2026-06-30 18:45:00-04:00,2026-06-30 19:00:00-04:00,0.0718561,0.071849,yes
KXDOGE15M-26JUN301845,Target Price: $0.0719688,2026-06-30 18:30:00-04:00,2026-06-30 18:45:00-04:00,0.0718494,0.071968,no
KXDOGE15M-26JUN301830,Target Price: $0.0720306,2026-06-30 18:15:00-04:00,2026-06-30 18:30:00-04:00,0.0719688,0.07203,no
KXDOGE15M-26JUN301815,Target Price: $0.0720503,2026-06-30 18:00:00-04:00,2026-06-30 18:15:00-04:00,0.0720306,0.07205,no
KXDOGE15M-26JUN301800,Target Price: $0.0719568,2026-06-30 17:45:00-04:00,2026-06-30 18:00:00-04:00,0.0720503,0.071956,yes
KXDOGE15M-26JUN301745,Target Price: $0.0720064,2026-06-30 17:30:00-04:00,2026-06-30 17:45:00-04:00,0.0719568,0.072006,no
KXDOGE15M-26JUN301730,Target Price: $0.0719260,2026-06-30 17:15:00-04:00,2026-06-30 17:30:00-04:00,0.0720064,0.071926,yes
KXDOGE15M-26JUN301715,Target Price: $0.0719459,2026-06-30 17:00:00-04:00,2026-06-30 17:15:00-04:00,0.0719260,0.071945,no
KXDOGE15M-26JUN301700,Target Price: $0.0719143,2026-06-30 16:45:00-04:00,2026-06-30 17:00:00-04:00,0.0719459,0.071914,yes
KXDOGE15M-26JUN301645,Target Price: $0.0719783,2026-06-30 16:30:00-04:00,2026-06-30 16:45:00-04:00,0.0719143,0.071978,no
KXDOGE15M-26JUN301630,Target Price: $0.0721599,2026-06-30 16:15:00-04:00,2026-06-30 16:30:00-04:00,0.0719783,0.072159,no
KXDOGE15M-26JUN301615,Target Price: $0.0722234,2026-06-30 16:00:00-04:00,2026-06-30 16:15:00-04:00,0.0721599,0.072223,no
KXDOGE15M-26JUN301600,Target Price: $0.0722768,2026-06-30 15:45:00-04:00,2026-06-30 16:00:00-04:00,0.0722234,0.072276,no
KXDOGE15M-26JUN301545,Target Price: $0.0721155,2026-06-30 15:30:00-04:00,2026-06-30 15:45:00-04:00,0.0722768,0.072115,yes
KXDOGE15M-26JUN301530,Target Price: $0.0722171,2026-06-30 15:15:00-04:00,2026-06-30 15:30:00-04:00,0.0721155,0.072217,no
KXDOGE15M-26JUN301515,Target Price: $0.0723051,2026-06-30 15:00:00-04:00,2026-06-30 15:15:00-04:00,0.0722171,0.072305,no
KXDOGE15M-26JUN301500,Target Price: $0.0719424,2026-06-30 14:45:00-04:00,2026-06-30 15:00:00-04:00,0.0723051,0.071942,yes
KXDOGE15M-26JUN301445,Target Price: $0.0720377,2026-06-30 14:30:00-04:00,2026-06-30 14:45:00-04:00,0.0719424,0.072037,no
KXDOGE15M-26JUN301430,Target Price: $0.0714242,2026-06-30 14:15:00-04:00,2026-06-30 14:30:00-04:00,0.0720377,0.071424,yes
KXDOGE15M-26JUN301415,Target Price: $0.0712544,2026-06-30 14:00:00-04:00,2026-06-30 14:15:00-04:00,0.0714242,0.071254,yes
KXDOGE15M-26JUN301400,Target Price: $0.0712461,2026-06-30 13:45:00-04:00,2026-06-30 14:00:00-04:00,0.0712544,0.071246,yes
KXDOGE15M-26JUN301345,Target Price: $0.0712152,2026-06-30 13:30:00-04:00,2026-06-30 13:45:00-04:00,0.0712461,0.071215,yes
KXDOGE15M-26JUN301330,Target Price: $0.0712228,2026-06-30 13:15:00-04:00,2026-06-30 13:30:00-04:00,0.0712152,0.071222,no
KXDOGE15M-26JUN301315,Target Price: $0.0713064,2026-06-30 13:00:00-04:00,2026-06-30 13:15:00-04:00,0.0712228,0.071306,no
KXDOGE15M-26JUN301300,Target Price: $0.0707435,2026-06-30 12:45:00-04:00,2026-06-30 13:00:00-04:00,0.0713064,0.070743,yes
KXDOGE15M-26JUN301245,Target Price: $0.0706689,2026-06-30 12:30:00-04:00,2026-06-30 12:45:00-04:00,0.0707435,0.070668,yes
KXDOGE15M-26JUN301230,Target Price: $0.0709546,2026-06-30 12:15:00-04:00,2026-06-30 12:30:00-04:00,0.0706689,0.070954,no
KXDOGE15M-26JUN301215,Target Price: $0.0706041,2026-06-30 12:00:00-04:00,2026-06-30 12:15:00-04:00,0.0709546,0.070604,yes
KXDOGE15M-26JUN301200,Target Price: $0.0705811,2026-06-30 11:45:00-04:00,2026-06-30 12:00:00-04:00,0.0706041,0.070581,yes
KXDOGE15M-26JUN301145,Target Price: $0.0705448,2026-06-30 11:30:00-04:00,2026-06-30 11:45:00-04:00,0.0705811,0.070544,yes
KXDOGE15M-26JUN301130,Target Price: $0.0703812,2026-06-30 11:15:00-04:00,2026-06-30 11:30:00-04:00,0.0705448,0.070381,yes
KXDOGE15M-26JUN301115,Target Price: $0.0702751,2026-06-30 11:00:00-04:00,2026-06-30 11:15:00-04:00,0.0703812,0.070275,yes
KXDOGE15M-26JUN301100,Target Price: $0.0705941,2026-06-30 10:45:00-04:00,2026-06-30 11:00:00-04:00,0.0702751,0.070594,no
KXDOGE15M-26JUN301045,Target Price: $0.0708768,2026-06-30 10:30:00-04:00,2026-06-30 10:45:00-04:00,0.0705941,0.070876,no
KXDOGE15M-26JUN301030,Target Price: $0.0709868,2026-06-30 10:15:00-04:00,2026-06-30 10:30:00-04:00,0.0708768,0.070986,no
KXDOGE15M-26JUN301015,Target Price: $0.0706808,2026-06-30 10:00:00-04:00,2026-06-30 10:15:00-04:00,0.0709868,0.07068,yes
KXDOGE15M-26JUN301000,Target Price: $0.0703203,2026-06-30 09:45:00-04:00,2026-06-30 10:00:00-04:00,0.0706808,0.07032,yes
KXDOGE15M-26JUN300945,Target Price: $0.0701064,2026-06-30 09:30:00-04:00,2026-06-30 09:45:00-04:00,0.0703203,0.070106,yes
KXDOGE15M-26JUN300930,Target Price: $0.0701526,2026-06-30 09:15:00-04:00,2026-06-30 09:30:00-04:00,0.0701064,0.070152,no
KXDOGE15M-26JUN300915,Target Price: $0.0696028,2026-06-30 09:00:00-04:00,2026-06-30 09:15:00-04:00,0.0701526,0.069602,yes
KXDOGE15M-26JUN300900,Target Price: $0.0698249,2026-06-30 08:45:00-04:00,2026-06-30 09:00:00-04:00,0.0696028,0.069824,no
KXDOGE15M-26JUN300845,Target Price: $0.0701618,2026-06-30 08:30:00-04:00,2026-06-30 08:45:00-04:00,0.0698249,0.070161,no
KXDOGE15M-26JUN300830,Target Price: $0.0707036,2026-06-30 08:15:00-04:00,2026-06-30 08:30:00-04:00,0.0701618,0.070703,no
KXDOGE15M-26JUN300815,Target Price: $0.0713248,2026-06-30 08:00:00-04:00,2026-06-30 08:15:00-04:00,0.0707036,0.071324,no
KXDOGE15M-26JUN300800,Target Price: $0.0721234,2026-06-30 07:45:00-04:00,2026-06-30 08:00:00-04:00,0.0713248,0.072123,no
KXDOGE15M-26JUN300745,Target Price: $0.0720397,2026-06-30 07:30:00-04:00,2026-06-30 07:45:00-04:00,0.0721234,0.072039,yes
KXDOGE15M-26JUN300730,Target Price: $0.0724039,2026-06-30 07:15:00-04:00,2026-06-30 07:30:00-04:00,0.0720397,0.072403,no
KXDOGE15M-26JUN300715,Target Price: $0.0724245,2026-06-30 07:00:00-04:00,2026-06-30 07:15:00-04:00,0.0724039,0.072424,no
KXDOGE15M-26JUN300700,Target Price: $0.0723813,2026-06-30 06:45:00-04:00,2026-06-30 07:00:00-04:00,0.0724245,0.072381,yes
KXDOGE15M-26JUN300645,Target Price: $0.0722853,2026-06-30 06:30:00-04:00,2026-06-30 06:45:00-04:00,0.0723813,0.072285,yes
KXDOGE15M-26JUN300630,Target Price: $0.0723649,2026-06-30 06:15:00-04:00,2026-06-30 06:30:00-04:00,0.0722853,0.072364,no
KXDOGE15M-26JUN300615,Target Price: $0.0724660,2026-06-30 06:00:00-04:00,2026-06-30 06:15:00-04:00,0.0723649,0.072466,no
KXDOGE15M-26JUN300600,Target Price: $0.0722958,2026-06-30 05:45:00-04:00,2026-06-30 06:00:00-04:00,0.0724660,0.072295,yes
KXDOGE15M-26JUN300545,Target Price: $0.0722114,2026-06-30 05:30:00-04:00,2026-06-30 05:45:00-04:00,0.0722958,0.072211,yes
KXDOGE15M-26JUN300530,Target Price: $0.0723069,2026-06-30 05:15:00-04:00,2026-06-30 05:30:00-04:00,0.0722114,0.072306,no
KXDOGE15M-26JUN300515,Target Price: $0.0722687,2026-06-30 05:00:00-04:00,2026-06-30 05:15:00-04:00,0.0723069,0.072268,yes
KXDOGE15M-26JUN300500,Target Price: $0.0721070,2026-06-30 04:45:00-04:00,2026-06-30 05:00:00-04:00,0.0722687,0.072107,yes
KXDOGE15M-26JUN300445,Target Price: $0.0722232,2026-06-30 04:30:00-04:00,2026-06-30 04:45:00-04:00,0.0721070,0.072223,no
KXDOGE15M-26JUN300430,Target Price: $0.0722223,2026-06-30 04:15:00-04:00,2026-06-30 04:30:00-04:00,0.0722232,0.072222,yes
KXDOGE15M-26JUN300415,Target Price: $0.0723003,2026-06-30 04:00:00-04:00,2026-06-30 04:15:00-04:00,0.0722223,0.0723,no
KXDOGE15M-26JUN300400,Target Price: $0.0722445,2026-06-30 03:45:00-04:00,2026-06-30 04:00:00-04:00,0.0723003,0.072244,yes
KXDOGE15M-26JUN300345,Target Price: $0.0722713,2026-06-30 03:30:00-04:00,2026-06-30 03:45:00-04:00,0.0722445,0.072271,no
KXDOGE15M-26JUN300330,Target Price: $0.0723213,2026-06-30 03:15:00-04:00,2026-06-30 03:30:00-04:00,0.0722713,0.072321,no
KXDOGE15M-26JUN300315,Target Price: $0.0723721,2026-06-30 03:00:00-04:00,2026-06-30 03:15:00-04:00,0.0723213,0.072372,no
KXDOGE15M-26JUN300300,Target Price: $0.0723774,2026-06-30 02:45:00-04:00,2026-06-30 03:00:00-04:00,0.0723721,0.072377,no
KXDOGE15M-26JUN300245,Target Price: $0.0724504,2026-06-30 02:30:00-04:00,2026-06-30 02:45:00-04:00,0.0723774,0.07245,no
KXDOGE15M-26JUN300230,Target Price: $0.0723120,2026-06-30 02:15:00-04:00,2026-06-30 02:30:00-04:00,0.0724504,0.072312,yes
KXDOGE15M-26JUN300215,Target Price: $0.0723477,2026-06-30 02:00:00-04:00,2026-06-30 02:15:00-04:00,0.0723120,0.072347,no
KXDOGE15M-26JUN300200,Target Price: $0.0722142,2026-06-30 01:45:00-04:00,2026-06-30 02:00:00-04:00,0.0723477,0.072214,yes
KXDOGE15M-26JUN300145,Target Price: $0.0721420,2026-06-30 01:30:00-04:00,2026-06-30 01:45:00-04:00,0.0722142,0.072142,yes
KXDOGE15M-26JUN300130,Target Price: $0.0722869,2026-06-30 01:15:00-04:00,2026-06-30 01:30:00-04:00,0.0721420,0.072286,no
KXDOGE15M-26JUN300115,Target Price: $0.0723565,2026-06-30 01:00:00-04:00,2026-06-30 01:15:00-04:00,0.0722869,0.072356,no
KXDOGE15M-26JUN300100,Target Price: $0.0724385,2026-06-30 00:45:00-04:00,2026-06-30 01:00:00-04:00,0.0723565,0.072438,no
KXDOGE15M-26JUN300045,Target Price: $0.0722630,2026-06-30 00:30:00-04:00,2026-06-30 00:45:00-04:00,0.0724385,0.072263,yes
KXDOGE15M-26JUN300030,Target Price: $0.0722860,2026-06-30 00:15:00-04:00,2026-06-30 00:30:00-04:00,0.0722630,0.072286,no
KXDOGE15M-26JUN300015,Target Price: $0.0723414,2026-06-30 00:00:00-04:00,2026-06-30 00:15:00-04:00,0.0722860,0.072341,no
KXDOGE15M-26JUN300000,Target Price: $0.0723982,2026-06-29 23:45:00-04:00,2026-06-30 00:00:00-04:00,0.0723414,0.072398,no
KXDOGE15M-26JUN292345,Target Price: $0.0725319,2026-06-29 23:30:00-04:00,2026-06-29 23:45:00-04:00,0.0723982,0.072531,no
KXDOGE15M-26JUN292330,Target Price: $0.0726132,2026-06-29 23:15:00-04:00,2026-06-29 23:30:00-04:00,0.0725319,0.072613,no
KXDOGE15M-26JUN292315,Target Price: $0.0725391,2026-06-29 23:00:00-04:00,2026-06-29 23:15:00-04:00,0.0726132,0.072539,yes
KXDOGE15M-26JUN292300,Target Price: $0.0724867,2026-06-29 22:45:00-04:00,2026-06-29 23:00:00-04:00,0.0725391,0.072486,yes
KXDOGE15M-26JUN292245,Target Price: $0.0724956,2026-06-29 22:30:00-04:00,2026-06-29 22:45:00-04:00,0.0724867,0.072495,no
KXDOGE15M-26JUN292230,Target Price: $0.0722777,2026-06-29 22:15:00-04:00,2026-06-29 22:30:00-04:00,0.0724956,0.072277,yes
KXDOGE15M-26JUN292215,Target Price: $0.0724608,2026-06-29 22:00:00-04:00,2026-06-29 22:15:00-04:00,0.0722777,0.07246,no
KXDOGE15M-26JUN292200,Target Price: $0.0724117,2026-06-29 21:45:00-04:00,2026-06-29 22:00:00-04:00,0.0724608,0.072411,yes
KXDOGE15M-26JUN292145,Target Price: $0.0726621,2026-06-29 21:30:00-04:00,2026-06-29 21:45:00-04:00,0.0724117,0.072662,no
KXDOGE15M-26JUN292130,Target Price: $0.0722593,2026-06-29 21:15:00-04:00,2026-06-29 21:30:00-04:00,0.0726621,0.072259,yes
KXDOGE15M-26JUN292115,Target Price: $0.0724740,2026-06-29 21:00:00-04:00,2026-06-29 21:15:00-04:00,0.0722593,0.072474,no
KXDOGE15M-26JUN292100,Target Price: $0.0725060,2026-06-29 20:45:00-04:00,2026-06-29 21:00:00-04:00,0.0724740,0.072506,no
KXDOGE15M-26JUN292045,Target Price: $0.0729679,2026-06-29 20:30:00-04:00,2026-06-29 20:45:00-04:00,0.0725060,0.072967,no
KXDOGE15M-26JUN292030,Target Price: $0.0734016,2026-06-29 20:15:00-04:00,2026-06-29 20:30:00-04:00,0.0729679,0.073401,no
KXDOGE15M-26JUN292015,Target Price: $0.0733156,2026-06-29 20:00:00-04:00,2026-06-29 20:15:00-04:00,0.0734016,0.073315,yes
KXDOGE15M-26JUN292000,Target Price: $0.0732662,2026-06-29 19:45:00-04:00,2026-06-29 20:00:00-04:00,0.0733156,0.073266,yes
KXDOGE15M-26JUN291945,Target Price: $0.0732283,2026-06-29 19:30:00-04:00,2026-06-29 19:45:00-04:00,0.0732662,0.073228,yes
KXDOGE15M-26JUN291930,Target Price: $0.0733871,2026-06-29 19:15:00-04:00,2026-06-29 19:30:00-04:00,0.0732283,0.073387,no
KXDOGE15M-26JUN291915,Target Price: $0.0733558,2026-06-29 19:00:00-04:00,2026-06-29 19:15:00-04:00,0.0733871,0.073355,yes
KXDOGE15M-26JUN291900,Target Price: $0.0735236,2026-06-29 18:45:00-04:00,2026-06-29 19:00:00-04:00,0.0733558,0.073523,no
KXDOGE15M-26JUN291845,Target Price: $0.0736204,2026-06-29 18:30:00-04:00,2026-06-29 18:45:00-04:00,0.0735236,0.07362,no
KXDOGE15M-26JUN291830,Target Price: $0.0737721,2026-06-29 18:15:00-04:00,2026-06-29 18:30:00-04:00,0.0736204,0.073772,no
KXDOGE15M-26JUN291815,Target Price: $0.0738580,2026-06-29 18:00:00-04:00,2026-06-29 18:15:00-04:00,0.0737721,0.073858,no
KXDOGE15M-26JUN291800,Target Price: $0.0739900,2026-06-29 17:45:00-04:00,2026-06-29 18:00:00-04:00,0.0738580,0.07399,no
KXDOGE15M-26JUN291745,Target Price: $0.0738196,2026-06-29 17:30:00-04:00,2026-06-29 17:45:00-04:00,0.0739900,0.073819,yes
KXDOGE15M-26JUN291730,Target Price: $0.0738156,2026-06-29 17:15:00-04:00,2026-06-29 17:30:00-04:00,0.0738196,0.073815,yes
KXDOGE15M-26JUN291715,Target Price: $0.0736461,2026-06-29 17:00:00-04:00,2026-06-29 17:15:00-04:00,0.0738156,0.073646,yes
KXDOGE15M-26JUN291700,Target Price: $0.0737454,2026-06-29 16:45:00-04:00,2026-06-29 17:00:00-04:00,0.0736461,0.073745,no
KXDOGE15M-26JUN291645,Target Price: $0.0737385,2026-06-29 16:30:00-04:00,2026-06-29 16:45:00-04:00,0.0737454,0.073738,yes
KXDOGE15M-26JUN291630,Target Price: $0.0737382,2026-06-29 16:15:00-04:00,2026-06-29 16:30:00-04:00,0.0737385,0.073738,yes
KXDOGE15M-26JUN291615,Target Price: $0.0738051,2026-06-29 16:00:00-04:00,2026-06-29 16:15:00-04:00,0.0737382,0.073805,no
KXDOGE15M-26JUN291600,Target Price: $0.0738986,2026-06-29 15:45:00-04:00,2026-06-29 16:00:00-04:00,0.0738051,0.073898,no
KXDOGE15M-26JUN291545,Target Price: $0.0739719,2026-06-29 15:30:00-04:00,2026-06-29 15:45:00-04:00,0.0738986,0.073971,no
KXDOGE15M-26JUN291530,Target Price: $0.0736635,2026-06-29 15:15:00-04:00,2026-06-29 15:30:00-04:00,0.0739719,0.073663,yes
KXDOGE15M-26JUN291515,Target Price: $0.0737407,2026-06-29 15:00:00-04:00,2026-06-29 15:15:00-04:00,0.0736635,0.07374,no
KXDOGE15M-26JUN291500,Target Price: $0.0737768,2026-06-29 14:45:00-04:00,2026-06-29 15:00:00-04:00,0.0737407,0.073776,no
KXDOGE15M-26JUN291445,Target Price: $0.0736890,2026-06-29 14:30:00-04:00,2026-06-29 14:45:00-04:00,0.0737768,0.073689,yes
KXDOGE15M-26JUN291430,Target Price: $0.0739638,2026-06-29 14:15:00-04:00,2026-06-29 14:30:00-04:00,0.0736890,0.073963,no
KXDOGE15M-26JUN291415,Target Price: $0.0738186,2026-06-29 14:00:00-04:00,2026-06-29 14:15:00-04:00,0.0739638,0.073818,yes
KXDOGE15M-26JUN291400,Target Price: $0.0739372,2026-06-29 13:45:00-04:00,2026-06-29 14:00:00-04:00,0.0738186,0.073937,no
KXDOGE15M-26JUN291345,Target Price: $0.0739036,2026-06-29 13:30:00-04:00,2026-06-29 13:45:00-04:00,0.0739372,0.073903,yes
KXDOGE15M-26JUN291330,Target Price: $0.0737037,2026-06-29 13:15:00-04:00,2026-06-29 13:30:00-04:00,0.0739036,0.073703,yes
KXDOGE15M-26JUN291315,Target Price: $0.0726915,2026-06-29 13:00:00-04:00,2026-06-29 13:15:00-04:00,0.0737037,0.072691,yes
KXDOGE15M-26JUN291300,Target Price: $0.0724650,2026-06-29 12:45:00-04:00,2026-06-29 13:00:00-04:00,0.0726915,0.072465,yes
KXDOGE15M-26JUN291245,Target Price: $0.0720965,2026-06-29 12:30:00-04:00,2026-06-29 12:45:00-04:00,0.0724650,0.072096,yes
KXDOGE15M-26JUN291230,Target Price: $0.0725981,2026-06-29 12:15:00-04:00,2026-06-29 12:30:00-04:00,0.0720965,0.072598,no
KXDOGE15M-26JUN291215,Target Price: $0.0727035,2026-06-29 12:00:00-04:00,2026-06-29 12:15:00-04:00,0.0725981,0.072703,no
KXDOGE15M-26JUN291200,Target Price: $0.0727830,2026-06-29 11:45:00-04:00,2026-06-29 12:00:00-04:00,0.0727035,0.072783,no
KXDOGE15M-26JUN291145,Target Price: $0.0724150,2026-06-29 11:30:00-04:00,2026-06-29 11:45:00-04:00,0.0727830,0.072415,yes
KXDOGE15M-26JUN291130,Target Price: $0.0720188,2026-06-29 11:15:00-04:00,2026-06-29 11:30:00-04:00,0.0724150,0.072018,yes
KXDOGE15M-26JUN291115,Target Price: $0.0724252,2026-06-29 11:00:00-04:00,2026-06-29 11:15:00-04:00,0.0720188,0.072425,no
KXDOGE15M-26JUN291100,Target Price: $0.0722573,2026-06-29 10:45:00-04:00,2026-06-29 11:00:00-04:00,0.0724252,0.072257,yes
KXDOGE15M-26JUN291045,Target Price: $0.0724769,2026-06-29 10:30:00-04:00,2026-06-29 10:45:00-04:00,0.0722573,0.072476,no
KXDOGE15M-26JUN291030,Target Price: $0.0721291,2026-06-29 10:15:00-04:00,2026-06-29 10:30:00-04:00,0.0724769,0.072129,yes
KXDOGE15M-26JUN291015,Target Price: $0.0725795,2026-06-29 10:00:00-04:00,2026-06-29 10:15:00-04:00,0.0721291,0.072579,no
KXDOGE15M-26JUN291000,Target Price: $0.0723883,2026-06-29 09:45:00-04:00,2026-06-29 10:00:00-04:00,0.0725795,0.072388,yes
KXDOGE15M-26JUN290945,Target Price: $0.0727437,2026-06-29 09:30:00-04:00,2026-06-29 09:45:00-04:00,0.0723883,0.072743,no
KXDOGE15M-26JUN290930,Target Price: $0.0732818,2026-06-29 09:15:00-04:00,2026-06-29 09:30:00-04:00,0.0727437,0.073281,no
KXDOGE15M-26JUN290915,Target Price: $0.0728616,2026-06-29 09:00:00-04:00,2026-06-29 09:15:00-04:00,0.0732818,0.072861,yes
KXDOGE15M-26JUN290900,Target Price: $0.0729938,2026-06-29 08:45:00-04:00,2026-06-29 09:00:00-04:00,0.0728616,0.072993,no
KXDOGE15M-26JUN290845,Target Price: $0.0736273,2026-06-29 08:30:00-04:00,2026-06-29 08:45:00-04:00,0.0729938,0.073627,no
KXDOGE15M-26JUN290830,Target Price: $0.0736911,2026-06-29 08:15:00-04:00,2026-06-29 08:30:00-04:00,0.0736273,0.073691,no
KXDOGE15M-26JUN290815,Target Price: $0.0727235,2026-06-29 08:00:00-04:00,2026-06-29 08:15:00-04:00,0.0736911,0.072723,yes
KXDOGE15M-26JUN290800,Target Price: $0.0726582,2026-06-29 07:45:00-04:00,2026-06-29 08:00:00-04:00,0.0727235,0.072658,yes
KXDOGE15M-26JUN290745,Target Price: $0.0726277,2026-06-29 07:30:00-04:00,2026-06-29 07:45:00-04:00,0.0726582,0.072627,yes
KXDOGE15M-26JUN290730,Target Price: $0.0725441,2026-06-29 07:15:00-04:00,2026-06-29 07:30:00-04:00,0.0726277,0.072544,yes
KXDOGE15M-26JUN290715,Target Price: $0.0728290,2026-06-29 07:00:00-04:00,2026-06-29 07:15:00-04:00,0.0725441,0.072829,no
KXDOGE15M-26JUN290700,Target Price: $0.0728241,2026-06-29 06:45:00-04:00,2026-06-29 07:00:00-04:00,0.0728290,0.072824,yes
KXDOGE15M-26JUN290645,Target Price: $0.0729212,2026-06-29 06:30:00-04:00,2026-06-29 06:45:00-04:00,0.0728241,0.072921,no
KXDOGE15M-26JUN290630,Target Price: $0.0730225,2026-06-29 06:15:00-04:00,2026-06-29 06:30:00-04:00,0.0729212,0.073022,no
KXDOGE15M-26JUN290615,Target Price: $0.0726880,2026-06-29 06:00:00-04:00,2026-06-29 06:15:00-04:00,0.0730225,0.072688,yes
KXDOGE15M-26JUN290600,Target Price: $0.0727388,2026-06-29 05:45:00-04:00,2026-06-29 06:00:00-04:00,0.0726880,0.072738,no
KXDOGE15M-26JUN290545,Target Price: $0.0726902,2026-06-29 05:30:00-04:00,2026-06-29 05:45:00-04:00,0.0727388,0.07269,yes
KXDOGE15M-26JUN290530,Target Price: $0.0726065,2026-06-29 05:15:00-04:00,2026-06-29 05:30:00-04:00,0.0726902,0.072606,yes
KXDOGE15M-26JUN290515,Target Price: $0.0724545,2026-06-29 05:00:00-04:00,2026-06-29 05:15:00-04:00,0.0726065,0.072454,yes
KXDOGE15M-26JUN290500,Target Price: $0.0724536,2026-06-29 04:45:00-04:00,2026-06-29 05:00:00-04:00,0.0724545,0.072453,yes
KXDOGE15M-26JUN290445,Target Price: $0.0722600,2026-06-29 04:30:00-04:00,2026-06-29 04:45:00-04:00,0.0724536,0.07226,yes
KXDOGE15M-26JUN290430,Target Price: $0.0726134,2026-06-29 04:15:00-04:00,2026-06-29 04:30:00-04:00,0.0722600,0.072613,no
KXDOGE15M-26JUN290415,Target Price: $0.0727112,2026-06-29 04:00:00-04:00,2026-06-29 04:15:00-04:00,0.0726134,0.072711,no
KXDOGE15M-26JUN290400,Target Price: $0.0728208,2026-06-29 03:45:00-04:00,2026-06-29 04:00:00-04:00,0.0727112,0.07282,no
KXDOGE15M-26JUN290345,Target Price: $0.0731542,2026-06-29 03:30:00-04:00,2026-06-29 03:45:00-04:00,0.0728208,0.073154,no
KXDOGE15M-26JUN290330,Target Price: $0.0729920,2026-06-29 03:15:00-04:00,2026-06-29 03:30:00-04:00,0.0731542,0.072992,yes
KXDOGE15M-26JUN290315,Target Price: $0.0730887,2026-06-29 03:00:00-04:00,2026-06-29 03:15:00-04:00,0.0729920,0.073088,no
KXDOGE15M-26JUN290300,Target Price: $0.0729327,2026-06-29 02:45:00-04:00,2026-06-29 03:00:00-04:00,0.0730887,0.072932,yes
KXDOGE15M-26JUN290245,Target Price: $0.0732552,2026-06-29 02:30:00-04:00,2026-06-29 02:45:00-04:00,0.0729327,0.073255,no
KXDOGE15M-26JUN290230,Target Price: $0.0731405,2026-06-29 02:15:00-04:00,2026-06-29 02:30:00-04:00,0.0732552,0.07314,yes
KXDOGE15M-26JUN290215,Target Price: $0.0729394,2026-06-29 02:00:00-04:00,2026-06-29 02:15:00-04:00,0.0731405,0.072939,yes
KXDOGE15M-26JUN290200,Target Price: $0.0726582,2026-06-29 01:45:00-04:00,2026-06-29 02:00:00-04:00,0.0729394,0.072658,yes
KXDOGE15M-26JUN290145,Target Price: $0.0723957,2026-06-29 01:30:00-04:00,2026-06-29 01:45:00-04:00,0.0726582,0.072395,yes
KXDOGE15M-26JUN290130,Target Price: $0.0721959,2026-06-29 01:15:00-04:00,2026-06-29 01:30:00-04:00,0.0723957,0.072195,yes
KXDOGE15M-26JUN290115,Target Price: $0.0724440,2026-06-29 01:00:00-04:00,2026-06-29 01:15:00-04:00,0.0721959,0.072444,no
KXDOGE15M-26JUN290100,Target Price: $0.0723941,2026-06-29 00:45:00-04:00,2026-06-29 01:00:00-04:00,0.0724440,0.072394,yes
KXDOGE15M-26JUN290045,Target Price: $0.0728021,2026-06-29 00:30:00-04:00,2026-06-29 00:45:00-04:00,0.0723941,0.072802,no
KXDOGE15M-26JUN290030,Target Price: $0.0728895,2026-06-29 00:15:00-04:00,2026-06-29 00:30:00-04:00,0.0728021,0.072889,no
KXDOGE15M-26JUN290015,Target Price: $0.0731469,2026-06-29 00:00:00-04:00,2026-06-29 00:15:00-04:00,0.0728895,0.073146,no
KXDOGE15M-26JUN290000,Target Price: $0.0730134,2026-06-28 23:45:00-04:00,2026-06-29 00:00:00-04:00,0.0731469,0.073013,yes
KXDOGE15M-26JUN282345,Target Price: $0.0734815,2026-06-28 23:30:00-04:00,2026-06-28 23:45:00-04:00,0.0730134,0.073481,no
KXDOGE15M-26JUN282330,Target Price: $0.0732998,2026-06-28 23:15:00-04:00,2026-06-28 23:30:00-04:00,0.0734815,0.073299,yes
KXDOGE15M-26JUN282315,Target Price: $0.0729780,2026-06-28 23:00:00-04:00,2026-06-28 23:15:00-04:00,0.0732998,0.072978,yes
KXDOGE15M-26JUN282300,Target Price: $0.0729343,2026-06-28 22:45:00-04:00,2026-06-28 23:00:00-04:00,0.0729780,0.072934,yes
KXDOGE15M-26JUN282245,Target Price: $0.0729138,2026-06-28 22:30:00-04:00,2026-06-28 22:45:00-04:00,0.0729343,0.072913,yes
KXDOGE15M-26JUN282230,Target Price: $0.0720542,2026-06-28 22:15:00-04:00,2026-06-28 22:30:00-04:00,0.0729138,0.072054,yes
KXDOGE15M-26JUN282215,Target Price: $0.0727324,2026-06-28 22:00:00-04:00,2026-06-28 22:15:00-04:00,0.0720542,0.072732,no
KXDOGE15M-26JUN282200,Target Price: $0.0728622,2026-06-28 21:45:00-04:00,2026-06-28 22:00:00-04:00,0.0727324,0.072862,no
KXDOGE15M-26JUN282145,Target Price: $0.0725473,2026-06-28 21:30:00-04:00,2026-06-28 21:45:00-04:00,0.0728622,0.072547,yes
KXDOGE15M-26JUN282130,Target Price: $0.0727357,2026-06-28 21:15:00-04:00,2026-06-28 21:30:00-04:00,0.0725473,0.072735,no
KXDOGE15M-26JUN282115,Target Price: $0.0732344,2026-06-28 21:00:00-04:00,2026-06-28 21:15:00-04:00,0.0727357,0.073234,no
KXDOGE15M-26JUN282100,Target Price: $0.0727605,2026-06-28 20:45:00-04:00,2026-06-28 21:00:00-04:00,0.0732344,0.07276,yes
KXDOGE15M-26JUN282045,Target Price: $0.0724768,2026-06-28 20:30:00-04:00,2026-06-28 20:45:00-04:00,0.0727605,0.072476,yes
KXDOGE15M-26JUN282030,Target Price: $0.0729950,2026-06-28 20:15:00-04:00,2026-06-28 20:30:00-04:00,0.0724768,0.072995,no
KXDOGE15M-26JUN282015,Target Price: $0.0730851,2026-06-28 20:00:00-04:00,2026-06-28 20:15:00-04:00,0.0729950,0.073085,no
KXDOGE15M-26JUN282000,Target Price: $0.0731487,2026-06-28 19:45:00-04:00,2026-06-28 20:00:00-04:00,0.0730851,0.073148,no
KXDOGE15M-26JUN281945,Target Price: $0.0729210,2026-06-28 19:30:00-04:00,2026-06-28 19:45:00-04:00,0.0731487,0.072921,yes
KXDOGE15M-26JUN281930,Target Price: $0.0726704,2026-06-28 19:15:00-04:00,2026-06-28 19:30:00-04:00,0.0729210,0.07267,yes
KXDOGE15M-26JUN281915,Target Price: $0.0723394,2026-06-28 19:00:00-04:00,2026-06-28 19:15:00-04:00,0.0726704,0.072339,yes
KXDOGE15M-26JUN281900,Target Price: $0.0727116,2026-06-28 18:45:00-04:00,2026-06-28 19:00:00-04:00,0.0723394,0.072711,no
KXDOGE15M-26JUN281845,Target Price: $0.0729000,2026-06-28 18:30:00-04:00,2026-06-28 18:45:00-04:00,0.0727116,0.0729,no
KXDOGE15M-26JUN281830,Target Price: $0.0731241,2026-06-28 18:15:00-04:00,2026-06-28 18:30:00-04:00,0.0729000,0.073124,no
KXDOGE15M-26JUN281815,Target Price: $0.0726605,2026-06-28 18:00:00-04:00,2026-06-28 18:15:00-04:00,0.0731241,0.07266,yes
KXDOGE15M-26JUN281800,Target Price: $0.0729150,2026-06-28 17:45:00-04:00,2026-06-28 18:00:00-04:00,0.0726605,0.072915,no
KXDOGE15M-26JUN281745,Target Price: $0.0730113,2026-06-28 17:30:00-04:00,2026-06-28 17:45:00-04:00,0.0729150,0.073011,no
KXDOGE15M-26JUN281730,Target Price: $0.0731135,2026-06-28 17:15:00-04:00,2026-06-28 17:30:00-04:00,0.0730113,0.073113,no
KXDOGE15M-26JUN281715,Target Price: $0.0731404,2026-06-28 17:00:00-04:00,2026-06-28 17:15:00-04:00,0.0731135,0.07314,no
KXDOGE15M-26JUN281700,Target Price: $0.0731550,2026-06-28 16:45:00-04:00,2026-06-28 17:00:00-04:00,0.0731404,0.073155,no
KXDOGE15M-26JUN281645,Target Price: $0.0732716,2026-06-28 16:30:00-04:00,2026-06-28 16:45:00-04:00,0.0731550,0.073271,no
KXDOGE15M-26JUN281630,Target Price: $0.0731520,2026-06-28 16:15:00-04:00,2026-06-28 16:30:00-04:00,0.0732716,0.073152,yes
KXDOGE15M-26JUN281615,Target Price: $0.0728626,2026-06-28 16:00:00-04:00,2026-06-28 16:15:00-04:00,0.0731520,0.072862,yes
KXDOGE15M-26JUN281600,Target Price: $0.0728909,2026-06-28 15:45:00-04:00,2026-06-28 16:00:00-04:00,0.0728626,0.07289,no
KXDOGE15M-26JUN281545,Target Price: $0.0730735,2026-06-28 15:30:00-04:00,2026-06-28 15:45:00-04:00,0.0728909,0.073073,no
KXDOGE15M-26JUN281530,Target Price: $0.0730237,2026-06-28 15:15:00-04:00,2026-06-28 15:30:00-04:00,0.0730735,0.073023,yes
KXDOGE15M-26JUN281515,Target Price: $0.0731695,2026-06-28 15:00:00-04:00,2026-06-28 15:15:00-04:00,0.0730237,0.073169,no
KXDOGE15M-26JUN281500,Target Price: $0.0729874,2026-06-28 14:45:00-04:00,2026-06-28 15:00:00-04:00,0.0731695,0.072987,yes
KXDOGE15M-26JUN281445,Target Price: $0.0729816,2026-06-28 14:30:00-04:00,2026-06-28 14:45:00-04:00,0.0729874,0.072981,yes
KXDOGE15M-26JUN281430,Target Price: $0.0730604,2026-06-28 14:15:00-04:00,2026-06-28 14:30:00-04:00,0.0729816,0.07306,no
KXDOGE15M-26JUN281415,Target Price: $0.0731172,2026-06-28 14:00:00-04:00,2026-06-28 14:15:00-04:00,0.0730604,0.073117,no
KXDOGE15M-26JUN281400,Target Price: $0.0729391,2026-06-28 13:45:00-04:00,2026-06-28 14:00:00-04:00,0.0731172,0.072939,yes
KXDOGE15M-26JUN281345,Target Price: $0.0728277,2026-06-28 13:30:00-04:00,2026-06-28 13:45:00-04:00,0.0729391,0.072827,yes
KXDOGE15M-26JUN281330,Target Price: $0.0730017,2026-06-28 13:15:00-04:00,2026-06-28 13:30:00-04:00,0.0728277,0.073001,no
KXDOGE15M-26JUN281315,Target Price: $0.0730791,2026-06-28 13:00:00-04:00,2026-06-28 13:15:00-04:00,0.0730017,0.073079,no
KXDOGE15M-26JUN281300,Target Price: $0.0729730,2026-06-28 12:45:00-04:00,2026-06-28 13:00:00-04:00,0.0730791,0.072973,yes
KXDOGE15M-26JUN281245,Target Price: $0.0731852,2026-06-28 12:30:00-04:00,2026-06-28 12:45:00-04:00,0.0729730,0.073185,no
KXDOGE15M-26JUN281230,Target Price: $0.0733607,2026-06-28 12:15:00-04:00,2026-06-28 12:30:00-04:00,0.0731852,0.07336,no
KXDOGE15M-26JUN281215,Target Price: $0.0734582,2026-06-28 12:00:00-04:00,2026-06-28 12:15:00-04:00,0.0733607,0.073458,no
KXDOGE15M-26JUN281200,Target Price: $0.0736278,2026-06-28 11:45:00-04:00,2026-06-28 12:00:00-04:00,0.0734582,0.073627,no
KXDOGE15M-26JUN281145,Target Price: $0.0736717,2026-06-28 11:30:00-04:00,2026-06-28 11:45:00-04:00,0.0736278,0.073671,no
KXDOGE15M-26JUN281130,Target Price: $0.0736061,2026-06-28 11:15:00-04:00,2026-06-28 11:30:00-04:00,0.0736717,0.073606,yes
KXDOGE15M-26JUN281115,Target Price: $0.0735821,2026-06-28 11:00:00-04:00,2026-06-28 11:15:00-04:00,0.0736061,0.073582,yes
KXDOGE15M-26JUN281100,Target Price: $0.0736866,2026-06-28 10:45:00-04:00,2026-06-28 11:00:00-04:00,0.0735821,0.073686,no
KXDOGE15M-26JUN281045,Target Price: $0.0737128,2026-06-28 10:30:00-04:00,2026-06-28 10:45:00-04:00,0.0736866,0.073712,no
KXDOGE15M-26JUN281030,Target Price: $0.0736569,2026-06-28 10:15:00-04:00,2026-06-28 10:30:00-04:00,0.0737128,0.073656,yes
KXDOGE15M-26JUN281015,Target Price: $0.0734391,2026-06-28 10:00:00-04:00,2026-06-28 10:15:00-04:00,0.0736569,0.073439,yes
KXDOGE15M-26JUN281000,Target Price: $0.0736046,2026-06-28 09:45:00-04:00,2026-06-28 10:00:00-04:00,0.0734391,0.073604,no
KXDOGE15M-26JUN280945,Target Price: $0.0735051,2026-06-28 09:30:00-04:00,2026-06-28 09:45:00-04:00,0.0736046,0.073505,yes
KXDOGE15M-26JUN280930,Target Price: $0.0735449,2026-06-28 09:15:00-04:00,2026-06-28 09:30:00-04:00,0.0735051,0.073544,no
KXDOGE15M-26JUN280915,Target Price: $0.0736974,2026-06-28 09:00:00-04:00,2026-06-28 09:15:00-04:00,0.0735449,0.073697,no
KXDOGE15M-26JUN280900,Target Price: $0.0735666,2026-06-28 08:45:00-04:00,2026-06-28 09:00:00-04:00,0.0736974,0.073566,yes
KXDOGE15M-26JUN280845,Target Price: $0.0737106,2026-06-28 08:30:00-04:00,2026-06-28 08:45:00-04:00,0.0735666,0.07371,no
KXDOGE15M-26JUN280830,Target Price: $0.0735408,2026-06-28 08:15:00-04:00,2026-06-28 08:30:00-04:00,0.0737106,0.07354,yes
KXDOGE15M-26JUN280815,Target Price: $0.0737404,2026-06-28 08:00:00-04:00,2026-06-28 08:15:00-04:00,0.0735408,0.07374,no
KXDOGE15M-26JUN280800,Target Price: $0.0735990,2026-06-28 07:45:00-04:00,2026-06-28 08:00:00-04:00,0.0737404,0.073599,yes
KXDOGE15M-26JUN280745,Target Price: $0.0735506,2026-06-28 07:30:00-04:00,2026-06-28 07:45:00-04:00,0.0735990,0.07355,yes
KXDOGE15M-26JUN280730,Target Price: $0.0732885,2026-06-28 07:15:00-04:00,2026-06-28 07:30:00-04:00,0.0735506,0.073288,yes
KXDOGE15M-26JUN280715,Target Price: $0.0733852,2026-06-28 07:00:00-04:00,2026-06-28 07:15:00-04:00,0.0732885,0.073385,no
KXDOGE15M-26JUN280700,Target Price: $0.0733677,2026-06-28 06:45:00-04:00,2026-06-28 07:00:00-04:00,0.0733852,0.073367,yes
KXDOGE15M-26JUN280645,Target Price: $0.0732535,2026-06-28 06:30:00-04:00,2026-06-28 06:45:00-04:00,0.0733677,0.073253,yes
KXDOGE15M-26JUN280630,Target Price: $0.0735800,2026-06-28 06:15:00-04:00,2026-06-28 06:30:00-04:00,0.0732535,0.07358,no
KXDOGE15M-26JUN280615,Target Price: $0.0735138,2026-06-28 06:00:00-04:00,2026-06-28 06:15:00-04:00,0.0735800,0.073513,yes
KXDOGE15M-26JUN280600,Target Price: $0.0739929,2026-06-28 05:45:00-04:00,2026-06-28 06:00:00-04:00,0.0735138,0.073992,no
KXDOGE15M-26JUN280545,Target Price: $0.0739631,2026-06-28 05:30:00-04:00,2026-06-28 05:45:00-04:00,0.0739929,0.073963,yes
KXDOGE15M-26JUN280530,Target Price: $0.0740352,2026-06-28 05:15:00-04:00,2026-06-28 05:30:00-04:00,0.0739631,0.074035,no
KXDOGE15M-26JUN280515,Target Price: $0.0739785,2026-06-28 05:00:00-04:00,2026-06-28 05:15:00-04:00,0.0740352,0.073978,yes
KXDOGE15M-26JUN280500,Target Price: $0.0740923,2026-06-28 04:45:00-04:00,2026-06-28 05:00:00-04:00,0.0739785,0.074092,no
KXDOGE15M-26JUN280445,Target Price: $0.0735885,2026-06-28 04:30:00-04:00,2026-06-28 04:45:00-04:00,0.0740923,0.073588,yes
KXDOGE15M-26JUN280430,Target Price: $0.0736080,2026-06-28 04:15:00-04:00,2026-06-28 04:30:00-04:00,0.0735885,0.073608,no
KXDOGE15M-26JUN280415,Target Price: $0.0736623,2026-06-28 04:00:00-04:00,2026-06-28 04:15:00-04:00,0.0736080,0.073662,no
KXDOGE15M-26JUN280400,Target Price: $0.0735689,2026-06-28 03:45:00-04:00,2026-06-28 04:00:00-04:00,0.0736623,0.073568,yes
KXDOGE15M-26JUN280345,Target Price: $0.0734090,2026-06-28 03:30:00-04:00,2026-06-28 03:45:00-04:00,0.0735689,0.073409,yes
KXDOGE15M-26JUN280330,Target Price: $0.0735598,2026-06-28 03:15:00-04:00,2026-06-28 03:30:00-04:00,0.0734090,0.073559,no
KXDOGE15M-26JUN280315,Target Price: $0.0733932,2026-06-28 03:00:00-04:00,2026-06-28 03:15:00-04:00,0.0735598,0.073393,yes
KXDOGE15M-26JUN280300,Target Price: $0.0734007,2026-06-28 02:45:00-04:00,2026-06-28 03:00:00-04:00,0.0733932,0.0734,no
KXDOGE15M-26JUN280245,Target Price: $0.0733545,2026-06-28 02:30:00-04:00,2026-06-28 02:45:00-04:00,0.0734007,0.073354,yes
KXDOGE15M-26JUN280230,Target Price: $0.0733661,2026-06-28 02:15:00-04:00,2026-06-28 02:30:00-04:00,0.0733545,0.073366,no
KXDOGE15M-26JUN280215,Target Price: $0.0737480,2026-06-28 02:00:00-04:00,2026-06-28 02:15:00-04:00,0.0733661,0.073748,no
KXDOGE15M-26JUN280200,Target Price: $0.0736588,2026-06-28 01:45:00-04:00,2026-06-28 02:00:00-04:00,0.0737480,0.073658,yes
KXDOGE15M-26JUN280145,Target Price: $0.0735462,2026-06-28 01:30:00-04:00,2026-06-28 01:45:00-04:00,0.0736588,0.073546,yes
KXDOGE15M-26JUN280130,Target Price: $0.0737247,2026-06-28 01:15:00-04:00,2026-06-28 01:30:00-04:00,0.0735462,0.073724,no
KXDOGE15M-26JUN280115,Target Price: $0.0739289,2026-06-28 01:00:00-04:00,2026-06-28 01:15:00-04:00,0.0737247,0.073928,no
KXDOGE15M-26JUN280100,Target Price: $0.0740312,2026-06-28 00:45:00-04:00,2026-06-28 01:00:00-04:00,0.0739289,0.074031,no
KXDOGE15M-26JUN280045,Target Price: $0.0741056,2026-06-28 00:30:00-04:00,2026-06-28 00:45:00-04:00,0.0740312,0.074105,no
KXDOGE15M-26JUN280030,Target Price: $0.0740652,2026-06-28 00:15:00-04:00,2026-06-28 00:30:00-04:00,0.0741056,0.074065,yes
KXDOGE15M-26JUN280015,Target Price: $0.0741943,2026-06-28 00:00:00-04:00,2026-06-28 00:15:00-04:00,0.0740652,0.074194,no
KXDOGE15M-26JUN280000,Target Price: $0.0740552,2026-06-27 23:45:00-04:00,2026-06-28 00:00:00-04:00,0.0741943,0.074055,yes
KXDOGE15M-26JUN272345,Target Price: $0.0742640,2026-06-27 23:30:00-04:00,2026-06-27 23:45:00-04:00,0.0740552,0.074264,no
KXDOGE15M-26JUN272330,Target Price: $0.0743610,2026-06-27 23:15:00-04:00,2026-06-27 23:30:00-04:00,0.0742640,0.074361,no
KXDOGE15M-26JUN272315,Target Price: $0.0741315,2026-06-27 23:00:00-04:00,2026-06-27 23:15:00-04:00,0.0743610,0.074131,yes
KXDOGE15M-26JUN272300,Target Price: $0.0740524,2026-06-27 22:45:00-04:00,2026-06-27 23:00:00-04:00,0.0741315,0.074052,yes
KXDOGE15M-26JUN272245,Target Price: $0.0741706,2026-06-27 22:30:00-04:00,2026-06-27 22:45:00-04:00,0.0740524,0.07417,no
KXDOGE15M-26JUN272230,Target Price: $0.0744855,2026-06-27 22:15:00-04:00,2026-06-27 22:30:00-04:00,0.0741706,0.074485,no
KXDOGE15M-26JUN272215,Target Price: $0.0744080,2026-06-27 22:00:00-04:00,2026-06-27 22:15:00-04:00,0.0744855,0.074408,yes
KXDOGE15M-26JUN272200,Target Price: $0.0745420,2026-06-27 21:45:00-04:00,2026-06-27 22:00:00-04:00,0.0744080,0.074542,no
KXDOGE15M-26JUN272145,Target Price: $0.0744472,2026-06-27 21:30:00-04:00,2026-06-27 21:45:00-04:00,0.0745420,0.074447,yes
KXDOGE15M-26JUN272130,Target Price: $0.0743313,2026-06-27 21:15:00-04:00,2026-06-27 21:30:00-04:00,0.0744472,0.074331,yes
KXDOGE15M-26JUN272115,Target Price: $0.0745352,2026-06-27 21:00:00-04:00,2026-06-27 21:15:00-04:00,0.0743313,0.074535,no
KXDOGE15M-26JUN272100,Target Price: $0.0745312,2026-06-27 20:45:00-04:00,2026-06-27 21:00:00-04:00,0.0745352,0.074531,yes
KXDOGE15M-26JUN272045,Target Price: $0.0745909,2026-06-27 20:30:00-04:00,2026-06-27 20:45:00-04:00,0.0745312,0.07459,no
KXDOGE15M-26JUN272030,Target Price: $0.0745011,2026-06-27 20:15:00-04:00,2026-06-27 20:30:00-04:00,0.0745909,0.074501,yes
KXDOGE15M-26JUN272015,Target Price: $0.0744129,2026-06-27 20:00:00-04:00,2026-06-27 20:15:00-04:00,0.0745011,0.074412,yes
KXDOGE15M-26JUN272000,Target Price: $0.0745019,2026-06-27 19:45:00-04:00,2026-06-27 20:00:00-04:00,0.0744129,0.074501,no
KXDOGE15M-26JUN271945,Target Price: $0.0743790,2026-06-27 19:30:00-04:00,2026-06-27 19:45:00-04:00,0.0745019,0.074379,yes
KXDOGE15M-26JUN271930,Target Price: $0.0745500,2026-06-27 19:15:00-04:00,2026-06-27 19:30:00-04:00,0.0743790,0.07455,no
KXDOGE15M-26JUN271915,Target Price: $0.0747403,2026-06-27 19:00:00-04:00,2026-06-27 19:15:00-04:00,0.0745500,0.07474,no
KXDOGE15M-26JUN271900,Target Price: $0.0745774,2026-06-27 18:45:00-04:00,2026-06-27 19:00:00-04:00,0.0747403,0.074577,yes
KXDOGE15M-26JUN271845,Target Price: $0.0744684,2026-06-27 18:30:00-04:00,2026-06-27 18:45:00-04:00,0.0745774,0.074468,yes
KXDOGE15M-26JUN271830,Target Price: $0.0744224,2026-06-27 18:15:00-04:00,2026-06-27 18:30:00-04:00,0.0744684,0.074422,yes
KXDOGE15M-26JUN271815,Target Price: $0.0744859,2026-06-27 18:00:00-04:00,2026-06-27 18:15:00-04:00,0.0744224,0.074485,no
KXDOGE15M-26JUN271800,Target Price: $0.0744796,2026-06-27 17:45:00-04:00,2026-06-27 18:00:00-04:00,0.0744859,0.074479,yes
KXDOGE15M-26JUN271745,Target Price: $0.0748323,2026-06-27 17:30:00-04:00,2026-06-27 17:45:00-04:00,0.0744796,0.074832,no
KXDOGE15M-26JUN271730,Target Price: $0.0748237,2026-06-27 17:15:00-04:00,2026-06-27 17:30:00-04:00,0.0748323,0.074823,yes
KXDOGE15M-26JUN271715,Target Price: $0.0746201,2026-06-27 17:00:00-04:00,2026-06-27 17:15:00-04:00,0.0748237,0.07462,yes
KXDOGE15M-26JUN271700,Target Price: $0.0746529,2026-06-27 16:45:00-04:00,2026-06-27 17:00:00-04:00,0.0746201,0.074652,no
KXDOGE15M-26JUN271645,Target Price: $0.0747779,2026-06-27 16:30:00-04:00,2026-06-27 16:45:00-04:00,0.0746529,0.074777,no
KXDOGE15M-26JUN271630,Target Price: $0.0747924,2026-06-27 16:15:00-04:00,2026-06-27 16:30:00-04:00,0.0747779,0.074792,no
KXDOGE15M-26JUN271615,Target Price: $0.0746440,2026-06-27 16:00:00-04:00,2026-06-27 16:15:00-04:00,0.0747924,0.074644,yes
KXDOGE15M-26JUN271600,Target Price: $0.0745985,2026-06-27 15:45:00-04:00,2026-06-27 16:00:00-04:00,0.0746440,0.074598,yes
KXDOGE15M-26JUN271545,Target Price: $0.0748165,2026-06-27 15:30:00-04:00,2026-06-27 15:45:00-04:00,0.0745985,0.074816,no
KXDOGE15M-26JUN271530,Target Price: $0.0752371,2026-06-27 15:15:00-04:00,2026-06-27 15:30:00-04:00,0.0748165,0.075237,no
KXDOGE15M-26JUN271515,Target Price: $0.0752269,2026-06-27 15:00:00-04:00,2026-06-27 15:15:00-04:00,0.0752371,0.075226,yes
KXDOGE15M-26JUN271500,Target Price: $0.0752484,2026-06-27 14:45:00-04:00,2026-06-27 15:00:00-04:00,0.0752269,0.075248,no
KXDOGE15M-26JUN271445,Target Price: $0.0752391,2026-06-27 14:30:00-04:00,2026-06-27 14:45:00-04:00,0.0752484,0.075239,yes
KXDOGE15M-26JUN271430,Target Price: $0.0753121,2026-06-27 14:15:00-04:00,2026-06-27 14:30:00-04:00,0.0752391,0.075312,no
KXDOGE15M-26JUN271415,Target Price: $0.0755968,2026-06-27 14:00:00-04:00,2026-06-27 14:15:00-04:00,0.0753121,0.075596,no
KXDOGE15M-26JUN271400,Target Price: $0.0757245,2026-06-27 13:45:00-04:00,2026-06-27 14:00:00-04:00,0.0755968,0.075724,no
KXDOGE15M-26JUN271345,Target Price: $0.0756814,2026-06-27 13:30:00-04:00,2026-06-27 13:45:00-04:00,0.0757245,0.075681,yes
KXDOGE15M-26JUN271330,Target Price: $0.0757330,2026-06-27 13:15:00-04:00,2026-06-27 13:30:00-04:00,0.0756814,0.075733,no
KXDOGE15M-26JUN271315,Target Price: $0.0761477,2026-06-27 13:00:00-04:00,2026-06-27 13:15:00-04:00,0.0757330,0.076147,no
KXDOGE15M-26JUN271300,Target Price: $0.0761550,2026-06-27 12:45:00-04:00,2026-06-27 13:00:00-04:00,0.0761477,0.076155,no
KXDOGE15M-26JUN271245,Target Price: $0.0759433,2026-06-27 12:30:00-04:00,2026-06-27 12:45:00-04:00,0.0761550,0.075943,yes
KXDOGE15M-26JUN271230,Target Price: $0.0760561,2026-06-27 12:15:00-04:00,2026-06-27 12:30:00-04:00,0.0759433,0.076056,no
KXDOGE15M-26JUN271215,Target Price: $0.0761229,2026-06-27 12:00:00-04:00,2026-06-27 12:15:00-04:00,0.0760561,0.076122,no
KXDOGE15M-26JUN271200,Target Price: $0.0761671,2026-06-27 11:45:00-04:00,2026-06-27 12:00:00-04:00,0.0761229,0.076167,no
KXDOGE15M-26JUN271145,Target Price: $0.0761386,2026-06-27 11:30:00-04:00,2026-06-27 11:45:00-04:00,0.0761671,0.076138,yes
KXDOGE15M-26JUN271130,Target Price: $0.0762188,2026-06-27 11:15:00-04:00,2026-06-27 11:30:00-04:00,0.0761386,0.076218,no
KXDOGE15M-26JUN271115,Target Price: $0.0758302,2026-06-27 11:00:00-04:00,2026-06-27 11:15:00-04:00,0.0762188,0.07583,yes
KXDOGE15M-26JUN271100,Target Price: $0.0758263,2026-06-27 10:45:00-04:00,2026-06-27 11:00:00-04:00,0.0758302,0.075826,yes
KXDOGE15M-26JUN271045,Target Price: $0.0758021,2026-06-27 10:30:00-04:00,2026-06-27 10:45:00-04:00,0.0758263,0.075802,yes
KXDOGE15M-26JUN271030,Target Price: $0.0758783,2026-06-27 10:15:00-04:00,2026-06-27 10:30:00-04:00,0.0758021,0.075878,no
KXDOGE15M-26JUN271015,Target Price: $0.0757076,2026-06-27 10:00:00-04:00,2026-06-27 10:15:00-04:00,0.0758783,0.075707,yes
KXDOGE15M-26JUN271000,Target Price: $0.0757834,2026-06-27 09:45:00-04:00,2026-06-27 10:00:00-04:00,0.0757076,0.075783,no
KXDOGE15M-26JUN270945,Target Price: $0.0756359,2026-06-27 09:30:00-04:00,2026-06-27 09:45:00-04:00,0.0757834,0.075635,yes
KXDOGE15M-26JUN270930,Target price: TBD,2026-06-27 09:15:00-04:00,2026-06-27 09:30:00-04:00,0.0756359,,yes
KXDOGE15M-26JUN270915,Target Price: $0.0754722,2026-06-27 09:00:00-04:00,2026-06-27 09:15:00-04:00,0.0754677,0.075472,no
KXDOGE15M-26JUN270900,Target Price: $0.0754519,2026-06-27 08:45:00-04:00,2026-06-27 09:00:00-04:00,0.0754722,0.075451,yes
KXDOGE15M-26JUN270845,Target Price: $0.0752830,2026-06-27 08:30:00-04:00,2026-06-27 08:45:00-04:00,0.0754519,0.075283,yes
KXDOGE15M-26JUN270830,Target Price: $0.0752249,2026-06-27 08:15:00-04:00,2026-06-27 08:30:00-04:00,0.0752830,0.075224,yes
KXDOGE15M-26JUN270815,Target Price: $0.0752264,2026-06-27 08:00:00-04:00,2026-06-27 08:15:00-04:00,0.0752249,0.075226,no
KXDOGE15M-26JUN270800,Target Price: $0.0750524,2026-06-27 07:45:00-04:00,2026-06-27 08:00:00-04:00,0.0752264,0.075052,yes
KXDOGE15M-26JUN270745,Target Price: $0.0749565,2026-06-27 07:30:00-04:00,2026-06-27 07:45:00-04:00,0.0750524,0.074956,yes
KXDOGE15M-26JUN270730,Target Price: $0.0751587,2026-06-27 07:15:00-04:00,2026-06-27 07:30:00-04:00,0.0749565,0.075158,no
KXDOGE15M-26JUN270715,Target Price: $0.0752565,2026-06-27 07:00:00-04:00,2026-06-27 07:15:00-04:00,0.0751587,0.075256,no
KXDOGE15M-26JUN270700,Target Price: $0.0752447,2026-06-27 06:45:00-04:00,2026-06-27 07:00:00-04:00,0.0752565,0.075244,yes
KXDOGE15M-26JUN270645,Target Price: $0.0752689,2026-06-27 06:30:00-04:00,2026-06-27 06:45:00-04:00,0.0752447,0.075268,no
KXDOGE15M-26JUN270630,Target Price: $0.0753272,2026-06-27 06:15:00-04:00,2026-06-27 06:30:00-04:00,0.0752689,0.075327,no
KXDOGE15M-26JUN270615,Target Price: $0.0752949,2026-06-27 06:00:00-04:00,2026-06-27 06:15:00-04:00,0.0753272,0.075294,yes
KXDOGE15M-26JUN270600,Target Price: $0.0752177,2026-06-27 05:45:00-04:00,2026-06-27 06:00:00-04:00,0.0752949,0.075217,yes
KXDOGE15M-26JUN270545,Target Price: $0.0752751,2026-06-27 05:30:00-04:00,2026-06-27 05:45:00-04:00,0.0752177,0.075275,no
KXDOGE15M-26JUN270530,Target Price: $0.0752557,2026-06-27 05:15:00-04:00,2026-06-27 05:30:00-04:00,0.0752751,0.075255,yes
KXDOGE15M-26JUN270515,Target Price: $0.0754672,2026-06-27 05:00:00-04:00,2026-06-27 05:15:00-04:00,0.0752557,0.075467,no
KXDOGE15M-26JUN270500,Target Price: $0.0753946,2026-06-27 04:45:00-04:00,2026-06-27 05:00:00-04:00,0.0754672,0.075394,yes
KXDOGE15M-26JUN270445,Target Price: $0.0755278,2026-06-27 04:30:00-04:00,2026-06-27 04:45:00-04:00,0.0753946,0.075527,no
KXDOGE15M-26JUN270430,Target Price: $0.0755861,2026-06-27 04:15:00-04:00,2026-06-27 04:30:00-04:00,0.0755278,0.075586,no
KXDOGE15M-26JUN270415,Target Price: $0.0757054,2026-06-27 04:00:00-04:00,2026-06-27 04:15:00-04:00,0.0755861,0.075705,no
KXDOGE15M-26JUN270400,Target Price: $0.0756786,2026-06-27 03:45:00-04:00,2026-06-27 04:00:00-04:00,0.0757054,0.075678,yes
KXDOGE15M-26JUN270345,Target Price: $0.0756487,2026-06-27 03:30:00-04:00,2026-06-27 03:45:00-04:00,0.0756786,0.075648,yes
KXDOGE15M-26JUN270330,Target Price: $0.0754919,2026-06-27 03:15:00-04:00,2026-06-27 03:30:00-04:00,0.0756487,0.075491,yes
KXDOGE15M-26JUN270315,Target Price: $0.0755993,2026-06-27 03:00:00-04:00,2026-06-27 03:15:00-04:00,0.0754919,0.075599,no
KXDOGE15M-26JUN270300,Target Price: $0.0756763,2026-06-27 02:45:00-04:00,2026-06-27 03:00:00-04:00,0.0755993,0.075676,no
KXDOGE15M-26JUN270245,Target Price: $0.0755674,2026-06-27 02:30:00-04:00,2026-06-27 02:45:00-04:00,0.0756763,0.075567,yes
KXDOGE15M-26JUN270230,Target Price: $0.0753925,2026-06-27 02:15:00-04:00,2026-06-27 02:30:00-04:00,0.0755674,0.075392,yes
KXDOGE15M-26JUN270215,Target Price: $0.0756681,2026-06-27 02:00:00-04:00,2026-06-27 02:15:00-04:00,0.0753925,0.075668,no
KXDOGE15M-26JUN270200,Target Price: $0.0754529,2026-06-27 01:45:00-04:00,2026-06-27 02:00:00-04:00,0.0756681,0.075452,yes
KXDOGE15M-26JUN270145,Target Price: $0.0753158,2026-06-27 01:30:00-04:00,2026-06-27 01:45:00-04:00,0.0754529,0.075315,yes
KXDOGE15M-26JUN270130,Target Price: $0.0755157,2026-06-27 01:15:00-04:00,2026-06-27 01:30:00-04:00,0.0753158,0.075515,no
KXDOGE15M-26JUN270115,Target Price: $0.0754991,2026-06-27 01:00:00-04:00,2026-06-27 01:15:00-04:00,0.0755157,0.075499,yes
KXDOGE15M-26JUN270100,Target Price: $0.0756706,2026-06-27 00:45:00-04:00,2026-06-27 01:00:00-04:00,0.0754991,0.07567,no
KXDOGE15M-26JUN270045,Target Price: $0.0757228,2026-06-27 00:30:00-04:00,2026-06-27 00:45:00-04:00,0.0756706,0.075722,no
KXDOGE15M-26JUN270030,Target Price: $0.0757829,2026-06-27 00:15:00-04:00,2026-06-27 00:30:00-04:00,0.0757228,0.075782,no
KXDOGE15M-26JUN270015,Target Price: $0.0755694,2026-06-27 00:00:00-04:00,2026-06-27 00:15:00-04:00,0.0757829,0.075569,yes
KXDOGE15M-26JUN270000,Target Price: $0.0756452,2026-06-26 23:45:00-04:00,2026-06-27 00:00:00-04:00,0.0755694,0.075645,no
KXDOGE15M-26JUN262345,Target Price: $0.0756895,2026-06-26 23:30:00-04:00,2026-06-26 23:45:00-04:00,0.0756452,0.075689,no
KXDOGE15M-26JUN262330,Target Price: $0.0755103,2026-06-26 23:15:00-04:00,2026-06-26 23:30:00-04:00,0.0756895,0.07551,yes
KXDOGE15M-26JUN262315,Target Price: $0.0758221,2026-06-26 23:00:00-04:00,2026-06-26 23:15:00-04:00,0.0755103,0.075822,no
KXDOGE15M-26JUN262300,Target Price: $0.0758774,2026-06-26 22:45:00-04:00,2026-06-26 23:00:00-04:00,0.0758221,0.075877,no
KXDOGE15M-26JUN262245,Target Price: $0.0758163,2026-06-26 22:30:00-04:00,2026-06-26 22:45:00-04:00,0.0758774,0.075816,yes
KXDOGE15M-26JUN262230,Target Price: $0.0755275,2026-06-26 22:15:00-04:00,2026-06-26 22:30:00-04:00,0.0758163,0.075527,yes
KXDOGE15M-26JUN262215,Target Price: $0.0753260,2026-06-26 22:00:00-04:00,2026-06-26 22:15:00-04:00,0.0755275,0.075326,yes
KXDOGE15M-26JUN262200,Target Price: $0.0753477,2026-06-26 21:45:00-04:00,2026-06-26 22:00:00-04:00,0.0753260,0.075347,no
KXDOGE15M-26JUN262145,Target Price: $0.0753081,2026-06-26 21:30:00-04:00,2026-06-26 21:45:00-04:00,0.0753477,0.075308,yes
KXDOGE15M-26JUN262130,Target Price: $0.0752320,2026-06-26 21:15:00-04:00,2026-06-26 21:30:00-04:00,0.0753081,0.075232,yes
KXDOGE15M-26JUN262115,Target Price: $0.0753404,2026-06-26 21:00:00-04:00,2026-06-26 21:15:00-04:00,0.0752320,0.07534,no
KXDOGE15M-26JUN262100,Target Price: $0.0751471,2026-06-26 20:45:00-04:00,2026-06-26 21:00:00-04:00,0.0753404,0.075147,yes
KXDOGE15M-26JUN262045,Target Price: $0.0756024,2026-06-26 20:30:00-04:00,2026-06-26 20:45:00-04:00,0.0751471,0.075602,no
KXDOGE15M-26JUN262030,Target Price: $0.0757561,2026-06-26 20:15:00-04:00,2026-06-26 20:30:00-04:00,0.0756024,0.075756,no
KXDOGE15M-26JUN262015,Target Price: $0.0756794,2026-06-26 20:00:00-04:00,2026-06-26 20:15:00-04:00,0.0757561,0.075679,yes
KXDOGE15M-26JUN262000,Target Price: $0.0757812,2026-06-26 19:45:00-04:00,2026-06-26 20:00:00-04:00,0.0756794,0.075781,no
KXDOGE15M-26JUN261945,Target Price: $0.0755472,2026-06-26 19:30:00-04:00,2026-06-26 19:45:00-04:00,0.0757812,0.075547,yes
KXDOGE15M-26JUN261930,Target Price: $0.0756843,2026-06-26 19:15:00-04:00,2026-06-26 19:30:00-04:00,0.0755472,0.075684,no
KXDOGE15M-26JUN261915,Target Price: $0.0755880,2026-06-26 19:00:00-04:00,2026-06-26 19:15:00-04:00,0.0756843,0.075588,yes
KXDOGE15M-26JUN261900,Target Price: $0.0755126,2026-06-26 18:45:00-04:00,2026-06-26 19:00:00-04:00,0.0755880,0.075512,yes
KXDOGE15M-26JUN261845,Target Price: $0.0753768,2026-06-26 18:30:00-04:00,2026-06-26 18:45:00-04:00,0.0755126,0.075376,yes
KXDOGE15M-26JUN261830,Target Price: $0.0753120,2026-06-26 18:15:00-04:00,2026-06-26 18:30:00-04:00,0.0753768,0.075312,yes
KXDOGE15M-26JUN261815,Target Price: $0.0753963,2026-06-26 18:00:00-04:00,2026-06-26 18:15:00-04:00,0.0753120,0.075396,no
KXDOGE15M-26JUN261800,Target Price: $0.0757333,2026-06-26 17:45:00-04:00,2026-06-26 18:00:00-04:00,0.0753963,0.075733,no
KXDOGE15M-26JUN261745,Target Price: $0.0754517,2026-06-26 17:30:00-04:00,2026-06-26 17:45:00-04:00,0.0757333,0.075451,yes
KXDOGE15M-26JUN261730,Target Price: $0.0752998,2026-06-26 17:15:00-04:00,2026-06-26 17:30:00-04:00,0.0754517,0.075299,yes
KXDOGE15M-26JUN261715,Target Price: $0.0753690,2026-06-26 17:00:00-04:00,2026-06-26 17:15:00-04:00,0.0752998,0.075369,no
KXDOGE15M-26JUN261700,Target Price: $0.0752646,2026-06-26 16:45:00-04:00,2026-06-26 17:00:00-04:00,0.0753690,0.075264,yes
KXDOGE15M-26JUN261645,Target Price: $0.0757056,2026-06-26 16:30:00-04:00,2026-06-26 16:45:00-04:00,0.0752646,0.075705,no
KXDOGE15M-26JUN261630,Target Price: $0.0755884,2026-06-26 16:15:00-04:00,2026-06-26 16:30:00-04:00,0.0757056,0.075588,yes
KXDOGE15M-26JUN261615,Target Price: $0.0757764,2026-06-26 16:00:00-04:00,2026-06-26 16:15:00-04:00,0.0755884,0.075776,no
KXDOGE15M-26JUN261600,Target Price: $0.0758201,2026-06-26 15:45:00-04:00,2026-06-26 16:00:00-04:00,0.0757764,0.07582,no
KXDOGE15M-26JUN261545,Target Price: $0.0758193,2026-06-26 15:30:00-04:00,2026-06-26 15:45:00-04:00,0.0758201,0.075819,yes
KXDOGE15M-26JUN261530,Target Price: $0.0755792,2026-06-26 15:15:00-04:00,2026-06-26 15:30:00-04:00,0.0758193,0.075579,yes
KXDOGE15M-26JUN261515,Target Price: $0.0750492,2026-06-26 15:00:00-04:00,2026-06-26 15:15:00-04:00,0.0755792,0.075049,yes
KXDOGE15M-26JUN261500,Target Price: $0.0752494,2026-06-26 14:45:00-04:00,2026-06-26 15:00:00-04:00,0.0750492,0.075249,no
KXDOGE15M-26JUN261445,Target Price: $0.0751691,2026-06-26 14:30:00-04:00,2026-06-26 14:45:00-04:00,0.0752494,0.075169,yes
KXDOGE15M-26JUN261430,Target Price: $0.0755343,2026-06-26 14:15:00-04:00,2026-06-26 14:30:00-04:00,0.0751691,0.075534,no
KXDOGE15M-26JUN261415,Target Price: $0.0755063,2026-06-26 14:00:00-04:00,2026-06-26 14:15:00-04:00,0.0755343,0.075506,yes
KXDOGE15M-26JUN261400,Target Price: $0.0754782,2026-06-26 13:45:00-04:00,2026-06-26 14:00:00-04:00,0.0755063,0.075478,yes
KXDOGE15M-26JUN261345,Target Price: $0.0755234,2026-06-26 13:30:00-04:00,2026-06-26 13:45:00-04:00,0.0754782,0.075523,no
KXDOGE15M-26JUN261330,Target Price: $0.0755562,2026-06-26 13:15:00-04:00,2026-06-26 13:30:00-04:00,0.0755234,0.075556,no
KXDOGE15M-26JUN261315,Target Price: $0.0752066,2026-06-26 13:00:00-04:00,2026-06-26 13:15:00-04:00,0.0755562,0.075206,yes
KXDOGE15M-26JUN261300,Target Price: $0.0753129,2026-06-26 12:45:00-04:00,2026-06-26 13:00:00-04:00,0.0752066,0.075312,no
KXDOGE15M-26JUN261245,Target Price: $0.0748462,2026-06-26 12:30:00-04:00,2026-06-26 12:45:00-04:00,0.0753129,0.074846,yes
KXDOGE15M-26JUN261230,Target Price: $0.0749724,2026-06-26 12:15:00-04:00,2026-06-26 12:30:00-04:00,0.0748462,0.074972,no
KXDOGE15M-26JUN261215,Target Price: $0.0748752,2026-06-26 12:00:00-04:00,2026-06-26 12:15:00-04:00,0.0749724,0.074875,yes
KXDOGE15M-26JUN261200,Target Price: $0.0751404,2026-06-26 11:45:00-04:00,2026-06-26 12:00:00-04:00,0.0748752,0.07514,no
KXDOGE15M-26JUN261145,Target Price: $0.0745227,2026-06-26 11:30:00-04:00,2026-06-26 11:45:00-04:00,0.0751404,0.074522,yes
KXDOGE15M-26JUN261130,Target Price: $0.0740441,2026-06-26 11:15:00-04:00,2026-06-26 11:30:00-04:00,0.0745227,0.074044,yes
KXDOGE15M-26JUN261115,Target Price: $0.0739315,2026-06-26 11:00:00-04:00,2026-06-26 11:15:00-04:00,0.0740441,0.073931,yes
KXDOGE15M-26JUN261100,Target Price: $0.0738767,2026-06-26 10:45:00-04:00,2026-06-26 11:00:00-04:00,0.0739315,0.073876,yes
KXDOGE15M-26JUN261045,Target Price: $0.0745517,2026-06-26 10:30:00-04:00,2026-06-26 10:45:00-04:00,0.0738767,0.074551,no
KXDOGE15M-26JUN261030,Target Price: $0.0743224,2026-06-26 10:15:00-04:00,2026-06-26 10:30:00-04:00,0.0745517,0.074322,yes
KXDOGE15M-26JUN261015,Target Price: $0.0745582,2026-06-26 10:00:00-04:00,2026-06-26 10:15:00-04:00,0.0743224,0.074558,no
KXDOGE15M-26JUN261000,Target Price: $0.0737075,2026-06-26 09:45:00-04:00,2026-06-26 10:00:00-04:00,0.0745582,0.073707,yes
KXDOGE15M-26JUN260945,Target Price: $0.0731712,2026-06-26 09:30:00-04:00,2026-06-26 09:45:00-04:00,0.0737075,0.073171,yes
KXDOGE15M-26JUN260930,Target Price: $0.0734662,2026-06-26 09:15:00-04:00,2026-06-26 09:30:00-04:00,0.0731712,0.073466,no
KXDOGE15M-26JUN260915,Target Price: $0.0732974,2026-06-26 09:00:00-04:00,2026-06-26 09:15:00-04:00,0.0734662,0.073297,yes
KXDOGE15M-26JUN260900,Target Price: $0.0730267,2026-06-26 08:45:00-04:00,2026-06-26 09:00:00-04:00,0.0732974,0.073026,yes
KXDOGE15M-26JUN260845,Target Price: $0.0737603,2026-06-26 08:30:00-04:00,2026-06-26 08:45:00-04:00,0.0730267,0.07376,no
KXDOGE15M-26JUN260830,Target Price: $0.0733885,2026-06-26 08:15:00-04:00,2026-06-26 08:30:00-04:00,0.0737603,0.073388,yes
KXDOGE15M-26JUN260815,Target Price: $0.0733834,2026-06-26 08:00:00-04:00,2026-06-26 08:15:00-04:00,0.0733885,0.073383,yes
KXDOGE15M-26JUN260800,Target Price: $0.0734842,2026-06-26 07:45:00-04:00,2026-06-26 08:00:00-04:00,0.0733834,0.073484,no
KXDOGE15M-26JUN260745,Target Price: $0.0734418,2026-06-26 07:30:00-04:00,2026-06-26 07:45:00-04:00,0.0734842,0.073441,yes
KXDOGE15M-26JUN260730,Target Price: $0.0737600,2026-06-26 07:15:00-04:00,2026-06-26 07:30:00-04:00,0.0734418,0.07376,no
KXDOGE15M-26JUN260715,Target Price: $0.0735892,2026-06-26 07:00:00-04:00,2026-06-26 07:15:00-04:00,0.0737600,0.073589,yes
KXDOGE15M-26JUN260700,Target Price: $0.0737273,2026-06-26 06:45:00-04:00,2026-06-26 07:00:00-04:00,0.0735892,0.073727,no
KXDOGE15M-26JUN260645,Target Price: $0.0738866,2026-06-26 06:30:00-04:00,2026-06-26 06:45:00-04:00,0.0737273,0.073886,no
KXDOGE15M-26JUN260630,Target Price: $0.0739877,2026-06-26 06:15:00-04:00,2026-06-26 06:30:00-04:00,0.0738866,0.073987,no
KXDOGE15M-26JUN260615,Target Price: $0.0738910,2026-06-26 06:00:00-04:00,2026-06-26 06:15:00-04:00,0.0739877,0.073891,yes
KXDOGE15M-26JUN260600,Target Price: $0.0743262,2026-06-26 05:45:00-04:00,2026-06-26 06:00:00-04:00,0.0738910,0.074326,no
KXDOGE15M-26JUN260545,Target Price: $0.0742774,2026-06-26 05:30:00-04:00,2026-06-26 05:45:00-04:00,0.0743262,0.074277,yes
KXDOGE15M-26JUN260530,Target Price: $0.0743369,2026-06-26 05:15:00-04:00,2026-06-26 05:30:00-04:00,0.0742774,0.074336,no
KXDOGE15M-26JUN260515,Target Price: $0.0742935,2026-06-26 05:00:00-04:00,2026-06-26 05:15:00-04:00,0.0743369,0.074293,yes
KXDOGE15M-26JUN260500,Target Price: $0.0743489,2026-06-26 04:45:00-04:00,2026-06-26 05:00:00-04:00,0.0742935,0.074348,no
KXDOGE15M-26JUN260445,Target Price: $0.0744607,2026-06-26 04:30:00-04:00,2026-06-26 04:45:00-04:00,0.0743489,0.07446,no
KXDOGE15M-26JUN260430,Target Price: $0.0745819,2026-06-26 04:15:00-04:00,2026-06-26 04:30:00-04:00,0.0744607,0.074581,no
KXDOGE15M-26JUN260415,Target Price: $0.0750145,2026-06-26 04:00:00-04:00,2026-06-26 04:15:00-04:00,0.0745819,0.075014,no
KXDOGE15M-26JUN260400,Target Price: $0.0749917,2026-06-26 03:45:00-04:00,2026-06-26 04:00:00-04:00,0.0750145,0.074991,yes
KXDOGE15M-26JUN260345,Target Price: $0.0749678,2026-06-26 03:30:00-04:00,2026-06-26 03:45:00-04:00,0.0749917,0.074967,yes
KXDOGE15M-26JUN260330,Target Price: $0.0749684,2026-06-26 03:15:00-04:00,2026-06-26 03:30:00-04:00,0.0749678,0.074968,no
KXDOGE15M-26JUN260315,Target Price: $0.0746226,2026-06-26 03:00:00-04:00,2026-06-26 03:15:00-04:00,0.0749684,0.074622,yes
KXDOGE15M-26JUN260300,Target Price: $0.0750886,2026-06-26 02:45:00-04:00,2026-06-26 03:00:00-04:00,0.0746226,0.075088,no
KXDOGE15M-26JUN260245,Target Price: $0.0745041,2026-06-26 02:30:00-04:00,2026-06-26 02:45:00-04:00,0.0750886,0.074504,yes
KXDOGE15M-26JUN260230,Target Price: $0.0739225,2026-06-26 02:15:00-04:00,2026-06-26 02:30:00-04:00,0.0745041,0.073922,yes
KXDOGE15M-26JUN260215,Target Price: $0.0743410,2026-06-26 02:00:00-04:00,2026-06-26 02:15:00-04:00,0.0739225,0.074341,no
KXDOGE15M-26JUN260200,Target Price: $0.0742579,2026-06-26 01:45:00-04:00,2026-06-26 02:00:00-04:00,0.0743410,0.074257,yes
KXDOGE15M-26JUN260145,Target Price: $0.0742149,2026-06-26 01:30:00-04:00,2026-06-26 01:45:00-04:00,0.0742579,0.074214,yes
KXDOGE15M-26JUN260130,Target Price: $0.0742138,2026-06-26 01:15:00-04:00,2026-06-26 01:30:00-04:00,0.0742149,0.074213,yes
KXDOGE15M-26JUN260115,Target Price: $0.0741687,2026-06-26 01:00:00-04:00,2026-06-26 01:15:00-04:00,0.0742138,0.074168,yes
KXDOGE15M-26JUN260100,Target Price: $0.0741578,2026-06-26 00:45:00-04:00,2026-06-26 01:00:00-04:00,0.0741687,0.074157,yes
KXDOGE15M-26JUN260045,Target Price: $0.0742794,2026-06-26 00:30:00-04:00,2026-06-26 00:45:00-04:00,0.0741578,0.074279,no
KXDOGE15M-26JUN260030,Target Price: $0.0744109,2026-06-26 00:15:00-04:00,2026-06-26 00:30:00-04:00,0.0742794,0.07441,no
KXDOGE15M-26JUN260015,Target Price: $0.0745231,2026-06-26 00:00:00-04:00,2026-06-26 00:15:00-04:00,0.0744109,0.074523,no
KXDOGE15M-26JUN260000,Target Price: $0.0737134,2026-06-25 23:45:00-04:00,2026-06-26 00:00:00-04:00,0.0745231,0.073713,yes
KXDOGE15M-26JUN252345,Target Price: $0.0734016,2026-06-25 23:30:00-04:00,2026-06-25 23:45:00-04:00,0.0737134,0.073401,yes
KXDOGE15M-26JUN252330,Target Price: $0.0734222,2026-06-25 23:15:00-04:00,2026-06-25 23:30:00-04:00,0.0734016,0.073422,no
KXDOGE15M-26JUN252315,Target Price: $0.0726292,2026-06-25 23:00:00-04:00,2026-06-25 23:15:00-04:00,0.0734222,0.072629,yes
KXDOGE15M-26JUN252300,Target Price: $0.0730404,2026-06-25 22:45:00-04:00,2026-06-25 23:00:00-04:00,0.0726292,0.07304,no
KXDOGE15M-26JUN252245,Target Price: $0.0731370,2026-06-25 22:30:00-04:00,2026-06-25 22:45:00-04:00,0.0730404,0.073137,no
KXDOGE15M-26JUN252230,Target Price: $0.0725612,2026-06-25 22:15:00-04:00,2026-06-25 22:30:00-04:00,0.0731370,0.072561,yes
KXDOGE15M-26JUN252215,Target Price: $0.0738793,2026-06-25 22:00:00-04:00,2026-06-25 22:15:00-04:00,0.0725612,0.073879,no
KXDOGE15M-26JUN252200,Target Price: $0.0738370,2026-06-25 21:45:00-04:00,2026-06-25 22:00:00-04:00,0.0738793,0.073837,yes
KXDOGE15M-26JUN252145,Target Price: $0.0738546,2026-06-25 21:30:00-04:00,2026-06-25 21:45:00-04:00,0.0738370,0.073854,no
KXDOGE15M-26JUN252130,Target Price: $0.0742670,2026-06-25 21:15:00-04:00,2026-06-25 21:30:00-04:00,0.0738546,0.074267,no
KXDOGE15M-26JUN252115,Target Price: $0.0746041,2026-06-25 21:00:00-04:00,2026-06-25 21:15:00-04:00,0.0742670,0.074604,no
KXDOGE15M-26JUN252100,Target Price: $0.0748350,2026-06-25 20:45:00-04:00,2026-06-25 21:00:00-04:00,0.0746041,0.074835,no
KXDOGE15M-26JUN252045,Target Price: $0.0748673,2026-06-25 20:30:00-04:00,2026-06-25 20:45:00-04:00,0.0748350,0.074867,no
KXDOGE15M-26JUN252030,Target Price: $0.0749330,2026-06-25 20:15:00-04:00,2026-06-25 20:30:00-04:00,0.0748673,0.074933,no
KXDOGE15M-26JUN252015,Target Price: $0.0748155,2026-06-25 20:00:00-04:00,2026-06-25 20:15:00-04:00,0.0749330,0.074815,yes
KXDOGE15M-26JUN252000,Target Price: $0.0748526,2026-06-25 19:45:00-04:00,2026-06-25 20:00:00-04:00,0.0748155,0.074852,no
KXDOGE15M-26JUN251945,Target Price: $0.0750222,2026-06-25 19:30:00-04:00,2026-06-25 19:45:00-04:00,0.0748526,0.075022,no
KXDOGE15M-26JUN251930,Target Price: $0.0746009,2026-06-25 19:15:00-04:00,2026-06-25 19:30:00-04:00,0.0750222,0.0746,yes
KXDOGE15M-26JUN251915,Target Price: $0.0746088,2026-06-25 19:00:00-04:00,2026-06-25 19:15:00-04:00,0.0746009,0.074608,no
KXDOGE15M-26JUN251900,Target Price: $0.0744854,2026-06-25 18:45:00-04:00,2026-06-25 19:00:00-04:00,0.0746088,0.074485,yes
KXDOGE15M-26JUN251845,Target Price: $0.0746327,2026-06-25 18:30:00-04:00,2026-06-25 18:45:00-04:00,0.0744854,0.074632,no
KXDOGE15M-26JUN251830,Target Price: $0.0746793,2026-06-25 18:15:00-04:00,2026-06-25 18:30:00-04:00,0.0746327,0.074679,no
KXDOGE15M-26JUN251815,Target Price: $0.0747690,2026-06-25 18:00:00-04:00,2026-06-25 18:15:00-04:00,0.0746793,0.074769,no
KXDOGE15M-26JUN251800,Target Price: $0.0744977,2026-06-25 17:45:00-04:00,2026-06-25 18:00:00-04:00,0.0747690,0.074497,yes
KXDOGE15M-26JUN251745,Target Price: $0.0741934,2026-06-25 17:30:00-04:00,2026-06-25 17:45:00-04:00,0.0744977,0.074193,yes
KXDOGE15M-26JUN251730,Target Price: $0.0738251,2026-06-25 17:15:00-04:00,2026-06-25 17:30:00-04:00,0.0741934,0.073825,yes
KXDOGE15M-26JUN251715,Target Price: $0.0734344,2026-06-25 17:00:00-04:00,2026-06-25 17:15:00-04:00,0.0738251,0.073434,yes
KXDOGE15M-26JUN251700,Target Price: $0.0735594,2026-06-25 16:45:00-04:00,2026-06-25 17:00:00-04:00,0.0734344,0.073559,no
KXDOGE15M-26JUN251645,Target Price: $0.0738625,2026-06-25 16:30:00-04:00,2026-06-25 16:45:00-04:00,0.0735594,0.073862,no
KXDOGE15M-26JUN251630,Target Price: $0.0736346,2026-06-25 16:15:00-04:00,2026-06-25 16:30:00-04:00,0.0738625,0.073634,yes
KXDOGE15M-26JUN251615,Target Price: $0.0732235,2026-06-25 16:00:00-04:00,2026-06-25 16:15:00-04:00,0.0736346,0.073223,yes
KXDOGE15M-26JUN251600,Target Price: $0.0730945,2026-06-25 15:45:00-04:00,2026-06-25 16:00:00-04:00,0.0732235,0.073094,yes
KXDOGE15M-26JUN251545,Target Price: $0.0730028,2026-06-25 15:30:00-04:00,2026-06-25 15:45:00-04:00,0.0730945,0.073002,yes
KXDOGE15M-26JUN251530,Target Price: $0.0731821,2026-06-25 15:15:00-04:00,2026-06-25 15:30:00-04:00,0.0730028,0.073182,no
KXDOGE15M-26JUN251515,Target Price: $0.0734793,2026-06-25 15:00:00-04:00,2026-06-25 15:15:00-04:00,0.0731821,0.073479,no
KXDOGE15M-26JUN251500,Target Price: $0.0736118,2026-06-25 14:45:00-04:00,2026-06-25 15:00:00-04:00,0.0734793,0.073611,no
KXDOGE15M-26JUN251445,Target Price: $0.0740294,2026-06-25 14:30:00-04:00,2026-06-25 14:45:00-04:00,0.0736118,0.074029,no
KXDOGE15M-26JUN251430,Target Price: $0.0740858,2026-06-25 14:15:00-04:00,2026-06-25 14:30:00-04:00,0.0740294,0.074085,no
KXDOGE15M-26JUN251415,Target Price: $0.0748144,2026-06-25 14:00:00-04:00,2026-06-25 14:15:00-04:00,0.0740858,0.074814,no
KXDOGE15M-26JUN251400,Target Price: $0.0746284,2026-06-25 13:45:00-04:00,2026-06-25 14:00:00-04:00,0.0748144,0.074628,yes
KXDOGE15M-26JUN251345,Target Price: $0.0750438,2026-06-25 13:30:00-04:00,2026-06-25 13:45:00-04:00,0.0746284,0.075043,no
KXDOGE15M-26JUN251330,Target Price: $0.0742045,2026-06-25 13:15:00-04:00,2026-06-25 13:30:00-04:00,0.0750438,0.074204,yes
KXDOGE15M-26JUN251315,Target Price: $0.0733057,2026-06-25 13:00:00-04:00,2026-06-25 13:15:00-04:00,0.0742045,0.073305,yes
KXDOGE15M-26JUN251300,Target Price: $0.0732522,2026-06-25 12:45:00-04:00,2026-06-25 13:00:00-04:00,0.0733057,0.073252,yes
KXDOGE15M-26JUN251245,Target Price: $0.0737890,2026-06-25 12:30:00-04:00,2026-06-25 12:45:00-04:00,0.0732522,0.073789,no
KXDOGE15M-26JUN251230,Target Price: $0.0737337,2026-06-25 12:15:00-04:00,2026-06-25 12:30:00-04:00,0.0737890,0.073733,yes
KXDOGE15M-26JUN251215,Target Price: $0.0733729,2026-06-25 12:00:00-04:00,2026-06-25 12:15:00-04:00,0.0737337,0.073372,yes
KXDOGE15M-26JUN251200,Target Price: $0.0727421,2026-06-25 11:45:00-04:00,2026-06-25 12:00:00-04:00,0.0733729,0.072742,yes
KXDOGE15M-26JUN251145,Target Price: $0.0726959,2026-06-25 11:30:00-04:00,2026-06-25 11:45:00-04:00,0.0727421,0.072695,yes
KXDOGE15M-26JUN251130,Target Price: $0.0724525,2026-06-25 11:15:00-04:00,2026-06-25 11:30:00-04:00,0.0726959,0.072452,yes
KXDOGE15M-26JUN251115,Target Price: $0.0731267,2026-06-25 11:00:00-04:00,2026-06-25 11:15:00-04:00,0.0724525,0.073126,no
KXDOGE15M-26JUN251100,Target Price: $0.0731644,2026-06-25 10:45:00-04:00,2026-06-25 11:00:00-04:00,0.0731267,0.073164,no
KXDOGE15M-26JUN251045,Target Price: $0.0732050,2026-06-25 10:30:00-04:00,2026-06-25 10:45:00-04:00,0.0731644,0.073205,no
KXDOGE15M-26JUN251030,Target Price: $0.0736245,2026-06-25 10:15:00-04:00,2026-06-25 10:30:00-04:00,0.0732050,0.073624,no
KXDOGE15M-26JUN251015,Target Price: $0.0715436,2026-06-25 10:00:00-04:00,2026-06-25 10:15:00-04:00,0.0736245,0.071543,yes
KXDOGE15M-26JUN251000,Target Price: $0.0747765,2026-06-25 09:45:00-04:00,2026-06-25 10:00:00-04:00,0.0715436,0.074776,no
KXDOGE15M-26JUN250945,Target Price: $0.0760781,2026-06-25 09:30:00-04:00,2026-06-25 09:45:00-04:00,0.0747765,0.076078,no
KXDOGE15M-26JUN250930,Target Price: $0.0759951,2026-06-25 09:15:00-04:00,2026-06-25 09:30:00-04:00,0.0760781,0.075995,yes
KXDOGE15M-26JUN250915,Target Price: $0.0759288,2026-06-25 09:00:00-04:00,2026-06-25 09:15:00-04:00,0.0759951,0.075928,yes
KXDOGE15M-26JUN250900,Target Price: $0.0758878,2026-06-25 08:45:00-04:00,2026-06-25 09:00:00-04:00,0.0759288,0.075887,yes
KXDOGE15M-26JUN250845,Target Price: $0.0753621,2026-06-25 08:30:00-04:00,2026-06-25 08:45:00-04:00,0.0758878,0.075362,yes
KXDOGE15M-26JUN250830,Target Price: $0.0758272,2026-06-25 08:15:00-04:00,2026-06-25 08:30:00-04:00,0.0753621,0.075827,no
KXDOGE15M-26JUN250815,Target Price: $0.0758335,2026-06-25 08:00:00-04:00,2026-06-25 08:15:00-04:00,0.0758272,0.075833,no
KXDOGE15M-26JUN250800,Target Price: $0.0758473,2026-06-25 07:45:00-04:00,2026-06-25 08:00:00-04:00,0.0758335,0.075847,no
KXDOGE15M-26JUN250745,Target Price: $0.0757717,2026-06-25 07:30:00-04:00,2026-06-25 07:45:00-04:00,0.0758473,0.075771,yes
KXDOGE15M-26JUN250730,Target Price: $0.0759563,2026-06-25 07:15:00-04:00,2026-06-25 07:30:00-04:00,0.0757717,0.075956,no
KXDOGE15M-26JUN250715,Target Price: $0.0761105,2026-06-25 07:00:00-04:00,2026-06-25 07:15:00-04:00,0.0759563,0.07611,no
KXDOGE15M-26JUN250700,Target Price: $0.0762495,2026-06-25 06:45:00-04:00,2026-06-25 07:00:00-04:00,0.0761105,0.076249,no
KXDOGE15M-26JUN250645,Target Price: $0.0764789,2026-06-25 06:30:00-04:00,2026-06-25 06:45:00-04:00,0.0762495,0.076478,no
KXDOGE15M-26JUN250630,Target Price: $0.0768495,2026-06-25 06:15:00-04:00,2026-06-25 06:30:00-04:00,0.0764789,0.076849,no
KXDOGE15M-26JUN250615,Target Price: $0.0768856,2026-06-25 06:00:00-04:00,2026-06-25 06:15:00-04:00,0.0768495,0.076885,no
KXDOGE15M-26JUN250600,Target Price: $0.0768448,2026-06-25 05:45:00-04:00,2026-06-25 06:00:00-04:00,0.0768856,0.076844,yes
KXDOGE15M-26JUN250545,Target Price: $0.0768616,2026-06-25 05:30:00-04:00,2026-06-25 05:45:00-04:00,0.0768448,0.076861,no
KXDOGE15M-26JUN250530,Target Price: $0.0770526,2026-06-25 05:15:00-04:00,2026-06-25 05:30:00-04:00,0.0768616,0.077052,no
KXDOGE15M-26JUN250515,Target Price: $0.0769454,2026-06-25 05:00:00-04:00,2026-06-25 05:15:00-04:00,0.0770526,0.076945,yes
KXDOGE15M-26JUN250245,Target Price: $0.0770097,2026-06-25 02:30:00-04:00,2026-06-25 02:45:00-04:00,0.0771107,0.077009,yes
KXDOGE15M-26JUN250230,Target Price: $0.0772461,2026-06-25 02:15:00-04:00,2026-06-25 02:30:00-04:00,0.0770097,0.077246,no
KXDOGE15M-26JUN250215,Target Price: $0.0771856,2026-06-25 02:00:00-04:00,2026-06-25 02:15:00-04:00,0.0772461,0.077185,yes
KXDOGE15M-26JUN250200,Target Price: $0.0770975,2026-06-25 01:45:00-04:00,2026-06-25 02:00:00-04:00,0.0771856,0.077097,yes
KXDOGE15M-26JUN250145,Target Price: $0.0771274,2026-06-25 01:30:00-04:00,2026-06-25 01:45:00-04:00,0.0770975,0.077127,no
KXDOGE15M-26JUN250130,Target Price: $0.0770395,2026-06-25 01:15:00-04:00,2026-06-25 01:30:00-04:00,0.0771274,0.077039,yes
KXDOGE15M-26JUN250115,Target Price: $0.0766479,2026-06-25 01:00:00-04:00,2026-06-25 01:15:00-04:00,0.0770395,0.076647,yes
KXDOGE15M-26JUN250100,Target Price: $0.0758177,2026-06-25 00:45:00-04:00,2026-06-25 01:00:00-04:00,0.0766479,0.075817,yes
KXDOGE15M-26JUN250045,Target Price: $0.0758382,2026-06-25 00:30:00-04:00,2026-06-25 00:45:00-04:00,0.0758177,0.075838,no
KXDOGE15M-26JUN250030,Target Price: $0.0758836,2026-06-25 00:15:00-04:00,2026-06-25 00:30:00-04:00,0.0758382,0.075883,no
KXDOGE15M-26JUN250015,Target Price: $0.0759082,2026-06-25 00:00:00-04:00,2026-06-25 00:15:00-04:00,0.0758836,0.075908,no
KXDOGE15M-26JUN250000,Target Price: $0.0759059,2026-06-24 23:45:00-04:00,2026-06-25 00:00:00-04:00,0.0759082,0.075905,yes
KXDOGE15M-26JUN242345,Target Price: $0.0759923,2026-06-24 23:30:00-04:00,2026-06-24 23:45:00-04:00,0.0759059,0.075992,no
KXDOGE15M-26JUN242330,Target Price: $0.0759428,2026-06-24 23:15:00-04:00,2026-06-24 23:30:00-04:00,0.0759923,0.075942,yes
KXDOGE15M-26JUN242315,Target Price: $0.0760795,2026-06-24 23:00:00-04:00,2026-06-24 23:15:00-04:00,0.0759428,0.076079,no
KXDOGE15M-26JUN242300,Target Price: $0.0760244,2026-06-24 22:45:00-04:00,2026-06-24 23:00:00-04:00,0.0760795,0.076024,yes
KXDOGE15M-26JUN242245,Target Price: $0.0762890,2026-06-24 22:30:00-04:00,2026-06-24 22:45:00-04:00,0.0760244,0.076289,no
KXDOGE15M-26JUN242230,Target Price: $0.0760885,2026-06-24 22:15:00-04:00,2026-06-24 22:30:00-04:00,0.0762890,0.076088,yes
KXDOGE15M-26JUN242215,Target Price: $0.0761878,2026-06-24 22:00:00-04:00,2026-06-24 22:15:00-04:00,0.0760885,0.076187,no
KXDOGE15M-26JUN242200,Target Price: $0.0761444,2026-06-24 21:45:00-04:00,2026-06-24 22:00:00-04:00,0.0761878,0.076144,yes
KXDOGE15M-26JUN242145,Target Price: $0.0760940,2026-06-24 21:30:00-04:00,2026-06-24 21:45:00-04:00,0.0761444,0.076094,yes
KXDOGE15M-26JUN242130,Target Price: $0.0760560,2026-06-24 21:15:00-04:00,2026-06-24 21:30:00-04:00,0.0760940,0.076056,yes
KXDOGE15M-26JUN242115,Target Price: $0.0759673,2026-06-24 21:00:00-04:00,2026-06-24 21:15:00-04:00,0.0760560,0.075967,yes
KXDOGE15M-26JUN242100,Target Price: $0.0760376,2026-06-24 20:45:00-04:00,2026-06-24 21:00:00-04:00,0.0759673,0.076037,no
KXDOGE15M-26JUN242045,Target Price: $0.0761679,2026-06-24 20:30:00-04:00,2026-06-24 20:45:00-04:00,0.0760376,0.076167,no
KXDOGE15M-26JUN242030,Target Price: $0.0761975,2026-06-24 20:15:00-04:00,2026-06-24 20:30:00-04:00,0.0761679,0.076197,no
KXDOGE15M-26JUN242015,Target Price: $0.0760208,2026-06-24 20:00:00-04:00,2026-06-24 20:15:00-04:00,0.0761975,0.07602,yes
KXDOGE15M-26JUN242000,Target Price: $0.0759264,2026-06-24 19:45:00-04:00,2026-06-24 20:00:00-04:00,0.0760208,0.075926,yes
KXDOGE15M-26JUN241945,Target Price: $0.0759362,2026-06-24 19:30:00-04:00,2026-06-24 19:45:00-04:00,0.0759264,0.075936,no
KXDOGE15M-26JUN241930,Target Price: $0.0757670,2026-06-24 19:15:00-04:00,2026-06-24 19:30:00-04:00,0.0759362,0.075767,yes
KXDOGE15M-26JUN241915,Target Price: $0.0757652,2026-06-24 19:00:00-04:00,2026-06-24 19:15:00-04:00,0.0757670,0.075765,yes
KXDOGE15M-26JUN241900,Target Price: $0.0758437,2026-06-24 18:45:00-04:00,2026-06-24 19:00:00-04:00,0.0757652,0.075843,no
KXDOGE15M-26JUN241845,Target Price: $0.0758377,2026-06-24 18:30:00-04:00,2026-06-24 18:45:00-04:00,0.0758437,0.075837,yes
KXDOGE15M-26JUN241830,Target Price: $0.0759966,2026-06-24 18:15:00-04:00,2026-06-24 18:30:00-04:00,0.0758377,0.075996,no
KXDOGE15M-26JUN241815,Target Price: $0.0759554,2026-06-24 18:00:00-04:00,2026-06-24 18:15:00-04:00,0.0759966,0.075955,yes
KXDOGE15M-26JUN241800,Target Price: $0.0757036,2026-06-24 17:45:00-04:00,2026-06-24 18:00:00-04:00,0.0759554,0.075703,yes
KXDOGE15M-26JUN241745,Target Price: $0.0754155,2026-06-24 17:30:00-04:00,2026-06-24 17:45:00-04:00,0.0757036,0.075415,yes
KXDOGE15M-26JUN241730,Target Price: $0.0752141,2026-06-24 17:15:00-04:00,2026-06-24 17:30:00-04:00,0.0754155,0.075214,yes
KXDOGE15M-26JUN241715,Target Price: $0.0754754,2026-06-24 17:00:00-04:00,2026-06-24 17:15:00-04:00,0.0752141,0.075475,no
KXDOGE15M-26JUN241700,Target Price: $0.0753986,2026-06-24 16:45:00-04:00,2026-06-24 17:00:00-04:00,0.0754754,0.075398,yes
KXDOGE15M-26JUN241645,Target Price: $0.0753158,2026-06-24 16:30:00-04:00,2026-06-24 16:45:00-04:00,0.0753986,0.075315,yes
KXDOGE15M-26JUN241630,Target Price: $0.0750973,2026-06-24 16:15:00-04:00,2026-06-24 16:30:00-04:00,0.0753158,0.075097,yes
KXDOGE15M-26JUN241615,Target Price: $0.0740131,2026-06-24 16:00:00-04:00,2026-06-24 16:15:00-04:00,0.0750973,0.074013,yes
KXDOGE15M-26JUN241600,Target Price: $0.0738356,2026-06-24 15:45:00-04:00,2026-06-24 16:00:00-04:00,0.0740131,0.073835,yes
KXDOGE15M-26JUN241545,Target Price: $0.0738339,2026-06-24 15:30:00-04:00,2026-06-24 15:45:00-04:00,0.0738356,0.073833,yes
KXDOGE15M-26JUN241530,Target Price: $0.0736911,2026-06-24 15:15:00-04:00,2026-06-24 15:30:00-04:00,0.0738339,0.073691,yes
KXDOGE15M-26JUN241515,Target Price: $0.0737760,2026-06-24 15:00:00-04:00,2026-06-24 15:15:00-04:00,0.0736911,0.073776,no
KXDOGE15M-26JUN241500,Target Price: $0.0739767,2026-06-24 14:45:00-04:00,2026-06-24 15:00:00-04:00,0.0737760,0.073976,no
KXDOGE15M-26JUN241445,Target Price: $0.0741171,2026-06-24 14:30:00-04:00,2026-06-24 14:45:00-04:00,0.0739767,0.074117,no
KXDOGE15M-26JUN241430,Target Price: $0.0734487,2026-06-24 14:15:00-04:00,2026-06-24 14:30:00-04:00,0.0741171,0.073448,yes
KXDOGE15M-26JUN241415,Target Price: $0.0729721,2026-06-24 14:00:00-04:00,2026-06-24 14:15:00-04:00,0.0734487,0.072972,yes
KXDOGE15M-26JUN241400,Target Price: $0.0733284,2026-06-24 13:45:00-04:00,2026-06-24 14:00:00-04:00,0.0729721,0.073328,no
KXDOGE15M-26JUN241345,Target Price: $0.0733999,2026-06-24 13:30:00-04:00,2026-06-24 13:45:00-04:00,0.0733284,0.073399,no
KXDOGE15M-26JUN241330,Target Price: $0.0740212,2026-06-24 13:15:00-04:00,2026-06-24 13:30:00-04:00,0.0733999,0.074021,no
KXDOGE15M-26JUN241315,Target Price: $0.0741573,2026-06-24 13:00:00-04:00,2026-06-24 13:15:00-04:00,0.0740212,0.074157,no
KXDOGE15M-26JUN241300,Target Price: $0.0752450,2026-06-24 12:45:00-04:00,2026-06-24 13:00:00-04:00,0.0741573,0.075245,no
KXDOGE15M-26JUN241245,Target Price: $0.0754825,2026-06-24 12:30:00-04:00,2026-06-24 12:45:00-04:00,0.0752450,0.075482,no
KXDOGE15M-26JUN241230,Target Price: $0.0751417,2026-06-24 12:15:00-04:00,2026-06-24 12:30:00-04:00,0.0754825,0.075141,yes
KXDOGE15M-26JUN241215,Target Price: $0.0746933,2026-06-24 12:00:00-04:00,2026-06-24 12:15:00-04:00,0.0751417,0.074693,yes
KXDOGE15M-26JUN241200,Target Price: $0.0748612,2026-06-24 11:45:00-04:00,2026-06-24 12:00:00-04:00,0.0746933,0.074861,no
KXDOGE15M-26JUN241145,Target Price: $0.0765118,2026-06-24 11:30:00-04:00,2026-06-24 11:45:00-04:00,0.0748612,0.076511,no
KXDOGE15M-26JUN241130,Target Price: $0.0764500,2026-06-24 11:15:00-04:00,2026-06-24 11:30:00-04:00,0.0765118,0.07645,yes
KXDOGE15M-26JUN241115,Target Price: $0.0766474,2026-06-24 11:00:00-04:00,2026-06-24 11:15:00-04:00,0.0764500,0.076647,no
KXDOGE15M-26JUN241100,Target Price: $0.0767278,2026-06-24 10:45:00-04:00,2026-06-24 11:00:00-04:00,0.0766474,0.076727,no
KXDOGE15M-26JUN241045,Target Price: $0.0767516,2026-06-24 10:30:00-04:00,2026-06-24 10:45:00-04:00,0.0767278,0.076751,no
KXDOGE15M-26JUN241030,Target Price: $0.0767738,2026-06-24 10:15:00-04:00,2026-06-24 10:30:00-04:00,0.0767516,0.076773,no
KXDOGE15M-26JUN241015,Target Price: $0.0767633,2026-06-24 10:00:00-04:00,2026-06-24 10:15:00-04:00,0.0767738,0.076763,yes
KXDOGE15M-26JUN241000,Target Price: $0.0770927,2026-06-24 09:45:00-04:00,2026-06-24 10:00:00-04:00,0.0767633,0.077092,no
KXDOGE15M-26JUN240945,Target Price: $0.0775541,2026-06-24 09:30:00-04:00,2026-06-24 09:45:00-04:00,0.0770927,0.077554,no
KXDOGE15M-26JUN240930,Target Price: $0.0776734,2026-06-24 09:15:00-04:00,2026-06-24 09:30:00-04:00,0.0775541,0.077673,no
KXDOGE15M-26JUN240915,Target Price: $0.0785276,2026-06-24 09:00:00-04:00,2026-06-24 09:15:00-04:00,0.0776734,0.078527,no
KXDOGE15M-26JUN240900,Target Price: $0.0787927,2026-06-24 08:45:00-04:00,2026-06-24 09:00:00-04:00,0.0785276,0.078792,no
KXDOGE15M-26JUN240845,Target Price: $0.0789210,2026-06-24 08:30:00-04:00,2026-06-24 08:45:00-04:00,0.0787927,0.078921,no
KXDOGE15M-26JUN240830,Target Price: $0.0789036,2026-06-24 08:15:00-04:00,2026-06-24 08:30:00-04:00,0.0789210,0.078903,yes
KXDOGE15M-26JUN240815,Target Price: $0.0789424,2026-06-24 08:00:00-04:00,2026-06-24 08:15:00-04:00,0.0789036,0.078942,no
KXDOGE15M-26JUN240800,Target Price: $0.0786114,2026-06-24 07:45:00-04:00,2026-06-24 08:00:00-04:00,0.0789424,0.078611,yes
KXDOGE15M-26JUN240745,Target Price: $0.0782185,2026-06-24 07:30:00-04:00,2026-06-24 07:45:00-04:00,0.0786114,0.078218,yes
KXDOGE15M-26JUN240730,Target Price: $0.0781248,2026-06-24 07:15:00-04:00,2026-06-24 07:30:00-04:00,0.0782185,0.078124,yes
KXDOGE15M-26JUN240715,Target Price: $0.0785053,2026-06-24 07:00:00-04:00,2026-06-24 07:15:00-04:00,0.0781248,0.078505,no
KXDOGE15M-26JUN240700,Target Price: $0.0786987,2026-06-24 06:45:00-04:00,2026-06-24 07:00:00-04:00,0.0785053,0.078698,no
KXDOGE15M-26JUN240645,Target Price: $0.0785669,2026-06-24 06:30:00-04:00,2026-06-24 06:45:00-04:00,0.0786987,0.078566,yes
KXDOGE15M-26JUN240630,Target Price: $0.0787037,2026-06-24 06:15:00-04:00,2026-06-24 06:30:00-04:00,0.0785669,0.078703,no
KXDOGE15M-26JUN240615,Target Price: $0.0788877,2026-06-24 06:00:00-04:00,2026-06-24 06:15:00-04:00,0.0787037,0.078887,no
KXDOGE15M-26JUN240600,Target Price: $0.0786939,2026-06-24 05:45:00-04:00,2026-06-24 06:00:00-04:00,0.0788877,0.078693,yes
KXDOGE15M-26JUN240545,Target Price: $0.0787695,2026-06-24 05:30:00-04:00,2026-06-24 05:45:00-04:00,0.0786939,0.078769,no
KXDOGE15M-26JUN240530,Target Price: $0.0789367,2026-06-24 05:15:00-04:00,2026-06-24 05:30:00-04:00,0.0787695,0.078936,no
KXDOGE15M-26JUN240515,Target Price: $0.0790906,2026-06-24 05:00:00-04:00,2026-06-24 05:15:00-04:00,0.0789367,0.07909,no
KXDOGE15M-26JUN240500,Target Price: $0.0790432,2026-06-24 04:45:00-04:00,2026-06-24 05:00:00-04:00,0.0790906,0.079043,yes
KXDOGE15M-26JUN240445,Target Price: $0.0789454,2026-06-24 04:30:00-04:00,2026-06-24 04:45:00-04:00,0.0790432,0.078945,yes
KXDOGE15M-26JUN240430,Target Price: $0.0788819,2026-06-24 04:15:00-04:00,2026-06-24 04:30:00-04:00,0.0789454,0.078881,yes
KXDOGE15M-26JUN240415,Target Price: $0.0787657,2026-06-24 04:00:00-04:00,2026-06-24 04:15:00-04:00,0.0788819,0.078765,yes
KXDOGE15M-26JUN240400,Target Price: $0.0788066,2026-06-24 03:45:00-04:00,2026-06-24 04:00:00-04:00,0.0787657,0.078806,no
KXDOGE15M-26JUN240345,Target Price: $0.0789338,2026-06-24 03:30:00-04:00,2026-06-24 03:45:00-04:00,0.0788066,0.078933,no
KXDOGE15M-26JUN240330,Target Price: $0.0789108,2026-06-24 03:15:00-04:00,2026-06-24 03:30:00-04:00,0.0789338,0.07891,yes
KXDOGE15M-26JUN240315,Target Price: $0.0789423,2026-06-24 03:00:00-04:00,2026-06-24 03:15:00-04:00,0.0789108,0.078942,no
KXDOGE15M-26JUN240300,Target Price: $0.0789650,2026-06-24 02:45:00-04:00,2026-06-24 03:00:00-04:00,0.0789423,0.078965,no
KXDOGE15M-26JUN240245,Target Price: $0.0789543,2026-06-24 02:30:00-04:00,2026-06-24 02:45:00-04:00,0.0789650,0.078954,yes
KXDOGE15M-26JUN240230,Target Price: $0.0790712,2026-06-24 02:15:00-04:00,2026-06-24 02:30:00-04:00,0.0789543,0.079071,no
KXDOGE15M-26JUN240215,Target Price: $0.0791090,2026-06-24 02:00:00-04:00,2026-06-24 02:15:00-04:00,0.0790712,0.079109,no
KXDOGE15M-26JUN240200,Target Price: $0.0792758,2026-06-24 01:45:00-04:00,2026-06-24 02:00:00-04:00,0.0791090,0.079275,no
KXDOGE15M-26JUN240145,Target Price: $0.0792277,2026-06-24 01:30:00-04:00,2026-06-24 01:45:00-04:00,0.0792758,0.079227,yes
KXDOGE15M-26JUN240130,Target Price: $0.0791203,2026-06-24 01:15:00-04:00,2026-06-24 01:30:00-04:00,0.0792277,0.07912,yes
KXDOGE15M-26JUN240115,Target Price: $0.0791063,2026-06-24 01:00:00-04:00,2026-06-24 01:15:00-04:00,0.0791203,0.079106,yes
KXDOGE15M-26JUN240100,Target Price: $0.0788033,2026-06-24 00:45:00-04:00,2026-06-24 01:00:00-04:00,0.0791063,0.078803,yes
KXDOGE15M-26JUN240045,Target Price: $0.0786316,2026-06-24 00:30:00-04:00,2026-06-24 00:45:00-04:00,0.0788033,0.078631,yes
KXDOGE15M-26JUN240030,Target Price: $0.0790003,2026-06-24 00:15:00-04:00,2026-06-24 00:30:00-04:00,0.0786316,0.079,no
KXDOGE15M-26JUN240015,Target Price: $0.0790350,2026-06-24 00:00:00-04:00,2026-06-24 00:15:00-04:00,0.0790003,0.079035,no
KXDOGE15M-26JUN240000,Target Price: $0.0791855,2026-06-23 23:45:00-04:00,2026-06-24 00:00:00-04:00,0.0790350,0.079185,no
KXDOGE15M-26JUN232345,Target Price: $0.0789814,2026-06-23 23:30:00-04:00,2026-06-23 23:45:00-04:00,0.0791855,0.078981,yes
KXDOGE15M-26JUN232330,Target Price: $0.0790282,2026-06-23 23:15:00-04:00,2026-06-23 23:30:00-04:00,0.0789814,0.079028,no
KXDOGE15M-26JUN232315,Target Price: $0.0790409,2026-06-23 23:00:00-04:00,2026-06-23 23:15:00-04:00,0.0790282,0.07904,no
KXDOGE15M-26JUN232300,Target Price: $0.0792641,2026-06-23 22:45:00-04:00,2026-06-23 23:00:00-04:00,0.0790409,0.079264,no
KXDOGE15M-26JUN232245,Target Price: $0.0791427,2026-06-23 22:30:00-04:00,2026-06-23 22:45:00-04:00,0.0792641,0.079142,yes
KXDOGE15M-26JUN232230,Target Price: $0.0793427,2026-06-23 22:15:00-04:00,2026-06-23 22:30:00-04:00,0.0791427,0.079342,no
KXDOGE15M-26JUN232215,Target Price: $0.0795030,2026-06-23 22:00:00-04:00,2026-06-23 22:15:00-04:00,0.0793427,0.079503,no
KXDOGE15M-26JUN232200,Target Price: $0.0795243,2026-06-23 21:45:00-04:00,2026-06-23 22:00:00-04:00,0.0795030,0.079524,no
KXDOGE15M-26JUN232145,Target Price: $0.0791096,2026-06-23 21:30:00-04:00,2026-06-23 21:45:00-04:00,0.0795243,0.079109,yes
KXDOGE15M-26JUN232130,Target Price: $0.0790657,2026-06-23 21:15:00-04:00,2026-06-23 21:30:00-04:00,0.0791096,0.079065,yes
KXDOGE15M-26JUN232115,Target Price: $0.0790483,2026-06-23 21:00:00-04:00,2026-06-23 21:15:00-04:00,0.0790657,0.079048,yes
KXDOGE15M-26JUN232100,Target Price: $0.0790784,2026-06-23 20:45:00-04:00,2026-06-23 21:00:00-04:00,0.0790483,0.079078,no
KXDOGE15M-26JUN232045,Target Price: $0.0790389,2026-06-23 20:30:00-04:00,2026-06-23 20:45:00-04:00,0.0790784,0.079038,yes
KXDOGE15M-26JUN232030,Target Price: $0.0789098,2026-06-23 20:15:00-04:00,2026-06-23 20:30:00-04:00,0.0790389,0.078909,yes
KXDOGE15M-26JUN232015,Target Price: $0.0788145,2026-06-23 20:00:00-04:00,2026-06-23 20:15:00-04:00,0.0789098,0.078814,yes
KXDOGE15M-26JUN232000,Target Price: $0.0787296,2026-06-23 19:45:00-04:00,2026-06-23 20:00:00-04:00,0.0788145,0.078729,yes
KXDOGE15M-26JUN231945,Target Price: $0.0788154,2026-06-23 19:30:00-04:00,2026-06-23 19:45:00-04:00,0.0787296,0.078815,no
KXDOGE15M-26JUN231930,Target Price: $0.0786887,2026-06-23 19:15:00-04:00,2026-06-23 19:30:00-04:00,0.0788154,0.078688,yes
KXDOGE15M-26JUN231915,Target Price: $0.0789056,2026-06-23 19:00:00-04:00,2026-06-23 19:15:00-04:00,0.0786887,0.078905,no
KXDOGE15M-26JUN231900,Target Price: $0.0787967,2026-06-23 18:45:00-04:00,2026-06-23 19:00:00-04:00,0.0789056,0.078796,yes
KXDOGE15M-26JUN231845,Target Price: $0.0787099,2026-06-23 18:30:00-04:00,2026-06-23 18:45:00-04:00,0.0787967,0.078709,yes
KXDOGE15M-26JUN231830,Target Price: $0.0788981,2026-06-23 18:15:00-04:00,2026-06-23 18:30:00-04:00,0.0787099,0.078898,no
KXDOGE15M-26JUN231815,Target Price: $0.0786855,2026-06-23 18:00:00-04:00,2026-06-23 18:15:00-04:00,0.0788981,0.078685,yes
KXDOGE15M-26JUN231800,Target Price: $0.0786480,2026-06-23 17:45:00-04:00,2026-06-23 18:00:00-04:00,0.0786855,0.078648,yes
KXDOGE15M-26JUN231745,Target Price: $0.0785556,2026-06-23 17:30:00-04:00,2026-06-23 17:45:00-04:00,0.0786480,0.078555,yes
KXDOGE15M-26JUN231730,Target Price: $0.0785148,2026-06-23 17:15:00-04:00,2026-06-23 17:30:00-04:00,0.0785556,0.078514,yes
KXDOGE15M-26JUN231715,Target Price: $0.0784019,2026-06-23 17:00:00-04:00,2026-06-23 17:15:00-04:00,0.0785148,0.078401,yes
KXDOGE15M-26JUN231700,Target Price: $0.0785033,2026-06-23 16:45:00-04:00,2026-06-23 17:00:00-04:00,0.0784019,0.078503,no
KXDOGE15M-26JUN231645,Target Price: $0.0786154,2026-06-23 16:30:00-04:00,2026-06-23 16:45:00-04:00,0.0785033,0.078615,no
KXDOGE15M-26JUN231630,Target Price: $0.0786834,2026-06-23 16:15:00-04:00,2026-06-23 16:30:00-04:00,0.0786154,0.078683,no
KXDOGE15M-26JUN231615,Target Price: $0.0784459,2026-06-23 16:00:00-04:00,2026-06-23 16:15:00-04:00,0.0786834,0.078445,yes
KXDOGE15M-26JUN231600,Target Price: $0.0783665,2026-06-23 15:45:00-04:00,2026-06-23 16:00:00-04:00,0.0784459,0.078366,yes
KXDOGE15M-26JUN231545,Target Price: $0.0784384,2026-06-23 15:30:00-04:00,2026-06-23 15:45:00-04:00,0.0783665,0.078438,no
KXDOGE15M-26JUN231530,Target Price: $0.0785388,2026-06-23 15:15:00-04:00,2026-06-23 15:30:00-04:00,0.0784384,0.078538,no
KXDOGE15M-26JUN231515,Target Price: $0.0785216,2026-06-23 15:00:00-04:00,2026-06-23 15:15:00-04:00,0.0785388,0.078521,yes
KXDOGE15M-26JUN231500,Target Price: $0.0783618,2026-06-23 14:45:00-04:00,2026-06-23 15:00:00-04:00,0.0785216,0.078361,yes
KXDOGE15M-26JUN231445,Target Price: $0.0786856,2026-06-23 14:30:00-04:00,2026-06-23 14:45:00-04:00,0.0783618,0.078685,no
KXDOGE15M-26JUN231430,Target Price: $0.0786269,2026-06-23 14:15:00-04:00,2026-06-23 14:30:00-04:00,0.0786856,0.078626,yes
KXDOGE15M-26JUN231415,Target Price: $0.0785320,2026-06-23 14:00:00-04:00,2026-06-23 14:15:00-04:00,0.0786269,0.078532,yes
KXDOGE15M-26JUN231400,Target Price: $0.0787572,2026-06-23 13:45:00-04:00,2026-06-23 14:00:00-04:00,0.0785320,0.078757,no
KXDOGE15M-26JUN231345,Target Price: $0.0789348,2026-06-23 13:30:00-04:00,2026-06-23 13:45:00-04:00,0.0787572,0.078934,no
KXDOGE15M-26JUN231330,Target Price: $0.0785991,2026-06-23 13:15:00-04:00,2026-06-23 13:30:00-04:00,0.0789348,0.078599,yes
KXDOGE15M-26JUN231315,Target Price: $0.0788798,2026-06-23 13:00:00-04:00,2026-06-23 13:15:00-04:00,0.0785991,0.078879,no
KXDOGE15M-26JUN231300,Target Price: $0.0790065,2026-06-23 12:45:00-04:00,2026-06-23 13:00:00-04:00,0.0788798,0.079006,no
KXDOGE15M-26JUN231245,Target Price: $0.0789183,2026-06-23 12:30:00-04:00,2026-06-23 12:45:00-04:00,0.0790065,0.078918,yes
KXDOGE15M-26JUN231230,Target Price: $0.0790949,2026-06-23 12:15:00-04:00,2026-06-23 12:30:00-04:00,0.0789183,0.079094,no
KXDOGE15M-26JUN231215,Target Price: $0.0787168,2026-06-23 12:00:00-04:00,2026-06-23 12:15:00-04:00,0.0790949,0.078716,yes
KXDOGE15M-26JUN231200,Target Price: $0.0785832,2026-06-23 11:45:00-04:00,2026-06-23 12:00:00-04:00,0.0787168,0.078583,yes
KXDOGE15M-26JUN231145,Target Price: $0.0785005,2026-06-23 11:30:00-04:00,2026-06-23 11:45:00-04:00,0.0785832,0.0785,yes
KXDOGE15M-26JUN231130,Target Price: $0.0787071,2026-06-23 11:15:00-04:00,2026-06-23 11:30:00-04:00,0.0785005,0.078707,no
KXDOGE15M-26JUN231115,Target Price: $0.0789844,2026-06-23 11:00:00-04:00,2026-06-23 11:15:00-04:00,0.0787071,0.078984,no
KXDOGE15M-26JUN231100,Target Price: $0.0793143,2026-06-23 10:45:00-04:00,2026-06-23 11:00:00-04:00,0.0789844,0.079314,no
KXDOGE15M-26JUN231045,Target Price: $0.0793892,2026-06-23 10:30:00-04:00,2026-06-23 10:45:00-04:00,0.0793143,0.079389,no
KXDOGE15M-26JUN231030,Target Price: $0.0795565,2026-06-23 10:15:00-04:00,2026-06-23 10:30:00-04:00,0.0793892,0.079556,no
KXDOGE15M-26JUN231015,Target Price: $0.0795291,2026-06-23 10:00:00-04:00,2026-06-23 10:15:00-04:00,0.0795565,0.079529,yes
KXDOGE15M-26JUN231000,Target Price: $0.0794856,2026-06-23 09:45:00-04:00,2026-06-23 10:00:00-04:00,0.0795291,0.079485,yes
KXDOGE15M-26JUN230945,Target Price: $0.0791245,2026-06-23 09:30:00-04:00,2026-06-23 09:45:00-04:00,0.0794856,0.079124,yes
KXDOGE15M-26JUN230930,Target Price: $0.0793083,2026-06-23 09:15:00-04:00,2026-06-23 09:30:00-04:00,0.0791245,0.079308,no
KXDOGE15M-26JUN230915,Target Price: $0.0793534,2026-06-23 09:00:00-04:00,2026-06-23 09:15:00-04:00,0.0793083,0.079353,no
KXDOGE15M-26JUN230900,Target Price: $0.0794473,2026-06-23 08:45:00-04:00,2026-06-23 09:00:00-04:00,0.0793534,0.079447,no
KXDOGE15M-26JUN230845,Target Price: $0.0794274,2026-06-23 08:30:00-04:00,2026-06-23 08:45:00-04:00,0.0794473,0.079427,yes
KXDOGE15M-26JUN230830,Target Price: $0.0794564,2026-06-23 08:15:00-04:00,2026-06-23 08:30:00-04:00,0.0794274,0.079456,no
KXDOGE15M-26JUN230815,Target Price: $0.0794955,2026-06-23 08:00:00-04:00,2026-06-23 08:15:00-04:00,0.0794564,0.079495,no
KXDOGE15M-26JUN230800,Target Price: $0.0794407,2026-06-23 07:45:00-04:00,2026-06-23 08:00:00-04:00,0.0794955,0.07944,yes
KXDOGE15M-26JUN230745,Target Price: $0.0793211,2026-06-23 07:30:00-04:00,2026-06-23 07:45:00-04:00,0.0794407,0.079321,yes
KXDOGE15M-26JUN230730,Target Price: $0.0791335,2026-06-23 07:15:00-04:00,2026-06-23 07:30:00-04:00,0.0793211,0.079133,yes
KXDOGE15M-26JUN230715,Target Price: $0.0790317,2026-06-23 07:00:00-04:00,2026-06-23 07:15:00-04:00,0.0791335,0.079031,yes
KXDOGE15M-26JUN230700,Target Price: $0.0789544,2026-06-23 06:45:00-04:00,2026-06-23 07:00:00-04:00,0.0790317,0.078954,yes
KXDOGE15M-26JUN230645,Target Price: $0.0790950,2026-06-23 06:30:00-04:00,2026-06-23 06:45:00-04:00,0.0789544,0.079095,no
KXDOGE15M-26JUN230630,Target Price: $0.0791389,2026-06-23 06:15:00-04:00,2026-06-23 06:30:00-04:00,0.0790950,0.079138,no
KXDOGE15M-26JUN230615,Target Price: $0.0789351,2026-06-23 06:00:00-04:00,2026-06-23 06:15:00-04:00,0.0791389,0.078935,yes
KXDOGE15M-26JUN230600,Target Price: $0.0789255,2026-06-23 05:45:00-04:00,2026-06-23 06:00:00-04:00,0.0789351,0.078925,yes
KXDOGE15M-26JUN230545,Target Price: $0.0791284,2026-06-23 05:30:00-04:00,2026-06-23 05:45:00-04:00,0.0789255,0.079128,no
KXDOGE15M-26JUN230530,Target Price: $0.0791288,2026-06-23 05:15:00-04:00,2026-06-23 05:30:00-04:00,0.0791284,0.079128,no
KXDOGE15M-26JUN230515,Target Price: $0.0790210,2026-06-23 05:00:00-04:00,2026-06-23 05:15:00-04:00,0.0791288,0.079021,yes
KXDOGE15M-26JUN230500,Target Price: $0.0791347,2026-06-23 04:45:00-04:00,2026-06-23 05:00:00-04:00,0.0790210,0.079134,no
KXDOGE15M-26JUN230445,Target Price: $0.0786715,2026-06-23 04:30:00-04:00,2026-06-23 04:45:00-04:00,0.0791347,0.078671,yes
KXDOGE15M-26JUN230430,Target Price: $0.0796038,2026-06-23 04:15:00-04:00,2026-06-23 04:30:00-04:00,0.0786715,0.079603,no
KXDOGE15M-26JUN230415,Target Price: $0.0799248,2026-06-23 04:00:00-04:00,2026-06-23 04:15:00-04:00,0.0796038,0.079924,no
KXDOGE15M-26JUN230400,Target Price: $0.0800244,2026-06-23 03:45:00-04:00,2026-06-23 04:00:00-04:00,0.0799248,0.080024,no
KXDOGE15M-26JUN230345,Target Price: $0.0802737,2026-06-23 03:30:00-04:00,2026-06-23 03:45:00-04:00,0.0800244,0.080273,no
KXDOGE15M-26JUN230330,Target Price: $0.0802311,2026-06-23 03:15:00-04:00,2026-06-23 03:30:00-04:00,0.0802737,0.080231,yes
KXDOGE15M-26JUN230315,Target Price: $0.0801730,2026-06-23 03:00:00-04:00,2026-06-23 03:15:00-04:00,0.0802311,0.080173,yes
KXDOGE15M-26JUN230300,Target Price: $0.0801394,2026-06-23 02:45:00-04:00,2026-06-23 03:00:00-04:00,0.0801730,0.080139,yes
KXDOGE15M-26JUN230245,Target Price: $0.0801145,2026-06-23 02:30:00-04:00,2026-06-23 02:45:00-04:00,0.0801394,0.080114,yes
KXDOGE15M-26JUN230230,Target Price: $0.0807742,2026-06-23 02:15:00-04:00,2026-06-23 02:30:00-04:00,0.0801145,0.080774,no
KXDOGE15M-26JUN230215,Target Price: $0.0816204,2026-06-23 02:00:00-04:00,2026-06-23 02:15:00-04:00,0.0807742,0.08162,no
KXDOGE15M-26JUN230200,Target Price: $0.0814657,2026-06-23 01:45:00-04:00,2026-06-23 02:00:00-04:00,0.0816204,0.081465,yes
KXDOGE15M-26JUN230145,Target Price: $0.0814526,2026-06-23 01:30:00-04:00,2026-06-23 01:45:00-04:00,0.0814657,0.081452,yes
KXDOGE15M-26JUN230130,Target Price: $0.0816317,2026-06-23 01:15:00-04:00,2026-06-23 01:30:00-04:00,0.0814526,0.081631,no
KXDOGE15M-26JUN230115,Target Price: $0.0816868,2026-06-23 01:00:00-04:00,2026-06-23 01:15:00-04:00,0.0816317,0.081686,no
KXDOGE15M-26JUN230100,Target Price: $0.0817967,2026-06-23 00:45:00-04:00,2026-06-23 01:00:00-04:00,0.0816868,0.081796,no
KXDOGE15M-26JUN230045,Target Price: $0.0821077,2026-06-23 00:30:00-04:00,2026-06-23 00:45:00-04:00,0.0817967,0.082107,no
KXDOGE15M-26JUN230030,Target Price: $0.0820807,2026-06-23 00:15:00-04:00,2026-06-23 00:30:00-04:00,0.0821077,0.08208,yes
KXDOGE15M-26JUN230015,Target Price: $0.0821398,2026-06-23 00:00:00-04:00,2026-06-23 00:15:00-04:00,0.0820807,0.082139,no
KXDOGE15M-26JUN230000,Target price: TBD,2026-06-22 23:45:00-04:00,2026-06-23 00:00:00-04:00,0.0821398,,yes
KXDOGE15M-26JUN222345,Target price: TBD,2026-06-22 23:30:00-04:00,2026-06-22 23:45:00-04:00,0.0819693,,no
KXDOGE15M-26JUN222330,Target Price: $0.0818779,2026-06-22 23:15:00-04:00,2026-06-22 23:30:00-04:00,0.0820402,0.081877,yes
KXDOGE15M-26JUN222315,Target Price: $0.0822071,2026-06-22 23:00:00-04:00,2026-06-22 23:15:00-04:00,0.0818779,0.082207,no
KXDOGE15M-26JUN222300,Target Price: $0.0821265,2026-06-22 22:45:00-04:00,2026-06-22 23:00:00-04:00,0.0822071,0.082126,yes
KXDOGE15M-26JUN222245,Target Price: $0.0820239,2026-06-22 22:30:00-04:00,2026-06-22 22:45:00-04:00,0.0821265,0.082023,yes
KXDOGE15M-26JUN222230,Target Price: $0.0818029,2026-06-22 22:15:00-04:00,2026-06-22 22:30:00-04:00,0.0820239,0.081802,yes
KXDOGE15M-26JUN222215,Target Price: $0.0818620,2026-06-22 22:00:00-04:00,2026-06-22 22:15:00-04:00,0.0818029,0.081862,no
KXDOGE15M-26JUN222200,Target Price: $0.0821296,2026-06-22 21:45:00-04:00,2026-06-22 22:00:00-04:00,0.0818620,0.082129,no
KXDOGE15M-26JUN222145,Target Price: $0.0824720,2026-06-22 21:30:00-04:00,2026-06-22 21:45:00-04:00,0.0821296,0.082472,no
KXDOGE15M-26JUN222130,Target Price: $0.0824856,2026-06-22 21:15:00-04:00,2026-06-22 21:30:00-04:00,0.0824720,0.082485,no
KXDOGE15M-26JUN222115,Target Price: $0.0824884,2026-06-22 21:00:00-04:00,2026-06-22 21:15:00-04:00,0.0824856,0.082488,no
KXDOGE15M-26JUN222100,Target Price: $0.0823771,2026-06-22 20:45:00-04:00,2026-06-22 21:00:00-04:00,0.0824884,0.082377,yes
KXDOGE15M-26JUN222045,Target Price: $0.0819717,2026-06-22 20:30:00-04:00,2026-06-22 20:45:00-04:00,0.0823771,0.081971,yes
KXDOGE15M-26JUN222030,Target Price: $0.0822513,2026-06-22 20:15:00-04:00,2026-06-22 20:30:00-04:00,0.0819717,0.082251,no
KXDOGE15M-26JUN222015,Target Price: $0.0823957,2026-06-22 20:00:00-04:00,2026-06-22 20:15:00-04:00,0.0822513,0.082395,no
KXDOGE15M-26JUN222000,Target Price: $0.0823569,2026-06-22 19:45:00-04:00,2026-06-22 20:00:00-04:00,0.0823957,0.082356,yes
KXDOGE15M-26JUN221945,Target Price: $0.0823728,2026-06-22 19:30:00-04:00,2026-06-22 19:45:00-04:00,0.0823569,0.082372,no
KXDOGE15M-26JUN221930,Target Price: $0.0822277,2026-06-22 19:15:00-04:00,2026-06-22 19:30:00-04:00,0.0823728,0.082227,yes
KXDOGE15M-26JUN221915,Target Price: $0.0821567,2026-06-22 19:00:00-04:00,2026-06-22 19:15:00-04:00,0.0822277,0.082156,yes
KXDOGE15M-26JUN221900,Target Price: $0.0819902,2026-06-22 18:45:00-04:00,2026-06-22 19:00:00-04:00,0.0821567,0.08199,yes
KXDOGE15M-26JUN221845,Target Price: $0.0821015,2026-06-22 18:30:00-04:00,2026-06-22 18:45:00-04:00,0.0819902,0.082101,no
KXDOGE15M-26JUN221830,Target Price: $0.0827119,2026-06-22 18:15:00-04:00,2026-06-22 18:30:00-04:00,0.0821015,0.082711,no
KXDOGE15M-26JUN221815,Target Price: $0.0826234,2026-06-22 18:00:00-04:00,2026-06-22 18:15:00-04:00,0.0827119,0.082623,yes
KXDOGE15M-26JUN221800,Target Price: $0.0824469,2026-06-22 17:45:00-04:00,2026-06-22 18:00:00-04:00,0.0826234,0.082446,yes
KXDOGE15M-26JUN221745,Target Price: $0.0825539,2026-06-22 17:30:00-04:00,2026-06-22 17:45:00-04:00,0.0824469,0.082553,no
KXDOGE15M-26JUN221730,Target Price: $0.0827255,2026-06-22 17:15:00-04:00,2026-06-22 17:30:00-04:00,0.0825539,0.082725,no
KXDOGE15M-26JUN221715,Target Price: $0.0827582,2026-06-22 17:00:00-04:00,2026-06-22 17:15:00-04:00,0.0827255,0.082758,no
KXDOGE15M-26JUN221700,Target Price: $0.0829014,2026-06-22 16:45:00-04:00,2026-06-22 17:00:00-04:00,0.0827582,0.082901,no
KXDOGE15M-26JUN221645,Target Price: $0.0826682,2026-06-22 16:30:00-04:00,2026-06-22 16:45:00-04:00,0.0829014,0.082668,yes
KXDOGE15M-26JUN221630,Target Price: $0.0828399,2026-06-22 16:15:00-04:00,2026-06-22 16:30:00-04:00,0.0826682,0.082839,no
KXDOGE15M-26JUN221615,Target Price: $0.0827181,2026-06-22 16:00:00-04:00,2026-06-22 16:15:00-04:00,0.0828399,0.082718,yes
KXDOGE15M-26JUN221600,Target Price: $0.0826146,2026-06-22 15:45:00-04:00,2026-06-22 16:00:00-04:00,0.0827181,0.082614,yes
KXDOGE15M-26JUN221545,Target Price: $0.0826856,2026-06-22 15:30:00-04:00,2026-06-22 15:45:00-04:00,0.0826146,0.082685,no
KXDOGE15M-26JUN221530,Target Price: $0.0827147,2026-06-22 15:15:00-04:00,2026-06-22 15:30:00-04:00,0.0826856,0.082714,no
KXDOGE15M-26JUN221515,Target Price: $0.0828460,2026-06-22 15:00:00-04:00,2026-06-22 15:15:00-04:00,0.0827147,0.082846,no
KXDOGE15M-26JUN221500,Target Price: $0.0830989,2026-06-22 14:45:00-04:00,2026-06-22 15:00:00-04:00,0.0828460,0.083098,no
KXDOGE15M-26JUN221445,Target Price: $0.0830980,2026-06-22 14:30:00-04:00,2026-06-22 14:45:00-04:00,0.0830989,0.083098,yes
KXDOGE15M-26JUN221430,Target Price: $0.0832982,2026-06-22 14:15:00-04:00,2026-06-22 14:30:00-04:00,0.0830980,0.083298,no
KXDOGE15M-26JUN221415,Target Price: $0.0832404,2026-06-22 14:00:00-04:00,2026-06-22 14:15:00-04:00,0.0832982,0.08324,yes
KXDOGE15M-26JUN221400,Target Price: $0.0830502,2026-06-22 13:45:00-04:00,2026-06-22 14:00:00-04:00,0.0832404,0.08305,yes
KXDOGE15M-26JUN221345,Target Price: $0.0830550,2026-06-22 13:30:00-04:00,2026-06-22 13:45:00-04:00,0.0830502,0.083055,no
KXDOGE15M-26JUN221330,Target Price: $0.0832645,2026-06-22 13:15:00-04:00,2026-06-22 13:30:00-04:00,0.0830550,0.083264,no
KXDOGE15M-26JUN221315,Target Price: $0.0833189,2026-06-22 13:00:00-04:00,2026-06-22 13:15:00-04:00,0.0832645,0.083318,no
KXDOGE15M-26JUN221300,Target Price: $0.0831606,2026-06-22 12:45:00-04:00,2026-06-22 13:00:00-04:00,0.0833189,0.08316,yes
KXDOGE15M-26JUN221245,Target Price: $0.0833521,2026-06-22 12:30:00-04:00,2026-06-22 12:45:00-04:00,0.0831606,0.083352,no
KXDOGE15M-26JUN221230,Target Price: $0.0833789,2026-06-22 12:15:00-04:00,2026-06-22 12:30:00-04:00,0.0833521,0.083378,no
KXDOGE15M-26JUN221215,Target Price: $0.0835755,2026-06-22 12:00:00-04:00,2026-06-22 12:15:00-04:00,0.0833789,0.083575,no
KXDOGE15M-26JUN221200,Target Price: $0.0838983,2026-06-22 11:45:00-04:00,2026-06-22 12:00:00-04:00,0.0835755,0.083898,no
KXDOGE15M-26JUN221145,Target Price: $0.0838675,2026-06-22 11:30:00-04:00,2026-06-22 11:45:00-04:00,0.0838983,0.083867,yes
KXDOGE15M-26JUN221130,Target Price: $0.0839956,2026-06-22 11:15:00-04:00,2026-06-22 11:30:00-04:00,0.0838675,0.083995,no
KXDOGE15M-26JUN221115,Target Price: $0.0838577,2026-06-22 11:00:00-04:00,2026-06-22 11:15:00-04:00,0.0839956,0.083857,yes
KXDOGE15M-26JUN221100,Target Price: $0.0837441,2026-06-22 10:45:00-04:00,2026-06-22 11:00:00-04:00,0.0838577,0.083744,yes
KXDOGE15M-26JUN221045,Target Price: $0.0839837,2026-06-22 10:30:00-04:00,2026-06-22 10:45:00-04:00,0.0837441,0.083983,no
KXDOGE15M-26JUN221030,Target Price: $0.0844035,2026-06-22 10:15:00-04:00,2026-06-22 10:30:00-04:00,0.0839837,0.084403,no
KXDOGE15M-26JUN221015,Target Price: $0.0849442,2026-06-22 10:00:00-04:00,2026-06-22 10:15:00-04:00,0.0844035,0.084944,no
KXDOGE15M-26JUN221000,Target Price: $0.0847409,2026-06-22 09:45:00-04:00,2026-06-22 10:00:00-04:00,0.0849442,0.08474,yes
KXDOGE15M-26JUN220945,Target Price: $0.0843350,2026-06-22 09:30:00-04:00,2026-06-22 09:45:00-04:00,0.0847409,0.084335,yes
KXDOGE15M-26JUN220930,Target Price: $0.0844366,2026-06-22 09:15:00-04:00,2026-06-22 09:30:00-04:00,0.0843350,0.084436,no
KXDOGE15M-26JUN220915,Target Price: $0.0845319,2026-06-22 09:00:00-04:00,2026-06-22 09:15:00-04:00,0.0844366,0.084531,no
KXDOGE15M-26JUN220900,Target Price: $0.0843519,2026-06-22 08:45:00-04:00,2026-06-22 09:00:00-04:00,0.0845319,0.084351,yes
KXDOGE15M-26JUN220845,Target Price: $0.0843684,2026-06-22 08:30:00-04:00,2026-06-22 08:45:00-04:00,0.0843519,0.084368,no
KXDOGE15M-26JUN220830,Target Price: $0.0842622,2026-06-22 08:15:00-04:00,2026-06-22 08:30:00-04:00,0.0843684,0.084262,yes
KXDOGE15M-26JUN220815,Target Price: $0.0841588,2026-06-22 08:00:00-04:00,2026-06-22 08:15:00-04:00,0.0842622,0.084158,yes
KXDOGE15M-26JUN220800,Target Price: $0.0841401,2026-06-22 07:45:00-04:00,2026-06-22 08:00:00-04:00,0.0841588,0.08414,yes
KXDOGE15M-26JUN220745,Target Price: $0.0839642,2026-06-22 07:30:00-04:00,2026-06-22 07:45:00-04:00,0.0841401,0.083964,yes
KXDOGE15M-26JUN220730,Target Price: $0.0839083,2026-06-22 07:15:00-04:00,2026-06-22 07:30:00-04:00,0.0839642,0.083908,yes
KXDOGE15M-26JUN220715,Target Price: $0.0835148,2026-06-22 07:00:00-04:00,2026-06-22 07:15:00-04:00,0.0839083,0.083514,yes
KXDOGE15M-26JUN220700,Target Price: $0.0834347,2026-06-22 06:45:00-04:00,2026-06-22 07:00:00-04:00,0.0835148,0.083434,yes
KXDOGE15M-26JUN220645,Target Price: $0.0836841,2026-06-22 06:30:00-04:00,2026-06-22 06:45:00-04:00,0.0834347,0.083684,no
KXDOGE15M-26JUN220630,Target Price: $0.0837216,2026-06-22 06:15:00-04:00,2026-06-22 06:30:00-04:00,0.0836841,0.083721,no
KXDOGE15M-26JUN220615,Target Price: $0.0836304,2026-06-22 06:00:00-04:00,2026-06-22 06:15:00-04:00,0.0837216,0.08363,yes
KXDOGE15M-26JUN220600,Target Price: $0.0836386,2026-06-22 05:45:00-04:00,2026-06-22 06:00:00-04:00,0.0836304,0.083638,no
KXDOGE15M-26JUN220545,Target Price: $0.0835559,2026-06-22 05:30:00-04:00,2026-06-22 05:45:00-04:00,0.0836386,0.083555,yes
KXDOGE15M-26JUN220530,Target Price: $0.0835714,2026-06-22 05:15:00-04:00,2026-06-22 05:30:00-04:00,0.0835559,0.083571,no
KXDOGE15M-26JUN220515,Target Price: $0.0834925,2026-06-22 05:00:00-04:00,2026-06-22 05:15:00-04:00,0.0835714,0.083492,yes
KXDOGE15M-26JUN220500,Target Price: $0.0835426,2026-06-22 04:45:00-04:00,2026-06-22 05:00:00-04:00,0.0834925,0.083542,no
KXDOGE15M-26JUN220445,Target Price: $0.0835717,2026-06-22 04:30:00-04:00,2026-06-22 04:45:00-04:00,0.0835426,0.083571,no
KXDOGE15M-26JUN220430,Target Price: $0.0834241,2026-06-22 04:15:00-04:00,2026-06-22 04:30:00-04:00,0.0835717,0.083424,yes
KXDOGE15M-26JUN220415,Target Price: $0.0834156,2026-06-22 04:00:00-04:00,2026-06-22 04:15:00-04:00,0.0834241,0.083415,yes
KXDOGE15M-26JUN220400,Target Price: $0.0834174,2026-06-22 03:45:00-04:00,2026-06-22 04:00:00-04:00,0.0834156,0.083417,no
KXDOGE15M-26JUN220345,Target Price: $0.0835010,2026-06-22 03:30:00-04:00,2026-06-22 03:45:00-04:00,0.0834174,0.083501,no
KXDOGE15M-26JUN220330,Target Price: $0.0834367,2026-06-22 03:15:00-04:00,2026-06-22 03:30:00-04:00,0.0835010,0.083436,yes
KXDOGE15M-26JUN220315,Target Price: $0.0831196,2026-06-22 03:00:00-04:00,2026-06-22 03:15:00-04:00,0.0834367,0.083119,yes
KXDOGE15M-26JUN220300,Target Price: $0.0831692,2026-06-22 02:45:00-04:00,2026-06-22 03:00:00-04:00,0.0831196,0.083169,no
KXDOGE15M-26JUN220245,Target Price: $0.0832446,2026-06-22 02:30:00-04:00,2026-06-22 02:45:00-04:00,0.0831692,0.083244,no
KXDOGE15M-26JUN220230,Target Price: $0.0832963,2026-06-22 02:15:00-04:00,2026-06-22 02:30:00-04:00,0.0832446,0.083296,no
KXDOGE15M-26JUN220215,Target Price: $0.0832122,2026-06-22 02:00:00-04:00,2026-06-22 02:15:00-04:00,0.0832963,0.083212,yes
KXDOGE15M-26JUN220200,Target Price: $0.0832709,2026-06-22 01:45:00-04:00,2026-06-22 02:00:00-04:00,0.0832122,0.08327,no
KXDOGE15M-26JUN220145,Target Price: $0.0832878,2026-06-22 01:30:00-04:00,2026-06-22 01:45:00-04:00,0.0832709,0.083287,no
KXDOGE15M-26JUN220130,Target Price: $0.0833634,2026-06-22 01:15:00-04:00,2026-06-22 01:30:00-04:00,0.0832878,0.083363,no
KXDOGE15M-26JUN220115,Target Price: $0.0831208,2026-06-22 01:00:00-04:00,2026-06-22 01:15:00-04:00,0.0833634,0.08312,yes
KXDOGE15M-26JUN220100,Target Price: $0.0829079,2026-06-22 00:45:00-04:00,2026-06-22 01:00:00-04:00,0.0831208,0.082907,yes
KXDOGE15M-26JUN220045,Target Price: $0.0830011,2026-06-22 00:30:00-04:00,2026-06-22 00:45:00-04:00,0.0829079,0.083001,no
KXDOGE15M-26JUN220030,Target Price: $0.0830346,2026-06-22 00:15:00-04:00,2026-06-22 00:30:00-04:00,0.0830011,0.083034,no
KXDOGE15M-26JUN220015,Target Price: $0.0828250,2026-06-22 00:00:00-04:00,2026-06-22 00:15:00-04:00,0.0830346,0.082825,yes
KXDOGE15M-26JUN220000,Target Price: $0.0830595,2026-06-21 23:45:00-04:00,2026-06-22 00:00:00-04:00,0.0828250,0.083059,no
KXDOGE15M-26JUN212345,Target Price: $0.0831907,2026-06-21 23:30:00-04:00,2026-06-21 23:45:00-04:00,0.0830595,0.08319,no
KXDOGE15M-26JUN212330,Target Price: $0.0830403,2026-06-21 23:15:00-04:00,2026-06-21 23:30:00-04:00,0.0831907,0.08304,yes
KXDOGE15M-26JUN212315,Target Price: $0.0832210,2026-06-21 23:00:00-04:00,2026-06-21 23:15:00-04:00,0.0830403,0.083221,no
KXDOGE15M-26JUN212300,Target Price: $0.0835199,2026-06-21 22:45:00-04:00,2026-06-21 23:00:00-04:00,0.0832210,0.083519,no
KXDOGE15M-26JUN212245,Target Price: $0.0835109,2026-06-21 22:30:00-04:00,2026-06-21 22:45:00-04:00,0.0835199,0.08351,yes
KXDOGE15M-26JUN212230,Target Price: $0.0834705,2026-06-21 22:15:00-04:00,2026-06-21 22:30:00-04:00,0.0835109,0.08347,yes
KXDOGE15M-26JUN212215,Target Price: $0.0835931,2026-06-21 22:00:00-04:00,2026-06-21 22:15:00-04:00,0.0834705,0.083593,no
KXDOGE15M-26JUN212200,Target Price: $0.0836121,2026-06-21 21:45:00-04:00,2026-06-21 22:00:00-04:00,0.0835931,0.083612,no
KXDOGE15M-26JUN212145,Target Price: $0.0839165,2026-06-21 21:30:00-04:00,2026-06-21 21:45:00-04:00,0.0836121,0.083916,no
KXDOGE15M-26JUN212130,Target Price: $0.0829440,2026-06-21 21:15:00-04:00,2026-06-21 21:30:00-04:00,0.0839165,0.082944,yes
KXDOGE15M-26JUN212115,Target Price: $0.0830596,2026-06-21 21:00:00-04:00,2026-06-21 21:15:00-04:00,0.0829440,0.083059,no
KXDOGE15M-26JUN212100,Target Price: $0.0829077,2026-06-21 20:45:00-04:00,2026-06-21 21:00:00-04:00,0.0830596,0.082907,yes
KXDOGE15M-26JUN212045,Target Price: $0.0826099,2026-06-21 20:30:00-04:00,2026-06-21 20:45:00-04:00,0.0829077,0.082609,yes
KXDOGE15M-26JUN212030,Target Price: $0.0824269,2026-06-21 20:15:00-04:00,2026-06-21 20:30:00-04:00,0.0826099,0.082426,yes
KXDOGE15M-26JUN212015,Target Price: $0.0821683,2026-06-21 20:00:00-04:00,2026-06-21 20:15:00-04:00,0.0824269,0.082168,yes
KXDOGE15M-26JUN212000,Target Price: $0.0821573,2026-06-21 19:45:00-04:00,2026-06-21 20:00:00-04:00,0.0821683,0.082157,yes
KXDOGE15M-26JUN211945,Target Price: $0.0824912,2026-06-21 19:30:00-04:00,2026-06-21 19:45:00-04:00,0.0821573,0.082491,no
KXDOGE15M-26JUN211930,Target Price: $0.0824124,2026-06-21 19:15:00-04:00,2026-06-21 19:30:00-04:00,0.0824912,0.082412,yes
KXDOGE15M-26JUN211915,Target Price: $0.0828141,2026-06-21 19:00:00-04:00,2026-06-21 19:15:00-04:00,0.0824124,0.082814,no
KXDOGE15M-26JUN211900,Target Price: $0.0826764,2026-06-21 18:45:00-04:00,2026-06-21 19:00:00-04:00,0.0828141,0.082676,yes
KXDOGE15M-26JUN211845,Target Price: $0.0828308,2026-06-21 18:30:00-04:00,2026-06-21 18:45:00-04:00,0.0826764,0.08283,no
KXDOGE15M-26JUN211830,Target Price: $0.0827324,2026-06-21 18:15:00-04:00,2026-06-21 18:30:00-04:00,0.0828308,0.082732,yes
KXDOGE15M-26JUN211815,Target Price: $0.0827848,2026-06-21 18:00:00-04:00,2026-06-21 18:15:00-04:00,0.0827324,0.082784,no
KXDOGE15M-26JUN211800,Target Price: $0.0828046,2026-06-21 17:45:00-04:00,2026-06-21 18:00:00-04:00,0.0827848,0.082804,no
KXDOGE15M-26JUN211745,Target Price: $0.0826163,2026-06-21 17:30:00-04:00,2026-06-21 17:45:00-04:00,0.0828046,0.082616,yes
KXDOGE15M-26JUN211730,Target Price: $0.0825046,2026-06-21 17:15:00-04:00,2026-06-21 17:30:00-04:00,0.0826163,0.082504,yes
KXDOGE15M-26JUN211715,Target Price: $0.0830845,2026-06-21 17:00:00-04:00,2026-06-21 17:15:00-04:00,0.0825046,0.083084,no
KXDOGE15M-26JUN211700,Target Price: $0.0833342,2026-06-21 16:45:00-04:00,2026-06-21 17:00:00-04:00,0.0830845,0.083334,no
KXDOGE15M-26JUN211645,Target Price: $0.0833458,2026-06-21 16:30:00-04:00,2026-06-21 16:45:00-04:00,0.0833342,0.083345,no
KXDOGE15M-26JUN211630,Target Price: $0.0834943,2026-06-21 16:15:00-04:00,2026-06-21 16:30:00-04:00,0.0833458,0.083494,no
KXDOGE15M-26JUN211615,Target Price: $0.0835444,2026-06-21 16:00:00-04:00,2026-06-21 16:15:00-04:00,0.0834943,0.083544,no
KXDOGE15M-26JUN211600,Target Price: $0.0835422,2026-06-21 15:45:00-04:00,2026-06-21 16:00:00-04:00,0.0835444,0.083542,yes
KXDOGE15M-26JUN211545,Target Price: $0.0834757,2026-06-21 15:30:00-04:00,2026-06-21 15:45:00-04:00,0.0835422,0.083475,yes
KXDOGE15M-26JUN211530,Target Price: $0.0834490,2026-06-21 15:15:00-04:00,2026-06-21 15:30:00-04:00,0.0834757,0.083449,yes
KXDOGE15M-26JUN211515,Target Price: $0.0833574,2026-06-21 15:00:00-04:00,2026-06-21 15:15:00-04:00,0.0834490,0.083357,yes
KXDOGE15M-26JUN211500,Target Price: $0.0834547,2026-06-21 14:45:00-04:00,2026-06-21 15:00:00-04:00,0.0833574,0.083454,no
KXDOGE15M-26JUN211445,Target Price: $0.0832884,2026-06-21 14:30:00-04:00,2026-06-21 14:45:00-04:00,0.0834547,0.083288,yes
KXDOGE15M-26JUN211430,Target Price: $0.0832321,2026-06-21 14:15:00-04:00,2026-06-21 14:30:00-04:00,0.0832884,0.083232,yes
KXDOGE15M-26JUN211415,Target Price: $0.0833259,2026-06-21 14:00:00-04:00,2026-06-21 14:15:00-04:00,0.0832321,0.083325,no
KXDOGE15M-26JUN211400,Target Price: $0.0832248,2026-06-21 13:45:00-04:00,2026-06-21 14:00:00-04:00,0.0833259,0.083224,yes
KXDOGE15M-26JUN211345,Target Price: $0.0833336,2026-06-21 13:30:00-04:00,2026-06-21 13:45:00-04:00,0.0832248,0.083333,no
KXDOGE15M-26JUN211330,Target Price: $0.0835928,2026-06-21 13:15:00-04:00,2026-06-21 13:30:00-04:00,0.0833336,0.083592,no
KXDOGE15M-26JUN211315,Target Price: $0.0834727,2026-06-21 13:00:00-04:00,2026-06-21 13:15:00-04:00,0.0835928,0.083472,yes
KXDOGE15M-26JUN211300,Target Price: $0.0831878,2026-06-21 12:45:00-04:00,2026-06-21 13:00:00-04:00,0.0834727,0.083187,yes
KXDOGE15M-26JUN211245,Target Price: $0.0833385,2026-06-21 12:30:00-04:00,2026-06-21 12:45:00-04:00,0.0831878,0.083338,no
KXDOGE15M-26JUN211230,Target Price: $0.0832199,2026-06-21 12:15:00-04:00,2026-06-21 12:30:00-04:00,0.0833385,0.083219,yes
KXDOGE15M-26JUN211215,Target Price: $0.0833377,2026-06-21 12:00:00-04:00,2026-06-21 12:15:00-04:00,0.0832199,0.083337,no
KXDOGE15M-26JUN211200,Target Price: $0.0834167,2026-06-21 11:45:00-04:00,2026-06-21 12:00:00-04:00,0.0833377,0.083416,no
KXDOGE15M-26JUN211145,Target Price: $0.0834480,2026-06-21 11:30:00-04:00,2026-06-21 11:45:00-04:00,0.0834167,0.083448,no
KXDOGE15M-26JUN211130,Target Price: $0.0833705,2026-06-21 11:15:00-04:00,2026-06-21 11:30:00-04:00,0.0834480,0.08337,yes
KXDOGE15M-26JUN211115,Target Price: $0.0833440,2026-06-21 11:00:00-04:00,2026-06-21 11:15:00-04:00,0.0833705,0.083344,yes
KXDOGE15M-26JUN211100,Target Price: $0.0834167,2026-06-21 10:45:00-04:00,2026-06-21 11:00:00-04:00,0.0833440,0.083416,no
KXDOGE15M-26JUN211045,Target Price: $0.0832820,2026-06-21 10:30:00-04:00,2026-06-21 10:45:00-04:00,0.0834167,0.083282,yes
KXDOGE15M-26JUN211030,Target Price: $0.0833178,2026-06-21 10:15:00-04:00,2026-06-21 10:30:00-04:00,0.0832820,0.083317,no
KXDOGE15M-26JUN211015,Target Price: $0.0833780,2026-06-21 10:00:00-04:00,2026-06-21 10:15:00-04:00,0.0833178,0.083378,no
KXDOGE15M-26JUN211000,Target Price: $0.0832986,2026-06-21 09:45:00-04:00,2026-06-21 10:00:00-04:00,0.0833780,0.083298,yes
KXDOGE15M-26JUN210945,Target Price: $0.0832851,2026-06-21 09:30:00-04:00,2026-06-21 09:45:00-04:00,0.0832986,0.083285,yes
KXDOGE15M-26JUN210930,Target Price: $0.0832538,2026-06-21 09:15:00-04:00,2026-06-21 09:30:00-04:00,0.0832851,0.083253,yes
KXDOGE15M-26JUN210915,Target Price: $0.0832794,2026-06-21 09:00:00-04:00,2026-06-21 09:15:00-04:00,0.0832538,0.083279,no
KXDOGE15M-26JUN210900,Target Price: $0.0830398,2026-06-21 08:45:00-04:00,2026-06-21 09:00:00-04:00,0.0832794,0.083039,yes
KXDOGE15M-26JUN210845,Target Price: $0.0830543,2026-06-21 08:30:00-04:00,2026-06-21 08:45:00-04:00,0.0830398,0.083054,no
KXDOGE15M-26JUN210830,Target Price: $0.0830109,2026-06-21 08:15:00-04:00,2026-06-21 08:30:00-04:00,0.0830543,0.08301,yes
KXDOGE15M-26JUN210815,Target Price: $0.0829677,2026-06-21 08:00:00-04:00,2026-06-21 08:15:00-04:00,0.0830109,0.082967,yes
KXDOGE15M-26JUN210800,Target Price: $0.0830242,2026-06-21 07:45:00-04:00,2026-06-21 08:00:00-04:00,0.0829677,0.083024,no
KXDOGE15M-26JUN210745,Target Price: $0.0830908,2026-06-21 07:30:00-04:00,2026-06-21 07:45:00-04:00,0.0830242,0.08309,no
KXDOGE15M-26JUN210730,Target Price: $0.0831412,2026-06-21 07:15:00-04:00,2026-06-21 07:30:00-04:00,0.0830908,0.083141,no
KXDOGE15M-26JUN210715,Target Price: $0.0832087,2026-06-21 07:00:00-04:00,2026-06-21 07:15:00-04:00,0.0831412,0.083208,no
KXDOGE15M-26JUN210700,Target Price: $0.0833233,2026-06-21 06:45:00-04:00,2026-06-21 07:00:00-04:00,0.0832087,0.083323,no
KXDOGE15M-26JUN210645,Target Price: $0.0833883,2026-06-21 06:30:00-04:00,2026-06-21 06:45:00-04:00,0.0833233,0.083388,no
KXDOGE15M-26JUN210630,Target Price: $0.0833226,2026-06-21 06:15:00-04:00,2026-06-21 06:30:00-04:00,0.0833883,0.083322,yes
KXDOGE15M-26JUN210615,Target Price: $0.0832888,2026-06-21 06:00:00-04:00,2026-06-21 06:15:00-04:00,0.0833226,0.083288,yes
KXDOGE15M-26JUN210600,Target Price: $0.0831454,2026-06-21 05:45:00-04:00,2026-06-21 06:00:00-04:00,0.0832888,0.083145,yes
KXDOGE15M-26JUN210545,Target Price: $0.0830491,2026-06-21 05:30:00-04:00,2026-06-21 05:45:00-04:00,0.0831454,0.083049,yes
KXDOGE15M-26JUN210530,Target Price: $0.0829981,2026-06-21 05:15:00-04:00,2026-06-21 05:30:00-04:00,0.0830491,0.082998,yes
KXDOGE15M-26JUN210515,Target Price: $0.0830804,2026-06-21 05:00:00-04:00,2026-06-21 05:15:00-04:00,0.0829981,0.08308,no
KXDOGE15M-26JUN210500,Target Price: $0.0830691,2026-06-21 04:45:00-04:00,2026-06-21 05:00:00-04:00,0.0830804,0.083069,yes
KXDOGE15M-26JUN210445,Target Price: $0.0831869,2026-06-21 04:30:00-04:00,2026-06-21 04:45:00-04:00,0.0830691,0.083186,no
KXDOGE15M-26JUN210430,Target Price: $0.0833590,2026-06-21 04:15:00-04:00,2026-06-21 04:30:00-04:00,0.0831869,0.083359,no
KXDOGE15M-26JUN210415,Target Price: $0.0834206,2026-06-21 04:00:00-04:00,2026-06-21 04:15:00-04:00,0.0833590,0.08342,no
KXDOGE15M-26JUN210400,Target Price: $0.0835329,2026-06-21 03:45:00-04:00,2026-06-21 04:00:00-04:00,0.0834206,0.083532,no
KXDOGE15M-26JUN210345,Target Price: $0.0833000,2026-06-21 03:30:00-04:00,2026-06-21 03:45:00-04:00,0.0835329,0.0833,yes
KXDOGE15M-26JUN210330,Target Price: $0.0833368,2026-06-21 03:15:00-04:00,2026-06-21 03:30:00-04:00,0.0833000,0.083336,no
KXDOGE15M-26JUN210315,Target Price: $0.0833474,2026-06-21 03:00:00-04:00,2026-06-21 03:15:00-04:00,0.0833368,0.083347,no
KXDOGE15M-26JUN210300,Target Price: $0.0833882,2026-06-21 02:45:00-04:00,2026-06-21 03:00:00-04:00,0.0833474,0.083388,no
KXDOGE15M-26JUN210245,Target Price: $0.0832966,2026-06-21 02:30:00-04:00,2026-06-21 02:45:00-04:00,0.0833882,0.083296,yes
KXDOGE15M-26JUN210230,Target Price: $0.0832173,2026-06-21 02:15:00-04:00,2026-06-21 02:30:00-04:00,0.0832966,0.083217,yes
KXDOGE15M-26JUN210215,Target Price: $0.0831628,2026-06-21 02:00:00-04:00,2026-06-21 02:15:00-04:00,0.0832173,0.083162,yes
KXDOGE15M-26JUN210200,Target Price: $0.0832432,2026-06-21 01:45:00-04:00,2026-06-21 02:00:00-04:00,0.0831628,0.083243,no
KXDOGE15M-26JUN210145,Target Price: $0.0833227,2026-06-21 01:30:00-04:00,2026-06-21 01:45:00-04:00,0.0832432,0.083322,no
KXDOGE15M-26JUN210130,Target Price: $0.0833276,2026-06-21 01:15:00-04:00,2026-06-21 01:30:00-04:00,0.0833227,0.083327,no
KXDOGE15M-26JUN210115,Target Price: $0.0832385,2026-06-21 01:00:00-04:00,2026-06-21 01:15:00-04:00,0.0833276,0.083238,yes
KXDOGE15M-26JUN210100,Target Price: $0.0835470,2026-06-21 00:45:00-04:00,2026-06-21 01:00:00-04:00,0.0832385,0.083547,no
KXDOGE15M-26JUN210045,Target Price: $0.0836044,2026-06-21 00:30:00-04:00,2026-06-21 00:45:00-04:00,0.0835470,0.083604,no
KXDOGE15M-26JUN210030,Target Price: $0.0834886,2026-06-21 00:15:00-04:00,2026-06-21 00:30:00-04:00,0.0836044,0.083488,yes
KXDOGE15M-26JUN210015,Target Price: $0.0836162,2026-06-21 00:00:00-04:00,2026-06-21 00:15:00-04:00,0.0834886,0.083616,no
KXDOGE15M-26JUN210000,Target Price: $0.0836442,2026-06-20 23:45:00-04:00,2026-06-21 00:00:00-04:00,0.0836162,0.083644,no
KXDOGE15M-26JUN202345,Target Price: $0.0836199,2026-06-20 23:30:00-04:00,2026-06-20 23:45:00-04:00,0.0836442,0.083619,yes
KXDOGE15M-26JUN202330,Target Price: $0.0835093,2026-06-20 23:15:00-04:00,2026-06-20 23:30:00-04:00,0.0836199,0.083509,yes
KXDOGE15M-26JUN202315,Target Price: $0.0835043,2026-06-20 23:00:00-04:00,2026-06-20 23:15:00-04:00,0.0835093,0.083504,yes
KXDOGE15M-26JUN202300,Target Price: $0.0835573,2026-06-20 22:45:00-04:00,2026-06-20 23:00:00-04:00,0.0835043,0.083557,no
KXDOGE15M-26JUN202245,Target Price: $0.0835835,2026-06-20 22:30:00-04:00,2026-06-20 22:45:00-04:00,0.0835573,0.083583,no
KXDOGE15M-26JUN202230,Target Price: $0.0835903,2026-06-20 22:15:00-04:00,2026-06-20 22:30:00-04:00,0.0835835,0.08359,no
KXDOGE15M-26JUN202215,Target Price: $0.0835618,2026-06-20 22:00:00-04:00,2026-06-20 22:15:00-04:00,0.0835903,0.083561,yes
KXDOGE15M-26JUN202200,Target Price: $0.0835485,2026-06-20 21:45:00-04:00,2026-06-20 22:00:00-04:00,0.0835618,0.083548,yes
KXDOGE15M-26JUN202145,Target Price: $0.0834646,2026-06-20 21:30:00-04:00,2026-06-20 21:45:00-04:00,0.0835485,0.083464,yes
KXDOGE15M-26JUN202130,Target Price: $0.0834647,2026-06-20 21:15:00-04:00,2026-06-20 21:30:00-04:00,0.0834646,0.083464,no
KXDOGE15M-26JUN202115,Target Price: $0.0835927,2026-06-20 21:00:00-04:00,2026-06-20 21:15:00-04:00,0.0834647,0.083592,no
KXDOGE15M-26JUN202100,Target Price: $0.0835687,2026-06-20 20:45:00-04:00,2026-06-20 21:00:00-04:00,0.0835927,0.083568,yes
KXDOGE15M-26JUN202045,Target Price: $0.0835300,2026-06-20 20:30:00-04:00,2026-06-20 20:45:00-04:00,0.0835687,0.08353,yes
KXDOGE15M-26JUN202030,Target Price: $0.0836004,2026-06-20 20:15:00-04:00,2026-06-20 20:30:00-04:00,0.0835300,0.0836,no
KXDOGE15M-26JUN202015,Target Price: $0.0836438,2026-06-20 20:00:00-04:00,2026-06-20 20:15:00-04:00,0.0836004,0.083643,no
KXDOGE15M-26JUN202000,Target Price: $0.0837202,2026-06-20 19:45:00-04:00,2026-06-20 20:00:00-04:00,0.0836438,0.08372,no
KXDOGE15M-26JUN201945,Target Price: $0.0836857,2026-06-20 19:30:00-04:00,2026-06-20 19:45:00-04:00,0.0837202,0.083685,yes
KXDOGE15M-26JUN201930,Target Price: $0.0838846,2026-06-20 19:15:00-04:00,2026-06-20 19:30:00-04:00,0.0836857,0.083884,no
KXDOGE15M-26JUN201915,Target Price: $0.0837930,2026-06-20 19:00:00-04:00,2026-06-20 19:15:00-04:00,0.0838846,0.083793,yes
KXDOGE15M-26JUN201900,Target Price: $0.0837868,2026-06-20 18:45:00-04:00,2026-06-20 19:00:00-04:00,0.0837930,0.083786,yes
KXDOGE15M-26JUN201845,Target Price: $0.0838683,2026-06-20 18:30:00-04:00,2026-06-20 18:45:00-04:00,0.0837868,0.083868,no
KXDOGE15M-26JUN201830,Target Price: $0.0837730,2026-06-20 18:15:00-04:00,2026-06-20 18:30:00-04:00,0.0838683,0.083773,yes
KXDOGE15M-26JUN201815,Target Price: $0.0834237,2026-06-20 18:00:00-04:00,2026-06-20 18:15:00-04:00,0.0837730,0.083423,yes
KXDOGE15M-26JUN201800,Target Price: $0.0835048,2026-06-20 17:45:00-04:00,2026-06-20 18:00:00-04:00,0.0834237,0.083504,no
KXDOGE15M-26JUN201745,Target Price: $0.0833673,2026-06-20 17:30:00-04:00,2026-06-20 17:45:00-04:00,0.0835048,0.083367,yes
KXDOGE15M-26JUN201730,Target Price: $0.0834849,2026-06-20 17:15:00-04:00,2026-06-20 17:30:00-04:00,0.0833673,0.083484,no
KXDOGE15M-26JUN201715,Target Price: $0.0833016,2026-06-20 17:00:00-04:00,2026-06-20 17:15:00-04:00,0.0834849,0.083301,yes
KXDOGE15M-26JUN201700,Target Price: $0.0832743,2026-06-20 16:45:00-04:00,2026-06-20 17:00:00-04:00,0.0833016,0.083274,yes
KXDOGE15M-26JUN201645,Target Price: $0.0832426,2026-06-20 16:30:00-04:00,2026-06-20 16:45:00-04:00,0.0832743,0.083242,yes
KXDOGE15M-26JUN201630,Target Price: $0.0832975,2026-06-20 16:15:00-04:00,2026-06-20 16:30:00-04:00,0.0832426,0.083297,no
KXDOGE15M-26JUN201615,Target Price: $0.0832554,2026-06-20 16:00:00-04:00,2026-06-20 16:15:00-04:00,0.0832975,0.083255,yes
KXDOGE15M-26JUN201600,Target Price: $0.0833441,2026-06-20 15:45:00-04:00,2026-06-20 16:00:00-04:00,0.0832554,0.083344,no
KXDOGE15M-26JUN201545,Target Price: $0.0831416,2026-06-20 15:30:00-04:00,2026-06-20 15:45:00-04:00,0.0833441,0.083141,yes
KXDOGE15M-26JUN201530,Target Price: $0.0832137,2026-06-20 15:15:00-04:00,2026-06-20 15:30:00-04:00,0.0831416,0.083213,no
KXDOGE15M-26JUN201515,Target Price: $0.0830679,2026-06-20 15:00:00-04:00,2026-06-20 15:15:00-04:00,0.0832137,0.083067,yes
KXDOGE15M-26JUN201500,Target Price: $0.0832056,2026-06-20 14:45:00-04:00,2026-06-20 15:00:00-04:00,0.0830679,0.083205,no
KXDOGE15M-26JUN201445,Target Price: $0.0833084,2026-06-20 14:30:00-04:00,2026-06-20 14:45:00-04:00,0.0832056,0.083308,no
KXDOGE15M-26JUN201430,Target Price: $0.0831424,2026-06-20 14:15:00-04:00,2026-06-20 14:30:00-04:00,0.0833084,0.083142,yes
KXDOGE15M-26JUN201415,Target Price: $0.0830138,2026-06-20 14:00:00-04:00,2026-06-20 14:15:00-04:00,0.0831424,0.083013,yes
KXDOGE15M-26JUN201400,Target Price: $0.0830028,2026-06-20 13:45:00-04:00,2026-06-20 14:00:00-04:00,0.0830138,0.083002,yes
KXDOGE15M-26JUN201345,Target Price: $0.0831845,2026-06-20 13:30:00-04:00,2026-06-20 13:45:00-04:00,0.0830028,0.083184,no
KXDOGE15M-26JUN201330,Target Price: $0.0833053,2026-06-20 13:15:00-04:00,2026-06-20 13:30:00-04:00,0.0831845,0.083305,no
KXDOGE15M-26JUN201315,Target Price: $0.0834451,2026-06-20 13:00:00-04:00,2026-06-20 13:15:00-04:00,0.0833053,0.083445,no
KXDOGE15M-26JUN201300,Target Price: $0.0834325,2026-06-20 12:45:00-04:00,2026-06-20 13:00:00-04:00,0.0834451,0.083432,yes
KXDOGE15M-26JUN201245,Target Price: $0.0833751,2026-06-20 12:30:00-04:00,2026-06-20 12:45:00-04:00,0.0834325,0.083375,yes
KXDOGE15M-26JUN201230,Target Price: $0.0835203,2026-06-20 12:15:00-04:00,2026-06-20 12:30:00-04:00,0.0833751,0.08352,no
KXDOGE15M-26JUN201215,Target Price: $0.0836640,2026-06-20 12:00:00-04:00,2026-06-20 12:15:00-04:00,0.0835203,0.083664,no
KXDOGE15M-26JUN201200,Target Price: $0.0836773,2026-06-20 11:45:00-04:00,2026-06-20 12:00:00-04:00,0.0836640,0.083677,no
KXDOGE15M-26JUN201145,Target Price: $0.0838712,2026-06-20 11:30:00-04:00,2026-06-20 11:45:00-04:00,0.0836773,0.083871,no
KXDOGE15M-26JUN201130,Target Price: $0.0836255,2026-06-20 11:15:00-04:00,2026-06-20 11:30:00-04:00,0.0838712,0.083625,yes
KXDOGE15M-26JUN201115,Target Price: $0.0836493,2026-06-20 11:00:00-04:00,2026-06-20 11:15:00-04:00,0.0836255,0.083649,no
KXDOGE15M-26JUN201100,Target Price: $0.0829437,2026-06-20 10:45:00-04:00,2026-06-20 11:00:00-04:00,0.0836493,0.082943,yes
KXDOGE15M-26JUN201045,Target Price: $0.0828953,2026-06-20 10:30:00-04:00,2026-06-20 10:45:00-04:00,0.0829437,0.082895,yes
KXDOGE15M-26JUN201030,Target Price: $0.0826481,2026-06-20 10:15:00-04:00,2026-06-20 10:30:00-04:00,0.0828953,0.082648,yes
KXDOGE15M-26JUN201015,Target Price: $0.0832867,2026-06-20 10:00:00-04:00,2026-06-20 10:15:00-04:00,0.0826481,0.083286,no
KXDOGE15M-26JUN201000,Target Price: $0.0833629,2026-06-20 09:45:00-04:00,2026-06-20 10:00:00-04:00,0.0832867,0.083362,no
KXDOGE15M-26JUN200945,Target Price: $0.0832137,2026-06-20 09:30:00-04:00,2026-06-20 09:45:00-04:00,0.0833629,0.083213,yes
KXDOGE15M-26JUN200930,Target Price: $0.0837466,2026-06-20 09:15:00-04:00,2026-06-20 09:30:00-04:00,0.0832137,0.083746,no
KXDOGE15M-26JUN200915,Target Price: $0.0837800,2026-06-20 09:00:00-04:00,2026-06-20 09:15:00-04:00,0.0837466,0.08378,no
KXDOGE15M-26JUN200900,Target Price: $0.0837740,2026-06-20 08:45:00-04:00,2026-06-20 09:00:00-04:00,0.0837800,0.083774,yes
KXDOGE15M-26JUN200845,Target Price: $0.0839389,2026-06-20 08:30:00-04:00,2026-06-20 08:45:00-04:00,0.0837740,0.083938,no
KXDOGE15M-26JUN200830,Target Price: $0.0839197,2026-06-20 08:15:00-04:00,2026-06-20 08:30:00-04:00,0.0839389,0.083919,yes
KXDOGE15M-26JUN200815,Target Price: $0.0838157,2026-06-20 08:00:00-04:00,2026-06-20 08:15:00-04:00,0.0839197,0.083815,yes
KXDOGE15M-26JUN200800,Target Price: $0.0839214,2026-06-20 07:45:00-04:00,2026-06-20 08:00:00-04:00,0.0838157,0.083921,no
KXDOGE15M-26JUN200745,Target Price: $0.0839055,2026-06-20 07:30:00-04:00,2026-06-20 07:45:00-04:00,0.0839214,0.083905,yes
KXDOGE15M-26JUN200730,Target Price: $0.0838145,2026-06-20 07:15:00-04:00,2026-06-20 07:30:00-04:00,0.0839055,0.083814,yes
KXDOGE15M-26JUN200715,Target Price: $0.0838922,2026-06-20 07:00:00-04:00,2026-06-20 07:15:00-04:00,0.0838145,0.083892,no
KXDOGE15M-26JUN200700,Target Price: $0.0838612,2026-06-20 06:45:00-04:00,2026-06-20 07:00:00-04:00,0.0838922,0.083861,yes
KXDOGE15M-26JUN200645,Target Price: $0.0839640,2026-06-20 06:30:00-04:00,2026-06-20 06:45:00-04:00,0.0838612,0.083964,no
KXDOGE15M-26JUN200630,Target Price: $0.0841153,2026-06-20 06:15:00-04:00,2026-06-20 06:30:00-04:00,0.0839640,0.084115,no
KXDOGE15M-26JUN200615,Target Price: $0.0841350,2026-06-20 06:00:00-04:00,2026-06-20 06:15:00-04:00,0.0841153,0.084135,no
KXDOGE15M-26JUN200600,Target Price: $0.0841984,2026-06-20 05:45:00-04:00,2026-06-20 06:00:00-04:00,0.0841350,0.084198,no
KXDOGE15M-26JUN200545,Target Price: $0.0840170,2026-06-20 05:30:00-04:00,2026-06-20 05:45:00-04:00,0.0841984,0.084017,yes
KXDOGE15M-26JUN200530,Target Price: $0.0839855,2026-06-20 05:15:00-04:00,2026-06-20 05:30:00-04:00,0.0840170,0.083985,yes
KXDOGE15M-26JUN200515,Target Price: $0.0839121,2026-06-20 05:00:00-04:00,2026-06-20 05:15:00-04:00,0.0839855,0.083912,yes
KXDOGE15M-26JUN200500,Target Price: $0.0838426,2026-06-20 04:45:00-04:00,2026-06-20 05:00:00-04:00,0.0839121,0.083842,yes
KXDOGE15M-26JUN200445,Target Price: $0.0839037,2026-06-20 04:30:00-04:00,2026-06-20 04:45:00-04:00,0.0838426,0.083903,no
KXDOGE15M-26JUN200430,Target Price: $0.0839596,2026-06-20 04:15:00-04:00,2026-06-20 04:30:00-04:00,0.0839037,0.083959,no
KXDOGE15M-26JUN200415,Target Price: $0.0840126,2026-06-20 04:00:00-04:00,2026-06-20 04:15:00-04:00,0.0839596,0.084012,no
KXDOGE15M-26JUN200400,Target Price: $0.0840735,2026-06-20 03:45:00-04:00,2026-06-20 04:00:00-04:00,0.0840126,0.084073,no
KXDOGE15M-26JUN200345,Target Price: $0.0841982,2026-06-20 03:30:00-04:00,2026-06-20 03:45:00-04:00,0.0840735,0.084198,no
KXDOGE15M-26JUN200330,Target Price: $0.0840746,2026-06-20 03:15:00-04:00,2026-06-20 03:30:00-04:00,0.0841982,0.084074,yes
KXDOGE15M-26JUN200315,Target Price: $0.0841167,2026-06-20 03:00:00-04:00,2026-06-20 03:15:00-04:00,0.0840746,0.084116,no
KXDOGE15M-26JUN200300,Target Price: $0.0840117,2026-06-20 02:45:00-04:00,2026-06-20 03:00:00-04:00,0.0841167,0.084011,yes
KXDOGE15M-26JUN200245,Target Price: $0.0840694,2026-06-20 02:30:00-04:00,2026-06-20 02:45:00-04:00,0.0840117,0.084069,no
KXDOGE15M-26JUN200230,Target Price: $0.0838874,2026-06-20 02:15:00-04:00,2026-06-20 02:30:00-04:00,0.0840694,0.083887,yes
KXDOGE15M-26JUN200215,Target Price: $0.0839081,2026-06-20 02:00:00-04:00,2026-06-20 02:15:00-04:00,0.0838874,0.083908,no
KXDOGE15M-26JUN200200,Target Price: $0.0837328,2026-06-20 01:45:00-04:00,2026-06-20 02:00:00-04:00,0.0839081,0.083732,yes
KXDOGE15M-26JUN200145,Target Price: $0.0836273,2026-06-20 01:30:00-04:00,2026-06-20 01:45:00-04:00,0.0837328,0.083627,yes
KXDOGE15M-26JUN200130,Target Price: $0.0839863,2026-06-20 01:15:00-04:00,2026-06-20 01:30:00-04:00,0.0836273,0.083986,no
KXDOGE15M-26JUN200115,Target Price: $0.0834302,2026-06-20 01:00:00-04:00,2026-06-20 01:15:00-04:00,0.0839863,0.08343,yes
KXDOGE15M-26JUN200100,Target Price: $0.0834171,2026-06-20 00:45:00-04:00,2026-06-20 01:00:00-04:00,0.0834302,0.083417,yes
KXDOGE15M-26JUN200045,Target Price: $0.0832870,2026-06-20 00:30:00-04:00,2026-06-20 00:45:00-04:00,0.0834171,0.083287,yes
KXDOGE15M-26JUN200030,Target Price: $0.0831742,2026-06-20 00:15:00-04:00,2026-06-20 00:30:00-04:00,0.0832870,0.083174,yes
KXDOGE15M-26JUN200015,Target Price: $0.0831794,2026-06-20 00:00:00-04:00,2026-06-20 00:15:00-04:00,0.0831742,0.083179,no
KXDOGE15M-26JUN200000,Target Price: $0.0832081,2026-06-19 23:45:00-04:00,2026-06-20 00:00:00-04:00,0.0831794,0.083208,no
KXDOGE15M-26JUN192345,Target Price: $0.0832146,2026-06-19 23:30:00-04:00,2026-06-19 23:45:00-04:00,0.0832081,0.083214,no
KXDOGE15M-26JUN192330,Target Price: $0.0830853,2026-06-19 23:15:00-04:00,2026-06-19 23:30:00-04:00,0.0832146,0.083085,yes
KXDOGE15M-26JUN192315,Target Price: $0.0829963,2026-06-19 23:00:00-04:00,2026-06-19 23:15:00-04:00,0.0830853,0.082996,yes
KXDOGE15M-26JUN192300,Target Price: $0.0830824,2026-06-19 22:45:00-04:00,2026-06-19 23:00:00-04:00,0.0829963,0.083082,no
KXDOGE15M-26JUN192245,Target Price: $0.0831811,2026-06-19 22:30:00-04:00,2026-06-19 22:45:00-04:00,0.0830824,0.083181,no
KXDOGE15M-26JUN192230,Target Price: $0.0832998,2026-06-19 22:15:00-04:00,2026-06-19 22:30:00-04:00,0.0831811,0.083299,no
KXDOGE15M-26JUN192215,Target Price: $0.0834162,2026-06-19 22:00:00-04:00,2026-06-19 22:15:00-04:00,0.0832998,0.083416,no
KXDOGE15M-26JUN192200,Target Price: $0.0833257,2026-06-19 21:45:00-04:00,2026-06-19 22:00:00-04:00,0.0834162,0.083325,yes
KXDOGE15M-26JUN192145,Target Price: $0.0833088,2026-06-19 21:30:00-04:00,2026-06-19 21:45:00-04:00,0.0833257,0.083308,yes
KXDOGE15M-26JUN192130,Target Price: $0.0833086,2026-06-19 21:15:00-04:00,2026-06-19 21:30:00-04:00,0.0833088,0.083308,yes
KXDOGE15M-26JUN192115,Target Price: $0.0834365,2026-06-19 21:00:00-04:00,2026-06-19 21:15:00-04:00,0.0833086,0.083436,no
KXDOGE15M-26JUN192100,Target Price: $0.0836082,2026-06-19 20:45:00-04:00,2026-06-19 21:00:00-04:00,0.0834365,0.083608,no
KXDOGE15M-26JUN192045,Target Price: $0.0836562,2026-06-19 20:30:00-04:00,2026-06-19 20:45:00-04:00,0.0836082,0.083656,no
KXDOGE15M-26JUN192030,Target Price: $0.0834646,2026-06-19 20:15:00-04:00,2026-06-19 20:30:00-04:00,0.0836562,0.083464,yes
KXDOGE15M-26JUN192015,Target Price: $0.0834917,2026-06-19 20:00:00-04:00,2026-06-19 20:15:00-04:00,0.0834646,0.083491,no
KXDOGE15M-26JUN192000,Target Price: $0.0832501,2026-06-19 19:45:00-04:00,2026-06-19 20:00:00-04:00,0.0834917,0.08325,yes
KXDOGE15M-26JUN191945,Target Price: $0.0832514,2026-06-19 19:30:00-04:00,2026-06-19 19:45:00-04:00,0.0832501,0.083251,no
KXDOGE15M-26JUN191930,Target Price: $0.0830743,2026-06-19 19:15:00-04:00,2026-06-19 19:30:00-04:00,0.0832514,0.083074,yes
KXDOGE15M-26JUN191915,Target Price: $0.0831606,2026-06-19 19:00:00-04:00,2026-06-19 19:15:00-04:00,0.0830743,0.08316,no
KXDOGE15M-26JUN191900,Target Price: $0.0831275,2026-06-19 18:45:00-04:00,2026-06-19 19:00:00-04:00,0.0831606,0.083127,yes
KXDOGE15M-26JUN191845,Target Price: $0.0830897,2026-06-19 18:30:00-04:00,2026-06-19 18:45:00-04:00,0.0831275,0.083089,yes
KXDOGE15M-26JUN191830,Target Price: $0.0829653,2026-06-19 18:15:00-04:00,2026-06-19 18:30:00-04:00,0.0830897,0.082965,yes
KXDOGE15M-26JUN191815,Target Price: $0.0827895,2026-06-19 18:00:00-04:00,2026-06-19 18:15:00-04:00,0.0829653,0.082789,yes
KXDOGE15M-26JUN191800,Target Price: $0.0828618,2026-06-19 17:45:00-04:00,2026-06-19 18:00:00-04:00,0.0827895,0.082861,no
KXDOGE15M-26JUN191745,Target Price: $0.0830258,2026-06-19 17:30:00-04:00,2026-06-19 17:45:00-04:00,0.0828618,0.083025,no
KXDOGE15M-26JUN191730,Target Price: $0.0831976,2026-06-19 17:15:00-04:00,2026-06-19 17:30:00-04:00,0.0830258,0.083197,no
KXDOGE15M-26JUN191715,Target Price: $0.0831750,2026-06-19 17:00:00-04:00,2026-06-19 17:15:00-04:00,0.0831976,0.083175,yes
KXDOGE15M-26JUN191700,Target Price: $0.0828116,2026-06-19 16:45:00-04:00,2026-06-19 17:00:00-04:00,0.0831750,0.082811,yes
KXDOGE15M-26JUN191645,Target Price: $0.0828405,2026-06-19 16:30:00-04:00,2026-06-19 16:45:00-04:00,0.0828116,0.08284,no
KXDOGE15M-26JUN191630,Target Price: $0.0828970,2026-06-19 16:15:00-04:00,2026-06-19 16:30:00-04:00,0.0828405,0.082897,no
KXDOGE15M-26JUN191615,Target Price: $0.0828597,2026-06-19 16:00:00-04:00,2026-06-19 16:15:00-04:00,0.0828970,0.082859,yes
KXDOGE15M-26JUN191600,Target Price: $0.0828629,2026-06-19 15:45:00-04:00,2026-06-19 16:00:00-04:00,0.0828597,0.082862,no
KXDOGE15M-26JUN191545,Target Price: $0.0828072,2026-06-19 15:30:00-04:00,2026-06-19 15:45:00-04:00,0.0828629,0.082807,yes
KXDOGE15M-26JUN191530,Target Price: $0.0829241,2026-06-19 15:15:00-04:00,2026-06-19 15:30:00-04:00,0.0828072,0.082924,no
KXDOGE15M-26JUN191515,Target Price: $0.0830889,2026-06-19 15:00:00-04:00,2026-06-19 15:15:00-04:00,0.0829241,0.083088,no
KXDOGE15M-26JUN191500,Target Price: $0.0828923,2026-06-19 14:45:00-04:00,2026-06-19 15:00:00-04:00,0.0830889,0.082892,yes
KXDOGE15M-26JUN191445,Target Price: $0.0831500,2026-06-19 14:30:00-04:00,2026-06-19 14:45:00-04:00,0.0828923,0.08315,no
KXDOGE15M-26JUN191430,Target Price: $0.0832158,2026-06-19 14:15:00-04:00,2026-06-19 14:30:00-04:00,0.0831500,0.083215,no
KXDOGE15M-26JUN191415,Target Price: $0.0833063,2026-06-19 14:00:00-04:00,2026-06-19 14:15:00-04:00,0.0832158,0.083306,no
KXDOGE15M-26JUN191400,Target Price: $0.0832346,2026-06-19 13:45:00-04:00,2026-06-19 14:00:00-04:00,0.0833063,0.083234,yes
KXDOGE15M-26JUN191345,Target Price: $0.0828820,2026-06-19 13:30:00-04:00,2026-06-19 13:45:00-04:00,0.0832346,0.082882,yes
KXDOGE15M-26JUN191330,Target Price: $0.0829282,2026-06-19 13:15:00-04:00,2026-06-19 13:30:00-04:00,0.0828820,0.082928,no
KXDOGE15M-26JUN191315,Target Price: $0.0828612,2026-06-19 13:00:00-04:00,2026-06-19 13:15:00-04:00,0.0829282,0.082861,yes
KXDOGE15M-26JUN191300,Target Price: $0.0831824,2026-06-19 12:45:00-04:00,2026-06-19 13:00:00-04:00,0.0828612,0.083182,no
KXDOGE15M-26JUN191245,Target Price: $0.0832248,2026-06-19 12:30:00-04:00,2026-06-19 12:45:00-04:00,0.0831824,0.083224,no
KXDOGE15M-26JUN191230,Target Price: $0.0833202,2026-06-19 12:15:00-04:00,2026-06-19 12:30:00-04:00,0.0832248,0.08332,no
KXDOGE15M-26JUN191215,Target Price: $0.0831120,2026-06-19 12:00:00-04:00,2026-06-19 12:15:00-04:00,0.0833202,0.083112,yes
KXDOGE15M-26JUN191200,Target Price: $0.0832856,2026-06-19 11:45:00-04:00,2026-06-19 12:00:00-04:00,0.0831120,0.083285,no
KXDOGE15M-26JUN191145,Target Price: $0.0829907,2026-06-19 11:30:00-04:00,2026-06-19 11:45:00-04:00,0.0832856,0.08299,yes
KXDOGE15M-26JUN191130,Target Price: $0.0830674,2026-06-19 11:15:00-04:00,2026-06-19 11:30:00-04:00,0.0829907,0.083067,no
KXDOGE15M-26JUN191115,Target Price: $0.0830639,2026-06-19 11:00:00-04:00,2026-06-19 11:15:00-04:00,0.0830674,0.083063,yes
KXDOGE15M-26JUN191100,Target Price: $0.0832122,2026-06-19 10:45:00-04:00,2026-06-19 11:00:00-04:00,0.0830639,0.083212,no
KXDOGE15M-26JUN191045,Target Price: $0.0832939,2026-06-19 10:30:00-04:00,2026-06-19 10:45:00-04:00,0.0832122,0.083293,no
KXDOGE15M-26JUN191030,Target Price: $0.0830412,2026-06-19 10:15:00-04:00,2026-06-19 10:30:00-04:00,0.0832939,0.083041,yes
KXDOGE15M-26JUN191015,Target Price: $0.0831935,2026-06-19 10:00:00-04:00,2026-06-19 10:15:00-04:00,0.0830412,0.083193,no
KXDOGE15M-26JUN191000,Target Price: $0.0830078,2026-06-19 09:45:00-04:00,2026-06-19 10:00:00-04:00,0.0831935,0.083007,yes
KXDOGE15M-26JUN190945,Target Price: $0.0825902,2026-06-19 09:30:00-04:00,2026-06-19 09:45:00-04:00,0.0830078,0.08259,yes
KXDOGE15M-26JUN190930,Target Price: $0.0825683,2026-06-19 09:15:00-04:00,2026-06-19 09:30:00-04:00,0.0825902,0.082568,yes
KXDOGE15M-26JUN190915,Target Price: $0.0825814,2026-06-19 09:00:00-04:00,2026-06-19 09:15:00-04:00,0.0825683,0.082581,no
KXDOGE15M-26JUN190900,Target Price: $0.0822150,2026-06-19 08:45:00-04:00,2026-06-19 09:00:00-04:00,0.0825814,0.082215,yes
KXDOGE15M-26JUN190845,Target Price: $0.0821911,2026-06-19 08:30:00-04:00,2026-06-19 08:45:00-04:00,0.0822150,0.082191,yes
KXDOGE15M-26JUN190830,Target Price: $0.0822927,2026-06-19 08:15:00-04:00,2026-06-19 08:30:00-04:00,0.0821911,0.082292,no
KXDOGE15M-26JUN190815,Target Price: $0.0823436,2026-06-19 08:00:00-04:00,2026-06-19 08:15:00-04:00,0.0822927,0.082343,no
KXDOGE15M-26JUN190800,Target Price: $0.0823549,2026-06-19 07:45:00-04:00,2026-06-19 08:00:00-04:00,0.0823436,0.082354,no
KXDOGE15M-26JUN190745,Target Price: $0.0823385,2026-06-19 07:30:00-04:00,2026-06-19 07:45:00-04:00,0.0823549,0.082338,yes
KXDOGE15M-26JUN190730,Target Price: $0.0821503,2026-06-19 07:15:00-04:00,2026-06-19 07:30:00-04:00,0.0823385,0.08215,yes
KXDOGE15M-26JUN190715,Target Price: $0.0822811,2026-06-19 07:00:00-04:00,2026-06-19 07:15:00-04:00,0.0821503,0.082281,no
KXDOGE15M-26JUN190700,Target Price: $0.0821129,2026-06-19 06:45:00-04:00,2026-06-19 07:00:00-04:00,0.0822811,0.082112,yes
KXDOGE15M-26JUN190645,Target Price: $0.0823016,2026-06-19 06:30:00-04:00,2026-06-19 06:45:00-04:00,0.0821129,0.082301,no
KXDOGE15M-26JUN190630,Target Price: $0.0822654,2026-06-19 06:15:00-04:00,2026-06-19 06:30:00-04:00,0.0823016,0.082265,yes
KXDOGE15M-26JUN190615,Target Price: $0.0821788,2026-06-19 06:00:00-04:00,2026-06-19 06:15:00-04:00,0.0822654,0.082178,yes
KXDOGE15M-26JUN190600,Target Price: $0.0823007,2026-06-19 05:45:00-04:00,2026-06-19 06:00:00-04:00,0.0821788,0.0823,no
KXDOGE15M-26JUN190545,Target Price: $0.0821552,2026-06-19 05:30:00-04:00,2026-06-19 05:45:00-04:00,0.0823007,0.082155,yes
KXDOGE15M-26JUN190530,Target Price: $0.0821315,2026-06-19 05:15:00-04:00,2026-06-19 05:30:00-04:00,0.0821552,0.082131,yes
KXDOGE15M-26JUN190515,Target Price: $0.0824356,2026-06-19 05:00:00-04:00,2026-06-19 05:15:00-04:00,0.0821315,0.082435,no
KXDOGE15M-26JUN190500,Target Price: $0.0824791,2026-06-19 04:45:00-04:00,2026-06-19 05:00:00-04:00,0.0824356,0.082479,no
KXDOGE15M-26JUN190445,Target Price: $0.0823964,2026-06-19 04:30:00-04:00,2026-06-19 04:45:00-04:00,0.0824791,0.082396,yes
KXDOGE15M-26JUN190430,Target Price: $0.0823872,2026-06-19 04:15:00-04:00,2026-06-19 04:30:00-04:00,0.0823964,0.082387,yes
KXDOGE15M-26JUN190415,Target Price: $0.0822316,2026-06-19 04:00:00-04:00,2026-06-19 04:15:00-04:00,0.0823872,0.082231,yes
KXDOGE15M-26JUN190400,Target Price: $0.0820813,2026-06-19 03:45:00-04:00,2026-06-19 04:00:00-04:00,0.0822316,0.082081,yes
KXDOGE15M-26JUN190345,Target Price: $0.0824392,2026-06-19 03:30:00-04:00,2026-06-19 03:45:00-04:00,0.0820813,0.082439,no
KXDOGE15M-26JUN190330,Target Price: $0.0824946,2026-06-19 03:15:00-04:00,2026-06-19 03:30:00-04:00,0.0824392,0.082494,no
KXDOGE15M-26JUN190315,Target Price: $0.0826901,2026-06-19 03:00:00-04:00,2026-06-19 03:15:00-04:00,0.0824946,0.08269,no
KXDOGE15M-26JUN190300,Target Price: $0.0825122,2026-06-19 02:45:00-04:00,2026-06-19 03:00:00-04:00,0.0826901,0.082512,yes
KXDOGE15M-26JUN190245,Target Price: $0.0826356,2026-06-19 02:30:00-04:00,2026-06-19 02:45:00-04:00,0.0825122,0.082635,no
KXDOGE15M-26JUN190230,Target Price: $0.0826168,2026-06-19 02:15:00-04:00,2026-06-19 02:30:00-04:00,0.0826356,0.082616,yes
KXDOGE15M-26JUN190215,Target Price: $0.0825547,2026-06-19 02:00:00-04:00,2026-06-19 02:15:00-04:00,0.0826168,0.082554,yes
KXDOGE15M-26JUN190200,Target Price: $0.0823770,2026-06-19 01:45:00-04:00,2026-06-19 02:00:00-04:00,0.0825547,0.082377,yes
KXDOGE15M-26JUN190145,Target Price: $0.0823740,2026-06-19 01:30:00-04:00,2026-06-19 01:45:00-04:00,0.0823770,0.082374,yes
KXDOGE15M-26JUN190130,Target Price: $0.0825961,2026-06-19 01:15:00-04:00,2026-06-19 01:30:00-04:00,0.0823740,0.082596,no
KXDOGE15M-26JUN190115,Target Price: $0.0821772,2026-06-19 01:00:00-04:00,2026-06-19 01:15:00-04:00,0.0825961,0.082177,yes
KXDOGE15M-26JUN190100,Target Price: $0.0823214,2026-06-19 00:45:00-04:00,2026-06-19 01:00:00-04:00,0.0821772,0.082321,no
KXDOGE15M-26JUN190045,Target Price: $0.0824780,2026-06-19 00:30:00-04:00,2026-06-19 00:45:00-04:00,0.0823214,0.082478,no
KXDOGE15M-26JUN190030,Target Price: $0.0827658,2026-06-19 00:15:00-04:00,2026-06-19 00:30:00-04:00,0.0824780,0.082765,no
KXDOGE15M-26JUN190015,Target Price: $0.0827979,2026-06-19 00:00:00-04:00,2026-06-19 00:15:00-04:00,0.0827658,0.082797,no
KXDOGE15M-26JUN190000,Target Price: $0.0827551,2026-06-18 23:45:00-04:00,2026-06-19 00:00:00-04:00,0.0827979,0.082755,yes
KXDOGE15M-26JUN182345,Target Price: $0.0830737,2026-06-18 23:30:00-04:00,2026-06-18 23:45:00-04:00,0.0827551,0.083073,no
KXDOGE15M-26JUN182330,Target Price: $0.0833074,2026-06-18 23:15:00-04:00,2026-06-18 23:30:00-04:00,0.0830737,0.083307,no
KXDOGE15M-26JUN182315,Target Price: $0.0835793,2026-06-18 23:00:00-04:00,2026-06-18 23:15:00-04:00,0.0833074,0.083579,no
KXDOGE15M-26JUN182300,Target Price: $0.0835761,2026-06-18 22:45:00-04:00,2026-06-18 23:00:00-04:00,0.0835793,0.083576,yes
KXDOGE15M-26JUN182245,Target Price: $0.0835242,2026-06-18 22:30:00-04:00,2026-06-18 22:45:00-04:00,0.0835761,0.083524,yes
KXDOGE15M-26JUN182230,Target Price: $0.0836829,2026-06-18 22:15:00-04:00,2026-06-18 22:30:00-04:00,0.0835242,0.083682,no
KXDOGE15M-26JUN182215,Target Price: $0.0837805,2026-06-18 22:00:00-04:00,2026-06-18 22:15:00-04:00,0.0836829,0.08378,no
KXDOGE15M-26JUN182200,Target Price: $0.0836093,2026-06-18 21:45:00-04:00,2026-06-18 22:00:00-04:00,0.0837805,0.083609,yes
KXDOGE15M-26JUN182145,Target Price: $0.0835680,2026-06-18 21:30:00-04:00,2026-06-18 21:45:00-04:00,0.0836093,0.083568,yes
KXDOGE15M-26JUN182130,Target Price: $0.0835408,2026-06-18 21:15:00-04:00,2026-06-18 21:30:00-04:00,0.0835680,0.08354,yes
KXDOGE15M-26JUN182115,Target Price: $0.0835691,2026-06-18 21:00:00-04:00,2026-06-18 21:15:00-04:00,0.0835408,0.083569,no
KXDOGE15M-26JUN182100,Target Price: $0.0835871,2026-06-18 20:45:00-04:00,2026-06-18 21:00:00-04:00,0.0835691,0.083587,no
KXDOGE15M-26JUN182045,Target Price: $0.0835692,2026-06-18 20:30:00-04:00,2026-06-18 20:45:00-04:00,0.0835871,0.083569,yes
KXDOGE15M-26JUN182030,Target Price: $0.0834018,2026-06-18 20:15:00-04:00,2026-06-18 20:30:00-04:00,0.0835692,0.083401,yes
KXDOGE15M-26JUN182015,Target Price: $0.0834606,2026-06-18 20:00:00-04:00,2026-06-18 20:15:00-04:00,0.0834018,0.08346,no
KXDOGE15M-26JUN182000,Target Price: $0.0834171,2026-06-18 19:45:00-04:00,2026-06-18 20:00:00-04:00,0.0834606,0.083417,yes
KXDOGE15M-26JUN181945,Target Price: $0.0833383,2026-06-18 19:30:00-04:00,2026-06-18 19:45:00-04:00,0.0834171,0.083338,yes
KXDOGE15M-26JUN181930,Target Price: $0.0831056,2026-06-18 19:15:00-04:00,2026-06-18 19:30:00-04:00,0.0833383,0.083105,yes
KXDOGE15M-26JUN181915,Target Price: $0.0833747,2026-06-18 19:00:00-04:00,2026-06-18 19:15:00-04:00,0.0831056,0.083374,no
KXDOGE15M-26JUN181900,Target Price: $0.0831301,2026-06-18 18:45:00-04:00,2026-06-18 19:00:00-04:00,0.0833747,0.08313,yes
KXDOGE15M-26JUN181845,Target Price: $0.0831753,2026-06-18 18:30:00-04:00,2026-06-18 18:45:00-04:00,0.0831301,0.083175,no
KXDOGE15M-26JUN181830,Target Price: $0.0832448,2026-06-18 18:15:00-04:00,2026-06-18 18:30:00-04:00,0.0831753,0.083244,no
KXDOGE15M-26JUN181815,Target Price: $0.0833308,2026-06-18 18:00:00-04:00,2026-06-18 18:15:00-04:00,0.0832448,0.08333,no
KXDOGE15M-26JUN181800,Target Price: $0.0832432,2026-06-18 17:45:00-04:00,2026-06-18 18:00:00-04:00,0.0833308,0.083243,yes
KXDOGE15M-26JUN181745,Target Price: $0.0832904,2026-06-18 17:30:00-04:00,2026-06-18 17:45:00-04:00,0.0832432,0.08329,no
KXDOGE15M-26JUN181730,Target Price: $0.0831897,2026-06-18 17:15:00-04:00,2026-06-18 17:30:00-04:00,0.0832904,0.083189,yes
KXDOGE15M-26JUN181715,Target Price: $0.0833498,2026-06-18 17:00:00-04:00,2026-06-18 17:15:00-04:00,0.0831897,0.083349,no
KXDOGE15M-26JUN181700,Target Price: $0.0832668,2026-06-18 16:45:00-04:00,2026-06-18 17:00:00-04:00,0.0833498,0.083266,yes
KXDOGE15M-26JUN181645,Target Price: $0.0833451,2026-06-18 16:30:00-04:00,2026-06-18 16:45:00-04:00,0.0832668,0.083345,no
KXDOGE15M-26JUN181630,Target Price: $0.0831547,2026-06-18 16:15:00-04:00,2026-06-18 16:30:00-04:00,0.0833451,0.083154,yes
KXDOGE15M-26JUN181615,Target Price: $0.0828318,2026-06-18 16:00:00-04:00,2026-06-18 16:15:00-04:00,0.0831547,0.082831,yes
KXDOGE15M-26JUN181600,Target Price: $0.0827607,2026-06-18 15:45:00-04:00,2026-06-18 16:00:00-04:00,0.0828318,0.08276,yes
KXDOGE15M-26JUN181545,Target Price: $0.0824465,2026-06-18 15:30:00-04:00,2026-06-18 15:45:00-04:00,0.0827607,0.082446,yes
KXDOGE15M-26JUN181530,Target Price: $0.0824004,2026-06-18 15:15:00-04:00,2026-06-18 15:30:00-04:00,0.0824465,0.0824,yes
KXDOGE15M-26JUN181515,Target Price: $0.0823452,2026-06-18 15:00:00-04:00,2026-06-18 15:15:00-04:00,0.0824004,0.082345,yes
KXDOGE15M-26JUN181500,Target Price: $0.0824646,2026-06-18 14:45:00-04:00,2026-06-18 15:00:00-04:00,0.0823452,0.082464,no
KXDOGE15M-26JUN181445,Target Price: $0.0824162,2026-06-18 14:30:00-04:00,2026-06-18 14:45:00-04:00,0.0824646,0.082416,yes
KXDOGE15M-26JUN181430,Target Price: $0.0823410,2026-06-18 14:15:00-04:00,2026-06-18 14:30:00-04:00,0.0824162,0.082341,yes
KXDOGE15M-26JUN181415,Target Price: $0.0822723,2026-06-18 14:00:00-04:00,2026-06-18 14:15:00-04:00,0.0823410,0.082272,yes
KXDOGE15M-26JUN181400,Target Price: $0.0822939,2026-06-18 13:45:00-04:00,2026-06-18 14:00:00-04:00,0.0822723,0.082293,no
KXDOGE15M-26JUN181345,Target Price: $0.0822021,2026-06-18 13:30:00-04:00,2026-06-18 13:45:00-04:00,0.0822939,0.082202,yes
KXDOGE15M-26JUN181330,Target Price: $0.0822351,2026-06-18 13:15:00-04:00,2026-06-18 13:30:00-04:00,0.0822021,0.082235,no
KXDOGE15M-26JUN181315,Target Price: $0.0825433,2026-06-18 13:00:00-04:00,2026-06-18 13:15:00-04:00,0.0822351,0.082543,no
KXDOGE15M-26JUN181300,Target Price: $0.0824464,2026-06-18 12:45:00-04:00,2026-06-18 13:00:00-04:00,0.0825433,0.082446,yes
KXDOGE15M-26JUN181245,Target Price: $0.0823122,2026-06-18 12:30:00-04:00,2026-06-18 12:45:00-04:00,0.0824464,0.082312,yes
KXDOGE15M-26JUN181230,Target Price: $0.0824494,2026-06-18 12:15:00-04:00,2026-06-18 12:30:00-04:00,0.0823122,0.082449,no
KXDOGE15M-26JUN181215,Target Price: $0.0819772,2026-06-18 12:00:00-04:00,2026-06-18 12:15:00-04:00,0.0824494,0.081977,yes
KXDOGE15M-26JUN181200,Target Price: $0.0822032,2026-06-18 11:45:00-04:00,2026-06-18 12:00:00-04:00,0.0819772,0.082203,no
KXDOGE15M-26JUN181145,Target Price: $0.0828511,2026-06-18 11:30:00-04:00,2026-06-18 11:45:00-04:00,0.0822032,0.082851,no
KXDOGE15M-26JUN181130,Target Price: $0.0835555,2026-06-18 11:15:00-04:00,2026-06-18 11:30:00-04:00,0.0828511,0.083555,no
KXDOGE15M-26JUN181115,Target Price: $0.0838716,2026-06-18 11:00:00-04:00,2026-06-18 11:15:00-04:00,0.0835555,0.083871,no
KXDOGE15M-26JUN181100,Target Price: $0.0838876,2026-06-18 10:45:00-04:00,2026-06-18 11:00:00-04:00,0.0838716,0.083887,no
KXDOGE15M-26JUN181045,Target Price: $0.0839293,2026-06-18 10:30:00-04:00,2026-06-18 10:45:00-04:00,0.0838876,0.083929,no
KXDOGE15M-26JUN181030,Target Price: $0.0837633,2026-06-18 10:15:00-04:00,2026-06-18 10:30:00-04:00,0.0839293,0.083763,yes
KXDOGE15M-26JUN181015,Target Price: $0.0838464,2026-06-18 10:00:00-04:00,2026-06-18 10:15:00-04:00,0.0837633,0.083846,no
KXDOGE15M-26JUN181000,Target Price: $0.0839052,2026-06-18 09:45:00-04:00,2026-06-18 10:00:00-04:00,0.0838464,0.083905,no
KXDOGE15M-26JUN180945,Target Price: $0.0847169,2026-06-18 09:30:00-04:00,2026-06-18 09:45:00-04:00,0.0839052,0.084716,no
KXDOGE15M-26JUN180930,Target Price: $0.0846244,2026-06-18 09:15:00-04:00,2026-06-18 09:30:00-04:00,0.0847169,0.084624,yes
KXDOGE15M-26JUN180915,Target Price: $0.0847418,2026-06-18 09:00:00-04:00,2026-06-18 09:15:00-04:00,0.0846244,0.084741,no
KXDOGE15M-26JUN180900,Target Price: $0.0846148,2026-06-18 08:45:00-04:00,2026-06-18 09:00:00-04:00,0.0847418,0.084614,yes
KXDOGE15M-26JUN180845,Target Price: $0.0846431,2026-06-18 08:30:00-04:00,2026-06-18 08:45:00-04:00,0.0846148,0.084643,no
KXDOGE15M-26JUN180830,Target Price: $0.0844717,2026-06-18 08:15:00-04:00,2026-06-18 08:30:00-04:00,0.0846431,0.084471,yes
KXDOGE15M-26JUN180815,Target Price: $0.0844517,2026-06-18 08:00:00-04:00,2026-06-18 08:15:00-04:00,0.0844717,0.084451,yes
KXDOGE15M-26JUN180800,Target Price: $0.0843560,2026-06-18 07:45:00-04:00,2026-06-18 08:00:00-04:00,0.0844517,0.084356,yes
KXDOGE15M-26JUN180745,Target Price: $0.0845494,2026-06-18 07:30:00-04:00,2026-06-18 07:45:00-04:00,0.0843560,0.084549,no
KXDOGE15M-26JUN180730,Target Price: $0.0846743,2026-06-18 07:15:00-04:00,2026-06-18 07:30:00-04:00,0.0845494,0.084674,no
KXDOGE15M-26JUN180715,Target Price: $0.0848456,2026-06-18 07:00:00-04:00,2026-06-18 07:15:00-04:00,0.0846743,0.084845,no
KXDOGE15M-26JUN180700,Target Price: $0.0846969,2026-06-18 06:45:00-04:00,2026-06-18 07:00:00-04:00,0.0848456,0.084696,yes
KXDOGE15M-26JUN180645,Target Price: $0.0846965,2026-06-18 06:30:00-04:00,2026-06-18 06:45:00-04:00,0.0846969,0.084696,yes
KXDOGE15M-26JUN180630,Target Price: $0.0846734,2026-06-18 06:15:00-04:00,2026-06-18 06:30:00-04:00,0.0846965,0.084673,yes
KXDOGE15M-26JUN180615,Target Price: $0.0850085,2026-06-18 06:00:00-04:00,2026-06-18 06:15:00-04:00,0.0846734,0.085008,no
KXDOGE15M-26JUN180600,Target Price: $0.0850526,2026-06-18 05:45:00-04:00,2026-06-18 06:00:00-04:00,0.0850085,0.085052,no
KXDOGE15M-26JUN180545,Target Price: $0.0848599,2026-06-18 05:30:00-04:00,2026-06-18 05:45:00-04:00,0.0850526,0.084859,yes
KXDOGE15M-26JUN180530,Target Price: $0.0850000,2026-06-18 05:15:00-04:00,2026-06-18 05:30:00-04:00,0.0848599,0.085,no
KXDOGE15M-26JUN180515,Target Price: $0.0849776,2026-06-18 05:00:00-04:00,2026-06-18 05:15:00-04:00,0.0850000,0.084977,yes
KXDOGE15M-26JUN180200,Target Price: $0.0842624,2026-06-18 01:45:00-04:00,2026-06-18 02:00:00-04:00,0.0841936,0.084262,no
KXDOGE15M-26JUN180145,Target Price: $0.0842037,2026-06-18 01:30:00-04:00,2026-06-18 01:45:00-04:00,0.0842624,0.084203,yes
KXDOGE15M-26JUN180130,Target Price: $0.0840618,2026-06-18 01:15:00-04:00,2026-06-18 01:30:00-04:00,0.0842037,0.084061,yes
KXDOGE15M-26JUN180115,Target Price: $0.0846597,2026-06-18 01:00:00-04:00,2026-06-18 01:15:00-04:00,0.0840618,0.084659,no
KXDOGE15M-26JUN180100,Target Price: $0.0845525,2026-06-18 00:45:00-04:00,2026-06-18 01:00:00-04:00,0.0846597,0.084552,yes
KXDOGE15M-26JUN180045,Target Price: $0.0846215,2026-06-18 00:30:00-04:00,2026-06-18 00:45:00-04:00,0.0845525,0.084621,no
KXDOGE15M-26JUN180030,Target Price: $0.0846127,2026-06-18 00:15:00-04:00,2026-06-18 00:30:00-04:00,0.0846215,0.084612,yes
KXDOGE15M-26JUN180015,Target Price: $0.0852511,2026-06-18 00:00:00-04:00,2026-06-18 00:15:00-04:00,0.0846127,0.085251,no
KXDOGE15M-26JUN180000,Target Price: $0.0852272,2026-06-17 23:45:00-04:00,2026-06-18 00:00:00-04:00,0.0852511,0.085227,yes
KXDOGE15M-26JUN172345,Target Price: $0.0854883,2026-06-17 23:30:00-04:00,2026-06-17 23:45:00-04:00,0.0852272,0.085488,no
KXDOGE15M-26JUN172330,Target Price: $0.0860014,2026-06-17 23:15:00-04:00,2026-06-17 23:30:00-04:00,0.0854883,0.086001,no
KXDOGE15M-26JUN172315,Target Price: $0.0861297,2026-06-17 23:00:00-04:00,2026-06-17 23:15:00-04:00,0.0860014,0.086129,no
KXDOGE15M-26JUN172300,Target Price: $0.0861236,2026-06-17 22:45:00-04:00,2026-06-17 23:00:00-04:00,0.0861297,0.086123,yes
KXDOGE15M-26JUN172245,Target Price: $0.0862633,2026-06-17 22:30:00-04:00,2026-06-17 22:45:00-04:00,0.0861236,0.086263,no
KXDOGE15M-26JUN172230,Target Price: $0.0860820,2026-06-17 22:15:00-04:00,2026-06-17 22:30:00-04:00,0.0862633,0.086082,yes
KXDOGE15M-26JUN172215,Target Price: $0.0861679,2026-06-17 22:00:00-04:00,2026-06-17 22:15:00-04:00,0.0860820,0.086167,no
KXDOGE15M-26JUN172200,Target Price: $0.0860910,2026-06-17 21:45:00-04:00,2026-06-17 22:00:00-04:00,0.0861679,0.086091,yes
KXDOGE15M-26JUN172145,Target Price: $0.0862306,2026-06-17 21:30:00-04:00,2026-06-17 21:45:00-04:00,0.0860910,0.08623,no
KXDOGE15M-26JUN172130,Target Price: $0.0863401,2026-06-17 21:15:00-04:00,2026-06-17 21:30:00-04:00,0.0862306,0.08634,no
KXDOGE15M-26JUN172115,Target Price: $0.0861466,2026-06-17 21:00:00-04:00,2026-06-17 21:15:00-04:00,0.0863401,0.086146,yes
KXDOGE15M-26JUN172100,Target Price: $0.0861411,2026-06-17 20:45:00-04:00,2026-06-17 21:00:00-04:00,0.0861466,0.086141,yes
KXDOGE15M-26JUN172045,Target Price: $0.0861137,2026-06-17 20:30:00-04:00,2026-06-17 20:45:00-04:00,0.0861411,0.086113,yes
KXDOGE15M-26JUN172030,Target Price: $0.0861476,2026-06-17 20:15:00-04:00,2026-06-17 20:30:00-04:00,0.0861137,0.086147,no
KXDOGE15M-26JUN172015,Target Price: $0.0858323,2026-06-17 20:00:00-04:00,2026-06-17 20:15:00-04:00,0.0861476,0.085832,yes
KXDOGE15M-26JUN172000,Target Price: $0.0858120,2026-06-17 19:45:00-04:00,2026-06-17 20:00:00-04:00,0.0858323,0.085812,yes
KXDOGE15M-26JUN171945,Target Price: $0.0860178,2026-06-17 19:30:00-04:00,2026-06-17 19:45:00-04:00,0.0858120,0.086017,no
KXDOGE15M-26JUN171930,Target Price: $0.0857577,2026-06-17 19:15:00-04:00,2026-06-17 19:30:00-04:00,0.0860178,0.085757,yes
KXDOGE15M-26JUN171915,Target Price: $0.0857788,2026-06-17 19:00:00-04:00,2026-06-17 19:15:00-04:00,0.0857577,0.085778,no
KXDOGE15M-26JUN171900,Target Price: $0.0857205,2026-06-17 18:45:00-04:00,2026-06-17 19:00:00-04:00,0.0857788,0.08572,yes
KXDOGE15M-26JUN171845,Target Price: $0.0857014,2026-06-17 18:30:00-04:00,2026-06-17 18:45:00-04:00,0.0857205,0.085701,yes
KXDOGE15M-26JUN171830,Target Price: $0.0853295,2026-06-17 18:15:00-04:00,2026-06-17 18:30:00-04:00,0.0857014,0.085329,yes
KXDOGE15M-26JUN171815,Target Price: $0.0855258,2026-06-17 18:00:00-04:00,2026-06-17 18:15:00-04:00,0.0853295,0.085525,no
KXDOGE15M-26JUN171800,Target Price: $0.0856378,2026-06-17 17:45:00-04:00,2026-06-17 18:00:00-04:00,0.0855258,0.085637,no
KXDOGE15M-26JUN171745,Target Price: $0.0858764,2026-06-17 17:30:00-04:00,2026-06-17 17:45:00-04:00,0.0856378,0.085876,no
KXDOGE15M-26JUN171730,Target Price: $0.0858556,2026-06-17 17:15:00-04:00,2026-06-17 17:30:00-04:00,0.0858764,0.085855,yes
KXDOGE15M-26JUN171715,Target Price: $0.0861729,2026-06-17 17:00:00-04:00,2026-06-17 17:15:00-04:00,0.0858556,0.086172,no
KXDOGE15M-26JUN171700,Target Price: $0.0856306,2026-06-17 16:45:00-04:00,2026-06-17 17:00:00-04:00,0.0861729,0.08563,yes
KXDOGE15M-26JUN171645,Target Price: $0.0856701,2026-06-17 16:30:00-04:00,2026-06-17 16:45:00-04:00,0.0856306,0.08567,no
KXDOGE15M-26JUN171630,Target Price: $0.0856185,2026-06-17 16:15:00-04:00,2026-06-17 16:30:00-04:00,0.0856701,0.085618,yes
KXDOGE15M-26JUN171615,Target Price: $0.0853396,2026-06-17 16:00:00-04:00,2026-06-17 16:15:00-04:00,0.0856185,0.085339,yes
KXDOGE15M-26JUN171600,Target Price: $0.0850680,2026-06-17 15:45:00-04:00,2026-06-17 16:00:00-04:00,0.0853396,0.085068,yes
KXDOGE15M-26JUN171545,Target Price: $0.0855097,2026-06-17 15:30:00-04:00,2026-06-17 15:45:00-04:00,0.0850680,0.085509,no
KXDOGE15M-26JUN171530,Target Price: $0.0869623,2026-06-17 15:15:00-04:00,2026-06-17 15:30:00-04:00,0.0855097,0.086962,no
KXDOGE15M-26JUN171515,Target Price: $0.0870082,2026-06-17 15:00:00-04:00,2026-06-17 15:15:00-04:00,0.0869623,0.087008,no
KXDOGE15M-26JUN171500,Target Price: $0.0876639,2026-06-17 14:45:00-04:00,2026-06-17 15:00:00-04:00,0.0870082,0.087663,no
KXDOGE15M-26JUN171445,Target Price: $0.0865935,2026-06-17 14:30:00-04:00,2026-06-17 14:45:00-04:00,0.0876639,0.086593,yes
KXDOGE15M-26JUN171430,Target Price: $0.0867282,2026-06-17 14:15:00-04:00,2026-06-17 14:30:00-04:00,0.0865935,0.086728,no
KXDOGE15M-26JUN171415,Target Price: $0.0873985,2026-06-17 14:00:00-04:00,2026-06-17 14:15:00-04:00,0.0867282,0.087398,no
KXDOGE15M-26JUN171400,Target Price: $0.0869905,2026-06-17 13:45:00-04:00,2026-06-17 14:00:00-04:00,0.0873985,0.08699,yes
KXDOGE15M-26JUN171345,Target Price: $0.0871985,2026-06-17 13:30:00-04:00,2026-06-17 13:45:00-04:00,0.0869905,0.087198,no
KXDOGE15M-26JUN171330,Target Price: $0.0869661,2026-06-17 13:15:00-04:00,2026-06-17 13:30:00-04:00,0.0871985,0.086966,yes
KXDOGE15M-26JUN171315,Target Price: $0.0870080,2026-06-17 13:00:00-04:00,2026-06-17 13:15:00-04:00,0.0869661,0.087008,no
KXDOGE15M-26JUN171300,Target Price: $0.0872811,2026-06-17 12:45:00-04:00,2026-06-17 13:00:00-04:00,0.0870080,0.087281,no
KXDOGE15M-26JUN171245,Target Price: $0.0875917,2026-06-17 12:30:00-04:00,2026-06-17 12:45:00-04:00,0.0872811,0.087591,no
KXDOGE15M-26JUN171230,Target Price: $0.0871603,2026-06-17 12:15:00-04:00,2026-06-17 12:30:00-04:00,0.0875917,0.08716,yes
KXDOGE15M-26JUN171215,Target Price: $0.0872161,2026-06-17 12:00:00-04:00,2026-06-17 12:15:00-04:00,0.0871603,0.087216,no
KXDOGE15M-26JUN171200,Target Price: $0.0867614,2026-06-17 11:45:00-04:00,2026-06-17 12:00:00-04:00,0.0872161,0.086761,yes
KXDOGE15M-26JUN171145,Target Price: $0.0865655,2026-06-17 11:30:00-04:00,2026-06-17 11:45:00-04:00,0.0867614,0.086565,yes
KXDOGE15M-26JUN171130,Target Price: $0.0863139,2026-06-17 11:15:00-04:00,2026-06-17 11:30:00-04:00,0.0865655,0.086313,yes
KXDOGE15M-26JUN171115,Target Price: $0.0860492,2026-06-17 11:00:00-04:00,2026-06-17 11:15:00-04:00,0.0863139,0.086049,yes
KXDOGE15M-26JUN171100,Target Price: $0.0862679,2026-06-17 10:45:00-04:00,2026-06-17 11:00:00-04:00,0.0860492,0.086267,no
KXDOGE15M-26JUN171045,Target Price: $0.0863397,2026-06-17 10:30:00-04:00,2026-06-17 10:45:00-04:00,0.0862679,0.086339,no
KXDOGE15M-26JUN171030,Target Price: $0.0864059,2026-06-17 10:15:00-04:00,2026-06-17 10:30:00-04:00,0.0863397,0.086405,no
KXDOGE15M-26JUN171015,Target Price: $0.0862469,2026-06-17 10:00:00-04:00,2026-06-17 10:15:00-04:00,0.0864059,0.086246,yes
KXDOGE15M-26JUN171000,Target Price: $0.0864044,2026-06-17 09:45:00-04:00,2026-06-17 10:00:00-04:00,0.0862469,0.086404,no
KXDOGE15M-26JUN170945,Target Price: $0.0860603,2026-06-17 09:30:00-04:00,2026-06-17 09:45:00-04:00,0.0864044,0.08606,yes
KXDOGE15M-26JUN170930,Target Price: $0.0862255,2026-06-17 09:15:00-04:00,2026-06-17 09:30:00-04:00,0.0860603,0.086225,no
KXDOGE15M-26JUN170915,Target Price: $0.0862030,2026-06-17 09:00:00-04:00,2026-06-17 09:15:00-04:00,0.0862255,0.086203,yes
KXDOGE15M-26JUN170900,Target Price: $0.0859421,2026-06-17 08:45:00-04:00,2026-06-17 09:00:00-04:00,0.0862030,0.085942,yes
KXDOGE15M-26JUN170845,Target Price: $0.0855861,2026-06-17 08:30:00-04:00,2026-06-17 08:45:00-04:00,0.0859421,0.085586,yes
KXDOGE15M-26JUN170830,Target Price: $0.0859820,2026-06-17 08:15:00-04:00,2026-06-17 08:30:00-04:00,0.0855861,0.085982,no
KXDOGE15M-26JUN170815,Target Price: $0.0858146,2026-06-17 08:00:00-04:00,2026-06-17 08:15:00-04:00,0.0859820,0.085814,yes
KXDOGE15M-26JUN170800,Target Price: $0.0858789,2026-06-17 07:45:00-04:00,2026-06-17 08:00:00-04:00,0.0858146,0.085878,no
KXDOGE15M-26JUN170745,Target Price: $0.0857049,2026-06-17 07:30:00-04:00,2026-06-17 07:45:00-04:00,0.0858789,0.085704,yes
KXDOGE15M-26JUN170730,Target Price: $0.0857428,2026-06-17 07:15:00-04:00,2026-06-17 07:30:00-04:00,0.0857049,0.085742,no
KXDOGE15M-26JUN170715,Target Price: $0.0859313,2026-06-17 07:00:00-04:00,2026-06-17 07:15:00-04:00,0.0857428,0.085931,no
KXDOGE15M-26JUN170700,Target Price: $0.0860548,2026-06-17 06:45:00-04:00,2026-06-17 07:00:00-04:00,0.0859313,0.086054,no
KXDOGE15M-26JUN170645,Target Price: $0.0860452,2026-06-17 06:30:00-04:00,2026-06-17 06:45:00-04:00,0.0860548,0.086045,yes
KXDOGE15M-26JUN170630,Target Price: $0.0859908,2026-06-17 06:15:00-04:00,2026-06-17 06:30:00-04:00,0.0860452,0.08599,yes
KXDOGE15M-26JUN170615,Target Price: $0.0859929,2026-06-17 06:00:00-04:00,2026-06-17 06:15:00-04:00,0.0859908,0.085992,no
KXDOGE15M-26JUN170600,Target Price: $0.0859499,2026-06-17 05:45:00-04:00,2026-06-17 06:00:00-04:00,0.0859929,0.085949,yes
KXDOGE15M-26JUN170545,Target Price: $0.0860754,2026-06-17 05:30:00-04:00,2026-06-17 05:45:00-04:00,0.0859499,0.086075,no
KXDOGE15M-26JUN170530,Target Price: $0.0860299,2026-06-17 05:15:00-04:00,2026-06-17 05:30:00-04:00,0.0860754,0.086029,yes
KXDOGE15M-26JUN170515,Target Price: $0.0859233,2026-06-17 05:00:00-04:00,2026-06-17 05:15:00-04:00,0.0860299,0.085923,yes
KXDOGE15M-26JUN170500,Target Price: $0.0859600,2026-06-17 04:45:00-04:00,2026-06-17 05:00:00-04:00,0.0859233,0.08596,no
KXDOGE15M-26JUN170445,Target Price: $0.0864625,2026-06-17 04:30:00-04:00,2026-06-17 04:45:00-04:00,0.0859600,0.086462,no
KXDOGE15M-26JUN170430,Target Price: $0.0865078,2026-06-17 04:15:00-04:00,2026-06-17 04:30:00-04:00,0.0864625,0.086507,no
KXDOGE15M-26JUN170415,Target Price: $0.0868186,2026-06-17 04:00:00-04:00,2026-06-17 04:15:00-04:00,0.0865078,0.086818,no
KXDOGE15M-26JUN170400,Target Price: $0.0868291,2026-06-17 03:45:00-04:00,2026-06-17 04:00:00-04:00,0.0868186,0.086829,no
KXDOGE15M-26JUN170345,Target Price: $0.0867176,2026-06-17 03:30:00-04:00,2026-06-17 03:45:00-04:00,0.0868291,0.086717,yes
KXDOGE15M-26JUN170330,Target Price: $0.0870668,2026-06-17 03:15:00-04:00,2026-06-17 03:30:00-04:00,0.0867176,0.087066,no
KXDOGE15M-26JUN170315,Target Price: $0.0869493,2026-06-17 03:00:00-04:00,2026-06-17 03:15:00-04:00,0.0870668,0.086949,yes
KXDOGE15M-26JUN170300,Target Price: $0.0868430,2026-06-17 02:45:00-04:00,2026-06-17 03:00:00-04:00,0.0869493,0.086843,yes
KXDOGE15M-26JUN170245,Target Price: $0.0870646,2026-06-17 02:30:00-04:00,2026-06-17 02:45:00-04:00,0.0868430,0.087064,no
KXDOGE15M-26JUN170230,Target Price: $0.0874205,2026-06-17 02:15:00-04:00,2026-06-17 02:30:00-04:00,0.0870646,0.08742,no
KXDOGE15M-26JUN170215,Target Price: $0.0873279,2026-06-17 02:00:00-04:00,2026-06-17 02:15:00-04:00,0.0874205,0.087327,yes
KXDOGE15M-26JUN170200,Target Price: $0.0875961,2026-06-17 01:45:00-04:00,2026-06-17 02:00:00-04:00,0.0873279,0.087596,no
KXDOGE15M-26JUN170145,Target Price: $0.0875246,2026-06-17 01:30:00-04:00,2026-06-17 01:45:00-04:00,0.0875961,0.087524,yes
KXDOGE15M-26JUN170130,Target Price: $0.0873455,2026-06-17 01:15:00-04:00,2026-06-17 01:30:00-04:00,0.0875246,0.087345,yes
KXDOGE15M-26JUN170115,Target Price: $0.0874680,2026-06-17 01:00:00-04:00,2026-06-17 01:15:00-04:00,0.0873455,0.087468,no
KXDOGE15M-26JUN170100,Target Price: $0.0876139,2026-06-17 00:45:00-04:00,2026-06-17 01:00:00-04:00,0.0874680,0.087613,no
KXDOGE15M-26JUN170045,Target Price: $0.0874844,2026-06-17 00:30:00-04:00,2026-06-17 00:45:00-04:00,0.0876139,0.087484,yes
KXDOGE15M-26JUN170030,Target Price: $0.0874281,2026-06-17 00:15:00-04:00,2026-06-17 00:30:00-04:00,0.0874844,0.087428,yes
KXDOGE15M-26JUN170015,Target Price: $0.0873846,2026-06-17 00:00:00-04:00,2026-06-17 00:15:00-04:00,0.0874281,0.087384,yes
KXDOGE15M-26JUN170000,Target Price: $0.0873488,2026-06-16 23:45:00-04:00,2026-06-17 00:00:00-04:00,0.0873846,0.087348,yes
KXDOGE15M-26JUN162345,Target Price: $0.0874038,2026-06-16 23:30:00-04:00,2026-06-16 23:45:00-04:00,0.0873488,0.087403,no
KXDOGE15M-26JUN162330,Target Price: $0.0875151,2026-06-16 23:15:00-04:00,2026-06-16 23:30:00-04:00,0.0874038,0.087515,no
KXDOGE15M-26JUN162315,Target Price: $0.0877112,2026-06-16 23:00:00-04:00,2026-06-16 23:15:00-04:00,0.0875151,0.087711,no
KXDOGE15M-26JUN162300,Target Price: $0.0876228,2026-06-16 22:45:00-04:00,2026-06-16 23:00:00-04:00,0.0877112,0.087622,yes
KXDOGE15M-26JUN162245,Target Price: $0.0879873,2026-06-16 22:30:00-04:00,2026-06-16 22:45:00-04:00,0.0876228,0.087987,no
KXDOGE15M-26JUN162230,Target Price: $0.0876073,2026-06-16 22:15:00-04:00,2026-06-16 22:30:00-04:00,0.0879873,0.087607,yes
KXDOGE15M-26JUN162215,Target Price: $0.0877288,2026-06-16 22:00:00-04:00,2026-06-16 22:15:00-04:00,0.0876073,0.087728,no
KXDOGE15M-26JUN162200,Target Price: $0.0874244,2026-06-16 21:45:00-04:00,2026-06-16 22:00:00-04:00,0.0877288,0.087424,yes
KXDOGE15M-26JUN162145,Target Price: $0.0871200,2026-06-16 21:30:00-04:00,2026-06-16 21:45:00-04:00,0.0874244,0.08712,yes
KXDOGE15M-26JUN162130,Target Price: $0.0873914,2026-06-16 21:15:00-04:00,2026-06-16 21:30:00-04:00,0.0871200,0.087391,no
KXDOGE15M-26JUN162115,Target Price: $0.0873773,2026-06-16 21:00:00-04:00,2026-06-16 21:15:00-04:00,0.0873914,0.087377,yes
KXDOGE15M-26JUN162100,Target Price: $0.0873920,2026-06-16 20:45:00-04:00,2026-06-16 21:00:00-04:00,0.0873773,0.087392,no
KXDOGE15M-26JUN162045,Target Price: $0.0871623,2026-06-16 20:30:00-04:00,2026-06-16 20:45:00-04:00,0.0873920,0.087162,yes
KXDOGE15M-26JUN162030,Target Price: $0.0872085,2026-06-16 20:15:00-04:00,2026-06-16 20:30:00-04:00,0.0871623,0.087208,no
KXDOGE15M-26JUN162015,Target Price: $0.0870920,2026-06-16 20:00:00-04:00,2026-06-16 20:15:00-04:00,0.0872085,0.087092,yes
KXDOGE15M-26JUN162000,Target Price: $0.0872981,2026-06-16 19:45:00-04:00,2026-06-16 20:00:00-04:00,0.0870920,0.087298,no
KXDOGE15M-26JUN161945,Target Price: $0.0871812,2026-06-16 19:30:00-04:00,2026-06-16 19:45:00-04:00,0.0872981,0.087181,yes
KXDOGE15M-26JUN161930,Target Price: $0.0871284,2026-06-16 19:15:00-04:00,2026-06-16 19:30:00-04:00,0.0871812,0.087128,yes
KXDOGE15M-26JUN161915,Target Price: $0.0872704,2026-06-16 19:00:00-04:00,2026-06-16 19:15:00-04:00,0.0871284,0.08727,no
KXDOGE15M-26JUN161900,Target Price: $0.0872375,2026-06-16 18:45:00-04:00,2026-06-16 19:00:00-04:00,0.0872704,0.087237,yes
KXDOGE15M-26JUN161845,Target Price: $0.0873089,2026-06-16 18:30:00-04:00,2026-06-16 18:45:00-04:00,0.0872375,0.087308,no
KXDOGE15M-26JUN161830,Target Price: $0.0874592,2026-06-16 18:15:00-04:00,2026-06-16 18:30:00-04:00,0.0873089,0.087459,no
KXDOGE15M-26JUN161815,Target Price: $0.0873905,2026-06-16 18:00:00-04:00,2026-06-16 18:15:00-04:00,0.0874592,0.08739,yes
KXDOGE15M-26JUN161800,Target Price: $0.0873475,2026-06-16 17:45:00-04:00,2026-06-16 18:00:00-04:00,0.0873905,0.087347,yes
KXDOGE15M-26JUN161745,Target Price: $0.0874511,2026-06-16 17:30:00-04:00,2026-06-16 17:45:00-04:00,0.0873475,0.087451,no
KXDOGE15M-26JUN161730,Target Price: $0.0876312,2026-06-16 17:15:00-04:00,2026-06-16 17:30:00-04:00,0.0874511,0.087631,no
KXDOGE15M-26JUN161715,Target Price: $0.0875964,2026-06-16 17:00:00-04:00,2026-06-16 17:15:00-04:00,0.0876312,0.087596,yes
KXDOGE15M-26JUN161700,Target Price: $0.0875916,2026-06-16 16:45:00-04:00,2026-06-16 17:00:00-04:00,0.0875964,0.087591,yes
KXDOGE15M-26JUN161645,Target Price: $0.0873844,2026-06-16 16:30:00-04:00,2026-06-16 16:45:00-04:00,0.0875916,0.087384,yes
KXDOGE15M-26JUN161630,Target Price: $0.0874143,2026-06-16 16:15:00-04:00,2026-06-16 16:30:00-04:00,0.0873844,0.087414,no
KXDOGE15M-26JUN161615,Target Price: $0.0871700,2026-06-16 16:00:00-04:00,2026-06-16 16:15:00-04:00,0.0874143,0.08717,yes
KXDOGE15M-26JUN161600,Target Price: $0.0874861,2026-06-16 15:45:00-04:00,2026-06-16 16:00:00-04:00,0.0871700,0.087486,no
KXDOGE15M-26JUN161545,Target Price: $0.0873330,2026-06-16 15:30:00-04:00,2026-06-16 15:45:00-04:00,0.0874861,0.087333,yes
KXDOGE15M-26JUN161530,Target Price: $0.0872104,2026-06-16 15:15:00-04:00,2026-06-16 15:30:00-04:00,0.0873330,0.08721,yes
KXDOGE15M-26JUN161515,Target Price: $0.0875029,2026-06-16 15:00:00-04:00,2026-06-16 15:15:00-04:00,0.0872104,0.087502,no
KXDOGE15M-26JUN161500,Target Price: $0.0874568,2026-06-16 14:45:00-04:00,2026-06-16 15:00:00-04:00,0.0875029,0.087456,yes
KXDOGE15M-26JUN161445,Target Price: $0.0873329,2026-06-16 14:30:00-04:00,2026-06-16 14:45:00-04:00,0.0874568,0.087332,yes
KXDOGE15M-26JUN161430,Target Price: $0.0875517,2026-06-16 14:15:00-04:00,2026-06-16 14:30:00-04:00,0.0873329,0.087551,no
KXDOGE15M-26JUN161415,Target Price: $0.0871494,2026-06-16 14:00:00-04:00,2026-06-16 14:15:00-04:00,0.0875517,0.087149,yes
KXDOGE15M-26JUN161400,Target Price: $0.0867219,2026-06-16 13:45:00-04:00,2026-06-16 14:00:00-04:00,0.0871494,0.086721,yes
KXDOGE15M-26JUN161345,Target Price: $0.0866032,2026-06-16 13:30:00-04:00,2026-06-16 13:45:00-04:00,0.0867219,0.086603,yes
KXDOGE15M-26JUN161330,Target Price: $0.0866783,2026-06-16 13:15:00-04:00,2026-06-16 13:30:00-04:00,0.0866032,0.086678,no
KXDOGE15M-26JUN161315,Target Price: $0.0864889,2026-06-16 13:00:00-04:00,2026-06-16 13:15:00-04:00,0.0866783,0.086488,yes
KXDOGE15M-26JUN161300,Target Price: $0.0865852,2026-06-16 12:45:00-04:00,2026-06-16 13:00:00-04:00,0.0864889,0.086585,no
KXDOGE15M-26JUN161245,Target Price: $0.0868522,2026-06-16 12:30:00-04:00,2026-06-16 12:45:00-04:00,0.0865852,0.086852,no
KXDOGE15M-26JUN161230,Target Price: $0.0869260,2026-06-16 12:15:00-04:00,2026-06-16 12:30:00-04:00,0.0868522,0.086926,no
KXDOGE15M-26JUN161215,Target Price: $0.0871476,2026-06-16 12:00:00-04:00,2026-06-16 12:15:00-04:00,0.0869260,0.087147,no
KXDOGE15M-26JUN161200,Target Price: $0.0870242,2026-06-16 11:45:00-04:00,2026-06-16 12:00:00-04:00,0.0871476,0.087024,yes
KXDOGE15M-26JUN161145,Target Price: $0.0869348,2026-06-16 11:30:00-04:00,2026-06-16 11:45:00-04:00,0.0870242,0.086934,yes
KXDOGE15M-26JUN161130,Target Price: $0.0869816,2026-06-16 11:15:00-04:00,2026-06-16 11:30:00-04:00,0.0869348,0.086981,no
KXDOGE15M-26JUN161115,Target Price: $0.0865613,2026-06-16 11:00:00-04:00,2026-06-16 11:15:00-04:00,0.0869816,0.086561,yes
KXDOGE15M-26JUN161100,Target Price: $0.0867188,2026-06-16 10:45:00-04:00,2026-06-16 11:00:00-04:00,0.0865613,0.086718,no
KXDOGE15M-26JUN161045,Target Price: $0.0865681,2026-06-16 10:30:00-04:00,2026-06-16 10:45:00-04:00,0.0867188,0.086568,yes
KXDOGE15M-26JUN161030,Target Price: $0.0873589,2026-06-16 10:15:00-04:00,2026-06-16 10:30:00-04:00,0.0865681,0.087358,no
KXDOGE15M-26JUN161015,Target Price: $0.0873856,2026-06-16 10:00:00-04:00,2026-06-16 10:15:00-04:00,0.0873589,0.087385,no
KXDOGE15M-26JUN161000,Target Price: $0.0876220,2026-06-16 09:45:00-04:00,2026-06-16 10:00:00-04:00,0.0873856,0.087622,no
KXDOGE15M-26JUN160945,Target Price: $0.0874556,2026-06-16 09:30:00-04:00,2026-06-16 09:45:00-04:00,0.0876220,0.087455,yes
KXDOGE15M-26JUN160930,Target Price: $0.0876199,2026-06-16 09:15:00-04:00,2026-06-16 09:30:00-04:00,0.0874556,0.087619,no
KXDOGE15M-26JUN160915,Target Price: $0.0883553,2026-06-16 09:00:00-04:00,2026-06-16 09:15:00-04:00,0.0876199,0.088355,no
KXDOGE15M-26JUN160900,Target Price: $0.0883866,2026-06-16 08:45:00-04:00,2026-06-16 09:00:00-04:00,0.0883553,0.088386,no
KXDOGE15M-26JUN160845,Target Price: $0.0883938,2026-06-16 08:30:00-04:00,2026-06-16 08:45:00-04:00,0.0883866,0.088393,no
KXDOGE15M-26JUN160830,Target Price: $0.0882165,2026-06-16 08:15:00-04:00,2026-06-16 08:30:00-04:00,0.0883938,0.088216,yes
KXDOGE15M-26JUN160815,Target Price: $0.0881262,2026-06-16 08:00:00-04:00,2026-06-16 08:15:00-04:00,0.0882165,0.088126,yes
KXDOGE15M-26JUN160800,Target Price: $0.0879741,2026-06-16 07:45:00-04:00,2026-06-16 08:00:00-04:00,0.0881262,0.087974,yes
KXDOGE15M-26JUN160745,Target Price: $0.0880012,2026-06-16 07:30:00-04:00,2026-06-16 07:45:00-04:00,0.0879741,0.088001,no
KXDOGE15M-26JUN160730,Target Price: $0.0881206,2026-06-16 07:15:00-04:00,2026-06-16 07:30:00-04:00,0.0880012,0.08812,no
KXDOGE15M-26JUN160715,Target Price: $0.0882313,2026-06-16 07:00:00-04:00,2026-06-16 07:15:00-04:00,0.0881206,0.088231,no
KXDOGE15M-26JUN160700,Target Price: $0.0885456,2026-06-16 06:45:00-04:00,2026-06-16 07:00:00-04:00,0.0882313,0.088545,no
KXDOGE15M-26JUN160645,Target Price: $0.0885592,2026-06-16 06:30:00-04:00,2026-06-16 06:45:00-04:00,0.0885456,0.088559,no
KXDOGE15M-26JUN160630,Target Price: $0.0882536,2026-06-16 06:15:00-04:00,2026-06-16 06:30:00-04:00,0.0885592,0.088253,yes
KXDOGE15M-26JUN160615,Target Price: $0.0884958,2026-06-16 06:00:00-04:00,2026-06-16 06:15:00-04:00,0.0882536,0.088495,no
KXDOGE15M-26JUN160600,Target Price: $0.0887434,2026-06-16 05:45:00-04:00,2026-06-16 06:00:00-04:00,0.0884958,0.088743,no
KXDOGE15M-26JUN160545,Target Price: $0.0885784,2026-06-16 05:30:00-04:00,2026-06-16 05:45:00-04:00,0.0887434,0.088578,yes
KXDOGE15M-26JUN160530,Target Price: $0.0887471,2026-06-16 05:15:00-04:00,2026-06-16 05:30:00-04:00,0.0885784,0.088747,no
KXDOGE15M-26JUN160515,Target Price: $0.0888173,2026-06-16 05:00:00-04:00,2026-06-16 05:15:00-04:00,0.0887471,0.088817,no
KXDOGE15M-26JUN160500,Target Price: $0.0882869,2026-06-16 04:45:00-04:00,2026-06-16 05:00:00-04:00,0.0888173,0.088286,yes
KXDOGE15M-26JUN160445,Target Price: $0.0881311,2026-06-16 04:30:00-04:00,2026-06-16 04:45:00-04:00,0.0882869,0.088131,yes
KXDOGE15M-26JUN160430,Target Price: $0.0877812,2026-06-16 04:15:00-04:00,2026-06-16 04:30:00-04:00,0.0881311,0.087781,yes
KXDOGE15M-26JUN160415,Target Price: $0.0877989,2026-06-16 04:00:00-04:00,2026-06-16 04:15:00-04:00,0.0877812,0.087798,no
KXDOGE15M-26JUN160400,Target Price: $0.0876227,2026-06-16 03:45:00-04:00,2026-06-16 04:00:00-04:00,0.0877989,0.087622,yes
KXDOGE15M-26JUN160345,Target Price: $0.0875849,2026-06-16 03:30:00-04:00,2026-06-16 03:45:00-04:00,0.0876227,0.087584,yes
KXDOGE15M-26JUN160330,Target Price: $0.0875351,2026-06-16 03:15:00-04:00,2026-06-16 03:30:00-04:00,0.0875849,0.087535,yes
KXDOGE15M-26JUN160315,Target Price: $0.0876201,2026-06-16 03:00:00-04:00,2026-06-16 03:15:00-04:00,0.0875351,0.08762,no
KXDOGE15M-26JUN160300,Target Price: $0.0875341,2026-06-16 02:45:00-04:00,2026-06-16 03:00:00-04:00,0.0876201,0.087534,yes
KXDOGE15M-26JUN160245,Target Price: $0.0873779,2026-06-16 02:30:00-04:00,2026-06-16 02:45:00-04:00,0.0875341,0.087377,yes
KXDOGE15M-26JUN160230,Target Price: $0.0873464,2026-06-16 02:15:00-04:00,2026-06-16 02:30:00-04:00,0.0873779,0.087346,yes
KXDOGE15M-26JUN160215,Target Price: $0.0872659,2026-06-16 02:00:00-04:00,2026-06-16 02:15:00-04:00,0.0873464,0.087265,yes
KXDOGE15M-26JUN160200,Target Price: $0.0872237,2026-06-16 01:45:00-04:00,2026-06-16 02:00:00-04:00,0.0872659,0.087223,yes
KXDOGE15M-26JUN160145,Target Price: $0.0872179,2026-06-16 01:30:00-04:00,2026-06-16 01:45:00-04:00,0.0872237,0.087217,yes
KXDOGE15M-26JUN160130,Target Price: $0.0871295,2026-06-16 01:15:00-04:00,2026-06-16 01:30:00-04:00,0.0872179,0.087129,yes
KXDOGE15M-26JUN160115,Target Price: $0.0869174,2026-06-16 01:00:00-04:00,2026-06-16 01:15:00-04:00,0.0871295,0.086917,yes
KXDOGE15M-26JUN160100,Target Price: $0.0867935,2026-06-16 00:45:00-04:00,2026-06-16 01:00:00-04:00,0.0869174,0.086793,yes
KXDOGE15M-26JUN160045,Target Price: $0.0870468,2026-06-16 00:30:00-04:00,2026-06-16 00:45:00-04:00,0.0867935,0.087046,no
KXDOGE15M-26JUN160030,Target Price: $0.0872983,2026-06-16 00:15:00-04:00,2026-06-16 00:30:00-04:00,0.0870468,0.087298,no
KXDOGE15M-26JUN160015,Target Price: $0.0874599,2026-06-16 00:00:00-04:00,2026-06-16 00:15:00-04:00,0.0872983,0.087459,no
KXDOGE15M-26JUN160000,Target Price: $0.0874520,2026-06-15 23:45:00-04:00,2026-06-16 00:00:00-04:00,0.0874599,0.087452,yes
KXDOGE15M-26JUN152345,Target Price: $0.0873784,2026-06-15 23:30:00-04:00,2026-06-15 23:45:00-04:00,0.0874520,0.087378,yes
KXDOGE15M-26JUN152330,Target Price: $0.0870744,2026-06-15 23:15:00-04:00,2026-06-15 23:30:00-04:00,0.0873784,0.087074,yes
KXDOGE15M-26JUN152315,Target Price: $0.0868945,2026-06-15 23:00:00-04:00,2026-06-15 23:15:00-04:00,0.0870744,0.086894,yes
KXDOGE15M-26JUN152300,Target Price: $0.0870330,2026-06-15 22:45:00-04:00,2026-06-15 23:00:00-04:00,0.0868945,0.087033,no
KXDOGE15M-26JUN152245,Target Price: $0.0868900,2026-06-15 22:30:00-04:00,2026-06-15 22:45:00-04:00,0.0870330,0.08689,yes
KXDOGE15M-26JUN152230,Target Price: $0.0874125,2026-06-15 22:15:00-04:00,2026-06-15 22:30:00-04:00,0.0868900,0.087412,no
KXDOGE15M-26JUN152215,Target Price: $0.0878458,2026-06-15 22:00:00-04:00,2026-06-15 22:15:00-04:00,0.0874125,0.087845,no
KXDOGE15M-26JUN152200,Target Price: $0.0880112,2026-06-15 21:45:00-04:00,2026-06-15 22:00:00-04:00,0.0878458,0.088011,no
KXDOGE15M-26JUN152145,Target Price: $0.0879465,2026-06-15 21:30:00-04:00,2026-06-15 21:45:00-04:00,0.0880112,0.087946,yes
KXDOGE15M-26JUN152130,Target Price: $0.0878410,2026-06-15 21:15:00-04:00,2026-06-15 21:30:00-04:00,0.0879465,0.087841,yes
KXDOGE15M-26JUN152115,Target Price: $0.0877671,2026-06-15 21:00:00-04:00,2026-06-15 21:15:00-04:00,0.0878410,0.087767,yes
KXDOGE15M-26JUN152100,Target Price: $0.0880823,2026-06-15 20:45:00-04:00,2026-06-15 21:00:00-04:00,0.0877671,0.088082,no
KXDOGE15M-26JUN152045,Target Price: $0.0878931,2026-06-15 20:30:00-04:00,2026-06-15 20:45:00-04:00,0.0880823,0.087893,yes
KXDOGE15M-26JUN152030,Target Price: $0.0882309,2026-06-15 20:15:00-04:00,2026-06-15 20:30:00-04:00,0.0878931,0.08823,no
KXDOGE15M-26JUN152015,Target Price: $0.0881183,2026-06-15 20:00:00-04:00,2026-06-15 20:15:00-04:00,0.0882309,0.088118,yes
KXDOGE15M-26JUN152000,Target Price: $0.0880566,2026-06-15 19:45:00-04:00,2026-06-15 20:00:00-04:00,0.0881183,0.088056,yes
KXDOGE15M-26JUN151945,Target Price: $0.0880853,2026-06-15 19:30:00-04:00,2026-06-15 19:45:00-04:00,0.0880566,0.088085,no
KXDOGE15M-26JUN151930,Target Price: $0.0881500,2026-06-15 19:15:00-04:00,2026-06-15 19:30:00-04:00,0.0880853,0.08815,no
KXDOGE15M-26JUN151915,Target Price: $0.0880065,2026-06-15 19:00:00-04:00,2026-06-15 19:15:00-04:00,0.0881500,0.088006,yes
KXDOGE15M-26JUN151900,Target price: TBD,2026-06-15 18:45:00-04:00,2026-06-15 19:00:00-04:00,0.0880065,,no
KXDOGE15M-26JUN151845,Target Price: $0.0881964,2026-06-15 18:30:00-04:00,2026-06-15 18:45:00-04:00,0.0880949,0.088196,no
KXDOGE15M-26JUN151830,Target Price: $0.0887964,2026-06-15 18:15:00-04:00,2026-06-15 18:30:00-04:00,0.0881964,0.088796,no
KXDOGE15M-26JUN151815,Target Price: $0.0888016,2026-06-15 18:00:00-04:00,2026-06-15 18:15:00-04:00,0.0887964,0.088801,no
KXDOGE15M-26JUN151800,Target Price: $0.0888409,2026-06-15 17:45:00-04:00,2026-06-15 18:00:00-04:00,0.0888016,0.08884,no
KXDOGE15M-26JUN151745,Target Price: $0.0888430,2026-06-15 17:30:00-04:00,2026-06-15 17:45:00-04:00,0.0888409,0.088843,no
KXDOGE15M-26JUN151730,Target Price: $0.0890162,2026-06-15 17:15:00-04:00,2026-06-15 17:30:00-04:00,0.0888430,0.089016,no
KXDOGE15M-26JUN151715,Target Price: $0.0889590,2026-06-15 17:00:00-04:00,2026-06-15 17:15:00-04:00,0.0890162,0.088959,yes
KXDOGE15M-26JUN151700,Target Price: $0.0889012,2026-06-15 16:45:00-04:00,2026-06-15 17:00:00-04:00,0.0889590,0.088901,yes
KXDOGE15M-26JUN151645,Target Price: $0.0889075,2026-06-15 16:30:00-04:00,2026-06-15 16:45:00-04:00,0.0889012,0.088907,no
KXDOGE15M-26JUN151630,Target Price: $0.0891445,2026-06-15 16:15:00-04:00,2026-06-15 16:30:00-04:00,0.0889075,0.089144,no
KXDOGE15M-26JUN151615,Target Price: $0.0887850,2026-06-15 16:00:00-04:00,2026-06-15 16:15:00-04:00,0.0891445,0.088785,yes
KXDOGE15M-26JUN151600,Target Price: $0.0892157,2026-06-15 15:45:00-04:00,2026-06-15 16:00:00-04:00,0.0887850,0.089215,no
KXDOGE15M-26JUN151545,Target Price: $0.0888793,2026-06-15 15:30:00-04:00,2026-06-15 15:45:00-04:00,0.0892157,0.088879,yes
KXDOGE15M-26JUN151530,Target Price: $0.0896373,2026-06-15 15:15:00-04:00,2026-06-15 15:30:00-04:00,0.0888793,0.089637,no
KXDOGE15M-26JUN151515,Target Price: $0.0893254,2026-06-15 15:00:00-04:00,2026-06-15 15:15:00-04:00,0.0896373,0.089325,yes
KXDOGE15M-26JUN151500,Target Price: $0.0894313,2026-06-15 14:45:00-04:00,2026-06-15 15:00:00-04:00,0.0893254,0.089431,no
KXDOGE15M-26JUN151445,Target Price: $0.0893944,2026-06-15 14:30:00-04:00,2026-06-15 14:45:00-04:00,0.0894313,0.089394,yes
KXDOGE15M-26JUN151430,Target Price: $0.0894658,2026-06-15 14:15:00-04:00,2026-06-15 14:30:00-04:00,0.0893944,0.089465,no
KXDOGE15M-26JUN151415,Target Price: $0.0896253,2026-06-15 14:00:00-04:00,2026-06-15 14:15:00-04:00,0.0894658,0.089625,no
KXDOGE15M-26JUN151400,Target Price: $0.0896409,2026-06-15 13:45:00-04:00,2026-06-15 14:00:00-04:00,0.0896253,0.08964,no
KXDOGE15M-26JUN151345,Target Price: $0.0895874,2026-06-15 13:30:00-04:00,2026-06-15 13:45:00-04:00,0.0896409,0.089587,yes
KXDOGE15M-26JUN151330,Target Price: $0.0896754,2026-06-15 13:15:00-04:00,2026-06-15 13:30:00-04:00,0.0895874,0.089675,no
KXDOGE15M-26JUN151315,Target Price: $0.0901043,2026-06-15 13:00:00-04:00,2026-06-15 13:15:00-04:00,0.0896754,0.090104,no
KXDOGE15M-26JUN151300,Target Price: $0.0903893,2026-06-15 12:45:00-04:00,2026-06-15 13:00:00-04:00,0.0901043,0.090389,no
KXDOGE15M-26JUN151245,Target Price: $0.0904187,2026-06-15 12:30:00-04:00,2026-06-15 12:45:00-04:00,0.0903893,0.090418,no
KXDOGE15M-26JUN151230,Target Price: $0.0904386,2026-06-15 12:15:00-04:00,2026-06-15 12:30:00-04:00,0.0904187,0.090438,no
KXDOGE15M-26JUN151215,Target Price: $0.0906438,2026-06-15 12:00:00-04:00,2026-06-15 12:15:00-04:00,0.0904386,0.090643,no
KXDOGE15M-26JUN151200,Target Price: $0.0900277,2026-06-15 11:45:00-04:00,2026-06-15 12:00:00-04:00,0.0906438,0.090027,yes
KXDOGE15M-26JUN151145,Target Price: $0.0894481,2026-06-15 11:30:00-04:00,2026-06-15 11:45:00-04:00,0.0900277,0.089448,yes
KXDOGE15M-26JUN151130,Target Price: $0.0895241,2026-06-15 11:15:00-04:00,2026-06-15 11:30:00-04:00,0.0894481,0.089524,no
KXDOGE15M-26JUN151115,Target Price: $0.0895358,2026-06-15 11:00:00-04:00,2026-06-15 11:15:00-04:00,0.0895241,0.089535,no
KXDOGE15M-26JUN151100,Target Price: $0.0892180,2026-06-15 10:45:00-04:00,2026-06-15 11:00:00-04:00,0.0895358,0.089218,yes
KXDOGE15M-26JUN151045,Target Price: $0.0898877,2026-06-15 10:30:00-04:00,2026-06-15 10:45:00-04:00,0.0892180,0.089887,no
KXDOGE15M-26JUN151030,Target Price: $0.0899985,2026-06-15 10:15:00-04:00,2026-06-15 10:30:00-04:00,0.0898877,0.089998,no
KXDOGE15M-26JUN151015,Target Price: $0.0902858,2026-06-15 10:00:00-04:00,2026-06-15 10:15:00-04:00,0.0899985,0.090285,no
KXDOGE15M-26JUN151000,Target Price: $0.0903179,2026-06-15 09:45:00-04:00,2026-06-15 10:00:00-04:00,0.0902858,0.090317,no
KXDOGE15M-26JUN150945,Target Price: $0.0907234,2026-06-15 09:30:00-04:00,2026-06-15 09:45:00-04:00,0.0903179,0.090723,no
KXDOGE15M-26JUN150930,Target Price: $0.0904157,2026-06-15 09:15:00-04:00,2026-06-15 09:30:00-04:00,0.0907234,0.090415,yes
KXDOGE15M-26JUN150915,Target Price: $0.0900333,2026-06-15 09:00:00-04:00,2026-06-15 09:15:00-04:00,0.0904157,0.090033,yes
KXDOGE15M-26JUN150900,Target Price: $0.0901610,2026-06-15 08:45:00-04:00,2026-06-15 09:00:00-04:00,0.0900333,0.090161,no
KXDOGE15M-26JUN150845,Target Price: $0.0898021,2026-06-15 08:30:00-04:00,2026-06-15 08:45:00-04:00,0.0901610,0.089802,yes
KXDOGE15M-26JUN150830,Target Price: $0.0897796,2026-06-15 08:15:00-04:00,2026-06-15 08:30:00-04:00,0.0898021,0.089779,yes
KXDOGE15M-26JUN150815,Target Price: $0.0896953,2026-06-15 08:00:00-04:00,2026-06-15 08:15:00-04:00,0.0897796,0.089695,yes
KXDOGE15M-26JUN150800,Target Price: $0.0896684,2026-06-15 07:45:00-04:00,2026-06-15 08:00:00-04:00,0.0896953,0.089668,yes
KXDOGE15M-26JUN150745,Target Price: $0.0897344,2026-06-15 07:30:00-04:00,2026-06-15 07:45:00-04:00,0.0896684,0.089734,no
KXDOGE15M-26JUN150730,Target Price: $0.0892512,2026-06-15 07:15:00-04:00,2026-06-15 07:30:00-04:00,0.0897344,0.089251,yes
KXDOGE15M-26JUN150715,Target Price: $0.0891976,2026-06-15 07:00:00-04:00,2026-06-15 07:15:00-04:00,0.0892512,0.089197,yes
KXDOGE15M-26JUN150700,Target Price: $0.0885851,2026-06-15 06:45:00-04:00,2026-06-15 07:00:00-04:00,0.0891976,0.088585,yes
KXDOGE15M-26JUN150645,Target Price: $0.0884546,2026-06-15 06:30:00-04:00,2026-06-15 06:45:00-04:00,0.0885851,0.088454,yes
KXDOGE15M-26JUN150630,Target Price: $0.0885959,2026-06-15 06:15:00-04:00,2026-06-15 06:30:00-04:00,0.0884546,0.088595,no
KXDOGE15M-26JUN150615,Target Price: $0.0885623,2026-06-15 06:00:00-04:00,2026-06-15 06:15:00-04:00,0.0885959,0.088562,yes
KXDOGE15M-26JUN150600,Target Price: $0.0883378,2026-06-15 05:45:00-04:00,2026-06-15 06:00:00-04:00,0.0885623,0.088337,yes
KXDOGE15M-26JUN150545,Target Price: $0.0885280,2026-06-15 05:30:00-04:00,2026-06-15 05:45:00-04:00,0.0883378,0.088528,no
KXDOGE15M-26JUN150530,Target Price: $0.0885823,2026-06-15 05:15:00-04:00,2026-06-15 05:30:00-04:00,0.0885280,0.088582,no
KXDOGE15M-26JUN150515,Target Price: $0.0885500,2026-06-15 05:00:00-04:00,2026-06-15 05:15:00-04:00,0.0885823,0.08855,yes
KXDOGE15M-26JUN150500,Target Price: $0.0888154,2026-06-15 04:45:00-04:00,2026-06-15 05:00:00-04:00,0.0885500,0.088815,no
KXDOGE15M-26JUN150445,Target Price: $0.0886646,2026-06-15 04:30:00-04:00,2026-06-15 04:45:00-04:00,0.0888154,0.088664,yes
KXDOGE15M-26JUN150430,Target Price: $0.0884834,2026-06-15 04:15:00-04:00,2026-06-15 04:30:00-04:00,0.0886646,0.088483,yes
KXDOGE15M-26JUN150415,Target Price: $0.0884576,2026-06-15 04:00:00-04:00,2026-06-15 04:15:00-04:00,0.0884834,0.088457,yes
KXDOGE15M-26JUN150400,Target Price: $0.0884581,2026-06-15 03:45:00-04:00,2026-06-15 04:00:00-04:00,0.0884576,0.088458,no
KXDOGE15M-26JUN150345,Target Price: $0.0886495,2026-06-15 03:30:00-04:00,2026-06-15 03:45:00-04:00,0.0884581,0.088649,no
KXDOGE15M-26JUN150330,Target Price: $0.0886133,2026-06-15 03:15:00-04:00,2026-06-15 03:30:00-04:00,0.0886495,0.088613,yes
KXDOGE15M-26JUN150315,Target Price: $0.0887014,2026-06-15 03:00:00-04:00,2026-06-15 03:15:00-04:00,0.0886133,0.088701,no
KXDOGE15M-26JUN150300,Target Price: $0.0886656,2026-06-15 02:45:00-04:00,2026-06-15 03:00:00-04:00,0.0887014,0.088665,yes
KXDOGE15M-26JUN150245,Target Price: $0.0888936,2026-06-15 02:30:00-04:00,2026-06-15 02:45:00-04:00,0.0886656,0.088893,no
KXDOGE15M-26JUN150230,Target Price: $0.0887847,2026-06-15 02:15:00-04:00,2026-06-15 02:30:00-04:00,0.0888936,0.088784,yes
KXDOGE15M-26JUN150215,Target Price: $0.0886966,2026-06-15 02:00:00-04:00,2026-06-15 02:15:00-04:00,0.0887847,0.088696,yes
KXDOGE15M-26JUN150200,Target Price: $0.0886110,2026-06-15 01:45:00-04:00,2026-06-15 02:00:00-04:00,0.0886966,0.088611,yes
KXDOGE15M-26JUN150145,Target Price: $0.0888802,2026-06-15 01:30:00-04:00,2026-06-15 01:45:00-04:00,0.0886110,0.08888,no
KXDOGE15M-26JUN150130,Target Price: $0.0885308,2026-06-15 01:15:00-04:00,2026-06-15 01:30:00-04:00,0.0888802,0.08853,yes
KXDOGE15M-26JUN150115,Target Price: $0.0885641,2026-06-15 01:00:00-04:00,2026-06-15 01:15:00-04:00,0.0885308,0.088564,no
KXDOGE15M-26JUN150100,Target Price: $0.0885944,2026-06-15 00:45:00-04:00,2026-06-15 01:00:00-04:00,0.0885641,0.088594,no
KXDOGE15M-26JUN150045,Target Price: $0.0888057,2026-06-15 00:30:00-04:00,2026-06-15 00:45:00-04:00,0.0885944,0.088805,no
KXDOGE15M-26JUN150030,Target Price: $0.0888927,2026-06-15 00:15:00-04:00,2026-06-15 00:30:00-04:00,0.0888057,0.088892,no
KXDOGE15M-26JUN150015,Target Price: $0.0889168,2026-06-15 00:00:00-04:00,2026-06-15 00:15:00-04:00,0.0888927,0.088916,no
KXDOGE15M-26JUN150000,Target Price: $0.0889991,2026-06-14 23:45:00-04:00,2026-06-15 00:00:00-04:00,0.0889168,0.088999,no
KXDOGE15M-26JUN142345,Target Price: $0.0889841,2026-06-14 23:30:00-04:00,2026-06-14 23:45:00-04:00,0.0889991,0.088984,yes
KXDOGE15M-26JUN142330,Target Price: $0.0890195,2026-06-14 23:15:00-04:00,2026-06-14 23:30:00-04:00,0.0889841,0.089019,no
KXDOGE15M-26JUN142315,Target Price: $0.0886901,2026-06-14 23:00:00-04:00,2026-06-14 23:15:00-04:00,0.0890195,0.08869,yes
KXDOGE15M-26JUN142300,Target Price: $0.0888894,2026-06-14 22:45:00-04:00,2026-06-14 23:00:00-04:00,0.0886901,0.088889,no
KXDOGE15M-26JUN142245,Target Price: $0.0888310,2026-06-14 22:30:00-04:00,2026-06-14 22:45:00-04:00,0.0888894,0.088831,yes
KXDOGE15M-26JUN142230,Target Price: $0.0888669,2026-06-14 22:15:00-04:00,2026-06-14 22:30:00-04:00,0.0888310,0.088866,no
KXDOGE15M-26JUN142215,Target Price: $0.0883696,2026-06-14 22:00:00-04:00,2026-06-14 22:15:00-04:00,0.0888669,0.088369,yes
KXDOGE15M-26JUN142200,Target Price: $0.0887900,2026-06-14 21:45:00-04:00,2026-06-14 22:00:00-04:00,0.0883696,0.08879,no
KXDOGE15M-26JUN142145,Target Price: $0.0883505,2026-06-14 21:30:00-04:00,2026-06-14 21:45:00-04:00,0.0887900,0.08835,yes
KXDOGE15M-26JUN142130,Target Price: $0.0887199,2026-06-14 21:15:00-04:00,2026-06-14 21:30:00-04:00,0.0883505,0.088719,no
KXDOGE15M-26JUN142115,Target Price: $0.0887955,2026-06-14 21:00:00-04:00,2026-06-14 21:15:00-04:00,0.0887199,0.088795,no
KXDOGE15M-26JUN142100,Target Price: $0.0885079,2026-06-14 20:45:00-04:00,2026-06-14 21:00:00-04:00,0.0887955,0.088507,yes
KXDOGE15M-26JUN142045,Target Price: $0.0888638,2026-06-14 20:30:00-04:00,2026-06-14 20:45:00-04:00,0.0885079,0.088863,no
KXDOGE15M-26JUN142030,Target Price: $0.0889756,2026-06-14 20:15:00-04:00,2026-06-14 20:30:00-04:00,0.0888638,0.088975,no
KXDOGE15M-26JUN142015,Target Price: $0.0888626,2026-06-14 20:00:00-04:00,2026-06-14 20:15:00-04:00,0.0889756,0.088862,yes
KXDOGE15M-26JUN142000,Target Price: $0.0885271,2026-06-14 19:45:00-04:00,2026-06-14 20:00:00-04:00,0.0888626,0.088527,yes
KXDOGE15M-26JUN141945,Target Price: $0.0888246,2026-06-14 19:30:00-04:00,2026-06-14 19:45:00-04:00,0.0885271,0.088824,no
KXDOGE15M-26JUN141930,Target Price: $0.0883788,2026-06-14 19:15:00-04:00,2026-06-14 19:30:00-04:00,0.0888246,0.088378,yes
KXDOGE15M-26JUN141915,Target Price: $0.0882995,2026-06-14 19:00:00-04:00,2026-06-14 19:15:00-04:00,0.0883788,0.088299,yes
KXDOGE15M-26JUN141900,Target Price: $0.0884810,2026-06-14 18:45:00-04:00,2026-06-14 19:00:00-04:00,0.0882995,0.088481,no
KXDOGE15M-26JUN141845,Target Price: $0.0882432,2026-06-14 18:30:00-04:00,2026-06-14 18:45:00-04:00,0.0884810,0.088243,yes
KXDOGE15M-26JUN141830,Target Price: $0.0884220,2026-06-14 18:15:00-04:00,2026-06-14 18:30:00-04:00,0.0882432,0.088422,no
KXDOGE15M-26JUN141815,Target Price: $0.0885322,2026-06-14 18:00:00-04:00,2026-06-14 18:15:00-04:00,0.0884220,0.088532,no
KXDOGE15M-26JUN141800,Target Price: $0.0885171,2026-06-14 17:45:00-04:00,2026-06-14 18:00:00-04:00,0.0885322,0.088517,yes
KXDOGE15M-26JUN141745,Target Price: $0.0878257,2026-06-14 17:30:00-04:00,2026-06-14 17:45:00-04:00,0.0885171,0.087825,yes
KXDOGE15M-26JUN141730,Target Price: $0.0867853,2026-06-14 17:15:00-04:00,2026-06-14 17:30:00-04:00,0.0878257,0.086785,yes
KXDOGE15M-26JUN141715,Target Price: $0.0866278,2026-06-14 17:00:00-04:00,2026-06-14 17:15:00-04:00,0.0867853,0.086627,yes
KXDOGE15M-26JUN141700,Target Price: $0.0868213,2026-06-14 16:45:00-04:00,2026-06-14 17:00:00-04:00,0.0866278,0.086821,no
KXDOGE15M-26JUN141645,Target Price: $0.0866543,2026-06-14 16:30:00-04:00,2026-06-14 16:45:00-04:00,0.0868213,0.086654,yes
KXDOGE15M-26JUN141630,Target Price: $0.0863402,2026-06-14 16:15:00-04:00,2026-06-14 16:30:00-04:00,0.0866543,0.08634,yes
KXDOGE15M-26JUN141615,Target Price: $0.0864065,2026-06-14 16:00:00-04:00,2026-06-14 16:15:00-04:00,0.0863402,0.086406,no
KXDOGE15M-26JUN141600,Target Price: $0.0864325,2026-06-14 15:45:00-04:00,2026-06-14 16:00:00-04:00,0.0864065,0.086432,no
KXDOGE15M-26JUN141545,Target Price: $0.0865183,2026-06-14 15:30:00-04:00,2026-06-14 15:45:00-04:00,0.0864325,0.086518,no
KXDOGE15M-26JUN141530,Target Price: $0.0864795,2026-06-14 15:15:00-04:00,2026-06-14 15:30:00-04:00,0.0865183,0.086479,yes
KXDOGE15M-26JUN141515,Target Price: $0.0863460,2026-06-14 15:00:00-04:00,2026-06-14 15:15:00-04:00,0.0864795,0.086346,yes
KXDOGE15M-26JUN141500,Target Price: $0.0862926,2026-06-14 14:45:00-04:00,2026-06-14 15:00:00-04:00,0.0863460,0.086292,yes
KXDOGE15M-26JUN141445,Target Price: $0.0861618,2026-06-14 14:30:00-04:00,2026-06-14 14:45:00-04:00,0.0862926,0.086161,yes
KXDOGE15M-26JUN141430,Target Price: $0.0863762,2026-06-14 14:15:00-04:00,2026-06-14 14:30:00-04:00,0.0861618,0.086376,no
KXDOGE15M-26JUN141415,Target Price: $0.0863383,2026-06-14 14:00:00-04:00,2026-06-14 14:15:00-04:00,0.0863762,0.086338,yes
KXDOGE15M-26JUN141400,Target Price: $0.0864598,2026-06-14 13:45:00-04:00,2026-06-14 14:00:00-04:00,0.0863383,0.086459,no
KXDOGE15M-26JUN141345,Target Price: $0.0864231,2026-06-14 13:30:00-04:00,2026-06-14 13:45:00-04:00,0.0864598,0.086423,yes
KXDOGE15M-26JUN141330,Target Price: $0.0864947,2026-06-14 13:15:00-04:00,2026-06-14 13:30:00-04:00,0.0864231,0.086494,no
KXDOGE15M-26JUN141315,Target Price: $0.0864494,2026-06-14 13:00:00-04:00,2026-06-14 13:15:00-04:00,0.0864947,0.086449,yes
KXDOGE15M-26JUN141300,Target Price: $0.0865796,2026-06-14 12:45:00-04:00,2026-06-14 13:00:00-04:00,0.0864494,0.086579,no
KXDOGE15M-26JUN141245,Target Price: $0.0865175,2026-06-14 12:30:00-04:00,2026-06-14 12:45:00-04:00,0.0865796,0.086517,yes
KXDOGE15M-26JUN141230,Target Price: $0.0864292,2026-06-14 12:15:00-04:00,2026-06-14 12:30:00-04:00,0.0865175,0.086429,yes
KXDOGE15M-26JUN141215,Target Price: $0.0862718,2026-06-14 12:00:00-04:00,2026-06-14 12:15:00-04:00,0.0864292,0.086271,yes
KXDOGE15M-26JUN141200,Target Price: $0.0860829,2026-06-14 11:45:00-04:00,2026-06-14 12:00:00-04:00,0.0862718,0.086082,yes
KXDOGE15M-26JUN141145,Target Price: $0.0860050,2026-06-14 11:30:00-04:00,2026-06-14 11:45:00-04:00,0.0860829,0.086005,yes
KXDOGE15M-26JUN141130,Target Price: $0.0861005,2026-06-14 11:15:00-04:00,2026-06-14 11:30:00-04:00,0.0860050,0.0861,no
KXDOGE15M-26JUN141115,Target Price: $0.0859550,2026-06-14 11:00:00-04:00,2026-06-14 11:15:00-04:00,0.0861005,0.085955,yes
KXDOGE15M-26JUN141100,Target Price: $0.0857492,2026-06-14 10:45:00-04:00,2026-06-14 11:00:00-04:00,0.0859550,0.085749,yes
KXDOGE15M-26JUN141045,Target Price: $0.0862560,2026-06-14 10:30:00-04:00,2026-06-14 10:45:00-04:00,0.0857492,0.086256,no
KXDOGE15M-26JUN141030,Target Price: $0.0863774,2026-06-14 10:15:00-04:00,2026-06-14 10:30:00-04:00,0.0862560,0.086377,no
KXDOGE15M-26JUN141015,Target Price: $0.0864596,2026-06-14 10:00:00-04:00,2026-06-14 10:15:00-04:00,0.0863774,0.086459,no
KXDOGE15M-26JUN141000,Target Price: $0.0865462,2026-06-14 09:45:00-04:00,2026-06-14 10:00:00-04:00,0.0864596,0.086546,no
KXDOGE15M-26JUN140945,Target Price: $0.0863049,2026-06-14 09:30:00-04:00,2026-06-14 09:45:00-04:00,0.0865462,0.086304,yes
KXDOGE15M-26JUN140930,Target Price: $0.0864818,2026-06-14 09:15:00-04:00,2026-06-14 09:30:00-04:00,0.0863049,0.086481,no
KXDOGE15M-26JUN140915,Target Price: $0.0865603,2026-06-14 09:00:00-04:00,2026-06-14 09:15:00-04:00,0.0864818,0.08656,no
KXDOGE15M-26JUN140900,Target Price: $0.0865576,2026-06-14 08:45:00-04:00,2026-06-14 09:00:00-04:00,0.0865603,0.086557,yes
KXDOGE15M-26JUN140845,Target Price: $0.0868416,2026-06-14 08:30:00-04:00,2026-06-14 08:45:00-04:00,0.0865576,0.086841,no
KXDOGE15M-26JUN140830,Target Price: $0.0868943,2026-06-14 08:15:00-04:00,2026-06-14 08:30:00-04:00,0.0868416,0.086894,no
KXDOGE15M-26JUN140815,Target Price: $0.0870262,2026-06-14 08:00:00-04:00,2026-06-14 08:15:00-04:00,0.0868943,0.087026,no
KXDOGE15M-26JUN140800,Target Price: $0.0871525,2026-06-14 07:45:00-04:00,2026-06-14 08:00:00-04:00,0.0870262,0.087152,no
KXDOGE15M-26JUN140745,Target Price: $0.0871338,2026-06-14 07:30:00-04:00,2026-06-14 07:45:00-04:00,0.0871525,0.087133,yes
KXDOGE15M-26JUN140730,Target Price: $0.0871957,2026-06-14 07:15:00-04:00,2026-06-14 07:30:00-04:00,0.0871338,0.087195,no
KXDOGE15M-26JUN140715,Target Price: $0.0870759,2026-06-14 07:00:00-04:00,2026-06-14 07:15:00-04:00,0.0871957,0.087075,yes
KXDOGE15M-26JUN140700,Target Price: $0.0873115,2026-06-14 06:45:00-04:00,2026-06-14 07:00:00-04:00,0.0870759,0.087311,no
KXDOGE15M-26JUN140645,Target Price: $0.0873260,2026-06-14 06:30:00-04:00,2026-06-14 06:45:00-04:00,0.0873115,0.087326,no
KXDOGE15M-26JUN140630,Target Price: $0.0872610,2026-06-14 06:15:00-04:00,2026-06-14 06:30:00-04:00,0.0873260,0.087261,yes
KXDOGE15M-26JUN140615,Target Price: $0.0873842,2026-06-14 06:00:00-04:00,2026-06-14 06:15:00-04:00,0.0872610,0.087384,no
KXDOGE15M-26JUN140600,Target Price: $0.0873078,2026-06-14 05:45:00-04:00,2026-06-14 06:00:00-04:00,0.0873842,0.087307,yes
KXDOGE15M-26JUN140545,Target Price: $0.0869246,2026-06-14 05:30:00-04:00,2026-06-14 05:45:00-04:00,0.0873078,0.086924,yes
KXDOGE15M-26JUN140530,Target Price: $0.0870407,2026-06-14 05:15:00-04:00,2026-06-14 05:30:00-04:00,0.0869246,0.08704,no
KXDOGE15M-26JUN140515,Target Price: $0.0871802,2026-06-14 05:00:00-04:00,2026-06-14 05:15:00-04:00,0.0870407,0.08718,no
KXDOGE15M-26JUN140500,Target Price: $0.0873921,2026-06-14 04:45:00-04:00,2026-06-14 05:00:00-04:00,0.0871802,0.087392,no
KXDOGE15M-26JUN140445,Target Price: $0.0873102,2026-06-14 04:30:00-04:00,2026-06-14 04:45:00-04:00,0.0873921,0.08731,yes
KXDOGE15M-26JUN140430,Target Price: $0.0871642,2026-06-14 04:15:00-04:00,2026-06-14 04:30:00-04:00,0.0873102,0.087164,yes
KXDOGE15M-26JUN140415,Target Price: $0.0871825,2026-06-14 04:00:00-04:00,2026-06-14 04:15:00-04:00,0.0871642,0.087182,no
KXDOGE15M-26JUN140400,Target Price: $0.0870566,2026-06-14 03:45:00-04:00,2026-06-14 04:00:00-04:00,0.0871825,0.087056,yes
KXDOGE15M-26JUN140345,Target Price: $0.0873516,2026-06-14 03:30:00-04:00,2026-06-14 03:45:00-04:00,0.0870566,0.087351,no
KXDOGE15M-26JUN140330,Target Price: $0.0873052,2026-06-14 03:15:00-04:00,2026-06-14 03:30:00-04:00,0.0873516,0.087305,yes
KXDOGE15M-26JUN140315,Target Price: $0.0874818,2026-06-14 03:00:00-04:00,2026-06-14 03:15:00-04:00,0.0873052,0.087481,no
KXDOGE15M-26JUN140300,Target Price: $0.0874735,2026-06-14 02:45:00-04:00,2026-06-14 03:00:00-04:00,0.0874818,0.087473,yes
KXDOGE15M-26JUN140245,Target Price: $0.0877272,2026-06-14 02:30:00-04:00,2026-06-14 02:45:00-04:00,0.0874735,0.087727,no
KXDOGE15M-26JUN140230,Target Price: $0.0878221,2026-06-14 02:15:00-04:00,2026-06-14 02:30:00-04:00,0.0877272,0.087822,no
KXDOGE15M-26JUN140215,Target Price: $0.0876397,2026-06-14 02:00:00-04:00,2026-06-14 02:15:00-04:00,0.0878221,0.087639,yes
KXDOGE15M-26JUN140200,Target Price: $0.0876104,2026-06-14 01:45:00-04:00,2026-06-14 02:00:00-04:00,0.0876397,0.08761,yes
KXDOGE15M-26JUN140145,Target Price: $0.0873342,2026-06-14 01:30:00-04:00,2026-06-14 01:45:00-04:00,0.0876104,0.087334,yes
KXDOGE15M-26JUN140130,Target Price: $0.0875060,2026-06-14 01:15:00-04:00,2026-06-14 01:30:00-04:00,0.0873342,0.087506,no
KXDOGE15M-26JUN140115,Target Price: $0.0876255,2026-06-14 01:00:00-04:00,2026-06-14 01:15:00-04:00,0.0875060,0.087625,no
KXDOGE15M-26JUN140100,Target Price: $0.0875197,2026-06-14 00:45:00-04:00,2026-06-14 01:00:00-04:00,0.0876255,0.087519,yes
KXDOGE15M-26JUN140045,Target Price: $0.0878099,2026-06-14 00:30:00-04:00,2026-06-14 00:45:00-04:00,0.0875197,0.087809,no
KXDOGE15M-26JUN140030,Target Price: $0.0879128,2026-06-14 00:15:00-04:00,2026-06-14 00:30:00-04:00,0.0878099,0.087912,no
KXDOGE15M-26JUN140015,Target Price: $0.0880778,2026-06-14 00:00:00-04:00,2026-06-14 00:15:00-04:00,0.0879128,0.088077,no
KXDOGE15M-26JUN140000,Target Price: $0.0878670,2026-06-13 23:45:00-04:00,2026-06-14 00:00:00-04:00,0.0880778,0.087867,yes
KXDOGE15M-26JUN132345,Target Price: $0.0879357,2026-06-13 23:30:00-04:00,2026-06-13 23:45:00-04:00,0.0878670,0.087935,no
KXDOGE15M-26JUN132330,Target Price: $0.0878191,2026-06-13 23:15:00-04:00,2026-06-13 23:30:00-04:00,0.0879357,0.087819,yes
KXDOGE15M-26JUN132315,Target Price: $0.0878998,2026-06-13 23:00:00-04:00,2026-06-13 23:15:00-04:00,0.0878191,0.087899,no
KXDOGE15M-26JUN132300,Target Price: $0.0879140,2026-06-13 22:45:00-04:00,2026-06-13 23:00:00-04:00,0.0878998,0.087914,no
KXDOGE15M-26JUN132245,Target Price: $0.0878765,2026-06-13 22:30:00-04:00,2026-06-13 22:45:00-04:00,0.0879140,0.087876,yes
KXDOGE15M-26JUN132230,Target Price: $0.0879672,2026-06-13 22:15:00-04:00,2026-06-13 22:30:00-04:00,0.0878765,0.087967,no
KXDOGE15M-26JUN132215,Target Price: $0.0878228,2026-06-13 22:00:00-04:00,2026-06-13 22:15:00-04:00,0.0879672,0.087822,yes
KXDOGE15M-26JUN132200,Target Price: $0.0878605,2026-06-13 21:45:00-04:00,2026-06-13 22:00:00-04:00,0.0878228,0.08786,no
KXDOGE15M-26JUN132145,Target Price: $0.0878692,2026-06-13 21:30:00-04:00,2026-06-13 21:45:00-04:00,0.0878605,0.087869,no
KXDOGE15M-26JUN132130,Target Price: $0.0877628,2026-06-13 21:15:00-04:00,2026-06-13 21:30:00-04:00,0.0878692,0.087762,yes
KXDOGE15M-26JUN132115,Target Price: $0.0876572,2026-06-13 21:00:00-04:00,2026-06-13 21:15:00-04:00,0.0877628,0.087657,yes
KXDOGE15M-26JUN132100,Target Price: $0.0877289,2026-06-13 20:45:00-04:00,2026-06-13 21:00:00-04:00,0.0876572,0.087728,no
KXDOGE15M-26JUN132045,Target Price: $0.0877827,2026-06-13 20:30:00-04:00,2026-06-13 20:45:00-04:00,0.0877289,0.087782,no
KXDOGE15M-26JUN132030,Target Price: $0.0878229,2026-06-13 20:15:00-04:00,2026-06-13 20:30:00-04:00,0.0877827,0.087822,no
KXDOGE15M-26JUN132015,Target Price: $0.0878548,2026-06-13 20:00:00-04:00,2026-06-13 20:15:00-04:00,0.0878229,0.087854,no
KXDOGE15M-26JUN132000,Target Price: $0.0879127,2026-06-13 19:45:00-04:00,2026-06-13 20:00:00-04:00,0.0878548,0.087912,no
KXDOGE15M-26JUN131945,Target Price: $0.0879074,2026-06-13 19:30:00-04:00,2026-06-13 19:45:00-04:00,0.0879127,0.087907,yes
KXDOGE15M-26JUN131930,Target Price: $0.0878453,2026-06-13 19:15:00-04:00,2026-06-13 19:30:00-04:00,0.0879074,0.087845,yes
KXDOGE15M-26JUN131915,Target Price: $0.0878308,2026-06-13 19:00:00-04:00,2026-06-13 19:15:00-04:00,0.0878453,0.08783,yes
KXDOGE15M-26JUN131900,Target Price: $0.0878821,2026-06-13 18:45:00-04:00,2026-06-13 19:00:00-04:00,0.0878308,0.087882,no
KXDOGE15M-26JUN131845,Target Price: $0.0879816,2026-06-13 18:30:00-04:00,2026-06-13 18:45:00-04:00,0.0878821,0.087981,no
KXDOGE15M-26JUN131830,Target Price: $0.0878736,2026-06-13 18:15:00-04:00,2026-06-13 18:30:00-04:00,0.0879816,0.087873,yes
KXDOGE15M-26JUN131815,Target Price: $0.0881194,2026-06-13 18:00:00-04:00,2026-06-13 18:15:00-04:00,0.0878736,0.088119,no
KXDOGE15M-26JUN131800,Target Price: $0.0882963,2026-06-13 17:45:00-04:00,2026-06-13 18:00:00-04:00,0.0881194,0.088296,no
KXDOGE15M-26JUN131745,Target Price: $0.0876654,2026-06-13 17:30:00-04:00,2026-06-13 17:45:00-04:00,0.0882963,0.087665,yes
KXDOGE15M-26JUN131730,Target Price: $0.0876688,2026-06-13 17:15:00-04:00,2026-06-13 17:30:00-04:00,0.0876654,0.087668,no
KXDOGE15M-26JUN131715,Target Price: $0.0876375,2026-06-13 17:00:00-04:00,2026-06-13 17:15:00-04:00,0.0876688,0.087637,yes
KXDOGE15M-26JUN131700,Target Price: $0.0876475,2026-06-13 16:45:00-04:00,2026-06-13 17:00:00-04:00,0.0876375,0.087647,no
KXDOGE15M-26JUN131645,Target Price: $0.0876861,2026-06-13 16:30:00-04:00,2026-06-13 16:45:00-04:00,0.0876475,0.087686,no
KXDOGE15M-26JUN131630,Target Price: $0.0876519,2026-06-13 16:15:00-04:00,2026-06-13 16:30:00-04:00,0.0876861,0.087651,yes
KXDOGE15M-26JUN131615,Target Price: $0.0876153,2026-06-13 16:00:00-04:00,2026-06-13 16:15:00-04:00,0.0876519,0.087615,yes
KXDOGE15M-26JUN131600,Target Price: $0.0878619,2026-06-13 15:45:00-04:00,2026-06-13 16:00:00-04:00,0.0876153,0.087861,no
KXDOGE15M-26JUN131545,Target Price: $0.0875511,2026-06-13 15:30:00-04:00,2026-06-13 15:45:00-04:00,0.0878619,0.087551,yes
KXDOGE15M-26JUN131530,Target Price: $0.0876520,2026-06-13 15:15:00-04:00,2026-06-13 15:30:00-04:00,0.0875511,0.087652,no
KXDOGE15M-26JUN131515,Target Price: $0.0876429,2026-06-13 15:00:00-04:00,2026-06-13 15:15:00-04:00,0.0876520,0.087642,yes
KXDOGE15M-26JUN131500,Target Price: $0.0878040,2026-06-13 14:45:00-04:00,2026-06-13 15:00:00-04:00,0.0876429,0.087804,no
KXDOGE15M-26JUN131445,Target Price: $0.0877498,2026-06-13 14:30:00-04:00,2026-06-13 14:45:00-04:00,0.0878040,0.087749,yes
KXDOGE15M-26JUN131430,Target Price: $0.0877077,2026-06-13 14:15:00-04:00,2026-06-13 14:30:00-04:00,0.0877498,0.087707,yes
KXDOGE15M-26JUN131415,Target Price: $0.0876124,2026-06-13 14:00:00-04:00,2026-06-13 14:15:00-04:00,0.0877077,0.087612,yes
KXDOGE15M-26JUN131400,Target Price: $0.0877383,2026-06-13 13:45:00-04:00,2026-06-13 14:00:00-04:00,0.0876124,0.087738,no
KXDOGE15M-26JUN131345,Target Price: $0.0876345,2026-06-13 13:30:00-04:00,2026-06-13 13:45:00-04:00,0.0877383,0.087634,yes
KXDOGE15M-26JUN131330,Target Price: $0.0873648,2026-06-13 13:15:00-04:00,2026-06-13 13:30:00-04:00,0.0876345,0.087364,yes
KXDOGE15M-26JUN131315,Target Price: $0.0878602,2026-06-13 13:00:00-04:00,2026-06-13 13:15:00-04:00,0.0873648,0.08786,no
KXDOGE15M-26JUN131300,Target Price: $0.0879026,2026-06-13 12:45:00-04:00,2026-06-13 13:00:00-04:00,0.0878602,0.087902,no
KXDOGE15M-26JUN131245,Target Price: $0.0878133,2026-06-13 12:30:00-04:00,2026-06-13 12:45:00-04:00,0.0879026,0.087813,yes
KXDOGE15M-26JUN131230,Target Price: $0.0880647,2026-06-13 12:15:00-04:00,2026-06-13 12:30:00-04:00,0.0878133,0.088064,no
KXDOGE15M-26JUN131215,Target Price: $0.0883144,2026-06-13 12:00:00-04:00,2026-06-13 12:15:00-04:00,0.0880647,0.088314,no
KXDOGE15M-26JUN131200,Target Price: $0.0884738,2026-06-13 11:45:00-04:00,2026-06-13 12:00:00-04:00,0.0883144,0.088473,no
KXDOGE15M-26JUN131145,Target Price: $0.0885547,2026-06-13 11:30:00-04:00,2026-06-13 11:45:00-04:00,0.0884738,0.088554,no
KXDOGE15M-26JUN131130,Target Price: $0.0886286,2026-06-13 11:15:00-04:00,2026-06-13 11:30:00-04:00,0.0885547,0.088628,no
KXDOGE15M-26JUN131115,Target Price: $0.0882904,2026-06-13 11:00:00-04:00,2026-06-13 11:15:00-04:00,0.0886286,0.08829,yes
KXDOGE15M-26JUN131100,Target Price: $0.0881479,2026-06-13 10:45:00-04:00,2026-06-13 11:00:00-04:00,0.0882904,0.088147,yes
KXDOGE15M-26JUN131045,Target Price: $0.0881634,2026-06-13 10:30:00-04:00,2026-06-13 10:45:00-04:00,0.0881479,0.088163,no
KXDOGE15M-26JUN131030,Target Price: $0.0882308,2026-06-13 10:15:00-04:00,2026-06-13 10:30:00-04:00,0.0881634,0.08823,no
KXDOGE15M-26JUN131015,Target Price: $0.0880889,2026-06-13 10:00:00-04:00,2026-06-13 10:15:00-04:00,0.0882308,0.088088,yes
KXDOGE15M-26JUN131000,Target Price: $0.0882711,2026-06-13 09:45:00-04:00,2026-06-13 10:00:00-04:00,0.0880889,0.088271,no
KXDOGE15M-26JUN130945,Target Price: $0.0882354,2026-06-13 09:30:00-04:00,2026-06-13 09:45:00-04:00,0.0882711,0.088235,yes
KXDOGE15M-26JUN130930,Target Price: $0.0882120,2026-06-13 09:15:00-04:00,2026-06-13 09:30:00-04:00,0.0882354,0.088212,yes
KXDOGE15M-26JUN130915,Target Price: $0.0885747,2026-06-13 09:00:00-04:00,2026-06-13 09:15:00-04:00,0.0882120,0.088574,no
KXDOGE15M-26JUN130900,Target Price: $0.0881652,2026-06-13 08:45:00-04:00,2026-06-13 09:00:00-04:00,0.0885747,0.088165,yes
KXDOGE15M-26JUN130845,Target Price: $0.0878757,2026-06-13 08:30:00-04:00,2026-06-13 08:45:00-04:00,0.0881652,0.087875,yes
KXDOGE15M-26JUN130830,Target Price: $0.0877736,2026-06-13 08:15:00-04:00,2026-06-13 08:30:00-04:00,0.0878757,0.087773,yes
KXDOGE15M-26JUN130815,Target Price: $0.0878786,2026-06-13 08:00:00-04:00,2026-06-13 08:15:00-04:00,0.0877736,0.087878,no
KXDOGE15M-26JUN130800,Target Price: $0.0878234,2026-06-13 07:45:00-04:00,2026-06-13 08:00:00-04:00,0.0878786,0.087823,yes
KXDOGE15M-26JUN130745,Target Price: $0.0878782,2026-06-13 07:30:00-04:00,2026-06-13 07:45:00-04:00,0.0878234,0.087878,no
KXDOGE15M-26JUN130730,Target Price: $0.0876504,2026-06-13 07:15:00-04:00,2026-06-13 07:30:00-04:00,0.0878782,0.08765,yes
KXDOGE15M-26JUN130715,Target Price: $0.0872673,2026-06-13 07:00:00-04:00,2026-06-13 07:15:00-04:00,0.0876504,0.087267,yes
KXDOGE15M-26JUN130700,Target Price: $0.0873904,2026-06-13 06:45:00-04:00,2026-06-13 07:00:00-04:00,0.0872673,0.08739,no
KXDOGE15M-26JUN130645,Target Price: $0.0873315,2026-06-13 06:30:00-04:00,2026-06-13 06:45:00-04:00,0.0873904,0.087331,yes
KXDOGE15M-26JUN130630,Target Price: $0.0873381,2026-06-13 06:15:00-04:00,2026-06-13 06:30:00-04:00,0.0873315,0.087338,no
KXDOGE15M-26JUN130615,Target Price: $0.0871127,2026-06-13 06:00:00-04:00,2026-06-13 06:15:00-04:00,0.0873381,0.087112,yes
KXDOGE15M-26JUN130600,Target Price: $0.0872147,2026-06-13 05:45:00-04:00,2026-06-13 06:00:00-04:00,0.0871127,0.087214,no
KXDOGE15M-26JUN130545,Target Price: $0.0872164,2026-06-13 05:30:00-04:00,2026-06-13 05:45:00-04:00,0.0872147,0.087216,no
KXDOGE15M-26JUN130530,Target Price: $0.0872708,2026-06-13 05:15:00-04:00,2026-06-13 05:30:00-04:00,0.0872164,0.08727,no
KXDOGE15M-26JUN130515,Target Price: $0.0871178,2026-06-13 05:00:00-04:00,2026-06-13 05:15:00-04:00,0.0872708,0.087117,yes
KXDOGE15M-26JUN130500,Target Price: $0.0871832,2026-06-13 04:45:00-04:00,2026-06-13 05:00:00-04:00,0.0871178,0.087183,no
KXDOGE15M-26JUN130445,Target Price: $0.0870902,2026-06-13 04:30:00-04:00,2026-06-13 04:45:00-04:00,0.0871832,0.08709,yes
KXDOGE15M-26JUN130430,Target Price: $0.0869628,2026-06-13 04:15:00-04:00,2026-06-13 04:30:00-04:00,0.0870902,0.086962,yes
KXDOGE15M-26JUN130415,Target Price: $0.0870034,2026-06-13 04:00:00-04:00,2026-06-13 04:15:00-04:00,0.0869628,0.087003,no
KXDOGE15M-26JUN130400,Target Price: $0.0870130,2026-06-13 03:45:00-04:00,2026-06-13 04:00:00-04:00,0.0870034,0.087013,no
KXDOGE15M-26JUN130345,Target Price: $0.0870602,2026-06-13 03:30:00-04:00,2026-06-13 03:45:00-04:00,0.0870130,0.08706,no
KXDOGE15M-26JUN130330,Target Price: $0.0866858,2026-06-13 03:15:00-04:00,2026-06-13 03:30:00-04:00,0.0870602,0.086685,yes
KXDOGE15M-26JUN130315,Target Price: $0.0866788,2026-06-13 03:00:00-04:00,2026-06-13 03:15:00-04:00,0.0866858,0.086678,yes
KXDOGE15M-26JUN130300,Target Price: $0.0863842,2026-06-13 02:45:00-04:00,2026-06-13 03:00:00-04:00,0.0866788,0.086384,yes
KXDOGE15M-26JUN130245,Target Price: $0.0862615,2026-06-13 02:30:00-04:00,2026-06-13 02:45:00-04:00,0.0863842,0.086261,yes
KXDOGE15M-26JUN130230,Target Price: $0.0861319,2026-06-13 02:15:00-04:00,2026-06-13 02:30:00-04:00,0.0862615,0.086131,yes
KXDOGE15M-26JUN130215,Target Price: $0.0859474,2026-06-13 02:00:00-04:00,2026-06-13 02:15:00-04:00,0.0861319,0.085947,yes
KXDOGE15M-26JUN130200,Target Price: $0.0860706,2026-06-13 01:45:00-04:00,2026-06-13 02:00:00-04:00,0.0859474,0.08607,no
KXDOGE15M-26JUN130145,Target Price: $0.0860699,2026-06-13 01:30:00-04:00,2026-06-13 01:45:00-04:00,0.0860706,0.086069,yes
KXDOGE15M-26JUN130130,Target Price: $0.0862376,2026-06-13 01:15:00-04:00,2026-06-13 01:30:00-04:00,0.0860699,0.086237,no
KXDOGE15M-26JUN130115,Target Price: $0.0860917,2026-06-13 01:00:00-04:00,2026-06-13 01:15:00-04:00,0.0862376,0.086091,yes
KXDOGE15M-26JUN130100,Target Price: $0.0863987,2026-06-13 00:45:00-04:00,2026-06-13 01:00:00-04:00,0.0860917,0.086398,no
KXDOGE15M-26JUN130045,Target Price: $0.0862425,2026-06-13 00:30:00-04:00,2026-06-13 00:45:00-04:00,0.0863987,0.086242,yes
KXDOGE15M-26JUN130030,Target Price: $0.0861290,2026-06-13 00:15:00-04:00,2026-06-13 00:30:00-04:00,0.0862425,0.086129,yes
KXDOGE15M-26JUN130015,Target Price: $0.0862575,2026-06-13 00:00:00-04:00,2026-06-13 00:15:00-04:00,0.0861290,0.086257,no
KXDOGE15M-26JUN130000,Target Price: $0.0863229,2026-06-12 23:45:00-04:00,2026-06-13 00:00:00-04:00,0.0862575,0.086322,no
KXDOGE15M-26JUN122345,Target Price: $0.0861996,2026-06-12 23:30:00-04:00,2026-06-12 23:45:00-04:00,0.0863229,0.086199,yes
KXDOGE15M-26JUN122330,Target Price: $0.0863937,2026-06-12 23:15:00-04:00,2026-06-12 23:30:00-04:00,0.0861996,0.086393,no
KXDOGE15M-26JUN122315,Target Price: $0.0864359,2026-06-12 23:00:00-04:00,2026-06-12 23:15:00-04:00,0.0863937,0.086435,no
KXDOGE15M-26JUN122300,Target Price: $0.0865204,2026-06-12 22:45:00-04:00,2026-06-12 23:00:00-04:00,0.0864359,0.08652,no
KXDOGE15M-26JUN122245,Target Price: $0.0866391,2026-06-12 22:30:00-04:00,2026-06-12 22:45:00-04:00,0.0865204,0.086639,no
KXDOGE15M-26JUN122230,Target Price: $0.0867775,2026-06-12 22:15:00-04:00,2026-06-12 22:30:00-04:00,0.0866391,0.086777,no
KXDOGE15M-26JUN122215,Target Price: $0.0867229,2026-06-12 22:00:00-04:00,2026-06-12 22:15:00-04:00,0.0867775,0.086722,yes
KXDOGE15M-26JUN122200,Target Price: $0.0865935,2026-06-12 21:45:00-04:00,2026-06-12 22:00:00-04:00,0.0867229,0.086593,yes
KXDOGE15M-26JUN122145,Target Price: $0.0863666,2026-06-12 21:30:00-04:00,2026-06-12 21:45:00-04:00,0.0865935,0.086366,yes
KXDOGE15M-26JUN122130,Target Price: $0.0863442,2026-06-12 21:15:00-04:00,2026-06-12 21:30:00-04:00,0.0863666,0.086344,yes
KXDOGE15M-26JUN122115,Target Price: $0.0861041,2026-06-12 21:00:00-04:00,2026-06-12 21:15:00-04:00,0.0863442,0.086104,yes
KXDOGE15M-26JUN122100,Target Price: $0.0859824,2026-06-12 20:45:00-04:00,2026-06-12 21:00:00-04:00,0.0861041,0.085982,yes
KXDOGE15M-26JUN122045,Target Price: $0.0859175,2026-06-12 20:30:00-04:00,2026-06-12 20:45:00-04:00,0.0859824,0.085917,yes
KXDOGE15M-26JUN122030,Target Price: $0.0859728,2026-06-12 20:15:00-04:00,2026-06-12 20:30:00-04:00,0.0859175,0.085972,no
KXDOGE15M-26JUN122015,Target Price: $0.0859770,2026-06-12 20:00:00-04:00,2026-06-12 20:15:00-04:00,0.0859728,0.085977,no
KXDOGE15M-26JUN122000,Target Price: $0.0858368,2026-06-12 19:45:00-04:00,2026-06-12 20:00:00-04:00,0.0859770,0.085836,yes
KXDOGE15M-26JUN121945,Target Price: $0.0858515,2026-06-12 19:30:00-04:00,2026-06-12 19:45:00-04:00,0.0858368,0.085851,no
KXDOGE15M-26JUN121930,Target Price: $0.0860783,2026-06-12 19:15:00-04:00,2026-06-12 19:30:00-04:00,0.0858515,0.086078,no
KXDOGE15M-26JUN121915,Target Price: $0.0863463,2026-06-12 19:00:00-04:00,2026-06-12 19:15:00-04:00,0.0860783,0.086346,no
KXDOGE15M-26JUN121900,Target Price: $0.0861947,2026-06-12 18:45:00-04:00,2026-06-12 19:00:00-04:00,0.0863463,0.086194,yes
KXDOGE15M-26JUN121845,Target Price: $0.0864478,2026-06-12 18:30:00-04:00,2026-06-12 18:45:00-04:00,0.0861947,0.086447,no
KXDOGE15M-26JUN121830,Target Price: $0.0864687,2026-06-12 18:15:00-04:00,2026-06-12 18:30:00-04:00,0.0864478,0.086468,no
KXDOGE15M-26JUN121815,Target Price: $0.0867716,2026-06-12 18:00:00-04:00,2026-06-12 18:15:00-04:00,0.0864687,0.086771,no
KXDOGE15M-26JUN121800,Target Price: $0.0876062,2026-06-12 17:45:00-04:00,2026-06-12 18:00:00-04:00,0.0867716,0.087606,no
KXDOGE15M-26JUN121745,Target Price: $0.0876204,2026-06-12 17:30:00-04:00,2026-06-12 17:45:00-04:00,0.0876062,0.08762,no
KXDOGE15M-26JUN121730,Target Price: $0.0875342,2026-06-12 17:15:00-04:00,2026-06-12 17:30:00-04:00,0.0876204,0.087534,yes
KXDOGE15M-26JUN121715,Target Price: $0.0874355,2026-06-12 17:00:00-04:00,2026-06-12 17:15:00-04:00,0.0875342,0.087435,yes
KXDOGE15M-26JUN121700,Target Price: $0.0876566,2026-06-12 16:45:00-04:00,2026-06-12 17:00:00-04:00,0.0874355,0.087656,no
KXDOGE15M-26JUN121645,Target Price: $0.0876633,2026-06-12 16:30:00-04:00,2026-06-12 16:45:00-04:00,0.0876566,0.087663,no
KXDOGE15M-26JUN121630,Target Price: $0.0875885,2026-06-12 16:15:00-04:00,2026-06-12 16:30:00-04:00,0.0876633,0.087588,yes
KXDOGE15M-26JUN121615,Target Price: $0.0874598,2026-06-12 16:00:00-04:00,2026-06-12 16:15:00-04:00,0.0875885,0.087459,yes
KXDOGE15M-26JUN121600,Target Price: $0.0876850,2026-06-12 15:45:00-04:00,2026-06-12 16:00:00-04:00,0.0874598,0.087685,no
KXDOGE15M-26JUN121545,Target Price: $0.0879415,2026-06-12 15:30:00-04:00,2026-06-12 15:45:00-04:00,0.0876850,0.087941,no
KXDOGE15M-26JUN121530,Target Price: $0.0878983,2026-06-12 15:15:00-04:00,2026-06-12 15:30:00-04:00,0.0879415,0.087898,yes
KXDOGE15M-26JUN121515,Target Price: $0.0876074,2026-06-12 15:00:00-04:00,2026-06-12 15:15:00-04:00,0.0878983,0.087607,yes
KXDOGE15M-26JUN121500,Target Price: $0.0878267,2026-06-12 14:45:00-04:00,2026-06-12 15:00:00-04:00,0.0876074,0.087826,no
KXDOGE15M-26JUN121445,Target Price: $0.0877133,2026-06-12 14:30:00-04:00,2026-06-12 14:45:00-04:00,0.0878267,0.087713,yes
KXDOGE15M-26JUN121430,Target Price: $0.0877932,2026-06-12 14:15:00-04:00,2026-06-12 14:30:00-04:00,0.0877133,0.087793,no
KXDOGE15M-26JUN121415,Target Price: $0.0878191,2026-06-12 14:00:00-04:00,2026-06-12 14:15:00-04:00,0.0877932,0.087819,no
KXDOGE15M-26JUN121400,Target Price: $0.0881177,2026-06-12 13:45:00-04:00,2026-06-12 14:00:00-04:00,0.0878191,0.088117,no
KXDOGE15M-26JUN121345,Target Price: $0.0883578,2026-06-12 13:30:00-04:00,2026-06-12 13:45:00-04:00,0.0881177,0.088357,no
KXDOGE15M-26JUN121330,Target Price: $0.0884947,2026-06-12 13:15:00-04:00,2026-06-12 13:30:00-04:00,0.0883578,0.088494,no
KXDOGE15M-26JUN121315,Target Price: $0.0886694,2026-06-12 13:00:00-04:00,2026-06-12 13:15:00-04:00,0.0884947,0.088669,no
KXDOGE15M-26JUN121300,Target Price: $0.0882921,2026-06-12 12:45:00-04:00,2026-06-12 13:00:00-04:00,0.0886694,0.088292,yes
KXDOGE15M-26JUN121245,Target Price: $0.0881552,2026-06-12 12:30:00-04:00,2026-06-12 12:45:00-04:00,0.0882921,0.088155,yes
KXDOGE15M-26JUN121230,Target Price: $0.0881299,2026-06-12 12:15:00-04:00,2026-06-12 12:30:00-04:00,0.0881552,0.088129,yes
KXDOGE15M-26JUN121215,Target Price: $0.0874070,2026-06-12 12:00:00-04:00,2026-06-12 12:15:00-04:00,0.0881299,0.087407,yes
KXDOGE15M-26JUN121200,Target Price: $0.0886444,2026-06-12 11:45:00-04:00,2026-06-12 12:00:00-04:00,0.0874070,0.088644,no
KXDOGE15M-26JUN121145,Target Price: $0.0896296,2026-06-12 11:30:00-04:00,2026-06-12 11:45:00-04:00,0.0886444,0.089629,no
KXDOGE15M-26JUN121130,Target Price: $0.0901999,2026-06-12 11:15:00-04:00,2026-06-12 11:30:00-04:00,0.0896296,0.090199,no
KXDOGE15M-26JUN121115,Target Price: $0.0905126,2026-06-12 11:00:00-04:00,2026-06-12 11:15:00-04:00,0.0901999,0.090512,no
KXDOGE15M-26JUN121100,Target Price: $0.0903502,2026-06-12 10:45:00-04:00,2026-06-12 11:00:00-04:00,0.0905126,0.09035,yes
KXDOGE15M-26JUN121045,Target Price: $0.0893686,2026-06-12 10:30:00-04:00,2026-06-12 10:45:00-04:00,0.0903502,0.089368,yes
KXDOGE15M-26JUN121030,Target Price: $0.0874612,2026-06-12 10:15:00-04:00,2026-06-12 10:30:00-04:00,0.0893686,0.087461,yes
KXDOGE15M-26JUN121015,Target Price: $0.0868400,2026-06-12 10:00:00-04:00,2026-06-12 10:15:00-04:00,0.0874612,0.08684,yes
KXDOGE15M-26JUN121000,Target Price: $0.0869929,2026-06-12 09:45:00-04:00,2026-06-12 10:00:00-04:00,0.0868400,0.086992,no
KXDOGE15M-26JUN120945,Target Price: $0.0869339,2026-06-12 09:30:00-04:00,2026-06-12 09:45:00-04:00,0.0869929,0.086933,yes
KXDOGE15M-26JUN120930,Target Price: $0.0869065,2026-06-12 09:15:00-04:00,2026-06-12 09:30:00-04:00,0.0869339,0.086906,yes
KXDOGE15M-26JUN120915,Target Price: $0.0869594,2026-06-12 09:00:00-04:00,2026-06-12 09:15:00-04:00,0.0869065,0.086959,no
KXDOGE15M-26JUN120900,Target Price: $0.0868376,2026-06-12 08:45:00-04:00,2026-06-12 09:00:00-04:00,0.0869594,0.086837,yes
KXDOGE15M-26JUN120845,Target Price: $0.0868889,2026-06-12 08:30:00-04:00,2026-06-12 08:45:00-04:00,0.0868376,0.086888,no
KXDOGE15M-26JUN120830,Target Price: $0.0870199,2026-06-12 08:15:00-04:00,2026-06-12 08:30:00-04:00,0.0868889,0.087019,no
KXDOGE15M-26JUN120815,Target Price: $0.0868686,2026-06-12 08:00:00-04:00,2026-06-12 08:15:00-04:00,0.0870199,0.086868,yes
KXDOGE15M-26JUN120800,Target Price: $0.0866256,2026-06-12 07:45:00-04:00,2026-06-12 08:00:00-04:00,0.0868686,0.086625,yes
KXDOGE15M-26JUN120745,Target Price: $0.0866238,2026-06-12 07:30:00-04:00,2026-06-12 07:45:00-04:00,0.0866256,0.086623,yes
KXDOGE15M-26JUN120730,Target Price: $0.0866312,2026-06-12 07:15:00-04:00,2026-06-12 07:30:00-04:00,0.0866238,0.086631,no
KXDOGE15M-26JUN120715,Target Price: $0.0865641,2026-06-12 07:00:00-04:00,2026-06-12 07:15:00-04:00,0.0866312,0.086564,yes
KXDOGE15M-26JUN120700,Target Price: $0.0864818,2026-06-12 06:45:00-04:00,2026-06-12 07:00:00-04:00,0.0865641,0.086481,yes
KXDOGE15M-26JUN120645,Target Price: $0.0864078,2026-06-12 06:30:00-04:00,2026-06-12 06:45:00-04:00,0.0864818,0.086407,yes
KXDOGE15M-26JUN120630,Target Price: $0.0867552,2026-06-12 06:15:00-04:00,2026-06-12 06:30:00-04:00,0.0864078,0.086755,no
KXDOGE15M-26JUN120615,Target Price: $0.0869634,2026-06-12 06:00:00-04:00,2026-06-12 06:15:00-04:00,0.0867552,0.086963,no
KXDOGE15M-26JUN120600,Target Price: $0.0870172,2026-06-12 05:45:00-04:00,2026-06-12 06:00:00-04:00,0.0869634,0.087017,no
KXDOGE15M-26JUN120545,Target Price: $0.0868452,2026-06-12 05:30:00-04:00,2026-06-12 05:45:00-04:00,0.0870172,0.086845,yes
KXDOGE15M-26JUN120530,Target Price: $0.0865777,2026-06-12 05:15:00-04:00,2026-06-12 05:30:00-04:00,0.0868452,0.086577,yes
KXDOGE15M-26JUN120515,Target Price: $0.0865853,2026-06-12 05:00:00-04:00,2026-06-12 05:15:00-04:00,0.0865777,0.086585,no
KXDOGE15M-26JUN120500,Target Price: $0.0863346,2026-06-12 04:45:00-04:00,2026-06-12 05:00:00-04:00,0.0865853,0.086334,yes
KXDOGE15M-26JUN120445,Target Price: $0.0865312,2026-06-12 04:30:00-04:00,2026-06-12 04:45:00-04:00,0.0863346,0.086531,no
KXDOGE15M-26JUN120430,Target Price: $0.0861446,2026-06-12 04:15:00-04:00,2026-06-12 04:30:00-04:00,0.0865312,0.086144,yes
KXDOGE15M-26JUN120415,Target Price: $0.0858292,2026-06-12 04:00:00-04:00,2026-06-12 04:15:00-04:00,0.0861446,0.085829,yes
KXDOGE15M-26JUN120400,Target Price: $0.0855836,2026-06-12 03:45:00-04:00,2026-06-12 04:00:00-04:00,0.0858292,0.085583,yes
KXDOGE15M-26JUN120345,Target Price: $0.0855566,2026-06-12 03:30:00-04:00,2026-06-12 03:45:00-04:00,0.0855836,0.085556,yes
KXDOGE15M-26JUN120330,Target Price: $0.0854859,2026-06-12 03:15:00-04:00,2026-06-12 03:30:00-04:00,0.0855566,0.085485,yes
KXDOGE15M-26JUN120315,Target Price: $0.0853230,2026-06-12 03:00:00-04:00,2026-06-12 03:15:00-04:00,0.0854859,0.085323,yes
KXDOGE15M-26JUN120300,Target Price: $0.0852496,2026-06-12 02:45:00-04:00,2026-06-12 03:00:00-04:00,0.0853230,0.085249,yes
KXDOGE15M-26JUN120245,Target Price: $0.0862950,2026-06-12 02:30:00-04:00,2026-06-12 02:45:00-04:00,0.0852496,0.086295,no
KXDOGE15M-26JUN120230,Target Price: $0.0865033,2026-06-12 02:15:00-04:00,2026-06-12 02:30:00-04:00,0.0862950,0.086503,no
KXDOGE15M-26JUN120215,Target Price: $0.0866956,2026-06-12 02:00:00-04:00,2026-06-12 02:15:00-04:00,0.0865033,0.086695,no
KXDOGE15M-26JUN120200,Target Price: $0.0869578,2026-06-12 01:45:00-04:00,2026-06-12 02:00:00-04:00,0.0866956,0.086957,no
KXDOGE15M-26JUN120145,Target Price: $0.0866771,2026-06-12 01:30:00-04:00,2026-06-12 01:45:00-04:00,0.0869578,0.086677,yes
KXDOGE15M-26JUN120130,Target Price: $0.0867170,2026-06-12 01:15:00-04:00,2026-06-12 01:30:00-04:00,0.0866771,0.086717,no
KXDOGE15M-26JUN120115,Target Price: $0.0868943,2026-06-12 01:00:00-04:00,2026-06-12 01:15:00-04:00,0.0867170,0.086894,no
KXDOGE15M-26JUN120100,Target Price: $0.0866153,2026-06-12 00:45:00-04:00,2026-06-12 01:00:00-04:00,0.0868943,0.086615,yes
KXDOGE15M-26JUN120045,Target Price: $0.0866706,2026-06-12 00:30:00-04:00,2026-06-12 00:45:00-04:00,0.0866153,0.08667,no
KXDOGE15M-26JUN120030,Target Price: $0.0864124,2026-06-12 00:15:00-04:00,2026-06-12 00:30:00-04:00,0.0866706,0.086412,yes
KXDOGE15M-26JUN120015,Target Price: $0.0864362,2026-06-12 00:00:00-04:00,2026-06-12 00:15:00-04:00,0.0864124,0.086436,no
KXDOGE15M-26JUN120000,Target Price: $0.0862914,2026-06-11 23:45:00-04:00,2026-06-12 00:00:00-04:00,0.0864362,0.086291,yes
KXDOGE15M-26JUN112345,Target Price: $0.0862203,2026-06-11 23:30:00-04:00,2026-06-11 23:45:00-04:00,0.0862914,0.08622,yes
KXDOGE15M-26JUN112330,Target Price: $0.0862489,2026-06-11 23:15:00-04:00,2026-06-11 23:30:00-04:00,0.0862203,0.086248,no
KXDOGE15M-26JUN112315,Target Price: $0.0862929,2026-06-11 23:00:00-04:00,2026-06-11 23:15:00-04:00,0.0862489,0.086292,no
KXDOGE15M-26JUN112300,Target Price: $0.0864084,2026-06-11 22:45:00-04:00,2026-06-11 23:00:00-04:00,0.0862929,0.086408,no
KXDOGE15M-26JUN112245,Target Price: $0.0861438,2026-06-11 22:30:00-04:00,2026-06-11 22:45:00-04:00,0.0864084,0.086143,yes
KXDOGE15M-26JUN112230,Target Price: $0.0863194,2026-06-11 22:15:00-04:00,2026-06-11 22:30:00-04:00,0.0861438,0.086319,no
KXDOGE15M-26JUN112215,Target Price: $0.0858004,2026-06-11 22:00:00-04:00,2026-06-11 22:15:00-04:00,0.0863194,0.0858,yes
KXDOGE15M-26JUN112200,Target Price: $0.0856755,2026-06-11 21:45:00-04:00,2026-06-11 22:00:00-04:00,0.0858004,0.085675,yes
KXDOGE15M-26JUN112145,Target Price: $0.0856655,2026-06-11 21:30:00-04:00,2026-06-11 21:45:00-04:00,0.0856755,0.085665,yes
KXDOGE15M-26JUN112130,Target Price: $0.0859515,2026-06-11 21:15:00-04:00,2026-06-11 21:30:00-04:00,0.0856655,0.085951,no
KXDOGE15M-26JUN112115,Target Price: $0.0858512,2026-06-11 21:00:00-04:00,2026-06-11 21:15:00-04:00,0.0859515,0.085851,yes
KXDOGE15M-26JUN112100,Target Price: $0.0859835,2026-06-11 20:45:00-04:00,2026-06-11 21:00:00-04:00,0.0858512,0.085983,no
KXDOGE15M-26JUN112045,Target Price: $0.0859652,2026-06-11 20:30:00-04:00,2026-06-11 20:45:00-04:00,0.0859835,0.085965,yes
KXDOGE15M-26JUN112030,Target Price: $0.0859604,2026-06-11 20:15:00-04:00,2026-06-11 20:30:00-04:00,0.0859652,0.08596,yes
KXDOGE15M-26JUN112015,Target Price: $0.0859750,2026-06-11 20:00:00-04:00,2026-06-11 20:15:00-04:00,0.0859604,0.085975,no
KXDOGE15M-26JUN112000,Target Price: $0.0863295,2026-06-11 19:45:00-04:00,2026-06-11 20:00:00-04:00,0.0859750,0.086329,no
KXDOGE15M-26JUN111945,Target Price: $0.0860938,2026-06-11 19:30:00-04:00,2026-06-11 19:45:00-04:00,0.0863295,0.086093,yes
KXDOGE15M-26JUN111930,Target Price: $0.0862442,2026-06-11 19:15:00-04:00,2026-06-11 19:30:00-04:00,0.0860938,0.086244,no
KXDOGE15M-26JUN111915,Target Price: $0.0863722,2026-06-11 19:00:00-04:00,2026-06-11 19:15:00-04:00,0.0862442,0.086372,no
KXDOGE15M-26JUN111900,Target Price: $0.0863159,2026-06-11 18:45:00-04:00,2026-06-11 19:00:00-04:00,0.0863722,0.086315,yes
KXDOGE15M-26JUN111845,Target Price: $0.0864699,2026-06-11 18:30:00-04:00,2026-06-11 18:45:00-04:00,0.0863159,0.086469,no
KXDOGE15M-26JUN111830,Target Price: $0.0864444,2026-06-11 18:15:00-04:00,2026-06-11 18:30:00-04:00,0.0864699,0.086444,yes
KXDOGE15M-26JUN111815,Target Price: $0.0863064,2026-06-11 18:00:00-04:00,2026-06-11 18:15:00-04:00,0.0864444,0.086306,yes
KXDOGE15M-26JUN111800,Target Price: $0.0863793,2026-06-11 17:45:00-04:00,2026-06-11 18:00:00-04:00,0.0863064,0.086379,no
KXDOGE15M-26JUN111745,Target Price: $0.0863575,2026-06-11 17:30:00-04:00,2026-06-11 17:45:00-04:00,0.0863793,0.086357,yes
KXDOGE15M-26JUN111730,Target Price: $0.0866004,2026-06-11 17:15:00-04:00,2026-06-11 17:30:00-04:00,0.0863575,0.0866,no
KXDOGE15M-26JUN111715,Target Price: $0.0862468,2026-06-11 17:00:00-04:00,2026-06-11 17:15:00-04:00,0.0866004,0.086246,yes
KXDOGE15M-26JUN111700,Target Price: $0.0859817,2026-06-11 16:45:00-04:00,2026-06-11 17:00:00-04:00,0.0862468,0.085981,yes
KXDOGE15M-26JUN111645,Target Price: $0.0860877,2026-06-11 16:30:00-04:00,2026-06-11 16:45:00-04:00,0.0859817,0.086087,no
KXDOGE15M-26JUN111630,Target Price: $0.0863911,2026-06-11 16:15:00-04:00,2026-06-11 16:30:00-04:00,0.0860877,0.086391,no
KXDOGE15M-26JUN111615,Target Price: $0.0863963,2026-06-11 16:00:00-04:00,2026-06-11 16:15:00-04:00,0.0863911,0.086396,no
KXDOGE15M-26JUN111600,Target Price: $0.0866494,2026-06-11 15:45:00-04:00,2026-06-11 16:00:00-04:00,0.0863963,0.086649,no
KXDOGE15M-26JUN111545,Target Price: $0.0865918,2026-06-11 15:30:00-04:00,2026-06-11 15:45:00-04:00,0.0866494,0.086591,yes
KXDOGE15M-26JUN111530,Target Price: $0.0862814,2026-06-11 15:15:00-04:00,2026-06-11 15:30:00-04:00,0.0865918,0.086281,yes
KXDOGE15M-26JUN111515,Target Price: $0.0864367,2026-06-11 15:00:00-04:00,2026-06-11 15:15:00-04:00,0.0862814,0.086436,no
KXDOGE15M-26JUN111500,Target Price: $0.0864603,2026-06-11 14:45:00-04:00,2026-06-11 15:00:00-04:00,0.0864367,0.08646,no
KXDOGE15M-26JUN111445,Target Price: $0.0862988,2026-06-11 14:30:00-04:00,2026-06-11 14:45:00-04:00,0.0864603,0.086298,yes
KXDOGE15M-26JUN111430,Target Price: $0.0865258,2026-06-11 14:15:00-04:00,2026-06-11 14:30:00-04:00,0.0862988,0.086525,no
KXDOGE15M-26JUN111415,Target Price: $0.0865634,2026-06-11 14:00:00-04:00,2026-06-11 14:15:00-04:00,0.0865258,0.086563,no
KXDOGE15M-26JUN111400,Target Price: $0.0860968,2026-06-11 13:45:00-04:00,2026-06-11 14:00:00-04:00,0.0865634,0.086096,yes
KXDOGE15M-26JUN111345,Target Price: $0.0850961,2026-06-11 13:30:00-04:00,2026-06-11 13:45:00-04:00,0.0860968,0.085096,yes
KXDOGE15M-26JUN111330,Target Price: $0.0845435,2026-06-11 13:15:00-04:00,2026-06-11 13:30:00-04:00,0.0850961,0.084543,yes
KXDOGE15M-26JUN111315,Target Price: $0.0846327,2026-06-11 13:00:00-04:00,2026-06-11 13:15:00-04:00,0.0845435,0.084632,no
KXDOGE15M-26JUN111300,Target Price: $0.0847058,2026-06-11 12:45:00-04:00,2026-06-11 13:00:00-04:00,0.0846327,0.084705,no
KXDOGE15M-26JUN111245,Target Price: $0.0847100,2026-06-11 12:30:00-04:00,2026-06-11 12:45:00-04:00,0.0847058,0.08471,no
KXDOGE15M-26JUN111230,Target Price: $0.0850144,2026-06-11 12:15:00-04:00,2026-06-11 12:30:00-04:00,0.0847100,0.085014,no
KXDOGE15M-26JUN111215,Target Price: $0.0848273,2026-06-11 12:00:00-04:00,2026-06-11 12:15:00-04:00,0.0850144,0.084827,yes
KXDOGE15M-26JUN111200,Target Price: $0.0848432,2026-06-11 11:45:00-04:00,2026-06-11 12:00:00-04:00,0.0848273,0.084843,no
KXDOGE15M-26JUN111145,Target Price: $0.0849899,2026-06-11 11:30:00-04:00,2026-06-11 11:45:00-04:00,0.0848432,0.084989,no
KXDOGE15M-26JUN111130,Target Price: $0.0847474,2026-06-11 11:15:00-04:00,2026-06-11 11:30:00-04:00,0.0849899,0.084747,yes
KXDOGE15M-26JUN111115,Target Price: $0.0849584,2026-06-11 11:00:00-04:00,2026-06-11 11:15:00-04:00,0.0847474,0.084958,no
KXDOGE15M-26JUN111100,Target Price: $0.0850242,2026-06-11 10:45:00-04:00,2026-06-11 11:00:00-04:00,0.0849584,0.085024,no
KXDOGE15M-26JUN111045,Target Price: $0.0849409,2026-06-11 10:30:00-04:00,2026-06-11 10:45:00-04:00,0.0850242,0.08494,yes
KXDOGE15M-26JUN111030,Target Price: $0.0847149,2026-06-11 10:15:00-04:00,2026-06-11 10:30:00-04:00,0.0849409,0.084714,yes
KXDOGE15M-26JUN111015,Target Price: $0.0849041,2026-06-11 10:00:00-04:00,2026-06-11 10:15:00-04:00,0.0847149,0.084904,no
KXDOGE15M-26JUN111000,Target Price: $0.0847953,2026-06-11 09:45:00-04:00,2026-06-11 10:00:00-04:00,0.0849041,0.084795,yes
KXDOGE15M-26JUN110945,Target Price: $0.0847409,2026-06-11 09:30:00-04:00,2026-06-11 09:45:00-04:00,0.0847953,0.08474,yes
KXDOGE15M-26JUN110930,Target Price: $0.0847405,2026-06-11 09:15:00-04:00,2026-06-11 09:30:00-04:00,0.0847409,0.08474,yes
KXDOGE15M-26JUN110915,Target Price: $0.0847259,2026-06-11 09:00:00-04:00,2026-06-11 09:15:00-04:00,0.0847405,0.084725,yes
KXDOGE15M-26JUN110900,Target Price: $0.0845914,2026-06-11 08:45:00-04:00,2026-06-11 09:00:00-04:00,0.0847259,0.084591,yes
KXDOGE15M-26JUN110845,Target Price: $0.0843494,2026-06-11 08:30:00-04:00,2026-06-11 08:45:00-04:00,0.0845914,0.084349,yes
KXDOGE15M-26JUN110830,Target Price: $0.0850993,2026-06-11 08:15:00-04:00,2026-06-11 08:30:00-04:00,0.0843494,0.085099,no
KXDOGE15M-26JUN110815,Target Price: $0.0852660,2026-06-11 08:00:00-04:00,2026-06-11 08:15:00-04:00,0.0850993,0.085266,no
KXDOGE15M-26JUN110800,Target Price: $0.0850510,2026-06-11 07:45:00-04:00,2026-06-11 08:00:00-04:00,0.0852660,0.085051,yes
KXDOGE15M-26JUN110745,Target Price: $0.0851038,2026-06-11 07:30:00-04:00,2026-06-11 07:45:00-04:00,0.0850510,0.085103,no
KXDOGE15M-26JUN110730,Target Price: $0.0850715,2026-06-11 07:15:00-04:00,2026-06-11 07:30:00-04:00,0.0851038,0.085071,yes
KXDOGE15M-26JUN110715,Target Price: $0.0850629,2026-06-11 07:00:00-04:00,2026-06-11 07:15:00-04:00,0.0850715,0.085062,yes
KXDOGE15M-26JUN110700,Target Price: $0.0849771,2026-06-11 06:45:00-04:00,2026-06-11 07:00:00-04:00,0.0850629,0.084977,yes
KXDOGE15M-26JUN110645,Target Price: $0.0849621,2026-06-11 06:30:00-04:00,2026-06-11 06:45:00-04:00,0.0849771,0.084962,yes
KXDOGE15M-26JUN110630,Target Price: $0.0850701,2026-06-11 06:15:00-04:00,2026-06-11 06:30:00-04:00,0.0849621,0.08507,no
KXDOGE15M-26JUN110615,Target Price: $0.0850119,2026-06-11 06:00:00-04:00,2026-06-11 06:15:00-04:00,0.0850701,0.085011,yes
KXDOGE15M-26JUN110600,Target Price: $0.0848916,2026-06-11 05:45:00-04:00,2026-06-11 06:00:00-04:00,0.0850119,0.084891,yes
KXDOGE15M-26JUN110545,Target Price: $0.0847894,2026-06-11 05:30:00-04:00,2026-06-11 05:45:00-04:00,0.0848916,0.084789,yes
KXDOGE15M-26JUN110530,Target Price: $0.0848140,2026-06-11 05:15:00-04:00,2026-06-11 05:30:00-04:00,0.0847894,0.084814,no
KXDOGE15M-26JUN110515,Target Price: $0.0851605,2026-06-11 05:00:00-04:00,2026-06-11 05:15:00-04:00,0.0848140,0.08516,no
KXDOGE15M-26JUN110200,Target Price: $0.0849730,2026-06-11 01:45:00-04:00,2026-06-11 02:00:00-04:00,0.0847370,0.084973,no
KXDOGE15M-26JUN110145,Target Price: $0.0848577,2026-06-11 01:30:00-04:00,2026-06-11 01:45:00-04:00,0.0849730,0.084857,yes
KXDOGE15M-26JUN110130,Target Price: $0.0849086,2026-06-11 01:15:00-04:00,2026-06-11 01:30:00-04:00,0.0848577,0.084908,no
KXDOGE15M-26JUN110115,Target Price: $0.0850545,2026-06-11 01:00:00-04:00,2026-06-11 01:15:00-04:00,0.0849086,0.085054,no
KXDOGE15M-26JUN110100,Target Price: $0.0850690,2026-06-11 00:45:00-04:00,2026-06-11 01:00:00-04:00,0.0850545,0.085069,no
KXDOGE15M-26JUN110045,Target Price: $0.0848818,2026-06-11 00:30:00-04:00,2026-06-11 00:45:00-04:00,0.0850690,0.084881,yes
KXDOGE15M-26JUN110030,Target Price: $0.0849112,2026-06-11 00:15:00-04:00,2026-06-11 00:30:00-04:00,0.0848818,0.084911,no
KXDOGE15M-26JUN110015,Target Price: $0.0850007,2026-06-11 00:00:00-04:00,2026-06-11 00:15:00-04:00,0.0849112,0.085,no
KXDOGE15M-26JUN110000,Target Price: $0.0842983,2026-06-10 23:45:00-04:00,2026-06-11 00:00:00-04:00,0.0850007,0.084298,yes
KXDOGE15M-26JUN102345,Target Price: $0.0840465,2026-06-10 23:30:00-04:00,2026-06-10 23:45:00-04:00,0.0842983,0.084046,yes
KXDOGE15M-26JUN102330,Target Price: $0.0838861,2026-06-10 23:15:00-04:00,2026-06-10 23:30:00-04:00,0.0840465,0.083886,yes
KXDOGE15M-26JUN102315,Target Price: $0.0840512,2026-06-10 23:00:00-04:00,2026-06-10 23:15:00-04:00,0.0838861,0.084051,no
KXDOGE15M-26JUN102300,Target Price: $0.0837422,2026-06-10 22:45:00-04:00,2026-06-10 23:00:00-04:00,0.0840512,0.083742,yes
KXDOGE15M-26JUN102245,Target Price: $0.0836960,2026-06-10 22:30:00-04:00,2026-06-10 22:45:00-04:00,0.0837422,0.083696,yes
KXDOGE15M-26JUN102230,Target Price: $0.0839393,2026-06-10 22:15:00-04:00,2026-06-10 22:30:00-04:00,0.0836960,0.083939,no
KXDOGE15M-26JUN102215,Target Price: $0.0842184,2026-06-10 22:00:00-04:00,2026-06-10 22:15:00-04:00,0.0839393,0.084218,no
KXDOGE15M-26JUN102200,Target Price: $0.0842826,2026-06-10 21:45:00-04:00,2026-06-10 22:00:00-04:00,0.0842184,0.084282,no
KXDOGE15M-26JUN102145,Target Price: $0.0839430,2026-06-10 21:30:00-04:00,2026-06-10 21:45:00-04:00,0.0842826,0.083943,yes
KXDOGE15M-26JUN102130,Target Price: $0.0837644,2026-06-10 21:15:00-04:00,2026-06-10 21:30:00-04:00,0.0839430,0.083764,yes
KXDOGE15M-26JUN102115,Target Price: $0.0833564,2026-06-10 21:00:00-04:00,2026-06-10 21:15:00-04:00,0.0837644,0.083356,yes
KXDOGE15M-26JUN102100,Target Price: $0.0833598,2026-06-10 20:45:00-04:00,2026-06-10 21:00:00-04:00,0.0833564,0.083359,no
KXDOGE15M-26JUN102045,Target Price: $0.0833790,2026-06-10 20:30:00-04:00,2026-06-10 20:45:00-04:00,0.0833598,0.083379,no
KXDOGE15M-26JUN102030,Target Price: $0.0831831,2026-06-10 20:15:00-04:00,2026-06-10 20:30:00-04:00,0.0833790,0.083183,yes
KXDOGE15M-26JUN102015,Target Price: $0.0829113,2026-06-10 20:00:00-04:00,2026-06-10 20:15:00-04:00,0.0831831,0.082911,yes
KXDOGE15M-26JUN102000,Target Price: $0.0829491,2026-06-10 19:45:00-04:00,2026-06-10 20:00:00-04:00,0.0829113,0.082949,no
KXDOGE15M-26JUN101945,Target Price: $0.0829442,2026-06-10 19:30:00-04:00,2026-06-10 19:45:00-04:00,0.0829491,0.082944,yes
KXDOGE15M-26JUN101930,Target Price: $0.0823326,2026-06-10 19:15:00-04:00,2026-06-10 19:30:00-04:00,0.0829442,0.082332,yes
KXDOGE15M-26JUN101915,Target Price: $0.0823308,2026-06-10 19:00:00-04:00,2026-06-10 19:15:00-04:00,0.0823326,0.08233,yes
KXDOGE15M-26JUN101900,Target Price: $0.0825127,2026-06-10 18:45:00-04:00,2026-06-10 19:00:00-04:00,0.0823308,0.082512,no
KXDOGE15M-26JUN101845,Target Price: $0.0820047,2026-06-10 18:30:00-04:00,2026-06-10 18:45:00-04:00,0.0825127,0.082004,yes
KXDOGE15M-26JUN101830,Target Price: $0.0820501,2026-06-10 18:15:00-04:00,2026-06-10 18:30:00-04:00,0.0820047,0.08205,no
KXDOGE15M-26JUN101815,Target Price: $0.0820933,2026-06-10 18:00:00-04:00,2026-06-10 18:15:00-04:00,0.0820501,0.082093,no
KXDOGE15M-26JUN101800,Target Price: $0.0825681,2026-06-10 17:45:00-04:00,2026-06-10 18:00:00-04:00,0.0820933,0.082568,no
KXDOGE15M-26JUN101745,Target Price: $0.0824377,2026-06-10 17:30:00-04:00,2026-06-10 17:45:00-04:00,0.0825681,0.082437,yes
KXDOGE15M-26JUN101730,Target Price: $0.0821860,2026-06-10 17:15:00-04:00,2026-06-10 17:30:00-04:00,0.0824377,0.082186,yes
KXDOGE15M-26JUN101715,Target Price: $0.0827970,2026-06-10 17:00:00-04:00,2026-06-10 17:15:00-04:00,0.0821860,0.082797,no
KXDOGE15M-26JUN101700,Target Price: $0.0829113,2026-06-10 16:45:00-04:00,2026-06-10 17:00:00-04:00,0.0827970,0.082911,no
KXDOGE15M-26JUN101645,Target Price: $0.0830584,2026-06-10 16:30:00-04:00,2026-06-10 16:45:00-04:00,0.0829113,0.083058,no
KXDOGE15M-26JUN101630,Target Price: $0.0830112,2026-06-10 16:15:00-04:00,2026-06-10 16:30:00-04:00,0.0830584,0.083011,yes
KXDOGE15M-26JUN101615,Target Price: $0.0831566,2026-06-10 16:00:00-04:00,2026-06-10 16:15:00-04:00,0.0830112,0.083156,no
KXDOGE15M-26JUN101600,Target Price: $0.0834089,2026-06-10 15:45:00-04:00,2026-06-10 16:00:00-04:00,0.0831566,0.083408,no
KXDOGE15M-26JUN101545,Target Price: $0.0833751,2026-06-10 15:30:00-04:00,2026-06-10 15:45:00-04:00,0.0834089,0.083375,yes
KXDOGE15M-26JUN101530,Target Price: $0.0834763,2026-06-10 15:15:00-04:00,2026-06-10 15:30:00-04:00,0.0833751,0.083476,no
KXDOGE15M-26JUN101515,Target Price: $0.0838069,2026-06-10 15:00:00-04:00,2026-06-10 15:15:00-04:00,0.0834763,0.083806,no
KXDOGE15M-26JUN101500,Target Price: $0.0833988,2026-06-10 14:45:00-04:00,2026-06-10 15:00:00-04:00,0.0838069,0.083398,yes
KXDOGE15M-26JUN101445,Target Price: $0.0836812,2026-06-10 14:30:00-04:00,2026-06-10 14:45:00-04:00,0.0833988,0.083681,no
KXDOGE15M-26JUN101430,Target Price: $0.0837903,2026-06-10 14:15:00-04:00,2026-06-10 14:30:00-04:00,0.0836812,0.08379,no
KXDOGE15M-26JUN101415,Target Price: $0.0838616,2026-06-10 14:00:00-04:00,2026-06-10 14:15:00-04:00,0.0837903,0.083861,no
KXDOGE15M-26JUN101400,Target Price: $0.0834893,2026-06-10 13:45:00-04:00,2026-06-10 14:00:00-04:00,0.0838616,0.083489,yes
KXDOGE15M-26JUN101345,Target Price: $0.0837845,2026-06-10 13:30:00-04:00,2026-06-10 13:45:00-04:00,0.0834893,0.083784,no
KXDOGE15M-26JUN101330,Target Price: $0.0840880,2026-06-10 13:15:00-04:00,2026-06-10 13:30:00-04:00,0.0837845,0.084088,no
KXDOGE15M-26JUN101315,Target Price: $0.0841099,2026-06-10 13:00:00-04:00,2026-06-10 13:15:00-04:00,0.0840880,0.084109,no
KXDOGE15M-26JUN101300,Target Price: $0.0843808,2026-06-10 12:45:00-04:00,2026-06-10 13:00:00-04:00,0.0841099,0.08438,no
KXDOGE15M-26JUN101245,Target Price: $0.0846778,2026-06-10 12:30:00-04:00,2026-06-10 12:45:00-04:00,0.0843808,0.084677,no
KXDOGE15M-26JUN101230,Target Price: $0.0847824,2026-06-10 12:15:00-04:00,2026-06-10 12:30:00-04:00,0.0846778,0.084782,no
KXDOGE15M-26JUN101215,Target Price: $0.0850325,2026-06-10 12:00:00-04:00,2026-06-10 12:15:00-04:00,0.0847824,0.085032,no
KXDOGE15M-26JUN101200,Target Price: $0.0848386,2026-06-10 11:45:00-04:00,2026-06-10 12:00:00-04:00,0.0850325,0.084838,yes
KXDOGE15M-26JUN101145,Target Price: $0.0847482,2026-06-10 11:30:00-04:00,2026-06-10 11:45:00-04:00,0.0848386,0.084748,yes
KXDOGE15M-26JUN101130,Target Price: $0.0842270,2026-06-10 11:15:00-04:00,2026-06-10 11:30:00-04:00,0.0847482,0.084227,yes
KXDOGE15M-26JUN101115,Target Price: $0.0844316,2026-06-10 11:00:00-04:00,2026-06-10 11:15:00-04:00,0.0842270,0.084431,no
KXDOGE15M-26JUN101100,Target Price: $0.0844263,2026-06-10 10:45:00-04:00,2026-06-10 11:00:00-04:00,0.0844316,0.084426,yes
KXDOGE15M-26JUN101045,Target Price: $0.0843053,2026-06-10 10:30:00-04:00,2026-06-10 10:45:00-04:00,0.0844263,0.084305,yes
KXDOGE15M-26JUN101030,Target Price: $0.0843595,2026-06-10 10:15:00-04:00,2026-06-10 10:30:00-04:00,0.0843053,0.084359,no
KXDOGE15M-26JUN101015,Target Price: $0.0845373,2026-06-10 10:00:00-04:00,2026-06-10 10:15:00-04:00,0.0843595,0.084537,no
KXDOGE15M-26JUN101000,Target Price: $0.0850606,2026-06-10 09:45:00-04:00,2026-06-10 10:00:00-04:00,0.0845373,0.08506,no
KXDOGE15M-26JUN100945,Target Price: $0.0840752,2026-06-10 09:30:00-04:00,2026-06-10 09:45:00-04:00,0.0850606,0.084075,yes
KXDOGE15M-26JUN100930,Target Price: $0.0839731,2026-06-10 09:15:00-04:00,2026-06-10 09:30:00-04:00,0.0840752,0.083973,yes
KXDOGE15M-26JUN100915,Target Price: $0.0838837,2026-06-10 09:00:00-04:00,2026-06-10 09:15:00-04:00,0.0839731,0.083883,yes
KXDOGE15M-26JUN100900,Target Price: $0.0839346,2026-06-10 08:45:00-04:00,2026-06-10 09:00:00-04:00,0.0838837,0.083934,no
KXDOGE15M-26JUN100845,Target Price: $0.0831895,2026-06-10 08:30:00-04:00,2026-06-10 08:45:00-04:00,0.0839346,0.083189,yes
KXDOGE15M-26JUN100830,Target Price: $0.0833291,2026-06-10 08:15:00-04:00,2026-06-10 08:30:00-04:00,0.0831895,0.083329,no
KXDOGE15M-26JUN100815,Target price: TBD,2026-06-10 08:00:00-04:00,2026-06-10 08:15:00-04:00,0.0833291,,yes
KXDOGE15M-26JUN100800,Target Price: $0.0831440,2026-06-10 07:45:00-04:00,2026-06-10 08:00:00-04:00,0.0832455,0.083144,yes
KXDOGE15M-26JUN100745,Target Price: $0.0830951,2026-06-10 07:30:00-04:00,2026-06-10 07:45:00-04:00,0.0831440,0.083095,yes
KXDOGE15M-26JUN100730,Target Price: $0.0832187,2026-06-10 07:15:00-04:00,2026-06-10 07:30:00-04:00,0.0830951,0.083218,no
KXDOGE15M-26JUN100715,Target Price: $0.0836599,2026-06-10 07:00:00-04:00,2026-06-10 07:15:00-04:00,0.0832187,0.083659,no
KXDOGE15M-26JUN100700,Target Price: $0.0836160,2026-06-10 06:45:00-04:00,2026-06-10 07:00:00-04:00,0.0836599,0.083616,yes
KXDOGE15M-26JUN100645,Target Price: $0.0836116,2026-06-10 06:30:00-04:00,2026-06-10 06:45:00-04:00,0.0836160,0.083611,yes
KXDOGE15M-26JUN100630,Target Price: $0.0834395,2026-06-10 06:15:00-04:00,2026-06-10 06:30:00-04:00,0.0836116,0.083439,yes
KXDOGE15M-26JUN100615,Target Price: $0.0834952,2026-06-10 06:00:00-04:00,2026-06-10 06:15:00-04:00,0.0834395,0.083495,no
KXDOGE15M-26JUN100600,Target Price: $0.0834323,2026-06-10 05:45:00-04:00,2026-06-10 06:00:00-04:00,0.0834952,0.083432,yes
KXDOGE15M-26JUN100545,Target Price: $0.0832963,2026-06-10 05:30:00-04:00,2026-06-10 05:45:00-04:00,0.0834323,0.083296,yes
KXDOGE15M-26JUN100530,Target Price: $0.0832184,2026-06-10 05:15:00-04:00,2026-06-10 05:30:00-04:00,0.0832963,0.083218,yes
KXDOGE15M-26JUN100515,Target Price: $0.0833665,2026-06-10 05:00:00-04:00,2026-06-10 05:15:00-04:00,0.0832184,0.083366,no
KXDOGE15M-26JUN100500,Target Price: $0.0832652,2026-06-10 04:45:00-04:00,2026-06-10 05:00:00-04:00,0.0833665,0.083265,yes
KXDOGE15M-26JUN100445,Target Price: $0.0836876,2026-06-10 04:30:00-04:00,2026-06-10 04:45:00-04:00,0.0832652,0.083687,no
KXDOGE15M-26JUN100430,Target Price: $0.0838070,2026-06-10 04:15:00-04:00,2026-06-10 04:30:00-04:00,0.0836876,0.083807,no
KXDOGE15M-26JUN100415,Target Price: $0.0841793,2026-06-10 04:00:00-04:00,2026-06-10 04:15:00-04:00,0.0838070,0.084179,no
KXDOGE15M-26JUN100400,Target Price: $0.0841281,2026-06-10 03:45:00-04:00,2026-06-10 04:00:00-04:00,0.0841793,0.084128,yes
KXDOGE15M-26JUN100345,Target Price: $0.0840169,2026-06-10 03:30:00-04:00,2026-06-10 03:45:00-04:00,0.0841281,0.084016,yes
KXDOGE15M-26JUN100330,Target Price: $0.0838152,2026-06-10 03:15:00-04:00,2026-06-10 03:30:00-04:00,0.0840169,0.083815,yes
KXDOGE15M-26JUN100315,Target Price: $0.0835992,2026-06-10 03:00:00-04:00,2026-06-10 03:15:00-04:00,0.0838152,0.083599,yes
KXDOGE15M-26JUN100300,Target Price: $0.0836574,2026-06-10 02:45:00-04:00,2026-06-10 03:00:00-04:00,0.0835992,0.083657,no
KXDOGE15M-26JUN100245,Target Price: $0.0835203,2026-06-10 02:30:00-04:00,2026-06-10 02:45:00-04:00,0.0836574,0.08352,yes
KXDOGE15M-26JUN100230,Target Price: $0.0835447,2026-06-10 02:15:00-04:00,2026-06-10 02:30:00-04:00,0.0835203,0.083544,no
KXDOGE15M-26JUN100215,Target Price: $0.0835250,2026-06-10 02:00:00-04:00,2026-06-10 02:15:00-04:00,0.0835447,0.083525,yes
KXDOGE15M-26JUN100200,Target Price: $0.0835557,2026-06-10 01:45:00-04:00,2026-06-10 02:00:00-04:00,0.0835250,0.083555,no
KXDOGE15M-26JUN100145,Target Price: $0.0835567,2026-06-10 01:30:00-04:00,2026-06-10 01:45:00-04:00,0.0835557,0.083556,no
KXDOGE15M-26JUN100130,Target Price: $0.0834579,2026-06-10 01:15:00-04:00,2026-06-10 01:30:00-04:00,0.0835567,0.083457,yes
KXDOGE15M-26JUN100115,Target Price: $0.0835575,2026-06-10 01:00:00-04:00,2026-06-10 01:15:00-04:00,0.0834579,0.083557,no
KXDOGE15M-26JUN100100,Target Price: $0.0835122,2026-06-10 00:45:00-04:00,2026-06-10 01:00:00-04:00,0.0835575,0.083512,yes
KXDOGE15M-26JUN100045,Target Price: $0.0839356,2026-06-10 00:30:00-04:00,2026-06-10 00:45:00-04:00,0.0835122,0.083935,no
KXDOGE15M-26JUN100030,Target Price: $0.0839489,2026-06-10 00:15:00-04:00,2026-06-10 00:30:00-04:00,0.0839356,0.083948,no
KXDOGE15M-26JUN100015,Target Price: $0.0839129,2026-06-10 00:00:00-04:00,2026-06-10 00:15:00-04:00,0.0839489,0.083912,yes
KXDOGE15M-26JUN100000,Target Price: $0.0839866,2026-06-09 23:45:00-04:00,2026-06-10 00:00:00-04:00,0.0839129,0.083986,no
KXDOGE15M-26JUN092345,Target Price: $0.0841879,2026-06-09 23:30:00-04:00,2026-06-09 23:45:00-04:00,0.0839866,0.084187,no
KXDOGE15M-26JUN092330,Target Price: $0.0839466,2026-06-09 23:15:00-04:00,2026-06-09 23:30:00-04:00,0.0841879,0.083946,yes
KXDOGE15M-26JUN092315,Target Price: $0.0838175,2026-06-09 23:00:00-04:00,2026-06-09 23:15:00-04:00,0.0839466,0.083817,yes
KXDOGE15M-26JUN092300,Target Price: $0.0838807,2026-06-09 22:45:00-04:00,2026-06-09 23:00:00-04:00,0.0838175,0.08388,no
KXDOGE15M-26JUN092245,Target Price: $0.0841983,2026-06-09 22:30:00-04:00,2026-06-09 22:45:00-04:00,0.0838807,0.084198,no
KXDOGE15M-26JUN092230,Target Price: $0.0843807,2026-06-09 22:15:00-04:00,2026-06-09 22:30:00-04:00,0.0841983,0.08438,no
KXDOGE15M-26JUN092215,Target Price: $0.0846347,2026-06-09 22:00:00-04:00,2026-06-09 22:15:00-04:00,0.0843807,0.084634,no
KXDOGE15M-26JUN092200,Target Price: $0.0845632,2026-06-09 21:45:00-04:00,2026-06-09 22:00:00-04:00,0.0846347,0.084563,yes
KXDOGE15M-26JUN092145,Target Price: $0.0848128,2026-06-09 21:30:00-04:00,2026-06-09 21:45:00-04:00,0.0845632,0.084812,no
KXDOGE15M-26JUN092130,Target Price: $0.0848517,2026-06-09 21:15:00-04:00,2026-06-09 21:30:00-04:00,0.0848128,0.084851,no
KXDOGE15M-26JUN092115,Target Price: $0.0849663,2026-06-09 21:00:00-04:00,2026-06-09 21:15:00-04:00,0.0848517,0.084966,no
KXDOGE15M-26JUN092100,Target Price: $0.0842338,2026-06-09 20:45:00-04:00,2026-06-09 21:00:00-04:00,0.0849663,0.084233,yes
KXDOGE15M-26JUN092045,Target Price: $0.0850075,2026-06-09 20:30:00-04:00,2026-06-09 20:45:00-04:00,0.0842338,0.085007,no
KXDOGE15M-26JUN092030,Target Price: $0.0849170,2026-06-09 20:15:00-04:00,2026-06-09 20:30:00-04:00,0.0850075,0.084917,yes
KXDOGE15M-26JUN092015,Target Price: $0.0847536,2026-06-09 20:00:00-04:00,2026-06-09 20:15:00-04:00,0.0849170,0.084753,yes
KXDOGE15M-26JUN092000,Target Price: $0.0846846,2026-06-09 19:45:00-04:00,2026-06-09 20:00:00-04:00,0.0847536,0.084684,yes
KXDOGE15M-26JUN091945,Target Price: $0.0846081,2026-06-09 19:30:00-04:00,2026-06-09 19:45:00-04:00,0.0846846,0.084608,yes
KXDOGE15M-26JUN091930,Target Price: $0.0846059,2026-06-09 19:15:00-04:00,2026-06-09 19:30:00-04:00,0.0846081,0.084605,yes
KXDOGE15M-26JUN091915,Target Price: $0.0844932,2026-06-09 19:00:00-04:00,2026-06-09 19:15:00-04:00,0.0846059,0.084493,yes
KXDOGE15M-26JUN091900,Target Price: $0.0849473,2026-06-09 18:45:00-04:00,2026-06-09 19:00:00-04:00,0.0844932,0.084947,no
KXDOGE15M-26JUN091845,Target Price: $0.0848997,2026-06-09 18:30:00-04:00,2026-06-09 18:45:00-04:00,0.0849473,0.084899,yes
KXDOGE15M-26JUN091830,Target Price: $0.0848857,2026-06-09 18:15:00-04:00,2026-06-09 18:30:00-04:00,0.0848997,0.084885,yes
KXDOGE15M-26JUN091815,Target Price: $0.0847673,2026-06-09 18:00:00-04:00,2026-06-09 18:15:00-04:00,0.0848857,0.084767,yes
KXDOGE15M-26JUN091800,Target Price: $0.0847075,2026-06-09 17:45:00-04:00,2026-06-09 18:00:00-04:00,0.0847673,0.084707,yes
KXDOGE15M-26JUN091745,Target Price: $0.0849042,2026-06-09 17:30:00-04:00,2026-06-09 17:45:00-04:00,0.0847075,0.084904,no
KXDOGE15M-26JUN091730,Target Price: $0.0855005,2026-06-09 17:15:00-04:00,2026-06-09 17:30:00-04:00,0.0849042,0.0855,no
KXDOGE15M-26JUN091715,Target Price: $0.0855036,2026-06-09 17:00:00-04:00,2026-06-09 17:15:00-04:00,0.0855005,0.085503,no
KXDOGE15M-26JUN091700,Target Price: $0.0854431,2026-06-09 16:45:00-04:00,2026-06-09 17:00:00-04:00,0.0855036,0.085443,yes
KXDOGE15M-26JUN091645,Target Price: $0.0852871,2026-06-09 16:30:00-04:00,2026-06-09 16:45:00-04:00,0.0854431,0.085287,yes
KXDOGE15M-26JUN091630,Target Price: $0.0853058,2026-06-09 16:15:00-04:00,2026-06-09 16:30:00-04:00,0.0852871,0.085305,no
KXDOGE15M-26JUN091615,Target Price: $0.0851761,2026-06-09 16:00:00-04:00,2026-06-09 16:15:00-04:00,0.0853058,0.085176,yes
KXDOGE15M-26JUN091600,Target Price: $0.0848569,2026-06-09 15:45:00-04:00,2026-06-09 16:00:00-04:00,0.0851761,0.084856,yes
KXDOGE15M-26JUN091545,Target Price: $0.0848017,2026-06-09 15:30:00-04:00,2026-06-09 15:45:00-04:00,0.0848569,0.084801,yes
KXDOGE15M-26JUN091530,Target Price: $0.0848395,2026-06-09 15:15:00-04:00,2026-06-09 15:30:00-04:00,0.0848017,0.084839,no
KXDOGE15M-26JUN091515,Target Price: $0.0848574,2026-06-09 15:00:00-04:00,2026-06-09 15:15:00-04:00,0.0848395,0.084857,no
KXDOGE15M-26JUN091500,Target Price: $0.0847131,2026-06-09 14:45:00-04:00,2026-06-09 15:00:00-04:00,0.0848574,0.084713,yes
KXDOGE15M-26JUN091445,Target Price: $0.0848278,2026-06-09 14:30:00-04:00,2026-06-09 14:45:00-04:00,0.0847131,0.084827,no
KXDOGE15M-26JUN091430,Target Price: $0.0848192,2026-06-09 14:15:00-04:00,2026-06-09 14:30:00-04:00,0.0848278,0.084819,yes
KXDOGE15M-26JUN091415,Target Price: $0.0847601,2026-06-09 14:00:00-04:00,2026-06-09 14:15:00-04:00,0.0848192,0.08476,yes
KXDOGE15M-26JUN091400,Target Price: $0.0850760,2026-06-09 13:45:00-04:00,2026-06-09 14:00:00-04:00,0.0847601,0.085076,no
KXDOGE15M-26JUN091345,Target Price: $0.0852194,2026-06-09 13:30:00-04:00,2026-06-09 13:45:00-04:00,0.0850760,0.085219,no
KXDOGE15M-26JUN091330,Target Price: $0.0849605,2026-06-09 13:15:00-04:00,2026-06-09 13:30:00-04:00,0.0852194,0.08496,yes
KXDOGE15M-26JUN091315,Target Price: $0.0843551,2026-06-09 13:00:00-04:00,2026-06-09 13:15:00-04:00,0.0849605,0.084355,yes
KXDOGE15M-26JUN091300,Target Price: $0.0838831,2026-06-09 12:45:00-04:00,2026-06-09 13:00:00-04:00,0.0843551,0.083883,yes
KXDOGE15M-26JUN091245,Target Price: $0.0837540,2026-06-09 12:30:00-04:00,2026-06-09 12:45:00-04:00,0.0838831,0.083754,yes
KXDOGE15M-26JUN091230,Target Price: $0.0839538,2026-06-09 12:15:00-04:00,2026-06-09 12:30:00-04:00,0.0837540,0.083953,no
KXDOGE15M-26JUN091215,Target Price: $0.0841261,2026-06-09 12:00:00-04:00,2026-06-09 12:15:00-04:00,0.0839538,0.084126,no
KXDOGE15M-26JUN091200,Target Price: $0.0843876,2026-06-09 11:45:00-04:00,2026-06-09 12:00:00-04:00,0.0841261,0.084387,no
KXDOGE15M-26JUN091145,Target Price: $0.0845079,2026-06-09 11:30:00-04:00,2026-06-09 11:45:00-04:00,0.0843876,0.084507,no
KXDOGE15M-26JUN091130,Target Price: $0.0852216,2026-06-09 11:15:00-04:00,2026-06-09 11:30:00-04:00,0.0845079,0.085221,no
KXDOGE15M-26JUN091115,Target Price: $0.0848970,2026-06-09 11:00:00-04:00,2026-06-09 11:15:00-04:00,0.0852216,0.084897,yes
KXDOGE15M-26JUN091100,Target Price: $0.0846283,2026-06-09 10:45:00-04:00,2026-06-09 11:00:00-04:00,0.0848970,0.084628,yes
KXDOGE15M-26JUN091045,Target Price: $0.0846527,2026-06-09 10:30:00-04:00,2026-06-09 10:45:00-04:00,0.0846283,0.084652,no
KXDOGE15M-26JUN091030,Target Price: $0.0853919,2026-06-09 10:15:00-04:00,2026-06-09 10:30:00-04:00,0.0846527,0.085391,no
KXDOGE15M-26JUN091015,Target Price: $0.0857847,2026-06-09 10:00:00-04:00,2026-06-09 10:15:00-04:00,0.0853919,0.085784,no
KXDOGE15M-26JUN091000,Target Price: $0.0856176,2026-06-09 09:45:00-04:00,2026-06-09 10:00:00-04:00,0.0857847,0.085617,yes
KXDOGE15M-26JUN090945,Target Price: $0.0854631,2026-06-09 09:30:00-04:00,2026-06-09 09:45:00-04:00,0.0856176,0.085463,yes
KXDOGE15M-26JUN090930,Target Price: $0.0858290,2026-06-09 09:15:00-04:00,2026-06-09 09:30:00-04:00,0.0854631,0.085829,no
KXDOGE15M-26JUN090915,Target Price: $0.0857614,2026-06-09 09:00:00-04:00,2026-06-09 09:15:00-04:00,0.0858290,0.085761,yes
KXDOGE15M-26JUN090900,Target Price: $0.0856184,2026-06-09 08:45:00-04:00,2026-06-09 09:00:00-04:00,0.0857614,0.085618,yes
KXDOGE15M-26JUN090845,Target Price: $0.0856994,2026-06-09 08:30:00-04:00,2026-06-09 08:45:00-04:00,0.0856184,0.085699,no
KXDOGE15M-26JUN090830,Target Price: $0.0857845,2026-06-09 08:15:00-04:00,2026-06-09 08:30:00-04:00,0.0856994,0.085784,no
KXDOGE15M-26JUN090815,Target Price: $0.0855280,2026-06-09 08:00:00-04:00,2026-06-09 08:15:00-04:00,0.0857845,0.085528,yes
KXDOGE15M-26JUN090800,Target Price: $0.0854308,2026-06-09 07:45:00-04:00,2026-06-09 08:00:00-04:00,0.0855280,0.08543,yes
KXDOGE15M-26JUN090745,Target Price: $0.0852867,2026-06-09 07:30:00-04:00,2026-06-09 07:45:00-04:00,0.0854308,0.085286,yes
KXDOGE15M-26JUN090730,Target Price: $0.0852345,2026-06-09 07:15:00-04:00,2026-06-09 07:30:00-04:00,0.0852867,0.085234,yes
KXDOGE15M-26JUN090715,Target Price: $0.0854730,2026-06-09 07:00:00-04:00,2026-06-09 07:15:00-04:00,0.0852345,0.085473,no
KXDOGE15M-26JUN090700,Target Price: $0.0853962,2026-06-09 06:45:00-04:00,2026-06-09 07:00:00-04:00,0.0854730,0.085396,yes
KXDOGE15M-26JUN090645,Target Price: $0.0853852,2026-06-09 06:30:00-04:00,2026-06-09 06:45:00-04:00,0.0853962,0.085385,yes
KXDOGE15M-26JUN090630,Target Price: $0.0853763,2026-06-09 06:15:00-04:00,2026-06-09 06:30:00-04:00,0.0853852,0.085376,yes
KXDOGE15M-26JUN090615,Target Price: $0.0853914,2026-06-09 06:00:00-04:00,2026-06-09 06:15:00-04:00,0.0853763,0.085391,no
KXDOGE15M-26JUN090600,Target Price: $0.0853357,2026-06-09 05:45:00-04:00,2026-06-09 06:00:00-04:00,0.0853914,0.085335,yes
KXDOGE15M-26JUN090545,Target Price: $0.0857015,2026-06-09 05:30:00-04:00,2026-06-09 05:45:00-04:00,0.0853357,0.085701,no
KXDOGE15M-26JUN090530,Target Price: $0.0858790,2026-06-09 05:15:00-04:00,2026-06-09 05:30:00-04:00,0.0857015,0.085879,no
KXDOGE15M-26JUN090515,Target Price: $0.0858379,2026-06-09 05:00:00-04:00,2026-06-09 05:15:00-04:00,0.0858790,0.085837,yes
KXDOGE15M-26JUN090500,Target Price: $0.0860005,2026-06-09 04:45:00-04:00,2026-06-09 05:00:00-04:00,0.0858379,0.086,no
KXDOGE15M-26JUN090445,Target Price: $0.0859651,2026-06-09 04:30:00-04:00,2026-06-09 04:45:00-04:00,0.0860005,0.085965,yes
KXDOGE15M-26JUN090430,Target Price: $0.0859593,2026-06-09 04:15:00-04:00,2026-06-09 04:30:00-04:00,0.0859651,0.085959,yes
KXDOGE15M-26JUN090415,Target Price: $0.0863611,2026-06-09 04:00:00-04:00,2026-06-09 04:15:00-04:00,0.0859593,0.086361,no
KXDOGE15M-26JUN090400,Target Price: $0.0862383,2026-06-09 03:45:00-04:00,2026-06-09 04:00:00-04:00,0.0863611,0.086238,yes
KXDOGE15M-26JUN090345,Target Price: $0.0859928,2026-06-09 03:30:00-04:00,2026-06-09 03:45:00-04:00,0.0862383,0.085992,yes
KXDOGE15M-26JUN090330,Target Price: $0.0863861,2026-06-09 03:15:00-04:00,2026-06-09 03:30:00-04:00,0.0859928,0.086386,no
KXDOGE15M-26JUN090315,Target Price: $0.0862784,2026-06-09 03:00:00-04:00,2026-06-09 03:15:00-04:00,0.0863861,0.086278,yes
KXDOGE15M-26JUN090300,Target Price: $0.0865684,2026-06-09 02:45:00-04:00,2026-06-09 03:00:00-04:00,0.0862784,0.086568,no
KXDOGE15M-26JUN090245,Target Price: $0.0865265,2026-06-09 02:30:00-04:00,2026-06-09 02:45:00-04:00,0.0865684,0.086526,yes
KXDOGE15M-26JUN090230,Target Price: $0.0864811,2026-06-09 02:15:00-04:00,2026-06-09 02:30:00-04:00,0.0865265,0.086481,yes
KXDOGE15M-26JUN090215,Target Price: $0.0864420,2026-06-09 02:00:00-04:00,2026-06-09 02:15:00-04:00,0.0864811,0.086442,yes
KXDOGE15M-26JUN090200,Target Price: $0.0865167,2026-06-09 01:45:00-04:00,2026-06-09 02:00:00-04:00,0.0864420,0.086516,no
KXDOGE15M-26JUN090145,Target Price: $0.0862312,2026-06-09 01:30:00-04:00,2026-06-09 01:45:00-04:00,0.0865167,0.086231,yes
KXDOGE15M-26JUN090130,Target Price: $0.0861448,2026-06-09 01:15:00-04:00,2026-06-09 01:30:00-04:00,0.0862312,0.086144,yes
KXDOGE15M-26JUN090115,Target Price: $0.0861621,2026-06-09 01:00:00-04:00,2026-06-09 01:15:00-04:00,0.0861448,0.086162,no
KXDOGE15M-26JUN090100,Target Price: $0.0861847,2026-06-09 00:45:00-04:00,2026-06-09 01:00:00-04:00,0.0861621,0.086184,no
KXDOGE15M-26JUN090045,Target Price: $0.0851675,2026-06-09 00:30:00-04:00,2026-06-09 00:45:00-04:00,0.0861847,0.085167,yes
KXDOGE15M-26JUN090030,Target Price: $0.0853337,2026-06-09 00:15:00-04:00,2026-06-09 00:30:00-04:00,0.0851675,0.085333,no
KXDOGE15M-26JUN090015,Target Price: $0.0852998,2026-06-09 00:00:00-04:00,2026-06-09 00:15:00-04:00,0.0853337,0.085299,yes
KXDOGE15M-26JUN090000,Target Price: $0.0851238,2026-06-08 23:45:00-04:00,2026-06-09 00:00:00-04:00,0.0852998,0.085123,yes
KXDOGE15M-26JUN082345,Target Price: $0.0852040,2026-06-08 23:30:00-04:00,2026-06-08 23:45:00-04:00,0.0851238,0.085204,no
KXDOGE15M-26JUN082330,Target Price: $0.0854069,2026-06-08 23:15:00-04:00,2026-06-08 23:30:00-04:00,0.0852040,0.085406,no
KXDOGE15M-26JUN082315,Target Price: $0.0852715,2026-06-08 23:00:00-04:00,2026-06-08 23:15:00-04:00,0.0854069,0.085271,yes
KXDOGE15M-26JUN082300,Target Price: $0.0848517,2026-06-08 22:45:00-04:00,2026-06-08 23:00:00-04:00,0.0852715,0.084851,yes
KXDOGE15M-26JUN082245,Target Price: $0.0849604,2026-06-08 22:30:00-04:00,2026-06-08 22:45:00-04:00,0.0848517,0.08496,no
KXDOGE15M-26JUN082230,Target Price: $0.0850088,2026-06-08 22:15:00-04:00,2026-06-08 22:30:00-04:00,0.0849604,0.085008,no
KXDOGE15M-26JUN082215,Target Price: $0.0851598,2026-06-08 22:00:00-04:00,2026-06-08 22:15:00-04:00,0.0850088,0.085159,no
KXDOGE15M-26JUN082200,Target Price: $0.0850293,2026-06-08 21:45:00-04:00,2026-06-08 22:00:00-04:00,0.0851598,0.085029,yes
KXDOGE15M-26JUN082145,Target Price: $0.0852056,2026-06-08 21:30:00-04:00,2026-06-08 21:45:00-04:00,0.0850293,0.085205,no
KXDOGE15M-26JUN082130,Target Price: $0.0849539,2026-06-08 21:15:00-04:00,2026-06-08 21:30:00-04:00,0.0852056,0.084953,yes
KXDOGE15M-26JUN082115,Target Price: $0.0848228,2026-06-08 21:00:00-04:00,2026-06-08 21:15:00-04:00,0.0849539,0.084822,yes
KXDOGE15M-26JUN082100,Target Price: $0.0850830,2026-06-08 20:45:00-04:00,2026-06-08 21:00:00-04:00,0.0848228,0.085083,no
KXDOGE15M-26JUN082045,Target Price: $0.0854324,2026-06-08 20:30:00-04:00,2026-06-08 20:45:00-04:00,0.0850830,0.085432,no
KXDOGE15M-26JUN082030,Target Price: $0.0861040,2026-06-08 20:15:00-04:00,2026-06-08 20:30:00-04:00,0.0854324,0.086104,no
KXDOGE15M-26JUN082015,Target Price: $0.0863269,2026-06-08 20:00:00-04:00,2026-06-08 20:15:00-04:00,0.0861040,0.086326,no
KXDOGE15M-26JUN082000,Target Price: $0.0865028,2026-06-08 19:45:00-04:00,2026-06-08 20:00:00-04:00,0.0863269,0.086502,no
KXDOGE15M-26JUN081945,Target Price: $0.0865976,2026-06-08 19:30:00-04:00,2026-06-08 19:45:00-04:00,0.0865028,0.086597,no
KXDOGE15M-26JUN081930,Target Price: $0.0871264,2026-06-08 19:15:00-04:00,2026-06-08 19:30:00-04:00,0.0865976,0.087126,no
KXDOGE15M-26JUN081915,Target Price: $0.0870185,2026-06-08 19:00:00-04:00,2026-06-08 19:15:00-04:00,0.0871264,0.087018,yes
KXDOGE15M-26JUN081900,Target Price: $0.0870010,2026-06-08 18:45:00-04:00,2026-06-08 19:00:00-04:00,0.0870185,0.087001,yes
KXDOGE15M-26JUN081845,Target Price: $0.0868837,2026-06-08 18:30:00-04:00,2026-06-08 18:45:00-04:00,0.0870010,0.086883,yes
KXDOGE15M-26JUN081830,Target Price: $0.0867598,2026-06-08 18:15:00-04:00,2026-06-08 18:30:00-04:00,0.0868837,0.086759,yes
KXDOGE15M-26JUN081815,Target Price: $0.0871590,2026-06-08 18:00:00-04:00,2026-06-08 18:15:00-04:00,0.0867598,0.087159,no
KXDOGE15M-26JUN081800,Target Price: $0.0874573,2026-06-08 17:45:00-04:00,2026-06-08 18:00:00-04:00,0.0871590,0.087457,no
KXDOGE15M-26JUN081745,Target Price: $0.0872893,2026-06-08 17:30:00-04:00,2026-06-08 17:45:00-04:00,0.0874573,0.087289,yes
KXDOGE15M-26JUN081730,Target Price: $0.0874112,2026-06-08 17:15:00-04:00,2026-06-08 17:30:00-04:00,0.0872893,0.087411,no
KXDOGE15M-26JUN081715,Target Price: $0.0866540,2026-06-08 17:00:00-04:00,2026-06-08 17:15:00-04:00,0.0874112,0.086654,yes
KXDOGE15M-26JUN081700,Target Price: $0.0866481,2026-06-08 16:45:00-04:00,2026-06-08 17:00:00-04:00,0.0866540,0.086648,yes
KXDOGE15M-26JUN081645,Target Price: $0.0864862,2026-06-08 16:30:00-04:00,2026-06-08 16:45:00-04:00,0.0866481,0.086486,yes
KXDOGE15M-26JUN081630,Target Price: $0.0864196,2026-06-08 16:15:00-04:00,2026-06-08 16:30:00-04:00,0.0864862,0.086419,yes
KXDOGE15M-26JUN081615,Target Price: $0.0867668,2026-06-08 16:00:00-04:00,2026-06-08 16:15:00-04:00,0.0864196,0.086766,no
KXDOGE15M-26JUN081600,Target Price: $0.0869634,2026-06-08 15:45:00-04:00,2026-06-08 16:00:00-04:00,0.0867668,0.086963,no
KXDOGE15M-26JUN081545,Target Price: $0.0869596,2026-06-08 15:30:00-04:00,2026-06-08 15:45:00-04:00,0.0869634,0.086959,yes
KXDOGE15M-26JUN081530,Target Price: $0.0868623,2026-06-08 15:15:00-04:00,2026-06-08 15:30:00-04:00,0.0869596,0.086862,yes
KXDOGE15M-26JUN081515,Target Price: $0.0868001,2026-06-08 15:00:00-04:00,2026-06-08 15:15:00-04:00,0.0868623,0.0868,yes
KXDOGE15M-26JUN081500,Target Price: $0.0868870,2026-06-08 14:45:00-04:00,2026-06-08 15:00:00-04:00,0.0868001,0.086887,no
KXDOGE15M-26JUN081445,Target Price: $0.0871420,2026-06-08 14:30:00-04:00,2026-06-08 14:45:00-04:00,0.0868870,0.087142,no
KXDOGE15M-26JUN081430,Target Price: $0.0869610,2026-06-08 14:15:00-04:00,2026-06-08 14:30:00-04:00,0.0871420,0.086961,yes
KXDOGE15M-26JUN081415,Target Price: $0.0867841,2026-06-08 14:00:00-04:00,2026-06-08 14:15:00-04:00,0.0869610,0.086784,yes
KXDOGE15M-26JUN081400,Target Price: $0.0865002,2026-06-08 13:45:00-04:00,2026-06-08 14:00:00-04:00,0.0867841,0.0865,yes
KXDOGE15M-26JUN081345,Target Price: $0.0867096,2026-06-08 13:30:00-04:00,2026-06-08 13:45:00-04:00,0.0865002,0.086709,no
KXDOGE15M-26JUN081330,Target Price: $0.0862265,2026-06-08 13:15:00-04:00,2026-06-08 13:30:00-04:00,0.0867096,0.086226,yes
KXDOGE15M-26JUN081315,Target Price: $0.0864358,2026-06-08 13:00:00-04:00,2026-06-08 13:15:00-04:00,0.0862265,0.086435,no
KXDOGE15M-26JUN081300,Target Price: $0.0868488,2026-06-08 12:45:00-04:00,2026-06-08 13:00:00-04:00,0.0864358,0.086848,no
KXDOGE15M-26JUN081245,Target Price: $0.0872099,2026-06-08 12:30:00-04:00,2026-06-08 12:45:00-04:00,0.0868488,0.087209,no
KXDOGE15M-26JUN081230,Target Price: $0.0871389,2026-06-08 12:15:00-04:00,2026-06-08 12:30:00-04:00,0.0872099,0.087138,yes
KXDOGE15M-26JUN081215,Target Price: $0.0869134,2026-06-08 12:00:00-04:00,2026-06-08 12:15:00-04:00,0.0871389,0.086913,yes
KXDOGE15M-26JUN081200,Target Price: $0.0869689,2026-06-08 11:45:00-04:00,2026-06-08 12:00:00-04:00,0.0869134,0.086968,no
KXDOGE15M-26JUN081145,Target Price: $0.0870639,2026-06-08 11:30:00-04:00,2026-06-08 11:45:00-04:00,0.0869689,0.087063,no
KXDOGE15M-26JUN081130,Target Price: $0.0872900,2026-06-08 11:15:00-04:00,2026-06-08 11:30:00-04:00,0.0870639,0.08729,no
KXDOGE15M-26JUN081115,Target Price: $0.0866776,2026-06-08 11:00:00-04:00,2026-06-08 11:15:00-04:00,0.0872900,0.086677,yes
KXDOGE15M-26JUN081100,Target Price: $0.0864499,2026-06-08 10:45:00-04:00,2026-06-08 11:00:00-04:00,0.0866776,0.086449,yes
KXDOGE15M-26JUN081045,Target Price: $0.0863531,2026-06-08 10:30:00-04:00,2026-06-08 10:45:00-04:00,0.0864499,0.086353,yes
KXDOGE15M-26JUN081030,Target Price: $0.0863991,2026-06-08 10:15:00-04:00,2026-06-08 10:30:00-04:00,0.0863531,0.086399,no
KXDOGE15M-26JUN081015,Target Price: $0.0863710,2026-06-08 10:00:00-04:00,2026-06-08 10:15:00-04:00,0.0863991,0.086371,yes
KXDOGE15M-26JUN081000,Target Price: $0.0861983,2026-06-08 09:45:00-04:00,2026-06-08 10:00:00-04:00,0.0863710,0.086198,yes
KXDOGE15M-26JUN080945,Target Price: $0.0863404,2026-06-08 09:30:00-04:00,2026-06-08 09:45:00-04:00,0.0861983,0.08634,no
KXDOGE15M-26JUN080930,Target Price: $0.0866758,2026-06-08 09:15:00-04:00,2026-06-08 09:30:00-04:00,0.0863404,0.086675,no
KXDOGE15M-26JUN080915,Target Price: $0.0867921,2026-06-08 09:00:00-04:00,2026-06-08 09:15:00-04:00,0.0866758,0.086792,no
KXDOGE15M-26JUN080900,Target Price: $0.0867395,2026-06-08 08:45:00-04:00,2026-06-08 09:00:00-04:00,0.0867921,0.086739,yes
KXDOGE15M-26JUN080845,Target Price: $0.0862497,2026-06-08 08:30:00-04:00,2026-06-08 08:45:00-04:00,0.0867395,0.086249,yes
KXDOGE15M-26JUN080830,Target Price: $0.0860688,2026-06-08 08:15:00-04:00,2026-06-08 08:30:00-04:00,0.0862497,0.086068,yes
KXDOGE15M-26JUN080815,Target Price: $0.0863444,2026-06-08 08:00:00-04:00,2026-06-08 08:15:00-04:00,0.0860688,0.086344,no
KXDOGE15M-26JUN080800,Target Price: $0.0864738,2026-06-08 07:45:00-04:00,2026-06-08 08:00:00-04:00,0.0863444,0.086473,no
KXDOGE15M-26JUN080745,Target Price: $0.0864051,2026-06-08 07:30:00-04:00,2026-06-08 07:45:00-04:00,0.0864738,0.086405,yes
KXDOGE15M-26JUN080730,Target Price: $0.0859521,2026-06-08 07:15:00-04:00,2026-06-08 07:30:00-04:00,0.0864051,0.085952,yes
KXDOGE15M-26JUN080715,Target Price: $0.0856018,2026-06-08 07:00:00-04:00,2026-06-08 07:15:00-04:00,0.0859521,0.085601,yes
KXDOGE15M-26JUN080700,Target Price: $0.0857032,2026-06-08 06:45:00-04:00,2026-06-08 07:00:00-04:00,0.0856018,0.085703,no
KXDOGE15M-26JUN080645,Target Price: $0.0852932,2026-06-08 06:30:00-04:00,2026-06-08 06:45:00-04:00,0.0857032,0.085293,yes
KXDOGE15M-26JUN080630,Target Price: $0.0856512,2026-06-08 06:15:00-04:00,2026-06-08 06:30:00-04:00,0.0852932,0.085651,no
KXDOGE15M-26JUN080615,Target Price: $0.0858555,2026-06-08 06:00:00-04:00,2026-06-08 06:15:00-04:00,0.0856512,0.085855,no
KXDOGE15M-26JUN080600,Target Price: $0.0857070,2026-06-08 05:45:00-04:00,2026-06-08 06:00:00-04:00,0.0858555,0.085707,yes
KXDOGE15M-26JUN080545,Target Price: $0.0855443,2026-06-08 05:30:00-04:00,2026-06-08 05:45:00-04:00,0.0857070,0.085544,yes
KXDOGE15M-26JUN080530,Target Price: $0.0853192,2026-06-08 05:15:00-04:00,2026-06-08 05:30:00-04:00,0.0855443,0.085319,yes
KXDOGE15M-26JUN080515,Target Price: $0.0850961,2026-06-08 05:00:00-04:00,2026-06-08 05:15:00-04:00,0.0853192,0.085096,yes
KXDOGE15M-26JUN080500,Target Price: $0.0851872,2026-06-08 04:45:00-04:00,2026-06-08 05:00:00-04:00,0.0850961,0.085187,no
KXDOGE15M-26JUN080445,Target Price: $0.0852376,2026-06-08 04:30:00-04:00,2026-06-08 04:45:00-04:00,0.0851872,0.085237,no
KXDOGE15M-26JUN080430,Target Price: $0.0854567,2026-06-08 04:15:00-04:00,2026-06-08 04:30:00-04:00,0.0852376,0.085456,no
KXDOGE15M-26JUN080415,Target Price: $0.0856316,2026-06-08 04:00:00-04:00,2026-06-08 04:15:00-04:00,0.0854567,0.085631,no
KXDOGE15M-26JUN080400,Target Price: $0.0855188,2026-06-08 03:45:00-04:00,2026-06-08 04:00:00-04:00,0.0856316,0.085518,yes
KXDOGE15M-26JUN080345,Target Price: $0.0854930,2026-06-08 03:30:00-04:00,2026-06-08 03:45:00-04:00,0.0855188,0.085493,yes
KXDOGE15M-26JUN080330,Target Price: $0.0853527,2026-06-08 03:15:00-04:00,2026-06-08 03:30:00-04:00,0.0854930,0.085352,yes
KXDOGE15M-26JUN080315,Target Price: $0.0852562,2026-06-08 03:00:00-04:00,2026-06-08 03:15:00-04:00,0.0853527,0.085256,yes
KXDOGE15M-26JUN080300,Target Price: $0.0852571,2026-06-08 02:45:00-04:00,2026-06-08 03:00:00-04:00,0.0852562,0.085257,no
KXDOGE15M-26JUN080245,Target Price: $0.0853017,2026-06-08 02:30:00-04:00,2026-06-08 02:45:00-04:00,0.0852571,0.085301,no
KXDOGE15M-26JUN080230,Target Price: $0.0850268,2026-06-08 02:15:00-04:00,2026-06-08 02:30:00-04:00,0.0853017,0.085026,yes
KXDOGE15M-26JUN080215,Target Price: $0.0847149,2026-06-08 02:00:00-04:00,2026-06-08 02:15:00-04:00,0.0850268,0.084714,yes
KXDOGE15M-26JUN080200,Target Price: $0.0845207,2026-06-08 01:45:00-04:00,2026-06-08 02:00:00-04:00,0.0847149,0.08452,yes
KXDOGE15M-26JUN080145,Target Price: $0.0848999,2026-06-08 01:30:00-04:00,2026-06-08 01:45:00-04:00,0.0845207,0.084899,no
KXDOGE15M-26JUN080130,Target Price: $0.0846196,2026-06-08 01:15:00-04:00,2026-06-08 01:30:00-04:00,0.0848999,0.084619,yes
KXDOGE15M-26JUN080115,Target Price: $0.0850434,2026-06-08 01:00:00-04:00,2026-06-08 01:15:00-04:00,0.0846196,0.085043,no
KXDOGE15M-26JUN080100,Target Price: $0.0849570,2026-06-08 00:45:00-04:00,2026-06-08 01:00:00-04:00,0.0850434,0.084957,yes
KXDOGE15M-26JUN080045,Target Price: $0.0854027,2026-06-08 00:30:00-04:00,2026-06-08 00:45:00-04:00,0.0849570,0.085402,no
KXDOGE15M-26JUN080030,Target Price: $0.0854459,2026-06-08 00:15:00-04:00,2026-06-08 00:30:00-04:00,0.0854027,0.085445,no
KXDOGE15M-26JUN080015,Target Price: $0.0858689,2026-06-08 00:00:00-04:00,2026-06-08 00:15:00-04:00,0.0854459,0.085868,no
KXDOGE15M-26JUN080000,Target Price: $0.0856944,2026-06-07 23:45:00-04:00,2026-06-08 00:00:00-04:00,0.0858689,0.085694,yes
KXDOGE15M-26JUN072345,Target Price: $0.0856642,2026-06-07 23:30:00-04:00,2026-06-07 23:45:00-04:00,0.0856944,0.085664,yes
KXDOGE15M-26JUN072330,Target Price: $0.0860893,2026-06-07 23:15:00-04:00,2026-06-07 23:30:00-04:00,0.0856642,0.086089,no
KXDOGE15M-26JUN072315,Target Price: $0.0858610,2026-06-07 23:00:00-04:00,2026-06-07 23:15:00-04:00,0.0860893,0.085861,yes
KXDOGE15M-26JUN072300,Target Price: $0.0857542,2026-06-07 22:45:00-04:00,2026-06-07 23:00:00-04:00,0.0858610,0.085754,yes
KXDOGE15M-26JUN072245,Target Price: $0.0857499,2026-06-07 22:30:00-04:00,2026-06-07 22:45:00-04:00,0.0857542,0.085749,yes
KXDOGE15M-26JUN072230,Target Price: $0.0858007,2026-06-07 22:15:00-04:00,2026-06-07 22:30:00-04:00,0.0857499,0.0858,no
KXDOGE15M-26JUN072215,Target Price: $0.0856022,2026-06-07 22:00:00-04:00,2026-06-07 22:15:00-04:00,0.0858007,0.085602,yes
KXDOGE15M-26JUN072200,Target Price: $0.0854186,2026-06-07 21:45:00-04:00,2026-06-07 22:00:00-04:00,0.0856022,0.085418,yes
KXDOGE15M-26JUN072145,Target Price: $0.0849236,2026-06-07 21:30:00-04:00,2026-06-07 21:45:00-04:00,0.0854186,0.084923,yes
KXDOGE15M-26JUN072130,Target Price: $0.0855223,2026-06-07 21:15:00-04:00,2026-06-07 21:30:00-04:00,0.0849236,0.085522,no
KXDOGE15M-26JUN072115,Target Price: $0.0863528,2026-06-07 21:00:00-04:00,2026-06-07 21:15:00-04:00,0.0855223,0.086352,no
KXDOGE15M-26JUN072100,Target Price: $0.0865649,2026-06-07 20:45:00-04:00,2026-06-07 21:00:00-04:00,0.0863528,0.086564,no
KXDOGE15M-26JUN072045,Target Price: $0.0862097,2026-06-07 20:30:00-04:00,2026-06-07 20:45:00-04:00,0.0865649,0.086209,yes
KXDOGE15M-26JUN072030,Target Price: $0.0859100,2026-06-07 20:15:00-04:00,2026-06-07 20:30:00-04:00,0.0862097,0.08591,yes
KXDOGE15M-26JUN072015,Target Price: $0.0862474,2026-06-07 20:00:00-04:00,2026-06-07 20:15:00-04:00,0.0859100,0.086247,no
KXDOGE15M-26JUN072000,Target Price: $0.0860566,2026-06-07 19:45:00-04:00,2026-06-07 20:00:00-04:00,0.0862474,0.086056,yes
KXDOGE15M-26MAR061930,Price to beat: $0.0913986,2026-03-06 19:15:00-05:00,2026-03-06 19:30:00-05:00,,0.091398,
KXDOGE15M-26MAR061915,Price to beat: TBD,2026-03-06 19:00:00-05:00,2026-03-06 19:15:00-05:00,,,
