timestamp,price,price_change,trend
2026-04-28 03:00:00,1.395550560155794,,no change
2026-04-28 04:00:00,1.3944527557375717,-0.0010978044182223812,down
2026-04-28 05:00:00,1.3958037771549592,0.0013510214173875212,up
2026-04-28 06:00:00,1.3964791184017347,0.0006753412467754849,up
2026-04-28 07:00:00,1.3908702679956777,-0.005608850406056964,down
2026-04-28 08:00:00,1.3951314512709736,0.004261183275295899,up
2026-04-28 09:00:00,1.3934765268584788,-0.0016549244124948181,down
2026-04-28 10:00:00,1.3890501937499562,-0.004426333108522584,down
2026-04-28 11:00:00,1.3895502121825374,0.0005000184325811841,up
2026-04-28 12:00:00,1.3818946796972196,-0.007655532485317806,down
2026-04-28 13:00:00,1.3835426978557417,0.0016480181585221132,up
2026-04-28 14:00:00,1.3799743775202344,-0.003568320335507247,down
2026-04-28 15:00:00,1.372134663344892,-0.00783971417534235,down
2026-04-28 16:00:00,1.3774838255618318,0.005349162216939707,up
2026-04-28 17:00:00,1.3784419213010972,0.0009580957392654188,up
2026-04-28 18:00:00,1.3812750933826814,0.0028331720815841788,up
2026-04-28 19:00:00,1.384478724086521,0.003203630703839666,up
2026-04-28 20:00:00,1.3837624343033021,-0.0007162897832189152,down
2026-04-28 21:00:00,1.385379186186519,0.0016167518832168604,up
2026-04-28 22:00:00,1.3821730827496528,-0.0032061034368662256,down
2026-04-28 23:00:00,1.3821386631476893,-3.441960196348681e-05,down
2026-04-29 00:00:00,1.3830126883729867,0.0008740252252974479,up
2026-04-29 01:00:00,1.3849657826906425,0.0019530943176557791,up
2026-04-29 02:00:00,1.3828491970917134,-0.0021165855989291327,down
2026-04-29 03:00:00,1.3817696044135144,-0.001079592678199015,down
2026-04-29 04:00:00,1.3904863442110917,0.008716739797577366,up
2026-04-29 05:00:00,1.396577026762756,0.006090682551664228,up
2026-04-29 06:00:00,1.3967443215928008,0.00016729483004485068,up
2026-04-29 07:00:00,1.3926208836330805,-0.004123437959720366,down
2026-04-29 08:00:00,1.3927819003863813,0.00016101675330082443,up
2026-04-29 09:00:00,1.3922908194019843,-0.0004910809843969854,down
2026-04-29 10:00:00,1.4041003537997983,0.011809534397813959,up
2026-04-29 11:00:00,1.3980874505722645,-0.0060129032275337835,down
2026-04-29 12:00:00,1.3954398350715227,-0.0026476155007417734,down
2026-04-29 13:00:00,1.3843254681698247,-0.01111436690169798,down
2026-04-29 14:00:00,1.3764460496245645,-0.007879418545260197,down
2026-04-29 15:00:00,1.3736846142888257,-0.0027614353357388044,down
2026-04-29 16:00:00,1.3624662994551264,-0.011218314833699283,down
2026-04-29 17:00:00,1.3632038967518434,0.0007375972967169631,up
2026-04-29 18:00:00,1.3674045547674925,0.004200658015649061,up
2026-04-29 19:00:00,1.3582157906059233,-0.009188764161569107,down
2026-04-29 20:00:00,1.35558031303528,-0.0026354775706434186,down
2026-04-29 21:00:00,1.3648981438333305,0.009317830798050597,up
2026-04-29 22:00:00,1.3699456178000187,0.005047473966688143,up
2026-04-29 23:00:00,1.3709185858165884,0.0009729680165697641,up
2026-04-30 00:00:00,1.3706147124320556,-0.00030387338453286006,down
2026-04-30 01:00:00,1.384408134738016,0.013793422305960368,up
2026-04-30 02:00:00,1.3802938555047057,-0.004114279233310203,down
2026-04-30 03:00:00,1.3740625579861019,-0.006231297518603851,down
2026-04-30 04:00:00,1.3741568841562466,9.432617014470956e-05,up
2026-04-30 05:00:00,1.3639621822277488,-0.010194701928497807,down
2026-04-30 06:00:00,1.3660182006079538,0.0020560183802049714,up
2026-04-30 07:00:00,1.3687833943684113,0.002765193760457585,up
2026-04-30 08:00:00,1.3758515720763485,0.007068177707937107,up
2026-04-30 09:00:00,1.3740287433168785,-0.00182282875946993,down
2026-04-30 10:00:00,1.3755367903663167,0.0015080470494381881,up
2026-04-30 11:00:00,1.3728983993298072,-0.0026383910365095353,down
2026-04-30 12:00:00,1.3712274464423626,-0.0016709528874445656,down
2026-04-30 13:00:00,1.3708293740738258,-0.00039807236853683925,down
2026-04-30 14:00:00,1.3712968711895117,0.0004674971156859442,up
2026-04-30 15:00:00,1.3703480741698373,-0.00094879701967443,down
2026-04-30 16:00:00,1.371015914606663,0.0006678404368256619,up
2026-04-30 17:00:00,1.3666909229927098,-0.004324991613953166,down
2026-04-30 18:00:00,1.368829064126128,0.0021381411334182587,up
2026-04-30 19:00:00,1.3724790070796262,0.0036499429534981864,up
2026-04-30 20:00:00,1.3715102971840951,-0.0009687098955311058,down
2026-04-30 21:00:00,1.3718461185618136,0.00033582137771848153,up
2026-04-30 22:00:00,1.3690560780438386,-0.0027900405179750454,down
2026-04-30 23:00:00,1.3672109294364607,-0.0018451486073778334,down
2026-05-01 00:00:00,1.3686295149928924,0.0014185855564317063,up
2026-05-01 01:00:00,1.3709212471100856,0.002291732117193135,up
2026-05-01 02:00:00,1.3740769449101877,0.003155697800102164,up
2026-05-01 03:00:00,1.371697026430723,-0.0023799184794646155,down
2026-05-01 04:00:00,1.3772572775274183,0.0055602510966952234,up
2026-05-01 05:00:00,1.3760149103522874,-0.0012423671751309318,down
2026-05-01 06:00:00,1.378167691553181,0.002152781200893683,up
2026-05-01 07:00:00,1.3755106354341191,-0.0026570561190619735,down
2026-05-01 08:00:00,1.376833267586187,0.0013226321520678486,up
2026-05-01 09:00:00,1.379933769156016,0.003100501569829106,up
2026-05-01 10:00:00,1.3767067411353644,-0.0032270280206516677,down
2026-05-01 11:00:00,1.3779998523409294,0.0012931112055649674,up
2026-05-01 12:00:00,1.379574935277736,0.0015750829368066377,up
2026-05-01 13:00:00,1.385449222715629,0.005874287437892978,up
2026-05-01 14:00:00,1.3993537743210775,0.013904551605448567,up
2026-05-01 15:00:00,1.3962095424804442,-0.0031442318406333936,down
2026-05-01 16:00:00,1.3971455845097027,0.0009360420292585658,up
2026-05-01 17:00:00,1.3928400091907096,-0.004305575318993116,down
2026-05-01 18:00:00,1.3958975683560317,0.0030575591653221323,up
2026-05-01 19:00:00,1.3946134279878535,-0.0012841403681782548,down
2026-05-01 20:00:00,1.3943124493839774,-0.0003009786038761231,down
2026-05-01 21:00:00,1.38504917741207,-0.00926327197190746,down
2026-05-01 22:00:00,1.3900697042962202,0.005020526884150334,up
2026-05-01 23:00:00,1.385591920485275,-0.004477783810945324,down
2026-05-02 00:00:00,1.387111151936983,0.0015192314517080696,up
2026-05-02 01:00:00,1.3879679515309258,0.000856799593942803,up
2026-05-02 02:00:00,1.3863017619706812,-0.0016661895602445576,down
2026-05-02 03:00:00,1.3875490083604651,0.001247246389783907,up
2026-05-02 04:00:00,1.3872276165511677,-0.0003213918092974666,down
2026-05-02 05:00:00,1.3859904520876936,-0.0012371644634741052,down
2026-05-02 06:00:00,1.3856552415751235,-0.00033521051257001666,down
2026-05-02 07:00:00,1.3879958322562003,0.0023405906810767263,up
2026-05-02 08:00:00,1.3857764933615122,-0.002219338894688061,down
2026-05-02 09:00:00,1.3853590583105027,-0.00041743505100955147,down
2026-05-02 10:00:00,1.3878861504224742,0.0025270921119715517,up
2026-05-02 11:00:00,1.3888121521088974,0.0009260016864232057,up
2026-05-02 12:00:00,1.3868681560722413,-0.0019439960366560705,down
2026-05-02 13:00:00,1.3878080740290253,0.0009399179567839422,up
2026-05-02 14:00:00,1.3929228256504935,0.005114751621468239,up
2026-05-02 15:00:00,1.3931665885547218,0.00024376290422822855,up
2026-05-02 16:00:00,1.393910772014825,0.0007441834601031871,up
2026-05-02 17:00:00,1.3937496085083532,-0.00016116350647177313,down
2026-05-02 18:00:00,1.392683287447154,-0.0010663210611991936,down
2026-05-02 19:00:00,1.3945346478261262,0.0018513603789722666,up
2026-05-02 20:00:00,1.3954727894263335,0.0009381416002072207,up
2026-05-02 21:00:00,1.3941536795799634,-0.0013191098463700701,down
2026-05-02 22:00:00,1.3948137447894826,0.0006600652095192228,up
2026-05-02 23:00:00,1.396942018405027,0.0021282736155443516,up
2026-05-03 00:00:00,1.3943322006711885,-0.0026098177338385042,down
2026-05-03 01:00:00,1.3896372720043992,-0.004694928666789222,down
2026-05-03 02:00:00,1.3859837770197798,-0.003653494984619421,down
2026-05-03 03:00:00,1.3850473216932893,-0.0009364553264905595,down
2026-05-03 04:00:00,1.385355322996496,0.0003080013032068507,up
2026-05-03 05:00:00,1.3862519967435531,0.0008966737470570418,up
2026-05-03 06:00:00,1.3868244084145922,0.0005724116710390525,up
2026-05-03 07:00:00,1.3860297464229783,-0.0007946619916139319,down
2026-05-03 08:00:00,1.3882583252740903,0.002228578851112051,up
2026-05-03 09:00:00,1.3897046839901253,0.0014463587160349345,up
2026-05-03 10:00:00,1.39046673000116,0.0007620460110346894,up
2026-05-03 11:00:00,1.3901568232863428,-0.00030990671481712084,down
2026-05-03 12:00:00,1.3963929214604538,0.006236098174110971,up
2026-05-03 13:00:00,1.397030852055205,0.000637930594751257,up
2026-05-03 14:00:00,1.3970822174402662,5.136538506111954e-05,up
2026-05-03 15:00:00,1.3983092165965196,0.001226999156253461,up
2026-05-03 16:00:00,1.3974551565517357,-0.0008540600447839442,down
2026-05-03 17:00:00,1.395442510576035,-0.002012645975700611,down
2026-05-03 18:00:00,1.3959575747489195,0.000515064172884383,up
2026-05-03 19:00:00,1.3950617510951921,-0.0008958236537273123,down
2026-05-03 20:00:00,1.3962090870963828,0.0011473360011906575,up
2026-05-03 21:00:00,1.3938631123327536,-0.0023459747636291883,down
2026-05-03 22:00:00,1.392652456759976,-0.0012106555727775525,down
2026-05-03 23:00:00,1.3984627916338541,0.005810334873878054,up
2026-05-04 00:00:00,1.388725666103684,-0.009737125530170143,down
2026-05-04 01:00:00,1.3897928080749316,0.001067141971247576,up
2026-05-04 02:00:00,1.4076924402114874,0.017899632136555876,up
2026-05-04 03:00:00,1.4124169294149738,0.004724489203486337,up
2026-05-04 04:00:00,1.4141533018819337,0.0017363724669599012,up
2026-05-04 05:00:00,1.4162729388623787,0.002119636980445039,up
2026-05-04 06:00:00,1.413218613386618,-0.0030543254757606775,down
2026-05-04 07:00:00,1.410500553118645,-0.0027180602679730548,down
2026-05-04 08:00:00,1.410084241535447,-0.0004163115831978814,down
2026-05-04 09:00:00,1.4118818340203207,0.0017975924848736557,up
2026-05-04 10:00:00,1.4172070862109918,0.005325252190671037,up
2026-05-04 11:00:00,1.3962876533361817,-0.02091943287481013,down
2026-05-04 12:00:00,1.3947686217252595,-0.0015190316109221502,down
2026-05-04 13:00:00,1.3971897816853986,0.002421159960139141,up
2026-05-04 14:00:00,1.3954891418245967,-0.0017006398608019335,down
2026-05-04 15:00:00,1.408747702914223,0.013258561089626308,up
2026-05-04 16:00:00,1.399324332283397,-0.009423370630825989,down
2026-05-04 17:00:00,1.4008794794652606,0.0015551471818635587,up
2026-05-04 18:00:00,1.4096616957932044,0.008782216327943848,up
2026-05-04 19:00:00,1.40404381936616,-0.005617876427044477,down
2026-05-04 20:00:00,1.3971890487405434,-0.006854770625616569,down
2026-05-04 21:00:00,1.3937872663641535,-0.0034017823763898836,down
2026-05-04 22:00:00,1.3991444031413105,0.00535713677715699,up
2026-05-04 23:00:00,1.396237582128562,-0.0029068210127485283,down
2026-05-05 00:00:00,1.3924135298140945,-0.0038240523144674743,down
2026-05-05 01:00:00,1.3966137314785514,0.004200201664456893,up
2026-05-05 02:00:00,1.3982552460317021,0.001641514553150758,up
2026-05-05 03:00:00,1.401927945836075,0.003672699804372792,up
2026-05-05 04:00:00,1.406524881698641,0.004596935862566154,up
2026-05-05 05:00:00,1.401291630228127,-0.005233251470514011,down
2026-05-05 06:00:00,1.4029739207626357,0.0016822905345086347,up
2026-05-05 07:00:00,1.4068714621614065,0.003897541398770743,up
2026-05-05 08:00:00,1.4074237143641688,0.0005522522027623378,up
2026-05-05 09:00:00,1.4074601109250817,3.6396560912921316e-05,up
2026-05-05 10:00:00,1.4043911893017658,-0.0030689216233159566,down
2026-05-05 11:00:00,1.406703417910746,0.0023122286089802824,up
2026-05-05 12:00:00,1.4084364576868715,0.001733039776125489,up
2026-05-05 13:00:00,1.413950727200032,0.005514269513160475,up
2026-05-05 14:00:00,1.414311418798113,0.0003606915980809422,up
2026-05-05 15:00:00,1.4125597334759339,-0.001751685322179064,down
2026-05-05 16:00:00,1.413625163974145,0.0010654304982111729,up
2026-05-05 17:00:00,1.410617672289568,-0.003007491684577035,down
2026-05-05 18:00:00,1.4111827763768239,0.0005651040872558521,up
2026-05-05 19:00:00,1.4115425058491482,0.0003597294723243216,up
2026-05-05 20:00:00,1.4147246525153665,0.0031821466662182996,up
2026-05-05 21:00:00,1.4180577235195955,0.0033330710042289713,up
2026-05-05 22:00:00,1.4174901517867264,-0.0005675717328690322,down
2026-05-05 23:00:00,1.4168197958179463,-0.0006703559687801786,down
2026-05-06 00:00:00,1.4135034968103786,-0.0033162990075676912,down
2026-05-06 01:00:00,1.4132722570978205,-0.00023123971255811782,down
2026-05-06 02:00:00,1.4202940694194415,0.007021812321621024,up
2026-05-06 03:00:00,1.4179648618056684,-0.0023292076137730877,down
2026-05-06 04:00:00,1.4243929582311534,0.00642809642548503,up
2026-05-06 05:00:00,1.4216839472521854,-0.0027090109789680294,down
2026-05-06 06:00:00,1.424702264686668,0.0030183174344826647,up
2026-05-06 07:00:00,1.4285748689506477,0.0038726042639796177,up
2026-05-06 08:00:00,1.4345004292608545,0.005925560310206857,up
2026-05-06 09:00:00,1.4447598730087876,0.010259443747933084,up
2026-05-06 10:00:00,1.4521893711098834,0.007429498101095833,up
2026-05-06 11:00:00,1.4550976478656328,0.0029082767557493394,up
2026-05-06 12:00:00,1.4536062653382291,-0.0014913825274036618,down
2026-05-06 13:00:00,1.4468946434625325,-0.006711621875696627,down
2026-05-06 14:00:00,1.4259760383123827,-0.02091860515014976,down
2026-05-06 15:00:00,1.4279413785184947,0.001965340206111943,up
2026-05-06 16:00:00,1.4330981162459713,0.005156737727476601,up
2026-05-06 17:00:00,1.433907950453994,0.0008098342080227194,up
2026-05-06 18:00:00,1.4285431854330135,-0.005364765020980489,down
2026-05-06 19:00:00,1.4280451320727796,-0.0004980533602338966,down
2026-05-06 20:00:00,1.4324238412400496,0.004378709167270012,up
2026-05-06 21:00:00,1.428081137746875,-0.004342703493174671,down
2026-05-06 22:00:00,1.4310140660892645,0.0029329283423895625,up
2026-05-06 23:00:00,1.4252596520263106,-0.005754414062953961,down
2026-05-07 00:00:00,1.4294969503913497,0.004237298365039166,up
2026-05-07 01:00:00,1.42051868655313,-0.008978263838219647,down
2026-05-07 02:00:00,1.4195316567369514,-0.0009870298161787083,down
2026-05-07 03:00:00,1.4176545176709001,-0.0018771390660512477,down
2026-05-07 04:00:00,1.4085438015206297,-0.00911071615027037,down
2026-05-07 05:00:00,1.4118549086509475,0.003311107130317792,up
2026-05-07 06:00:00,1.4121281487624322,0.00027324011148466276,up
2026-05-07 07:00:00,1.4180364820735492,0.005908333311116953,up
2026-05-07 08:00:00,1.4234926628877815,0.005456180814232381,up
2026-05-07 09:00:00,1.419348866206695,-0.004143796681086442,down
2026-05-07 10:00:00,1.4144864113261297,-0.004862454880565359,down
2026-05-07 11:00:00,1.4134354919906802,-0.0010509193354495405,down
2026-05-07 12:00:00,1.4117271367013189,-0.0017083552893613074,down
2026-05-07 13:00:00,1.4171887181917635,0.0054615814904446225,up
2026-05-07 14:00:00,1.4064950271760353,-0.010693691015728257,down
2026-05-07 15:00:00,1.3980370131470377,-0.008458014028997596,down
2026-05-07 16:00:00,1.3940483230179115,-0.003988690129126171,down
2026-05-07 17:00:00,1.3918314255431987,-0.0022168974747127645,down
2026-05-07 18:00:00,1.3943462374365025,0.0025148118933038255,up
2026-05-07 19:00:00,1.3957277092602232,0.0013814718237206147,up
2026-05-07 20:00:00,1.3889307072492976,-0.00679700201092559,down
2026-05-07 21:00:00,1.387016982409753,-0.0019137248395446615,down
2026-05-07 22:00:00,1.3872566327555897,0.0002396503458368393,up
2026-05-07 23:00:00,1.387744166243546,0.0004875334879561599,up
2026-05-08 00:00:00,1.3919587883116804,0.004214622068134499,up
2026-05-08 01:00:00,1.3884784753340325,-0.003480312977647948,down
2026-05-08 02:00:00,1.3873666899251842,-0.0011117854088482648,down
2026-05-08 03:00:00,1.3849283622708508,-0.002438327654333383,down
2026-05-08 04:00:00,1.3872305511739131,0.00230218890306233,up
2026-05-08 05:00:00,1.3873080720681552,7.752089424206687e-05,up
2026-05-08 06:00:00,1.3852587215189955,-0.0020493505491596675,down
2026-05-08 07:00:00,1.3823170292046123,-0.0029416923143832374,down
2026-05-08 08:00:00,1.386382626492257,0.004065597287644662,up
2026-05-08 09:00:00,1.3903295090603203,0.0039468825680633035,up
2026-05-08 10:00:00,1.3895860613592739,-0.0007434477010463958,down
2026-05-08 11:00:00,1.3929287887045958,0.0033427273453219275,up
2026-05-08 12:00:00,1.3937634385101199,0.000834649805524057,up
2026-05-08 13:00:00,1.3901015296036405,-0.0036619089064793275,down
2026-05-08 14:00:00,1.389669640211536,-0.00043188939210447863,down
2026-05-08 15:00:00,1.3958579341165906,0.006188293905054598,up
2026-05-08 16:00:00,1.3993232507572495,0.0034653166406588554,up
2026-05-08 17:00:00,1.3955506092039192,-0.003772641553330347,down
2026-05-08 18:00:00,1.4099825125962977,0.014431903392378542,up
2026-05-08 19:00:00,1.4200280329889707,0.010045520392673035,up
2026-05-08 20:00:00,1.4196808970702437,-0.0003471359187270373,down
2026-05-08 21:00:00,1.4133699896121243,-0.0063109074581193525,down
2026-05-08 22:00:00,1.4229834011366553,0.00961341152453099,up
2026-05-08 23:00:00,1.4195848921315168,-0.0033985090051384947,down
2026-05-09 00:00:00,1.420641611770628,0.0010567196391111366,up
2026-05-09 01:00:00,1.4278030556513306,0.0071614438807026115,up
2026-05-09 02:00:00,1.434798430837042,0.006995375185711472,up
2026-05-09 03:00:00,1.4329209382359653,-0.0018774926010767246,down
2026-05-09 04:00:00,1.4308630240858466,-0.0020579141501186893,down
2026-05-09 05:00:00,1.4298386364063875,-0.0010243876794591156,down
2026-05-09 06:00:00,1.4292262552251132,-0.0006123811812743796,down
2026-05-09 07:00:00,1.4264480468798988,-0.0027782083452143613,down
2026-05-09 08:00:00,1.425208826536192,-0.001239220343706826,down
2026-05-09 09:00:00,1.425838403188546,0.0006295766523540802,up
2026-05-09 10:00:00,1.4206508996569012,-0.005187503531644877,down
2026-05-09 11:00:00,1.4230787352137946,0.0024278355568934096,up
2026-05-09 12:00:00,1.4245390913332532,0.0014603561194586057,up
2026-05-09 13:00:00,1.4226574516915913,-0.0018816396416618808,down
2026-05-09 14:00:00,1.4219984858826904,-0.0006589658089009021,down
2026-05-09 15:00:00,1.4163615439024761,-0.0056369419802142495,down
2026-05-09 16:00:00,1.4165076636408795,0.0001461197384033941,up
2026-05-09 17:00:00,1.4189608275093473,0.0024531638684677226,up
2026-05-09 18:00:00,1.4223315260082727,0.003370698498925462,up
2026-05-09 19:00:00,1.4228184732210167,0.00048694721274400443,up
2026-05-09 20:00:00,1.4254147558421513,0.002596282621134538,up
2026-05-09 21:00:00,1.4230673095791146,-0.0023474462630366233,down
2026-05-09 22:00:00,1.4251215169941895,0.0020542074150748935,up
2026-05-09 23:00:00,1.4243937253479242,-0.0007277916462653522,down
2026-05-10 00:00:00,1.4224308017553566,-0.001962923592567556,down
2026-05-10 01:00:00,1.4186203569195113,-0.0038104448358453613,down
2026-05-10 02:00:00,1.416623775004141,-0.0019965819153702213,down
2026-05-10 03:00:00,1.4181562878765184,0.001532512872377323,up
2026-05-10 04:00:00,1.4193041470761054,0.0011478591995870424,up
2026-05-10 05:00:00,1.4196324549062012,0.00032830783009574205,up
2026-05-10 06:00:00,1.4194279001478118,-0.00020455475838931925,down
2026-05-10 07:00:00,1.4207365105347634,0.0013086103869515142,up
2026-05-10 08:00:00,1.4214256166470898,0.0006891061123264208,up
2026-05-10 09:00:00,1.4269241105864563,0.005498493939366522,up
2026-05-10 10:00:00,1.430114412953667,0.003190302367210629,up
2026-05-10 11:00:00,1.4287308989486787,-0.0013835140049882622,down
2026-05-10 12:00:00,1.4252585741437087,-0.0034723248049699507,down
2026-05-10 13:00:00,1.424691077046415,-0.0005674970972937565,down
2026-05-10 14:00:00,1.4327085886140187,0.008017511567603774,up
2026-05-10 15:00:00,1.4359720825015283,0.003263493887509572,up
2026-05-10 16:00:00,1.4451523201954497,0.0091802376939214,up
2026-05-10 17:00:00,1.4723053053628958,0.02715298516744613,up
2026-05-10 18:00:00,1.5012876250636307,0.028982319700734838,up
2026-05-10 19:00:00,1.4862415313289183,-0.01504609373471233,down
2026-05-10 20:00:00,1.4855919500841233,-0.0006495812447950833,down
2026-05-10 21:00:00,1.4504702582388183,-0.035121691845305,down
2026-05-10 22:00:00,1.4554853278005504,0.005015069561732144,up
2026-05-10 23:00:00,1.4727517852033232,0.017266457402772772,up
2026-05-11 00:00:00,1.4733272918435374,0.0005755066402142184,up
2026-05-11 01:00:00,1.4577713362174987,-0.015555955626038731,down
2026-05-11 02:00:00,1.4601583372637852,0.00238700104628653,up
2026-05-11 03:00:00,1.4534246322968505,-0.006733704966934706,down
2026-05-11 04:00:00,1.447672439651831,-0.005752192645019472,down
2026-05-11 05:00:00,1.4483078637822178,0.0006354241303867525,up
2026-05-11 06:00:00,1.4541210140043763,0.0058131502221585585,up
2026-05-11 07:00:00,1.4540673871930576,-5.362681131870772e-05,down
2026-05-11 08:00:00,1.4489717514951932,-0.00509563569786442,down
2026-05-11 09:00:00,1.4457785983443743,-0.003193153150818917,down
2026-05-11 10:00:00,1.4511838880490415,0.005405289704667249,up
2026-05-11 11:00:00,1.4512482970597391,6.440901069759697e-05,up
2026-05-11 12:00:00,1.456990811202019,0.005742514142279775,up
2026-05-11 13:00:00,1.4585327763061975,0.0015419651041785887,up
2026-05-11 14:00:00,1.4599669736544645,0.0014341973482669967,up
2026-05-11 15:00:00,1.470376930650424,0.01040995699595948,up
2026-05-11 16:00:00,1.4851996184456357,0.014822687795211786,up
2026-05-11 17:00:00,1.472513213275625,-0.01268640517001085,down
2026-05-11 18:00:00,1.4790453813784077,0.006532168102782787,up
2026-05-11 19:00:00,1.469647588058208,-0.009397793320199632,down
2026-05-11 20:00:00,1.478976927858583,0.00932933980037487,up
2026-05-11 21:00:00,1.4723623587282404,-0.006614569130342529,down
2026-05-11 22:00:00,1.4685868250344192,-0.0037755336938212203,down
2026-05-11 23:00:00,1.4739741214694217,0.005387296435002575,up
2026-05-12 00:00:00,1.4759911514946882,0.002017030025266431,up
2026-05-12 01:00:00,1.4786876062978633,0.0026964548031751523,up
2026-05-12 02:00:00,1.4658282311080406,-0.01285937518982272,down
2026-05-12 03:00:00,1.463734730938174,-0.0020935001698665356,down
2026-05-12 04:00:00,1.4580805124367378,-0.0056542185014363255,down
2026-05-12 05:00:00,1.4619045425151598,0.003824030078422025,up
2026-05-12 06:00:00,1.4613206513103325,-0.0005838912048272693,down
2026-05-12 07:00:00,1.4579000496088717,-0.003420601701460857,down
2026-05-12 08:00:00,1.4618358828267255,0.003935833217853846,up
2026-05-12 09:00:00,1.4640775356274893,0.002241652800763827,up
2026-05-12 10:00:00,1.4546172447874925,-0.009460290839996777,down
2026-05-12 11:00:00,1.4480340279481205,-0.006583216839372019,down
2026-05-12 12:00:00,1.4481613509872653,0.0001273230391447555,up
2026-05-12 13:00:00,1.4493830689728249,0.0012217179855595894,up
2026-05-12 14:00:00,1.434932854343743,-0.014450214629081914,down
2026-05-12 15:00:00,1.4265018679598458,-0.008430986383897165,down
2026-05-12 16:00:00,1.423574042318539,-0.0029278256413067805,down
2026-05-12 17:00:00,1.4216093575000415,-0.001964684818497542,down
2026-05-12 18:00:00,1.4320385614330677,0.010429203933026265,up
2026-05-12 19:00:00,1.4352882915938783,0.0032497301608105378,up
2026-05-12 20:00:00,1.4410550780444025,0.005766786450524197,up
2026-05-12 21:00:00,1.4384794665756322,-0.002575611468770278,down
2026-05-12 22:00:00,1.4383044456781502,-0.00017502089748200333,down
2026-05-12 23:00:00,1.438782113941035,0.0004776682628848672,up
2026-05-13 00:00:00,1.4358487937325481,-0.0029333202084869114,down
2026-05-13 01:00:00,1.4381173382717745,0.0022685445392263137,up
2026-05-13 02:00:00,1.4475702807712802,0.00945294249950579,up
2026-05-13 03:00:00,1.444848166641006,-0.0027221141302742335,down
2026-05-13 04:00:00,1.450439061646208,0.005590895005201935,up
2026-05-13 05:00:00,1.4608534289003556,0.010414367254147683,up
2026-05-13 06:00:00,1.452780478626939,-0.008072950273416701,down
2026-05-13 07:00:00,1.452634829538412,-0.000145649088526989,down
2026-05-13 08:00:00,1.460129058700068,0.007494229161655985,up
2026-05-13 09:00:00,1.4607890698852317,0.0006600111851637891,up
2026-05-13 10:00:00,1.4654017335386822,0.004612663653450477,up
2026-05-13 11:00:00,1.4560060215242192,-0.009395712014462987,down
2026-05-13 12:00:00,1.447581125915221,-0.008424895608998284,down
2026-05-13 13:00:00,1.4317832385788447,-0.015797887336376215,down
2026-05-13 14:00:00,1.4259948041369492,-0.005788434441895474,down
2026-05-13 15:00:00,1.427686474029809,0.0016916698928597373,up
2026-05-13 16:00:00,1.412591530405905,-0.015094943623904067,down
2026-05-13 17:00:00,1.4230374903997374,0.010445959993832465,up
2026-05-13 18:00:00,1.4292046770300346,0.00616718663029725,up
2026-05-13 19:00:00,1.427322645913419,-0.0018820311166156678,down
2026-05-13 20:00:00,1.4186748346799196,-0.008647811233499336,down
2026-05-13 21:00:00,1.4251777793506228,0.006502944670703226,up
2026-05-13 22:00:00,1.418049925112626,-0.007127854237996889,down
2026-05-13 23:00:00,1.422909442342053,0.004859517229427013,up
2026-05-14 00:00:00,1.42655925240605,0.0036498100639970055,up
2026-05-14 01:00:00,1.4313572656275255,0.00479801322147555,up
2026-05-14 02:00:00,1.4315464679113519,0.00018920228382635074,up
2026-05-14 03:00:00,1.4246784202611102,-0.0068680476502416266,down
2026-05-14 04:00:00,1.4214395402976274,-0.0032388799634828214,down
2026-05-14 05:00:00,1.4294458397652168,0.00800629946758935,up
2026-05-14 06:00:00,1.4351614470342147,0.005715607268997891,up
2026-05-14 07:00:00,1.4335100966336625,-0.0016513504005521984,down
2026-05-14 08:00:00,1.4317809500295933,-0.0017291466040691983,down
2026-05-14 09:00:00,1.4334270400371802,0.0016460900075869755,up
2026-05-14 10:00:00,1.4287840179466167,-0.004643022090563553,down
2026-05-14 11:00:00,1.4355446458121668,0.006760627865550095,up
2026-05-14 12:00:00,1.4322449690890793,-0.003299676723087508,down
2026-05-14 13:00:00,1.4471752174983714,0.014930248409292135,up
2026-05-14 14:00:00,1.4418218964456504,-0.005353321052721016,down
2026-05-14 15:00:00,1.4699044059741415,0.028082509528491117,up
2026-05-14 16:00:00,1.4714389741660716,0.0015345681919300969,up
2026-05-14 17:00:00,1.4764226157003675,0.004983641534295868,up
2026-05-14 18:00:00,1.4893101400397664,0.012887524339398881,up
2026-05-14 19:00:00,1.5352014053884122,0.04589126534864585,up
2026-05-14 20:00:00,1.5143310018895255,-0.02087040349888669,down
2026-05-14 21:00:00,1.5057372998293925,-0.00859370206013299,down
2026-05-14 22:00:00,1.496516375148504,-0.009220924680888531,down
2026-05-14 23:00:00,1.497928829254673,0.001412454106169081,up
2026-05-15 00:00:00,1.4825648811639263,-0.015363948090746815,down
2026-05-15 01:00:00,1.4938969563973943,0.01133207523346802,up
2026-05-15 02:00:00,1.48301753385784,-0.010879422539554318,down
2026-05-15 03:00:00,1.48943923332469,0.006421699466850006,up
2026-05-15 04:00:00,1.4860641829627141,-0.0033750503619758287,down
2026-05-15 05:00:00,1.4710164941685877,-0.015047688794126435,down
2026-05-15 06:00:00,1.4583774214398701,-0.01263907272871756,down
2026-05-15 07:00:00,1.4651052252654593,0.006727803825589129,up
2026-05-15 08:00:00,1.467730380036916,0.0026251547714566392,up
2026-05-15 09:00:00,1.4685362974971625,0.0008059174602466079,up
2026-05-15 10:00:00,1.4631572761854754,-0.005379021311687104,down
2026-05-15 11:00:00,1.4737933856658831,0.010636109480407718,up
2026-05-15 12:00:00,1.466243559405539,-0.007549826260344172,down
2026-05-15 13:00:00,1.457291320094609,-0.008952239310930032,down
2026-05-15 14:00:00,1.4316882863309244,-0.025603033763684557,down
2026-05-15 15:00:00,1.438516138081262,0.006827851750337732,up
2026-05-15 16:00:00,1.433714938128726,-0.004801199952536139,down
2026-05-15 17:00:00,1.4453711644769356,0.01165622634820962,up
2026-05-15 18:00:00,1.4458957741363032,0.0005246096593676253,up
2026-05-15 19:00:00,1.4392840961208604,-0.006611678015442823,down
2026-05-15 20:00:00,1.4332078924529805,-0.006076203667879865,down
2026-05-15 21:00:00,1.4339329124109848,0.0007250199580042249,up
2026-05-15 22:00:00,1.4297329263200762,-0.004199986090908547,down
2026-05-15 23:00:00,1.4326906451140156,0.0029577187939393568,up
2026-05-16 00:00:00,1.4331104702954172,0.00041982518140160074,up
2026-05-16 01:00:00,1.4327044593855753,-0.0004060109098418252,down
2026-05-16 02:00:00,1.436428354591757,0.003723895206181771,up
2026-05-16 03:00:00,1.4350929082281534,-0.0013354463636037206,down
2026-05-16 04:00:00,1.4341663124404551,-0.00092659578769827,down
2026-05-16 05:00:00,1.4245382381699205,-0.009628074270534581,down
2026-05-16 06:00:00,1.4240025613119554,-0.0005356768579651838,down
2026-05-16 07:00:00,1.418917760815237,-0.0050848004967183336,down
2026-05-16 08:00:00,1.4165690175722847,-0.0023487432429523114,down
2026-05-16 09:00:00,1.4143788264316624,-0.002190191140622355,down
2026-05-16 10:00:00,1.4019938187120993,-0.01238500771956308,down
2026-05-16 11:00:00,1.4067198450177032,0.004726026305603925,up
2026-05-16 12:00:00,1.4102132200362603,0.0034933750185570656,up
2026-05-16 13:00:00,1.4095988570590487,-0.0006143629772115133,down
2026-05-16 14:00:00,1.411026821864581,0.0014279648055322003,up
2026-05-16 15:00:00,1.4084057815509483,-0.002621040313632639,down
2026-05-16 16:00:00,1.413714939252727,0.005309157701778755,up
2026-05-16 17:00:00,1.4162619889795656,0.0025470497268385017,up
2026-05-16 18:00:00,1.4163252748707447,6.3285891179099e-05,up
2026-05-16 19:00:00,1.4147160772189769,-0.001609197651767813,down
2026-05-16 20:00:00,1.414976355680654,0.00026027846167719915,up
2026-05-16 21:00:00,1.4150920590009093,0.00011570332025523378,up
2026-05-16 22:00:00,1.4143884187016862,-0.0007036402992230961,down
2026-05-16 23:00:00,1.4132955199290114,-0.0010928987726748218,down
2026-05-17 00:00:00,1.4131582551338857,-0.0001372647951256578,down
2026-05-17 01:00:00,1.4099785600878525,-0.003179695046033215,down
2026-05-17 02:00:00,1.4036378972818597,-0.0063406628059927694,down
2026-05-17 03:00:00,1.406383183536967,0.002745286255107171,up
2026-05-17 04:00:00,1.4114507128068832,0.005067529269916271,up
2026-05-17 05:00:00,1.414754772808468,0.0033040600015847854,up
2026-05-17 06:00:00,1.4157991163394053,0.0010443435309372973,up
2026-05-17 07:00:00,1.416019262868836,0.00022014652943069812,up
2026-05-17 08:00:00,1.4174381628533737,0.0014188999845377026,up
2026-05-17 09:00:00,1.414014588880513,-0.0034235739728607495,down
2026-05-17 10:00:00,1.4198818310113517,0.005867242130838779,up
2026-05-17 11:00:00,1.4214789492446678,0.0015971182333160971,up
2026-05-17 12:00:00,1.421991116853528,0.0005121676088601923,up
2026-05-17 13:00:00,1.4226164493351738,0.0006253324816458683,up
2026-05-17 14:00:00,1.4179381574156709,-0.004678291919502975,down
2026-05-17 15:00:00,1.4121701446879915,-0.00576801272767935,down
2026-05-17 16:00:00,1.4124586463330786,0.0002885016450870914,up
2026-05-17 17:00:00,1.411070234377617,-0.001388411955461688,down
2026-05-17 18:00:00,1.4103726343600993,-0.0006976000175176189,down
2026-05-17 19:00:00,1.4126013770182009,0.002228742658101579,up
2026-05-17 20:00:00,1.4200196645805145,0.0074182875623136635,up
2026-05-17 21:00:00,1.4182997479574955,-0.0017199166230190688,down
2026-05-17 22:00:00,1.4226932451855272,0.004393497228031729,up
2026-05-17 23:00:00,1.4105198750140189,-0.012173370171508324,down
2026-05-18 00:00:00,1.4008124294376394,-0.009707445576379481,down
2026-05-18 01:00:00,1.3939115634009283,-0.00690086603671114,down
2026-05-18 02:00:00,1.391686578807057,-0.0022249845938713264,down
2026-05-18 03:00:00,1.3914345176205265,-0.00025206118653042786,down
2026-05-18 04:00:00,1.3907742558276475,-0.0006602617928790355,down
2026-05-18 05:00:00,1.3934480935190652,0.002673837691417713,up
2026-05-18 06:00:00,1.387537128472529,-0.0059109650465360986,down
2026-05-18 07:00:00,1.386115344036614,-0.0014217844359150078,down
2026-05-18 08:00:00,1.3853103972885688,-0.000804946748045321,down
2026-05-18 09:00:00,1.3866603164887417,0.001349919200172911,up
2026-05-18 10:00:00,1.3807741056786174,-0.005886210810124304,down
2026-05-18 11:00:00,1.3755687925181839,-0.005205313160433489,down
2026-05-18 12:00:00,1.3886705116965736,0.013101719178389759,up
2026-05-18 13:00:00,1.397380404405403,0.008709892708829381,up
2026-05-18 14:00:00,1.3847405794966816,-0.012639824908721398,down
2026-05-18 15:00:00,1.3756881021514398,-0.009052477345241838,down
2026-05-18 16:00:00,1.3751154772231846,-0.000572624928255161,down
2026-05-18 17:00:00,1.378303185806799,0.0031877085836142793,up
2026-05-18 18:00:00,1.3800525273100526,0.0017493415032536763,up
2026-05-18 19:00:00,1.3670802125328854,-0.012972314777167204,down
2026-05-18 20:00:00,1.386525978321591,0.019445765788705716,up
2026-05-18 21:00:00,1.3837811446679409,-0.0027448336536501916,down
2026-05-18 22:00:00,1.3929399943670246,0.00915884969908376,up
2026-05-18 23:00:00,1.3913861343184153,-0.0015538600486093568,down
2026-05-19 00:00:00,1.389106938376565,-0.0022791959418502206,down
2026-05-19 01:00:00,1.391417063853752,0.0023101254771868973,up
2026-05-19 02:00:00,1.3827072820606638,-0.008709781793088123,down
2026-05-19 03:00:00,1.3773425074247094,-0.005364774635954417,down
2026-05-19 04:00:00,1.381119750590432,0.003777243165722588,up
2026-05-19 05:00:00,1.384572104024025,0.0034523534335930695,up
2026-05-19 06:00:00,1.3804504144592735,-0.004121689564751563,down
2026-05-19 07:00:00,1.3818460984492615,0.001395683989988017,up
2026-05-19 08:00:00,1.3861676346290992,0.0043215361798376595,up
2026-05-19 09:00:00,1.3816658330247173,-0.00450180160438185,down
2026-05-19 10:00:00,1.371969282683164,-0.009696550341553367,down
2026-05-19 11:00:00,1.3725244654096138,0.0005551827264498321,up
2026-05-19 12:00:00,1.3688344896600049,-0.0036899757496089425,down
2026-05-19 13:00:00,1.3749030410746428,0.006068551414637913,up
2026-05-19 14:00:00,1.3749745466504568,7.150557581403483e-05,up
2026-05-19 15:00:00,1.3646571482714784,-0.010317398378978382,down
2026-05-19 16:00:00,1.3653739337113417,0.00071678543986331,up
2026-05-19 17:00:00,1.370762457779867,0.005388524068525191,up
2026-05-19 18:00:00,1.3623016388299058,-0.00846081894996109,down
2026-05-19 19:00:00,1.3610394598854767,-0.0012621789444291487,down
2026-05-19 20:00:00,1.3552168406323335,-0.005822619253143202,down
2026-05-19 21:00:00,1.3573598365256043,0.002142995893270827,up
2026-05-19 22:00:00,1.3587802909913111,0.0014204544657068219,up
2026-05-19 23:00:00,1.355896830272837,-0.002883460718474229,down
2026-05-20 00:00:00,1.358688584281766,0.0027917540089290593,up
2026-05-20 01:00:00,1.3532482720772332,-0.005440312204532782,down
2026-05-20 02:00:00,1.353428445518863,0.00018017344162979398,up
2026-05-20 03:00:00,1.3496792758786988,-0.0037491696401641406,down
2026-05-20 04:00:00,1.3540993188930386,0.004420043014339736,up
2026-05-20 05:00:00,1.3580888444542878,0.0039895255612492075,up
2026-05-20 06:00:00,1.3656675779999259,0.007578733545638094,up
2026-05-20 07:00:00,1.3669109143825962,0.0012433363826702681,up
2026-05-20 08:00:00,1.3650858110539457,-0.0018251033286504903,down
2026-05-20 09:00:00,1.3668565712719543,0.0017707602180085935,up
2026-05-20 10:00:00,1.3679835062444523,0.0011269349724980504,up
2026-05-20 11:00:00,1.3677788253837766,-0.00020468086067571,down
2026-05-20 12:00:00,1.362394310482176,-0.005384514901600523,down
2026-05-20 13:00:00,1.3711145406503162,0.008720230168140164,up
2026-05-20 14:00:00,1.3616296601293751,-0.009484880520941097,down
2026-05-20 15:00:00,1.3718724550445187,0.010242794915143572,up
2026-05-20 16:00:00,1.3719982956784376,0.00012584063391885003,up
2026-05-20 17:00:00,1.3731703963954907,0.0011721007170530928,up
2026-05-20 18:00:00,1.373138426792268,-3.196960322271458e-05,down
2026-05-20 19:00:00,1.3652880498208406,-0.00785037697142732,down
2026-05-20 20:00:00,1.370148394000181,0.004860344179340448,up
2026-05-20 21:00:00,1.3684063114856957,-0.0017420825144853769,down
2026-05-20 22:00:00,1.365035287657589,-0.003371023828106612,down
2026-05-20 23:00:00,1.3642961575302996,-0.0007391301272894335,down
2026-05-21 00:00:00,1.364914449532441,0.0006182920021413629,up
2026-05-21 01:00:00,1.3729837692411808,0.008069319708739808,up
2026-05-21 02:00:00,1.3745145853342025,0.0015308160930216363,up
2026-05-21 03:00:00,1.3788845352887675,0.004369949954565078,up
2026-05-21 04:00:00,1.3810393219948864,0.002154786706118905,up
2026-05-21 05:00:00,1.379800608200192,-0.0012387137946945348,down
2026-05-21 06:00:00,1.3712464670277573,-0.008554141172434582,down
2026-05-21 07:00:00,1.3682965225419224,-0.0029499444858349655,down
2026-05-21 08:00:00,1.3740401661155222,0.005743643573599799,up
2026-05-21 09:00:00,1.37736999728474,0.0033298311692178117,up
2026-05-21 10:00:00,1.3723531593605032,-0.005016837924236794,down
2026-05-21 11:00:00,1.3644007886778902,-0.007952370682613008,down
2026-05-21 12:00:00,1.361747017672692,-0.0026537710051981467,down
2026-05-21 13:00:00,1.3636487114841964,0.0019016938115044013,up
2026-05-21 14:00:00,1.3586017260515604,-0.005046985432636042,down
2026-05-21 15:00:00,1.355345707981566,-0.0032560180699943153,down
2026-05-21 16:00:00,1.3574393490944534,0.0020936411128873456,up
2026-05-21 17:00:00,1.3586884908770842,0.0012491417826308027,up
2026-05-21 18:00:00,1.379668228294558,0.02097973741747383,up
2026-05-21 19:00:00,1.3678478172987727,-0.011820410995785346,down
2026-05-21 20:00:00,1.3767965532640407,0.008948735965268018,up
2026-05-21 21:00:00,1.3755219784490693,-0.0012745748149713965,down
2026-05-21 22:00:00,1.3723615212591405,-0.003160457189928856,down
2026-05-21 23:00:00,1.3684733483378804,-0.0038881729212600913,down
2026-05-22 00:00:00,1.36936418176817,0.0008908334302897281,up
2026-05-22 01:00:00,1.3655348874787971,-0.003829294289372953,down
2026-05-22 02:00:00,1.3668413719792656,0.0013064845004684411,up
2026-05-22 03:00:00,1.367987728257921,0.001146356278655336,up
2026-05-22 04:00:00,1.3691489549393714,0.0011612266814504668,up
2026-05-22 05:00:00,1.3661871491634119,-0.002961805775959503,down
2026-05-22 06:00:00,1.3635089278292003,-0.0026782213342115835,down
2026-05-22 07:00:00,1.3582051094389593,-0.005303818390240966,down
2026-05-22 08:00:00,1.3614617827940405,0.0032566733550811744,up
2026-05-22 09:00:00,1.3596749736592777,-0.0017868091347628123,down
2026-05-22 10:00:00,1.3570005676277,-0.0026744060315777585,down
2026-05-22 11:00:00,1.3564038288670097,-0.0005967387606902186,down
2026-05-22 12:00:00,1.358354064270483,0.0019502354034732772,up
2026-05-22 13:00:00,1.3617426299669737,0.0033885656964907085,up
2026-05-22 14:00:00,1.3584012454300196,-0.003341384536954095,down
2026-05-22 15:00:00,1.3491229796321365,-0.009278265797883156,down
2026-05-22 16:00:00,1.351432486702402,0.0023095070702654485,up
2026-05-22 17:00:00,1.3506639295615162,-0.0007685571408857506,down
2026-05-22 18:00:00,1.3501374976993046,-0.0005264318622115738,down
2026-05-22 19:00:00,1.3467166318302803,-0.0034208658690242366,down
2026-05-22 20:00:00,1.3363161106154795,-0.01040052121480084,down
2026-05-22 21:00:00,1.3394268848396567,0.0031107742241771597,up
2026-05-22 22:00:00,1.340090585081136,0.0006637002414793258,up
2026-05-22 23:00:00,1.3381339030833825,-0.001956681997753451,down
2026-05-23 00:00:00,1.3323718289119872,-0.005762074171395293,down
2026-05-23 01:00:00,1.331912511911698,-0.00045931700028933875,down
2026-05-23 02:00:00,1.3339346450912668,0.002022133179568897,up
2026-05-23 03:00:00,1.3362575259024163,0.002322880811149508,up
2026-05-23 04:00:00,1.3372534057613248,0.0009958798589084772,up
2026-05-23 05:00:00,1.3339482586066402,-0.0033051471546845512,down
2026-05-23 06:00:00,1.3290755714255946,-0.00487268718104561,down
2026-05-23 07:00:00,1.3303831152615397,0.001307543835945113,up
2026-05-23 08:00:00,1.3102235547249925,-0.020159560536547216,down
2026-05-23 09:00:00,1.3085596324601223,-0.0016639222648702212,down
2026-05-23 10:00:00,1.3151971538081826,0.006637521348060282,up
2026-05-23 11:00:00,1.3199027296777173,0.004705575869534684,up
2026-05-23 12:00:00,1.322550647143628,0.002647917465910643,up
2026-05-23 13:00:00,1.3237447674820182,0.001194120338390281,up
2026-05-23 14:00:00,1.3310769449350295,0.00733217745301129,up
2026-05-23 15:00:00,1.336671954254923,0.00559500931989354,up
2026-05-23 16:00:00,1.3332174400158132,-0.003454514239109807,down
2026-05-23 17:00:00,1.3346035950768982,0.0013861550610849704,up
2026-05-23 18:00:00,1.3344328112339794,-0.000170783842918798,down
2026-05-23 19:00:00,1.342625945740204,0.00819313450622472,up
2026-05-23 20:00:00,1.3436780179819923,0.00105207224178816,up
2026-05-23 21:00:00,1.3696717546413135,0.025993736659321254,up
2026-05-23 22:00:00,1.3563971497630167,-0.013274604878296792,down
2026-05-23 23:00:00,1.3534709799620495,-0.002926169800967271,down
2026-05-24 00:00:00,1.354304495326544,0.000833515364494497,up
2026-05-24 01:00:00,1.35767230715781,0.00336781183126611,up
2026-05-24 02:00:00,1.3578052204660553,0.00013291330824527492,up
2026-05-24 03:00:00,1.357043100030799,-0.0007621204352563637,down
2026-05-24 04:00:00,1.356432388814027,-0.0006107112167719198,down
2026-05-24 05:00:00,1.3578795382077995,0.00144714939377244,up
2026-05-24 06:00:00,1.3563809393474304,-0.0014985988603690714,down
2026-05-24 07:00:00,1.3587908066390988,0.002409867291668366,up
2026-05-24 08:00:00,1.3547525431025484,-0.004038263536550346,down
2026-05-24 09:00:00,1.3572745789562144,0.0025220358536659493,up
2026-05-24 10:00:00,1.362158864857485,0.004884285901270546,up
2026-05-24 11:00:00,1.3592421701431494,-0.0029166947143355326,down
2026-05-24 12:00:00,1.3620963773243506,0.002854207181201218,up
2026-05-24 13:00:00,1.3602047510338586,-0.001891626290491999,down
2026-05-24 14:00:00,1.354762009007515,-0.00544274202634365,down
2026-05-24 15:00:00,1.3453348843905946,-0.009427124616920413,down
2026-05-24 16:00:00,1.3454033111025065,6.842671191198413e-05,up
2026-05-24 17:00:00,1.3466567016298556,0.0012533905273490742,up
2026-05-24 18:00:00,1.3503578127694102,0.003701111139554625,up
2026-05-24 19:00:00,1.3455156524015075,-0.004842160367902748,down
2026-05-24 20:00:00,1.3456007871862143,8.513478470684177e-05,up
2026-05-24 21:00:00,1.3404184899384972,-0.005182297247717127,down
2026-05-24 22:00:00,1.3360422547058624,-0.004376235232634862,down
2026-05-24 23:00:00,1.3456382034426657,0.009595948736803361,up
2026-05-25 00:00:00,1.3489759781401205,0.003337774697454776,up
2026-05-25 01:00:00,1.3500329317414208,0.0010569536013003145,up
2026-05-25 02:00:00,1.345847738446892,-0.004185193294528711,down
2026-05-25 03:00:00,1.3455482419580154,-0.0002994964888767271,down
2026-05-25 04:00:00,1.344623694774917,-0.0009245471830983121,down
2026-05-25 05:00:00,1.353245240020679,0.008621545245761864,up
2026-05-25 06:00:00,1.356089579812103,0.0028443397914241775,up
2026-05-25 07:00:00,1.3561027052443584,1.3125432255289837e-05,up
2026-05-25 08:00:00,1.3516313748791553,-0.004471330365203086,down
2026-05-25 09:00:00,1.3561039113578606,0.004472536478705269,up
2026-05-25 10:00:00,1.358102892686953,0.0019989813290923752,up
2026-05-25 11:00:00,1.3576780724033413,-0.0004248202836116821,down
2026-05-25 12:00:00,1.3549177547901037,-0.002760317613237584,down
2026-05-25 13:00:00,1.3551087675453328,0.0001910127552291474,up
2026-05-25 14:00:00,1.355818634530418,0.000709866985085128,up
2026-05-25 15:00:00,1.358590321981858,0.0027716874514400747,up
2026-05-25 16:00:00,1.356945358967693,-0.0016449630141650573,down
2026-05-25 17:00:00,1.3596012746997463,0.002655915732053371,up
2026-05-25 18:00:00,1.3583200893350724,-0.0012811853646739202,down
2026-05-25 19:00:00,1.3561525957829876,-0.002167493552084787,down
2026-05-25 20:00:00,1.3536441604109979,-0.002508435371989748,down
2026-05-25 21:00:00,1.3516923960465164,-0.001951764364481523,down
2026-05-25 22:00:00,1.3511393782907402,-0.0005530177557762084,down
2026-05-25 23:00:00,1.3450791843905308,-0.0060601939002093985,down
2026-05-26 00:00:00,1.347040252911395,0.0019610685208641954,up
2026-05-26 01:00:00,1.3393477486345569,-0.007692504276838097,down
2026-05-26 02:00:00,1.3364767128390231,-0.0028710357955337162,down
2026-05-26 03:00:00,1.3335002319000715,-0.0029764809389516422,down
2026-05-26 04:00:00,1.337195184920836,0.003694953020764613,up
2026-05-26 05:00:00,1.3424120515825817,0.0052168666617455894,up
2026-05-26 06:00:00,1.3448588125264767,0.0024467609438949545,up
2026-05-26 07:00:00,1.3452843806226948,0.00042556809621818736,up
2026-05-26 08:00:00,1.3369189608321017,-0.008365419790593132,down
2026-05-26 09:00:00,1.3372335967270892,0.00031463589498748057,up
2026-05-26 10:00:00,1.3384991093447278,0.001265512617638631,up
2026-05-26 11:00:00,1.3524473027853565,0.013948193440628698,up
2026-05-26 12:00:00,1.3473173233389737,-0.005129979446382826,down
2026-05-26 13:00:00,1.3504740286517412,0.0031567053127674605,up
2026-05-26 14:00:00,1.349667982479649,-0.0008060461720922341,down
2026-05-26 15:00:00,1.3481879294909433,-0.0014800529887055713,down
2026-05-26 16:00:00,1.3415062448203763,-0.006681684670567067,down
2026-05-26 17:00:00,1.3381635942084218,-0.0033426506119544896,down
2026-05-26 18:00:00,1.3300592485718181,-0.008104345636603671,down
2026-05-26 19:00:00,1.3274699078437617,-0.0025893407280563885,down
2026-05-26 20:00:00,1.3287359361610314,0.0012660283172696296,up
2026-05-26 21:00:00,1.3297323807489336,0.0009964445879022676,up
2026-05-26 22:00:00,1.3284453441699546,-0.001287036578978995,down
2026-05-26 23:00:00,1.3274930851926203,-0.0009522589773343082,down
2026-05-27 00:00:00,1.3265991470275145,-0.0008939381651058564,down
2026-05-27 01:00:00,1.3281805128017452,0.0015813657742307363,up
2026-05-27 02:00:00,1.3260431020263772,-0.0021374107753679983,down
2026-05-27 03:00:00,1.3254818929693124,-0.0005612090570648043,down
2026-05-27 04:00:00,1.3230431746738203,-0.002438718295492137,down
2026-05-27 05:00:00,1.3265488454958703,0.00350567082205,up
2026-05-27 06:00:00,1.326067196083323,-0.000481649412547247,down
2026-05-27 07:00:00,1.3313426450285555,0.005275448945232464,up
2026-05-27 08:00:00,1.3271232337572338,-0.004219411271321638,down
2026-05-27 09:00:00,1.3310289907277728,0.003905756970538965,up
2026-05-27 10:00:00,1.325352113866729,-0.005676876861043789,down
2026-05-27 11:00:00,1.3259502348983965,0.0005981210316674535,up
2026-05-27 12:00:00,1.3259246722814906,-2.556261690589423e-05,down
2026-05-27 13:00:00,1.328539403261387,0.002614730979896507,up
2026-05-27 14:00:00,1.3222763603567573,-0.0062630429046297564,down
2026-05-27 15:00:00,1.3266003178701478,0.004323957513390431,up
2026-05-27 16:00:00,1.3305550290408454,0.003954711170697678,up
2026-05-27 17:00:00,1.326927935255138,-0.003627093785707469,down
2026-05-27 18:00:00,1.3162797511813669,-0.010648184073771105,down
2026-05-27 19:00:00,1.3218724235609947,0.005592672379627794,up
2026-05-27 20:00:00,1.3252497082089874,0.0033772846479926955,up
2026-05-27 21:00:00,1.3257241967907611,0.00047448858177379094,up
2026-05-27 22:00:00,1.3124508777956514,-0.01327331899510975,down
2026-05-27 23:00:00,1.3075727038104998,-0.004878173985151557,down
2026-05-28 00:00:00,1.3005645361540241,-0.007008167656475717,down
2026-05-28 01:00:00,1.3029004001182394,0.0023358639642152568,up
2026-05-28 02:00:00,1.2987738155704465,-0.004126584547792911,down
2026-05-28 03:00:00,1.297044198048726,-0.0017296175217205167,down
2026-05-28 04:00:00,1.274140402742349,-0.022903795306376873,down
2026-05-28 05:00:00,1.2767649191502115,0.0026245164078624317,up
2026-05-28 06:00:00,1.2792016427181319,0.0024367235679203514,up
2026-05-28 07:00:00,1.2813432775949145,0.00214163487678265,up
2026-05-28 08:00:00,1.288273978685498,0.006930701090583469,up
2026-05-28 09:00:00,1.284538990611236,-0.003734988074261869,down
2026-05-28 10:00:00,1.2881623829026134,0.0036233922913773142,up
2026-05-28 11:00:00,1.2826620072541977,-0.005500375648415767,down
2026-05-28 12:00:00,1.282923135904536,0.0002611286503384491,up
2026-05-28 13:00:00,1.2889536281724623,0.00603049226792618,up
2026-05-28 14:00:00,1.2924607546937807,0.00350712652131846,up
2026-05-28 15:00:00,1.2973696465770206,0.004908891883239841,up
2026-05-28 16:00:00,1.3083210747496545,0.010951428172633948,up
2026-05-28 17:00:00,1.320715841336701,0.012394766587046524,up
2026-05-28 18:00:00,1.3229295933584622,0.002213752021761106,up
2026-05-28 19:00:00,1.3305121788139218,0.007582585455459645,up
2026-05-28 20:00:00,1.3131699631521616,-0.017342215661760196,down
2026-05-28 21:00:00,1.3164808283858676,0.0033108652337059397,up
2026-05-28 22:00:00,1.317113946524964,0.0006331181390963891,up
2026-05-28 23:00:00,1.3123913167624925,-0.0047226297624713975,down
2026-05-29 00:00:00,1.3143541072350677,0.0019627904725751932,up
2026-05-29 01:00:00,1.313434039952674,-0.0009200672823936884,down
2026-05-29 02:00:00,1.3087087666141117,-0.004725273338562319,down
2026-05-29 03:00:00,1.3031183038501233,-0.005590462763988446,down
2026-05-29 04:00:00,1.3106881163044992,0.007569812454375935,up
2026-05-29 05:00:00,1.3091149756104965,-0.001573140694002717,down
2026-05-29 06:00:00,1.3103580628102158,0.0012430871997193282,up
2026-05-29 07:00:00,1.314560410681503,0.004202347871287149,up
2026-05-29 08:00:00,1.314925488298012,0.00036507761650894643,up
2026-05-29 09:00:00,1.3176803526668093,0.0027548643687973495,up
2026-05-29 10:00:00,1.3221682285823229,0.004487875915513584,up
2026-05-29 11:00:00,1.317663625822533,-0.004504602759789922,down
2026-05-29 12:00:00,1.3098525404659407,-0.007811085356592251,down
2026-05-29 13:00:00,1.3017569375546394,-0.008095602911301292,down
2026-05-29 14:00:00,1.3016853415627685,-7.15959918708986e-05,down
2026-05-29 15:00:00,1.3062927700935238,0.004607428530755353,up
2026-05-29 16:00:00,1.31814775541556,0.011854985322036216,up
2026-05-29 17:00:00,1.3260871504302354,0.007939395014675332,up
2026-05-29 18:00:00,1.323688465340567,-0.002398685089668451,down
2026-05-29 19:00:00,1.3167804040962143,-0.006908061244352615,down
2026-05-29 20:00:00,1.3157683866400596,-0.0010120174561547568,down
2026-05-29 21:00:00,1.3212481300915295,0.005479743451469954,up
2026-05-29 22:00:00,1.315279830938576,-0.0059682991529534934,down
2026-05-29 23:00:00,1.319385771750766,0.0041059408121899565,up
2026-05-30 00:00:00,1.3289137152633566,0.009527943512590564,up
2026-05-30 01:00:00,1.3478086825020952,0.018894967238738625,up
2026-05-30 02:00:00,1.3555819542580998,0.007773271756004618,up
2026-05-30 03:00:00,1.3570246461198394,0.00144269186173962,up
2026-05-30 04:00:00,1.348020978375893,-0.009003667743946453,down
2026-05-30 05:00:00,1.3417727436150502,-0.006248234760842797,down
2026-05-30 06:00:00,1.3474605348674895,0.005687791252439345,up
2026-05-30 07:00:00,1.3443550176656425,-0.003105517201847041,down
2026-05-30 08:00:00,1.3412781475825337,-0.0030768700831087514,down
2026-05-30 09:00:00,1.3361273385617374,-0.005150809020796343,down
2026-05-30 10:00:00,1.343077751740809,0.006950413179071635,up
2026-05-30 11:00:00,1.340509747382383,-0.002568004358425968,down
2026-05-30 12:00:00,1.3389379242788457,-0.0015718231035373176,down
2026-05-30 13:00:00,1.3381899321855537,-0.0007479920932920159,down
2026-05-30 14:00:00,1.337803243439838,-0.0003866887457157908,down
2026-05-30 15:00:00,1.3414563308856569,0.0036530874458189366,up
2026-05-30 16:00:00,1.3409690858638774,-0.0004872450217794366,down
2026-05-30 17:00:00,1.3435824376112286,0.0026133517473512224,up
2026-05-30 18:00:00,1.3510453360747074,0.0074628984634788065,up
2026-05-30 19:00:00,1.3484293358251833,-0.002616000249524131,down
2026-05-30 20:00:00,1.3444986901966305,-0.003930645628552831,down
2026-05-30 21:00:00,1.3466898570287136,0.0021911668320830913,up
2026-05-30 22:00:00,1.3469522983893198,0.0002624413606062692,up
2026-05-30 23:00:00,1.3404853906891105,-0.006466907700209301,down
2026-05-31 00:00:00,1.33979269803168,-0.0006926926574304382,down
2026-05-31 01:00:00,1.3386779830016338,-0.0011147150300463426,down
2026-05-31 02:00:00,1.337206810894903,-0.001471172106730867,down
2026-05-31 03:00:00,1.340764454362471,0.00355764346756815,up
2026-05-31 04:00:00,1.34270699066433,0.0019425363018590325,up
2026-05-31 05:00:00,1.3445571826712042,0.0018501920068740851,up
2026-05-31 06:00:00,1.3404093762076106,-0.004147806463593584,down
2026-05-31 07:00:00,1.3360391091768264,-0.004370267030784136,down
2026-05-31 08:00:00,1.3340007302669348,-0.0020383789098916694,down
2026-05-31 09:00:00,1.3373295089504373,0.0033287786835025646,up
2026-05-31 10:00:00,1.3372078209824227,-0.00012168796801459436,down
2026-05-31 11:00:00,1.3355362965474356,-0.0016715244349871927,down
2026-05-31 12:00:00,1.3377140628118018,0.0021777662643662765,up
2026-05-31 13:00:00,1.3410239578050156,0.003309894993213769,up
2026-05-31 14:00:00,1.336056311928601,-0.004967645876414517,down
2026-05-31 15:00:00,1.3289935083269862,-0.007062803601614931,down
2026-05-31 16:00:00,1.3257110068637425,-0.0032825014632436034,down
2026-05-31 17:00:00,1.3260884809307767,0.00037747406703414477,up
2026-05-31 18:00:00,1.3298751467291312,0.003786665798354516,up
2026-05-31 19:00:00,1.3265061213254463,-0.003369025403684889,down
2026-05-31 20:00:00,1.325109927698232,-0.001396193627214215,down
2026-05-31 21:00:00,1.3252642111438715,0.00015428344563939156,up
2026-05-31 22:00:00,1.3300137011137638,0.004749489969892329,up
2026-05-31 23:00:00,1.3324795981663398,0.0024658970525759383,up
2026-06-01 00:00:00,1.3315091082438855,-0.0009704899224542984,down
2026-06-01 01:00:00,1.3367572067461846,0.0052480985022991256,up
2026-06-01 02:00:00,1.320908360032982,-0.015848846713202525,down
2026-06-01 03:00:00,1.3298220248025672,0.008913664769585106,up
2026-06-01 04:00:00,1.3293019119563974,-0.0005201128461698179,down
2026-06-01 05:00:00,1.3211233264728346,-0.008178585483562761,down
2026-06-01 06:00:00,1.3156222827826032,-0.005501043690231411,down
2026-06-01 07:00:00,1.3126303601348583,-0.002991922647744838,down
2026-06-01 08:00:00,1.3026639610852437,-0.009966399049614605,down
2026-06-01 09:00:00,1.300866873242209,-0.0017970878430346726,down
2026-06-01 10:00:00,1.3036828577197666,0.002815984477557487,up
2026-06-01 11:00:00,1.3052235389028324,0.0015406811830658285,up
2026-06-01 12:00:00,1.3029896612081915,-0.0022338776946408956,down
2026-06-01 13:00:00,1.301356813855953,-0.0016328473522384535,down
2026-06-01 14:00:00,1.2891716837985983,-0.012185130057354776,down
2026-06-01 15:00:00,1.2831210625685834,-0.006050621230014874,down
2026-06-01 16:00:00,1.2806274628376808,-0.0024935997309025737,down
2026-06-01 17:00:00,1.2911525696105024,0.01052510677282159,up
2026-06-01 18:00:00,1.2994219534354454,0.008269383824943022,up
2026-06-01 19:00:00,1.294816298406839,-0.004605655028606437,down
2026-06-01 20:00:00,1.2981217000996812,0.0033054016928422136,up
2026-06-01 21:00:00,1.2972226814619034,-0.0008990186377777487,down
2026-06-01 22:00:00,1.290976691973994,-0.006245989487909442,down
2026-06-01 23:00:00,1.299225804969985,0.00824911299599096,up
2026-06-02 00:00:00,1.295466044055384,-0.0037597609146009514,down
2026-06-02 01:00:00,1.2874532899581301,-0.008012754097253882,down
2026-06-02 02:00:00,1.2801032779922108,-0.007350011965919334,down
2026-06-02 03:00:00,1.2817925782654551,0.0016893002732443207,up
2026-06-02 04:00:00,1.2867010655563635,0.004908487290908425,up
2026-06-02 05:00:00,1.2787552349636286,-0.007945830592734904,down
2026-06-02 06:00:00,1.2665654191899316,-0.012189815773697044,down
2026-06-02 07:00:00,1.2641698167410895,-0.0023956024488420713,down
2026-06-02 08:00:00,1.2670546185842486,0.0028848018431590905,up
2026-06-02 09:00:00,1.2630919092100352,-0.003962709374213391,down
2026-06-02 10:00:00,1.2581590962196039,-0.004932812990431357,down
2026-06-02 11:00:00,1.2657254486121412,0.007566352392537334,up
2026-06-02 12:00:00,1.2605675201771838,-0.005157928434957437,down
2026-06-02 13:00:00,1.2625252657049275,0.0019577455277437483,up
2026-06-02 14:00:00,1.2585875304200504,-0.003937735284877064,down
2026-06-02 15:00:00,1.2318490979248853,-0.026738432495165165,down
2026-06-02 16:00:00,1.2196522838166743,-0.01219681410821094,down
2026-06-02 17:00:00,1.231662010065944,0.012009726249269548,up
2026-06-02 18:00:00,1.2352997131290975,0.0036377030631535856,up
2026-06-02 19:00:00,1.221908944833908,-0.013390768295189481,down
2026-06-02 20:00:00,1.2216558788419056,-0.0002530659920023659,down
2026-06-02 21:00:00,1.2224578625644629,0.0008019837225572424,up
2026-06-02 22:00:00,1.2250249077595905,0.0025670451951276263,up
2026-06-02 23:00:00,1.1985994725081583,-0.02642543525143215,down
2026-06-03 00:00:00,1.2102231710312374,0.011623698523079096,up
2026-06-03 01:00:00,1.2230282160569743,0.012805045025736872,up
2026-06-03 02:00:00,1.2221105113553832,-0.0009177047015911377,down
2026-06-03 03:00:00,1.2191187371687144,-0.0029917741866687386,down
2026-06-03 04:00:00,1.1963898128950852,-0.02272892427362927,down
2026-06-03 05:00:00,1.2164151922381166,0.02002537934303139,up
2026-06-03 06:00:00,1.2312922707048248,0.014877078466708271,up
2026-06-03 07:00:00,1.2375811574301947,0.006288886725369869,up
2026-06-03 08:00:00,1.2425048302182335,0.0049236727880388464,up
2026-06-03 09:00:00,1.241151379756965,-0.0013534504612684461,down
2026-06-03 10:00:00,1.2374751067119731,-0.0036762730449919623,down
2026-06-03 11:00:00,1.2405843092521325,0.0031092025401593393,up
2026-06-03 12:00:00,1.2351595232456594,-0.005424786006473115,down
2026-06-03 13:00:00,1.2344779773249195,-0.0006815459207398789,down
2026-06-03 14:00:00,1.2294241202141525,-0.005053857110767002,down
2026-06-03 15:00:00,1.2291018376372447,-0.0003222825769078064,down
2026-06-03 16:00:00,1.2240505232830143,-0.005051314354230341,down
2026-06-03 17:00:00,1.221085673716127,-0.002964849566887251,down
2026-06-03 18:00:00,1.2202481411745056,-0.0008375325416214441,down
2026-06-03 19:00:00,1.2167899358552468,-0.003458205319258889,down
2026-06-03 20:00:00,1.202192829615782,-0.014597106239464752,down
2026-06-03 21:00:00,1.1921339177843977,-0.010058911831384298,down
2026-06-03 22:00:00,1.216824801591473,0.024690883807075403,up
2026-06-03 23:00:00,1.2047338483339292,-0.012090953257543946,down
2026-06-04 00:00:00,1.1998719776763807,-0.004861870657548506,down
2026-06-04 01:00:00,1.190848718700916,-0.009023258975464632,down
2026-06-04 02:00:00,1.1599124685484143,-0.030936250152501676,down
2026-06-04 03:00:00,1.1812589401709226,0.021346471622508245,up
2026-06-04 04:00:00,1.2072954157406661,0.026036475569743533,up
2026-06-04 05:00:00,1.2004922361845327,-0.00680317955613341,down
2026-06-04 06:00:00,1.1865259716744898,-0.013966264510042903,down
2026-06-04 07:00:00,1.1885798299306765,0.002053858256186647,up
2026-06-04 08:00:00,1.1674842460007724,-0.02109558392990407,down
2026-06-04 09:00:00,1.1670502661578221,-0.0004339798429502384,down
2026-06-04 10:00:00,1.1580329266135885,-0.009017339544233671,down
2026-06-04 11:00:00,1.1474368322646458,-0.010596094348942708,down
2026-06-04 12:00:00,1.1552563560603297,0.007819523795683958,up
2026-06-04 13:00:00,1.1789958606134272,0.02373950455309748,up
2026-06-04 14:00:00,1.178851301292145,-0.00014455932128210058,down
2026-06-04 15:00:00,1.1717943740777412,-0.007056927214403874,down
2026-06-04 16:00:00,1.1682705760201813,-0.003523798057559979,down
2026-06-04 17:00:00,1.1690657393038135,0.000795163283632272,up
2026-06-04 18:00:00,1.169202157957288,0.00013641865347446824,up
2026-06-04 19:00:00,1.178312928264926,0.009110770307638072,up
2026-06-04 20:00:00,1.1752005720779888,-0.0031123561869372818,down
2026-06-04 21:00:00,1.1737491740747052,-0.0014513980032835327,down
2026-06-04 22:00:00,1.1580933704426726,-0.015655803632032672,down
2026-06-04 23:00:00,1.168334623168683,0.010241252726010508,up
2026-06-05 00:00:00,1.1676610643848133,-0.0006735587838697654,down
2026-06-05 01:00:00,1.160762999939676,-0.0068980644451372974,down
2026-06-05 02:00:00,1.156975689092431,-0.00378731084724504,down
2026-06-05 03:00:00,1.1347856935326062,-0.022189995559824816,down
2026-06-05 04:00:00,1.1336449528727024,-0.0011407406599037717,down
2026-06-05 05:00:00,1.1469015744344995,0.013256621561797077,up
2026-06-05 06:00:00,1.1213014398906744,-0.025600134543825037,down
2026-06-05 07:00:00,1.1175230410491086,-0.003778398841565833,down
2026-06-05 08:00:00,1.134730687109111,0.017207646060002357,up
2026-06-05 09:00:00,1.11796870441966,-0.01676198268945095,down
2026-06-05 10:00:00,1.1363923542578311,0.01842364983817113,up
2026-06-05 11:00:00,1.1346573398483113,-0.0017350144095198416,down
2026-06-05 12:00:00,1.1187442192730344,-0.01591312057527694,down
2026-06-05 13:00:00,1.1178449157271548,-0.0008993035458795262,down
2026-06-05 14:00:00,1.10200677491588,-0.01583814081127488,down
2026-06-05 15:00:00,1.1053342040924046,0.003327429176524621,up
2026-06-05 16:00:00,1.0999985967137658,-0.005335607378638807,down
2026-06-05 17:00:00,1.120678431395959,0.020679834682193254,up
2026-06-05 18:00:00,1.1083216492590462,-0.012356782136912825,down
2026-06-05 19:00:00,1.0834421511382006,-0.024879498120845556,down
2026-06-05 20:00:00,1.0999897069745463,0.016547555836345706,up
2026-06-05 21:00:00,1.1152516264298555,0.015261919455309192,up
2026-06-05 22:00:00,1.1116036307181942,-0.0036479957116613004,down
2026-06-05 23:00:00,1.1071577481421244,-0.004445882576069815,down
2026-06-06 00:00:00,1.0972843950512718,-0.009873353090852577,down
2026-06-06 01:00:00,1.1109315114259068,0.013647116374635004,up
2026-06-06 02:00:00,1.1017203012641417,-0.009211210161765182,down
2026-06-06 03:00:00,1.0957514003751718,-0.005968900888969841,down
2026-06-06 04:00:00,1.0856212773394531,-0.010130123035718697,down
2026-06-06 05:00:00,1.0577936771482659,-0.02782760019118724,down
2026-06-06 06:00:00,1.088992119607935,0.031198442459669185,up
2026-06-06 07:00:00,1.0818115717560037,-0.00718054785193134,down
2026-06-06 08:00:00,1.0915329103808042,0.009721338624800513,up
2026-06-06 09:00:00,1.0986809065042444,0.007147996123440192,up
2026-06-06 10:00:00,1.091110831127269,-0.007570075376975405,down
2026-06-06 11:00:00,1.0793246075075387,-0.011786223619730363,down
2026-06-06 12:00:00,1.0871109708685305,0.00778636336099181,up
2026-06-06 13:00:00,1.0959397826692785,0.008828811800748015,up
2026-06-06 14:00:00,1.0978466661368727,0.001906883467594156,up
2026-06-06 15:00:00,1.1030694392684817,0.005222773131609015,up
2026-06-06 16:00:00,1.095947940689966,-0.007121498578515739,down
2026-06-06 17:00:00,1.0946572064970859,-0.0012907341928800609,down
2026-06-06 18:00:00,1.0830255397905215,-0.011631666706564348,down
2026-06-06 19:00:00,1.0845371094439953,0.0015115696534737655,up
2026-06-06 20:00:00,1.081510682115718,-0.0030264273282771814,down
2026-06-06 21:00:00,1.0844348114014144,0.0029241292856962975,up
2026-06-06 22:00:00,1.0874908413083397,0.0030560299069253283,up
2026-06-06 23:00:00,1.0873281168379574,-0.00016272447038234716,down
2026-06-07 00:00:00,1.0929747313661586,0.005646614528201255,up
2026-06-07 01:00:00,1.0892726525486687,-0.003702078817489962,down
2026-06-07 02:00:00,1.1158902418824377,0.02661758933376901,up
2026-06-07 03:00:00,1.1190220441228433,0.0031318022404056567,up
2026-06-07 04:00:00,1.1182857440207012,-0.0007363001021420956,down
2026-06-07 05:00:00,1.1209669140345164,0.0026811700138151817,up
2026-06-07 06:00:00,1.119839398185631,-0.0011275158488854853,down
2026-06-07 07:00:00,1.1256787807729662,0.005839382587335296,up
2026-06-07 08:00:00,1.135334555456691,0.009655774683724694,up
2026-06-07 09:00:00,1.1526287939051956,0.01729423844850464,up
2026-06-07 10:00:00,1.1457895911496667,-0.00683920275552885,down
2026-06-07 11:00:00,1.1351673128041746,-0.01062227834549212,down
2026-06-07 12:00:00,1.1395472470821812,0.0043799342780066475,up
2026-06-07 13:00:00,1.123040868837515,-0.016506378244666164,down
2026-06-07 14:00:00,1.1220773061108653,-0.0009635627266497693,down
2026-06-07 15:00:00,1.1325470804066997,0.0104697742958344,up
2026-06-07 16:00:00,1.132647097522692,0.00010001711599239016,up
2026-06-07 17:00:00,1.1361427257395986,0.003495628216906521,up
2026-06-07 18:00:00,1.1437726367837164,0.00762991104411781,up
2026-06-07 19:00:00,1.142658525663693,-0.0011141111200234644,down
2026-06-07 20:00:00,1.1243025625230652,-0.018355963140627818,down
2026-06-07 21:00:00,1.1326835223835794,0.008380959860514237,up
2026-06-07 22:00:00,1.1297447627714772,-0.0029387596121022153,down
2026-06-07 23:00:00,1.1532632215842533,0.023518458812776144,up
2026-06-08 00:00:00,1.1548517514448144,0.0015885298605611275,up
2026-06-08 01:00:00,1.1619600810717816,0.007108329626967169,up
2026-06-08 02:00:00,1.1561177144350592,-0.00584236663672244,down
2026-06-08 03:00:00,1.1556308796756298,-0.0004868347594293443,down
2026-06-08 04:00:00,1.150734503267598,-0.004896376408031866,down
2026-06-08 05:00:00,1.1416381691649262,-0.009096334102671744,down
2026-06-08 06:00:00,1.135412226849641,-0.006225942315285282,down
2026-06-08 07:00:00,1.1404348761227874,0.00502264927314644,up
2026-06-08 08:00:00,1.1467503292027084,0.006315453079920985,up
2026-06-08 09:00:00,1.1390038836694352,-0.007746445533273194,down
2026-06-08 10:00:00,1.149063323558392,0.010059439888956856,up
2026-06-08 11:00:00,1.1442256633018209,-0.004837660256571175,down
2026-06-08 12:00:00,1.1573994865167214,0.01317382321490057,up
2026-06-08 13:00:00,1.1682223797841176,0.01082289326739616,up
2026-06-08 14:00:00,1.1621881863088237,-0.006034193475293881,down
2026-06-08 15:00:00,1.1728733633035207,0.010685176994696954,up
2026-06-08 16:00:00,1.169961805192613,-0.002911558110907597,down
2026-06-08 17:00:00,1.1643682133750524,-0.005593591817560695,down
2026-06-08 18:00:00,1.1723653301290033,0.007997116753950984,up
2026-06-08 19:00:00,1.173990802212656,0.0016254720836526015,up
2026-06-08 20:00:00,1.1785931807112753,0.004602378498619331,up
2026-06-08 21:00:00,1.1756450947621142,-0.0029480859491610723,down
2026-06-08 22:00:00,1.1819204000196069,0.006275305257492647,up
2026-06-08 23:00:00,1.1770688347535174,-0.00485156526608943,down
2026-06-09 00:00:00,1.1677525780115696,-0.009316256741947804,down
2026-06-09 01:00:00,1.152750039366323,-0.015002538645246588,down
2026-06-09 02:00:00,1.1510073897156994,-0.001742649650623651,down
2026-06-09 03:00:00,1.1519941761705756,0.000986786454876265,up
2026-06-09 04:00:00,1.1545313136262545,0.0025371374556788506,up
2026-06-09 05:00:00,1.166602967847445,0.012071654221190498,up
2026-06-09 06:00:00,1.172635231154278,0.006032263306833041,up
2026-06-09 07:00:00,1.171539134947596,-0.0010960962066819402,down
2026-06-09 08:00:00,1.170803435450107,-0.000735699497489195,down
2026-06-09 09:00:00,1.1672490514031777,-0.0035543840469292043,down
2026-06-09 10:00:00,1.159288171700736,-0.007960879702441748,down
2026-06-09 11:00:00,1.158680790962341,-0.000607380738395058,down
2026-06-09 12:00:00,1.1548567485034464,-0.00382404245889445,down
2026-06-09 13:00:00,1.1613954761561964,0.006538727652749987,up
2026-06-09 14:00:00,1.1577534193005816,-0.003642056855614806,down
2026-06-09 15:00:00,1.1361848163446013,-0.021568602955980287,down
2026-06-09 16:00:00,1.1272939163727103,-0.008890899971891075,down
2026-06-09 17:00:00,1.1275358654628407,0.0002419490901304222,up
2026-06-09 18:00:00,1.1380229631951213,0.010487097732280626,up
2026-06-09 19:00:00,1.138127105060861,0.00010414186573970419,up
2026-06-09 20:00:00,1.1407857769647187,0.0026586719038577122,up
2026-06-09 21:00:00,1.1430883168280883,0.0023025398633695904,up
2026-06-09 22:00:00,1.1358546402168308,-0.007233676611257511,down
2026-06-09 23:00:00,1.134843674601439,-0.0010109656153918234,down
2026-06-10 00:00:00,1.1368684224292722,0.00202474782783324,up
2026-06-10 01:00:00,1.1357489522882669,-0.0011194701410053298,down
2026-06-10 02:00:00,1.1284491663322782,-0.00729978595598868,down
2026-06-10 03:00:00,1.1171527596587951,-0.011296406673483084,down
2026-06-10 04:00:00,1.1186764851396096,0.0015237254808144751,up
2026-06-10 05:00:00,1.1149592123709742,-0.0037172727686354268,down
2026-06-10 06:00:00,1.1111993748213462,-0.0037598375496279424,down
2026-06-10 07:00:00,1.111171705596553,-2.7669224793136493e-05,down
2026-06-10 08:00:00,1.116273965061654,0.0051022594651009,up
2026-06-10 09:00:00,1.1070574388344525,-0.009216526227201483,down
2026-06-10 10:00:00,1.1088651763341557,0.0018077374997031992,up
2026-06-10 11:00:00,1.110249121014288,0.0013839446801322541,up
2026-06-10 12:00:00,1.10379113697551,-0.006457984038777953,down
2026-06-10 13:00:00,1.1176573553772178,0.013866218401707764,up
2026-06-10 14:00:00,1.1295037950814015,0.011846439704183753,up
2026-06-10 15:00:00,1.1237367416641104,-0.0057670534172911125,down
2026-06-10 16:00:00,1.1272719477076587,0.003535206043548289,up
2026-06-10 17:00:00,1.1131870380176556,-0.014084909690003089,down
2026-06-10 18:00:00,1.1092704720097084,-0.003916566007947209,down
2026-06-10 19:00:00,1.1062126239646173,-0.003057848045091127,down
2026-06-10 20:00:00,1.0982537666207126,-0.007958857343904668,down
2026-06-10 21:00:00,1.0982434442807076,-1.0322340004975672e-05,down
2026-06-10 22:00:00,1.09204685005785,-0.0061965942228576765,down
2026-06-10 23:00:00,1.0945104767845326,0.002463626726682655,up
2026-06-11 00:00:00,1.096886405735991,0.002375928951458439,up
2026-06-11 01:00:00,1.1019990062508604,0.005112600514869392,up
2026-06-11 02:00:00,1.11570563855928,0.01370663230841962,up
2026-06-11 03:00:00,1.1088518871551023,-0.006853751404177766,down
2026-06-11 04:00:00,1.1194204450616652,0.010568557906562859,up
2026-06-11 05:00:00,1.1186681183576932,-0.0007523267039719617,down
2026-06-11 06:00:00,1.1138536064670863,-0.004814511890606887,down
2026-06-11 07:00:00,1.1139398642866218,8.625781953552902e-05,up
2026-06-11 08:00:00,1.1143228094145012,0.00038294512787939716,up
2026-06-11 09:00:00,1.120356414030883,0.006033604616381805,up
2026-06-11 10:00:00,1.1165756530648243,-0.003780760966058727,down
2026-06-11 11:00:00,1.1211274492732255,0.004551796208401182,up
2026-06-11 12:00:00,1.1217616332119855,0.0006341839387600245,up
2026-06-11 13:00:00,1.1130265643996298,-0.00873506881235575,down
2026-06-11 14:00:00,1.1156891682611576,0.0026626038615278347,up
2026-06-11 15:00:00,1.1124414504585038,-0.00324771780265376,down
2026-06-11 16:00:00,1.1107029942835347,-0.0017384561749691496,down
2026-06-11 17:00:00,1.107417004532544,-0.0032859897509907032,down
2026-06-11 18:00:00,1.1370463172003298,0.02962931266778579,up
2026-06-11 19:00:00,1.1370295332021645,-1.6783998165292857e-05,down
2026-06-11 20:00:00,1.1421314152759212,0.005101882073756725,up
2026-06-11 21:00:00,1.1350639057773324,-0.007067509498588809,down
2026-06-11 22:00:00,1.139168359977088,0.004104454199755692,up
2026-06-11 23:00:00,1.1424588987116109,0.0032905387345227854,up
2026-06-12 00:00:00,1.1411231049622073,-0.0013357937494036243,down
2026-06-12 01:00:00,1.1413245483070829,0.0002014433448755959,up
2026-06-12 02:00:00,1.138179101157588,-0.00314544714949494,down
2026-06-12 03:00:00,1.1451137961634266,0.006934695005838654,up
2026-06-12 04:00:00,1.1427436399100497,-0.002370156253376887,down
2026-06-12 05:00:00,1.145343164033531,0.0025995241234813005,up
2026-06-12 06:00:00,1.1386021959614856,-0.0067409680720453835,down
2026-06-12 07:00:00,1.1292310871307316,-0.009371108830753982,down
2026-06-12 08:00:00,1.132581392615446,0.0033503054847143776,up
2026-06-12 09:00:00,1.1415609827982731,0.008979590182827124,up
2026-06-12 10:00:00,1.1458478629870021,0.004286880188729025,up
2026-06-12 11:00:00,1.1426017140058458,-0.0032461489811563826,down
2026-06-12 12:00:00,1.1403759557571553,-0.0022257582486904237,down
2026-06-12 13:00:00,1.1348873746463914,-0.0054885811107638904,down
2026-06-12 14:00:00,1.1290932089331633,-0.0057941657132281055,down
2026-06-12 15:00:00,1.1477513475229493,0.018658138589785933,up
2026-06-12 16:00:00,1.1277736722745881,-0.019977675248361138,down
2026-06-12 17:00:00,1.1348763239906798,0.007102651716091701,up
2026-06-12 18:00:00,1.131690748124309,-0.0031855758663708045,down
2026-06-12 19:00:00,1.1302333691276478,-0.0014573789966612072,down
2026-06-12 20:00:00,1.1312151242835335,0.0009817551558857218,up
2026-06-12 21:00:00,1.1325986635031446,0.0013835392196110963,up
2026-06-12 22:00:00,1.1297700542967186,-0.002828609206426025,down
2026-06-12 23:00:00,1.1305240575719693,0.0007540032752506587,up
2026-06-13 00:00:00,1.131721918290297,0.0011978607183276146,up
2026-06-13 01:00:00,1.1341603426977207,0.0024384244074238115,up
2026-06-13 02:00:00,1.1391331185007996,0.004972775803078866,up
2026-06-13 03:00:00,1.1341412620308258,-0.004991856469973799,down
2026-06-13 04:00:00,1.133291228657866,-0.0008500333729597465,down
2026-06-13 05:00:00,1.1330256272930996,-0.00026560136476638796,down
2026-06-13 06:00:00,1.131642657148789,-0.001382970144310658,down
2026-06-13 07:00:00,1.1369396732846297,0.005297016135840771,up
2026-06-13 08:00:00,1.140949404399228,0.004009731114598347,up
2026-06-13 09:00:00,1.1427820146783065,0.0018326102790784393,up
2026-06-13 10:00:00,1.1425005895161602,-0.0002814251621463537,down
2026-06-13 11:00:00,1.1439179967743576,0.0014174072581973896,up
2026-06-13 12:00:00,1.148002620208518,0.004084623434160495,up
2026-06-13 13:00:00,1.1531207298972068,0.0051181096886887545,up
2026-06-13 14:00:00,1.1509636212501129,-0.0021571086470939527,down
2026-06-13 15:00:00,1.1542306333812635,0.0032670121311506595,up
2026-06-13 16:00:00,1.1561280454963596,0.0018974121150960865,up
2026-06-13 17:00:00,1.146573266697123,-0.009554778799236718,down
2026-06-13 18:00:00,1.1439801378057857,-0.0025931288913372263,down
2026-06-13 19:00:00,1.145432246229802,0.0014521084240164406,up
2026-06-13 20:00:00,1.1470687193164586,0.001636473086656487,up
2026-06-13 21:00:00,1.1464608330239372,-0.0006078862925213979,down
2026-06-13 22:00:00,1.1521443359206553,0.005683502896718151,up
2026-06-13 23:00:00,1.1498635306672964,-0.002280805253358942,down
2026-06-14 00:00:00,1.1501945676088534,0.0003310369415570058,up
2026-06-14 01:00:00,1.1523430946914137,0.002148527082560303,up
2026-06-14 02:00:00,1.1519096526376449,-0.00043344205376882883,down
2026-06-14 03:00:00,1.1515167841478728,-0.0003928684897720469,down
2026-06-14 04:00:00,1.1533239159034967,0.0018071317556238586,up
2026-06-14 05:00:00,1.1482570698994736,-0.005066846004023073,down
2026-06-14 06:00:00,1.147844369796813,-0.0004127001026605903,down
2026-06-14 07:00:00,1.14605620222224,-0.0017881675745730075,down
2026-06-14 08:00:00,1.1458193833767327,-0.0002368188455073028,down
2026-06-14 09:00:00,1.1448951510039744,-0.0009242323727582935,down
2026-06-14 10:00:00,1.1480012914795341,0.003106140475559682,up
2026-06-14 11:00:00,1.1424176875830399,-0.00558360389649426,down
2026-06-14 12:00:00,1.1438397849053659,0.0014220973223260103,up
2026-06-14 13:00:00,1.1372259039987025,-0.006613880906663372,down
2026-06-14 14:00:00,1.1344257199262622,-0.002800184072440315,down
2026-06-14 15:00:00,1.1314439829297473,-0.0029817369965148277,down
2026-06-14 16:00:00,1.1342751859271984,0.002831202997451099,up
2026-06-14 17:00:00,1.1364884939155602,0.0022133079883617235,up
2026-06-14 18:00:00,1.1323268498906027,-0.004161644024957445,down
2026-06-14 19:00:00,1.1319676173224413,-0.00035923256816139393,down
2026-06-14 20:00:00,1.132469304133358,0.0005016868109166683,up
2026-06-14 21:00:00,1.1370500226877593,0.004580718554401342,up
2026-06-14 22:00:00,1.1685323982590206,0.03148237557126121,up
2026-06-14 23:00:00,1.1730571236436727,0.004524725384652095,up
2026-06-15 00:00:00,1.1857724963931864,0.012715372749513731,up
2026-06-15 01:00:00,1.184276373305134,-0.001496123088052359,down
2026-06-15 02:00:00,1.1822919386366657,-0.0019844346684683156,down
2026-06-15 03:00:00,1.1814689558981881,-0.0008229827384775845,down
2026-06-15 04:00:00,1.1863297087223033,0.004860752824115133,up
2026-06-15 05:00:00,1.183377157140292,-0.0029525515820112425,down
2026-06-15 06:00:00,1.18360142072642,0.00022426358612803732,up
2026-06-15 07:00:00,1.1825290062970337,-0.0010724144293863258,down
2026-06-15 08:00:00,1.1806849768385452,-0.0018440294584884942,down
2026-06-15 09:00:00,1.1807100593598705,2.5082521325270335e-05,up
2026-06-15 10:00:00,1.1848194782490336,0.004109418889163052,up
2026-06-15 11:00:00,1.1979718488217503,0.013152370572716787,up
2026-06-15 12:00:00,1.2312422587520486,0.033270409930298284,up
2026-06-15 13:00:00,1.2381366859733585,0.00689442722130984,up
2026-06-15 14:00:00,1.2382097482539591,7.306228060066644e-05,up
2026-06-15 15:00:00,1.243746952877724,0.005537204623764946,up
2026-06-15 16:00:00,1.267662095055649,0.023915142177924897,up
2026-06-15 17:00:00,1.2798257882637771,0.012163693208128157,up
2026-06-15 18:00:00,1.2816793827799409,0.0018535945161637368,up
2026-06-15 19:00:00,1.2812186925904168,-0.00046069018952410445,down
2026-06-15 20:00:00,1.273418267913767,-0.007800424676649653,down
2026-06-15 21:00:00,1.2631220232201887,-0.010296244693578371,down
2026-06-15 22:00:00,1.2493532349306622,-0.013768788289526546,down
2026-06-15 23:00:00,1.2396318224977452,-0.00972141243291702,down
2026-06-16 00:00:00,1.2376600592814702,-0.001971763216275013,down
2026-06-16 01:00:00,1.234112040678596,-0.0035480186028742366,down
2026-06-16 02:00:00,1.2280255978923582,-0.006086442786237711,down
2026-06-16 03:00:00,1.216646686791858,-0.011378911100500266,down
2026-06-16 04:00:00,1.226632038526045,0.00998535173418702,up
2026-06-16 05:00:00,1.2221962926348193,-0.00443574589122564,down
2026-06-16 06:00:00,1.2250589067367361,0.002862614101916794,up
2026-06-16 07:00:00,1.2351339029684298,0.010074996231693722,up
2026-06-16 08:00:00,1.2345758196662677,-0.0005580833021621157,down
2026-06-16 09:00:00,1.2470752303320565,0.012499410665788746,up
2026-06-16 10:00:00,1.2383701103967981,-0.008705119935258354,down
2026-06-16 11:00:00,1.2387102714430498,0.00034016104625167465,up
2026-06-16 12:00:00,1.237052773347937,-0.0016574980951127305,down
2026-06-16 13:00:00,1.2436401480324333,0.006587374684496217,up
2026-06-16 14:00:00,1.224909509905985,-0.018730638126448262,down
2026-06-16 15:00:00,1.2077434073038953,-0.017166102602089728,down
2026-06-16 16:00:00,1.2094108111171435,0.0016674038132482583,up
2026-06-16 17:00:00,1.2117474603486456,0.002336649231502008,up
2026-06-16 18:00:00,1.220374099523894,0.00862663917524853,up
2026-06-16 19:00:00,1.2257346806427112,0.005360581118817098,up
2026-06-16 20:00:00,1.2189240120209708,-0.006810668621740401,down
2026-06-16 21:00:00,1.2217888576116007,0.0028648455906299386,up
2026-06-16 22:00:00,1.2187251973005886,-0.0030636603110121285,down
2026-06-16 23:00:00,1.2202161555264666,0.0014909582258779697,up
2026-06-17 00:00:00,1.2164421139531405,-0.003774041573326059,down
2026-06-17 01:00:00,1.214484201147546,-0.0019579128055944306,down
2026-06-17 02:00:00,1.2205747693277096,0.006090568180163514,up
2026-06-17 03:00:00,1.2182686668966987,-0.0023061024310109257,down
2026-06-17 04:00:00,1.2149910672153947,-0.003277599681303922,down
2026-06-17 05:00:00,1.2164315313469323,0.0014404641315375333,up
2026-06-17 06:00:00,1.2170922300920832,0.0006606987451509561,up
2026-06-17 07:00:00,1.2108150532997157,-0.0062771767923675,down
2026-06-17 08:00:00,1.2082376693489878,-0.0025773839507279295,down
2026-06-17 09:00:00,1.1957570306842868,-0.01248063866470095,down
2026-06-17 10:00:00,1.1964999414558093,0.0007429107715224426,up
2026-06-17 11:00:00,1.1952119008336535,-0.0012880406221558172,down
2026-06-17 12:00:00,1.192270872012068,-0.002941028821585423,down
2026-06-17 13:00:00,1.1968039918178655,0.004533119805797403,up
2026-06-17 14:00:00,1.2006479520298863,0.003843960212020825,up
2026-06-17 15:00:00,1.194730962968072,-0.0059169890618142595,down
2026-06-17 16:00:00,1.2125073903381063,0.017776427370034265,up
2026-06-17 17:00:00,1.2119624517283898,-0.0005449386097164943,down
2026-06-17 18:00:00,1.2162632399336848,0.004300788205295003,up
2026-06-17 19:00:00,1.209012282362645,-0.007250957571039773,down
2026-06-17 20:00:00,1.1793554530081234,-0.02965682935452163,down
2026-06-17 21:00:00,1.1893990895186508,0.01004363651052742,up
2026-06-17 22:00:00,1.1811700244551235,-0.008229065063527274,down
2026-06-17 23:00:00,1.18324933480466,0.002079310349536456,up
2026-06-18 00:00:00,1.1858247656054528,0.0025754308007928106,up
2026-06-18 01:00:00,1.1862659340514206,0.0004411684459677545,up
2026-06-18 02:00:00,1.1880536743647827,0.0017877403133621517,up
2026-06-18 03:00:00,1.1886198329571858,0.0005661585924030543,up
2026-06-18 04:00:00,1.177583384036768,-0.011036448920417774,down
2026-06-18 05:00:00,1.1692847230662293,-0.008298660970538663,down
2026-06-18 06:00:00,1.1662984211918352,-0.0029863018743940817,down
2026-06-18 07:00:00,1.169764617472379,0.0034661962805437874,up
2026-06-18 08:00:00,1.177923422033551,0.008158804561172017,up
2026-06-18 09:00:00,1.1772975793182585,-0.000625842715292535,down
2026-06-18 10:00:00,1.1778931125775798,0.0005955332593212681,up
2026-06-18 11:00:00,1.1685904071575368,-0.009302705420042967,down
2026-06-18 12:00:00,1.1634663835945735,-0.005124023562963265,down
2026-06-18 13:00:00,1.1681374719121067,0.004671088317533156,up
2026-06-18 14:00:00,1.158380491456596,-0.009756980455510655,down
2026-06-18 15:00:00,1.159189694611226,0.000809203154629845,up
2026-06-18 16:00:00,1.1366045988586053,-0.022585095752620576,down
2026-06-18 17:00:00,1.1464801613417461,0.00987556248314081,up
2026-06-18 18:00:00,1.1414280056715835,-0.005052155670162595,down
2026-06-18 19:00:00,1.1373863981969754,-0.004041607474608133,down
2026-06-18 20:00:00,1.1429085524668354,0.0055221542698600246,up
2026-06-18 21:00:00,1.1513304990255757,0.00842194655874029,up
2026-06-18 22:00:00,1.1437196879538627,-0.0076108110717130195,down
2026-06-18 23:00:00,1.146411433445166,0.0026917454913033545,up
2026-06-19 00:00:00,1.1457015254597007,-0.0007099079854653301,down
2026-06-19 01:00:00,1.147750530843775,0.002049005384074265,up
2026-06-19 02:00:00,1.1502882262661567,0.0025376954223816917,up
2026-06-19 03:00:00,1.1474280383584379,-0.002860187907718803,down
2026-06-19 04:00:00,1.1380033515644445,-0.009424686793993331,down
2026-06-19 05:00:00,1.126294174349456,-0.011709177214988653,down
2026-06-19 06:00:00,1.1323738015337075,0.00607962718425159,up
2026-06-19 07:00:00,1.1326454299551754,0.00027162842146788435,up
2026-06-19 08:00:00,1.1238062019034987,-0.008839228051676695,down
2026-06-19 09:00:00,1.1255340511185248,0.0017278492150261116,up
2026-06-19 10:00:00,1.124276346336914,-0.0012577047816106912,down
2026-06-19 11:00:00,1.1243323898776636,5.604354074950635e-05,up
2026-06-19 12:00:00,1.1263542492631196,0.0020218593854559597,up
2026-06-19 13:00:00,1.1300154882804012,0.003661239017281659,up
2026-06-19 14:00:00,1.1389935265224087,0.008978038242007491,up
2026-06-19 15:00:00,1.1357751922282109,-0.003218334294197822,down
2026-06-19 16:00:00,1.1359977051565828,0.00022251292837194292,up
2026-06-19 17:00:00,1.1295254564791646,-0.006472248677418246,down
2026-06-19 18:00:00,1.1352761626706587,0.005750706191494093,up
2026-06-19 19:00:00,1.1317110274739304,-0.0035651351967282974,down
2026-06-19 20:00:00,1.1303375863078762,-0.0013734411660542012,down
2026-06-19 21:00:00,1.133625376314222,0.0032877900063459364,up
2026-06-19 22:00:00,1.129071387588641,-0.004553988725581215,down
2026-06-19 23:00:00,1.1333199266416776,0.004248539053036682,up
2026-06-20 00:00:00,1.1352079033331168,0.0018879766914392526,up
2026-06-20 01:00:00,1.136448460046416,0.0012405567132991457,up
2026-06-20 02:00:00,1.1408570333962926,0.004408573349876654,up
2026-06-20 03:00:00,1.1383707518702633,-0.002486281526029366,down
2026-06-20 04:00:00,1.138791293953296,0.0004205420830327711,up
2026-06-20 05:00:00,1.1432300871778667,0.004438793224570636,up
2026-06-20 06:00:00,1.147080091452969,0.0038500042751024033,up
2026-06-20 07:00:00,1.1486863346777594,0.0016062432247903047,up
2026-06-20 08:00:00,1.1465149976023195,-0.0021713370754399275,down
2026-06-20 09:00:00,1.1462443674077298,-0.0002706301945896161,down
2026-06-20 10:00:00,1.1512036586955667,0.004959291287836898,up
2026-06-20 11:00:00,1.1485068636441087,-0.002696795051458034,down
2026-06-20 12:00:00,1.146693887365,-0.0018129762791085913,down
2026-06-20 13:00:00,1.1452355731720814,-0.0014583141929187526,down
2026-06-20 14:00:00,1.1408393080094734,-0.004396265162607937,down
2026-06-20 15:00:00,1.1445695735650556,0.0037302655555822017,up
2026-06-20 16:00:00,1.149761771048478,0.005192197483422367,up
2026-06-20 17:00:00,1.147710638291963,-0.0020511327565149173,down
2026-06-20 18:00:00,1.142248694981444,-0.0054619433105189685,down
2026-06-20 19:00:00,1.1408741845984862,-0.001374510382957883,down
2026-06-20 20:00:00,1.1429914119288522,0.0021172273303660116,up
2026-06-20 21:00:00,1.1442388262011616,0.001247414272309344,up
2026-06-20 22:00:00,1.1465087342149705,0.0022699080138088856,up
2026-06-20 23:00:00,1.1517816202895341,0.005272886074563665,up
2026-06-21 00:00:00,1.1491349570468194,-0.0026466632427146752,down
2026-06-21 01:00:00,1.1479038443420162,-0.00123111270480325,down
2026-06-21 02:00:00,1.1485704291806582,0.0006665848386420148,up
2026-06-21 03:00:00,1.146211134537398,-0.0023592946432602346,down
2026-06-21 04:00:00,1.1485630500350943,0.002351915497696311,up
2026-06-21 05:00:00,1.1444546007638,-0.00410844927129439,down
2026-06-21 06:00:00,1.1432104958813976,-0.0012441048824023415,down
2026-06-21 07:00:00,1.1458486531177798,0.002638157236382277,up
2026-06-21 08:00:00,1.1464908075617763,0.0006421544439965121,up
2026-06-21 09:00:00,1.1435944864330823,-0.0028963211286940904,down
2026-06-21 10:00:00,1.1478155113666337,0.004221024933551476,up
2026-06-21 11:00:00,1.147089267895809,-0.0007262434708248389,down
2026-06-21 12:00:00,1.141577775145866,-0.005511492749942892,down
2026-06-21 13:00:00,1.143378413114979,0.0018006379691128949,up
2026-06-21 14:00:00,1.1437594067650876,0.00038099365010868524,up
2026-06-21 15:00:00,1.1459942764670865,0.0022348697019989316,up
2026-06-21 16:00:00,1.148862902685464,0.002868626218377468,up
2026-06-21 17:00:00,1.1443700897436777,-0.004492812941786273,down
2026-06-21 18:00:00,1.141776849898867,-0.0025932398448107463,down
2026-06-21 19:00:00,1.1439387494912998,0.0021618995924328477,up
2026-06-21 20:00:00,1.144788724738668,0.0008499752473682953,up
2026-06-21 21:00:00,1.138008594319135,-0.006780130419533181,down
2026-06-21 22:00:00,1.1333735848584152,-0.004635009460719708,down
2026-06-21 23:00:00,1.1307017501343815,-0.0026718347240337614,down
2026-06-22 00:00:00,1.1240573531728624,-0.006644396961519083,down
2026-06-22 01:00:00,1.1382482492399002,0.014190896067037828,up
2026-06-22 02:00:00,1.144873637339618,0.006625388099717799,up
2026-06-22 03:00:00,1.1355338324235478,-0.009339804916070227,down
2026-06-22 04:00:00,1.1292960338907096,-0.006237798532838124,down
2026-06-22 05:00:00,1.1332058318522824,0.0039097979615727585,up
2026-06-22 06:00:00,1.134067114014355,0.0008612821620725963,up
2026-06-22 07:00:00,1.1301886035919968,-0.0038785104223582056,down
2026-06-22 08:00:00,1.1363621217782212,0.006173518186224358,up
2026-06-22 09:00:00,1.1335895308352548,-0.0027725909429663353,down
2026-06-22 10:00:00,1.1338115485519995,0.0002220177167446824,up
2026-06-22 11:00:00,1.1365194023776455,0.0027078538256459783,up
2026-06-22 12:00:00,1.1469984235931896,0.010479021215544115,up
2026-06-22 13:00:00,1.1566761225081899,0.009677698915000255,up
2026-06-22 14:00:00,1.1623204842084167,0.005644361700226863,up
2026-06-22 15:00:00,1.1422184226607746,-0.020102061547642158,down
2026-06-22 16:00:00,1.1387919912212356,-0.003426431439538913,down
2026-06-22 17:00:00,1.1378607268443128,-0.0009312643769228135,down
2026-06-22 18:00:00,1.1383854273882332,0.0005247005439203978,up
2026-06-22 19:00:00,1.1321428675739702,-0.006242559814263027,down
2026-06-22 20:00:00,1.1333247423333617,0.0011818747593914658,up
2026-06-22 21:00:00,1.1304529013555689,-0.0028718409777928056,down
2026-06-22 22:00:00,1.1299130540034088,-0.0005398473521600611,down
2026-06-22 23:00:00,1.1263130741024134,-0.003599979900995365,down
2026-06-23 00:00:00,1.1278455886946306,0.001532514592217149,up
2026-06-23 01:00:00,1.1300743128204955,0.002228724125864945,up
2026-06-23 02:00:00,1.1278106870049123,-0.002263625815583259,down
2026-06-23 03:00:00,1.1286461693207577,0.0008354823158454039,up
2026-06-23 04:00:00,1.1261992393279856,-0.0024469299927720733,down
2026-06-23 05:00:00,1.1168826818867192,-0.00931655744126636,down
2026-06-23 06:00:00,1.1144743400624093,-0.002408341824309934,down
2026-06-23 07:00:00,1.1124840303402466,-0.001990309722162742,down
2026-06-23 08:00:00,1.1119805418743962,-0.0005034884658503547,down
2026-06-23 09:00:00,1.0988616624254646,-0.013118879448931642,down
2026-06-23 10:00:00,1.1027365179736237,0.0038748555481591396,up
2026-06-23 11:00:00,1.1030748055741462,0.00033828760052245777,up
2026-06-23 12:00:00,1.1079600481745344,0.004885242600388251,up
2026-06-23 13:00:00,1.100083649268949,-0.007876398905585447,down
2026-06-23 14:00:00,1.101292274377406,0.0012086251084570954,up
2026-06-23 15:00:00,1.1004126189328425,-0.0008796554445635874,down
2026-06-23 16:00:00,1.097323288682205,-0.003089330250637401,down
2026-06-23 17:00:00,1.1001933444114325,0.002870055729227383,up
2026-06-23 18:00:00,1.0968018434781102,-0.0033915009333223,down
2026-06-23 19:00:00,1.0974727469934138,0.0006709035153036336,up
2026-06-23 20:00:00,1.1011554864880904,0.003682739494676568,up
2026-06-23 21:00:00,1.1028118395924558,0.0016563531043654045,up
2026-06-23 22:00:00,1.1036622709328185,0.0008504313403627783,up
2026-06-23 23:00:00,1.1078760469095257,0.004213775976707135,up
2026-06-24 00:00:00,1.1090597219669764,0.0011836750574507615,up
2026-06-24 01:00:00,1.1101515842387562,0.0010918622717797088,up
2026-06-24 02:00:00,1.1081306224301752,-0.0020209618085809122,down
2026-06-24 03:00:00,1.1046644966494215,-0.0034661257807537815,down
2026-06-24 04:00:00,1.1025354585334892,-0.002129038115932236,down
2026-06-24 05:00:00,1.1010503251934536,-0.0014851333400356381,down
2026-06-24 06:00:00,1.1038379703318704,0.0027876451384167833,up
2026-06-24 07:00:00,1.1012537485609672,-0.0025842217709031168,down
2026-06-24 08:00:00,1.0973822032271205,-0.0038715453338467043,down
2026-06-24 09:00:00,1.101083581159865,0.0037013779327443874,up
2026-06-24 10:00:00,1.0975566601383497,-0.0035269210215151947,down
2026-06-24 11:00:00,1.0852807530656374,-0.012275907072712311,down
2026-06-24 12:00:00,1.0944667651634212,0.009186012097783802,up
2026-06-24 13:00:00,1.0889505311007626,-0.005516234062658665,down
2026-06-24 14:00:00,1.0751707155400139,-0.013779815560748698,down
2026-06-24 15:00:00,1.0738956060071119,-0.0012751095329019968,down
2026-06-24 16:00:00,1.0571329460498113,-0.01676265995730053,down
2026-06-24 17:00:00,1.0558532543934762,-0.0012796916563351246,down
2026-06-24 18:00:00,1.0502438547443542,-0.005609399649121993,down
2026-06-24 19:00:00,1.058931477336157,0.008687622591802668,up
2026-06-24 20:00:00,1.0563404765005877,-0.0025910008355691794,down
2026-06-24 21:00:00,1.073099802449832,0.01675932594924423,up
2026-06-24 22:00:00,1.0756970894206315,0.0025972869707995283,up
2026-06-24 23:00:00,1.069864716502983,-0.005832372917648376,down
2026-06-25 00:00:00,1.072805994012306,0.002941277509322937,up
2026-06-25 01:00:00,1.0726256658211581,-0.00018032819114788268,down
2026-06-25 02:00:00,1.074248155973623,0.0016224901524648505,up
2026-06-25 03:00:00,1.0700851497589134,-0.0041630062147095526,down
2026-06-25 04:00:00,1.0707434004834897,0.0006582507245762592,up
2026-06-25 05:00:00,1.0783991491369749,0.007655748653485173,up
2026-06-25 06:00:00,1.083164399386444,0.004765250249469055,up
2026-06-25 07:00:00,1.0867895128155933,0.003625113429149396,up
2026-06-25 08:00:00,1.0855962433051065,-0.0011932695104868163,down
2026-06-25 09:00:00,1.0814564880681046,-0.004139755237001941,down
2026-06-25 10:00:00,1.080019336155445,-0.0014371519126594734,down
2026-06-25 11:00:00,1.0723806100211728,-0.0076387261342723,down
2026-06-25 12:00:00,1.0707744425197545,-0.0016061675014182875,down
2026-06-25 13:00:00,1.073863670700906,0.0030892281811514266,up
2026-06-25 14:00:00,1.0161376010177707,-0.057726069683135206,down
2026-06-25 15:00:00,1.0326088184038291,0.01647121738605839,up
2026-06-25 16:00:00,1.0340018502175456,0.0013930318137165276,up
2026-06-25 17:00:00,1.0294399829954133,-0.004561867222132365,down
2026-06-25 18:00:00,1.0445015548793573,0.01506157188394397,up
2026-06-25 19:00:00,1.0330506254390244,-0.01145092944033288,down
2026-06-25 20:00:00,1.0330473334071362,-3.2920318882023736e-06,down
2026-06-25 21:00:00,1.0318425028001115,-0.0012048306070246984,down
2026-06-25 22:00:00,1.0421684127895605,0.010325909989449045,up
2026-06-25 23:00:00,1.0395605110244166,-0.0026079017651439163,down
2026-06-26 00:00:00,1.0424278885912308,0.002867377566814211,up
2026-06-26 01:00:00,1.0400389352228967,-0.0023889533683341124,down
2026-06-26 02:00:00,1.030748470720772,-0.009290464502124784,down
2026-06-26 03:00:00,1.0133759016476112,-0.01737256907316076,down
2026-06-26 04:00:00,1.0328683368329263,0.019492435185315182,up
2026-06-26 05:00:00,1.0269648113526775,-0.005903525480248861,down
2026-06-26 06:00:00,1.0321605486169982,0.0051957372643207655,up
2026-06-26 07:00:00,1.0432610797674344,0.011100531150436188,up
2026-06-26 08:00:00,1.0488153634612625,0.005554283693828044,up
2026-06-26 09:00:00,1.0377871878753613,-0.01102817558590119,down
2026-06-26 10:00:00,1.030369050795021,-0.007418137080340337,down
2026-06-26 11:00:00,1.0262791234174065,-0.0040899273776144884,down
2026-06-26 12:00:00,1.0211707517016035,-0.005108371715802917,down
2026-06-26 13:00:00,1.0186958739405054,-0.0024748777610981154,down
2026-06-26 14:00:00,1.0369371539425125,0.018241280002007088,up
2026-06-26 15:00:00,1.0361468147521342,-0.0007903391903782975,down
2026-06-26 16:00:00,1.0438189673368767,0.00767215258474252,up
2026-06-26 17:00:00,1.0434248447483583,-0.00039412258851845294,down
2026-06-26 18:00:00,1.0464371756605175,0.0030123309121592445,up
2026-06-26 19:00:00,1.039397388239698,-0.007039787420819454,down
2026-06-26 20:00:00,1.0501008986532316,0.010703510413533568,up
2026-06-26 21:00:00,1.0432517183744612,-0.006849180278770461,down
2026-06-26 22:00:00,1.0414408705646105,-0.0018108478098506353,down
2026-06-26 23:00:00,1.0468868186466391,0.005445948082028584,up
2026-06-27 00:00:00,1.0466477618660692,-0.00023905678056990176,down
2026-06-27 01:00:00,1.046512855781654,-0.00013490608441513174,down
2026-06-27 02:00:00,1.050912445693684,0.004399589912029933,up
2026-06-27 03:00:00,1.0608671199826625,0.009954674288978449,up
2026-06-27 04:00:00,1.057897106491208,-0.0029700134914545373,down
2026-06-27 05:00:00,1.058803713743098,0.0009066072518899571,up
2026-06-27 06:00:00,1.0566255418266524,-0.002178171916445537,down
2026-06-27 07:00:00,1.0584621804524943,0.0018366386258419354,up
2026-06-27 08:00:00,1.0589217239441149,0.0004595434916205843,up
2026-06-27 09:00:00,1.0559205657255712,-0.0030011582185436314,down
2026-06-27 10:00:00,1.0568967703004515,0.000976204574880235,up
2026-06-27 11:00:00,1.0580358936371552,0.00113912333670374,up
2026-06-27 12:00:00,1.05801698763281,-1.8906004345176086e-05,down
2026-06-27 13:00:00,1.0597183745985448,0.0017013869657347414,up
2026-06-27 14:00:00,1.0629505174649139,0.003232142866369081,up
2026-06-27 15:00:00,1.067217588599086,0.004267071134172129,up
2026-06-27 16:00:00,1.0739936275290416,0.006776038929955597,up
2026-06-27 17:00:00,1.0687113122032175,-0.005282315325824127,down
2026-06-27 18:00:00,1.059549337674062,-0.00916197452915557,down
2026-06-27 19:00:00,1.0577394203418762,-0.0018099173321857176,down
2026-06-27 20:00:00,1.0529249367987696,-0.00481448354310654,down
2026-06-27 21:00:00,1.0535907424837314,0.0006658056849617733,up
2026-06-27 22:00:00,1.0517372770712528,-0.001853465412478661,down
2026-06-27 23:00:00,1.0522804774347645,0.0005432003635117422,up
2026-06-28 00:00:00,1.0451606232986514,-0.007119854136113046,down
2026-06-28 01:00:00,1.0489026568120434,0.0037420335133919735,up
2026-06-28 02:00:00,1.0499308382827937,0.0010281814707502335,up
2026-06-28 03:00:00,1.0454269325189025,-0.004503905763891147,down
2026-06-28 04:00:00,1.051867727715936,0.006440795197033555,up
2026-06-28 05:00:00,1.047355963638405,-0.004511764077530955,down
2026-06-28 06:00:00,1.0465580951747497,-0.0007978684636553712,down
2026-06-28 07:00:00,1.0437357727207492,-0.002822322454000492,down
2026-06-28 08:00:00,1.0497507299428213,0.006014957222072015,up
2026-06-28 09:00:00,1.0538862650879839,0.004135535145162628,up
2026-06-28 10:00:00,1.0489976294228027,-0.0048886356651811624,down
2026-06-28 11:00:00,1.0473641910260836,-0.0016334383967191446,down
2026-06-28 12:00:00,1.0515655754591497,0.004201384433066169,up
2026-06-28 13:00:00,1.0510791785790325,-0.0004863968801172014,down
2026-06-28 14:00:00,1.0483387161982887,-0.00274046238074388,down
2026-06-28 15:00:00,1.051402086251967,0.0030633700536784048,up
2026-06-28 16:00:00,1.0508329150563305,-0.0005691711956365975,down
2026-06-28 17:00:00,1.0461672285162313,-0.004665686540099134,down
2026-06-28 18:00:00,1.0460756812960337,-9.154722019766304e-05,down
2026-06-28 19:00:00,1.0458000576247481,-0.0002756236712855298,down
2026-06-28 20:00:00,1.0432230251315529,-0.002577032493195297,down
2026-06-28 21:00:00,1.04465640027759,0.0014333751460371413,up
2026-06-28 22:00:00,1.0393910414665095,-0.005265358811080478,down
2026-06-28 23:00:00,1.036825320307007,-0.0025657211595024876,down
2026-06-29 00:00:00,1.0463154690273346,0.009490148720327607,up
2026-06-29 01:00:00,1.0456197006736225,-0.0006957683537121007,down
2026-06-29 02:00:00,1.0409346497324352,-0.004685050941187319,down
2026-06-29 03:00:00,1.0437121040085868,0.002777454276151614,up
2026-06-29 04:00:00,1.0481040500159127,0.004391946007325842,up
2026-06-29 05:00:00,1.0408002612312675,-0.007303788784645215,down
2026-06-29 06:00:00,1.0446299234711947,0.0038296622399272007,up
2026-06-29 07:00:00,1.0472180932180022,0.0025881697468075338,up
2026-06-29 08:00:00,1.046044783170324,-0.0011733100476782887,down
2026-06-29 09:00:00,1.0409553615547238,-0.005089421615600109,down
2026-06-29 10:00:00,1.0469265969307404,0.005971235376016626,up
2026-06-29 11:00:00,1.0500058526745648,0.003079255743824394,up
2026-06-29 12:00:00,1.0515660058908072,0.001560153216242366,up
2026-06-29 13:00:00,1.0530412261342874,0.0014752202434802353,up
2026-06-29 14:00:00,1.0479490035504133,-0.005092222583874095,down
2026-06-29 15:00:00,1.046957997985019,-0.0009910055653943317,down
2026-06-29 16:00:00,1.0470021145115416,4.411652652258624e-05,up
2026-06-29 17:00:00,1.0479958503214604,0.0009937358099187943,up
2026-06-29 18:00:00,1.0625853979794422,0.014589547657981816,up
2026-06-29 19:00:00,1.061748143055131,-0.0008372549243111926,down
2026-06-29 20:00:00,1.072227066038838,0.010478922983707006,up
2026-06-29 21:00:00,1.0611443860072045,-0.011082680031633485,down
2026-06-29 22:00:00,1.0623825175765762,0.0012381315693716921,up
2026-06-29 23:00:00,1.0573143371031668,-0.0050681804734094005,down
2026-06-30 00:00:00,1.0547737677266684,-0.0025405693764983805,down
2026-06-30 01:00:00,1.0468628020460462,-0.007910965680622217,down
2026-06-30 02:00:00,1.0507425333055878,0.0038797312595415523,up
2026-06-30 03:00:00,1.0476385518030509,-0.003103981502536879,down
2026-06-30 04:00:00,1.0432578851985819,-0.004380666604469008,down
2026-06-30 05:00:00,1.0436799798609384,0.00042209466235654247,up
2026-06-30 06:00:00,1.0463302437613056,0.0026502639003671558,up
2026-06-30 07:00:00,1.0476046777899637,0.0012744340286581224,up
2026-06-30 08:00:00,1.0448069688447705,-0.002797708945193156,down
2026-06-30 09:00:00,1.0426479248616407,-0.002159043983129827,down
2026-06-30 10:00:00,1.0418893895714307,-0.0007585352902099718,down
2026-06-30 11:00:00,1.0401131144521258,-0.0017762751193048931,down
2026-06-30 12:00:00,1.035725504012035,-0.004387610440090839,down
2026-06-30 13:00:00,1.026255119778866,-0.009470384233168927,down
2026-06-30 14:00:00,1.0330997357627598,0.006844615983893743,up
2026-06-30 15:00:00,1.0325837510541094,-0.000515984708650441,down
2026-06-30 16:00:00,1.0319979920875302,-0.0005857589665791973,down
2026-06-30 17:00:00,1.0393641957414272,0.007366203653897063,up
2026-06-30 18:00:00,1.0369815984197652,-0.0023825973216620167,down
2026-06-30 19:00:00,1.0407985397172443,0.003816941297479115,up
2026-06-30 20:00:00,1.0441302655417053,0.0033317258244609516,up
2026-06-30 21:00:00,1.03998013885529,-0.004150126686415234,down
2026-06-30 22:00:00,1.039352880587199,-0.0006272582680910688,down
2026-06-30 23:00:00,1.0382062660972777,-0.0011466144899212605,down
2026-07-01 00:00:00,1.0381027722508576,-0.00010349384642016624,down
2026-07-01 01:00:00,1.0350192686039956,-0.0030835036468619403,down
2026-07-01 02:00:00,1.0391036993561464,0.004084430752150814,up
2026-07-01 03:00:00,1.0434876182029853,0.0043839188468388635,up
2026-07-01 04:00:00,1.0472873363932111,0.0037997181902258426,up
2026-07-01 05:00:00,1.0484334916623526,0.0011461552691414134,up
2026-07-01 06:00:00,1.0486043907660179,0.0001708991036653007,up
2026-07-01 07:00:00,1.039773318897761,-0.008831071868256934,down
2026-07-01 08:00:00,1.0408674190362495,0.0010941001384885407,up
2026-07-01 09:00:00,1.0451368337106433,0.00426941467439379,up
2026-07-01 10:00:00,1.0439241199442224,-0.0012127137664208476,down
2026-07-01 11:00:00,1.0374930474324904,-0.006431072511732028,down
2026-07-01 12:00:00,1.0366235885563624,-0.0008694588761279931,down
2026-07-01 13:00:00,1.034636205029649,-0.00198738352671346,down
2026-07-01 14:00:00,1.0466648594488692,0.012028654419220297,up
2026-07-01 15:00:00,1.0495702550232073,0.00290539557433811,up
2026-07-01 16:00:00,1.0576093004041214,0.008039045380914045,up
2026-07-01 17:00:00,1.0542640546601034,-0.003345245744017955,down
2026-07-01 18:00:00,1.0590598090989358,0.0047957544388324,up
2026-07-01 19:00:00,1.058090731952508,-0.0009690771464279102,down
2026-07-01 20:00:00,1.0585475279640888,0.00045679601158088445,up
2026-07-01 21:00:00,1.05530832409247,-0.00323920387161869,down
2026-07-01 22:00:00,1.0644893485480589,0.009181024455588771,up
2026-07-01 23:00:00,1.0585398853741534,-0.005949463173905434,down
2026-07-02 00:00:00,1.0508621926009323,-0.0076776927732211675,down
2026-07-02 01:00:00,1.0436859625749015,-0.007176230026030739,down
2026-07-02 02:00:00,1.0530783514710156,0.009392388896114046,up
2026-07-02 03:00:00,1.0574659839055272,0.004387632434511568,up
2026-07-02 04:00:00,1.0651483689076096,0.007682385002082404,up
2026-07-02 05:00:00,1.060624377403135,-0.004523991504474578,down
2026-07-02 06:00:00,1.0571556198561725,-0.00346875754696252,down
2026-07-02 07:00:00,1.0528870742052272,-0.004268545650945255,down
2026-07-02 08:00:00,1.055676397674018,0.002789323468790794,up
2026-07-02 09:00:00,1.0611784814464111,0.00550208377239314,up
2026-07-02 10:00:00,1.0693308937480528,0.008152412301641654,up
2026-07-02 11:00:00,1.0782709486861037,0.008940054938050945,up
2026-07-02 12:00:00,1.0802388436252792,0.001967894939175485,up
2026-07-02 13:00:00,1.0920562783823218,0.011817434757042555,up
2026-07-02 14:00:00,1.1032838128955527,0.011227534513230886,up
2026-07-02 15:00:00,1.0903827318467485,-0.012901081048804164,down
2026-07-02 16:00:00,1.0925694259289105,0.0021866940821619885,up
2026-07-02 17:00:00,1.0905732451638217,-0.001996180765088784,down
2026-07-02 18:00:00,1.087864983138753,-0.002708262025068686,down
2026-07-02 19:00:00,1.0880571421311183,0.00019215899236524336,up
2026-07-02 20:00:00,1.0845397663762055,-0.0035173757549127327,down
2026-07-02 21:00:00,1.0825011275395047,-0.0020386388367008568,down
2026-07-02 22:00:00,1.0802120383785014,-0.0022890891610032327,down
2026-07-02 23:00:00,1.0829554340978451,0.0027433957193436775,up
2026-07-03 00:00:00,1.0869488576659663,0.003993423568121157,up
2026-07-03 01:00:00,1.083214997129699,-0.0037338605362673416,down
2026-07-03 02:00:00,1.0930460448319292,0.009831047702230311,up
2026-07-03 03:00:00,1.090107257860241,-0.0029387869716881454,down
2026-07-03 04:00:00,1.0896067265823395,-0.0005005312779016169,down
2026-07-03 05:00:00,1.091532355498495,0.0019256289161555529,up
2026-07-03 06:00:00,1.0988423479447744,0.00730999244627939,up
2026-07-03 07:00:00,1.1000140818802513,0.0011717339354768708,up
2026-07-03 08:00:00,1.101345872796671,0.0013317909164196617,up
2026-07-03 09:00:00,1.0987227708010092,-0.0026231019956617363,down
2026-07-03 10:00:00,1.100338696719952,0.0016159259189427733,up
2026-07-03 11:00:00,1.108030094799098,0.0076913980791459835,up
2026-07-03 12:00:00,1.109395018862545,0.001364924063447015,up
2026-07-03 13:00:00,1.1063088131090333,-0.003086205753511706,down
2026-07-03 14:00:00,1.1103120910442235,0.004003277935190175,up
2026-07-03 15:00:00,1.1109807223167854,0.0006686312725618926,up
2026-07-03 16:00:00,1.1191760542931364,0.008195331976351028,up
2026-07-03 17:00:00,1.1139927333252482,-0.005183320967888205,down
2026-07-03 18:00:00,1.1219095007750763,0.007916767449828166,up
2026-07-03 19:00:00,1.1260909364785212,0.004181435703444869,up
2026-07-03 20:00:00,1.1309315278728262,0.004840591394305038,up
2026-07-03 21:00:00,1.1383592072878848,0.007427679415058508,up
2026-07-03 22:00:00,1.1324610272285378,-0.005898180059346947,down
2026-07-03 23:00:00,1.1295508936593552,-0.0029101335691825714,down
2026-07-04 00:00:00,1.1341333307169985,0.004582437057643274,up
2026-07-04 01:00:00,1.1405861613495447,0.006452830632546203,up
2026-07-04 02:00:00,1.1325756056342648,-0.008010555715279866,down
2026-07-04 03:00:00,1.1348019436088899,0.0022263379746250145,up
2026-07-04 04:00:00,1.1369614074144934,0.002159463805603501,up
2026-07-04 05:00:00,1.1468187250724555,0.009857317657962161,up
2026-07-04 06:00:00,1.1383623171338273,-0.00845640793862823,down
2026-07-04 07:00:00,1.1371330451332304,-0.0012292720005968594,down
2026-07-04 08:00:00,1.1388676565782438,0.001734611445013412,up
2026-07-04 09:00:00,1.1410578698188285,0.0021902132405846597,up
2026-07-04 10:00:00,1.1362540431191863,-0.0048038266996421886,down
2026-07-04 11:00:00,1.1411617818857167,0.0049077387665303895,up
2026-07-04 12:00:00,1.1397671191682508,-0.001394662717465911,down
2026-07-04 13:00:00,1.1469183592690677,0.0071512401008169135,up
2026-07-04 14:00:00,1.1524331707804845,0.005514811511416751,up
2026-07-04 15:00:00,1.1724815555961905,0.020048384815706033,up
2026-07-04 16:00:00,1.1714783722137383,-0.0010031833824521996,down
2026-07-04 17:00:00,1.1731945971492246,0.001716224935486288,up
2026-07-04 18:00:00,1.1804548977248124,0.007260300575587797,up
2026-07-04 19:00:00,1.1746251509298788,-0.005829746794933532,down
2026-07-04 20:00:00,1.167703323094945,-0.006921827834933891,down
2026-07-04 21:00:00,1.1617509018001315,-0.005952421294813437,down
2026-07-04 22:00:00,1.1661920738926947,0.004441172092563228,up
2026-07-04 23:00:00,1.1610839484812885,-0.005108125411406261,down
2026-07-05 00:00:00,1.15642721313132,-0.004656735349968466,down
2026-07-05 01:00:00,1.148493550203639,-0.00793366292768094,down
2026-07-05 02:00:00,1.1442756288906721,-0.0042179213129669435,down
2026-07-05 03:00:00,1.136199842215065,-0.008075786675607155,down
2026-07-05 04:00:00,1.1371982104535363,0.0009983682384713255,up
2026-07-05 05:00:00,1.1373823897327433,0.0001841792792069974,up
2026-07-05 06:00:00,1.1356114767134209,-0.0017709130193224176,down
2026-07-05 07:00:00,1.1374949706344202,0.0018834939209992907,up
2026-07-05 08:00:00,1.139558925864178,0.0020639552297578856,up
2026-07-05 09:00:00,1.138145135310346,-0.0014137905538320616,down
2026-07-05 10:00:00,1.1272340502664466,-0.010911085043899371,down
2026-07-05 11:00:00,1.128442561211564,0.0012085109451174247,up
2026-07-05 12:00:00,1.1313868394642268,0.0029442782526627465,up
2026-07-05 13:00:00,1.1350110122479249,0.0036241727836980875,up
2026-07-05 14:00:00,1.1346577998909573,-0.00035321235696761377,down
2026-07-05 15:00:00,1.1358941013321016,0.001236301441144283,up
2026-07-05 16:00:00,1.1362997632427265,0.0004056619106249659,up
2026-07-05 17:00:00,1.1339803874966552,-0.0023193757460713282,down
2026-07-05 18:00:00,1.1342035630205363,0.00022317552388106954,up
2026-07-05 19:00:00,1.1355807555934,0.001377192572863839,up
2026-07-05 20:00:00,1.134571100044086,-0.0010096555493142034,down
2026-07-05 21:00:00,1.1364800992846986,0.0019089992406127188,up
2026-07-05 22:00:00,1.1440546170598267,0.007574517775128076,up
2026-07-05 23:00:00,1.1565707239566863,0.012516106896859558,up
2026-07-06 00:00:00,1.1564208702117225,-0.00014985374496379045,down
2026-07-06 01:00:00,1.155121419037383,-0.0012994511743393833,down
2026-07-06 02:00:00,1.1516772361500662,-0.003444182887316849,down
2026-07-06 03:00:00,1.1479708171108671,-0.0037064190391991048,down
2026-07-06 04:00:00,1.145985520324539,-0.0019852967863280835,down
2026-07-06 05:00:00,1.1449795024917881,-0.001006017832750894,down
2026-07-06 06:00:00,1.1402841991884953,-0.004695303303292819,down
2026-07-06 07:00:00,1.1369741235819348,-0.003310075606560492,down
2026-07-06 08:00:00,1.1451897876738746,0.008215664091939745,up
2026-07-06 09:00:00,1.1412922452737728,-0.003897542400101761,down
2026-07-06 10:00:00,1.135258984409392,-0.006033260864380718,down
2026-07-06 11:00:00,1.1413116740701919,0.006052689660799748,up
2026-07-06 12:00:00,1.1349996597485814,-0.006312014321610437,down
2026-07-06 13:00:00,1.1146648869602531,-0.020334772788328292,down
2026-07-06 14:00:00,1.1154302108716756,0.0007653239114224775,up
2026-07-06 15:00:00,1.1223507041382976,0.00692049326662203,up
2026-07-06 16:00:00,1.143857273912942,0.02150656977464438,up
2026-07-06 17:00:00,1.152565210658055,0.008707936745113054,up
2026-07-06 18:00:00,1.1457286317897846,-0.006836578868270493,down
2026-07-06 19:00:00,1.147478436125635,0.001749804335850369,up
2026-07-06 20:00:00,1.1477043952243575,0.00022595909872258346,up
2026-07-06 21:00:00,1.1436523479645073,-0.0040520472598502,down
2026-07-06 22:00:00,1.152798780568884,0.009146432604376642,up
2026-07-06 23:00:00,1.146880657220518,-0.005918123348366056,down
2026-07-07 00:00:00,1.1441118072110117,-0.0027688500095062185,down
2026-07-07 01:00:00,1.147783407281732,0.0036716000707202046,up
2026-07-07 02:00:00,1.140364814356894,-0.007418592924837819,down
2026-07-07 03:00:00,1.1299684226680624,-0.010396391688831663,down
2026-07-07 04:00:00,1.1284007200248969,-0.001567702643165525,down
2026-07-07 05:00:00,1.1246039748313355,-0.003796745193561435,down
2026-07-07 06:00:00,1.1267058469674536,0.0021018721361181214,up
2026-07-07 07:00:00,1.1313265004793849,0.004620653511931305,up
2026-07-07 08:00:00,1.125995102258167,-0.005331398221217976,down
2026-07-07 09:00:00,1.1239136082180814,-0.0020814940400855075,down
2026-07-07 10:00:00,1.1261498276580393,0.002236219439957887,up
2026-07-07 11:00:00,1.122819960228011,-0.003329867430028388,down
2026-07-07 12:00:00,1.124253540659527,0.0014335804315162015,up
2026-07-07 13:00:00,1.1257670722076898,0.0015135315481626943,up
2026-07-07 14:00:00,1.1193854393770142,-0.00638163283067561,down
2026-07-07 15:00:00,1.1240885211632903,0.004703081786276098,up
2026-07-07 16:00:00,1.1296731538932532,0.005584632729962902,up
2026-07-07 17:00:00,1.1285301441523858,-0.00114300974086734,down
2026-07-07 18:00:00,1.131450125354016,0.002919981201630062,up
2026-07-07 19:00:00,1.1187620070803224,-0.012688118273693538,down
2026-07-07 20:00:00,1.121726306315562,0.0029642992352396647,up
2026-07-07 21:00:00,1.1180890682465332,-0.0036372380690288253,down
2026-07-07 22:00:00,1.1125635906135092,-0.005525477633024023,down
2026-07-07 23:00:00,1.1146563238542542,0.002092733240744993,up
2026-07-08 00:00:00,1.1120051240230528,-0.002651199831201323,down
2026-07-08 01:00:00,1.1132819095149658,0.0012767854919129018,up
2026-07-08 02:00:00,1.0982501979339587,-0.015031711581007023,down
2026-07-08 03:00:00,1.09977338514801,0.0015231872140513136,up
2026-07-08 04:00:00,1.094534006051578,-0.0052393790964320175,down
2026-07-08 05:00:00,1.0940196806155655,-0.000514325436012486,down
2026-07-08 06:00:00,1.0904777912387202,-0.0035418893768452975,down
2026-07-08 07:00:00,1.0904526371799084,-2.5154058811871494e-05,down
2026-07-08 08:00:00,1.0928360922351348,0.0023834550552264133,up
2026-07-08 09:00:00,1.0790738105027442,-0.01376228173239058,down
2026-07-08 10:00:00,1.078353283009081,-0.0007205274936632478,down
2026-07-08 11:00:00,1.0824147356796099,0.004061452670528931,up
2026-07-08 12:00:00,1.0857386593905143,0.0033239237109043973,up
2026-07-08 13:00:00,1.081210725407361,-0.0045279339831532095,down
2026-07-08 14:00:00,1.0804952411737843,-0.000715484233576813,down
2026-07-08 15:00:00,1.0771173665572382,-0.0033778746165460394,down
2026-07-08 16:00:00,1.0728902517271117,-0.004227114830126499,down
2026-07-08 17:00:00,1.0832395154955017,0.01034926376838996,up
2026-07-08 18:00:00,1.085539821882323,0.002300306386821216,up
2026-07-08 19:00:00,1.0870149446895845,0.0014751228072615863,up
2026-07-08 20:00:00,1.0898963126037688,0.002881367914184363,up
2026-07-08 21:00:00,1.0882750796520215,-0.00162123295174732,down
2026-07-08 22:00:00,1.0903168831419527,0.0020418034899312154,up
2026-07-08 23:00:00,1.0921566214702283,0.001839738328275553,up
2026-07-09 00:00:00,1.0901740623941096,-0.0019825590761186618,down
2026-07-09 01:00:00,1.0872176573966261,-0.0029564049974835083,down
2026-07-09 02:00:00,1.0828099462946177,-0.004407711102008438,down
2026-07-09 03:00:00,1.0838205542262793,0.0010106079316616334,up
2026-07-09 04:00:00,1.0870796397284723,0.0032590855021930043,up
2026-07-09 05:00:00,1.0935275081489453,0.0064478684204729575,up
2026-07-09 06:00:00,1.0985093656613767,0.004981857512431409,up
2026-07-09 07:00:00,1.0992076196423857,0.0006982539810089783,up
2026-07-09 08:00:00,1.0970782536215768,-0.0021293660208088205,down
2026-07-09 09:00:00,1.0947550246070101,-0.002323229014566719,down
2026-07-09 10:00:00,1.09215533170445,-0.0025996929025602356,down
2026-07-09 11:00:00,1.0912271546556527,-0.0009281770487972185,down
2026-07-09 12:00:00,1.09266335472066,0.0014362000650072204,up
2026-07-09 13:00:00,1.0931247494080534,0.00046139468739347933,up
2026-07-09 14:00:00,1.098260218983666,0.005135469575612728,up
2026-07-09 15:00:00,1.0931126663114823,-0.005147552672183808,down
2026-07-09 16:00:00,1.0894037627007456,-0.0037089036107367246,down
2026-07-09 17:00:00,1.0880277915177028,-0.001375971183042779,down
2026-07-09 18:00:00,1.0957559908262464,0.007728199308543626,up
2026-07-09 19:00:00,1.0939001573101823,-0.0018558335160641093,down
2026-07-09 20:00:00,1.0965692098762092,0.002669052566026897,up
2026-07-09 21:00:00,1.0967719429227685,0.00020273304655926694,up
2026-07-09 22:00:00,1.0971166933739396,0.00034475045117110525,up
2026-07-09 23:00:00,1.095487019475676,-0.0016296738982635173,down
2026-07-10 00:00:00,1.0927141951064325,-0.0027728243692435317,down
2026-07-10 01:00:00,1.0913844459801707,-0.0013297491262618255,down
2026-07-10 02:00:00,1.1043002866952698,0.012915840715099103,up
2026-07-10 03:00:00,1.1069647840551478,0.0026644973598779487,up
2026-07-10 04:00:00,1.1060413901607098,-0.0009233938944379627,down
2026-07-10 05:00:00,1.1088365351124805,0.0027951449517706894,up
2026-07-10 06:00:00,1.1089607798185552,0.0001242447060747498,up
2026-07-10 07:00:00,1.1048873707942377,-0.00407340902431752,down
2026-07-10 08:00:00,1.1049514987902724,6.412799603472408e-05,up
2026-07-10 09:00:00,1.1114610602496315,0.006509561459359103,up
2026-07-10 10:00:00,1.114958569922258,0.0034975096726264088,up
2026-07-10 11:00:00,1.1134420026419551,-0.0015165672803028052,down
2026-07-10 12:00:00,1.1116478403245558,-0.0017941623173993726,down
2026-07-10 13:00:00,1.106836585697192,-0.004811254627363759,down
2026-07-10 14:00:00,1.1097917302790012,0.0029551445818092326,up
2026-07-10 15:00:00,1.100559883131187,-0.009231847147814332,down
2026-07-10 16:00:00,1.10242572771385,0.0018658445826631453,up
2026-07-10 17:00:00,1.1044171666883014,0.0019914389744513095,up
2026-07-10 18:00:00,1.1003758052666723,-0.0040413614216290306,down
2026-07-10 19:00:00,1.0986738387850017,-0.001701966481670647,down
2026-07-10 20:00:00,1.1044864156828114,0.005812576897809674,up
2026-07-10 21:00:00,1.103275784371723,-0.0012106313110884503,down
2026-07-10 22:00:00,1.1040192437087322,0.0007434593370092557,up
2026-07-10 23:00:00,1.1049427306852848,0.0009234869765526454,up
2026-07-11 00:00:00,1.104005366846566,-0.0009373638387188965,down
2026-07-11 01:00:00,1.1047276482690018,0.0007222814224359109,up
2026-07-11 02:00:00,1.1025479081590974,-0.0021797401099044045,down
2026-07-11 03:00:00,1.105846464408563,0.003298556249465623,up
2026-07-11 04:00:00,1.1072305113828176,0.001384046974254538,up
2026-07-11 05:00:00,1.1038087530028167,-0.0034217583800009166,down
2026-07-11 06:00:00,1.1056502120289247,0.0018414590261079944,up
2026-07-11 07:00:00,1.1067700538628094,0.0011198418338846938,up
2026-07-11 08:00:00,1.1070877501679262,0.00031769630511679914,up
2026-07-11 09:00:00,1.1078441114372302,0.0007563612693040067,up
2026-07-11 10:00:00,1.1057457742627184,-0.0020983371745117996,down
2026-07-11 11:00:00,1.1081007828964171,0.002355008633698752,up
2026-07-11 12:00:00,1.10775746188371,-0.00034332101270706517,down
2026-07-11 13:00:00,1.1081885175469828,0.00043105566327272804,up
2026-07-11 14:00:00,1.1082015606487403,1.3043101757537201e-05,up
2026-07-11 15:00:00,1.1133980846533222,0.005196524004581926,up
2026-07-11 16:00:00,1.1127599993155641,-0.0006380853377581097,down
2026-07-11 17:00:00,1.112012414047784,-0.000747585267780071,down
2026-07-11 18:00:00,1.1142263757237563,0.002213961675972209,up
2026-07-11 19:00:00,1.1165569309037413,0.002330555179985039,up
2026-07-11 20:00:00,1.114930175094105,-0.0016267558096363377,down
2026-07-11 21:00:00,1.1140524927410949,-0.0008776823530101119,down
2026-07-11 22:00:00,1.114414405607128,0.00036191286603304285,up
2026-07-11 23:00:00,1.1086629890322304,-0.005751416574897528,down
2026-07-12 00:00:00,1.096197339470673,-0.01246564956155738,down
2026-07-12 01:00:00,1.0925291365477219,-0.0036682029229511137,down
2026-07-12 02:00:00,1.0982626129008302,0.00573347635310828,up
2026-07-12 03:00:00,1.0955939786884534,-0.0026686342123767304,down
2026-07-12 04:00:00,1.0990460678516571,0.00345208916320372,up
2026-07-12 05:00:00,1.0948174934840662,-0.004228574367590943,down
2026-07-12 06:00:00,1.0938863717796596,-0.0009311217044065678,down
2026-07-12 07:00:00,1.0910217785838763,-0.0028645931957833604,down
2026-07-12 08:00:00,1.0906690904010479,-0.00035268818282840897,down
2026-07-12 09:00:00,1.0931293513811562,0.0024602609801083197,up
2026-07-12 10:00:00,1.0941857593446347,0.0010564079634785006,up
2026-07-12 11:00:00,1.0940500518930334,-0.00013570745160129682,down
2026-07-12 12:00:00,1.0958478358949648,0.001797784001931424,up
2026-07-12 13:00:00,1.0984059432212847,0.0025581073263198917,up
2026-07-12 14:00:00,1.097617726641088,-0.0007882165801966767,down
2026-07-12 15:00:00,1.1011545080798975,0.003536781438809422,up
2026-07-12 16:00:00,1.1014877656801054,0.00033325760020797013,up
2026-07-12 17:00:00,1.1011779858112924,-0.00030977986881297603,down
2026-07-12 18:00:00,1.0979527768952113,-0.003225208916081135,down
2026-07-12 19:00:00,1.100240549890925,0.0022877729957135884,up
2026-07-12 20:00:00,1.099869502142779,-0.00037104774814600283,down
2026-07-12 21:00:00,1.098617742233719,-0.0012517599090597908,down
2026-07-12 22:00:00,1.0916024303167,-0.007015311917019096,down
2026-07-12 23:00:00,1.0858863968507078,-0.005716033465992254,down
2026-07-13 00:00:00,1.0854933916295033,-0.0003930052212044455,down
2026-07-13 01:00:00,1.0916513345275634,0.006157942898060043,up
2026-07-13 02:00:00,1.0805975052670147,-0.011053829260548653,down
2026-07-13 03:00:00,1.0792000284379115,-0.0013974768291031836,down
2026-07-13 04:00:00,1.071411905197535,-0.007788123240376477,down
2026-07-13 05:00:00,1.0721103769495541,0.000698471752019092,up
2026-07-13 06:00:00,1.0757553925434593,0.0036450155939051765,up
2026-07-13 07:00:00,1.0773094400059529,0.0015540474624935463,up
2026-07-13 08:00:00,1.078996089727255,0.0016866497213021692,up
2026-07-13 09:00:00,1.0791168264400874,0.00012073671283241438,up
2026-07-13 10:00:00,1.0779507601667941,-0.001166066273293298,down
2026-07-13 11:00:00,1.0769315535785322,-0.0010192065882619339,down
2026-07-13 12:00:00,1.0768087047532195,-0.00012284882531266028,down
2026-07-13 13:00:00,1.0729329548848698,-0.0038757498683497094,down
2026-07-13 14:00:00,1.0682021161009796,-0.0047308387838902455,down
2026-07-13 15:00:00,1.077032443621157,0.008830327520177317,up
2026-07-13 16:00:00,1.0719182792799107,-0.00511416434124623,down
2026-07-13 17:00:00,1.0677103038183433,-0.00420797546156737,down
2026-07-13 18:00:00,1.0583200152298486,-0.009390288588494666,down
2026-07-13 19:00:00,1.060447841977335,0.002127826747486461,up
2026-07-13 20:00:00,1.0669648773981502,0.006517035420815054,up
2026-07-13 21:00:00,1.0615856323935233,-0.005379245004626831,down
2026-07-13 22:00:00,1.0587623454092838,-0.0028232869842395036,down
2026-07-13 23:00:00,1.0577514817609184,-0.0010108636483654454,down
2026-07-14 00:00:00,1.0664910722139291,0.00873959045301076,up
2026-07-14 01:00:00,1.0683196188315933,0.001828546617664184,up
2026-07-14 02:00:00,1.0642715412783126,-0.004048077553280738,down
2026-07-14 03:00:00,1.0650243415131295,0.0007528002348169416,up
2026-07-14 04:00:00,1.06513689785307,0.00011255633994045056,up
2026-07-14 05:00:00,1.0671331173210845,0.0019962194680145373,up
2026-07-14 06:00:00,1.0704442225412139,0.00331110522012934,up
2026-07-14 07:00:00,1.0685955615200746,-0.0018486610211392307,down
2026-07-14 08:00:00,1.067846596804276,-0.0007489647157985502,down
2026-07-14 09:00:00,1.066598151321695,-0.001248445482580962,down
2026-07-14 10:00:00,1.0673869768462458,0.0007888255245507292,up
2026-07-14 11:00:00,1.0700926465966212,0.002705669750375339,up
2026-07-14 12:00:00,1.0715230254377581,0.0014303788411369478,up
2026-07-14 13:00:00,1.0882714300293088,0.016748404591550692,up
2026-07-14 14:00:00,1.0983110604152524,0.010039630385943576,up
2026-07-14 15:00:00,1.102070400734168,0.0037593403189155605,up
2026-07-14 16:00:00,1.1041603284921389,0.0020899277579708997,up
2026-07-14 17:00:00,1.104233107681343,7.277918920411963e-05,up
2026-07-14 18:00:00,1.1038645558341844,-0.00036855184715856026,down
2026-07-14 19:00:00,1.1114228218660507,0.0075582660318662676,up
2026-07-14 20:00:00,1.1146616055742073,0.0032387837081566673,up
2026-07-14 21:00:00,1.1097050799159485,-0.004956525658258881,down
2026-07-14 22:00:00,1.1075192719471048,-0.0021858079688437115,down
2026-07-14 23:00:00,1.109573087951113,0.0020538160040082243,up
2026-07-15 00:00:00,1.111116761569743,0.0015436736186300593,up
2026-07-15 01:00:00,1.1075419268560254,-0.0035748347137176673,down
2026-07-15 02:00:00,1.1025316143496418,-0.0050103125063836185,down
2026-07-15 03:00:00,1.0989169047740601,-0.0036147095755816316,down
2026-07-15 04:00:00,1.1038573574007386,0.0049404526266785265,up
2026-07-15 05:00:00,1.1027536231326556,-0.0011037342680830786,down
2026-07-15 06:00:00,1.1060104396243957,0.0032568164917401443,up
2026-07-15 07:00:00,1.1066102530686683,0.0005998134442726233,up
2026-07-15 08:00:00,1.1034698678733852,-0.0031403851952831463,down
2026-07-15 09:00:00,1.1071653664469188,0.0036954985735335732,up
2026-07-15 10:00:00,1.107898423831102,0.0007330573841832777,up
2026-07-15 11:00:00,1.1075941748742038,-0.0003042489568982898,down
2026-07-15 12:00:00,1.1075954733390936,1.298464889831763e-06,up
2026-07-15 13:00:00,1.1200338102052307,0.012438336866137156,up
2026-07-15 14:00:00,1.1213534899234006,0.0013196797181698194,up
2026-07-15 15:00:00,1.124509730080959,0.003156240157558443,up
2026-07-15 16:00:00,1.1256776828489652,0.0011679527680061863,up
2026-07-15 17:00:00,1.1131806556821522,-0.012497027166813002,down
2026-07-15 18:00:00,1.1177164952007483,0.004535839518596152,up
2026-07-15 19:00:00,1.1114508641192025,-0.006265631081545875,down
2026-07-15 20:00:00,1.109294937153432,-0.002155926965770494,down
2026-07-15 21:00:00,1.11092148892529,0.001626551771858109,up
2026-07-15 22:00:00,1.1148880939426649,0.00396660501737478,up
2026-07-15 23:00:00,1.11551628865611,0.0006281947134452182,up
2026-07-16 00:00:00,1.1127284157422908,-0.0027878729138193226,down
2026-07-16 01:00:00,1.110015139985558,-0.002713275756732747,down
2026-07-16 02:00:00,1.1132944237920814,0.0032792838065234253,up
2026-07-16 03:00:00,1.116344217643939,0.003049793851857663,up
2026-07-16 04:00:00,1.1120577318361327,-0.004286485807806439,down
2026-07-16 05:00:00,1.1127234389042473,0.0006657070681146404,up
2026-07-16 06:00:00,1.1154662113956086,0.002742772491361345,up
2026-07-16 07:00:00,1.1137166773168798,-0.0017495340787287983,down
2026-07-16 08:00:00,1.105384835537367,-0.00833184177951285,down
2026-07-16 09:00:00,1.1060884705930696,0.0007036350557025894,up
2026-07-16 10:00:00,1.104502704701144,-0.0015857658919256057,down
2026-07-16 11:00:00,1.1077076840508386,0.003204979349694659,up
2026-07-16 12:00:00,1.1076805775142906,-2.7106536548027194e-05,down
2026-07-16 13:00:00,1.101193595247242,-0.00648698226704858,down
2026-07-16 14:00:00,1.1094056479269814,0.008212052679739346,up
2026-07-16 15:00:00,1.1108013253653934,0.0013956774384120685,up
2026-07-16 16:00:00,1.114149032699393,0.0033477073339995833,up
2026-07-16 17:00:00,1.1086158984451977,-0.0055331342541953266,down
2026-07-16 18:00:00,1.09345442719553,-0.015161471249667713,down
2026-07-16 19:00:00,1.0927492812056752,-0.0007051459898548273,down
2026-07-16 20:00:00,1.096769464594452,0.0040201833887767435,up
2026-07-16 21:00:00,1.0969354231591453,0.00016595856469336923,up
2026-07-16 22:00:00,1.0974090482927703,0.000473625133625033,up
2026-07-16 23:00:00,1.0896314731804086,-0.0077775751123616566,down
2026-07-17 00:00:00,1.0863798740753594,-0.003251599105049241,down
2026-07-17 01:00:00,1.0909369777565452,0.004557103681185781,up
2026-07-17 02:00:00,1.0870535658505356,-0.003883411906009604,down
2026-07-17 03:00:00,1.0874662194622184,0.0004126536116828561,up
2026-07-17 04:00:00,1.0916031989473791,0.0041369794851606745,up
2026-07-17 05:00:00,1.0897172352324105,-0.0018859637149686304,down
2026-07-17 06:00:00,1.0796532163598695,-0.010064018872540936,down
2026-07-17 07:00:00,1.0860298325332198,0.00637661617335028,up
2026-07-17 08:00:00,1.0829873160799608,-0.0030425164532590365,down
2026-07-17 09:00:00,1.0840806796346478,0.0010933635546870324,up
2026-07-17 10:00:00,1.0844867205992834,0.00040604096463559003,up
2026-07-17 11:00:00,1.085862478476676,0.001375757877392525,up
2026-07-17 12:00:00,1.083919993423619,-0.0019424850530569415,down
2026-07-17 13:00:00,1.0775557576203088,-0.0063642358033102475,down
2026-07-17 14:00:00,1.0795744072060087,0.002018649585699972,up
2026-07-17 15:00:00,1.0818219955759691,0.0022475883699604182,up
2026-07-17 16:00:00,1.0824851324854128,0.0006631369094436401,up
2026-07-17 17:00:00,1.086192631940269,0.0037074994548562668,up
2026-07-17 18:00:00,1.0911383437683844,0.004945711828115318,up
2026-07-17 19:00:00,1.091751312237146,0.0006129684687616876,up
2026-07-17 20:00:00,1.0901866819222186,-0.0015646303149274843,down
2026-07-17 21:00:00,1.0881361241296896,-0.0020505577925289398,down
2026-07-17 22:00:00,1.0881177344680075,-1.838966168210554e-05,down
2026-07-17 23:00:00,1.0878973278016228,-0.000220406666384676,down
2026-07-18 00:00:00,1.0885135568085882,0.0006162290069653409,up
2026-07-18 01:00:00,1.0877911248937735,-0.0007224319148146918,down
2026-07-18 02:00:00,1.0880622076916664,0.00027108279789289647,up
2026-07-18 03:00:00,1.0896146914970444,0.00155248380537798,up
2026-07-18 04:00:00,1.089553076294092,-6.161520295244749e-05,down
2026-07-18 05:00:00,1.0874335010043912,-0.002119575289700748,down
2026-07-18 06:00:00,1.0873389328432796,-9.45681611115301e-05,down
2026-07-18 07:00:00,1.0886797667626151,0.0013408339193354823,up
2026-07-18 08:00:00,1.0884426839521892,-0.00023708281042589263,down
2026-07-18 09:00:00,1.0887225459420167,0.0002798619898274346,up
2026-07-18 10:00:00,1.0855943672079564,-0.0031281787340602385,down
2026-07-18 11:00:00,1.086455753697087,0.0008613864891304779,up
2026-07-18 12:00:00,1.0881389863849835,0.0016832326878966075,up
2026-07-18 13:00:00,1.0887198675015788,0.0005808811165952665,up
2026-07-18 14:00:00,1.085363705174515,-0.0033561623270637053,down
2026-07-18 15:00:00,1.0881241992161932,0.0027604940416781076,up
2026-07-18 16:00:00,1.086340946056856,-0.0017832531593371392,down
2026-07-18 17:00:00,1.0891504709822424,0.002809524925386331,up
2026-07-18 18:00:00,1.0928724603342619,0.0037219893520195058,up
2026-07-18 19:00:00,1.0902570732364976,-0.002615387097764321,down
2026-07-18 20:00:00,1.092959262700807,0.0027021894643093347,up
2026-07-18 21:00:00,1.0930008420254986,4.1579324691731756e-05,up
2026-07-18 22:00:00,1.0935158507699592,0.0005150087444605322,up
2026-07-18 23:00:00,1.0928380952356236,-0.0006777555343355779,down
2026-07-19 00:00:00,1.0922463620697758,-0.0005917331658478187,down
2026-07-19 01:00:00,1.0936672731471406,0.0014209110773648614,up
2026-07-19 02:00:00,1.093408711372022,-0.00025856177511873746,down
2026-07-19 03:00:00,1.0969821588000779,0.003573447428055987,up
2026-07-19 04:00:00,1.0943168593850134,-0.002665299415064437,down
2026-07-19 05:00:00,1.0959588634231285,0.0016420040381150969,up
2026-07-19 06:00:00,1.0959995386448038,4.067522167527926e-05,up
2026-07-19 07:00:00,1.095844979548184,-0.00015455909661987732,down
2026-07-19 08:00:00,1.094814364423322,-0.0010306151248620221,down
2026-07-19 09:00:00,1.097714374210265,0.0029000097869431585,up
2026-07-19 10:00:00,1.0948733277264362,-0.0028410464838288796,down
2026-07-19 11:00:00,1.0969663586754286,0.0020930309489923804,up
2026-07-19 12:00:00,1.0961534801678736,-0.0008128785075549594,down
2026-07-19 13:00:00,1.0949507547348842,-0.0012027254329893822,down
2026-07-19 14:00:00,1.0935299161830356,-0.0014208385518486022,down
2026-07-19 15:00:00,1.098083715565506,0.004553799382470469,up
2026-07-19 16:00:00,1.0971810718900752,-0.0009026436754309142,down
2026-07-19 17:00:00,1.0935436649779529,-0.003637406912122332,down
2026-07-19 18:00:00,1.0938211931263597,0.00027752814840686924,up
2026-07-19 19:00:00,1.091759935988312,-0.002061257138047834,down
2026-07-19 20:00:00,1.094201248022574,0.002441312034262122,up
2026-07-19 21:00:00,1.0963332194939106,0.002131971471336591,up
2026-07-19 22:00:00,1.0921955220985764,-0.0041376973953342056,down
2026-07-19 23:00:00,1.0965467181367128,0.0043511960381363846,up
2026-07-20 00:00:00,1.0968034898967796,0.00025677176006677627,up
2026-07-20 01:00:00,1.0956481045329378,-0.0011553853638417433,down
2026-07-20 02:00:00,1.095948111241024,0.0003000067080862756,up
2026-07-20 03:00:00,1.1006605087509262,0.004712397509902155,up
2026-07-20 04:00:00,1.0991932264821642,-0.0014672822687620268,down
2026-07-20 05:00:00,1.095249446458081,-0.003943780024083132,down
2026-07-20 06:00:00,1.0873366636228454,-0.007912782835235666,down
2026-07-20 07:00:00,1.0848019611334119,-0.002534702489433549,down
2026-07-20 08:00:00,1.0892650216618702,0.004463060528458351,up
2026-07-20 09:00:00,1.0873049286357919,-0.0019600930260783578,down
2026-07-20 10:00:00,1.0894487165162094,0.0021437878804175803,up
2026-07-20 11:00:00,1.0920356925141232,0.0025869759979137985,up
2026-07-20 12:00:00,1.1047294023713208,0.012693709857197533,up
2026-07-20 13:00:00,1.0992406208036134,-0.005488781567707379,down
2026-07-20 14:00:00,1.0901427070833059,-0.009097913720307549,down
2026-07-20 15:00:00,1.0923822090278934,0.002239501944587552,up
2026-07-20 16:00:00,1.1119682648476943,0.019586055819800885,up
2026-07-20 17:00:00,1.1131951367122983,0.0012268718646040178,up
2026-07-20 18:00:00,1.1144695799321527,0.001274443219854371,up
2026-07-20 19:00:00,1.1133839295977879,-0.0010856503343648072,down
2026-07-20 20:00:00,1.1159349007887642,0.002550971190976359,up
2026-07-20 21:00:00,1.1140768257068288,-0.001858075081935473,down
2026-07-20 22:00:00,1.1142151257788082,0.00013830007197945804,up
2026-07-20 23:00:00,1.109045905356679,-0.005169220422129195,down
2026-07-21 00:00:00,1.1112396193859457,0.0021937140292667134,up
2026-07-21 01:00:00,1.1156483529487542,0.0044087335628084645,up
2026-07-21 02:00:00,1.1132318951721671,-0.0024164577765870554,down
2026-07-21 03:00:00,1.1184316615547967,0.005199766382629534,up
2026-07-21 04:00:00,1.1238922821095891,0.005460620554792461,up
2026-07-21 05:00:00,1.1259811362734164,0.002088854163827314,up
2026-07-21 06:00:00,1.1305712088591113,0.004590072585694882,up
2026-07-21 07:00:00,1.133336286138491,0.0027650772793796907,up
2026-07-21 08:00:00,1.1353998516675496,0.0020635655290586197,up
2026-07-21 09:00:00,1.1325093280676828,-0.0028905235998668566,down
2026-07-21 10:00:00,1.1345013920855136,0.001992064017830808,up
2026-07-21 11:00:00,1.130591544027366,-0.003909848058147647,down
2026-07-21 12:00:00,1.1356502938018507,0.005058749774484728,up
2026-07-21 13:00:00,1.1408143982216197,0.005164104419769,up
2026-07-21 14:00:00,1.1398497319353953,-0.0009646662862243804,down
2026-07-21 15:00:00,1.148094029080802,0.008244297145406643,up
2026-07-21 16:00:00,1.154254277099411,0.006160248018609149,up
2026-07-21 17:00:00,1.150223777789015,-0.004030499310396118,down
2026-07-21 18:00:00,1.1568018781563196,0.006578100367304662,up
2026-07-21 19:00:00,1.1575724698259262,0.0007705916696065795,up
2026-07-21 20:00:00,1.1562820820444786,-0.0012903877814476328,down
2026-07-21 21:00:00,1.1478387464344681,-0.008443335610010427,down
2026-07-21 22:00:00,1.1462325467965033,-0.0016061996379648225,down
2026-07-21 23:00:00,1.1413700332322123,-0.0048625135642910156,down
2026-07-22 00:00:00,1.1424327821391576,0.0010627489069452434,up
2026-07-22 01:00:00,1.145279377784967,0.0028465956458094688,up
2026-07-22 02:00:00,1.1434789906626501,-0.0018003871223168932,down
2026-07-22 03:00:00,1.1406680266659077,-0.0028109639967424105,down
2026-07-22 04:00:00,1.1383647232313514,-0.002303303434556314,down
2026-07-22 05:00:00,1.1413848077118287,0.003020084480477303,up
2026-07-22 06:00:00,1.1329936417983062,-0.008391165913522514,down
2026-07-22 07:00:00,1.1314231220276887,-0.0015705197706175067,down
2026-07-22 08:00:00,1.1303166524085677,-0.0011064696191209755,down
2026-07-22 09:00:00,1.1341512954003792,0.0038346429918114655,up
2026-07-22 10:00:00,1.1343767641843567,0.000225468783977556,up
2026-07-22 11:00:00,1.1381895506096942,0.0038127864253374444,up
2026-07-22 12:00:00,1.1380641593974083,-0.00012539121228583028,down
2026-07-22 13:00:00,1.1358863934760333,-0.0021777659213750855,down
2026-07-22 14:00:00,1.1420719583190169,0.006185564842983604,up
2026-07-22 15:00:00,1.1414985195371121,-0.0005734387819047448,down
2026-07-22 16:00:00,1.1507316399743388,0.009233120437226683,up
2026-07-22 17:00:00,1.1528934565957347,0.002161816621395918,up
2026-07-22 18:00:00,1.1471208517893754,-0.005772604806359327,down
2026-07-22 19:00:00,1.1414270238499844,-0.005693827939390994,down
2026-07-22 20:00:00,1.137277332757429,-0.004149691092555363,down
2026-07-22 21:00:00,1.1376642863152855,0.0003869535578564509,up
2026-07-22 22:00:00,1.1417903471082271,0.004126060792941644,up
2026-07-22 23:00:00,1.1417902739855315,-7.312269567627538e-08,down
2026-07-23 00:00:00,1.141418837576549,-0.00037143640898240626,down
2026-07-23 01:00:00,1.1406355973310882,-0.0007832402454608367,down
2026-07-23 02:00:00,1.1390363330622633,-0.0015992642688249514,down
2026-07-23 03:00:00,1.1376855658336102,-0.001350767228653016,down
2026-07-23 04:00:00,1.1331151172363838,-0.00457044859722644,down
2026-07-23 05:00:00,1.1353615506273644,0.002246433390980629,up
2026-07-23 06:00:00,1.13389338469037,-0.0014681659369943922,down
2026-07-23 07:00:00,1.136061596894321,0.0021682122039510254,up
2026-07-23 08:00:00,1.1333226806720618,-0.002738916222259302,down
2026-07-23 09:00:00,1.1354885703729236,0.002165889700861845,up
2026-07-23 10:00:00,1.13253664654129,-0.0029519238316335628,down
2026-07-23 11:00:00,1.1343362041439646,0.001799557602674584,up
2026-07-23 12:00:00,1.1320504209752462,-0.002285783168718414,down
2026-07-23 13:00:00,1.1214905301362434,-0.010559890839002772,down
2026-07-23 14:00:00,1.1115361527543095,-0.009954377381933943,down
2026-07-23 15:00:00,1.109345685836708,-0.002190466917601608,down
2026-07-23 16:00:00,1.112251640506709,0.0029059546700012095,up
2026-07-23 17:00:00,1.108076977996514,-0.0041746625101950485,down
2026-07-23 18:00:00,1.1021864401246793,-0.0058905378718348,down
2026-07-23 19:00:00,1.1045949054503532,0.0024084653256739585,up
2026-07-23 20:00:00,1.10403517681383,-0.0005597286365233156,down
2026-07-23 21:00:00,1.1121059806285567,0.008070803814726801,up
2026-07-23 22:00:00,1.1088121106053568,-0.0032938700231999185,down
2026-07-23 23:00:00,1.1110781658955535,0.0022660552901967446,up
2026-07-24 00:00:00,1.106788595022158,-0.004289570873395432,down
2026-07-24 01:00:00,1.1068667437657957,7.814874363765156e-05,up
2026-07-24 02:00:00,1.1089474718839532,0.0020807281181574044,up
2026-07-24 03:00:00,1.106948493304291,-0.001998978579662136,down
2026-07-24 04:00:00,1.109540342640175,0.0025918493358840777,up
2026-07-24 05:00:00,1.1058162612839826,-0.00372408135619251,down
2026-07-24 06:00:00,1.1091407105634439,0.0033244492794612945,up
2026-07-24 07:00:00,1.1157194852742156,0.006578774710771729,up
2026-07-24 08:00:00,1.113045304905085,-0.0026741803691305854,down
2026-07-24 09:00:00,1.1113593407272064,-0.001685964177878585,down
2026-07-24 10:00:00,1.1077057275777922,-0.0036536131494142587,down
2026-07-24 11:00:00,1.1062967287935541,-0.001408998784238058,down
2026-07-24 12:00:00,1.1020054125493948,-0.004291316244159349,down
2026-07-24 13:00:00,1.0987493032365139,-0.003256109312880895,down
2026-07-24 14:00:00,1.0922597842842507,-0.006489518952263129,down
2026-07-24 15:00:00,1.0905405307663547,-0.0017192535178960355,down
2026-07-24 16:00:00,1.0896874613891814,-0.0008530693771733322,down
2026-07-24 17:00:00,1.0860143227704033,-0.003673138618778049,down
2026-07-24 18:00:00,1.087752373029541,0.0017380502591377578,up
2026-07-24 19:00:00,1.0864687174461636,-0.0012836555833775076,down
2026-07-24 20:00:00,1.0896113186310743,0.0031426011849107205,up
2026-07-24 21:00:00,1.090196855623242,0.000585536992167679,up
2026-07-24 22:00:00,1.0892581346457508,-0.0009387209774911476,down
2026-07-24 23:00:00,1.0919525129449792,0.0026943782992283616,up
2026-07-25 00:00:00,1.0914638894265796,-0.0004886235183996224,down
2026-07-25 01:00:00,1.0943023119006037,0.002838422474024105,up
2026-07-25 02:00:00,1.0919200376737337,-0.002382274226869985,down
2026-07-25 03:00:00,1.09218952228454,0.00026948461080622543,up
2026-07-25 04:00:00,1.091505435448252,-0.000684086836287845,down
2026-07-25 05:00:00,1.0930243744564985,0.0015189390082464005,up
2026-07-25 06:00:00,1.0911074530049614,-0.0019169214515371014,down
2026-07-25 07:00:00,1.0888206893618033,-0.002286763643158052,down
2026-07-25 08:00:00,1.0871567584505595,-0.0016639309112438383,down
2026-07-25 09:00:00,1.0861058417038463,-0.0010509167467132041,down
2026-07-25 10:00:00,1.0881644434301063,0.0020586017262600453,up
2026-07-25 11:00:00,1.0904875159232152,0.002323072493108924,up
2026-07-25 12:00:00,1.0895105071701638,-0.0009770087530514004,down
2026-07-25 13:00:00,1.091069621029795,0.001559113859631145,up
2026-07-25 14:00:00,1.0904483343866123,-0.000621286643182728,down
2026-07-25 15:00:00,1.0934260426848088,0.0029777082981965464,up
2026-07-25 16:00:00,1.0984442500830607,0.005018207398251873,up
2026-07-25 17:00:00,1.1028615388828056,0.004417288799744901,up
2026-07-25 18:00:00,1.1050564763833588,0.002194937500553218,up
2026-07-25 19:00:00,1.1026410357728036,-0.0024154406105552084,down
2026-07-25 20:00:00,1.0994616995999265,-0.003179336172877134,down
2026-07-25 21:00:00,1.097600119588214,-0.0018615800117125492,down
2026-07-25 22:00:00,1.0988524407067528,0.0012523211185389016,up
2026-07-25 23:00:00,1.0999884564635334,0.0011360157567805729,up
2026-07-26 00:00:00,1.0973442645114733,-0.0026441919520601154,down
2026-07-26 01:00:00,1.098949995664624,0.001605731153150769,up
2026-07-26 02:00:00,1.0996650679197053,0.0007150722550812727,up
2026-07-26 03:00:00,1.0996703149152078,5.246995502528051e-06,up
2026-07-26 04:00:00,1.1004150329030888,0.0007447179878810051,up
2026-07-26 05:00:00,1.1004787800776412,6.374717455237544e-05,up
2026-07-26 06:00:00,1.0985844985055346,-0.001894281572106582,down
2026-07-26 07:00:00,1.0996834455532636,0.0010989470477289487,up
2026-07-26 08:00:00,1.0981294743288355,-0.00155397122442813,down
2026-07-26 09:00:00,1.0991558140395064,0.0010263397106708982,up
2026-07-26 10:00:00,1.0991248160678444,-3.0997971661950174e-05,down
2026-07-26 11:00:00,1.10008805173963,0.0009632356717856894,up
2026-07-26 12:00:00,1.0999705277477554,-0.00011752399187470175,down
2026-07-26 13:00:00,1.0975464946310203,-0.0024240331167351137,down
2026-07-26 14:00:00,1.0973806645879562,-0.00016583004306403026,down
2026-07-26 15:00:00,1.0992498330862204,0.0018691684982641288,up
2026-07-26 16:00:00,1.1035376508849837,0.004287817798763305,up
2026-07-26 17:00:00,1.1017262723032084,-0.0018113785817752692,down
2026-07-26 18:00:00,1.1012094430157362,-0.0005168292874722091,down
2026-07-26 19:00:00,1.1016648207441049,0.00045537772836867774,up
2026-07-26 20:00:00,1.1016719750144877,7.154270382780936e-06,up
2026-07-26 21:00:00,1.1001840949604746,-0.0014878800540130133,down
2026-07-26 22:00:00,1.1087205675956024,0.0085364726351278,up
2026-07-26 23:00:00,1.1117478458901986,0.0030272782945961474,up
2026-07-27 00:00:00,1.1115911573113,-0.00015668857889861165,down
2026-07-27 01:00:00,1.1085902052586794,-0.0030009520526206312,down
2026-07-27 02:00:00,1.1069406914951356,-0.0016495137635437196,down
2026-07-27 03:00:00,1.1058667729134055,-0.0010739185817301156,down
2026-07-27 04:00:00,1.1067516278164387,0.0008848549030331387,up
2026-07-27 05:00:00,1.1063142574662341,-0.00043737035020452453,down
2026-07-27 06:00:00,1.1096348770391344,0.0033206195729003074,up
2026-07-27 07:00:00,1.109957892428896,0.00032301538976153843,up
2026-07-27 08:00:00,1.1067296990799909,-0.0032281933489051173,down
2026-07-27 09:00:00,1.103802476482411,-0.002927222597579826,down
2026-07-27 10:00:00,1.1073763428786563,0.00357386639624524,up
2026-07-27 11:00:00,1.1056286403373907,-0.00174770254126555,down
2026-07-27 12:00:00,1.105056748785458,-0.0005718915519328238,down
2026-07-27 13:00:00,1.1045671587696355,-0.0004895900158223832,down
2026-07-27 14:00:00,1.1069182967729148,0.0023511380032792406,up
2026-07-27 15:00:00,1.0884830422087988,-0.018435254564115988,down
2026-07-27 16:00:00,1.08542737952966,-0.0030556626791387043,down
2026-07-27 17:00:00,1.0912756068196887,0.005848227290028651,up
2026-07-27 18:00:00,1.0927797059338893,0.0015040991142005744,up
2026-07-27 19:00:00,1.0881567273762918,-0.0046229785575975235,down
2026-07-27 20:00:00,1.0915891512717935,0.0034324238955016906,up
2026-07-27 21:00:00,1.089320197729176,-0.002268953542617469,down
2026-07-27 22:00:00,1.0828353248456313,-0.006484872883544712,down
2026-07-27 23:00:00,1.0656712964456478,-0.017164028399983433,down
2026-07-28 00:00:00,1.0646593216696538,-0.0010119747759940179,down
2026-07-28 01:00:00,1.0582114804509772,-0.0064478412186765865,down
2026-07-28 02:00:00,1.0563271505361016,-0.0018843299148756376,down
2026-07-28 03:00:00,1.0561959895025856,-0.00013116103351595854,down
2026-07-28 04:00:00,1.0569234515092818,0.0007274620066961557,up
2026-07-28 05:00:00,1.0569351720512612,1.1720541979398647e-05,up
2026-07-28 06:00:00,1.0565412275373165,-0.00039394451394469954,down
2026-07-28 07:00:00,1.0589040955440707,0.0023628680067542263,up
2026-07-28 08:00:00,1.055202446580336,-0.003701648963734705,down
2026-07-28 09:00:00,1.0552254199907272,2.2973410391147198e-05,up
2026-07-28 10:00:00,1.0557202942154138,0.0004948742246866367,up
2026-07-28 11:00:00,1.0536636546772282,-0.0020566395381855784,down
2026-07-28 12:00:00,1.0479362535039756,-0.005727401173252655,down
2026-07-28 13:00:00,1.0533469727016556,0.005410719197679992,up
2026-07-28 14:00:00,1.0496214946267042,-0.0037254780749513827,down
2026-07-28 15:00:00,1.0532361792792024,0.0036146846524982568,up
2026-07-28 16:00:00,1.0641781920702686,0.010942012791066213,up
2026-07-28 17:00:00,1.062229412646361,-0.0019487794239076983,down
2026-07-28 18:00:00,1.0581912140463403,-0.004038198600020637,down
2026-07-28 19:00:00,1.0577316500395129,-0.0004595640068274509,down
2026-07-28 20:00:00,1.0598324175500984,0.0021007675105855217,up
2026-07-28 21:00:00,1.0643383932836807,0.004505975733582357,up
2026-07-28 22:00:00,1.0674963818875558,0.0031579886038750615,up
2026-07-28 23:00:00,1.0614800429157478,-0.006016338971807977,down
2026-07-29 00:00:00,1.069405546793824,0.007925503878076112,up
2026-07-29 01:00:00,1.0793120164550913,0.009906469661267403,up
2026-07-29 02:00:00,1.0707739377937873,-0.008538078661304072,down
2026-07-29 03:00:00,1.0767440032450302,0.005970065451242901,up
2026-07-29 04:00:00,1.0693443176303608,-0.007399685614669416,down
2026-07-29 05:00:00,1.0817932926407234,0.012448975010362684,up
2026-07-29 06:00:00,1.0855974647032571,0.003804172062533695,up
2026-07-29 07:00:00,1.0863404964449732,0.0007430317417160825,up
2026-07-29 08:00:00,1.0883292627439232,0.001988766298949951,up
2026-07-29 09:00:00,1.0873396224521044,-0.0009896402918188052,down
2026-07-29 10:00:00,1.0877011234849538,0.0003615010328494872,up
2026-07-29 11:00:00,1.0868585492026928,-0.0008425742822610882,down
2026-07-29 12:00:00,1.082512445527238,-0.004346103675454849,down
2026-07-29 13:00:00,1.0771224969236732,-0.005389948603564676,down
2026-07-29 14:00:00,1.074439376502424,-0.0026831204212491855,down
2026-07-29 15:00:00,1.0716714286436453,-0.002767947858778763,down
2026-07-29 16:00:00,1.0657827352741471,-0.005888693369498155,down
2026-07-29 17:00:00,1.0695852339736347,0.0038024986994875665,up
2026-07-29 18:00:00,1.0844668214094684,0.014881587435833676,up
2026-07-29 19:00:00,1.0874568497734036,0.0029900283639352487,up
2026-07-29 20:00:00,1.0657667232415573,-0.02169012653184632,down
2026-07-29 21:00:00,1.064342015204599,-0.0014247080369582665,down
2026-07-29 22:00:00,1.0736438573613296,0.009301842156730578,up
2026-07-29 23:00:00,1.0711638129127523,-0.002480044448577301,down
2026-07-30 00:00:00,1.0723732473739371,0.0012094344611848218,up
2026-07-30 01:00:00,1.0697347459797033,-0.0026385013942338276,down
2026-07-30 02:00:00,1.0770366406654488,0.007301894685745491,up
2026-07-30 03:00:00,1.0751449167792992,-0.0018917238861495544,down
2026-07-30 04:00:00,1.0744149877379436,-0.0007299290413556037,down
2026-07-30 05:00:00,1.0716889461791428,-0.0027260415588008513,down
2026-07-30 06:00:00,1.0750393096149695,0.003350363435826731,up
2026-07-30 07:00:00,1.073968482176185,-0.0010708274387845051,down
2026-07-30 08:00:00,1.0751760484325315,0.0012075662563464373,up
2026-07-30 09:00:00,1.0778702198495431,0.0026941714170116704,up
2026-07-30 10:00:00,1.0809705516911574,0.00310033184161429,up
2026-07-30 11:00:00,1.0775919165284817,-0.0033786351626756694,down
2026-07-30 12:00:00,1.0837135328039085,0.006121616275426733,up
2026-07-30 13:00:00,1.0820772760832482,-0.0016362567206602563,down
2026-07-30 14:00:00,1.0845119827728102,0.0024347066895620273,up
2026-07-30 15:00:00,1.0862537937987,0.0017418110258897723,up
2026-07-30 16:00:00,1.0915009221945535,0.005247128395853506,up
2026-07-30 17:00:00,1.0890879677640293,-0.00241295443052425,down
2026-07-30 18:00:00,1.0905852622647567,0.0014972945007274419,up
2026-07-30 19:00:00,1.0842641733133516,-0.006321088951405152,down
2026-07-30 20:00:00,1.0905751181482997,0.006310944834948096,up
2026-07-30 21:00:00,1.0855248460551348,-0.005050272093164887,down
2026-07-30 22:00:00,1.084151235818112,-0.0013736102370227599,down
2026-07-30 23:00:00,1.0848623747669133,0.0007111389488012598,up
2026-07-31 00:00:00,1.0831657813468447,-0.0016965934200685595,down
2026-07-31 01:00:00,1.0834921539797613,0.0003263726329165717,up
2026-07-31 02:00:00,1.0794543086634512,-0.004037845316310129,down
2026-07-31 03:00:00,1.0794321124777637,-2.219618568743975e-05,down
2026-07-31 04:00:00,1.0808994027497978,0.001467290272034072,up
2026-07-31 05:00:00,1.081890346336916,0.0009909435871182648,up
2026-07-31 06:00:00,1.0791813001916473,-0.0027090461452687897,down
2026-07-31 07:00:00,1.0780424052618418,-0.0011388949298054563,down
2026-07-31 08:00:00,1.0780376236406672,-4.781621174565487e-06,down
2026-07-31 09:00:00,1.0763730223400716,-0.0016646013005956473,down
2026-07-31 10:00:00,1.0702356513339373,-0.006137371006134318,down
2026-07-31 11:00:00,1.0737468811881377,0.0035112298542003817,up
2026-07-31 12:00:00,1.070493858813907,-0.0032530223742306408,down
2026-07-31 13:00:00,1.0717687982807695,0.0012749394668625236,up
2026-07-31 14:00:00,1.065219338286854,-0.006549459993915541,down
2026-07-31 15:00:00,1.0624169815547277,-0.0028023567321262544,down
2026-07-31 16:00:00,1.0598350098110894,-0.0025819717436383893,down
2026-07-31 17:00:00,1.0640134608620102,0.0041784510509208506,up
2026-07-31 18:00:00,1.0685248638994234,0.004511403037413153,up
2026-07-31 19:00:00,1.064058523445149,-0.004466340454274409,down
2026-07-31 20:00:00,1.0614948262788746,-0.002563697166274359,down
2026-07-31 21:00:00,1.0601115363333509,-0.0013832899455237246,down
2026-07-31 22:00:00,1.0593100500831478,-0.0008014862502030429,down
2026-07-31 23:00:00,1.0612774547364532,0.00196740465330536,up
2026-08-01 00:00:00,1.0624110638252442,0.00113360908879101,up
2026-08-01 01:00:00,1.063071776742942,0.0006607129176978699,up
2026-08-01 02:00:00,1.0642675369925207,0.0011957602495786812,up
2026-08-01 03:00:00,1.0647513032637126,0.00048376627119184334,up
2026-08-01 04:00:00,1.0650965433709245,0.00034524010721193044,up
2026-08-01 05:00:00,1.0652490496674603,0.0001525062965357371,up
2026-08-01 06:00:00,1.0630641482993222,-0.0021849013681380924,down
2026-08-01 07:00:00,1.0629693746890274,-9.477361029475162e-05,down
2026-08-01 08:00:00,1.060849738969575,-0.002119635719452395,down
2026-08-01 09:00:00,1.06134683847203,0.0004970995024549119,up
2026-08-01 10:00:00,1.0597914818478171,-0.0015553566242128003,down
2026-08-01 11:00:00,1.0615606513874285,0.0017691695396113705,up
2026-08-01 12:00:00,1.0633042452731951,0.0017435938857666144,up
2026-08-01 13:00:00,1.0635544540093456,0.0002502087361504479,up
2026-08-01 14:00:00,1.062940599262016,-0.0006138547473295564,down
2026-08-01 15:00:00,1.064653281391851,0.001712682129834997,up
2026-08-01 16:00:00,1.0622193019360622,-0.002433979455788826,down
2026-08-01 17:00:00,1.0599965360860166,-0.0022227658500455494,down
2026-08-01 18:00:00,1.0579132887398106,-0.0020832473462060186,down
2026-08-01 19:00:00,1.0528086940763386,-0.005104594663472017,down
2026-08-01 20:00:00,1.0514696094069444,-0.0013390846693941416,down
2026-08-01 21:00:00,1.0574988223494952,0.006029212942550766,up
2026-08-01 22:00:00,1.0592324658719001,0.001733643522404904,up
2026-08-01 23:00:00,1.060751812711852,0.0015193468399519183,up
2026-08-02 00:00:00,1.0608781098696511,0.00012629715779910455,up
2026-08-02 01:00:00,1.0621229800301166,0.0012448701604654833,up
2026-08-02 02:00:00,1.0658571033443136,0.00373412331419698,up
2026-08-02 03:00:00,1.0748936786124046,0.009036575268090985,up
2026-08-02 04:00:00,1.0776175801502175,0.0027239015378128784,up
2026-08-02 05:00:00,1.081604530384016,0.003986950233798581,up
2026-08-02 06:00:00,1.082203031704017,0.0005985013200009437,up
2026-08-02 07:00:00,1.081086535987877,-0.0011164957161400313,down
2026-08-02 08:00:00,1.0824872355007569,0.0014006995128799105,up
2026-08-02 09:00:00,1.0773083751507428,-0.005178860350014025,down
2026-08-02 10:00:00,1.0808139698334982,0.003505594682755353,up
2026-08-02 11:00:00,1.0798942493883965,-0.0009197204451016905,down
2026-08-02 12:00:00,1.0792205176895573,-0.0006737316988392195,down
2026-08-02 13:00:00,1.0766216297139817,-0.0025988879755756145,down
2026-08-02 14:00:00,1.0793831933504299,0.0027615636364481944,up
2026-08-02 15:00:00,1.0802802029837022,0.0008970096332723276,up
2026-08-02 16:00:00,1.0770997723063018,-0.00318043067740037,down
2026-08-02 17:00:00,1.0796141282999498,0.002514355993648021,up
2026-08-02 18:00:00,1.0814855801442598,0.0018714518443099237,up
2026-08-02 19:00:00,1.0801027472681268,-0.0013828328761329445,down
2026-08-02 20:00:00,1.0807435702778958,0.000640823009768976,up
2026-08-02 21:00:00,1.0805342616943847,-0.00020930858351109194,down
2026-08-02 22:00:00,1.087500675553056,0.006966413858671361,up
2026-08-02 23:00:00,1.084346583299262,-0.0031540922537940386,down
2026-08-03 00:00:00,1.0853659957000845,0.0010194124008224836,up
2026-08-03 01:00:00,1.0796152368274627,-0.005750758872621775,down
2026-08-03 02:00:00,1.0737411742713365,-0.005874062556126214,down
2026-08-03 03:00:00,1.0729450493554904,-0.0007961249158461303,down
2026-08-03 04:00:00,1.070569290905648,-0.002375758449842502,down
2026-08-03 05:00:00,1.069924435481054,-0.0006448554245939153,down
2026-08-03 06:00:00,1.071408145605921,0.0014837101248670326,up
2026-08-03 07:00:00,1.0670250357020965,-0.004383109903824511,down
2026-08-03 08:00:00,1.066921295834338,-0.0001037398677585788,down
2026-08-03 09:00:00,1.0660609246838386,-0.0008603711504993061,down
2026-08-03 10:00:00,1.0701434805835812,0.0040825558997426015,up
2026-08-03 11:00:00,1.068520315733636,-0.00162316484994518,down
2026-08-03 12:00:00,1.0639249161762379,-0.004595399557398183,down
2026-08-03 13:00:00,1.064989525649727,0.0010646094734891864,up
2026-08-03 14:00:00,1.0734778882778504,0.008488362628123358,up
2026-08-03 15:00:00,1.0799267687181746,0.006448880440324212,up
2026-08-03 16:00:00,1.0826222688454243,0.002695500127249728,up
2026-08-03 17:00:00,1.0801239928984288,-0.0024982759469955873,down
2026-08-03 18:00:00,1.080290963140419,0.00016697024199019417,up
2026-08-03 19:00:00,1.0809901739124146,0.0006992107719956397,up
2026-08-03 20:00:00,1.0783970693416767,-0.002593104570737914,down
2026-08-03 21:00:00,1.0827805100845194,0.0043834407428426925,up
2026-08-03 22:00:00,1.077969048550955,-0.004811461533564376,down
2026-08-03 23:00:00,1.0739351151617729,-0.0040339333891821205,down
2026-08-04 00:00:00,1.0745379473407068,0.0006028321789339763,up
2026-08-04 01:00:00,1.0706203450809344,-0.003917602259772446,down
2026-08-04 02:00:00,1.0767192448596736,0.006098899778739231,up
2026-08-04 03:00:00,1.0770370168034282,0.0003177719437545967,up
2026-08-04 04:00:00,1.0764586004993795,-0.0005784163040487567,down
2026-08-04 05:00:00,1.077452790060029,0.000994189560649561,up
2026-08-04 06:00:00,1.07456202965921,-0.002890760400819037,down
2026-08-04 07:00:00,1.0725052688376766,-0.0020567608215333877,down
2026-08-04 08:00:00,1.0781113203326227,0.005606051494946085,up
2026-08-04 09:00:00,1.0734386593293737,-0.0046726610032490346,down
2026-08-04 10:00:00,1.071778827484303,-0.0016598318450706806,down
2026-08-04 11:00:00,1.0740926069425203,0.0023137794582173132,up
2026-08-04 12:00:00,1.0765250092793595,0.002432402336839168,up
2026-08-04 13:00:00,1.0756406645349932,-0.0008843447443662722,down
2026-08-04 14:00:00,1.071056735169111,-0.0045839293658822555,down
2026-08-04 15:00:00,1.0757133020737928,0.004656566904681858,up
2026-08-04 16:00:00,1.0760222094255443,0.0003089073517514862,up
2026-08-04 17:00:00,1.0753246855400362,-0.0006975238855080335,down
2026-08-04 18:00:00,1.0734523743542552,-0.001872311185781017,down
2026-08-04 19:00:00,1.0759018754806957,0.00244950112644049,up
2026-08-04 20:00:00,1.0781766317434889,0.002274756262793165,up
2026-08-04 21:00:00,1.0771293898355194,-0.001047241907969454,down
2026-08-04 22:00:00,1.0739560028060555,-0.0031733870294639033,down
2026-08-04 23:00:00,1.0749352271186217,0.0009792243125661404,up
2026-08-05 00:00:00,1.072566817902427,-0.0023684092161946335,down
2026-08-05 01:00:00,1.0683732874116962,-0.00419353049073079,down
2026-08-05 02:00:00,1.073453044535995,0.005079757124298867,up
2026-08-05 03:00:00,1.072605500579993,-0.0008475439560020614,down
2026-08-05 04:00:00,1.0665516899114307,-0.006053810668562365,down
2026-08-05 05:00:00,1.0670647790428724,0.0005130891314417685,up
2026-08-05 06:00:00,1.0684972443990355,0.0014324653561630374,up
2026-08-05 07:00:00,1.0680031256234084,-0.0004941187756271059,down
2026-08-05 08:00:00,1.0664299104440906,-0.001573215179317744,down
2026-08-05 09:00:00,1.0644732106469348,-0.0019566997971558475,down
2026-08-05 10:00:00,1.0634246990888383,-0.0010485115580964877,down
2026-08-05 11:00:00,1.0613483386798743,-0.002076360408963973,down
2026-08-05 12:00:00,1.06041591522496,-0.0009324234549143995,down
2026-08-05 13:00:00,1.06296444741565,0.002548532190690178,up
2026-08-05 14:00:00,1.0603380031246032,-0.002626444291046859,down
2026-08-05 15:00:00,1.0650748801570211,0.004736877032417874,up
2026-08-05 16:00:00,1.0606567234026048,-0.004418156754416369,down
2026-08-05 17:00:00,1.0671450249309318,0.006488301528327023,up
2026-08-05 18:00:00,1.069135238926558,0.0019902139956262666,up
2026-08-05 19:00:00,1.0677774661358703,-0.0013577727906877168,down
2026-08-05 20:00:00,1.0684378768553664,0.000660410719496074,up
2026-08-05 21:00:00,1.067187777059269,-0.0012500997960973592,down
2026-08-05 22:00:00,1.0628487160575517,-0.004339061001717326,down
2026-08-05 23:00:00,1.0613350946434312,-0.0015136214141204807,down
2026-08-06 00:00:00,1.0612634403442796,-7.165429915167998e-05,down
2026-08-06 01:00:00,1.0619085335822473,0.0006450932379677976,up
2026-08-06 02:00:00,1.0533472598583538,-0.008561273723893592,down
2026-08-06 02:09:10,1.048951055572664,-0.004396204285689764,down
