event_ticker,yes_sub_title,open_time,close_time,expiration_value,floor_strike,result
KXBTC15M-26AUG130000,Target price: TBD,2026-08-12 23:45:00-04:00,2026-08-13 00:00:00-04:00,,,
KXBTC15M-26AUG122345,Target price: TBD,2026-08-12 23:30:00-04:00,2026-08-12 23:45:00-04:00,,,
KXBTC15M-26AUG122330,Target price: TBD,2026-08-12 23:15:00-04:00,2026-08-12 23:30:00-04:00,,,
KXBTC15M-26AUG122315,Target price: TBD,2026-08-12 23:00:00-04:00,2026-08-12 23:15:00-04:00,,,
KXBTC15M-26AUG122300,Target price: TBD,2026-08-12 22:45:00-04:00,2026-08-12 23:00:00-04:00,,,
KXBTC15M-26AUG122245,Target price: TBD,2026-08-12 22:30:00-04:00,2026-08-12 22:45:00-04:00,,,
KXBTC15M-26AUG122230,Target price: TBD,2026-08-12 22:15:00-04:00,2026-08-12 22:30:00-04:00,,,
KXBTC15M-26AUG122215,Target price: TBD,2026-08-12 22:00:00-04:00,2026-08-12 22:15:00-04:00,,,
KXBTC15M-26AUG122200,Target price: TBD,2026-08-12 21:45:00-04:00,2026-08-12 22:00:00-04:00,,,
KXBTC15M-26AUG122145,Target price: TBD,2026-08-12 21:30:00-04:00,2026-08-12 21:45:00-04:00,,,
KXBTC15M-26AUG122130,Target price: TBD,2026-08-12 21:15:00-04:00,2026-08-12 21:30:00-04:00,,,
KXBTC15M-26AUG122115,Target price: TBD,2026-08-12 21:00:00-04:00,2026-08-12 21:15:00-04:00,,,
KXBTC15M-26AUG122100,Target price: TBD,2026-08-12 20:45:00-04:00,2026-08-12 21:00:00-04:00,,,
KXBTC15M-26AUG122045,Target price: TBD,2026-08-12 20:30:00-04:00,2026-08-12 20:45:00-04:00,,,
KXBTC15M-26AUG122030,Target price: TBD,2026-08-12 20:15:00-04:00,2026-08-12 20:30:00-04:00,,,
KXBTC15M-26AUG122015,Target price: TBD,2026-08-12 20:00:00-04:00,2026-08-12 20:15:00-04:00,,,
KXBTC15M-26AUG122000,Target price: TBD,2026-08-12 19:45:00-04:00,2026-08-12 20:00:00-04:00,,,
KXBTC15M-26AUG121945,Target price: TBD,2026-08-12 19:30:00-04:00,2026-08-12 19:45:00-04:00,,,
KXBTC15M-26AUG121930,Target price: TBD,2026-08-12 19:15:00-04:00,2026-08-12 19:30:00-04:00,,,
KXBTC15M-26AUG121915,Target price: TBD,2026-08-12 19:00:00-04:00,2026-08-12 19:15:00-04:00,,,
KXBTC15M-26AUG121900,Target price: TBD,2026-08-12 18:45:00-04:00,2026-08-12 19:00:00-04:00,,,
KXBTC15M-26AUG121845,Target price: TBD,2026-08-12 18:30:00-04:00,2026-08-12 18:45:00-04:00,,,
KXBTC15M-26AUG121830,Target price: TBD,2026-08-12 18:15:00-04:00,2026-08-12 18:30:00-04:00,,,
KXBTC15M-26AUG121815,Target price: TBD,2026-08-12 18:00:00-04:00,2026-08-12 18:15:00-04:00,,,
KXBTC15M-26AUG121800,Target price: TBD,2026-08-12 17:45:00-04:00,2026-08-12 18:00:00-04:00,,,
KXBTC15M-26AUG121745,Target price: TBD,2026-08-12 17:30:00-04:00,2026-08-12 17:45:00-04:00,,,
KXBTC15M-26AUG121730,Target price: TBD,2026-08-12 17:15:00-04:00,2026-08-12 17:30:00-04:00,,,
KXBTC15M-26AUG121715,Target price: TBD,2026-08-12 17:00:00-04:00,2026-08-12 17:15:00-04:00,,,
KXBTC15M-26AUG121700,Target price: TBD,2026-08-12 16:45:00-04:00,2026-08-12 17:00:00-04:00,,,
KXBTC15M-26AUG121645,Target price: TBD,2026-08-12 16:30:00-04:00,2026-08-12 16:45:00-04:00,,,
KXBTC15M-26AUG121630,Target price: TBD,2026-08-12 16:15:00-04:00,2026-08-12 16:30:00-04:00,,,
KXBTC15M-26AUG121615,Target price: TBD,2026-08-12 16:00:00-04:00,2026-08-12 16:15:00-04:00,,,
KXBTC15M-26AUG121600,Target price: TBD,2026-08-12 15:45:00-04:00,2026-08-12 16:00:00-04:00,,,
KXBTC15M-26AUG121545,Target price: TBD,2026-08-12 15:30:00-04:00,2026-08-12 15:45:00-04:00,,,
KXBTC15M-26AUG121530,Target price: TBD,2026-08-12 15:15:00-04:00,2026-08-12 15:30:00-04:00,,,
KXBTC15M-26AUG121515,Target price: TBD,2026-08-12 15:00:00-04:00,2026-08-12 15:15:00-04:00,,,
KXBTC15M-26AUG121500,Target price: TBD,2026-08-12 14:45:00-04:00,2026-08-12 15:00:00-04:00,,,
KXBTC15M-26AUG121445,Target price: TBD,2026-08-12 14:30:00-04:00,2026-08-12 14:45:00-04:00,,,
KXBTC15M-26AUG121430,Target price: TBD,2026-08-12 14:15:00-04:00,2026-08-12 14:30:00-04:00,,,
KXBTC15M-26AUG121415,Target price: TBD,2026-08-12 14:00:00-04:00,2026-08-12 14:15:00-04:00,,,
KXBTC15M-26AUG121400,Target price: TBD,2026-08-12 13:45:00-04:00,2026-08-12 14:00:00-04:00,,,
KXBTC15M-26AUG121345,Target price: TBD,2026-08-12 13:30:00-04:00,2026-08-12 13:45:00-04:00,,,
KXBTC15M-26AUG121330,Target price: TBD,2026-08-12 13:15:00-04:00,2026-08-12 13:30:00-04:00,,,
KXBTC15M-26AUG121315,Target price: TBD,2026-08-12 13:00:00-04:00,2026-08-12 13:15:00-04:00,,,
KXBTC15M-26AUG121300,Target price: TBD,2026-08-12 12:45:00-04:00,2026-08-12 13:00:00-04:00,,,
KXBTC15M-26AUG121245,Target price: TBD,2026-08-12 12:30:00-04:00,2026-08-12 12:45:00-04:00,,,
KXBTC15M-26AUG121230,Target price: TBD,2026-08-12 12:15:00-04:00,2026-08-12 12:30:00-04:00,,,
KXBTC15M-26AUG121215,Target price: TBD,2026-08-12 12:00:00-04:00,2026-08-12 12:15:00-04:00,,,
KXBTC15M-26AUG121200,Target price: TBD,2026-08-12 11:45:00-04:00,2026-08-12 12:00:00-04:00,,,
KXBTC15M-26AUG121145,Target price: TBD,2026-08-12 11:30:00-04:00,2026-08-12 11:45:00-04:00,,,
KXBTC15M-26AUG121130,Target price: TBD,2026-08-12 11:15:00-04:00,2026-08-12 11:30:00-04:00,,,
KXBTC15M-26AUG121115,"Target Price: $63,305.96",2026-08-12 11:00:00-04:00,2026-08-12 11:15:00-04:00,,63305.96,
KXBTC15M-26AUG121100,"Target Price: $63,535.73",2026-08-12 10:45:00-04:00,2026-08-12 11:00:00-04:00,63305.96,63535.73,no
KXBTC15M-26AUG121045,"Target Price: $63,627.16",2026-08-12 10:30:00-04:00,2026-08-12 10:45:00-04:00,63535.73,63627.16,no
KXBTC15M-26AUG121030,"Target Price: $63,743.05",2026-08-12 10:15:00-04:00,2026-08-12 10:30:00-04:00,63627.16,63743.05,no
KXBTC15M-26AUG121015,"Target Price: $63,807.56",2026-08-12 10:00:00-04:00,2026-08-12 10:15:00-04:00,63743.05,63807.56,no
KXBTC15M-26AUG121000,"Target Price: $63,905.68",2026-08-12 09:45:00-04:00,2026-08-12 10:00:00-04:00,63807.56,63905.68,no
KXBTC15M-26AUG120945,"Target Price: $63,881.22",2026-08-12 09:30:00-04:00,2026-08-12 09:45:00-04:00,63905.68,63881.22,yes
KXBTC15M-26AUG120930,"Target Price: $63,905.74",2026-08-12 09:15:00-04:00,2026-08-12 09:30:00-04:00,63881.22,63905.74,no
KXBTC15M-26AUG120915,"Target Price: $64,065.47",2026-08-12 09:00:00-04:00,2026-08-12 09:15:00-04:00,63905.74,64065.47,no
KXBTC15M-26AUG120900,"Target Price: $64,046.10",2026-08-12 08:45:00-04:00,2026-08-12 09:00:00-04:00,64065.47,64046.1,yes
KXBTC15M-26AUG120845,"Target Price: $64,325.86",2026-08-12 08:30:00-04:00,2026-08-12 08:45:00-04:00,64046.10,64325.86,no
KXBTC15M-26AUG120830,"Target Price: $64,220.19",2026-08-12 08:15:00-04:00,2026-08-12 08:30:00-04:00,64325.86,64220.19,yes
KXBTC15M-26AUG120815,"Target Price: $64,179.51",2026-08-12 08:00:00-04:00,2026-08-12 08:15:00-04:00,64220.19,64179.51,yes
KXBTC15M-26AUG120800,"Target Price: $64,138.62",2026-08-12 07:45:00-04:00,2026-08-12 08:00:00-04:00,64179.51,64138.62,yes
KXBTC15M-26AUG120745,"Target Price: $64,142.94",2026-08-12 07:30:00-04:00,2026-08-12 07:45:00-04:00,64138.62,64142.94,no
KXBTC15M-26AUG120730,"Target Price: $64,085.00",2026-08-12 07:15:00-04:00,2026-08-12 07:30:00-04:00,64142.94,64085.0,yes
KXBTC15M-26AUG120715,"Target Price: $64,086.24",2026-08-12 07:00:00-04:00,2026-08-12 07:15:00-04:00,64085.00,64086.24,no
KXBTC15M-26AUG120700,"Target Price: $64,089.54",2026-08-12 06:45:00-04:00,2026-08-12 07:00:00-04:00,64086.24,64089.54,no
KXBTC15M-26AUG120645,"Target Price: $64,016.15",2026-08-12 06:30:00-04:00,2026-08-12 06:45:00-04:00,64089.54,64016.15,yes
KXBTC15M-26AUG120630,"Target Price: $64,073.95",2026-08-12 06:15:00-04:00,2026-08-12 06:30:00-04:00,64016.15,64073.95,no
KXBTC15M-26AUG120615,"Target Price: $64,046.62",2026-08-12 06:00:00-04:00,2026-08-12 06:15:00-04:00,64073.95,64046.62,yes
KXBTC15M-26AUG120600,"Target Price: $63,981.90",2026-08-12 05:45:00-04:00,2026-08-12 06:00:00-04:00,64046.62,63981.9,yes
KXBTC15M-26AUG120545,"Target Price: $63,908.63",2026-08-12 05:30:00-04:00,2026-08-12 05:45:00-04:00,63981.90,63908.63,yes
KXBTC15M-26AUG120530,"Target Price: $63,794.40",2026-08-12 05:15:00-04:00,2026-08-12 05:30:00-04:00,63908.63,63794.4,yes
KXBTC15M-26AUG120515,"Target Price: $63,734.45",2026-08-12 05:00:00-04:00,2026-08-12 05:15:00-04:00,63794.40,63734.45,yes
KXBTC15M-26AUG120500,"Target Price: $63,717.98",2026-08-12 04:45:00-04:00,2026-08-12 05:00:00-04:00,63734.45,63717.98,yes
KXBTC15M-26AUG120445,"Target Price: $63,759.10",2026-08-12 04:30:00-04:00,2026-08-12 04:45:00-04:00,63717.98,63759.1,no
KXBTC15M-26AUG120430,"Target Price: $63,723.41",2026-08-12 04:15:00-04:00,2026-08-12 04:30:00-04:00,63759.10,63723.41,yes
KXBTC15M-26AUG120415,"Target Price: $63,759.16",2026-08-12 04:00:00-04:00,2026-08-12 04:15:00-04:00,63723.41,63759.16,no
KXBTC15M-26AUG120400,"Target Price: $63,636.07",2026-08-12 03:45:00-04:00,2026-08-12 04:00:00-04:00,63759.16,63636.07,yes
KXBTC15M-26AUG120345,"Target Price: $63,675.01",2026-08-12 03:30:00-04:00,2026-08-12 03:45:00-04:00,63636.07,63675.01,no
KXBTC15M-26AUG120330,"Target Price: $63,701.00",2026-08-12 03:15:00-04:00,2026-08-12 03:30:00-04:00,63675.01,63701.0,no
KXBTC15M-26AUG120315,"Target Price: $63,641.36",2026-08-12 03:00:00-04:00,2026-08-12 03:15:00-04:00,63701.00,63641.36,yes
KXBTC15M-26AUG120300,"Target Price: $63,587.07",2026-08-12 02:45:00-04:00,2026-08-12 03:00:00-04:00,63641.36,63587.07,yes
KXBTC15M-26AUG120245,"Target Price: $63,582.32",2026-08-12 02:30:00-04:00,2026-08-12 02:45:00-04:00,63587.07,63582.32,yes
KXBTC15M-26AUG120230,"Target Price: $63,648.14",2026-08-12 02:15:00-04:00,2026-08-12 02:30:00-04:00,63582.32,63648.14,no
KXBTC15M-26AUG120215,"Target Price: $63,794.76",2026-08-12 02:00:00-04:00,2026-08-12 02:15:00-04:00,63648.14,63794.76,no
KXBTC15M-26AUG120200,"Target Price: $63,792.88",2026-08-12 01:45:00-04:00,2026-08-12 02:00:00-04:00,63794.76,63792.88,yes
KXBTC15M-26AUG120145,"Target Price: $63,782.30",2026-08-12 01:30:00-04:00,2026-08-12 01:45:00-04:00,63792.88,63782.3,yes
KXBTC15M-26AUG120130,"Target Price: $63,760.64",2026-08-12 01:15:00-04:00,2026-08-12 01:30:00-04:00,63782.30,63760.64,yes
KXBTC15M-26AUG120115,"Target Price: $63,719.60",2026-08-12 01:00:00-04:00,2026-08-12 01:15:00-04:00,63760.64,63719.6,yes
KXBTC15M-26AUG120100,"Target Price: $63,711.90",2026-08-12 00:45:00-04:00,2026-08-12 01:00:00-04:00,63719.60,63711.9,yes
KXBTC15M-26AUG120045,"Target Price: $63,753.04",2026-08-12 00:30:00-04:00,2026-08-12 00:45:00-04:00,63711.90,63753.04,no
KXBTC15M-26AUG120030,"Target Price: $63,727.64",2026-08-12 00:15:00-04:00,2026-08-12 00:30:00-04:00,63753.04,63727.64,yes
KXBTC15M-26AUG120015,"Target Price: $63,771.95",2026-08-12 00:00:00-04:00,2026-08-12 00:15:00-04:00,63727.64,63771.95,no
KXBTC15M-26AUG120000,"Target Price: $63,758.36",2026-08-11 23:45:00-04:00,2026-08-12 00:00:00-04:00,63771.95,63758.36,yes
KXBTC15M-26AUG112345,"Target Price: $63,695.22",2026-08-11 23:30:00-04:00,2026-08-11 23:45:00-04:00,63758.36,63695.22,yes
KXBTC15M-26AUG112330,"Target Price: $63,659.84",2026-08-11 23:15:00-04:00,2026-08-11 23:30:00-04:00,63695.22,63659.84,yes
KXBTC15M-26AUG112315,"Target Price: $63,682.59",2026-08-11 23:00:00-04:00,2026-08-11 23:15:00-04:00,63659.84,63682.59,no
KXBTC15M-26AUG112300,"Target Price: $63,714.51",2026-08-11 22:45:00-04:00,2026-08-11 23:00:00-04:00,63682.59,63714.51,no
KXBTC15M-26AUG112245,"Target Price: $63,820.50",2026-08-11 22:30:00-04:00,2026-08-11 22:45:00-04:00,63714.51,63820.5,no
KXBTC15M-26AUG112230,"Target Price: $63,804.50",2026-08-11 22:15:00-04:00,2026-08-11 22:30:00-04:00,63820.50,63804.5,yes
KXBTC15M-26AUG112215,"Target Price: $63,761.23",2026-08-11 22:00:00-04:00,2026-08-11 22:15:00-04:00,63804.50,63761.23,yes
KXBTC15M-26AUG112200,"Target Price: $63,759.86",2026-08-11 21:45:00-04:00,2026-08-11 22:00:00-04:00,63761.23,63759.86,yes
KXBTC15M-26AUG112145,"Target Price: $63,700.44",2026-08-11 21:30:00-04:00,2026-08-11 21:45:00-04:00,63759.86,63700.44,yes
KXBTC15M-26AUG112130,"Target Price: $63,725.99",2026-08-11 21:15:00-04:00,2026-08-11 21:30:00-04:00,63700.44,63725.99,no
KXBTC15M-26AUG112115,"Target Price: $63,683.84",2026-08-11 21:00:00-04:00,2026-08-11 21:15:00-04:00,63725.99,63683.84,yes
KXBTC15M-26AUG112100,"Target Price: $63,657.44",2026-08-11 20:45:00-04:00,2026-08-11 21:00:00-04:00,63683.84,63657.44,yes
KXBTC15M-26AUG112045,"Target Price: $63,615.59",2026-08-11 20:30:00-04:00,2026-08-11 20:45:00-04:00,63657.44,63615.59,yes
KXBTC15M-26AUG112030,"Target Price: $63,546.01",2026-08-11 20:15:00-04:00,2026-08-11 20:30:00-04:00,63615.59,63546.01,yes
KXBTC15M-26AUG112015,"Target Price: $63,544.77",2026-08-11 20:00:00-04:00,2026-08-11 20:15:00-04:00,63546.01,63544.77,yes
KXBTC15M-26AUG112000,"Target Price: $63,581.35",2026-08-11 19:45:00-04:00,2026-08-11 20:00:00-04:00,63544.77,63581.35,no
KXBTC15M-26AUG111945,"Target Price: $63,538.11",2026-08-11 19:30:00-04:00,2026-08-11 19:45:00-04:00,63581.35,63538.11,yes
KXBTC15M-26AUG111930,"Target Price: $63,519.18",2026-08-11 19:15:00-04:00,2026-08-11 19:30:00-04:00,63538.11,63519.18,yes
KXBTC15M-26AUG111915,"Target Price: $63,610.03",2026-08-11 19:00:00-04:00,2026-08-11 19:15:00-04:00,63519.18,63610.03,no
KXBTC15M-26AUG111900,"Target Price: $63,597.43",2026-08-11 18:45:00-04:00,2026-08-11 19:00:00-04:00,63610.03,63597.43,yes
KXBTC15M-26AUG111845,"Target Price: $63,659.75",2026-08-11 18:30:00-04:00,2026-08-11 18:45:00-04:00,63597.43,63659.75,no
KXBTC15M-26AUG111830,"Target Price: $63,676.71",2026-08-11 18:15:00-04:00,2026-08-11 18:30:00-04:00,63659.75,63676.71,no
KXBTC15M-26AUG111815,"Target Price: $63,621.81",2026-08-11 18:00:00-04:00,2026-08-11 18:15:00-04:00,63676.71,63621.81,yes
KXBTC15M-26AUG111800,"Target Price: $63,609.50",2026-08-11 17:45:00-04:00,2026-08-11 18:00:00-04:00,63621.81,63609.5,yes
KXBTC15M-26AUG111745,"Target Price: $63,613.64",2026-08-11 17:30:00-04:00,2026-08-11 17:45:00-04:00,63609.50,63613.64,no
KXBTC15M-26AUG111730,"Target Price: $63,678.78",2026-08-11 17:15:00-04:00,2026-08-11 17:30:00-04:00,63613.64,63678.78,no
KXBTC15M-26AUG111715,"Target Price: $63,679.42",2026-08-11 17:00:00-04:00,2026-08-11 17:15:00-04:00,63678.78,63679.42,no
KXBTC15M-26AUG111700,"Target Price: $63,617.12",2026-08-11 16:45:00-04:00,2026-08-11 17:00:00-04:00,63679.42,63617.12,yes
KXBTC15M-26AUG111645,"Target Price: $63,611.86",2026-08-11 16:30:00-04:00,2026-08-11 16:45:00-04:00,63617.12,63611.86,yes
KXBTC15M-26AUG111630,"Target Price: $63,618.86",2026-08-11 16:15:00-04:00,2026-08-11 16:30:00-04:00,63611.86,63618.86,no
KXBTC15M-26AUG111615,"Target Price: $63,475.93",2026-08-11 16:00:00-04:00,2026-08-11 16:15:00-04:00,63618.86,63475.93,yes
KXBTC15M-26AUG111600,"Target Price: $63,382.59",2026-08-11 15:45:00-04:00,2026-08-11 16:00:00-04:00,63475.93,63382.59,yes
KXBTC15M-26AUG111545,"Target Price: $63,288.69",2026-08-11 15:30:00-04:00,2026-08-11 15:45:00-04:00,63382.59,63288.69,yes
KXBTC15M-26AUG111530,"Target Price: $63,212.94",2026-08-11 15:15:00-04:00,2026-08-11 15:30:00-04:00,63288.69,63212.94,yes
KXBTC15M-26AUG111515,"Target Price: $63,310.36",2026-08-11 15:00:00-04:00,2026-08-11 15:15:00-04:00,63212.94,63310.36,no
KXBTC15M-26AUG111500,"Target Price: $63,261.00",2026-08-11 14:45:00-04:00,2026-08-11 15:00:00-04:00,63310.36,63261.0,yes
KXBTC15M-26AUG111445,"Target Price: $63,436.15",2026-08-11 14:30:00-04:00,2026-08-11 14:45:00-04:00,63261.00,63436.15,no
KXBTC15M-26AUG111430,"Target Price: $63,526.84",2026-08-11 14:15:00-04:00,2026-08-11 14:30:00-04:00,63436.15,63526.84,no
KXBTC15M-26AUG111415,"Target Price: $63,545.61",2026-08-11 14:00:00-04:00,2026-08-11 14:15:00-04:00,63526.84,63545.61,no
KXBTC15M-26AUG111400,"Target Price: $63,503.81",2026-08-11 13:45:00-04:00,2026-08-11 14:00:00-04:00,63545.61,63503.81,yes
KXBTC15M-26AUG111345,"Target Price: $63,505.98",2026-08-11 13:30:00-04:00,2026-08-11 13:45:00-04:00,63503.81,63505.98,no
KXBTC15M-26AUG111330,"Target Price: $63,455.86",2026-08-11 13:15:00-04:00,2026-08-11 13:30:00-04:00,63505.98,63455.86,yes
KXBTC15M-26AUG111315,"Target Price: $63,448.11",2026-08-11 13:00:00-04:00,2026-08-11 13:15:00-04:00,63455.86,63448.11,yes
KXBTC15M-26AUG111300,"Target Price: $63,448.71",2026-08-11 12:45:00-04:00,2026-08-11 13:00:00-04:00,63448.11,63448.71,no
KXBTC15M-26AUG111245,"Target Price: $63,537.40",2026-08-11 12:30:00-04:00,2026-08-11 12:45:00-04:00,63448.71,63537.4,no
KXBTC15M-26AUG111230,"Target Price: $63,534.02",2026-08-11 12:15:00-04:00,2026-08-11 12:30:00-04:00,63537.40,63534.02,yes
KXBTC15M-26AUG111215,"Target Price: $63,562.63",2026-08-11 12:00:00-04:00,2026-08-11 12:15:00-04:00,63534.02,63562.63,no
KXBTC15M-26AUG111200,"Target Price: $63,492.92",2026-08-11 11:45:00-04:00,2026-08-11 12:00:00-04:00,63562.63,63492.92,yes
KXBTC15M-26AUG111145,"Target Price: $63,811.15",2026-08-11 11:30:00-04:00,2026-08-11 11:45:00-04:00,63492.92,63811.15,no
KXBTC15M-26AUG111130,"Target Price: $63,737.83",2026-08-11 11:15:00-04:00,2026-08-11 11:30:00-04:00,63811.15,63737.83,yes
KXBTC15M-26AUG111115,"Target Price: $63,715.99",2026-08-11 11:00:00-04:00,2026-08-11 11:15:00-04:00,63737.83,63715.99,yes
KXBTC15M-26AUG111100,"Target Price: $63,897.27",2026-08-11 10:45:00-04:00,2026-08-11 11:00:00-04:00,63715.99,63897.27,no
KXBTC15M-26AUG111045,"Target Price: $63,977.54",2026-08-11 10:30:00-04:00,2026-08-11 10:45:00-04:00,63897.27,63977.54,no
KXBTC15M-26AUG111030,"Target Price: $64,166.30",2026-08-11 10:15:00-04:00,2026-08-11 10:30:00-04:00,63977.54,64166.3,no
KXBTC15M-26AUG111015,"Target Price: $64,140.26",2026-08-11 10:00:00-04:00,2026-08-11 10:15:00-04:00,64166.30,64140.26,yes
KXBTC15M-26AUG111000,"Target Price: $64,130.46",2026-08-11 09:45:00-04:00,2026-08-11 10:00:00-04:00,64140.26,64130.46,yes
KXBTC15M-26AUG110945,"Target Price: $64,140.02",2026-08-11 09:30:00-04:00,2026-08-11 09:45:00-04:00,64130.46,64140.02,no
KXBTC15M-26AUG110930,"Target Price: $64,269.35",2026-08-11 09:15:00-04:00,2026-08-11 09:30:00-04:00,64140.02,64269.35,no
KXBTC15M-26AUG110915,"Target Price: $64,281.02",2026-08-11 09:00:00-04:00,2026-08-11 09:15:00-04:00,64269.35,64281.02,no
KXBTC15M-26AUG110900,"Target Price: $64,279.82",2026-08-11 08:45:00-04:00,2026-08-11 09:00:00-04:00,64281.02,64279.82,yes
KXBTC15M-26AUG110845,"Target Price: $64,273.96",2026-08-11 08:30:00-04:00,2026-08-11 08:45:00-04:00,64279.82,64273.96,yes
KXBTC15M-26AUG110830,"Target Price: $64,421.62",2026-08-11 08:15:00-04:00,2026-08-11 08:30:00-04:00,64273.96,64421.62,no
KXBTC15M-26AUG110815,"Target Price: $64,335.34",2026-08-11 08:00:00-04:00,2026-08-11 08:15:00-04:00,64421.62,64335.34,yes
KXBTC15M-26AUG110800,"Target Price: $64,290.68",2026-08-11 07:45:00-04:00,2026-08-11 08:00:00-04:00,64335.34,64290.68,yes
KXBTC15M-26AUG110745,"Target Price: $64,286.93",2026-08-11 07:30:00-04:00,2026-08-11 07:45:00-04:00,64290.68,64286.93,yes
KXBTC15M-26AUG110730,"Target Price: $64,306.69",2026-08-11 07:15:00-04:00,2026-08-11 07:30:00-04:00,64286.93,64306.69,no
KXBTC15M-26AUG110715,"Target Price: $64,177.34",2026-08-11 07:00:00-04:00,2026-08-11 07:15:00-04:00,64306.69,64177.34,yes
KXBTC15M-26AUG110700,"Target Price: $64,220.93",2026-08-11 06:45:00-04:00,2026-08-11 07:00:00-04:00,64177.34,64220.93,no
KXBTC15M-26AUG110645,"Target Price: $64,243.64",2026-08-11 06:30:00-04:00,2026-08-11 06:45:00-04:00,64220.93,64243.64,no
KXBTC15M-26AUG110630,"Target Price: $64,190.93",2026-08-11 06:15:00-04:00,2026-08-11 06:30:00-04:00,64243.64,64190.93,yes
KXBTC15M-26AUG110615,"Target Price: $64,238.30",2026-08-11 06:00:00-04:00,2026-08-11 06:15:00-04:00,64190.93,64238.3,no
KXBTC15M-26AUG110600,"Target Price: $64,188.30",2026-08-11 05:45:00-04:00,2026-08-11 06:00:00-04:00,64238.30,64188.3,yes
KXBTC15M-26AUG110545,"Target Price: $64,129.60",2026-08-11 05:30:00-04:00,2026-08-11 05:45:00-04:00,64188.30,64129.6,yes
KXBTC15M-26AUG110530,"Target Price: $64,075.25",2026-08-11 05:15:00-04:00,2026-08-11 05:30:00-04:00,64129.60,64075.25,yes
KXBTC15M-26AUG110515,"Target Price: $64,075.71",2026-08-11 05:00:00-04:00,2026-08-11 05:15:00-04:00,64075.25,64075.71,no
KXBTC15M-26AUG110500,"Target Price: $64,054.45",2026-08-11 04:45:00-04:00,2026-08-11 05:00:00-04:00,64075.71,64054.45,yes
KXBTC15M-26AUG110445,"Target Price: $63,999.10",2026-08-11 04:30:00-04:00,2026-08-11 04:45:00-04:00,64054.45,63999.1,yes
KXBTC15M-26AUG110430,"Target Price: $63,988.84",2026-08-11 04:15:00-04:00,2026-08-11 04:30:00-04:00,63999.10,63988.84,yes
KXBTC15M-26AUG110415,"Target Price: $64,004.89",2026-08-11 04:00:00-04:00,2026-08-11 04:15:00-04:00,63988.84,64004.89,no
KXBTC15M-26AUG110400,"Target Price: $64,013.79",2026-08-11 03:45:00-04:00,2026-08-11 04:00:00-04:00,64004.89,64013.79,no
KXBTC15M-26AUG110345,"Target Price: $63,853.63",2026-08-11 03:30:00-04:00,2026-08-11 03:45:00-04:00,64013.79,63853.63,yes
KXBTC15M-26AUG110330,"Target Price: $63,909.10",2026-08-11 03:15:00-04:00,2026-08-11 03:30:00-04:00,63853.63,63909.1,no
KXBTC15M-26AUG110315,"Target Price: $63,904.29",2026-08-11 03:00:00-04:00,2026-08-11 03:15:00-04:00,63909.10,63904.29,yes
KXBTC15M-26AUG110300,"Target Price: $63,877.76",2026-08-11 02:45:00-04:00,2026-08-11 03:00:00-04:00,63904.29,63877.76,yes
KXBTC15M-26AUG110245,"Target Price: $63,881.24",2026-08-11 02:30:00-04:00,2026-08-11 02:45:00-04:00,63877.76,63881.24,no
KXBTC15M-26AUG110230,"Target Price: $63,973.06",2026-08-11 02:15:00-04:00,2026-08-11 02:30:00-04:00,63881.24,63973.06,no
KXBTC15M-26AUG110215,"Target Price: $63,944.29",2026-08-11 02:00:00-04:00,2026-08-11 02:15:00-04:00,63973.06,63944.29,yes
KXBTC15M-26AUG110200,"Target Price: $63,978.59",2026-08-11 01:45:00-04:00,2026-08-11 02:00:00-04:00,63944.29,63978.59,no
KXBTC15M-26AUG110145,"Target Price: $63,919.38",2026-08-11 01:30:00-04:00,2026-08-11 01:45:00-04:00,63978.59,63919.38,yes
KXBTC15M-26AUG110130,"Target Price: $63,989.44",2026-08-11 01:15:00-04:00,2026-08-11 01:30:00-04:00,63919.38,63989.44,no
KXBTC15M-26AUG110115,"Target Price: $63,979.17",2026-08-11 01:00:00-04:00,2026-08-11 01:15:00-04:00,63989.44,63979.17,yes
KXBTC15M-26AUG110100,"Target Price: $64,041.21",2026-08-11 00:45:00-04:00,2026-08-11 01:00:00-04:00,63979.17,64041.21,no
KXBTC15M-26AUG110045,"Target Price: $64,051.65",2026-08-11 00:30:00-04:00,2026-08-11 00:45:00-04:00,64041.21,64051.65,no
KXBTC15M-26AUG110030,"Target Price: $64,067.50",2026-08-11 00:15:00-04:00,2026-08-11 00:30:00-04:00,64051.65,64067.5,no
KXBTC15M-26AUG110015,"Target Price: $64,078.89",2026-08-11 00:00:00-04:00,2026-08-11 00:15:00-04:00,64067.50,64078.89,no
KXBTC15M-26AUG110000,"Target Price: $64,073.95",2026-08-10 23:45:00-04:00,2026-08-11 00:00:00-04:00,64078.89,64073.95,yes
KXBTC15M-26AUG102345,"Target Price: $64,082.36",2026-08-10 23:30:00-04:00,2026-08-10 23:45:00-04:00,64073.95,64082.36,no
KXBTC15M-26AUG102330,"Target Price: $64,040.89",2026-08-10 23:15:00-04:00,2026-08-10 23:30:00-04:00,64082.36,64040.89,yes
KXBTC15M-26AUG102315,"Target Price: $63,985.73",2026-08-10 23:00:00-04:00,2026-08-10 23:15:00-04:00,64040.89,63985.73,yes
KXBTC15M-26AUG102300,"Target Price: $63,983.56",2026-08-10 22:45:00-04:00,2026-08-10 23:00:00-04:00,63985.73,63983.56,yes
KXBTC15M-26AUG102245,"Target Price: $63,994.94",2026-08-10 22:30:00-04:00,2026-08-10 22:45:00-04:00,63983.56,63994.94,no
KXBTC15M-26AUG102230,"Target Price: $63,988.76",2026-08-10 22:15:00-04:00,2026-08-10 22:30:00-04:00,63994.94,63988.76,yes
KXBTC15M-26AUG102215,"Target Price: $64,010.43",2026-08-10 22:00:00-04:00,2026-08-10 22:15:00-04:00,63988.76,64010.43,no
KXBTC15M-26AUG102200,"Target Price: $63,937.02",2026-08-10 21:45:00-04:00,2026-08-10 22:00:00-04:00,64010.43,63937.02,yes
KXBTC15M-26AUG102145,"Target Price: $64,012.35",2026-08-10 21:30:00-04:00,2026-08-10 21:45:00-04:00,63937.02,64012.35,no
KXBTC15M-26AUG102130,"Target Price: $64,005.63",2026-08-10 21:15:00-04:00,2026-08-10 21:30:00-04:00,64012.35,64005.63,yes
KXBTC15M-26AUG102115,"Target Price: $63,982.37",2026-08-10 21:00:00-04:00,2026-08-10 21:15:00-04:00,64005.63,63982.37,yes
KXBTC15M-26AUG102100,"Target Price: $63,911.62",2026-08-10 20:45:00-04:00,2026-08-10 21:00:00-04:00,63982.37,63911.62,yes
KXBTC15M-26AUG102045,"Target Price: $63,914.63",2026-08-10 20:30:00-04:00,2026-08-10 20:45:00-04:00,63911.62,63914.63,no
KXBTC15M-26AUG102030,"Target Price: $63,915.45",2026-08-10 20:15:00-04:00,2026-08-10 20:30:00-04:00,63914.63,63915.45,no
KXBTC15M-26AUG102015,"Target Price: $63,918.32",2026-08-10 20:00:00-04:00,2026-08-10 20:15:00-04:00,63915.45,63918.32,no
KXBTC15M-26AUG102000,"Target Price: $63,915.50",2026-08-10 19:45:00-04:00,2026-08-10 20:00:00-04:00,63918.32,63915.5,yes
KXBTC15M-26AUG101945,"Target Price: $63,938.30",2026-08-10 19:30:00-04:00,2026-08-10 19:45:00-04:00,63915.50,63938.3,no
KXBTC15M-26AUG101930,"Target Price: $63,927.02",2026-08-10 19:15:00-04:00,2026-08-10 19:30:00-04:00,63938.30,63927.02,yes
KXBTC15M-26AUG101915,"Target Price: $63,956.95",2026-08-10 19:00:00-04:00,2026-08-10 19:15:00-04:00,63927.02,63956.95,no
KXBTC15M-26AUG101900,"Target Price: $63,925.68",2026-08-10 18:45:00-04:00,2026-08-10 19:00:00-04:00,63956.95,63925.68,yes
KXBTC15M-26AUG101845,"Target Price: $63,953.66",2026-08-10 18:30:00-04:00,2026-08-10 18:45:00-04:00,63925.68,63953.66,no
KXBTC15M-26AUG101830,"Target Price: $63,985.17",2026-08-10 18:15:00-04:00,2026-08-10 18:30:00-04:00,63953.66,63985.17,no
KXBTC15M-26AUG101815,"Target Price: $63,929.70",2026-08-10 18:00:00-04:00,2026-08-10 18:15:00-04:00,63985.17,63929.7,yes
KXBTC15M-26AUG101800,"Target Price: $63,984.49",2026-08-10 17:45:00-04:00,2026-08-10 18:00:00-04:00,63929.70,63984.49,no
KXBTC15M-26AUG101745,"Target Price: $64,058.12",2026-08-10 17:30:00-04:00,2026-08-10 17:45:00-04:00,63984.49,64058.12,no
KXBTC15M-26AUG101730,"Target Price: $64,055.01",2026-08-10 17:15:00-04:00,2026-08-10 17:30:00-04:00,64058.12,64055.01,yes
KXBTC15M-26AUG101715,"Target Price: $64,101.07",2026-08-10 17:00:00-04:00,2026-08-10 17:15:00-04:00,64055.01,64101.07,no
KXBTC15M-26AUG101700,"Target Price: $64,121.24",2026-08-10 16:45:00-04:00,2026-08-10 17:00:00-04:00,64101.07,64121.24,no
KXBTC15M-26AUG101645,"Target Price: $64,056.89",2026-08-10 16:30:00-04:00,2026-08-10 16:45:00-04:00,64121.24,64056.89,yes
KXBTC15M-26AUG101630,"Target Price: $63,983.48",2026-08-10 16:15:00-04:00,2026-08-10 16:30:00-04:00,64056.89,63983.48,yes
KXBTC15M-26AUG101615,"Target Price: $63,970.21",2026-08-10 16:00:00-04:00,2026-08-10 16:15:00-04:00,63983.48,63970.21,yes
KXBTC15M-26AUG101600,"Target Price: $63,969.47",2026-08-10 15:45:00-04:00,2026-08-10 16:00:00-04:00,63970.21,63969.47,yes
KXBTC15M-26AUG101545,"Target Price: $63,955.60",2026-08-10 15:30:00-04:00,2026-08-10 15:45:00-04:00,63969.47,63955.6,yes
KXBTC15M-26AUG101530,"Target Price: $63,862.85",2026-08-10 15:15:00-04:00,2026-08-10 15:30:00-04:00,63955.60,63862.85,yes
KXBTC15M-26AUG101515,"Target Price: $63,826.44",2026-08-10 15:00:00-04:00,2026-08-10 15:15:00-04:00,63862.85,63826.44,yes
KXBTC15M-26AUG101500,"Target Price: $63,805.95",2026-08-10 14:45:00-04:00,2026-08-10 15:00:00-04:00,63826.44,63805.95,yes
KXBTC15M-26AUG101445,"Target Price: $63,846.18",2026-08-10 14:30:00-04:00,2026-08-10 14:45:00-04:00,63805.95,63846.18,no
KXBTC15M-26AUG101430,"Target Price: $63,895.69",2026-08-10 14:15:00-04:00,2026-08-10 14:30:00-04:00,63846.18,63895.69,no
KXBTC15M-26AUG101415,"Target Price: $63,878.32",2026-08-10 14:00:00-04:00,2026-08-10 14:15:00-04:00,63895.69,63878.32,yes
KXBTC15M-26AUG101400,"Target Price: $63,896.34",2026-08-10 13:45:00-04:00,2026-08-10 14:00:00-04:00,63878.32,63896.34,no
KXBTC15M-26AUG101345,"Target Price: $63,877.01",2026-08-10 13:30:00-04:00,2026-08-10 13:45:00-04:00,63896.34,63877.01,yes
KXBTC15M-26AUG101330,"Target Price: $63,941.66",2026-08-10 13:15:00-04:00,2026-08-10 13:30:00-04:00,63877.01,63941.66,no
KXBTC15M-26AUG101315,"Target Price: $63,832.01",2026-08-10 13:00:00-04:00,2026-08-10 13:15:00-04:00,63941.66,63832.01,yes
KXBTC15M-26AUG101300,"Target Price: $63,936.32",2026-08-10 12:45:00-04:00,2026-08-10 13:00:00-04:00,63832.01,63936.32,no
KXBTC15M-26AUG101245,"Target Price: $64,068.19",2026-08-10 12:30:00-04:00,2026-08-10 12:45:00-04:00,63936.32,64068.19,no
KXBTC15M-26AUG101230,"Target Price: $64,169.00",2026-08-10 12:15:00-04:00,2026-08-10 12:30:00-04:00,64068.19,64169.0,no
KXBTC15M-26AUG101215,"Target Price: $64,241.97",2026-08-10 12:00:00-04:00,2026-08-10 12:15:00-04:00,64169.00,64241.97,no
KXBTC15M-26AUG101200,"Target Price: $64,292.64",2026-08-10 11:45:00-04:00,2026-08-10 12:00:00-04:00,64241.97,64292.64,no
KXBTC15M-26AUG101145,Target price: TBD,2026-08-10 11:30:00-04:00,2026-08-10 11:45:00-04:00,64292.64,,no
KXBTC15M-26AUG101130,"Target Price: $64,525.00",2026-08-10 11:15:00-04:00,2026-08-10 11:30:00-04:00,64333.53,64525.0,no
KXBTC15M-26AUG101115,"Target Price: $64,582.50",2026-08-10 11:00:00-04:00,2026-08-10 11:15:00-04:00,64525.00,64582.5,no
KXBTC15M-26AUG101100,"Target Price: $64,789.63",2026-08-10 10:45:00-04:00,2026-08-10 11:00:00-04:00,64582.50,64789.63,no
KXBTC15M-26AUG101045,"Target Price: $64,746.39",2026-08-10 10:30:00-04:00,2026-08-10 10:45:00-04:00,64789.63,64746.39,yes
KXBTC15M-26AUG101030,"Target Price: $64,678.42",2026-08-10 10:15:00-04:00,2026-08-10 10:30:00-04:00,64746.39,64678.42,yes
KXBTC15M-26AUG101015,"Target Price: $64,509.78",2026-08-10 10:00:00-04:00,2026-08-10 10:15:00-04:00,64678.42,64509.78,yes
KXBTC15M-26AUG101000,"Target Price: $64,593.12",2026-08-10 09:45:00-04:00,2026-08-10 10:00:00-04:00,64509.78,64593.12,no
KXBTC15M-26AUG100945,"Target Price: $64,879.16",2026-08-10 09:30:00-04:00,2026-08-10 09:45:00-04:00,64593.12,64879.16,no
KXBTC15M-26AUG100930,"Target Price: $64,833.85",2026-08-10 09:15:00-04:00,2026-08-10 09:30:00-04:00,64879.16,64833.85,yes
KXBTC15M-26AUG100915,"Target Price: $64,831.54",2026-08-10 09:00:00-04:00,2026-08-10 09:15:00-04:00,64833.85,64831.54,yes
KXBTC15M-26AUG100900,"Target Price: $64,967.31",2026-08-10 08:45:00-04:00,2026-08-10 09:00:00-04:00,64831.54,64967.31,no
KXBTC15M-26AUG100845,"Target Price: $65,003.14",2026-08-10 08:30:00-04:00,2026-08-10 08:45:00-04:00,64967.31,65003.14,no
KXBTC15M-26AUG100830,"Target Price: $65,083.18",2026-08-10 08:15:00-04:00,2026-08-10 08:30:00-04:00,65003.14,65083.18,no
KXBTC15M-26AUG100815,"Target Price: $65,079.46",2026-08-10 08:00:00-04:00,2026-08-10 08:15:00-04:00,65083.18,65079.46,yes
KXBTC15M-26AUG100800,"Target Price: $65,015.24",2026-08-10 07:45:00-04:00,2026-08-10 08:00:00-04:00,65079.46,65015.24,yes
KXBTC15M-26AUG100745,"Target Price: $65,030.66",2026-08-10 07:30:00-04:00,2026-08-10 07:45:00-04:00,65015.24,65030.66,no
KXBTC15M-26AUG100730,"Target Price: $64,958.38",2026-08-10 07:15:00-04:00,2026-08-10 07:30:00-04:00,65030.66,64958.38,yes
KXBTC15M-26AUG100715,"Target Price: $64,967.58",2026-08-10 07:00:00-04:00,2026-08-10 07:15:00-04:00,64958.38,64967.58,no
KXBTC15M-26AUG100700,"Target Price: $64,960.98",2026-08-10 06:45:00-04:00,2026-08-10 07:00:00-04:00,64967.58,64960.98,yes
KXBTC15M-26AUG100645,"Target Price: $64,969.58",2026-08-10 06:30:00-04:00,2026-08-10 06:45:00-04:00,64960.98,64969.58,no
KXBTC15M-26AUG100630,"Target Price: $64,995.62",2026-08-10 06:15:00-04:00,2026-08-10 06:30:00-04:00,64969.58,64995.62,no
KXBTC15M-26AUG100615,"Target Price: $64,923.37",2026-08-10 06:00:00-04:00,2026-08-10 06:15:00-04:00,64995.62,64923.37,yes
KXBTC15M-26AUG100600,"Target Price: $65,007.08",2026-08-10 05:45:00-04:00,2026-08-10 06:00:00-04:00,64923.37,65007.08,no
KXBTC15M-26AUG100545,"Target Price: $65,120.23",2026-08-10 05:30:00-04:00,2026-08-10 05:45:00-04:00,65007.08,65120.23,no
KXBTC15M-26AUG100530,"Target Price: $65,174.95",2026-08-10 05:15:00-04:00,2026-08-10 05:30:00-04:00,65120.23,65174.95,no
KXBTC15M-26AUG100515,"Target Price: $65,200.45",2026-08-10 05:00:00-04:00,2026-08-10 05:15:00-04:00,65174.95,65200.45,no
KXBTC15M-26AUG100500,"Target Price: $65,176.31",2026-08-10 04:45:00-04:00,2026-08-10 05:00:00-04:00,65200.45,65176.31,yes
KXBTC15M-26AUG100445,"Target Price: $65,242.54",2026-08-10 04:30:00-04:00,2026-08-10 04:45:00-04:00,65176.31,65242.54,no
KXBTC15M-26AUG100430,"Target Price: $65,219.15",2026-08-10 04:15:00-04:00,2026-08-10 04:30:00-04:00,65242.54,65219.15,yes
KXBTC15M-26AUG100415,"Target Price: $65,160.44",2026-08-10 04:00:00-04:00,2026-08-10 04:15:00-04:00,65219.15,65160.44,yes
KXBTC15M-26AUG100400,"Target Price: $65,282.90",2026-08-10 03:45:00-04:00,2026-08-10 04:00:00-04:00,65160.44,65282.9,no
KXBTC15M-26AUG100345,"Target Price: $65,272.70",2026-08-10 03:30:00-04:00,2026-08-10 03:45:00-04:00,65282.90,65272.7,yes
KXBTC15M-26AUG100330,"Target Price: $65,216.13",2026-08-10 03:15:00-04:00,2026-08-10 03:30:00-04:00,65272.70,65216.13,yes
KXBTC15M-26AUG100315,"Target Price: $65,246.73",2026-08-10 03:00:00-04:00,2026-08-10 03:15:00-04:00,65216.13,65246.73,no
KXBTC15M-26AUG100300,"Target Price: $65,183.99",2026-08-10 02:45:00-04:00,2026-08-10 03:00:00-04:00,65246.73,65183.99,yes
KXBTC15M-26AUG100245,"Target Price: $65,118.22",2026-08-10 02:30:00-04:00,2026-08-10 02:45:00-04:00,65183.99,65118.22,yes
KXBTC15M-26AUG100230,"Target Price: $65,156.78",2026-08-10 02:15:00-04:00,2026-08-10 02:30:00-04:00,65118.22,65156.78,no
KXBTC15M-26AUG100215,"Target Price: $65,086.84",2026-08-10 02:00:00-04:00,2026-08-10 02:15:00-04:00,65156.78,65086.84,yes
KXBTC15M-26AUG100200,"Target Price: $65,030.72",2026-08-10 01:45:00-04:00,2026-08-10 02:00:00-04:00,65086.84,65030.72,yes
KXBTC15M-26AUG100145,"Target Price: $64,991.01",2026-08-10 01:30:00-04:00,2026-08-10 01:45:00-04:00,65030.72,64991.01,yes
KXBTC15M-26AUG100130,"Target Price: $64,939.18",2026-08-10 01:15:00-04:00,2026-08-10 01:30:00-04:00,64991.01,64939.18,yes
KXBTC15M-26AUG100115,"Target Price: $64,951.06",2026-08-10 01:00:00-04:00,2026-08-10 01:15:00-04:00,64939.18,64951.06,no
KXBTC15M-26AUG100100,"Target Price: $64,956.22",2026-08-10 00:45:00-04:00,2026-08-10 01:00:00-04:00,64951.06,64956.22,no
KXBTC15M-26AUG100045,"Target Price: $64,992.13",2026-08-10 00:30:00-04:00,2026-08-10 00:45:00-04:00,64956.22,64992.13,no
KXBTC15M-26AUG100030,"Target Price: $65,016.97",2026-08-10 00:15:00-04:00,2026-08-10 00:30:00-04:00,64992.13,65016.97,no
KXBTC15M-26AUG100015,"Target Price: $64,915.98",2026-08-10 00:00:00-04:00,2026-08-10 00:15:00-04:00,65016.97,64915.98,yes
KXBTC15M-26AUG100000,"Target Price: $64,966.65",2026-08-09 23:45:00-04:00,2026-08-10 00:00:00-04:00,64915.98,64966.65,no
KXBTC15M-26AUG092345,"Target Price: $65,012.99",2026-08-09 23:30:00-04:00,2026-08-09 23:45:00-04:00,64966.65,65012.99,no
KXBTC15M-26AUG092330,"Target Price: $64,926.31",2026-08-09 23:15:00-04:00,2026-08-09 23:30:00-04:00,65012.99,64926.31,yes
KXBTC15M-26AUG092315,"Target Price: $65,049.18",2026-08-09 23:00:00-04:00,2026-08-09 23:15:00-04:00,64926.31,65049.18,no
KXBTC15M-26AUG092300,"Target Price: $65,152.41",2026-08-09 22:45:00-04:00,2026-08-09 23:00:00-04:00,65049.18,65152.41,no
KXBTC15M-26AUG092245,"Target Price: $64,913.41",2026-08-09 22:30:00-04:00,2026-08-09 22:45:00-04:00,65152.41,64913.41,yes
KXBTC15M-26AUG092230,"Target Price: $65,061.94",2026-08-09 22:15:00-04:00,2026-08-09 22:30:00-04:00,64913.41,65061.94,no
KXBTC15M-26AUG092215,"Target Price: $65,149.30",2026-08-09 22:00:00-04:00,2026-08-09 22:15:00-04:00,65061.94,65149.3,no
KXBTC15M-26AUG092200,"Target Price: $64,916.83",2026-08-09 21:45:00-04:00,2026-08-09 22:00:00-04:00,65149.30,64916.83,yes
KXBTC15M-26AUG092145,"Target Price: $64,974.15",2026-08-09 21:30:00-04:00,2026-08-09 21:45:00-04:00,64916.83,64974.15,no
KXBTC15M-26AUG092130,"Target Price: $64,949.09",2026-08-09 21:15:00-04:00,2026-08-09 21:30:00-04:00,64974.15,64949.09,yes
KXBTC15M-26AUG092115,"Target Price: $64,914.62",2026-08-09 21:00:00-04:00,2026-08-09 21:15:00-04:00,64949.09,64914.62,yes
KXBTC15M-26AUG092100,"Target Price: $64,791.80",2026-08-09 20:45:00-04:00,2026-08-09 21:00:00-04:00,64914.62,64791.8,yes
KXBTC15M-26AUG092045,"Target Price: $64,965.04",2026-08-09 20:30:00-04:00,2026-08-09 20:45:00-04:00,64791.80,64965.04,no
KXBTC15M-26AUG092030,"Target Price: $65,104.69",2026-08-09 20:15:00-04:00,2026-08-09 20:30:00-04:00,64965.04,65104.69,no
KXBTC15M-26AUG092015,"Target Price: $64,854.87",2026-08-09 20:00:00-04:00,2026-08-09 20:15:00-04:00,65104.69,64854.87,yes
KXBTC15M-26AUG092000,"Target Price: $64,855.86",2026-08-09 19:45:00-04:00,2026-08-09 20:00:00-04:00,64854.87,64855.86,no
KXBTC15M-26AUG091945,"Target Price: $64,876.09",2026-08-09 19:30:00-04:00,2026-08-09 19:45:00-04:00,64855.86,64876.09,no
KXBTC15M-26AUG091930,"Target Price: $64,992.53",2026-08-09 19:15:00-04:00,2026-08-09 19:30:00-04:00,64876.09,64992.53,no
KXBTC15M-26AUG091915,"Target Price: $65,030.47",2026-08-09 19:00:00-04:00,2026-08-09 19:15:00-04:00,64992.53,65030.47,no
KXBTC15M-26AUG091900,"Target Price: $64,984.68",2026-08-09 18:45:00-04:00,2026-08-09 19:00:00-04:00,65030.47,64984.68,yes
KXBTC15M-26AUG091845,"Target Price: $65,185.09",2026-08-09 18:30:00-04:00,2026-08-09 18:45:00-04:00,64984.68,65185.09,no
KXBTC15M-26AUG091830,"Target Price: $65,321.32",2026-08-09 18:15:00-04:00,2026-08-09 18:30:00-04:00,65185.09,65321.32,no
KXBTC15M-26AUG091815,"Target Price: $65,157.62",2026-08-09 18:00:00-04:00,2026-08-09 18:15:00-04:00,65321.32,65157.62,yes
KXBTC15M-26AUG091800,"Target Price: $65,177.36",2026-08-09 17:45:00-04:00,2026-08-09 18:00:00-04:00,65157.62,65177.36,no
KXBTC15M-26AUG091745,"Target Price: $65,090.95",2026-08-09 17:30:00-04:00,2026-08-09 17:45:00-04:00,65177.36,65090.95,yes
KXBTC15M-26AUG091730,"Target Price: $65,087.23",2026-08-09 17:15:00-04:00,2026-08-09 17:30:00-04:00,65090.95,65087.23,yes
KXBTC15M-26AUG091715,"Target Price: $65,092.42",2026-08-09 17:00:00-04:00,2026-08-09 17:15:00-04:00,65087.23,65092.42,no
KXBTC15M-26AUG091700,"Target Price: $65,096.02",2026-08-09 16:45:00-04:00,2026-08-09 17:00:00-04:00,65092.42,65096.02,no
KXBTC15M-26AUG091645,"Target Price: $65,080.58",2026-08-09 16:30:00-04:00,2026-08-09 16:45:00-04:00,65096.02,65080.58,yes
KXBTC15M-26AUG091630,"Target Price: $65,038.17",2026-08-09 16:15:00-04:00,2026-08-09 16:30:00-04:00,65080.58,65038.17,yes
KXBTC15M-26AUG091615,"Target Price: $65,134.83",2026-08-09 16:00:00-04:00,2026-08-09 16:15:00-04:00,65038.17,65134.83,no
KXBTC15M-26AUG091600,"Target Price: $65,151.43",2026-08-09 15:45:00-04:00,2026-08-09 16:00:00-04:00,65134.83,65151.43,no
KXBTC15M-26AUG091545,"Target Price: $65,160.13",2026-08-09 15:30:00-04:00,2026-08-09 15:45:00-04:00,65151.43,65160.13,no
KXBTC15M-26AUG091530,"Target Price: $65,142.01",2026-08-09 15:15:00-04:00,2026-08-09 15:30:00-04:00,65160.13,65142.01,yes
KXBTC15M-26AUG091515,"Target Price: $65,147.50",2026-08-09 15:00:00-04:00,2026-08-09 15:15:00-04:00,65142.01,65147.5,no
KXBTC15M-26AUG091500,"Target Price: $65,165.09",2026-08-09 14:45:00-04:00,2026-08-09 15:00:00-04:00,65147.50,65165.09,no
KXBTC15M-26AUG091445,"Target Price: $65,164.39",2026-08-09 14:30:00-04:00,2026-08-09 14:45:00-04:00,65165.09,65164.39,yes
KXBTC15M-26AUG091430,"Target Price: $65,153.39",2026-08-09 14:15:00-04:00,2026-08-09 14:30:00-04:00,65164.39,65153.39,yes
KXBTC15M-26AUG091415,"Target Price: $65,149.17",2026-08-09 14:00:00-04:00,2026-08-09 14:15:00-04:00,65153.39,65149.17,yes
KXBTC15M-26AUG091400,"Target Price: $65,182.91",2026-08-09 13:45:00-04:00,2026-08-09 14:00:00-04:00,65149.17,65182.91,no
KXBTC15M-26AUG091345,"Target Price: $65,184.82",2026-08-09 13:30:00-04:00,2026-08-09 13:45:00-04:00,65182.91,65184.82,no
KXBTC15M-26AUG091330,"Target Price: $65,176.60",2026-08-09 13:15:00-04:00,2026-08-09 13:30:00-04:00,65184.82,65176.6,yes
KXBTC15M-26AUG091315,"Target Price: $65,184.78",2026-08-09 13:00:00-04:00,2026-08-09 13:15:00-04:00,65176.60,65184.78,no
KXBTC15M-26AUG091300,"Target Price: $65,198.37",2026-08-09 12:45:00-04:00,2026-08-09 13:00:00-04:00,65184.78,65198.37,no
KXBTC15M-26AUG091245,"Target Price: $65,137.71",2026-08-09 12:30:00-04:00,2026-08-09 12:45:00-04:00,65198.37,65137.71,yes
KXBTC15M-26AUG091230,"Target Price: $65,189.25",2026-08-09 12:15:00-04:00,2026-08-09 12:30:00-04:00,65137.71,65189.25,no
KXBTC15M-26AUG091215,"Target Price: $65,182.60",2026-08-09 12:00:00-04:00,2026-08-09 12:15:00-04:00,65189.25,65182.6,yes
KXBTC15M-26AUG091200,"Target Price: $65,178.69",2026-08-09 11:45:00-04:00,2026-08-09 12:00:00-04:00,65182.60,65178.69,yes
KXBTC15M-26AUG091145,"Target Price: $65,183.93",2026-08-09 11:30:00-04:00,2026-08-09 11:45:00-04:00,65178.69,65183.93,no
KXBTC15M-26AUG091130,"Target Price: $65,194.32",2026-08-09 11:15:00-04:00,2026-08-09 11:30:00-04:00,65183.93,65194.32,no
KXBTC15M-26AUG091115,"Target Price: $65,221.06",2026-08-09 11:00:00-04:00,2026-08-09 11:15:00-04:00,65194.32,65221.06,no
KXBTC15M-26AUG091100,"Target Price: $65,119.77",2026-08-09 10:45:00-04:00,2026-08-09 11:00:00-04:00,65221.06,65119.77,yes
KXBTC15M-26AUG091045,"Target Price: $65,140.46",2026-08-09 10:30:00-04:00,2026-08-09 10:45:00-04:00,65119.77,65140.46,no
KXBTC15M-26AUG091030,"Target Price: $65,189.55",2026-08-09 10:15:00-04:00,2026-08-09 10:30:00-04:00,65140.46,65189.55,no
KXBTC15M-26AUG091015,"Target Price: $65,171.46",2026-08-09 10:00:00-04:00,2026-08-09 10:15:00-04:00,65189.55,65171.46,yes
KXBTC15M-26AUG091000,"Target Price: $65,172.83",2026-08-09 09:45:00-04:00,2026-08-09 10:00:00-04:00,65171.46,65172.83,no
KXBTC15M-26AUG090945,"Target Price: $65,027.83",2026-08-09 09:30:00-04:00,2026-08-09 09:45:00-04:00,65172.83,65027.83,yes
KXBTC15M-26AUG090930,"Target Price: $64,972.00",2026-08-09 09:15:00-04:00,2026-08-09 09:30:00-04:00,65027.83,64972.0,yes
KXBTC15M-26AUG090915,"Target Price: $64,907.09",2026-08-09 09:00:00-04:00,2026-08-09 09:15:00-04:00,64972.00,64907.09,yes
KXBTC15M-26AUG090900,"Target Price: $64,890.37",2026-08-09 08:45:00-04:00,2026-08-09 09:00:00-04:00,64907.09,64890.37,yes
KXBTC15M-26AUG090845,"Target Price: $64,893.83",2026-08-09 08:30:00-04:00,2026-08-09 08:45:00-04:00,64890.37,64893.83,no
KXBTC15M-26AUG090830,"Target Price: $64,893.57",2026-08-09 08:15:00-04:00,2026-08-09 08:30:00-04:00,64893.83,64893.57,yes
KXBTC15M-26AUG090815,"Target Price: $64,904.99",2026-08-09 08:00:00-04:00,2026-08-09 08:15:00-04:00,64893.57,64904.99,no
KXBTC15M-26AUG090800,"Target Price: $64,938.11",2026-08-09 07:45:00-04:00,2026-08-09 08:00:00-04:00,64904.99,64938.11,no
KXBTC15M-26AUG090745,"Target Price: $64,922.47",2026-08-09 07:30:00-04:00,2026-08-09 07:45:00-04:00,64938.11,64922.47,yes
KXBTC15M-26AUG090730,"Target Price: $64,923.79",2026-08-09 07:15:00-04:00,2026-08-09 07:30:00-04:00,64922.47,64923.79,no
KXBTC15M-26AUG090715,"Target Price: $64,909.56",2026-08-09 07:00:00-04:00,2026-08-09 07:15:00-04:00,64923.79,64909.56,yes
KXBTC15M-26AUG090700,"Target Price: $64,891.27",2026-08-09 06:45:00-04:00,2026-08-09 07:00:00-04:00,64909.56,64891.27,yes
KXBTC15M-26AUG090645,"Target Price: $64,911.19",2026-08-09 06:30:00-04:00,2026-08-09 06:45:00-04:00,64891.27,64911.19,no
KXBTC15M-26AUG090630,"Target Price: $64,899.66",2026-08-09 06:15:00-04:00,2026-08-09 06:30:00-04:00,64911.19,64899.66,yes
KXBTC15M-26AUG090615,"Target Price: $64,814.92",2026-08-09 06:00:00-04:00,2026-08-09 06:15:00-04:00,64899.66,64814.92,yes
KXBTC15M-26AUG090600,"Target Price: $64,768.21",2026-08-09 05:45:00-04:00,2026-08-09 06:00:00-04:00,64814.92,64768.21,yes
KXBTC15M-26AUG090545,"Target Price: $64,764.09",2026-08-09 05:30:00-04:00,2026-08-09 05:45:00-04:00,64768.21,64764.09,yes
KXBTC15M-26AUG090530,"Target Price: $64,777.46",2026-08-09 05:15:00-04:00,2026-08-09 05:30:00-04:00,64764.09,64777.46,no
KXBTC15M-26AUG090515,"Target Price: $64,771.97",2026-08-09 05:00:00-04:00,2026-08-09 05:15:00-04:00,64777.46,64771.97,yes
KXBTC15M-26AUG090500,"Target Price: $64,753.57",2026-08-09 04:45:00-04:00,2026-08-09 05:00:00-04:00,64771.97,64753.57,yes
KXBTC15M-26AUG090445,"Target Price: $64,835.00",2026-08-09 04:30:00-04:00,2026-08-09 04:45:00-04:00,64753.57,64835.0,no
KXBTC15M-26AUG090430,"Target Price: $64,868.40",2026-08-09 04:15:00-04:00,2026-08-09 04:30:00-04:00,64835.00,64868.4,no
KXBTC15M-26AUG090415,"Target Price: $64,779.87",2026-08-09 04:00:00-04:00,2026-08-09 04:15:00-04:00,64868.40,64779.87,yes
KXBTC15M-26AUG090400,"Target Price: $64,786.97",2026-08-09 03:45:00-04:00,2026-08-09 04:00:00-04:00,64779.87,64786.97,no
KXBTC15M-26AUG090345,"Target Price: $64,792.01",2026-08-09 03:30:00-04:00,2026-08-09 03:45:00-04:00,64786.97,64792.01,no
KXBTC15M-26AUG090330,"Target Price: $64,803.95",2026-08-09 03:15:00-04:00,2026-08-09 03:30:00-04:00,64792.01,64803.95,no
KXBTC15M-26AUG090315,"Target Price: $64,803.49",2026-08-09 03:00:00-04:00,2026-08-09 03:15:00-04:00,64803.95,64803.49,yes
KXBTC15M-26AUG090300,"Target Price: $64,802.45",2026-08-09 02:45:00-04:00,2026-08-09 03:00:00-04:00,64803.49,64802.45,yes
KXBTC15M-26AUG090245,"Target Price: $64,784.43",2026-08-09 02:30:00-04:00,2026-08-09 02:45:00-04:00,64802.45,64784.43,yes
KXBTC15M-26AUG090230,"Target Price: $64,756.97",2026-08-09 02:15:00-04:00,2026-08-09 02:30:00-04:00,64784.43,64756.97,yes
KXBTC15M-26AUG090215,"Target Price: $64,746.54",2026-08-09 02:00:00-04:00,2026-08-09 02:15:00-04:00,64756.97,64746.54,yes
KXBTC15M-26AUG090200,"Target Price: $64,734.07",2026-08-09 01:45:00-04:00,2026-08-09 02:00:00-04:00,64746.54,64734.07,yes
KXBTC15M-26AUG090145,"Target Price: $64,733.46",2026-08-09 01:30:00-04:00,2026-08-09 01:45:00-04:00,64734.07,64733.46,yes
KXBTC15M-26AUG090130,"Target Price: $64,736.43",2026-08-09 01:15:00-04:00,2026-08-09 01:30:00-04:00,64733.46,64736.43,no
KXBTC15M-26AUG090115,"Target Price: $64,737.63",2026-08-09 01:00:00-04:00,2026-08-09 01:15:00-04:00,64736.43,64737.63,no
KXBTC15M-26AUG090100,"Target Price: $64,756.96",2026-08-09 00:45:00-04:00,2026-08-09 01:00:00-04:00,64737.63,64756.96,no
KXBTC15M-26AUG090045,"Target Price: $64,770.91",2026-08-09 00:30:00-04:00,2026-08-09 00:45:00-04:00,64756.96,64770.91,no
KXBTC15M-26AUG090030,"Target Price: $64,766.70",2026-08-09 00:15:00-04:00,2026-08-09 00:30:00-04:00,64770.91,64766.7,yes
KXBTC15M-26AUG090015,"Target Price: $64,736.76",2026-08-09 00:00:00-04:00,2026-08-09 00:15:00-04:00,64766.70,64736.76,yes
KXBTC15M-26AUG090000,"Target Price: $64,747.31",2026-08-08 23:45:00-04:00,2026-08-09 00:00:00-04:00,64736.76,64747.31,no
KXBTC15M-26AUG082345,"Target Price: $64,730.75",2026-08-08 23:30:00-04:00,2026-08-08 23:45:00-04:00,64747.31,64730.75,yes
KXBTC15M-26AUG082330,"Target Price: $64,711.15",2026-08-08 23:15:00-04:00,2026-08-08 23:30:00-04:00,64730.75,64711.15,yes
KXBTC15M-26AUG082315,"Target Price: $64,771.64",2026-08-08 23:00:00-04:00,2026-08-08 23:15:00-04:00,64711.15,64771.64,no
KXBTC15M-26AUG082300,"Target Price: $64,742.64",2026-08-08 22:45:00-04:00,2026-08-08 23:00:00-04:00,64771.64,64742.64,yes
KXBTC15M-26AUG082245,"Target Price: $64,791.75",2026-08-08 22:30:00-04:00,2026-08-08 22:45:00-04:00,64742.64,64791.75,no
KXBTC15M-26AUG082230,"Target Price: $64,802.04",2026-08-08 22:15:00-04:00,2026-08-08 22:30:00-04:00,64791.75,64802.04,no
KXBTC15M-26AUG082215,"Target Price: $64,813.48",2026-08-08 22:00:00-04:00,2026-08-08 22:15:00-04:00,64802.04,64813.48,no
KXBTC15M-26AUG082200,"Target Price: $64,833.75",2026-08-08 21:45:00-04:00,2026-08-08 22:00:00-04:00,64813.48,64833.75,no
KXBTC15M-26AUG082145,"Target Price: $64,816.67",2026-08-08 21:30:00-04:00,2026-08-08 21:45:00-04:00,64833.75,64816.67,yes
KXBTC15M-26AUG082130,"Target Price: $64,930.83",2026-08-08 21:15:00-04:00,2026-08-08 21:30:00-04:00,64816.67,64930.83,no
KXBTC15M-26AUG082115,"Target Price: $64,923.68",2026-08-08 21:00:00-04:00,2026-08-08 21:15:00-04:00,64930.83,64923.68,yes
KXBTC15M-26AUG082100,"Target Price: $64,919.28",2026-08-08 20:45:00-04:00,2026-08-08 21:00:00-04:00,64923.68,64919.28,yes
KXBTC15M-26AUG082045,"Target Price: $64,915.79",2026-08-08 20:30:00-04:00,2026-08-08 20:45:00-04:00,64919.28,64915.79,yes
KXBTC15M-26AUG082030,"Target Price: $64,911.32",2026-08-08 20:15:00-04:00,2026-08-08 20:30:00-04:00,64915.79,64911.32,yes
KXBTC15M-26AUG082015,"Target Price: $64,906.50",2026-08-08 20:00:00-04:00,2026-08-08 20:15:00-04:00,64911.32,64906.5,yes
KXBTC15M-26AUG082000,"Target Price: $64,916.08",2026-08-08 19:45:00-04:00,2026-08-08 20:00:00-04:00,64906.50,64916.08,no
KXBTC15M-26AUG081945,"Target Price: $64,889.43",2026-08-08 19:30:00-04:00,2026-08-08 19:45:00-04:00,64916.08,64889.43,yes
KXBTC15M-26AUG081930,"Target Price: $64,890.74",2026-08-08 19:15:00-04:00,2026-08-08 19:30:00-04:00,64889.43,64890.74,no
KXBTC15M-26AUG081915,"Target Price: $64,899.24",2026-08-08 19:00:00-04:00,2026-08-08 19:15:00-04:00,64890.74,64899.24,no
KXBTC15M-26AUG081900,"Target Price: $64,925.38",2026-08-08 18:45:00-04:00,2026-08-08 19:00:00-04:00,64899.24,64925.38,no
KXBTC15M-26AUG081845,"Target Price: $64,947.92",2026-08-08 18:30:00-04:00,2026-08-08 18:45:00-04:00,64925.38,64947.92,no
KXBTC15M-26AUG081830,"Target Price: $64,953.47",2026-08-08 18:15:00-04:00,2026-08-08 18:30:00-04:00,64947.92,64953.47,no
KXBTC15M-26AUG081815,"Target Price: $64,965.88",2026-08-08 18:00:00-04:00,2026-08-08 18:15:00-04:00,64953.47,64965.88,no
KXBTC15M-26AUG081800,"Target Price: $65,006.97",2026-08-08 17:45:00-04:00,2026-08-08 18:00:00-04:00,64965.88,65006.97,no
KXBTC15M-26AUG081745,"Target Price: $64,992.91",2026-08-08 17:30:00-04:00,2026-08-08 17:45:00-04:00,65006.97,64992.91,yes
KXBTC15M-26AUG081730,"Target Price: $65,003.25",2026-08-08 17:15:00-04:00,2026-08-08 17:30:00-04:00,64992.91,65003.25,no
KXBTC15M-26AUG081715,"Target Price: $65,032.79",2026-08-08 17:00:00-04:00,2026-08-08 17:15:00-04:00,65003.25,65032.79,no
KXBTC15M-26AUG081700,"Target Price: $65,027.88",2026-08-08 16:45:00-04:00,2026-08-08 17:00:00-04:00,65032.79,65027.88,yes
KXBTC15M-26AUG081645,"Target Price: $65,019.94",2026-08-08 16:30:00-04:00,2026-08-08 16:45:00-04:00,65027.88,65019.94,yes
KXBTC15M-26AUG081630,"Target Price: $65,033.10",2026-08-08 16:15:00-04:00,2026-08-08 16:30:00-04:00,65019.94,65033.1,no
KXBTC15M-26AUG081615,"Target Price: $65,029.65",2026-08-08 16:00:00-04:00,2026-08-08 16:15:00-04:00,65033.10,65029.65,yes
KXBTC15M-26AUG081600,"Target Price: $65,000.81",2026-08-08 15:45:00-04:00,2026-08-08 16:00:00-04:00,65029.65,65000.81,yes
KXBTC15M-26AUG081545,"Target Price: $64,982.66",2026-08-08 15:30:00-04:00,2026-08-08 15:45:00-04:00,65000.81,64982.66,yes
KXBTC15M-26AUG081530,"Target Price: $64,983.58",2026-08-08 15:15:00-04:00,2026-08-08 15:30:00-04:00,64982.66,64983.58,no
KXBTC15M-26AUG081515,"Target Price: $65,002.56",2026-08-08 15:00:00-04:00,2026-08-08 15:15:00-04:00,64983.58,65002.56,no
KXBTC15M-26AUG081500,"Target Price: $65,010.35",2026-08-08 14:45:00-04:00,2026-08-08 15:00:00-04:00,65002.56,65010.35,no
KXBTC15M-26AUG081445,"Target Price: $64,999.08",2026-08-08 14:30:00-04:00,2026-08-08 14:45:00-04:00,65010.35,64999.08,yes
KXBTC15M-26AUG081430,"Target Price: $65,061.06",2026-08-08 14:15:00-04:00,2026-08-08 14:30:00-04:00,64999.08,65061.06,no
KXBTC15M-26AUG081415,"Target Price: $65,080.45",2026-08-08 14:00:00-04:00,2026-08-08 14:15:00-04:00,65061.06,65080.45,no
KXBTC15M-26AUG081400,"Target Price: $65,088.77",2026-08-08 13:45:00-04:00,2026-08-08 14:00:00-04:00,65080.45,65088.77,no
KXBTC15M-26AUG081345,"Target Price: $65,075.05",2026-08-08 13:30:00-04:00,2026-08-08 13:45:00-04:00,65088.77,65075.05,yes
KXBTC15M-26AUG081330,"Target Price: $65,082.47",2026-08-08 13:15:00-04:00,2026-08-08 13:30:00-04:00,65075.05,65082.47,no
KXBTC15M-26AUG081315,"Target Price: $65,043.63",2026-08-08 13:00:00-04:00,2026-08-08 13:15:00-04:00,65082.47,65043.63,yes
KXBTC15M-26AUG081300,"Target Price: $65,019.34",2026-08-08 12:45:00-04:00,2026-08-08 13:00:00-04:00,65043.63,65019.34,yes
KXBTC15M-26AUG081245,"Target Price: $65,036.21",2026-08-08 12:30:00-04:00,2026-08-08 12:45:00-04:00,65019.34,65036.21,no
KXBTC15M-26AUG081230,"Target Price: $65,041.47",2026-08-08 12:15:00-04:00,2026-08-08 12:30:00-04:00,65036.21,65041.47,no
KXBTC15M-26AUG081215,"Target Price: $65,039.82",2026-08-08 12:00:00-04:00,2026-08-08 12:15:00-04:00,65041.47,65039.82,yes
KXBTC15M-26AUG081200,"Target Price: $65,024.68",2026-08-08 11:45:00-04:00,2026-08-08 12:00:00-04:00,65039.82,65024.68,yes
KXBTC15M-26AUG081145,"Target Price: $65,047.63",2026-08-08 11:30:00-04:00,2026-08-08 11:45:00-04:00,65024.68,65047.63,no
KXBTC15M-26AUG081130,"Target Price: $65,063.60",2026-08-08 11:15:00-04:00,2026-08-08 11:30:00-04:00,65047.63,65063.6,no
KXBTC15M-26AUG081115,"Target Price: $65,085.50",2026-08-08 11:00:00-04:00,2026-08-08 11:15:00-04:00,65063.60,65085.5,no
KXBTC15M-26AUG081100,"Target Price: $65,071.22",2026-08-08 10:45:00-04:00,2026-08-08 11:00:00-04:00,65085.50,65071.22,yes
KXBTC15M-26AUG081045,"Target Price: $65,086.04",2026-08-08 10:30:00-04:00,2026-08-08 10:45:00-04:00,65071.22,65086.04,no
KXBTC15M-26AUG081030,"Target Price: $65,015.24",2026-08-08 10:15:00-04:00,2026-08-08 10:30:00-04:00,65086.04,65015.24,yes
KXBTC15M-26AUG081015,"Target Price: $64,973.00",2026-08-08 10:00:00-04:00,2026-08-08 10:15:00-04:00,65015.24,64973.0,yes
KXBTC15M-26AUG081000,"Target Price: $64,967.25",2026-08-08 09:45:00-04:00,2026-08-08 10:00:00-04:00,64973.00,64967.25,yes
KXBTC15M-26AUG080945,"Target Price: $64,978.21",2026-08-08 09:30:00-04:00,2026-08-08 09:45:00-04:00,64967.25,64978.21,no
KXBTC15M-26AUG080930,"Target Price: $64,964.60",2026-08-08 09:15:00-04:00,2026-08-08 09:30:00-04:00,64978.21,64964.6,yes
KXBTC15M-26AUG080915,"Target Price: $64,962.45",2026-08-08 09:00:00-04:00,2026-08-08 09:15:00-04:00,64964.60,64962.45,yes
KXBTC15M-26AUG080900,"Target Price: $64,964.77",2026-08-08 08:45:00-04:00,2026-08-08 09:00:00-04:00,64962.45,64964.77,no
KXBTC15M-26AUG080845,"Target Price: $64,935.99",2026-08-08 08:30:00-04:00,2026-08-08 08:45:00-04:00,64964.77,64935.99,yes
KXBTC15M-26AUG080830,"Target Price: $64,947.62",2026-08-08 08:15:00-04:00,2026-08-08 08:30:00-04:00,64935.99,64947.62,no
KXBTC15M-26AUG080815,"Target Price: $64,929.44",2026-08-08 08:00:00-04:00,2026-08-08 08:15:00-04:00,64947.62,64929.44,yes
KXBTC15M-26AUG080800,"Target Price: $64,934.27",2026-08-08 07:45:00-04:00,2026-08-08 08:00:00-04:00,64929.44,64934.27,no
KXBTC15M-26AUG080745,"Target Price: $64,939.80",2026-08-08 07:30:00-04:00,2026-08-08 07:45:00-04:00,64934.27,64939.8,no
KXBTC15M-26AUG080730,"Target Price: $64,976.06",2026-08-08 07:15:00-04:00,2026-08-08 07:30:00-04:00,64939.80,64976.06,no
KXBTC15M-26AUG080715,"Target Price: $64,972.20",2026-08-08 07:00:00-04:00,2026-08-08 07:15:00-04:00,64976.06,64972.2,yes
KXBTC15M-26AUG080700,"Target Price: $64,976.67",2026-08-08 06:45:00-04:00,2026-08-08 07:00:00-04:00,64972.20,64976.67,no
KXBTC15M-26AUG080645,"Target Price: $64,981.69",2026-08-08 06:30:00-04:00,2026-08-08 06:45:00-04:00,64976.67,64981.69,no
KXBTC15M-26AUG080630,"Target Price: $64,963.66",2026-08-08 06:15:00-04:00,2026-08-08 06:30:00-04:00,64981.69,64963.66,yes
KXBTC15M-26AUG080615,"Target Price: $64,957.76",2026-08-08 06:00:00-04:00,2026-08-08 06:15:00-04:00,64963.66,64957.76,yes
KXBTC15M-26AUG080600,"Target Price: $64,975.17",2026-08-08 05:45:00-04:00,2026-08-08 06:00:00-04:00,64957.76,64975.17,no
KXBTC15M-26AUG080545,"Target Price: $64,979.95",2026-08-08 05:30:00-04:00,2026-08-08 05:45:00-04:00,64975.17,64979.95,no
KXBTC15M-26AUG080530,"Target Price: $64,967.79",2026-08-08 05:15:00-04:00,2026-08-08 05:30:00-04:00,64979.95,64967.79,yes
KXBTC15M-26AUG080515,"Target Price: $64,956.87",2026-08-08 05:00:00-04:00,2026-08-08 05:15:00-04:00,64967.79,64956.87,yes
KXBTC15M-26AUG080500,"Target Price: $64,975.95",2026-08-08 04:45:00-04:00,2026-08-08 05:00:00-04:00,64956.87,64975.95,no
KXBTC15M-26AUG080445,"Target Price: $64,945.56",2026-08-08 04:30:00-04:00,2026-08-08 04:45:00-04:00,64975.95,64945.56,yes
KXBTC15M-26AUG080430,"Target Price: $64,934.92",2026-08-08 04:15:00-04:00,2026-08-08 04:30:00-04:00,64945.56,64934.92,yes
KXBTC15M-26AUG080415,"Target Price: $64,934.05",2026-08-08 04:00:00-04:00,2026-08-08 04:15:00-04:00,64934.92,64934.05,yes
KXBTC15M-26AUG080400,"Target Price: $64,919.28",2026-08-08 03:45:00-04:00,2026-08-08 04:00:00-04:00,64934.05,64919.28,yes
KXBTC15M-26AUG080345,"Target Price: $64,967.30",2026-08-08 03:30:00-04:00,2026-08-08 03:45:00-04:00,64919.28,64967.3,no
KXBTC15M-26AUG080330,"Target Price: $64,963.68",2026-08-08 03:15:00-04:00,2026-08-08 03:30:00-04:00,64967.30,64963.68,yes
KXBTC15M-26AUG080315,"Target Price: $64,973.00",2026-08-08 03:00:00-04:00,2026-08-08 03:15:00-04:00,64963.68,64973.0,no
KXBTC15M-26AUG080300,"Target Price: $64,941.19",2026-08-08 02:45:00-04:00,2026-08-08 03:00:00-04:00,64973.00,64941.19,yes
KXBTC15M-26AUG080245,"Target Price: $64,943.47",2026-08-08 02:30:00-04:00,2026-08-08 02:45:00-04:00,64941.19,64943.47,no
KXBTC15M-26AUG080230,"Target Price: $64,948.96",2026-08-08 02:15:00-04:00,2026-08-08 02:30:00-04:00,64943.47,64948.96,no
KXBTC15M-26AUG080215,Target price: TBD,2026-08-08 02:00:00-04:00,2026-08-08 02:15:00-04:00,64948.96,,no
KXBTC15M-26AUG080200,"Target Price: $64,979.84",2026-08-08 01:45:00-04:00,2026-08-08 02:00:00-04:00,64959.19,64979.84,no
KXBTC15M-26AUG080145,"Target Price: $64,985.00",2026-08-08 01:30:00-04:00,2026-08-08 01:45:00-04:00,64979.84,64985.0,no
KXBTC15M-26AUG080130,"Target Price: $64,960.36",2026-08-08 01:15:00-04:00,2026-08-08 01:30:00-04:00,64985.00,64960.36,yes
KXBTC15M-26AUG080115,"Target Price: $64,974.63",2026-08-08 01:00:00-04:00,2026-08-08 01:15:00-04:00,64960.36,64974.63,no
KXBTC15M-26AUG080100,"Target Price: $64,999.96",2026-08-08 00:45:00-04:00,2026-08-08 01:00:00-04:00,64974.63,64999.96,no
KXBTC15M-26AUG080045,"Target Price: $64,963.93",2026-08-08 00:30:00-04:00,2026-08-08 00:45:00-04:00,64999.96,64963.93,yes
KXBTC15M-26AUG080030,"Target Price: $64,941.68",2026-08-08 00:15:00-04:00,2026-08-08 00:30:00-04:00,64963.93,64941.68,yes
KXBTC15M-26AUG080015,"Target Price: $64,993.49",2026-08-08 00:00:00-04:00,2026-08-08 00:15:00-04:00,64941.68,64993.49,no
KXBTC15M-26AUG080000,"Target Price: $64,978.38",2026-08-07 23:45:00-04:00,2026-08-08 00:00:00-04:00,64993.49,64978.38,yes
KXBTC15M-26AUG072345,"Target Price: $64,988.23",2026-08-07 23:30:00-04:00,2026-08-07 23:45:00-04:00,64978.38,64988.23,no
KXBTC15M-26AUG072330,"Target Price: $64,902.13",2026-08-07 23:15:00-04:00,2026-08-07 23:30:00-04:00,64988.23,64902.13,yes
KXBTC15M-26AUG072315,"Target Price: $64,890.54",2026-08-07 23:00:00-04:00,2026-08-07 23:15:00-04:00,64902.13,64890.54,yes
KXBTC15M-26AUG072300,"Target Price: $64,887.18",2026-08-07 22:45:00-04:00,2026-08-07 23:00:00-04:00,64890.54,64887.18,yes
KXBTC15M-26AUG072245,"Target Price: $64,894.72",2026-08-07 22:30:00-04:00,2026-08-07 22:45:00-04:00,64887.18,64894.72,no
KXBTC15M-26AUG072230,"Target Price: $64,864.82",2026-08-07 22:15:00-04:00,2026-08-07 22:30:00-04:00,64894.72,64864.82,yes
KXBTC15M-26AUG072215,"Target Price: $64,884.05",2026-08-07 22:00:00-04:00,2026-08-07 22:15:00-04:00,64864.82,64884.05,no
KXBTC15M-26AUG072200,"Target Price: $64,900.05",2026-08-07 21:45:00-04:00,2026-08-07 22:00:00-04:00,64884.05,64900.05,no
KXBTC15M-26AUG072145,"Target Price: $64,885.23",2026-08-07 21:30:00-04:00,2026-08-07 21:45:00-04:00,64900.05,64885.23,yes
KXBTC15M-26AUG072130,"Target Price: $64,923.24",2026-08-07 21:15:00-04:00,2026-08-07 21:30:00-04:00,64885.23,64923.24,no
KXBTC15M-26AUG072115,"Target Price: $64,884.72",2026-08-07 21:00:00-04:00,2026-08-07 21:15:00-04:00,64923.24,64884.72,yes
KXBTC15M-26AUG072100,"Target Price: $64,868.22",2026-08-07 20:45:00-04:00,2026-08-07 21:00:00-04:00,64884.72,64868.22,yes
KXBTC15M-26AUG072045,"Target Price: $64,852.75",2026-08-07 20:30:00-04:00,2026-08-07 20:45:00-04:00,64868.22,64852.75,yes
KXBTC15M-26AUG072030,"Target Price: $64,875.80",2026-08-07 20:15:00-04:00,2026-08-07 20:30:00-04:00,64852.75,64875.8,no
KXBTC15M-26AUG072015,"Target Price: $64,889.12",2026-08-07 20:00:00-04:00,2026-08-07 20:15:00-04:00,64875.80,64889.12,no
KXBTC15M-26AUG072000,"Target Price: $64,868.04",2026-08-07 19:45:00-04:00,2026-08-07 20:00:00-04:00,64889.12,64868.04,yes
KXBTC15M-26AUG071945,"Target Price: $64,859.06",2026-08-07 19:30:00-04:00,2026-08-07 19:45:00-04:00,64868.04,64859.06,yes
KXBTC15M-26AUG071930,"Target Price: $64,861.79",2026-08-07 19:15:00-04:00,2026-08-07 19:30:00-04:00,64859.06,64861.79,no
KXBTC15M-26AUG071915,"Target Price: $64,854.89",2026-08-07 19:00:00-04:00,2026-08-07 19:15:00-04:00,64861.79,64854.89,yes
KXBTC15M-26AUG071900,"Target Price: $64,838.33",2026-08-07 18:45:00-04:00,2026-08-07 19:00:00-04:00,64854.89,64838.33,yes
KXBTC15M-26AUG071845,"Target Price: $64,894.71",2026-08-07 18:30:00-04:00,2026-08-07 18:45:00-04:00,64838.33,64894.71,no
KXBTC15M-26AUG071830,"Target Price: $64,897.42",2026-08-07 18:15:00-04:00,2026-08-07 18:30:00-04:00,64894.71,64897.42,no
KXBTC15M-26AUG071815,"Target Price: $64,909.11",2026-08-07 18:00:00-04:00,2026-08-07 18:15:00-04:00,64897.42,64909.11,no
KXBTC15M-26AUG071800,"Target Price: $64,999.50",2026-08-07 17:45:00-04:00,2026-08-07 18:00:00-04:00,64909.11,64999.5,no
KXBTC15M-26AUG071745,"Target Price: $64,966.80",2026-08-07 17:30:00-04:00,2026-08-07 17:45:00-04:00,64999.50,64966.8,yes
KXBTC15M-26AUG071730,"Target Price: $64,965.53",2026-08-07 17:15:00-04:00,2026-08-07 17:30:00-04:00,64966.80,64965.53,yes
KXBTC15M-26AUG071715,"Target Price: $64,937.47",2026-08-07 17:00:00-04:00,2026-08-07 17:15:00-04:00,64965.53,64937.47,yes
KXBTC15M-26AUG071700,"Target Price: $64,925.51",2026-08-07 16:45:00-04:00,2026-08-07 17:00:00-04:00,64937.47,64925.51,yes
KXBTC15M-26AUG071645,"Target Price: $64,945.57",2026-08-07 16:30:00-04:00,2026-08-07 16:45:00-04:00,64925.51,64945.57,no
KXBTC15M-26AUG071630,"Target Price: $64,948.02",2026-08-07 16:15:00-04:00,2026-08-07 16:30:00-04:00,64945.57,64948.02,no
KXBTC15M-26AUG071615,"Target Price: $64,930.70",2026-08-07 16:00:00-04:00,2026-08-07 16:15:00-04:00,64948.02,64930.7,yes
KXBTC15M-26AUG071600,"Target Price: $64,941.71",2026-08-07 15:45:00-04:00,2026-08-07 16:00:00-04:00,64930.70,64941.71,no
KXBTC15M-26AUG071545,"Target Price: $64,902.09",2026-08-07 15:30:00-04:00,2026-08-07 15:45:00-04:00,64941.71,64902.09,yes
KXBTC15M-26AUG071530,"Target Price: $64,792.17",2026-08-07 15:15:00-04:00,2026-08-07 15:30:00-04:00,64902.09,64792.17,yes
KXBTC15M-26AUG071515,"Target Price: $64,673.11",2026-08-07 15:00:00-04:00,2026-08-07 15:15:00-04:00,64792.17,64673.11,yes
KXBTC15M-26AUG071500,"Target Price: $64,698.10",2026-08-07 14:45:00-04:00,2026-08-07 15:00:00-04:00,64673.11,64698.1,no
KXBTC15M-26AUG071445,"Target Price: $64,772.98",2026-08-07 14:30:00-04:00,2026-08-07 14:45:00-04:00,64698.10,64772.98,no
KXBTC15M-26AUG071430,"Target Price: $64,817.20",2026-08-07 14:15:00-04:00,2026-08-07 14:30:00-04:00,64772.98,64817.2,no
KXBTC15M-26AUG071415,"Target Price: $64,712.92",2026-08-07 14:00:00-04:00,2026-08-07 14:15:00-04:00,64817.20,64712.92,yes
KXBTC15M-26AUG071400,"Target Price: $64,627.90",2026-08-07 13:45:00-04:00,2026-08-07 14:00:00-04:00,64712.92,64627.9,yes
KXBTC15M-26AUG071345,"Target Price: $64,547.33",2026-08-07 13:30:00-04:00,2026-08-07 13:45:00-04:00,64627.90,64547.33,yes
KXBTC15M-26AUG071330,"Target Price: $64,652.46",2026-08-07 13:15:00-04:00,2026-08-07 13:30:00-04:00,64547.33,64652.46,no
KXBTC15M-26AUG071315,"Target Price: $64,783.91",2026-08-07 13:00:00-04:00,2026-08-07 13:15:00-04:00,64652.46,64783.91,no
KXBTC15M-26AUG071300,"Target Price: $64,904.32",2026-08-07 12:45:00-04:00,2026-08-07 13:00:00-04:00,64783.91,64904.32,no
KXBTC15M-26AUG071245,"Target Price: $64,880.95",2026-08-07 12:30:00-04:00,2026-08-07 12:45:00-04:00,64904.32,64880.95,yes
KXBTC15M-26AUG071230,"Target Price: $65,010.16",2026-08-07 12:15:00-04:00,2026-08-07 12:30:00-04:00,64880.95,65010.16,no
KXBTC15M-26AUG071215,"Target Price: $64,862.53",2026-08-07 12:00:00-04:00,2026-08-07 12:15:00-04:00,65010.16,64862.53,yes
KXBTC15M-26AUG071200,"Target Price: $64,979.81",2026-08-07 11:45:00-04:00,2026-08-07 12:00:00-04:00,64862.53,64979.81,no
KXBTC15M-26AUG071145,"Target Price: $64,974.16",2026-08-07 11:30:00-04:00,2026-08-07 11:45:00-04:00,64979.81,64974.16,yes
KXBTC15M-26AUG071130,"Target Price: $64,907.68",2026-08-07 11:15:00-04:00,2026-08-07 11:30:00-04:00,64974.16,64907.68,yes
KXBTC15M-26AUG071115,"Target Price: $64,920.07",2026-08-07 11:00:00-04:00,2026-08-07 11:15:00-04:00,64907.68,64920.07,no
KXBTC15M-26AUG071100,"Target Price: $65,062.06",2026-08-07 10:45:00-04:00,2026-08-07 11:00:00-04:00,64920.07,65062.06,no
KXBTC15M-26AUG071045,"Target Price: $65,132.52",2026-08-07 10:30:00-04:00,2026-08-07 10:45:00-04:00,65062.06,65132.52,no
KXBTC15M-26AUG071030,"Target Price: $64,804.31",2026-08-07 10:15:00-04:00,2026-08-07 10:30:00-04:00,65132.52,64804.31,yes
KXBTC15M-26AUG071015,"Target Price: $64,974.83",2026-08-07 10:00:00-04:00,2026-08-07 10:15:00-04:00,64804.31,64974.83,no
KXBTC15M-26AUG071000,"Target Price: $65,257.33",2026-08-07 09:45:00-04:00,2026-08-07 10:00:00-04:00,64974.83,65257.33,no
KXBTC15M-26AUG070945,"Target Price: $65,115.55",2026-08-07 09:30:00-04:00,2026-08-07 09:45:00-04:00,65257.33,65115.55,yes
KXBTC15M-26AUG070930,"Target Price: $65,190.63",2026-08-07 09:15:00-04:00,2026-08-07 09:30:00-04:00,65115.55,65190.63,no
KXBTC15M-26AUG070915,"Target Price: $65,249.01",2026-08-07 09:00:00-04:00,2026-08-07 09:15:00-04:00,65190.63,65249.01,no
KXBTC15M-26AUG070900,"Target Price: $65,121.86",2026-08-07 08:45:00-04:00,2026-08-07 09:00:00-04:00,65249.01,65121.86,yes
KXBTC15M-26AUG070845,"Target Price: $65,083.18",2026-08-07 08:30:00-04:00,2026-08-07 08:45:00-04:00,65121.86,65083.18,yes
KXBTC15M-26AUG070830,"Target Price: $65,170.77",2026-08-07 08:15:00-04:00,2026-08-07 08:30:00-04:00,65083.18,65170.77,no
KXBTC15M-26AUG070815,"Target Price: $64,977.24",2026-08-07 08:00:00-04:00,2026-08-07 08:15:00-04:00,65170.77,64977.24,yes
KXBTC15M-26AUG070800,"Target Price: $64,994.43",2026-08-07 07:45:00-04:00,2026-08-07 08:00:00-04:00,64977.24,64994.43,no
KXBTC15M-26AUG070745,"Target Price: $65,046.52",2026-08-07 07:30:00-04:00,2026-08-07 07:45:00-04:00,64994.43,65046.52,no
KXBTC15M-26AUG070730,"Target Price: $64,920.88",2026-08-07 07:15:00-04:00,2026-08-07 07:30:00-04:00,65046.52,64920.88,yes
KXBTC15M-26AUG070715,"Target Price: $64,849.19",2026-08-07 07:00:00-04:00,2026-08-07 07:15:00-04:00,64920.88,64849.19,yes
KXBTC15M-26AUG070700,"Target Price: $64,823.40",2026-08-07 06:45:00-04:00,2026-08-07 07:00:00-04:00,64849.19,64823.4,yes
KXBTC15M-26AUG070645,"Target Price: $64,849.10",2026-08-07 06:30:00-04:00,2026-08-07 06:45:00-04:00,64823.40,64849.1,no
KXBTC15M-26AUG070630,"Target Price: $64,803.67",2026-08-07 06:15:00-04:00,2026-08-07 06:30:00-04:00,64849.10,64803.67,yes
KXBTC15M-26AUG070615,"Target Price: $64,795.08",2026-08-07 06:00:00-04:00,2026-08-07 06:15:00-04:00,64803.67,64795.08,yes
KXBTC15M-26AUG070600,"Target Price: $64,856.86",2026-08-07 05:45:00-04:00,2026-08-07 06:00:00-04:00,64795.08,64856.86,no
KXBTC15M-26AUG070545,"Target Price: $64,790.29",2026-08-07 05:30:00-04:00,2026-08-07 05:45:00-04:00,64856.86,64790.29,yes
KXBTC15M-26AUG070530,"Target Price: $64,687.36",2026-08-07 05:15:00-04:00,2026-08-07 05:30:00-04:00,64790.29,64687.36,yes
KXBTC15M-26AUG070515,"Target Price: $64,550.67",2026-08-07 05:00:00-04:00,2026-08-07 05:15:00-04:00,64687.36,64550.67,yes
KXBTC15M-26AUG070500,"Target Price: $64,580.77",2026-08-07 04:45:00-04:00,2026-08-07 05:00:00-04:00,64550.67,64580.77,no
KXBTC15M-26AUG070445,"Target Price: $64,396.11",2026-08-07 04:30:00-04:00,2026-08-07 04:45:00-04:00,64580.77,64396.11,yes
KXBTC15M-26AUG070430,"Target Price: $64,325.12",2026-08-07 04:15:00-04:00,2026-08-07 04:30:00-04:00,64396.11,64325.12,yes
KXBTC15M-26AUG070415,"Target Price: $64,267.37",2026-08-07 04:00:00-04:00,2026-08-07 04:15:00-04:00,64325.12,64267.37,yes
KXBTC15M-26AUG070400,"Target Price: $64,323.85",2026-08-07 03:45:00-04:00,2026-08-07 04:00:00-04:00,64267.37,64323.85,no
KXBTC15M-26AUG070345,"Target Price: $64,358.32",2026-08-07 03:30:00-04:00,2026-08-07 03:45:00-04:00,64323.85,64358.32,no
KXBTC15M-26AUG070330,"Target Price: $64,290.15",2026-08-07 03:15:00-04:00,2026-08-07 03:30:00-04:00,64358.32,64290.15,yes
KXBTC15M-26AUG070315,"Target Price: $64,268.00",2026-08-07 03:00:00-04:00,2026-08-07 03:15:00-04:00,64290.15,64268.0,yes
KXBTC15M-26AUG070300,"Target Price: $64,305.78",2026-08-07 02:45:00-04:00,2026-08-07 03:00:00-04:00,64268.00,64305.78,no
KXBTC15M-26AUG070245,"Target Price: $64,361.42",2026-08-07 02:30:00-04:00,2026-08-07 02:45:00-04:00,64305.78,64361.42,no
KXBTC15M-26AUG070230,"Target Price: $64,337.85",2026-08-07 02:15:00-04:00,2026-08-07 02:30:00-04:00,64361.42,64337.85,yes
KXBTC15M-26AUG070215,"Target Price: $64,294.95",2026-08-07 02:00:00-04:00,2026-08-07 02:15:00-04:00,64337.85,64294.95,yes
KXBTC15M-26AUG070200,"Target Price: $64,223.08",2026-08-07 01:45:00-04:00,2026-08-07 02:00:00-04:00,64294.95,64223.08,yes
KXBTC15M-26AUG070145,"Target Price: $64,126.27",2026-08-07 01:30:00-04:00,2026-08-07 01:45:00-04:00,64223.08,64126.27,yes
KXBTC15M-26AUG070130,"Target Price: $64,197.88",2026-08-07 01:15:00-04:00,2026-08-07 01:30:00-04:00,64126.27,64197.88,no
KXBTC15M-26AUG070115,"Target Price: $64,197.91",2026-08-07 01:00:00-04:00,2026-08-07 01:15:00-04:00,64197.88,64197.91,no
KXBTC15M-26AUG070100,"Target Price: $64,203.16",2026-08-07 00:45:00-04:00,2026-08-07 01:00:00-04:00,64197.91,64203.16,no
KXBTC15M-26AUG070045,"Target Price: $64,246.96",2026-08-07 00:30:00-04:00,2026-08-07 00:45:00-04:00,64203.16,64246.96,no
KXBTC15M-26AUG070030,"Target Price: $64,250.53",2026-08-07 00:15:00-04:00,2026-08-07 00:30:00-04:00,64246.96,64250.53,no
KXBTC15M-26AUG070015,"Target Price: $64,233.80",2026-08-07 00:00:00-04:00,2026-08-07 00:15:00-04:00,64250.53,64233.8,yes
KXBTC15M-26AUG070000,"Target Price: $64,282.19",2026-08-06 23:45:00-04:00,2026-08-07 00:00:00-04:00,64233.80,64282.19,no
KXBTC15M-26AUG062345,"Target Price: $64,263.50",2026-08-06 23:30:00-04:00,2026-08-06 23:45:00-04:00,64282.19,64263.5,yes
KXBTC15M-26AUG062330,"Target Price: $64,279.29",2026-08-06 23:15:00-04:00,2026-08-06 23:30:00-04:00,64263.50,64279.29,no
KXBTC15M-26AUG062315,"Target Price: $64,343.61",2026-08-06 23:00:00-04:00,2026-08-06 23:15:00-04:00,64279.29,64343.61,no
KXBTC15M-26AUG062300,"Target Price: $64,354.82",2026-08-06 22:45:00-04:00,2026-08-06 23:00:00-04:00,64343.61,64354.82,no
KXBTC15M-26AUG062245,"Target Price: $64,262.69",2026-08-06 22:30:00-04:00,2026-08-06 22:45:00-04:00,64354.82,64262.69,yes
KXBTC15M-26AUG062230,"Target Price: $64,341.46",2026-08-06 22:15:00-04:00,2026-08-06 22:30:00-04:00,64262.69,64341.46,no
KXBTC15M-26AUG062215,"Target Price: $64,367.04",2026-08-06 22:00:00-04:00,2026-08-06 22:15:00-04:00,64341.46,64367.04,no
KXBTC15M-26AUG062200,"Target Price: $64,315.09",2026-08-06 21:45:00-04:00,2026-08-06 22:00:00-04:00,64367.04,64315.09,yes
KXBTC15M-26AUG062145,"Target Price: $64,366.47",2026-08-06 21:30:00-04:00,2026-08-06 21:45:00-04:00,64315.09,64366.47,no
KXBTC15M-26AUG062130,"Target Price: $64,305.30",2026-08-06 21:15:00-04:00,2026-08-06 21:30:00-04:00,64366.47,64305.3,yes
KXBTC15M-26AUG062115,"Target Price: $64,252.55",2026-08-06 21:00:00-04:00,2026-08-06 21:15:00-04:00,64305.30,64252.55,yes
KXBTC15M-26AUG062100,"Target Price: $64,260.28",2026-08-06 20:45:00-04:00,2026-08-06 21:00:00-04:00,64252.55,64260.28,no
KXBTC15M-26AUG062045,"Target Price: $64,229.57",2026-08-06 20:30:00-04:00,2026-08-06 20:45:00-04:00,64260.28,64229.57,yes
KXBTC15M-26AUG062030,"Target Price: $64,235.82",2026-08-06 20:15:00-04:00,2026-08-06 20:30:00-04:00,64229.57,64235.82,no
KXBTC15M-26AUG062015,"Target Price: $64,260.11",2026-08-06 20:00:00-04:00,2026-08-06 20:15:00-04:00,64235.82,64260.11,no
KXBTC15M-26AUG062000,"Target Price: $64,171.32",2026-08-06 19:45:00-04:00,2026-08-06 20:00:00-04:00,64260.11,64171.32,yes
KXBTC15M-26AUG061945,"Target Price: $64,196.53",2026-08-06 19:30:00-04:00,2026-08-06 19:45:00-04:00,64171.32,64196.53,no
KXBTC15M-26AUG061930,"Target Price: $64,286.84",2026-08-06 19:15:00-04:00,2026-08-06 19:30:00-04:00,64196.53,64286.84,no
KXBTC15M-26AUG061915,"Target Price: $64,302.06",2026-08-06 19:00:00-04:00,2026-08-06 19:15:00-04:00,64286.84,64302.06,no
KXBTC15M-26AUG061900,"Target Price: $64,288.31",2026-08-06 18:45:00-04:00,2026-08-06 19:00:00-04:00,64302.06,64288.31,yes
KXBTC15M-26AUG061845,"Target Price: $64,306.86",2026-08-06 18:30:00-04:00,2026-08-06 18:45:00-04:00,64288.31,64306.86,no
KXBTC15M-26AUG061830,"Target Price: $64,384.16",2026-08-06 18:15:00-04:00,2026-08-06 18:30:00-04:00,64306.86,64384.16,no
KXBTC15M-26AUG061815,"Target Price: $64,389.78",2026-08-06 18:00:00-04:00,2026-08-06 18:15:00-04:00,64384.16,64389.78,no
KXBTC15M-26AUG061800,"Target Price: $64,409.06",2026-08-06 17:45:00-04:00,2026-08-06 18:00:00-04:00,64389.78,64409.06,no
KXBTC15M-26AUG061745,"Target Price: $64,404.98",2026-08-06 17:30:00-04:00,2026-08-06 17:45:00-04:00,64409.06,64404.98,yes
KXBTC15M-26AUG061730,"Target Price: $64,433.60",2026-08-06 17:15:00-04:00,2026-08-06 17:30:00-04:00,64404.98,64433.6,no
KXBTC15M-26AUG061715,"Target Price: $64,396.95",2026-08-06 17:00:00-04:00,2026-08-06 17:15:00-04:00,64433.60,64396.95,yes
KXBTC15M-26AUG061700,"Target Price: $64,416.42",2026-08-06 16:45:00-04:00,2026-08-06 17:00:00-04:00,64396.95,64416.42,no
KXBTC15M-26AUG061645,"Target Price: $64,427.74",2026-08-06 16:30:00-04:00,2026-08-06 16:45:00-04:00,64416.42,64427.74,no
KXBTC15M-26AUG061630,"Target Price: $64,475.58",2026-08-06 16:15:00-04:00,2026-08-06 16:30:00-04:00,64427.74,64475.58,no
KXBTC15M-26AUG061615,"Target Price: $64,397.08",2026-08-06 16:00:00-04:00,2026-08-06 16:15:00-04:00,64475.58,64397.08,yes
KXBTC15M-26AUG061600,"Target Price: $64,367.00",2026-08-06 15:45:00-04:00,2026-08-06 16:00:00-04:00,64397.08,64367.0,yes
KXBTC15M-26AUG061545,"Target Price: $64,352.76",2026-08-06 15:30:00-04:00,2026-08-06 15:45:00-04:00,64367.00,64352.76,yes
KXBTC15M-26AUG061530,"Target Price: $64,390.64",2026-08-06 15:15:00-04:00,2026-08-06 15:30:00-04:00,64352.76,64390.64,no
KXBTC15M-26AUG061515,"Target Price: $64,358.94",2026-08-06 15:00:00-04:00,2026-08-06 15:15:00-04:00,64390.64,64358.94,yes
KXBTC15M-26AUG061500,"Target Price: $64,366.53",2026-08-06 14:45:00-04:00,2026-08-06 15:00:00-04:00,64358.94,64366.53,no
KXBTC15M-26AUG061445,"Target Price: $64,463.90",2026-08-06 14:30:00-04:00,2026-08-06 14:45:00-04:00,64366.53,64463.9,no
KXBTC15M-26AUG061430,"Target Price: $64,482.43",2026-08-06 14:15:00-04:00,2026-08-06 14:30:00-04:00,64463.90,64482.43,no
KXBTC15M-26AUG061415,"Target Price: $64,567.76",2026-08-06 14:00:00-04:00,2026-08-06 14:15:00-04:00,64482.43,64567.76,no
KXBTC15M-26AUG061400,"Target Price: $64,539.50",2026-08-06 13:45:00-04:00,2026-08-06 14:00:00-04:00,64567.76,64539.5,yes
KXBTC15M-26AUG061345,"Target Price: $64,635.22",2026-08-06 13:30:00-04:00,2026-08-06 13:45:00-04:00,64539.50,64635.22,no
KXBTC15M-26AUG061330,"Target Price: $64,677.51",2026-08-06 13:15:00-04:00,2026-08-06 13:30:00-04:00,64635.22,64677.51,no
KXBTC15M-26AUG061315,"Target Price: $64,695.93",2026-08-06 13:00:00-04:00,2026-08-06 13:15:00-04:00,64677.51,64695.93,no
KXBTC15M-26AUG061300,"Target Price: $64,663.89",2026-08-06 12:45:00-04:00,2026-08-06 13:00:00-04:00,64695.93,64663.89,yes
KXBTC15M-26AUG061245,"Target Price: $64,600.88",2026-08-06 12:30:00-04:00,2026-08-06 12:45:00-04:00,64663.89,64600.88,yes
KXBTC15M-26AUG061230,"Target Price: $64,578.85",2026-08-06 12:15:00-04:00,2026-08-06 12:30:00-04:00,64600.88,64578.85,yes
KXBTC15M-26AUG061215,"Target Price: $64,611.50",2026-08-06 12:00:00-04:00,2026-08-06 12:15:00-04:00,64578.85,64611.5,no
KXBTC15M-26AUG061200,"Target Price: $64,712.28",2026-08-06 11:45:00-04:00,2026-08-06 12:00:00-04:00,64611.50,64712.28,no
KXBTC15M-26AUG061145,"Target Price: $64,771.36",2026-08-06 11:30:00-04:00,2026-08-06 11:45:00-04:00,64712.28,64771.36,no
KXBTC15M-26AUG061130,"Target Price: $64,810.35",2026-08-06 11:15:00-04:00,2026-08-06 11:30:00-04:00,64771.36,64810.35,no
KXBTC15M-26AUG061115,"Target Price: $64,730.67",2026-08-06 11:00:00-04:00,2026-08-06 11:15:00-04:00,64810.35,64730.67,yes
KXBTC15M-26AUG061100,"Target Price: $64,748.10",2026-08-06 10:45:00-04:00,2026-08-06 11:00:00-04:00,64730.67,64748.1,no
KXBTC15M-26AUG061045,"Target Price: $64,370.73",2026-08-06 10:30:00-04:00,2026-08-06 10:45:00-04:00,64748.10,64370.73,yes
KXBTC15M-26AUG061030,"Target Price: $64,415.00",2026-08-06 10:15:00-04:00,2026-08-06 10:30:00-04:00,64370.73,64415.0,no
KXBTC15M-26AUG061015,"Target Price: $64,410.61",2026-08-06 10:00:00-04:00,2026-08-06 10:15:00-04:00,64415.00,64410.61,yes
KXBTC15M-26AUG061000,"Target Price: $64,342.24",2026-08-06 09:45:00-04:00,2026-08-06 10:00:00-04:00,64410.61,64342.24,yes
KXBTC15M-26AUG060945,"Target Price: $64,169.73",2026-08-06 09:30:00-04:00,2026-08-06 09:45:00-04:00,64342.24,64169.73,yes
KXBTC15M-26AUG060930,"Target Price: $64,179.01",2026-08-06 09:15:00-04:00,2026-08-06 09:30:00-04:00,64169.73,64179.01,no
KXBTC15M-26AUG060915,"Target Price: $64,363.46",2026-08-06 09:00:00-04:00,2026-08-06 09:15:00-04:00,64179.01,64363.46,no
KXBTC15M-26AUG060900,"Target Price: $64,455.18",2026-08-06 08:45:00-04:00,2026-08-06 09:00:00-04:00,64363.46,64455.18,no
KXBTC15M-26AUG060845,"Target Price: $64,477.84",2026-08-06 08:30:00-04:00,2026-08-06 08:45:00-04:00,64455.18,64477.84,no
KXBTC15M-26AUG060830,"Target Price: $64,421.85",2026-08-06 08:15:00-04:00,2026-08-06 08:30:00-04:00,64477.84,64421.85,yes
KXBTC15M-26AUG060815,"Target Price: $64,557.30",2026-08-06 08:00:00-04:00,2026-08-06 08:15:00-04:00,64421.85,64557.3,no
KXBTC15M-26AUG060800,"Target Price: $64,576.05",2026-08-06 07:45:00-04:00,2026-08-06 08:00:00-04:00,64557.30,64576.05,no
KXBTC15M-26AUG060745,"Target Price: $64,524.53",2026-08-06 07:30:00-04:00,2026-08-06 07:45:00-04:00,64576.05,64524.53,yes
KXBTC15M-26AUG060730,"Target Price: $64,508.74",2026-08-06 07:15:00-04:00,2026-08-06 07:30:00-04:00,64524.53,64508.74,yes
KXBTC15M-26AUG060715,"Target Price: $64,555.43",2026-08-06 07:00:00-04:00,2026-08-06 07:15:00-04:00,64508.74,64555.43,no
KXBTC15M-26AUG060700,"Target Price: $64,566.60",2026-08-06 06:45:00-04:00,2026-08-06 07:00:00-04:00,64555.43,64566.6,no
KXBTC15M-26AUG060645,"Target Price: $64,615.11",2026-08-06 06:30:00-04:00,2026-08-06 06:45:00-04:00,64566.60,64615.11,no
KXBTC15M-26AUG060630,"Target Price: $64,538.68",2026-08-06 06:15:00-04:00,2026-08-06 06:30:00-04:00,64615.11,64538.68,yes
KXBTC15M-26AUG060615,"Target Price: $64,621.71",2026-08-06 06:00:00-04:00,2026-08-06 06:15:00-04:00,64538.68,64621.71,no
KXBTC15M-26AUG060600,"Target Price: $64,609.25",2026-08-06 05:45:00-04:00,2026-08-06 06:00:00-04:00,64621.71,64609.25,yes
KXBTC15M-26AUG060545,"Target Price: $64,669.33",2026-08-06 05:30:00-04:00,2026-08-06 05:45:00-04:00,64609.25,64669.33,no
KXBTC15M-26AUG060530,"Target Price: $64,703.84",2026-08-06 05:15:00-04:00,2026-08-06 05:30:00-04:00,64669.33,64703.84,no
KXBTC15M-26AUG060515,"Target Price: $64,878.72",2026-08-06 05:00:00-04:00,2026-08-06 05:15:00-04:00,64703.84,64878.72,no
KXBTC15M-26AUG060245,"Target Price: $64,768.78",2026-08-06 02:30:00-04:00,2026-08-06 02:45:00-04:00,64775.55,64768.78,yes
KXBTC15M-26AUG060230,"Target Price: $64,724.01",2026-08-06 02:15:00-04:00,2026-08-06 02:30:00-04:00,64768.78,64724.01,yes
KXBTC15M-26AUG060215,"Target Price: $64,836.28",2026-08-06 02:00:00-04:00,2026-08-06 02:15:00-04:00,64724.01,64836.28,no
KXBTC15M-26AUG060200,"Target Price: $64,838.14",2026-08-06 01:45:00-04:00,2026-08-06 02:00:00-04:00,64836.28,64838.14,no
KXBTC15M-26AUG060145,"Target Price: $64,836.46",2026-08-06 01:30:00-04:00,2026-08-06 01:45:00-04:00,64838.14,64836.46,yes
KXBTC15M-26AUG060130,"Target Price: $64,859.14",2026-08-06 01:15:00-04:00,2026-08-06 01:30:00-04:00,64836.46,64859.14,no
KXBTC15M-26AUG060115,"Target Price: $64,656.73",2026-08-06 01:00:00-04:00,2026-08-06 01:15:00-04:00,64859.14,64656.73,yes
KXBTC15M-26AUG060100,"Target Price: $64,599.91",2026-08-06 00:45:00-04:00,2026-08-06 01:00:00-04:00,64656.73,64599.91,yes
KXBTC15M-26AUG060045,"Target Price: $64,633.72",2026-08-06 00:30:00-04:00,2026-08-06 00:45:00-04:00,64599.91,64633.72,no
KXBTC15M-26AUG060030,"Target Price: $64,522.19",2026-08-06 00:15:00-04:00,2026-08-06 00:30:00-04:00,64633.72,64522.19,yes
KXBTC15M-26AUG060015,"Target Price: $64,476.25",2026-08-06 00:00:00-04:00,2026-08-06 00:15:00-04:00,64522.19,64476.25,yes
KXBTC15M-26AUG060000,"Target Price: $64,448.96",2026-08-05 23:45:00-04:00,2026-08-06 00:00:00-04:00,64476.25,64448.96,yes
KXBTC15M-26AUG052345,"Target Price: $64,484.24",2026-08-05 23:30:00-04:00,2026-08-05 23:45:00-04:00,64448.96,64484.24,no
KXBTC15M-26AUG052330,"Target Price: $64,511.43",2026-08-05 23:15:00-04:00,2026-08-05 23:30:00-04:00,64484.24,64511.43,no
KXBTC15M-26AUG052315,"Target Price: $64,519.95",2026-08-05 23:00:00-04:00,2026-08-05 23:15:00-04:00,64511.43,64519.95,no
KXBTC15M-26AUG052300,"Target Price: $64,511.00",2026-08-05 22:45:00-04:00,2026-08-05 23:00:00-04:00,64519.95,64511.0,yes
KXBTC15M-26AUG052245,"Target Price: $64,463.85",2026-08-05 22:30:00-04:00,2026-08-05 22:45:00-04:00,64511.00,64463.85,yes
KXBTC15M-26AUG052230,"Target Price: $64,540.77",2026-08-05 22:15:00-04:00,2026-08-05 22:30:00-04:00,64463.85,64540.77,no
KXBTC15M-26AUG052215,"Target Price: $64,531.33",2026-08-05 22:00:00-04:00,2026-08-05 22:15:00-04:00,64540.77,64531.33,yes
KXBTC15M-26AUG052200,"Target Price: $64,511.80",2026-08-05 21:45:00-04:00,2026-08-05 22:00:00-04:00,64531.33,64511.8,yes
KXBTC15M-26AUG052145,"Target Price: $64,463.44",2026-08-05 21:30:00-04:00,2026-08-05 21:45:00-04:00,64511.80,64463.44,yes
KXBTC15M-26AUG052130,"Target Price: $64,545.40",2026-08-05 21:15:00-04:00,2026-08-05 21:30:00-04:00,64463.44,64545.4,no
KXBTC15M-26AUG052115,"Target Price: $64,610.49",2026-08-05 21:00:00-04:00,2026-08-05 21:15:00-04:00,64545.40,64610.49,no
KXBTC15M-26AUG052100,"Target Price: $64,589.58",2026-08-05 20:45:00-04:00,2026-08-05 21:00:00-04:00,64610.49,64589.58,yes
KXBTC15M-26AUG052045,"Target Price: $64,627.97",2026-08-05 20:30:00-04:00,2026-08-05 20:45:00-04:00,64589.58,64627.97,no
KXBTC15M-26AUG052030,"Target Price: $64,571.58",2026-08-05 20:15:00-04:00,2026-08-05 20:30:00-04:00,64627.97,64571.58,yes
KXBTC15M-26AUG052015,"Target Price: $64,602.69",2026-08-05 20:00:00-04:00,2026-08-05 20:15:00-04:00,64571.58,64602.69,no
KXBTC15M-26AUG052000,"Target Price: $64,639.90",2026-08-05 19:45:00-04:00,2026-08-05 20:00:00-04:00,64602.69,64639.9,no
KXBTC15M-26AUG051945,"Target Price: $64,650.98",2026-08-05 19:30:00-04:00,2026-08-05 19:45:00-04:00,64639.90,64650.98,no
KXBTC15M-26AUG051930,"Target Price: $64,623.39",2026-08-05 19:15:00-04:00,2026-08-05 19:30:00-04:00,64650.98,64623.39,yes
KXBTC15M-26AUG051915,"Target Price: $64,587.21",2026-08-05 19:00:00-04:00,2026-08-05 19:15:00-04:00,64623.39,64587.21,yes
KXBTC15M-26AUG051900,"Target Price: $64,644.29",2026-08-05 18:45:00-04:00,2026-08-05 19:00:00-04:00,64587.21,64644.29,no
KXBTC15M-26AUG051845,"Target Price: $64,669.96",2026-08-05 18:30:00-04:00,2026-08-05 18:45:00-04:00,64644.29,64669.96,no
KXBTC15M-26AUG051830,"Target Price: $64,628.77",2026-08-05 18:15:00-04:00,2026-08-05 18:30:00-04:00,64669.96,64628.77,yes
KXBTC15M-26AUG051815,"Target Price: $64,677.11",2026-08-05 18:00:00-04:00,2026-08-05 18:15:00-04:00,64628.77,64677.11,no
KXBTC15M-26AUG051800,"Target Price: $64,662.12",2026-08-05 17:45:00-04:00,2026-08-05 18:00:00-04:00,64677.11,64662.12,yes
KXBTC15M-26AUG051745,"Target Price: $64,615.30",2026-08-05 17:30:00-04:00,2026-08-05 17:45:00-04:00,64662.12,64615.3,yes
KXBTC15M-26AUG051730,"Target Price: $64,732.30",2026-08-05 17:15:00-04:00,2026-08-05 17:30:00-04:00,64615.30,64732.3,no
KXBTC15M-26AUG051715,"Target Price: $64,790.29",2026-08-05 17:00:00-04:00,2026-08-05 17:15:00-04:00,64732.30,64790.29,no
KXBTC15M-26AUG051700,"Target Price: $64,930.45",2026-08-05 16:45:00-04:00,2026-08-05 17:00:00-04:00,64790.29,64930.45,no
KXBTC15M-26AUG051645,"Target Price: $64,927.49",2026-08-05 16:30:00-04:00,2026-08-05 16:45:00-04:00,64930.45,64927.49,yes
KXBTC15M-26AUG051630,"Target Price: $64,854.32",2026-08-05 16:15:00-04:00,2026-08-05 16:30:00-04:00,64927.49,64854.32,yes
KXBTC15M-26AUG051615,"Target Price: $64,833.72",2026-08-05 16:00:00-04:00,2026-08-05 16:15:00-04:00,64854.32,64833.72,yes
KXBTC15M-26AUG051600,"Target Price: $64,862.12",2026-08-05 15:45:00-04:00,2026-08-05 16:00:00-04:00,64833.72,64862.12,no
KXBTC15M-26AUG051545,"Target Price: $64,869.87",2026-08-05 15:30:00-04:00,2026-08-05 15:45:00-04:00,64862.12,64869.87,no
KXBTC15M-26AUG051530,"Target Price: $64,846.15",2026-08-05 15:15:00-04:00,2026-08-05 15:30:00-04:00,64869.87,64846.15,yes
KXBTC15M-26AUG051515,"Target Price: $64,747.27",2026-08-05 15:00:00-04:00,2026-08-05 15:15:00-04:00,64846.15,64747.27,yes
KXBTC15M-26AUG051500,"Target Price: $64,747.94",2026-08-05 14:45:00-04:00,2026-08-05 15:00:00-04:00,64747.27,64747.94,no
KXBTC15M-26AUG051445,"Target Price: $64,671.04",2026-08-05 14:30:00-04:00,2026-08-05 14:45:00-04:00,64747.94,64671.04,yes
KXBTC15M-26AUG051430,"Target Price: $64,737.26",2026-08-05 14:15:00-04:00,2026-08-05 14:30:00-04:00,64671.04,64737.26,no
KXBTC15M-26AUG051415,"Target Price: $64,715.68",2026-08-05 14:00:00-04:00,2026-08-05 14:15:00-04:00,64737.26,64715.68,yes
KXBTC15M-26AUG051400,"Target Price: $64,647.65",2026-08-05 13:45:00-04:00,2026-08-05 14:00:00-04:00,64715.68,64647.65,yes
KXBTC15M-26AUG051345,"Target Price: $64,545.25",2026-08-05 13:30:00-04:00,2026-08-05 13:45:00-04:00,64647.65,64545.25,yes
KXBTC15M-26AUG051330,"Target Price: $64,544.43",2026-08-05 13:15:00-04:00,2026-08-05 13:30:00-04:00,64545.25,64544.43,yes
KXBTC15M-26AUG051315,"Target Price: $64,615.89",2026-08-05 13:00:00-04:00,2026-08-05 13:15:00-04:00,64544.43,64615.89,no
KXBTC15M-26AUG051300,"Target Price: $64,643.55",2026-08-05 12:45:00-04:00,2026-08-05 13:00:00-04:00,64615.89,64643.55,no
KXBTC15M-26AUG051245,"Target Price: $64,702.11",2026-08-05 12:30:00-04:00,2026-08-05 12:45:00-04:00,64643.55,64702.11,no
KXBTC15M-26AUG051230,"Target Price: $64,504.86",2026-08-05 12:15:00-04:00,2026-08-05 12:30:00-04:00,64702.11,64504.86,yes
KXBTC15M-26AUG051215,"Target Price: $64,352.60",2026-08-05 12:00:00-04:00,2026-08-05 12:15:00-04:00,64504.86,64352.6,yes
KXBTC15M-26AUG051200,"Target Price: $64,519.91",2026-08-05 11:45:00-04:00,2026-08-05 12:00:00-04:00,64352.60,64519.91,no
KXBTC15M-26AUG051145,"Target Price: $64,474.69",2026-08-05 11:30:00-04:00,2026-08-05 11:45:00-04:00,64519.91,64474.69,yes
KXBTC15M-26AUG051130,"Target Price: $64,610.02",2026-08-05 11:15:00-04:00,2026-08-05 11:30:00-04:00,64474.69,64610.02,no
KXBTC15M-26AUG051115,"Target Price: $64,449.13",2026-08-05 11:00:00-04:00,2026-08-05 11:15:00-04:00,64610.02,64449.13,yes
KXBTC15M-26AUG051100,"Target Price: $64,364.20",2026-08-05 10:45:00-04:00,2026-08-05 11:00:00-04:00,64449.13,64364.2,yes
KXBTC15M-26AUG051045,"Target Price: $64,341.76",2026-08-05 10:30:00-04:00,2026-08-05 10:45:00-04:00,64364.20,64341.76,yes
KXBTC15M-26AUG051030,"Target Price: $64,439.68",2026-08-05 10:15:00-04:00,2026-08-05 10:30:00-04:00,64341.76,64439.68,no
KXBTC15M-26AUG051015,"Target Price: $64,334.11",2026-08-05 10:00:00-04:00,2026-08-05 10:15:00-04:00,64439.68,64334.11,yes
KXBTC15M-26AUG051000,"Target Price: $64,131.40",2026-08-05 09:45:00-04:00,2026-08-05 10:00:00-04:00,64334.11,64131.4,yes
KXBTC15M-26AUG050945,"Target Price: $64,091.57",2026-08-05 09:30:00-04:00,2026-08-05 09:45:00-04:00,64131.40,64091.57,yes
KXBTC15M-26AUG050930,"Target Price: $64,085.35",2026-08-05 09:15:00-04:00,2026-08-05 09:30:00-04:00,64091.57,64085.35,yes
KXBTC15M-26AUG050915,"Target Price: $64,299.11",2026-08-05 09:00:00-04:00,2026-08-05 09:15:00-04:00,64085.35,64299.11,no
KXBTC15M-26AUG050900,"Target Price: $64,427.16",2026-08-05 08:45:00-04:00,2026-08-05 09:00:00-04:00,64299.11,64427.16,no
KXBTC15M-26AUG050845,"Target Price: $64,490.07",2026-08-05 08:30:00-04:00,2026-08-05 08:45:00-04:00,64427.16,64490.07,no
KXBTC15M-26AUG050830,"Target Price: $64,147.49",2026-08-05 08:15:00-04:00,2026-08-05 08:30:00-04:00,64490.07,64147.49,yes
KXBTC15M-26AUG050815,"Target Price: $64,023.50",2026-08-05 08:00:00-04:00,2026-08-05 08:15:00-04:00,64147.49,64023.5,yes
KXBTC15M-26AUG050800,"Target Price: $64,050.72",2026-08-05 07:45:00-04:00,2026-08-05 08:00:00-04:00,64023.50,64050.72,no
KXBTC15M-26AUG050745,"Target Price: $64,030.35",2026-08-05 07:30:00-04:00,2026-08-05 07:45:00-04:00,64050.72,64030.35,yes
KXBTC15M-26AUG050730,"Target Price: $64,041.31",2026-08-05 07:15:00-04:00,2026-08-05 07:30:00-04:00,64030.35,64041.31,no
KXBTC15M-26AUG050715,"Target Price: $64,010.95",2026-08-05 07:00:00-04:00,2026-08-05 07:15:00-04:00,64041.31,64010.95,yes
KXBTC15M-26AUG050700,"Target Price: $64,142.39",2026-08-05 06:45:00-04:00,2026-08-05 07:00:00-04:00,64010.95,64142.39,no
KXBTC15M-26AUG050645,"Target Price: $64,159.29",2026-08-05 06:30:00-04:00,2026-08-05 06:45:00-04:00,64142.39,64159.29,no
KXBTC15M-26AUG050630,"Target Price: $64,108.76",2026-08-05 06:15:00-04:00,2026-08-05 06:30:00-04:00,64159.29,64108.76,yes
KXBTC15M-26AUG050615,"Target Price: $64,100.91",2026-08-05 06:00:00-04:00,2026-08-05 06:15:00-04:00,64108.76,64100.91,yes
KXBTC15M-26AUG050600,"Target Price: $64,116.56",2026-08-05 05:45:00-04:00,2026-08-05 06:00:00-04:00,64100.91,64116.56,no
KXBTC15M-26AUG050545,"Target Price: $64,103.48",2026-08-05 05:30:00-04:00,2026-08-05 05:45:00-04:00,64116.56,64103.48,yes
KXBTC15M-26AUG050530,"Target Price: $64,083.74",2026-08-05 05:15:00-04:00,2026-08-05 05:30:00-04:00,64103.48,64083.74,yes
KXBTC15M-26AUG050515,"Target Price: $64,063.40",2026-08-05 05:00:00-04:00,2026-08-05 05:15:00-04:00,64083.74,64063.4,yes
KXBTC15M-26AUG050500,"Target Price: $64,090.53",2026-08-05 04:45:00-04:00,2026-08-05 05:00:00-04:00,64063.40,64090.53,no
KXBTC15M-26AUG050445,"Target Price: $64,214.92",2026-08-05 04:30:00-04:00,2026-08-05 04:45:00-04:00,64090.53,64214.92,no
KXBTC15M-26AUG050430,"Target Price: $64,159.53",2026-08-05 04:15:00-04:00,2026-08-05 04:30:00-04:00,64214.92,64159.53,yes
KXBTC15M-26AUG050415,"Target Price: $64,105.72",2026-08-05 04:00:00-04:00,2026-08-05 04:15:00-04:00,64159.53,64105.72,yes
KXBTC15M-26AUG050400,"Target Price: $63,963.61",2026-08-05 03:45:00-04:00,2026-08-05 04:00:00-04:00,64105.72,63963.61,yes
KXBTC15M-26AUG050345,"Target Price: $64,023.17",2026-08-05 03:30:00-04:00,2026-08-05 03:45:00-04:00,63963.61,64023.17,no
KXBTC15M-26AUG050330,"Target Price: $64,132.04",2026-08-05 03:15:00-04:00,2026-08-05 03:30:00-04:00,64023.17,64132.04,no
KXBTC15M-26AUG050315,"Target Price: $64,204.99",2026-08-05 03:00:00-04:00,2026-08-05 03:15:00-04:00,64132.04,64204.99,no
KXBTC15M-26AUG050300,"Target Price: $64,248.85",2026-08-05 02:45:00-04:00,2026-08-05 03:00:00-04:00,64204.99,64248.85,no
KXBTC15M-26AUG050245,"Target Price: $64,267.75",2026-08-05 02:30:00-04:00,2026-08-05 02:45:00-04:00,64248.85,64267.75,no
KXBTC15M-26AUG050230,"Target Price: $64,279.80",2026-08-05 02:15:00-04:00,2026-08-05 02:30:00-04:00,64267.75,64279.8,no
KXBTC15M-26AUG050215,"Target Price: $64,307.92",2026-08-05 02:00:00-04:00,2026-08-05 02:15:00-04:00,64279.80,64307.92,no
KXBTC15M-26AUG050200,"Target Price: $64,296.68",2026-08-05 01:45:00-04:00,2026-08-05 02:00:00-04:00,64307.92,64296.68,yes
KXBTC15M-26AUG050145,"Target Price: $64,385.11",2026-08-05 01:30:00-04:00,2026-08-05 01:45:00-04:00,64296.68,64385.11,no
KXBTC15M-26AUG050130,"Target Price: $64,262.37",2026-08-05 01:15:00-04:00,2026-08-05 01:30:00-04:00,64385.11,64262.37,yes
KXBTC15M-26AUG050115,"Target Price: $64,119.82",2026-08-05 01:00:00-04:00,2026-08-05 01:15:00-04:00,64262.37,64119.82,yes
KXBTC15M-26AUG050100,"Target Price: $64,128.11",2026-08-05 00:45:00-04:00,2026-08-05 01:00:00-04:00,64119.82,64128.11,no
KXBTC15M-26AUG050045,"Target Price: $64,101.30",2026-08-05 00:30:00-04:00,2026-08-05 00:45:00-04:00,64128.11,64101.3,yes
KXBTC15M-26AUG050030,"Target Price: $64,085.03",2026-08-05 00:15:00-04:00,2026-08-05 00:30:00-04:00,64101.30,64085.03,yes
KXBTC15M-26AUG050015,"Target Price: $64,129.14",2026-08-05 00:00:00-04:00,2026-08-05 00:15:00-04:00,64085.03,64129.14,no
KXBTC15M-26AUG050000,"Target Price: $64,092.25",2026-08-04 23:45:00-04:00,2026-08-05 00:00:00-04:00,64129.14,64092.25,yes
KXBTC15M-26AUG042345,"Target Price: $64,026.90",2026-08-04 23:30:00-04:00,2026-08-04 23:45:00-04:00,64092.25,64026.9,yes
KXBTC15M-26AUG042330,"Target Price: $64,331.29",2026-08-04 23:15:00-04:00,2026-08-04 23:30:00-04:00,64026.90,64331.29,no
KXBTC15M-26AUG042315,"Target Price: $64,324.93",2026-08-04 23:00:00-04:00,2026-08-04 23:15:00-04:00,64331.29,64324.93,yes
KXBTC15M-26AUG042300,"Target Price: $64,378.64",2026-08-04 22:45:00-04:00,2026-08-04 23:00:00-04:00,64324.93,64378.64,no
KXBTC15M-26AUG042245,"Target Price: $64,384.10",2026-08-04 22:30:00-04:00,2026-08-04 22:45:00-04:00,64378.64,64384.1,no
KXBTC15M-26AUG042230,"Target Price: $64,413.13",2026-08-04 22:15:00-04:00,2026-08-04 22:30:00-04:00,64384.10,64413.13,no
KXBTC15M-26AUG042215,"Target Price: $64,289.17",2026-08-04 22:00:00-04:00,2026-08-04 22:15:00-04:00,64413.13,64289.17,yes
KXBTC15M-26AUG042200,"Target Price: $64,150.94",2026-08-04 21:45:00-04:00,2026-08-04 22:00:00-04:00,64289.17,64150.94,yes
KXBTC15M-26AUG042145,"Target Price: $64,054.32",2026-08-04 21:30:00-04:00,2026-08-04 21:45:00-04:00,64150.94,64054.32,yes
KXBTC15M-26AUG042130,"Target Price: $63,965.46",2026-08-04 21:15:00-04:00,2026-08-04 21:30:00-04:00,64054.32,63965.46,yes
KXBTC15M-26AUG042115,"Target Price: $63,948.64",2026-08-04 21:00:00-04:00,2026-08-04 21:15:00-04:00,63965.46,63948.64,yes
KXBTC15M-26AUG042100,"Target Price: $64,019.28",2026-08-04 20:45:00-04:00,2026-08-04 21:00:00-04:00,63948.64,64019.28,no
KXBTC15M-26AUG042045,"Target Price: $63,981.01",2026-08-04 20:30:00-04:00,2026-08-04 20:45:00-04:00,64019.28,63981.01,yes
KXBTC15M-26AUG042030,"Target Price: $63,986.56",2026-08-04 20:15:00-04:00,2026-08-04 20:30:00-04:00,63981.01,63986.56,no
KXBTC15M-26AUG042015,"Target Price: $64,058.49",2026-08-04 20:00:00-04:00,2026-08-04 20:15:00-04:00,63986.56,64058.49,no
KXBTC15M-26AUG042000,"Target Price: $64,183.99",2026-08-04 19:45:00-04:00,2026-08-04 20:00:00-04:00,64058.49,64183.99,no
KXBTC15M-26AUG041945,"Target Price: $64,156.24",2026-08-04 19:30:00-04:00,2026-08-04 19:45:00-04:00,64183.99,64156.24,yes
KXBTC15M-26AUG041930,"Target Price: $64,380.44",2026-08-04 19:15:00-04:00,2026-08-04 19:30:00-04:00,64156.24,64380.44,no
KXBTC15M-26AUG041915,"Target Price: $64,224.64",2026-08-04 19:00:00-04:00,2026-08-04 19:15:00-04:00,64380.44,64224.64,yes
KXBTC15M-26AUG041900,"Target Price: $64,177.48",2026-08-04 18:45:00-04:00,2026-08-04 19:00:00-04:00,64224.64,64177.48,yes
KXBTC15M-26AUG041845,"Target Price: $64,207.52",2026-08-04 18:30:00-04:00,2026-08-04 18:45:00-04:00,64177.48,64207.52,no
KXBTC15M-26AUG041830,"Target Price: $64,189.65",2026-08-04 18:15:00-04:00,2026-08-04 18:30:00-04:00,64207.52,64189.65,yes
KXBTC15M-26AUG041815,"Target Price: $64,159.58",2026-08-04 18:00:00-04:00,2026-08-04 18:15:00-04:00,64189.65,64159.58,yes
KXBTC15M-26AUG041800,"Target Price: $64,208.79",2026-08-04 17:45:00-04:00,2026-08-04 18:00:00-04:00,64159.58,64208.79,no
KXBTC15M-26AUG041745,"Target Price: $64,219.25",2026-08-04 17:30:00-04:00,2026-08-04 17:45:00-04:00,64208.79,64219.25,no
KXBTC15M-26AUG041730,"Target Price: $64,176.92",2026-08-04 17:15:00-04:00,2026-08-04 17:30:00-04:00,64219.25,64176.92,yes
KXBTC15M-26AUG041715,"Target Price: $64,300.70",2026-08-04 17:00:00-04:00,2026-08-04 17:15:00-04:00,64176.92,64300.7,no
KXBTC15M-26AUG041700,"Target Price: $64,354.61",2026-08-04 16:45:00-04:00,2026-08-04 17:00:00-04:00,64300.70,64354.61,no
KXBTC15M-26AUG041645,"Target Price: $64,091.32",2026-08-04 16:30:00-04:00,2026-08-04 16:45:00-04:00,64354.61,64091.32,yes
KXBTC15M-26AUG041630,"Target Price: $64,139.11",2026-08-04 16:15:00-04:00,2026-08-04 16:30:00-04:00,64091.32,64139.11,no
KXBTC15M-26AUG041615,"Target Price: $64,250.29",2026-08-04 16:00:00-04:00,2026-08-04 16:15:00-04:00,64139.11,64250.29,no
KXBTC15M-26AUG041600,"Target Price: $64,342.68",2026-08-04 15:45:00-04:00,2026-08-04 16:00:00-04:00,64250.29,64342.68,no
KXBTC15M-26AUG041545,"Target Price: $64,241.26",2026-08-04 15:30:00-04:00,2026-08-04 15:45:00-04:00,64342.68,64241.26,yes
KXBTC15M-26AUG041530,"Target Price: $64,299.93",2026-08-04 15:15:00-04:00,2026-08-04 15:30:00-04:00,64241.26,64299.93,no
KXBTC15M-26AUG041515,"Target Price: $64,257.94",2026-08-04 15:00:00-04:00,2026-08-04 15:15:00-04:00,64299.93,64257.94,yes
KXBTC15M-26AUG041500,"Target Price: $64,231.06",2026-08-04 14:45:00-04:00,2026-08-04 15:00:00-04:00,64257.94,64231.06,yes
KXBTC15M-26AUG041445,"Target Price: $64,331.28",2026-08-04 14:30:00-04:00,2026-08-04 14:45:00-04:00,64231.06,64331.28,no
KXBTC15M-26AUG041430,"Target Price: $64,135.93",2026-08-04 14:15:00-04:00,2026-08-04 14:30:00-04:00,64331.28,64135.93,yes
KXBTC15M-26AUG041415,"Target Price: $63,936.19",2026-08-04 14:00:00-04:00,2026-08-04 14:15:00-04:00,64135.93,63936.19,yes
KXBTC15M-26AUG041400,"Target Price: $64,076.60",2026-08-04 13:45:00-04:00,2026-08-04 14:00:00-04:00,63936.19,64076.6,no
KXBTC15M-26AUG041345,"Target Price: $64,105.25",2026-08-04 13:30:00-04:00,2026-08-04 13:45:00-04:00,64076.60,64105.25,no
KXBTC15M-26AUG041330,"Target Price: $64,029.07",2026-08-04 13:15:00-04:00,2026-08-04 13:30:00-04:00,64105.25,64029.07,yes
KXBTC15M-26AUG041315,"Target Price: $63,910.45",2026-08-04 13:00:00-04:00,2026-08-04 13:15:00-04:00,64029.07,63910.45,yes
KXBTC15M-26AUG041300,"Target Price: $63,897.73",2026-08-04 12:45:00-04:00,2026-08-04 13:00:00-04:00,63910.45,63897.73,yes
KXBTC15M-26AUG041245,"Target Price: $63,998.32",2026-08-04 12:30:00-04:00,2026-08-04 12:45:00-04:00,63897.73,63998.32,no
KXBTC15M-26AUG041230,"Target Price: $63,976.77",2026-08-04 12:15:00-04:00,2026-08-04 12:30:00-04:00,63998.32,63976.77,yes
KXBTC15M-26AUG041215,"Target Price: $64,084.73",2026-08-04 12:00:00-04:00,2026-08-04 12:15:00-04:00,63976.77,64084.73,no
KXBTC15M-26AUG041200,"Target Price: $64,008.05",2026-08-04 11:45:00-04:00,2026-08-04 12:00:00-04:00,64084.73,64008.05,yes
KXBTC15M-26AUG041145,"Target Price: $63,892.42",2026-08-04 11:30:00-04:00,2026-08-04 11:45:00-04:00,64008.05,63892.42,yes
KXBTC15M-26AUG041130,"Target Price: $64,016.45",2026-08-04 11:15:00-04:00,2026-08-04 11:30:00-04:00,63892.42,64016.45,no
KXBTC15M-26AUG041115,"Target Price: $64,103.83",2026-08-04 11:00:00-04:00,2026-08-04 11:15:00-04:00,64016.45,64103.83,no
KXBTC15M-26AUG041100,"Target Price: $64,050.67",2026-08-04 10:45:00-04:00,2026-08-04 11:00:00-04:00,64103.83,64050.67,yes
KXBTC15M-26AUG041045,"Target Price: $63,823.18",2026-08-04 10:30:00-04:00,2026-08-04 10:45:00-04:00,64050.67,63823.18,yes
KXBTC15M-26AUG041030,"Target Price: $63,731.50",2026-08-04 10:15:00-04:00,2026-08-04 10:30:00-04:00,63823.18,63731.5,yes
KXBTC15M-26AUG041015,"Target Price: $63,641.71",2026-08-04 10:00:00-04:00,2026-08-04 10:15:00-04:00,63731.50,63641.71,yes
KXBTC15M-26AUG041000,"Target Price: $63,973.67",2026-08-04 09:45:00-04:00,2026-08-04 10:00:00-04:00,63641.71,63973.67,no
KXBTC15M-26AUG040945,"Target Price: $63,853.84",2026-08-04 09:30:00-04:00,2026-08-04 09:45:00-04:00,63973.67,63853.84,yes
KXBTC15M-26AUG040930,"Target Price: $63,888.11",2026-08-04 09:15:00-04:00,2026-08-04 09:30:00-04:00,63853.84,63888.11,no
KXBTC15M-26AUG040915,"Target Price: $63,855.45",2026-08-04 09:00:00-04:00,2026-08-04 09:15:00-04:00,63888.11,63855.45,yes
KXBTC15M-26AUG040900,"Target Price: $63,897.90",2026-08-04 08:45:00-04:00,2026-08-04 09:00:00-04:00,63855.45,63897.9,no
KXBTC15M-26AUG040845,"Target Price: $63,768.99",2026-08-04 08:30:00-04:00,2026-08-04 08:45:00-04:00,63897.90,63768.99,yes
KXBTC15M-26AUG040830,"Target Price: $63,757.13",2026-08-04 08:15:00-04:00,2026-08-04 08:30:00-04:00,63768.99,63757.13,yes
KXBTC15M-26AUG040815,"Target Price: $63,859.12",2026-08-04 08:00:00-04:00,2026-08-04 08:15:00-04:00,63757.13,63859.12,no
KXBTC15M-26AUG040800,"Target Price: $63,777.53",2026-08-04 07:45:00-04:00,2026-08-04 08:00:00-04:00,63859.12,63777.53,yes
KXBTC15M-26AUG040745,"Target Price: $63,717.64",2026-08-04 07:30:00-04:00,2026-08-04 07:45:00-04:00,63777.53,63717.64,yes
KXBTC15M-26AUG040730,"Target Price: $63,679.17",2026-08-04 07:15:00-04:00,2026-08-04 07:30:00-04:00,63717.64,63679.17,yes
KXBTC15M-26AUG040715,"Target Price: $63,695.32",2026-08-04 07:00:00-04:00,2026-08-04 07:15:00-04:00,63679.17,63695.32,no
KXBTC15M-26AUG040700,"Target Price: $63,544.86",2026-08-04 06:45:00-04:00,2026-08-04 07:00:00-04:00,63695.32,63544.86,yes
KXBTC15M-26AUG040645,"Target Price: $63,404.76",2026-08-04 06:30:00-04:00,2026-08-04 06:45:00-04:00,63544.86,63404.76,yes
KXBTC15M-26AUG040630,"Target Price: $63,457.83",2026-08-04 06:15:00-04:00,2026-08-04 06:30:00-04:00,63404.76,63457.83,no
KXBTC15M-26AUG040615,"Target Price: $63,529.25",2026-08-04 06:00:00-04:00,2026-08-04 06:15:00-04:00,63457.83,63529.25,no
KXBTC15M-26AUG040600,"Target Price: $63,506.64",2026-08-04 05:45:00-04:00,2026-08-04 06:00:00-04:00,63529.25,63506.64,yes
KXBTC15M-26AUG040545,"Target Price: $63,514.91",2026-08-04 05:30:00-04:00,2026-08-04 05:45:00-04:00,63506.64,63514.91,no
KXBTC15M-26AUG040530,"Target Price: $63,518.09",2026-08-04 05:15:00-04:00,2026-08-04 05:30:00-04:00,63514.91,63518.09,no
KXBTC15M-26AUG040515,"Target Price: $63,525.77",2026-08-04 05:00:00-04:00,2026-08-04 05:15:00-04:00,63518.09,63525.77,no
KXBTC15M-26AUG040500,"Target Price: $63,522.77",2026-08-04 04:45:00-04:00,2026-08-04 05:00:00-04:00,63525.77,63522.77,yes
KXBTC15M-26AUG040445,"Target Price: $63,561.60",2026-08-04 04:30:00-04:00,2026-08-04 04:45:00-04:00,63522.77,63561.6,no
KXBTC15M-26AUG040430,"Target Price: $63,577.02",2026-08-04 04:15:00-04:00,2026-08-04 04:30:00-04:00,63561.60,63577.02,no
KXBTC15M-26AUG040415,"Target Price: $63,646.83",2026-08-04 04:00:00-04:00,2026-08-04 04:15:00-04:00,63577.02,63646.83,no
KXBTC15M-26AUG040400,"Target Price: $63,616.20",2026-08-04 03:45:00-04:00,2026-08-04 04:00:00-04:00,63646.83,63616.2,yes
KXBTC15M-26AUG040345,"Target Price: $63,572.40",2026-08-04 03:30:00-04:00,2026-08-04 03:45:00-04:00,63616.20,63572.4,yes
KXBTC15M-26AUG040330,"Target Price: $63,534.58",2026-08-04 03:15:00-04:00,2026-08-04 03:30:00-04:00,63572.40,63534.58,yes
KXBTC15M-26AUG040315,"Target Price: $63,618.53",2026-08-04 03:00:00-04:00,2026-08-04 03:15:00-04:00,63534.58,63618.53,no
KXBTC15M-26AUG040300,"Target Price: $63,655.81",2026-08-04 02:45:00-04:00,2026-08-04 03:00:00-04:00,63618.53,63655.81,no
KXBTC15M-26AUG040245,"Target Price: $63,713.37",2026-08-04 02:30:00-04:00,2026-08-04 02:45:00-04:00,63655.81,63713.37,no
KXBTC15M-26AUG040230,"Target Price: $63,742.64",2026-08-04 02:15:00-04:00,2026-08-04 02:30:00-04:00,63713.37,63742.64,no
KXBTC15M-26AUG040215,"Target Price: $63,763.90",2026-08-04 02:00:00-04:00,2026-08-04 02:15:00-04:00,63742.64,63763.9,no
KXBTC15M-26AUG040200,"Target Price: $63,805.44",2026-08-04 01:45:00-04:00,2026-08-04 02:00:00-04:00,63763.90,63805.44,no
KXBTC15M-26AUG040145,"Target Price: $63,770.34",2026-08-04 01:30:00-04:00,2026-08-04 01:45:00-04:00,63805.44,63770.34,yes
KXBTC15M-26AUG040130,"Target Price: $63,805.68",2026-08-04 01:15:00-04:00,2026-08-04 01:30:00-04:00,63770.34,63805.68,no
KXBTC15M-26AUG040115,"Target Price: $63,988.41",2026-08-04 01:00:00-04:00,2026-08-04 01:15:00-04:00,63805.68,63988.41,no
KXBTC15M-26AUG040100,"Target Price: $63,997.16",2026-08-04 00:45:00-04:00,2026-08-04 01:00:00-04:00,63988.41,63997.16,no
KXBTC15M-26AUG040045,"Target Price: $63,780.06",2026-08-04 00:30:00-04:00,2026-08-04 00:45:00-04:00,63997.16,63780.06,yes
KXBTC15M-26AUG040030,"Target Price: $63,748.78",2026-08-04 00:15:00-04:00,2026-08-04 00:30:00-04:00,63780.06,63748.78,yes
KXBTC15M-26AUG040015,"Target Price: $63,749.42",2026-08-04 00:00:00-04:00,2026-08-04 00:15:00-04:00,63748.78,63749.42,no
KXBTC15M-26AUG040000,"Target Price: $63,764.16",2026-08-03 23:45:00-04:00,2026-08-04 00:00:00-04:00,63749.42,63764.16,no
KXBTC15M-26AUG032345,"Target Price: $63,713.44",2026-08-03 23:30:00-04:00,2026-08-03 23:45:00-04:00,63764.16,63713.44,yes
KXBTC15M-26AUG032330,"Target Price: $63,638.21",2026-08-03 23:15:00-04:00,2026-08-03 23:30:00-04:00,63713.44,63638.21,yes
KXBTC15M-26AUG032315,"Target Price: $63,763.20",2026-08-03 23:00:00-04:00,2026-08-03 23:15:00-04:00,63638.21,63763.2,no
KXBTC15M-26AUG032300,"Target Price: $63,843.77",2026-08-03 22:45:00-04:00,2026-08-03 23:00:00-04:00,63763.20,63843.77,no
KXBTC15M-26AUG032245,"Target Price: $63,656.61",2026-08-03 22:30:00-04:00,2026-08-03 22:45:00-04:00,63843.77,63656.61,yes
KXBTC15M-26AUG032230,"Target Price: $63,713.86",2026-08-03 22:15:00-04:00,2026-08-03 22:30:00-04:00,63656.61,63713.86,no
KXBTC15M-26AUG032215,"Target Price: $63,788.48",2026-08-03 22:00:00-04:00,2026-08-03 22:15:00-04:00,63713.86,63788.48,no
KXBTC15M-26AUG032200,"Target Price: $63,733.38",2026-08-03 21:45:00-04:00,2026-08-03 22:00:00-04:00,63788.48,63733.38,yes
KXBTC15M-26AUG032145,"Target Price: $63,439.14",2026-08-03 21:30:00-04:00,2026-08-03 21:45:00-04:00,63733.38,63439.14,yes
KXBTC15M-26AUG032130,"Target Price: $63,404.64",2026-08-03 21:15:00-04:00,2026-08-03 21:30:00-04:00,63439.14,63404.64,yes
KXBTC15M-26AUG032115,"Target Price: $63,296.47",2026-08-03 21:00:00-04:00,2026-08-03 21:15:00-04:00,63404.64,63296.47,yes
KXBTC15M-26AUG032100,"Target Price: $63,335.98",2026-08-03 20:45:00-04:00,2026-08-03 21:00:00-04:00,63296.47,63335.98,no
KXBTC15M-26AUG032045,"Target Price: $63,365.45",2026-08-03 20:30:00-04:00,2026-08-03 20:45:00-04:00,63335.98,63365.45,no
KXBTC15M-26AUG032030,"Target Price: $63,426.57",2026-08-03 20:15:00-04:00,2026-08-03 20:30:00-04:00,63365.45,63426.57,no
KXBTC15M-26AUG032015,"Target Price: $63,462.62",2026-08-03 20:00:00-04:00,2026-08-03 20:15:00-04:00,63426.57,63462.62,no
KXBTC15M-26AUG032000,"Target Price: $63,445.27",2026-08-03 19:45:00-04:00,2026-08-03 20:00:00-04:00,63462.62,63445.27,yes
KXBTC15M-26AUG031945,"Target Price: $63,521.37",2026-08-03 19:30:00-04:00,2026-08-03 19:45:00-04:00,63445.27,63521.37,no
KXBTC15M-26AUG031930,"Target Price: $63,482.99",2026-08-03 19:15:00-04:00,2026-08-03 19:30:00-04:00,63521.37,63482.99,yes
KXBTC15M-26AUG031915,"Target Price: $63,542.66",2026-08-03 19:00:00-04:00,2026-08-03 19:15:00-04:00,63482.99,63542.66,no
KXBTC15M-26AUG031900,"Target Price: $63,451.90",2026-08-03 18:45:00-04:00,2026-08-03 19:00:00-04:00,63542.66,63451.9,yes
KXBTC15M-26AUG031845,"Target Price: $63,478.12",2026-08-03 18:30:00-04:00,2026-08-03 18:45:00-04:00,63451.90,63478.12,no
KXBTC15M-26AUG031830,"Target Price: $63,444.10",2026-08-03 18:15:00-04:00,2026-08-03 18:30:00-04:00,63478.12,63444.1,yes
KXBTC15M-26AUG031815,"Target Price: $63,547.19",2026-08-03 18:00:00-04:00,2026-08-03 18:15:00-04:00,63444.10,63547.19,no
KXBTC15M-26AUG031800,"Target Price: $63,624.23",2026-08-03 17:45:00-04:00,2026-08-03 18:00:00-04:00,63547.19,63624.23,no
KXBTC15M-26AUG031745,"Target Price: $63,662.85",2026-08-03 17:30:00-04:00,2026-08-03 17:45:00-04:00,63624.23,63662.85,no
KXBTC15M-26AUG031730,"Target Price: $63,670.49",2026-08-03 17:15:00-04:00,2026-08-03 17:30:00-04:00,63662.85,63670.49,no
KXBTC15M-26AUG031715,"Target Price: $63,741.16",2026-08-03 17:00:00-04:00,2026-08-03 17:15:00-04:00,63670.49,63741.16,no
KXBTC15M-26AUG031700,"Target Price: $63,859.69",2026-08-03 16:45:00-04:00,2026-08-03 17:00:00-04:00,63741.16,63859.69,no
KXBTC15M-26AUG031645,"Target Price: $63,891.48",2026-08-03 16:30:00-04:00,2026-08-03 16:45:00-04:00,63859.69,63891.48,no
KXBTC15M-26AUG031630,"Target Price: $63,852.65",2026-08-03 16:15:00-04:00,2026-08-03 16:30:00-04:00,63891.48,63852.65,yes
KXBTC15M-26AUG031615,"Target Price: $63,838.96",2026-08-03 16:00:00-04:00,2026-08-03 16:15:00-04:00,63852.65,63838.96,yes
KXBTC15M-26AUG031600,"Target Price: $63,902.75",2026-08-03 15:45:00-04:00,2026-08-03 16:00:00-04:00,63838.96,63902.75,no
KXBTC15M-26AUG031545,"Target Price: $63,929.08",2026-08-03 15:30:00-04:00,2026-08-03 15:45:00-04:00,63902.75,63929.08,no
KXBTC15M-26AUG031530,"Target Price: $63,861.63",2026-08-03 15:15:00-04:00,2026-08-03 15:30:00-04:00,63929.08,63861.63,yes
KXBTC15M-26AUG031515,"Target Price: $63,818.90",2026-08-03 15:00:00-04:00,2026-08-03 15:15:00-04:00,63861.63,63818.9,yes
KXBTC15M-26AUG031500,"Target Price: $63,780.61",2026-08-03 14:45:00-04:00,2026-08-03 15:00:00-04:00,63818.90,63780.61,yes
KXBTC15M-26AUG031445,"Target Price: $63,772.90",2026-08-03 14:30:00-04:00,2026-08-03 14:45:00-04:00,63780.61,63772.9,yes
KXBTC15M-26AUG031430,"Target Price: $63,927.76",2026-08-03 14:15:00-04:00,2026-08-03 14:30:00-04:00,63772.90,63927.76,no
KXBTC15M-26AUG031415,"Target Price: $63,846.14",2026-08-03 14:00:00-04:00,2026-08-03 14:15:00-04:00,63927.76,63846.14,yes
KXBTC15M-26AUG031400,"Target Price: $63,839.89",2026-08-03 13:45:00-04:00,2026-08-03 14:00:00-04:00,63846.14,63839.89,yes
KXBTC15M-26AUG031345,"Target Price: $63,768.26",2026-08-03 13:30:00-04:00,2026-08-03 13:45:00-04:00,63839.89,63768.26,yes
KXBTC15M-26AUG031330,"Target Price: $63,796.91",2026-08-03 13:15:00-04:00,2026-08-03 13:30:00-04:00,63768.26,63796.91,no
KXBTC15M-26AUG031315,"Target Price: $63,714.82",2026-08-03 13:00:00-04:00,2026-08-03 13:15:00-04:00,63796.91,63714.82,yes
KXBTC15M-26AUG031300,"Target Price: $63,705.13",2026-08-03 12:45:00-04:00,2026-08-03 13:00:00-04:00,63714.82,63705.13,yes
KXBTC15M-26AUG031245,"Target Price: $63,836.36",2026-08-03 12:30:00-04:00,2026-08-03 12:45:00-04:00,63705.13,63836.36,no
KXBTC15M-26AUG031230,"Target Price: $63,747.23",2026-08-03 12:15:00-04:00,2026-08-03 12:30:00-04:00,63836.36,63747.23,yes
KXBTC15M-26AUG031215,"Target Price: $63,610.56",2026-08-03 12:00:00-04:00,2026-08-03 12:15:00-04:00,63747.23,63610.56,yes
KXBTC15M-26AUG031200,"Target Price: $63,727.86",2026-08-03 11:45:00-04:00,2026-08-03 12:00:00-04:00,63610.56,63727.86,no
KXBTC15M-26AUG031145,"Target Price: $63,648.87",2026-08-03 11:30:00-04:00,2026-08-03 11:45:00-04:00,63727.86,63648.87,yes
KXBTC15M-26AUG031130,"Target Price: $63,760.31",2026-08-03 11:15:00-04:00,2026-08-03 11:30:00-04:00,63648.87,63760.31,no
KXBTC15M-26AUG031115,"Target Price: $63,870.69",2026-08-03 11:00:00-04:00,2026-08-03 11:15:00-04:00,63760.31,63870.69,no
KXBTC15M-26AUG031100,"Target Price: $63,703.15",2026-08-03 10:45:00-04:00,2026-08-03 11:00:00-04:00,63870.69,63703.15,yes
KXBTC15M-26AUG031045,"Target Price: $63,692.20",2026-08-03 10:30:00-04:00,2026-08-03 10:45:00-04:00,63703.15,63692.2,yes
KXBTC15M-26AUG031030,"Target Price: $63,237.73",2026-08-03 10:15:00-04:00,2026-08-03 10:30:00-04:00,63692.20,63237.73,yes
KXBTC15M-26AUG031015,"Target Price: $63,291.96",2026-08-03 10:00:00-04:00,2026-08-03 10:15:00-04:00,63237.73,63291.96,no
KXBTC15M-26AUG031000,"Target Price: $62,822.86",2026-08-03 09:45:00-04:00,2026-08-03 10:00:00-04:00,63291.96,62822.86,yes
KXBTC15M-26AUG030945,"Target Price: $62,678.06",2026-08-03 09:30:00-04:00,2026-08-03 09:45:00-04:00,62822.86,62678.06,yes
KXBTC15M-26AUG030930,"Target Price: $62,695.13",2026-08-03 09:15:00-04:00,2026-08-03 09:30:00-04:00,62678.06,62695.13,no
KXBTC15M-26AUG030915,"Target Price: $62,621.62",2026-08-03 09:00:00-04:00,2026-08-03 09:15:00-04:00,62695.13,62621.62,yes
KXBTC15M-26AUG030900,"Target Price: $62,642.75",2026-08-03 08:45:00-04:00,2026-08-03 09:00:00-04:00,62621.62,62642.75,no
KXBTC15M-26AUG030845,"Target Price: $62,561.12",2026-08-03 08:30:00-04:00,2026-08-03 08:45:00-04:00,62642.75,62561.12,yes
KXBTC15M-26AUG030830,"Target Price: $62,477.88",2026-08-03 08:15:00-04:00,2026-08-03 08:30:00-04:00,62561.12,62477.88,yes
KXBTC15M-26AUG030815,"Target Price: $62,486.20",2026-08-03 08:00:00-04:00,2026-08-03 08:15:00-04:00,62477.88,62486.2,no
KXBTC15M-26AUG030800,"Target Price: $62,621.99",2026-08-03 07:45:00-04:00,2026-08-03 08:00:00-04:00,62486.20,62621.99,no
KXBTC15M-26AUG030745,"Target Price: $62,642.06",2026-08-03 07:30:00-04:00,2026-08-03 07:45:00-04:00,62621.99,62642.06,no
KXBTC15M-26AUG030730,"Target Price: $62,569.99",2026-08-03 07:15:00-04:00,2026-08-03 07:30:00-04:00,62642.06,62569.99,yes
KXBTC15M-26AUG030715,"Target Price: $62,670.24",2026-08-03 07:00:00-04:00,2026-08-03 07:15:00-04:00,62569.99,62670.24,no
KXBTC15M-26AUG030700,"Target Price: $62,629.96",2026-08-03 06:45:00-04:00,2026-08-03 07:00:00-04:00,62670.24,62629.96,yes
KXBTC15M-26AUG030645,"Target Price: $62,667.59",2026-08-03 06:30:00-04:00,2026-08-03 06:45:00-04:00,62629.96,62667.59,no
KXBTC15M-26AUG030630,"Target Price: $62,714.19",2026-08-03 06:15:00-04:00,2026-08-03 06:30:00-04:00,62667.59,62714.19,no
KXBTC15M-26AUG030615,"Target Price: $62,759.69",2026-08-03 06:00:00-04:00,2026-08-03 06:15:00-04:00,62714.19,62759.69,no
KXBTC15M-26AUG030600,"Target Price: $62,612.08",2026-08-03 05:45:00-04:00,2026-08-03 06:00:00-04:00,62759.69,62612.08,yes
KXBTC15M-26AUG030545,"Target Price: $62,564.96",2026-08-03 05:30:00-04:00,2026-08-03 05:45:00-04:00,62612.08,62564.96,yes
KXBTC15M-26AUG030530,"Target Price: $62,495.77",2026-08-03 05:15:00-04:00,2026-08-03 05:30:00-04:00,62564.96,62495.77,yes
KXBTC15M-26AUG030515,"Target Price: $62,462.13",2026-08-03 05:00:00-04:00,2026-08-03 05:15:00-04:00,62495.77,62462.13,yes
KXBTC15M-26AUG030500,"Target Price: $62,361.67",2026-08-03 04:45:00-04:00,2026-08-03 05:00:00-04:00,62462.13,62361.67,yes
KXBTC15M-26AUG030445,"Target Price: $62,273.03",2026-08-03 04:30:00-04:00,2026-08-03 04:45:00-04:00,62361.67,62273.03,yes
KXBTC15M-26AUG030430,"Target Price: $62,488.36",2026-08-03 04:15:00-04:00,2026-08-03 04:30:00-04:00,62273.03,62488.36,no
KXBTC15M-26AUG030415,"Target Price: $62,532.80",2026-08-03 04:00:00-04:00,2026-08-03 04:15:00-04:00,62488.36,62532.8,no
KXBTC15M-26AUG030400,"Target Price: $62,557.22",2026-08-03 03:45:00-04:00,2026-08-03 04:00:00-04:00,62532.80,62557.22,no
KXBTC15M-26AUG030345,"Target Price: $62,570.21",2026-08-03 03:30:00-04:00,2026-08-03 03:45:00-04:00,62557.22,62570.21,no
KXBTC15M-26AUG030330,"Target Price: $62,560.35",2026-08-03 03:15:00-04:00,2026-08-03 03:30:00-04:00,62570.21,62560.35,yes
KXBTC15M-26AUG030315,"Target Price: $62,546.77",2026-08-03 03:00:00-04:00,2026-08-03 03:15:00-04:00,62560.35,62546.77,yes
KXBTC15M-26AUG030300,"Target Price: $62,580.84",2026-08-03 02:45:00-04:00,2026-08-03 03:00:00-04:00,62546.77,62580.84,no
KXBTC15M-26AUG030245,"Target Price: $62,713.47",2026-08-03 02:30:00-04:00,2026-08-03 02:45:00-04:00,62580.84,62713.47,no
KXBTC15M-26AUG030230,"Target Price: $62,772.53",2026-08-03 02:15:00-04:00,2026-08-03 02:30:00-04:00,62713.47,62772.53,no
KXBTC15M-26AUG030215,"Target Price: $62,745.16",2026-08-03 02:00:00-04:00,2026-08-03 02:15:00-04:00,62772.53,62745.16,yes
KXBTC15M-26AUG030200,"Target Price: $62,731.18",2026-08-03 01:45:00-04:00,2026-08-03 02:00:00-04:00,62745.16,62731.18,yes
KXBTC15M-26AUG030145,"Target Price: $62,764.41",2026-08-03 01:30:00-04:00,2026-08-03 01:45:00-04:00,62731.18,62764.41,no
KXBTC15M-26AUG030130,"Target Price: $62,783.46",2026-08-03 01:15:00-04:00,2026-08-03 01:30:00-04:00,62764.41,62783.46,no
KXBTC15M-26AUG030115,"Target Price: $62,721.29",2026-08-03 01:00:00-04:00,2026-08-03 01:15:00-04:00,62783.46,62721.29,yes
KXBTC15M-26AUG030100,"Target Price: $62,887.06",2026-08-03 00:45:00-04:00,2026-08-03 01:00:00-04:00,62721.29,62887.06,no
KXBTC15M-26AUG030045,"Target Price: $62,893.18",2026-08-03 00:30:00-04:00,2026-08-03 00:45:00-04:00,62887.06,62893.18,no
KXBTC15M-26AUG030030,"Target Price: $62,779.56",2026-08-03 00:15:00-04:00,2026-08-03 00:30:00-04:00,62893.18,62779.56,yes
KXBTC15M-26AUG030015,"Target Price: $62,807.42",2026-08-03 00:00:00-04:00,2026-08-03 00:15:00-04:00,62779.56,62807.42,no
KXBTC15M-26AUG030000,"Target Price: $62,977.74",2026-08-02 23:45:00-04:00,2026-08-03 00:00:00-04:00,62807.42,62977.74,no
KXBTC15M-26AUG022345,"Target Price: $63,001.67",2026-08-02 23:30:00-04:00,2026-08-02 23:45:00-04:00,62977.74,63001.67,no
KXBTC15M-26AUG022330,"Target Price: $63,034.62",2026-08-02 23:15:00-04:00,2026-08-02 23:30:00-04:00,63001.67,63034.62,no
KXBTC15M-26AUG022315,"Target Price: $63,063.66",2026-08-02 23:00:00-04:00,2026-08-02 23:15:00-04:00,63034.62,63063.66,no
KXBTC15M-26AUG022300,"Target Price: $63,115.89",2026-08-02 22:45:00-04:00,2026-08-02 23:00:00-04:00,63063.66,63115.89,no
KXBTC15M-26AUG022245,"Target Price: $63,047.35",2026-08-02 22:30:00-04:00,2026-08-02 22:45:00-04:00,63115.89,63047.35,yes
KXBTC15M-26AUG022230,"Target Price: $63,113.96",2026-08-02 22:15:00-04:00,2026-08-02 22:30:00-04:00,63047.35,63113.96,no
KXBTC15M-26AUG022215,"Target Price: $63,139.61",2026-08-02 22:00:00-04:00,2026-08-02 22:15:00-04:00,63113.96,63139.61,no
KXBTC15M-26AUG022200,"Target Price: $63,147.72",2026-08-02 21:45:00-04:00,2026-08-02 22:00:00-04:00,63139.61,63147.72,no
KXBTC15M-26AUG022145,"Target Price: $63,093.54",2026-08-02 21:30:00-04:00,2026-08-02 21:45:00-04:00,63147.72,63093.54,yes
KXBTC15M-26AUG022130,"Target Price: $63,142.04",2026-08-02 21:15:00-04:00,2026-08-02 21:30:00-04:00,63093.54,63142.04,no
KXBTC15M-26AUG022115,"Target Price: $63,247.01",2026-08-02 21:00:00-04:00,2026-08-02 21:15:00-04:00,63142.04,63247.01,no
KXBTC15M-26AUG022100,"Target Price: $63,258.29",2026-08-02 20:45:00-04:00,2026-08-02 21:00:00-04:00,63247.01,63258.29,no
KXBTC15M-26AUG022045,"Target Price: $63,228.64",2026-08-02 20:30:00-04:00,2026-08-02 20:45:00-04:00,63258.29,63228.64,yes
KXBTC15M-26AUG022030,"Target Price: $63,339.01",2026-08-02 20:15:00-04:00,2026-08-02 20:30:00-04:00,63228.64,63339.01,no
KXBTC15M-26AUG022015,"Target Price: $63,499.39",2026-08-02 20:00:00-04:00,2026-08-02 20:15:00-04:00,63339.01,63499.39,no
KXBTC15M-26AUG022000,"Target Price: $63,455.46",2026-08-02 19:45:00-04:00,2026-08-02 20:00:00-04:00,63499.39,63455.46,yes
KXBTC15M-26AUG021945,"Target Price: $63,469.33",2026-08-02 19:30:00-04:00,2026-08-02 19:45:00-04:00,63455.46,63469.33,no
KXBTC15M-26AUG021930,"Target Price: $63,294.00",2026-08-02 19:15:00-04:00,2026-08-02 19:30:00-04:00,63469.33,63294.0,yes
KXBTC15M-26AUG021915,"Target Price: $63,364.47",2026-08-02 19:00:00-04:00,2026-08-02 19:15:00-04:00,63294.00,63364.47,no
KXBTC15M-26AUG021900,"Target Price: $63,422.42",2026-08-02 18:45:00-04:00,2026-08-02 19:00:00-04:00,63364.47,63422.42,no
KXBTC15M-26AUG021845,"Target Price: $63,524.92",2026-08-02 18:30:00-04:00,2026-08-02 18:45:00-04:00,63422.42,63524.92,no
KXBTC15M-26AUG021830,"Target Price: $63,642.67",2026-08-02 18:15:00-04:00,2026-08-02 18:30:00-04:00,63524.92,63642.67,no
KXBTC15M-26AUG021815,"Target Price: $63,509.81",2026-08-02 18:00:00-04:00,2026-08-02 18:15:00-04:00,63642.67,63509.81,yes
KXBTC15M-26AUG021800,"Target Price: $63,629.63",2026-08-02 17:45:00-04:00,2026-08-02 18:00:00-04:00,63509.81,63629.63,no
KXBTC15M-26AUG021745,"Target Price: $63,470.11",2026-08-02 17:30:00-04:00,2026-08-02 17:45:00-04:00,63629.63,63470.11,yes
KXBTC15M-26AUG021730,"Target Price: $63,458.02",2026-08-02 17:15:00-04:00,2026-08-02 17:30:00-04:00,63470.11,63458.02,yes
KXBTC15M-26AUG021715,"Target Price: $63,426.13",2026-08-02 17:00:00-04:00,2026-08-02 17:15:00-04:00,63458.02,63426.13,yes
KXBTC15M-26AUG021700,"Target Price: $63,362.99",2026-08-02 16:45:00-04:00,2026-08-02 17:00:00-04:00,63426.13,63362.99,yes
KXBTC15M-26AUG021645,"Target Price: $63,344.86",2026-08-02 16:30:00-04:00,2026-08-02 16:45:00-04:00,63362.99,63344.86,yes
KXBTC15M-26AUG021630,"Target Price: $63,383.72",2026-08-02 16:15:00-04:00,2026-08-02 16:30:00-04:00,63344.86,63383.72,no
KXBTC15M-26AUG021615,"Target Price: $63,384.63",2026-08-02 16:00:00-04:00,2026-08-02 16:15:00-04:00,63383.72,63384.63,no
KXBTC15M-26AUG021600,"Target Price: $63,318.57",2026-08-02 15:45:00-04:00,2026-08-02 16:00:00-04:00,63384.63,63318.57,yes
KXBTC15M-26AUG021545,"Target Price: $63,268.71",2026-08-02 15:30:00-04:00,2026-08-02 15:45:00-04:00,63318.57,63268.71,yes
KXBTC15M-26AUG021530,"Target Price: $63,293.50",2026-08-02 15:15:00-04:00,2026-08-02 15:30:00-04:00,63268.71,63293.5,no
KXBTC15M-26AUG021515,"Target Price: $63,315.69",2026-08-02 15:00:00-04:00,2026-08-02 15:15:00-04:00,63293.50,63315.69,no
KXBTC15M-26AUG021500,"Target Price: $63,417.14",2026-08-02 14:45:00-04:00,2026-08-02 15:00:00-04:00,63315.69,63417.14,no
KXBTC15M-26AUG021445,"Target Price: $63,225.60",2026-08-02 14:30:00-04:00,2026-08-02 14:45:00-04:00,63417.14,63225.6,yes
KXBTC15M-26AUG021430,"Target Price: $63,247.05",2026-08-02 14:15:00-04:00,2026-08-02 14:30:00-04:00,63225.60,63247.05,no
KXBTC15M-26AUG021415,"Target Price: $63,245.37",2026-08-02 14:00:00-04:00,2026-08-02 14:15:00-04:00,63247.05,63245.37,yes
KXBTC15M-26AUG021400,"Target Price: $63,242.60",2026-08-02 13:45:00-04:00,2026-08-02 14:00:00-04:00,63245.37,63242.6,yes
KXBTC15M-26AUG021345,"Target Price: $63,218.86",2026-08-02 13:30:00-04:00,2026-08-02 13:45:00-04:00,63242.60,63218.86,yes
KXBTC15M-26AUG021330,"Target Price: $63,143.22",2026-08-02 13:15:00-04:00,2026-08-02 13:30:00-04:00,63218.86,63143.22,yes
KXBTC15M-26AUG021315,"Target Price: $63,125.94",2026-08-02 13:00:00-04:00,2026-08-02 13:15:00-04:00,63143.22,63125.94,yes
KXBTC15M-26AUG021300,"Target Price: $63,177.78",2026-08-02 12:45:00-04:00,2026-08-02 13:00:00-04:00,63125.94,63177.78,no
KXBTC15M-26AUG021245,"Target Price: $63,049.04",2026-08-02 12:30:00-04:00,2026-08-02 12:45:00-04:00,63177.78,63049.04,yes
KXBTC15M-26AUG021230,"Target Price: $63,049.66",2026-08-02 12:15:00-04:00,2026-08-02 12:30:00-04:00,63049.04,63049.66,no
KXBTC15M-26AUG021215,"Target Price: $63,048.04",2026-08-02 12:00:00-04:00,2026-08-02 12:15:00-04:00,63049.66,63048.04,yes
KXBTC15M-26AUG021200,"Target Price: $63,086.72",2026-08-02 11:45:00-04:00,2026-08-02 12:00:00-04:00,63048.04,63086.72,no
