event_ticker,yes_sub_title,open_time,close_time,expiration_value,floor_strike,result
KXHYPE15M-26JUN141945,Target Price: $63.8370,2026-06-14 19:30:00-04:00,2026-06-14 19:45:00-04:00,63.9528,63.837,yes
KXHYPE15M-26JUN141930,Target Price: $63.5504,2026-06-14 19:15:00-04:00,2026-06-14 19:30:00-04:00,63.8370,63.5504,yes
KXHYPE15M-26JUN141915,Target Price: $63.0580,2026-06-14 19:00:00-04:00,2026-06-14 19:15:00-04:00,63.5504,63.058,yes
KXHYPE15M-26JUN141900,Target Price: $63.2231,2026-06-14 18:45:00-04:00,2026-06-14 19:00:00-04:00,63.0580,63.2231,no
KXHYPE15M-26JUN141845,Target Price: $63.0505,2026-06-14 18:30:00-04:00,2026-06-14 18:45:00-04:00,63.2231,63.0505,yes
KXHYPE15M-26JUN141830,Target Price: $62.9135,2026-06-14 18:15:00-04:00,2026-06-14 18:30:00-04:00,63.0505,62.9135,yes
KXHYPE15M-26JUN141815,Target Price: $63.2843,2026-06-14 18:00:00-04:00,2026-06-14 18:15:00-04:00,62.9135,63.2843,no
KXHYPE15M-26JUN141800,Target Price: $62.9404,2026-06-14 17:45:00-04:00,2026-06-14 18:00:00-04:00,63.2843,62.9404,yes
KXHYPE15M-26JUN141745,Target Price: $61.7428,2026-06-14 17:30:00-04:00,2026-06-14 17:45:00-04:00,62.9404,61.7428,yes
KXHYPE15M-26JUN141730,Target Price: $60.5784,2026-06-14 17:15:00-04:00,2026-06-14 17:30:00-04:00,61.7428,60.5784,yes
KXHYPE15M-26JUN141715,Target Price: $60.4999,2026-06-14 17:00:00-04:00,2026-06-14 17:15:00-04:00,60.5784,60.4999,yes
KXHYPE15M-26JUN141700,Target Price: $60.6294,2026-06-14 16:45:00-04:00,2026-06-14 17:00:00-04:00,60.4999,60.6294,no
KXHYPE15M-26JUN141645,Target Price: $60.3775,2026-06-14 16:30:00-04:00,2026-06-14 16:45:00-04:00,60.6294,60.3775,yes
KXHYPE15M-26JUN141630,Target Price: $60.4454,2026-06-14 16:15:00-04:00,2026-06-14 16:30:00-04:00,60.3775,60.4454,no
KXHYPE15M-26JUN141615,Target Price: $60.4785,2026-06-14 16:00:00-04:00,2026-06-14 16:15:00-04:00,60.4454,60.4785,no
KXHYPE15M-26JUN141600,Target Price: $60.4730,2026-06-14 15:45:00-04:00,2026-06-14 16:00:00-04:00,60.4785,60.473,yes
KXHYPE15M-26JUN141545,Target Price: $60.6485,2026-06-14 15:30:00-04:00,2026-06-14 15:45:00-04:00,60.4730,60.6485,no
KXHYPE15M-26JUN141530,Target Price: $60.6085,2026-06-14 15:15:00-04:00,2026-06-14 15:30:00-04:00,60.6485,60.6085,yes
KXHYPE15M-26JUN141515,Target Price: $60.3881,2026-06-14 15:00:00-04:00,2026-06-14 15:15:00-04:00,60.6085,60.3881,yes
KXHYPE15M-26JUN141500,Target Price: $60.2073,2026-06-14 14:45:00-04:00,2026-06-14 15:00:00-04:00,60.3881,60.2073,yes
KXHYPE15M-26JUN141445,Target Price: $59.8476,2026-06-14 14:30:00-04:00,2026-06-14 14:45:00-04:00,60.2073,59.8476,yes
KXHYPE15M-26JUN141430,Target Price: $59.9523,2026-06-14 14:15:00-04:00,2026-06-14 14:30:00-04:00,59.8476,59.9523,no
KXHYPE15M-26JUN141415,Target Price: $59.8032,2026-06-14 14:00:00-04:00,2026-06-14 14:15:00-04:00,59.9523,59.8032,yes
KXHYPE15M-26JUN141400,Target Price: $60.2055,2026-06-14 13:45:00-04:00,2026-06-14 14:00:00-04:00,59.8032,60.2055,no
KXHYPE15M-26JUN141345,Target Price: $60.2578,2026-06-14 13:30:00-04:00,2026-06-14 13:45:00-04:00,60.2055,60.2578,no
KXHYPE15M-26JUN141330,Target Price: $60.0579,2026-06-14 13:15:00-04:00,2026-06-14 13:30:00-04:00,60.2578,60.0579,yes
KXHYPE15M-26JUN141315,Target Price: $60.0130,2026-06-14 13:00:00-04:00,2026-06-14 13:15:00-04:00,60.0579,60.013,yes
KXHYPE15M-26JUN141300,Target Price: $60.1424,2026-06-14 12:45:00-04:00,2026-06-14 13:00:00-04:00,60.0130,60.1424,no
KXHYPE15M-26JUN141245,Target Price: $60.3002,2026-06-14 12:30:00-04:00,2026-06-14 12:45:00-04:00,60.1424,60.3002,no
KXHYPE15M-26JUN141230,Target Price: $60.3493,2026-06-14 12:15:00-04:00,2026-06-14 12:30:00-04:00,60.3002,60.3493,no
KXHYPE15M-26JUN141215,Target Price: $60.2661,2026-06-14 12:00:00-04:00,2026-06-14 12:15:00-04:00,60.3493,60.2661,yes
KXHYPE15M-26JUN141200,Target Price: $60.4994,2026-06-14 11:45:00-04:00,2026-06-14 12:00:00-04:00,60.2661,60.4994,no
KXHYPE15M-26JUN141145,Target Price: $60.6013,2026-06-14 11:30:00-04:00,2026-06-14 11:45:00-04:00,60.4994,60.6013,no
KXHYPE15M-26JUN141130,Target Price: $60.5091,2026-06-14 11:15:00-04:00,2026-06-14 11:30:00-04:00,60.6013,60.5091,yes
KXHYPE15M-26JUN141115,Target Price: $60.2829,2026-06-14 11:00:00-04:00,2026-06-14 11:15:00-04:00,60.5091,60.2829,yes
KXHYPE15M-26JUN141100,Target Price: $59.8838,2026-06-14 10:45:00-04:00,2026-06-14 11:00:00-04:00,60.2829,59.8838,yes
KXHYPE15M-26JUN141045,Target Price: $60.1676,2026-06-14 10:30:00-04:00,2026-06-14 10:45:00-04:00,59.8838,60.1676,no
KXHYPE15M-26JUN141030,Target Price: $60.3801,2026-06-14 10:15:00-04:00,2026-06-14 10:30:00-04:00,60.1676,60.3801,no
KXHYPE15M-26JUN141015,Target Price: $61.0204,2026-06-14 10:00:00-04:00,2026-06-14 10:15:00-04:00,60.3801,61.0204,no
KXHYPE15M-26JUN141000,Target Price: $61.2220,2026-06-14 09:45:00-04:00,2026-06-14 10:00:00-04:00,61.0204,61.222,no
KXHYPE15M-26JUN140945,Target Price: $60.7730,2026-06-14 09:30:00-04:00,2026-06-14 09:45:00-04:00,61.2220,60.773,yes
KXHYPE15M-26JUN140930,Target Price: $60.8132,2026-06-14 09:15:00-04:00,2026-06-14 09:30:00-04:00,60.7730,60.8132,no
KXHYPE15M-26JUN140915,Target Price: $60.7904,2026-06-14 09:00:00-04:00,2026-06-14 09:15:00-04:00,60.8132,60.7904,yes
KXHYPE15M-26JUN140900,Target Price: $60.7736,2026-06-14 08:45:00-04:00,2026-06-14 09:00:00-04:00,60.7904,60.7736,yes
KXHYPE15M-26JUN140845,Target Price: $61.0964,2026-06-14 08:30:00-04:00,2026-06-14 08:45:00-04:00,60.7736,61.0964,no
KXHYPE15M-26JUN140830,Target Price: $60.9196,2026-06-14 08:15:00-04:00,2026-06-14 08:30:00-04:00,61.0964,60.9196,yes
KXHYPE15M-26JUN140815,Target Price: $61.0322,2026-06-14 08:00:00-04:00,2026-06-14 08:15:00-04:00,60.9196,61.0322,no
KXHYPE15M-26JUN140800,Target Price: $61.0675,2026-06-14 07:45:00-04:00,2026-06-14 08:00:00-04:00,61.0322,61.0675,no
KXHYPE15M-26JUN140745,Target Price: $61.0542,2026-06-14 07:30:00-04:00,2026-06-14 07:45:00-04:00,61.0675,61.0542,yes
KXHYPE15M-26JUN140730,Target Price: $60.8798,2026-06-14 07:15:00-04:00,2026-06-14 07:30:00-04:00,61.0542,60.8798,yes
KXHYPE15M-26JUN140715,Target Price: $61.0088,2026-06-14 07:00:00-04:00,2026-06-14 07:15:00-04:00,60.8798,61.0088,no
KXHYPE15M-26JUN140700,Target Price: $61.3116,2026-06-14 06:45:00-04:00,2026-06-14 07:00:00-04:00,61.0088,61.3116,no
KXHYPE15M-26JUN140645,Target Price: $61.1421,2026-06-14 06:30:00-04:00,2026-06-14 06:45:00-04:00,61.3116,61.1421,yes
KXHYPE15M-26JUN140630,Target Price: $60.7051,2026-06-14 06:15:00-04:00,2026-06-14 06:30:00-04:00,61.1421,60.7051,yes
KXHYPE15M-26JUN140615,Target Price: $60.7140,2026-06-14 06:00:00-04:00,2026-06-14 06:15:00-04:00,60.7051,60.714,no
KXHYPE15M-26JUN140600,Target Price: $60.4246,2026-06-14 05:45:00-04:00,2026-06-14 06:00:00-04:00,60.7140,60.4246,yes
KXHYPE15M-26JUN140545,Target Price: $60.0708,2026-06-14 05:30:00-04:00,2026-06-14 05:45:00-04:00,60.4246,60.0708,yes
KXHYPE15M-26JUN140530,Target Price: $60.2450,2026-06-14 05:15:00-04:00,2026-06-14 05:30:00-04:00,60.0708,60.245,no
KXHYPE15M-26JUN140515,Target Price: $60.2801,2026-06-14 05:00:00-04:00,2026-06-14 05:15:00-04:00,60.2450,60.2801,no
KXHYPE15M-26JUN140500,Target Price: $60.0653,2026-06-14 04:45:00-04:00,2026-06-14 05:00:00-04:00,60.2801,60.0653,yes
KXHYPE15M-26JUN140445,Target Price: $59.9170,2026-06-14 04:30:00-04:00,2026-06-14 04:45:00-04:00,60.0653,59.917,yes
KXHYPE15M-26JUN140430,Target Price: $59.9214,2026-06-14 04:15:00-04:00,2026-06-14 04:30:00-04:00,59.9170,59.9214,no
KXHYPE15M-26JUN140415,Target Price: $60.1039,2026-06-14 04:00:00-04:00,2026-06-14 04:15:00-04:00,59.9214,60.1039,no
KXHYPE15M-26JUN140400,Target Price: $59.8685,2026-06-14 03:45:00-04:00,2026-06-14 04:00:00-04:00,60.1039,59.8685,yes
KXHYPE15M-26JUN140345,Target Price: $60.4557,2026-06-14 03:30:00-04:00,2026-06-14 03:45:00-04:00,59.8685,60.4557,no
KXHYPE15M-26JUN140330,Target Price: $59.9505,2026-06-14 03:15:00-04:00,2026-06-14 03:30:00-04:00,60.4557,59.9505,yes
KXHYPE15M-26JUN140315,Target Price: $59.8869,2026-06-14 03:00:00-04:00,2026-06-14 03:15:00-04:00,59.9505,59.8869,yes
KXHYPE15M-26JUN140300,Target Price: $59.7518,2026-06-14 02:45:00-04:00,2026-06-14 03:00:00-04:00,59.8869,59.7518,yes
KXHYPE15M-26JUN140245,Target Price: $60.1864,2026-06-14 02:30:00-04:00,2026-06-14 02:45:00-04:00,59.7518,60.1864,no
KXHYPE15M-26JUN140230,Target Price: $60.3027,2026-06-14 02:15:00-04:00,2026-06-14 02:30:00-04:00,60.1864,60.3027,no
KXHYPE15M-26JUN140215,Target Price: $59.9898,2026-06-14 02:00:00-04:00,2026-06-14 02:15:00-04:00,60.3027,59.9898,yes
KXHYPE15M-26JUN140200,Target Price: $60.1197,2026-06-14 01:45:00-04:00,2026-06-14 02:00:00-04:00,59.9898,60.1197,no
KXHYPE15M-26JUN140145,Target Price: $59.9566,2026-06-14 01:30:00-04:00,2026-06-14 01:45:00-04:00,60.1197,59.9566,yes
KXHYPE15M-26JUN140130,Target Price: $60.0592,2026-06-14 01:15:00-04:00,2026-06-14 01:30:00-04:00,59.9566,60.0592,no
KXHYPE15M-26JUN140115,Target Price: $60.1576,2026-06-14 01:00:00-04:00,2026-06-14 01:15:00-04:00,60.0592,60.1576,no
KXHYPE15M-26JUN140100,Target Price: $60.1250,2026-06-14 00:45:00-04:00,2026-06-14 01:00:00-04:00,60.1576,60.125,yes
KXHYPE15M-26JUN140045,Target Price: $60.2656,2026-06-14 00:30:00-04:00,2026-06-14 00:45:00-04:00,60.1250,60.2656,no
KXHYPE15M-26JUN140030,Target Price: $60.4272,2026-06-14 00:15:00-04:00,2026-06-14 00:30:00-04:00,60.2656,60.4272,no
KXHYPE15M-26JUN140015,Target Price: $60.6007,2026-06-14 00:00:00-04:00,2026-06-14 00:15:00-04:00,60.4272,60.6007,no
KXHYPE15M-26JUN140000,Target Price: $60.4163,2026-06-13 23:45:00-04:00,2026-06-14 00:00:00-04:00,60.6007,60.4163,yes
KXHYPE15M-26JUN132345,Target Price: $60.6187,2026-06-13 23:30:00-04:00,2026-06-13 23:45:00-04:00,60.4163,60.6187,no
KXHYPE15M-26JUN132330,Target Price: $60.6693,2026-06-13 23:15:00-04:00,2026-06-13 23:30:00-04:00,60.6187,60.6693,no
KXHYPE15M-26JUN132315,Target Price: $60.8651,2026-06-13 23:00:00-04:00,2026-06-13 23:15:00-04:00,60.6693,60.8651,no
KXHYPE15M-26JUN132300,Target Price: $61.0875,2026-06-13 22:45:00-04:00,2026-06-13 23:00:00-04:00,60.8651,61.0875,no
KXHYPE15M-26JUN132245,Target Price: $60.9396,2026-06-13 22:30:00-04:00,2026-06-13 22:45:00-04:00,61.0875,60.9396,yes
KXHYPE15M-26JUN132230,Target Price: $60.9174,2026-06-13 22:15:00-04:00,2026-06-13 22:30:00-04:00,60.9396,60.9174,yes
KXHYPE15M-26JUN132215,Target Price: $60.6691,2026-06-13 22:00:00-04:00,2026-06-13 22:15:00-04:00,60.9174,60.6691,yes
KXHYPE15M-26JUN132200,Target Price: $60.6045,2026-06-13 21:45:00-04:00,2026-06-13 22:00:00-04:00,60.6691,60.6045,yes
KXHYPE15M-26JUN132145,Target Price: $60.8273,2026-06-13 21:30:00-04:00,2026-06-13 21:45:00-04:00,60.6045,60.8273,no
KXHYPE15M-26JUN132130,Target Price: $60.8184,2026-06-13 21:15:00-04:00,2026-06-13 21:30:00-04:00,60.8273,60.8184,yes
KXHYPE15M-26JUN132115,Target Price: $60.8696,2026-06-13 21:00:00-04:00,2026-06-13 21:15:00-04:00,60.8184,60.8696,no
KXHYPE15M-26JUN132100,Target Price: $60.9179,2026-06-13 20:45:00-04:00,2026-06-13 21:00:00-04:00,60.8696,60.9179,no
KXHYPE15M-26JUN132045,Target Price: $60.7253,2026-06-13 20:30:00-04:00,2026-06-13 20:45:00-04:00,60.9179,60.7253,yes
KXHYPE15M-26JUN132030,Target Price: $60.5519,2026-06-13 20:15:00-04:00,2026-06-13 20:30:00-04:00,60.7253,60.5519,yes
KXHYPE15M-26JUN132015,Target Price: $60.6929,2026-06-13 20:00:00-04:00,2026-06-13 20:15:00-04:00,60.5519,60.6929,no
KXHYPE15M-26JUN132000,Target Price: $60.8430,2026-06-13 19:45:00-04:00,2026-06-13 20:00:00-04:00,60.6929,60.843,no
KXHYPE15M-26JUN131945,Target Price: $60.5739,2026-06-13 19:30:00-04:00,2026-06-13 19:45:00-04:00,60.8430,60.5739,yes
KXHYPE15M-26JUN131930,Target Price: $60.4449,2026-06-13 19:15:00-04:00,2026-06-13 19:30:00-04:00,60.5739,60.4449,yes
KXHYPE15M-26JUN131915,Target Price: $60.2733,2026-06-13 19:00:00-04:00,2026-06-13 19:15:00-04:00,60.4449,60.2733,yes
KXHYPE15M-26JUN131900,Target Price: $60.3659,2026-06-13 18:45:00-04:00,2026-06-13 19:00:00-04:00,60.2733,60.3659,no
KXHYPE15M-26JUN131845,Target Price: $60.4103,2026-06-13 18:30:00-04:00,2026-06-13 18:45:00-04:00,60.3659,60.4103,no
KXHYPE15M-26JUN131830,Target Price: $60.3845,2026-06-13 18:15:00-04:00,2026-06-13 18:30:00-04:00,60.4103,60.3845,yes
KXHYPE15M-26JUN131815,Target Price: $60.5510,2026-06-13 18:00:00-04:00,2026-06-13 18:15:00-04:00,60.3845,60.551,no
KXHYPE15M-26JUN131800,Target Price: $60.6050,2026-06-13 17:45:00-04:00,2026-06-13 18:00:00-04:00,60.5510,60.605,no
KXHYPE15M-26JUN131745,Target Price: $60.1318,2026-06-13 17:30:00-04:00,2026-06-13 17:45:00-04:00,60.6050,60.1318,yes
KXHYPE15M-26JUN131730,Target Price: $59.8619,2026-06-13 17:15:00-04:00,2026-06-13 17:30:00-04:00,60.1318,59.8619,yes
KXHYPE15M-26JUN131715,Target Price: $59.9570,2026-06-13 17:00:00-04:00,2026-06-13 17:15:00-04:00,59.8619,59.957,no
KXHYPE15M-26JUN131700,Target Price: $59.7208,2026-06-13 16:45:00-04:00,2026-06-13 17:00:00-04:00,59.9570,59.7208,yes
KXHYPE15M-26JUN131645,Target Price: $59.8642,2026-06-13 16:30:00-04:00,2026-06-13 16:45:00-04:00,59.7208,59.8642,no
KXHYPE15M-26JUN131630,Target Price: $59.9051,2026-06-13 16:15:00-04:00,2026-06-13 16:30:00-04:00,59.8642,59.9051,no
KXHYPE15M-26JUN131615,Target Price: $59.8568,2026-06-13 16:00:00-04:00,2026-06-13 16:15:00-04:00,59.9051,59.8568,yes
KXHYPE15M-26JUN131600,Target Price: $59.8574,2026-06-13 15:45:00-04:00,2026-06-13 16:00:00-04:00,59.8568,59.8574,no
KXHYPE15M-26JUN131545,Target Price: $59.7318,2026-06-13 15:30:00-04:00,2026-06-13 15:45:00-04:00,59.8574,59.7318,yes
KXHYPE15M-26JUN131530,Target Price: $59.7603,2026-06-13 15:15:00-04:00,2026-06-13 15:30:00-04:00,59.7318,59.7603,no
KXHYPE15M-26JUN131515,Target Price: $59.8450,2026-06-13 15:00:00-04:00,2026-06-13 15:15:00-04:00,59.7603,59.845,no
KXHYPE15M-26JUN131500,Target Price: $59.7883,2026-06-13 14:45:00-04:00,2026-06-13 15:00:00-04:00,59.8450,59.7883,yes
KXHYPE15M-26JUN131445,Target Price: $59.7293,2026-06-13 14:30:00-04:00,2026-06-13 14:45:00-04:00,59.7883,59.7293,yes
KXHYPE15M-26JUN131430,Target Price: $59.3804,2026-06-13 14:15:00-04:00,2026-06-13 14:30:00-04:00,59.7293,59.3804,yes
KXHYPE15M-26JUN131415,Target Price: $59.0547,2026-06-13 14:00:00-04:00,2026-06-13 14:15:00-04:00,59.3804,59.0547,yes
KXHYPE15M-26JUN131400,Target Price: $59.5804,2026-06-13 13:45:00-04:00,2026-06-13 14:00:00-04:00,59.0547,59.5804,no
KXHYPE15M-26JUN131345,Target Price: $59.5013,2026-06-13 13:30:00-04:00,2026-06-13 13:45:00-04:00,59.5804,59.5013,yes
KXHYPE15M-26JUN131330,Target Price: $59.2902,2026-06-13 13:15:00-04:00,2026-06-13 13:30:00-04:00,59.5013,59.2902,yes
KXHYPE15M-26JUN131315,Target Price: $60.1250,2026-06-13 13:00:00-04:00,2026-06-13 13:15:00-04:00,59.2902,60.125,no
KXHYPE15M-26JUN131300,Target Price: $59.8266,2026-06-13 12:45:00-04:00,2026-06-13 13:00:00-04:00,60.1250,59.8266,yes
KXHYPE15M-26JUN131245,Target Price: $59.7523,2026-06-13 12:30:00-04:00,2026-06-13 12:45:00-04:00,59.8266,59.7523,yes
KXHYPE15M-26JUN131230,Target Price: $59.7268,2026-06-13 12:15:00-04:00,2026-06-13 12:30:00-04:00,59.7523,59.7268,yes
KXHYPE15M-26JUN131215,Target Price: $59.8985,2026-06-13 12:00:00-04:00,2026-06-13 12:15:00-04:00,59.7268,59.8985,no
KXHYPE15M-26JUN131200,Target Price: $59.8119,2026-06-13 11:45:00-04:00,2026-06-13 12:00:00-04:00,59.8985,59.8119,yes
KXHYPE15M-26JUN131145,Target Price: $60.2329,2026-06-13 11:30:00-04:00,2026-06-13 11:45:00-04:00,59.8119,60.2329,no
KXHYPE15M-26JUN131130,Target Price: $60.2724,2026-06-13 11:15:00-04:00,2026-06-13 11:30:00-04:00,60.2329,60.2724,no
KXHYPE15M-26JUN131115,Target Price: $60.2141,2026-06-13 11:00:00-04:00,2026-06-13 11:15:00-04:00,60.2724,60.2141,yes
KXHYPE15M-26JUN131100,Target Price: $59.9294,2026-06-13 10:45:00-04:00,2026-06-13 11:00:00-04:00,60.2141,59.9294,yes
KXHYPE15M-26JUN131045,Target Price: $60.0232,2026-06-13 10:30:00-04:00,2026-06-13 10:45:00-04:00,59.9294,60.0232,no
KXHYPE15M-26JUN131030,Target Price: $59.5909,2026-06-13 10:15:00-04:00,2026-06-13 10:30:00-04:00,60.0232,59.5909,yes
KXHYPE15M-26JUN131015,Target Price: $58.9891,2026-06-13 10:00:00-04:00,2026-06-13 10:15:00-04:00,59.5909,58.9891,yes
KXHYPE15M-26JUN131000,Target Price: $59.3642,2026-06-13 09:45:00-04:00,2026-06-13 10:00:00-04:00,58.9891,59.3642,no
KXHYPE15M-26JUN130945,Target Price: $59.4632,2026-06-13 09:30:00-04:00,2026-06-13 09:45:00-04:00,59.3642,59.4632,no
KXHYPE15M-26JUN130930,Target Price: $59.4291,2026-06-13 09:15:00-04:00,2026-06-13 09:30:00-04:00,59.4632,59.4291,yes
KXHYPE15M-26JUN130915,Target Price: $59.4973,2026-06-13 09:00:00-04:00,2026-06-13 09:15:00-04:00,59.4291,59.4973,no
KXHYPE15M-26JUN130900,Target Price: $58.9743,2026-06-13 08:45:00-04:00,2026-06-13 09:00:00-04:00,59.4973,58.9743,yes
KXHYPE15M-26JUN130845,Target Price: $59.0337,2026-06-13 08:30:00-04:00,2026-06-13 08:45:00-04:00,58.9743,59.0337,no
KXHYPE15M-26JUN130830,Target Price: $58.7832,2026-06-13 08:15:00-04:00,2026-06-13 08:30:00-04:00,59.0337,58.7832,yes
KXHYPE15M-26JUN130815,Target Price: $58.6782,2026-06-13 08:00:00-04:00,2026-06-13 08:15:00-04:00,58.7832,58.6782,yes
KXHYPE15M-26JUN130800,Target Price: $58.2578,2026-06-13 07:45:00-04:00,2026-06-13 08:00:00-04:00,58.6782,58.2578,yes
KXHYPE15M-26JUN130745,Target Price: $58.4265,2026-06-13 07:30:00-04:00,2026-06-13 07:45:00-04:00,58.2578,58.4265,no
KXHYPE15M-26JUN130730,Target Price: $58.1456,2026-06-13 07:15:00-04:00,2026-06-13 07:30:00-04:00,58.4265,58.1456,yes
KXHYPE15M-26JUN130715,Target Price: $58.1405,2026-06-13 07:00:00-04:00,2026-06-13 07:15:00-04:00,58.1456,58.1405,yes
KXHYPE15M-26JUN130700,Target Price: $58.2038,2026-06-13 06:45:00-04:00,2026-06-13 07:00:00-04:00,58.1405,58.2038,no
KXHYPE15M-26JUN130645,Target Price: $58.0072,2026-06-13 06:30:00-04:00,2026-06-13 06:45:00-04:00,58.2038,58.0072,yes
KXHYPE15M-26JUN130630,Target Price: $58.1883,2026-06-13 06:15:00-04:00,2026-06-13 06:30:00-04:00,58.0072,58.1883,no
KXHYPE15M-26JUN130615,Target Price: $58.4078,2026-06-13 06:00:00-04:00,2026-06-13 06:15:00-04:00,58.1883,58.4078,no
KXHYPE15M-26JUN130600,Target Price: $58.6063,2026-06-13 05:45:00-04:00,2026-06-13 06:00:00-04:00,58.4078,58.6063,no
KXHYPE15M-26JUN130545,Target Price: $58.5720,2026-06-13 05:30:00-04:00,2026-06-13 05:45:00-04:00,58.6063,58.572,yes
KXHYPE15M-26JUN130530,Target Price: $58.7748,2026-06-13 05:15:00-04:00,2026-06-13 05:30:00-04:00,58.5720,58.7748,no
KXHYPE15M-26JUN130515,Target Price: $58.9563,2026-06-13 05:00:00-04:00,2026-06-13 05:15:00-04:00,58.7748,58.9563,no
KXHYPE15M-26JUN130500,Target Price: $58.8576,2026-06-13 04:45:00-04:00,2026-06-13 05:00:00-04:00,58.9563,58.8576,yes
KXHYPE15M-26JUN130445,Target Price: $59.0815,2026-06-13 04:30:00-04:00,2026-06-13 04:45:00-04:00,58.8576,59.0815,no
KXHYPE15M-26JUN130430,Target Price: $58.8831,2026-06-13 04:15:00-04:00,2026-06-13 04:30:00-04:00,59.0815,58.8831,yes
KXHYPE15M-26JUN130415,Target Price: $58.7435,2026-06-13 04:00:00-04:00,2026-06-13 04:15:00-04:00,58.8831,58.7435,yes
KXHYPE15M-26JUN130400,Target Price: $58.8773,2026-06-13 03:45:00-04:00,2026-06-13 04:00:00-04:00,58.7435,58.8773,no
KXHYPE15M-26JUN130345,Target Price: $58.8529,2026-06-13 03:30:00-04:00,2026-06-13 03:45:00-04:00,58.8773,58.8529,yes
KXHYPE15M-26JUN130330,Target Price: $58.6443,2026-06-13 03:15:00-04:00,2026-06-13 03:30:00-04:00,58.8529,58.6443,yes
KXHYPE15M-26JUN130315,Target Price: $58.7808,2026-06-13 03:00:00-04:00,2026-06-13 03:15:00-04:00,58.6443,58.7808,no
KXHYPE15M-26JUN130300,Target Price: $58.3766,2026-06-13 02:45:00-04:00,2026-06-13 03:00:00-04:00,58.7808,58.3766,yes
KXHYPE15M-26JUN130245,Target Price: $58.3511,2026-06-13 02:30:00-04:00,2026-06-13 02:45:00-04:00,58.3766,58.3511,yes
KXHYPE15M-26JUN130230,Target Price: $58.1539,2026-06-13 02:15:00-04:00,2026-06-13 02:30:00-04:00,58.3511,58.1539,yes
KXHYPE15M-26JUN130215,Target Price: $57.8175,2026-06-13 02:00:00-04:00,2026-06-13 02:15:00-04:00,58.1539,57.8175,yes
KXHYPE15M-26JUN130200,Target Price: $57.7285,2026-06-13 01:45:00-04:00,2026-06-13 02:00:00-04:00,57.8175,57.7285,yes
KXHYPE15M-26JUN130145,Target Price: $57.2862,2026-06-13 01:30:00-04:00,2026-06-13 01:45:00-04:00,57.7285,57.2862,yes
KXHYPE15M-26JUN130130,Target Price: $57.6529,2026-06-13 01:15:00-04:00,2026-06-13 01:30:00-04:00,57.2862,57.6529,no
KXHYPE15M-26JUN130115,Target Price: $57.9121,2026-06-13 01:00:00-04:00,2026-06-13 01:15:00-04:00,57.6529,57.9121,no
KXHYPE15M-26JUN130100,Target Price: $58.3693,2026-06-13 00:45:00-04:00,2026-06-13 01:00:00-04:00,57.9121,58.3693,no
KXHYPE15M-26JUN130045,Target Price: $58.1802,2026-06-13 00:30:00-04:00,2026-06-13 00:45:00-04:00,58.3693,58.1802,yes
KXHYPE15M-26JUN130030,Target Price: $58.3724,2026-06-13 00:15:00-04:00,2026-06-13 00:30:00-04:00,58.1802,58.3724,no
KXHYPE15M-26JUN130015,Target Price: $58.5438,2026-06-13 00:00:00-04:00,2026-06-13 00:15:00-04:00,58.3724,58.5438,no
KXHYPE15M-26JUN130000,Target Price: $58.5085,2026-06-12 23:45:00-04:00,2026-06-13 00:00:00-04:00,58.5438,58.5085,yes
KXHYPE15M-26JUN122345,Target Price: $58.4730,2026-06-12 23:30:00-04:00,2026-06-12 23:45:00-04:00,58.5085,58.473,yes
KXHYPE15M-26JUN122330,Target Price: $59.1406,2026-06-12 23:15:00-04:00,2026-06-12 23:30:00-04:00,58.4730,59.1406,no
KXHYPE15M-26JUN122315,Target Price: $59.2377,2026-06-12 23:00:00-04:00,2026-06-12 23:15:00-04:00,59.1406,59.2377,no
KXHYPE15M-26JUN122300,Target Price: $59.5441,2026-06-12 22:45:00-04:00,2026-06-12 23:00:00-04:00,59.2377,59.5441,no
KXHYPE15M-26JUN122245,Target Price: $59.5765,2026-06-12 22:30:00-04:00,2026-06-12 22:45:00-04:00,59.5441,59.5765,no
KXHYPE15M-26JUN122230,Target Price: $59.2654,2026-06-12 22:15:00-04:00,2026-06-12 22:30:00-04:00,59.5765,59.2654,yes
KXHYPE15M-26JUN122215,Target Price: $59.3612,2026-06-12 22:00:00-04:00,2026-06-12 22:15:00-04:00,59.2654,59.3612,no
KXHYPE15M-26JUN122200,Target Price: $59.2763,2026-06-12 21:45:00-04:00,2026-06-12 22:00:00-04:00,59.3612,59.2763,yes
KXHYPE15M-26JUN122145,Target Price: $59.0930,2026-06-12 21:30:00-04:00,2026-06-12 21:45:00-04:00,59.2763,59.093,yes
KXHYPE15M-26JUN122130,Target Price: $59.1356,2026-06-12 21:15:00-04:00,2026-06-12 21:30:00-04:00,59.0930,59.1356,no
KXHYPE15M-26JUN122115,Target Price: $59.2992,2026-06-12 21:00:00-04:00,2026-06-12 21:15:00-04:00,59.1356,59.2992,no
KXHYPE15M-26JUN122100,Target Price: $59.1910,2026-06-12 20:45:00-04:00,2026-06-12 21:00:00-04:00,59.2992,59.191,yes
KXHYPE15M-26JUN122045,Target Price: $58.9895,2026-06-12 20:30:00-04:00,2026-06-12 20:45:00-04:00,59.1910,58.9895,yes
KXHYPE15M-26JUN122030,Target Price: $59.0126,2026-06-12 20:15:00-04:00,2026-06-12 20:30:00-04:00,58.9895,59.0126,no
KXHYPE15M-26JUN122015,Target Price: $59.2661,2026-06-12 20:00:00-04:00,2026-06-12 20:15:00-04:00,59.0126,59.2661,no
KXHYPE15M-26JUN122000,Target Price: $59.3405,2026-06-12 19:45:00-04:00,2026-06-12 20:00:00-04:00,59.2661,59.3405,no
KXHYPE15M-26JUN121945,Target Price: $59.6327,2026-06-12 19:30:00-04:00,2026-06-12 19:45:00-04:00,59.3405,59.6327,no
KXHYPE15M-26JUN121930,Target Price: $59.8746,2026-06-12 19:15:00-04:00,2026-06-12 19:30:00-04:00,59.6327,59.8746,no
KXHYPE15M-26JUN121915,Target Price: $60.6582,2026-06-12 19:00:00-04:00,2026-06-12 19:15:00-04:00,59.8746,60.6582,no
KXHYPE15M-26JUN121900,Target Price: $60.3669,2026-06-12 18:45:00-04:00,2026-06-12 19:00:00-04:00,60.6582,60.3669,yes
KXHYPE15M-26JUN121845,Target Price: $60.5540,2026-06-12 18:30:00-04:00,2026-06-12 18:45:00-04:00,60.3669,60.554,no
KXHYPE15M-26JUN121830,Target Price: $60.5122,2026-06-12 18:15:00-04:00,2026-06-12 18:30:00-04:00,60.5540,60.5122,yes
KXHYPE15M-26JUN121815,Target Price: $60.4836,2026-06-12 18:00:00-04:00,2026-06-12 18:15:00-04:00,60.5122,60.4836,yes
KXHYPE15M-26JUN121800,Target Price: $60.7632,2026-06-12 17:45:00-04:00,2026-06-12 18:00:00-04:00,60.4836,60.7632,no
KXHYPE15M-26JUN121745,Target Price: $61.0688,2026-06-12 17:30:00-04:00,2026-06-12 17:45:00-04:00,60.7632,61.0688,no
KXHYPE15M-26JUN121730,Target Price: $60.9590,2026-06-12 17:15:00-04:00,2026-06-12 17:30:00-04:00,61.0688,60.959,yes
KXHYPE15M-26JUN121715,Target Price: $60.8179,2026-06-12 17:00:00-04:00,2026-06-12 17:15:00-04:00,60.9590,60.8179,yes
KXHYPE15M-26JUN121700,Target Price: $61.1867,2026-06-12 16:45:00-04:00,2026-06-12 17:00:00-04:00,60.8179,61.1867,no
KXHYPE15M-26JUN121645,Target Price: $61.1245,2026-06-12 16:30:00-04:00,2026-06-12 16:45:00-04:00,61.1867,61.1245,yes
KXHYPE15M-26JUN121630,Target Price: $60.9171,2026-06-12 16:15:00-04:00,2026-06-12 16:30:00-04:00,61.1245,60.9171,yes
KXHYPE15M-26JUN121615,Target Price: $60.7291,2026-06-12 16:00:00-04:00,2026-06-12 16:15:00-04:00,60.9171,60.7291,yes
KXHYPE15M-26JUN121600,Target Price: $60.6770,2026-06-12 15:45:00-04:00,2026-06-12 16:00:00-04:00,60.7291,60.677,yes
KXHYPE15M-26JUN121545,Target Price: $60.8448,2026-06-12 15:30:00-04:00,2026-06-12 15:45:00-04:00,60.6770,60.8448,no
KXHYPE15M-26JUN121530,Target Price: $60.9463,2026-06-12 15:15:00-04:00,2026-06-12 15:30:00-04:00,60.8448,60.9463,no
KXHYPE15M-26JUN121515,Target Price: $61.2281,2026-06-12 15:00:00-04:00,2026-06-12 15:15:00-04:00,60.9463,61.2281,no
KXHYPE15M-26JUN121500,Target Price: $61.9252,2026-06-12 14:45:00-04:00,2026-06-12 15:00:00-04:00,61.2281,61.9252,no
KXHYPE15M-26JUN121445,Target Price: $61.5393,2026-06-12 14:30:00-04:00,2026-06-12 14:45:00-04:00,61.9252,61.5393,yes
KXHYPE15M-26JUN121430,Target Price: $61.7915,2026-06-12 14:15:00-04:00,2026-06-12 14:30:00-04:00,61.5393,61.7915,no
KXHYPE15M-26JUN121415,Target Price: $61.9667,2026-06-12 14:00:00-04:00,2026-06-12 14:15:00-04:00,61.7915,61.9667,no
KXHYPE15M-26JUN121400,Target Price: $62.2571,2026-06-12 13:45:00-04:00,2026-06-12 14:00:00-04:00,61.9667,62.2571,no
KXHYPE15M-26JUN121345,Target Price: $62.0342,2026-06-12 13:30:00-04:00,2026-06-12 13:45:00-04:00,62.2571,62.0342,yes
KXHYPE15M-26JUN121330,Target Price: $61.7710,2026-06-12 13:15:00-04:00,2026-06-12 13:30:00-04:00,62.0342,61.771,yes
KXHYPE15M-26JUN121315,Target Price: $61.0308,2026-06-12 13:00:00-04:00,2026-06-12 13:15:00-04:00,61.7710,61.0308,yes
KXHYPE15M-26JUN121300,Target Price: $61.2126,2026-06-12 12:45:00-04:00,2026-06-12 13:00:00-04:00,61.0308,61.2126,no
KXHYPE15M-26JUN121245,Target Price: $60.9432,2026-06-12 12:30:00-04:00,2026-06-12 12:45:00-04:00,61.2126,60.9432,yes
KXHYPE15M-26JUN121230,Target Price: $60.0386,2026-06-12 12:15:00-04:00,2026-06-12 12:30:00-04:00,60.9432,60.0386,yes
KXHYPE15M-26JUN121215,Target Price: $59.8065,2026-06-12 12:00:00-04:00,2026-06-12 12:15:00-04:00,60.0386,59.8065,yes
KXHYPE15M-26JUN121200,Target Price: $60.3342,2026-06-12 11:45:00-04:00,2026-06-12 12:00:00-04:00,59.8065,60.3342,no
KXHYPE15M-26JUN121145,Target Price: $60.9529,2026-06-12 11:30:00-04:00,2026-06-12 11:45:00-04:00,60.3342,60.9529,no
KXHYPE15M-26JUN121130,Target Price: $61.1212,2026-06-12 11:15:00-04:00,2026-06-12 11:30:00-04:00,60.9529,61.1212,no
KXHYPE15M-26JUN121115,Target Price: $60.3698,2026-06-12 11:00:00-04:00,2026-06-12 11:15:00-04:00,61.1212,60.3698,yes
KXHYPE15M-26JUN121100,Target Price: $59.6142,2026-06-12 10:45:00-04:00,2026-06-12 11:00:00-04:00,60.3698,59.6142,yes
KXHYPE15M-26JUN121045,Target Price: $59.7897,2026-06-12 10:30:00-04:00,2026-06-12 10:45:00-04:00,59.6142,59.7897,no
KXHYPE15M-26JUN121030,Target Price: $59.7402,2026-06-12 10:15:00-04:00,2026-06-12 10:30:00-04:00,59.7897,59.7402,yes
KXHYPE15M-26JUN121015,Target Price: $59.6677,2026-06-12 10:00:00-04:00,2026-06-12 10:15:00-04:00,59.7402,59.6677,yes
KXHYPE15M-26JUN121000,Target Price: $59.5501,2026-06-12 09:45:00-04:00,2026-06-12 10:00:00-04:00,59.6677,59.5501,yes
KXHYPE15M-26JUN120945,Target Price: $60.3486,2026-06-12 09:30:00-04:00,2026-06-12 09:45:00-04:00,59.5501,60.3486,no
KXHYPE15M-26JUN120930,Target Price: $60.3946,2026-06-12 09:15:00-04:00,2026-06-12 09:30:00-04:00,60.3486,60.3946,no
KXHYPE15M-26JUN120915,Target Price: $60.4403,2026-06-12 09:00:00-04:00,2026-06-12 09:15:00-04:00,60.3946,60.4403,no
KXHYPE15M-26JUN120900,Target Price: $60.4827,2026-06-12 08:45:00-04:00,2026-06-12 09:00:00-04:00,60.4403,60.4827,no
KXHYPE15M-26JUN120845,Target Price: $60.3156,2026-06-12 08:30:00-04:00,2026-06-12 08:45:00-04:00,60.4827,60.3156,yes
KXHYPE15M-26JUN120830,Target Price: $60.2011,2026-06-12 08:15:00-04:00,2026-06-12 08:30:00-04:00,60.3156,60.2011,yes
KXHYPE15M-26JUN120815,Target Price: $59.2805,2026-06-12 08:00:00-04:00,2026-06-12 08:15:00-04:00,60.2011,59.2805,yes
KXHYPE15M-26JUN120800,Target Price: $59.2841,2026-06-12 07:45:00-04:00,2026-06-12 08:00:00-04:00,59.2805,59.2841,no
KXHYPE15M-26JUN120745,Target Price: $59.4388,2026-06-12 07:30:00-04:00,2026-06-12 07:45:00-04:00,59.2841,59.4388,no
KXHYPE15M-26JUN120730,Target Price: $59.1106,2026-06-12 07:15:00-04:00,2026-06-12 07:30:00-04:00,59.4388,59.1106,yes
KXHYPE15M-26JUN120715,Target Price: $59.1191,2026-06-12 07:00:00-04:00,2026-06-12 07:15:00-04:00,59.1106,59.1191,no
KXHYPE15M-26JUN120700,Target Price: $58.8492,2026-06-12 06:45:00-04:00,2026-06-12 07:00:00-04:00,59.1191,58.8492,yes
KXHYPE15M-26JUN120645,Target Price: $58.7241,2026-06-12 06:30:00-04:00,2026-06-12 06:45:00-04:00,58.8492,58.7241,yes
KXHYPE15M-26JUN120630,Target Price: $59.0180,2026-06-12 06:15:00-04:00,2026-06-12 06:30:00-04:00,58.7241,59.018,no
KXHYPE15M-26JUN120615,Target Price: $59.2474,2026-06-12 06:00:00-04:00,2026-06-12 06:15:00-04:00,59.0180,59.2474,no
KXHYPE15M-26JUN120600,Target Price: $59.2121,2026-06-12 05:45:00-04:00,2026-06-12 06:00:00-04:00,59.2474,59.2121,yes
KXHYPE15M-26JUN120545,Target Price: $58.8404,2026-06-12 05:30:00-04:00,2026-06-12 05:45:00-04:00,59.2121,58.8404,yes
KXHYPE15M-26JUN120530,Target Price: $58.4493,2026-06-12 05:15:00-04:00,2026-06-12 05:30:00-04:00,58.8404,58.4493,yes
KXHYPE15M-26JUN120515,Target Price: $58.5486,2026-06-12 05:00:00-04:00,2026-06-12 05:15:00-04:00,58.4493,58.5486,no
KXHYPE15M-26JUN120500,Target Price: $57.9403,2026-06-12 04:45:00-04:00,2026-06-12 05:00:00-04:00,58.5486,57.9403,yes
KXHYPE15M-26JUN120445,Target Price: $58.1525,2026-06-12 04:30:00-04:00,2026-06-12 04:45:00-04:00,57.9403,58.1525,no
KXHYPE15M-26JUN120430,Target Price: $57.7707,2026-06-12 04:15:00-04:00,2026-06-12 04:30:00-04:00,58.1525,57.7707,yes
KXHYPE15M-26JUN120415,Target Price: $56.9814,2026-06-12 04:00:00-04:00,2026-06-12 04:15:00-04:00,57.7707,56.9814,yes
KXHYPE15M-26JUN120400,Target Price: $57.1952,2026-06-12 03:45:00-04:00,2026-06-12 04:00:00-04:00,56.9814,57.1952,no
KXHYPE15M-26JUN120345,Target Price: $57.3958,2026-06-12 03:30:00-04:00,2026-06-12 03:45:00-04:00,57.1952,57.3958,no
KXHYPE15M-26JUN120330,Target Price: $57.2637,2026-06-12 03:15:00-04:00,2026-06-12 03:30:00-04:00,57.3958,57.2637,yes
KXHYPE15M-26JUN120315,Target Price: $57.1747,2026-06-12 03:00:00-04:00,2026-06-12 03:15:00-04:00,57.2637,57.1747,yes
KXHYPE15M-26JUN120300,Target Price: $56.9300,2026-06-12 02:45:00-04:00,2026-06-12 03:00:00-04:00,57.1747,56.93,yes
KXHYPE15M-26JUN120245,Target Price: $57.6176,2026-06-12 02:30:00-04:00,2026-06-12 02:45:00-04:00,56.9300,57.6176,no
KXHYPE15M-26JUN120230,Target Price: $57.7433,2026-06-12 02:15:00-04:00,2026-06-12 02:30:00-04:00,57.6176,57.7433,no
KXHYPE15M-26JUN120215,Target Price: $58.0932,2026-06-12 02:00:00-04:00,2026-06-12 02:15:00-04:00,57.7433,58.0932,no
KXHYPE15M-26JUN120200,Target Price: $58.3799,2026-06-12 01:45:00-04:00,2026-06-12 02:00:00-04:00,58.0932,58.3799,no
KXHYPE15M-26JUN120145,Target Price: $58.6214,2026-06-12 01:30:00-04:00,2026-06-12 01:45:00-04:00,58.3799,58.6214,no
KXHYPE15M-26JUN120130,Target Price: $58.3659,2026-06-12 01:15:00-04:00,2026-06-12 01:30:00-04:00,58.6214,58.3659,yes
KXHYPE15M-26JUN120115,Target Price: $58.6430,2026-06-12 01:00:00-04:00,2026-06-12 01:15:00-04:00,58.3659,58.643,no
KXHYPE15M-26JUN120100,Target Price: $58.9458,2026-06-12 00:45:00-04:00,2026-06-12 01:00:00-04:00,58.6430,58.9458,no
KXHYPE15M-26JUN120045,Target Price: $59.0098,2026-06-12 00:30:00-04:00,2026-06-12 00:45:00-04:00,58.9458,59.0098,no
KXHYPE15M-26JUN120030,Target Price: $58.8381,2026-06-12 00:15:00-04:00,2026-06-12 00:30:00-04:00,59.0098,58.8381,yes
KXHYPE15M-26JUN120015,Target Price: $59.1000,2026-06-12 00:00:00-04:00,2026-06-12 00:15:00-04:00,58.8381,59.1,no
KXHYPE15M-26JUN120000,Target Price: $59.0465,2026-06-11 23:45:00-04:00,2026-06-12 00:00:00-04:00,59.1000,59.0465,yes
KXHYPE15M-26JUN112345,Target Price: $59.0041,2026-06-11 23:30:00-04:00,2026-06-11 23:45:00-04:00,59.0465,59.0041,yes
KXHYPE15M-26JUN112330,Target Price: $59.2093,2026-06-11 23:15:00-04:00,2026-06-11 23:30:00-04:00,59.0041,59.2093,no
KXHYPE15M-26JUN112315,Target Price: $59.2351,2026-06-11 23:00:00-04:00,2026-06-11 23:15:00-04:00,59.2093,59.2351,no
KXHYPE15M-26JUN112300,Target Price: $59.3937,2026-06-11 22:45:00-04:00,2026-06-11 23:00:00-04:00,59.2351,59.3937,no
KXHYPE15M-26JUN112245,Target Price: $58.8731,2026-06-11 22:30:00-04:00,2026-06-11 22:45:00-04:00,59.3937,58.8731,yes
KXHYPE15M-26JUN112230,Target Price: $58.6930,2026-06-11 22:15:00-04:00,2026-06-11 22:30:00-04:00,58.8731,58.693,yes
KXHYPE15M-26JUN112215,Target Price: $58.3164,2026-06-11 22:00:00-04:00,2026-06-11 22:15:00-04:00,58.6930,58.3164,yes
KXHYPE15M-26JUN112200,Target Price: $58.5376,2026-06-11 21:45:00-04:00,2026-06-11 22:00:00-04:00,58.3164,58.5376,no
KXHYPE15M-26JUN112145,Target Price: $58.4732,2026-06-11 21:30:00-04:00,2026-06-11 21:45:00-04:00,58.5376,58.4732,yes
KXHYPE15M-26JUN112130,Target Price: $58.9191,2026-06-11 21:15:00-04:00,2026-06-11 21:30:00-04:00,58.4732,58.9191,no
KXHYPE15M-26JUN112115,Target Price: $59.1699,2026-06-11 21:00:00-04:00,2026-06-11 21:15:00-04:00,58.9191,59.1699,no
KXHYPE15M-26JUN112100,Target Price: $59.5078,2026-06-11 20:45:00-04:00,2026-06-11 21:00:00-04:00,59.1699,59.5078,no
KXHYPE15M-26JUN112045,Target Price: $59.3542,2026-06-11 20:30:00-04:00,2026-06-11 20:45:00-04:00,59.5078,59.3542,yes
KXHYPE15M-26JUN112030,Target Price: $59.2068,2026-06-11 20:15:00-04:00,2026-06-11 20:30:00-04:00,59.3542,59.2068,yes
KXHYPE15M-26JUN112015,Target Price: $58.9112,2026-06-11 20:00:00-04:00,2026-06-11 20:15:00-04:00,59.2068,58.9112,yes
KXHYPE15M-26JUN112000,Target Price: $59.3716,2026-06-11 19:45:00-04:00,2026-06-11 20:00:00-04:00,58.9112,59.3716,no
KXHYPE15M-26JUN111945,Target Price: $59.0039,2026-06-11 19:30:00-04:00,2026-06-11 19:45:00-04:00,59.3716,59.0039,yes
KXHYPE15M-26JUN111930,Target Price: $58.7698,2026-06-11 19:15:00-04:00,2026-06-11 19:30:00-04:00,59.0039,58.7698,yes
KXHYPE15M-26JUN111915,Target Price: $58.6084,2026-06-11 19:00:00-04:00,2026-06-11 19:15:00-04:00,58.7698,58.6084,yes
KXHYPE15M-26JUN111900,Target Price: $58.6305,2026-06-11 18:45:00-04:00,2026-06-11 19:00:00-04:00,58.6084,58.6305,no
KXHYPE15M-26JUN111845,Target Price: $59.0661,2026-06-11 18:30:00-04:00,2026-06-11 18:45:00-04:00,58.6305,59.0661,no
KXHYPE15M-26JUN111830,Target Price: $59.0657,2026-06-11 18:15:00-04:00,2026-06-11 18:30:00-04:00,59.0661,59.0657,yes
KXHYPE15M-26JUN111815,Target Price: $58.8061,2026-06-11 18:00:00-04:00,2026-06-11 18:15:00-04:00,59.0657,58.8061,yes
KXHYPE15M-26JUN111800,Target Price: $58.7603,2026-06-11 17:45:00-04:00,2026-06-11 18:00:00-04:00,58.8061,58.7603,yes
KXHYPE15M-26JUN111745,Target Price: $58.6726,2026-06-11 17:30:00-04:00,2026-06-11 17:45:00-04:00,58.7603,58.6726,yes
KXHYPE15M-26JUN111730,Target Price: $59.0785,2026-06-11 17:15:00-04:00,2026-06-11 17:30:00-04:00,58.6726,59.0785,no
KXHYPE15M-26JUN111715,Target Price: $58.3108,2026-06-11 17:00:00-04:00,2026-06-11 17:15:00-04:00,59.0785,58.3108,yes
KXHYPE15M-26JUN111700,Target Price: $58.3329,2026-06-11 16:45:00-04:00,2026-06-11 17:00:00-04:00,58.3108,58.3329,no
KXHYPE15M-26JUN111645,Target Price: $58.3112,2026-06-11 16:30:00-04:00,2026-06-11 16:45:00-04:00,58.3329,58.3112,yes
KXHYPE15M-26JUN111630,Target Price: $58.7262,2026-06-11 16:15:00-04:00,2026-06-11 16:30:00-04:00,58.3112,58.7262,no
KXHYPE15M-26JUN111615,Target Price: $58.6625,2026-06-11 16:00:00-04:00,2026-06-11 16:15:00-04:00,58.7262,58.6625,yes
KXHYPE15M-26JUN111600,Target Price: $59.4871,2026-06-11 15:45:00-04:00,2026-06-11 16:00:00-04:00,58.6625,59.4871,no
KXHYPE15M-26JUN111545,Target Price: $59.1826,2026-06-11 15:30:00-04:00,2026-06-11 15:45:00-04:00,59.4871,59.1826,yes
KXHYPE15M-26JUN111530,Target Price: $58.3656,2026-06-11 15:15:00-04:00,2026-06-11 15:30:00-04:00,59.1826,58.3656,yes
KXHYPE15M-26JUN111515,Target Price: $58.4098,2026-06-11 15:00:00-04:00,2026-06-11 15:15:00-04:00,58.3656,58.4098,no
KXHYPE15M-26JUN111500,Target Price: $58.4793,2026-06-11 14:45:00-04:00,2026-06-11 15:00:00-04:00,58.4098,58.4793,no
KXHYPE15M-26JUN111445,Target Price: $57.8919,2026-06-11 14:30:00-04:00,2026-06-11 14:45:00-04:00,58.4793,57.8919,yes
KXHYPE15M-26JUN111430,Target Price: $57.7431,2026-06-11 14:15:00-04:00,2026-06-11 14:30:00-04:00,57.8919,57.7431,yes
KXHYPE15M-26JUN111415,Target Price: $58.2279,2026-06-11 14:00:00-04:00,2026-06-11 14:15:00-04:00,57.7431,58.2279,no
KXHYPE15M-26JUN111400,Target Price: $57.7113,2026-06-11 13:45:00-04:00,2026-06-11 14:00:00-04:00,58.2279,57.7113,yes
KXHYPE15M-26JUN111345,Target Price: $56.6223,2026-06-11 13:30:00-04:00,2026-06-11 13:45:00-04:00,57.7113,56.6223,yes
KXHYPE15M-26JUN111330,Target Price: $55.9817,2026-06-11 13:15:00-04:00,2026-06-11 13:30:00-04:00,56.6223,55.9817,yes
KXHYPE15M-26JUN111315,Target Price: $56.2002,2026-06-11 13:00:00-04:00,2026-06-11 13:15:00-04:00,55.9817,56.2002,no
KXHYPE15M-26JUN111300,Target Price: $56.3815,2026-06-11 12:45:00-04:00,2026-06-11 13:00:00-04:00,56.2002,56.3815,no
KXHYPE15M-26JUN111245,Target Price: $56.3791,2026-06-11 12:30:00-04:00,2026-06-11 12:45:00-04:00,56.3815,56.3791,yes
KXHYPE15M-26JUN111230,Target Price: $56.7162,2026-06-11 12:15:00-04:00,2026-06-11 12:30:00-04:00,56.3791,56.7162,no
KXHYPE15M-26JUN111215,Target Price: $56.7006,2026-06-11 12:00:00-04:00,2026-06-11 12:15:00-04:00,56.7162,56.7006,yes
KXHYPE15M-26JUN111200,Target Price: $56.7879,2026-06-11 11:45:00-04:00,2026-06-11 12:00:00-04:00,56.7006,56.7879,no
KXHYPE15M-26JUN111145,Target Price: $56.9227,2026-06-11 11:30:00-04:00,2026-06-11 11:45:00-04:00,56.7879,56.9227,no
KXHYPE15M-26JUN111130,Target Price: $56.6382,2026-06-11 11:15:00-04:00,2026-06-11 11:30:00-04:00,56.9227,56.6382,yes
KXHYPE15M-26JUN111115,Target Price: $56.4489,2026-06-11 11:00:00-04:00,2026-06-11 11:15:00-04:00,56.6382,56.4489,yes
KXHYPE15M-26JUN111100,Target Price: $56.8345,2026-06-11 10:45:00-04:00,2026-06-11 11:00:00-04:00,56.4489,56.8345,no
KXHYPE15M-26JUN111045,Target Price: $56.6027,2026-06-11 10:30:00-04:00,2026-06-11 10:45:00-04:00,56.8345,56.6027,yes
KXHYPE15M-26JUN111030,Target Price: $56.6859,2026-06-11 10:15:00-04:00,2026-06-11 10:30:00-04:00,56.6027,56.6859,no
KXHYPE15M-26JUN111015,Target Price: $57.0497,2026-06-11 10:00:00-04:00,2026-06-11 10:15:00-04:00,56.6859,57.0497,no
KXHYPE15M-26JUN111000,Target Price: $56.3763,2026-06-11 09:45:00-04:00,2026-06-11 10:00:00-04:00,57.0497,56.3763,yes
KXHYPE15M-26JUN110945,Target Price: $56.1425,2026-06-11 09:30:00-04:00,2026-06-11 09:45:00-04:00,56.3763,56.1425,yes
KXHYPE15M-26JUN110930,Target Price: $56.4510,2026-06-11 09:15:00-04:00,2026-06-11 09:30:00-04:00,56.1425,56.451,no
KXHYPE15M-26JUN110915,Target Price: $56.2944,2026-06-11 09:00:00-04:00,2026-06-11 09:15:00-04:00,56.4510,56.2944,yes
KXHYPE15M-26JUN110900,Target Price: $56.1709,2026-06-11 08:45:00-04:00,2026-06-11 09:00:00-04:00,56.2944,56.1709,yes
KXHYPE15M-26JUN110845,Target Price: $56.1102,2026-06-11 08:30:00-04:00,2026-06-11 08:45:00-04:00,56.1709,56.1102,yes
KXHYPE15M-26JUN110830,Target Price: $56.8702,2026-06-11 08:15:00-04:00,2026-06-11 08:30:00-04:00,56.1102,56.8702,no
KXHYPE15M-26JUN110815,Target Price: $56.8699,2026-06-11 08:00:00-04:00,2026-06-11 08:15:00-04:00,56.8702,56.8699,yes
KXHYPE15M-26JUN110800,Target Price: $56.9283,2026-06-11 07:45:00-04:00,2026-06-11 08:00:00-04:00,56.8699,56.9283,no
KXHYPE15M-26JUN110745,Target Price: $56.7336,2026-06-11 07:30:00-04:00,2026-06-11 07:45:00-04:00,56.9283,56.7336,yes
KXHYPE15M-26JUN110730,Target Price: $56.8029,2026-06-11 07:15:00-04:00,2026-06-11 07:30:00-04:00,56.7336,56.8029,no
KXHYPE15M-26JUN110715,Target Price: $55.9396,2026-06-11 07:00:00-04:00,2026-06-11 07:15:00-04:00,56.8029,55.9396,yes
KXHYPE15M-26JUN110700,Target Price: $55.7054,2026-06-11 06:45:00-04:00,2026-06-11 07:00:00-04:00,55.9396,55.7054,yes
KXHYPE15M-26JUN110645,Target Price: $55.7199,2026-06-11 06:30:00-04:00,2026-06-11 06:45:00-04:00,55.7054,55.7199,no
KXHYPE15M-26JUN110630,Target Price: $56.0890,2026-06-11 06:15:00-04:00,2026-06-11 06:30:00-04:00,55.7199,56.089,no
KXHYPE15M-26JUN110615,Target Price: $56.0950,2026-06-11 06:00:00-04:00,2026-06-11 06:15:00-04:00,56.0890,56.095,no
KXHYPE15M-26JUN110600,Target Price: $55.8560,2026-06-11 05:45:00-04:00,2026-06-11 06:00:00-04:00,56.0950,55.856,yes
KXHYPE15M-26JUN110545,Target Price: $55.7268,2026-06-11 05:30:00-04:00,2026-06-11 05:45:00-04:00,55.8560,55.7268,yes
KXHYPE15M-26JUN110530,Target Price: $55.7688,2026-06-11 05:15:00-04:00,2026-06-11 05:30:00-04:00,55.7268,55.7688,no
KXHYPE15M-26JUN110515,Target Price: $55.9536,2026-06-11 05:00:00-04:00,2026-06-11 05:15:00-04:00,55.7688,55.9536,no
KXHYPE15M-26JUN110200,Target Price: $55.2233,2026-06-11 01:45:00-04:00,2026-06-11 02:00:00-04:00,55.5176,55.2233,yes
KXHYPE15M-26JUN110145,Target Price: $54.8264,2026-06-11 01:30:00-04:00,2026-06-11 01:45:00-04:00,55.2233,54.8264,yes
KXHYPE15M-26JUN110130,Target Price: $54.6193,2026-06-11 01:15:00-04:00,2026-06-11 01:30:00-04:00,54.8264,54.6193,yes
KXHYPE15M-26JUN110115,Target Price: $54.6514,2026-06-11 01:00:00-04:00,2026-06-11 01:15:00-04:00,54.6193,54.6514,no
KXHYPE15M-26JUN110100,Target Price: $54.5282,2026-06-11 00:45:00-04:00,2026-06-11 01:00:00-04:00,54.6514,54.5282,yes
KXHYPE15M-26JUN110045,Target Price: $54.6238,2026-06-11 00:30:00-04:00,2026-06-11 00:45:00-04:00,54.5282,54.6238,no
KXHYPE15M-26JUN110030,Target Price: $54.8081,2026-06-11 00:15:00-04:00,2026-06-11 00:30:00-04:00,54.6238,54.8081,no
KXHYPE15M-26JUN110015,Target Price: $55.1344,2026-06-11 00:00:00-04:00,2026-06-11 00:15:00-04:00,54.8081,55.1344,no
KXHYPE15M-26JUN110000,Target Price: $54.4653,2026-06-10 23:45:00-04:00,2026-06-11 00:00:00-04:00,55.1344,54.4653,yes
KXHYPE15M-26JUN102345,Target Price: $54.0752,2026-06-10 23:30:00-04:00,2026-06-10 23:45:00-04:00,54.4653,54.0752,yes
KXHYPE15M-26JUN102330,Target Price: $54.2358,2026-06-10 23:15:00-04:00,2026-06-10 23:30:00-04:00,54.0752,54.2358,no
KXHYPE15M-26JUN102315,Target Price: $54.1611,2026-06-10 23:00:00-04:00,2026-06-10 23:15:00-04:00,54.2358,54.1611,yes
KXHYPE15M-26JUN102300,Target Price: $53.8347,2026-06-10 22:45:00-04:00,2026-06-10 23:00:00-04:00,54.1611,53.8347,yes
KXHYPE15M-26JUN102245,Target Price: $53.5520,2026-06-10 22:30:00-04:00,2026-06-10 22:45:00-04:00,53.8347,53.552,yes
KXHYPE15M-26JUN102230,Target Price: $54.1100,2026-06-10 22:15:00-04:00,2026-06-10 22:30:00-04:00,53.5520,54.11,no
KXHYPE15M-26JUN102215,Target Price: $54.4912,2026-06-10 22:00:00-04:00,2026-06-10 22:15:00-04:00,54.1100,54.4912,no
KXHYPE15M-26JUN102200,Target Price: $54.2865,2026-06-10 21:45:00-04:00,2026-06-10 22:00:00-04:00,54.4912,54.2865,yes
KXHYPE15M-26JUN102145,Target Price: $54.2353,2026-06-10 21:30:00-04:00,2026-06-10 21:45:00-04:00,54.2865,54.2353,yes
KXHYPE15M-26JUN102130,Target Price: $53.9656,2026-06-10 21:15:00-04:00,2026-06-10 21:30:00-04:00,54.2353,53.9656,yes
KXHYPE15M-26JUN102115,Target Price: $53.2413,2026-06-10 21:00:00-04:00,2026-06-10 21:15:00-04:00,53.9656,53.2413,yes
KXHYPE15M-26JUN102100,Target Price: $52.9989,2026-06-10 20:45:00-04:00,2026-06-10 21:00:00-04:00,53.2413,52.9989,yes
KXHYPE15M-26JUN102045,Target Price: $53.4910,2026-06-10 20:30:00-04:00,2026-06-10 20:45:00-04:00,52.9989,53.491,no
KXHYPE15M-26JUN102030,Target Price: $53.3796,2026-06-10 20:15:00-04:00,2026-06-10 20:30:00-04:00,53.4910,53.3796,yes
KXHYPE15M-26JUN102015,Target Price: $53.2161,2026-06-10 20:00:00-04:00,2026-06-10 20:15:00-04:00,53.3796,53.2161,yes
KXHYPE15M-26JUN102000,Target Price: $53.1796,2026-06-10 19:45:00-04:00,2026-06-10 20:00:00-04:00,53.2161,53.1796,yes
KXHYPE15M-26JUN101945,Target Price: $53.3424,2026-06-10 19:30:00-04:00,2026-06-10 19:45:00-04:00,53.1796,53.3424,no
KXHYPE15M-26JUN101930,Target Price: $52.8857,2026-06-10 19:15:00-04:00,2026-06-10 19:30:00-04:00,53.3424,52.8857,yes
KXHYPE15M-26JUN101915,Target Price: $53.1842,2026-06-10 19:00:00-04:00,2026-06-10 19:15:00-04:00,52.8857,53.1842,no
KXHYPE15M-26JUN101900,Target Price: $53.2842,2026-06-10 18:45:00-04:00,2026-06-10 19:00:00-04:00,53.1842,53.2842,no
KXHYPE15M-26JUN101845,Target Price: $52.8424,2026-06-10 18:30:00-04:00,2026-06-10 18:45:00-04:00,53.2842,52.8424,yes
KXHYPE15M-26JUN101830,Target Price: $52.8357,2026-06-10 18:15:00-04:00,2026-06-10 18:30:00-04:00,52.8424,52.8357,yes
KXHYPE15M-26JUN101815,Target Price: $53.2277,2026-06-10 18:00:00-04:00,2026-06-10 18:15:00-04:00,52.8357,53.2277,no
KXHYPE15M-26JUN101800,Target Price: $53.4943,2026-06-10 17:45:00-04:00,2026-06-10 18:00:00-04:00,53.2277,53.4943,no
KXHYPE15M-26JUN101745,Target Price: $53.7011,2026-06-10 17:30:00-04:00,2026-06-10 17:45:00-04:00,53.4943,53.7011,no
KXHYPE15M-26JUN101730,Target Price: $53.2452,2026-06-10 17:15:00-04:00,2026-06-10 17:30:00-04:00,53.7011,53.2452,yes
KXHYPE15M-26JUN101715,Target Price: $53.6472,2026-06-10 17:00:00-04:00,2026-06-10 17:15:00-04:00,53.2452,53.6472,no
KXHYPE15M-26JUN101700,Target Price: $53.6763,2026-06-10 16:45:00-04:00,2026-06-10 17:00:00-04:00,53.6472,53.6763,no
KXHYPE15M-26JUN101645,Target Price: $53.6473,2026-06-10 16:30:00-04:00,2026-06-10 16:45:00-04:00,53.6763,53.6473,yes
KXHYPE15M-26JUN101630,Target Price: $53.8823,2026-06-10 16:15:00-04:00,2026-06-10 16:30:00-04:00,53.6473,53.8823,no
KXHYPE15M-26JUN101615,Target Price: $53.8724,2026-06-10 16:00:00-04:00,2026-06-10 16:15:00-04:00,53.8823,53.8724,yes
KXHYPE15M-26JUN101600,Target Price: $54.0591,2026-06-10 15:45:00-04:00,2026-06-10 16:00:00-04:00,53.8724,54.0591,no
KXHYPE15M-26JUN101545,Target Price: $54.3815,2026-06-10 15:30:00-04:00,2026-06-10 15:45:00-04:00,54.0591,54.3815,no
KXHYPE15M-26JUN101530,Target Price: $54.0979,2026-06-10 15:15:00-04:00,2026-06-10 15:30:00-04:00,54.3815,54.0979,yes
KXHYPE15M-26JUN101515,Target Price: $54.6776,2026-06-10 15:00:00-04:00,2026-06-10 15:15:00-04:00,54.0979,54.6776,no
KXHYPE15M-26JUN101500,Target Price: $54.1869,2026-06-10 14:45:00-04:00,2026-06-10 15:00:00-04:00,54.6776,54.1869,yes
KXHYPE15M-26JUN101445,Target Price: $54.8924,2026-06-10 14:30:00-04:00,2026-06-10 14:45:00-04:00,54.1869,54.8924,no
KXHYPE15M-26JUN101430,Target Price: $55.2910,2026-06-10 14:15:00-04:00,2026-06-10 14:30:00-04:00,54.8924,55.291,no
KXHYPE15M-26JUN101415,Target Price: $55.5274,2026-06-10 14:00:00-04:00,2026-06-10 14:15:00-04:00,55.2910,55.5274,no
KXHYPE15M-26JUN101400,Target Price: $55.4127,2026-06-10 13:45:00-04:00,2026-06-10 14:00:00-04:00,55.5274,55.4127,yes
KXHYPE15M-26JUN101345,Target Price: $55.2545,2026-06-10 13:30:00-04:00,2026-06-10 13:45:00-04:00,55.4127,55.2545,yes
KXHYPE15M-26JUN101330,Target Price: $55.7711,2026-06-10 13:15:00-04:00,2026-06-10 13:30:00-04:00,55.2545,55.7711,no
KXHYPE15M-26JUN101315,Target Price: $55.6654,2026-06-10 13:00:00-04:00,2026-06-10 13:15:00-04:00,55.7711,55.6654,yes
KXHYPE15M-26JUN101300,Target Price: $55.8870,2026-06-10 12:45:00-04:00,2026-06-10 13:00:00-04:00,55.6654,55.887,no
KXHYPE15M-26JUN101245,Target Price: $56.4963,2026-06-10 12:30:00-04:00,2026-06-10 12:45:00-04:00,55.8870,56.4963,no
KXHYPE15M-26JUN101230,Target Price: $56.6960,2026-06-10 12:15:00-04:00,2026-06-10 12:30:00-04:00,56.4963,56.696,no
KXHYPE15M-26JUN101215,Target Price: $57.4142,2026-06-10 12:00:00-04:00,2026-06-10 12:15:00-04:00,56.6960,57.4142,no
KXHYPE15M-26JUN101200,Target Price: $57.4917,2026-06-10 11:45:00-04:00,2026-06-10 12:00:00-04:00,57.4142,57.4917,no
KXHYPE15M-26JUN101145,Target Price: $57.6837,2026-06-10 11:30:00-04:00,2026-06-10 11:45:00-04:00,57.4917,57.6837,no
KXHYPE15M-26JUN101130,Target Price: $57.6212,2026-06-10 11:15:00-04:00,2026-06-10 11:30:00-04:00,57.6837,57.6212,yes
KXHYPE15M-26JUN101115,Target Price: $57.7280,2026-06-10 11:00:00-04:00,2026-06-10 11:15:00-04:00,57.6212,57.728,no
KXHYPE15M-26JUN101100,Target Price: $57.9235,2026-06-10 10:45:00-04:00,2026-06-10 11:00:00-04:00,57.7280,57.9235,no
KXHYPE15M-26JUN101045,Target Price: $58.0200,2026-06-10 10:30:00-04:00,2026-06-10 10:45:00-04:00,57.9235,58.02,no
KXHYPE15M-26JUN101030,Target Price: $57.8416,2026-06-10 10:15:00-04:00,2026-06-10 10:30:00-04:00,58.0200,57.8416,yes
KXHYPE15M-26JUN101015,Target Price: $57.3774,2026-06-10 10:00:00-04:00,2026-06-10 10:15:00-04:00,57.8416,57.3774,yes
KXHYPE15M-26JUN101000,Target Price: $57.8350,2026-06-10 09:45:00-04:00,2026-06-10 10:00:00-04:00,57.3774,57.835,no
KXHYPE15M-26JUN100945,Target Price: $56.2303,2026-06-10 09:30:00-04:00,2026-06-10 09:45:00-04:00,57.8350,56.2303,yes
KXHYPE15M-26JUN100930,Target Price: $55.9824,2026-06-10 09:15:00-04:00,2026-06-10 09:30:00-04:00,56.2303,55.9824,yes
KXHYPE15M-26JUN100915,Target Price: $56.3065,2026-06-10 09:00:00-04:00,2026-06-10 09:15:00-04:00,55.9824,56.3065,no
KXHYPE15M-26JUN100900,Target Price: $55.9913,2026-06-10 08:45:00-04:00,2026-06-10 09:00:00-04:00,56.3065,55.9913,yes
KXHYPE15M-26JUN100845,Target Price: $55.1122,2026-06-10 08:30:00-04:00,2026-06-10 08:45:00-04:00,55.9913,55.1122,yes
KXHYPE15M-26JUN100830,Target Price: $55.1830,2026-06-10 08:15:00-04:00,2026-06-10 08:30:00-04:00,55.1122,55.183,no
KXHYPE15M-26JUN100815,Target price: TBD,2026-06-10 08:00:00-04:00,2026-06-10 08:15:00-04:00,55.1830,,no
KXHYPE15M-26JUN100800,Target Price: $55.7027,2026-06-10 07:45:00-04:00,2026-06-10 08:00:00-04:00,55.5888,55.7027,no
KXHYPE15M-26JUN100745,Target Price: $55.7804,2026-06-10 07:30:00-04:00,2026-06-10 07:45:00-04:00,55.7027,55.7804,no
KXHYPE15M-26JUN100730,Target Price: $55.9282,2026-06-10 07:15:00-04:00,2026-06-10 07:30:00-04:00,55.7804,55.9282,no
KXHYPE15M-26JUN100715,Target Price: $56.3777,2026-06-10 07:00:00-04:00,2026-06-10 07:15:00-04:00,55.9282,56.3777,no
KXHYPE15M-26JUN100700,Target Price: $55.9557,2026-06-10 06:45:00-04:00,2026-06-10 07:00:00-04:00,56.3777,55.9557,yes
KXHYPE15M-26JUN100645,Target Price: $55.7109,2026-06-10 06:30:00-04:00,2026-06-10 06:45:00-04:00,55.9557,55.7109,yes
KXHYPE15M-26JUN100630,Target Price: $55.5545,2026-06-10 06:15:00-04:00,2026-06-10 06:30:00-04:00,55.7109,55.5545,yes
KXHYPE15M-26JUN100615,Target Price: $55.9339,2026-06-10 06:00:00-04:00,2026-06-10 06:15:00-04:00,55.5545,55.9339,no
KXHYPE15M-26JUN100600,Target Price: $55.7307,2026-06-10 05:45:00-04:00,2026-06-10 06:00:00-04:00,55.9339,55.7307,yes
KXHYPE15M-26JUN100545,Target Price: $55.7699,2026-06-10 05:30:00-04:00,2026-06-10 05:45:00-04:00,55.7307,55.7699,no
KXHYPE15M-26JUN100530,Target Price: $55.4907,2026-06-10 05:15:00-04:00,2026-06-10 05:30:00-04:00,55.7699,55.4907,yes
KXHYPE15M-26JUN100515,Target Price: $55.6803,2026-06-10 05:00:00-04:00,2026-06-10 05:15:00-04:00,55.4907,55.6803,no
KXHYPE15M-26JUN100500,Target Price: $55.4374,2026-06-10 04:45:00-04:00,2026-06-10 05:00:00-04:00,55.6803,55.4374,yes
KXHYPE15M-26JUN100445,Target Price: $55.4895,2026-06-10 04:30:00-04:00,2026-06-10 04:45:00-04:00,55.4374,55.4895,no
KXHYPE15M-26JUN100430,Target Price: $55.3800,2026-06-10 04:15:00-04:00,2026-06-10 04:30:00-04:00,55.4895,55.38,yes
KXHYPE15M-26JUN100415,Target Price: $55.6065,2026-06-10 04:00:00-04:00,2026-06-10 04:15:00-04:00,55.3800,55.6065,no
KXHYPE15M-26JUN100400,Target Price: $56.0319,2026-06-10 03:45:00-04:00,2026-06-10 04:00:00-04:00,55.6065,56.0319,no
KXHYPE15M-26JUN100345,Target Price: $55.6961,2026-06-10 03:30:00-04:00,2026-06-10 03:45:00-04:00,56.0319,55.6961,yes
KXHYPE15M-26JUN100330,Target Price: $55.1680,2026-06-10 03:15:00-04:00,2026-06-10 03:30:00-04:00,55.6961,55.168,yes
KXHYPE15M-26JUN100315,Target Price: $55.2312,2026-06-10 03:00:00-04:00,2026-06-10 03:15:00-04:00,55.1680,55.2312,no
KXHYPE15M-26JUN100300,Target Price: $55.3509,2026-06-10 02:45:00-04:00,2026-06-10 03:00:00-04:00,55.2312,55.3509,no
KXHYPE15M-26JUN100245,Target Price: $55.2223,2026-06-10 02:30:00-04:00,2026-06-10 02:45:00-04:00,55.3509,55.2223,yes
KXHYPE15M-26JUN100230,Target Price: $55.5846,2026-06-10 02:15:00-04:00,2026-06-10 02:30:00-04:00,55.2223,55.5846,no
KXHYPE15M-26JUN100215,Target Price: $55.3604,2026-06-10 02:00:00-04:00,2026-06-10 02:15:00-04:00,55.5846,55.3604,yes
KXHYPE15M-26JUN100200,Target Price: $55.2692,2026-06-10 01:45:00-04:00,2026-06-10 02:00:00-04:00,55.3604,55.2692,yes
KXHYPE15M-26JUN100145,Target Price: $55.3315,2026-06-10 01:30:00-04:00,2026-06-10 01:45:00-04:00,55.2692,55.3315,no
KXHYPE15M-26JUN100130,Target Price: $55.2513,2026-06-10 01:15:00-04:00,2026-06-10 01:30:00-04:00,55.3315,55.2513,yes
KXHYPE15M-26JUN100115,Target Price: $55.4714,2026-06-10 01:00:00-04:00,2026-06-10 01:15:00-04:00,55.2513,55.4714,no
KXHYPE15M-26JUN100100,Target Price: $55.5329,2026-06-10 00:45:00-04:00,2026-06-10 01:00:00-04:00,55.4714,55.5329,no
KXHYPE15M-26JUN100045,Target Price: $55.8354,2026-06-10 00:30:00-04:00,2026-06-10 00:45:00-04:00,55.5329,55.8354,no
KXHYPE15M-26JUN100030,Target Price: $56.3489,2026-06-10 00:15:00-04:00,2026-06-10 00:30:00-04:00,55.8354,56.3489,no
KXHYPE15M-26JUN100015,Target Price: $56.5550,2026-06-10 00:00:00-04:00,2026-06-10 00:15:00-04:00,56.3489,56.555,no
KXHYPE15M-26JUN100000,Target Price: $56.8331,2026-06-09 23:45:00-04:00,2026-06-10 00:00:00-04:00,56.5550,56.8331,no
KXHYPE15M-26JUN092345,Target Price: $56.9233,2026-06-09 23:30:00-04:00,2026-06-09 23:45:00-04:00,56.8331,56.9233,no
KXHYPE15M-26JUN092330,Target Price: $56.3199,2026-06-09 23:15:00-04:00,2026-06-09 23:30:00-04:00,56.9233,56.3199,yes
KXHYPE15M-26JUN092315,Target Price: $55.8107,2026-06-09 23:00:00-04:00,2026-06-09 23:15:00-04:00,56.3199,55.8107,yes
KXHYPE15M-26JUN092300,Target Price: $55.8392,2026-06-09 22:45:00-04:00,2026-06-09 23:00:00-04:00,55.8107,55.8392,no
KXHYPE15M-26JUN092245,Target Price: $56.3193,2026-06-09 22:30:00-04:00,2026-06-09 22:45:00-04:00,55.8392,56.3193,no
KXHYPE15M-26JUN092230,Target Price: $56.6028,2026-06-09 22:15:00-04:00,2026-06-09 22:30:00-04:00,56.3193,56.6028,no
KXHYPE15M-26JUN092215,Target Price: $57.2007,2026-06-09 22:00:00-04:00,2026-06-09 22:15:00-04:00,56.6028,57.2007,no
KXHYPE15M-26JUN092200,Target Price: $56.8125,2026-06-09 21:45:00-04:00,2026-06-09 22:00:00-04:00,57.2007,56.8125,yes
KXHYPE15M-26JUN092145,Target Price: $57.0450,2026-06-09 21:30:00-04:00,2026-06-09 21:45:00-04:00,56.8125,57.045,no
KXHYPE15M-26JUN092130,Target Price: $56.9219,2026-06-09 21:15:00-04:00,2026-06-09 21:30:00-04:00,57.0450,56.9219,yes
KXHYPE15M-26JUN092115,Target Price: $57.0693,2026-06-09 21:00:00-04:00,2026-06-09 21:15:00-04:00,56.9219,57.0693,no
KXHYPE15M-26JUN092100,Target Price: $56.5673,2026-06-09 20:45:00-04:00,2026-06-09 21:00:00-04:00,57.0693,56.5673,yes
KXHYPE15M-26JUN092045,Target Price: $57.7986,2026-06-09 20:30:00-04:00,2026-06-09 20:45:00-04:00,56.5673,57.7986,no
KXHYPE15M-26JUN092030,Target Price: $57.9858,2026-06-09 20:15:00-04:00,2026-06-09 20:30:00-04:00,57.7986,57.9858,no
KXHYPE15M-26JUN092015,Target Price: $57.7203,2026-06-09 20:00:00-04:00,2026-06-09 20:15:00-04:00,57.9858,57.7203,yes
KXHYPE15M-26JUN092000,Target Price: $57.7160,2026-06-09 19:45:00-04:00,2026-06-09 20:00:00-04:00,57.7203,57.716,yes
KXHYPE15M-26JUN091945,Target Price: $57.6158,2026-06-09 19:30:00-04:00,2026-06-09 19:45:00-04:00,57.7160,57.6158,yes
KXHYPE15M-26JUN091930,Target Price: $57.5513,2026-06-09 19:15:00-04:00,2026-06-09 19:30:00-04:00,57.6158,57.5513,yes
KXHYPE15M-26JUN091915,Target Price: $57.5398,2026-06-09 19:00:00-04:00,2026-06-09 19:15:00-04:00,57.5513,57.5398,yes
KXHYPE15M-26JUN091900,Target Price: $57.7833,2026-06-09 18:45:00-04:00,2026-06-09 19:00:00-04:00,57.5398,57.7833,no
KXHYPE15M-26JUN091845,Target Price: $58.0134,2026-06-09 18:30:00-04:00,2026-06-09 18:45:00-04:00,57.7833,58.0134,no
KXHYPE15M-26JUN091830,Target Price: $58.1808,2026-06-09 18:15:00-04:00,2026-06-09 18:30:00-04:00,58.0134,58.1808,no
KXHYPE15M-26JUN091815,Target Price: $57.8798,2026-06-09 18:00:00-04:00,2026-06-09 18:15:00-04:00,58.1808,57.8798,yes
KXHYPE15M-26JUN091800,Target Price: $57.9145,2026-06-09 17:45:00-04:00,2026-06-09 18:00:00-04:00,57.8798,57.9145,no
KXHYPE15M-26JUN091745,Target Price: $58.4185,2026-06-09 17:30:00-04:00,2026-06-09 17:45:00-04:00,57.9145,58.4185,no
KXHYPE15M-26JUN091730,Target Price: $59.2892,2026-06-09 17:15:00-04:00,2026-06-09 17:30:00-04:00,58.4185,59.2892,no
KXHYPE15M-26JUN091715,Target Price: $59.3857,2026-06-09 17:00:00-04:00,2026-06-09 17:15:00-04:00,59.2892,59.3857,no
KXHYPE15M-26JUN091700,Target Price: $59.1801,2026-06-09 16:45:00-04:00,2026-06-09 17:00:00-04:00,59.3857,59.1801,yes
KXHYPE15M-26JUN091645,Target Price: $58.9026,2026-06-09 16:30:00-04:00,2026-06-09 16:45:00-04:00,59.1801,58.9026,yes
KXHYPE15M-26JUN091630,Target Price: $58.8821,2026-06-09 16:15:00-04:00,2026-06-09 16:30:00-04:00,58.9026,58.8821,yes
KXHYPE15M-26JUN091615,Target Price: $58.4440,2026-06-09 16:00:00-04:00,2026-06-09 16:15:00-04:00,58.8821,58.444,yes
KXHYPE15M-26JUN091600,Target Price: $58.4775,2026-06-09 15:45:00-04:00,2026-06-09 16:00:00-04:00,58.4440,58.4775,no
KXHYPE15M-26JUN091545,Target Price: $58.8117,2026-06-09 15:30:00-04:00,2026-06-09 15:45:00-04:00,58.4775,58.8117,no
KXHYPE15M-26JUN091530,Target Price: $58.7662,2026-06-09 15:15:00-04:00,2026-06-09 15:30:00-04:00,58.8117,58.7662,yes
KXHYPE15M-26JUN091515,Target Price: $59.0071,2026-06-09 15:00:00-04:00,2026-06-09 15:15:00-04:00,58.7662,59.0071,no
KXHYPE15M-26JUN091500,Target Price: $58.8826,2026-06-09 14:45:00-04:00,2026-06-09 15:00:00-04:00,59.0071,58.8826,yes
KXHYPE15M-26JUN091445,Target Price: $59.1082,2026-06-09 14:30:00-04:00,2026-06-09 14:45:00-04:00,58.8826,59.1082,no
KXHYPE15M-26JUN091430,Target Price: $58.7417,2026-06-09 14:15:00-04:00,2026-06-09 14:30:00-04:00,59.1082,58.7417,yes
KXHYPE15M-26JUN091415,Target Price: $59.0101,2026-06-09 14:00:00-04:00,2026-06-09 14:15:00-04:00,58.7417,59.0101,no
KXHYPE15M-26JUN091400,Target Price: $58.9059,2026-06-09 13:45:00-04:00,2026-06-09 14:00:00-04:00,59.0101,58.9059,yes
KXHYPE15M-26JUN091345,Target Price: $59.0493,2026-06-09 13:30:00-04:00,2026-06-09 13:45:00-04:00,58.9059,59.0493,no
KXHYPE15M-26JUN091330,Target Price: $59.1504,2026-06-09 13:15:00-04:00,2026-06-09 13:30:00-04:00,59.0493,59.1504,no
KXHYPE15M-26JUN091315,Target Price: $58.7974,2026-06-09 13:00:00-04:00,2026-06-09 13:15:00-04:00,59.1504,58.7974,yes
KXHYPE15M-26JUN091300,Target Price: $59.0047,2026-06-09 12:45:00-04:00,2026-06-09 13:00:00-04:00,58.7974,59.0047,no
KXHYPE15M-26JUN091245,Target Price: $59.1053,2026-06-09 12:30:00-04:00,2026-06-09 12:45:00-04:00,59.0047,59.1053,no
KXHYPE15M-26JUN091230,Target Price: $58.9184,2026-06-09 12:15:00-04:00,2026-06-09 12:30:00-04:00,59.1053,58.9184,yes
KXHYPE15M-26JUN091215,Target Price: $58.9309,2026-06-09 12:00:00-04:00,2026-06-09 12:15:00-04:00,58.9184,58.9309,no
KXHYPE15M-26JUN091200,Target Price: $58.9761,2026-06-09 11:45:00-04:00,2026-06-09 12:00:00-04:00,58.9309,58.9761,no
KXHYPE15M-26JUN091145,Target Price: $59.5217,2026-06-09 11:30:00-04:00,2026-06-09 11:45:00-04:00,58.9761,59.5217,no
KXHYPE15M-26JUN091130,Target Price: $60.2132,2026-06-09 11:15:00-04:00,2026-06-09 11:30:00-04:00,59.5217,60.2132,no
KXHYPE15M-26JUN091115,Target Price: $59.9307,2026-06-09 11:00:00-04:00,2026-06-09 11:15:00-04:00,60.2132,59.9307,yes
KXHYPE15M-26JUN091100,Target Price: $59.5144,2026-06-09 10:45:00-04:00,2026-06-09 11:00:00-04:00,59.9307,59.5144,yes
KXHYPE15M-26JUN091045,Target Price: $59.6869,2026-06-09 10:30:00-04:00,2026-06-09 10:45:00-04:00,59.5144,59.6869,no
KXHYPE15M-26JUN091030,Target Price: $59.8847,2026-06-09 10:15:00-04:00,2026-06-09 10:30:00-04:00,59.6869,59.8847,no
KXHYPE15M-26JUN091015,Target Price: $60.7656,2026-06-09 10:00:00-04:00,2026-06-09 10:15:00-04:00,59.8847,60.7656,no
KXHYPE15M-26JUN091000,Target Price: $61.1418,2026-06-09 09:45:00-04:00,2026-06-09 10:00:00-04:00,60.7656,61.1418,no
KXHYPE15M-26JUN090945,Target Price: $60.8222,2026-06-09 09:30:00-04:00,2026-06-09 09:45:00-04:00,61.1418,60.8222,yes
KXHYPE15M-26JUN090930,Target Price: $61.8396,2026-06-09 09:15:00-04:00,2026-06-09 09:30:00-04:00,60.8222,61.8396,no
KXHYPE15M-26JUN090915,Target Price: $62.0179,2026-06-09 09:00:00-04:00,2026-06-09 09:15:00-04:00,61.8396,62.0179,no
KXHYPE15M-26JUN090900,Target Price: $62.0322,2026-06-09 08:45:00-04:00,2026-06-09 09:00:00-04:00,62.0179,62.0322,no
KXHYPE15M-26JUN090845,Target Price: $61.9620,2026-06-09 08:30:00-04:00,2026-06-09 08:45:00-04:00,62.0322,61.962,yes
KXHYPE15M-26JUN090830,Target Price: $62.1434,2026-06-09 08:15:00-04:00,2026-06-09 08:30:00-04:00,61.9620,62.1434,no
KXHYPE15M-26JUN090815,Target Price: $61.8116,2026-06-09 08:00:00-04:00,2026-06-09 08:15:00-04:00,62.1434,61.8116,yes
KXHYPE15M-26JUN090800,Target Price: $61.9047,2026-06-09 07:45:00-04:00,2026-06-09 08:00:00-04:00,61.8116,61.9047,no
KXHYPE15M-26JUN090745,Target Price: $61.7378,2026-06-09 07:30:00-04:00,2026-06-09 07:45:00-04:00,61.9047,61.7378,yes
KXHYPE15M-26JUN090730,Target Price: $61.6723,2026-06-09 07:15:00-04:00,2026-06-09 07:30:00-04:00,61.7378,61.6723,yes
KXHYPE15M-26JUN090715,Target Price: $62.1458,2026-06-09 07:00:00-04:00,2026-06-09 07:15:00-04:00,61.6723,62.1458,no
KXHYPE15M-26JUN090700,Target Price: $61.9634,2026-06-09 06:45:00-04:00,2026-06-09 07:00:00-04:00,62.1458,61.9634,yes
KXHYPE15M-26JUN090645,Target Price: $61.8994,2026-06-09 06:30:00-04:00,2026-06-09 06:45:00-04:00,61.9634,61.8994,yes
KXHYPE15M-26JUN090630,Target Price: $62.2055,2026-06-09 06:15:00-04:00,2026-06-09 06:30:00-04:00,61.8994,62.2055,no
KXHYPE15M-26JUN090615,Target Price: $62.2723,2026-06-09 06:00:00-04:00,2026-06-09 06:15:00-04:00,62.2055,62.2723,no
KXHYPE15M-26JUN090600,Target Price: $61.9557,2026-06-09 05:45:00-04:00,2026-06-09 06:00:00-04:00,62.2723,61.9557,yes
KXHYPE15M-26JUN090545,Target Price: $62.2837,2026-06-09 05:30:00-04:00,2026-06-09 05:45:00-04:00,61.9557,62.2837,no
KXHYPE15M-26JUN090530,Target Price: $62.4344,2026-06-09 05:15:00-04:00,2026-06-09 05:30:00-04:00,62.2837,62.4344,no
KXHYPE15M-26JUN090515,Target Price: $62.5008,2026-06-09 05:00:00-04:00,2026-06-09 05:15:00-04:00,62.4344,62.5008,no
KXHYPE15M-26JUN090500,Target Price: $62.4099,2026-06-09 04:45:00-04:00,2026-06-09 05:00:00-04:00,62.5008,62.4099,yes
KXHYPE15M-26JUN090445,Target Price: $62.1124,2026-06-09 04:30:00-04:00,2026-06-09 04:45:00-04:00,62.4099,62.1124,yes
KXHYPE15M-26JUN090430,Target Price: $61.6638,2026-06-09 04:15:00-04:00,2026-06-09 04:30:00-04:00,62.1124,61.6638,yes
KXHYPE15M-26JUN090415,Target Price: $62.1306,2026-06-09 04:00:00-04:00,2026-06-09 04:15:00-04:00,61.6638,62.1306,no
KXHYPE15M-26JUN090400,Target Price: $61.9919,2026-06-09 03:45:00-04:00,2026-06-09 04:00:00-04:00,62.1306,61.9919,yes
KXHYPE15M-26JUN090345,Target Price: $61.7762,2026-06-09 03:30:00-04:00,2026-06-09 03:45:00-04:00,61.9919,61.7762,yes
KXHYPE15M-26JUN090330,Target Price: $62.0187,2026-06-09 03:15:00-04:00,2026-06-09 03:30:00-04:00,61.7762,62.0187,no
KXHYPE15M-26JUN090315,Target Price: $61.7299,2026-06-09 03:00:00-04:00,2026-06-09 03:15:00-04:00,62.0187,61.7299,yes
KXHYPE15M-26JUN090300,Target Price: $61.6228,2026-06-09 02:45:00-04:00,2026-06-09 03:00:00-04:00,61.7299,61.6228,yes
KXHYPE15M-26JUN090245,Target Price: $62.1889,2026-06-09 02:30:00-04:00,2026-06-09 02:45:00-04:00,61.6228,62.1889,no
KXHYPE15M-26JUN090230,Target Price: $62.0307,2026-06-09 02:15:00-04:00,2026-06-09 02:30:00-04:00,62.1889,62.0307,yes
KXHYPE15M-26JUN090215,Target Price: $61.8895,2026-06-09 02:00:00-04:00,2026-06-09 02:15:00-04:00,62.0307,61.8895,yes
KXHYPE15M-26JUN090200,Target Price: $62.3621,2026-06-09 01:45:00-04:00,2026-06-09 02:00:00-04:00,61.8895,62.3621,no
KXHYPE15M-26JUN090145,Target Price: $62.1479,2026-06-09 01:30:00-04:00,2026-06-09 01:45:00-04:00,62.3621,62.1479,yes
KXHYPE15M-26JUN090130,Target Price: $61.6459,2026-06-09 01:15:00-04:00,2026-06-09 01:30:00-04:00,62.1479,61.6459,yes
KXHYPE15M-26JUN090115,Target Price: $61.8879,2026-06-09 01:00:00-04:00,2026-06-09 01:15:00-04:00,61.6459,61.8879,no
KXHYPE15M-26JUN090100,Target Price: $61.7654,2026-06-09 00:45:00-04:00,2026-06-09 01:00:00-04:00,61.8879,61.7654,yes
KXHYPE15M-26JUN090045,Target Price: $60.9335,2026-06-09 00:30:00-04:00,2026-06-09 00:45:00-04:00,61.7654,60.9335,yes
KXHYPE15M-26JUN090030,Target Price: $61.3492,2026-06-09 00:15:00-04:00,2026-06-09 00:30:00-04:00,60.9335,61.3492,no
KXHYPE15M-26JUN090015,Target Price: $61.5488,2026-06-09 00:00:00-04:00,2026-06-09 00:15:00-04:00,61.3492,61.5488,no
KXHYPE15M-26JUN090000,Target Price: $61.8495,2026-06-08 23:45:00-04:00,2026-06-09 00:00:00-04:00,61.5488,61.8495,no
KXHYPE15M-26JUN082345,Target Price: $62.4620,2026-06-08 23:30:00-04:00,2026-06-08 23:45:00-04:00,61.8495,62.462,no
KXHYPE15M-26JUN082330,Target Price: $62.3839,2026-06-08 23:15:00-04:00,2026-06-08 23:30:00-04:00,62.4620,62.3839,yes
KXHYPE15M-26JUN082315,Target Price: $62.2322,2026-06-08 23:00:00-04:00,2026-06-08 23:15:00-04:00,62.3839,62.2322,yes
KXHYPE15M-26JUN082300,Target Price: $61.6975,2026-06-08 22:45:00-04:00,2026-06-08 23:00:00-04:00,62.2322,61.6975,yes
KXHYPE15M-26JUN082245,Target Price: $62.3863,2026-06-08 22:30:00-04:00,2026-06-08 22:45:00-04:00,61.6975,62.3863,no
KXHYPE15M-26JUN082230,Target Price: $62.2393,2026-06-08 22:15:00-04:00,2026-06-08 22:30:00-04:00,62.3863,62.2393,yes
KXHYPE15M-26JUN082215,Target Price: $62.7581,2026-06-08 22:00:00-04:00,2026-06-08 22:15:00-04:00,62.2393,62.7581,no
KXHYPE15M-26JUN082200,Target Price: $62.5723,2026-06-08 21:45:00-04:00,2026-06-08 22:00:00-04:00,62.7581,62.5723,yes
KXHYPE15M-26JUN082145,Target Price: $62.4028,2026-06-08 21:30:00-04:00,2026-06-08 21:45:00-04:00,62.5723,62.4028,yes
KXHYPE15M-26JUN082130,Target Price: $62.1078,2026-06-08 21:15:00-04:00,2026-06-08 21:30:00-04:00,62.4028,62.1078,yes
KXHYPE15M-26JUN082115,Target Price: $62.1312,2026-06-08 21:00:00-04:00,2026-06-08 21:15:00-04:00,62.1078,62.1312,no
KXHYPE15M-26JUN082100,Target Price: $62.4741,2026-06-08 20:45:00-04:00,2026-06-08 21:00:00-04:00,62.1312,62.4741,no
KXHYPE15M-26JUN082045,Target Price: $62.9403,2026-06-08 20:30:00-04:00,2026-06-08 20:45:00-04:00,62.4741,62.9403,no
KXHYPE15M-26JUN082030,Target Price: $63.6209,2026-06-08 20:15:00-04:00,2026-06-08 20:30:00-04:00,62.9403,63.6209,no
KXHYPE15M-26JUN082015,Target Price: $63.7296,2026-06-08 20:00:00-04:00,2026-06-08 20:15:00-04:00,63.6209,63.7296,no
KXHYPE15M-26JUN082000,Target Price: $63.3790,2026-06-08 19:45:00-04:00,2026-06-08 20:00:00-04:00,63.7296,63.379,yes
KXHYPE15M-26JUN081945,Target Price: $63.3843,2026-06-08 19:30:00-04:00,2026-06-08 19:45:00-04:00,63.3790,63.3843,no
KXHYPE15M-26JUN081930,Target Price: $63.5724,2026-06-08 19:15:00-04:00,2026-06-08 19:30:00-04:00,63.3843,63.5724,no
KXHYPE15M-26JUN081915,Target Price: $63.2179,2026-06-08 19:00:00-04:00,2026-06-08 19:15:00-04:00,63.5724,63.2179,yes
KXHYPE15M-26JUN081900,Target Price: $63.2029,2026-06-08 18:45:00-04:00,2026-06-08 19:00:00-04:00,63.2179,63.2029,yes
KXHYPE15M-26JUN081845,Target Price: $63.3187,2026-06-08 18:30:00-04:00,2026-06-08 18:45:00-04:00,63.2029,63.3187,no
KXHYPE15M-26JUN081830,Target Price: $63.0157,2026-06-08 18:15:00-04:00,2026-06-08 18:30:00-04:00,63.3187,63.0157,yes
KXHYPE15M-26JUN081815,Target Price: $64.1734,2026-06-08 18:00:00-04:00,2026-06-08 18:15:00-04:00,63.0157,64.1734,no
KXHYPE15M-26JUN081800,Target Price: $64.3494,2026-06-08 17:45:00-04:00,2026-06-08 18:00:00-04:00,64.1734,64.3494,no
KXHYPE15M-26JUN081745,Target Price: $64.2315,2026-06-08 17:30:00-04:00,2026-06-08 17:45:00-04:00,64.3494,64.2315,yes
KXHYPE15M-26JUN081730,Target Price: $64.0113,2026-06-08 17:15:00-04:00,2026-06-08 17:30:00-04:00,64.2315,64.0113,yes
KXHYPE15M-26JUN081715,Target Price: $63.8484,2026-06-08 17:00:00-04:00,2026-06-08 17:15:00-04:00,64.0113,63.8484,yes
KXHYPE15M-26JUN081700,Target Price: $63.7912,2026-06-08 16:45:00-04:00,2026-06-08 17:00:00-04:00,63.8484,63.7912,yes
KXHYPE15M-26JUN081645,Target Price: $63.4363,2026-06-08 16:30:00-04:00,2026-06-08 16:45:00-04:00,63.7912,63.4363,yes
KXHYPE15M-26JUN081630,Target Price: $63.4963,2026-06-08 16:15:00-04:00,2026-06-08 16:30:00-04:00,63.4363,63.4963,no
KXHYPE15M-26JUN081615,Target Price: $63.6461,2026-06-08 16:00:00-04:00,2026-06-08 16:15:00-04:00,63.4963,63.6461,no
KXHYPE15M-26JUN081600,Target Price: $63.6815,2026-06-08 15:45:00-04:00,2026-06-08 16:00:00-04:00,63.6461,63.6815,no
KXHYPE15M-26JUN081545,Target Price: $63.6176,2026-06-08 15:30:00-04:00,2026-06-08 15:45:00-04:00,63.6815,63.6176,yes
KXHYPE15M-26JUN081530,Target Price: $64.1130,2026-06-08 15:15:00-04:00,2026-06-08 15:30:00-04:00,63.6176,64.113,no
KXHYPE15M-26JUN081515,Target Price: $64.3468,2026-06-08 15:00:00-04:00,2026-06-08 15:15:00-04:00,64.1130,64.3468,no
KXHYPE15M-26JUN081500,Target Price: $64.1829,2026-06-08 14:45:00-04:00,2026-06-08 15:00:00-04:00,64.3468,64.1829,yes
KXHYPE15M-26JUN081445,Target Price: $64.3916,2026-06-08 14:30:00-04:00,2026-06-08 14:45:00-04:00,64.1829,64.3916,no
KXHYPE15M-26JUN081430,Target Price: $64.1074,2026-06-08 14:15:00-04:00,2026-06-08 14:30:00-04:00,64.3916,64.1074,yes
KXHYPE15M-26JUN081415,Target Price: $64.0785,2026-06-08 14:00:00-04:00,2026-06-08 14:15:00-04:00,64.1074,64.0785,yes
KXHYPE15M-26JUN081400,Target Price: $63.7731,2026-06-08 13:45:00-04:00,2026-06-08 14:00:00-04:00,64.0785,63.7731,yes
KXHYPE15M-26JUN081345,Target Price: $64.1273,2026-06-08 13:30:00-04:00,2026-06-08 13:45:00-04:00,63.7731,64.1273,no
KXHYPE15M-26JUN081330,Target Price: $63.5410,2026-06-08 13:15:00-04:00,2026-06-08 13:30:00-04:00,64.1273,63.541,yes
KXHYPE15M-26JUN081315,Target Price: $63.6234,2026-06-08 13:00:00-04:00,2026-06-08 13:15:00-04:00,63.5410,63.6234,no
KXHYPE15M-26JUN081300,Target Price: $64.1467,2026-06-08 12:45:00-04:00,2026-06-08 13:00:00-04:00,63.6234,64.1467,no
KXHYPE15M-26JUN081245,Target Price: $64.3252,2026-06-08 12:30:00-04:00,2026-06-08 12:45:00-04:00,64.1467,64.3252,no
KXHYPE15M-26JUN081230,Target Price: $64.4241,2026-06-08 12:15:00-04:00,2026-06-08 12:30:00-04:00,64.3252,64.4241,no
KXHYPE15M-26JUN081215,Target Price: $64.7377,2026-06-08 12:00:00-04:00,2026-06-08 12:15:00-04:00,64.4241,64.7377,no
KXHYPE15M-26JUN081200,Target Price: $65.2526,2026-06-08 11:45:00-04:00,2026-06-08 12:00:00-04:00,64.7377,65.2526,no
KXHYPE15M-26JUN081145,Target Price: $65.1015,2026-06-08 11:30:00-04:00,2026-06-08 11:45:00-04:00,65.2526,65.1015,yes
KXHYPE15M-26JUN081130,Target Price: $64.9056,2026-06-08 11:15:00-04:00,2026-06-08 11:30:00-04:00,65.1015,64.9056,yes
KXHYPE15M-26JUN081115,Target Price: $64.6841,2026-06-08 11:00:00-04:00,2026-06-08 11:15:00-04:00,64.9056,64.6841,yes
KXHYPE15M-26JUN081100,Target Price: $64.4769,2026-06-08 10:45:00-04:00,2026-06-08 11:00:00-04:00,64.6841,64.4769,yes
KXHYPE15M-26JUN081045,Target Price: $64.6478,2026-06-08 10:30:00-04:00,2026-06-08 10:45:00-04:00,64.4769,64.6478,no
KXHYPE15M-26JUN081030,Target Price: $64.5684,2026-06-08 10:15:00-04:00,2026-06-08 10:30:00-04:00,64.6478,64.5684,yes
KXHYPE15M-26JUN081015,Target Price: $64.5551,2026-06-08 10:00:00-04:00,2026-06-08 10:15:00-04:00,64.5684,64.5551,yes
KXHYPE15M-26JUN081000,Target Price: $64.6316,2026-06-08 09:45:00-04:00,2026-06-08 10:00:00-04:00,64.5551,64.6316,no
KXHYPE15M-26JUN080945,Target Price: $64.1418,2026-06-08 09:30:00-04:00,2026-06-08 09:45:00-04:00,64.6316,64.1418,yes
KXHYPE15M-26JUN080930,Target Price: $62.8301,2026-06-08 09:15:00-04:00,2026-06-08 09:30:00-04:00,64.1418,62.8301,yes
KXHYPE15M-26JUN080915,Target Price: $62.8838,2026-06-08 09:00:00-04:00,2026-06-08 09:15:00-04:00,62.8301,62.8838,no
KXHYPE15M-26JUN080900,Target Price: $62.5256,2026-06-08 08:45:00-04:00,2026-06-08 09:00:00-04:00,62.8838,62.5256,yes
KXHYPE15M-26JUN080845,Target Price: $61.8351,2026-06-08 08:30:00-04:00,2026-06-08 08:45:00-04:00,62.5256,61.8351,yes
KXHYPE15M-26JUN080830,Target Price: $61.4948,2026-06-08 08:15:00-04:00,2026-06-08 08:30:00-04:00,61.8351,61.4948,yes
KXHYPE15M-26JUN080815,Target Price: $62.0986,2026-06-08 08:00:00-04:00,2026-06-08 08:15:00-04:00,61.4948,62.0986,no
KXHYPE15M-26JUN080800,Target Price: $61.7989,2026-06-08 07:45:00-04:00,2026-06-08 08:00:00-04:00,62.0986,61.7989,yes
KXHYPE15M-26JUN080745,Target Price: $62.1106,2026-06-08 07:30:00-04:00,2026-06-08 07:45:00-04:00,61.7989,62.1106,no
KXHYPE15M-26JUN080730,Target Price: $61.5168,2026-06-08 07:15:00-04:00,2026-06-08 07:30:00-04:00,62.1106,61.5168,yes
KXHYPE15M-26JUN080715,Target Price: $61.3900,2026-06-08 07:00:00-04:00,2026-06-08 07:15:00-04:00,61.5168,61.39,yes
KXHYPE15M-26JUN080700,Target Price: $61.3689,2026-06-08 06:45:00-04:00,2026-06-08 07:00:00-04:00,61.3900,61.3689,yes
KXHYPE15M-26JUN080645,Target Price: $61.3088,2026-06-08 06:30:00-04:00,2026-06-08 06:45:00-04:00,61.3689,61.3088,yes
KXHYPE15M-26JUN080630,Target Price: $61.7020,2026-06-08 06:15:00-04:00,2026-06-08 06:30:00-04:00,61.3088,61.702,no
KXHYPE15M-26JUN080615,Target Price: $61.4689,2026-06-08 06:00:00-04:00,2026-06-08 06:15:00-04:00,61.7020,61.4689,yes
KXHYPE15M-26JUN080600,Target Price: $61.3458,2026-06-08 05:45:00-04:00,2026-06-08 06:00:00-04:00,61.4689,61.3458,yes
KXHYPE15M-26JUN080545,Target Price: $61.2544,2026-06-08 05:30:00-04:00,2026-06-08 05:45:00-04:00,61.3458,61.2544,yes
KXHYPE15M-26JUN080530,Target Price: $61.4650,2026-06-08 05:15:00-04:00,2026-06-08 05:30:00-04:00,61.2544,61.465,no
KXHYPE15M-26JUN080515,Target Price: $61.4251,2026-06-08 05:00:00-04:00,2026-06-08 05:15:00-04:00,61.4650,61.4251,yes
KXHYPE15M-26JUN080500,Target Price: $61.4359,2026-06-08 04:45:00-04:00,2026-06-08 05:00:00-04:00,61.4251,61.4359,no
KXHYPE15M-26JUN080445,Target Price: $61.6751,2026-06-08 04:30:00-04:00,2026-06-08 04:45:00-04:00,61.4359,61.6751,no
KXHYPE15M-26JUN080430,Target Price: $62.8002,2026-06-08 04:15:00-04:00,2026-06-08 04:30:00-04:00,61.6751,62.8002,no
KXHYPE15M-26JUN080415,Target Price: $63.0260,2026-06-08 04:00:00-04:00,2026-06-08 04:15:00-04:00,62.8002,63.026,no
KXHYPE15M-26JUN080400,Target Price: $63.0515,2026-06-08 03:45:00-04:00,2026-06-08 04:00:00-04:00,63.0260,63.0515,no
KXHYPE15M-26JUN080345,Target Price: $63.0889,2026-06-08 03:30:00-04:00,2026-06-08 03:45:00-04:00,63.0515,63.0889,no
KXHYPE15M-26JUN080330,Target Price: $63.2141,2026-06-08 03:15:00-04:00,2026-06-08 03:30:00-04:00,63.0889,63.2141,no
KXHYPE15M-26JUN080315,Target Price: $63.0464,2026-06-08 03:00:00-04:00,2026-06-08 03:15:00-04:00,63.2141,63.0464,yes
KXHYPE15M-26JUN080300,Target Price: $62.9134,2026-06-08 02:45:00-04:00,2026-06-08 03:00:00-04:00,63.0464,62.9134,yes
KXHYPE15M-26JUN080245,Target Price: $62.7307,2026-06-08 02:30:00-04:00,2026-06-08 02:45:00-04:00,62.9134,62.7307,yes
KXHYPE15M-26JUN080230,Target Price: $62.4264,2026-06-08 02:15:00-04:00,2026-06-08 02:30:00-04:00,62.7307,62.4264,yes
KXHYPE15M-26JUN080215,Target Price: $61.3648,2026-06-08 02:00:00-04:00,2026-06-08 02:15:00-04:00,62.4264,61.3648,yes
KXHYPE15M-26JUN080200,Target Price: $61.0406,2026-06-08 01:45:00-04:00,2026-06-08 02:00:00-04:00,61.3648,61.0406,yes
KXHYPE15M-26JUN080145,Target Price: $61.3498,2026-06-08 01:30:00-04:00,2026-06-08 01:45:00-04:00,61.0406,61.3498,no
KXHYPE15M-26JUN080130,Target Price: $60.8102,2026-06-08 01:15:00-04:00,2026-06-08 01:30:00-04:00,61.3498,60.8102,yes
KXHYPE15M-26JUN080115,Target Price: $60.7063,2026-06-08 01:00:00-04:00,2026-06-08 01:15:00-04:00,60.8102,60.7063,yes
KXHYPE15M-26JUN080100,Target Price: $60.4213,2026-06-08 00:45:00-04:00,2026-06-08 01:00:00-04:00,60.7063,60.4213,yes
KXHYPE15M-26JUN080045,Target Price: $60.5045,2026-06-08 00:30:00-04:00,2026-06-08 00:45:00-04:00,60.4213,60.5045,no
KXHYPE15M-26JUN080030,Target Price: $61.0177,2026-06-08 00:15:00-04:00,2026-06-08 00:30:00-04:00,60.5045,61.0177,no
KXHYPE15M-26JUN080015,Target Price: $61.1999,2026-06-08 00:00:00-04:00,2026-06-08 00:15:00-04:00,61.0177,61.1999,no
KXHYPE15M-26JUN080000,Target Price: $60.8750,2026-06-07 23:45:00-04:00,2026-06-08 00:00:00-04:00,61.1999,60.875,yes
KXHYPE15M-26JUN072345,Target Price: $61.3426,2026-06-07 23:30:00-04:00,2026-06-07 23:45:00-04:00,60.8750,61.3426,no
KXHYPE15M-26JUN072330,Target Price: $61.8469,2026-06-07 23:15:00-04:00,2026-06-07 23:30:00-04:00,61.3426,61.8469,no
KXHYPE15M-26JUN072315,Target Price: $61.5332,2026-06-07 23:00:00-04:00,2026-06-07 23:15:00-04:00,61.8469,61.5332,yes
KXHYPE15M-26JUN072300,Target Price: $61.1970,2026-06-07 22:45:00-04:00,2026-06-07 23:00:00-04:00,61.5332,61.197,yes
KXHYPE15M-26JUN072245,Target Price: $60.9436,2026-06-07 22:30:00-04:00,2026-06-07 22:45:00-04:00,61.1970,60.9436,yes
KXHYPE15M-26JUN072230,Target Price: $60.6986,2026-06-07 22:15:00-04:00,2026-06-07 22:30:00-04:00,60.9436,60.6986,yes
KXHYPE15M-26JUN072215,Target Price: $59.9729,2026-06-07 22:00:00-04:00,2026-06-07 22:15:00-04:00,60.6986,59.9729,yes
KXHYPE15M-26JUN072200,Target Price: $59.8412,2026-06-07 21:45:00-04:00,2026-06-07 22:00:00-04:00,59.9729,59.8412,yes
KXHYPE15M-26JUN072145,Target Price: $59.4767,2026-06-07 21:30:00-04:00,2026-06-07 21:45:00-04:00,59.8412,59.4767,yes
KXHYPE15M-26JUN072130,Target Price: $59.9934,2026-06-07 21:15:00-04:00,2026-06-07 21:30:00-04:00,59.4767,59.9934,no
KXHYPE15M-26JUN072115,Target Price: $61.1588,2026-06-07 21:00:00-04:00,2026-06-07 21:15:00-04:00,59.9934,61.1588,no
KXHYPE15M-26JUN072100,Target Price: $61.8001,2026-06-07 20:45:00-04:00,2026-06-07 21:00:00-04:00,61.1588,61.8001,no
KXHYPE15M-26JUN072045,Target Price: $61.4172,2026-06-07 20:30:00-04:00,2026-06-07 20:45:00-04:00,61.8001,61.4172,yes
KXHYPE15M-26JUN072030,Target Price: $60.0277,2026-06-07 20:15:00-04:00,2026-06-07 20:30:00-04:00,61.4172,60.0277,yes
KXHYPE15M-26JUN072015,Target Price: $59.6444,2026-06-07 20:00:00-04:00,2026-06-07 20:15:00-04:00,60.0277,59.6444,yes
KXHYPE15M-26JUN072000,Target Price: $59.3178,2026-06-07 19:45:00-04:00,2026-06-07 20:00:00-04:00,59.6444,59.3178,yes
KXHYPE15M-26JUN071945,Target Price: $59.2010,2026-06-07 19:30:00-04:00,2026-06-07 19:45:00-04:00,59.3178,59.201,yes
KXHYPE15M-26JUN071930,Target Price: $58.8974,2026-06-07 19:15:00-04:00,2026-06-07 19:30:00-04:00,59.2010,58.8974,yes
KXHYPE15M-26JUN071915,Target Price: $58.9073,2026-06-07 19:00:00-04:00,2026-06-07 19:15:00-04:00,58.8974,58.9073,no
KXHYPE15M-26JUN071900,Target Price: $59.4321,2026-06-07 18:45:00-04:00,2026-06-07 19:00:00-04:00,58.9073,59.4321,no
KXHYPE15M-26JUN071845,Target Price: $59.0549,2026-06-07 18:30:00-04:00,2026-06-07 18:45:00-04:00,59.4321,59.0549,yes
KXHYPE15M-26JUN071830,Target Price: $59.3312,2026-06-07 18:15:00-04:00,2026-06-07 18:30:00-04:00,59.0549,59.3312,no
KXHYPE15M-26JUN071815,Target Price: $58.3593,2026-06-07 18:00:00-04:00,2026-06-07 18:15:00-04:00,59.3312,58.3593,yes
KXHYPE15M-26JUN071800,Target Price: $58.0966,2026-06-07 17:45:00-04:00,2026-06-07 18:00:00-04:00,58.3593,58.0966,yes
KXHYPE15M-26JUN071745,Target Price: $58.2777,2026-06-07 17:30:00-04:00,2026-06-07 17:45:00-04:00,58.0966,58.2777,no
KXHYPE15M-26JUN071730,Target Price: $58.4801,2026-06-07 17:15:00-04:00,2026-06-07 17:30:00-04:00,58.2777,58.4801,no
KXHYPE15M-26JUN071715,Target Price: $58.4620,2026-06-07 17:00:00-04:00,2026-06-07 17:15:00-04:00,58.4801,58.462,yes
KXHYPE15M-26JUN071700,Target Price: $58.3203,2026-06-07 16:45:00-04:00,2026-06-07 17:00:00-04:00,58.4620,58.3203,yes
KXHYPE15M-26JUN071645,Target Price: $58.3519,2026-06-07 16:30:00-04:00,2026-06-07 16:45:00-04:00,58.3203,58.3519,no
KXHYPE15M-26JUN071630,Target Price: $58.2341,2026-06-07 16:15:00-04:00,2026-06-07 16:30:00-04:00,58.3519,58.2341,yes
KXHYPE15M-26JUN071615,Target Price: $57.5893,2026-06-07 16:00:00-04:00,2026-06-07 16:15:00-04:00,58.2341,57.5893,yes
KXHYPE15M-26JUN071600,Target Price: $57.2838,2026-06-07 15:45:00-04:00,2026-06-07 16:00:00-04:00,57.5893,57.2838,yes
KXHYPE15M-26JUN071545,Target Price: $57.7205,2026-06-07 15:30:00-04:00,2026-06-07 15:45:00-04:00,57.2838,57.7205,no
KXHYPE15M-26JUN071530,Target Price: $58.0843,2026-06-07 15:15:00-04:00,2026-06-07 15:30:00-04:00,57.7205,58.0843,no
KXHYPE15M-26JUN071515,Target Price: $58.7428,2026-06-07 15:00:00-04:00,2026-06-07 15:15:00-04:00,58.0843,58.7428,no
KXHYPE15M-26JUN071500,Target Price: $59.0488,2026-06-07 14:45:00-04:00,2026-06-07 15:00:00-04:00,58.7428,59.0488,no
KXHYPE15M-26JUN071445,Target Price: $59.4147,2026-06-07 14:30:00-04:00,2026-06-07 14:45:00-04:00,59.0488,59.4147,no
KXHYPE15M-26JUN071430,Target Price: $59.4005,2026-06-07 14:15:00-04:00,2026-06-07 14:30:00-04:00,59.4147,59.4005,yes
KXHYPE15M-26JUN071415,Target Price: $59.0240,2026-06-07 14:00:00-04:00,2026-06-07 14:15:00-04:00,59.4005,59.024,yes
KXHYPE15M-26JUN071400,Target Price: $58.9706,2026-06-07 13:45:00-04:00,2026-06-07 14:00:00-04:00,59.0240,58.9706,yes
KXHYPE15M-26JUN071345,Target Price: $58.9485,2026-06-07 13:30:00-04:00,2026-06-07 13:45:00-04:00,58.9706,58.9485,yes
KXHYPE15M-26JUN071330,Target Price: $58.8637,2026-06-07 13:15:00-04:00,2026-06-07 13:30:00-04:00,58.9485,58.8637,yes
KXHYPE15M-26JUN071315,Target Price: $58.4786,2026-06-07 13:00:00-04:00,2026-06-07 13:15:00-04:00,58.8637,58.4786,yes
KXHYPE15M-26JUN071300,Target Price: $58.5478,2026-06-07 12:45:00-04:00,2026-06-07 13:00:00-04:00,58.4786,58.5478,no
KXHYPE15M-26JUN071245,Target Price: $58.4403,2026-06-07 12:30:00-04:00,2026-06-07 12:45:00-04:00,58.5478,58.4403,yes
KXHYPE15M-26JUN071230,Target Price: $58.6727,2026-06-07 12:15:00-04:00,2026-06-07 12:30:00-04:00,58.4403,58.6727,no
KXHYPE15M-26JUN071215,Target Price: $58.3794,2026-06-07 12:00:00-04:00,2026-06-07 12:15:00-04:00,58.6727,58.3794,yes
KXHYPE15M-26JUN071200,Target Price: $59.0823,2026-06-07 11:45:00-04:00,2026-06-07 12:00:00-04:00,58.3794,59.0823,no
KXHYPE15M-26JUN071145,Target Price: $58.7234,2026-06-07 11:30:00-04:00,2026-06-07 11:45:00-04:00,59.0823,58.7234,yes
KXHYPE15M-26JUN071130,Target Price: $58.7461,2026-06-07 11:15:00-04:00,2026-06-07 11:30:00-04:00,58.7234,58.7461,no
KXHYPE15M-26JUN071115,Target Price: $58.9428,2026-06-07 11:00:00-04:00,2026-06-07 11:15:00-04:00,58.7461,58.9428,no
KXHYPE15M-26JUN071100,Target Price: $58.5672,2026-06-07 10:45:00-04:00,2026-06-07 11:00:00-04:00,58.9428,58.5672,yes
KXHYPE15M-26JUN071045,Target Price: $58.7671,2026-06-07 10:30:00-04:00,2026-06-07 10:45:00-04:00,58.5672,58.7671,no
KXHYPE15M-26JUN071030,Target Price: $58.5823,2026-06-07 10:15:00-04:00,2026-06-07 10:30:00-04:00,58.7671,58.5823,yes
KXHYPE15M-26JUN071015,Target Price: $57.9553,2026-06-07 10:00:00-04:00,2026-06-07 10:15:00-04:00,58.5823,57.9553,yes
KXHYPE15M-26JUN071000,Target Price: $57.5157,2026-06-07 09:45:00-04:00,2026-06-07 10:00:00-04:00,57.9553,57.5157,yes
KXHYPE15M-26JUN070945,Target Price: $57.7380,2026-06-07 09:30:00-04:00,2026-06-07 09:45:00-04:00,57.5157,57.738,no
KXHYPE15M-26JUN070930,Target Price: $57.6502,2026-06-07 09:15:00-04:00,2026-06-07 09:30:00-04:00,57.7380,57.6502,yes
KXHYPE15M-26JUN070915,Target Price: $57.8222,2026-06-07 09:00:00-04:00,2026-06-07 09:15:00-04:00,57.6502,57.8222,no
KXHYPE15M-26JUN070900,Target Price: $57.4846,2026-06-07 08:45:00-04:00,2026-06-07 09:00:00-04:00,57.8222,57.4846,yes
KXHYPE15M-26JUN070845,Target Price: $57.8756,2026-06-07 08:30:00-04:00,2026-06-07 08:45:00-04:00,57.4846,57.8756,no
KXHYPE15M-26JUN070830,Target Price: $57.5130,2026-06-07 08:15:00-04:00,2026-06-07 08:30:00-04:00,57.8756,57.513,yes
KXHYPE15M-26JUN070815,Target Price: $58.8505,2026-06-07 08:00:00-04:00,2026-06-07 08:15:00-04:00,57.5130,58.8505,no
KXHYPE15M-26JUN070800,Target Price: $59.2493,2026-06-07 07:45:00-04:00,2026-06-07 08:00:00-04:00,58.8505,59.2493,no
KXHYPE15M-26JUN070745,Target Price: $59.0739,2026-06-07 07:30:00-04:00,2026-06-07 07:45:00-04:00,59.2493,59.0739,yes
KXHYPE15M-26JUN070730,Target Price: $58.7349,2026-06-07 07:15:00-04:00,2026-06-07 07:30:00-04:00,59.0739,58.7349,yes
KXHYPE15M-26JUN070715,Target Price: $58.8034,2026-06-07 07:00:00-04:00,2026-06-07 07:15:00-04:00,58.7349,58.8034,no
KXHYPE15M-26JUN070700,Target Price: $58.8750,2026-06-07 06:45:00-04:00,2026-06-07 07:00:00-04:00,58.8034,58.875,no
KXHYPE15M-26JUN070645,Target Price: $59.1873,2026-06-07 06:30:00-04:00,2026-06-07 06:45:00-04:00,58.8750,59.1873,no
KXHYPE15M-26JUN070630,Target Price: $58.9479,2026-06-07 06:15:00-04:00,2026-06-07 06:30:00-04:00,59.1873,58.9479,yes
KXHYPE15M-26JUN070615,Target Price: $58.9725,2026-06-07 06:00:00-04:00,2026-06-07 06:15:00-04:00,58.9479,58.9725,no
KXHYPE15M-26JUN070600,Target Price: $59.4864,2026-06-07 05:45:00-04:00,2026-06-07 06:00:00-04:00,58.9725,59.4864,no
KXHYPE15M-26JUN070545,Target Price: $59.5661,2026-06-07 05:30:00-04:00,2026-06-07 05:45:00-04:00,59.4864,59.5661,no
KXHYPE15M-26JUN070530,Target Price: $60.2802,2026-06-07 05:15:00-04:00,2026-06-07 05:30:00-04:00,59.5661,60.2802,no
KXHYPE15M-26JUN070515,Target Price: $59.9006,2026-06-07 05:00:00-04:00,2026-06-07 05:15:00-04:00,60.2802,59.9006,yes
KXHYPE15M-26JUN070500,Target Price: $60.2179,2026-06-07 04:45:00-04:00,2026-06-07 05:00:00-04:00,59.9006,60.2179,no
KXHYPE15M-26JUN070445,Target Price: $60.2904,2026-06-07 04:30:00-04:00,2026-06-07 04:45:00-04:00,60.2179,60.2904,no
KXHYPE15M-26JUN070430,Target Price: $59.9013,2026-06-07 04:15:00-04:00,2026-06-07 04:30:00-04:00,60.2904,59.9013,yes
KXHYPE15M-26JUN070415,Target Price: $59.8936,2026-06-07 04:00:00-04:00,2026-06-07 04:15:00-04:00,59.9013,59.8936,yes
KXHYPE15M-26JUN070400,Target Price: $59.8382,2026-06-07 03:45:00-04:00,2026-06-07 04:00:00-04:00,59.8936,59.8382,yes
KXHYPE15M-26JUN070345,Target Price: $59.9111,2026-06-07 03:30:00-04:00,2026-06-07 03:45:00-04:00,59.8382,59.9111,no
KXHYPE15M-26JUN070330,Target Price: $59.4823,2026-06-07 03:15:00-04:00,2026-06-07 03:30:00-04:00,59.9111,59.4823,yes
KXHYPE15M-26JUN070315,Target Price: $59.7210,2026-06-07 03:00:00-04:00,2026-06-07 03:15:00-04:00,59.4823,59.721,no
KXHYPE15M-26JUN070300,Target Price: $59.6483,2026-06-07 02:45:00-04:00,2026-06-07 03:00:00-04:00,59.7210,59.6483,yes
KXHYPE15M-26JUN070245,Target Price: $59.7397,2026-06-07 02:30:00-04:00,2026-06-07 02:45:00-04:00,59.6483,59.7397,no
KXHYPE15M-26JUN070230,Target Price: $59.4821,2026-06-07 02:15:00-04:00,2026-06-07 02:30:00-04:00,59.7397,59.4821,yes
KXHYPE15M-26JUN070215,Target Price: $59.4814,2026-06-07 02:00:00-04:00,2026-06-07 02:15:00-04:00,59.4821,59.4814,yes
KXHYPE15M-26JUN070200,Target Price: $59.7025,2026-06-07 01:45:00-04:00,2026-06-07 02:00:00-04:00,59.4814,59.7025,no
KXHYPE15M-26JUN070145,Target Price: $59.2587,2026-06-07 01:30:00-04:00,2026-06-07 01:45:00-04:00,59.7025,59.2587,yes
KXHYPE15M-26JUN070130,Target Price: $59.5822,2026-06-07 01:15:00-04:00,2026-06-07 01:30:00-04:00,59.2587,59.5822,no
KXHYPE15M-26JUN070115,Target Price: $59.1104,2026-06-07 01:00:00-04:00,2026-06-07 01:15:00-04:00,59.5822,59.1104,yes
KXHYPE15M-26JUN070100,Target Price: $58.7567,2026-06-07 00:45:00-04:00,2026-06-07 01:00:00-04:00,59.1104,58.7567,yes
KXHYPE15M-26JUN070045,Target Price: $57.9789,2026-06-07 00:30:00-04:00,2026-06-07 00:45:00-04:00,58.7567,57.9789,yes
KXHYPE15M-26JUN070030,Target Price: $57.6809,2026-06-07 00:15:00-04:00,2026-06-07 00:30:00-04:00,57.9789,57.6809,yes
KXHYPE15M-26JUN070015,Target Price: $57.7849,2026-06-07 00:00:00-04:00,2026-06-07 00:15:00-04:00,57.6809,57.7849,no
KXHYPE15M-26JUN070000,Target Price: $57.7826,2026-06-06 23:45:00-04:00,2026-06-07 00:00:00-04:00,57.7849,57.7826,yes
KXHYPE15M-26JUN062345,Target Price: $57.8730,2026-06-06 23:30:00-04:00,2026-06-06 23:45:00-04:00,57.7826,57.873,no
KXHYPE15M-26JUN062330,Target Price: $58.1328,2026-06-06 23:15:00-04:00,2026-06-06 23:30:00-04:00,57.8730,58.1328,no
KXHYPE15M-26JUN062315,Target Price: $57.8592,2026-06-06 23:00:00-04:00,2026-06-06 23:15:00-04:00,58.1328,57.8592,yes
KXHYPE15M-26JUN062300,Target Price: $57.6189,2026-06-06 22:45:00-04:00,2026-06-06 23:00:00-04:00,57.8592,57.6189,yes
KXHYPE15M-26JUN062245,Target Price: $57.8577,2026-06-06 22:30:00-04:00,2026-06-06 22:45:00-04:00,57.6189,57.8577,no
KXHYPE15M-26JUN062230,Target Price: $58.1515,2026-06-06 22:15:00-04:00,2026-06-06 22:30:00-04:00,57.8577,58.1515,no
KXHYPE15M-26JUN062215,Target Price: $58.0324,2026-06-06 22:00:00-04:00,2026-06-06 22:15:00-04:00,58.1515,58.0324,yes
KXHYPE15M-26JUN062200,Target Price: $57.9753,2026-06-06 21:45:00-04:00,2026-06-06 22:00:00-04:00,58.0324,57.9753,yes
KXHYPE15M-26JUN062145,Target Price: $58.2977,2026-06-06 21:30:00-04:00,2026-06-06 21:45:00-04:00,57.9753,58.2977,no
KXHYPE15M-26JUN062130,Target Price: $57.9564,2026-06-06 21:15:00-04:00,2026-06-06 21:30:00-04:00,58.2977,57.9564,yes
KXHYPE15M-26JUN062115,Target Price: $57.1345,2026-06-06 21:00:00-04:00,2026-06-06 21:15:00-04:00,57.9564,57.1345,yes
KXHYPE15M-26JUN062100,Target Price: $57.0400,2026-06-06 20:45:00-04:00,2026-06-06 21:00:00-04:00,57.1345,57.04,yes
KXHYPE15M-26JUN062045,Target Price: $56.2089,2026-06-06 20:30:00-04:00,2026-06-06 20:45:00-04:00,57.0400,56.2089,yes
KXHYPE15M-26JUN062030,Target Price: $56.4702,2026-06-06 20:15:00-04:00,2026-06-06 20:30:00-04:00,56.2089,56.4702,no
KXHYPE15M-26JUN062015,Target Price: $56.5075,2026-06-06 20:00:00-04:00,2026-06-06 20:15:00-04:00,56.4702,56.5075,no
KXHYPE15M-26JUN062000,Target Price: $56.6973,2026-06-06 19:45:00-04:00,2026-06-06 20:00:00-04:00,56.5075,56.6973,no
KXHYPE15M-26JUN061945,Target Price: $56.2601,2026-06-06 19:30:00-04:00,2026-06-06 19:45:00-04:00,56.6973,56.2601,yes
KXHYPE15M-26JUN061930,Target Price: $56.6943,2026-06-06 19:15:00-04:00,2026-06-06 19:30:00-04:00,56.2601,56.6943,no
KXHYPE15M-26JUN061915,Target Price: $56.5437,2026-06-06 19:00:00-04:00,2026-06-06 19:15:00-04:00,56.6943,56.5437,yes
KXHYPE15M-26JUN061900,Target Price: $56.1853,2026-06-06 18:45:00-04:00,2026-06-06 19:00:00-04:00,56.5437,56.1853,yes
KXHYPE15M-26JUN061845,Target Price: $56.2126,2026-06-06 18:30:00-04:00,2026-06-06 18:45:00-04:00,56.1853,56.2126,no
KXHYPE15M-26JUN061830,Target Price: $56.4229,2026-06-06 18:15:00-04:00,2026-06-06 18:30:00-04:00,56.2126,56.4229,no
KXHYPE15M-26JUN061815,Target Price: $56.6007,2026-06-06 18:00:00-04:00,2026-06-06 18:15:00-04:00,56.4229,56.6007,no
KXHYPE15M-26JUN061800,Target Price: $56.8419,2026-06-06 17:45:00-04:00,2026-06-06 18:00:00-04:00,56.6007,56.8419,no
KXHYPE15M-26JUN061745,Target Price: $56.7561,2026-06-06 17:30:00-04:00,2026-06-06 17:45:00-04:00,56.8419,56.7561,yes
KXHYPE15M-26JUN061730,Target Price: $56.7744,2026-06-06 17:15:00-04:00,2026-06-06 17:30:00-04:00,56.7561,56.7744,no
KXHYPE15M-26JUN061715,Target Price: $56.4661,2026-06-06 17:00:00-04:00,2026-06-06 17:15:00-04:00,56.7744,56.4661,yes
KXHYPE15M-26JUN061700,Target Price: $56.4230,2026-06-06 16:45:00-04:00,2026-06-06 17:00:00-04:00,56.4661,56.423,yes
KXHYPE15M-26JUN061645,Target Price: $55.8515,2026-06-06 16:30:00-04:00,2026-06-06 16:45:00-04:00,56.4230,55.8515,yes
KXHYPE15M-26JUN061630,Target Price: $56.0306,2026-06-06 16:15:00-04:00,2026-06-06 16:30:00-04:00,55.8515,56.0306,no
KXHYPE15M-26JUN061615,Target Price: $55.5878,2026-06-06 16:00:00-04:00,2026-06-06 16:15:00-04:00,56.0306,55.5878,yes
KXHYPE15M-26JUN061600,Target Price: $56.1029,2026-06-06 15:45:00-04:00,2026-06-06 16:00:00-04:00,55.5878,56.1029,no
KXHYPE15M-26JUN061545,Target Price: $56.4914,2026-06-06 15:30:00-04:00,2026-06-06 15:45:00-04:00,56.1029,56.4914,no
KXHYPE15M-26JUN061530,Target Price: $56.6739,2026-06-06 15:15:00-04:00,2026-06-06 15:30:00-04:00,56.4914,56.6739,no
KXHYPE15M-26JUN061515,Target Price: $56.8395,2026-06-06 15:00:00-04:00,2026-06-06 15:15:00-04:00,56.6739,56.8395,no
KXHYPE15M-26JUN061500,Target Price: $57.3349,2026-06-06 14:45:00-04:00,2026-06-06 15:00:00-04:00,56.8395,57.3349,no
KXHYPE15M-26JUN061445,Target Price: $57.5153,2026-06-06 14:30:00-04:00,2026-06-06 14:45:00-04:00,57.3349,57.5153,no
KXHYPE15M-26JUN061430,Target Price: $56.9511,2026-06-06 14:15:00-04:00,2026-06-06 14:30:00-04:00,57.5153,56.9511,yes
KXHYPE15M-26JUN061415,Target Price: $57.1818,2026-06-06 14:00:00-04:00,2026-06-06 14:15:00-04:00,56.9511,57.1818,no
KXHYPE15M-26JUN061400,Target Price: $57.3520,2026-06-06 13:45:00-04:00,2026-06-06 14:00:00-04:00,57.1818,57.352,no
KXHYPE15M-26JUN061345,Target Price: $57.2969,2026-06-06 13:30:00-04:00,2026-06-06 13:45:00-04:00,57.3520,57.2969,yes
KXHYPE15M-26JUN061330,Target Price: $57.5788,2026-06-06 13:15:00-04:00,2026-06-06 13:30:00-04:00,57.2969,57.5788,no
KXHYPE15M-26JUN061315,Target Price: $57.8109,2026-06-06 13:00:00-04:00,2026-06-06 13:15:00-04:00,57.5788,57.8109,no
KXHYPE15M-26JUN061300,Target Price: $57.8464,2026-06-06 12:45:00-04:00,2026-06-06 13:00:00-04:00,57.8109,57.8464,no
KXHYPE15M-26JUN061245,Target Price: $58.2221,2026-06-06 12:30:00-04:00,2026-06-06 12:45:00-04:00,57.8464,58.2221,no
KXHYPE15M-26JUN061230,Target Price: $58.5470,2026-06-06 12:15:00-04:00,2026-06-06 12:30:00-04:00,58.2221,58.547,no
KXHYPE15M-26JUN061215,Target Price: $58.3231,2026-06-06 12:00:00-04:00,2026-06-06 12:15:00-04:00,58.5470,58.3231,yes
KXHYPE15M-26JUN061200,Target Price: $58.3876,2026-06-06 11:45:00-04:00,2026-06-06 12:00:00-04:00,58.3231,58.3876,no
KXHYPE15M-26JUN061145,Target Price: $57.8954,2026-06-06 11:30:00-04:00,2026-06-06 11:45:00-04:00,58.3876,57.8954,yes
KXHYPE15M-26JUN061130,Target Price: $57.7652,2026-06-06 11:15:00-04:00,2026-06-06 11:30:00-04:00,57.8954,57.7652,yes
KXHYPE15M-26JUN061115,Target Price: $58.3273,2026-06-06 11:00:00-04:00,2026-06-06 11:15:00-04:00,57.7652,58.3273,no
KXHYPE15M-26JUN061100,Target Price: $58.6075,2026-06-06 10:45:00-04:00,2026-06-06 11:00:00-04:00,58.3273,58.6075,no
KXHYPE15M-26JUN061045,Target Price: $58.3928,2026-06-06 10:30:00-04:00,2026-06-06 10:45:00-04:00,58.6075,58.3928,yes
KXHYPE15M-26JUN061030,Target Price: $58.6900,2026-06-06 10:15:00-04:00,2026-06-06 10:30:00-04:00,58.3928,58.69,no
KXHYPE15M-26JUN061015,Target Price: $58.6337,2026-06-06 10:00:00-04:00,2026-06-06 10:15:00-04:00,58.6900,58.6337,yes
KXHYPE15M-26JUN061000,Target Price: $58.6995,2026-06-06 09:45:00-04:00,2026-06-06 10:00:00-04:00,58.6337,58.6995,no
KXHYPE15M-26JUN060945,Target Price: $58.7426,2026-06-06 09:30:00-04:00,2026-06-06 09:45:00-04:00,58.6995,58.7426,no
KXHYPE15M-26JUN060930,Target Price: $59.0817,2026-06-06 09:15:00-04:00,2026-06-06 09:30:00-04:00,58.7426,59.0817,no
KXHYPE15M-26JUN060915,Target Price: $59.2391,2026-06-06 09:00:00-04:00,2026-06-06 09:15:00-04:00,59.0817,59.2391,no
KXHYPE15M-26JUN060900,Target Price: $59.1837,2026-06-06 08:45:00-04:00,2026-06-06 09:00:00-04:00,59.2391,59.1837,yes
KXHYPE15M-26JUN060845,Target Price: $59.0080,2026-06-06 08:30:00-04:00,2026-06-06 08:45:00-04:00,59.1837,59.008,yes
KXHYPE15M-26JUN060830,Target Price: $59.4095,2026-06-06 08:15:00-04:00,2026-06-06 08:30:00-04:00,59.0080,59.4095,no
KXHYPE15M-26JUN060815,Target Price: $59.5682,2026-06-06 08:00:00-04:00,2026-06-06 08:15:00-04:00,59.4095,59.5682,no
KXHYPE15M-26JUN060800,Target Price: $59.4983,2026-06-06 07:45:00-04:00,2026-06-06 08:00:00-04:00,59.5682,59.4983,yes
KXHYPE15M-26JUN060745,Target Price: $59.1470,2026-06-06 07:30:00-04:00,2026-06-06 07:45:00-04:00,59.4983,59.147,yes
KXHYPE15M-26JUN060730,Target Price: $58.6897,2026-06-06 07:15:00-04:00,2026-06-06 07:30:00-04:00,59.1470,58.6897,yes
KXHYPE15M-26JUN060715,Target Price: $58.4731,2026-06-06 07:00:00-04:00,2026-06-06 07:15:00-04:00,58.6897,58.4731,yes
KXHYPE15M-26JUN060700,Target Price: $58.5376,2026-06-06 06:45:00-04:00,2026-06-06 07:00:00-04:00,58.4731,58.5376,no
KXHYPE15M-26JUN060645,Target Price: $58.7572,2026-06-06 06:30:00-04:00,2026-06-06 06:45:00-04:00,58.5376,58.7572,no
KXHYPE15M-26JUN060630,Target Price: $58.8244,2026-06-06 06:15:00-04:00,2026-06-06 06:30:00-04:00,58.7572,58.8244,no
KXHYPE15M-26JUN060615,Target Price: $59.2823,2026-06-06 06:00:00-04:00,2026-06-06 06:15:00-04:00,58.8244,59.2823,no
KXHYPE15M-26JUN060600,Target Price: $59.7940,2026-06-06 05:45:00-04:00,2026-06-06 06:00:00-04:00,59.2823,59.794,no
KXHYPE15M-26JUN060545,Target Price: $60.1749,2026-06-06 05:30:00-04:00,2026-06-06 05:45:00-04:00,59.7940,60.1749,no
KXHYPE15M-26JUN060530,Target Price: $60.1288,2026-06-06 05:15:00-04:00,2026-06-06 05:30:00-04:00,60.1749,60.1288,yes
KXHYPE15M-26JUN060515,Target Price: $59.9832,2026-06-06 05:00:00-04:00,2026-06-06 05:15:00-04:00,60.1288,59.9832,yes
KXHYPE15M-26JUN060500,Target Price: $60.3056,2026-06-06 04:45:00-04:00,2026-06-06 05:00:00-04:00,59.9832,60.3056,no
KXHYPE15M-26JUN060445,Target Price: $60.6099,2026-06-06 04:30:00-04:00,2026-06-06 04:45:00-04:00,60.3056,60.6099,no
KXHYPE15M-26JUN060430,Target Price: $59.9787,2026-06-06 04:15:00-04:00,2026-06-06 04:30:00-04:00,60.6099,59.9787,yes
KXHYPE15M-26JUN060415,Target Price: $59.8625,2026-06-06 04:00:00-04:00,2026-06-06 04:15:00-04:00,59.9787,59.8625,yes
KXHYPE15M-26JUN060400,Target Price: $60.0687,2026-06-06 03:45:00-04:00,2026-06-06 04:00:00-04:00,59.8625,60.0687,no
KXHYPE15M-26JUN060345,Target Price: $59.7439,2026-06-06 03:30:00-04:00,2026-06-06 03:45:00-04:00,60.0687,59.7439,yes
KXHYPE15M-26JUN060330,Target Price: $60.0919,2026-06-06 03:15:00-04:00,2026-06-06 03:30:00-04:00,59.7439,60.0919,no
KXHYPE15M-26JUN060315,Target Price: $59.4879,2026-06-06 03:00:00-04:00,2026-06-06 03:15:00-04:00,60.0919,59.4879,yes
KXHYPE15M-26JUN060300,Target Price: $59.5276,2026-06-06 02:45:00-04:00,2026-06-06 03:00:00-04:00,59.4879,59.5276,no
KXHYPE15M-26JUN060245,Target Price: $59.6291,2026-06-06 02:30:00-04:00,2026-06-06 02:45:00-04:00,59.5276,59.6291,no
KXHYPE15M-26JUN060230,Target Price: $59.4286,2026-06-06 02:15:00-04:00,2026-06-06 02:30:00-04:00,59.6291,59.4286,yes
KXHYPE15M-26JUN060215,Target Price: $59.4182,2026-06-06 02:00:00-04:00,2026-06-06 02:15:00-04:00,59.4286,59.4182,yes
KXHYPE15M-26JUN060200,Target Price: $59.2547,2026-06-06 01:45:00-04:00,2026-06-06 02:00:00-04:00,59.4182,59.2547,yes
KXHYPE15M-26JUN060145,Target Price: $59.0868,2026-06-06 01:30:00-04:00,2026-06-06 01:45:00-04:00,59.2547,59.0868,yes
KXHYPE15M-26JUN060130,Target Price: $58.0310,2026-06-06 01:15:00-04:00,2026-06-06 01:30:00-04:00,59.0868,58.031,yes
KXHYPE15M-26JUN060115,Target Price: $58.2742,2026-06-06 01:00:00-04:00,2026-06-06 01:15:00-04:00,58.0310,58.2742,no
KXHYPE15M-26JUN060100,Target Price: $57.8893,2026-06-06 00:45:00-04:00,2026-06-06 01:00:00-04:00,58.2742,57.8893,yes
KXHYPE15M-26JUN060045,Target Price: $57.9314,2026-06-06 00:30:00-04:00,2026-06-06 00:45:00-04:00,57.8893,57.9314,no
KXHYPE15M-26JUN060030,Target Price: $58.0803,2026-06-06 00:15:00-04:00,2026-06-06 00:30:00-04:00,57.9314,58.0803,no
KXHYPE15M-26JUN060015,Target Price: $58.9378,2026-06-06 00:00:00-04:00,2026-06-06 00:15:00-04:00,58.0803,58.9378,no
KXHYPE15M-26JUN060000,Target Price: $59.0846,2026-06-05 23:45:00-04:00,2026-06-06 00:00:00-04:00,58.9378,59.0846,no
KXHYPE15M-26JUN052345,Target Price: $59.0954,2026-06-05 23:30:00-04:00,2026-06-05 23:45:00-04:00,59.0846,59.0954,no
KXHYPE15M-26JUN052330,Target Price: $59.3548,2026-06-05 23:15:00-04:00,2026-06-05 23:30:00-04:00,59.0954,59.3548,no
KXHYPE15M-26JUN052315,Target Price: $59.6682,2026-06-05 23:00:00-04:00,2026-06-05 23:15:00-04:00,59.3548,59.6682,no
KXHYPE15M-26JUN052300,Target Price: $59.6266,2026-06-05 22:45:00-04:00,2026-06-05 23:00:00-04:00,59.6682,59.6266,yes
KXHYPE15M-26JUN052245,Target Price: $59.3947,2026-06-05 22:30:00-04:00,2026-06-05 22:45:00-04:00,59.6266,59.3947,yes
KXHYPE15M-26JUN052230,Target Price: $59.2594,2026-06-05 22:15:00-04:00,2026-06-05 22:30:00-04:00,59.3947,59.2594,yes
KXHYPE15M-26JUN052215,Target Price: $59.6356,2026-06-05 22:00:00-04:00,2026-06-05 22:15:00-04:00,59.2594,59.6356,no
KXHYPE15M-26JUN052200,Target Price: $60.2764,2026-06-05 21:45:00-04:00,2026-06-05 22:00:00-04:00,59.6356,60.2764,no
KXHYPE15M-26JUN052145,Target Price: $60.6358,2026-06-05 21:30:00-04:00,2026-06-05 21:45:00-04:00,60.2764,60.6358,no
KXHYPE15M-26JUN052130,Target Price: $60.4857,2026-06-05 21:15:00-04:00,2026-06-05 21:30:00-04:00,60.6358,60.4857,yes
KXHYPE15M-26JUN052115,Target Price: $60.7547,2026-06-05 21:00:00-04:00,2026-06-05 21:15:00-04:00,60.4857,60.7547,no
KXHYPE15M-26JUN052100,Target Price: $60.8674,2026-06-05 20:45:00-04:00,2026-06-05 21:00:00-04:00,60.7547,60.8674,no
KXHYPE15M-26JUN052045,Target Price: $60.0495,2026-06-05 20:30:00-04:00,2026-06-05 20:45:00-04:00,60.8674,60.0495,yes
KXHYPE15M-26JUN052030,Target Price: $60.3808,2026-06-05 20:15:00-04:00,2026-06-05 20:30:00-04:00,60.0495,60.3808,no
KXHYPE15M-26JUN052015,Target Price: $59.7095,2026-06-05 20:00:00-04:00,2026-06-05 20:15:00-04:00,60.3808,59.7095,yes
KXHYPE15M-26JUN052000,Target Price: $58.9944,2026-06-05 19:45:00-04:00,2026-06-05 20:00:00-04:00,59.7095,58.9944,yes
KXHYPE15M-26JUN051945,Target Price: $59.3215,2026-06-05 19:30:00-04:00,2026-06-05 19:45:00-04:00,58.9944,59.3215,no
KXHYPE15M-26JUN051930,Target Price: $59.6946,2026-06-05 19:15:00-04:00,2026-06-05 19:30:00-04:00,59.3215,59.6946,no
KXHYPE15M-26JUN051915,Target Price: $59.5249,2026-06-05 19:00:00-04:00,2026-06-05 19:15:00-04:00,59.6946,59.5249,yes
KXHYPE15M-26JUN051900,Target Price: $60.1597,2026-06-05 18:45:00-04:00,2026-06-05 19:00:00-04:00,59.5249,60.1597,no
KXHYPE15M-26JUN051845,Target Price: $59.2438,2026-06-05 18:30:00-04:00,2026-06-05 18:45:00-04:00,60.1597,59.2438,yes
KXHYPE15M-26JUN051830,Target Price: $59.4046,2026-06-05 18:15:00-04:00,2026-06-05 18:30:00-04:00,59.2438,59.4046,no
KXHYPE15M-26JUN051815,Target Price: $59.9457,2026-06-05 18:00:00-04:00,2026-06-05 18:15:00-04:00,59.4046,59.9457,no
KXHYPE15M-26JUN051800,Target Price: $60.5153,2026-06-05 17:45:00-04:00,2026-06-05 18:00:00-04:00,59.9457,60.5153,no
KXHYPE15M-26JUN051745,Target Price: $59.7800,2026-06-05 17:30:00-04:00,2026-06-05 17:45:00-04:00,60.5153,59.78,yes
KXHYPE15M-26JUN051730,Target Price: $59.1522,2026-06-05 17:15:00-04:00,2026-06-05 17:30:00-04:00,59.7800,59.1522,yes
KXHYPE15M-26JUN051715,Target Price: $59.4218,2026-06-05 17:00:00-04:00,2026-06-05 17:15:00-04:00,59.1522,59.4218,no
KXHYPE15M-26JUN051700,Target Price: $58.9352,2026-06-05 16:45:00-04:00,2026-06-05 17:00:00-04:00,59.4218,58.9352,yes
KXHYPE15M-26JUN051645,Target Price: $59.1371,2026-06-05 16:30:00-04:00,2026-06-05 16:45:00-04:00,58.9352,59.1371,no
KXHYPE15M-26JUN051630,Target Price: $59.0335,2026-06-05 16:15:00-04:00,2026-06-05 16:30:00-04:00,59.1371,59.0335,yes
KXHYPE15M-26JUN051615,Target Price: $58.5991,2026-06-05 16:00:00-04:00,2026-06-05 16:15:00-04:00,59.0335,58.5991,yes
KXHYPE15M-26JUN051600,Target Price: $58.0483,2026-06-05 15:45:00-04:00,2026-06-05 16:00:00-04:00,58.5991,58.0483,yes
KXHYPE15M-26JUN051545,Target Price: $57.8203,2026-06-05 15:30:00-04:00,2026-06-05 15:45:00-04:00,58.0483,57.8203,yes
KXHYPE15M-26JUN051530,Target Price: $57.1049,2026-06-05 15:15:00-04:00,2026-06-05 15:30:00-04:00,57.8203,57.1049,yes
KXHYPE15M-26JUN051515,Target Price: $57.3423,2026-06-05 15:00:00-04:00,2026-06-05 15:15:00-04:00,57.1049,57.3423,no
KXHYPE15M-26JUN051500,Target Price: $57.2395,2026-06-05 14:45:00-04:00,2026-06-05 15:00:00-04:00,57.3423,57.2395,yes
KXHYPE15M-26JUN051445,Target Price: $57.3984,2026-06-05 14:30:00-04:00,2026-06-05 14:45:00-04:00,57.2395,57.3984,no
KXHYPE15M-26JUN051430,Target Price: $57.5781,2026-06-05 14:15:00-04:00,2026-06-05 14:30:00-04:00,57.3984,57.5781,no
KXHYPE15M-26JUN051415,Target Price: $57.9361,2026-06-05 14:00:00-04:00,2026-06-05 14:15:00-04:00,57.5781,57.9361,no
KXHYPE15M-26JUN051400,Target Price: $58.7409,2026-06-05 13:45:00-04:00,2026-06-05 14:00:00-04:00,57.9361,58.7409,no
KXHYPE15M-26JUN051345,Target Price: $58.0429,2026-06-05 13:30:00-04:00,2026-06-05 13:45:00-04:00,58.7409,58.0429,yes
KXHYPE15M-26JUN051330,Target Price: $58.8289,2026-06-05 13:15:00-04:00,2026-06-05 13:30:00-04:00,58.0429,58.8289,no
KXHYPE15M-26JUN051315,Target Price: $59.6775,2026-06-05 13:00:00-04:00,2026-06-05 13:15:00-04:00,58.8289,59.6775,no
KXHYPE15M-26JUN051300,Target Price: $58.6524,2026-06-05 12:45:00-04:00,2026-06-05 13:00:00-04:00,59.6775,58.6524,yes
KXHYPE15M-26JUN051245,Target Price: $59.0899,2026-06-05 12:30:00-04:00,2026-06-05 12:45:00-04:00,58.6524,59.0899,no
KXHYPE15M-26JUN051230,Target Price: $58.7768,2026-06-05 12:15:00-04:00,2026-06-05 12:30:00-04:00,59.0899,58.7768,yes
KXHYPE15M-26JUN051215,Target Price: $57.8992,2026-06-05 12:00:00-04:00,2026-06-05 12:15:00-04:00,58.7768,57.8992,yes
KXHYPE15M-26JUN051200,Target Price: $58.1518,2026-06-05 11:45:00-04:00,2026-06-05 12:00:00-04:00,57.8992,58.1518,no
KXHYPE15M-26JUN051145,Target Price: $59.5294,2026-06-05 11:30:00-04:00,2026-06-05 11:45:00-04:00,58.1518,59.5294,no
KXHYPE15M-26JUN051130,Target Price: $60.3185,2026-06-05 11:15:00-04:00,2026-06-05 11:30:00-04:00,59.5294,60.3185,no
KXHYPE15M-26JUN051115,Target price: TBD,2026-06-05 11:00:00-04:00,2026-06-05 11:15:00-04:00,60.3185,,no
KXHYPE15M-26JUN051100,Target price: TBD,2026-06-05 10:45:00-04:00,2026-06-05 11:00:00-04:00,61.2789,,no
KXHYPE15M-26JUN051045,Target Price: $61.6951,2026-06-05 10:30:00-04:00,2026-06-05 10:45:00-04:00,62.1850,61.6951,yes
KXHYPE15M-26JUN051030,Target Price: $61.9636,2026-06-05 10:15:00-04:00,2026-06-05 10:30:00-04:00,61.6951,61.9636,no
KXHYPE15M-26JUN051015,Target Price: $60.6428,2026-06-05 10:00:00-04:00,2026-06-05 10:15:00-04:00,61.9636,60.6428,yes
KXHYPE15M-26JUN051000,Target Price: $61.9416,2026-06-05 09:45:00-04:00,2026-06-05 10:00:00-04:00,60.6428,61.9416,no
KXHYPE15M-26JUN050945,Target Price: $62.3440,2026-06-05 09:30:00-04:00,2026-06-05 09:45:00-04:00,61.9416,62.344,no
KXHYPE15M-26JUN050930,Target Price: $62.2624,2026-06-05 09:15:00-04:00,2026-06-05 09:30:00-04:00,62.3440,62.2624,yes
KXHYPE15M-26JUN050915,Target Price: $62.2896,2026-06-05 09:00:00-04:00,2026-06-05 09:15:00-04:00,62.2624,62.2896,no
KXHYPE15M-26JUN050900,Target Price: $61.9301,2026-06-05 08:45:00-04:00,2026-06-05 09:00:00-04:00,62.2896,61.9301,yes
KXHYPE15M-26JUN050845,Target Price: $61.9282,2026-06-05 08:30:00-04:00,2026-06-05 08:45:00-04:00,61.9301,61.9282,yes
KXHYPE15M-26JUN050830,Target Price: $61.8164,2026-06-05 08:15:00-04:00,2026-06-05 08:30:00-04:00,61.9282,61.8164,yes
KXHYPE15M-26JUN050815,Target Price: $61.5952,2026-06-05 08:00:00-04:00,2026-06-05 08:15:00-04:00,61.8164,61.5952,yes
KXHYPE15M-26JUN050800,Target Price: $61.2778,2026-06-05 07:45:00-04:00,2026-06-05 08:00:00-04:00,61.5952,61.2778,yes
KXHYPE15M-26JUN050745,Target Price: $61.5451,2026-06-05 07:30:00-04:00,2026-06-05 07:45:00-04:00,61.2778,61.5451,no
KXHYPE15M-26JUN050730,Target Price: $61.7001,2026-06-05 07:15:00-04:00,2026-06-05 07:30:00-04:00,61.5451,61.7001,no
KXHYPE15M-26JUN050715,Target Price: $61.7386,2026-06-05 07:00:00-04:00,2026-06-05 07:15:00-04:00,61.7001,61.7386,no
KXHYPE15M-26JUN050700,Target Price: $61.4007,2026-06-05 06:45:00-04:00,2026-06-05 07:00:00-04:00,61.7386,61.4007,yes
KXHYPE15M-26JUN050645,Target Price: $61.3457,2026-06-05 06:30:00-04:00,2026-06-05 06:45:00-04:00,61.4007,61.3457,yes
KXHYPE15M-26JUN050630,Target Price: $61.0597,2026-06-05 06:15:00-04:00,2026-06-05 06:30:00-04:00,61.3457,61.0597,yes
KXHYPE15M-26JUN050615,Target Price: $61.5380,2026-06-05 06:00:00-04:00,2026-06-05 06:15:00-04:00,61.0597,61.538,no
KXHYPE15M-26JUN050600,Target Price: $61.6259,2026-06-05 05:45:00-04:00,2026-06-05 06:00:00-04:00,61.5380,61.6259,no
KXHYPE15M-26JUN050545,Target Price: $61.9867,2026-06-05 05:30:00-04:00,2026-06-05 05:45:00-04:00,61.6259,61.9867,no
KXHYPE15M-26JUN050530,Target Price: $62.1851,2026-06-05 05:15:00-04:00,2026-06-05 05:30:00-04:00,61.9867,62.1851,no
KXHYPE15M-26JUN050515,Target Price: $61.2148,2026-06-05 05:00:00-04:00,2026-06-05 05:15:00-04:00,62.1851,61.2148,yes
KXHYPE15M-26JUN050500,Target Price: $61.4205,2026-06-05 04:45:00-04:00,2026-06-05 05:00:00-04:00,61.2148,61.4205,no
KXHYPE15M-26JUN050445,Target Price: $61.9787,2026-06-05 04:30:00-04:00,2026-06-05 04:45:00-04:00,61.4205,61.9787,no
KXHYPE15M-26JUN050430,Target Price: $62.0135,2026-06-05 04:15:00-04:00,2026-06-05 04:30:00-04:00,61.9787,62.0135,no
KXHYPE15M-26JUN050415,Target Price: $62.5832,2026-06-05 04:00:00-04:00,2026-06-05 04:15:00-04:00,62.0135,62.5832,no
KXHYPE15M-26JUN050400,Target Price: $62.2132,2026-06-05 03:45:00-04:00,2026-06-05 04:00:00-04:00,62.5832,62.2132,yes
KXHYPE15M-26JUN050345,Target Price: $61.0095,2026-06-05 03:30:00-04:00,2026-06-05 03:45:00-04:00,62.2132,61.0095,yes
KXHYPE15M-26JUN050330,Target Price: $58.9096,2026-06-05 03:15:00-04:00,2026-06-05 03:30:00-04:00,61.0095,58.9096,yes
KXHYPE15M-26JUN050315,Target Price: $60.6978,2026-06-05 03:00:00-04:00,2026-06-05 03:15:00-04:00,58.9096,60.6978,no
KXHYPE15M-26JUN050300,Target Price: $61.2002,2026-06-05 02:45:00-04:00,2026-06-05 03:00:00-04:00,60.6978,61.2002,no
KXHYPE15M-26JUN050245,Target Price: $60.7235,2026-06-05 02:30:00-04:00,2026-06-05 02:45:00-04:00,61.2002,60.7235,yes
KXHYPE15M-26JUN050230,Target Price: $59.9307,2026-06-05 02:15:00-04:00,2026-06-05 02:30:00-04:00,60.7235,59.9307,yes
KXHYPE15M-26JUN050215,Target Price: $61.3055,2026-06-05 02:00:00-04:00,2026-06-05 02:15:00-04:00,59.9307,61.3055,no
KXHYPE15M-26JUN050200,Target Price: $62.4063,2026-06-05 01:45:00-04:00,2026-06-05 02:00:00-04:00,61.3055,62.4063,no
KXHYPE15M-26JUN050145,Target Price: $63.1959,2026-06-05 01:30:00-04:00,2026-06-05 01:45:00-04:00,62.4063,63.1959,no
KXHYPE15M-26JUN050130,Target Price: $62.7831,2026-06-05 01:15:00-04:00,2026-06-05 01:30:00-04:00,63.1959,62.7831,yes
KXHYPE15M-26JUN050115,Target Price: $63.1783,2026-06-05 01:00:00-04:00,2026-06-05 01:15:00-04:00,62.7831,63.1783,no
KXHYPE15M-26JUN050100,Target Price: $61.6674,2026-06-05 00:45:00-04:00,2026-06-05 01:00:00-04:00,63.1783,61.6674,yes
KXHYPE15M-26JUN050045,Target Price: $62.7834,2026-06-05 00:30:00-04:00,2026-06-05 00:45:00-04:00,61.6674,62.7834,no
KXHYPE15M-26JUN050030,Target Price: $62.5142,2026-06-05 00:15:00-04:00,2026-06-05 00:30:00-04:00,62.7834,62.5142,yes
KXHYPE15M-26JUN050015,Target Price: $61.6189,2026-06-05 00:00:00-04:00,2026-06-05 00:15:00-04:00,62.5142,61.6189,yes
KXHYPE15M-26JUN050000,Target Price: $62.2143,2026-06-04 23:45:00-04:00,2026-06-05 00:00:00-04:00,61.6189,62.2143,no
KXHYPE15M-26JUN042345,Target Price: $63.0473,2026-06-04 23:30:00-04:00,2026-06-04 23:45:00-04:00,62.2143,63.0473,no
KXHYPE15M-26JUN042330,Target Price: $62.8657,2026-06-04 23:15:00-04:00,2026-06-04 23:30:00-04:00,63.0473,62.8657,yes
KXHYPE15M-26JUN042315,Target Price: $63.6372,2026-06-04 23:00:00-04:00,2026-06-04 23:15:00-04:00,62.8657,63.6372,no
KXHYPE15M-26JUN042300,Target Price: $64.5014,2026-06-04 22:45:00-04:00,2026-06-04 23:00:00-04:00,63.6372,64.5014,no
KXHYPE15M-26JUN042245,Target Price: $64.9160,2026-06-04 22:30:00-04:00,2026-06-04 22:45:00-04:00,64.5014,64.916,no
KXHYPE15M-26JUN042230,Target Price: $65.6961,2026-06-04 22:15:00-04:00,2026-06-04 22:30:00-04:00,64.9160,65.6961,no
KXHYPE15M-26JUN042215,Target Price: $65.6383,2026-06-04 22:00:00-04:00,2026-06-04 22:15:00-04:00,65.6961,65.6383,yes
KXHYPE15M-26JUN042200,Target Price: $65.5586,2026-06-04 21:45:00-04:00,2026-06-04 22:00:00-04:00,65.6383,65.5586,yes
KXHYPE15M-26JUN042145,Target Price: $65.1255,2026-06-04 21:30:00-04:00,2026-06-04 21:45:00-04:00,65.5586,65.1255,yes
KXHYPE15M-26JUN042130,Target Price: $64.3441,2026-06-04 21:15:00-04:00,2026-06-04 21:30:00-04:00,65.1255,64.3441,yes
KXHYPE15M-26JUN042115,Target Price: $63.9533,2026-06-04 21:00:00-04:00,2026-06-04 21:15:00-04:00,64.3441,63.9533,yes
KXHYPE15M-26JUN042100,Target Price: $64.1746,2026-06-04 20:45:00-04:00,2026-06-04 21:00:00-04:00,63.9533,64.1746,no
KXHYPE15M-26JUN042045,Target Price: $64.4718,2026-06-04 20:30:00-04:00,2026-06-04 20:45:00-04:00,64.1746,64.4718,no
KXHYPE15M-26JUN042030,Target Price: $63.5285,2026-06-04 20:15:00-04:00,2026-06-04 20:30:00-04:00,64.4718,63.5285,yes
KXHYPE15M-26JUN042015,Target Price: $64.3015,2026-06-04 20:00:00-04:00,2026-06-04 20:15:00-04:00,63.5285,64.3015,no
KXHYPE15M-26JUN042000,Target Price: $64.4765,2026-06-04 19:45:00-04:00,2026-06-04 20:00:00-04:00,64.3015,64.4765,no
KXHYPE15M-26JUN041945,Target Price: $63.6117,2026-06-04 19:30:00-04:00,2026-06-04 19:45:00-04:00,64.4765,63.6117,yes
KXHYPE15M-26JUN041930,Target Price: $64.2925,2026-06-04 19:15:00-04:00,2026-06-04 19:30:00-04:00,63.6117,64.2925,no
KXHYPE15M-26JUN041915,Target Price: $64.3011,2026-06-04 19:00:00-04:00,2026-06-04 19:15:00-04:00,64.2925,64.3011,no
KXHYPE15M-26JUN041900,Target Price: $63.1625,2026-06-04 18:45:00-04:00,2026-06-04 19:00:00-04:00,64.3011,63.1625,yes
KXHYPE15M-26JUN041845,Target Price: $64.7253,2026-06-04 18:30:00-04:00,2026-06-04 18:45:00-04:00,63.1625,64.7253,no
KXHYPE15M-26JUN041830,Target Price: $64.9433,2026-06-04 18:15:00-04:00,2026-06-04 18:30:00-04:00,64.7253,64.9433,no
KXHYPE15M-26JUN041815,Target Price: $64.6875,2026-06-04 18:00:00-04:00,2026-06-04 18:15:00-04:00,64.9433,64.6875,yes
KXHYPE15M-26JUN041800,Target Price: $65.0772,2026-06-04 17:45:00-04:00,2026-06-04 18:00:00-04:00,64.6875,65.0772,no
KXHYPE15M-26JUN041745,Target Price: $65.6466,2026-06-04 17:30:00-04:00,2026-06-04 17:45:00-04:00,65.0772,65.6466,no
KXHYPE15M-26JUN041730,Target Price: $67.1207,2026-06-04 17:15:00-04:00,2026-06-04 17:30:00-04:00,65.6466,67.1207,no
KXHYPE15M-26JUN041715,Target Price: $67.0671,2026-06-04 17:00:00-04:00,2026-06-04 17:15:00-04:00,67.1207,67.0671,yes
KXHYPE15M-26JUN041700,Target Price: $67.3530,2026-06-04 16:45:00-04:00,2026-06-04 17:00:00-04:00,67.0671,67.353,no
KXHYPE15M-26JUN041645,Target Price: $67.0355,2026-06-04 16:30:00-04:00,2026-06-04 16:45:00-04:00,67.3530,67.0355,yes
KXHYPE15M-26JUN041630,Target Price: $67.3823,2026-06-04 16:15:00-04:00,2026-06-04 16:30:00-04:00,67.0355,67.3823,no
KXHYPE15M-26JUN041615,Target Price: $66.4339,2026-06-04 16:00:00-04:00,2026-06-04 16:15:00-04:00,67.3823,66.4339,yes
KXHYPE15M-26JUN041600,Target Price: $66.4520,2026-06-04 15:45:00-04:00,2026-06-04 16:00:00-04:00,66.4339,66.452,no
KXHYPE15M-26JUN041545,Target Price: $66.8573,2026-06-04 15:30:00-04:00,2026-06-04 15:45:00-04:00,66.4520,66.8573,no
KXHYPE15M-26JUN041530,Target Price: $66.1910,2026-06-04 15:15:00-04:00,2026-06-04 15:30:00-04:00,66.8573,66.191,yes
KXHYPE15M-26JUN041515,Target Price: $66.7246,2026-06-04 15:00:00-04:00,2026-06-04 15:15:00-04:00,66.1910,66.7246,no
KXHYPE15M-26JUN041500,Target Price: $67.2950,2026-06-04 14:45:00-04:00,2026-06-04 15:00:00-04:00,66.7246,67.295,no
KXHYPE15M-26JUN041445,Target Price: $66.5677,2026-06-04 14:30:00-04:00,2026-06-04 14:45:00-04:00,67.2950,66.5677,yes
KXHYPE15M-26JUN041430,Target Price: $66.0937,2026-06-04 14:15:00-04:00,2026-06-04 14:30:00-04:00,66.5677,66.0937,yes
KXHYPE15M-26JUN041415,Target Price: $66.7450,2026-06-04 14:00:00-04:00,2026-06-04 14:15:00-04:00,66.0937,66.745,no
KXHYPE15M-26JUN041400,Target Price: $66.3312,2026-06-04 13:45:00-04:00,2026-06-04 14:00:00-04:00,66.7450,66.3312,yes
KXHYPE15M-26JUN041345,Target Price: $67.9045,2026-06-04 13:30:00-04:00,2026-06-04 13:45:00-04:00,66.3312,67.9045,no
KXHYPE15M-26JUN041330,Target Price: $68.0172,2026-06-04 13:15:00-04:00,2026-06-04 13:30:00-04:00,67.9045,68.0172,no
KXHYPE15M-26JUN041315,Target Price: $68.6418,2026-06-04 13:00:00-04:00,2026-06-04 13:15:00-04:00,68.0172,68.6418,no
KXHYPE15M-26JUN041300,Target Price: $68.4337,2026-06-04 12:45:00-04:00,2026-06-04 13:00:00-04:00,68.6418,68.4337,yes
KXHYPE15M-26JUN041245,Target Price: $67.8297,2026-06-04 12:30:00-04:00,2026-06-04 12:45:00-04:00,68.4337,67.8297,yes
KXHYPE15M-26JUN041230,Target Price: $67.6461,2026-06-04 12:15:00-04:00,2026-06-04 12:30:00-04:00,67.8297,67.6461,yes
KXHYPE15M-26JUN041215,Target Price: $67.4331,2026-06-04 12:00:00-04:00,2026-06-04 12:15:00-04:00,67.6461,67.4331,yes
KXHYPE15M-26JUN041200,Target Price: $67.4416,2026-06-04 11:45:00-04:00,2026-06-04 12:00:00-04:00,67.4331,67.4416,no
KXHYPE15M-26JUN041145,Target Price: $67.1903,2026-06-04 11:30:00-04:00,2026-06-04 11:45:00-04:00,67.4416,67.1903,yes
KXHYPE15M-26JUN041130,Target Price: $67.7580,2026-06-04 11:15:00-04:00,2026-06-04 11:30:00-04:00,67.1903,67.758,no
KXHYPE15M-26JUN041115,Target Price: $67.0857,2026-06-04 11:00:00-04:00,2026-06-04 11:15:00-04:00,67.7580,67.0857,yes
KXHYPE15M-26JUN041100,Target Price: $67.1191,2026-06-04 10:45:00-04:00,2026-06-04 11:00:00-04:00,67.0857,67.1191,no
KXHYPE15M-26JUN041045,Target Price: $67.0484,2026-06-04 10:30:00-04:00,2026-06-04 10:45:00-04:00,67.1191,67.0484,yes
KXHYPE15M-26JUN041030,Target Price: $67.4473,2026-06-04 10:15:00-04:00,2026-06-04 10:30:00-04:00,67.0484,67.4473,no
KXHYPE15M-26JUN041015,Target Price: $67.0062,2026-06-04 10:00:00-04:00,2026-06-04 10:15:00-04:00,67.4473,67.0062,yes
KXHYPE15M-26JUN041000,Target Price: $66.3818,2026-06-04 09:45:00-04:00,2026-06-04 10:00:00-04:00,67.0062,66.3818,yes
KXHYPE15M-26JUN040945,Target Price: $65.6999,2026-06-04 09:30:00-04:00,2026-06-04 09:45:00-04:00,66.3818,65.6999,yes
KXHYPE15M-26JUN040930,Target Price: $66.4798,2026-06-04 09:15:00-04:00,2026-06-04 09:30:00-04:00,65.6999,66.4798,no
KXHYPE15M-26JUN040915,Target Price: $67.5940,2026-06-04 09:00:00-04:00,2026-06-04 09:15:00-04:00,66.4798,67.594,no
KXHYPE15M-26JUN040900,Target Price: $67.3548,2026-06-04 08:45:00-04:00,2026-06-04 09:00:00-04:00,67.5940,67.3548,yes
KXHYPE15M-26JUN040845,Target Price: $67.3352,2026-06-04 08:30:00-04:00,2026-06-04 08:45:00-04:00,67.3548,67.3352,yes
KXHYPE15M-26JUN040830,Target Price: $65.6556,2026-06-04 08:15:00-04:00,2026-06-04 08:30:00-04:00,67.3352,65.6556,yes
KXHYPE15M-26JUN040815,Target Price: $66.3727,2026-06-04 08:00:00-04:00,2026-06-04 08:15:00-04:00,65.6556,66.3727,no
KXHYPE15M-26JUN040800,Target Price: $65.6469,2026-06-04 07:45:00-04:00,2026-06-04 08:00:00-04:00,66.3727,65.6469,yes
KXHYPE15M-26JUN040745,Target Price: $65.3638,2026-06-04 07:30:00-04:00,2026-06-04 07:45:00-04:00,65.6469,65.3638,yes
KXHYPE15M-26JUN040730,Target Price: $64.8787,2026-06-04 07:15:00-04:00,2026-06-04 07:30:00-04:00,65.3638,64.8787,yes
KXHYPE15M-26JUN040715,Target Price: $65.3417,2026-06-04 07:00:00-04:00,2026-06-04 07:15:00-04:00,64.8787,65.3417,no
KXHYPE15M-26JUN040700,Target Price: $65.6628,2026-06-04 06:45:00-04:00,2026-06-04 07:00:00-04:00,65.3417,65.6628,no
KXHYPE15M-26JUN040645,Target Price: $65.8266,2026-06-04 06:30:00-04:00,2026-06-04 06:45:00-04:00,65.6628,65.8266,no
KXHYPE15M-26JUN040630,Target Price: $65.7308,2026-06-04 06:15:00-04:00,2026-06-04 06:30:00-04:00,65.8266,65.7308,yes
KXHYPE15M-26JUN040615,Target Price: $66.8636,2026-06-04 06:00:00-04:00,2026-06-04 06:15:00-04:00,65.7308,66.8636,no
KXHYPE15M-26JUN040600,Target Price: $66.5448,2026-06-04 05:45:00-04:00,2026-06-04 06:00:00-04:00,66.8636,66.5448,yes
KXHYPE15M-26JUN040545,Target Price: $66.1383,2026-06-04 05:30:00-04:00,2026-06-04 05:45:00-04:00,66.5448,66.1383,yes
KXHYPE15M-26JUN040530,Target Price: $67.5082,2026-06-04 05:15:00-04:00,2026-06-04 05:30:00-04:00,66.1383,67.5082,no
KXHYPE15M-26JUN040515,Target Price: $68.5154,2026-06-04 05:00:00-04:00,2026-06-04 05:15:00-04:00,67.5082,68.5154,no
KXHYPE15M-26JUN040200,Target Price: $72.9363,2026-06-04 01:45:00-04:00,2026-06-04 02:00:00-04:00,72.4848,72.9363,no
KXHYPE15M-26JUN040145,Target Price: $72.7723,2026-06-04 01:30:00-04:00,2026-06-04 01:45:00-04:00,72.9363,72.7723,yes
KXHYPE15M-26JUN040130,Target Price: $72.7058,2026-06-04 01:15:00-04:00,2026-06-04 01:30:00-04:00,72.7723,72.7058,yes
KXHYPE15M-26JUN040115,Target Price: $73.0420,2026-06-04 01:00:00-04:00,2026-06-04 01:15:00-04:00,72.7058,73.042,no
KXHYPE15M-26JUN040100,Target Price: $73.8078,2026-06-04 00:45:00-04:00,2026-06-04 01:00:00-04:00,73.0420,73.8078,no
KXHYPE15M-26JUN040045,Target Price: $74.4428,2026-06-04 00:30:00-04:00,2026-06-04 00:45:00-04:00,73.8078,74.4428,no
KXHYPE15M-26JUN040030,Target Price: $74.4911,2026-06-04 00:15:00-04:00,2026-06-04 00:30:00-04:00,74.4428,74.4911,no
KXHYPE15M-26JUN040015,Target Price: $73.8430,2026-06-04 00:00:00-04:00,2026-06-04 00:15:00-04:00,74.4911,73.843,yes
KXHYPE15M-26JUN040000,Target Price: $73.5146,2026-06-03 23:45:00-04:00,2026-06-04 00:00:00-04:00,73.8430,73.5146,yes
KXHYPE15M-26JUN032345,Target Price: $73.0490,2026-06-03 23:30:00-04:00,2026-06-03 23:45:00-04:00,73.5146,73.049,yes
KXHYPE15M-26JUN032330,Target Price: $73.0543,2026-06-03 23:15:00-04:00,2026-06-03 23:30:00-04:00,73.0490,73.0543,no
KXHYPE15M-26JUN032315,Target Price: $72.5972,2026-06-03 23:00:00-04:00,2026-06-03 23:15:00-04:00,73.0543,72.5972,yes
KXHYPE15M-26JUN032300,Target Price: $73.3943,2026-06-03 22:45:00-04:00,2026-06-03 23:00:00-04:00,72.5972,73.3943,no
KXHYPE15M-26JUN032245,Target Price: $72.7542,2026-06-03 22:30:00-04:00,2026-06-03 22:45:00-04:00,73.3943,72.7542,yes
KXHYPE15M-26JUN032230,Target Price: $71.6209,2026-06-03 22:15:00-04:00,2026-06-03 22:30:00-04:00,72.7542,71.6209,yes
KXHYPE15M-26JUN032215,Target Price: $72.1459,2026-06-03 22:00:00-04:00,2026-06-03 22:15:00-04:00,71.6209,72.1459,no
KXHYPE15M-26JUN032200,Target Price: $72.4950,2026-06-03 21:45:00-04:00,2026-06-03 22:00:00-04:00,72.1459,72.495,no
KXHYPE15M-26JUN032145,Target Price: $72.8866,2026-06-03 21:30:00-04:00,2026-06-03 21:45:00-04:00,72.4950,72.8866,no
KXHYPE15M-26JUN032130,Target Price: $73.5435,2026-06-03 21:15:00-04:00,2026-06-03 21:30:00-04:00,72.8866,73.5435,no
KXHYPE15M-26JUN032115,Target Price: $74.0261,2026-06-03 21:00:00-04:00,2026-06-03 21:15:00-04:00,73.5435,74.0261,no
KXHYPE15M-26JUN032100,Target Price: $74.1142,2026-06-03 20:45:00-04:00,2026-06-03 21:00:00-04:00,74.0261,74.1142,no
KXHYPE15M-26JUN032045,Target Price: $74.6423,2026-06-03 20:30:00-04:00,2026-06-03 20:45:00-04:00,74.1142,74.6423,no
KXHYPE15M-26JUN032030,Target Price: $74.9982,2026-06-03 20:15:00-04:00,2026-06-03 20:30:00-04:00,74.6423,74.9982,no
KXHYPE15M-26JUN032015,Target Price: $74.4573,2026-06-03 20:00:00-04:00,2026-06-03 20:15:00-04:00,74.9982,74.4573,yes
KXHYPE15M-26JUN032000,Target Price: $74.5365,2026-06-03 19:45:00-04:00,2026-06-03 20:00:00-04:00,74.4573,74.5365,no
KXHYPE15M-26JUN031945,Target Price: $74.8165,2026-06-03 19:30:00-04:00,2026-06-03 19:45:00-04:00,74.5365,74.8165,no
KXHYPE15M-26JUN031930,Target Price: $74.5449,2026-06-03 19:15:00-04:00,2026-06-03 19:30:00-04:00,74.8165,74.5449,yes
KXHYPE15M-26JUN031915,Target Price: $74.6180,2026-06-03 19:00:00-04:00,2026-06-03 19:15:00-04:00,74.5449,74.618,no
KXHYPE15M-26JUN031900,Target Price: $75.0449,2026-06-03 18:45:00-04:00,2026-06-03 19:00:00-04:00,74.6180,75.0449,no
KXHYPE15M-26JUN031845,Target Price: $75.0334,2026-06-03 18:30:00-04:00,2026-06-03 18:45:00-04:00,75.0449,75.0334,yes
KXHYPE15M-26JUN031830,Target Price: $74.8247,2026-06-03 18:15:00-04:00,2026-06-03 18:30:00-04:00,75.0334,74.8247,yes
KXHYPE15M-26JUN031815,Target Price: $74.9154,2026-06-03 18:00:00-04:00,2026-06-03 18:15:00-04:00,74.8247,74.9154,no
KXHYPE15M-26JUN031800,Target Price: $74.1688,2026-06-03 17:45:00-04:00,2026-06-03 18:00:00-04:00,74.9154,74.1688,yes
KXHYPE15M-26JUN031745,Target Price: $74.6520,2026-06-03 17:30:00-04:00,2026-06-03 17:45:00-04:00,74.1688,74.652,no
KXHYPE15M-26JUN031730,Target Price: $73.4882,2026-06-03 17:15:00-04:00,2026-06-03 17:30:00-04:00,74.6520,73.4882,yes
KXHYPE15M-26JUN031715,Target Price: $72.3489,2026-06-03 17:00:00-04:00,2026-06-03 17:15:00-04:00,73.4882,72.3489,yes
KXHYPE15M-26JUN031700,Target Price: $72.3724,2026-06-03 16:45:00-04:00,2026-06-03 17:00:00-04:00,72.3489,72.3724,no
KXHYPE15M-26JUN031645,Target Price: $73.3716,2026-06-03 16:30:00-04:00,2026-06-03 16:45:00-04:00,72.3724,73.3716,no
KXHYPE15M-26JUN031630,Target Price: $73.6852,2026-06-03 16:15:00-04:00,2026-06-03 16:30:00-04:00,73.3716,73.6852,no
KXHYPE15M-26JUN031615,Target Price: $73.2804,2026-06-03 16:00:00-04:00,2026-06-03 16:15:00-04:00,73.6852,73.2804,yes
KXHYPE15M-26JUN031600,Target Price: $73.7133,2026-06-03 15:45:00-04:00,2026-06-03 16:00:00-04:00,73.2804,73.7133,no
KXHYPE15M-26JUN031545,Target Price: $73.3270,2026-06-03 15:30:00-04:00,2026-06-03 15:45:00-04:00,73.7133,73.327,yes
KXHYPE15M-26JUN031530,Target Price: $73.8538,2026-06-03 15:15:00-04:00,2026-06-03 15:30:00-04:00,73.3270,73.8538,no
KXHYPE15M-26JUN031515,Target Price: $74.0913,2026-06-03 15:00:00-04:00,2026-06-03 15:15:00-04:00,73.8538,74.0913,no
KXHYPE15M-26JUN031500,Target Price: $73.6271,2026-06-03 14:45:00-04:00,2026-06-03 15:00:00-04:00,74.0913,73.6271,yes
KXHYPE15M-26JUN031445,Target Price: $73.1270,2026-06-03 14:30:00-04:00,2026-06-03 14:45:00-04:00,73.6271,73.127,yes
KXHYPE15M-26JUN031430,Target Price: $73.3422,2026-06-03 14:15:00-04:00,2026-06-03 14:30:00-04:00,73.1270,73.3422,no
KXHYPE15M-26JUN031415,Target Price: $73.6777,2026-06-03 14:00:00-04:00,2026-06-03 14:15:00-04:00,73.3422,73.6777,no
KXHYPE15M-26JUN031400,Target Price: $73.3030,2026-06-03 13:45:00-04:00,2026-06-03 14:00:00-04:00,73.6777,73.303,yes
KXHYPE15M-26JUN031345,Target Price: $71.8987,2026-06-03 13:30:00-04:00,2026-06-03 13:45:00-04:00,73.3030,71.8987,yes
KXHYPE15M-26JUN031330,Target Price: $72.1934,2026-06-03 13:15:00-04:00,2026-06-03 13:30:00-04:00,71.8987,72.1934,no
KXHYPE15M-26JUN031315,Target Price: $72.5379,2026-06-03 13:00:00-04:00,2026-06-03 13:15:00-04:00,72.1934,72.5379,no
KXHYPE15M-26JUN031300,Target Price: $71.9777,2026-06-03 12:45:00-04:00,2026-06-03 13:00:00-04:00,72.5379,71.9777,yes
KXHYPE15M-26JUN031245,Target Price: $71.8529,2026-06-03 12:30:00-04:00,2026-06-03 12:45:00-04:00,71.9777,71.8529,yes
KXHYPE15M-26JUN031230,Target Price: $71.8737,2026-06-03 12:15:00-04:00,2026-06-03 12:30:00-04:00,71.8529,71.8737,no
KXHYPE15M-26JUN031215,Target Price: $71.9662,2026-06-03 12:00:00-04:00,2026-06-03 12:15:00-04:00,71.8737,71.9662,no
KXHYPE15M-26JUN031200,Target Price: $72.2926,2026-06-03 11:45:00-04:00,2026-06-03 12:00:00-04:00,71.9662,72.2926,no
KXHYPE15M-26JUN031145,Target Price: $73.3035,2026-06-03 11:30:00-04:00,2026-06-03 11:45:00-04:00,72.2926,73.3035,no
KXHYPE15M-26JUN031130,Target Price: $72.3911,2026-06-03 11:15:00-04:00,2026-06-03 11:30:00-04:00,73.3035,72.3911,yes
KXHYPE15M-26JUN031115,Target Price: $72.6723,2026-06-03 11:00:00-04:00,2026-06-03 11:15:00-04:00,72.3911,72.6723,no
KXHYPE15M-26JUN031100,Target Price: $72.3062,2026-06-03 10:45:00-04:00,2026-06-03 11:00:00-04:00,72.6723,72.3062,yes
KXHYPE15M-26JUN031045,Target Price: $71.7240,2026-06-03 10:30:00-04:00,2026-06-03 10:45:00-04:00,72.3062,71.724,yes
KXHYPE15M-26JUN031030,Target Price: $72.3860,2026-06-03 10:15:00-04:00,2026-06-03 10:30:00-04:00,71.7240,72.386,no
KXHYPE15M-26JUN031015,Target Price: $72.7482,2026-06-03 10:00:00-04:00,2026-06-03 10:15:00-04:00,72.3860,72.7482,no
KXHYPE15M-26JUN031000,Target Price: $72.4711,2026-06-03 09:45:00-04:00,2026-06-03 10:00:00-04:00,72.7482,72.4711,yes
KXHYPE15M-26JUN030945,Target Price: $73.0139,2026-06-03 09:30:00-04:00,2026-06-03 09:45:00-04:00,72.4711,73.0139,no
KXHYPE15M-26JUN030930,Target Price: $73.4642,2026-06-03 09:15:00-04:00,2026-06-03 09:30:00-04:00,73.0139,73.4642,no
KXHYPE15M-26JUN030915,Target Price: $73.1848,2026-06-03 09:00:00-04:00,2026-06-03 09:15:00-04:00,73.4642,73.1848,yes
KXHYPE15M-26JUN030900,Target Price: $72.6714,2026-06-03 08:45:00-04:00,2026-06-03 09:00:00-04:00,73.1848,72.6714,yes
KXHYPE15M-26JUN030845,Target Price: $72.8339,2026-06-03 08:30:00-04:00,2026-06-03 08:45:00-04:00,72.6714,72.8339,no
KXHYPE15M-26JUN030830,Target Price: $72.5718,2026-06-03 08:15:00-04:00,2026-06-03 08:30:00-04:00,72.8339,72.5718,yes
KXHYPE15M-26JUN030815,Target Price: $72.2797,2026-06-03 08:00:00-04:00,2026-06-03 08:15:00-04:00,72.5718,72.2797,yes
KXHYPE15M-26JUN030800,Target Price: $72.4867,2026-06-03 07:45:00-04:00,2026-06-03 08:00:00-04:00,72.2797,72.4867,no
KXHYPE15M-26JUN030745,Target Price: $73.2580,2026-06-03 07:30:00-04:00,2026-06-03 07:45:00-04:00,72.4867,73.258,no
KXHYPE15M-26JUN030730,Target Price: $73.0907,2026-06-03 07:15:00-04:00,2026-06-03 07:30:00-04:00,73.2580,73.0907,yes
KXHYPE15M-26JUN030715,Target Price: $72.9782,2026-06-03 07:00:00-04:00,2026-06-03 07:15:00-04:00,73.0907,72.9782,yes
KXHYPE15M-26JUN030700,Target Price: $72.6259,2026-06-03 06:45:00-04:00,2026-06-03 07:00:00-04:00,72.9782,72.6259,yes
KXHYPE15M-26JUN030645,Target Price: $72.4866,2026-06-03 06:30:00-04:00,2026-06-03 06:45:00-04:00,72.6259,72.4866,yes
KXHYPE15M-26JUN030630,Target Price: $72.6429,2026-06-03 06:15:00-04:00,2026-06-03 06:30:00-04:00,72.4866,72.6429,no
KXHYPE15M-26JUN030615,Target Price: $71.7253,2026-06-03 06:00:00-04:00,2026-06-03 06:15:00-04:00,72.6429,71.7253,yes
KXHYPE15M-26JUN030600,Target Price: $72.1424,2026-06-03 05:45:00-04:00,2026-06-03 06:00:00-04:00,71.7253,72.1424,no
KXHYPE15M-26JUN030545,Target Price: $72.4284,2026-06-03 05:30:00-04:00,2026-06-03 05:45:00-04:00,72.1424,72.4284,no
KXHYPE15M-26JUN030530,Target Price: $72.6371,2026-06-03 05:15:00-04:00,2026-06-03 05:30:00-04:00,72.4284,72.6371,no
KXHYPE15M-26JUN030515,Target Price: $72.1655,2026-06-03 05:00:00-04:00,2026-06-03 05:15:00-04:00,72.6371,72.1655,yes
KXHYPE15M-26JUN030500,Target Price: $72.4380,2026-06-03 04:45:00-04:00,2026-06-03 05:00:00-04:00,72.1655,72.438,no
KXHYPE15M-26JUN030445,Target Price: $72.2342,2026-06-03 04:30:00-04:00,2026-06-03 04:45:00-04:00,72.4380,72.2342,yes
KXHYPE15M-26JUN030430,Target Price: $72.3944,2026-06-03 04:15:00-04:00,2026-06-03 04:30:00-04:00,72.2342,72.3944,no
KXHYPE15M-26JUN030415,Target Price: $73.0240,2026-06-03 04:00:00-04:00,2026-06-03 04:15:00-04:00,72.3944,73.024,no
KXHYPE15M-26JUN030400,Target Price: $72.6690,2026-06-03 03:45:00-04:00,2026-06-03 04:00:00-04:00,73.0240,72.669,yes
KXHYPE15M-26JUN030345,Target Price: $72.2566,2026-06-03 03:30:00-04:00,2026-06-03 03:45:00-04:00,72.6690,72.2566,yes
KXHYPE15M-26JUN030330,Target Price: $72.3419,2026-06-03 03:15:00-04:00,2026-06-03 03:30:00-04:00,72.2566,72.3419,no
KXHYPE15M-26JUN030315,Target Price: $72.3911,2026-06-03 03:00:00-04:00,2026-06-03 03:15:00-04:00,72.3419,72.3911,no
KXHYPE15M-26JUN030300,Target Price: $72.3865,2026-06-03 02:45:00-04:00,2026-06-03 03:00:00-04:00,72.3911,72.3865,yes
KXHYPE15M-26JUN030245,Target Price: $72.1909,2026-06-03 02:30:00-04:00,2026-06-03 02:45:00-04:00,72.3865,72.1909,yes
KXHYPE15M-26JUN030230,Target Price: $72.2759,2026-06-03 02:15:00-04:00,2026-06-03 02:30:00-04:00,72.1909,72.2759,no
KXHYPE15M-26JUN030215,Target Price: $72.6865,2026-06-03 02:00:00-04:00,2026-06-03 02:15:00-04:00,72.2759,72.6865,no
KXHYPE15M-26JUN030200,Target Price: $72.6018,2026-06-03 01:45:00-04:00,2026-06-03 02:00:00-04:00,72.6865,72.6018,yes
KXHYPE15M-26JUN030145,Target Price: $73.1761,2026-06-03 01:30:00-04:00,2026-06-03 01:45:00-04:00,72.6018,73.1761,no
KXHYPE15M-26JUN030130,Target Price: $73.2300,2026-06-03 01:15:00-04:00,2026-06-03 01:30:00-04:00,73.1761,73.23,no
KXHYPE15M-26JUN030115,Target Price: $72.5715,2026-06-03 01:00:00-04:00,2026-06-03 01:15:00-04:00,73.2300,72.5715,yes
KXHYPE15M-26JUN030100,Target Price: $72.1975,2026-06-03 00:45:00-04:00,2026-06-03 01:00:00-04:00,72.5715,72.1975,yes
KXHYPE15M-26JUN030045,Target Price: $71.6746,2026-06-03 00:30:00-04:00,2026-06-03 00:45:00-04:00,72.1975,71.6746,yes
KXHYPE15M-26JUN030030,Target Price: $72.1393,2026-06-03 00:15:00-04:00,2026-06-03 00:30:00-04:00,71.6746,72.1393,no
KXHYPE15M-26JUN030015,Target Price: $70.5128,2026-06-03 00:00:00-04:00,2026-06-03 00:15:00-04:00,72.1393,70.5128,yes
KXHYPE15M-26JUN030000,Target Price: $69.3947,2026-06-02 23:45:00-04:00,2026-06-03 00:00:00-04:00,70.5128,69.3947,yes
KXHYPE15M-26JUN022345,Target Price: $70.3543,2026-06-02 23:30:00-04:00,2026-06-02 23:45:00-04:00,69.3947,70.3543,no
KXHYPE15M-26JUN022330,Target Price: $70.3760,2026-06-02 23:15:00-04:00,2026-06-02 23:30:00-04:00,70.3543,70.376,no
KXHYPE15M-26JUN022315,Target Price: $70.0237,2026-06-02 23:00:00-04:00,2026-06-02 23:15:00-04:00,70.3760,70.0237,yes
KXHYPE15M-26JUN022300,Target Price: $69.7436,2026-06-02 22:45:00-04:00,2026-06-02 23:00:00-04:00,70.0237,69.7436,yes
KXHYPE15M-26JUN022245,Target Price: $69.3371,2026-06-02 22:30:00-04:00,2026-06-02 22:45:00-04:00,69.7436,69.3371,yes
KXHYPE15M-26JUN022230,Target Price: $69.2144,2026-06-02 22:15:00-04:00,2026-06-02 22:30:00-04:00,69.3371,69.2144,yes
KXHYPE15M-26JUN022215,Target Price: $69.1004,2026-06-02 22:00:00-04:00,2026-06-02 22:15:00-04:00,69.2144,69.1004,yes
KXHYPE15M-26JUN022200,Target Price: $68.7234,2026-06-02 21:45:00-04:00,2026-06-02 22:00:00-04:00,69.1004,68.7234,yes
KXHYPE15M-26JUN022145,Target Price: $69.7310,2026-06-02 21:30:00-04:00,2026-06-02 21:45:00-04:00,68.7234,69.731,no
KXHYPE15M-26JUN022130,Target Price: $69.2268,2026-06-02 21:15:00-04:00,2026-06-02 21:30:00-04:00,69.7310,69.2268,yes
KXHYPE15M-26JUN022115,Target Price: $69.6745,2026-06-02 21:00:00-04:00,2026-06-02 21:15:00-04:00,69.2268,69.6745,no
KXHYPE15M-26JUN022100,Target Price: $70.3154,2026-06-02 20:45:00-04:00,2026-06-02 21:00:00-04:00,69.6745,70.3154,no
KXHYPE15M-26JUN022045,Target Price: $70.3984,2026-06-02 20:30:00-04:00,2026-06-02 20:45:00-04:00,70.3154,70.3984,no
KXHYPE15M-26JUN022030,Target Price: $70.4738,2026-06-02 20:15:00-04:00,2026-06-02 20:30:00-04:00,70.3984,70.4738,no
KXHYPE15M-26JUN022015,Target Price: $69.6951,2026-06-02 20:00:00-04:00,2026-06-02 20:15:00-04:00,70.4738,69.6951,yes
KXHYPE15M-26JUN022000,Target Price: $69.4378,2026-06-02 19:45:00-04:00,2026-06-02 20:00:00-04:00,69.6951,69.4378,yes
KXHYPE15M-26JUN021945,Target Price: $68.3809,2026-06-02 19:30:00-04:00,2026-06-02 19:45:00-04:00,69.4378,68.3809,yes
KXHYPE15M-26JUN021930,Target Price: $69.2065,2026-06-02 19:15:00-04:00,2026-06-02 19:30:00-04:00,68.3809,69.2065,no
KXHYPE15M-26JUN021915,Target Price: $68.3695,2026-06-02 19:00:00-04:00,2026-06-02 19:15:00-04:00,69.2065,68.3695,yes
KXHYPE15M-26JUN021900,Target Price: $67.9540,2026-06-02 18:45:00-04:00,2026-06-02 19:00:00-04:00,68.3695,67.954,yes
KXHYPE15M-26JUN021845,Target Price: $68.6035,2026-06-02 18:30:00-04:00,2026-06-02 18:45:00-04:00,67.9540,68.6035,no
KXHYPE15M-26JUN021830,Target Price: $68.7834,2026-06-02 18:15:00-04:00,2026-06-02 18:30:00-04:00,68.6035,68.7834,no
KXHYPE15M-26JUN021815,Target Price: $68.8135,2026-06-02 18:00:00-04:00,2026-06-02 18:15:00-04:00,68.7834,68.8135,no
KXHYPE15M-26JUN021800,Target Price: $69.1669,2026-06-02 17:45:00-04:00,2026-06-02 18:00:00-04:00,68.8135,69.1669,no
KXHYPE15M-26JUN021745,Target Price: $69.3465,2026-06-02 17:30:00-04:00,2026-06-02 17:45:00-04:00,69.1669,69.3465,no
KXHYPE15M-26JUN021730,Target Price: $69.1765,2026-06-02 17:15:00-04:00,2026-06-02 17:30:00-04:00,69.3465,69.1765,yes
KXHYPE15M-26JUN021715,Target Price: $69.7680,2026-06-02 17:00:00-04:00,2026-06-02 17:15:00-04:00,69.1765,69.768,no
KXHYPE15M-26JUN021700,Target Price: $69.4751,2026-06-02 16:45:00-04:00,2026-06-02 17:00:00-04:00,69.7680,69.4751,yes
KXHYPE15M-26JUN021645,Target Price: $69.6110,2026-06-02 16:30:00-04:00,2026-06-02 16:45:00-04:00,69.4751,69.611,no
KXHYPE15M-26JUN021630,Target Price: $70.8737,2026-06-02 16:15:00-04:00,2026-06-02 16:30:00-04:00,69.6110,70.8737,no
KXHYPE15M-26JUN021615,Target Price: $70.5868,2026-06-02 16:00:00-04:00,2026-06-02 16:15:00-04:00,70.8737,70.5868,yes
KXHYPE15M-26JUN021600,Target Price: $69.7343,2026-06-02 15:45:00-04:00,2026-06-02 16:00:00-04:00,70.5868,69.7343,yes
KXHYPE15M-26JUN021545,Target Price: $69.7205,2026-06-02 15:30:00-04:00,2026-06-02 15:45:00-04:00,69.7343,69.7205,yes
KXHYPE15M-26JUN021530,Target Price: $70.8752,2026-06-02 15:15:00-04:00,2026-06-02 15:30:00-04:00,69.7205,70.8752,no
KXHYPE15M-26JUN021515,Target Price: $70.7325,2026-06-02 15:00:00-04:00,2026-06-02 15:15:00-04:00,70.8752,70.7325,yes
KXHYPE15M-26JUN021500,Target Price: $71.1219,2026-06-02 14:45:00-04:00,2026-06-02 15:00:00-04:00,70.7325,71.1219,no
KXHYPE15M-26JUN021445,Target Price: $71.5795,2026-06-02 14:30:00-04:00,2026-06-02 14:45:00-04:00,71.1219,71.5795,no
KXHYPE15M-26JUN021430,Target Price: $72.3767,2026-06-02 14:15:00-04:00,2026-06-02 14:30:00-04:00,71.5795,72.3767,no
KXHYPE15M-26JUN021415,Target Price: $72.3377,2026-06-02 14:00:00-04:00,2026-06-02 14:15:00-04:00,72.3767,72.3377,yes
KXHYPE15M-26JUN021400,Target Price: $72.2780,2026-06-02 13:45:00-04:00,2026-06-02 14:00:00-04:00,72.3377,72.278,yes
KXHYPE15M-26JUN021345,Target Price: $71.7843,2026-06-02 13:30:00-04:00,2026-06-02 13:45:00-04:00,72.2780,71.7843,yes
KXHYPE15M-26JUN021330,Target Price: $71.6643,2026-06-02 13:15:00-04:00,2026-06-02 13:30:00-04:00,71.7843,71.6643,yes
KXHYPE15M-26JUN021315,Target Price: $71.9021,2026-06-02 13:00:00-04:00,2026-06-02 13:15:00-04:00,71.6643,71.9021,no
KXHYPE15M-26JUN021300,Target Price: $72.1251,2026-06-02 12:45:00-04:00,2026-06-02 13:00:00-04:00,71.9021,72.1251,no
KXHYPE15M-26JUN021245,Target Price: $71.9519,2026-06-02 12:30:00-04:00,2026-06-02 12:45:00-04:00,72.1251,71.9519,yes
KXHYPE15M-26JUN021230,Target Price: $71.9885,2026-06-02 12:15:00-04:00,2026-06-02 12:30:00-04:00,71.9519,71.9885,no
KXHYPE15M-26JUN021215,Target Price: $71.8448,2026-06-02 12:00:00-04:00,2026-06-02 12:15:00-04:00,71.9885,71.8448,yes
KXHYPE15M-26JUN021200,Target Price: $71.6418,2026-06-02 11:45:00-04:00,2026-06-02 12:00:00-04:00,71.8448,71.6418,yes
KXHYPE15M-26JUN021145,Target Price: $70.7548,2026-06-02 11:30:00-04:00,2026-06-02 11:45:00-04:00,71.6418,70.7548,yes
KXHYPE15M-26JUN021130,Target Price: $71.0059,2026-06-02 11:15:00-04:00,2026-06-02 11:30:00-04:00,70.7548,71.0059,no
KXHYPE15M-26JUN021115,Target Price: $72.2132,2026-06-02 11:00:00-04:00,2026-06-02 11:15:00-04:00,71.0059,72.2132,no
KXHYPE15M-26JUN021100,Target Price: $72.4202,2026-06-02 10:45:00-04:00,2026-06-02 11:00:00-04:00,72.2132,72.4202,no
KXHYPE15M-26JUN021045,Target Price: $72.8244,2026-06-02 10:30:00-04:00,2026-06-02 10:45:00-04:00,72.4202,72.8244,no
KXHYPE15M-26JUN021030,Target Price: $73.7829,2026-06-02 10:15:00-04:00,2026-06-02 10:30:00-04:00,72.8244,73.7829,no
KXHYPE15M-26JUN021015,Target Price: $72.8343,2026-06-02 10:00:00-04:00,2026-06-02 10:15:00-04:00,73.7829,72.8343,yes
KXHYPE15M-26JUN021000,Target Price: $73.2423,2026-06-02 09:45:00-04:00,2026-06-02 10:00:00-04:00,72.8343,73.2423,no
KXHYPE15M-26JUN020945,Target Price: $73.1141,2026-06-02 09:30:00-04:00,2026-06-02 09:45:00-04:00,73.2423,73.1141,yes
KXHYPE15M-26JUN020930,Target Price: $72.5809,2026-06-02 09:15:00-04:00,2026-06-02 09:30:00-04:00,73.1141,72.5809,yes
KXHYPE15M-26JUN020915,Target Price: $73.5991,2026-06-02 09:00:00-04:00,2026-06-02 09:15:00-04:00,72.5809,73.5991,no
KXHYPE15M-26JUN020900,Target Price: $73.2604,2026-06-02 08:45:00-04:00,2026-06-02 09:00:00-04:00,73.5991,73.2604,yes
KXHYPE15M-26JUN020845,Target Price: $72.8440,2026-06-02 08:30:00-04:00,2026-06-02 08:45:00-04:00,73.2604,72.844,yes
KXHYPE15M-26JUN020830,Target Price: $72.6841,2026-06-02 08:15:00-04:00,2026-06-02 08:30:00-04:00,72.8440,72.6841,yes
KXHYPE15M-26JUN020815,Target Price: $72.6497,2026-06-02 08:00:00-04:00,2026-06-02 08:15:00-04:00,72.6841,72.6497,yes
KXHYPE15M-26JUN020800,Target Price: $72.8627,2026-06-02 07:45:00-04:00,2026-06-02 08:00:00-04:00,72.6497,72.8627,no
KXHYPE15M-26JUN020745,Target Price: $72.5003,2026-06-02 07:30:00-04:00,2026-06-02 07:45:00-04:00,72.8627,72.5003,yes
KXHYPE15M-26JUN020730,Target Price: $72.1940,2026-06-02 07:15:00-04:00,2026-06-02 07:30:00-04:00,72.5003,72.194,yes
KXHYPE15M-26JUN020715,Target Price: $72.2987,2026-06-02 07:00:00-04:00,2026-06-02 07:15:00-04:00,72.1940,72.2987,no
KXHYPE15M-26JUN020700,Target Price: $71.1037,2026-06-02 06:45:00-04:00,2026-06-02 07:00:00-04:00,72.2987,71.1037,yes
KXHYPE15M-26JUN020645,Target Price: $71.5192,2026-06-02 06:30:00-04:00,2026-06-02 06:45:00-04:00,71.1037,71.5192,no
KXHYPE15M-26JUN020630,Target Price: $71.4623,2026-06-02 06:15:00-04:00,2026-06-02 06:30:00-04:00,71.5192,71.4623,yes
KXHYPE15M-26JUN020615,Target Price: $70.6288,2026-06-02 06:00:00-04:00,2026-06-02 06:15:00-04:00,71.4623,70.6288,yes
KXHYPE15M-26JUN020600,Target Price: $71.2199,2026-06-02 05:45:00-04:00,2026-06-02 06:00:00-04:00,70.6288,71.2199,no
KXHYPE15M-26JUN020545,Target Price: $71.4538,2026-06-02 05:30:00-04:00,2026-06-02 05:45:00-04:00,71.2199,71.4538,no
KXHYPE15M-26JUN020530,Target Price: $71.4148,2026-06-02 05:15:00-04:00,2026-06-02 05:30:00-04:00,71.4538,71.4148,yes
KXHYPE15M-26JUN020515,Target Price: $71.2899,2026-06-02 05:00:00-04:00,2026-06-02 05:15:00-04:00,71.4148,71.2899,yes
KXHYPE15M-26JUN020500,Target Price: $71.2616,2026-06-02 04:45:00-04:00,2026-06-02 05:00:00-04:00,71.2899,71.2616,yes
KXHYPE15M-26JUN020445,Target Price: $71.4022,2026-06-02 04:30:00-04:00,2026-06-02 04:45:00-04:00,71.2616,71.4022,no
KXHYPE15M-26JUN020430,Target Price: $71.7545,2026-06-02 04:15:00-04:00,2026-06-02 04:30:00-04:00,71.4022,71.7545,no
KXHYPE15M-26JUN020415,Target Price: $72.0655,2026-06-02 04:00:00-04:00,2026-06-02 04:15:00-04:00,71.7545,72.0655,no
KXHYPE15M-26JUN020400,Target Price: $72.3857,2026-06-02 03:45:00-04:00,2026-06-02 04:00:00-04:00,72.0655,72.3857,no
KXHYPE15M-26JUN020345,Target Price: $71.7447,2026-06-02 03:30:00-04:00,2026-06-02 03:45:00-04:00,72.3857,71.7447,yes
KXHYPE15M-26JUN020330,Target Price: $72.0333,2026-06-02 03:15:00-04:00,2026-06-02 03:30:00-04:00,71.7447,72.0333,no
KXHYPE15M-26JUN020315,Target Price: $71.9688,2026-06-02 03:00:00-04:00,2026-06-02 03:15:00-04:00,72.0333,71.9688,yes
KXHYPE15M-26JUN020300,Target Price: $72.2632,2026-06-02 02:45:00-04:00,2026-06-02 03:00:00-04:00,71.9688,72.2632,no
KXHYPE15M-26JUN020245,Target Price: $72.3305,2026-06-02 02:30:00-04:00,2026-06-02 02:45:00-04:00,72.2632,72.3305,no
KXHYPE15M-26JUN020230,Target Price: $72.8532,2026-06-02 02:15:00-04:00,2026-06-02 02:30:00-04:00,72.3305,72.8532,no
KXHYPE15M-26JUN020215,Target Price: $72.8927,2026-06-02 02:00:00-04:00,2026-06-02 02:15:00-04:00,72.8532,72.8927,no
KXHYPE15M-26JUN020200,Target Price: $73.3588,2026-06-02 01:45:00-04:00,2026-06-02 02:00:00-04:00,72.8927,73.3588,no
KXHYPE15M-26JUN020145,Target Price: $73.0855,2026-06-02 01:30:00-04:00,2026-06-02 01:45:00-04:00,73.3588,73.0855,yes
KXHYPE15M-26JUN020130,Target Price: $74.0633,2026-06-02 01:15:00-04:00,2026-06-02 01:30:00-04:00,73.0855,74.0633,no
KXHYPE15M-26JUN020115,Target Price: $73.6816,2026-06-02 01:00:00-04:00,2026-06-02 01:15:00-04:00,74.0633,73.6816,yes
KXHYPE15M-26JUN020100,Target Price: $74.0093,2026-06-02 00:45:00-04:00,2026-06-02 01:00:00-04:00,73.6816,74.0093,no
KXHYPE15M-26JUN020045,Target Price: $74.1944,2026-06-02 00:30:00-04:00,2026-06-02 00:45:00-04:00,74.0093,74.1944,no
KXHYPE15M-26JUN020030,Target Price: $74.4110,2026-06-02 00:15:00-04:00,2026-06-02 00:30:00-04:00,74.1944,74.411,no
KXHYPE15M-26JUN020015,Target Price: $74.5595,2026-06-02 00:00:00-04:00,2026-06-02 00:15:00-04:00,74.4110,74.5595,no
KXHYPE15M-26JUN020000,Target Price: $75.0431,2026-06-01 23:45:00-04:00,2026-06-02 00:00:00-04:00,74.5595,75.0431,no
KXHYPE15M-26JUN012345,Target Price: $75.4147,2026-06-01 23:30:00-04:00,2026-06-01 23:45:00-04:00,75.0431,75.4147,no
KXHYPE15M-26JUN012330,Target Price: $75.1802,2026-06-01 23:15:00-04:00,2026-06-01 23:30:00-04:00,75.4147,75.1802,yes
KXHYPE15M-26JUN012315,Target Price: $74.6797,2026-06-01 23:00:00-04:00,2026-06-01 23:15:00-04:00,75.1802,74.6797,yes
KXHYPE15M-26JUN012300,Target Price: $74.1574,2026-06-01 22:45:00-04:00,2026-06-01 23:00:00-04:00,74.6797,74.1574,yes
KXHYPE15M-26JUN012245,Target Price: $74.0485,2026-06-01 22:30:00-04:00,2026-06-01 22:45:00-04:00,74.1574,74.0485,yes
KXHYPE15M-26JUN012230,Target Price: $73.0118,2026-06-01 22:15:00-04:00,2026-06-01 22:30:00-04:00,74.0485,73.0118,yes
KXHYPE15M-26JUN012215,Target Price: $72.7367,2026-06-01 22:00:00-04:00,2026-06-01 22:15:00-04:00,73.0118,72.7367,yes
KXHYPE15M-26JUN012200,Target Price: $73.0812,2026-06-01 21:45:00-04:00,2026-06-01 22:00:00-04:00,72.7367,73.0812,no
KXHYPE15M-26JUN012145,Target Price: $72.9468,2026-06-01 21:30:00-04:00,2026-06-01 21:45:00-04:00,73.0812,72.9468,yes
KXHYPE15M-26JUN012130,Target Price: $73.4311,2026-06-01 21:15:00-04:00,2026-06-01 21:30:00-04:00,72.9468,73.4311,no
KXHYPE15M-26JUN012115,Target Price: $74.0650,2026-06-01 21:00:00-04:00,2026-06-01 21:15:00-04:00,73.4311,74.065,no
KXHYPE15M-26JUN012100,Target Price: $74.5176,2026-06-01 20:45:00-04:00,2026-06-01 21:00:00-04:00,74.0650,74.5176,no
KXHYPE15M-26JUN012045,Target Price: $74.1974,2026-06-01 20:30:00-04:00,2026-06-01 20:45:00-04:00,74.5176,74.1974,yes
KXHYPE15M-26JUN012030,Target Price: $73.9315,2026-06-01 20:15:00-04:00,2026-06-01 20:30:00-04:00,74.1974,73.9315,yes
KXHYPE15M-26JUN012015,Target Price: $73.6013,2026-06-01 20:00:00-04:00,2026-06-01 20:15:00-04:00,73.9315,73.6013,yes
KXHYPE15M-26JUN012000,Target Price: $73.5014,2026-06-01 19:45:00-04:00,2026-06-01 20:00:00-04:00,73.6013,73.5014,yes
KXHYPE15M-26JUN011945,Target Price: $74.1102,2026-06-01 19:30:00-04:00,2026-06-01 19:45:00-04:00,73.5014,74.1102,no
KXHYPE15M-26JUN011930,Target Price: $74.6439,2026-06-01 19:15:00-04:00,2026-06-01 19:30:00-04:00,74.1102,74.6439,no
KXHYPE15M-26JUN011915,Target Price: $74.0973,2026-06-01 19:00:00-04:00,2026-06-01 19:15:00-04:00,74.6439,74.0973,yes
KXHYPE15M-26JUN011900,Target Price: $72.8707,2026-06-01 18:45:00-04:00,2026-06-01 19:00:00-04:00,74.0973,72.8707,yes
KXHYPE15M-26JUN011845,Target Price: $73.3305,2026-06-01 18:30:00-04:00,2026-06-01 18:45:00-04:00,72.8707,73.3305,no
KXHYPE15M-26JUN011830,Target Price: $72.9170,2026-06-01 18:15:00-04:00,2026-06-01 18:30:00-04:00,73.3305,72.917,yes
KXHYPE15M-26JUN011815,Target Price: $73.1051,2026-06-01 18:00:00-04:00,2026-06-01 18:15:00-04:00,72.9170,73.1051,no
KXHYPE15M-26JUN011800,Target Price: $72.8636,2026-06-01 17:45:00-04:00,2026-06-01 18:00:00-04:00,73.1051,72.8636,yes
KXHYPE15M-26JUN011745,Target Price: $72.2637,2026-06-01 17:30:00-04:00,2026-06-01 17:45:00-04:00,72.8636,72.2637,yes
KXHYPE15M-26JUN011730,Target Price: $71.9427,2026-06-01 17:15:00-04:00,2026-06-01 17:30:00-04:00,72.2637,71.9427,yes
KXHYPE15M-26JUN011715,Target Price: $72.5334,2026-06-01 17:00:00-04:00,2026-06-01 17:15:00-04:00,71.9427,72.5334,no
KXHYPE15M-26JUN011700,Target Price: $72.0424,2026-06-01 16:45:00-04:00,2026-06-01 17:00:00-04:00,72.5334,72.0424,yes
KXHYPE15M-26JUN011645,Target Price: $72.8999,2026-06-01 16:30:00-04:00,2026-06-01 16:45:00-04:00,72.0424,72.8999,no
KXHYPE15M-26JUN011630,Target Price: $73.2434,2026-06-01 16:15:00-04:00,2026-06-01 16:30:00-04:00,72.8999,73.2434,no
KXHYPE15M-26JUN011615,Target Price: $73.6553,2026-06-01 16:00:00-04:00,2026-06-01 16:15:00-04:00,73.2434,73.6553,no
KXHYPE15M-26JUN011600,Target Price: $73.8508,2026-06-01 15:45:00-04:00,2026-06-01 16:00:00-04:00,73.6553,73.8508,no
KXHYPE15M-26JUN011545,Target Price: $73.7405,2026-06-01 15:30:00-04:00,2026-06-01 15:45:00-04:00,73.8508,73.7405,yes
KXHYPE15M-26JUN011530,Target Price: $73.2108,2026-06-01 15:15:00-04:00,2026-06-01 15:30:00-04:00,73.7405,73.2108,yes
KXHYPE15M-26JUN011515,Target Price: $73.3299,2026-06-01 15:00:00-04:00,2026-06-01 15:15:00-04:00,73.2108,73.3299,no
KXHYPE15M-26JUN011500,Target Price: $73.3102,2026-06-01 14:45:00-04:00,2026-06-01 15:00:00-04:00,73.3299,73.3102,yes
KXHYPE15M-26JUN011445,Target Price: $72.9723,2026-06-01 14:30:00-04:00,2026-06-01 14:45:00-04:00,73.3102,72.9723,yes
KXHYPE15M-26JUN011430,Target Price: $72.3896,2026-06-01 14:15:00-04:00,2026-06-01 14:30:00-04:00,72.9723,72.3896,yes
KXHYPE15M-26JUN011415,Target Price: $72.9416,2026-06-01 14:00:00-04:00,2026-06-01 14:15:00-04:00,72.3896,72.9416,no
KXHYPE15M-26JUN011400,Target Price: $73.0803,2026-06-01 13:45:00-04:00,2026-06-01 14:00:00-04:00,72.9416,73.0803,no
KXHYPE15M-26JUN011345,Target Price: $72.5110,2026-06-01 13:30:00-04:00,2026-06-01 13:45:00-04:00,73.0803,72.511,yes
KXHYPE15M-26JUN011330,Target Price: $73.0825,2026-06-01 13:15:00-04:00,2026-06-01 13:30:00-04:00,72.5110,73.0825,no
KXHYPE15M-26JUN011315,Target Price: $71.9117,2026-06-01 13:00:00-04:00,2026-06-01 13:15:00-04:00,73.0825,71.9117,yes
KXHYPE15M-26JUN011300,Target Price: $71.8412,2026-06-01 12:45:00-04:00,2026-06-01 13:00:00-04:00,71.9117,71.8412,yes
KXHYPE15M-26JUN011245,Target Price: $71.7419,2026-06-01 12:30:00-04:00,2026-06-01 12:45:00-04:00,71.8412,71.7419,yes
KXHYPE15M-26JUN011230,Target Price: $70.4982,2026-06-01 12:15:00-04:00,2026-06-01 12:30:00-04:00,71.7419,70.4982,yes
KXHYPE15M-26JUN011215,Target Price: $70.7820,2026-06-01 12:00:00-04:00,2026-06-01 12:15:00-04:00,70.4982,70.782,no
KXHYPE15M-26JUN011200,Target Price: $71.2207,2026-06-01 11:45:00-04:00,2026-06-01 12:00:00-04:00,70.7820,71.2207,no
KXHYPE15M-26JUN011145,Target Price: $71.7810,2026-06-01 11:30:00-04:00,2026-06-01 11:45:00-04:00,71.2207,71.781,no
KXHYPE15M-26JUN011130,Target Price: $71.5210,2026-06-01 11:15:00-04:00,2026-06-01 11:30:00-04:00,71.7810,71.521,yes
KXHYPE15M-26JUN011115,Target Price: $71.0591,2026-06-01 11:00:00-04:00,2026-06-01 11:15:00-04:00,71.5210,71.0591,yes
KXHYPE15M-26JUN011100,Target Price: $71.4900,2026-06-01 10:45:00-04:00,2026-06-01 11:00:00-04:00,71.0591,71.49,no
KXHYPE15M-26JUN011045,Target Price: $70.6368,2026-06-01 10:30:00-04:00,2026-06-01 10:45:00-04:00,71.4900,70.6368,yes
KXHYPE15M-26JUN011030,Target Price: $70.9255,2026-06-01 10:15:00-04:00,2026-06-01 10:30:00-04:00,70.6368,70.9255,no
KXHYPE15M-26JUN011015,Target Price: $71.8589,2026-06-01 10:00:00-04:00,2026-06-01 10:15:00-04:00,70.9255,71.8589,no
KXHYPE15M-26JUN011000,Target Price: $72.4955,2026-06-01 09:45:00-04:00,2026-06-01 10:00:00-04:00,71.8589,72.4955,no
KXHYPE15M-26JUN010945,Target Price: $72.9118,2026-06-01 09:30:00-04:00,2026-06-01 09:45:00-04:00,72.4955,72.9118,no
KXHYPE15M-26JUN010930,Target Price: $73.2560,2026-06-01 09:15:00-04:00,2026-06-01 09:30:00-04:00,72.9118,73.256,no
KXHYPE15M-26JUN010915,Target Price: $73.9679,2026-06-01 09:00:00-04:00,2026-06-01 09:15:00-04:00,73.2560,73.9679,no
KXHYPE15M-26JUN010900,Target Price: $74.1287,2026-06-01 08:45:00-04:00,2026-06-01 09:00:00-04:00,73.9679,74.1287,no
KXHYPE15M-26JUN010845,Target Price: $73.7851,2026-06-01 08:30:00-04:00,2026-06-01 08:45:00-04:00,74.1287,73.7851,yes
KXHYPE15M-26JUN010830,Target Price: $72.7042,2026-06-01 08:15:00-04:00,2026-06-01 08:30:00-04:00,73.7851,72.7042,yes
KXHYPE15M-26JUN010815,Target Price: $73.0776,2026-06-01 08:00:00-04:00,2026-06-01 08:15:00-04:00,72.7042,73.0776,no
KXHYPE15M-26JUN010800,Target Price: $73.6180,2026-06-01 07:45:00-04:00,2026-06-01 08:00:00-04:00,73.0776,73.618,no
KXHYPE15M-26JUN010745,Target Price: $73.4776,2026-06-01 07:30:00-04:00,2026-06-01 07:45:00-04:00,73.6180,73.4776,yes
KXHYPE15M-26JUN010730,Target Price: $72.3789,2026-06-01 07:15:00-04:00,2026-06-01 07:30:00-04:00,73.4776,72.3789,yes
KXHYPE15M-26JUN010715,Target Price: $72.5783,2026-06-01 07:00:00-04:00,2026-06-01 07:15:00-04:00,72.3789,72.5783,no
KXHYPE15M-26JUN010700,Target Price: $72.8294,2026-06-01 06:45:00-04:00,2026-06-01 07:00:00-04:00,72.5783,72.8294,no
KXHYPE15M-26JUN010645,Target Price: $72.7308,2026-06-01 06:30:00-04:00,2026-06-01 06:45:00-04:00,72.8294,72.7308,yes
KXHYPE15M-26JUN010630,Target Price: $72.2481,2026-06-01 06:15:00-04:00,2026-06-01 06:30:00-04:00,72.7308,72.2481,yes
KXHYPE15M-26JUN010615,Target Price: $72.3712,2026-06-01 06:00:00-04:00,2026-06-01 06:15:00-04:00,72.2481,72.3712,no
KXHYPE15M-26JUN010600,Target Price: $71.8535,2026-06-01 05:45:00-04:00,2026-06-01 06:00:00-04:00,72.3712,71.8535,yes
KXHYPE15M-26JUN010545,Target Price: $72.8284,2026-06-01 05:30:00-04:00,2026-06-01 05:45:00-04:00,71.8535,72.8284,no
KXHYPE15M-26JUN010530,Target Price: $72.9191,2026-06-01 05:15:00-04:00,2026-06-01 05:30:00-04:00,72.8284,72.9191,no
KXHYPE15M-26JUN010515,Target Price: $71.9914,2026-06-01 05:00:00-04:00,2026-06-01 05:15:00-04:00,72.9191,71.9914,yes
KXHYPE15M-26JUN010500,Target Price: $72.1159,2026-06-01 04:45:00-04:00,2026-06-01 05:00:00-04:00,71.9914,72.1159,no
KXHYPE15M-26JUN010445,Target Price: $72.5962,2026-06-01 04:30:00-04:00,2026-06-01 04:45:00-04:00,72.1159,72.5962,no
KXHYPE15M-26JUN010430,Target Price: $72.6868,2026-06-01 04:15:00-04:00,2026-06-01 04:30:00-04:00,72.5962,72.6868,no
KXHYPE15M-26JUN010415,Target Price: $72.2552,2026-06-01 04:00:00-04:00,2026-06-01 04:15:00-04:00,72.6868,72.2552,yes
KXHYPE15M-26JUN010400,Target Price: $72.0932,2026-06-01 03:45:00-04:00,2026-06-01 04:00:00-04:00,72.2552,72.0932,yes
KXHYPE15M-26JUN010345,Target Price: $72.6299,2026-06-01 03:30:00-04:00,2026-06-01 03:45:00-04:00,72.0932,72.6299,no
KXHYPE15M-26JUN010330,Target Price: $73.2754,2026-06-01 03:15:00-04:00,2026-06-01 03:30:00-04:00,72.6299,73.2754,no
KXHYPE15M-26JUN010315,Target Price: $73.1478,2026-06-01 03:00:00-04:00,2026-06-01 03:15:00-04:00,73.2754,73.1478,yes
KXHYPE15M-26JUN010300,Target Price: $72.7984,2026-06-01 02:45:00-04:00,2026-06-01 03:00:00-04:00,73.1478,72.7984,yes
KXHYPE15M-26JUN010245,Target Price: $73.4014,2026-06-01 02:30:00-04:00,2026-06-01 02:45:00-04:00,72.7984,73.4014,no
KXHYPE15M-26JUN010230,Target Price: $73.2641,2026-06-01 02:15:00-04:00,2026-06-01 02:30:00-04:00,73.4014,73.2641,yes
KXHYPE15M-26JUN010215,Target Price: $73.2774,2026-06-01 02:00:00-04:00,2026-06-01 02:15:00-04:00,73.2641,73.2774,no
KXHYPE15M-26JUN010200,Target Price: $73.3552,2026-06-01 01:45:00-04:00,2026-06-01 02:00:00-04:00,73.2774,73.3552,no
KXHYPE15M-26JUN010145,Target Price: $73.2822,2026-06-01 01:30:00-04:00,2026-06-01 01:45:00-04:00,73.3552,73.2822,yes
KXHYPE15M-26JUN010130,Target Price: $73.1808,2026-06-01 01:15:00-04:00,2026-06-01 01:30:00-04:00,73.2822,73.1808,yes
KXHYPE15M-26JUN010115,Target Price: $73.1283,2026-06-01 01:00:00-04:00,2026-06-01 01:15:00-04:00,73.1808,73.1283,yes
KXHYPE15M-26JUN010100,Target Price: $73.2863,2026-06-01 00:45:00-04:00,2026-06-01 01:00:00-04:00,73.1283,73.2863,no
KXHYPE15M-26JUN010045,Target Price: $72.8239,2026-06-01 00:30:00-04:00,2026-06-01 00:45:00-04:00,73.2863,72.8239,yes
KXHYPE15M-26JUN010030,Target Price: $73.0126,2026-06-01 00:15:00-04:00,2026-06-01 00:30:00-04:00,72.8239,73.0126,no
KXHYPE15M-26JUN010015,Target Price: $73.2825,2026-06-01 00:00:00-04:00,2026-06-01 00:15:00-04:00,73.0126,73.2825,no
KXHYPE15M-26JUN010000,Target Price: $72.7641,2026-05-31 23:45:00-04:00,2026-06-01 00:00:00-04:00,73.2825,72.7641,yes
KXHYPE15M-26MAY312345,Target Price: $72.2942,2026-05-31 23:30:00-04:00,2026-05-31 23:45:00-04:00,72.7641,72.2942,yes
KXHYPE15M-26MAY312330,Target Price: $72.5922,2026-05-31 23:15:00-04:00,2026-05-31 23:30:00-04:00,72.2942,72.5922,no
KXHYPE15M-26MAY312315,Target Price: $72.0179,2026-05-31 23:00:00-04:00,2026-05-31 23:15:00-04:00,72.5922,72.0179,yes
KXHYPE15M-26MAY312300,Target Price: $72.3992,2026-05-31 22:45:00-04:00,2026-05-31 23:00:00-04:00,72.0179,72.3992,no
KXHYPE15M-26MAY312245,Target Price: $72.3674,2026-05-31 22:30:00-04:00,2026-05-31 22:45:00-04:00,72.3992,72.3674,yes
KXHYPE15M-26MAY312230,Target Price: $71.8538,2026-05-31 22:15:00-04:00,2026-05-31 22:30:00-04:00,72.3674,71.8538,yes
KXHYPE15M-26MAY312215,Target Price: $71.8437,2026-05-31 22:00:00-04:00,2026-05-31 22:15:00-04:00,71.8538,71.8437,yes
KXHYPE15M-26MAY312200,Target Price: $72.1510,2026-05-31 21:45:00-04:00,2026-05-31 22:00:00-04:00,71.8437,72.151,no
KXHYPE15M-26MAY312145,Target Price: $72.7991,2026-05-31 21:30:00-04:00,2026-05-31 21:45:00-04:00,72.1510,72.7991,no
KXHYPE15M-26MAY312130,Target Price: $72.6732,2026-05-31 21:15:00-04:00,2026-05-31 21:30:00-04:00,72.7991,72.6732,yes
KXHYPE15M-26MAY312115,Target Price: $73.2448,2026-05-31 21:00:00-04:00,2026-05-31 21:15:00-04:00,72.6732,73.2448,no
KXHYPE15M-26MAY312100,Target Price: $73.6003,2026-05-31 20:45:00-04:00,2026-05-31 21:00:00-04:00,73.2448,73.6003,no
KXHYPE15M-26MAY312045,Target Price: $72.7344,2026-05-31 20:30:00-04:00,2026-05-31 20:45:00-04:00,73.6003,72.7344,yes
KXHYPE15M-26MAY312030,Target Price: $72.3334,2026-05-31 20:15:00-04:00,2026-05-31 20:30:00-04:00,72.7344,72.3334,yes
KXHYPE15M-26MAY312015,Target Price: $71.9724,2026-05-31 20:00:00-04:00,2026-05-31 20:15:00-04:00,72.3334,71.9724,yes
KXHYPE15M-26MAY312000,Target Price: $71.8070,2026-05-31 19:45:00-04:00,2026-05-31 20:00:00-04:00,71.9724,71.807,yes
KXHYPE15M-26MAY311945,Target Price: $72.3707,2026-05-31 19:30:00-04:00,2026-05-31 19:45:00-04:00,71.8070,72.3707,no
KXHYPE15M-26MAY311930,Target Price: $72.3032,2026-05-31 19:15:00-04:00,2026-05-31 19:30:00-04:00,72.3707,72.3032,yes
KXHYPE15M-26MAY311915,Target Price: $72.5625,2026-05-31 19:00:00-04:00,2026-05-31 19:15:00-04:00,72.3032,72.5625,no
KXHYPE15M-26MAY311900,Target Price: $72.6748,2026-05-31 18:45:00-04:00,2026-05-31 19:00:00-04:00,72.5625,72.6748,no
KXHYPE15M-26MAY311845,Target Price: $72.2341,2026-05-31 18:30:00-04:00,2026-05-31 18:45:00-04:00,72.6748,72.2341,yes
KXHYPE15M-26MAY311830,Target Price: $71.7832,2026-05-31 18:15:00-04:00,2026-05-31 18:30:00-04:00,72.2341,71.7832,yes
KXHYPE15M-26MAY311815,Target Price: $71.3827,2026-05-31 18:00:00-04:00,2026-05-31 18:15:00-04:00,71.7832,71.3827,yes
KXHYPE15M-26MAY311800,Target Price: $71.3414,2026-05-31 17:45:00-04:00,2026-05-31 18:00:00-04:00,71.3827,71.3414,yes
KXHYPE15M-26MAY311745,Target Price: $70.8310,2026-05-31 17:30:00-04:00,2026-05-31 17:45:00-04:00,71.3414,70.831,yes
KXHYPE15M-26MAY311730,Target Price: $70.9482,2026-05-31 17:15:00-04:00,2026-05-31 17:30:00-04:00,70.8310,70.9482,no
KXHYPE15M-26MAY311715,Target Price: $70.0705,2026-05-31 17:00:00-04:00,2026-05-31 17:15:00-04:00,70.9482,70.0705,yes
KXHYPE15M-26MAY311700,Target Price: $69.5933,2026-05-31 16:45:00-04:00,2026-05-31 17:00:00-04:00,70.0705,69.5933,yes
KXHYPE15M-26MAY311645,Target Price: $69.1243,2026-05-31 16:30:00-04:00,2026-05-31 16:45:00-04:00,69.5933,69.1243,yes
KXHYPE15M-26MAY311630,Target Price: $69.0580,2026-05-31 16:15:00-04:00,2026-05-31 16:30:00-04:00,69.1243,69.058,yes
KXHYPE15M-26MAY311615,Target Price: $69.2054,2026-05-31 16:00:00-04:00,2026-05-31 16:15:00-04:00,69.0580,69.2054,no
KXHYPE15M-26MAY311600,Target Price: $68.9207,2026-05-31 15:45:00-04:00,2026-05-31 16:00:00-04:00,69.2054,68.9207,yes
KXHYPE15M-26MAY311545,Target Price: $68.7544,2026-05-31 15:30:00-04:00,2026-05-31 15:45:00-04:00,68.9207,68.7544,yes
KXHYPE15M-26MAY311530,Target Price: $68.8852,2026-05-31 15:15:00-04:00,2026-05-31 15:30:00-04:00,68.7544,68.8852,no
KXHYPE15M-26MAY311515,Target Price: $68.9179,2026-05-31 15:00:00-04:00,2026-05-31 15:15:00-04:00,68.8852,68.9179,no
KXHYPE15M-26MAY311500,Target Price: $68.8462,2026-05-31 14:45:00-04:00,2026-05-31 15:00:00-04:00,68.9179,68.8462,yes
KXHYPE15M-26MAY311445,Target Price: $68.7672,2026-05-31 14:30:00-04:00,2026-05-31 14:45:00-04:00,68.8462,68.7672,yes
KXHYPE15M-26MAY311430,Target Price: $68.8305,2026-05-31 14:15:00-04:00,2026-05-31 14:30:00-04:00,68.7672,68.8305,no
KXHYPE15M-26MAY311415,Target Price: $68.7694,2026-05-31 14:00:00-04:00,2026-05-31 14:15:00-04:00,68.8305,68.7694,yes
KXHYPE15M-26MAY311400,Target Price: $68.9532,2026-05-31 13:45:00-04:00,2026-05-31 14:00:00-04:00,68.7694,68.9532,no
KXHYPE15M-26MAY311345,Target Price: $68.5449,2026-05-31 13:30:00-04:00,2026-05-31 13:45:00-04:00,68.9532,68.5449,yes
KXHYPE15M-26MAY311330,Target Price: $68.0884,2026-05-31 13:15:00-04:00,2026-05-31 13:30:00-04:00,68.5449,68.0884,yes
KXHYPE15M-26MAY311315,Target Price: $67.8271,2026-05-31 13:00:00-04:00,2026-05-31 13:15:00-04:00,68.0884,67.8271,yes
KXHYPE15M-26MAY311300,Target Price: $67.8302,2026-05-31 12:45:00-04:00,2026-05-31 13:00:00-04:00,67.8271,67.8302,no
KXHYPE15M-26MAY311245,Target Price: $68.0829,2026-05-31 12:30:00-04:00,2026-05-31 12:45:00-04:00,67.8302,68.0829,no
KXHYPE15M-26MAY311230,Target Price: $68.3171,2026-05-31 12:15:00-04:00,2026-05-31 12:30:00-04:00,68.0829,68.3171,no
KXHYPE15M-26MAY311215,Target Price: $68.5860,2026-05-31 12:00:00-04:00,2026-05-31 12:15:00-04:00,68.3171,68.586,no
KXHYPE15M-26MAY311200,Target Price: $68.2297,2026-05-31 11:45:00-04:00,2026-05-31 12:00:00-04:00,68.5860,68.2297,yes
KXHYPE15M-26MAY311145,Target Price: $68.9651,2026-05-31 11:30:00-04:00,2026-05-31 11:45:00-04:00,68.2297,68.9651,no
KXHYPE15M-26MAY311130,Target Price: $68.6916,2026-05-31 11:15:00-04:00,2026-05-31 11:30:00-04:00,68.9651,68.6916,yes
KXHYPE15M-26MAY311115,Target Price: $68.1162,2026-05-31 11:00:00-04:00,2026-05-31 11:15:00-04:00,68.6916,68.1162,yes
KXHYPE15M-26MAY311100,Target Price: $68.1827,2026-05-31 10:45:00-04:00,2026-05-31 11:00:00-04:00,68.1162,68.1827,no
KXHYPE15M-26MAY311045,Target Price: $67.9236,2026-05-31 10:30:00-04:00,2026-05-31 10:45:00-04:00,68.1827,67.9236,yes
KXHYPE15M-26MAY311030,Target Price: $68.2698,2026-05-31 10:15:00-04:00,2026-05-31 10:30:00-04:00,67.9236,68.2698,no
KXHYPE15M-26MAY311015,Target Price: $67.9408,2026-05-31 10:00:00-04:00,2026-05-31 10:15:00-04:00,68.2698,67.9408,yes
KXHYPE15M-26MAY311000,Target Price: $68.0527,2026-05-31 09:45:00-04:00,2026-05-31 10:00:00-04:00,67.9408,68.0527,no
KXHYPE15M-26MAY310945,Target Price: $68.1507,2026-05-31 09:30:00-04:00,2026-05-31 09:45:00-04:00,68.0527,68.1507,no
KXHYPE15M-26MAY310930,Target Price: $68.0104,2026-05-31 09:15:00-04:00,2026-05-31 09:30:00-04:00,68.1507,68.0104,yes
KXHYPE15M-26MAY310915,Target Price: $67.9442,2026-05-31 09:00:00-04:00,2026-05-31 09:15:00-04:00,68.0104,67.9442,yes
KXHYPE15M-26MAY310900,Target Price: $68.2514,2026-05-31 08:45:00-04:00,2026-05-31 09:00:00-04:00,67.9442,68.2514,no
KXHYPE15M-26MAY310845,Target Price: $67.7971,2026-05-31 08:30:00-04:00,2026-05-31 08:45:00-04:00,68.2514,67.7971,yes
KXHYPE15M-26MAY310830,Target Price: $67.6903,2026-05-31 08:15:00-04:00,2026-05-31 08:30:00-04:00,67.7971,67.6903,yes
KXHYPE15M-26MAY310815,Target Price: $67.7164,2026-05-31 08:00:00-04:00,2026-05-31 08:15:00-04:00,67.6903,67.7164,no
KXHYPE15M-26MAY310800,Target Price: $67.4925,2026-05-31 07:45:00-04:00,2026-05-31 08:00:00-04:00,67.7164,67.4925,yes
KXHYPE15M-26MAY310745,Target Price: $67.5568,2026-05-31 07:30:00-04:00,2026-05-31 07:45:00-04:00,67.4925,67.5568,no
KXHYPE15M-26MAY310730,Target Price: $68.0228,2026-05-31 07:15:00-04:00,2026-05-31 07:30:00-04:00,67.5568,68.0228,no
KXHYPE15M-26MAY310715,Target Price: $68.2953,2026-05-31 07:00:00-04:00,2026-05-31 07:15:00-04:00,68.0228,68.2953,no
KXHYPE15M-26MAY310700,Target Price: $68.0123,2026-05-31 06:45:00-04:00,2026-05-31 07:00:00-04:00,68.2953,68.0123,yes
KXHYPE15M-26MAY310645,Target Price: $68.3993,2026-05-31 06:30:00-04:00,2026-05-31 06:45:00-04:00,68.0123,68.3993,no
KXHYPE15M-26MAY310630,Target Price: $68.4741,2026-05-31 06:15:00-04:00,2026-05-31 06:30:00-04:00,68.3993,68.4741,no
KXHYPE15M-26MAY310615,Target Price: $68.4347,2026-05-31 06:00:00-04:00,2026-05-31 06:15:00-04:00,68.4741,68.4347,yes
KXHYPE15M-26MAY310600,Target Price: $68.6402,2026-05-31 05:45:00-04:00,2026-05-31 06:00:00-04:00,68.4347,68.6402,no
KXHYPE15M-26MAY310545,Target Price: $68.3385,2026-05-31 05:30:00-04:00,2026-05-31 05:45:00-04:00,68.6402,68.3385,yes
KXHYPE15M-26MAY310530,Target Price: $68.6046,2026-05-31 05:15:00-04:00,2026-05-31 05:30:00-04:00,68.3385,68.6046,no
KXHYPE15M-26MAY310515,Target Price: $68.8439,2026-05-31 05:00:00-04:00,2026-05-31 05:15:00-04:00,68.6046,68.8439,no
KXHYPE15M-26MAY310500,Target Price: $69.0420,2026-05-31 04:45:00-04:00,2026-05-31 05:00:00-04:00,68.8439,69.042,no
KXHYPE15M-26MAY310445,Target Price: $69.2342,2026-05-31 04:30:00-04:00,2026-05-31 04:45:00-04:00,69.0420,69.2342,no
KXHYPE15M-26MAY310430,Target Price: $69.3738,2026-05-31 04:15:00-04:00,2026-05-31 04:30:00-04:00,69.2342,69.3738,no
KXHYPE15M-26MAY310415,Target Price: $69.2218,2026-05-31 04:00:00-04:00,2026-05-31 04:15:00-04:00,69.3738,69.2218,yes
KXHYPE15M-26MAY310400,Target Price: $69.4245,2026-05-31 03:45:00-04:00,2026-05-31 04:00:00-04:00,69.2218,69.4245,no
KXHYPE15M-26MAY310345,Target Price: $69.1990,2026-05-31 03:30:00-04:00,2026-05-31 03:45:00-04:00,69.4245,69.199,yes
KXHYPE15M-26MAY310330,Target Price: $69.0490,2026-05-31 03:15:00-04:00,2026-05-31 03:30:00-04:00,69.1990,69.049,yes
KXHYPE15M-26MAY310315,Target Price: $69.1795,2026-05-31 03:00:00-04:00,2026-05-31 03:15:00-04:00,69.0490,69.1795,no
KXHYPE15M-26MAY310300,Target Price: $69.0575,2026-05-31 02:45:00-04:00,2026-05-31 03:00:00-04:00,69.1795,69.0575,yes
KXHYPE15M-26MAY310245,Target Price: $69.7020,2026-05-31 02:30:00-04:00,2026-05-31 02:45:00-04:00,69.0575,69.702,no
KXHYPE15M-26MAY310230,Target Price: $69.5024,2026-05-31 02:15:00-04:00,2026-05-31 02:30:00-04:00,69.7020,69.5024,yes
KXHYPE15M-26MAY310215,Target Price: $69.4948,2026-05-31 02:00:00-04:00,2026-05-31 02:15:00-04:00,69.5024,69.4948,yes
KXHYPE15M-26MAY310200,Target Price: $69.3693,2026-05-31 01:45:00-04:00,2026-05-31 02:00:00-04:00,69.4948,69.3693,yes
KXHYPE15M-26MAY310145,Target Price: $69.3679,2026-05-31 01:30:00-04:00,2026-05-31 01:45:00-04:00,69.3693,69.3679,yes
KXHYPE15M-26MAY310130,Target Price: $69.6145,2026-05-31 01:15:00-04:00,2026-05-31 01:30:00-04:00,69.3679,69.6145,no
KXHYPE15M-26MAY310115,Target Price: $69.8048,2026-05-31 01:00:00-04:00,2026-05-31 01:15:00-04:00,69.6145,69.8048,no
KXHYPE15M-26MAY310100,Target Price: $69.5373,2026-05-31 00:45:00-04:00,2026-05-31 01:00:00-04:00,69.8048,69.5373,yes
KXHYPE15M-26MAY310045,Target Price: $69.2051,2026-05-31 00:30:00-04:00,2026-05-31 00:45:00-04:00,69.5373,69.2051,yes
KXHYPE15M-26MAY310030,Target Price: $68.5146,2026-05-31 00:15:00-04:00,2026-05-31 00:30:00-04:00,69.2051,68.5146,yes
KXHYPE15M-26MAY310015,Target Price: $68.7665,2026-05-31 00:00:00-04:00,2026-05-31 00:15:00-04:00,68.5146,68.7665,no
KXHYPE15M-26MAY310000,Target Price: $68.7124,2026-05-30 23:45:00-04:00,2026-05-31 00:00:00-04:00,68.7665,68.7124,yes
KXHYPE15M-26MAY302345,Target Price: $68.4639,2026-05-30 23:30:00-04:00,2026-05-30 23:45:00-04:00,68.7124,68.4639,yes
KXHYPE15M-26MAY302330,Target Price: $68.4749,2026-05-30 23:15:00-04:00,2026-05-30 23:30:00-04:00,68.4639,68.4749,no
KXHYPE15M-26MAY302315,Target Price: $68.5066,2026-05-30 23:00:00-04:00,2026-05-30 23:15:00-04:00,68.4749,68.5066,no
KXHYPE15M-26MAY302300,Target Price: $68.0320,2026-05-30 22:45:00-04:00,2026-05-30 23:00:00-04:00,68.5066,68.032,yes
KXHYPE15M-26MAY302245,Target Price: $68.2013,2026-05-30 22:30:00-04:00,2026-05-30 22:45:00-04:00,68.0320,68.2013,no
KXHYPE15M-26MAY302230,Target Price: $68.7793,2026-05-30 22:15:00-04:00,2026-05-30 22:30:00-04:00,68.2013,68.7793,no
KXHYPE15M-26MAY302215,Target Price: $69.1369,2026-05-30 22:00:00-04:00,2026-05-30 22:15:00-04:00,68.7793,69.1369,no
KXHYPE15M-26MAY302200,Target Price: $68.9670,2026-05-30 21:45:00-04:00,2026-05-30 22:00:00-04:00,69.1369,68.967,yes
KXHYPE15M-26MAY302145,Target Price: $69.2609,2026-05-30 21:30:00-04:00,2026-05-30 21:45:00-04:00,68.9670,69.2609,no
KXHYPE15M-26MAY302130,Target Price: $69.1435,2026-05-30 21:15:00-04:00,2026-05-30 21:30:00-04:00,69.2609,69.1435,yes
KXHYPE15M-26MAY302115,Target Price: $69.2925,2026-05-30 21:00:00-04:00,2026-05-30 21:15:00-04:00,69.1435,69.2925,no
KXHYPE15M-26MAY302100,Target Price: $68.4438,2026-05-30 20:45:00-04:00,2026-05-30 21:00:00-04:00,69.2925,68.4438,yes
KXHYPE15M-26MAY302045,Target Price: $68.6665,2026-05-30 20:30:00-04:00,2026-05-30 20:45:00-04:00,68.4438,68.6665,no
KXHYPE15M-26MAY302030,Target Price: $68.6517,2026-05-30 20:15:00-04:00,2026-05-30 20:30:00-04:00,68.6665,68.6517,yes
KXHYPE15M-26MAY302015,Target Price: $68.2099,2026-05-30 20:00:00-04:00,2026-05-30 20:15:00-04:00,68.6517,68.2099,yes
KXHYPE15M-26MAY302000,Target Price: $67.7467,2026-05-30 19:45:00-04:00,2026-05-30 20:00:00-04:00,68.2099,67.7467,yes
KXHYPE15M-26MAY301945,Target Price: $67.5437,2026-05-30 19:30:00-04:00,2026-05-30 19:45:00-04:00,67.7467,67.5437,yes
KXHYPE15M-26MAY301930,Target Price: $67.2276,2026-05-30 19:15:00-04:00,2026-05-30 19:30:00-04:00,67.5437,67.2276,yes
KXHYPE15M-26MAY301915,Target Price: $67.5428,2026-05-30 19:00:00-04:00,2026-05-30 19:15:00-04:00,67.2276,67.5428,no
KXHYPE15M-26MAY301900,Target Price: $67.3344,2026-05-30 18:45:00-04:00,2026-05-30 19:00:00-04:00,67.5428,67.3344,yes
KXHYPE15M-26MAY301845,Target Price: $67.5514,2026-05-30 18:30:00-04:00,2026-05-30 18:45:00-04:00,67.3344,67.5514,no
KXHYPE15M-26MAY301830,Target Price: $67.3360,2026-05-30 18:15:00-04:00,2026-05-30 18:30:00-04:00,67.5514,67.336,yes
KXHYPE15M-26MAY301815,Target Price: $67.4300,2026-05-30 18:00:00-04:00,2026-05-30 18:15:00-04:00,67.3360,67.43,no
KXHYPE15M-26MAY301800,Target Price: $67.5994,2026-05-30 17:45:00-04:00,2026-05-30 18:00:00-04:00,67.4300,67.5994,no
KXHYPE15M-26MAY301745,Target Price: $67.6587,2026-05-30 17:30:00-04:00,2026-05-30 17:45:00-04:00,67.5994,67.6587,no
KXHYPE15M-26MAY301730,Target Price: $67.7990,2026-05-30 17:15:00-04:00,2026-05-30 17:30:00-04:00,67.6587,67.799,no
KXHYPE15M-26MAY301715,Target Price: $67.2591,2026-05-30 17:00:00-04:00,2026-05-30 17:15:00-04:00,67.7990,67.2591,yes
KXHYPE15M-26MAY301700,Target Price: $67.2668,2026-05-30 16:45:00-04:00,2026-05-30 17:00:00-04:00,67.2591,67.2668,no
KXHYPE15M-26MAY301645,Target Price: $67.6416,2026-05-30 16:30:00-04:00,2026-05-30 16:45:00-04:00,67.2668,67.6416,no
KXHYPE15M-26MAY301630,Target Price: $68.0121,2026-05-30 16:15:00-04:00,2026-05-30 16:30:00-04:00,67.6416,68.0121,no
KXHYPE15M-26MAY301615,Target Price: $67.7141,2026-05-30 16:00:00-04:00,2026-05-30 16:15:00-04:00,68.0121,67.7141,yes
KXHYPE15M-26MAY301600,Target Price: $67.7044,2026-05-30 15:45:00-04:00,2026-05-30 16:00:00-04:00,67.7141,67.7044,yes
KXHYPE15M-26MAY301545,Target Price: $67.8150,2026-05-30 15:30:00-04:00,2026-05-30 15:45:00-04:00,67.7044,67.815,no
KXHYPE15M-26MAY301530,Target Price: $68.1374,2026-05-30 15:15:00-04:00,2026-05-30 15:30:00-04:00,67.8150,68.1374,no
KXHYPE15M-26MAY301515,Target Price: $68.1563,2026-05-30 15:00:00-04:00,2026-05-30 15:15:00-04:00,68.1374,68.1563,no
KXHYPE15M-26MAY301500,Target Price: $68.0875,2026-05-30 14:45:00-04:00,2026-05-30 15:00:00-04:00,68.1563,68.0875,yes
KXHYPE15M-26MAY301445,Target Price: $67.9762,2026-05-30 14:30:00-04:00,2026-05-30 14:45:00-04:00,68.0875,67.9762,yes
KXHYPE15M-26MAY301430,Target Price: $67.6268,2026-05-30 14:15:00-04:00,2026-05-30 14:30:00-04:00,67.9762,67.6268,yes
KXHYPE15M-26MAY301415,Target Price: $67.4713,2026-05-30 14:00:00-04:00,2026-05-30 14:15:00-04:00,67.6268,67.4713,yes
KXHYPE15M-26MAY301400,Target Price: $67.3034,2026-05-30 13:45:00-04:00,2026-05-30 14:00:00-04:00,67.4713,67.3034,yes
KXHYPE15M-26MAY301345,Target Price: $67.1149,2026-05-30 13:30:00-04:00,2026-05-30 13:45:00-04:00,67.3034,67.1149,yes
KXHYPE15M-26MAY301330,Target Price: $66.8795,2026-05-30 13:15:00-04:00,2026-05-30 13:30:00-04:00,67.1149,66.8795,yes
KXHYPE15M-26MAY301315,Target Price: $66.5210,2026-05-30 13:00:00-04:00,2026-05-30 13:15:00-04:00,66.8795,66.521,yes
KXHYPE15M-26MAY301300,Target Price: $66.4194,2026-05-30 12:45:00-04:00,2026-05-30 13:00:00-04:00,66.5210,66.4194,yes
KXHYPE15M-26MAY301245,Target Price: $66.8170,2026-05-30 12:30:00-04:00,2026-05-30 12:45:00-04:00,66.4194,66.817,no
KXHYPE15M-26MAY301230,Target Price: $66.8544,2026-05-30 12:15:00-04:00,2026-05-30 12:30:00-04:00,66.8170,66.8544,no
KXHYPE15M-26MAY301215,Target Price: $67.0553,2026-05-30 12:00:00-04:00,2026-05-30 12:15:00-04:00,66.8544,67.0553,no
KXHYPE15M-26MAY301200,Target Price: $67.3098,2026-05-30 11:45:00-04:00,2026-05-30 12:00:00-04:00,67.0553,67.3098,no
KXHYPE15M-26MAY301145,Target Price: $68.0288,2026-05-30 11:30:00-04:00,2026-05-30 11:45:00-04:00,67.3098,68.0288,no
KXHYPE15M-26MAY301130,Target Price: $68.3238,2026-05-30 11:15:00-04:00,2026-05-30 11:30:00-04:00,68.0288,68.3238,no
KXHYPE15M-26MAY301115,Target Price: $68.0011,2026-05-30 11:00:00-04:00,2026-05-30 11:15:00-04:00,68.3238,68.0011,yes
KXHYPE15M-26MAY301100,Target Price: $67.9775,2026-05-30 10:45:00-04:00,2026-05-30 11:00:00-04:00,68.0011,67.9775,yes
KXHYPE15M-26MAY301045,Target Price: $67.6070,2026-05-30 10:30:00-04:00,2026-05-30 10:45:00-04:00,67.9775,67.607,yes
KXHYPE15M-26MAY301030,Target Price: $67.5190,2026-05-30 10:15:00-04:00,2026-05-30 10:30:00-04:00,67.6070,67.519,yes
KXHYPE15M-26MAY301015,Target Price: $67.9752,2026-05-30 10:00:00-04:00,2026-05-30 10:15:00-04:00,67.5190,67.9752,no
KXHYPE15M-26MAY301000,Target Price: $67.7524,2026-05-30 09:45:00-04:00,2026-05-30 10:00:00-04:00,67.9752,67.7524,yes
KXHYPE15M-26MAY300945,Target Price: $67.8895,2026-05-30 09:30:00-04:00,2026-05-30 09:45:00-04:00,67.7524,67.8895,no
KXHYPE15M-26MAY300930,Target Price: $68.0521,2026-05-30 09:15:00-04:00,2026-05-30 09:30:00-04:00,67.8895,68.0521,no
KXHYPE15M-26MAY300915,Target Price: $68.3121,2026-05-30 09:00:00-04:00,2026-05-30 09:15:00-04:00,68.0521,68.3121,no
KXHYPE15M-26MAY300900,Target Price: $67.6708,2026-05-30 08:45:00-04:00,2026-05-30 09:00:00-04:00,68.3121,67.6708,yes
KXHYPE15M-26MAY300845,Target Price: $67.4135,2026-05-30 08:30:00-04:00,2026-05-30 08:45:00-04:00,67.6708,67.4135,yes
KXHYPE15M-26MAY300830,Target Price: $67.6223,2026-05-30 08:15:00-04:00,2026-05-30 08:30:00-04:00,67.4135,67.6223,no
KXHYPE15M-26MAY300815,Target Price: $67.8428,2026-05-30 08:00:00-04:00,2026-05-30 08:15:00-04:00,67.6223,67.8428,no
KXHYPE15M-26MAY300800,Target Price: $67.6339,2026-05-30 07:45:00-04:00,2026-05-30 08:00:00-04:00,67.8428,67.6339,yes
KXHYPE15M-26MAY300745,Target Price: $67.1627,2026-05-30 07:30:00-04:00,2026-05-30 07:45:00-04:00,67.6339,67.1627,yes
KXHYPE15M-26MAY300730,Target Price: $66.7598,2026-05-30 07:15:00-04:00,2026-05-30 07:30:00-04:00,67.1627,66.7598,yes
KXHYPE15M-26MAY300715,Target Price: $66.8327,2026-05-30 07:00:00-04:00,2026-05-30 07:15:00-04:00,66.7598,66.8327,no
KXHYPE15M-26MAY300700,Target Price: $66.6049,2026-05-30 06:45:00-04:00,2026-05-30 07:00:00-04:00,66.8327,66.6049,yes
KXHYPE15M-26MAY300645,Target Price: $66.5147,2026-05-30 06:30:00-04:00,2026-05-30 06:45:00-04:00,66.6049,66.5147,yes
KXHYPE15M-26MAY300630,Target Price: $66.3003,2026-05-30 06:15:00-04:00,2026-05-30 06:30:00-04:00,66.5147,66.3003,yes
KXHYPE15M-26MAY300615,Target Price: $66.1513,2026-05-30 06:00:00-04:00,2026-05-30 06:15:00-04:00,66.3003,66.1513,yes
KXHYPE15M-26MAY300600,Target Price: $66.2314,2026-05-30 05:45:00-04:00,2026-05-30 06:00:00-04:00,66.1513,66.2314,no
KXHYPE15M-26MAY300545,Target Price: $66.4631,2026-05-30 05:30:00-04:00,2026-05-30 05:45:00-04:00,66.2314,66.4631,no
KXHYPE15M-26MAY300530,Target Price: $66.3183,2026-05-30 05:15:00-04:00,2026-05-30 05:30:00-04:00,66.4631,66.3183,yes
KXHYPE15M-26MAY300515,Target Price: $66.1916,2026-05-30 05:00:00-04:00,2026-05-30 05:15:00-04:00,66.3183,66.1916,yes
KXHYPE15M-26MAY300500,Target Price: $66.0146,2026-05-30 04:45:00-04:00,2026-05-30 05:00:00-04:00,66.1916,66.0146,yes
KXHYPE15M-26MAY300445,Target Price: $65.9483,2026-05-30 04:30:00-04:00,2026-05-30 04:45:00-04:00,66.0146,65.9483,yes
KXHYPE15M-26MAY300430,Target Price: $65.9826,2026-05-30 04:15:00-04:00,2026-05-30 04:30:00-04:00,65.9483,65.9826,no
KXHYPE15M-26MAY300415,Target Price: $66.0495,2026-05-30 04:00:00-04:00,2026-05-30 04:15:00-04:00,65.9826,66.0495,no
KXHYPE15M-26MAY300400,Target Price: $65.7459,2026-05-30 03:45:00-04:00,2026-05-30 04:00:00-04:00,66.0495,65.7459,yes
KXHYPE15M-26MAY300345,Target Price: $66.2322,2026-05-30 03:30:00-04:00,2026-05-30 03:45:00-04:00,65.7459,66.2322,no
KXHYPE15M-26MAY300330,Target Price: $65.5451,2026-05-30 03:15:00-04:00,2026-05-30 03:30:00-04:00,66.2322,65.5451,yes
KXHYPE15M-26MAY300315,Target Price: $65.7126,2026-05-30 03:00:00-04:00,2026-05-30 03:15:00-04:00,65.5451,65.7126,no
KXHYPE15M-26MAY300300,Target Price: $65.6486,2026-05-30 02:45:00-04:00,2026-05-30 03:00:00-04:00,65.7126,65.6486,yes
KXHYPE15M-26MAY300245,Target Price: $65.4685,2026-05-30 02:30:00-04:00,2026-05-30 02:45:00-04:00,65.6486,65.4685,yes
KXHYPE15M-26MAY300230,Target Price: $65.6786,2026-05-30 02:15:00-04:00,2026-05-30 02:30:00-04:00,65.4685,65.6786,no
KXHYPE15M-26MAY300215,Target Price: $65.7290,2026-05-30 02:00:00-04:00,2026-05-30 02:15:00-04:00,65.6786,65.729,no
KXHYPE15M-26MAY300200,Target Price: $65.8910,2026-05-30 01:45:00-04:00,2026-05-30 02:00:00-04:00,65.7290,65.891,no
KXHYPE15M-26MAY300145,Target Price: $65.7239,2026-05-30 01:30:00-04:00,2026-05-30 01:45:00-04:00,65.8910,65.7239,yes
KXHYPE15M-26MAY300130,Target Price: $65.2795,2026-05-30 01:15:00-04:00,2026-05-30 01:30:00-04:00,65.7239,65.2795,yes
KXHYPE15M-26MAY300115,Target Price: $64.5905,2026-05-30 01:00:00-04:00,2026-05-30 01:15:00-04:00,65.2795,64.5905,yes
KXHYPE15M-26MAY300100,Target Price: $64.0883,2026-05-30 00:45:00-04:00,2026-05-30 01:00:00-04:00,64.5905,64.0883,yes
KXHYPE15M-26MAY300045,Target Price: $64.1264,2026-05-30 00:30:00-04:00,2026-05-30 00:45:00-04:00,64.0883,64.1264,no
KXHYPE15M-26MAY300030,Target Price: $65.0008,2026-05-30 00:15:00-04:00,2026-05-30 00:30:00-04:00,64.1264,65.0008,no
KXHYPE15M-26MAY300015,Target Price: $65.0831,2026-05-30 00:00:00-04:00,2026-05-30 00:15:00-04:00,65.0008,65.0831,no
KXHYPE15M-26MAY300000,Target Price: $65.0864,2026-05-29 23:45:00-04:00,2026-05-30 00:00:00-04:00,65.0831,65.0864,no
KXHYPE15M-26MAY292345,Target Price: $65.2248,2026-05-29 23:30:00-04:00,2026-05-29 23:45:00-04:00,65.0864,65.2248,no
KXHYPE15M-26MAY292330,Target Price: $65.2307,2026-05-29 23:15:00-04:00,2026-05-29 23:30:00-04:00,65.2248,65.2307,no
KXHYPE15M-26MAY292315,Target Price: $65.4247,2026-05-29 23:00:00-04:00,2026-05-29 23:15:00-04:00,65.2307,65.4247,no
KXHYPE15M-26MAY292300,Target Price: $65.2637,2026-05-29 22:45:00-04:00,2026-05-29 23:00:00-04:00,65.4247,65.2637,yes
KXHYPE15M-26MAY292245,Target Price: $65.6094,2026-05-29 22:30:00-04:00,2026-05-29 22:45:00-04:00,65.2637,65.6094,no
KXHYPE15M-26MAY292230,Target Price: $65.7765,2026-05-29 22:15:00-04:00,2026-05-29 22:30:00-04:00,65.6094,65.7765,no
KXHYPE15M-26MAY292215,Target Price: $65.5440,2026-05-29 22:00:00-04:00,2026-05-29 22:15:00-04:00,65.7765,65.544,yes
KXHYPE15M-26MAY292200,Target Price: $65.6462,2026-05-29 21:45:00-04:00,2026-05-29 22:00:00-04:00,65.5440,65.6462,no
KXHYPE15M-26MAY292145,Target Price: $65.3250,2026-05-29 21:30:00-04:00,2026-05-29 21:45:00-04:00,65.6462,65.325,yes
KXHYPE15M-26MAY292130,Target Price: $64.8451,2026-05-29 21:15:00-04:00,2026-05-29 21:30:00-04:00,65.3250,64.8451,yes
KXHYPE15M-26MAY292115,Target Price: $65.0105,2026-05-29 21:00:00-04:00,2026-05-29 21:15:00-04:00,64.8451,65.0105,no
KXHYPE15M-26MAY292100,Target Price: $64.9702,2026-05-29 20:45:00-04:00,2026-05-29 21:00:00-04:00,65.0105,64.9702,yes
KXHYPE15M-26MAY292045,Target Price: $64.6514,2026-05-29 20:30:00-04:00,2026-05-29 20:45:00-04:00,64.9702,64.6514,yes
KXHYPE15M-26MAY292030,Target Price: $64.3428,2026-05-29 20:15:00-04:00,2026-05-29 20:30:00-04:00,64.6514,64.3428,yes
KXHYPE15M-26MAY292015,Target Price: $64.3492,2026-05-29 20:00:00-04:00,2026-05-29 20:15:00-04:00,64.3428,64.3492,no
KXHYPE15M-26MAY292000,Target Price: $64.3736,2026-05-29 19:45:00-04:00,2026-05-29 20:00:00-04:00,64.3492,64.3736,no
KXHYPE15M-26MAY291945,Target Price: $64.2443,2026-05-29 19:30:00-04:00,2026-05-29 19:45:00-04:00,64.3736,64.2443,yes
KXHYPE15M-26MAY291930,Target Price: $64.1777,2026-05-29 19:15:00-04:00,2026-05-29 19:30:00-04:00,64.2443,64.1777,yes
KXHYPE15M-26MAY291915,Target Price: $64.3448,2026-05-29 19:00:00-04:00,2026-05-29 19:15:00-04:00,64.1777,64.3448,no
KXHYPE15M-26MAY291900,Target Price: $64.6015,2026-05-29 18:45:00-04:00,2026-05-29 19:00:00-04:00,64.3448,64.6015,no
KXHYPE15M-26MAY291845,Target Price: $64.5415,2026-05-29 18:30:00-04:00,2026-05-29 18:45:00-04:00,64.6015,64.5415,yes
KXHYPE15M-26MAY291830,Target Price: $64.7388,2026-05-29 18:15:00-04:00,2026-05-29 18:30:00-04:00,64.5415,64.7388,no
KXHYPE15M-26MAY291815,Target Price: $64.6080,2026-05-29 18:00:00-04:00,2026-05-29 18:15:00-04:00,64.7388,64.608,yes
KXHYPE15M-26MAY291800,Target Price: $64.5169,2026-05-29 17:45:00-04:00,2026-05-29 18:00:00-04:00,64.6080,64.5169,yes
KXHYPE15M-26MAY291745,Target Price: $64.6322,2026-05-29 17:30:00-04:00,2026-05-29 17:45:00-04:00,64.5169,64.6322,no
KXHYPE15M-26MAY291730,Target Price: $65.6830,2026-05-29 17:15:00-04:00,2026-05-29 17:30:00-04:00,64.6322,65.683,no
KXHYPE15M-26MAY291715,Target Price: $65.4037,2026-05-29 17:00:00-04:00,2026-05-29 17:15:00-04:00,65.6830,65.4037,yes
KXHYPE15M-26MAY291700,Target Price: $65.7623,2026-05-29 16:45:00-04:00,2026-05-29 17:00:00-04:00,65.4037,65.7623,no
KXHYPE15M-26MAY291645,Target Price: $65.7543,2026-05-29 16:30:00-04:00,2026-05-29 16:45:00-04:00,65.7623,65.7543,yes
KXHYPE15M-26MAY291630,Target Price: $65.6927,2026-05-29 16:15:00-04:00,2026-05-29 16:30:00-04:00,65.7543,65.6927,yes
KXHYPE15M-26MAY291615,Target Price: $66.1969,2026-05-29 16:00:00-04:00,2026-05-29 16:15:00-04:00,65.6927,66.1969,no
KXHYPE15M-26MAY291600,Target Price: $65.9625,2026-05-29 15:45:00-04:00,2026-05-29 16:00:00-04:00,66.1969,65.9625,yes
KXHYPE15M-26MAY291545,Target Price: $65.7424,2026-05-29 15:30:00-04:00,2026-05-29 15:45:00-04:00,65.9625,65.7424,yes
KXHYPE15M-26MAY291530,Target Price: $65.1694,2026-05-29 15:15:00-04:00,2026-05-29 15:30:00-04:00,65.7424,65.1694,yes
KXHYPE15M-26MAY291515,Target Price: $64.9377,2026-05-29 15:00:00-04:00,2026-05-29 15:15:00-04:00,65.1694,64.9377,yes
KXHYPE15M-26MAY291500,Target Price: $65.9492,2026-05-29 14:45:00-04:00,2026-05-29 15:00:00-04:00,64.9377,65.9492,no
KXHYPE15M-26MAY291445,Target Price: $66.0138,2026-05-29 14:30:00-04:00,2026-05-29 14:45:00-04:00,65.9492,66.0138,no
KXHYPE15M-26MAY291430,Target Price: $65.7897,2026-05-29 14:15:00-04:00,2026-05-29 14:30:00-04:00,66.0138,65.7897,yes
KXHYPE15M-26MAY291415,Target Price: $66.2933,2026-05-29 14:00:00-04:00,2026-05-29 14:15:00-04:00,65.7897,66.2933,no
KXHYPE15M-26MAY291400,Target Price: $66.5579,2026-05-29 13:45:00-04:00,2026-05-29 14:00:00-04:00,66.2933,66.5579,no
KXHYPE15M-26MAY291345,Target Price: $67.1456,2026-05-29 13:30:00-04:00,2026-05-29 13:45:00-04:00,66.5579,67.1456,no
KXHYPE15M-26MAY291330,Target Price: $67.0352,2026-05-29 13:15:00-04:00,2026-05-29 13:30:00-04:00,67.1456,67.0352,yes
KXHYPE15M-26MAY291315,Target Price: $66.7091,2026-05-29 13:00:00-04:00,2026-05-29 13:15:00-04:00,67.0352,66.7091,yes
KXHYPE15M-26MAY291300,Target Price: $66.7938,2026-05-29 12:45:00-04:00,2026-05-29 13:00:00-04:00,66.7091,66.7938,no
KXHYPE15M-26MAY291245,Target Price: $65.6309,2026-05-29 12:30:00-04:00,2026-05-29 12:45:00-04:00,66.7938,65.6309,yes
KXHYPE15M-26MAY291230,Target Price: $65.8864,2026-05-29 12:15:00-04:00,2026-05-29 12:30:00-04:00,65.6309,65.8864,no
KXHYPE15M-26MAY291215,Target Price: $65.5549,2026-05-29 12:00:00-04:00,2026-05-29 12:15:00-04:00,65.8864,65.5549,yes
KXHYPE15M-26MAY291200,Target Price: $65.1704,2026-05-29 11:45:00-04:00,2026-05-29 12:00:00-04:00,65.5549,65.1704,yes
KXHYPE15M-26MAY291145,Target Price: $65.4887,2026-05-29 11:30:00-04:00,2026-05-29 11:45:00-04:00,65.1704,65.4887,no
KXHYPE15M-26MAY291130,Target Price: $64.8911,2026-05-29 11:15:00-04:00,2026-05-29 11:30:00-04:00,65.4887,64.8911,yes
KXHYPE15M-26MAY291115,Target Price: $63.3737,2026-05-29 11:00:00-04:00,2026-05-29 11:15:00-04:00,64.8911,63.3737,yes
KXHYPE15M-26MAY291100,Target Price: $61.8565,2026-05-29 10:45:00-04:00,2026-05-29 11:00:00-04:00,63.3737,61.8565,yes
KXHYPE15M-26MAY291045,Target Price: $63.0726,2026-05-29 10:30:00-04:00,2026-05-29 10:45:00-04:00,61.8565,63.0726,no
KXHYPE15M-26MAY291030,Target Price: $62.9819,2026-05-29 10:15:00-04:00,2026-05-29 10:30:00-04:00,63.0726,62.9819,yes
KXHYPE15M-26MAY291015,Target Price: $62.7451,2026-05-29 10:00:00-04:00,2026-05-29 10:15:00-04:00,62.9819,62.7451,yes
KXHYPE15M-26MAY291000,Target Price: $62.3068,2026-05-29 09:45:00-04:00,2026-05-29 10:00:00-04:00,62.7451,62.3068,yes
KXHYPE15M-26MAY290945,Target Price: $61.7940,2026-05-29 09:30:00-04:00,2026-05-29 09:45:00-04:00,62.3068,61.794,yes
KXHYPE15M-26MAY290930,Target Price: $61.8980,2026-05-29 09:15:00-04:00,2026-05-29 09:30:00-04:00,61.7940,61.898,no
KXHYPE15M-26MAY290915,Target Price: $61.9435,2026-05-29 09:00:00-04:00,2026-05-29 09:15:00-04:00,61.8980,61.9435,no
KXHYPE15M-26MAY290900,Target Price: $61.6115,2026-05-29 08:45:00-04:00,2026-05-29 09:00:00-04:00,61.9435,61.6115,yes
KXHYPE15M-26MAY290845,Target Price: $61.5836,2026-05-29 08:30:00-04:00,2026-05-29 08:45:00-04:00,61.6115,61.5836,yes
KXHYPE15M-26MAY290830,Target Price: $61.8754,2026-05-29 08:15:00-04:00,2026-05-29 08:30:00-04:00,61.5836,61.8754,no
KXHYPE15M-26MAY290815,Target Price: $62.0778,2026-05-29 08:00:00-04:00,2026-05-29 08:15:00-04:00,61.8754,62.0778,no
KXHYPE15M-26MAY290800,Target Price: $62.1006,2026-05-29 07:45:00-04:00,2026-05-29 08:00:00-04:00,62.0778,62.1006,no
KXHYPE15M-26MAY290745,Target Price: $62.3079,2026-05-29 07:30:00-04:00,2026-05-29 07:45:00-04:00,62.1006,62.3079,no
KXHYPE15M-26MAY290730,Target Price: $62.2675,2026-05-29 07:15:00-04:00,2026-05-29 07:30:00-04:00,62.3079,62.2675,yes
KXHYPE15M-26MAY290715,Target Price: $62.1174,2026-05-29 07:00:00-04:00,2026-05-29 07:15:00-04:00,62.2675,62.1174,yes
KXHYPE15M-26MAY290700,Target Price: $62.5088,2026-05-29 06:45:00-04:00,2026-05-29 07:00:00-04:00,62.1174,62.5088,no
KXHYPE15M-26MAY290645,Target Price: $62.4207,2026-05-29 06:30:00-04:00,2026-05-29 06:45:00-04:00,62.5088,62.4207,yes
KXHYPE15M-26MAY290630,Target Price: $62.3920,2026-05-29 06:15:00-04:00,2026-05-29 06:30:00-04:00,62.4207,62.392,yes
KXHYPE15M-26MAY290615,Target Price: $62.7021,2026-05-29 06:00:00-04:00,2026-05-29 06:15:00-04:00,62.3920,62.7021,no
KXHYPE15M-26MAY290600,Target Price: $62.9872,2026-05-29 05:45:00-04:00,2026-05-29 06:00:00-04:00,62.7021,62.9872,no
KXHYPE15M-26MAY290545,Target Price: $63.2337,2026-05-29 05:30:00-04:00,2026-05-29 05:45:00-04:00,62.9872,63.2337,no
KXHYPE15M-26MAY290530,Target Price: $62.8280,2026-05-29 05:15:00-04:00,2026-05-29 05:30:00-04:00,63.2337,62.828,yes
KXHYPE15M-26MAY290515,Target Price: $62.7966,2026-05-29 05:00:00-04:00,2026-05-29 05:15:00-04:00,62.8280,62.7966,yes
KXHYPE15M-26MAY290500,Target Price: $62.8322,2026-05-29 04:45:00-04:00,2026-05-29 05:00:00-04:00,62.7966,62.8322,no
KXHYPE15M-26MAY290445,Target Price: $62.9849,2026-05-29 04:30:00-04:00,2026-05-29 04:45:00-04:00,62.8322,62.9849,no
KXHYPE15M-26MAY290430,Target Price: $62.9135,2026-05-29 04:15:00-04:00,2026-05-29 04:30:00-04:00,62.9849,62.9135,yes
KXHYPE15M-26MAY290415,Target Price: $62.7362,2026-05-29 04:00:00-04:00,2026-05-29 04:15:00-04:00,62.9135,62.7362,yes
KXHYPE15M-26MAY290400,Target Price: $62.1657,2026-05-29 03:45:00-04:00,2026-05-29 04:00:00-04:00,62.7362,62.1657,yes
KXHYPE15M-26MAY290345,Target Price: $62.4534,2026-05-29 03:30:00-04:00,2026-05-29 03:45:00-04:00,62.1657,62.4534,no
KXHYPE15M-26MAY290330,Target Price: $62.2257,2026-05-29 03:15:00-04:00,2026-05-29 03:30:00-04:00,62.4534,62.2257,yes
KXHYPE15M-26MAY290315,Target Price: $61.9437,2026-05-29 03:00:00-04:00,2026-05-29 03:15:00-04:00,62.2257,61.9437,yes
KXHYPE15M-26MAY290300,Target Price: $61.8903,2026-05-29 02:45:00-04:00,2026-05-29 03:00:00-04:00,61.9437,61.8903,yes
KXHYPE15M-26MAY290245,Target Price: $61.5178,2026-05-29 02:30:00-04:00,2026-05-29 02:45:00-04:00,61.8903,61.5178,yes
KXHYPE15M-26MAY290230,Target Price: $61.3607,2026-05-29 02:15:00-04:00,2026-05-29 02:30:00-04:00,61.5178,61.3607,yes
KXHYPE15M-26MAY290215,Target Price: $61.3367,2026-05-29 02:00:00-04:00,2026-05-29 02:15:00-04:00,61.3607,61.3367,yes
KXHYPE15M-26MAY290200,Target Price: $61.4518,2026-05-29 01:45:00-04:00,2026-05-29 02:00:00-04:00,61.3367,61.4518,no
KXHYPE15M-26MAY290145,Target Price: $61.5293,2026-05-29 01:30:00-04:00,2026-05-29 01:45:00-04:00,61.4518,61.5293,no
KXHYPE15M-26MAY290130,Target Price: $61.8568,2026-05-29 01:15:00-04:00,2026-05-29 01:30:00-04:00,61.5293,61.8568,no
KXHYPE15M-26MAY290115,Target Price: $61.6403,2026-05-29 01:00:00-04:00,2026-05-29 01:15:00-04:00,61.8568,61.6403,yes
KXHYPE15M-26MAY290100,Target Price: $61.1851,2026-05-29 00:45:00-04:00,2026-05-29 01:00:00-04:00,61.6403,61.1851,yes
KXHYPE15M-26MAY290045,Target Price: $61.2200,2026-05-29 00:30:00-04:00,2026-05-29 00:45:00-04:00,61.1851,61.22,no
KXHYPE15M-26MAY290030,Target Price: $60.8430,2026-05-29 00:15:00-04:00,2026-05-29 00:30:00-04:00,61.2200,60.843,yes
KXHYPE15M-26MAY290015,Target Price: $61.3000,2026-05-29 00:00:00-04:00,2026-05-29 00:15:00-04:00,60.8430,61.3,no
KXHYPE15M-26MAY290000,Target Price: $61.4088,2026-05-28 23:45:00-04:00,2026-05-29 00:00:00-04:00,61.3000,61.4088,no
KXHYPE15M-26MAY282345,Target Price: $61.7530,2026-05-28 23:30:00-04:00,2026-05-28 23:45:00-04:00,61.4088,61.753,no
KXHYPE15M-26MAY282330,Target Price: $61.8024,2026-05-28 23:15:00-04:00,2026-05-28 23:30:00-04:00,61.7530,61.8024,no
KXHYPE15M-26MAY282315,Target Price: $60.3766,2026-05-28 23:00:00-04:00,2026-05-28 23:15:00-04:00,61.8024,60.3766,yes
KXHYPE15M-26MAY282300,Target Price: $60.5964,2026-05-28 22:45:00-04:00,2026-05-28 23:00:00-04:00,60.3766,60.5964,no
KXHYPE15M-26MAY282245,Target Price: $60.7240,2026-05-28 22:30:00-04:00,2026-05-28 22:45:00-04:00,60.5964,60.724,no
KXHYPE15M-26MAY282230,Target Price: $61.6672,2026-05-28 22:15:00-04:00,2026-05-28 22:30:00-04:00,60.7240,61.6672,no
KXHYPE15M-26MAY282215,Target Price: $61.8773,2026-05-28 22:00:00-04:00,2026-05-28 22:15:00-04:00,61.6672,61.8773,no
KXHYPE15M-26MAY282200,Target Price: $61.6391,2026-05-28 21:45:00-04:00,2026-05-28 22:00:00-04:00,61.8773,61.6391,yes
KXHYPE15M-26MAY282145,Target Price: $61.4064,2026-05-28 21:30:00-04:00,2026-05-28 21:45:00-04:00,61.6391,61.4064,yes
KXHYPE15M-26MAY282130,Target Price: $62.0418,2026-05-28 21:15:00-04:00,2026-05-28 21:30:00-04:00,61.4064,62.0418,no
KXHYPE15M-26MAY282115,Target Price: $62.0802,2026-05-28 21:00:00-04:00,2026-05-28 21:15:00-04:00,62.0418,62.0802,no
KXHYPE15M-26MAY282100,Target Price: $61.8028,2026-05-28 20:45:00-04:00,2026-05-28 21:00:00-04:00,62.0802,61.8028,yes
KXHYPE15M-26MAY282045,Target Price: $62.3265,2026-05-28 20:30:00-04:00,2026-05-28 20:45:00-04:00,61.8028,62.3265,no
KXHYPE15M-26MAY282030,Target Price: $61.4314,2026-05-28 20:15:00-04:00,2026-05-28 20:30:00-04:00,62.3265,61.4314,yes
KXHYPE15M-26MAY282015,Target Price: $61.5742,2026-05-28 20:00:00-04:00,2026-05-28 20:15:00-04:00,61.4314,61.5742,no
KXHYPE15M-26MAY282000,Target Price: $61.7294,2026-05-28 19:45:00-04:00,2026-05-28 20:00:00-04:00,61.5742,61.7294,no
KXHYPE15M-26MAY281945,Target Price: $61.8720,2026-05-28 19:30:00-04:00,2026-05-28 19:45:00-04:00,61.7294,61.872,no
KXHYPE15M-26MAY281930,Target Price: $61.8961,2026-05-28 19:15:00-04:00,2026-05-28 19:30:00-04:00,61.8720,61.8961,no
KXHYPE15M-26MAY281915,Target Price: $61.5935,2026-05-28 19:00:00-04:00,2026-05-28 19:15:00-04:00,61.8961,61.5935,yes
KXHYPE15M-26MAY281900,Target Price: $61.2076,2026-05-28 18:45:00-04:00,2026-05-28 19:00:00-04:00,61.5935,61.2076,yes
KXHYPE15M-26MAY281845,Target Price: $61.1111,2026-05-28 18:30:00-04:00,2026-05-28 18:45:00-04:00,61.2076,61.1111,yes
KXHYPE15M-26MAY281830,Target Price: $61.5408,2026-05-28 18:15:00-04:00,2026-05-28 18:30:00-04:00,61.1111,61.5408,no
KXHYPE15M-26MAY281815,Target Price: $61.8274,2026-05-28 18:00:00-04:00,2026-05-28 18:15:00-04:00,61.5408,61.8274,no
KXHYPE15M-26MAY281800,Target Price: $61.9644,2026-05-28 17:45:00-04:00,2026-05-28 18:00:00-04:00,61.8274,61.9644,no
KXHYPE15M-26MAY281745,Target Price: $61.5420,2026-05-28 17:30:00-04:00,2026-05-28 17:45:00-04:00,61.9644,61.542,yes
KXHYPE15M-26MAY281730,Target Price: $61.1667,2026-05-28 17:15:00-04:00,2026-05-28 17:30:00-04:00,61.5420,61.1667,yes
KXHYPE15M-26MAY281715,Target Price: $60.7127,2026-05-28 17:00:00-04:00,2026-05-28 17:15:00-04:00,61.1667,60.7127,yes
KXHYPE15M-26MAY281700,Target Price: $61.1293,2026-05-28 16:45:00-04:00,2026-05-28 17:00:00-04:00,60.7127,61.1293,no
KXHYPE15M-26MAY281645,Target Price: $60.8638,2026-05-28 16:30:00-04:00,2026-05-28 16:45:00-04:00,61.1293,60.8638,yes
KXHYPE15M-26MAY281630,Target Price: $60.3926,2026-05-28 16:15:00-04:00,2026-05-28 16:30:00-04:00,60.8638,60.3926,yes
KXHYPE15M-26MAY281615,Target Price: $60.9226,2026-05-28 16:00:00-04:00,2026-05-28 16:15:00-04:00,60.3926,60.9226,no
KXHYPE15M-26MAY281600,Target Price: $60.3434,2026-05-28 15:45:00-04:00,2026-05-28 16:00:00-04:00,60.9226,60.3434,yes
KXHYPE15M-26MAY281545,Target Price: $60.5776,2026-05-28 15:30:00-04:00,2026-05-28 15:45:00-04:00,60.3434,60.5776,no
KXHYPE15M-26MAY281530,Target Price: $60.0381,2026-05-28 15:15:00-04:00,2026-05-28 15:30:00-04:00,60.5776,60.0381,yes
KXHYPE15M-26MAY281515,Target Price: $60.6622,2026-05-28 15:00:00-04:00,2026-05-28 15:15:00-04:00,60.0381,60.6622,no
KXHYPE15M-26MAY281500,Target Price: $60.4195,2026-05-28 14:45:00-04:00,2026-05-28 15:00:00-04:00,60.6622,60.4195,yes
KXHYPE15M-26MAY281445,Target Price: $60.3455,2026-05-28 14:30:00-04:00,2026-05-28 14:45:00-04:00,60.4195,60.3455,yes
KXHYPE15M-26MAY281430,Target Price: $60.2340,2026-05-28 14:15:00-04:00,2026-05-28 14:30:00-04:00,60.3455,60.234,yes
KXHYPE15M-26MAY281415,Target Price: $59.3558,2026-05-28 14:00:00-04:00,2026-05-28 14:15:00-04:00,60.2340,59.3558,yes
KXHYPE15M-26MAY281400,Target Price: $59.5356,2026-05-28 13:45:00-04:00,2026-05-28 14:00:00-04:00,59.3558,59.5356,no
KXHYPE15M-26MAY281345,Target Price: $58.9913,2026-05-28 13:30:00-04:00,2026-05-28 13:45:00-04:00,59.5356,58.9913,yes
KXHYPE15M-26MAY281330,Target Price: $59.2218,2026-05-28 13:15:00-04:00,2026-05-28 13:30:00-04:00,58.9913,59.2218,no
KXHYPE15M-26MAY281315,Target Price: $59.1832,2026-05-28 13:00:00-04:00,2026-05-28 13:15:00-04:00,59.2218,59.1832,yes
KXHYPE15M-26MAY281300,Target Price: $59.0357,2026-05-28 12:45:00-04:00,2026-05-28 13:00:00-04:00,59.1832,59.0357,yes
KXHYPE15M-26MAY281245,Target Price: $58.4874,2026-05-28 12:30:00-04:00,2026-05-28 12:45:00-04:00,59.0357,58.4874,yes
KXHYPE15M-26MAY281230,Target Price: $57.8089,2026-05-28 12:15:00-04:00,2026-05-28 12:30:00-04:00,58.4874,57.8089,yes
KXHYPE15M-26MAY281215,Target Price: $57.5742,2026-05-28 12:00:00-04:00,2026-05-28 12:15:00-04:00,57.8089,57.5742,yes
KXHYPE15M-26MAY281200,Target Price: $57.7953,2026-05-28 11:45:00-04:00,2026-05-28 12:00:00-04:00,57.5742,57.7953,no
KXHYPE15M-26MAY281145,Target Price: $57.7683,2026-05-28 11:30:00-04:00,2026-05-28 11:45:00-04:00,57.7953,57.7683,yes
KXHYPE15M-26MAY281130,Target Price: $57.5288,2026-05-28 11:15:00-04:00,2026-05-28 11:30:00-04:00,57.7683,57.5288,yes
KXHYPE15M-26MAY281115,Target Price: $57.3423,2026-05-28 11:00:00-04:00,2026-05-28 11:15:00-04:00,57.5288,57.3423,yes
KXHYPE15M-26MAY281100,Target Price: $56.9349,2026-05-28 10:45:00-04:00,2026-05-28 11:00:00-04:00,57.3423,56.9349,yes
KXHYPE15M-26MAY281045,Target Price: $57.3447,2026-05-28 10:30:00-04:00,2026-05-28 10:45:00-04:00,56.9349,57.3447,no
KXHYPE15M-26MAY281030,Target Price: $58.1524,2026-05-28 10:15:00-04:00,2026-05-28 10:30:00-04:00,57.3447,58.1524,no
KXHYPE15M-26MAY281015,Target Price: $57.2390,2026-05-28 10:00:00-04:00,2026-05-28 10:15:00-04:00,58.1524,57.239,yes
KXHYPE15M-26MAY281000,Target Price: $56.6979,2026-05-28 09:45:00-04:00,2026-05-28 10:00:00-04:00,57.2390,56.6979,yes
KXHYPE15M-26MAY280945,Target Price: $56.8289,2026-05-28 09:30:00-04:00,2026-05-28 09:45:00-04:00,56.6979,56.8289,no
KXHYPE15M-26MAY280930,Target Price: $56.6453,2026-05-28 09:15:00-04:00,2026-05-28 09:30:00-04:00,56.8289,56.6453,yes
KXHYPE15M-26MAY280915,Target Price: $57.1835,2026-05-28 09:00:00-04:00,2026-05-28 09:15:00-04:00,56.6453,57.1835,no
KXHYPE15M-26MAY280900,Target Price: $56.9409,2026-05-28 08:45:00-04:00,2026-05-28 09:00:00-04:00,57.1835,56.9409,yes
KXHYPE15M-26MAY280845,Target Price: $56.3660,2026-05-28 08:30:00-04:00,2026-05-28 08:45:00-04:00,56.9409,56.366,yes
KXHYPE15M-26MAY280830,Target Price: $56.6372,2026-05-28 08:15:00-04:00,2026-05-28 08:30:00-04:00,56.3660,56.6372,no
KXHYPE15M-26MAY280815,Target Price: $56.9969,2026-05-28 08:00:00-04:00,2026-05-28 08:15:00-04:00,56.6372,56.9969,no
KXHYPE15M-26MAY280800,Target Price: $56.7839,2026-05-28 07:45:00-04:00,2026-05-28 08:00:00-04:00,56.9969,56.7839,yes
KXHYPE15M-26MAY280745,Target Price: $56.6537,2026-05-28 07:30:00-04:00,2026-05-28 07:45:00-04:00,56.7839,56.6537,yes
KXHYPE15M-26MAY280730,Target Price: $56.8556,2026-05-28 07:15:00-04:00,2026-05-28 07:30:00-04:00,56.6537,56.8556,no
KXHYPE15M-26MAY280715,Target Price: $56.6466,2026-05-28 07:00:00-04:00,2026-05-28 07:15:00-04:00,56.8556,56.6466,yes
KXHYPE15M-26MAY280700,Target Price: $56.8695,2026-05-28 06:45:00-04:00,2026-05-28 07:00:00-04:00,56.6466,56.8695,no
KXHYPE15M-26MAY280645,Target Price: $56.9561,2026-05-28 06:30:00-04:00,2026-05-28 06:45:00-04:00,56.8695,56.9561,no
KXHYPE15M-26MAY280630,Target Price: $57.1748,2026-05-28 06:15:00-04:00,2026-05-28 06:30:00-04:00,56.9561,57.1748,no
KXHYPE15M-26MAY280615,Target Price: $57.4016,2026-05-28 06:00:00-04:00,2026-05-28 06:15:00-04:00,57.1748,57.4016,no
KXHYPE15M-26MAY280600,Target Price: $57.2508,2026-05-28 05:45:00-04:00,2026-05-28 06:00:00-04:00,57.4016,57.2508,yes
KXHYPE15M-26MAY280545,Target Price: $57.0015,2026-05-28 05:30:00-04:00,2026-05-28 05:45:00-04:00,57.2508,57.0015,yes
KXHYPE15M-26MAY280530,Target Price: $56.8623,2026-05-28 05:15:00-04:00,2026-05-28 05:30:00-04:00,57.0015,56.8623,yes
KXHYPE15M-26MAY280515,Target Price: $56.7007,2026-05-28 05:00:00-04:00,2026-05-28 05:15:00-04:00,56.8623,56.7007,yes
KXHYPE15M-26MAY280200,Target Price: $57.2578,2026-05-28 01:45:00-04:00,2026-05-28 02:00:00-04:00,57.0147,57.2578,no
KXHYPE15M-26MAY280145,Target Price: $57.0643,2026-05-28 01:30:00-04:00,2026-05-28 01:45:00-04:00,57.2578,57.0643,yes
KXHYPE15M-26MAY280130,Target Price: $57.1535,2026-05-28 01:15:00-04:00,2026-05-28 01:30:00-04:00,57.0643,57.1535,no
KXHYPE15M-26MAY280115,Target Price: $57.3707,2026-05-28 01:00:00-04:00,2026-05-28 01:15:00-04:00,57.1535,57.3707,no
KXHYPE15M-26MAY280100,Target Price: $57.3753,2026-05-28 00:45:00-04:00,2026-05-28 01:00:00-04:00,57.3707,57.3753,no
KXHYPE15M-26MAY280045,Target Price: $57.1398,2026-05-28 00:30:00-04:00,2026-05-28 00:45:00-04:00,57.3753,57.1398,yes
KXHYPE15M-26MAY280030,Target Price: $57.4034,2026-05-28 00:15:00-04:00,2026-05-28 00:30:00-04:00,57.1398,57.4034,no
KXHYPE15M-26MAY280015,Target Price: $56.8868,2026-05-28 00:00:00-04:00,2026-05-28 00:15:00-04:00,57.4034,56.8868,yes
KXHYPE15M-26MAY280000,Target Price: $57.5421,2026-05-27 23:45:00-04:00,2026-05-28 00:00:00-04:00,56.8868,57.5421,no
KXHYPE15M-26MAY272345,Target Price: $58.2120,2026-05-27 23:30:00-04:00,2026-05-27 23:45:00-04:00,57.5421,58.212,no
KXHYPE15M-26MAY272330,Target Price: $57.9573,2026-05-27 23:15:00-04:00,2026-05-27 23:30:00-04:00,58.2120,57.9573,yes
KXHYPE15M-26MAY272315,Target Price: $58.3387,2026-05-27 23:00:00-04:00,2026-05-27 23:15:00-04:00,57.9573,58.3387,no
KXHYPE15M-26MAY272300,Target Price: $58.1248,2026-05-27 22:45:00-04:00,2026-05-27 23:00:00-04:00,58.3387,58.1248,yes
KXHYPE15M-26MAY272245,Target Price: $57.7984,2026-05-27 22:30:00-04:00,2026-05-27 22:45:00-04:00,58.1248,57.7984,yes
KXHYPE15M-26MAY272230,Target Price: $57.9719,2026-05-27 22:15:00-04:00,2026-05-27 22:30:00-04:00,57.7984,57.9719,no
KXHYPE15M-26MAY272215,Target Price: $57.9738,2026-05-27 22:00:00-04:00,2026-05-27 22:15:00-04:00,57.9719,57.9738,no
KXHYPE15M-26MAY272200,Target Price: $58.1535,2026-05-27 21:45:00-04:00,2026-05-27 22:00:00-04:00,57.9738,58.1535,no
KXHYPE15M-26MAY272145,Target Price: $58.0967,2026-05-27 21:30:00-04:00,2026-05-27 21:45:00-04:00,58.1535,58.0967,yes
KXHYPE15M-26MAY272130,Target Price: $57.8964,2026-05-27 21:15:00-04:00,2026-05-27 21:30:00-04:00,58.0967,57.8964,yes
KXHYPE15M-26MAY272115,Target Price: $57.9658,2026-05-27 21:00:00-04:00,2026-05-27 21:15:00-04:00,57.8964,57.9658,no
KXHYPE15M-26MAY272100,Target Price: $58.1772,2026-05-27 20:45:00-04:00,2026-05-27 21:00:00-04:00,57.9658,58.1772,no
KXHYPE15M-26MAY272045,Target Price: $57.9791,2026-05-27 20:30:00-04:00,2026-05-27 20:45:00-04:00,58.1772,57.9791,yes
KXHYPE15M-26MAY272030,Target Price: $57.8284,2026-05-27 20:15:00-04:00,2026-05-27 20:30:00-04:00,57.9791,57.8284,yes
KXHYPE15M-26MAY272015,Target Price: $57.8158,2026-05-27 20:00:00-04:00,2026-05-27 20:15:00-04:00,57.8284,57.8158,yes
KXHYPE15M-26MAY272000,Target Price: $57.8342,2026-05-27 19:45:00-04:00,2026-05-27 20:00:00-04:00,57.8158,57.8342,no
KXHYPE15M-26MAY271945,Target Price: $58.1267,2026-05-27 19:30:00-04:00,2026-05-27 19:45:00-04:00,57.8342,58.1267,no
KXHYPE15M-26MAY271930,Target Price: $58.2119,2026-05-27 19:15:00-04:00,2026-05-27 19:30:00-04:00,58.1267,58.2119,no
KXHYPE15M-26MAY271915,Target Price: $58.1374,2026-05-27 19:00:00-04:00,2026-05-27 19:15:00-04:00,58.2119,58.1374,yes
KXHYPE15M-26MAY271900,Target Price: $58.8976,2026-05-27 18:45:00-04:00,2026-05-27 19:00:00-04:00,58.1374,58.8976,no
KXHYPE15M-26MAY271845,Target Price: $59.6683,2026-05-27 18:30:00-04:00,2026-05-27 18:45:00-04:00,58.8976,59.6683,no
KXHYPE15M-26MAY271830,Target Price: $59.4854,2026-05-27 18:15:00-04:00,2026-05-27 18:30:00-04:00,59.6683,59.4854,yes
KXHYPE15M-26MAY271815,Target Price: $59.7145,2026-05-27 18:00:00-04:00,2026-05-27 18:15:00-04:00,59.4854,59.7145,no
KXHYPE15M-26MAY271800,Target Price: $59.4026,2026-05-27 17:45:00-04:00,2026-05-27 18:00:00-04:00,59.7145,59.4026,yes
KXHYPE15M-26MAY271745,Target Price: $59.4967,2026-05-27 17:30:00-04:00,2026-05-27 17:45:00-04:00,59.4026,59.4967,no
KXHYPE15M-26MAY271730,Target Price: $60.0701,2026-05-27 17:15:00-04:00,2026-05-27 17:30:00-04:00,59.4967,60.0701,no
KXHYPE15M-26MAY271715,Target Price: $60.3536,2026-05-27 17:00:00-04:00,2026-05-27 17:15:00-04:00,60.0701,60.3536,no
KXHYPE15M-26MAY271700,Target Price: $60.0168,2026-05-27 16:45:00-04:00,2026-05-27 17:00:00-04:00,60.3536,60.0168,yes
KXHYPE15M-26MAY271645,Target Price: $60.0543,2026-05-27 16:30:00-04:00,2026-05-27 16:45:00-04:00,60.0168,60.0543,no
KXHYPE15M-26MAY271630,Target Price: $60.1971,2026-05-27 16:15:00-04:00,2026-05-27 16:30:00-04:00,60.0543,60.1971,no
KXHYPE15M-26MAY271615,Target Price: $60.0964,2026-05-27 16:00:00-04:00,2026-05-27 16:15:00-04:00,60.1971,60.0964,yes
KXHYPE15M-26MAY271600,Target Price: $59.6141,2026-05-27 15:45:00-04:00,2026-05-27 16:00:00-04:00,60.0964,59.6141,yes
KXHYPE15M-26MAY271545,Target Price: $59.7773,2026-05-27 15:30:00-04:00,2026-05-27 15:45:00-04:00,59.6141,59.7773,no
KXHYPE15M-26MAY271530,Target Price: $59.6562,2026-05-27 15:15:00-04:00,2026-05-27 15:30:00-04:00,59.7773,59.6562,yes
KXHYPE15M-26MAY271515,Target Price: $59.4048,2026-05-27 15:00:00-04:00,2026-05-27 15:15:00-04:00,59.6562,59.4048,yes
KXHYPE15M-26MAY271500,Target Price: $59.3294,2026-05-27 14:45:00-04:00,2026-05-27 15:00:00-04:00,59.4048,59.3294,yes
KXHYPE15M-26MAY271445,Target Price: $59.2484,2026-05-27 14:30:00-04:00,2026-05-27 14:45:00-04:00,59.3294,59.2484,yes
KXHYPE15M-26MAY271430,Target Price: $59.0921,2026-05-27 14:15:00-04:00,2026-05-27 14:30:00-04:00,59.2484,59.0921,yes
KXHYPE15M-26MAY271415,Target Price: $59.3365,2026-05-27 14:00:00-04:00,2026-05-27 14:15:00-04:00,59.0921,59.3365,no
KXHYPE15M-26MAY271400,Target Price: $59.0520,2026-05-27 13:45:00-04:00,2026-05-27 14:00:00-04:00,59.3365,59.052,yes
KXHYPE15M-26MAY271345,Target Price: $59.6295,2026-05-27 13:30:00-04:00,2026-05-27 13:45:00-04:00,59.0520,59.6295,no
KXHYPE15M-26MAY271330,Target Price: $59.4114,2026-05-27 13:15:00-04:00,2026-05-27 13:30:00-04:00,59.6295,59.4114,yes
KXHYPE15M-26MAY271315,Target Price: $60.3976,2026-05-27 13:00:00-04:00,2026-05-27 13:15:00-04:00,59.4114,60.3976,no
KXHYPE15M-26MAY271300,Target Price: $60.0678,2026-05-27 12:45:00-04:00,2026-05-27 13:00:00-04:00,60.3976,60.0678,yes
KXHYPE15M-26MAY271245,Target Price: $59.8421,2026-05-27 12:30:00-04:00,2026-05-27 12:45:00-04:00,60.0678,59.8421,yes
KXHYPE15M-26MAY271230,Target Price: $60.1809,2026-05-27 12:15:00-04:00,2026-05-27 12:30:00-04:00,59.8421,60.1809,no
KXHYPE15M-26MAY271215,Target Price: $60.4628,2026-05-27 12:00:00-04:00,2026-05-27 12:15:00-04:00,60.1809,60.4628,no
KXHYPE15M-26MAY271200,Target Price: $60.2938,2026-05-27 11:45:00-04:00,2026-05-27 12:00:00-04:00,60.4628,60.2938,yes
KXHYPE15M-26MAY271145,Target Price: $60.4110,2026-05-27 11:30:00-04:00,2026-05-27 11:45:00-04:00,60.2938,60.411,no
KXHYPE15M-26MAY271130,Target Price: $60.1134,2026-05-27 11:15:00-04:00,2026-05-27 11:30:00-04:00,60.4110,60.1134,yes
KXHYPE15M-26MAY271115,Target Price: $59.9960,2026-05-27 11:00:00-04:00,2026-05-27 11:15:00-04:00,60.1134,59.996,yes
KXHYPE15M-26MAY271100,Target Price: $59.8541,2026-05-27 10:45:00-04:00,2026-05-27 11:00:00-04:00,59.9960,59.8541,yes
KXHYPE15M-26MAY271045,Target Price: $59.8303,2026-05-27 10:30:00-04:00,2026-05-27 10:45:00-04:00,59.8541,59.8303,yes
KXHYPE15M-26MAY271030,Target Price: $59.8289,2026-05-27 10:15:00-04:00,2026-05-27 10:30:00-04:00,59.8303,59.8289,yes
KXHYPE15M-26MAY271015,Target Price: $60.7762,2026-05-27 10:00:00-04:00,2026-05-27 10:15:00-04:00,59.8289,60.7762,no
KXHYPE15M-26MAY271000,Target Price: $60.3747,2026-05-27 09:45:00-04:00,2026-05-27 10:00:00-04:00,60.7762,60.3747,yes
KXHYPE15M-26MAY270945,Target Price: $61.7076,2026-05-27 09:30:00-04:00,2026-05-27 09:45:00-04:00,60.3747,61.7076,no
KXHYPE15M-26MAY270930,Target Price: $61.9370,2026-05-27 09:15:00-04:00,2026-05-27 09:30:00-04:00,61.7076,61.937,no
KXHYPE15M-26MAY270915,Target Price: $61.8151,2026-05-27 09:00:00-04:00,2026-05-27 09:15:00-04:00,61.9370,61.8151,yes
KXHYPE15M-26MAY270900,Target Price: $62.3651,2026-05-27 08:45:00-04:00,2026-05-27 09:00:00-04:00,61.8151,62.3651,no
KXHYPE15M-26MAY270845,Target Price: $62.7127,2026-05-27 08:30:00-04:00,2026-05-27 08:45:00-04:00,62.3651,62.7127,no
KXHYPE15M-26MAY270830,Target Price: $62.5780,2026-05-27 08:15:00-04:00,2026-05-27 08:30:00-04:00,62.7127,62.578,yes
KXHYPE15M-26MAY270815,Target Price: $62.2812,2026-05-27 08:00:00-04:00,2026-05-27 08:15:00-04:00,62.5780,62.2812,yes
KXHYPE15M-26MAY270800,Target Price: $62.6855,2026-05-27 07:45:00-04:00,2026-05-27 08:00:00-04:00,62.2812,62.6855,no
KXHYPE15M-26MAY270745,Target Price: $62.7761,2026-05-27 07:30:00-04:00,2026-05-27 07:45:00-04:00,62.6855,62.7761,no
KXHYPE15M-26MAY270730,Target Price: $63.0486,2026-05-27 07:15:00-04:00,2026-05-27 07:30:00-04:00,62.7761,63.0486,no
KXHYPE15M-26MAY270715,Target Price: $62.5771,2026-05-27 07:00:00-04:00,2026-05-27 07:15:00-04:00,63.0486,62.5771,yes
KXHYPE15M-26MAY270700,Target Price: $62.9901,2026-05-27 06:45:00-04:00,2026-05-27 07:00:00-04:00,62.5771,62.9901,no
KXHYPE15M-26MAY270645,Target Price: $63.0309,2026-05-27 06:30:00-04:00,2026-05-27 06:45:00-04:00,62.9901,63.0309,no
KXHYPE15M-26MAY270630,Target Price: $62.8211,2026-05-27 06:15:00-04:00,2026-05-27 06:30:00-04:00,63.0309,62.8211,yes
KXHYPE15M-26MAY270615,Target Price: $62.9070,2026-05-27 06:00:00-04:00,2026-05-27 06:15:00-04:00,62.8211,62.907,no
KXHYPE15M-26MAY270600,Target Price: $63.0933,2026-05-27 05:45:00-04:00,2026-05-27 06:00:00-04:00,62.9070,63.0933,no
KXHYPE15M-26MAY270545,Target Price: $62.5312,2026-05-27 05:30:00-04:00,2026-05-27 05:45:00-04:00,63.0933,62.5312,yes
KXHYPE15M-26MAY270530,Target Price: $62.3889,2026-05-27 05:15:00-04:00,2026-05-27 05:30:00-04:00,62.5312,62.3889,yes
KXHYPE15M-26MAY270515,Target Price: $62.2450,2026-05-27 05:00:00-04:00,2026-05-27 05:15:00-04:00,62.3889,62.245,yes
KXHYPE15M-26MAY270500,Target Price: $62.1977,2026-05-27 04:45:00-04:00,2026-05-27 05:00:00-04:00,62.2450,62.1977,yes
KXHYPE15M-26MAY270445,Target Price: $62.1081,2026-05-27 04:30:00-04:00,2026-05-27 04:45:00-04:00,62.1977,62.1081,yes
KXHYPE15M-26MAY270430,Target Price: $62.0951,2026-05-27 04:15:00-04:00,2026-05-27 04:30:00-04:00,62.1081,62.0951,yes
KXHYPE15M-26MAY270415,Target Price: $62.1295,2026-05-27 04:00:00-04:00,2026-05-27 04:15:00-04:00,62.0951,62.1295,no
KXHYPE15M-26MAY270400,Target Price: $61.9597,2026-05-27 03:45:00-04:00,2026-05-27 04:00:00-04:00,62.1295,61.9597,yes
KXHYPE15M-26MAY270345,Target Price: $62.5547,2026-05-27 03:30:00-04:00,2026-05-27 03:45:00-04:00,61.9597,62.5547,no
KXHYPE15M-26MAY270330,Target Price: $62.4062,2026-05-27 03:15:00-04:00,2026-05-27 03:30:00-04:00,62.5547,62.4062,yes
KXHYPE15M-26MAY270315,Target Price: $62.3249,2026-05-27 03:00:00-04:00,2026-05-27 03:15:00-04:00,62.4062,62.3249,yes
KXHYPE15M-26MAY270300,Target Price: $62.1236,2026-05-27 02:45:00-04:00,2026-05-27 03:00:00-04:00,62.3249,62.1236,yes
KXHYPE15M-26MAY270245,Target Price: $61.7776,2026-05-27 02:30:00-04:00,2026-05-27 02:45:00-04:00,62.1236,61.7776,yes
KXHYPE15M-26MAY270230,Target Price: $61.6616,2026-05-27 02:15:00-04:00,2026-05-27 02:30:00-04:00,61.7776,61.6616,yes
KXHYPE15M-26MAY270215,Target Price: $61.8293,2026-05-27 02:00:00-04:00,2026-05-27 02:15:00-04:00,61.6616,61.8293,no
KXHYPE15M-26MAY270200,Target Price: $61.4640,2026-05-27 01:45:00-04:00,2026-05-27 02:00:00-04:00,61.8293,61.464,yes
KXHYPE15M-26MAY270145,Target Price: $60.9255,2026-05-27 01:30:00-04:00,2026-05-27 01:45:00-04:00,61.4640,60.9255,yes
KXHYPE15M-26MAY270130,Target Price: $60.8535,2026-05-27 01:15:00-04:00,2026-05-27 01:30:00-04:00,60.9255,60.8535,yes
KXHYPE15M-26MAY270115,Target Price: $60.7271,2026-05-27 01:00:00-04:00,2026-05-27 01:15:00-04:00,60.8535,60.7271,yes
KXHYPE15M-26MAY270100,Target Price: $60.1167,2026-05-27 00:45:00-04:00,2026-05-27 01:00:00-04:00,60.7271,60.1167,yes
KXHYPE15M-26MAY270045,Target Price: $59.7990,2026-05-27 00:30:00-04:00,2026-05-27 00:45:00-04:00,60.1167,59.799,yes
KXHYPE15M-26MAY270030,Target Price: $59.9282,2026-05-27 00:15:00-04:00,2026-05-27 00:30:00-04:00,59.7990,59.9282,no
KXHYPE15M-26MAY270015,Target Price: $60.0864,2026-05-27 00:00:00-04:00,2026-05-27 00:15:00-04:00,59.9282,60.0864,no
KXHYPE15M-26MAY270000,Target Price: $60.4259,2026-05-26 23:45:00-04:00,2026-05-27 00:00:00-04:00,60.0864,60.4259,no
KXHYPE15M-26MAY262345,Target Price: $60.6331,2026-05-26 23:30:00-04:00,2026-05-26 23:45:00-04:00,60.4259,60.6331,no
KXHYPE15M-26MAY262330,Target Price: $61.0243,2026-05-26 23:15:00-04:00,2026-05-26 23:30:00-04:00,60.6331,61.0243,no
KXHYPE15M-26MAY262315,Target Price: $60.6075,2026-05-26 23:00:00-04:00,2026-05-26 23:15:00-04:00,61.0243,60.6075,yes
KXHYPE15M-26MAY262300,Target Price: $59.9675,2026-05-26 22:45:00-04:00,2026-05-26 23:00:00-04:00,60.6075,59.9675,yes
KXHYPE15M-26MAY262245,Target Price: $60.0304,2026-05-26 22:30:00-04:00,2026-05-26 22:45:00-04:00,59.9675,60.0304,no
KXHYPE15M-26MAY262230,Target Price: $60.0193,2026-05-26 22:15:00-04:00,2026-05-26 22:30:00-04:00,60.0304,60.0193,yes
KXHYPE15M-26MAY262215,Target Price: $60.0239,2026-05-26 22:00:00-04:00,2026-05-26 22:15:00-04:00,60.0193,60.0239,no
KXHYPE15M-26MAY262200,Target Price: $60.2906,2026-05-26 21:45:00-04:00,2026-05-26 22:00:00-04:00,60.0239,60.2906,no
KXHYPE15M-26MAY262145,Target Price: $60.1619,2026-05-26 21:30:00-04:00,2026-05-26 21:45:00-04:00,60.2906,60.1619,yes
KXHYPE15M-26MAY262130,Target Price: $60.5201,2026-05-26 21:15:00-04:00,2026-05-26 21:30:00-04:00,60.1619,60.5201,no
KXHYPE15M-26MAY262115,Target Price: $60.7239,2026-05-26 21:00:00-04:00,2026-05-26 21:15:00-04:00,60.5201,60.7239,no
KXHYPE15M-26MAY262100,Target Price: $60.3032,2026-05-26 20:45:00-04:00,2026-05-26 21:00:00-04:00,60.7239,60.3032,yes
KXHYPE15M-26MAY262045,Target Price: $60.2113,2026-05-26 20:30:00-04:00,2026-05-26 20:45:00-04:00,60.3032,60.2113,yes
KXHYPE15M-26MAY262030,Target Price: $60.1923,2026-05-26 20:15:00-04:00,2026-05-26 20:30:00-04:00,60.2113,60.1923,yes
KXHYPE15M-26MAY262015,Target Price: $59.5610,2026-05-26 20:00:00-04:00,2026-05-26 20:15:00-04:00,60.1923,59.561,yes
KXHYPE15M-26MAY262000,Target Price: $59.6198,2026-05-26 19:45:00-04:00,2026-05-26 20:00:00-04:00,59.5610,59.6198,no
KXHYPE15M-26MAY261945,Target Price: $59.8851,2026-05-26 19:30:00-04:00,2026-05-26 19:45:00-04:00,59.6198,59.8851,no
KXHYPE15M-26MAY261930,Target Price: $59.8724,2026-05-26 19:15:00-04:00,2026-05-26 19:30:00-04:00,59.8851,59.8724,yes
KXHYPE15M-26MAY261915,Target Price: $59.7071,2026-05-26 19:00:00-04:00,2026-05-26 19:15:00-04:00,59.8724,59.7071,yes
KXHYPE15M-26MAY261900,Target Price: $59.2849,2026-05-26 18:45:00-04:00,2026-05-26 19:00:00-04:00,59.7071,59.2849,yes
KXHYPE15M-26MAY261845,Target Price: $59.4821,2026-05-26 18:30:00-04:00,2026-05-26 18:45:00-04:00,59.2849,59.4821,no
KXHYPE15M-26MAY261830,Target Price: $59.3271,2026-05-26 18:15:00-04:00,2026-05-26 18:30:00-04:00,59.4821,59.3271,yes
KXHYPE15M-26MAY261815,Target Price: $58.9488,2026-05-26 18:00:00-04:00,2026-05-26 18:15:00-04:00,59.3271,58.9488,yes
KXHYPE15M-26MAY261800,Target Price: $59.4108,2026-05-26 17:45:00-04:00,2026-05-26 18:00:00-04:00,58.9488,59.4108,no
KXHYPE15M-26MAY261745,Target Price: $59.1612,2026-05-26 17:30:00-04:00,2026-05-26 17:45:00-04:00,59.4108,59.1612,yes
KXHYPE15M-26MAY261730,Target Price: $59.0542,2026-05-26 17:15:00-04:00,2026-05-26 17:30:00-04:00,59.1612,59.0542,yes
KXHYPE15M-26MAY261715,Target Price: $59.6863,2026-05-26 17:00:00-04:00,2026-05-26 17:15:00-04:00,59.0542,59.6863,no
KXHYPE15M-26MAY261700,Target Price: $59.7632,2026-05-26 16:45:00-04:00,2026-05-26 17:00:00-04:00,59.6863,59.7632,no
KXHYPE15M-26MAY261645,Target Price: $59.8594,2026-05-26 16:30:00-04:00,2026-05-26 16:45:00-04:00,59.7632,59.8594,no
KXHYPE15M-26MAY261630,Target Price: $60.4565,2026-05-26 16:15:00-04:00,2026-05-26 16:30:00-04:00,59.8594,60.4565,no
KXHYPE15M-26MAY261615,Target Price: $60.7584,2026-05-26 16:00:00-04:00,2026-05-26 16:15:00-04:00,60.4565,60.7584,no
KXHYPE15M-26MAY261600,Target Price: $60.7998,2026-05-26 15:45:00-04:00,2026-05-26 16:00:00-04:00,60.7584,60.7998,no
KXHYPE15M-26MAY261545,Target Price: $60.4764,2026-05-26 15:30:00-04:00,2026-05-26 15:45:00-04:00,60.7998,60.4764,yes
KXHYPE15M-26MAY261530,Target Price: $60.4647,2026-05-26 15:15:00-04:00,2026-05-26 15:30:00-04:00,60.4764,60.4647,yes
KXHYPE15M-26MAY261515,Target Price: $61.6365,2026-05-26 15:00:00-04:00,2026-05-26 15:15:00-04:00,60.4647,61.6365,no
KXHYPE15M-26MAY261500,Target Price: $61.1523,2026-05-26 14:45:00-04:00,2026-05-26 15:00:00-04:00,61.6365,61.1523,yes
KXHYPE15M-26MAY261445,Target Price: $61.4937,2026-05-26 14:30:00-04:00,2026-05-26 14:45:00-04:00,61.1523,61.4937,no
KXHYPE15M-26MAY261430,Target Price: $61.7209,2026-05-26 14:15:00-04:00,2026-05-26 14:30:00-04:00,61.4937,61.7209,no
KXHYPE15M-26MAY261415,Target Price: $61.4945,2026-05-26 14:00:00-04:00,2026-05-26 14:15:00-04:00,61.7209,61.4945,yes
KXHYPE15M-26MAY261400,Target Price: $61.4303,2026-05-26 13:45:00-04:00,2026-05-26 14:00:00-04:00,61.4945,61.4303,yes
KXHYPE15M-26MAY261345,Target Price: $61.4355,2026-05-26 13:30:00-04:00,2026-05-26 13:45:00-04:00,61.4303,61.4355,no
KXHYPE15M-26MAY261330,Target Price: $62.9296,2026-05-26 13:15:00-04:00,2026-05-26 13:30:00-04:00,61.4355,62.9296,no
KXHYPE15M-26MAY261315,Target Price: $62.7497,2026-05-26 13:00:00-04:00,2026-05-26 13:15:00-04:00,62.9296,62.7497,yes
KXHYPE15M-26MAY261300,Target Price: $62.9597,2026-05-26 12:45:00-04:00,2026-05-26 13:00:00-04:00,62.7497,62.9597,no
KXHYPE15M-26MAY261245,Target Price: $63.3632,2026-05-26 12:30:00-04:00,2026-05-26 12:45:00-04:00,62.9597,63.3632,no
KXHYPE15M-26MAY261230,Target Price: $62.2639,2026-05-26 12:15:00-04:00,2026-05-26 12:30:00-04:00,63.3632,62.2639,yes
KXHYPE15M-26MAY261215,Target Price: $62.4748,2026-05-26 12:00:00-04:00,2026-05-26 12:15:00-04:00,62.2639,62.4748,no
KXHYPE15M-26MAY261200,Target Price: $62.6455,2026-05-26 11:45:00-04:00,2026-05-26 12:00:00-04:00,62.4748,62.6455,no
KXHYPE15M-26MAY261145,Target Price: $63.0256,2026-05-26 11:30:00-04:00,2026-05-26 11:45:00-04:00,62.6455,63.0256,no
KXHYPE15M-26MAY261130,Target Price: $63.1146,2026-05-26 11:15:00-04:00,2026-05-26 11:30:00-04:00,63.0256,63.1146,no
KXHYPE15M-26MAY261115,Target Price: $63.4847,2026-05-26 11:00:00-04:00,2026-05-26 11:15:00-04:00,63.1146,63.4847,no
KXHYPE15M-26MAY261100,Target Price: $63.6647,2026-05-26 10:45:00-04:00,2026-05-26 11:00:00-04:00,63.4847,63.6647,no
KXHYPE15M-26MAY261045,Target Price: $64.1422,2026-05-26 10:30:00-04:00,2026-05-26 10:45:00-04:00,63.6647,64.1422,no
KXHYPE15M-26MAY261030,Target Price: $64.3779,2026-05-26 10:15:00-04:00,2026-05-26 10:30:00-04:00,64.1422,64.3779,no
KXHYPE15M-26MAY261015,Target Price: $63.5380,2026-05-26 10:00:00-04:00,2026-05-26 10:15:00-04:00,64.3779,63.538,yes
KXHYPE15M-26MAY261000,Target Price: $62.9039,2026-05-26 09:45:00-04:00,2026-05-26 10:00:00-04:00,63.5380,62.9039,yes
KXHYPE15M-26MAY260945,Target Price: $61.9168,2026-05-26 09:30:00-04:00,2026-05-26 09:45:00-04:00,62.9039,61.9168,yes
KXHYPE15M-26MAY260930,Target Price: $61.9857,2026-05-26 09:15:00-04:00,2026-05-26 09:30:00-04:00,61.9168,61.9857,no
KXHYPE15M-26MAY260915,Target Price: $62.1041,2026-05-26 09:00:00-04:00,2026-05-26 09:15:00-04:00,61.9857,62.1041,no
KXHYPE15M-26MAY260900,Target Price: $61.2827,2026-05-26 08:45:00-04:00,2026-05-26 09:00:00-04:00,62.1041,61.2827,yes
KXHYPE15M-26MAY260845,Target Price: $60.7675,2026-05-26 08:30:00-04:00,2026-05-26 08:45:00-04:00,61.2827,60.7675,yes
KXHYPE15M-26MAY260830,Target Price: $60.7171,2026-05-26 08:15:00-04:00,2026-05-26 08:30:00-04:00,60.7675,60.7171,yes
KXHYPE15M-26MAY260815,Target Price: $61.1532,2026-05-26 08:00:00-04:00,2026-05-26 08:15:00-04:00,60.7171,61.1532,no
KXHYPE15M-26MAY260800,Target Price: $61.0415,2026-05-26 07:45:00-04:00,2026-05-26 08:00:00-04:00,61.1532,61.0415,yes
KXHYPE15M-26MAY260745,Target Price: $61.1552,2026-05-26 07:30:00-04:00,2026-05-26 07:45:00-04:00,61.0415,61.1552,no
KXHYPE15M-26MAY260730,Target Price: $61.1105,2026-05-26 07:15:00-04:00,2026-05-26 07:30:00-04:00,61.1552,61.1105,yes
KXHYPE15M-26MAY260715,Target Price: $61.3638,2026-05-26 07:00:00-04:00,2026-05-26 07:15:00-04:00,61.1105,61.3638,no
KXHYPE15M-26MAY260700,Target Price: $61.5397,2026-05-26 06:45:00-04:00,2026-05-26 07:00:00-04:00,61.3638,61.5397,no
KXHYPE15M-26MAY260645,Target Price: $61.4465,2026-05-26 06:30:00-04:00,2026-05-26 06:45:00-04:00,61.5397,61.4465,yes
KXHYPE15M-26MAY260630,Target Price: $60.2378,2026-05-26 06:15:00-04:00,2026-05-26 06:30:00-04:00,61.4465,60.2378,yes
KXHYPE15M-26MAY260615,Target Price: $59.6021,2026-05-26 06:00:00-04:00,2026-05-26 06:15:00-04:00,60.2378,59.6021,yes
KXHYPE15M-26MAY260600,Target Price: $59.3925,2026-05-26 05:45:00-04:00,2026-05-26 06:00:00-04:00,59.6021,59.3925,yes
KXHYPE15M-26MAY260545,Target Price: $59.4836,2026-05-26 05:30:00-04:00,2026-05-26 05:45:00-04:00,59.3925,59.4836,no
KXHYPE15M-26MAY260530,Target Price: $59.6660,2026-05-26 05:15:00-04:00,2026-05-26 05:30:00-04:00,59.4836,59.666,no
KXHYPE15M-26MAY260515,Target Price: $59.4921,2026-05-26 05:00:00-04:00,2026-05-26 05:15:00-04:00,59.6660,59.4921,yes
KXHYPE15M-26MAY260500,Target Price: $59.6918,2026-05-26 04:45:00-04:00,2026-05-26 05:00:00-04:00,59.4921,59.6918,no
KXHYPE15M-26MAY260445,Target Price: $59.8790,2026-05-26 04:30:00-04:00,2026-05-26 04:45:00-04:00,59.6918,59.879,no
KXHYPE15M-26MAY260430,Target Price: $59.6829,2026-05-26 04:15:00-04:00,2026-05-26 04:30:00-04:00,59.8790,59.6829,yes
KXHYPE15M-26MAY260415,Target Price: $59.7585,2026-05-26 04:00:00-04:00,2026-05-26 04:15:00-04:00,59.6829,59.7585,no
KXHYPE15M-26MAY260400,Target Price: $59.6743,2026-05-26 03:45:00-04:00,2026-05-26 04:00:00-04:00,59.7585,59.6743,yes
KXHYPE15M-26MAY260345,Target Price: $59.8721,2026-05-26 03:30:00-04:00,2026-05-26 03:45:00-04:00,59.6743,59.8721,no
KXHYPE15M-26MAY260330,Target Price: $59.8090,2026-05-26 03:15:00-04:00,2026-05-26 03:30:00-04:00,59.8721,59.809,yes
KXHYPE15M-26MAY260315,Target Price: $60.4842,2026-05-26 03:00:00-04:00,2026-05-26 03:15:00-04:00,59.8090,60.4842,no
KXHYPE15M-26MAY260300,Target Price: $60.6862,2026-05-26 02:45:00-04:00,2026-05-26 03:00:00-04:00,60.4842,60.6862,no
KXHYPE15M-26MAY260245,Target Price: $60.4977,2026-05-26 02:30:00-04:00,2026-05-26 02:45:00-04:00,60.6862,60.4977,yes
KXHYPE15M-26MAY260230,Target Price: $60.1684,2026-05-26 02:15:00-04:00,2026-05-26 02:30:00-04:00,60.4977,60.1684,yes
KXHYPE15M-26MAY260215,Target Price: $60.2353,2026-05-26 02:00:00-04:00,2026-05-26 02:15:00-04:00,60.1684,60.2353,no
KXHYPE15M-26MAY260200,Target Price: $60.1679,2026-05-26 01:45:00-04:00,2026-05-26 02:00:00-04:00,60.2353,60.1679,yes
KXHYPE15M-26MAY260145,Target Price: $60.4057,2026-05-26 01:30:00-04:00,2026-05-26 01:45:00-04:00,60.1679,60.4057,no
KXHYPE15M-26MAY260130,Target Price: $59.7835,2026-05-26 01:15:00-04:00,2026-05-26 01:30:00-04:00,60.4057,59.7835,yes
KXHYPE15M-26MAY260115,Target Price: $59.9190,2026-05-26 01:00:00-04:00,2026-05-26 01:15:00-04:00,59.7835,59.919,no
KXHYPE15M-26MAY260100,Target Price: $59.5065,2026-05-26 00:45:00-04:00,2026-05-26 01:00:00-04:00,59.9190,59.5065,yes
KXHYPE15M-26MAY260045,Target Price: $59.4544,2026-05-26 00:30:00-04:00,2026-05-26 00:45:00-04:00,59.5065,59.4544,yes
KXHYPE15M-26MAY260030,Target Price: $59.2204,2026-05-26 00:15:00-04:00,2026-05-26 00:30:00-04:00,59.4544,59.2204,yes
KXHYPE15M-26MAY260015,Target Price: $59.2887,2026-05-26 00:00:00-04:00,2026-05-26 00:15:00-04:00,59.2204,59.2887,no
KXHYPE15M-26MAY260000,Target Price: $59.1138,2026-05-25 23:45:00-04:00,2026-05-26 00:00:00-04:00,59.2887,59.1138,yes
KXHYPE15M-26MAY252345,Target Price: $59.0336,2026-05-25 23:30:00-04:00,2026-05-25 23:45:00-04:00,59.1138,59.0336,yes
KXHYPE15M-26MAY252330,Target Price: $58.8993,2026-05-25 23:15:00-04:00,2026-05-25 23:30:00-04:00,59.0336,58.8993,yes
KXHYPE15M-26MAY252315,Target Price: $58.9393,2026-05-25 23:00:00-04:00,2026-05-25 23:15:00-04:00,58.8993,58.9393,no
KXHYPE15M-26MAY252300,Target Price: $58.9840,2026-05-25 22:45:00-04:00,2026-05-25 23:00:00-04:00,58.9393,58.984,no
KXHYPE15M-26MAY252245,Target Price: $59.5943,2026-05-25 22:30:00-04:00,2026-05-25 22:45:00-04:00,58.9840,59.5943,no
KXHYPE15M-26MAY252230,Target Price: $59.3466,2026-05-25 22:15:00-04:00,2026-05-25 22:30:00-04:00,59.5943,59.3466,yes
KXHYPE15M-26MAY252215,Target Price: $59.3171,2026-05-25 22:00:00-04:00,2026-05-25 22:15:00-04:00,59.3466,59.3171,yes
KXHYPE15M-26MAY252200,Target Price: $59.4239,2026-05-25 21:45:00-04:00,2026-05-25 22:00:00-04:00,59.3171,59.4239,no
KXHYPE15M-26MAY252145,Target Price: $59.6458,2026-05-25 21:30:00-04:00,2026-05-25 21:45:00-04:00,59.4239,59.6458,no
KXHYPE15M-26MAY252130,Target Price: $60.1542,2026-05-25 21:15:00-04:00,2026-05-25 21:30:00-04:00,59.6458,60.1542,no
KXHYPE15M-26MAY252115,Target Price: $60.0713,2026-05-25 21:00:00-04:00,2026-05-25 21:15:00-04:00,60.1542,60.0713,yes
KXHYPE15M-26MAY252100,Target Price: $60.1762,2026-05-25 20:45:00-04:00,2026-05-25 21:00:00-04:00,60.0713,60.1762,no
KXHYPE15M-26MAY252045,Target Price: $60.6551,2026-05-25 20:30:00-04:00,2026-05-25 20:45:00-04:00,60.1762,60.6551,no
KXHYPE15M-26MAY252030,Target Price: $61.0688,2026-05-25 20:15:00-04:00,2026-05-25 20:30:00-04:00,60.6551,61.0688,no
KXHYPE15M-26MAY252015,Target Price: $61.0793,2026-05-25 20:00:00-04:00,2026-05-25 20:15:00-04:00,61.0688,61.0793,no
KXHYPE15M-26MAY252000,Target Price: $61.1132,2026-05-25 19:45:00-04:00,2026-05-25 20:00:00-04:00,61.0793,61.1132,no
KXHYPE15M-26MAY251945,Target Price: $61.5987,2026-05-25 19:30:00-04:00,2026-05-25 19:45:00-04:00,61.1132,61.5987,no
KXHYPE15M-26MAY251930,Target Price: $61.6040,2026-05-25 19:15:00-04:00,2026-05-25 19:30:00-04:00,61.5987,61.604,no
KXHYPE15M-26MAY251915,Target Price: $61.2184,2026-05-25 19:00:00-04:00,2026-05-25 19:15:00-04:00,61.6040,61.2184,yes
KXHYPE15M-26MAY251900,Target Price: $61.4219,2026-05-25 18:45:00-04:00,2026-05-25 19:00:00-04:00,61.2184,61.4219,no
KXHYPE15M-26MAY251845,Target Price: $61.6965,2026-05-25 18:30:00-04:00,2026-05-25 18:45:00-04:00,61.4219,61.6965,no
KXHYPE15M-26MAY251830,Target Price: $61.7098,2026-05-25 18:15:00-04:00,2026-05-25 18:30:00-04:00,61.6965,61.7098,no
KXHYPE15M-26MAY251815,Target Price: $61.4482,2026-05-25 18:00:00-04:00,2026-05-25 18:15:00-04:00,61.7098,61.4482,yes
KXHYPE15M-26MAY251800,Target Price: $61.2838,2026-05-25 17:45:00-04:00,2026-05-25 18:00:00-04:00,61.4482,61.2838,yes
KXHYPE15M-26MAY251745,Target Price: $61.4787,2026-05-25 17:30:00-04:00,2026-05-25 17:45:00-04:00,61.2838,61.4787,no
KXHYPE15M-26MAY251730,Target Price: $61.4379,2026-05-25 17:15:00-04:00,2026-05-25 17:30:00-04:00,61.4787,61.4379,yes
KXHYPE15M-26MAY251715,Target Price: $61.2568,2026-05-25 17:00:00-04:00,2026-05-25 17:15:00-04:00,61.4379,61.2568,yes
KXHYPE15M-26MAY251700,Target Price: $61.1290,2026-05-25 16:45:00-04:00,2026-05-25 17:00:00-04:00,61.2568,61.129,yes
KXHYPE15M-26MAY251645,Target Price: $61.4995,2026-05-25 16:30:00-04:00,2026-05-25 16:45:00-04:00,61.1290,61.4995,no
KXHYPE15M-26MAY251630,Target Price: $61.8264,2026-05-25 16:15:00-04:00,2026-05-25 16:30:00-04:00,61.4995,61.8264,no
KXHYPE15M-26MAY251615,Target Price: $61.9443,2026-05-25 16:00:00-04:00,2026-05-25 16:15:00-04:00,61.8264,61.9443,no
KXHYPE15M-26MAY251600,Target Price: $61.7034,2026-05-25 15:45:00-04:00,2026-05-25 16:00:00-04:00,61.9443,61.7034,yes
KXHYPE15M-26MAY251545,Target Price: $62.0435,2026-05-25 15:30:00-04:00,2026-05-25 15:45:00-04:00,61.7034,62.0435,no
KXHYPE15M-26MAY251530,Target Price: $61.8165,2026-05-25 15:15:00-04:00,2026-05-25 15:30:00-04:00,62.0435,61.8165,yes
KXHYPE15M-26MAY251515,Target Price: $61.6645,2026-05-25 15:00:00-04:00,2026-05-25 15:15:00-04:00,61.8165,61.6645,yes
KXHYPE15M-26MAY251500,Target Price: $61.7913,2026-05-25 14:45:00-04:00,2026-05-25 15:00:00-04:00,61.6645,61.7913,no
KXHYPE15M-26MAY251445,Target Price: $62.2125,2026-05-25 14:30:00-04:00,2026-05-25 14:45:00-04:00,61.7913,62.2125,no
KXHYPE15M-26MAY251430,Target Price: $62.0291,2026-05-25 14:15:00-04:00,2026-05-25 14:30:00-04:00,62.2125,62.0291,yes
KXHYPE15M-26MAY251415,Target Price: $61.8598,2026-05-25 14:00:00-04:00,2026-05-25 14:15:00-04:00,62.0291,61.8598,yes
KXHYPE15M-26MAY251400,Target Price: $61.8188,2026-05-25 13:45:00-04:00,2026-05-25 14:00:00-04:00,61.8598,61.8188,yes
KXHYPE15M-26MAY251345,Target Price: $61.9375,2026-05-25 13:30:00-04:00,2026-05-25 13:45:00-04:00,61.8188,61.9375,no
KXHYPE15M-26MAY251330,Target Price: $62.0451,2026-05-25 13:15:00-04:00,2026-05-25 13:30:00-04:00,61.9375,62.0451,no
KXHYPE15M-26MAY251315,Target Price: $62.1011,2026-05-25 13:00:00-04:00,2026-05-25 13:15:00-04:00,62.0451,62.1011,no
KXHYPE15M-26MAY251300,Target Price: $62.3219,2026-05-25 12:45:00-04:00,2026-05-25 13:00:00-04:00,62.1011,62.3219,no
KXHYPE15M-26MAY251245,Target Price: $62.2706,2026-05-25 12:30:00-04:00,2026-05-25 12:45:00-04:00,62.3219,62.2706,yes
KXHYPE15M-26MAY251230,Target Price: $62.0932,2026-05-25 12:15:00-04:00,2026-05-25 12:30:00-04:00,62.2706,62.0932,yes
KXHYPE15M-26MAY251215,Target Price: $62.6000,2026-05-25 12:00:00-04:00,2026-05-25 12:15:00-04:00,62.0932,62.6,no
KXHYPE15M-26MAY251200,Target Price: $62.7685,2026-05-25 11:45:00-04:00,2026-05-25 12:00:00-04:00,62.6000,62.7685,no
KXHYPE15M-26MAY251145,Target Price: $62.9247,2026-05-25 11:30:00-04:00,2026-05-25 11:45:00-04:00,62.7685,62.9247,no
KXHYPE15M-26MAY251130,Target Price: $62.9867,2026-05-25 11:15:00-04:00,2026-05-25 11:30:00-04:00,62.9247,62.9867,no
KXHYPE15M-26MAY251115,Target Price: $62.8037,2026-05-25 11:00:00-04:00,2026-05-25 11:15:00-04:00,62.9867,62.8037,yes
KXHYPE15M-26MAY251100,Target Price: $62.9037,2026-05-25 10:45:00-04:00,2026-05-25 11:00:00-04:00,62.8037,62.9037,no
KXHYPE15M-26MAY251045,Target Price: $62.9709,2026-05-25 10:30:00-04:00,2026-05-25 10:45:00-04:00,62.9037,62.9709,no
KXHYPE15M-26MAY251030,Target Price: $63.0906,2026-05-25 10:15:00-04:00,2026-05-25 10:30:00-04:00,62.9709,63.0906,no
KXHYPE15M-26MAY251015,Target Price: $63.3274,2026-05-25 10:00:00-04:00,2026-05-25 10:15:00-04:00,63.0906,63.3274,no
KXHYPE15M-26MAY251000,Target Price: $62.7252,2026-05-25 09:45:00-04:00,2026-05-25 10:00:00-04:00,63.3274,62.7252,yes
KXHYPE15M-26MAY250945,Target Price: $62.6971,2026-05-25 09:30:00-04:00,2026-05-25 09:45:00-04:00,62.7252,62.6971,yes
KXHYPE15M-26MAY250930,Target Price: $62.8855,2026-05-25 09:15:00-04:00,2026-05-25 09:30:00-04:00,62.6971,62.8855,no
KXHYPE15M-26MAY250915,Target Price: $62.7772,2026-05-25 09:00:00-04:00,2026-05-25 09:15:00-04:00,62.8855,62.7772,yes
KXHYPE15M-26MAY250900,Target Price: $63.1164,2026-05-25 08:45:00-04:00,2026-05-25 09:00:00-04:00,62.7772,63.1164,no
KXHYPE15M-26MAY250845,Target Price: $63.0210,2026-05-25 08:30:00-04:00,2026-05-25 08:45:00-04:00,63.1164,63.021,yes
KXHYPE15M-26MAY250830,Target Price: $63.7275,2026-05-25 08:15:00-04:00,2026-05-25 08:30:00-04:00,63.0210,63.7275,no
KXHYPE15M-26MAY250815,Target Price: $63.3783,2026-05-25 08:00:00-04:00,2026-05-25 08:15:00-04:00,63.7275,63.3783,yes
KXHYPE15M-26MAY250800,Target Price: $63.3529,2026-05-25 07:45:00-04:00,2026-05-25 08:00:00-04:00,63.3783,63.3529,yes
KXHYPE15M-26MAY250745,Target Price: $62.8564,2026-05-25 07:30:00-04:00,2026-05-25 07:45:00-04:00,63.3529,62.8564,yes
KXHYPE15M-26MAY250730,Target Price: $63.0819,2026-05-25 07:15:00-04:00,2026-05-25 07:30:00-04:00,62.8564,63.0819,no
KXHYPE15M-26MAY250715,Target Price: $63.4538,2026-05-25 07:00:00-04:00,2026-05-25 07:15:00-04:00,63.0819,63.4538,no
KXHYPE15M-26MAY250700,Target Price: $63.4272,2026-05-25 06:45:00-04:00,2026-05-25 07:00:00-04:00,63.4538,63.4272,yes
KXHYPE15M-26MAY250645,Target Price: $63.2567,2026-05-25 06:30:00-04:00,2026-05-25 06:45:00-04:00,63.4272,63.2567,yes
KXHYPE15M-26MAY250630,Target Price: $63.5410,2026-05-25 06:15:00-04:00,2026-05-25 06:30:00-04:00,63.2567,63.541,no
KXHYPE15M-26MAY250615,Target Price: $63.3425,2026-05-25 06:00:00-04:00,2026-05-25 06:15:00-04:00,63.5410,63.3425,yes
KXHYPE15M-26MAY250600,Target Price: $63.2781,2026-05-25 05:45:00-04:00,2026-05-25 06:00:00-04:00,63.3425,63.2781,yes
KXHYPE15M-26MAY250545,Target Price: $63.6184,2026-05-25 05:30:00-04:00,2026-05-25 05:45:00-04:00,63.2781,63.6184,no
KXHYPE15M-26MAY250530,Target Price: $63.8321,2026-05-25 05:15:00-04:00,2026-05-25 05:30:00-04:00,63.6184,63.8321,no
KXHYPE15M-26MAY250515,Target Price: $63.5804,2026-05-25 05:00:00-04:00,2026-05-25 05:15:00-04:00,63.8321,63.5804,yes
KXHYPE15M-26MAY250500,Target Price: $63.4463,2026-05-25 04:45:00-04:00,2026-05-25 05:00:00-04:00,63.5804,63.4463,yes
KXHYPE15M-26MAY250445,Target Price: $63.6515,2026-05-25 04:30:00-04:00,2026-05-25 04:45:00-04:00,63.4463,63.6515,no
KXHYPE15M-26MAY250430,Target Price: $63.2408,2026-05-25 04:15:00-04:00,2026-05-25 04:30:00-04:00,63.6515,63.2408,yes
KXHYPE15M-26MAY250415,Target Price: $63.4064,2026-05-25 04:00:00-04:00,2026-05-25 04:15:00-04:00,63.2408,63.4064,no
KXHYPE15M-26MAY250400,Target Price: $62.5193,2026-05-25 03:45:00-04:00,2026-05-25 04:00:00-04:00,63.4064,62.5193,yes
KXHYPE15M-26MAY250345,Target Price: $61.9662,2026-05-25 03:30:00-04:00,2026-05-25 03:45:00-04:00,62.5193,61.9662,yes
KXHYPE15M-26MAY250330,Target Price: $61.9722,2026-05-25 03:15:00-04:00,2026-05-25 03:30:00-04:00,61.9662,61.9722,no
KXHYPE15M-26MAY250315,Target Price: $62.0542,2026-05-25 03:00:00-04:00,2026-05-25 03:15:00-04:00,61.9722,62.0542,no
KXHYPE15M-26MAY250300,Target Price: $62.2833,2026-05-25 02:45:00-04:00,2026-05-25 03:00:00-04:00,62.0542,62.2833,no
KXHYPE15M-26MAY250245,Target Price: $62.3840,2026-05-25 02:30:00-04:00,2026-05-25 02:45:00-04:00,62.2833,62.384,no
KXHYPE15M-26MAY250230,Target Price: $62.4393,2026-05-25 02:15:00-04:00,2026-05-25 02:30:00-04:00,62.3840,62.4393,no
KXHYPE15M-26MAY250215,Target Price: $62.4165,2026-05-25 02:00:00-04:00,2026-05-25 02:15:00-04:00,62.4393,62.4165,yes
KXHYPE15M-26MAY250200,Target Price: $62.0422,2026-05-25 01:45:00-04:00,2026-05-25 02:00:00-04:00,62.4165,62.0422,yes
KXHYPE15M-26MAY250145,Target Price: $62.3039,2026-05-25 01:30:00-04:00,2026-05-25 01:45:00-04:00,62.0422,62.3039,no
KXHYPE15M-26MAY250130,Target Price: $62.8456,2026-05-25 01:15:00-04:00,2026-05-25 01:30:00-04:00,62.3039,62.8456,no
KXHYPE15M-26MAY250115,Target Price: $62.6491,2026-05-25 01:00:00-04:00,2026-05-25 01:15:00-04:00,62.8456,62.6491,yes
KXHYPE15M-26MAY250100,Target Price: $62.3215,2026-05-25 00:45:00-04:00,2026-05-25 01:00:00-04:00,62.6491,62.3215,yes
KXHYPE15M-26MAY250045,Target Price: $61.5864,2026-05-25 00:30:00-04:00,2026-05-25 00:45:00-04:00,62.3215,61.5864,yes
KXHYPE15M-26MAY250030,Target Price: $61.7259,2026-05-25 00:15:00-04:00,2026-05-25 00:30:00-04:00,61.5864,61.7259,no
KXHYPE15M-26MAY250015,Target Price: $61.4572,2026-05-25 00:00:00-04:00,2026-05-25 00:15:00-04:00,61.7259,61.4572,yes
KXHYPE15M-26MAY250000,Target Price: $61.4982,2026-05-24 23:45:00-04:00,2026-05-25 00:00:00-04:00,61.4572,61.4982,no
KXHYPE15M-26MAY242345,Target Price: $61.4681,2026-05-24 23:30:00-04:00,2026-05-24 23:45:00-04:00,61.4982,61.4681,yes
KXHYPE15M-26MAY242330,Target Price: $61.4155,2026-05-24 23:15:00-04:00,2026-05-24 23:30:00-04:00,61.4681,61.4155,yes
KXHYPE15M-26MAY242315,Target Price: $61.3626,2026-05-24 23:00:00-04:00,2026-05-24 23:15:00-04:00,61.4155,61.3626,yes
KXHYPE15M-26MAY242300,Target Price: $61.2121,2026-05-24 22:45:00-04:00,2026-05-24 23:00:00-04:00,61.3626,61.2121,yes
KXHYPE15M-26MAY242245,Target Price: $61.3640,2026-05-24 22:30:00-04:00,2026-05-24 22:45:00-04:00,61.2121,61.364,no
KXHYPE15M-26MAY242230,Target Price: $61.5496,2026-05-24 22:15:00-04:00,2026-05-24 22:30:00-04:00,61.3640,61.5496,no
KXHYPE15M-26MAY242215,Target Price: $60.9999,2026-05-24 22:00:00-04:00,2026-05-24 22:15:00-04:00,61.5496,60.9999,yes
KXHYPE15M-26MAY242200,Target Price: $61.7054,2026-05-24 21:45:00-04:00,2026-05-24 22:00:00-04:00,60.9999,61.7054,no
KXHYPE15M-26MAY242145,Target Price: $61.7368,2026-05-24 21:30:00-04:00,2026-05-24 21:45:00-04:00,61.7054,61.7368,no
KXHYPE15M-26MAY242130,Target Price: $61.8032,2026-05-24 21:15:00-04:00,2026-05-24 21:30:00-04:00,61.7368,61.8032,no
KXHYPE15M-26MAY242115,Target Price: $61.8821,2026-05-24 21:00:00-04:00,2026-05-24 21:15:00-04:00,61.8032,61.8821,no
KXHYPE15M-26MAY242100,Target Price: $62.2893,2026-05-24 20:45:00-04:00,2026-05-24 21:00:00-04:00,61.8821,62.2893,no
KXHYPE15M-26MAY242045,Target Price: $62.0274,2026-05-24 20:30:00-04:00,2026-05-24 20:45:00-04:00,62.2893,62.0274,yes
KXHYPE15M-26MAY242030,Target Price: $62.4476,2026-05-24 20:15:00-04:00,2026-05-24 20:30:00-04:00,62.0274,62.4476,no
KXHYPE15M-26MAY242015,Target Price: $62.7547,2026-05-24 20:00:00-04:00,2026-05-24 20:15:00-04:00,62.4476,62.7547,no
KXHYPE15M-26MAY242000,Target Price: $63.1788,2026-05-24 19:45:00-04:00,2026-05-24 20:00:00-04:00,62.7547,63.1788,no
KXHYPE15M-26MAY241945,Target Price: $63.1899,2026-05-24 19:30:00-04:00,2026-05-24 19:45:00-04:00,63.1788,63.1899,no
KXHYPE15M-26MAY241930,Target Price: $62.7237,2026-05-24 19:15:00-04:00,2026-05-24 19:30:00-04:00,63.1899,62.7237,yes
KXHYPE15M-26MAY241915,Target Price: $62.3799,2026-05-24 19:00:00-04:00,2026-05-24 19:15:00-04:00,62.7237,62.3799,yes
KXHYPE15M-26MAY241900,Target Price: $62.0036,2026-05-24 18:45:00-04:00,2026-05-24 19:00:00-04:00,62.3799,62.0036,yes
KXHYPE15M-26MAY241845,Target Price: $62.4774,2026-05-24 18:30:00-04:00,2026-05-24 18:45:00-04:00,62.0036,62.4774,no
KXHYPE15M-26MAY241830,Target Price: $62.3478,2026-05-24 18:15:00-04:00,2026-05-24 18:30:00-04:00,62.4774,62.3478,yes
KXHYPE15M-26MAY241815,Target Price: $61.4678,2026-05-24 18:00:00-04:00,2026-05-24 18:15:00-04:00,62.3478,61.4678,yes
KXHYPE15M-26MAY241800,Target Price: $61.6297,2026-05-24 17:45:00-04:00,2026-05-24 18:00:00-04:00,61.4678,61.6297,no
KXHYPE15M-26MAY241745,Target Price: $61.8076,2026-05-24 17:30:00-04:00,2026-05-24 17:45:00-04:00,61.6297,61.8076,no
KXHYPE15M-26MAY241730,Target Price: $62.4075,2026-05-24 17:15:00-04:00,2026-05-24 17:30:00-04:00,61.8076,62.4075,no
KXHYPE15M-26MAY241715,Target Price: $62.1128,2026-05-24 17:00:00-04:00,2026-05-24 17:15:00-04:00,62.4075,62.1128,yes
KXHYPE15M-26MAY241700,Target Price: $62.3370,2026-05-24 16:45:00-04:00,2026-05-24 17:00:00-04:00,62.1128,62.337,no
KXHYPE15M-26MAY241645,Target Price: $62.7879,2026-05-24 16:30:00-04:00,2026-05-24 16:45:00-04:00,62.3370,62.7879,no
KXHYPE15M-26MAY241630,Target Price: $62.8052,2026-05-24 16:15:00-04:00,2026-05-24 16:30:00-04:00,62.7879,62.8052,no
KXHYPE15M-26MAY241615,Target Price: $62.9375,2026-05-24 16:00:00-04:00,2026-05-24 16:15:00-04:00,62.8052,62.9375,no
KXHYPE15M-26MAY241600,Target Price: $63.5871,2026-05-24 15:45:00-04:00,2026-05-24 16:00:00-04:00,62.9375,63.5871,no
KXHYPE15M-26MAY241545,Target Price: $63.4873,2026-05-24 15:30:00-04:00,2026-05-24 15:45:00-04:00,63.5871,63.4873,yes
KXHYPE15M-26MAY241530,Target Price: $63.7069,2026-05-24 15:15:00-04:00,2026-05-24 15:30:00-04:00,63.4873,63.7069,no
KXHYPE15M-26MAY241515,Target Price: $63.8308,2026-05-24 15:00:00-04:00,2026-05-24 15:15:00-04:00,63.7069,63.8308,no
KXHYPE15M-26MAY241500,Target Price: $62.8131,2026-05-24 14:45:00-04:00,2026-05-24 15:00:00-04:00,63.8308,62.8131,yes
KXHYPE15M-26MAY241445,Target Price: $62.6999,2026-05-24 14:30:00-04:00,2026-05-24 14:45:00-04:00,62.8131,62.6999,yes
KXHYPE15M-26MAY241430,Target Price: $62.8865,2026-05-24 14:15:00-04:00,2026-05-24 14:30:00-04:00,62.6999,62.8865,no
KXHYPE15M-26MAY241415,Target Price: $63.0559,2026-05-24 14:00:00-04:00,2026-05-24 14:15:00-04:00,62.8865,63.0559,no
KXHYPE15M-26MAY241400,Target Price: $63.2914,2026-05-24 13:45:00-04:00,2026-05-24 14:00:00-04:00,63.0559,63.2914,no
KXHYPE15M-26MAY241345,Target Price: $63.2513,2026-05-24 13:30:00-04:00,2026-05-24 13:45:00-04:00,63.2914,63.2513,yes
KXHYPE15M-26MAY241330,Target Price: $63.1154,2026-05-24 13:15:00-04:00,2026-05-24 13:30:00-04:00,63.2513,63.1154,yes
KXHYPE15M-26MAY241315,Target Price: $63.5126,2026-05-24 13:00:00-04:00,2026-05-24 13:15:00-04:00,63.1154,63.5126,no
KXHYPE15M-26MAY241300,Target Price: $63.2282,2026-05-24 12:45:00-04:00,2026-05-24 13:00:00-04:00,63.5126,63.2282,yes
KXHYPE15M-26MAY241245,Target Price: $63.2398,2026-05-24 12:30:00-04:00,2026-05-24 12:45:00-04:00,63.2282,63.2398,no
KXHYPE15M-26MAY241230,Target Price: $63.7430,2026-05-24 12:15:00-04:00,2026-05-24 12:30:00-04:00,63.2398,63.743,no
KXHYPE15M-26MAY241215,Target Price: $63.5843,2026-05-24 12:00:00-04:00,2026-05-24 12:15:00-04:00,63.7430,63.5843,yes
KXHYPE15M-26MAY241200,Target Price: $63.4959,2026-05-24 11:45:00-04:00,2026-05-24 12:00:00-04:00,63.5843,63.4959,yes
KXHYPE15M-26MAY241145,Target Price: $63.3515,2026-05-24 11:30:00-04:00,2026-05-24 11:45:00-04:00,63.4959,63.3515,yes
KXHYPE15M-26MAY241130,Target Price: $62.8201,2026-05-24 11:15:00-04:00,2026-05-24 11:30:00-04:00,63.3515,62.8201,yes
KXHYPE15M-26MAY241115,Target Price: $62.8486,2026-05-24 11:00:00-04:00,2026-05-24 11:15:00-04:00,62.8201,62.8486,no
KXHYPE15M-26MAY241100,Target Price: $62.8082,2026-05-24 10:45:00-04:00,2026-05-24 11:00:00-04:00,62.8486,62.8082,yes
KXHYPE15M-26MAY241045,Target Price: $62.2776,2026-05-24 10:30:00-04:00,2026-05-24 10:45:00-04:00,62.8082,62.2776,yes
KXHYPE15M-26MAY241030,Target Price: $62.7445,2026-05-24 10:15:00-04:00,2026-05-24 10:30:00-04:00,62.2776,62.7445,no
KXHYPE15M-26MAY241015,Target Price: $63.0957,2026-05-24 10:00:00-04:00,2026-05-24 10:15:00-04:00,62.7445,63.0957,no
KXHYPE15M-26MAY241000,Target Price: $63.9081,2026-05-24 09:45:00-04:00,2026-05-24 10:00:00-04:00,63.0957,63.9081,no
KXHYPE15M-26MAY240945,Target Price: $63.9469,2026-05-24 09:30:00-04:00,2026-05-24 09:45:00-04:00,63.9081,63.9469,no
KXHYPE15M-26MAY240930,Target Price: $63.7949,2026-05-24 09:15:00-04:00,2026-05-24 09:30:00-04:00,63.9469,63.7949,yes
KXHYPE15M-26MAY240915,Target Price: $64.0800,2026-05-24 09:00:00-04:00,2026-05-24 09:15:00-04:00,63.7949,64.08,no
KXHYPE15M-26MAY240900,Target Price: $63.6014,2026-05-24 08:45:00-04:00,2026-05-24 09:00:00-04:00,64.0800,63.6014,yes
KXHYPE15M-26MAY240845,Target Price: $63.1012,2026-05-24 08:30:00-04:00,2026-05-24 08:45:00-04:00,63.6014,63.1012,yes
KXHYPE15M-26MAY240830,Target Price: $62.9596,2026-05-24 08:15:00-04:00,2026-05-24 08:30:00-04:00,63.1012,62.9596,yes
KXHYPE15M-26MAY240815,Target Price: $62.7713,2026-05-24 08:00:00-04:00,2026-05-24 08:15:00-04:00,62.9596,62.7713,yes
KXHYPE15M-26MAY240800,Target Price: $62.9605,2026-05-24 07:45:00-04:00,2026-05-24 08:00:00-04:00,62.7713,62.9605,no
KXHYPE15M-26MAY240745,Target Price: $63.0136,2026-05-24 07:30:00-04:00,2026-05-24 07:45:00-04:00,62.9605,63.0136,no
KXHYPE15M-26MAY240730,Target Price: $63.1334,2026-05-24 07:15:00-04:00,2026-05-24 07:30:00-04:00,63.0136,63.1334,no
KXHYPE15M-26MAY240715,Target Price: $62.9777,2026-05-24 07:00:00-04:00,2026-05-24 07:15:00-04:00,63.1334,62.9777,yes
KXHYPE15M-26MAY240700,Target Price: $62.6199,2026-05-24 06:45:00-04:00,2026-05-24 07:00:00-04:00,62.9777,62.6199,yes
KXHYPE15M-26MAY240645,Target Price: $63.0130,2026-05-24 06:30:00-04:00,2026-05-24 06:45:00-04:00,62.6199,63.013,no
KXHYPE15M-26MAY240630,Target Price: $63.1749,2026-05-24 06:15:00-04:00,2026-05-24 06:30:00-04:00,63.0130,63.1749,no
KXHYPE15M-26MAY240615,Target Price: $63.7732,2026-05-24 06:00:00-04:00,2026-05-24 06:15:00-04:00,63.1749,63.7732,no
KXHYPE15M-26MAY240600,Target Price: $64.0433,2026-05-24 05:45:00-04:00,2026-05-24 06:00:00-04:00,63.7732,64.0433,no
KXHYPE15M-26MAY240545,Target Price: $63.3498,2026-05-24 05:30:00-04:00,2026-05-24 05:45:00-04:00,64.0433,63.3498,yes
KXHYPE15M-26MAY240530,Target Price: $63.2865,2026-05-24 05:15:00-04:00,2026-05-24 05:30:00-04:00,63.3498,63.2865,yes
KXHYPE15M-26MAY240515,Target Price: $62.7425,2026-05-24 05:00:00-04:00,2026-05-24 05:15:00-04:00,63.2865,62.7425,yes
KXHYPE15M-26MAY240500,Target Price: $62.5733,2026-05-24 04:45:00-04:00,2026-05-24 05:00:00-04:00,62.7425,62.5733,yes
KXHYPE15M-26MAY240445,Target Price: $62.3817,2026-05-24 04:30:00-04:00,2026-05-24 04:45:00-04:00,62.5733,62.3817,yes
KXHYPE15M-26MAY240430,Target Price: $62.0088,2026-05-24 04:15:00-04:00,2026-05-24 04:30:00-04:00,62.3817,62.0088,yes
KXHYPE15M-26MAY240415,Target Price: $61.8838,2026-05-24 04:00:00-04:00,2026-05-24 04:15:00-04:00,62.0088,61.8838,yes
KXHYPE15M-26MAY240400,Target Price: $61.2948,2026-05-24 03:45:00-04:00,2026-05-24 04:00:00-04:00,61.8838,61.2948,yes
KXHYPE15M-26MAY240345,Target Price: $61.3083,2026-05-24 03:30:00-04:00,2026-05-24 03:45:00-04:00,61.2948,61.3083,no
KXHYPE15M-26MAY240330,Target Price: $61.5725,2026-05-24 03:15:00-04:00,2026-05-24 03:30:00-04:00,61.3083,61.5725,no
KXHYPE15M-26MAY240315,Target Price: $61.7699,2026-05-24 03:00:00-04:00,2026-05-24 03:15:00-04:00,61.5725,61.7699,no
KXHYPE15M-26MAY240300,Target Price: $61.5961,2026-05-24 02:45:00-04:00,2026-05-24 03:00:00-04:00,61.7699,61.5961,yes
KXHYPE15M-26MAY240245,Target Price: $61.0053,2026-05-24 02:30:00-04:00,2026-05-24 02:45:00-04:00,61.5961,61.0053,yes
KXHYPE15M-26MAY240230,Target Price: $60.6701,2026-05-24 02:15:00-04:00,2026-05-24 02:30:00-04:00,61.0053,60.6701,yes
KXHYPE15M-26MAY240215,Target Price: $61.1829,2026-05-24 02:00:00-04:00,2026-05-24 02:15:00-04:00,60.6701,61.1829,no
KXHYPE15M-26MAY240200,Target Price: $60.9857,2026-05-24 01:45:00-04:00,2026-05-24 02:00:00-04:00,61.1829,60.9857,yes
KXHYPE15M-26MAY240145,Target Price: $60.5131,2026-05-24 01:30:00-04:00,2026-05-24 01:45:00-04:00,60.9857,60.5131,yes
KXHYPE15M-26MAY240130,Target price: TBD,2026-05-24 01:15:00-04:00,2026-05-24 01:30:00-04:00,60.5131,,yes
KXHYPE15M-26MAY240115,Target Price: $60.3133,2026-05-24 01:00:00-04:00,2026-05-24 01:15:00-04:00,60.2119,60.3133,no
KXHYPE15M-26MAY240100,Target Price: $59.7922,2026-05-24 00:45:00-04:00,2026-05-24 01:00:00-04:00,60.3133,59.7922,yes
KXHYPE15M-26MAY240045,Target Price: $59.7917,2026-05-24 00:30:00-04:00,2026-05-24 00:45:00-04:00,59.7922,59.7917,yes
KXHYPE15M-26MAY240030,Target Price: $59.8718,2026-05-24 00:15:00-04:00,2026-05-24 00:30:00-04:00,59.7917,59.8718,no
KXHYPE15M-26MAY240015,Target Price: $60.1774,2026-05-24 00:00:00-04:00,2026-05-24 00:15:00-04:00,59.8718,60.1774,no
KXHYPE15M-26MAY240000,Target Price: $60.0098,2026-05-23 23:45:00-04:00,2026-05-24 00:00:00-04:00,60.1774,60.0098,yes
KXHYPE15M-26MAY232345,Target Price: $60.3355,2026-05-23 23:30:00-04:00,2026-05-23 23:45:00-04:00,60.0098,60.3355,no
KXHYPE15M-26MAY232330,Target Price: $60.1906,2026-05-23 23:15:00-04:00,2026-05-23 23:30:00-04:00,60.3355,60.1906,yes
KXHYPE15M-26MAY232315,Target Price: $60.0547,2026-05-23 23:00:00-04:00,2026-05-23 23:15:00-04:00,60.1906,60.0547,yes
KXHYPE15M-26MAY232300,Target Price: $59.8645,2026-05-23 22:45:00-04:00,2026-05-23 23:00:00-04:00,60.0547,59.8645,yes
KXHYPE15M-26MAY232245,Target Price: $59.9905,2026-05-23 22:30:00-04:00,2026-05-23 22:45:00-04:00,59.8645,59.9905,no
KXHYPE15M-26MAY232230,Target Price: $60.4626,2026-05-23 22:15:00-04:00,2026-05-23 22:30:00-04:00,59.9905,60.4626,no
KXHYPE15M-26MAY232215,Target Price: $60.1941,2026-05-23 22:00:00-04:00,2026-05-23 22:15:00-04:00,60.4626,60.1941,yes
KXHYPE15M-26MAY232200,Target Price: $60.7459,2026-05-23 21:45:00-04:00,2026-05-23 22:00:00-04:00,60.1941,60.7459,no
KXHYPE15M-26MAY232145,Target Price: $60.8079,2026-05-23 21:30:00-04:00,2026-05-23 21:45:00-04:00,60.7459,60.8079,no
KXHYPE15M-26MAY232130,Target Price: $60.6578,2026-05-23 21:15:00-04:00,2026-05-23 21:30:00-04:00,60.8079,60.6578,yes
KXHYPE15M-26MAY232115,Target Price: $59.8034,2026-05-23 21:00:00-04:00,2026-05-23 21:15:00-04:00,60.6578,59.8034,yes
KXHYPE15M-26MAY232100,Target Price: $59.3300,2026-05-23 20:45:00-04:00,2026-05-23 21:00:00-04:00,59.8034,59.33,yes
KXHYPE15M-26MAY232045,Target Price: $59.0699,2026-05-23 20:30:00-04:00,2026-05-23 20:45:00-04:00,59.3300,59.0699,yes
KXHYPE15M-26MAY232030,Target Price: $58.7527,2026-05-23 20:15:00-04:00,2026-05-23 20:30:00-04:00,59.0699,58.7527,yes
KXHYPE15M-26MAY232015,Target Price: $58.6301,2026-05-23 20:00:00-04:00,2026-05-23 20:15:00-04:00,58.7527,58.6301,yes
KXHYPE15M-26MAY232000,Target Price: $58.3272,2026-05-23 19:45:00-04:00,2026-05-23 20:00:00-04:00,58.6301,58.3272,yes
KXHYPE15M-26MAY231945,Target Price: $58.2877,2026-05-23 19:30:00-04:00,2026-05-23 19:45:00-04:00,58.3272,58.2877,yes
KXHYPE15M-26MAY231930,Target Price: $58.1612,2026-05-23 19:15:00-04:00,2026-05-23 19:30:00-04:00,58.2877,58.1612,yes
KXHYPE15M-26MAY231915,Target Price: $57.9558,2026-05-23 19:00:00-04:00,2026-05-23 19:15:00-04:00,58.1612,57.9558,yes
KXHYPE15M-26MAY231900,Target Price: $57.7702,2026-05-23 18:45:00-04:00,2026-05-23 19:00:00-04:00,57.9558,57.7702,yes
KXHYPE15M-26MAY231845,Target Price: $57.5164,2026-05-23 18:30:00-04:00,2026-05-23 18:45:00-04:00,57.7702,57.5164,yes
KXHYPE15M-26MAY231830,Target Price: $58.1471,2026-05-23 18:15:00-04:00,2026-05-23 18:30:00-04:00,57.5164,58.1471,no
KXHYPE15M-26MAY231815,Target Price: $58.0431,2026-05-23 18:00:00-04:00,2026-05-23 18:15:00-04:00,58.1471,58.0431,yes
KXHYPE15M-26MAY231800,Target Price: $58.1323,2026-05-23 17:45:00-04:00,2026-05-23 18:00:00-04:00,58.0431,58.1323,no
KXHYPE15M-26MAY231745,Target Price: $58.7750,2026-05-23 17:30:00-04:00,2026-05-23 17:45:00-04:00,58.1323,58.775,no
KXHYPE15M-26MAY231730,Target Price: $58.9898,2026-05-23 17:15:00-04:00,2026-05-23 17:30:00-04:00,58.7750,58.9898,no
KXHYPE15M-26MAY231715,Target Price: $59.3215,2026-05-23 17:00:00-04:00,2026-05-23 17:15:00-04:00,58.9898,59.3215,no
KXHYPE15M-26MAY231700,Target Price: $59.6328,2026-05-23 16:45:00-04:00,2026-05-23 17:00:00-04:00,59.3215,59.6328,no
KXHYPE15M-26MAY231645,Target Price: $58.3764,2026-05-23 16:30:00-04:00,2026-05-23 16:45:00-04:00,59.6328,58.3764,yes
KXHYPE15M-26MAY231630,Target Price: $58.3779,2026-05-23 16:15:00-04:00,2026-05-23 16:30:00-04:00,58.3764,58.3779,no
KXHYPE15M-26MAY231615,Target Price: $58.3321,2026-05-23 16:00:00-04:00,2026-05-23 16:15:00-04:00,58.3779,58.3321,yes
KXHYPE15M-26MAY231600,Target Price: $58.1895,2026-05-23 15:45:00-04:00,2026-05-23 16:00:00-04:00,58.3321,58.1895,yes
KXHYPE15M-26MAY231545,Target Price: $58.2310,2026-05-23 15:30:00-04:00,2026-05-23 15:45:00-04:00,58.1895,58.231,no
KXHYPE15M-26MAY231530,Target Price: $58.2795,2026-05-23 15:15:00-04:00,2026-05-23 15:30:00-04:00,58.2310,58.2795,no
KXHYPE15M-26MAY231515,Target Price: $58.5715,2026-05-23 15:00:00-04:00,2026-05-23 15:15:00-04:00,58.2795,58.5715,no
KXHYPE15M-26MAY231500,Target Price: $58.7602,2026-05-23 14:45:00-04:00,2026-05-23 15:00:00-04:00,58.5715,58.7602,no
KXHYPE15M-26MAY231445,Target Price: $58.5161,2026-05-23 14:30:00-04:00,2026-05-23 14:45:00-04:00,58.7602,58.5161,yes
KXHYPE15M-26MAY231430,Target Price: $58.2546,2026-05-23 14:15:00-04:00,2026-05-23 14:30:00-04:00,58.5161,58.2546,yes
KXHYPE15M-26MAY231415,Target Price: $57.4752,2026-05-23 14:00:00-04:00,2026-05-23 14:15:00-04:00,58.2546,57.4752,yes
KXHYPE15M-26MAY231400,Target Price: $57.4377,2026-05-23 13:45:00-04:00,2026-05-23 14:00:00-04:00,57.4752,57.4377,yes
KXHYPE15M-26MAY231345,Target Price: $57.4804,2026-05-23 13:30:00-04:00,2026-05-23 13:45:00-04:00,57.4377,57.4804,no
KXHYPE15M-26MAY231330,Target Price: $57.6019,2026-05-23 13:15:00-04:00,2026-05-23 13:30:00-04:00,57.4804,57.6019,no
KXHYPE15M-26MAY231315,Target Price: $57.6629,2026-05-23 13:00:00-04:00,2026-05-23 13:15:00-04:00,57.6019,57.6629,no
KXHYPE15M-26MAY231300,Target Price: $57.5588,2026-05-23 12:45:00-04:00,2026-05-23 13:00:00-04:00,57.6629,57.5588,yes
KXHYPE15M-26MAY231245,Target Price: $57.1174,2026-05-23 12:30:00-04:00,2026-05-23 12:45:00-04:00,57.5588,57.1174,yes
KXHYPE15M-26MAY231230,Target Price: $57.4622,2026-05-23 12:15:00-04:00,2026-05-23 12:30:00-04:00,57.1174,57.4622,no
KXHYPE15M-26MAY231215,Target Price: $57.1133,2026-05-23 12:00:00-04:00,2026-05-23 12:15:00-04:00,57.4622,57.1133,yes
KXHYPE15M-26MAY231200,Target Price: $57.2111,2026-05-23 11:45:00-04:00,2026-05-23 12:00:00-04:00,57.1133,57.2111,no
KXHYPE15M-26MAY231145,Target Price: $57.1413,2026-05-23 11:30:00-04:00,2026-05-23 11:45:00-04:00,57.2111,57.1413,yes
KXHYPE15M-26MAY231130,Target Price: $57.0945,2026-05-23 11:15:00-04:00,2026-05-23 11:30:00-04:00,57.1413,57.0945,yes
KXHYPE15M-26MAY231115,Target Price: $56.5013,2026-05-23 11:00:00-04:00,2026-05-23 11:15:00-04:00,57.0945,56.5013,yes
KXHYPE15M-26MAY231100,Target Price: $56.0902,2026-05-23 10:45:00-04:00,2026-05-23 11:00:00-04:00,56.5013,56.0902,yes
KXHYPE15M-26MAY231045,Target Price: $55.6979,2026-05-23 10:30:00-04:00,2026-05-23 10:45:00-04:00,56.0902,55.6979,yes
KXHYPE15M-26MAY231030,Target Price: $55.3705,2026-05-23 10:15:00-04:00,2026-05-23 10:30:00-04:00,55.6979,55.3705,yes
KXHYPE15M-26MAY231015,Target Price: $55.1671,2026-05-23 10:00:00-04:00,2026-05-23 10:15:00-04:00,55.3705,55.1671,yes
KXHYPE15M-26MAY231000,Target Price: $55.2726,2026-05-23 09:45:00-04:00,2026-05-23 10:00:00-04:00,55.1671,55.2726,no
KXHYPE15M-26MAY230945,Target Price: $55.5468,2026-05-23 09:30:00-04:00,2026-05-23 09:45:00-04:00,55.2726,55.5468,no
KXHYPE15M-26MAY230930,Target Price: $55.5160,2026-05-23 09:15:00-04:00,2026-05-23 09:30:00-04:00,55.5468,55.516,yes
KXHYPE15M-26MAY230915,Target Price: $55.0088,2026-05-23 09:00:00-04:00,2026-05-23 09:15:00-04:00,55.5160,55.0088,yes
KXHYPE15M-26MAY230900,Target Price: $55.1368,2026-05-23 08:45:00-04:00,2026-05-23 09:00:00-04:00,55.0088,55.1368,no
KXHYPE15M-26MAY230845,Target Price: $54.9362,2026-05-23 08:30:00-04:00,2026-05-23 08:45:00-04:00,55.1368,54.9362,yes
KXHYPE15M-26MAY230830,Target Price: $54.8500,2026-05-23 08:15:00-04:00,2026-05-23 08:30:00-04:00,54.9362,54.85,yes
KXHYPE15M-26MAY230815,Target Price: $54.9624,2026-05-23 08:00:00-04:00,2026-05-23 08:15:00-04:00,54.8500,54.9624,no
KXHYPE15M-26MAY230800,Target Price: $55.1551,2026-05-23 07:45:00-04:00,2026-05-23 08:00:00-04:00,54.9624,55.1551,no
KXHYPE15M-26MAY230745,Target Price: $55.0034,2026-05-23 07:30:00-04:00,2026-05-23 07:45:00-04:00,55.1551,55.0034,yes
KXHYPE15M-26MAY230730,Target Price: $55.1251,2026-05-23 07:15:00-04:00,2026-05-23 07:30:00-04:00,55.0034,55.1251,no
KXHYPE15M-26MAY230715,Target Price: $55.3905,2026-05-23 07:00:00-04:00,2026-05-23 07:15:00-04:00,55.1251,55.3905,no
KXHYPE15M-26MAY230700,Target Price: $55.6461,2026-05-23 06:45:00-04:00,2026-05-23 07:00:00-04:00,55.3905,55.6461,no
KXHYPE15M-26MAY230645,Target Price: $55.5629,2026-05-23 06:30:00-04:00,2026-05-23 06:45:00-04:00,55.6461,55.5629,yes
KXHYPE15M-26MAY230630,Target Price: $55.6189,2026-05-23 06:15:00-04:00,2026-05-23 06:30:00-04:00,55.5629,55.6189,no
KXHYPE15M-26MAY230615,Target Price: $55.2459,2026-05-23 06:00:00-04:00,2026-05-23 06:15:00-04:00,55.6189,55.2459,yes
KXHYPE15M-26MAY230600,Target Price: $55.6403,2026-05-23 05:45:00-04:00,2026-05-23 06:00:00-04:00,55.2459,55.6403,no
KXHYPE15M-26MAY230545,Target Price: $55.8153,2026-05-23 05:30:00-04:00,2026-05-23 05:45:00-04:00,55.6403,55.8153,no
KXHYPE15M-26MAY230530,Target Price: $55.7116,2026-05-23 05:15:00-04:00,2026-05-23 05:30:00-04:00,55.8153,55.7116,yes
KXHYPE15M-26MAY230515,Target Price: $56.1522,2026-05-23 05:00:00-04:00,2026-05-23 05:15:00-04:00,55.7116,56.1522,no
KXHYPE15M-26MAY230500,Target Price: $55.9447,2026-05-23 04:45:00-04:00,2026-05-23 05:00:00-04:00,56.1522,55.9447,yes
KXHYPE15M-26MAY230445,Target Price: $55.5584,2026-05-23 04:30:00-04:00,2026-05-23 04:45:00-04:00,55.9447,55.5584,yes
KXHYPE15M-26MAY230430,Target Price: $55.4992,2026-05-23 04:15:00-04:00,2026-05-23 04:30:00-04:00,55.5584,55.4992,yes
KXHYPE15M-26MAY230415,Target Price: $55.4674,2026-05-23 04:00:00-04:00,2026-05-23 04:15:00-04:00,55.4992,55.4674,yes
KXHYPE15M-26MAY230400,Target Price: $54.9681,2026-05-23 03:45:00-04:00,2026-05-23 04:00:00-04:00,55.4674,54.9681,yes
KXHYPE15M-26MAY230345,Target Price: $55.1956,2026-05-23 03:30:00-04:00,2026-05-23 03:45:00-04:00,54.9681,55.1956,no
KXHYPE15M-26MAY230330,Target Price: $55.1857,2026-05-23 03:15:00-04:00,2026-05-23 03:30:00-04:00,55.1956,55.1857,yes
KXHYPE15M-26MAY230315,Target Price: $55.0394,2026-05-23 03:00:00-04:00,2026-05-23 03:15:00-04:00,55.1857,55.0394,yes
KXHYPE15M-26MAY230300,Target Price: $54.9562,2026-05-23 02:45:00-04:00,2026-05-23 03:00:00-04:00,55.0394,54.9562,yes
KXHYPE15M-26MAY230245,Target Price: $55.1379,2026-05-23 02:30:00-04:00,2026-05-23 02:45:00-04:00,54.9562,55.1379,no
KXHYPE15M-26MAY230230,Target Price: $55.2309,2026-05-23 02:15:00-04:00,2026-05-23 02:30:00-04:00,55.1379,55.2309,no
KXHYPE15M-26MAY230215,Target Price: $55.2595,2026-05-23 02:00:00-04:00,2026-05-23 02:15:00-04:00,55.2309,55.2595,no
KXHYPE15M-26MAY230200,Target Price: $55.6663,2026-05-23 01:45:00-04:00,2026-05-23 02:00:00-04:00,55.2595,55.6663,no
KXHYPE15M-26MAY230145,Target Price: $55.1564,2026-05-23 01:30:00-04:00,2026-05-23 01:45:00-04:00,55.6663,55.1564,yes
KXHYPE15M-26MAY230130,Target Price: $55.1972,2026-05-23 01:15:00-04:00,2026-05-23 01:30:00-04:00,55.1564,55.1972,no
KXHYPE15M-26MAY230115,Target Price: $55.1109,2026-05-23 01:00:00-04:00,2026-05-23 01:15:00-04:00,55.1972,55.1109,yes
KXHYPE15M-26MAY230100,Target Price: $55.2809,2026-05-23 00:45:00-04:00,2026-05-23 01:00:00-04:00,55.1109,55.2809,no
KXHYPE15M-26MAY230045,Target Price: $55.3261,2026-05-23 00:30:00-04:00,2026-05-23 00:45:00-04:00,55.2809,55.3261,no
KXHYPE15M-26MAY230030,Target Price: $55.5500,2026-05-23 00:15:00-04:00,2026-05-23 00:30:00-04:00,55.3261,55.55,no
KXHYPE15M-26MAY230015,Target Price: $55.8614,2026-05-23 00:00:00-04:00,2026-05-23 00:15:00-04:00,55.5500,55.8614,no
KXHYPE15M-26MAY230000,Target Price: $55.5815,2026-05-22 23:45:00-04:00,2026-05-23 00:00:00-04:00,55.8614,55.5815,yes
KXHYPE15M-26MAY222345,Target Price: $55.2873,2026-05-22 23:30:00-04:00,2026-05-22 23:45:00-04:00,55.5815,55.2873,yes
KXHYPE15M-26MAY222330,Target Price: $55.3219,2026-05-22 23:15:00-04:00,2026-05-22 23:30:00-04:00,55.2873,55.3219,no
KXHYPE15M-26MAY222315,Target Price: $55.2973,2026-05-22 23:00:00-04:00,2026-05-22 23:15:00-04:00,55.3219,55.2973,yes
KXHYPE15M-26MAY222300,Target Price: $55.0797,2026-05-22 22:45:00-04:00,2026-05-22 23:00:00-04:00,55.2973,55.0797,yes
KXHYPE15M-26MAY222245,Target Price: $54.7871,2026-05-22 22:30:00-04:00,2026-05-22 22:45:00-04:00,55.0797,54.7871,yes
KXHYPE15M-26MAY222230,Target Price: $54.5674,2026-05-22 22:15:00-04:00,2026-05-22 22:30:00-04:00,54.7871,54.5674,yes
KXHYPE15M-26MAY222215,Target Price: $54.6806,2026-05-22 22:00:00-04:00,2026-05-22 22:15:00-04:00,54.5674,54.6806,no
KXHYPE15M-26MAY222200,Target Price: $55.2380,2026-05-22 21:45:00-04:00,2026-05-22 22:00:00-04:00,54.6806,55.238,no
KXHYPE15M-26MAY222145,Target Price: $54.9041,2026-05-22 21:30:00-04:00,2026-05-22 21:45:00-04:00,55.2380,54.9041,yes
KXHYPE15M-26MAY222130,Target Price: $54.4763,2026-05-22 21:15:00-04:00,2026-05-22 21:30:00-04:00,54.9041,54.4763,yes
KXHYPE15M-26MAY222115,Target Price: $55.0101,2026-05-22 21:00:00-04:00,2026-05-22 21:15:00-04:00,54.4763,55.0101,no
KXHYPE15M-26MAY222100,Target Price: $54.4281,2026-05-22 20:45:00-04:00,2026-05-22 21:00:00-04:00,55.0101,54.4281,yes
KXHYPE15M-26MAY222045,Target Price: $54.4216,2026-05-22 20:30:00-04:00,2026-05-22 20:45:00-04:00,54.4281,54.4216,yes
KXHYPE15M-26MAY222030,Target Price: $54.4698,2026-05-22 20:15:00-04:00,2026-05-22 20:30:00-04:00,54.4216,54.4698,no
KXHYPE15M-26MAY222015,Target Price: $54.6288,2026-05-22 20:00:00-04:00,2026-05-22 20:15:00-04:00,54.4698,54.6288,no
KXHYPE15M-26MAY222000,Target Price: $55.1150,2026-05-22 19:45:00-04:00,2026-05-22 20:00:00-04:00,54.6288,55.115,no
KXHYPE15M-26MAY221945,Target Price: $54.7550,2026-05-22 19:30:00-04:00,2026-05-22 19:45:00-04:00,55.1150,54.755,yes
KXHYPE15M-26MAY221930,Target Price: $55.3181,2026-05-22 19:15:00-04:00,2026-05-22 19:30:00-04:00,54.7550,55.3181,no
KXHYPE15M-26MAY221915,Target Price: $55.3227,2026-05-22 19:00:00-04:00,2026-05-22 19:15:00-04:00,55.3181,55.3227,no
KXHYPE15M-26MAY221900,Target Price: $55.4511,2026-05-22 18:45:00-04:00,2026-05-22 19:00:00-04:00,55.3227,55.4511,no
KXHYPE15M-26MAY221845,Target Price: $55.4653,2026-05-22 18:30:00-04:00,2026-05-22 18:45:00-04:00,55.4511,55.4653,no
KXHYPE15M-26MAY221830,Target Price: $55.7526,2026-05-22 18:15:00-04:00,2026-05-22 18:30:00-04:00,55.4653,55.7526,no
KXHYPE15M-26MAY221815,Target Price: $56.2194,2026-05-22 18:00:00-04:00,2026-05-22 18:15:00-04:00,55.7526,56.2194,no
KXHYPE15M-26MAY221800,Target Price: $55.9845,2026-05-22 17:45:00-04:00,2026-05-22 18:00:00-04:00,56.2194,55.9845,yes
KXHYPE15M-26MAY221745,Target Price: $55.8489,2026-05-22 17:30:00-04:00,2026-05-22 17:45:00-04:00,55.9845,55.8489,yes
KXHYPE15M-26MAY221730,Target Price: $55.2980,2026-05-22 17:15:00-04:00,2026-05-22 17:30:00-04:00,55.8489,55.298,yes
KXHYPE15M-26MAY221715,Target Price: $55.0201,2026-05-22 17:00:00-04:00,2026-05-22 17:15:00-04:00,55.2980,55.0201,yes
KXHYPE15M-26MAY221700,Target Price: $55.1218,2026-05-22 16:45:00-04:00,2026-05-22 17:00:00-04:00,55.0201,55.1218,no
KXHYPE15M-26MAY221645,Target Price: $54.9325,2026-05-22 16:30:00-04:00,2026-05-22 16:45:00-04:00,55.1218,54.9325,yes
KXHYPE15M-26MAY221630,Target Price: $54.7457,2026-05-22 16:15:00-04:00,2026-05-22 16:30:00-04:00,54.9325,54.7457,yes
KXHYPE15M-26MAY221615,Target Price: $55.6992,2026-05-22 16:00:00-04:00,2026-05-22 16:15:00-04:00,54.7457,55.6992,no
KXHYPE15M-26MAY221600,Target Price: $55.9148,2026-05-22 15:45:00-04:00,2026-05-22 16:00:00-04:00,55.6992,55.9148,no
KXHYPE15M-26MAY221545,Target Price: $55.3276,2026-05-22 15:30:00-04:00,2026-05-22 15:45:00-04:00,55.9148,55.3276,yes
KXHYPE15M-26MAY221530,Target Price: $55.4244,2026-05-22 15:15:00-04:00,2026-05-22 15:30:00-04:00,55.3276,55.4244,no
KXHYPE15M-26MAY221515,Target Price: $56.8703,2026-05-22 15:00:00-04:00,2026-05-22 15:15:00-04:00,55.4244,56.8703,no
KXHYPE15M-26MAY221500,Target Price: $56.6242,2026-05-22 14:45:00-04:00,2026-05-22 15:00:00-04:00,56.8703,56.6242,yes
KXHYPE15M-26MAY221445,Target Price: $58.1089,2026-05-22 14:30:00-04:00,2026-05-22 14:45:00-04:00,56.6242,58.1089,no
KXHYPE15M-26MAY221430,Target Price: $58.2282,2026-05-22 14:15:00-04:00,2026-05-22 14:30:00-04:00,58.1089,58.2282,no
KXHYPE15M-26MAY221415,Target Price: $57.8590,2026-05-22 14:00:00-04:00,2026-05-22 14:15:00-04:00,58.2282,57.859,yes
KXHYPE15M-26MAY221400,Target Price: $57.7074,2026-05-22 13:45:00-04:00,2026-05-22 14:00:00-04:00,57.8590,57.7074,yes
KXHYPE15M-26MAY221345,Target Price: $57.8606,2026-05-22 13:30:00-04:00,2026-05-22 13:45:00-04:00,57.7074,57.8606,no
KXHYPE15M-26MAY221330,Target Price: $57.7967,2026-05-22 13:15:00-04:00,2026-05-22 13:30:00-04:00,57.8606,57.7967,yes
KXHYPE15M-26MAY221315,Target Price: $57.7303,2026-05-22 13:00:00-04:00,2026-05-22 13:15:00-04:00,57.7967,57.7303,yes
KXHYPE15M-26MAY221300,Target Price: $57.6920,2026-05-22 12:45:00-04:00,2026-05-22 13:00:00-04:00,57.7303,57.692,yes
KXHYPE15M-26MAY221245,Target Price: $57.2508,2026-05-22 12:30:00-04:00,2026-05-22 12:45:00-04:00,57.6920,57.2508,yes
KXHYPE15M-26MAY221230,Target Price: $57.4845,2026-05-22 12:15:00-04:00,2026-05-22 12:30:00-04:00,57.2508,57.4845,no
KXHYPE15M-26MAY221215,Target Price: $57.9369,2026-05-22 12:00:00-04:00,2026-05-22 12:15:00-04:00,57.4845,57.9369,no
KXHYPE15M-26MAY221200,Target Price: $58.0689,2026-05-22 11:45:00-04:00,2026-05-22 12:00:00-04:00,57.9369,58.0689,no
KXHYPE15M-26MAY221145,Target Price: $59.0784,2026-05-22 11:30:00-04:00,2026-05-22 11:45:00-04:00,58.0689,59.0784,no
KXHYPE15M-26MAY221130,Target Price: $58.9641,2026-05-22 11:15:00-04:00,2026-05-22 11:30:00-04:00,59.0784,58.9641,yes
KXHYPE15M-26MAY221115,Target Price: $59.2978,2026-05-22 11:00:00-04:00,2026-05-22 11:15:00-04:00,58.9641,59.2978,no
KXHYPE15M-26MAY221100,Target Price: $59.6689,2026-05-22 10:45:00-04:00,2026-05-22 11:00:00-04:00,59.2978,59.6689,no
KXHYPE15M-26MAY221045,Target Price: $60.3495,2026-05-22 10:30:00-04:00,2026-05-22 10:45:00-04:00,59.6689,60.3495,no
KXHYPE15M-26MAY221030,Target Price: $60.9185,2026-05-22 10:15:00-04:00,2026-05-22 10:30:00-04:00,60.3495,60.9185,no
KXHYPE15M-26MAY221015,Target Price: $61.6539,2026-05-22 10:00:00-04:00,2026-05-22 10:15:00-04:00,60.9185,61.6539,no
KXHYPE15M-26MAY221000,Target Price: $61.7901,2026-05-22 09:45:00-04:00,2026-05-22 10:00:00-04:00,61.6539,61.7901,no
KXHYPE15M-26MAY220945,Target Price: $61.0814,2026-05-22 09:30:00-04:00,2026-05-22 09:45:00-04:00,61.7901,61.0814,yes
KXHYPE15M-26MAY220930,Target Price: $60.8974,2026-05-22 09:15:00-04:00,2026-05-22 09:30:00-04:00,61.0814,60.8974,yes
KXHYPE15M-26MAY220915,Target Price: $60.8972,2026-05-22 09:00:00-04:00,2026-05-22 09:15:00-04:00,60.8974,60.8972,yes
KXHYPE15M-26MAY220900,Target Price: $61.5000,2026-05-22 08:45:00-04:00,2026-05-22 09:00:00-04:00,60.8972,61.5,no
KXHYPE15M-26MAY220845,Target Price: $60.9315,2026-05-22 08:30:00-04:00,2026-05-22 08:45:00-04:00,61.5000,60.9315,yes
KXHYPE15M-26MAY220830,Target Price: $60.7516,2026-05-22 08:15:00-04:00,2026-05-22 08:30:00-04:00,60.9315,60.7516,yes
KXHYPE15M-26MAY220815,Target Price: $60.8205,2026-05-22 08:00:00-04:00,2026-05-22 08:15:00-04:00,60.7516,60.8205,no
KXHYPE15M-26MAY220800,Target Price: $60.3019,2026-05-22 07:45:00-04:00,2026-05-22 08:00:00-04:00,60.8205,60.3019,yes
KXHYPE15M-26MAY220745,Target Price: $59.8713,2026-05-22 07:30:00-04:00,2026-05-22 07:45:00-04:00,60.3019,59.8713,yes
KXHYPE15M-26MAY220730,Target Price: $59.3419,2026-05-22 07:15:00-04:00,2026-05-22 07:30:00-04:00,59.8713,59.3419,yes
KXHYPE15M-26MAY220715,Target Price: $59.1749,2026-05-22 07:00:00-04:00,2026-05-22 07:15:00-04:00,59.3419,59.1749,yes
KXHYPE15M-26MAY220700,Target Price: $59.3155,2026-05-22 06:45:00-04:00,2026-05-22 07:00:00-04:00,59.1749,59.3155,no
KXHYPE15M-26MAY220645,Target Price: $59.5651,2026-05-22 06:30:00-04:00,2026-05-22 06:45:00-04:00,59.3155,59.5651,no
KXHYPE15M-26MAY220630,Target Price: $59.2694,2026-05-22 06:15:00-04:00,2026-05-22 06:30:00-04:00,59.5651,59.2694,yes
KXHYPE15M-26MAY220615,Target Price: $59.0628,2026-05-22 06:00:00-04:00,2026-05-22 06:15:00-04:00,59.2694,59.0628,yes
KXHYPE15M-26MAY220600,Target Price: $59.5230,2026-05-22 05:45:00-04:00,2026-05-22 06:00:00-04:00,59.0628,59.523,no
KXHYPE15M-26MAY220545,Target Price: $59.7717,2026-05-22 05:30:00-04:00,2026-05-22 05:45:00-04:00,59.5230,59.7717,no
KXHYPE15M-26MAY220530,Target Price: $59.6457,2026-05-22 05:15:00-04:00,2026-05-22 05:30:00-04:00,59.7717,59.6457,yes
KXHYPE15M-26MAY220515,Target Price: $59.0609,2026-05-22 05:00:00-04:00,2026-05-22 05:15:00-04:00,59.6457,59.0609,yes
KXHYPE15M-26MAY220500,Target Price: $59.5103,2026-05-22 04:45:00-04:00,2026-05-22 05:00:00-04:00,59.0609,59.5103,no
KXHYPE15M-26MAY220445,Target Price: $58.9303,2026-05-22 04:30:00-04:00,2026-05-22 04:45:00-04:00,59.5103,58.9303,yes
KXHYPE15M-26MAY220430,Target Price: $57.7163,2026-05-22 04:15:00-04:00,2026-05-22 04:30:00-04:00,58.9303,57.7163,yes
KXHYPE15M-26MAY220415,Target Price: $57.8508,2026-05-22 04:00:00-04:00,2026-05-22 04:15:00-04:00,57.7163,57.8508,no
KXHYPE15M-26MAY220400,Target Price: $57.5594,2026-05-22 03:45:00-04:00,2026-05-22 04:00:00-04:00,57.8508,57.5594,yes
KXHYPE15M-26MAY220345,Target Price: $57.4754,2026-05-22 03:30:00-04:00,2026-05-22 03:45:00-04:00,57.5594,57.4754,yes
KXHYPE15M-26MAY220330,Target Price: $56.9834,2026-05-22 03:15:00-04:00,2026-05-22 03:30:00-04:00,57.4754,56.9834,yes
KXHYPE15M-26MAY220315,Target Price: $57.0673,2026-05-22 03:00:00-04:00,2026-05-22 03:15:00-04:00,56.9834,57.0673,no
KXHYPE15M-26MAY220300,Target Price: $57.7943,2026-05-22 02:45:00-04:00,2026-05-22 03:00:00-04:00,57.0673,57.7943,no
KXHYPE15M-26MAY220245,Target Price: $57.9503,2026-05-22 02:30:00-04:00,2026-05-22 02:45:00-04:00,57.7943,57.9503,no
KXHYPE15M-26MAY220230,Target Price: $57.9143,2026-05-22 02:15:00-04:00,2026-05-22 02:30:00-04:00,57.9503,57.9143,yes
KXHYPE15M-26MAY220215,Target Price: $57.8295,2026-05-22 02:00:00-04:00,2026-05-22 02:15:00-04:00,57.9143,57.8295,yes
KXHYPE15M-26MAY220200,Target Price: $57.9471,2026-05-22 01:45:00-04:00,2026-05-22 02:00:00-04:00,57.8295,57.9471,no
KXHYPE15M-26MAY220145,Target Price: $57.7524,2026-05-22 01:30:00-04:00,2026-05-22 01:45:00-04:00,57.9471,57.7524,yes
KXHYPE15M-26MAY220130,Target Price: $58.0424,2026-05-22 01:15:00-04:00,2026-05-22 01:30:00-04:00,57.7524,58.0424,no
KXHYPE15M-26MAY220115,Target Price: $58.0467,2026-05-22 01:00:00-04:00,2026-05-22 01:15:00-04:00,58.0424,58.0467,no
KXHYPE15M-26MAY220100,Target Price: $57.7330,2026-05-22 00:45:00-04:00,2026-05-22 01:00:00-04:00,58.0467,57.733,yes
KXHYPE15M-26MAY220045,Target Price: $57.4727,2026-05-22 00:30:00-04:00,2026-05-22 00:45:00-04:00,57.7330,57.4727,yes
KXHYPE15M-26MAY220030,Target Price: $57.6128,2026-05-22 00:15:00-04:00,2026-05-22 00:30:00-04:00,57.4727,57.6128,no
KXHYPE15M-26MAY220015,Target Price: $57.3854,2026-05-22 00:00:00-04:00,2026-05-22 00:15:00-04:00,57.6128,57.3854,yes
KXHYPE15M-26MAY220000,Target Price: $57.4093,2026-05-21 23:45:00-04:00,2026-05-22 00:00:00-04:00,57.3854,57.4093,no
KXHYPE15M-26MAY212345,Target Price: $57.2477,2026-05-21 23:30:00-04:00,2026-05-21 23:45:00-04:00,57.4093,57.2477,yes
KXHYPE15M-26MAY212330,Target Price: $57.6211,2026-05-21 23:15:00-04:00,2026-05-21 23:30:00-04:00,57.2477,57.6211,no
KXHYPE15M-26MAY212315,Target Price: $57.6060,2026-05-21 23:00:00-04:00,2026-05-21 23:15:00-04:00,57.6211,57.606,yes
KXHYPE15M-26MAY212300,Target Price: $57.8313,2026-05-21 22:45:00-04:00,2026-05-21 23:00:00-04:00,57.6060,57.8313,no
KXHYPE15M-26MAY212245,Target Price: $57.7740,2026-05-21 22:30:00-04:00,2026-05-21 22:45:00-04:00,57.8313,57.774,yes
KXHYPE15M-26MAY212230,Target Price: $57.7483,2026-05-21 22:15:00-04:00,2026-05-21 22:30:00-04:00,57.7740,57.7483,yes
KXHYPE15M-26MAY212215,Target Price: $57.2916,2026-05-21 22:00:00-04:00,2026-05-21 22:15:00-04:00,57.7483,57.2916,yes
KXHYPE15M-26MAY212200,Target Price: $56.8970,2026-05-21 21:45:00-04:00,2026-05-21 22:00:00-04:00,57.2916,56.897,yes
KXHYPE15M-26MAY212145,Target Price: $57.0205,2026-05-21 21:30:00-04:00,2026-05-21 21:45:00-04:00,56.8970,57.0205,no
KXHYPE15M-26MAY212130,Target Price: $57.6138,2026-05-21 21:15:00-04:00,2026-05-21 21:30:00-04:00,57.0205,57.6138,no
KXHYPE15M-26MAY212115,Target Price: $57.3719,2026-05-21 21:00:00-04:00,2026-05-21 21:15:00-04:00,57.6138,57.3719,yes
KXHYPE15M-26MAY212100,Target Price: $57.2720,2026-05-21 20:45:00-04:00,2026-05-21 21:00:00-04:00,57.3719,57.272,yes
KXHYPE15M-26MAY212045,Target Price: $57.6199,2026-05-21 20:30:00-04:00,2026-05-21 20:45:00-04:00,57.2720,57.6199,no
KXHYPE15M-26MAY212030,Target Price: $58.0874,2026-05-21 20:15:00-04:00,2026-05-21 20:30:00-04:00,57.6199,58.0874,no
KXHYPE15M-26MAY212015,Target Price: $58.5615,2026-05-21 20:00:00-04:00,2026-05-21 20:15:00-04:00,58.0874,58.5615,no
KXHYPE15M-26MAY212000,Target Price: $58.7061,2026-05-21 19:45:00-04:00,2026-05-21 20:00:00-04:00,58.5615,58.7061,no
KXHYPE15M-26MAY211945,Target Price: $58.9383,2026-05-21 19:30:00-04:00,2026-05-21 19:45:00-04:00,58.7061,58.9383,no
KXHYPE15M-26MAY211930,Target Price: $58.6439,2026-05-21 19:15:00-04:00,2026-05-21 19:30:00-04:00,58.9383,58.6439,yes
KXHYPE15M-26MAY211915,Target Price: $58.3218,2026-05-21 19:00:00-04:00,2026-05-21 19:15:00-04:00,58.6439,58.3218,yes
KXHYPE15M-26MAY211900,Target Price: $57.8850,2026-05-21 18:45:00-04:00,2026-05-21 19:00:00-04:00,58.3218,57.885,yes
KXHYPE15M-26MAY211845,Target Price: $58.2092,2026-05-21 18:30:00-04:00,2026-05-21 18:45:00-04:00,57.8850,58.2092,no
KXHYPE15M-26MAY211830,Target Price: $57.8978,2026-05-21 18:15:00-04:00,2026-05-21 18:30:00-04:00,58.2092,57.8978,yes
KXHYPE15M-26MAY211815,Target Price: $57.8290,2026-05-21 18:00:00-04:00,2026-05-21 18:15:00-04:00,57.8978,57.829,yes
KXHYPE15M-26MAY211800,Target Price: $57.7673,2026-05-21 17:45:00-04:00,2026-05-21 18:00:00-04:00,57.8290,57.7673,yes
KXHYPE15M-26MAY211745,Target Price: $57.4750,2026-05-21 17:30:00-04:00,2026-05-21 17:45:00-04:00,57.7673,57.475,yes
KXHYPE15M-26MAY211730,Target Price: $57.6018,2026-05-21 17:15:00-04:00,2026-05-21 17:30:00-04:00,57.4750,57.6018,no
KXHYPE15M-26MAY211715,Target Price: $57.8894,2026-05-21 17:00:00-04:00,2026-05-21 17:15:00-04:00,57.6018,57.8894,no
KXHYPE15M-26MAY211700,Target Price: $58.4149,2026-05-21 16:45:00-04:00,2026-05-21 17:00:00-04:00,57.8894,58.4149,no
KXHYPE15M-26MAY211645,Target Price: $58.1637,2026-05-21 16:30:00-04:00,2026-05-21 16:45:00-04:00,58.4149,58.1637,yes
KXHYPE15M-26MAY211630,Target Price: $58.3673,2026-05-21 16:15:00-04:00,2026-05-21 16:30:00-04:00,58.1637,58.3673,no
KXHYPE15M-26MAY211615,Target Price: $57.6657,2026-05-21 16:00:00-04:00,2026-05-21 16:15:00-04:00,58.3673,57.6657,yes
KXHYPE15M-26MAY211600,Target Price: $57.9512,2026-05-21 15:45:00-04:00,2026-05-21 16:00:00-04:00,57.6657,57.9512,no
KXHYPE15M-26MAY211545,Target Price: $57.5841,2026-05-21 15:30:00-04:00,2026-05-21 15:45:00-04:00,57.9512,57.5841,yes
KXHYPE15M-26MAY211530,Target Price: $57.7453,2026-05-21 15:15:00-04:00,2026-05-21 15:30:00-04:00,57.5841,57.7453,no
KXHYPE15M-26MAY211515,Target Price: $58.4217,2026-05-21 15:00:00-04:00,2026-05-21 15:15:00-04:00,57.7453,58.4217,no
KXHYPE15M-26MAY211500,Target Price: $59.1241,2026-05-21 14:45:00-04:00,2026-05-21 15:00:00-04:00,58.4217,59.1241,no
KXHYPE15M-26MAY211445,Target Price: $59.0287,2026-05-21 14:30:00-04:00,2026-05-21 14:45:00-04:00,59.1241,59.0287,yes
KXHYPE15M-26MAY211430,Target Price: $58.7165,2026-05-21 14:15:00-04:00,2026-05-21 14:30:00-04:00,59.0287,58.7165,yes
KXHYPE15M-26MAY211415,Target Price: $58.6631,2026-05-21 14:00:00-04:00,2026-05-21 14:15:00-04:00,58.7165,58.6631,yes
KXHYPE15M-26MAY211400,Target Price: $59.0438,2026-05-21 13:45:00-04:00,2026-05-21 14:00:00-04:00,58.6631,59.0438,no
KXHYPE15M-26MAY211345,Target Price: $59.8369,2026-05-21 13:30:00-04:00,2026-05-21 13:45:00-04:00,59.0438,59.8369,no
KXHYPE15M-26MAY211330,Target Price: $59.4386,2026-05-21 13:15:00-04:00,2026-05-21 13:30:00-04:00,59.8369,59.4386,yes
KXHYPE15M-26MAY211315,Target Price: $58.6479,2026-05-21 13:00:00-04:00,2026-05-21 13:15:00-04:00,59.4386,58.6479,yes
KXHYPE15M-26MAY211300,Target Price: $58.9560,2026-05-21 12:45:00-04:00,2026-05-21 13:00:00-04:00,58.6479,58.956,no
KXHYPE15M-26MAY211245,Target Price: $59.7411,2026-05-21 12:30:00-04:00,2026-05-21 12:45:00-04:00,58.9560,59.7411,no
KXHYPE15M-26MAY211230,Target Price: $59.6704,2026-05-21 12:15:00-04:00,2026-05-21 12:30:00-04:00,59.7411,59.6704,yes
KXHYPE15M-26MAY211215,Target Price: $60.9356,2026-05-21 12:00:00-04:00,2026-05-21 12:15:00-04:00,59.6704,60.9356,no
KXHYPE15M-26MAY211200,Target Price: $60.8516,2026-05-21 11:45:00-04:00,2026-05-21 12:00:00-04:00,60.9356,60.8516,yes
KXHYPE15M-26MAY211145,Target Price: $62.0652,2026-05-21 11:30:00-04:00,2026-05-21 11:45:00-04:00,60.8516,62.0652,no
KXHYPE15M-26MAY211130,Target Price: $61.7749,2026-05-21 11:15:00-04:00,2026-05-21 11:30:00-04:00,62.0652,61.7749,yes
KXHYPE15M-26MAY211115,Target Price: $60.9492,2026-05-21 11:00:00-04:00,2026-05-21 11:15:00-04:00,61.7749,60.9492,yes
KXHYPE15M-26MAY211100,Target Price: $60.2495,2026-05-21 10:45:00-04:00,2026-05-21 11:00:00-04:00,60.9492,60.2495,yes
KXHYPE15M-26MAY211045,Target Price: $60.1398,2026-05-21 10:30:00-04:00,2026-05-21 10:45:00-04:00,60.2495,60.1398,yes
KXHYPE15M-26MAY211030,Target Price: $59.1364,2026-05-21 10:15:00-04:00,2026-05-21 10:30:00-04:00,60.1398,59.1364,yes
KXHYPE15M-26MAY211015,Target Price: $59.4000,2026-05-21 10:00:00-04:00,2026-05-21 10:15:00-04:00,59.1364,59.4,no
KXHYPE15M-26MAY211000,Target Price: $58.7369,2026-05-21 09:45:00-04:00,2026-05-21 10:00:00-04:00,59.4000,58.7369,yes
KXHYPE15M-26MAY210945,Target Price: $59.1853,2026-05-21 09:30:00-04:00,2026-05-21 09:45:00-04:00,58.7369,59.1853,no
KXHYPE15M-26MAY210930,Target Price: $58.1760,2026-05-21 09:15:00-04:00,2026-05-21 09:30:00-04:00,59.1853,58.176,yes
KXHYPE15M-26MAY210915,Target Price: $57.7337,2026-05-21 09:00:00-04:00,2026-05-21 09:15:00-04:00,58.1760,57.7337,yes
KXHYPE15M-26MAY210900,Target Price: $57.5005,2026-05-21 08:45:00-04:00,2026-05-21 09:00:00-04:00,57.7337,57.5005,yes
KXHYPE15M-26MAY210845,Target Price: $57.0634,2026-05-21 08:30:00-04:00,2026-05-21 08:45:00-04:00,57.5005,57.0634,yes
KXHYPE15M-26MAY210830,Target Price: $57.0701,2026-05-21 08:15:00-04:00,2026-05-21 08:30:00-04:00,57.0634,57.0701,no
KXHYPE15M-26MAY210815,Target Price: $57.2014,2026-05-21 08:00:00-04:00,2026-05-21 08:15:00-04:00,57.0701,57.2014,no
KXHYPE15M-26MAY210800,Target Price: $57.1233,2026-05-21 07:45:00-04:00,2026-05-21 08:00:00-04:00,57.2014,57.1233,yes
KXHYPE15M-26MAY210745,Target Price: $57.2956,2026-05-21 07:30:00-04:00,2026-05-21 07:45:00-04:00,57.1233,57.2956,no
KXHYPE15M-26MAY210730,Target Price: $57.4566,2026-05-21 07:15:00-04:00,2026-05-21 07:30:00-04:00,57.2956,57.4566,no
KXHYPE15M-26MAY210715,Target Price: $57.4914,2026-05-21 07:00:00-04:00,2026-05-21 07:15:00-04:00,57.4566,57.4914,no
KXHYPE15M-26MAY210700,Target Price: $58.1570,2026-05-21 06:45:00-04:00,2026-05-21 07:00:00-04:00,57.4914,58.157,no
KXHYPE15M-26MAY210645,Target Price: $57.7692,2026-05-21 06:30:00-04:00,2026-05-21 06:45:00-04:00,58.1570,57.7692,yes
KXHYPE15M-26MAY210630,Target Price: $58.0697,2026-05-21 06:15:00-04:00,2026-05-21 06:30:00-04:00,57.7692,58.0697,no
KXHYPE15M-26MAY210615,Target Price: $57.8328,2026-05-21 06:00:00-04:00,2026-05-21 06:15:00-04:00,58.0697,57.8328,yes
KXHYPE15M-26MAY210600,Target Price: $58.4813,2026-05-21 05:45:00-04:00,2026-05-21 06:00:00-04:00,57.8328,58.4813,no
KXHYPE15M-26MAY210545,Target Price: $59.0512,2026-05-21 05:30:00-04:00,2026-05-21 05:45:00-04:00,58.4813,59.0512,no
KXHYPE15M-26MAY210530,Target Price: $58.4909,2026-05-21 05:15:00-04:00,2026-05-21 05:30:00-04:00,59.0512,58.4909,yes
KXHYPE15M-26MAY210515,Target Price: $58.5131,2026-05-21 05:00:00-04:00,2026-05-21 05:15:00-04:00,58.4909,58.5131,no
KXHYPE15M-26MAY210200,Target Price: $55.9182,2026-05-21 01:45:00-04:00,2026-05-21 02:00:00-04:00,56.1723,55.9182,yes
KXHYPE15M-26MAY210145,Target Price: $55.9516,2026-05-21 01:30:00-04:00,2026-05-21 01:45:00-04:00,55.9182,55.9516,no
KXHYPE15M-26MAY210130,Target Price: $55.7490,2026-05-21 01:15:00-04:00,2026-05-21 01:30:00-04:00,55.9516,55.749,yes
KXHYPE15M-26MAY210115,Target Price: $55.8905,2026-05-21 01:00:00-04:00,2026-05-21 01:15:00-04:00,55.7490,55.8905,no
KXHYPE15M-26MAY210100,Target Price: $56.0250,2026-05-21 00:45:00-04:00,2026-05-21 01:00:00-04:00,55.8905,56.025,no
KXHYPE15M-26MAY210045,Target Price: $56.4573,2026-05-21 00:30:00-04:00,2026-05-21 00:45:00-04:00,56.0250,56.4573,no
KXHYPE15M-26MAY210030,Target Price: $56.6204,2026-05-21 00:15:00-04:00,2026-05-21 00:30:00-04:00,56.4573,56.6204,no
KXHYPE15M-26MAY210015,Target Price: $56.7512,2026-05-21 00:00:00-04:00,2026-05-21 00:15:00-04:00,56.6204,56.7512,no
KXHYPE15M-26MAY210000,Target Price: $56.5703,2026-05-20 23:45:00-04:00,2026-05-21 00:00:00-04:00,56.7512,56.5703,yes
KXHYPE15M-26MAY202345,Target Price: $56.4382,2026-05-20 23:30:00-04:00,2026-05-20 23:45:00-04:00,56.5703,56.4382,yes
KXHYPE15M-26MAY202330,Target Price: $55.8011,2026-05-20 23:15:00-04:00,2026-05-20 23:30:00-04:00,56.4382,55.8011,yes
KXHYPE15M-26MAY202315,Target Price: $55.8385,2026-05-20 23:00:00-04:00,2026-05-20 23:15:00-04:00,55.8011,55.8385,no
KXHYPE15M-26MAY202300,Target Price: $55.8704,2026-05-20 22:45:00-04:00,2026-05-20 23:00:00-04:00,55.8385,55.8704,no
KXHYPE15M-26MAY202245,Target Price: $55.9348,2026-05-20 22:30:00-04:00,2026-05-20 22:45:00-04:00,55.8704,55.9348,no
KXHYPE15M-26MAY202230,Target Price: $55.8822,2026-05-20 22:15:00-04:00,2026-05-20 22:30:00-04:00,55.9348,55.8822,yes
KXHYPE15M-26MAY202215,Target Price: $56.3820,2026-05-20 22:00:00-04:00,2026-05-20 22:15:00-04:00,55.8822,56.382,no
KXHYPE15M-26MAY202200,Target Price: $56.4419,2026-05-20 21:45:00-04:00,2026-05-20 22:00:00-04:00,56.3820,56.4419,no
KXHYPE15M-26MAY202145,Target Price: $56.9079,2026-05-20 21:30:00-04:00,2026-05-20 21:45:00-04:00,56.4419,56.9079,no
KXHYPE15M-26MAY202130,Target Price: $56.7828,2026-05-20 21:15:00-04:00,2026-05-20 21:30:00-04:00,56.9079,56.7828,yes
KXHYPE15M-26MAY202115,Target Price: $56.2572,2026-05-20 21:00:00-04:00,2026-05-20 21:15:00-04:00,56.7828,56.2572,yes
KXHYPE15M-26MAY202100,Target Price: $55.9110,2026-05-20 20:45:00-04:00,2026-05-20 21:00:00-04:00,56.2572,55.911,yes
KXHYPE15M-26MAY202045,Target Price: $55.2983,2026-05-20 20:30:00-04:00,2026-05-20 20:45:00-04:00,55.9110,55.2983,yes
KXHYPE15M-26MAY202030,Target Price: $55.3064,2026-05-20 20:15:00-04:00,2026-05-20 20:30:00-04:00,55.2983,55.3064,no
KXHYPE15M-26MAY202015,Target Price: $54.7771,2026-05-20 20:00:00-04:00,2026-05-20 20:15:00-04:00,55.3064,54.7771,yes
KXHYPE15M-26MAY202000,Target Price: $54.4905,2026-05-20 19:45:00-04:00,2026-05-20 20:00:00-04:00,54.7771,54.4905,yes
KXHYPE15M-26MAY201945,Target Price: $54.1405,2026-05-20 19:30:00-04:00,2026-05-20 19:45:00-04:00,54.4905,54.1405,yes
KXHYPE15M-26MAY201930,Target Price: $53.9272,2026-05-20 19:15:00-04:00,2026-05-20 19:30:00-04:00,54.1405,53.9272,yes
KXHYPE15M-26MAY201915,Target Price: $54.1695,2026-05-20 19:00:00-04:00,2026-05-20 19:15:00-04:00,53.9272,54.1695,no
KXHYPE15M-26MAY201900,Target Price: $54.1280,2026-05-20 18:45:00-04:00,2026-05-20 19:00:00-04:00,54.1695,54.128,yes
KXHYPE15M-26MAY201845,Target Price: $53.8317,2026-05-20 18:30:00-04:00,2026-05-20 18:45:00-04:00,54.1280,53.8317,yes
KXHYPE15M-26MAY201830,Target Price: $53.0368,2026-05-20 18:15:00-04:00,2026-05-20 18:30:00-04:00,53.8317,53.0368,yes
KXHYPE15M-26MAY201815,Target Price: $52.9412,2026-05-20 18:00:00-04:00,2026-05-20 18:15:00-04:00,53.0368,52.9412,yes
KXHYPE15M-26MAY201800,Target Price: $52.6856,2026-05-20 17:45:00-04:00,2026-05-20 18:00:00-04:00,52.9412,52.6856,yes
KXHYPE15M-26MAY201745,Target Price: $52.4025,2026-05-20 17:30:00-04:00,2026-05-20 17:45:00-04:00,52.6856,52.4025,yes
KXHYPE15M-26MAY201730,Target Price: $52.2160,2026-05-20 17:15:00-04:00,2026-05-20 17:30:00-04:00,52.4025,52.216,yes
KXHYPE15M-26MAY201715,Target Price: $51.9102,2026-05-20 17:00:00-04:00,2026-05-20 17:15:00-04:00,52.2160,51.9102,yes
KXHYPE15M-26MAY201700,Target Price: $52.0820,2026-05-20 16:45:00-04:00,2026-05-20 17:00:00-04:00,51.9102,52.082,no
KXHYPE15M-26MAY201645,Target Price: $52.1986,2026-05-20 16:30:00-04:00,2026-05-20 16:45:00-04:00,52.0820,52.1986,no
KXHYPE15M-26MAY201630,Target Price: $52.3749,2026-05-20 16:15:00-04:00,2026-05-20 16:30:00-04:00,52.1986,52.3749,no
KXHYPE15M-26MAY201615,Target Price: $52.9589,2026-05-20 16:00:00-04:00,2026-05-20 16:15:00-04:00,52.3749,52.9589,no
KXHYPE15M-26MAY201600,Target Price: $52.7876,2026-05-20 15:45:00-04:00,2026-05-20 16:00:00-04:00,52.9589,52.7876,yes
KXHYPE15M-26MAY201545,Target Price: $52.6947,2026-05-20 15:30:00-04:00,2026-05-20 15:45:00-04:00,52.7876,52.6947,yes
KXHYPE15M-26MAY201530,Target Price: $51.9513,2026-05-20 15:15:00-04:00,2026-05-20 15:30:00-04:00,52.6947,51.9513,yes
KXHYPE15M-26MAY201515,Target Price: $51.4956,2026-05-20 15:00:00-04:00,2026-05-20 15:15:00-04:00,51.9513,51.4956,yes
KXHYPE15M-26MAY201500,Target Price: $51.6215,2026-05-20 14:45:00-04:00,2026-05-20 15:00:00-04:00,51.4956,51.6215,no
KXHYPE15M-26MAY201445,Target Price: $51.8062,2026-05-20 14:30:00-04:00,2026-05-20 14:45:00-04:00,51.6215,51.8062,no
KXHYPE15M-26MAY201430,Target Price: $52.1569,2026-05-20 14:15:00-04:00,2026-05-20 14:30:00-04:00,51.8062,52.1569,no
KXHYPE15M-26MAY201415,Target Price: $51.9151,2026-05-20 14:00:00-04:00,2026-05-20 14:15:00-04:00,52.1569,51.9151,yes
KXHYPE15M-26MAY201400,Target Price: $52.1263,2026-05-20 13:45:00-04:00,2026-05-20 14:00:00-04:00,51.9151,52.1263,no
KXHYPE15M-26MAY201345,Target Price: $51.9385,2026-05-20 13:30:00-04:00,2026-05-20 13:45:00-04:00,52.1263,51.9385,yes
KXHYPE15M-26MAY201330,Target Price: $51.8170,2026-05-20 13:15:00-04:00,2026-05-20 13:30:00-04:00,51.9385,51.817,yes
KXHYPE15M-26MAY201315,Target Price: $51.4085,2026-05-20 13:00:00-04:00,2026-05-20 13:15:00-04:00,51.8170,51.4085,yes
KXHYPE15M-26MAY201300,Target Price: $51.3436,2026-05-20 12:45:00-04:00,2026-05-20 13:00:00-04:00,51.4085,51.3436,yes
KXHYPE15M-26MAY201245,Target Price: $51.2866,2026-05-20 12:30:00-04:00,2026-05-20 12:45:00-04:00,51.3436,51.2866,yes
KXHYPE15M-26MAY201230,Target Price: $51.6496,2026-05-20 12:15:00-04:00,2026-05-20 12:30:00-04:00,51.2866,51.6496,no
KXHYPE15M-26MAY201215,Target Price: $51.3911,2026-05-20 12:00:00-04:00,2026-05-20 12:15:00-04:00,51.6496,51.3911,yes
KXHYPE15M-26MAY201200,Target Price: $51.1830,2026-05-20 11:45:00-04:00,2026-05-20 12:00:00-04:00,51.3911,51.183,yes
KXHYPE15M-26MAY201145,Target Price: $51.3957,2026-05-20 11:30:00-04:00,2026-05-20 11:45:00-04:00,51.1830,51.3957,no
KXHYPE15M-26MAY201130,Target Price: $51.4974,2026-05-20 11:15:00-04:00,2026-05-20 11:30:00-04:00,51.3957,51.4974,no
KXHYPE15M-26MAY201115,Target Price: $51.3337,2026-05-20 11:00:00-04:00,2026-05-20 11:15:00-04:00,51.4974,51.3337,yes
KXHYPE15M-26MAY201100,Target Price: $51.0728,2026-05-20 10:45:00-04:00,2026-05-20 11:00:00-04:00,51.3337,51.0728,yes
KXHYPE15M-26MAY201045,Target Price: $50.8009,2026-05-20 10:30:00-04:00,2026-05-20 10:45:00-04:00,51.0728,50.8009,yes
KXHYPE15M-26MAY201030,Target Price: $50.8546,2026-05-20 10:15:00-04:00,2026-05-20 10:30:00-04:00,50.8009,50.8546,no
KXHYPE15M-26MAY201015,Target Price: $51.2091,2026-05-20 10:00:00-04:00,2026-05-20 10:15:00-04:00,50.8546,51.2091,no
KXHYPE15M-26MAY201000,Target Price: $50.7784,2026-05-20 09:45:00-04:00,2026-05-20 10:00:00-04:00,51.2091,50.7784,yes
KXHYPE15M-26MAY200945,Target Price: $50.5829,2026-05-20 09:30:00-04:00,2026-05-20 09:45:00-04:00,50.7784,50.5829,yes
KXHYPE15M-26MAY200930,Target Price: $50.0429,2026-05-20 09:15:00-04:00,2026-05-20 09:30:00-04:00,50.5829,50.0429,yes
KXHYPE15M-26MAY200915,Target Price: $49.9902,2026-05-20 09:00:00-04:00,2026-05-20 09:15:00-04:00,50.0429,49.9902,yes
KXHYPE15M-26MAY200900,Target Price: $50.1160,2026-05-20 08:45:00-04:00,2026-05-20 09:00:00-04:00,49.9902,50.116,no
KXHYPE15M-26MAY200845,Target Price: $49.7842,2026-05-20 08:30:00-04:00,2026-05-20 08:45:00-04:00,50.1160,49.7842,yes
KXHYPE15M-26MAY200830,Target Price: $49.7844,2026-05-20 08:15:00-04:00,2026-05-20 08:30:00-04:00,49.7842,49.7844,no
KXHYPE15M-26MAY200815,Target Price: $49.7221,2026-05-20 08:00:00-04:00,2026-05-20 08:15:00-04:00,49.7844,49.7221,yes
KXHYPE15M-26MAY200800,Target Price: $49.3436,2026-05-20 07:45:00-04:00,2026-05-20 08:00:00-04:00,49.7221,49.3436,yes
KXHYPE15M-26MAY200745,Target Price: $49.5690,2026-05-20 07:30:00-04:00,2026-05-20 07:45:00-04:00,49.3436,49.569,no
KXHYPE15M-26MAY200730,Target Price: $49.7409,2026-05-20 07:15:00-04:00,2026-05-20 07:30:00-04:00,49.5690,49.7409,no
KXHYPE15M-26MAY200715,Target Price: $49.5484,2026-05-20 07:00:00-04:00,2026-05-20 07:15:00-04:00,49.7409,49.5484,yes
KXHYPE15M-26MAY200700,Target Price: $49.4597,2026-05-20 06:45:00-04:00,2026-05-20 07:00:00-04:00,49.5484,49.4597,yes
KXHYPE15M-26MAY200645,Target Price: $49.4141,2026-05-20 06:30:00-04:00,2026-05-20 06:45:00-04:00,49.4597,49.4141,yes
KXHYPE15M-26MAY200630,Target Price: $49.0069,2026-05-20 06:15:00-04:00,2026-05-20 06:30:00-04:00,49.4141,49.0069,yes
KXHYPE15M-26MAY200615,Target Price: $48.9329,2026-05-20 06:00:00-04:00,2026-05-20 06:15:00-04:00,49.0069,48.9329,yes
KXHYPE15M-26MAY200600,Target Price: $48.8389,2026-05-20 05:45:00-04:00,2026-05-20 06:00:00-04:00,48.9329,48.8389,yes
KXHYPE15M-26MAY200545,Target Price: $48.8193,2026-05-20 05:30:00-04:00,2026-05-20 05:45:00-04:00,48.8389,48.8193,yes
KXHYPE15M-26MAY200530,Target Price: $48.6984,2026-05-20 05:15:00-04:00,2026-05-20 05:30:00-04:00,48.8193,48.6984,yes
KXHYPE15M-26MAY200515,Target Price: $48.5721,2026-05-20 05:00:00-04:00,2026-05-20 05:15:00-04:00,48.6984,48.5721,yes
KXHYPE15M-26MAY200500,Target Price: $48.6398,2026-05-20 04:45:00-04:00,2026-05-20 05:00:00-04:00,48.5721,48.6398,no
KXHYPE15M-26MAY200445,Target Price: $48.6198,2026-05-20 04:30:00-04:00,2026-05-20 04:45:00-04:00,48.6398,48.6198,yes
KXHYPE15M-26MAY200430,Target Price: $48.5615,2026-05-20 04:15:00-04:00,2026-05-20 04:30:00-04:00,48.6198,48.5615,yes
KXHYPE15M-26MAY200415,Target Price: $48.4571,2026-05-20 04:00:00-04:00,2026-05-20 04:15:00-04:00,48.5615,48.4571,yes
KXHYPE15M-26MAY200400,Target Price: $48.5130,2026-05-20 03:45:00-04:00,2026-05-20 04:00:00-04:00,48.4571,48.513,no
KXHYPE15M-26MAY200345,Target Price: $48.5465,2026-05-20 03:30:00-04:00,2026-05-20 03:45:00-04:00,48.5130,48.5465,no
KXHYPE15M-26MAY200330,Target Price: $48.4361,2026-05-20 03:15:00-04:00,2026-05-20 03:30:00-04:00,48.5465,48.4361,yes
KXHYPE15M-26MAY200315,Target Price: $48.4761,2026-05-20 03:00:00-04:00,2026-05-20 03:15:00-04:00,48.4361,48.4761,no
KXHYPE15M-26MAY200300,Target Price: $48.5831,2026-05-20 02:45:00-04:00,2026-05-20 03:00:00-04:00,48.4761,48.5831,no
KXHYPE15M-26MAY200245,Target Price: $48.5080,2026-05-20 02:30:00-04:00,2026-05-20 02:45:00-04:00,48.5831,48.508,yes
KXHYPE15M-26MAY200230,Target Price: $48.3708,2026-05-20 02:15:00-04:00,2026-05-20 02:30:00-04:00,48.5080,48.3708,yes
KXHYPE15M-26MAY200215,Target Price: $48.3360,2026-05-20 02:00:00-04:00,2026-05-20 02:15:00-04:00,48.3708,48.336,yes
KXHYPE15M-26MAY200200,Target Price: $48.2159,2026-05-20 01:45:00-04:00,2026-05-20 02:00:00-04:00,48.3360,48.2159,yes
KXHYPE15M-26MAY200145,Target Price: $48.0361,2026-05-20 01:30:00-04:00,2026-05-20 01:45:00-04:00,48.2159,48.0361,yes
KXHYPE15M-26MAY200130,Target Price: $48.4404,2026-05-20 01:15:00-04:00,2026-05-20 01:30:00-04:00,48.0361,48.4404,no
KXHYPE15M-26MAY200115,Target Price: $48.2705,2026-05-20 01:00:00-04:00,2026-05-20 01:15:00-04:00,48.4404,48.2705,yes
KXHYPE15M-26MAY200100,Target Price: $48.0749,2026-05-20 00:45:00-04:00,2026-05-20 01:00:00-04:00,48.2705,48.0749,yes
KXHYPE15M-26MAY200045,Target Price: $48.0316,2026-05-20 00:30:00-04:00,2026-05-20 00:45:00-04:00,48.0749,48.0316,yes
KXHYPE15M-26MAY200030,Target Price: $47.8032,2026-05-20 00:15:00-04:00,2026-05-20 00:30:00-04:00,48.0316,47.8032,yes
KXHYPE15M-26MAY200015,Target Price: $47.4085,2026-05-20 00:00:00-04:00,2026-05-20 00:15:00-04:00,47.8032,47.4085,yes
KXHYPE15M-26MAY200000,Target Price: $47.6603,2026-05-19 23:45:00-04:00,2026-05-20 00:00:00-04:00,47.4085,47.6603,no
KXHYPE15M-26MAY192345,Target Price: $47.7987,2026-05-19 23:30:00-04:00,2026-05-19 23:45:00-04:00,47.6603,47.7987,no
KXHYPE15M-26MAY192330,Target Price: $47.7942,2026-05-19 23:15:00-04:00,2026-05-19 23:30:00-04:00,47.7987,47.7942,yes
KXHYPE15M-26MAY192315,Target Price: $47.6788,2026-05-19 23:00:00-04:00,2026-05-19 23:15:00-04:00,47.7942,47.6788,yes
KXHYPE15M-26MAY192300,Target Price: $47.5952,2026-05-19 22:45:00-04:00,2026-05-19 23:00:00-04:00,47.6788,47.5952,yes
KXHYPE15M-26MAY192245,Target Price: $47.5665,2026-05-19 22:30:00-04:00,2026-05-19 22:45:00-04:00,47.5952,47.5665,yes
KXHYPE15M-26MAY192230,Target Price: $47.5763,2026-05-19 22:15:00-04:00,2026-05-19 22:30:00-04:00,47.5665,47.5763,no
KXHYPE15M-26MAY192215,Target Price: $47.6242,2026-05-19 22:00:00-04:00,2026-05-19 22:15:00-04:00,47.5763,47.6242,no
KXHYPE15M-26MAY192200,Target Price: $47.2717,2026-05-19 21:45:00-04:00,2026-05-19 22:00:00-04:00,47.6242,47.2717,yes
KXHYPE15M-26MAY192145,Target Price: $47.2638,2026-05-19 21:30:00-04:00,2026-05-19 21:45:00-04:00,47.2717,47.2638,yes
KXHYPE15M-26MAY192130,Target Price: $47.7145,2026-05-19 21:15:00-04:00,2026-05-19 21:30:00-04:00,47.2638,47.7145,no
KXHYPE15M-26MAY192115,Target Price: $47.5757,2026-05-19 21:00:00-04:00,2026-05-19 21:15:00-04:00,47.7145,47.5757,yes
KXHYPE15M-26MAY192100,Target Price: $47.4984,2026-05-19 20:45:00-04:00,2026-05-19 21:00:00-04:00,47.5757,47.4984,yes
KXHYPE15M-26MAY192045,Target Price: $47.5109,2026-05-19 20:30:00-04:00,2026-05-19 20:45:00-04:00,47.4984,47.5109,no
KXHYPE15M-26MAY192030,Target Price: $47.4633,2026-05-19 20:15:00-04:00,2026-05-19 20:30:00-04:00,47.5109,47.4633,yes
KXHYPE15M-26MAY192015,Target Price: $48.0525,2026-05-19 20:00:00-04:00,2026-05-19 20:15:00-04:00,47.4633,48.0525,no
KXHYPE15M-26MAY192000,Target Price: $48.2237,2026-05-19 19:45:00-04:00,2026-05-19 20:00:00-04:00,48.0525,48.2237,no
KXHYPE15M-26MAY191945,Target Price: $48.2445,2026-05-19 19:30:00-04:00,2026-05-19 19:45:00-04:00,48.2237,48.2445,no
KXHYPE15M-26MAY191930,Target Price: $48.0777,2026-05-19 19:15:00-04:00,2026-05-19 19:30:00-04:00,48.2445,48.0777,yes
KXHYPE15M-26MAY191915,Target Price: $47.9717,2026-05-19 19:00:00-04:00,2026-05-19 19:15:00-04:00,48.0777,47.9717,yes
KXHYPE15M-26MAY191900,Target Price: $47.8856,2026-05-19 18:45:00-04:00,2026-05-19 19:00:00-04:00,47.9717,47.8856,yes
KXHYPE15M-26MAY191845,Target Price: $47.8458,2026-05-19 18:30:00-04:00,2026-05-19 18:45:00-04:00,47.8856,47.8458,yes
KXHYPE15M-26MAY191830,Target Price: $47.9612,2026-05-19 18:15:00-04:00,2026-05-19 18:30:00-04:00,47.8458,47.9612,no
KXHYPE15M-26MAY191815,Target Price: $47.9779,2026-05-19 18:00:00-04:00,2026-05-19 18:15:00-04:00,47.9612,47.9779,no
KXHYPE15M-26MAY191800,Target Price: $48.1743,2026-05-19 17:45:00-04:00,2026-05-19 18:00:00-04:00,47.9779,48.1743,no
KXHYPE15M-26MAY191745,Target Price: $48.0744,2026-05-19 17:30:00-04:00,2026-05-19 17:45:00-04:00,48.1743,48.0744,yes
KXHYPE15M-26MAY191730,Target Price: $48.3001,2026-05-19 17:15:00-04:00,2026-05-19 17:30:00-04:00,48.0744,48.3001,no
KXHYPE15M-26MAY191715,Target Price: $48.1554,2026-05-19 17:00:00-04:00,2026-05-19 17:15:00-04:00,48.3001,48.1554,yes
KXHYPE15M-26MAY191700,Target Price: $48.1438,2026-05-19 16:45:00-04:00,2026-05-19 17:00:00-04:00,48.1554,48.1438,yes
KXHYPE15M-26MAY191645,Target Price: $48.2716,2026-05-19 16:30:00-04:00,2026-05-19 16:45:00-04:00,48.1438,48.2716,no
KXHYPE15M-26MAY191630,Target Price: $48.3573,2026-05-19 16:15:00-04:00,2026-05-19 16:30:00-04:00,48.2716,48.3573,no
KXHYPE15M-26MAY191615,Target Price: $48.7412,2026-05-19 16:00:00-04:00,2026-05-19 16:15:00-04:00,48.3573,48.7412,no
KXHYPE15M-26MAY191600,Target Price: $48.6229,2026-05-19 15:45:00-04:00,2026-05-19 16:00:00-04:00,48.7412,48.6229,yes
KXHYPE15M-26MAY191545,Target Price: $48.3168,2026-05-19 15:30:00-04:00,2026-05-19 15:45:00-04:00,48.6229,48.3168,yes
KXHYPE15M-26MAY191530,Target Price: $48.6195,2026-05-19 15:15:00-04:00,2026-05-19 15:30:00-04:00,48.3168,48.6195,no
KXHYPE15M-26MAY191515,Target Price: $48.2054,2026-05-19 15:00:00-04:00,2026-05-19 15:15:00-04:00,48.6195,48.2054,yes
KXHYPE15M-26MAY191500,Target Price: $48.2582,2026-05-19 14:45:00-04:00,2026-05-19 15:00:00-04:00,48.2054,48.2582,no
KXHYPE15M-26MAY191445,Target Price: $48.2906,2026-05-19 14:30:00-04:00,2026-05-19 14:45:00-04:00,48.2582,48.2906,no
KXHYPE15M-26MAY191430,Target Price: $48.6430,2026-05-19 14:15:00-04:00,2026-05-19 14:30:00-04:00,48.2906,48.643,no
KXHYPE15M-26MAY191415,Target Price: $48.6819,2026-05-19 14:00:00-04:00,2026-05-19 14:15:00-04:00,48.6430,48.6819,no
KXHYPE15M-26MAY191400,Target Price: $48.5345,2026-05-19 13:45:00-04:00,2026-05-19 14:00:00-04:00,48.6819,48.5345,yes
KXHYPE15M-26MAY191345,Target Price: $48.5885,2026-05-19 13:30:00-04:00,2026-05-19 13:45:00-04:00,48.5345,48.5885,no
KXHYPE15M-26MAY191330,Target Price: $48.5755,2026-05-19 13:15:00-04:00,2026-05-19 13:30:00-04:00,48.5885,48.5755,yes
KXHYPE15M-26MAY191315,Target Price: $48.2615,2026-05-19 13:00:00-04:00,2026-05-19 13:15:00-04:00,48.5755,48.2615,yes
KXHYPE15M-26MAY191300,Target Price: $47.9203,2026-05-19 12:45:00-04:00,2026-05-19 13:00:00-04:00,48.2615,47.9203,yes
KXHYPE15M-26MAY191245,Target Price: $48.1839,2026-05-19 12:30:00-04:00,2026-05-19 12:45:00-04:00,47.9203,48.1839,no
KXHYPE15M-26MAY191230,Target Price: $47.7707,2026-05-19 12:15:00-04:00,2026-05-19 12:30:00-04:00,48.1839,47.7707,yes
KXHYPE15M-26MAY191215,Target Price: $47.7739,2026-05-19 12:00:00-04:00,2026-05-19 12:15:00-04:00,47.7707,47.7739,no
KXHYPE15M-26MAY191200,Target Price: $47.7594,2026-05-19 11:45:00-04:00,2026-05-19 12:00:00-04:00,47.7739,47.7594,yes
KXHYPE15M-26MAY191145,Target Price: $47.3732,2026-05-19 11:30:00-04:00,2026-05-19 11:45:00-04:00,47.7594,47.3732,yes
KXHYPE15M-26MAY191130,Target Price: $47.8291,2026-05-19 11:15:00-04:00,2026-05-19 11:30:00-04:00,47.3732,47.8291,no
KXHYPE15M-26MAY191115,Target Price: $47.5354,2026-05-19 11:00:00-04:00,2026-05-19 11:15:00-04:00,47.8291,47.5354,yes
KXHYPE15M-26MAY191100,Target Price: $47.7590,2026-05-19 10:45:00-04:00,2026-05-19 11:00:00-04:00,47.5354,47.759,no
KXHYPE15M-26MAY191045,Target Price: $47.8856,2026-05-19 10:30:00-04:00,2026-05-19 10:45:00-04:00,47.7590,47.8856,no
KXHYPE15M-26MAY191030,Target Price: $48.1363,2026-05-19 10:15:00-04:00,2026-05-19 10:30:00-04:00,47.8856,48.1363,no
KXHYPE15M-26MAY191015,Target Price: $48.3862,2026-05-19 10:00:00-04:00,2026-05-19 10:15:00-04:00,48.1363,48.3862,no
KXHYPE15M-26MAY191000,Target Price: $48.1617,2026-05-19 09:45:00-04:00,2026-05-19 10:00:00-04:00,48.3862,48.1617,yes
KXHYPE15M-26MAY190945,Target Price: $47.6278,2026-05-19 09:30:00-04:00,2026-05-19 09:45:00-04:00,48.1617,47.6278,yes
KXHYPE15M-26MAY190930,Target Price: $47.9986,2026-05-19 09:15:00-04:00,2026-05-19 09:30:00-04:00,47.6278,47.9986,no
KXHYPE15M-26MAY190915,Target Price: $47.7316,2026-05-19 09:00:00-04:00,2026-05-19 09:15:00-04:00,47.9986,47.7316,yes
KXHYPE15M-26MAY190900,Target Price: $47.5485,2026-05-19 08:45:00-04:00,2026-05-19 09:00:00-04:00,47.7316,47.5485,yes
KXHYPE15M-26MAY190845,Target Price: $47.3679,2026-05-19 08:30:00-04:00,2026-05-19 08:45:00-04:00,47.5485,47.3679,yes
KXHYPE15M-26MAY190830,Target Price: $47.4195,2026-05-19 08:15:00-04:00,2026-05-19 08:30:00-04:00,47.3679,47.4195,no
KXHYPE15M-26MAY190815,Target Price: $47.7325,2026-05-19 08:00:00-04:00,2026-05-19 08:15:00-04:00,47.4195,47.7325,no
KXHYPE15M-26MAY190800,Target Price: $47.7877,2026-05-19 07:45:00-04:00,2026-05-19 08:00:00-04:00,47.7325,47.7877,no
KXHYPE15M-26MAY190745,Target Price: $48.0295,2026-05-19 07:30:00-04:00,2026-05-19 07:45:00-04:00,47.7877,48.0295,no
KXHYPE15M-26MAY190730,Target Price: $48.3146,2026-05-19 07:15:00-04:00,2026-05-19 07:30:00-04:00,48.0295,48.3146,no
KXHYPE15M-26MAY190715,Target Price: $48.2644,2026-05-19 07:00:00-04:00,2026-05-19 07:15:00-04:00,48.3146,48.2644,yes
KXHYPE15M-26MAY190700,Target Price: $47.8961,2026-05-19 06:45:00-04:00,2026-05-19 07:00:00-04:00,48.2644,47.8961,yes
KXHYPE15M-26MAY190645,Target Price: $47.9578,2026-05-19 06:30:00-04:00,2026-05-19 06:45:00-04:00,47.8961,47.9578,no
KXHYPE15M-26MAY190630,Target Price: $47.8989,2026-05-19 06:15:00-04:00,2026-05-19 06:30:00-04:00,47.9578,47.8989,yes
KXHYPE15M-26MAY190615,Target Price: $47.8990,2026-05-19 06:00:00-04:00,2026-05-19 06:15:00-04:00,47.8989,47.899,no
KXHYPE15M-26MAY190600,Target Price: $47.9978,2026-05-19 05:45:00-04:00,2026-05-19 06:00:00-04:00,47.8990,47.9978,no
KXHYPE15M-26MAY190545,Target Price: $47.8344,2026-05-19 05:30:00-04:00,2026-05-19 05:45:00-04:00,47.9978,47.8344,yes
KXHYPE15M-26MAY190530,Target Price: $48.1494,2026-05-19 05:15:00-04:00,2026-05-19 05:30:00-04:00,47.8344,48.1494,no
KXHYPE15M-26MAY190515,Target Price: $48.0257,2026-05-19 05:00:00-04:00,2026-05-19 05:15:00-04:00,48.1494,48.0257,yes
KXHYPE15M-26MAY190500,Target Price: $47.9512,2026-05-19 04:45:00-04:00,2026-05-19 05:00:00-04:00,48.0257,47.9512,yes
KXHYPE15M-26MAY190445,Target Price: $47.6678,2026-05-19 04:30:00-04:00,2026-05-19 04:45:00-04:00,47.9512,47.6678,yes
KXHYPE15M-26MAY190430,Target Price: $47.8860,2026-05-19 04:15:00-04:00,2026-05-19 04:30:00-04:00,47.6678,47.886,no
KXHYPE15M-26MAY190415,Target Price: $47.8920,2026-05-19 04:00:00-04:00,2026-05-19 04:15:00-04:00,47.8860,47.892,no
KXHYPE15M-26MAY190400,Target Price: $48.0656,2026-05-19 03:45:00-04:00,2026-05-19 04:00:00-04:00,47.8920,48.0656,no
KXHYPE15M-26MAY190345,Target Price: $48.3370,2026-05-19 03:30:00-04:00,2026-05-19 03:45:00-04:00,48.0656,48.337,no
KXHYPE15M-26MAY190330,Target Price: $48.0150,2026-05-19 03:15:00-04:00,2026-05-19 03:30:00-04:00,48.3370,48.015,yes
KXHYPE15M-26MAY190315,Target Price: $47.5894,2026-05-19 03:00:00-04:00,2026-05-19 03:15:00-04:00,48.0150,47.5894,yes
KXHYPE15M-26MAY190300,Target Price: $47.6812,2026-05-19 02:45:00-04:00,2026-05-19 03:00:00-04:00,47.5894,47.6812,no
KXHYPE15M-26MAY190245,Target Price: $47.5761,2026-05-19 02:30:00-04:00,2026-05-19 02:45:00-04:00,47.6812,47.5761,yes
KXHYPE15M-26MAY190230,Target Price: $47.7130,2026-05-19 02:15:00-04:00,2026-05-19 02:30:00-04:00,47.5761,47.713,no
KXHYPE15M-26MAY190215,Target Price: $47.5305,2026-05-19 02:00:00-04:00,2026-05-19 02:15:00-04:00,47.7130,47.5305,yes
KXHYPE15M-26MAY190200,Target Price: $47.5006,2026-05-19 01:45:00-04:00,2026-05-19 02:00:00-04:00,47.5305,47.5006,yes
KXHYPE15M-26MAY190145,Target Price: $47.3883,2026-05-19 01:30:00-04:00,2026-05-19 01:45:00-04:00,47.5006,47.3883,yes
KXHYPE15M-26MAY190130,Target Price: $47.3683,2026-05-19 01:15:00-04:00,2026-05-19 01:30:00-04:00,47.3883,47.3683,yes
KXHYPE15M-26MAY190115,Target Price: $47.4485,2026-05-19 01:00:00-04:00,2026-05-19 01:15:00-04:00,47.3683,47.4485,no
KXHYPE15M-26MAY190100,Target Price: $47.5948,2026-05-19 00:45:00-04:00,2026-05-19 01:00:00-04:00,47.4485,47.5948,no
KXHYPE15M-26MAY190045,Target Price: $47.6605,2026-05-19 00:30:00-04:00,2026-05-19 00:45:00-04:00,47.5948,47.6605,no
KXHYPE15M-26MAY190030,Target Price: $48.2171,2026-05-19 00:15:00-04:00,2026-05-19 00:30:00-04:00,47.6605,48.2171,no
KXHYPE15M-26MAY190015,Target Price: $47.7092,2026-05-19 00:00:00-04:00,2026-05-19 00:15:00-04:00,48.2171,47.7092,yes
KXHYPE15M-26MAY190000,Target Price: $47.8490,2026-05-18 23:45:00-04:00,2026-05-19 00:00:00-04:00,47.7092,47.849,no
KXHYPE15M-26MAY182345,Target Price: $47.4106,2026-05-18 23:30:00-04:00,2026-05-18 23:45:00-04:00,47.8490,47.4106,yes
KXHYPE15M-26MAY182330,Target Price: $47.4844,2026-05-18 23:15:00-04:00,2026-05-18 23:30:00-04:00,47.4106,47.4844,no
KXHYPE15M-26MAY182315,Target Price: $47.3440,2026-05-18 23:00:00-04:00,2026-05-18 23:15:00-04:00,47.4844,47.344,yes
KXHYPE15M-26MAY182300,Target Price: $47.2597,2026-05-18 22:45:00-04:00,2026-05-18 23:00:00-04:00,47.3440,47.2597,yes
KXHYPE15M-26MAY182245,Target Price: $47.2147,2026-05-18 22:30:00-04:00,2026-05-18 22:45:00-04:00,47.2597,47.2147,yes
KXHYPE15M-26MAY182230,Target Price: $46.9774,2026-05-18 22:15:00-04:00,2026-05-18 22:30:00-04:00,47.2147,46.9774,yes
KXHYPE15M-26MAY182215,Target Price: $47.2069,2026-05-18 22:00:00-04:00,2026-05-18 22:15:00-04:00,46.9774,47.2069,no
KXHYPE15M-26MAY182200,Target Price: $47.4438,2026-05-18 21:45:00-04:00,2026-05-18 22:00:00-04:00,47.2069,47.4438,no
KXHYPE15M-26MAY182145,Target Price: $47.5759,2026-05-18 21:30:00-04:00,2026-05-18 21:45:00-04:00,47.4438,47.5759,no
KXHYPE15M-26MAY182130,Target Price: $47.7877,2026-05-18 21:15:00-04:00,2026-05-18 21:30:00-04:00,47.5759,47.7877,no
KXHYPE15M-26MAY182115,Target Price: $48.1224,2026-05-18 21:00:00-04:00,2026-05-18 21:15:00-04:00,47.7877,48.1224,no
KXHYPE15M-26MAY182100,Target Price: $47.7295,2026-05-18 20:45:00-04:00,2026-05-18 21:00:00-04:00,48.1224,47.7295,yes
KXHYPE15M-26MAY182045,Target Price: $48.3556,2026-05-18 20:30:00-04:00,2026-05-18 20:45:00-04:00,47.7295,48.3556,no
KXHYPE15M-26MAY182030,Target Price: $48.2877,2026-05-18 20:15:00-04:00,2026-05-18 20:30:00-04:00,48.3556,48.2877,yes
KXHYPE15M-26MAY182015,Target Price: $47.6920,2026-05-18 20:00:00-04:00,2026-05-18 20:15:00-04:00,48.2877,47.692,yes
KXHYPE15M-26MAY182000,Target Price: $47.5885,2026-05-18 19:45:00-04:00,2026-05-18 20:00:00-04:00,47.6920,47.5885,yes
KXHYPE15M-26MAY181945,Target Price: $47.3215,2026-05-18 19:30:00-04:00,2026-05-18 19:45:00-04:00,47.5885,47.3215,yes
KXHYPE15M-26MAY181930,Target Price: $47.4439,2026-05-18 19:15:00-04:00,2026-05-18 19:30:00-04:00,47.3215,47.4439,no
KXHYPE15M-26MAY181915,Target Price: $47.1537,2026-05-18 19:00:00-04:00,2026-05-18 19:15:00-04:00,47.4439,47.1537,yes
KXHYPE15M-26MAY181900,Target Price: $47.2345,2026-05-18 18:45:00-04:00,2026-05-18 19:00:00-04:00,47.1537,47.2345,no
KXHYPE15M-26MAY181845,Target Price: $47.4716,2026-05-18 18:30:00-04:00,2026-05-18 18:45:00-04:00,47.2345,47.4716,no
KXHYPE15M-26MAY181830,Target Price: $47.0980,2026-05-18 18:15:00-04:00,2026-05-18 18:30:00-04:00,47.4716,47.098,yes
KXHYPE15M-26MAY181815,Target Price: $47.2119,2026-05-18 18:00:00-04:00,2026-05-18 18:15:00-04:00,47.0980,47.2119,no
KXHYPE15M-26MAY181800,Target Price: $47.2971,2026-05-18 17:45:00-04:00,2026-05-18 18:00:00-04:00,47.2119,47.2971,no
KXHYPE15M-26MAY181745,Target Price: $46.8830,2026-05-18 17:30:00-04:00,2026-05-18 17:45:00-04:00,47.2971,46.883,yes
KXHYPE15M-26MAY181730,Target Price: $47.3219,2026-05-18 17:15:00-04:00,2026-05-18 17:30:00-04:00,46.8830,47.3219,no
KXHYPE15M-26MAY181715,Target Price: $45.8792,2026-05-18 17:00:00-04:00,2026-05-18 17:15:00-04:00,47.3219,45.8792,yes
KXHYPE15M-26MAY181700,Target Price: $45.8482,2026-05-18 16:45:00-04:00,2026-05-18 17:00:00-04:00,45.8792,45.8482,yes
KXHYPE15M-26MAY181645,Target Price: $46.0899,2026-05-18 16:30:00-04:00,2026-05-18 16:45:00-04:00,45.8482,46.0899,no
KXHYPE15M-26MAY181630,Target Price: $46.2210,2026-05-18 16:15:00-04:00,2026-05-18 16:30:00-04:00,46.0899,46.221,no
KXHYPE15M-26MAY181615,Target Price: $46.3021,2026-05-18 16:00:00-04:00,2026-05-18 16:15:00-04:00,46.2210,46.3021,no
KXHYPE15M-26MAY181600,Target Price: $45.5353,2026-05-18 15:45:00-04:00,2026-05-18 16:00:00-04:00,46.3021,45.5353,yes
KXHYPE15M-26MAY181545,Target Price: $45.2654,2026-05-18 15:30:00-04:00,2026-05-18 15:45:00-04:00,45.5353,45.2654,yes
KXHYPE15M-26MAY181530,Target Price: $45.4601,2026-05-18 15:15:00-04:00,2026-05-18 15:30:00-04:00,45.2654,45.4601,no
KXHYPE15M-26MAY181515,Target Price: $44.9193,2026-05-18 15:00:00-04:00,2026-05-18 15:15:00-04:00,45.4601,44.9193,yes
KXHYPE15M-26MAY181500,Target Price: $45.0847,2026-05-18 14:45:00-04:00,2026-05-18 15:00:00-04:00,44.9193,45.0847,no
KXHYPE15M-26MAY181445,Target Price: $45.1448,2026-05-18 14:30:00-04:00,2026-05-18 14:45:00-04:00,45.0847,45.1448,no
KXHYPE15M-26MAY181430,Target Price: $45.3549,2026-05-18 14:15:00-04:00,2026-05-18 14:30:00-04:00,45.1448,45.3549,no
KXHYPE15M-26MAY181415,Target Price: $45.5219,2026-05-18 14:00:00-04:00,2026-05-18 14:15:00-04:00,45.3549,45.5219,no
KXHYPE15M-26MAY181400,Target Price: $45.3645,2026-05-18 13:45:00-04:00,2026-05-18 14:00:00-04:00,45.5219,45.3645,yes
KXHYPE15M-26MAY181345,Target Price: $45.2173,2026-05-18 13:30:00-04:00,2026-05-18 13:45:00-04:00,45.3645,45.2173,yes
KXHYPE15M-26MAY181330,Target Price: $45.1711,2026-05-18 13:15:00-04:00,2026-05-18 13:30:00-04:00,45.2173,45.1711,yes
KXHYPE15M-26MAY181315,Target Price: $45.0938,2026-05-18 13:00:00-04:00,2026-05-18 13:15:00-04:00,45.1711,45.0938,yes
KXHYPE15M-26MAY181300,Target Price: $44.9724,2026-05-18 12:45:00-04:00,2026-05-18 13:00:00-04:00,45.0938,44.9724,yes
KXHYPE15M-26MAY181245,Target Price: $44.7724,2026-05-18 12:30:00-04:00,2026-05-18 12:45:00-04:00,44.9724,44.7724,yes
KXHYPE15M-26MAY181230,Target Price: $45.0501,2026-05-18 12:15:00-04:00,2026-05-18 12:30:00-04:00,44.7724,45.0501,no
KXHYPE15M-26MAY181215,Target Price: $44.7128,2026-05-18 12:00:00-04:00,2026-05-18 12:15:00-04:00,45.0501,44.7128,yes
KXHYPE15M-26MAY181200,Target Price: $44.9602,2026-05-18 11:45:00-04:00,2026-05-18 12:00:00-04:00,44.7128,44.9602,no
KXHYPE15M-26MAY181145,Target Price: $44.5595,2026-05-18 11:30:00-04:00,2026-05-18 11:45:00-04:00,44.9602,44.5595,yes
KXHYPE15M-26MAY181130,Target Price: $44.6344,2026-05-18 11:15:00-04:00,2026-05-18 11:30:00-04:00,44.5595,44.6344,no
KXHYPE15M-26MAY181115,Target Price: $44.7034,2026-05-18 11:00:00-04:00,2026-05-18 11:15:00-04:00,44.6344,44.7034,no
KXHYPE15M-26MAY181100,Target Price: $45.1057,2026-05-18 10:45:00-04:00,2026-05-18 11:00:00-04:00,44.7034,45.1057,no
KXHYPE15M-26MAY181045,Target Price: $45.5974,2026-05-18 10:30:00-04:00,2026-05-18 10:45:00-04:00,45.1057,45.5974,no
KXHYPE15M-26MAY181030,Target Price: $45.5863,2026-05-18 10:15:00-04:00,2026-05-18 10:30:00-04:00,45.5974,45.5863,yes
KXHYPE15M-26MAY181015,Target Price: $45.9884,2026-05-18 10:00:00-04:00,2026-05-18 10:15:00-04:00,45.5863,45.9884,no
KXHYPE15M-26MAY181000,Target Price: $45.7833,2026-05-18 09:45:00-04:00,2026-05-18 10:00:00-04:00,45.9884,45.7833,yes
KXHYPE15M-26MAY180945,Target Price: $45.9039,2026-05-18 09:30:00-04:00,2026-05-18 09:45:00-04:00,45.7833,45.9039,no
KXHYPE15M-26MAY180930,Target Price: $46.1665,2026-05-18 09:15:00-04:00,2026-05-18 09:30:00-04:00,45.9039,46.1665,no
KXHYPE15M-26MAY180915,Target Price: $45.9546,2026-05-18 09:00:00-04:00,2026-05-18 09:15:00-04:00,46.1665,45.9546,yes
KXHYPE15M-26MAY180900,Target Price: $45.7244,2026-05-18 08:45:00-04:00,2026-05-18 09:00:00-04:00,45.9546,45.7244,yes
KXHYPE15M-26MAY180845,Target Price: $45.5739,2026-05-18 08:30:00-04:00,2026-05-18 08:45:00-04:00,45.7244,45.5739,yes
KXHYPE15M-26MAY180830,Target Price: $45.5877,2026-05-18 08:15:00-04:00,2026-05-18 08:30:00-04:00,45.5739,45.5877,no
KXHYPE15M-26MAY180815,Target Price: $45.4714,2026-05-18 08:00:00-04:00,2026-05-18 08:15:00-04:00,45.5877,45.4714,yes
KXHYPE15M-26MAY180800,Target Price: $45.5177,2026-05-18 07:45:00-04:00,2026-05-18 08:00:00-04:00,45.4714,45.5177,no
KXHYPE15M-26MAY180745,Target Price: $45.1495,2026-05-18 07:30:00-04:00,2026-05-18 07:45:00-04:00,45.5177,45.1495,yes
KXHYPE15M-26MAY180730,Target Price: $45.1150,2026-05-18 07:15:00-04:00,2026-05-18 07:30:00-04:00,45.1495,45.115,yes
KXHYPE15M-26MAY180715,Target Price: $45.2904,2026-05-18 07:00:00-04:00,2026-05-18 07:15:00-04:00,45.1150,45.2904,no
KXHYPE15M-26MAY180700,Target Price: $45.2987,2026-05-18 06:45:00-04:00,2026-05-18 07:00:00-04:00,45.2904,45.2987,no
KXHYPE15M-26MAY180645,Target Price: $45.4196,2026-05-18 06:30:00-04:00,2026-05-18 06:45:00-04:00,45.2987,45.4196,no
KXHYPE15M-26MAY180630,Target Price: $45.3147,2026-05-18 06:15:00-04:00,2026-05-18 06:30:00-04:00,45.4196,45.3147,yes
KXHYPE15M-26MAY180615,Target Price: $45.2468,2026-05-18 06:00:00-04:00,2026-05-18 06:15:00-04:00,45.3147,45.2468,yes
KXHYPE15M-26MAY180600,Target Price: $45.0436,2026-05-18 05:45:00-04:00,2026-05-18 06:00:00-04:00,45.2468,45.0436,yes
KXHYPE15M-26MAY180545,Target Price: $45.3623,2026-05-18 05:30:00-04:00,2026-05-18 05:45:00-04:00,45.0436,45.3623,no
KXHYPE15M-26MAY180530,Target Price: $45.5378,2026-05-18 05:15:00-04:00,2026-05-18 05:30:00-04:00,45.3623,45.5378,no
KXHYPE15M-26MAY180515,Target Price: $45.7793,2026-05-18 05:00:00-04:00,2026-05-18 05:15:00-04:00,45.5378,45.7793,no
KXHYPE15M-26MAY180500,Target Price: $45.5094,2026-05-18 04:45:00-04:00,2026-05-18 05:00:00-04:00,45.7793,45.5094,yes
KXHYPE15M-26MAY180445,Target Price: $45.3771,2026-05-18 04:30:00-04:00,2026-05-18 04:45:00-04:00,45.5094,45.3771,yes
KXHYPE15M-26MAY180430,Target Price: $45.4589,2026-05-18 04:15:00-04:00,2026-05-18 04:30:00-04:00,45.3771,45.4589,no
KXHYPE15M-26MAY180415,Target Price: $45.2791,2026-05-18 04:00:00-04:00,2026-05-18 04:15:00-04:00,45.4589,45.2791,yes
KXHYPE15M-26MAY180400,Target Price: $45.0458,2026-05-18 03:45:00-04:00,2026-05-18 04:00:00-04:00,45.2791,45.0458,yes
KXHYPE15M-26MAY180345,Target Price: $45.1304,2026-05-18 03:30:00-04:00,2026-05-18 03:45:00-04:00,45.0458,45.1304,no
KXHYPE15M-26MAY180330,Target Price: $45.0458,2026-05-18 03:15:00-04:00,2026-05-18 03:30:00-04:00,45.1304,45.0458,yes
KXHYPE15M-26MAY180315,Target Price: $45.3087,2026-05-18 03:00:00-04:00,2026-05-18 03:15:00-04:00,45.0458,45.3087,no
KXHYPE15M-26MAY180300,Target Price: $45.3310,2026-05-18 02:45:00-04:00,2026-05-18 03:00:00-04:00,45.3087,45.331,no
KXHYPE15M-26MAY180245,Target Price: $45.1859,2026-05-18 02:30:00-04:00,2026-05-18 02:45:00-04:00,45.3310,45.1859,yes
KXHYPE15M-26MAY180230,Target Price: $45.3397,2026-05-18 02:15:00-04:00,2026-05-18 02:30:00-04:00,45.1859,45.3397,no
KXHYPE15M-26MAY180215,Target Price: $45.4050,2026-05-18 02:00:00-04:00,2026-05-18 02:15:00-04:00,45.3397,45.405,no
KXHYPE15M-26MAY180200,Target Price: $45.6142,2026-05-18 01:45:00-04:00,2026-05-18 02:00:00-04:00,45.4050,45.6142,no
KXHYPE15M-26MAY180145,Target Price: $45.6781,2026-05-18 01:30:00-04:00,2026-05-18 01:45:00-04:00,45.6142,45.6781,no
KXHYPE15M-26MAY180130,Target Price: $45.6713,2026-05-18 01:15:00-04:00,2026-05-18 01:30:00-04:00,45.6781,45.6713,yes
KXHYPE15M-26MAY180115,Target Price: $45.8457,2026-05-18 01:00:00-04:00,2026-05-18 01:15:00-04:00,45.6713,45.8457,no
KXHYPE15M-26MAY180100,Target Price: $45.8349,2026-05-18 00:45:00-04:00,2026-05-18 01:00:00-04:00,45.8457,45.8349,yes
KXHYPE15M-26MAY180045,Target Price: $45.2653,2026-05-18 00:30:00-04:00,2026-05-18 00:45:00-04:00,45.8349,45.2653,yes
KXHYPE15M-26MAY180030,Target Price: $45.4450,2026-05-18 00:15:00-04:00,2026-05-18 00:30:00-04:00,45.2653,45.445,no
KXHYPE15M-26MAY180015,Target Price: $45.4395,2026-05-18 00:00:00-04:00,2026-05-18 00:15:00-04:00,45.4450,45.4395,yes
KXHYPE15M-26MAY180000,Target Price: $45.4477,2026-05-17 23:45:00-04:00,2026-05-18 00:00:00-04:00,45.4395,45.4477,no
KXHYPE15M-26MAY172345,Target Price: $45.3470,2026-05-17 23:30:00-04:00,2026-05-17 23:45:00-04:00,45.4477,45.347,yes
KXHYPE15M-26MAY172330,Target Price: $45.5860,2026-05-17 23:15:00-04:00,2026-05-17 23:30:00-04:00,45.3470,45.586,no
KXHYPE15M-26MAY172315,Target Price: $45.5612,2026-05-17 23:00:00-04:00,2026-05-17 23:15:00-04:00,45.5860,45.5612,yes
KXHYPE15M-26MAY172300,Target Price: $45.8597,2026-05-17 22:45:00-04:00,2026-05-17 23:00:00-04:00,45.5612,45.8597,no
KXHYPE15M-26MAY172245,Target Price: $45.7528,2026-05-17 22:30:00-04:00,2026-05-17 22:45:00-04:00,45.8597,45.7528,yes
KXHYPE15M-26MAY172230,Target Price: $45.9992,2026-05-17 22:15:00-04:00,2026-05-17 22:30:00-04:00,45.7528,45.9992,no
KXHYPE15M-26MAY172215,Target Price: $46.0272,2026-05-17 22:00:00-04:00,2026-05-17 22:15:00-04:00,45.9992,46.0272,no
KXHYPE15M-26MAY172200,Target Price: $45.8596,2026-05-17 21:45:00-04:00,2026-05-17 22:00:00-04:00,46.0272,45.8596,yes
KXHYPE15M-26MAY172145,Target Price: $46.0271,2026-05-17 21:30:00-04:00,2026-05-17 21:45:00-04:00,45.8596,46.0271,no
KXHYPE15M-26MAY172130,Target Price: $46.5346,2026-05-17 21:15:00-04:00,2026-05-17 21:30:00-04:00,46.0271,46.5346,no
KXHYPE15M-26MAY172115,Target Price: $46.8087,2026-05-17 21:00:00-04:00,2026-05-17 21:15:00-04:00,46.5346,46.8087,no
KXHYPE15M-26MAY172100,Target Price: $46.3973,2026-05-17 20:45:00-04:00,2026-05-17 21:00:00-04:00,46.8087,46.3973,yes
KXHYPE15M-26MAY172045,Target Price: $46.0592,2026-05-17 20:30:00-04:00,2026-05-17 20:45:00-04:00,46.3973,46.0592,yes
KXHYPE15M-26MAY172030,Target Price: $45.9868,2026-05-17 20:15:00-04:00,2026-05-17 20:30:00-04:00,46.0592,45.9868,yes
KXHYPE15M-26MAY172015,Target Price: $45.6805,2026-05-17 20:00:00-04:00,2026-05-17 20:15:00-04:00,45.9868,45.6805,yes
KXHYPE15M-26MAY172000,Target Price: $45.2439,2026-05-17 19:45:00-04:00,2026-05-17 20:00:00-04:00,45.6805,45.2439,yes
KXHYPE15M-26MAY171945,Target Price: $45.5496,2026-05-17 19:30:00-04:00,2026-05-17 19:45:00-04:00,45.2439,45.5496,no
KXHYPE15M-26MAY171930,Target Price: $45.8635,2026-05-17 19:15:00-04:00,2026-05-17 19:30:00-04:00,45.5496,45.8635,no
KXHYPE15M-26MAY171915,Target Price: $46.0721,2026-05-17 19:00:00-04:00,2026-05-17 19:15:00-04:00,45.8635,46.0721,no
KXHYPE15M-26MAY171900,Target Price: $46.6297,2026-05-17 18:45:00-04:00,2026-05-17 19:00:00-04:00,46.0721,46.6297,no
KXHYPE15M-26MAY171845,Target Price: $46.4618,2026-05-17 18:30:00-04:00,2026-05-17 18:45:00-04:00,46.6297,46.4618,yes
KXHYPE15M-26MAY171830,Target Price: $46.6130,2026-05-17 18:15:00-04:00,2026-05-17 18:30:00-04:00,46.4618,46.613,no
KXHYPE15M-26MAY171815,Target Price: $47.0195,2026-05-17 18:00:00-04:00,2026-05-17 18:15:00-04:00,46.6130,47.0195,no
KXHYPE15M-26MAY171800,Target Price: $46.4750,2026-05-17 17:45:00-04:00,2026-05-17 18:00:00-04:00,47.0195,46.475,yes
KXHYPE15M-26MAY171745,Target Price: $46.5819,2026-05-17 17:30:00-04:00,2026-05-17 17:45:00-04:00,46.4750,46.5819,no
KXHYPE15M-26MAY171730,Target Price: $46.7505,2026-05-17 17:15:00-04:00,2026-05-17 17:30:00-04:00,46.5819,46.7505,no
KXHYPE15M-26MAY171715,Target Price: $46.3742,2026-05-17 17:00:00-04:00,2026-05-17 17:15:00-04:00,46.7505,46.3742,yes
KXHYPE15M-26MAY171700,Target Price: $46.3405,2026-05-17 16:45:00-04:00,2026-05-17 17:00:00-04:00,46.3742,46.3405,yes
KXHYPE15M-26MAY171645,Target Price: $46.3325,2026-05-17 16:30:00-04:00,2026-05-17 16:45:00-04:00,46.3405,46.3325,yes
KXHYPE15M-26MAY171630,Target Price: $46.7565,2026-05-17 16:15:00-04:00,2026-05-17 16:30:00-04:00,46.3325,46.7565,no
KXHYPE15M-26MAY171615,Target Price: $46.6730,2026-05-17 16:00:00-04:00,2026-05-17 16:15:00-04:00,46.7565,46.673,yes
KXHYPE15M-26MAY171600,Target Price: $46.4741,2026-05-17 15:45:00-04:00,2026-05-17 16:00:00-04:00,46.6730,46.4741,yes
KXHYPE15M-26MAY171545,Target Price: $46.1291,2026-05-17 15:30:00-04:00,2026-05-17 15:45:00-04:00,46.4741,46.1291,yes
KXHYPE15M-26MAY171530,Target Price: $45.7232,2026-05-17 15:15:00-04:00,2026-05-17 15:30:00-04:00,46.1291,45.7232,yes
KXHYPE15M-26MAY171515,Target Price: $45.4072,2026-05-17 15:00:00-04:00,2026-05-17 15:15:00-04:00,45.7232,45.4072,yes
KXHYPE15M-26MAY171500,Target Price: $44.6130,2026-05-17 14:45:00-04:00,2026-05-17 15:00:00-04:00,45.4072,44.613,yes
KXHYPE15M-26MAY171445,Target Price: $44.2045,2026-05-17 14:30:00-04:00,2026-05-17 14:45:00-04:00,44.6130,44.2045,yes
KXHYPE15M-26MAY171430,Target Price: $44.0824,2026-05-17 14:15:00-04:00,2026-05-17 14:30:00-04:00,44.2045,44.0824,yes
KXHYPE15M-26MAY171415,Target Price: $43.8810,2026-05-17 14:00:00-04:00,2026-05-17 14:15:00-04:00,44.0824,43.881,yes
KXHYPE15M-26MAY171400,Target Price: $43.8267,2026-05-17 13:45:00-04:00,2026-05-17 14:00:00-04:00,43.8810,43.8267,yes
KXHYPE15M-26MAY171345,Target Price: $43.6072,2026-05-17 13:30:00-04:00,2026-05-17 13:45:00-04:00,43.8267,43.6072,yes
KXHYPE15M-26MAY171330,Target Price: $43.4840,2026-05-17 13:15:00-04:00,2026-05-17 13:30:00-04:00,43.6072,43.484,yes
KXHYPE15M-26MAY171315,Target Price: $43.5414,2026-05-17 13:00:00-04:00,2026-05-17 13:15:00-04:00,43.4840,43.5414,no
KXHYPE15M-26MAY171300,Target Price: $43.7815,2026-05-17 12:45:00-04:00,2026-05-17 13:00:00-04:00,43.5414,43.7815,no
KXHYPE15M-26MAY171245,Target Price: $43.8270,2026-05-17 12:30:00-04:00,2026-05-17 12:45:00-04:00,43.7815,43.827,no
KXHYPE15M-26MAY171230,Target Price: $43.7989,2026-05-17 12:15:00-04:00,2026-05-17 12:30:00-04:00,43.8270,43.7989,yes
KXHYPE15M-26MAY171215,Target Price: $43.5631,2026-05-17 12:00:00-04:00,2026-05-17 12:15:00-04:00,43.7989,43.5631,yes
KXHYPE15M-26MAY171200,Target Price: $43.5497,2026-05-17 11:45:00-04:00,2026-05-17 12:00:00-04:00,43.5631,43.5497,yes
KXHYPE15M-26MAY171145,Target Price: $43.6820,2026-05-17 11:30:00-04:00,2026-05-17 11:45:00-04:00,43.5497,43.682,no
KXHYPE15M-26MAY171130,Target Price: $43.8886,2026-05-17 11:15:00-04:00,2026-05-17 11:30:00-04:00,43.6820,43.8886,no
KXHYPE15M-26MAY171115,Target Price: $43.4004,2026-05-17 11:00:00-04:00,2026-05-17 11:15:00-04:00,43.8886,43.4004,yes
KXHYPE15M-26MAY171100,Target Price: $42.9042,2026-05-17 10:45:00-04:00,2026-05-17 11:00:00-04:00,43.4004,42.9042,yes
KXHYPE15M-26MAY171045,Target Price: $43.1035,2026-05-17 10:30:00-04:00,2026-05-17 10:45:00-04:00,42.9042,43.1035,no
KXHYPE15M-26MAY171030,Target Price: $42.8811,2026-05-17 10:15:00-04:00,2026-05-17 10:30:00-04:00,43.1035,42.8811,yes
KXHYPE15M-26MAY171015,Target Price: $42.8478,2026-05-17 10:00:00-04:00,2026-05-17 10:15:00-04:00,42.8811,42.8478,yes
KXHYPE15M-26MAY171000,Target Price: $42.7747,2026-05-17 09:45:00-04:00,2026-05-17 10:00:00-04:00,42.8478,42.7747,yes
KXHYPE15M-26MAY170945,Target Price: $42.7359,2026-05-17 09:30:00-04:00,2026-05-17 09:45:00-04:00,42.7747,42.7359,yes
KXHYPE15M-26MAY170930,Target Price: $42.8762,2026-05-17 09:15:00-04:00,2026-05-17 09:30:00-04:00,42.7359,42.8762,no
KXHYPE15M-26MAY170915,Target Price: $43.1665,2026-05-17 09:00:00-04:00,2026-05-17 09:15:00-04:00,42.8762,43.1665,no
KXHYPE15M-26MAY170900,Target Price: $42.9274,2026-05-17 08:45:00-04:00,2026-05-17 09:00:00-04:00,43.1665,42.9274,yes
KXHYPE15M-26MAY170845,Target Price: $42.7608,2026-05-17 08:30:00-04:00,2026-05-17 08:45:00-04:00,42.9274,42.7608,yes
KXHYPE15M-26MAY170830,Target Price: $42.8182,2026-05-17 08:15:00-04:00,2026-05-17 08:30:00-04:00,42.7608,42.8182,no
KXHYPE15M-26MAY170815,Target Price: $42.9046,2026-05-17 08:00:00-04:00,2026-05-17 08:15:00-04:00,42.8182,42.9046,no
KXHYPE15M-26MAY170800,Target Price: $43.0040,2026-05-17 07:45:00-04:00,2026-05-17 08:00:00-04:00,42.9046,43.004,no
KXHYPE15M-26MAY170745,Target Price: $42.9883,2026-05-17 07:30:00-04:00,2026-05-17 07:45:00-04:00,43.0040,42.9883,yes
KXHYPE15M-26MAY170730,Target Price: $43.1625,2026-05-17 07:15:00-04:00,2026-05-17 07:30:00-04:00,42.9883,43.1625,no
KXHYPE15M-26MAY170715,Target Price: $43.3329,2026-05-17 07:00:00-04:00,2026-05-17 07:15:00-04:00,43.1625,43.3329,no
KXHYPE15M-26MAY170700,Target Price: $43.2369,2026-05-17 06:45:00-04:00,2026-05-17 07:00:00-04:00,43.3329,43.2369,yes
KXHYPE15M-26MAY170645,Target Price: $43.3140,2026-05-17 06:30:00-04:00,2026-05-17 06:45:00-04:00,43.2369,43.314,no
KXHYPE15M-26MAY170630,Target Price: $42.9905,2026-05-17 06:15:00-04:00,2026-05-17 06:30:00-04:00,43.3140,42.9905,yes
KXHYPE15M-26MAY170615,Target Price: $42.9378,2026-05-17 06:00:00-04:00,2026-05-17 06:15:00-04:00,42.9905,42.9378,yes
KXHYPE15M-26MAY170600,Target Price: $42.8525,2026-05-17 05:45:00-04:00,2026-05-17 06:00:00-04:00,42.9378,42.8525,yes
KXHYPE15M-26MAY170545,Target Price: $42.9004,2026-05-17 05:30:00-04:00,2026-05-17 05:45:00-04:00,42.8525,42.9004,no
KXHYPE15M-26MAY170530,Target Price: $42.8788,2026-05-17 05:15:00-04:00,2026-05-17 05:30:00-04:00,42.9004,42.8788,yes
KXHYPE15M-26MAY170515,Target Price: $42.7852,2026-05-17 05:00:00-04:00,2026-05-17 05:15:00-04:00,42.8788,42.7852,yes
KXHYPE15M-26MAY170500,Target Price: $42.7174,2026-05-17 04:45:00-04:00,2026-05-17 05:00:00-04:00,42.7852,42.7174,yes
KXHYPE15M-26MAY170445,Target Price: $42.7776,2026-05-17 04:30:00-04:00,2026-05-17 04:45:00-04:00,42.7174,42.7776,no
KXHYPE15M-26MAY170430,Target Price: $42.8613,2026-05-17 04:15:00-04:00,2026-05-17 04:30:00-04:00,42.7776,42.8613,no
KXHYPE15M-26MAY170415,Target Price: $42.7839,2026-05-17 04:00:00-04:00,2026-05-17 04:15:00-04:00,42.8613,42.7839,yes
KXHYPE15M-26MAY170400,Target Price: $42.8528,2026-05-17 03:45:00-04:00,2026-05-17 04:00:00-04:00,42.7839,42.8528,no
KXHYPE15M-26MAY170345,Target Price: $42.6788,2026-05-17 03:30:00-04:00,2026-05-17 03:45:00-04:00,42.8528,42.6788,yes
KXHYPE15M-26MAY170330,Target Price: $42.5342,2026-05-17 03:15:00-04:00,2026-05-17 03:30:00-04:00,42.6788,42.5342,yes
KXHYPE15M-26MAY170315,Target Price: $42.5621,2026-05-17 03:00:00-04:00,2026-05-17 03:15:00-04:00,42.5342,42.5621,no
KXHYPE15M-26MAY170300,Target Price: $42.4939,2026-05-17 02:45:00-04:00,2026-05-17 03:00:00-04:00,42.5621,42.4939,yes
KXHYPE15M-26MAY170245,Target Price: $42.5875,2026-05-17 02:30:00-04:00,2026-05-17 02:45:00-04:00,42.4939,42.5875,no
KXHYPE15M-26MAY170230,Target Price: $42.6712,2026-05-17 02:15:00-04:00,2026-05-17 02:30:00-04:00,42.5875,42.6712,no
KXHYPE15M-26MAY170215,Target Price: $42.6963,2026-05-17 02:00:00-04:00,2026-05-17 02:15:00-04:00,42.6712,42.6963,no
KXHYPE15M-26MAY170200,Target Price: $42.6040,2026-05-17 01:45:00-04:00,2026-05-17 02:00:00-04:00,42.6963,42.604,yes
KXHYPE15M-26MAY170145,Target Price: $42.6783,2026-05-17 01:30:00-04:00,2026-05-17 01:45:00-04:00,42.6040,42.6783,no
KXHYPE15M-26MAY170130,Target Price: $42.5612,2026-05-17 01:15:00-04:00,2026-05-17 01:30:00-04:00,42.6783,42.5612,yes
KXHYPE15M-26MAY170115,Target Price: $42.3778,2026-05-17 01:00:00-04:00,2026-05-17 01:15:00-04:00,42.5612,42.3778,yes
KXHYPE15M-26MAY170100,Target Price: $42.5010,2026-05-17 00:45:00-04:00,2026-05-17 01:00:00-04:00,42.3778,42.501,no
KXHYPE15M-26MAY170045,Target Price: $42.1433,2026-05-17 00:30:00-04:00,2026-05-17 00:45:00-04:00,42.5010,42.1433,yes
KXHYPE15M-26MAY170030,Target Price: $42.2272,2026-05-17 00:15:00-04:00,2026-05-17 00:30:00-04:00,42.1433,42.2272,no
KXHYPE15M-26MAY170015,Target Price: $42.3880,2026-05-17 00:00:00-04:00,2026-05-17 00:15:00-04:00,42.2272,42.388,no
KXHYPE15M-26MAY170000,Target Price: $42.2858,2026-05-16 23:45:00-04:00,2026-05-17 00:00:00-04:00,42.3880,42.2858,yes
KXHYPE15M-26MAY162345,Target Price: $42.0167,2026-05-16 23:30:00-04:00,2026-05-16 23:45:00-04:00,42.2858,42.0167,yes
KXHYPE15M-26MAY162330,Target Price: $41.7672,2026-05-16 23:15:00-04:00,2026-05-16 23:30:00-04:00,42.0167,41.7672,yes
KXHYPE15M-26MAY162315,Target Price: $41.4641,2026-05-16 23:00:00-04:00,2026-05-16 23:15:00-04:00,41.7672,41.4641,yes
KXHYPE15M-26MAY162300,Target Price: $41.5258,2026-05-16 22:45:00-04:00,2026-05-16 23:00:00-04:00,41.4641,41.5258,no
KXHYPE15M-26MAY162245,Target Price: $41.4928,2026-05-16 22:30:00-04:00,2026-05-16 22:45:00-04:00,41.5258,41.4928,yes
KXHYPE15M-26MAY162230,Target Price: $41.6031,2026-05-16 22:15:00-04:00,2026-05-16 22:30:00-04:00,41.4928,41.6031,no
KXHYPE15M-26MAY162215,Target Price: $41.4634,2026-05-16 22:00:00-04:00,2026-05-16 22:15:00-04:00,41.6031,41.4634,yes
KXHYPE15M-26MAY162200,Target Price: $41.4797,2026-05-16 21:45:00-04:00,2026-05-16 22:00:00-04:00,41.4634,41.4797,no
KXHYPE15M-26MAY162145,Target Price: $41.5498,2026-05-16 21:30:00-04:00,2026-05-16 21:45:00-04:00,41.4797,41.5498,no
KXHYPE15M-26MAY162130,Target Price: $41.6757,2026-05-16 21:15:00-04:00,2026-05-16 21:30:00-04:00,41.5498,41.6757,no
KXHYPE15M-26MAY162115,Target Price: $41.7637,2026-05-16 21:00:00-04:00,2026-05-16 21:15:00-04:00,41.6757,41.7637,no
KXHYPE15M-26MAY162100,Target Price: $41.9188,2026-05-16 20:45:00-04:00,2026-05-16 21:00:00-04:00,41.7637,41.9188,no
KXHYPE15M-26MAY162045,Target Price: $41.9028,2026-05-16 20:30:00-04:00,2026-05-16 20:45:00-04:00,41.9188,41.9028,yes
KXHYPE15M-26MAY162030,Target Price: $41.9021,2026-05-16 20:15:00-04:00,2026-05-16 20:30:00-04:00,41.9028,41.9021,yes
KXHYPE15M-26MAY162015,Target Price: $41.7905,2026-05-16 20:00:00-04:00,2026-05-16 20:15:00-04:00,41.9021,41.7905,yes
KXHYPE15M-26MAY162000,Target Price: $41.8067,2026-05-16 19:45:00-04:00,2026-05-16 20:00:00-04:00,41.7905,41.8067,no
KXHYPE15M-26MAY161945,Target Price: $41.8208,2026-05-16 19:30:00-04:00,2026-05-16 19:45:00-04:00,41.8067,41.8208,no
KXHYPE15M-26MAY161930,Target Price: $41.8327,2026-05-16 19:15:00-04:00,2026-05-16 19:30:00-04:00,41.8208,41.8327,no
KXHYPE15M-26MAY161915,Target Price: $41.8428,2026-05-16 19:00:00-04:00,2026-05-16 19:15:00-04:00,41.8327,41.8428,no
KXHYPE15M-26MAY161900,Target Price: $41.9912,2026-05-16 18:45:00-04:00,2026-05-16 19:00:00-04:00,41.8428,41.9912,no
KXHYPE15M-26MAY161845,Target Price: $41.9807,2026-05-16 18:30:00-04:00,2026-05-16 18:45:00-04:00,41.9912,41.9807,yes
KXHYPE15M-26MAY161830,Target Price: $41.8650,2026-05-16 18:15:00-04:00,2026-05-16 18:30:00-04:00,41.9807,41.865,yes
KXHYPE15M-26MAY161815,Target Price: $41.9098,2026-05-16 18:00:00-04:00,2026-05-16 18:15:00-04:00,41.8650,41.9098,no
KXHYPE15M-26MAY161800,Target Price: $41.8207,2026-05-16 17:45:00-04:00,2026-05-16 18:00:00-04:00,41.9098,41.8207,yes
KXHYPE15M-26MAY161745,Target Price: $41.9273,2026-05-16 17:30:00-04:00,2026-05-16 17:45:00-04:00,41.8207,41.9273,no
KXHYPE15M-26MAY161730,Target Price: $41.7417,2026-05-16 17:15:00-04:00,2026-05-16 17:30:00-04:00,41.9273,41.7417,yes
KXHYPE15M-26MAY161715,Target Price: $41.9291,2026-05-16 17:00:00-04:00,2026-05-16 17:15:00-04:00,41.7417,41.9291,no
KXHYPE15M-26MAY161700,Target Price: $41.8960,2026-05-16 16:45:00-04:00,2026-05-16 17:00:00-04:00,41.9291,41.896,yes
KXHYPE15M-26MAY161645,Target Price: $41.7825,2026-05-16 16:30:00-04:00,2026-05-16 16:45:00-04:00,41.8960,41.7825,yes
KXHYPE15M-26MAY161630,Target Price: $41.8779,2026-05-16 16:15:00-04:00,2026-05-16 16:30:00-04:00,41.7825,41.8779,no
KXHYPE15M-26MAY161615,Target Price: $41.6328,2026-05-16 16:00:00-04:00,2026-05-16 16:15:00-04:00,41.8779,41.6328,yes
KXHYPE15M-26MAY161600,Target Price: $41.5758,2026-05-16 15:45:00-04:00,2026-05-16 16:00:00-04:00,41.6328,41.5758,yes
KXHYPE15M-26MAY161545,Target Price: $41.5897,2026-05-16 15:30:00-04:00,2026-05-16 15:45:00-04:00,41.5758,41.5897,no
KXHYPE15M-26MAY161530,Target Price: $41.6634,2026-05-16 15:15:00-04:00,2026-05-16 15:30:00-04:00,41.5897,41.6634,no
KXHYPE15M-26MAY161515,Target Price: $41.4395,2026-05-16 15:00:00-04:00,2026-05-16 15:15:00-04:00,41.6634,41.4395,yes
KXHYPE15M-26MAY161500,Target Price: $41.1306,2026-05-16 14:45:00-04:00,2026-05-16 15:00:00-04:00,41.4395,41.1306,yes
KXHYPE15M-26MAY161445,Target Price: $41.0678,2026-05-16 14:30:00-04:00,2026-05-16 14:45:00-04:00,41.1306,41.0678,yes
KXHYPE15M-26MAY161430,Target Price: $40.9419,2026-05-16 14:15:00-04:00,2026-05-16 14:30:00-04:00,41.0678,40.9419,yes
KXHYPE15M-26MAY161415,Target Price: $40.8990,2026-05-16 14:00:00-04:00,2026-05-16 14:15:00-04:00,40.9419,40.899,yes
KXHYPE15M-26MAY161400,Target Price: $40.9743,2026-05-16 13:45:00-04:00,2026-05-16 14:00:00-04:00,40.8990,40.9743,no
KXHYPE15M-26MAY161345,Target Price: $40.9589,2026-05-16 13:30:00-04:00,2026-05-16 13:45:00-04:00,40.9743,40.9589,yes
KXHYPE15M-26MAY161330,Target Price: $40.7522,2026-05-16 13:15:00-04:00,2026-05-16 13:30:00-04:00,40.9589,40.7522,yes
KXHYPE15M-26MAY161315,Target Price: $40.8304,2026-05-16 13:00:00-04:00,2026-05-16 13:15:00-04:00,40.7522,40.8304,no
KXHYPE15M-26MAY161300,Target Price: $40.6582,2026-05-16 12:45:00-04:00,2026-05-16 13:00:00-04:00,40.8304,40.6582,yes
KXHYPE15M-26MAY161245,Target Price: $40.8385,2026-05-16 12:30:00-04:00,2026-05-16 12:45:00-04:00,40.6582,40.8385,no
KXHYPE15M-26MAY161230,Target Price: $40.9529,2026-05-16 12:15:00-04:00,2026-05-16 12:30:00-04:00,40.8385,40.9529,no
KXHYPE15M-26MAY161215,Target Price: $40.9070,2026-05-16 12:00:00-04:00,2026-05-16 12:15:00-04:00,40.9529,40.907,yes
KXHYPE15M-26MAY161200,Target Price: $40.8070,2026-05-16 11:45:00-04:00,2026-05-16 12:00:00-04:00,40.9070,40.807,yes
KXHYPE15M-26MAY161145,Target Price: $40.8533,2026-05-16 11:30:00-04:00,2026-05-16 11:45:00-04:00,40.8070,40.8533,no
KXHYPE15M-26MAY161130,Target Price: $40.9062,2026-05-16 11:15:00-04:00,2026-05-16 11:30:00-04:00,40.8533,40.9062,no
KXHYPE15M-26MAY161115,Target Price: $41.0524,2026-05-16 11:00:00-04:00,2026-05-16 11:15:00-04:00,40.9062,41.0524,no
KXHYPE15M-26MAY161100,Target Price: $41.1549,2026-05-16 10:45:00-04:00,2026-05-16 11:00:00-04:00,41.0524,41.1549,no
KXHYPE15M-26MAY161045,Target Price: $41.0891,2026-05-16 10:30:00-04:00,2026-05-16 10:45:00-04:00,41.1549,41.0891,yes
KXHYPE15M-26MAY161030,Target Price: $41.0605,2026-05-16 10:15:00-04:00,2026-05-16 10:30:00-04:00,41.0891,41.0605,yes
KXHYPE15M-26MAY161015,Target Price: $40.9829,2026-05-16 10:00:00-04:00,2026-05-16 10:15:00-04:00,41.0605,40.9829,yes
KXHYPE15M-26MAY161000,Target Price: $40.7840,2026-05-16 09:45:00-04:00,2026-05-16 10:00:00-04:00,40.9829,40.784,yes
KXHYPE15M-26MAY160945,Target Price: $40.8876,2026-05-16 09:30:00-04:00,2026-05-16 09:45:00-04:00,40.7840,40.8876,no
KXHYPE15M-26MAY160930,Target Price: $41.0161,2026-05-16 09:15:00-04:00,2026-05-16 09:30:00-04:00,40.8876,41.0161,no
KXHYPE15M-26MAY160915,Target Price: $41.2145,2026-05-16 09:00:00-04:00,2026-05-16 09:15:00-04:00,41.0161,41.2145,no
KXHYPE15M-26MAY160900,Target Price: $40.9957,2026-05-16 08:45:00-04:00,2026-05-16 09:00:00-04:00,41.2145,40.9957,yes
KXHYPE15M-26MAY160845,Target Price: $40.9906,2026-05-16 08:30:00-04:00,2026-05-16 08:45:00-04:00,40.9957,40.9906,yes
KXHYPE15M-26MAY160830,Target Price: $40.8742,2026-05-16 08:15:00-04:00,2026-05-16 08:30:00-04:00,40.9906,40.8742,yes
KXHYPE15M-26MAY160815,Target Price: $40.8201,2026-05-16 08:00:00-04:00,2026-05-16 08:15:00-04:00,40.8742,40.8201,yes
KXHYPE15M-26MAY160800,Target Price: $40.9204,2026-05-16 07:45:00-04:00,2026-05-16 08:00:00-04:00,40.8201,40.9204,no
KXHYPE15M-26MAY160745,Target Price: $40.9919,2026-05-16 07:30:00-04:00,2026-05-16 07:45:00-04:00,40.9204,40.9919,no
KXHYPE15M-26MAY160730,Target Price: $40.8178,2026-05-16 07:15:00-04:00,2026-05-16 07:30:00-04:00,40.9919,40.8178,yes
KXHYPE15M-26MAY160715,Target Price: $40.7912,2026-05-16 07:00:00-04:00,2026-05-16 07:15:00-04:00,40.8178,40.7912,yes
KXHYPE15M-26MAY160700,Target Price: $40.8543,2026-05-16 06:45:00-04:00,2026-05-16 07:00:00-04:00,40.7912,40.8543,no
KXHYPE15M-26MAY160645,Target Price: $40.6602,2026-05-16 06:30:00-04:00,2026-05-16 06:45:00-04:00,40.8543,40.6602,yes
KXHYPE15M-26MAY160630,Target Price: $40.7423,2026-05-16 06:15:00-04:00,2026-05-16 06:30:00-04:00,40.6602,40.7423,no
KXHYPE15M-26MAY160615,Target Price: $40.9774,2026-05-16 06:00:00-04:00,2026-05-16 06:15:00-04:00,40.7423,40.9774,no
KXHYPE15M-26MAY160600,Target Price: $41.1669,2026-05-16 05:45:00-04:00,2026-05-16 06:00:00-04:00,40.9774,41.1669,no
KXHYPE15M-26MAY160545,Target Price: $41.0250,2026-05-16 05:30:00-04:00,2026-05-16 05:45:00-04:00,41.1669,41.025,yes
KXHYPE15M-26MAY160530,Target Price: $41.1886,2026-05-16 05:15:00-04:00,2026-05-16 05:30:00-04:00,41.0250,41.1886,no
KXHYPE15M-26MAY160515,Target Price: $41.7048,2026-05-16 05:00:00-04:00,2026-05-16 05:15:00-04:00,41.1886,41.7048,no
KXHYPE15M-26MAY160500,Target Price: $41.8406,2026-05-16 04:45:00-04:00,2026-05-16 05:00:00-04:00,41.7048,41.8406,no
KXHYPE15M-26MAY160445,Target Price: $41.6567,2026-05-16 04:30:00-04:00,2026-05-16 04:45:00-04:00,41.8406,41.6567,yes
KXHYPE15M-26MAY160430,Target Price: $42.0970,2026-05-16 04:15:00-04:00,2026-05-16 04:30:00-04:00,41.6567,42.097,no
KXHYPE15M-26MAY160415,Target Price: $41.9765,2026-05-16 04:00:00-04:00,2026-05-16 04:15:00-04:00,42.0970,41.9765,yes
KXHYPE15M-26MAY160400,Target Price: $41.9246,2026-05-16 03:45:00-04:00,2026-05-16 04:00:00-04:00,41.9765,41.9246,yes
KXHYPE15M-26MAY160345,Target Price: $41.7679,2026-05-16 03:30:00-04:00,2026-05-16 03:45:00-04:00,41.9246,41.7679,yes
KXHYPE15M-26MAY160330,Target Price: $41.4984,2026-05-16 03:15:00-04:00,2026-05-16 03:30:00-04:00,41.7679,41.4984,yes
KXHYPE15M-26MAY160315,Target Price: $41.4930,2026-05-16 03:00:00-04:00,2026-05-16 03:15:00-04:00,41.4984,41.493,yes
KXHYPE15M-26MAY160300,Target Price: $41.7797,2026-05-16 02:45:00-04:00,2026-05-16 03:00:00-04:00,41.4930,41.7797,no
KXHYPE15M-26MAY160245,Target Price: $42.1088,2026-05-16 02:30:00-04:00,2026-05-16 02:45:00-04:00,41.7797,42.1088,no
KXHYPE15M-26MAY160230,Target Price: $42.4026,2026-05-16 02:15:00-04:00,2026-05-16 02:30:00-04:00,42.1088,42.4026,no
KXHYPE15M-26MAY160215,Target Price: $42.5611,2026-05-16 02:00:00-04:00,2026-05-16 02:15:00-04:00,42.4026,42.5611,no
KXHYPE15M-26MAY160200,Target Price: $42.6285,2026-05-16 01:45:00-04:00,2026-05-16 02:00:00-04:00,42.5611,42.6285,no
KXHYPE15M-26MAY160145,Target Price: $42.7402,2026-05-16 01:30:00-04:00,2026-05-16 01:45:00-04:00,42.6285,42.7402,no
KXHYPE15M-26MAY160130,Target Price: $42.6951,2026-05-16 01:15:00-04:00,2026-05-16 01:30:00-04:00,42.7402,42.6951,yes
KXHYPE15M-26MAY160115,Target Price: $42.6650,2026-05-16 01:00:00-04:00,2026-05-16 01:15:00-04:00,42.6951,42.665,yes
KXHYPE15M-26MAY160100,Target Price: $42.7590,2026-05-16 00:45:00-04:00,2026-05-16 01:00:00-04:00,42.6650,42.759,no
KXHYPE15M-26MAY160045,Target Price: $42.8280,2026-05-16 00:30:00-04:00,2026-05-16 00:45:00-04:00,42.7590,42.828,no
KXHYPE15M-26MAY160030,Target Price: $42.8766,2026-05-16 00:15:00-04:00,2026-05-16 00:30:00-04:00,42.8280,42.8766,no
KXHYPE15M-26MAY160015,Target Price: $43.1971,2026-05-16 00:00:00-04:00,2026-05-16 00:15:00-04:00,42.8766,43.1971,no
KXHYPE15M-26MAY160000,Target Price: $43.0605,2026-05-15 23:45:00-04:00,2026-05-16 00:00:00-04:00,43.1971,43.0605,yes
KXHYPE15M-26MAY152345,Target Price: $43.2210,2026-05-15 23:30:00-04:00,2026-05-15 23:45:00-04:00,43.0605,43.221,no
KXHYPE15M-26MAY152330,Target Price: $43.3408,2026-05-15 23:15:00-04:00,2026-05-15 23:30:00-04:00,43.2210,43.3408,no
KXHYPE15M-26MAY152315,Target Price: $43.3001,2026-05-15 23:00:00-04:00,2026-05-15 23:15:00-04:00,43.3408,43.3001,yes
KXHYPE15M-26MAY152300,Target Price: $43.1983,2026-05-15 22:45:00-04:00,2026-05-15 23:00:00-04:00,43.3001,43.1983,yes
KXHYPE15M-26MAY152245,Target Price: $43.3384,2026-05-15 22:30:00-04:00,2026-05-15 22:45:00-04:00,43.1983,43.3384,no
KXHYPE15M-26MAY152230,Target Price: $43.3933,2026-05-15 22:15:00-04:00,2026-05-15 22:30:00-04:00,43.3384,43.3933,no
KXHYPE15M-26MAY152215,Target Price: $43.5364,2026-05-15 22:00:00-04:00,2026-05-15 22:15:00-04:00,43.3933,43.5364,no
KXHYPE15M-26MAY152200,Target Price: $43.2435,2026-05-15 21:45:00-04:00,2026-05-15 22:00:00-04:00,43.5364,43.2435,yes
KXHYPE15M-26MAY152145,Target Price: $43.5415,2026-05-15 21:30:00-04:00,2026-05-15 21:45:00-04:00,43.2435,43.5415,no
KXHYPE15M-26MAY152130,Target Price: $44.0808,2026-05-15 21:15:00-04:00,2026-05-15 21:30:00-04:00,43.5415,44.0808,no
KXHYPE15M-26MAY152115,Target Price: $43.9325,2026-05-15 21:00:00-04:00,2026-05-15 21:15:00-04:00,44.0808,43.9325,yes
KXHYPE15M-26MAY152100,Target Price: $44.1637,2026-05-15 20:45:00-04:00,2026-05-15 21:00:00-04:00,43.9325,44.1637,no
KXHYPE15M-26MAY152045,Target Price: $44.2299,2026-05-15 20:30:00-04:00,2026-05-15 20:45:00-04:00,44.1637,44.2299,no
KXHYPE15M-26MAY152030,Target Price: $44.3471,2026-05-15 20:15:00-04:00,2026-05-15 20:30:00-04:00,44.2299,44.3471,no
KXHYPE15M-26MAY152015,Target Price: $44.1465,2026-05-15 20:00:00-04:00,2026-05-15 20:15:00-04:00,44.3471,44.1465,yes
KXHYPE15M-26MAY152000,Target Price: $44.2640,2026-05-15 19:45:00-04:00,2026-05-15 20:00:00-04:00,44.1465,44.264,no
KXHYPE15M-26MAY151945,Target Price: $44.2046,2026-05-15 19:30:00-04:00,2026-05-15 19:45:00-04:00,44.2640,44.2046,yes
KXHYPE15M-26MAY151930,Target Price: $44.1126,2026-05-15 19:15:00-04:00,2026-05-15 19:30:00-04:00,44.2046,44.1126,yes
KXHYPE15M-26MAY151915,Target Price: $44.0531,2026-05-15 19:00:00-04:00,2026-05-15 19:15:00-04:00,44.1126,44.0531,yes
KXHYPE15M-26MAY151900,Target Price: $43.9602,2026-05-15 18:45:00-04:00,2026-05-15 19:00:00-04:00,44.0531,43.9602,yes
KXHYPE15M-26MAY151845,Target Price: $44.1504,2026-05-15 18:30:00-04:00,2026-05-15 18:45:00-04:00,43.9602,44.1504,no
KXHYPE15M-26MAY151830,Target Price: $43.9448,2026-05-15 18:15:00-04:00,2026-05-15 18:30:00-04:00,44.1504,43.9448,yes
KXHYPE15M-26MAY151815,Target Price: $43.8363,2026-05-15 18:00:00-04:00,2026-05-15 18:15:00-04:00,43.9448,43.8363,yes
KXHYPE15M-26MAY151800,Target Price: $43.9402,2026-05-15 17:45:00-04:00,2026-05-15 18:00:00-04:00,43.8363,43.9402,no
KXHYPE15M-26MAY151745,Target Price: $44.0389,2026-05-15 17:30:00-04:00,2026-05-15 17:45:00-04:00,43.9402,44.0389,no
KXHYPE15M-26MAY151730,Target Price: $44.2479,2026-05-15 17:15:00-04:00,2026-05-15 17:30:00-04:00,44.0389,44.2479,no
KXHYPE15M-26MAY151715,Target Price: $44.1819,2026-05-15 17:00:00-04:00,2026-05-15 17:15:00-04:00,44.2479,44.1819,yes
KXHYPE15M-26MAY151700,Target Price: $44.2348,2026-05-15 16:45:00-04:00,2026-05-15 17:00:00-04:00,44.1819,44.2348,no
KXHYPE15M-26MAY151645,Target Price: $44.6835,2026-05-15 16:30:00-04:00,2026-05-15 16:45:00-04:00,44.2348,44.6835,no
KXHYPE15M-26MAY151630,Target Price: $44.5238,2026-05-15 16:15:00-04:00,2026-05-15 16:30:00-04:00,44.6835,44.5238,yes
KXHYPE15M-26MAY151615,Target Price: $44.5773,2026-05-15 16:00:00-04:00,2026-05-15 16:15:00-04:00,44.5238,44.5773,no
KXHYPE15M-26MAY151600,Target Price: $44.6760,2026-05-15 15:45:00-04:00,2026-05-15 16:00:00-04:00,44.5773,44.676,no
KXHYPE15M-26MAY151545,Target Price: $44.7996,2026-05-15 15:30:00-04:00,2026-05-15 15:45:00-04:00,44.6760,44.7996,no
KXHYPE15M-26MAY151530,Target Price: $44.7070,2026-05-15 15:15:00-04:00,2026-05-15 15:30:00-04:00,44.7996,44.707,yes
KXHYPE15M-26MAY151515,Target Price: $44.5853,2026-05-15 15:00:00-04:00,2026-05-15 15:15:00-04:00,44.7070,44.5853,yes
KXHYPE15M-26MAY151500,Target Price: $44.5138,2026-05-15 14:45:00-04:00,2026-05-15 15:00:00-04:00,44.5853,44.5138,yes
KXHYPE15M-26MAY151445,Target Price: $44.2821,2026-05-15 14:30:00-04:00,2026-05-15 14:45:00-04:00,44.5138,44.2821,yes
KXHYPE15M-26MAY151430,Target Price: $44.3820,2026-05-15 14:15:00-04:00,2026-05-15 14:30:00-04:00,44.2821,44.382,no
KXHYPE15M-26MAY151415,Target Price: $44.4229,2026-05-15 14:00:00-04:00,2026-05-15 14:15:00-04:00,44.3820,44.4229,no
KXHYPE15M-26MAY151400,Target Price: $44.6351,2026-05-15 13:45:00-04:00,2026-05-15 14:00:00-04:00,44.4229,44.6351,no
KXHYPE15M-26MAY151345,Target Price: $44.5263,2026-05-15 13:30:00-04:00,2026-05-15 13:45:00-04:00,44.6351,44.5263,yes
KXHYPE15M-26MAY151330,Target Price: $44.0810,2026-05-15 13:15:00-04:00,2026-05-15 13:30:00-04:00,44.5263,44.081,yes
KXHYPE15M-26MAY151315,Target Price: $44.0165,2026-05-15 13:00:00-04:00,2026-05-15 13:15:00-04:00,44.0810,44.0165,yes
KXHYPE15M-26MAY151300,Target Price: $44.0859,2026-05-15 12:45:00-04:00,2026-05-15 13:00:00-04:00,44.0165,44.0859,no
KXHYPE15M-26MAY151245,Target Price: $43.9342,2026-05-15 12:30:00-04:00,2026-05-15 12:45:00-04:00,44.0859,43.9342,yes
KXHYPE15M-26MAY151230,Target Price: $43.7237,2026-05-15 12:15:00-04:00,2026-05-15 12:30:00-04:00,43.9342,43.7237,yes
KXHYPE15M-26MAY151215,Target Price: $44.0741,2026-05-15 12:00:00-04:00,2026-05-15 12:15:00-04:00,43.7237,44.0741,no
KXHYPE15M-26MAY151200,Target Price: $43.7402,2026-05-15 11:45:00-04:00,2026-05-15 12:00:00-04:00,44.0741,43.7402,yes
KXHYPE15M-26MAY151145,Target Price: $43.9880,2026-05-15 11:30:00-04:00,2026-05-15 11:45:00-04:00,43.7402,43.988,no
KXHYPE15M-26MAY151130,Target Price: $43.8489,2026-05-15 11:15:00-04:00,2026-05-15 11:30:00-04:00,43.9880,43.8489,yes
KXHYPE15M-26MAY151115,Target Price: $43.7450,2026-05-15 11:00:00-04:00,2026-05-15 11:15:00-04:00,43.8489,43.745,yes
KXHYPE15M-26MAY151100,Target Price: $43.9663,2026-05-15 10:45:00-04:00,2026-05-15 11:00:00-04:00,43.7450,43.9663,no
KXHYPE15M-26MAY151045,Target Price: $43.7151,2026-05-15 10:30:00-04:00,2026-05-15 10:45:00-04:00,43.9663,43.7151,yes
KXHYPE15M-26MAY151030,Target Price: $43.6319,2026-05-15 10:15:00-04:00,2026-05-15 10:30:00-04:00,43.7151,43.6319,yes
KXHYPE15M-26MAY151015,Target Price: $43.3998,2026-05-15 10:00:00-04:00,2026-05-15 10:15:00-04:00,43.6319,43.3998,yes
KXHYPE15M-26MAY151000,Target Price: $43.0905,2026-05-15 09:45:00-04:00,2026-05-15 10:00:00-04:00,43.3998,43.0905,yes
KXHYPE15M-26MAY150000,Target Price: $46.5177,2026-05-14 23:45:00-04:00,2026-05-15 00:00:00-04:00,46.6400,46.5177,yes
KXHYPE15M-26MAY142345,Target Price: $46.2830,2026-05-14 23:30:00-04:00,2026-05-14 23:45:00-04:00,46.5177,46.283,yes
KXHYPE15M-26MAY142330,Target Price: $46.9226,2026-05-14 23:15:00-04:00,2026-05-14 23:30:00-04:00,46.2830,46.9226,no
KXHYPE15M-26MAY142315,Target Price: $46.4044,2026-05-14 23:00:00-04:00,2026-05-14 23:15:00-04:00,46.9226,46.4044,yes
KXHYPE15M-26MAY142300,Target Price: $45.9041,2026-05-14 22:45:00-04:00,2026-05-14 23:00:00-04:00,46.4044,45.9041,yes
KXHYPE15M-26MAY142245,Target Price: $45.5943,2026-05-14 22:30:00-04:00,2026-05-14 22:45:00-04:00,45.9041,45.5943,yes
KXHYPE15M-26MAY142230,Target Price: $45.5042,2026-05-14 22:15:00-04:00,2026-05-14 22:30:00-04:00,45.5943,45.5042,yes
KXHYPE15M-26MAY142215,Target Price: $46.1548,2026-05-14 22:00:00-04:00,2026-05-14 22:15:00-04:00,45.5042,46.1548,no
KXHYPE15M-26MAY142200,Target Price: $46.1693,2026-05-14 21:45:00-04:00,2026-05-14 22:00:00-04:00,46.1548,46.1693,no
KXHYPE15M-26MAY142145,Target Price: $45.5588,2026-05-14 21:30:00-04:00,2026-05-14 21:45:00-04:00,46.1693,45.5588,yes
KXHYPE15M-26MAY142130,Target Price: $45.4576,2026-05-14 21:15:00-04:00,2026-05-14 21:30:00-04:00,45.5588,45.4576,yes
KXHYPE15M-26MAY142115,Target Price: $45.2568,2026-05-14 21:00:00-04:00,2026-05-14 21:15:00-04:00,45.4576,45.2568,yes
KXHYPE15M-26MAY142100,Target Price: $45.0320,2026-05-14 20:45:00-04:00,2026-05-14 21:00:00-04:00,45.2568,45.032,yes
KXHYPE15M-26MAY142045,Target Price: $44.7935,2026-05-14 20:30:00-04:00,2026-05-14 20:45:00-04:00,45.0320,44.7935,yes
KXHYPE15M-26MAY142030,Target Price: $44.6026,2026-05-14 20:15:00-04:00,2026-05-14 20:30:00-04:00,44.7935,44.6026,yes
KXHYPE15M-26MAY142015,Target Price: $44.1444,2026-05-14 20:00:00-04:00,2026-05-14 20:15:00-04:00,44.6026,44.1444,yes
KXHYPE15M-26MAY142000,Target Price: $44.2606,2026-05-14 19:45:00-04:00,2026-05-14 20:00:00-04:00,44.1444,44.2606,no
KXHYPE15M-26MAY141945,Target Price: $44.4596,2026-05-14 19:30:00-04:00,2026-05-14 19:45:00-04:00,44.2606,44.4596,no
KXHYPE15M-26MAY141930,Target Price: $44.2785,2026-05-14 19:15:00-04:00,2026-05-14 19:30:00-04:00,44.4596,44.2785,yes
KXHYPE15M-26MAY141915,Target Price: $44.1313,2026-05-14 19:00:00-04:00,2026-05-14 19:15:00-04:00,44.2785,44.1313,yes
KXHYPE15M-26MAY141900,Target Price: $44.2121,2026-05-14 18:45:00-04:00,2026-05-14 19:00:00-04:00,44.1313,44.2121,no
KXHYPE15M-26MAY141845,Target Price: $43.9870,2026-05-14 18:30:00-04:00,2026-05-14 18:45:00-04:00,44.2121,43.987,yes
KXHYPE15M-26MAY141830,Target Price: $44.0541,2026-05-14 18:15:00-04:00,2026-05-14 18:30:00-04:00,43.9870,44.0541,no
KXHYPE15M-26MAY141815,Target Price: $43.8307,2026-05-14 18:00:00-04:00,2026-05-14 18:15:00-04:00,44.0541,43.8307,yes
KXHYPE15M-26MAY141800,Target Price: $43.8398,2026-05-14 17:45:00-04:00,2026-05-14 18:00:00-04:00,43.8307,43.8398,no
KXHYPE15M-26MAY141745,Target Price: $44.0153,2026-05-14 17:30:00-04:00,2026-05-14 17:45:00-04:00,43.8398,44.0153,no
KXHYPE15M-26MAY141730,Target Price: $43.8727,2026-05-14 17:15:00-04:00,2026-05-14 17:30:00-04:00,44.0153,43.8727,yes
KXHYPE15M-26MAY141715,Target Price: $44.1852,2026-05-14 17:00:00-04:00,2026-05-14 17:15:00-04:00,43.8727,44.1852,no
KXHYPE15M-26MAY141700,Target Price: $44.3438,2026-05-14 16:45:00-04:00,2026-05-14 17:00:00-04:00,44.1852,44.3438,no
KXHYPE15M-26MAY141645,Target Price: $43.8622,2026-05-14 16:30:00-04:00,2026-05-14 16:45:00-04:00,44.3438,43.8622,yes
KXHYPE15M-26MAY141630,Target Price: $43.7456,2026-05-14 16:15:00-04:00,2026-05-14 16:30:00-04:00,43.8622,43.7456,yes
KXHYPE15M-26MAY141615,Target Price: $44.6170,2026-05-14 16:00:00-04:00,2026-05-14 16:15:00-04:00,43.7456,44.617,no
KXHYPE15M-26MAY141600,Target Price: $44.6410,2026-05-14 15:45:00-04:00,2026-05-14 16:00:00-04:00,44.6170,44.641,no
KXHYPE15M-26MAY141545,Target Price: $44.5655,2026-05-14 15:30:00-04:00,2026-05-14 15:45:00-04:00,44.6410,44.5655,yes
KXHYPE15M-26MAY141530,Target Price: $44.4772,2026-05-14 15:15:00-04:00,2026-05-14 15:30:00-04:00,44.5655,44.4772,yes
KXHYPE15M-26MAY141515,Target Price: $44.4613,2026-05-14 15:00:00-04:00,2026-05-14 15:15:00-04:00,44.4772,44.4613,yes
KXHYPE15M-26MAY141500,Target Price: $44.2959,2026-05-14 14:45:00-04:00,2026-05-14 15:00:00-04:00,44.4613,44.2959,yes
KXHYPE15M-26MAY141445,Target Price: $44.2238,2026-05-14 14:30:00-04:00,2026-05-14 14:45:00-04:00,44.2959,44.2238,yes
KXHYPE15M-26MAY141430,Target Price: $44.2020,2026-05-14 14:15:00-04:00,2026-05-14 14:30:00-04:00,44.2238,44.202,yes
KXHYPE15M-26MAY141415,Target Price: $43.7966,2026-05-14 14:00:00-04:00,2026-05-14 14:15:00-04:00,44.2020,43.7966,yes
KXHYPE15M-26MAY141400,Target Price: $43.5807,2026-05-14 13:45:00-04:00,2026-05-14 14:00:00-04:00,43.7966,43.5807,yes
KXHYPE15M-26MAY141345,Target Price: $43.5128,2026-05-14 13:30:00-04:00,2026-05-14 13:45:00-04:00,43.5807,43.5128,yes
KXHYPE15M-26MAY141330,Target Price: $43.7452,2026-05-14 13:15:00-04:00,2026-05-14 13:30:00-04:00,43.5128,43.7452,no
KXHYPE15M-26MAY141315,Target Price: $43.4497,2026-05-14 13:00:00-04:00,2026-05-14 13:15:00-04:00,43.7452,43.4497,yes
KXHYPE15M-26MAY141300,Target Price: $43.2288,2026-05-14 12:45:00-04:00,2026-05-14 13:00:00-04:00,43.4497,43.2288,yes
KXHYPE15M-26MAY141245,Target Price: $42.8080,2026-05-14 12:30:00-04:00,2026-05-14 12:45:00-04:00,43.2288,42.808,yes
KXHYPE15M-26MAY141230,Target Price: $42.4387,2026-05-14 12:15:00-04:00,2026-05-14 12:30:00-04:00,42.8080,42.4387,yes
KXHYPE15M-26MAY141215,Target Price: $42.6111,2026-05-14 12:00:00-04:00,2026-05-14 12:15:00-04:00,42.4387,42.6111,no
KXHYPE15M-26MAY141200,Target Price: $42.4414,2026-05-14 11:45:00-04:00,2026-05-14 12:00:00-04:00,42.6111,42.4414,yes
KXHYPE15M-26MAY141145,Target Price: $42.5606,2026-05-14 11:30:00-04:00,2026-05-14 11:45:00-04:00,42.4414,42.5606,no
KXHYPE15M-26MAY141130,Target Price: $42.2288,2026-05-14 11:15:00-04:00,2026-05-14 11:30:00-04:00,42.5606,42.2288,yes
KXHYPE15M-26MAY141115,Target Price: $41.8968,2026-05-14 11:00:00-04:00,2026-05-14 11:15:00-04:00,42.2288,41.8968,yes
KXHYPE15M-26MAY141100,Target Price: $41.6642,2026-05-14 10:45:00-04:00,2026-05-14 11:00:00-04:00,41.8968,41.6642,yes
KXHYPE15M-26MAY141045,Target Price: $41.7432,2026-05-14 10:30:00-04:00,2026-05-14 10:45:00-04:00,41.6642,41.7432,no
KXHYPE15M-26MAY141030,Target Price: $41.6891,2026-05-14 10:15:00-04:00,2026-05-14 10:30:00-04:00,41.7432,41.6891,yes
KXHYPE15M-26MAY141015,Target Price: $41.0341,2026-05-14 10:00:00-04:00,2026-05-14 10:15:00-04:00,41.6891,41.0341,yes
KXHYPE15M-26MAY141000,Target Price: $40.8756,2026-05-14 09:45:00-04:00,2026-05-14 10:00:00-04:00,41.0341,40.8756,yes
KXHYPE15M-26MAY140945,Target Price: $41.1653,2026-05-14 09:30:00-04:00,2026-05-14 09:45:00-04:00,40.8756,41.1653,no
KXHYPE15M-26MAY140930,Target Price: $40.5560,2026-05-14 09:15:00-04:00,2026-05-14 09:30:00-04:00,41.1653,40.556,yes
KXHYPE15M-26MAY140915,Target Price: $40.0780,2026-05-14 09:00:00-04:00,2026-05-14 09:15:00-04:00,40.5560,40.078,yes
KXHYPE15M-26MAY140900,Target Price: $40.2722,2026-05-14 08:45:00-04:00,2026-05-14 09:00:00-04:00,40.0780,40.2722,no
KXHYPE15M-26MAY140845,Target Price: $40.1660,2026-05-14 08:30:00-04:00,2026-05-14 08:45:00-04:00,40.2722,40.166,yes
KXHYPE15M-26MAY140830,Target Price: $39.8376,2026-05-14 08:15:00-04:00,2026-05-14 08:30:00-04:00,40.1660,39.8376,yes
KXHYPE15M-26MAY140815,Target Price: $38.9414,2026-05-14 08:00:00-04:00,2026-05-14 08:15:00-04:00,39.8376,38.9414,yes
KXHYPE15M-26MAY140800,Target Price: $38.9940,2026-05-14 07:45:00-04:00,2026-05-14 08:00:00-04:00,38.9414,38.994,no
KXHYPE15M-26MAY140745,Target Price: $38.9615,2026-05-14 07:30:00-04:00,2026-05-14 07:45:00-04:00,38.9940,38.9615,yes
KXHYPE15M-26MAY140730,Target Price: $39.0240,2026-05-14 07:15:00-04:00,2026-05-14 07:30:00-04:00,38.9615,39.024,no
KXHYPE15M-26MAY140715,Target Price: $39.0934,2026-05-14 07:00:00-04:00,2026-05-14 07:15:00-04:00,39.0240,39.0934,no
KXHYPE15M-26MAY140700,Target Price: $38.9591,2026-05-14 06:45:00-04:00,2026-05-14 07:00:00-04:00,39.0934,38.9591,yes
KXHYPE15M-26MAY140645,Target Price: $39.1203,2026-05-14 06:30:00-04:00,2026-05-14 06:45:00-04:00,38.9591,39.1203,no
KXHYPE15M-26MAY140630,Target Price: $39.0803,2026-05-14 06:15:00-04:00,2026-05-14 06:30:00-04:00,39.1203,39.0803,yes
KXHYPE15M-26MAY140615,Target Price: $39.1413,2026-05-14 06:00:00-04:00,2026-05-14 06:15:00-04:00,39.0803,39.1413,no
KXHYPE15M-26MAY140600,Target Price: $39.0430,2026-05-14 05:45:00-04:00,2026-05-14 06:00:00-04:00,39.1413,39.043,yes
KXHYPE15M-26MAY140545,Target Price: $39.0540,2026-05-14 05:30:00-04:00,2026-05-14 05:45:00-04:00,39.0430,39.054,no
KXHYPE15M-26MAY140530,Target Price: $39.0274,2026-05-14 05:15:00-04:00,2026-05-14 05:30:00-04:00,39.0540,39.0274,yes
KXHYPE15M-26MAY140515,Target Price: $39.0080,2026-05-14 05:00:00-04:00,2026-05-14 05:15:00-04:00,39.0274,39.008,yes
KXHYPE15M-26MAY140200,Target Price: $38.9925,2026-05-14 01:45:00-04:00,2026-05-14 02:00:00-04:00,39.1858,38.9925,yes
KXHYPE15M-26MAY140145,Target Price: $38.8779,2026-05-14 01:30:00-04:00,2026-05-14 01:45:00-04:00,38.9925,38.8779,yes
KXHYPE15M-26MAY140130,Target Price: $38.5418,2026-05-14 01:15:00-04:00,2026-05-14 01:30:00-04:00,38.8779,38.5418,yes
KXHYPE15M-26MAY140115,Target Price: $38.6123,2026-05-14 01:00:00-04:00,2026-05-14 01:15:00-04:00,38.5418,38.6123,no
KXHYPE15M-26MAY140100,Target Price: $38.5501,2026-05-14 00:45:00-04:00,2026-05-14 01:00:00-04:00,38.6123,38.5501,yes
KXHYPE15M-26MAY140045,Target Price: $38.5742,2026-05-14 00:30:00-04:00,2026-05-14 00:45:00-04:00,38.5501,38.5742,no
KXHYPE15M-26MAY140030,Target Price: $38.4729,2026-05-14 00:15:00-04:00,2026-05-14 00:30:00-04:00,38.5742,38.4729,yes
KXHYPE15M-26MAY140015,Target Price: $38.3601,2026-05-14 00:00:00-04:00,2026-05-14 00:15:00-04:00,38.4729,38.3601,yes
KXHYPE15M-26MAY140000,Target Price: $38.4283,2026-05-13 23:45:00-04:00,2026-05-14 00:00:00-04:00,38.3601,38.4283,no
KXHYPE15M-26MAY132345,Target Price: $38.5973,2026-05-13 23:30:00-04:00,2026-05-13 23:45:00-04:00,38.4283,38.5973,no
KXHYPE15M-26MAY132330,Target Price: $38.6455,2026-05-13 23:15:00-04:00,2026-05-13 23:30:00-04:00,38.5973,38.6455,no
KXHYPE15M-26MAY132315,Target Price: $38.6996,2026-05-13 23:00:00-04:00,2026-05-13 23:15:00-04:00,38.6455,38.6996,no
KXHYPE15M-26MAY132300,Target Price: $38.8165,2026-05-13 22:45:00-04:00,2026-05-13 23:00:00-04:00,38.6996,38.8165,no
KXHYPE15M-26MAY132245,Target Price: $38.9272,2026-05-13 22:30:00-04:00,2026-05-13 22:45:00-04:00,38.8165,38.9272,no
KXHYPE15M-26MAY132230,Target Price: $38.8599,2026-05-13 22:15:00-04:00,2026-05-13 22:30:00-04:00,38.9272,38.8599,yes
KXHYPE15M-26MAY132215,Target Price: $38.9233,2026-05-13 22:00:00-04:00,2026-05-13 22:15:00-04:00,38.8599,38.9233,no
KXHYPE15M-26MAY132200,Target Price: $38.8844,2026-05-13 21:45:00-04:00,2026-05-13 22:00:00-04:00,38.9233,38.8844,yes
KXHYPE15M-26MAY132145,Target Price: $38.9790,2026-05-13 21:30:00-04:00,2026-05-13 21:45:00-04:00,38.8844,38.979,no
KXHYPE15M-26MAY132130,Target Price: $38.8575,2026-05-13 21:15:00-04:00,2026-05-13 21:30:00-04:00,38.9790,38.8575,yes
KXHYPE15M-26MAY132115,Target Price: $38.8043,2026-05-13 21:00:00-04:00,2026-05-13 21:15:00-04:00,38.8575,38.8043,yes
KXHYPE15M-26MAY132100,Target Price: $38.7814,2026-05-13 20:45:00-04:00,2026-05-13 21:00:00-04:00,38.8043,38.7814,yes
KXHYPE15M-26MAY132045,Target Price: $38.7813,2026-05-13 20:30:00-04:00,2026-05-13 20:45:00-04:00,38.7814,38.7813,yes
KXHYPE15M-26MAY132030,Target Price: $38.8070,2026-05-13 20:15:00-04:00,2026-05-13 20:30:00-04:00,38.7813,38.807,no
KXHYPE15M-26MAY132015,Target Price: $38.8021,2026-05-13 20:00:00-04:00,2026-05-13 20:15:00-04:00,38.8070,38.8021,yes
KXHYPE15M-26MAY132000,Target Price: $38.8776,2026-05-13 19:45:00-04:00,2026-05-13 20:00:00-04:00,38.8021,38.8776,no
KXHYPE15M-26MAY131945,Target Price: $38.9310,2026-05-13 19:30:00-04:00,2026-05-13 19:45:00-04:00,38.8776,38.931,no
KXHYPE15M-26MAY131930,Target Price: $38.8829,2026-05-13 19:15:00-04:00,2026-05-13 19:30:00-04:00,38.9310,38.8829,yes
KXHYPE15M-26MAY131915,Target Price: $38.9001,2026-05-13 19:00:00-04:00,2026-05-13 19:15:00-04:00,38.8829,38.9001,no
KXHYPE15M-26MAY131900,Target Price: $38.9169,2026-05-13 18:45:00-04:00,2026-05-13 19:00:00-04:00,38.9001,38.9169,no
KXHYPE15M-26MAY131845,Target Price: $38.8751,2026-05-13 18:30:00-04:00,2026-05-13 18:45:00-04:00,38.9169,38.8751,yes
KXHYPE15M-26MAY131830,Target Price: $38.7821,2026-05-13 18:15:00-04:00,2026-05-13 18:30:00-04:00,38.8751,38.7821,yes
KXHYPE15M-26MAY131815,Target Price: $38.7210,2026-05-13 18:00:00-04:00,2026-05-13 18:15:00-04:00,38.7821,38.721,yes
KXHYPE15M-26MAY131800,Target Price: $38.7418,2026-05-13 17:45:00-04:00,2026-05-13 18:00:00-04:00,38.7210,38.7418,no
KXHYPE15M-26MAY131745,Target Price: $38.7616,2026-05-13 17:30:00-04:00,2026-05-13 17:45:00-04:00,38.7418,38.7616,no
KXHYPE15M-26MAY131730,Target Price: $38.8291,2026-05-13 17:15:00-04:00,2026-05-13 17:30:00-04:00,38.7616,38.8291,no
KXHYPE15M-26MAY131715,Target Price: $39.0326,2026-05-13 17:00:00-04:00,2026-05-13 17:15:00-04:00,38.8291,39.0326,no
KXHYPE15M-26MAY131700,Target Price: $39.0736,2026-05-13 16:45:00-04:00,2026-05-13 17:00:00-04:00,39.0326,39.0736,no
KXHYPE15M-26MAY131645,Target Price: $39.1211,2026-05-13 16:30:00-04:00,2026-05-13 16:45:00-04:00,39.0736,39.1211,no
KXHYPE15M-26MAY131630,Target Price: $39.1257,2026-05-13 16:15:00-04:00,2026-05-13 16:30:00-04:00,39.1211,39.1257,no
KXHYPE15M-26MAY131615,Target Price: $39.0328,2026-05-13 16:00:00-04:00,2026-05-13 16:15:00-04:00,39.1257,39.0328,yes
KXHYPE15M-26MAY131600,Target Price: $39.0439,2026-05-13 15:45:00-04:00,2026-05-13 16:00:00-04:00,39.0328,39.0439,no
KXHYPE15M-26MAY131545,Target Price: $39.0804,2026-05-13 15:30:00-04:00,2026-05-13 15:45:00-04:00,39.0439,39.0804,no
KXHYPE15M-26MAY131530,Target Price: $39.1012,2026-05-13 15:15:00-04:00,2026-05-13 15:30:00-04:00,39.0804,39.1012,no
KXHYPE15M-26MAY131515,Target Price: $39.1821,2026-05-13 15:00:00-04:00,2026-05-13 15:15:00-04:00,39.1012,39.1821,no
KXHYPE15M-26MAY131500,Target Price: $39.1892,2026-05-13 14:45:00-04:00,2026-05-13 15:00:00-04:00,39.1821,39.1892,no
KXHYPE15M-26MAY131445,Target Price: $39.2717,2026-05-13 14:30:00-04:00,2026-05-13 14:45:00-04:00,39.1892,39.2717,no
KXHYPE15M-26MAY131430,Target Price: $39.2509,2026-05-13 14:15:00-04:00,2026-05-13 14:30:00-04:00,39.2717,39.2509,yes
KXHYPE15M-26MAY131415,Target Price: $39.1919,2026-05-13 14:00:00-04:00,2026-05-13 14:15:00-04:00,39.2509,39.1919,yes
KXHYPE15M-26MAY131400,Target Price: $39.1799,2026-05-13 13:45:00-04:00,2026-05-13 14:00:00-04:00,39.1919,39.1799,yes
KXHYPE15M-26MAY131345,Target Price: $39.1743,2026-05-13 13:30:00-04:00,2026-05-13 13:45:00-04:00,39.1799,39.1743,yes
KXHYPE15M-26MAY131330,Target Price: $39.1588,2026-05-13 13:15:00-04:00,2026-05-13 13:30:00-04:00,39.1743,39.1588,yes
KXHYPE15M-26MAY131315,Target Price: $39.1720,2026-05-13 13:00:00-04:00,2026-05-13 13:15:00-04:00,39.1588,39.172,no
KXHYPE15M-26MAY131300,Target Price: $39.1403,2026-05-13 12:45:00-04:00,2026-05-13 13:00:00-04:00,39.1720,39.1403,yes
KXHYPE15M-26MAY131245,Target Price: $39.1948,2026-05-13 12:30:00-04:00,2026-05-13 12:45:00-04:00,39.1403,39.1948,no
KXHYPE15M-26MAY131230,Target Price: $39.0727,2026-05-13 12:15:00-04:00,2026-05-13 12:30:00-04:00,39.1948,39.0727,yes
KXHYPE15M-26MAY131215,Target Price: $38.9099,2026-05-13 12:00:00-04:00,2026-05-13 12:15:00-04:00,39.0727,38.9099,yes
KXHYPE15M-26MAY131200,Target Price: $39.0023,2026-05-13 11:45:00-04:00,2026-05-13 12:00:00-04:00,38.9099,39.0023,no
KXHYPE15M-26MAY131145,Target Price: $38.9902,2026-05-13 11:30:00-04:00,2026-05-13 11:45:00-04:00,39.0023,38.9902,yes
KXHYPE15M-26MAY131130,Target Price: $39.0051,2026-05-13 11:15:00-04:00,2026-05-13 11:30:00-04:00,38.9902,39.0051,no
KXHYPE15M-26MAY131115,Target Price: $39.0777,2026-05-13 11:00:00-04:00,2026-05-13 11:15:00-04:00,39.0051,39.0777,no
KXHYPE15M-26MAY131100,Target Price: $39.0852,2026-05-13 10:45:00-04:00,2026-05-13 11:00:00-04:00,39.0777,39.0852,no
KXHYPE15M-26MAY131045,Target Price: $39.2488,2026-05-13 10:30:00-04:00,2026-05-13 10:45:00-04:00,39.0852,39.2488,no
KXHYPE15M-26MAY131030,Target Price: $39.3538,2026-05-13 10:15:00-04:00,2026-05-13 10:30:00-04:00,39.2488,39.3538,no
KXHYPE15M-26MAY131015,Target Price: $39.3239,2026-05-13 10:00:00-04:00,2026-05-13 10:15:00-04:00,39.3538,39.3239,yes
KXHYPE15M-26MAY131000,Target Price: $39.3363,2026-05-13 09:45:00-04:00,2026-05-13 10:00:00-04:00,39.3239,39.3363,no
KXHYPE15M-26MAY130945,Target Price: $39.4123,2026-05-13 09:30:00-04:00,2026-05-13 09:45:00-04:00,39.3363,39.4123,no
KXHYPE15M-26MAY130930,Target Price: $39.5442,2026-05-13 09:15:00-04:00,2026-05-13 09:30:00-04:00,39.4123,39.5442,no
KXHYPE15M-26MAY130915,Target Price: $39.2340,2026-05-13 09:00:00-04:00,2026-05-13 09:15:00-04:00,39.5442,39.234,yes
KXHYPE15M-26MAY130900,Target Price: $39.1479,2026-05-13 08:45:00-04:00,2026-05-13 09:00:00-04:00,39.2340,39.1479,yes
KXHYPE15M-26MAY130845,Target Price: $39.2110,2026-05-13 08:30:00-04:00,2026-05-13 08:45:00-04:00,39.1479,39.211,no
KXHYPE15M-26MAY130830,Target Price: $39.2448,2026-05-13 08:15:00-04:00,2026-05-13 08:30:00-04:00,39.2110,39.2448,no
KXHYPE15M-26MAY130815,Target Price: $39.2866,2026-05-13 08:00:00-04:00,2026-05-13 08:15:00-04:00,39.2448,39.2866,no
KXHYPE15M-26MAY130800,Target Price: $39.3792,2026-05-13 07:45:00-04:00,2026-05-13 08:00:00-04:00,39.2866,39.3792,no
KXHYPE15M-26MAY130745,Target Price: $39.5196,2026-05-13 07:30:00-04:00,2026-05-13 07:45:00-04:00,39.3792,39.5196,no
KXHYPE15M-26MAY130730,Target Price: $39.5269,2026-05-13 07:15:00-04:00,2026-05-13 07:30:00-04:00,39.5196,39.5269,no
KXHYPE15M-26MAY130715,Target Price: $39.5653,2026-05-13 07:00:00-04:00,2026-05-13 07:15:00-04:00,39.5269,39.5653,no
KXHYPE15M-26MAY130700,Target Price: $39.5257,2026-05-13 06:45:00-04:00,2026-05-13 07:00:00-04:00,39.5653,39.5257,yes
KXHYPE15M-26MAY130645,Target Price: $39.5789,2026-05-13 06:30:00-04:00,2026-05-13 06:45:00-04:00,39.5257,39.5789,no
KXHYPE15M-26MAY130630,Target Price: $39.5888,2026-05-13 06:15:00-04:00,2026-05-13 06:30:00-04:00,39.5789,39.5888,no
KXHYPE15M-26MAY130615,Target Price: $39.9793,2026-05-13 06:00:00-04:00,2026-05-13 06:15:00-04:00,39.5888,39.9793,no
KXHYPE15M-26MAY130600,Target Price: $40.0175,2026-05-13 05:45:00-04:00,2026-05-13 06:00:00-04:00,39.9793,40.0175,no
KXHYPE15M-26MAY130545,Target Price: $40.1385,2026-05-13 05:30:00-04:00,2026-05-13 05:45:00-04:00,40.0175,40.1385,no
KXHYPE15M-26MAY130530,Target Price: $40.1654,2026-05-13 05:15:00-04:00,2026-05-13 05:30:00-04:00,40.1385,40.1654,no
KXHYPE15M-26MAY130515,Target Price: $40.1385,2026-05-13 05:00:00-04:00,2026-05-13 05:15:00-04:00,40.1654,40.1385,yes
KXHYPE15M-26MAY130500,Target Price: $40.2044,2026-05-13 04:45:00-04:00,2026-05-13 05:00:00-04:00,40.1385,40.2044,no
KXHYPE15M-26MAY130445,Target Price: $40.1296,2026-05-13 04:30:00-04:00,2026-05-13 04:45:00-04:00,40.2044,40.1296,yes
KXHYPE15M-26MAY130430,Target Price: $40.1320,2026-05-13 04:15:00-04:00,2026-05-13 04:30:00-04:00,40.1296,40.132,no
KXHYPE15M-26MAY130415,Target Price: $40.1994,2026-05-13 04:00:00-04:00,2026-05-13 04:15:00-04:00,40.1320,40.1994,no
KXHYPE15M-26MAY130400,Target Price: $40.1514,2026-05-13 03:45:00-04:00,2026-05-13 04:00:00-04:00,40.1994,40.1514,yes
KXHYPE15M-26MAY130345,Target Price: $40.1067,2026-05-13 03:30:00-04:00,2026-05-13 03:45:00-04:00,40.1514,40.1067,yes
KXHYPE15M-26MAY130330,Target Price: $40.1779,2026-05-13 03:15:00-04:00,2026-05-13 03:30:00-04:00,40.1067,40.1779,no
KXHYPE15M-26MAY130315,Target Price: $40.1923,2026-05-13 03:00:00-04:00,2026-05-13 03:15:00-04:00,40.1779,40.1923,no
KXHYPE15M-26MAY130300,Target Price: $40.1943,2026-05-13 02:45:00-04:00,2026-05-13 03:00:00-04:00,40.1923,40.1943,no
KXHYPE15M-26MAY130245,Target Price: $40.1404,2026-05-13 02:30:00-04:00,2026-05-13 02:45:00-04:00,40.1943,40.1404,yes
KXHYPE15M-26MAY130230,Target Price: $40.1092,2026-05-13 02:15:00-04:00,2026-05-13 02:30:00-04:00,40.1404,40.1092,yes
KXHYPE15M-26MAY130215,Target Price: $39.9315,2026-05-13 02:00:00-04:00,2026-05-13 02:15:00-04:00,40.1092,39.9315,yes
KXHYPE15M-26MAY130200,Target Price: $39.9632,2026-05-13 01:45:00-04:00,2026-05-13 02:00:00-04:00,39.9315,39.9632,no
KXHYPE15M-26MAY130145,Target Price: $40.2046,2026-05-13 01:30:00-04:00,2026-05-13 01:45:00-04:00,39.9632,40.2046,no
KXHYPE15M-26MAY130130,Target Price: $40.2247,2026-05-13 01:15:00-04:00,2026-05-13 01:30:00-04:00,40.2046,40.2247,no
KXHYPE15M-26MAY130115,Target Price: $40.2809,2026-05-13 01:00:00-04:00,2026-05-13 01:15:00-04:00,40.2247,40.2809,no
KXHYPE15M-26MAY130100,Target Price: $40.3603,2026-05-13 00:45:00-04:00,2026-05-13 01:00:00-04:00,40.2809,40.3603,no
KXHYPE15M-26MAY130045,Target Price: $40.3514,2026-05-13 00:30:00-04:00,2026-05-13 00:45:00-04:00,40.3603,40.3514,yes
KXHYPE15M-26MAY130030,Target Price: $40.3426,2026-05-13 00:15:00-04:00,2026-05-13 00:30:00-04:00,40.3514,40.3426,yes
KXHYPE15M-26MAY130015,Target Price: $40.4259,2026-05-13 00:00:00-04:00,2026-05-13 00:15:00-04:00,40.3426,40.4259,no
KXHYPE15M-26MAY130000,Target Price: $40.4910,2026-05-12 23:45:00-04:00,2026-05-13 00:00:00-04:00,40.4259,40.491,no
KXHYPE15M-26MAY122345,Target Price: $40.4870,2026-05-12 23:30:00-04:00,2026-05-12 23:45:00-04:00,40.4910,40.487,yes
KXHYPE15M-26MAY122330,Target Price: $40.4360,2026-05-12 23:15:00-04:00,2026-05-12 23:30:00-04:00,40.4870,40.436,yes
KXHYPE15M-26MAY122315,Target Price: $40.4604,2026-05-12 23:00:00-04:00,2026-05-12 23:15:00-04:00,40.4360,40.4604,no
KXHYPE15M-26MAY122300,Target Price: $40.4646,2026-05-12 22:45:00-04:00,2026-05-12 23:00:00-04:00,40.4604,40.4646,no
KXHYPE15M-26MAY122245,Target Price: $40.5162,2026-05-12 22:30:00-04:00,2026-05-12 22:45:00-04:00,40.4646,40.5162,no
KXHYPE15M-26MAY122230,Target Price: $40.4701,2026-05-12 22:15:00-04:00,2026-05-12 22:30:00-04:00,40.5162,40.4701,yes
KXHYPE15M-26MAY122215,Target Price: $40.4233,2026-05-12 22:00:00-04:00,2026-05-12 22:15:00-04:00,40.4701,40.4233,yes
KXHYPE15M-26MAY122200,Target Price: $40.5104,2026-05-12 21:45:00-04:00,2026-05-12 22:00:00-04:00,40.4233,40.5104,no
KXHYPE15M-26MAY122145,Target Price: $40.6269,2026-05-12 21:30:00-04:00,2026-05-12 21:45:00-04:00,40.5104,40.6269,no
KXHYPE15M-26MAY122130,Target Price: $40.3972,2026-05-12 21:15:00-04:00,2026-05-12 21:30:00-04:00,40.6269,40.3972,yes
KXHYPE15M-26MAY122115,Target Price: $40.2922,2026-05-12 21:00:00-04:00,2026-05-12 21:15:00-04:00,40.3972,40.2922,yes
KXHYPE15M-26MAY122100,Target Price: $40.2429,2026-05-12 20:45:00-04:00,2026-05-12 21:00:00-04:00,40.2922,40.2429,yes
KXHYPE15M-26MAY122045,Target Price: $40.0992,2026-05-12 20:30:00-04:00,2026-05-12 20:45:00-04:00,40.2429,40.0992,yes
KXHYPE15M-26MAY122030,Target Price: $40.1277,2026-05-12 20:15:00-04:00,2026-05-12 20:30:00-04:00,40.0992,40.1277,no
KXHYPE15M-26MAY122015,Target Price: $40.2275,2026-05-12 20:00:00-04:00,2026-05-12 20:15:00-04:00,40.1277,40.2275,no
KXHYPE15M-26MAY122000,Target Price: $40.2529,2026-05-12 19:45:00-04:00,2026-05-12 20:00:00-04:00,40.2275,40.2529,no
KXHYPE15M-26MAY121945,Target Price: $40.4585,2026-05-12 19:30:00-04:00,2026-05-12 19:45:00-04:00,40.2529,40.4585,no
KXHYPE15M-26MAY121930,Target Price: $40.4095,2026-05-12 19:15:00-04:00,2026-05-12 19:30:00-04:00,40.4585,40.4095,yes
KXHYPE15M-26MAY121915,Target Price: $40.4163,2026-05-12 19:00:00-04:00,2026-05-12 19:15:00-04:00,40.4095,40.4163,no
KXHYPE15M-26MAY121900,Target Price: $40.4658,2026-05-12 18:45:00-04:00,2026-05-12 19:00:00-04:00,40.4163,40.4658,no
KXHYPE15M-26MAY121845,Target Price: $40.5141,2026-05-12 18:30:00-04:00,2026-05-12 18:45:00-04:00,40.4658,40.5141,no
KXHYPE15M-26MAY121830,Target Price: $40.4826,2026-05-12 18:15:00-04:00,2026-05-12 18:30:00-04:00,40.5141,40.4826,yes
KXHYPE15M-26MAY121815,Target Price: $40.3476,2026-05-12 18:00:00-04:00,2026-05-12 18:15:00-04:00,40.4826,40.3476,yes
KXHYPE15M-26MAY121800,Target Price: $40.2955,2026-05-12 17:45:00-04:00,2026-05-12 18:00:00-04:00,40.3476,40.2955,yes
KXHYPE15M-26MAY121745,Target Price: $40.3317,2026-05-12 17:30:00-04:00,2026-05-12 17:45:00-04:00,40.2955,40.3317,no
KXHYPE15M-26MAY121730,Target Price: $40.3200,2026-05-12 17:15:00-04:00,2026-05-12 17:30:00-04:00,40.3317,40.32,yes
KXHYPE15M-26MAY121715,Target Price: $40.2975,2026-05-12 17:00:00-04:00,2026-05-12 17:15:00-04:00,40.3200,40.2975,yes
KXHYPE15M-26MAY121700,Target Price: $40.3519,2026-05-12 16:45:00-04:00,2026-05-12 17:00:00-04:00,40.2975,40.3519,no
KXHYPE15M-26MAY121645,Target Price: $40.3404,2026-05-12 16:30:00-04:00,2026-05-12 16:45:00-04:00,40.3519,40.3404,yes
KXHYPE15M-26MAY121630,Target Price: $40.2843,2026-05-12 16:15:00-04:00,2026-05-12 16:30:00-04:00,40.3404,40.2843,yes
KXHYPE15M-26MAY121615,Target Price: $40.4105,2026-05-12 16:00:00-04:00,2026-05-12 16:15:00-04:00,40.2843,40.4105,no
KXHYPE15M-26MAY121600,Target Price: $40.3627,2026-05-12 15:45:00-04:00,2026-05-12 16:00:00-04:00,40.4105,40.3627,yes
KXHYPE15M-26MAY121545,Target Price: $40.3030,2026-05-12 15:30:00-04:00,2026-05-12 15:45:00-04:00,40.3627,40.303,yes
KXHYPE15M-26MAY121530,Target Price: $40.3710,2026-05-12 15:15:00-04:00,2026-05-12 15:30:00-04:00,40.3030,40.371,no
KXHYPE15M-26MAY121515,Target Price: $40.2195,2026-05-12 15:00:00-04:00,2026-05-12 15:15:00-04:00,40.3710,40.2195,yes
KXHYPE15M-26MAY121500,Target Price: $40.3384,2026-05-12 14:45:00-04:00,2026-05-12 15:00:00-04:00,40.2195,40.3384,no
KXHYPE15M-26MAY121445,Target Price: $40.2924,2026-05-12 14:30:00-04:00,2026-05-12 14:45:00-04:00,40.3384,40.2924,yes
KXHYPE15M-26MAY121430,Target Price: $40.2058,2026-05-12 14:15:00-04:00,2026-05-12 14:30:00-04:00,40.2924,40.2058,yes
KXHYPE15M-26MAY121415,Target Price: $40.1261,2026-05-12 14:00:00-04:00,2026-05-12 14:15:00-04:00,40.2058,40.1261,yes
KXHYPE15M-26MAY121400,Target Price: $40.2677,2026-05-12 13:45:00-04:00,2026-05-12 14:00:00-04:00,40.1261,40.2677,no
KXHYPE15M-26MAY121345,Target Price: $40.1446,2026-05-12 13:30:00-04:00,2026-05-12 13:45:00-04:00,40.2677,40.1446,yes
KXHYPE15M-26MAY121330,Target Price: $40.1031,2026-05-12 13:15:00-04:00,2026-05-12 13:30:00-04:00,40.1446,40.1031,yes
KXHYPE15M-26MAY121315,Target Price: $39.8849,2026-05-12 13:00:00-04:00,2026-05-12 13:15:00-04:00,40.1031,39.8849,yes
KXHYPE15M-26MAY121300,Target Price: $40.2817,2026-05-12 12:45:00-04:00,2026-05-12 13:00:00-04:00,39.8849,40.2817,no
KXHYPE15M-26MAY121245,Target Price: $40.2526,2026-05-12 12:30:00-04:00,2026-05-12 12:45:00-04:00,40.2817,40.2526,yes
KXHYPE15M-26MAY121230,Target Price: $40.3240,2026-05-12 12:15:00-04:00,2026-05-12 12:30:00-04:00,40.2526,40.324,no
KXHYPE15M-26MAY121215,Target Price: $40.2596,2026-05-12 12:00:00-04:00,2026-05-12 12:15:00-04:00,40.3240,40.2596,yes
KXHYPE15M-26MAY121200,Target Price: $40.3994,2026-05-12 11:45:00-04:00,2026-05-12 12:00:00-04:00,40.2596,40.3994,no
KXHYPE15M-26MAY121145,Target Price: $40.1434,2026-05-12 11:30:00-04:00,2026-05-12 11:45:00-04:00,40.3994,40.1434,yes
KXHYPE15M-26MAY121130,Target Price: $40.3746,2026-05-12 11:15:00-04:00,2026-05-12 11:30:00-04:00,40.1434,40.3746,no
KXHYPE15M-26MAY121115,Target Price: $40.2577,2026-05-12 11:00:00-04:00,2026-05-12 11:15:00-04:00,40.3746,40.2577,yes
KXHYPE15M-26MAY121100,Target Price: $40.4966,2026-05-12 10:45:00-04:00,2026-05-12 11:00:00-04:00,40.2577,40.4966,no
KXHYPE15M-26MAY121045,Target Price: $40.5248,2026-05-12 10:30:00-04:00,2026-05-12 10:45:00-04:00,40.4966,40.5248,no
KXHYPE15M-26MAY121030,Target Price: $40.6791,2026-05-12 10:15:00-04:00,2026-05-12 10:30:00-04:00,40.5248,40.6791,no
KXHYPE15M-26MAY121015,Target Price: $40.6730,2026-05-12 10:00:00-04:00,2026-05-12 10:15:00-04:00,40.6791,40.673,yes
KXHYPE15M-26MAY121000,Target Price: $40.8673,2026-05-12 09:45:00-04:00,2026-05-12 10:00:00-04:00,40.6730,40.8673,no
KXHYPE15M-26MAY120945,Target Price: $40.7825,2026-05-12 09:30:00-04:00,2026-05-12 09:45:00-04:00,40.8673,40.7825,yes
KXHYPE15M-26MAY120930,Target Price: $40.8185,2026-05-12 09:15:00-04:00,2026-05-12 09:30:00-04:00,40.7825,40.8185,no
KXHYPE15M-26MAY120915,Target Price: $40.8398,2026-05-12 09:00:00-04:00,2026-05-12 09:15:00-04:00,40.8185,40.8398,no
KXHYPE15M-26MAY120900,Target Price: $40.8789,2026-05-12 08:45:00-04:00,2026-05-12 09:00:00-04:00,40.8398,40.8789,no
KXHYPE15M-26MAY120845,Target Price: $40.7343,2026-05-12 08:30:00-04:00,2026-05-12 08:45:00-04:00,40.8789,40.7343,yes
KXHYPE15M-26MAY120830,Target Price: $40.9308,2026-05-12 08:15:00-04:00,2026-05-12 08:30:00-04:00,40.7343,40.9308,no
KXHYPE15M-26MAY120815,Target Price: $40.9925,2026-05-12 08:00:00-04:00,2026-05-12 08:15:00-04:00,40.9308,40.9925,no
KXHYPE15M-26MAY120800,Target Price: $40.7938,2026-05-12 07:45:00-04:00,2026-05-12 08:00:00-04:00,40.9925,40.7938,yes
KXHYPE15M-26MAY120745,Target Price: $40.5975,2026-05-12 07:30:00-04:00,2026-05-12 07:45:00-04:00,40.7938,40.5975,yes
KXHYPE15M-26MAY120730,Target Price: $40.7102,2026-05-12 07:15:00-04:00,2026-05-12 07:30:00-04:00,40.5975,40.7102,no
KXHYPE15M-26MAY120715,Target Price: $40.8990,2026-05-12 07:00:00-04:00,2026-05-12 07:15:00-04:00,40.7102,40.899,no
KXHYPE15M-26MAY120700,Target Price: $40.8418,2026-05-12 06:45:00-04:00,2026-05-12 07:00:00-04:00,40.8990,40.8418,yes
KXHYPE15M-26MAY120645,Target Price: $40.9164,2026-05-12 06:30:00-04:00,2026-05-12 06:45:00-04:00,40.8418,40.9164,no
KXHYPE15M-26MAY120630,Target Price: $41.0060,2026-05-12 06:15:00-04:00,2026-05-12 06:30:00-04:00,40.9164,41.006,no
KXHYPE15M-26MAY120615,Target Price: $41.1241,2026-05-12 06:00:00-04:00,2026-05-12 06:15:00-04:00,41.0060,41.1241,no
KXHYPE15M-26MAY120600,Target Price: $41.1903,2026-05-12 05:45:00-04:00,2026-05-12 06:00:00-04:00,41.1241,41.1903,no
KXHYPE15M-26MAY120545,Target Price: $41.1141,2026-05-12 05:30:00-04:00,2026-05-12 05:45:00-04:00,41.1903,41.1141,yes
KXHYPE15M-26MAY120530,Target Price: $41.1488,2026-05-12 05:15:00-04:00,2026-05-12 05:30:00-04:00,41.1141,41.1488,no
KXHYPE15M-26MAY120515,Target Price: $41.2519,2026-05-12 05:00:00-04:00,2026-05-12 05:15:00-04:00,41.1488,41.2519,no
KXHYPE15M-26MAY120500,Target Price: $41.3077,2026-05-12 04:45:00-04:00,2026-05-12 05:00:00-04:00,41.2519,41.3077,no
KXHYPE15M-26MAY120445,Target Price: $41.2691,2026-05-12 04:30:00-04:00,2026-05-12 04:45:00-04:00,41.3077,41.2691,yes
KXHYPE15M-26MAY120430,Target Price: $41.2595,2026-05-12 04:15:00-04:00,2026-05-12 04:30:00-04:00,41.2691,41.2595,yes
KXHYPE15M-26MAY120415,Target Price: $41.2634,2026-05-12 04:00:00-04:00,2026-05-12 04:15:00-04:00,41.2595,41.2634,no
KXHYPE15M-26MAY120400,Target Price: $41.2612,2026-05-12 03:45:00-04:00,2026-05-12 04:00:00-04:00,41.2634,41.2612,yes
KXHYPE15M-26MAY120345,Target Price: $41.2799,2026-05-12 03:30:00-04:00,2026-05-12 03:45:00-04:00,41.2612,41.2799,no
KXHYPE15M-26MAY120330,Target Price: $41.2075,2026-05-12 03:15:00-04:00,2026-05-12 03:30:00-04:00,41.2799,41.2075,yes
KXHYPE15M-26MAY120315,Target Price: $41.1459,2026-05-12 03:00:00-04:00,2026-05-12 03:15:00-04:00,41.2075,41.1459,yes
KXHYPE15M-26MAY120300,Target Price: $41.1936,2026-05-12 02:45:00-04:00,2026-05-12 03:00:00-04:00,41.1459,41.1936,no
KXHYPE15M-26MAY120245,Target Price: $41.2361,2026-05-12 02:30:00-04:00,2026-05-12 02:45:00-04:00,41.1936,41.2361,no
KXHYPE15M-26MAY120230,Target Price: $41.3088,2026-05-12 02:15:00-04:00,2026-05-12 02:30:00-04:00,41.2361,41.3088,no
KXHYPE15M-26MAY120215,Target Price: $41.2764,2026-05-12 02:00:00-04:00,2026-05-12 02:15:00-04:00,41.3088,41.2764,yes
KXHYPE15M-26MAY120200,Target Price: $41.2639,2026-05-12 01:45:00-04:00,2026-05-12 02:00:00-04:00,41.2764,41.2639,yes
KXHYPE15M-26MAY120145,Target Price: $41.2794,2026-05-12 01:30:00-04:00,2026-05-12 01:45:00-04:00,41.2639,41.2794,no
KXHYPE15M-26MAY120130,Target Price: $41.2299,2026-05-12 01:15:00-04:00,2026-05-12 01:30:00-04:00,41.2794,41.2299,yes
KXHYPE15M-26MAY120115,Target Price: $41.0440,2026-05-12 01:00:00-04:00,2026-05-12 01:15:00-04:00,41.2299,41.044,yes
KXHYPE15M-26MAY120100,Target Price: $41.0458,2026-05-12 00:45:00-04:00,2026-05-12 01:00:00-04:00,41.0440,41.0458,no
KXHYPE15M-26MAY120045,Target Price: $40.9490,2026-05-12 00:30:00-04:00,2026-05-12 00:45:00-04:00,41.0458,40.949,yes
KXHYPE15M-26MAY120030,Target Price: $40.8460,2026-05-12 00:15:00-04:00,2026-05-12 00:30:00-04:00,40.9490,40.846,yes
KXHYPE15M-26MAY120015,Target Price: $40.9485,2026-05-12 00:00:00-04:00,2026-05-12 00:15:00-04:00,40.8460,40.9485,no
KXHYPE15M-26MAY120000,Target Price: $40.9551,2026-05-11 23:45:00-04:00,2026-05-12 00:00:00-04:00,40.9485,40.9551,no
KXHYPE15M-26MAY112345,Target Price: $41.0344,2026-05-11 23:30:00-04:00,2026-05-11 23:45:00-04:00,40.9551,41.0344,no
KXHYPE15M-26MAY112330,Target Price: $41.1446,2026-05-11 23:15:00-04:00,2026-05-11 23:30:00-04:00,41.0344,41.1446,no
KXHYPE15M-26MAY112315,Target Price: $41.2201,2026-05-11 23:00:00-04:00,2026-05-11 23:15:00-04:00,41.1446,41.2201,no
KXHYPE15M-26MAY112300,Target Price: $41.2719,2026-05-11 22:45:00-04:00,2026-05-11 23:00:00-04:00,41.2201,41.2719,no
KXHYPE15M-26MAY112245,Target Price: $41.4302,2026-05-11 22:30:00-04:00,2026-05-11 22:45:00-04:00,41.2719,41.4302,no
KXHYPE15M-26MAY112230,Target Price: $41.3929,2026-05-11 22:15:00-04:00,2026-05-11 22:30:00-04:00,41.4302,41.3929,yes
KXHYPE15M-26MAY112215,Target Price: $41.3451,2026-05-11 22:00:00-04:00,2026-05-11 22:15:00-04:00,41.3929,41.3451,yes
KXHYPE15M-26MAY112200,Target Price: $41.2814,2026-05-11 21:45:00-04:00,2026-05-11 22:00:00-04:00,41.3451,41.2814,yes
KXHYPE15M-26MAY112145,Target Price: $41.5029,2026-05-11 21:30:00-04:00,2026-05-11 21:45:00-04:00,41.2814,41.5029,no
KXHYPE15M-26MAY112130,Target Price: $41.5196,2026-05-11 21:15:00-04:00,2026-05-11 21:30:00-04:00,41.5029,41.5196,no
KXHYPE15M-26MAY112115,Target Price: $41.5671,2026-05-11 21:00:00-04:00,2026-05-11 21:15:00-04:00,41.5196,41.5671,no
KXHYPE15M-26MAY112100,Target Price: $41.6732,2026-05-11 20:45:00-04:00,2026-05-11 21:00:00-04:00,41.5671,41.6732,no
KXHYPE15M-26MAY112045,Target Price: $41.7945,2026-05-11 20:30:00-04:00,2026-05-11 20:45:00-04:00,41.6732,41.7945,no
KXHYPE15M-26MAY112030,Target Price: $41.8985,2026-05-11 20:15:00-04:00,2026-05-11 20:30:00-04:00,41.7945,41.8985,no
KXHYPE15M-26MAY112015,Target Price: $41.9837,2026-05-11 20:00:00-04:00,2026-05-11 20:15:00-04:00,41.8985,41.9837,no
KXHYPE15M-26MAY112000,Target Price: $41.9213,2026-05-11 19:45:00-04:00,2026-05-11 20:00:00-04:00,41.9837,41.9213,yes
KXHYPE15M-26MAY111945,Target Price: $41.9363,2026-05-11 19:30:00-04:00,2026-05-11 19:45:00-04:00,41.9213,41.9363,no
KXHYPE15M-26MAY111930,Target Price: $41.9288,2026-05-11 19:15:00-04:00,2026-05-11 19:30:00-04:00,41.9363,41.9288,yes
KXHYPE15M-26MAY111915,Target Price: $41.9436,2026-05-11 19:00:00-04:00,2026-05-11 19:15:00-04:00,41.9288,41.9436,no
KXHYPE15M-26MAY111900,Target Price: $41.8846,2026-05-11 18:45:00-04:00,2026-05-11 19:00:00-04:00,41.9436,41.8846,yes
KXHYPE15M-26MAY111845,Target Price: $41.8391,2026-05-11 18:30:00-04:00,2026-05-11 18:45:00-04:00,41.8846,41.8391,yes
KXHYPE15M-26MAY111830,Target Price: $41.9525,2026-05-11 18:15:00-04:00,2026-05-11 18:30:00-04:00,41.8391,41.9525,no
KXHYPE15M-26MAY111815,Target Price: $41.8242,2026-05-11 18:00:00-04:00,2026-05-11 18:15:00-04:00,41.9525,41.8242,yes
KXHYPE15M-26MAY111800,Target Price: $41.9376,2026-05-11 17:45:00-04:00,2026-05-11 18:00:00-04:00,41.8242,41.9376,no
KXHYPE15M-26MAY111745,Target Price: $41.9472,2026-05-11 17:30:00-04:00,2026-05-11 17:45:00-04:00,41.9376,41.9472,no
KXHYPE15M-26MAY111730,Target Price: $42.0435,2026-05-11 17:15:00-04:00,2026-05-11 17:30:00-04:00,41.9472,42.0435,no
KXHYPE15M-26MAY111715,Target Price: $41.9848,2026-05-11 17:00:00-04:00,2026-05-11 17:15:00-04:00,42.0435,41.9848,yes
KXHYPE15M-26MAY111700,Target Price: $41.9712,2026-05-11 16:45:00-04:00,2026-05-11 17:00:00-04:00,41.9848,41.9712,yes
KXHYPE15M-26MAY111645,Target Price: $41.9397,2026-05-11 16:30:00-04:00,2026-05-11 16:45:00-04:00,41.9712,41.9397,yes
KXHYPE15M-26MAY111630,Target Price: $42.0294,2026-05-11 16:15:00-04:00,2026-05-11 16:30:00-04:00,41.9397,42.0294,no
KXHYPE15M-26MAY111615,Target Price: $42.1645,2026-05-11 16:00:00-04:00,2026-05-11 16:15:00-04:00,42.0294,42.1645,no
KXHYPE15M-26MAY111600,Target Price: $42.1866,2026-05-11 15:45:00-04:00,2026-05-11 16:00:00-04:00,42.1645,42.1866,no
KXHYPE15M-26MAY111545,Target Price: $42.1854,2026-05-11 15:30:00-04:00,2026-05-11 15:45:00-04:00,42.1866,42.1854,yes
KXHYPE15M-26MAY111530,Target Price: $42.1606,2026-05-11 15:15:00-04:00,2026-05-11 15:30:00-04:00,42.1854,42.1606,yes
KXHYPE15M-26MAY111515,Target Price: $42.0980,2026-05-11 15:00:00-04:00,2026-05-11 15:15:00-04:00,42.1606,42.098,yes
KXHYPE15M-26MAY111500,Target Price: $41.9790,2026-05-11 14:45:00-04:00,2026-05-11 15:00:00-04:00,42.0980,41.979,yes
KXHYPE15M-26MAY111445,Target Price: $41.9547,2026-05-11 14:30:00-04:00,2026-05-11 14:45:00-04:00,41.9790,41.9547,yes
KXHYPE15M-26MAY111430,Target Price: $41.8892,2026-05-11 14:15:00-04:00,2026-05-11 14:30:00-04:00,41.9547,41.8892,yes
KXHYPE15M-26MAY111415,Target Price: $41.7608,2026-05-11 14:00:00-04:00,2026-05-11 14:15:00-04:00,41.8892,41.7608,yes
KXHYPE15M-26MAY111400,Target price: TBD,2026-05-11 13:45:00-04:00,2026-05-11 14:00:00-04:00,41.7608,,no
KXHYPE15M-26MAY111345,Target Price: $41.8606,2026-05-11 13:30:00-04:00,2026-05-11 13:45:00-04:00,42.0008,41.8606,yes
KXHYPE15M-26MAY111330,Target Price: $41.7128,2026-05-11 13:15:00-04:00,2026-05-11 13:30:00-04:00,41.8606,41.7128,yes
KXHYPE15M-26MAY111315,Target Price: $41.7815,2026-05-11 13:00:00-04:00,2026-05-11 13:15:00-04:00,41.7128,41.7815,no
KXHYPE15M-26MAY111300,Target Price: $41.8211,2026-05-11 12:45:00-04:00,2026-05-11 13:00:00-04:00,41.7815,41.8211,no
KXHYPE15M-26MAY111245,Target Price: $41.6740,2026-05-11 12:30:00-04:00,2026-05-11 12:45:00-04:00,41.8211,41.674,yes
KXHYPE15M-26MAY111230,Target Price: $41.7363,2026-05-11 12:15:00-04:00,2026-05-11 12:30:00-04:00,41.6740,41.7363,no
KXHYPE15M-26MAY111215,Target Price: $41.6379,2026-05-11 12:00:00-04:00,2026-05-11 12:15:00-04:00,41.7363,41.6379,yes
KXHYPE15M-26MAY111200,Target Price: $41.5699,2026-05-11 11:45:00-04:00,2026-05-11 12:00:00-04:00,41.6379,41.5699,yes
KXHYPE15M-26MAY111145,Target Price: $41.4427,2026-05-11 11:30:00-04:00,2026-05-11 11:45:00-04:00,41.5699,41.4427,yes
KXHYPE15M-26MAY111130,Target Price: $41.2310,2026-05-11 11:15:00-04:00,2026-05-11 11:30:00-04:00,41.4427,41.231,yes
KXHYPE15M-26MAY111115,Target Price: $41.0681,2026-05-11 11:00:00-04:00,2026-05-11 11:15:00-04:00,41.2310,41.0681,yes
KXHYPE15M-26MAY111100,Target Price: $41.0871,2026-05-11 10:45:00-04:00,2026-05-11 11:00:00-04:00,41.0681,41.0871,no
KXHYPE15M-26MAY111045,Target Price: $41.0796,2026-05-11 10:30:00-04:00,2026-05-11 10:45:00-04:00,41.0871,41.0796,yes
KXHYPE15M-26MAY111030,Target Price: $41.3112,2026-05-11 10:15:00-04:00,2026-05-11 10:30:00-04:00,41.0796,41.3112,no
KXHYPE15M-26MAY111015,Target Price: $41.1436,2026-05-11 10:00:00-04:00,2026-05-11 10:15:00-04:00,41.3112,41.1436,yes
KXHYPE15M-26MAY111000,Target Price: $41.2622,2026-05-11 09:45:00-04:00,2026-05-11 10:00:00-04:00,41.1436,41.2622,no
KXHYPE15M-26MAY110945,Target Price: $41.4490,2026-05-11 09:30:00-04:00,2026-05-11 09:45:00-04:00,41.2622,41.449,no
KXHYPE15M-26MAY110930,Target Price: $41.3570,2026-05-11 09:15:00-04:00,2026-05-11 09:30:00-04:00,41.4490,41.357,yes
KXHYPE15M-26MAY110915,Target Price: $41.3120,2026-05-11 09:00:00-04:00,2026-05-11 09:15:00-04:00,41.3570,41.312,yes
KXHYPE15M-26MAY110900,Target Price: $41.4235,2026-05-11 08:45:00-04:00,2026-05-11 09:00:00-04:00,41.3120,41.4235,no
KXHYPE15M-26MAY110845,Target Price: $41.4284,2026-05-11 08:30:00-04:00,2026-05-11 08:45:00-04:00,41.4235,41.4284,no
KXHYPE15M-26MAY110830,Target Price: $41.3039,2026-05-11 08:15:00-04:00,2026-05-11 08:30:00-04:00,41.4284,41.3039,yes
KXHYPE15M-26MAY110815,Target Price: $41.4394,2026-05-11 08:00:00-04:00,2026-05-11 08:15:00-04:00,41.3039,41.4394,no
KXHYPE15M-26MAY110800,Target Price: $41.4983,2026-05-11 07:45:00-04:00,2026-05-11 08:00:00-04:00,41.4394,41.4983,no
KXHYPE15M-26MAY110745,Target Price: $41.5677,2026-05-11 07:30:00-04:00,2026-05-11 07:45:00-04:00,41.4983,41.5677,no
KXHYPE15M-26MAY110730,Target Price: $41.5213,2026-05-11 07:15:00-04:00,2026-05-11 07:30:00-04:00,41.5677,41.5213,yes
KXHYPE15M-26MAY110715,Target Price: $41.5448,2026-05-11 07:00:00-04:00,2026-05-11 07:15:00-04:00,41.5213,41.5448,no
KXHYPE15M-26MAY110700,Target Price: $41.8075,2026-05-11 06:45:00-04:00,2026-05-11 07:00:00-04:00,41.5448,41.8075,no
KXHYPE15M-26MAY110645,Target Price: $41.9576,2026-05-11 06:30:00-04:00,2026-05-11 06:45:00-04:00,41.8075,41.9576,no
KXHYPE15M-26MAY110630,Target Price: $42.0063,2026-05-11 06:15:00-04:00,2026-05-11 06:30:00-04:00,41.9576,42.0063,no
KXHYPE15M-26MAY110615,Target Price: $41.9246,2026-05-11 06:00:00-04:00,2026-05-11 06:15:00-04:00,42.0063,41.9246,yes
KXHYPE15M-26MAY110600,Target Price: $41.9541,2026-05-11 05:45:00-04:00,2026-05-11 06:00:00-04:00,41.9246,41.9541,no
KXHYPE15M-26MAY110545,Target Price: $41.9426,2026-05-11 05:30:00-04:00,2026-05-11 05:45:00-04:00,41.9541,41.9426,yes
KXHYPE15M-26MAY110530,Target Price: $41.9560,2026-05-11 05:15:00-04:00,2026-05-11 05:30:00-04:00,41.9426,41.956,no
KXHYPE15M-26MAY110515,Target Price: $41.8231,2026-05-11 05:00:00-04:00,2026-05-11 05:15:00-04:00,41.9560,41.8231,yes
KXHYPE15M-26MAY110500,Target Price: $41.8825,2026-05-11 04:45:00-04:00,2026-05-11 05:00:00-04:00,41.8231,41.8825,no
KXHYPE15M-26MAY110445,Target Price: $41.8186,2026-05-11 04:30:00-04:00,2026-05-11 04:45:00-04:00,41.8825,41.8186,yes
KXHYPE15M-26MAY110430,Target Price: $42.0018,2026-05-11 04:15:00-04:00,2026-05-11 04:30:00-04:00,41.8186,42.0018,no
KXHYPE15M-26MAY110415,Target Price: $41.8878,2026-05-11 04:00:00-04:00,2026-05-11 04:15:00-04:00,42.0018,41.8878,yes
KXHYPE15M-26MAY110400,Target Price: $41.8793,2026-05-11 03:45:00-04:00,2026-05-11 04:00:00-04:00,41.8878,41.8793,yes
KXHYPE15M-26MAY110345,Target Price: $41.8129,2026-05-11 03:30:00-04:00,2026-05-11 03:45:00-04:00,41.8793,41.8129,yes
KXHYPE15M-26MAY110330,Target Price: $41.8438,2026-05-11 03:15:00-04:00,2026-05-11 03:30:00-04:00,41.8129,41.8438,no
KXHYPE15M-26MAY110315,Target Price: $41.9632,2026-05-11 03:00:00-04:00,2026-05-11 03:15:00-04:00,41.8438,41.9632,no
KXHYPE15M-26MAY110300,Target Price: $42.0857,2026-05-11 02:45:00-04:00,2026-05-11 03:00:00-04:00,41.9632,42.0857,no
KXHYPE15M-26MAY110245,Target Price: $42.1737,2026-05-11 02:30:00-04:00,2026-05-11 02:45:00-04:00,42.0857,42.1737,no
KXHYPE15M-26MAY110230,Target Price: $42.1739,2026-05-11 02:15:00-04:00,2026-05-11 02:30:00-04:00,42.1737,42.1739,no
KXHYPE15M-26MAY110215,Target Price: $42.0910,2026-05-11 02:00:00-04:00,2026-05-11 02:15:00-04:00,42.1739,42.091,yes
KXHYPE15M-26MAY110200,Target Price: $42.1924,2026-05-11 01:45:00-04:00,2026-05-11 02:00:00-04:00,42.0910,42.1924,no
KXHYPE15M-26MAY110145,Target Price: $42.2273,2026-05-11 01:30:00-04:00,2026-05-11 01:45:00-04:00,42.1924,42.2273,no
KXHYPE15M-26MAY110130,Target Price: $42.1332,2026-05-11 01:15:00-04:00,2026-05-11 01:30:00-04:00,42.2273,42.1332,yes
KXHYPE15M-26MAY110115,Target Price: $42.1103,2026-05-11 01:00:00-04:00,2026-05-11 01:15:00-04:00,42.1332,42.1103,yes
KXHYPE15M-26MAY110100,Target Price: $42.0852,2026-05-11 00:45:00-04:00,2026-05-11 01:00:00-04:00,42.1103,42.0852,yes
KXHYPE15M-26MAY110045,Target Price: $42.1029,2026-05-11 00:30:00-04:00,2026-05-11 00:45:00-04:00,42.0852,42.1029,no
KXHYPE15M-26MAY110030,Target Price: $42.0967,2026-05-11 00:15:00-04:00,2026-05-11 00:30:00-04:00,42.1029,42.0967,yes
KXHYPE15M-26MAY110015,Target Price: $42.2477,2026-05-11 00:00:00-04:00,2026-05-11 00:15:00-04:00,42.0967,42.2477,no
KXHYPE15M-26MAY110000,Target Price: $42.2822,2026-05-10 23:45:00-04:00,2026-05-11 00:00:00-04:00,42.2477,42.2822,no
KXHYPE15M-26MAY102345,Target Price: $42.1716,2026-05-10 23:30:00-04:00,2026-05-10 23:45:00-04:00,42.2822,42.1716,yes
KXHYPE15M-26MAY102330,Target Price: $42.2528,2026-05-10 23:15:00-04:00,2026-05-10 23:30:00-04:00,42.1716,42.2528,no
KXHYPE15M-26MAY102315,Target Price: $42.3556,2026-05-10 23:00:00-04:00,2026-05-10 23:15:00-04:00,42.2528,42.3556,no
KXHYPE15M-26MAY102300,Target Price: $42.3074,2026-05-10 22:45:00-04:00,2026-05-10 23:00:00-04:00,42.3556,42.3074,yes
KXHYPE15M-26MAY102245,Target Price: $42.4603,2026-05-10 22:30:00-04:00,2026-05-10 22:45:00-04:00,42.3074,42.4603,no
KXHYPE15M-26MAY102230,Target Price: $42.5387,2026-05-10 22:15:00-04:00,2026-05-10 22:30:00-04:00,42.4603,42.5387,no
KXHYPE15M-26MAY102215,Target Price: $42.6194,2026-05-10 22:00:00-04:00,2026-05-10 22:15:00-04:00,42.5387,42.6194,no
KXHYPE15M-26MAY102200,Target Price: $42.7513,2026-05-10 21:45:00-04:00,2026-05-10 22:00:00-04:00,42.6194,42.7513,no
KXHYPE15M-26MAY102145,Target Price: $42.8151,2026-05-10 21:30:00-04:00,2026-05-10 21:45:00-04:00,42.7513,42.8151,no
KXHYPE15M-26MAY102130,Target Price: $42.7082,2026-05-10 21:15:00-04:00,2026-05-10 21:30:00-04:00,42.8151,42.7082,yes
KXHYPE15M-26MAY102115,Target Price: $42.6225,2026-05-10 21:00:00-04:00,2026-05-10 21:15:00-04:00,42.7082,42.6225,yes
KXHYPE15M-26MAY102100,Target Price: $42.7534,2026-05-10 20:45:00-04:00,2026-05-10 21:00:00-04:00,42.6225,42.7534,no
KXHYPE15M-26MAY102045,Target Price: $42.9845,2026-05-10 20:30:00-04:00,2026-05-10 20:45:00-04:00,42.7534,42.9845,no
KXHYPE15M-26MAY102030,Target Price: $42.9795,2026-05-10 20:15:00-04:00,2026-05-10 20:30:00-04:00,42.9845,42.9795,yes
KXHYPE15M-26MAY102015,Target Price: $42.9665,2026-05-10 20:00:00-04:00,2026-05-10 20:15:00-04:00,42.9795,42.9665,yes
KXHYPE15M-26MAY102000,Target Price: $43.1222,2026-05-10 19:45:00-04:00,2026-05-10 20:00:00-04:00,42.9665,43.1222,no
KXHYPE15M-26MAY101945,Target Price: $42.9516,2026-05-10 19:30:00-04:00,2026-05-10 19:45:00-04:00,43.1222,42.9516,yes
KXHYPE15M-26MAY101930,Target Price: $42.9260,2026-05-10 19:15:00-04:00,2026-05-10 19:30:00-04:00,42.9516,42.926,yes
KXHYPE15M-26MAY101915,Target Price: $42.8794,2026-05-10 19:00:00-04:00,2026-05-10 19:15:00-04:00,42.9260,42.8794,yes
KXHYPE15M-26MAY101900,Target Price: $42.7230,2026-05-10 18:45:00-04:00,2026-05-10 19:00:00-04:00,42.8794,42.723,yes
KXHYPE15M-26MAY101845,Target Price: $42.5889,2026-05-10 18:30:00-04:00,2026-05-10 18:45:00-04:00,42.7230,42.5889,yes
KXHYPE15M-26MAY101830,Target Price: $42.4899,2026-05-10 18:15:00-04:00,2026-05-10 18:30:00-04:00,42.5889,42.4899,yes
KXHYPE15M-26MAY101815,Target Price: $42.2188,2026-05-10 18:00:00-04:00,2026-05-10 18:15:00-04:00,42.4899,42.2188,yes
KXHYPE15M-26MAY101800,Target Price: $42.4204,2026-05-10 17:45:00-04:00,2026-05-10 18:00:00-04:00,42.2188,42.4204,no
KXHYPE15M-26MAY101745,Target Price: $42.3797,2026-05-10 17:30:00-04:00,2026-05-10 17:45:00-04:00,42.4204,42.3797,yes
KXHYPE15M-26MAY101730,Target Price: $42.2146,2026-05-10 17:15:00-04:00,2026-05-10 17:30:00-04:00,42.3797,42.2146,yes
KXHYPE15M-26MAY101715,Target Price: $42.5488,2026-05-10 17:00:00-04:00,2026-05-10 17:15:00-04:00,42.2146,42.5488,no
KXHYPE15M-26MAY101700,Target Price: $42.8635,2026-05-10 16:45:00-04:00,2026-05-10 17:00:00-04:00,42.5488,42.8635,no
KXHYPE15M-26MAY101645,Target Price: $43.1395,2026-05-10 16:30:00-04:00,2026-05-10 16:45:00-04:00,42.8635,43.1395,no
KXHYPE15M-26MAY101630,Target Price: $43.4231,2026-05-10 16:15:00-04:00,2026-05-10 16:30:00-04:00,43.1395,43.4231,no
KXHYPE15M-26MAY101615,Target Price: $43.4390,2026-05-10 16:00:00-04:00,2026-05-10 16:15:00-04:00,43.4231,43.439,no
KXHYPE15M-26MAY101600,Target Price: $43.6074,2026-05-10 15:45:00-04:00,2026-05-10 16:00:00-04:00,43.4390,43.6074,no
KXHYPE15M-26MAY101545,Target Price: $43.5996,2026-05-10 15:30:00-04:00,2026-05-10 15:45:00-04:00,43.6074,43.5996,yes
KXHYPE15M-26MAY101530,Target Price: $43.3847,2026-05-10 15:15:00-04:00,2026-05-10 15:30:00-04:00,43.5996,43.3847,yes
KXHYPE15M-26MAY101515,Target Price: $43.4238,2026-05-10 15:00:00-04:00,2026-05-10 15:15:00-04:00,43.3847,43.4238,no
KXHYPE15M-26MAY101500,Target Price: $43.3894,2026-05-10 14:45:00-04:00,2026-05-10 15:00:00-04:00,43.4238,43.3894,yes
KXHYPE15M-26MAY101445,Target Price: $43.5927,2026-05-10 14:30:00-04:00,2026-05-10 14:45:00-04:00,43.3894,43.5927,no
KXHYPE15M-26MAY101430,Target Price: $43.5972,2026-05-10 14:15:00-04:00,2026-05-10 14:30:00-04:00,43.5927,43.5972,no
KXHYPE15M-26MAY101415,Target Price: $43.6356,2026-05-10 14:00:00-04:00,2026-05-10 14:15:00-04:00,43.5972,43.6356,no
KXHYPE15M-26MAY101400,Target Price: $43.4037,2026-05-10 13:45:00-04:00,2026-05-10 14:00:00-04:00,43.6356,43.4037,yes
KXHYPE15M-26MAY101345,Target Price: $43.4076,2026-05-10 13:30:00-04:00,2026-05-10 13:45:00-04:00,43.4037,43.4076,no
KXHYPE15M-26MAY101330,Target Price: $43.1981,2026-05-10 13:15:00-04:00,2026-05-10 13:30:00-04:00,43.4076,43.1981,yes
KXHYPE15M-26MAY101315,Target Price: $43.1640,2026-05-10 13:00:00-04:00,2026-05-10 13:15:00-04:00,43.1981,43.164,yes
KXHYPE15M-26MAY101300,Target Price: $43.1641,2026-05-10 12:45:00-04:00,2026-05-10 13:00:00-04:00,43.1640,43.1641,no
KXHYPE15M-26MAY101245,Target Price: $43.2712,2026-05-10 12:30:00-04:00,2026-05-10 12:45:00-04:00,43.1641,43.2712,no
KXHYPE15M-26MAY101230,Target Price: $43.1936,2026-05-10 12:15:00-04:00,2026-05-10 12:30:00-04:00,43.2712,43.1936,yes
KXHYPE15M-26MAY101215,Target Price: $43.2287,2026-05-10 12:00:00-04:00,2026-05-10 12:15:00-04:00,43.1936,43.2287,no
KXHYPE15M-26MAY101200,Target Price: $43.0702,2026-05-10 11:45:00-04:00,2026-05-10 12:00:00-04:00,43.2287,43.0702,yes
KXHYPE15M-26MAY101145,Target Price: $42.9371,2026-05-10 11:30:00-04:00,2026-05-10 11:45:00-04:00,43.0702,42.9371,yes
KXHYPE15M-26MAY101130,Target Price: $43.0091,2026-05-10 11:15:00-04:00,2026-05-10 11:30:00-04:00,42.9371,43.0091,no
KXHYPE15M-26MAY101115,Target Price: $42.9336,2026-05-10 11:00:00-04:00,2026-05-10 11:15:00-04:00,43.0091,42.9336,yes
KXHYPE15M-26MAY101100,Target Price: $42.8928,2026-05-10 10:45:00-04:00,2026-05-10 11:00:00-04:00,42.9336,42.8928,yes
KXHYPE15M-26MAY101045,Target Price: $42.9735,2026-05-10 10:30:00-04:00,2026-05-10 10:45:00-04:00,42.8928,42.9735,no
KXHYPE15M-26MAY101030,Target Price: $43.0744,2026-05-10 10:15:00-04:00,2026-05-10 10:30:00-04:00,42.9735,43.0744,no
KXHYPE15M-26MAY101015,Target Price: $42.9465,2026-05-10 10:00:00-04:00,2026-05-10 10:15:00-04:00,43.0744,42.9465,yes
KXHYPE15M-26MAY101000,Target Price: $43.0037,2026-05-10 09:45:00-04:00,2026-05-10 10:00:00-04:00,42.9465,43.0037,no
KXHYPE15M-26MAY100945,Target Price: $42.9173,2026-05-10 09:30:00-04:00,2026-05-10 09:45:00-04:00,43.0037,42.9173,yes
KXHYPE15M-26MAY100000,Target Price: $42.8678,2026-05-09 23:45:00-04:00,2026-05-10 00:00:00-04:00,42.8785,42.8678,yes
KXHYPE15M-26MAY092345,Target Price: $42.6829,2026-05-09 23:30:00-04:00,2026-05-09 23:45:00-04:00,42.8678,42.6829,yes
KXHYPE15M-26MAY092330,Target Price: $42.7176,2026-05-09 23:15:00-04:00,2026-05-09 23:30:00-04:00,42.6829,42.7176,no
KXHYPE15M-26MAY092315,Target Price: $42.6533,2026-05-09 23:00:00-04:00,2026-05-09 23:15:00-04:00,42.7176,42.6533,yes
KXHYPE15M-26MAY092300,Target Price: $42.6879,2026-05-09 22:45:00-04:00,2026-05-09 23:00:00-04:00,42.6533,42.6879,no
KXHYPE15M-26MAY092245,Target Price: $42.7766,2026-05-09 22:30:00-04:00,2026-05-09 22:45:00-04:00,42.6879,42.7766,no
KXHYPE15M-26MAY092230,Target Price: $42.6607,2026-05-09 22:15:00-04:00,2026-05-09 22:30:00-04:00,42.7766,42.6607,yes
KXHYPE15M-26MAY092215,Target Price: $42.6259,2026-05-09 22:00:00-04:00,2026-05-09 22:15:00-04:00,42.6607,42.6259,yes
KXHYPE15M-26MAY092200,Target Price: $42.5288,2026-05-09 21:45:00-04:00,2026-05-09 22:00:00-04:00,42.6259,42.5288,yes
KXHYPE15M-26MAY092145,Target Price: $42.5244,2026-05-09 21:30:00-04:00,2026-05-09 21:45:00-04:00,42.5288,42.5244,yes
KXHYPE15M-26MAY092130,Target Price: $42.6426,2026-05-09 21:15:00-04:00,2026-05-09 21:30:00-04:00,42.5244,42.6426,no
KXHYPE15M-26MAY092115,Target Price: $42.6865,2026-05-09 21:00:00-04:00,2026-05-09 21:15:00-04:00,42.6426,42.6865,no
KXHYPE15M-26MAY092100,Target Price: $42.8098,2026-05-09 20:45:00-04:00,2026-05-09 21:00:00-04:00,42.6865,42.8098,no
KXHYPE15M-26MAY092045,Target Price: $42.8005,2026-05-09 20:30:00-04:00,2026-05-09 20:45:00-04:00,42.8098,42.8005,yes
KXHYPE15M-26MAY092030,Target Price: $42.8302,2026-05-09 20:15:00-04:00,2026-05-09 20:30:00-04:00,42.8005,42.8302,no
KXHYPE15M-26MAY092015,Target Price: $42.9272,2026-05-09 20:00:00-04:00,2026-05-09 20:15:00-04:00,42.8302,42.9272,no
KXHYPE15M-26MAY092000,Target Price: $42.8953,2026-05-09 19:45:00-04:00,2026-05-09 20:00:00-04:00,42.9272,42.8953,yes
KXHYPE15M-26MAY091945,Target Price: $42.9676,2026-05-09 19:30:00-04:00,2026-05-09 19:45:00-04:00,42.8953,42.9676,no
KXHYPE15M-26MAY091930,Target Price: $42.9425,2026-05-09 19:15:00-04:00,2026-05-09 19:30:00-04:00,42.9676,42.9425,yes
KXHYPE15M-26MAY091915,Target Price: $43.0116,2026-05-09 19:00:00-04:00,2026-05-09 19:15:00-04:00,42.9425,43.0116,no
KXHYPE15M-26MAY091900,Target Price: $43.0213,2026-05-09 18:45:00-04:00,2026-05-09 19:00:00-04:00,43.0116,43.0213,no
KXHYPE15M-26MAY091845,Target Price: $43.0383,2026-05-09 18:30:00-04:00,2026-05-09 18:45:00-04:00,43.0213,43.0383,no
KXHYPE15M-26MAY091830,Target Price: $43.0050,2026-05-09 18:15:00-04:00,2026-05-09 18:30:00-04:00,43.0383,43.005,yes
KXHYPE15M-26MAY091815,Target Price: $43.0316,2026-05-09 18:00:00-04:00,2026-05-09 18:15:00-04:00,43.0050,43.0316,no
KXHYPE15M-26MAY091800,Target Price: $43.0066,2026-05-09 17:45:00-04:00,2026-05-09 18:00:00-04:00,43.0316,43.0066,yes
KXHYPE15M-26MAY091745,Target Price: $43.0367,2026-05-09 17:30:00-04:00,2026-05-09 17:45:00-04:00,43.0066,43.0367,no
KXHYPE15M-26MAY091730,Target Price: $43.0238,2026-05-09 17:15:00-04:00,2026-05-09 17:30:00-04:00,43.0367,43.0238,yes
KXHYPE15M-26MAY091715,Target Price: $42.8968,2026-05-09 17:00:00-04:00,2026-05-09 17:15:00-04:00,43.0238,42.8968,yes
KXHYPE15M-26MAY091700,Target Price: $43.0004,2026-05-09 16:45:00-04:00,2026-05-09 17:00:00-04:00,42.8968,43.0004,no
KXHYPE15M-26MAY091645,Target Price: $42.9452,2026-05-09 16:30:00-04:00,2026-05-09 16:45:00-04:00,43.0004,42.9452,yes
KXHYPE15M-26MAY091630,Target Price: $43.0060,2026-05-09 16:15:00-04:00,2026-05-09 16:30:00-04:00,42.9452,43.006,no
KXHYPE15M-26MAY091615,Target Price: $43.1097,2026-05-09 16:00:00-04:00,2026-05-09 16:15:00-04:00,43.0060,43.1097,no
KXHYPE15M-26MAY091600,Target Price: $43.0718,2026-05-09 15:45:00-04:00,2026-05-09 16:00:00-04:00,43.1097,43.0718,yes
KXHYPE15M-26MAY091545,Target Price: $42.9497,2026-05-09 15:30:00-04:00,2026-05-09 15:45:00-04:00,43.0718,42.9497,yes
KXHYPE15M-26MAY091530,Target Price: $43.0103,2026-05-09 15:15:00-04:00,2026-05-09 15:30:00-04:00,42.9497,43.0103,no
KXHYPE15M-26MAY091515,Target Price: $43.0203,2026-05-09 15:00:00-04:00,2026-05-09 15:15:00-04:00,43.0103,43.0203,no
KXHYPE15M-26MAY091500,Target Price: $43.0122,2026-05-09 14:45:00-04:00,2026-05-09 15:00:00-04:00,43.0203,43.0122,yes
KXHYPE15M-26MAY091445,Target Price: $43.0780,2026-05-09 14:30:00-04:00,2026-05-09 14:45:00-04:00,43.0122,43.078,no
KXHYPE15M-26MAY091430,Target Price: $42.9427,2026-05-09 14:15:00-04:00,2026-05-09 14:30:00-04:00,43.0780,42.9427,yes
KXHYPE15M-26MAY091415,Target Price: $43.0065,2026-05-09 14:00:00-04:00,2026-05-09 14:15:00-04:00,42.9427,43.0065,no
KXHYPE15M-26MAY091400,Target Price: $43.1042,2026-05-09 13:45:00-04:00,2026-05-09 14:00:00-04:00,43.0065,43.1042,no
KXHYPE15M-26MAY091345,Target Price: $43.1497,2026-05-09 13:30:00-04:00,2026-05-09 13:45:00-04:00,43.1042,43.1497,no
KXHYPE15M-26MAY091330,Target Price: $43.1115,2026-05-09 13:15:00-04:00,2026-05-09 13:30:00-04:00,43.1497,43.1115,yes
KXHYPE15M-26MAY091315,Target Price: $43.0063,2026-05-09 13:00:00-04:00,2026-05-09 13:15:00-04:00,43.1115,43.0063,yes
KXHYPE15M-26MAY091300,Target Price: $43.0128,2026-05-09 12:45:00-04:00,2026-05-09 13:00:00-04:00,43.0063,43.0128,no
KXHYPE15M-26MAY091245,Target Price: $43.2052,2026-05-09 12:30:00-04:00,2026-05-09 12:45:00-04:00,43.0128,43.2052,no
KXHYPE15M-26MAY091230,Target Price: $43.1818,2026-05-09 12:15:00-04:00,2026-05-09 12:30:00-04:00,43.2052,43.1818,yes
KXHYPE15M-26MAY091215,Target Price: $43.1483,2026-05-09 12:00:00-04:00,2026-05-09 12:15:00-04:00,43.1818,43.1483,yes
KXHYPE15M-26MAY091200,Target Price: $43.2036,2026-05-09 11:45:00-04:00,2026-05-09 12:00:00-04:00,43.1483,43.2036,no
KXHYPE15M-26MAY091145,Target Price: $43.2392,2026-05-09 11:30:00-04:00,2026-05-09 11:45:00-04:00,43.2036,43.2392,no
KXHYPE15M-26MAY091130,Target Price: $43.0773,2026-05-09 11:15:00-04:00,2026-05-09 11:30:00-04:00,43.2392,43.0773,yes
KXHYPE15M-26MAY091115,Target Price: $43.1554,2026-05-09 11:00:00-04:00,2026-05-09 11:15:00-04:00,43.0773,43.1554,no
KXHYPE15M-26MAY091100,Target Price: $43.3023,2026-05-09 10:45:00-04:00,2026-05-09 11:00:00-04:00,43.1554,43.3023,no
KXHYPE15M-26MAY091045,Target Price: $43.3799,2026-05-09 10:30:00-04:00,2026-05-09 10:45:00-04:00,43.3023,43.3799,no
KXHYPE15M-26MAY091030,Target Price: $43.5441,2026-05-09 10:15:00-04:00,2026-05-09 10:30:00-04:00,43.3799,43.5441,no
KXHYPE15M-26MAY091015,Target Price: $43.6358,2026-05-09 10:00:00-04:00,2026-05-09 10:15:00-04:00,43.5441,43.6358,no
KXHYPE15M-26MAY091000,Target Price: $43.5766,2026-05-09 09:45:00-04:00,2026-05-09 10:00:00-04:00,43.6358,43.5766,yes
KXHYPE15M-26MAY090945,Target Price: $43.7031,2026-05-09 09:30:00-04:00,2026-05-09 09:45:00-04:00,43.5766,43.7031,no
KXHYPE15M-26MAY090930,Target Price: $43.7832,2026-05-09 09:15:00-04:00,2026-05-09 09:30:00-04:00,43.7031,43.7832,no
KXHYPE15M-26MAY090915,Target Price: $43.7858,2026-05-09 09:00:00-04:00,2026-05-09 09:15:00-04:00,43.7832,43.7858,no
KXHYPE15M-26MAY090900,Target Price: $43.8288,2026-05-09 08:45:00-04:00,2026-05-09 09:00:00-04:00,43.7858,43.8288,no
KXHYPE15M-26MAY090845,Target Price: $43.7593,2026-05-09 08:30:00-04:00,2026-05-09 08:45:00-04:00,43.8288,43.7593,yes
KXHYPE15M-26MAY090830,Target Price: $43.8770,2026-05-09 08:15:00-04:00,2026-05-09 08:30:00-04:00,43.7593,43.877,no
KXHYPE15M-26MAY090815,Target Price: $43.7930,2026-05-09 08:00:00-04:00,2026-05-09 08:15:00-04:00,43.8770,43.793,yes
KXHYPE15M-26MAY090800,Target Price: $43.7212,2026-05-09 07:45:00-04:00,2026-05-09 08:00:00-04:00,43.7930,43.7212,yes
KXHYPE15M-26MAY090745,Target Price: $43.7099,2026-05-09 07:30:00-04:00,2026-05-09 07:45:00-04:00,43.7212,43.7099,yes
KXHYPE15M-26MAY090730,Target Price: $43.7182,2026-05-09 07:15:00-04:00,2026-05-09 07:30:00-04:00,43.7099,43.7182,no
KXHYPE15M-26MAY090715,Target Price: $43.5864,2026-05-09 07:00:00-04:00,2026-05-09 07:15:00-04:00,43.7182,43.5864,yes
KXHYPE15M-26MAY090700,Target Price: $43.5723,2026-05-09 06:45:00-04:00,2026-05-09 07:00:00-04:00,43.5864,43.5723,yes
KXHYPE15M-26MAY090645,Target Price: $43.4924,2026-05-09 06:30:00-04:00,2026-05-09 06:45:00-04:00,43.5723,43.4924,yes
KXHYPE15M-26MAY090630,Target Price: $43.4194,2026-05-09 06:15:00-04:00,2026-05-09 06:30:00-04:00,43.4924,43.4194,yes
KXHYPE15M-26MAY090615,Target Price: $43.6308,2026-05-09 06:00:00-04:00,2026-05-09 06:15:00-04:00,43.4194,43.6308,no
KXHYPE15M-26MAY090600,Target Price: $43.8354,2026-05-09 05:45:00-04:00,2026-05-09 06:00:00-04:00,43.6308,43.8354,no
KXHYPE15M-26MAY090545,Target Price: $44.1623,2026-05-09 05:30:00-04:00,2026-05-09 05:45:00-04:00,43.8354,44.1623,no
KXHYPE15M-26MAY090530,Target Price: $44.0525,2026-05-09 05:15:00-04:00,2026-05-09 05:30:00-04:00,44.1623,44.0525,yes
KXHYPE15M-26MAY090515,Target Price: $43.8285,2026-05-09 05:00:00-04:00,2026-05-09 05:15:00-04:00,44.0525,43.8285,yes
KXHYPE15M-26MAY090500,Target Price: $43.9342,2026-05-09 04:45:00-04:00,2026-05-09 05:00:00-04:00,43.8285,43.9342,no
KXHYPE15M-26MAY090445,Target Price: $43.8281,2026-05-09 04:30:00-04:00,2026-05-09 04:45:00-04:00,43.9342,43.8281,yes
KXHYPE15M-26MAY090430,Target Price: $43.8663,2026-05-09 04:15:00-04:00,2026-05-09 04:30:00-04:00,43.8281,43.8663,no
KXHYPE15M-26MAY090415,Target Price: $43.8422,2026-05-09 04:00:00-04:00,2026-05-09 04:15:00-04:00,43.8663,43.8422,yes
KXHYPE15M-26MAY090400,Target Price: $43.8437,2026-05-09 03:45:00-04:00,2026-05-09 04:00:00-04:00,43.8422,43.8437,no
KXHYPE15M-26MAY090345,Target Price: $43.9548,2026-05-09 03:30:00-04:00,2026-05-09 03:45:00-04:00,43.8437,43.9548,no
KXHYPE15M-26MAY090330,Target Price: $43.8968,2026-05-09 03:15:00-04:00,2026-05-09 03:30:00-04:00,43.9548,43.8968,yes
KXHYPE15M-26MAY090315,Target Price: $43.9594,2026-05-09 03:00:00-04:00,2026-05-09 03:15:00-04:00,43.8968,43.9594,no
KXHYPE15M-26MAY090300,Target Price: $44.0088,2026-05-09 02:45:00-04:00,2026-05-09 03:00:00-04:00,43.9594,44.0088,no
KXHYPE15M-26MAY090245,Target Price: $44.0978,2026-05-09 02:30:00-04:00,2026-05-09 02:45:00-04:00,44.0088,44.0978,no
KXHYPE15M-26MAY090230,Target Price: $44.2510,2026-05-09 02:15:00-04:00,2026-05-09 02:30:00-04:00,44.0978,44.251,no
KXHYPE15M-26MAY090215,Target Price: $44.1760,2026-05-09 02:00:00-04:00,2026-05-09 02:15:00-04:00,44.2510,44.176,yes
KXHYPE15M-26MAY090200,Target Price: $44.1495,2026-05-09 01:45:00-04:00,2026-05-09 02:00:00-04:00,44.1760,44.1495,yes
KXHYPE15M-26MAY090145,Target Price: $43.9535,2026-05-09 01:30:00-04:00,2026-05-09 01:45:00-04:00,44.1495,43.9535,yes
KXHYPE15M-26MAY090130,Target Price: $43.9371,2026-05-09 01:15:00-04:00,2026-05-09 01:30:00-04:00,43.9535,43.9371,yes
KXHYPE15M-26MAY090115,Target Price: $43.8851,2026-05-09 01:00:00-04:00,2026-05-09 01:15:00-04:00,43.9371,43.8851,yes
KXHYPE15M-26MAY090100,Target Price: $43.9507,2026-05-09 00:45:00-04:00,2026-05-09 01:00:00-04:00,43.8851,43.9507,no
KXHYPE15M-26MAY090045,Target Price: $44.0746,2026-05-09 00:30:00-04:00,2026-05-09 00:45:00-04:00,43.9507,44.0746,no
KXHYPE15M-26MAY090030,Target Price: $44.2973,2026-05-09 00:15:00-04:00,2026-05-09 00:30:00-04:00,44.0746,44.2973,no
KXHYPE15M-26MAY090015,Target Price: $44.0611,2026-05-09 00:00:00-04:00,2026-05-09 00:15:00-04:00,44.2973,44.0611,yes
KXHYPE15M-26MAY090000,Target Price: $43.9781,2026-05-08 23:45:00-04:00,2026-05-09 00:00:00-04:00,44.0611,43.9781,yes
KXHYPE15M-26MAY082345,Target Price: $43.9841,2026-05-08 23:30:00-04:00,2026-05-08 23:45:00-04:00,43.9781,43.9841,no
KXHYPE15M-26MAY082330,Target Price: $43.8894,2026-05-08 23:15:00-04:00,2026-05-08 23:30:00-04:00,43.9841,43.8894,yes
KXHYPE15M-26MAY082315,Target Price: $43.8647,2026-05-08 23:00:00-04:00,2026-05-08 23:15:00-04:00,43.8894,43.8647,yes
KXHYPE15M-26MAY082300,Target Price: $43.8126,2026-05-08 22:45:00-04:00,2026-05-08 23:00:00-04:00,43.8647,43.8126,yes
KXHYPE15M-26MAY082245,Target Price: $43.8016,2026-05-08 22:30:00-04:00,2026-05-08 22:45:00-04:00,43.8126,43.8016,yes
KXHYPE15M-26MAY082230,Target Price: $43.8315,2026-05-08 22:15:00-04:00,2026-05-08 22:30:00-04:00,43.8016,43.8315,no
KXHYPE15M-26MAY082215,Target Price: $43.9147,2026-05-08 22:00:00-04:00,2026-05-08 22:15:00-04:00,43.8315,43.9147,no
KXHYPE15M-26MAY082200,Target Price: $43.9608,2026-05-08 21:45:00-04:00,2026-05-08 22:00:00-04:00,43.9147,43.9608,no
KXHYPE15M-26MAY082145,Target Price: $43.6426,2026-05-08 21:30:00-04:00,2026-05-08 21:45:00-04:00,43.9608,43.6426,yes
KXHYPE15M-26MAY082130,Target Price: $43.4971,2026-05-08 21:15:00-04:00,2026-05-08 21:30:00-04:00,43.6426,43.4971,yes
KXHYPE15M-26MAY082115,Target Price: $43.2797,2026-05-08 21:00:00-04:00,2026-05-08 21:15:00-04:00,43.4971,43.2797,yes
KXHYPE15M-26MAY082100,Target Price: $43.3264,2026-05-08 20:45:00-04:00,2026-05-08 21:00:00-04:00,43.2797,43.3264,no
KXHYPE15M-26MAY082045,Target Price: $43.3520,2026-05-08 20:30:00-04:00,2026-05-08 20:45:00-04:00,43.3264,43.352,no
KXHYPE15M-26MAY082030,Target Price: $43.3217,2026-05-08 20:15:00-04:00,2026-05-08 20:30:00-04:00,43.3520,43.3217,yes
KXHYPE15M-26MAY082015,Target Price: $43.2576,2026-05-08 20:00:00-04:00,2026-05-08 20:15:00-04:00,43.3217,43.2576,yes
KXHYPE15M-26MAY082000,Target Price: $43.1227,2026-05-08 19:45:00-04:00,2026-05-08 20:00:00-04:00,43.2576,43.1227,yes
KXHYPE15M-26MAY081945,Target Price: $43.1808,2026-05-08 19:30:00-04:00,2026-05-08 19:45:00-04:00,43.1227,43.1808,no
KXHYPE15M-26MAY081930,Target Price: $43.1041,2026-05-08 19:15:00-04:00,2026-05-08 19:30:00-04:00,43.1808,43.1041,yes
KXHYPE15M-26MAY081915,Target Price: $43.2720,2026-05-08 19:00:00-04:00,2026-05-08 19:15:00-04:00,43.1041,43.272,no
KXHYPE15M-26MAY081900,Target Price: $43.3547,2026-05-08 18:45:00-04:00,2026-05-08 19:00:00-04:00,43.2720,43.3547,no
KXHYPE15M-26MAY081845,Target Price: $43.3143,2026-05-08 18:30:00-04:00,2026-05-08 18:45:00-04:00,43.3547,43.3143,yes
KXHYPE15M-26MAY081830,Target Price: $43.3155,2026-05-08 18:15:00-04:00,2026-05-08 18:30:00-04:00,43.3143,43.3155,no
KXHYPE15M-26MAY081815,Target Price: $43.1968,2026-05-08 18:00:00-04:00,2026-05-08 18:15:00-04:00,43.3155,43.1968,yes
KXHYPE15M-26MAY081800,Target Price: $43.2638,2026-05-08 17:45:00-04:00,2026-05-08 18:00:00-04:00,43.1968,43.2638,no
KXHYPE15M-26MAY081745,Target Price: $43.1727,2026-05-08 17:30:00-04:00,2026-05-08 17:45:00-04:00,43.2638,43.1727,yes
KXHYPE15M-26MAY081730,Target Price: $43.1279,2026-05-08 17:15:00-04:00,2026-05-08 17:30:00-04:00,43.1727,43.1279,yes
KXHYPE15M-26MAY081715,Target Price: $43.1036,2026-05-08 17:00:00-04:00,2026-05-08 17:15:00-04:00,43.1279,43.1036,yes
KXHYPE15M-26MAY081700,Target Price: $43.1576,2026-05-08 16:45:00-04:00,2026-05-08 17:00:00-04:00,43.1036,43.1576,no
KXHYPE15M-26MAY081645,Target Price: $43.1686,2026-05-08 16:30:00-04:00,2026-05-08 16:45:00-04:00,43.1576,43.1686,no
KXHYPE15M-26MAY081630,Target Price: $43.1071,2026-05-08 16:15:00-04:00,2026-05-08 16:30:00-04:00,43.1686,43.1071,yes
KXHYPE15M-26MAY081615,Target Price: $43.1007,2026-05-08 16:00:00-04:00,2026-05-08 16:15:00-04:00,43.1071,43.1007,yes
KXHYPE15M-26MAY081600,Target Price: $43.1395,2026-05-08 15:45:00-04:00,2026-05-08 16:00:00-04:00,43.1007,43.1395,no
KXHYPE15M-26MAY081545,Target Price: $43.2068,2026-05-08 15:30:00-04:00,2026-05-08 15:45:00-04:00,43.1395,43.2068,no
KXHYPE15M-26MAY081530,Target Price: $43.2309,2026-05-08 15:15:00-04:00,2026-05-08 15:30:00-04:00,43.2068,43.2309,no
KXHYPE15M-26MAY081515,Target Price: $43.3362,2026-05-08 15:00:00-04:00,2026-05-08 15:15:00-04:00,43.2309,43.3362,no
KXHYPE15M-26MAY081500,Target Price: $43.3556,2026-05-08 14:45:00-04:00,2026-05-08 15:00:00-04:00,43.3362,43.3556,no
KXHYPE15M-26MAY081445,Target Price: $43.2490,2026-05-08 14:30:00-04:00,2026-05-08 14:45:00-04:00,43.3556,43.249,yes
KXHYPE15M-26MAY081430,Target Price: $43.0988,2026-05-08 14:15:00-04:00,2026-05-08 14:30:00-04:00,43.2490,43.0988,yes
KXHYPE15M-26MAY081415,Target Price: $42.8784,2026-05-08 14:00:00-04:00,2026-05-08 14:15:00-04:00,43.0988,42.8784,yes
KXHYPE15M-26MAY081400,Target price: TBD,2026-05-08 13:45:00-04:00,2026-05-08 14:00:00-04:00,42.8784,,no
KXHYPE15M-26MAY081345,Target Price: $42.8728,2026-05-08 13:30:00-04:00,2026-05-08 13:45:00-04:00,42.9300,42.8728,yes
KXHYPE15M-26MAY081330,Target Price: $42.7781,2026-05-08 13:15:00-04:00,2026-05-08 13:30:00-04:00,42.8728,42.7781,yes
KXHYPE15M-26MAY081315,Target Price: $42.7700,2026-05-08 13:00:00-04:00,2026-05-08 13:15:00-04:00,42.7781,42.77,yes
KXHYPE15M-26MAY081300,Target Price: $42.7980,2026-05-08 12:45:00-04:00,2026-05-08 13:00:00-04:00,42.7700,42.798,no
KXHYPE15M-26MAY081245,Target Price: $42.8745,2026-05-08 12:30:00-04:00,2026-05-08 12:45:00-04:00,42.7980,42.8745,no
KXHYPE15M-26MAY081230,Target Price: $42.9445,2026-05-08 12:15:00-04:00,2026-05-08 12:30:00-04:00,42.8745,42.9445,no
KXHYPE15M-26MAY081215,Target Price: $43.0575,2026-05-08 12:00:00-04:00,2026-05-08 12:15:00-04:00,42.9445,43.0575,no
KXHYPE15M-26MAY081200,Target Price: $42.9508,2026-05-08 11:45:00-04:00,2026-05-08 12:00:00-04:00,43.0575,42.9508,yes
KXHYPE15M-26MAY081145,Target Price: $42.5435,2026-05-08 11:30:00-04:00,2026-05-08 11:45:00-04:00,42.9508,42.5435,yes
KXHYPE15M-26MAY081130,Target Price: $42.5414,2026-05-08 11:15:00-04:00,2026-05-08 11:30:00-04:00,42.5435,42.5414,yes
KXHYPE15M-26MAY081115,Target Price: $42.7751,2026-05-08 11:00:00-04:00,2026-05-08 11:15:00-04:00,42.5414,42.7751,no
KXHYPE15M-26MAY081100,Target Price: $42.8714,2026-05-08 10:45:00-04:00,2026-05-08 11:00:00-04:00,42.7751,42.8714,no
KXHYPE15M-26MAY081045,Target Price: $42.7287,2026-05-08 10:30:00-04:00,2026-05-08 10:45:00-04:00,42.8714,42.7287,yes
KXHYPE15M-26MAY081030,Target Price: $42.4162,2026-05-08 10:15:00-04:00,2026-05-08 10:30:00-04:00,42.7287,42.4162,yes
KXHYPE15M-26MAY081015,Target Price: $42.3809,2026-05-08 10:00:00-04:00,2026-05-08 10:15:00-04:00,42.4162,42.3809,yes
KXHYPE15M-26MAY081000,Target Price: $42.2777,2026-05-08 09:45:00-04:00,2026-05-08 10:00:00-04:00,42.3809,42.2777,yes
KXHYPE15M-26MAY080945,Target Price: $42.3423,2026-05-08 09:30:00-04:00,2026-05-08 09:45:00-04:00,42.2777,42.3423,no
KXHYPE15M-26MAY080930,Target Price: $42.4801,2026-05-08 09:15:00-04:00,2026-05-08 09:30:00-04:00,42.3423,42.4801,no
KXHYPE15M-26MAY080915,Target Price: $42.4850,2026-05-08 09:00:00-04:00,2026-05-08 09:15:00-04:00,42.4801,42.485,no
KXHYPE15M-26MAY080900,Target Price: $42.6411,2026-05-08 08:45:00-04:00,2026-05-08 09:00:00-04:00,42.4850,42.6411,no
KXHYPE15M-26MAY080845,Target Price: $42.6890,2026-05-08 08:30:00-04:00,2026-05-08 08:45:00-04:00,42.6411,42.689,no
KXHYPE15M-26MAY080830,Target Price: $42.5912,2026-05-08 08:15:00-04:00,2026-05-08 08:30:00-04:00,42.6890,42.5912,yes
KXHYPE15M-26MAY080815,Target Price: $42.5354,2026-05-08 08:00:00-04:00,2026-05-08 08:15:00-04:00,42.5912,42.5354,yes
KXHYPE15M-26MAY080800,Target Price: $42.4864,2026-05-08 07:45:00-04:00,2026-05-08 08:00:00-04:00,42.5354,42.4864,yes
KXHYPE15M-26MAY080745,Target Price: $42.4940,2026-05-08 07:30:00-04:00,2026-05-08 07:45:00-04:00,42.4864,42.494,no
KXHYPE15M-26MAY080730,Target Price: $42.3955,2026-05-08 07:15:00-04:00,2026-05-08 07:30:00-04:00,42.4940,42.3955,yes
KXHYPE15M-26MAY080715,Target Price: $42.5187,2026-05-08 07:00:00-04:00,2026-05-08 07:15:00-04:00,42.3955,42.5187,no
KXHYPE15M-26MAY080700,Target Price: $42.5749,2026-05-08 06:45:00-04:00,2026-05-08 07:00:00-04:00,42.5187,42.5749,no
KXHYPE15M-26MAY080645,Target Price: $42.5244,2026-05-08 06:30:00-04:00,2026-05-08 06:45:00-04:00,42.5749,42.5244,yes
KXHYPE15M-26MAY080630,Target Price: $42.5083,2026-05-08 06:15:00-04:00,2026-05-08 06:30:00-04:00,42.5244,42.5083,yes
KXHYPE15M-26MAY080615,Target Price: $42.6519,2026-05-08 06:00:00-04:00,2026-05-08 06:15:00-04:00,42.5083,42.6519,no
KXHYPE15M-26MAY080600,Target Price: $42.5773,2026-05-08 05:45:00-04:00,2026-05-08 06:00:00-04:00,42.6519,42.5773,yes
KXHYPE15M-26MAY080545,Target Price: $42.7725,2026-05-08 05:30:00-04:00,2026-05-08 05:45:00-04:00,42.5773,42.7725,no
KXHYPE15M-26MAY080530,Target Price: $42.7776,2026-05-08 05:15:00-04:00,2026-05-08 05:30:00-04:00,42.7725,42.7776,no
KXHYPE15M-26MAY080515,Target Price: $42.4944,2026-05-08 05:00:00-04:00,2026-05-08 05:15:00-04:00,42.7776,42.4944,yes
KXHYPE15M-26MAY080500,Target Price: $42.6974,2026-05-08 04:45:00-04:00,2026-05-08 05:00:00-04:00,42.4944,42.6974,no
KXHYPE15M-26MAY080445,Target Price: $42.7589,2026-05-08 04:30:00-04:00,2026-05-08 04:45:00-04:00,42.6974,42.7589,no
KXHYPE15M-26MAY080430,Target Price: $42.8512,2026-05-08 04:15:00-04:00,2026-05-08 04:30:00-04:00,42.7589,42.8512,no
KXHYPE15M-26MAY080415,Target Price: $42.6881,2026-05-08 04:00:00-04:00,2026-05-08 04:15:00-04:00,42.8512,42.6881,yes
KXHYPE15M-26MAY080400,Target Price: $42.5419,2026-05-08 03:45:00-04:00,2026-05-08 04:00:00-04:00,42.6881,42.5419,yes
KXHYPE15M-26MAY080345,Target Price: $42.2902,2026-05-08 03:30:00-04:00,2026-05-08 03:45:00-04:00,42.5419,42.2902,yes
KXHYPE15M-26MAY080330,Target Price: $42.2744,2026-05-08 03:15:00-04:00,2026-05-08 03:30:00-04:00,42.2902,42.2744,yes
KXHYPE15M-26MAY080315,Target Price: $42.2959,2026-05-08 03:00:00-04:00,2026-05-08 03:15:00-04:00,42.2744,42.2959,no
KXHYPE15M-26MAY080300,Target Price: $42.3114,2026-05-08 02:45:00-04:00,2026-05-08 03:00:00-04:00,42.2959,42.3114,no
KXHYPE15M-26MAY080245,Target Price: $42.3222,2026-05-08 02:30:00-04:00,2026-05-08 02:45:00-04:00,42.3114,42.3222,no
KXHYPE15M-26MAY080230,Target Price: $42.3515,2026-05-08 02:15:00-04:00,2026-05-08 02:30:00-04:00,42.3222,42.3515,no
KXHYPE15M-26MAY080215,Target Price: $42.3031,2026-05-08 02:00:00-04:00,2026-05-08 02:15:00-04:00,42.3515,42.3031,yes
KXHYPE15M-26MAY080200,Target Price: $42.3986,2026-05-08 01:45:00-04:00,2026-05-08 02:00:00-04:00,42.3031,42.3986,no
KXHYPE15M-26MAY080145,Target Price: $42.2530,2026-05-08 01:30:00-04:00,2026-05-08 01:45:00-04:00,42.3986,42.253,yes
KXHYPE15M-26MAY080130,Target Price: $42.1880,2026-05-08 01:15:00-04:00,2026-05-08 01:30:00-04:00,42.2530,42.188,yes
KXHYPE15M-26MAY080115,Target Price: $42.1241,2026-05-08 01:00:00-04:00,2026-05-08 01:15:00-04:00,42.1880,42.1241,yes
KXHYPE15M-26MAY080100,Target Price: $42.1052,2026-05-08 00:45:00-04:00,2026-05-08 01:00:00-04:00,42.1241,42.1052,yes
KXHYPE15M-26MAY080045,Target Price: $42.3026,2026-05-08 00:30:00-04:00,2026-05-08 00:45:00-04:00,42.1052,42.3026,no
KXHYPE15M-26MAY080030,Target Price: $42.3671,2026-05-08 00:15:00-04:00,2026-05-08 00:30:00-04:00,42.3026,42.3671,no
KXHYPE15M-26MAY080015,Target Price: $42.2570,2026-05-08 00:00:00-04:00,2026-05-08 00:15:00-04:00,42.3671,42.257,yes
KXHYPE15M-26MAY080000,Target Price: $42.3405,2026-05-07 23:45:00-04:00,2026-05-08 00:00:00-04:00,42.2570,42.3405,no
KXHYPE15M-26MAY072345,Target Price: $42.3751,2026-05-07 23:30:00-04:00,2026-05-07 23:45:00-04:00,42.3405,42.3751,no
KXHYPE15M-26MAY072330,Target Price: $42.2443,2026-05-07 23:15:00-04:00,2026-05-07 23:30:00-04:00,42.3751,42.2443,yes
KXHYPE15M-26MAY072315,Target Price: $42.4230,2026-05-07 23:00:00-04:00,2026-05-07 23:15:00-04:00,42.2443,42.423,no
KXHYPE15M-26MAY072300,Target Price: $42.3903,2026-05-07 22:45:00-04:00,2026-05-07 23:00:00-04:00,42.4230,42.3903,yes
KXHYPE15M-26MAY072245,Target Price: $42.2775,2026-05-07 22:30:00-04:00,2026-05-07 22:45:00-04:00,42.3903,42.2775,yes
KXHYPE15M-26MAY072230,Target Price: $42.3067,2026-05-07 22:15:00-04:00,2026-05-07 22:30:00-04:00,42.2775,42.3067,no
KXHYPE15M-26MAY072215,Target Price: $42.4269,2026-05-07 22:00:00-04:00,2026-05-07 22:15:00-04:00,42.3067,42.4269,no
KXHYPE15M-26MAY072200,Target Price: $42.5231,2026-05-07 21:45:00-04:00,2026-05-07 22:00:00-04:00,42.4269,42.5231,no
KXHYPE15M-26MAY072145,Target Price: $42.5733,2026-05-07 21:30:00-04:00,2026-05-07 21:45:00-04:00,42.5231,42.5733,no
KXHYPE15M-26MAY072130,Target Price: $42.6089,2026-05-07 21:15:00-04:00,2026-05-07 21:30:00-04:00,42.5733,42.6089,no
KXHYPE15M-26MAY072115,Target Price: $42.5523,2026-05-07 21:00:00-04:00,2026-05-07 21:15:00-04:00,42.6089,42.5523,yes
KXHYPE15M-26MAY072100,Target Price: $42.5769,2026-05-07 20:45:00-04:00,2026-05-07 21:00:00-04:00,42.5523,42.5769,no
KXHYPE15M-26MAY072045,Target Price: $42.6510,2026-05-07 20:30:00-04:00,2026-05-07 20:45:00-04:00,42.5769,42.651,no
KXHYPE15M-26MAY072030,Target Price: $42.6121,2026-05-07 20:15:00-04:00,2026-05-07 20:30:00-04:00,42.6510,42.6121,yes
KXHYPE15M-26MAY072015,Target Price: $42.5078,2026-05-07 20:00:00-04:00,2026-05-07 20:15:00-04:00,42.6121,42.5078,yes
KXHYPE15M-26MAY072000,Target Price: $42.5256,2026-05-07 19:45:00-04:00,2026-05-07 20:00:00-04:00,42.5078,42.5256,no
KXHYPE15M-26MAY071945,Target Price: $42.4390,2026-05-07 19:30:00-04:00,2026-05-07 19:45:00-04:00,42.5256,42.439,yes
KXHYPE15M-26MAY071930,Target Price: $42.5112,2026-05-07 19:15:00-04:00,2026-05-07 19:30:00-04:00,42.4390,42.5112,no
KXHYPE15M-26MAY071915,Target Price: $42.4884,2026-05-07 19:00:00-04:00,2026-05-07 19:15:00-04:00,42.5112,42.4884,yes
KXHYPE15M-26MAY071900,Target Price: $42.4331,2026-05-07 18:45:00-04:00,2026-05-07 19:00:00-04:00,42.4884,42.4331,yes
KXHYPE15M-26MAY071845,Target Price: $42.6007,2026-05-07 18:30:00-04:00,2026-05-07 18:45:00-04:00,42.4331,42.6007,no
KXHYPE15M-26MAY071830,Target Price: $42.5616,2026-05-07 18:15:00-04:00,2026-05-07 18:30:00-04:00,42.6007,42.5616,yes
KXHYPE15M-26MAY071815,Target Price: $42.5185,2026-05-07 18:00:00-04:00,2026-05-07 18:15:00-04:00,42.5616,42.5185,yes
KXHYPE15M-26MAY071800,Target Price: $42.5465,2026-05-07 17:45:00-04:00,2026-05-07 18:00:00-04:00,42.5185,42.5465,no
KXHYPE15M-26MAY071745,Target Price: $42.5476,2026-05-07 17:30:00-04:00,2026-05-07 17:45:00-04:00,42.5465,42.5476,no
KXHYPE15M-26MAY071730,Target Price: $42.3685,2026-05-07 17:15:00-04:00,2026-05-07 17:30:00-04:00,42.5476,42.3685,yes
KXHYPE15M-26MAY071715,Target Price: $42.4695,2026-05-07 17:00:00-04:00,2026-05-07 17:15:00-04:00,42.3685,42.4695,no
KXHYPE15M-26MAY071700,Target Price: $42.3904,2026-05-07 16:45:00-04:00,2026-05-07 17:00:00-04:00,42.4695,42.3904,yes
KXHYPE15M-26MAY071645,Target Price: $42.4891,2026-05-07 16:30:00-04:00,2026-05-07 16:45:00-04:00,42.3904,42.4891,no
KXHYPE15M-26MAY071630,Target Price: $42.3721,2026-05-07 16:15:00-04:00,2026-05-07 16:30:00-04:00,42.4891,42.3721,yes
KXHYPE15M-26MAY071615,Target Price: $42.3092,2026-05-07 16:00:00-04:00,2026-05-07 16:15:00-04:00,42.3721,42.3092,yes
KXHYPE15M-26MAY071600,Target Price: $42.2549,2026-05-07 15:45:00-04:00,2026-05-07 16:00:00-04:00,42.3092,42.2549,yes
KXHYPE15M-26MAY071545,Target Price: $42.1532,2026-05-07 15:30:00-04:00,2026-05-07 15:45:00-04:00,42.2549,42.1532,yes
KXHYPE15M-26MAY071530,Target Price: $42.2332,2026-05-07 15:15:00-04:00,2026-05-07 15:30:00-04:00,42.1532,42.2332,no
KXHYPE15M-26MAY071515,Target Price: $42.2902,2026-05-07 15:00:00-04:00,2026-05-07 15:15:00-04:00,42.2332,42.2902,no
KXHYPE15M-26MAY071500,Target Price: $42.3878,2026-05-07 14:45:00-04:00,2026-05-07 15:00:00-04:00,42.2902,42.3878,no
KXHYPE15M-26MAY071445,Target Price: $42.3923,2026-05-07 14:30:00-04:00,2026-05-07 14:45:00-04:00,42.3878,42.3923,no
KXHYPE15M-26MAY071430,Target Price: $42.4435,2026-05-07 14:15:00-04:00,2026-05-07 14:30:00-04:00,42.3923,42.4435,no
KXHYPE15M-26MAY071415,Target Price: $42.3711,2026-05-07 14:00:00-04:00,2026-05-07 14:15:00-04:00,42.4435,42.3711,yes
KXHYPE15M-26MAY071400,Target Price: $42.2973,2026-05-07 13:45:00-04:00,2026-05-07 14:00:00-04:00,42.3711,42.2973,yes
KXHYPE15M-26MAY071345,Target Price: $42.1816,2026-05-07 13:30:00-04:00,2026-05-07 13:45:00-04:00,42.2973,42.1816,yes
KXHYPE15M-26MAY071330,Target Price: $42.2574,2026-05-07 13:15:00-04:00,2026-05-07 13:30:00-04:00,42.1816,42.2574,no
KXHYPE15M-26MAY071315,Target Price: $42.0501,2026-05-07 13:00:00-04:00,2026-05-07 13:15:00-04:00,42.2574,42.0501,yes
KXHYPE15M-26MAY071300,Target Price: $42.2150,2026-05-07 12:45:00-04:00,2026-05-07 13:00:00-04:00,42.0501,42.215,no
KXHYPE15M-26MAY071245,Target Price: $42.1979,2026-05-07 12:30:00-04:00,2026-05-07 12:45:00-04:00,42.2150,42.1979,yes
KXHYPE15M-26MAY071230,Target Price: $41.9652,2026-05-07 12:15:00-04:00,2026-05-07 12:30:00-04:00,42.1979,41.9652,yes
KXHYPE15M-26MAY071215,Target Price: $42.1137,2026-05-07 12:00:00-04:00,2026-05-07 12:15:00-04:00,41.9652,42.1137,no
KXHYPE15M-26MAY071200,Target Price: $42.3972,2026-05-07 11:45:00-04:00,2026-05-07 12:00:00-04:00,42.1137,42.3972,no
KXHYPE15M-26MAY071145,Target Price: $42.1270,2026-05-07 11:30:00-04:00,2026-05-07 11:45:00-04:00,42.3972,42.127,yes
KXHYPE15M-26MAY071130,Target Price: $42.3415,2026-05-07 11:15:00-04:00,2026-05-07 11:30:00-04:00,42.1270,42.3415,no
KXHYPE15M-26MAY071115,Target Price: $42.2592,2026-05-07 11:00:00-04:00,2026-05-07 11:15:00-04:00,42.3415,42.2592,yes
KXHYPE15M-26MAY071100,Target Price: $42.1566,2026-05-07 10:45:00-04:00,2026-05-07 11:00:00-04:00,42.2592,42.1566,yes
KXHYPE15M-26MAY071045,Target Price: $42.2586,2026-05-07 10:30:00-04:00,2026-05-07 10:45:00-04:00,42.1566,42.2586,no
KXHYPE15M-26MAY071030,Target Price: $42.5188,2026-05-07 10:15:00-04:00,2026-05-07 10:30:00-04:00,42.2586,42.5188,no
KXHYPE15M-26MAY071015,Target Price: $42.5440,2026-05-07 10:00:00-04:00,2026-05-07 10:15:00-04:00,42.5188,42.544,no
KXHYPE15M-26MAY071000,Target Price: $42.6528,2026-05-07 09:45:00-04:00,2026-05-07 10:00:00-04:00,42.5440,42.6528,no
KXHYPE15M-26MAY070945,Target Price: $42.8649,2026-05-07 09:30:00-04:00,2026-05-07 09:45:00-04:00,42.6528,42.8649,no
KXHYPE15M-26MAY070930,Target Price: $42.8787,2026-05-07 09:15:00-04:00,2026-05-07 09:30:00-04:00,42.8649,42.8787,no
KXHYPE15M-26MAY070915,Target Price: $43.1146,2026-05-07 09:00:00-04:00,2026-05-07 09:15:00-04:00,42.8787,43.1146,no
KXHYPE15M-26MAY070900,Target Price: $42.9873,2026-05-07 08:45:00-04:00,2026-05-07 09:00:00-04:00,43.1146,42.9873,yes
KXHYPE15M-26MAY070845,Target Price: $42.9107,2026-05-07 08:30:00-04:00,2026-05-07 08:45:00-04:00,42.9873,42.9107,yes
KXHYPE15M-26MAY070830,Target Price: $42.9704,2026-05-07 08:15:00-04:00,2026-05-07 08:30:00-04:00,42.9107,42.9704,no
KXHYPE15M-26MAY070815,Target Price: $42.7616,2026-05-07 08:00:00-04:00,2026-05-07 08:15:00-04:00,42.9704,42.7616,yes
KXHYPE15M-26MAY070800,Target Price: $42.8332,2026-05-07 07:45:00-04:00,2026-05-07 08:00:00-04:00,42.7616,42.8332,no
KXHYPE15M-26MAY070745,Target Price: $42.8884,2026-05-07 07:30:00-04:00,2026-05-07 07:45:00-04:00,42.8332,42.8884,no
KXHYPE15M-26MAY070730,Target Price: $42.8186,2026-05-07 07:15:00-04:00,2026-05-07 07:30:00-04:00,42.8884,42.8186,yes
KXHYPE15M-26MAY070715,Target Price: $42.7064,2026-05-07 07:00:00-04:00,2026-05-07 07:15:00-04:00,42.8186,42.7064,yes
KXHYPE15M-26MAY070700,Target Price: $42.6649,2026-05-07 06:45:00-04:00,2026-05-07 07:00:00-04:00,42.7064,42.6649,yes
KXHYPE15M-26MAY070645,Target Price: $42.5806,2026-05-07 06:30:00-04:00,2026-05-07 06:45:00-04:00,42.6649,42.5806,yes
KXHYPE15M-26MAY070630,Target Price: $42.8121,2026-05-07 06:15:00-04:00,2026-05-07 06:30:00-04:00,42.5806,42.8121,no
KXHYPE15M-26MAY070615,Target Price: $42.7966,2026-05-07 06:00:00-04:00,2026-05-07 06:15:00-04:00,42.8121,42.7966,yes
KXHYPE15M-26MAY070600,Target Price: $42.8034,2026-05-07 05:45:00-04:00,2026-05-07 06:00:00-04:00,42.7966,42.8034,no
KXHYPE15M-26MAY070545,Target Price: $42.8419,2026-05-07 05:30:00-04:00,2026-05-07 05:45:00-04:00,42.8034,42.8419,no
KXHYPE15M-26MAY070530,Target Price: $42.7992,2026-05-07 05:15:00-04:00,2026-05-07 05:30:00-04:00,42.8419,42.7992,yes
KXHYPE15M-26MAY070515,Target Price: $42.8444,2026-05-07 05:00:00-04:00,2026-05-07 05:15:00-04:00,42.7992,42.8444,no
KXHYPE15M-26MAY070200,Target Price: $42.8619,2026-05-07 01:45:00-04:00,2026-05-07 02:00:00-04:00,42.9299,42.8619,yes
KXHYPE15M-26MAY070145,Target Price: $42.7528,2026-05-07 01:30:00-04:00,2026-05-07 01:45:00-04:00,42.8619,42.7528,yes
KXHYPE15M-26MAY070130,Target Price: $42.7254,2026-05-07 01:15:00-04:00,2026-05-07 01:30:00-04:00,42.7528,42.7254,yes
KXHYPE15M-26MAY070115,Target Price: $42.6650,2026-05-07 01:00:00-04:00,2026-05-07 01:15:00-04:00,42.7254,42.665,yes
KXHYPE15M-26MAY070100,Target Price: $42.5714,2026-05-07 00:45:00-04:00,2026-05-07 01:00:00-04:00,42.6650,42.5714,yes
KXHYPE15M-26MAY070045,Target Price: $42.5546,2026-05-07 00:30:00-04:00,2026-05-07 00:45:00-04:00,42.5714,42.5546,yes
KXHYPE15M-26MAY070030,Target Price: $42.4856,2026-05-07 00:15:00-04:00,2026-05-07 00:30:00-04:00,42.5546,42.4856,yes
KXHYPE15M-26MAY070015,Target Price: $42.2774,2026-05-07 00:00:00-04:00,2026-05-07 00:15:00-04:00,42.4856,42.2774,yes
KXHYPE15M-26MAY070000,Target Price: $42.3956,2026-05-06 23:45:00-04:00,2026-05-07 00:00:00-04:00,42.2774,42.3956,no
KXHYPE15M-26MAY062345,Target Price: $42.3702,2026-05-06 23:30:00-04:00,2026-05-06 23:45:00-04:00,42.3956,42.3702,yes
KXHYPE15M-26MAY062330,Target Price: $42.4452,2026-05-06 23:15:00-04:00,2026-05-06 23:30:00-04:00,42.3702,42.4452,no
KXHYPE15M-26MAY062315,Target Price: $42.5434,2026-05-06 23:00:00-04:00,2026-05-06 23:15:00-04:00,42.4452,42.5434,no
KXHYPE15M-26MAY062300,Target Price: $42.5600,2026-05-06 22:45:00-04:00,2026-05-06 23:00:00-04:00,42.5434,42.56,no
KXHYPE15M-26MAY062245,Target Price: $42.6588,2026-05-06 22:30:00-04:00,2026-05-06 22:45:00-04:00,42.5600,42.6588,no
KXHYPE15M-26MAY062230,Target Price: $42.6573,2026-05-06 22:15:00-04:00,2026-05-06 22:30:00-04:00,42.6588,42.6573,yes
KXHYPE15M-26MAY062215,Target Price: $42.6809,2026-05-06 22:00:00-04:00,2026-05-06 22:15:00-04:00,42.6573,42.6809,no
KXHYPE15M-26MAY062200,Target Price: $42.7840,2026-05-06 21:45:00-04:00,2026-05-06 22:00:00-04:00,42.6809,42.784,no
KXHYPE15M-26MAY062145,Target Price: $42.8917,2026-05-06 21:30:00-04:00,2026-05-06 21:45:00-04:00,42.7840,42.8917,no
KXHYPE15M-26MAY062130,Target Price: $42.9038,2026-05-06 21:15:00-04:00,2026-05-06 21:30:00-04:00,42.8917,42.9038,no
KXHYPE15M-26MAY062115,Target Price: $42.8847,2026-05-06 21:00:00-04:00,2026-05-06 21:15:00-04:00,42.9038,42.8847,yes
KXHYPE15M-26MAY062100,Target Price: $42.8335,2026-05-06 20:45:00-04:00,2026-05-06 21:00:00-04:00,42.8847,42.8335,yes
KXHYPE15M-26MAY062045,Target Price: $42.9479,2026-05-06 20:30:00-04:00,2026-05-06 20:45:00-04:00,42.8335,42.9479,no
KXHYPE15M-26MAY062030,Target Price: $42.9974,2026-05-06 20:15:00-04:00,2026-05-06 20:30:00-04:00,42.9479,42.9974,no
KXHYPE15M-26MAY062015,Target Price: $43.0786,2026-05-06 20:00:00-04:00,2026-05-06 20:15:00-04:00,42.9974,43.0786,no
KXHYPE15M-26MAY062000,Target Price: $42.9981,2026-05-06 19:45:00-04:00,2026-05-06 20:00:00-04:00,43.0786,42.9981,yes
KXHYPE15M-26MAY061945,Target Price: $42.9951,2026-05-06 19:30:00-04:00,2026-05-06 19:45:00-04:00,42.9981,42.9951,yes
KXHYPE15M-26MAY061930,Target Price: $42.9934,2026-05-06 19:15:00-04:00,2026-05-06 19:30:00-04:00,42.9951,42.9934,yes
KXHYPE15M-26MAY061915,Target Price: $42.9846,2026-05-06 19:00:00-04:00,2026-05-06 19:15:00-04:00,42.9934,42.9846,yes
KXHYPE15M-26MAY061900,Target Price: $43.0853,2026-05-06 18:45:00-04:00,2026-05-06 19:00:00-04:00,42.9846,43.0853,no
KXHYPE15M-26MAY061845,Target Price: $43.0355,2026-05-06 18:30:00-04:00,2026-05-06 18:45:00-04:00,43.0853,43.0355,yes
KXHYPE15M-26MAY061830,Target Price: $43.0853,2026-05-06 18:15:00-04:00,2026-05-06 18:30:00-04:00,43.0355,43.0853,no
KXHYPE15M-26MAY061815,Target Price: $43.2055,2026-05-06 18:00:00-04:00,2026-05-06 18:15:00-04:00,43.0853,43.2055,no
KXHYPE15M-26MAY061800,Target Price: $43.3201,2026-05-06 17:45:00-04:00,2026-05-06 18:00:00-04:00,43.2055,43.3201,no
KXHYPE15M-26MAY061745,Target Price: $43.2323,2026-05-06 17:30:00-04:00,2026-05-06 17:45:00-04:00,43.3201,43.2323,yes
KXHYPE15M-26MAY061730,Target Price: $43.0938,2026-05-06 17:15:00-04:00,2026-05-06 17:30:00-04:00,43.2323,43.0938,yes
KXHYPE15M-26MAY061715,Target Price: $43.1441,2026-05-06 17:00:00-04:00,2026-05-06 17:15:00-04:00,43.0938,43.1441,no
KXHYPE15M-26MAY061700,Target Price: $43.1803,2026-05-06 16:45:00-04:00,2026-05-06 17:00:00-04:00,43.1441,43.1803,no
KXHYPE15M-26MAY061645,Target Price: $43.3809,2026-05-06 16:30:00-04:00,2026-05-06 16:45:00-04:00,43.1803,43.3809,no
KXHYPE15M-26MAY061630,Target Price: $43.3866,2026-05-06 16:15:00-04:00,2026-05-06 16:30:00-04:00,43.3809,43.3866,no
KXHYPE15M-26MAY061615,Target Price: $43.2476,2026-05-06 16:00:00-04:00,2026-05-06 16:15:00-04:00,43.3866,43.2476,yes
KXHYPE15M-26MAY061600,Target Price: $43.2398,2026-05-06 15:45:00-04:00,2026-05-06 16:00:00-04:00,43.2476,43.2398,yes
KXHYPE15M-26MAY061545,Target Price: $43.2589,2026-05-06 15:30:00-04:00,2026-05-06 15:45:00-04:00,43.2398,43.2589,no
KXHYPE15M-26MAY061530,Target Price: $43.2135,2026-05-06 15:15:00-04:00,2026-05-06 15:30:00-04:00,43.2589,43.2135,yes
KXHYPE15M-26MAY061515,Target Price: $43.1512,2026-05-06 15:00:00-04:00,2026-05-06 15:15:00-04:00,43.2135,43.1512,yes
KXHYPE15M-26MAY061500,Target Price: $43.1876,2026-05-06 14:45:00-04:00,2026-05-06 15:00:00-04:00,43.1512,43.1876,no
KXHYPE15M-26MAY061445,Target Price: $43.1747,2026-05-06 14:30:00-04:00,2026-05-06 14:45:00-04:00,43.1876,43.1747,yes
KXHYPE15M-26MAY061430,Target Price: $43.0604,2026-05-06 14:15:00-04:00,2026-05-06 14:30:00-04:00,43.1747,43.0604,yes
KXHYPE15M-26MAY061415,Target Price: $43.0212,2026-05-06 14:00:00-04:00,2026-05-06 14:15:00-04:00,43.0604,43.0212,yes
KXHYPE15M-26MAY061400,Target Price: $43.1668,2026-05-06 13:45:00-04:00,2026-05-06 14:00:00-04:00,43.0212,43.1668,no
KXHYPE15M-26MAY061345,Target Price: $43.1240,2026-05-06 13:30:00-04:00,2026-05-06 13:45:00-04:00,43.1668,43.124,yes
KXHYPE15M-26MAY061330,Target Price: $43.1405,2026-05-06 13:15:00-04:00,2026-05-06 13:30:00-04:00,43.1240,43.1405,no
KXHYPE15M-26MAY061315,Target Price: $43.3346,2026-05-06 13:00:00-04:00,2026-05-06 13:15:00-04:00,43.1405,43.3346,no
KXHYPE15M-26MAY061300,Target Price: $43.4657,2026-05-06 12:45:00-04:00,2026-05-06 13:00:00-04:00,43.3346,43.4657,no
KXHYPE15M-26MAY061245,Target Price: $43.5221,2026-05-06 12:30:00-04:00,2026-05-06 12:45:00-04:00,43.4657,43.5221,no
KXHYPE15M-26MAY061230,Target Price: $43.6493,2026-05-06 12:15:00-04:00,2026-05-06 12:30:00-04:00,43.5221,43.6493,no
KXHYPE15M-26MAY061215,Target Price: $43.5283,2026-05-06 12:00:00-04:00,2026-05-06 12:15:00-04:00,43.6493,43.5283,yes
KXHYPE15M-26MAY061200,Target Price: $43.3849,2026-05-06 11:45:00-04:00,2026-05-06 12:00:00-04:00,43.5283,43.3849,yes
KXHYPE15M-26MAY061145,Target Price: $43.4990,2026-05-06 11:30:00-04:00,2026-05-06 11:45:00-04:00,43.3849,43.499,no
KXHYPE15M-26MAY061130,Target Price: $43.3395,2026-05-06 11:15:00-04:00,2026-05-06 11:30:00-04:00,43.4990,43.3395,yes
KXHYPE15M-26MAY061115,Target Price: $43.6323,2026-05-06 11:00:00-04:00,2026-05-06 11:15:00-04:00,43.3395,43.6323,no
KXHYPE15M-26MAY061100,Target Price: $43.7066,2026-05-06 10:45:00-04:00,2026-05-06 11:00:00-04:00,43.6323,43.7066,no
KXHYPE15M-26MAY061045,Target Price: $43.6407,2026-05-06 10:30:00-04:00,2026-05-06 10:45:00-04:00,43.7066,43.6407,yes
KXHYPE15M-26MAY061030,Target Price: $43.6833,2026-05-06 10:15:00-04:00,2026-05-06 10:30:00-04:00,43.6407,43.6833,no
KXHYPE15M-26MAY061015,Target Price: $43.9373,2026-05-06 10:00:00-04:00,2026-05-06 10:15:00-04:00,43.6833,43.9373,no
KXHYPE15M-26MAY061000,Target Price: $44.1674,2026-05-06 09:45:00-04:00,2026-05-06 10:00:00-04:00,43.9373,44.1674,no
KXHYPE15M-26MAY060945,Target Price: $44.1843,2026-05-06 09:30:00-04:00,2026-05-06 09:45:00-04:00,44.1674,44.1843,no
KXHYPE15M-26MAY060930,Target Price: $44.3208,2026-05-06 09:15:00-04:00,2026-05-06 09:30:00-04:00,44.1843,44.3208,no
KXHYPE15M-26MAY060915,Target Price: $44.3774,2026-05-06 09:00:00-04:00,2026-05-06 09:15:00-04:00,44.3208,44.3774,no
KXHYPE15M-26MAY060900,Target Price: $44.3620,2026-05-06 08:45:00-04:00,2026-05-06 09:00:00-04:00,44.3774,44.362,yes
KXHYPE15M-26MAY060845,Target Price: $44.3575,2026-05-06 08:30:00-04:00,2026-05-06 08:45:00-04:00,44.3620,44.3575,yes
KXHYPE15M-26MAY060830,Target Price: $44.4415,2026-05-06 08:15:00-04:00,2026-05-06 08:30:00-04:00,44.3575,44.4415,no
KXHYPE15M-26MAY060815,Target Price: $44.6397,2026-05-06 08:00:00-04:00,2026-05-06 08:15:00-04:00,44.4415,44.6397,no
KXHYPE15M-26MAY060800,Target Price: $44.4350,2026-05-06 07:45:00-04:00,2026-05-06 08:00:00-04:00,44.6397,44.435,yes
KXHYPE15M-26MAY060745,Target Price: $44.5165,2026-05-06 07:30:00-04:00,2026-05-06 07:45:00-04:00,44.4350,44.5165,no
KXHYPE15M-26MAY060730,Target Price: $44.4392,2026-05-06 07:15:00-04:00,2026-05-06 07:30:00-04:00,44.5165,44.4392,yes
KXHYPE15M-26MAY060715,Target Price: $44.4202,2026-05-06 07:00:00-04:00,2026-05-06 07:15:00-04:00,44.4392,44.4202,yes
KXHYPE15M-26MAY060700,Target Price: $44.3346,2026-05-06 06:45:00-04:00,2026-05-06 07:00:00-04:00,44.4202,44.3346,yes
KXHYPE15M-26MAY060645,Target Price: $44.3096,2026-05-06 06:30:00-04:00,2026-05-06 06:45:00-04:00,44.3346,44.3096,yes
KXHYPE15M-26MAY060630,Target Price: $44.1840,2026-05-06 06:15:00-04:00,2026-05-06 06:30:00-04:00,44.3096,44.184,yes
KXHYPE15M-26MAY060615,Target Price: $44.0560,2026-05-06 06:00:00-04:00,2026-05-06 06:15:00-04:00,44.1840,44.056,yes
KXHYPE15M-26MAY060600,Target Price: $44.0321,2026-05-06 05:45:00-04:00,2026-05-06 06:00:00-04:00,44.0560,44.0321,yes
KXHYPE15M-26MAY060545,Target Price: $43.8707,2026-05-06 05:30:00-04:00,2026-05-06 05:45:00-04:00,44.0321,43.8707,yes
KXHYPE15M-26MAY060530,Target Price: $43.9358,2026-05-06 05:15:00-04:00,2026-05-06 05:30:00-04:00,43.8707,43.9358,no
KXHYPE15M-26MAY060515,Target Price: $44.3278,2026-05-06 05:00:00-04:00,2026-05-06 05:15:00-04:00,43.9358,44.3278,no
KXHYPE15M-26MAY060500,Target Price: $44.3134,2026-05-06 04:45:00-04:00,2026-05-06 05:00:00-04:00,44.3278,44.3134,yes
KXHYPE15M-26MAY060445,Target Price: $44.2994,2026-05-06 04:30:00-04:00,2026-05-06 04:45:00-04:00,44.3134,44.2994,yes
KXHYPE15M-26MAY060430,Target Price: $44.3241,2026-05-06 04:15:00-04:00,2026-05-06 04:30:00-04:00,44.2994,44.3241,no
KXHYPE15M-26MAY060415,Target Price: $44.3812,2026-05-06 04:00:00-04:00,2026-05-06 04:15:00-04:00,44.3241,44.3812,no
KXHYPE15M-26MAY060400,Target Price: $44.3417,2026-05-06 03:45:00-04:00,2026-05-06 04:00:00-04:00,44.3812,44.3417,yes
KXHYPE15M-26MAY060345,Target Price: $44.3445,2026-05-06 03:30:00-04:00,2026-05-06 03:45:00-04:00,44.3417,44.3445,no
KXHYPE15M-26MAY060330,Target Price: $44.3103,2026-05-06 03:15:00-04:00,2026-05-06 03:30:00-04:00,44.3445,44.3103,yes
KXHYPE15M-26MAY060315,Target Price: $44.2833,2026-05-06 03:00:00-04:00,2026-05-06 03:15:00-04:00,44.3103,44.2833,yes
KXHYPE15M-26MAY060300,Target Price: $44.1165,2026-05-06 02:45:00-04:00,2026-05-06 03:00:00-04:00,44.2833,44.1165,yes
KXHYPE15M-26MAY060245,Target Price: $44.1514,2026-05-06 02:30:00-04:00,2026-05-06 02:45:00-04:00,44.1165,44.1514,no
KXHYPE15M-26MAY060230,Target Price: $44.0108,2026-05-06 02:15:00-04:00,2026-05-06 02:30:00-04:00,44.1514,44.0108,yes
KXHYPE15M-26MAY060215,Target Price: $44.0423,2026-05-06 02:00:00-04:00,2026-05-06 02:15:00-04:00,44.0108,44.0423,no
KXHYPE15M-26MAY060200,Target Price: $44.0950,2026-05-06 01:45:00-04:00,2026-05-06 02:00:00-04:00,44.0423,44.095,no
KXHYPE15M-26MAY060145,Target Price: $44.1244,2026-05-06 01:30:00-04:00,2026-05-06 01:45:00-04:00,44.0950,44.1244,no
KXHYPE15M-26MAY060130,Target Price: $44.0315,2026-05-06 01:15:00-04:00,2026-05-06 01:30:00-04:00,44.1244,44.0315,yes
KXHYPE15M-26MAY060115,Target Price: $43.9735,2026-05-06 01:00:00-04:00,2026-05-06 01:15:00-04:00,44.0315,43.9735,yes
KXHYPE15M-26MAY060100,Target Price: $43.8821,2026-05-06 00:45:00-04:00,2026-05-06 01:00:00-04:00,43.9735,43.8821,yes
KXHYPE15M-26MAY060045,Target Price: $43.8429,2026-05-06 00:30:00-04:00,2026-05-06 00:45:00-04:00,43.8821,43.8429,yes
KXHYPE15M-26MAY060030,Target Price: $44.0483,2026-05-06 00:15:00-04:00,2026-05-06 00:30:00-04:00,43.8429,44.0483,no
KXHYPE15M-26MAY060015,Target Price: $44.1732,2026-05-06 00:00:00-04:00,2026-05-06 00:15:00-04:00,44.0483,44.1732,no
KXHYPE15M-26MAY060000,Target Price: $44.0468,2026-05-05 23:45:00-04:00,2026-05-06 00:00:00-04:00,44.1732,44.0468,yes
KXHYPE15M-26MAY052345,Target Price: $44.1250,2026-05-05 23:30:00-04:00,2026-05-05 23:45:00-04:00,44.0468,44.125,no
KXHYPE15M-26MAY052330,Target Price: $44.0235,2026-05-05 23:15:00-04:00,2026-05-05 23:30:00-04:00,44.1250,44.0235,yes
KXHYPE15M-26MAY052315,Target Price: $43.9664,2026-05-05 23:00:00-04:00,2026-05-05 23:15:00-04:00,44.0235,43.9664,yes
KXHYPE15M-26MAY052300,Target Price: $43.8265,2026-05-05 22:45:00-04:00,2026-05-05 23:00:00-04:00,43.9664,43.8265,yes
KXHYPE15M-26MAY052245,Target Price: $43.8704,2026-05-05 22:30:00-04:00,2026-05-05 22:45:00-04:00,43.8265,43.8704,no
KXHYPE15M-26MAY052230,Target Price: $44.0096,2026-05-05 22:15:00-04:00,2026-05-05 22:30:00-04:00,43.8704,44.0096,no
KXHYPE15M-26MAY052215,Target Price: $44.0003,2026-05-05 22:00:00-04:00,2026-05-05 22:15:00-04:00,44.0096,44.0003,yes
KXHYPE15M-26MAY052200,Target Price: $43.9784,2026-05-05 21:45:00-04:00,2026-05-05 22:00:00-04:00,44.0003,43.9784,yes
KXHYPE15M-26MAY052145,Target Price: $43.9605,2026-05-05 21:30:00-04:00,2026-05-05 21:45:00-04:00,43.9784,43.9605,yes
KXHYPE15M-26MAY052130,Target Price: $43.8040,2026-05-05 21:15:00-04:00,2026-05-05 21:30:00-04:00,43.9605,43.804,yes
KXHYPE15M-26MAY052115,Target Price: $43.7361,2026-05-05 21:00:00-04:00,2026-05-05 21:15:00-04:00,43.8040,43.7361,yes
KXHYPE15M-26MAY052100,Target Price: $43.7987,2026-05-05 20:45:00-04:00,2026-05-05 21:00:00-04:00,43.7361,43.7987,no
KXHYPE15M-26MAY052045,Target Price: $43.8386,2026-05-05 20:30:00-04:00,2026-05-05 20:45:00-04:00,43.7987,43.8386,no
KXHYPE15M-26MAY052030,Target Price: $43.8230,2026-05-05 20:15:00-04:00,2026-05-05 20:30:00-04:00,43.8386,43.823,yes
KXHYPE15M-26MAY052015,Target Price: $43.7118,2026-05-05 20:00:00-04:00,2026-05-05 20:15:00-04:00,43.8230,43.7118,yes
KXHYPE15M-26MAY052000,Target Price: $43.6948,2026-05-05 19:45:00-04:00,2026-05-05 20:00:00-04:00,43.7118,43.6948,yes
KXHYPE15M-26MAY051945,Target Price: $43.7313,2026-05-05 19:30:00-04:00,2026-05-05 19:45:00-04:00,43.6948,43.7313,no
KXHYPE15M-26MAY051930,Target Price: $43.9879,2026-05-05 19:15:00-04:00,2026-05-05 19:30:00-04:00,43.7313,43.9879,no
KXHYPE15M-26MAY051915,Target Price: $44.2250,2026-05-05 19:00:00-04:00,2026-05-05 19:15:00-04:00,43.9879,44.225,no
KXHYPE15M-26MAY051900,Target Price: $44.1569,2026-05-05 18:45:00-04:00,2026-05-05 19:00:00-04:00,44.2250,44.1569,yes
KXHYPE15M-26MAY051845,Target Price: $44.4834,2026-05-05 18:30:00-04:00,2026-05-05 18:45:00-04:00,44.1569,44.4834,no
KXHYPE15M-26MAY051830,Target Price: $44.3575,2026-05-05 18:15:00-04:00,2026-05-05 18:30:00-04:00,44.4834,44.3575,yes
KXHYPE15M-26MAY051815,Target Price: $44.2628,2026-05-05 18:00:00-04:00,2026-05-05 18:15:00-04:00,44.3575,44.2628,yes
KXHYPE15M-26MAY051800,Target Price: $44.2712,2026-05-05 17:45:00-04:00,2026-05-05 18:00:00-04:00,44.2628,44.2712,no
KXHYPE15M-26MAY051745,Target Price: $44.2921,2026-05-05 17:30:00-04:00,2026-05-05 17:45:00-04:00,44.2712,44.2921,no
KXHYPE15M-26MAY051730,Target Price: $44.5438,2026-05-05 17:15:00-04:00,2026-05-05 17:30:00-04:00,44.2921,44.5438,no
KXHYPE15M-26MAY051715,Target Price: $44.3923,2026-05-05 17:00:00-04:00,2026-05-05 17:15:00-04:00,44.5438,44.3923,yes
KXHYPE15M-26MAY051700,Target Price: $44.4841,2026-05-05 16:45:00-04:00,2026-05-05 17:00:00-04:00,44.3923,44.4841,no
KXHYPE15M-26MAY051645,Target Price: $44.3219,2026-05-05 16:30:00-04:00,2026-05-05 16:45:00-04:00,44.4841,44.3219,yes
KXHYPE15M-26MAY051630,Target Price: $44.2085,2026-05-05 16:15:00-04:00,2026-05-05 16:30:00-04:00,44.3219,44.2085,yes
KXHYPE15M-26MAY051615,Target Price: $44.0669,2026-05-05 16:00:00-04:00,2026-05-05 16:15:00-04:00,44.2085,44.0669,yes
KXHYPE15M-26MAY051600,Target Price: $44.3455,2026-05-05 15:45:00-04:00,2026-05-05 16:00:00-04:00,44.0669,44.3455,no
KXHYPE15M-26MAY051545,Target Price: $44.3177,2026-05-05 15:30:00-04:00,2026-05-05 15:45:00-04:00,44.3455,44.3177,yes
KXHYPE15M-26MAY051530,Target Price: $44.2452,2026-05-05 15:15:00-04:00,2026-05-05 15:30:00-04:00,44.3177,44.2452,yes
KXHYPE15M-26MAY051515,Target Price: $44.3399,2026-05-05 15:00:00-04:00,2026-05-05 15:15:00-04:00,44.2452,44.3399,no
KXHYPE15M-26MAY051500,Target Price: $44.4431,2026-05-05 14:45:00-04:00,2026-05-05 15:00:00-04:00,44.3399,44.4431,no
KXHYPE15M-26MAY051445,Target Price: $44.4585,2026-05-05 14:30:00-04:00,2026-05-05 14:45:00-04:00,44.4431,44.4585,no
KXHYPE15M-26MAY051430,Target Price: $44.4790,2026-05-05 14:15:00-04:00,2026-05-05 14:30:00-04:00,44.4585,44.479,no
KXHYPE15M-26MAY051415,Target Price: $44.2945,2026-05-05 14:00:00-04:00,2026-05-05 14:15:00-04:00,44.4790,44.2945,yes
KXHYPE15M-26MAY051400,Target Price: $44.2952,2026-05-05 13:45:00-04:00,2026-05-05 14:00:00-04:00,44.2945,44.2952,no
KXHYPE15M-26MAY051345,Target Price: $44.3848,2026-05-05 13:30:00-04:00,2026-05-05 13:45:00-04:00,44.2952,44.3848,no
KXHYPE15M-26MAY051330,Target Price: $44.0198,2026-05-05 13:15:00-04:00,2026-05-05 13:30:00-04:00,44.3848,44.0198,yes
KXHYPE15M-26MAY051315,Target Price: $43.9687,2026-05-05 13:00:00-04:00,2026-05-05 13:15:00-04:00,44.0198,43.9687,yes
KXHYPE15M-26MAY051300,Target Price: $43.8959,2026-05-05 12:45:00-04:00,2026-05-05 13:00:00-04:00,43.9687,43.8959,yes
KXHYPE15M-26MAY051245,Target Price: $44.1029,2026-05-05 12:30:00-04:00,2026-05-05 12:45:00-04:00,43.8959,44.1029,no
KXHYPE15M-26MAY051230,Target Price: $44.1598,2026-05-05 12:15:00-04:00,2026-05-05 12:30:00-04:00,44.1029,44.1598,no
KXHYPE15M-26MAY051215,Target Price: $44.0295,2026-05-05 12:00:00-04:00,2026-05-05 12:15:00-04:00,44.1598,44.0295,yes
KXHYPE15M-26MAY051200,Target Price: $44.0742,2026-05-05 11:45:00-04:00,2026-05-05 12:00:00-04:00,44.0295,44.0742,no
KXHYPE15M-26MAY051145,Target Price: $43.8727,2026-05-05 11:30:00-04:00,2026-05-05 11:45:00-04:00,44.0742,43.8727,yes
KXHYPE15M-26MAY051130,Target Price: $44.1608,2026-05-05 11:15:00-04:00,2026-05-05 11:30:00-04:00,43.8727,44.1608,no
KXHYPE15M-26MAY051115,Target Price: $43.8673,2026-05-05 11:00:00-04:00,2026-05-05 11:15:00-04:00,44.1608,43.8673,yes
KXHYPE15M-26MAY051100,Target Price: $43.7708,2026-05-05 10:45:00-04:00,2026-05-05 11:00:00-04:00,43.8673,43.7708,yes
KXHYPE15M-26MAY051045,Target Price: $43.8781,2026-05-05 10:30:00-04:00,2026-05-05 10:45:00-04:00,43.7708,43.8781,no
KXHYPE15M-26MAY051030,Target Price: $43.8054,2026-05-05 10:15:00-04:00,2026-05-05 10:30:00-04:00,43.8781,43.8054,yes
KXHYPE15M-26MAY051015,Target Price: $43.6687,2026-05-05 10:00:00-04:00,2026-05-05 10:15:00-04:00,43.8054,43.6687,yes
KXHYPE15M-26MAY051000,Target Price: $43.9215,2026-05-05 09:45:00-04:00,2026-05-05 10:00:00-04:00,43.6687,43.9215,no
KXHYPE15M-26MAY050945,Target Price: $43.8322,2026-05-05 09:30:00-04:00,2026-05-05 09:45:00-04:00,43.9215,43.8322,yes
KXHYPE15M-26MAY050930,Target Price: $43.8443,2026-05-05 09:15:00-04:00,2026-05-05 09:30:00-04:00,43.8322,43.8443,no
KXHYPE15M-26MAY050915,Target Price: $43.7496,2026-05-05 09:00:00-04:00,2026-05-05 09:15:00-04:00,43.8443,43.7496,yes
KXHYPE15M-26MAY050900,Target Price: $43.7407,2026-05-05 08:45:00-04:00,2026-05-05 09:00:00-04:00,43.7496,43.7407,yes
KXHYPE15M-26MAY050845,Target Price: $43.8435,2026-05-05 08:30:00-04:00,2026-05-05 08:45:00-04:00,43.7407,43.8435,no
KXHYPE15M-26MAY050830,Target Price: $43.9364,2026-05-05 08:15:00-04:00,2026-05-05 08:30:00-04:00,43.8435,43.9364,no
KXHYPE15M-26MAY050815,Target Price: $43.8010,2026-05-05 08:00:00-04:00,2026-05-05 08:15:00-04:00,43.9364,43.801,yes
KXHYPE15M-26MAY050800,Target Price: $43.7080,2026-05-05 07:45:00-04:00,2026-05-05 08:00:00-04:00,43.8010,43.708,yes
KXHYPE15M-26MAY050745,Target Price: $43.7221,2026-05-05 07:30:00-04:00,2026-05-05 07:45:00-04:00,43.7080,43.7221,no
KXHYPE15M-26MAY050730,Target Price: $43.6891,2026-05-05 07:15:00-04:00,2026-05-05 07:30:00-04:00,43.7221,43.6891,yes
KXHYPE15M-26MAY050715,Target Price: $43.6763,2026-05-05 07:00:00-04:00,2026-05-05 07:15:00-04:00,43.6891,43.6763,yes
KXHYPE15M-26MAY050700,Target Price: $43.1442,2026-05-05 06:45:00-04:00,2026-05-05 07:00:00-04:00,43.6763,43.1442,yes
KXHYPE15M-26MAY050645,Target Price: $43.1225,2026-05-05 06:30:00-04:00,2026-05-05 06:45:00-04:00,43.1442,43.1225,yes
KXHYPE15M-26MAY050630,Target Price: $42.9570,2026-05-05 06:15:00-04:00,2026-05-05 06:30:00-04:00,43.1225,42.957,yes
KXHYPE15M-26MAY050615,Target Price: $42.9817,2026-05-05 06:00:00-04:00,2026-05-05 06:15:00-04:00,42.9570,42.9817,no
KXHYPE15M-26MAY050600,Target Price: $42.8550,2026-05-05 05:45:00-04:00,2026-05-05 06:00:00-04:00,42.9817,42.855,yes
KXHYPE15M-26MAY050545,Target Price: $43.1331,2026-05-05 05:30:00-04:00,2026-05-05 05:45:00-04:00,42.8550,43.1331,no
KXHYPE15M-26MAY050530,Target Price: $43.1339,2026-05-05 05:15:00-04:00,2026-05-05 05:30:00-04:00,43.1331,43.1339,no
KXHYPE15M-26MAY050515,Target Price: $43.1271,2026-05-05 05:00:00-04:00,2026-05-05 05:15:00-04:00,43.1339,43.1271,yes
KXHYPE15M-26MAY050500,Target Price: $42.9671,2026-05-05 04:45:00-04:00,2026-05-05 05:00:00-04:00,43.1271,42.9671,yes
KXHYPE15M-26MAY050445,Target Price: $42.9757,2026-05-05 04:30:00-04:00,2026-05-05 04:45:00-04:00,42.9671,42.9757,no
KXHYPE15M-26MAY050430,Target Price: $43.0575,2026-05-05 04:15:00-04:00,2026-05-05 04:30:00-04:00,42.9757,43.0575,no
KXHYPE15M-26MAY050415,Target Price: $43.2027,2026-05-05 04:00:00-04:00,2026-05-05 04:15:00-04:00,43.0575,43.2027,no
KXHYPE15M-26MAY050400,Target Price: $43.1781,2026-05-05 03:45:00-04:00,2026-05-05 04:00:00-04:00,43.2027,43.1781,yes
KXHYPE15M-26MAY050345,Target Price: $43.1778,2026-05-05 03:30:00-04:00,2026-05-05 03:45:00-04:00,43.1781,43.1778,yes
KXHYPE15M-26MAY050330,Target Price: $43.1868,2026-05-05 03:15:00-04:00,2026-05-05 03:30:00-04:00,43.1778,43.1868,no
KXHYPE15M-26MAY050315,Target Price: $43.1756,2026-05-05 03:00:00-04:00,2026-05-05 03:15:00-04:00,43.1868,43.1756,yes
KXHYPE15M-26MAY050300,Target Price: $43.0419,2026-05-05 02:45:00-04:00,2026-05-05 03:00:00-04:00,43.1756,43.0419,yes
KXHYPE15M-26MAY050245,Target Price: $42.8731,2026-05-05 02:30:00-04:00,2026-05-05 02:45:00-04:00,43.0419,42.8731,yes
KXHYPE15M-26MAY050230,Target Price: $42.7487,2026-05-05 02:15:00-04:00,2026-05-05 02:30:00-04:00,42.8731,42.7487,yes
KXHYPE15M-26MAY050215,Target Price: $42.8103,2026-05-05 02:00:00-04:00,2026-05-05 02:15:00-04:00,42.7487,42.8103,no
KXHYPE15M-26MAY050200,Target Price: $42.8731,2026-05-05 01:45:00-04:00,2026-05-05 02:00:00-04:00,42.8103,42.8731,no
KXHYPE15M-26MAY050145,Target Price: $42.5139,2026-05-05 01:30:00-04:00,2026-05-05 01:45:00-04:00,42.8731,42.5139,yes
KXHYPE15M-26MAY050130,Target Price: $42.4183,2026-05-05 01:15:00-04:00,2026-05-05 01:30:00-04:00,42.5139,42.4183,yes
KXHYPE15M-26MAY050115,Target Price: $42.5173,2026-05-05 01:00:00-04:00,2026-05-05 01:15:00-04:00,42.4183,42.5173,no
KXHYPE15M-26MAY050100,Target Price: $42.4269,2026-05-05 00:45:00-04:00,2026-05-05 01:00:00-04:00,42.5173,42.4269,yes
KXHYPE15M-26MAY050045,Target Price: $42.4006,2026-05-05 00:30:00-04:00,2026-05-05 00:45:00-04:00,42.4269,42.4006,yes
KXHYPE15M-26MAY050030,Target Price: $42.3000,2026-05-05 00:15:00-04:00,2026-05-05 00:30:00-04:00,42.4006,42.3,yes
KXHYPE15M-26MAY050015,Target Price: $42.4151,2026-05-05 00:00:00-04:00,2026-05-05 00:15:00-04:00,42.3000,42.4151,no
KXHYPE15M-26MAY050000,Target Price: $42.3926,2026-05-04 23:45:00-04:00,2026-05-05 00:00:00-04:00,42.4151,42.3926,yes
KXHYPE15M-26MAY042345,Target Price: $42.1773,2026-05-04 23:30:00-04:00,2026-05-04 23:45:00-04:00,42.3926,42.1773,yes
KXHYPE15M-26MAY042330,Target Price: $42.1162,2026-05-04 23:15:00-04:00,2026-05-04 23:30:00-04:00,42.1773,42.1162,yes
KXHYPE15M-26MAY042315,Target Price: $42.1022,2026-05-04 23:00:00-04:00,2026-05-04 23:15:00-04:00,42.1162,42.1022,yes
KXHYPE15M-26MAY042300,Target Price: $42.1931,2026-05-04 22:45:00-04:00,2026-05-04 23:00:00-04:00,42.1022,42.1931,no
KXHYPE15M-26MAY042245,Target Price: $42.0944,2026-05-04 22:30:00-04:00,2026-05-04 22:45:00-04:00,42.1931,42.0944,yes
KXHYPE15M-26MAY042230,Target Price: $42.2456,2026-05-04 22:15:00-04:00,2026-05-04 22:30:00-04:00,42.0944,42.2456,no
KXHYPE15M-26MAY042215,Target Price: $42.1394,2026-05-04 22:00:00-04:00,2026-05-04 22:15:00-04:00,42.2456,42.1394,yes
KXHYPE15M-26MAY042200,Target Price: $42.0447,2026-05-04 21:45:00-04:00,2026-05-04 22:00:00-04:00,42.1394,42.0447,yes
KXHYPE15M-26MAY042145,Target Price: $42.0956,2026-05-04 21:30:00-04:00,2026-05-04 21:45:00-04:00,42.0447,42.0956,no
KXHYPE15M-26MAY042130,Target Price: $42.0177,2026-05-04 21:15:00-04:00,2026-05-04 21:30:00-04:00,42.0956,42.0177,yes
KXHYPE15M-26MAY042115,Target Price: $42.0154,2026-05-04 21:00:00-04:00,2026-05-04 21:15:00-04:00,42.0177,42.0154,yes
KXHYPE15M-26MAY042100,Target Price: $41.9004,2026-05-04 20:45:00-04:00,2026-05-04 21:00:00-04:00,42.0154,41.9004,yes
KXHYPE15M-26MAY042045,Target Price: $41.7714,2026-05-04 20:30:00-04:00,2026-05-04 20:45:00-04:00,41.9004,41.7714,yes
KXHYPE15M-26MAY042030,Target Price: $41.8941,2026-05-04 20:15:00-04:00,2026-05-04 20:30:00-04:00,41.7714,41.8941,no
KXHYPE15M-26MAY042015,Target Price: $41.7722,2026-05-04 20:00:00-04:00,2026-05-04 20:15:00-04:00,41.8941,41.7722,yes
KXHYPE15M-26MAY042000,Target Price: $41.8278,2026-05-04 19:45:00-04:00,2026-05-04 20:00:00-04:00,41.7722,41.8278,no
KXHYPE15M-26MAY041945,Target Price: $41.9662,2026-05-04 19:30:00-04:00,2026-05-04 19:45:00-04:00,41.8278,41.9662,no
KXHYPE15M-26MAY041930,Target Price: $42.0363,2026-05-04 19:15:00-04:00,2026-05-04 19:30:00-04:00,41.9662,42.0363,no
KXHYPE15M-26MAY041915,Target Price: $42.0904,2026-05-04 19:00:00-04:00,2026-05-04 19:15:00-04:00,42.0363,42.0904,no
KXHYPE15M-26MAY041900,Target Price: $42.0955,2026-05-04 18:45:00-04:00,2026-05-04 19:00:00-04:00,42.0904,42.0955,no
KXHYPE15M-26MAY041845,Target Price: $42.2128,2026-05-04 18:30:00-04:00,2026-05-04 18:45:00-04:00,42.0955,42.2128,no
KXHYPE15M-26MAY041830,Target Price: $42.4146,2026-05-04 18:15:00-04:00,2026-05-04 18:30:00-04:00,42.2128,42.4146,no
KXHYPE15M-26MAY041815,Target Price: $42.2622,2026-05-04 18:00:00-04:00,2026-05-04 18:15:00-04:00,42.4146,42.2622,yes
KXHYPE15M-26MAY041800,Target Price: $41.9329,2026-05-04 17:45:00-04:00,2026-05-04 18:00:00-04:00,42.2622,41.9329,yes
KXHYPE15M-26MAY041745,Target Price: $41.8530,2026-05-04 17:30:00-04:00,2026-05-04 17:45:00-04:00,41.9329,41.853,yes
KXHYPE15M-26MAY041730,Target Price: $41.7042,2026-05-04 17:15:00-04:00,2026-05-04 17:30:00-04:00,41.8530,41.7042,yes
KXHYPE15M-26MAY041715,Target Price: $41.6448,2026-05-04 17:00:00-04:00,2026-05-04 17:15:00-04:00,41.7042,41.6448,yes
KXHYPE15M-26MAY041700,Target Price: $41.6259,2026-05-04 16:45:00-04:00,2026-05-04 17:00:00-04:00,41.6448,41.6259,yes
KXHYPE15M-26MAY041645,Target Price: $41.6007,2026-05-04 16:30:00-04:00,2026-05-04 16:45:00-04:00,41.6259,41.6007,yes
KXHYPE15M-26MAY041630,Target Price: $41.6562,2026-05-04 16:15:00-04:00,2026-05-04 16:30:00-04:00,41.6007,41.6562,no
KXHYPE15M-26MAY041615,Target Price: $41.5984,2026-05-04 16:00:00-04:00,2026-05-04 16:15:00-04:00,41.6562,41.5984,yes
KXHYPE15M-26MAY041600,Target price: TBD,2026-05-04 15:45:00-04:00,2026-05-04 16:00:00-04:00,41.5984,,yes
KXHYPE15M-26MAY041545,Target Price: $41.4355,2026-05-04 15:30:00-04:00,2026-05-04 15:45:00-04:00,41.4436,41.4355,yes
KXHYPE15M-26MAY041530,Target Price: $41.4740,2026-05-04 15:15:00-04:00,2026-05-04 15:30:00-04:00,,41.474,no
KXHYPE15M-26MAY041515,Target Price: $41.4426,2026-05-04 15:00:00-04:00,2026-05-04 15:15:00-04:00,41.4740,41.4426,yes
KXHYPE15M-26MAY041500,Target Price: $41.3929,2026-05-04 14:45:00-04:00,2026-05-04 15:00:00-04:00,41.4426,41.3929,yes
KXHYPE15M-26MAY041445,Target Price: $41.4455,2026-05-04 14:30:00-04:00,2026-05-04 14:45:00-04:00,41.3929,41.4455,no
KXHYPE15M-26MAY041430,Target Price: $41.4783,2026-05-04 14:15:00-04:00,2026-05-04 14:30:00-04:00,41.4455,41.4783,no
KXHYPE15M-26MAY041415,Target Price: $41.5899,2026-05-04 14:00:00-04:00,2026-05-04 14:15:00-04:00,41.4783,41.5899,no
KXHYPE15M-26MAY041400,Target Price: $41.5725,2026-05-04 13:45:00-04:00,2026-05-04 14:00:00-04:00,41.5899,41.5725,yes
KXHYPE15M-26MAY041345,Target Price: $41.6670,2026-05-04 13:30:00-04:00,2026-05-04 13:45:00-04:00,41.5725,41.667,no
KXHYPE15M-26MAY041330,Target Price: $41.5827,2026-05-04 13:15:00-04:00,2026-05-04 13:30:00-04:00,41.6670,41.5827,yes
KXHYPE15M-26MAY041315,Target Price: $41.3907,2026-05-04 13:00:00-04:00,2026-05-04 13:15:00-04:00,41.5827,41.3907,yes
KXHYPE15M-26MAY041300,Target Price: $41.5166,2026-05-04 12:45:00-04:00,2026-05-04 13:00:00-04:00,41.3907,41.5166,no
KXHYPE15M-26MAY041245,Target Price: $41.3657,2026-05-04 12:30:00-04:00,2026-05-04 12:45:00-04:00,41.5166,41.3657,yes
KXHYPE15M-26MAY041230,Target Price: $41.1870,2026-05-04 12:15:00-04:00,2026-05-04 12:30:00-04:00,41.3657,41.187,yes
KXHYPE15M-26MAY041215,Target Price: $41.3937,2026-05-04 12:00:00-04:00,2026-05-04 12:15:00-04:00,41.1870,41.3937,no
KXHYPE15M-26MAY041200,Target Price: $41.3043,2026-05-04 11:45:00-04:00,2026-05-04 12:00:00-04:00,41.3937,41.3043,yes
KXHYPE15M-26MAY041145,Target Price: $41.2453,2026-05-04 11:30:00-04:00,2026-05-04 11:45:00-04:00,41.3043,41.2453,yes
KXHYPE15M-26MAY041130,Target Price: $41.3923,2026-05-04 11:15:00-04:00,2026-05-04 11:30:00-04:00,41.2453,41.3923,no
KXHYPE15M-26MAY041115,Target Price: $41.6581,2026-05-04 11:00:00-04:00,2026-05-04 11:15:00-04:00,41.3923,41.6581,no
KXHYPE15M-26MAY041100,Target Price: $41.2250,2026-05-04 10:45:00-04:00,2026-05-04 11:00:00-04:00,41.6581,41.225,yes
KXHYPE15M-26MAY041045,Target Price: $41.2516,2026-05-04 10:30:00-04:00,2026-05-04 10:45:00-04:00,41.2250,41.2516,no
KXHYPE15M-26MAY041030,Target Price: $41.1377,2026-05-04 10:15:00-04:00,2026-05-04 10:30:00-04:00,41.2516,41.1377,yes
KXHYPE15M-26MAY041015,Target Price: $40.9588,2026-05-04 10:00:00-04:00,2026-05-04 10:15:00-04:00,41.1377,40.9588,yes
KXHYPE15M-26MAY041000,Target Price: $41.0541,2026-05-04 09:45:00-04:00,2026-05-04 10:00:00-04:00,40.9588,41.0541,no
KXHYPE15M-26MAY040945,Target Price: $41.0473,2026-05-04 09:30:00-04:00,2026-05-04 09:45:00-04:00,41.0541,41.0473,yes
KXHYPE15M-26MAY040930,Target Price: $41.1377,2026-05-04 09:15:00-04:00,2026-05-04 09:30:00-04:00,41.0473,41.1377,no
KXHYPE15M-26MAY040915,Target Price: $41.3022,2026-05-04 09:00:00-04:00,2026-05-04 09:15:00-04:00,41.1377,41.3022,no
KXHYPE15M-26MAY040900,Target Price: $41.4027,2026-05-04 08:45:00-04:00,2026-05-04 09:00:00-04:00,41.3022,41.4027,no
KXHYPE15M-26MAY040845,Target Price: $41.4288,2026-05-04 08:30:00-04:00,2026-05-04 08:45:00-04:00,41.4027,41.4288,no
KXHYPE15M-26MAY040830,Target Price: $41.4366,2026-05-04 08:15:00-04:00,2026-05-04 08:30:00-04:00,41.4288,41.4366,no
KXHYPE15M-26MAY040815,Target Price: $41.3200,2026-05-04 08:00:00-04:00,2026-05-04 08:15:00-04:00,41.4366,41.32,yes
KXHYPE15M-26MAY040800,Target Price: $41.2760,2026-05-04 07:45:00-04:00,2026-05-04 08:00:00-04:00,41.3200,41.276,yes
KXHYPE15M-26MAY040745,Target Price: $41.2943,2026-05-04 07:30:00-04:00,2026-05-04 07:45:00-04:00,41.2760,41.2943,no
KXHYPE15M-26MAY040730,Target Price: $41.3512,2026-05-04 07:15:00-04:00,2026-05-04 07:30:00-04:00,41.2943,41.3512,no
KXHYPE15M-26MAY040715,Target Price: $41.3698,2026-05-04 07:00:00-04:00,2026-05-04 07:15:00-04:00,41.3512,41.3698,no
KXHYPE15M-26MAY040700,Target Price: $41.4730,2026-05-04 06:45:00-04:00,2026-05-04 07:00:00-04:00,41.3698,41.473,no
KXHYPE15M-26MAY040645,Target Price: $41.2510,2026-05-04 06:30:00-04:00,2026-05-04 06:45:00-04:00,41.4730,41.251,yes
KXHYPE15M-26MAY040630,Target Price: $41.1581,2026-05-04 06:15:00-04:00,2026-05-04 06:30:00-04:00,41.2510,41.1581,yes
KXHYPE15M-26MAY040615,Target Price: $41.8891,2026-05-04 06:00:00-04:00,2026-05-04 06:15:00-04:00,41.1581,41.8891,no
KXHYPE15M-26MAY040600,Target Price: $41.8433,2026-05-04 05:45:00-04:00,2026-05-04 06:00:00-04:00,41.8891,41.8433,yes
KXHYPE15M-26MAY040545,Target Price: $41.6323,2026-05-04 05:30:00-04:00,2026-05-04 05:45:00-04:00,41.8433,41.6323,yes
KXHYPE15M-26MAY040530,Target Price: $41.6543,2026-05-04 05:15:00-04:00,2026-05-04 05:30:00-04:00,41.6323,41.6543,no
KXHYPE15M-26MAY040515,Target Price: $41.6475,2026-05-04 05:00:00-04:00,2026-05-04 05:15:00-04:00,41.6543,41.6475,yes
KXHYPE15M-26MAY040500,Target Price: $41.7264,2026-05-04 04:45:00-04:00,2026-05-04 05:00:00-04:00,41.6475,41.7264,no
KXHYPE15M-26MAY040445,Target Price: $41.6715,2026-05-04 04:30:00-04:00,2026-05-04 04:45:00-04:00,41.7264,41.6715,yes
KXHYPE15M-26MAY040430,Target Price: $41.7630,2026-05-04 04:15:00-04:00,2026-05-04 04:30:00-04:00,41.6715,41.763,no
KXHYPE15M-26MAY040415,Target Price: $41.8330,2026-05-04 04:00:00-04:00,2026-05-04 04:15:00-04:00,41.7630,41.833,no
KXHYPE15M-26MAY040400,Target Price: $41.9346,2026-05-04 03:45:00-04:00,2026-05-04 04:00:00-04:00,41.8330,41.9346,no
KXHYPE15M-26MAY040345,Target Price: $41.9547,2026-05-04 03:30:00-04:00,2026-05-04 03:45:00-04:00,41.9346,41.9547,no
KXHYPE15M-26MAY040330,Target Price: $41.8171,2026-05-04 03:15:00-04:00,2026-05-04 03:30:00-04:00,41.9547,41.8171,yes
KXHYPE15M-26MAY040315,Target Price: $41.8844,2026-05-04 03:00:00-04:00,2026-05-04 03:15:00-04:00,41.8171,41.8844,no
KXHYPE15M-26MAY040300,Target Price: $41.6795,2026-05-04 02:45:00-04:00,2026-05-04 03:00:00-04:00,41.8844,41.6795,yes
KXHYPE15M-26MAY040245,Target Price: $41.7694,2026-05-04 02:30:00-04:00,2026-05-04 02:45:00-04:00,41.6795,41.7694,no
KXHYPE15M-26MAY040230,Target Price: $41.9664,2026-05-04 02:15:00-04:00,2026-05-04 02:30:00-04:00,41.7694,41.9664,no
KXHYPE15M-26MAY040215,Target Price: $42.0651,2026-05-04 02:00:00-04:00,2026-05-04 02:15:00-04:00,41.9664,42.0651,no
KXHYPE15M-26MAY040200,Target Price: $42.2074,2026-05-04 01:45:00-04:00,2026-05-04 02:00:00-04:00,42.0651,42.2074,no
KXHYPE15M-26MAY040145,Target Price: $42.3298,2026-05-04 01:30:00-04:00,2026-05-04 01:45:00-04:00,42.2074,42.3298,no
KXHYPE15M-26MAY040130,Target Price: $42.2941,2026-05-04 01:15:00-04:00,2026-05-04 01:30:00-04:00,42.3298,42.2941,yes
KXHYPE15M-26MAY040115,Target Price: $42.4620,2026-05-04 01:00:00-04:00,2026-05-04 01:15:00-04:00,42.2941,42.462,no
KXHYPE15M-26MAY040100,Target Price: $42.4284,2026-05-04 00:45:00-04:00,2026-05-04 01:00:00-04:00,42.4620,42.4284,yes
KXHYPE15M-26MAY040045,Target Price: $42.1982,2026-05-04 00:30:00-04:00,2026-05-04 00:45:00-04:00,42.4284,42.1982,yes
KXHYPE15M-26MAY040030,Target Price: $41.9481,2026-05-04 00:15:00-04:00,2026-05-04 00:30:00-04:00,42.1982,41.9481,yes
KXHYPE15M-26MAY040015,Target Price: $42.1419,2026-05-04 00:00:00-04:00,2026-05-04 00:15:00-04:00,41.9481,42.1419,no
KXHYPE15M-26MAY040000,Target Price: $41.9718,2026-05-03 23:45:00-04:00,2026-05-04 00:00:00-04:00,42.1419,41.9718,yes
KXHYPE15M-26MAY032345,Target Price: $41.9052,2026-05-03 23:30:00-04:00,2026-05-03 23:45:00-04:00,41.9718,41.9052,yes
KXHYPE15M-26MAY032330,Target Price: $42.1622,2026-05-03 23:15:00-04:00,2026-05-03 23:30:00-04:00,41.9052,42.1622,no
KXHYPE15M-26MAY032315,Target Price: $41.9229,2026-05-03 23:00:00-04:00,2026-05-03 23:15:00-04:00,42.1622,41.9229,yes
KXHYPE15M-26MAY032300,Target Price: $41.8679,2026-05-03 22:45:00-04:00,2026-05-03 23:00:00-04:00,41.9229,41.8679,yes
KXHYPE15M-26MAY032245,Target Price: $41.7584,2026-05-03 22:30:00-04:00,2026-05-03 22:45:00-04:00,41.8679,41.7584,yes
KXHYPE15M-26MAY032230,Target Price: $41.6338,2026-05-03 22:15:00-04:00,2026-05-03 22:30:00-04:00,41.7584,41.6338,yes
KXHYPE15M-26MAY032215,Target Price: $41.4970,2026-05-03 22:00:00-04:00,2026-05-03 22:15:00-04:00,41.6338,41.497,yes
KXHYPE15M-26MAY032200,Target Price: $41.2405,2026-05-03 21:45:00-04:00,2026-05-03 22:00:00-04:00,41.4970,41.2405,yes
KXHYPE15M-26MAY032145,Target Price: $41.0253,2026-05-03 21:30:00-04:00,2026-05-03 21:45:00-04:00,41.2405,41.0253,yes
KXHYPE15M-26MAY032130,Target Price: $41.1090,2026-05-03 21:15:00-04:00,2026-05-03 21:30:00-04:00,41.0253,41.109,no
KXHYPE15M-26MAY032115,Target Price: $41.3429,2026-05-03 21:00:00-04:00,2026-05-03 21:15:00-04:00,41.1090,41.3429,no
KXHYPE15M-26MAY032100,Target Price: $41.2976,2026-05-03 20:45:00-04:00,2026-05-03 21:00:00-04:00,41.3429,41.2976,yes
KXHYPE15M-26MAY032045,Target Price: $41.2819,2026-05-03 20:30:00-04:00,2026-05-03 20:45:00-04:00,41.2976,41.2819,yes
KXHYPE15M-26MAY032030,Target Price: $41.5023,2026-05-03 20:15:00-04:00,2026-05-03 20:30:00-04:00,41.2819,41.5023,no
KXHYPE15M-26MAY032015,Target Price: $41.5177,2026-05-03 20:00:00-04:00,2026-05-03 20:15:00-04:00,41.5023,41.5177,no
KXHYPE15M-26MAY032000,Target Price: $41.4865,2026-05-03 19:45:00-04:00,2026-05-03 20:00:00-04:00,41.5177,41.4865,yes
KXHYPE15M-26MAY031945,Target Price: $41.4377,2026-05-03 19:30:00-04:00,2026-05-03 19:45:00-04:00,41.4865,41.4377,yes
KXHYPE15M-26MAY031930,Target Price: $41.5993,2026-05-03 19:15:00-04:00,2026-05-03 19:30:00-04:00,41.4377,41.5993,no
KXHYPE15M-26MAY031915,Target Price: $41.5872,2026-05-03 19:00:00-04:00,2026-05-03 19:15:00-04:00,41.5993,41.5872,yes
KXHYPE15M-26MAY031900,Target Price: $41.6388,2026-05-03 18:45:00-04:00,2026-05-03 19:00:00-04:00,41.5872,41.6388,no
KXHYPE15M-26MAY031845,Target Price: $41.5056,2026-05-03 18:30:00-04:00,2026-05-03 18:45:00-04:00,41.6388,41.5056,yes
KXHYPE15M-26MAY031830,Target Price: $41.3838,2026-05-03 18:15:00-04:00,2026-05-03 18:30:00-04:00,41.5056,41.3838,yes
KXHYPE15M-26MAY031815,Target Price: $41.1696,2026-05-03 18:00:00-04:00,2026-05-03 18:15:00-04:00,41.3838,41.1696,yes
KXHYPE15M-26MAY031800,Target Price: $41.0858,2026-05-03 17:45:00-04:00,2026-05-03 18:00:00-04:00,41.1696,41.0858,yes
KXHYPE15M-26MAY031745,Target Price: $41.1772,2026-05-03 17:30:00-04:00,2026-05-03 17:45:00-04:00,41.0858,41.1772,no
KXHYPE15M-26MAY031730,Target Price: $41.2538,2026-05-03 17:15:00-04:00,2026-05-03 17:30:00-04:00,41.1772,41.2538,no
KXHYPE15M-26MAY031715,Target Price: $41.3103,2026-05-03 17:00:00-04:00,2026-05-03 17:15:00-04:00,41.2538,41.3103,no
KXHYPE15M-26MAY031700,Target Price: $41.3163,2026-05-03 16:45:00-04:00,2026-05-03 17:00:00-04:00,41.3103,41.3163,no
KXHYPE15M-26MAY031645,Target Price: $41.2234,2026-05-03 16:30:00-04:00,2026-05-03 16:45:00-04:00,41.3163,41.2234,yes
KXHYPE15M-26MAY031630,Target Price: $41.2323,2026-05-03 16:15:00-04:00,2026-05-03 16:30:00-04:00,41.2234,41.2323,no
KXHYPE15M-26MAY031615,Target Price: $41.2226,2026-05-03 16:00:00-04:00,2026-05-03 16:15:00-04:00,41.2323,41.2226,yes
KXHYPE15M-26MAY031600,Target Price: $41.2286,2026-05-03 15:45:00-04:00,2026-05-03 16:00:00-04:00,41.2226,41.2286,no
KXHYPE15M-26MAY031545,Target Price: $41.1644,2026-05-03 15:30:00-04:00,2026-05-03 15:45:00-04:00,41.2286,41.1644,yes
KXHYPE15M-26MAY031530,Target Price: $41.1254,2026-05-03 15:15:00-04:00,2026-05-03 15:30:00-04:00,41.1644,41.1254,yes
KXHYPE15M-26MAY031515,Target Price: $41.1788,2026-05-03 15:00:00-04:00,2026-05-03 15:15:00-04:00,41.1254,41.1788,no
KXHYPE15M-26MAY031500,Target Price: $41.0711,2026-05-03 14:45:00-04:00,2026-05-03 15:00:00-04:00,41.1788,41.0711,yes
KXHYPE15M-26MAY031445,Target Price: $41.1305,2026-05-03 14:30:00-04:00,2026-05-03 14:45:00-04:00,41.0711,41.1305,no
KXHYPE15M-26MAY031430,Target Price: $41.0110,2026-05-03 14:15:00-04:00,2026-05-03 14:30:00-04:00,41.1305,41.011,yes
KXHYPE15M-26MAY031415,Target Price: $41.1602,2026-05-03 14:00:00-04:00,2026-05-03 14:15:00-04:00,41.0110,41.1602,no
KXHYPE15M-26MAY031400,Target Price: $41.1349,2026-05-03 13:45:00-04:00,2026-05-03 14:00:00-04:00,41.1602,41.1349,yes
KXHYPE15M-26MAY031345,Target Price: $41.0727,2026-05-03 13:30:00-04:00,2026-05-03 13:45:00-04:00,41.1349,41.0727,yes
KXHYPE15M-26MAY031330,Target Price: $41.0264,2026-05-03 13:15:00-04:00,2026-05-03 13:30:00-04:00,41.0727,41.0264,yes
KXHYPE15M-26MAY031315,Target Price: $40.9451,2026-05-03 13:00:00-04:00,2026-05-03 13:15:00-04:00,41.0264,40.9451,yes
KXHYPE15M-26MAY031300,Target Price: $40.9432,2026-05-03 12:45:00-04:00,2026-05-03 13:00:00-04:00,40.9451,40.9432,yes
KXHYPE15M-26MAY031245,Target Price: $40.8730,2026-05-03 12:30:00-04:00,2026-05-03 12:45:00-04:00,40.9432,40.873,yes
KXHYPE15M-26MAY031230,Target Price: $40.7000,2026-05-03 12:15:00-04:00,2026-05-03 12:30:00-04:00,40.8730,40.7,yes
KXHYPE15M-26MAY031215,Target Price: $40.7431,2026-05-03 12:00:00-04:00,2026-05-03 12:15:00-04:00,40.7000,40.7431,no
KXHYPE15M-26MAY031200,Target Price: $40.7725,2026-05-03 11:45:00-04:00,2026-05-03 12:00:00-04:00,40.7431,40.7725,no
KXHYPE15M-26MAY031145,Target Price: $40.8055,2026-05-03 11:30:00-04:00,2026-05-03 11:45:00-04:00,40.7725,40.8055,no
KXHYPE15M-26MAY031130,Target Price: $40.8483,2026-05-03 11:15:00-04:00,2026-05-03 11:30:00-04:00,40.8055,40.8483,no
KXHYPE15M-26MAY031115,Target Price: $40.8633,2026-05-03 11:00:00-04:00,2026-05-03 11:15:00-04:00,40.8483,40.8633,no
KXHYPE15M-26MAY031100,Target Price: $40.9533,2026-05-03 10:45:00-04:00,2026-05-03 11:00:00-04:00,40.8633,40.9533,no
KXHYPE15M-26MAY031045,Target Price: $41.1207,2026-05-03 10:30:00-04:00,2026-05-03 10:45:00-04:00,40.9533,41.1207,no
KXHYPE15M-26MAY031030,Target Price: $41.0293,2026-05-03 10:15:00-04:00,2026-05-03 10:30:00-04:00,41.1207,41.0293,yes
KXHYPE15M-26MAY031015,Target Price: $41.0001,2026-05-03 10:00:00-04:00,2026-05-03 10:15:00-04:00,41.0293,41.0001,yes
KXHYPE15M-26MAY031000,Target Price: $40.9432,2026-05-03 09:45:00-04:00,2026-05-03 10:00:00-04:00,41.0001,40.9432,yes
KXHYPE15M-26MAY030945,Target Price: $41.0093,2026-05-03 09:30:00-04:00,2026-05-03 09:45:00-04:00,40.9432,41.0093,no
KXHYPE15M-26MAY030930,Target Price: $41.1104,2026-05-03 09:15:00-04:00,2026-05-03 09:30:00-04:00,41.0093,41.1104,no
KXHYPE15M-26MAY030915,Target Price: $41.1231,2026-05-03 09:00:00-04:00,2026-05-03 09:15:00-04:00,41.1104,41.1231,no
KXHYPE15M-26MAY030900,Target Price: $41.1021,2026-05-03 08:45:00-04:00,2026-05-03 09:00:00-04:00,41.1231,41.1021,yes
KXHYPE15M-26MAY030845,Target Price: $41.1048,2026-05-03 08:30:00-04:00,2026-05-03 08:45:00-04:00,41.1021,41.1048,no
KXHYPE15M-26MAY030830,Target Price: $41.0952,2026-05-03 08:15:00-04:00,2026-05-03 08:30:00-04:00,41.1048,41.0952,yes
KXHYPE15M-26MAY030815,Target Price: $40.9769,2026-05-03 08:00:00-04:00,2026-05-03 08:15:00-04:00,41.0952,40.9769,yes
KXHYPE15M-26MAY030800,Target Price: $41.0935,2026-05-03 07:45:00-04:00,2026-05-03 08:00:00-04:00,40.9769,41.0935,no
KXHYPE15M-26MAY030745,Target Price: $40.9963,2026-05-03 07:30:00-04:00,2026-05-03 07:45:00-04:00,41.0935,40.9963,yes
KXHYPE15M-26MAY030730,Target Price: $41.0302,2026-05-03 07:15:00-04:00,2026-05-03 07:30:00-04:00,40.9963,41.0302,no
KXHYPE15M-26MAY030715,Target Price: $41.0352,2026-05-03 07:00:00-04:00,2026-05-03 07:15:00-04:00,41.0302,41.0352,no
KXHYPE15M-26MAY030700,Target Price: $41.1035,2026-05-03 06:45:00-04:00,2026-05-03 07:00:00-04:00,41.0352,41.1035,no
KXHYPE15M-26MAY030645,Target Price: $41.0382,2026-05-03 06:30:00-04:00,2026-05-03 06:45:00-04:00,41.1035,41.0382,yes
KXHYPE15M-26MAY030630,Target Price: $41.0212,2026-05-03 06:15:00-04:00,2026-05-03 06:30:00-04:00,41.0382,41.0212,yes
KXHYPE15M-26MAY030615,Target Price: $41.1664,2026-05-03 06:00:00-04:00,2026-05-03 06:15:00-04:00,41.0212,41.1664,no
KXHYPE15M-26MAY030600,Target Price: $41.1047,2026-05-03 05:45:00-04:00,2026-05-03 06:00:00-04:00,41.1664,41.1047,yes
KXHYPE15M-26MAY030545,Target Price: $41.1784,2026-05-03 05:30:00-04:00,2026-05-03 05:45:00-04:00,41.1047,41.1784,no
KXHYPE15M-26MAY030530,Target Price: $41.2346,2026-05-03 05:15:00-04:00,2026-05-03 05:30:00-04:00,41.1784,41.2346,no
KXHYPE15M-26MAY030515,Target Price: $41.1041,2026-05-03 05:00:00-04:00,2026-05-03 05:15:00-04:00,41.2346,41.1041,yes
KXHYPE15M-26MAY030500,Target Price: $40.9714,2026-05-03 04:45:00-04:00,2026-05-03 05:00:00-04:00,41.1041,40.9714,yes
KXHYPE15M-26MAY030445,Target Price: $40.9816,2026-05-03 04:30:00-04:00,2026-05-03 04:45:00-04:00,40.9714,40.9816,no
KXHYPE15M-26MAY030430,Target Price: $41.0257,2026-05-03 04:15:00-04:00,2026-05-03 04:30:00-04:00,40.9816,41.0257,no
KXHYPE15M-26MAY030415,Target Price: $41.0045,2026-05-03 04:00:00-04:00,2026-05-03 04:15:00-04:00,41.0257,41.0045,yes
KXHYPE15M-26MAY030400,Target Price: $40.9630,2026-05-03 03:45:00-04:00,2026-05-03 04:00:00-04:00,41.0045,40.963,yes
KXHYPE15M-26MAY030345,Target Price: $40.9755,2026-05-03 03:30:00-04:00,2026-05-03 03:45:00-04:00,40.9630,40.9755,no
KXHYPE15M-26MAY030330,Target Price: $40.9009,2026-05-03 03:15:00-04:00,2026-05-03 03:30:00-04:00,40.9755,40.9009,yes
KXHYPE15M-26MAY030315,Target Price: $40.9327,2026-05-03 03:00:00-04:00,2026-05-03 03:15:00-04:00,40.9009,40.9327,no
KXHYPE15M-26MAY030300,Target Price: $40.8403,2026-05-03 02:45:00-04:00,2026-05-03 03:00:00-04:00,40.9327,40.8403,yes
KXHYPE15M-26MAY030245,Target Price: $40.8216,2026-05-03 02:30:00-04:00,2026-05-03 02:45:00-04:00,40.8403,40.8216,yes
KXHYPE15M-26MAY030230,Target Price: $40.8946,2026-05-03 02:15:00-04:00,2026-05-03 02:30:00-04:00,40.8216,40.8946,no
KXHYPE15M-26MAY030215,Target Price: $40.9401,2026-05-03 02:00:00-04:00,2026-05-03 02:15:00-04:00,40.8946,40.9401,no
KXHYPE15M-26MAY030200,Target Price: $40.9826,2026-05-03 01:45:00-04:00,2026-05-03 02:00:00-04:00,40.9401,40.9826,no
KXHYPE15M-26MAY030145,Target Price: $41.0755,2026-05-03 01:30:00-04:00,2026-05-03 01:45:00-04:00,40.9826,41.0755,no
KXHYPE15M-26MAY030130,Target Price: $40.9559,2026-05-03 01:15:00-04:00,2026-05-03 01:30:00-04:00,41.0755,40.9559,yes
KXHYPE15M-26MAY030115,Target Price: $40.9261,2026-05-03 01:00:00-04:00,2026-05-03 01:15:00-04:00,40.9559,40.9261,yes
KXHYPE15M-26MAY030100,Target Price: $40.9298,2026-05-03 00:45:00-04:00,2026-05-03 01:00:00-04:00,40.9261,40.9298,no
KXHYPE15M-26MAY030045,Target Price: $40.9595,2026-05-03 00:30:00-04:00,2026-05-03 00:45:00-04:00,40.9298,40.9595,no
KXHYPE15M-26MAY030030,Target Price: $40.9924,2026-05-03 00:15:00-04:00,2026-05-03 00:30:00-04:00,40.9595,40.9924,no
KXHYPE15M-26MAY030015,Target Price: $41.0191,2026-05-03 00:00:00-04:00,2026-05-03 00:15:00-04:00,40.9924,41.0191,no
KXHYPE15M-26MAY030000,Target Price: $41.0018,2026-05-02 23:45:00-04:00,2026-05-03 00:00:00-04:00,41.0191,41.0018,yes
KXHYPE15M-26MAY022345,Target Price: $40.9447,2026-05-02 23:30:00-04:00,2026-05-02 23:45:00-04:00,41.0018,40.9447,yes
KXHYPE15M-26MAY022330,Target Price: $40.8848,2026-05-02 23:15:00-04:00,2026-05-02 23:30:00-04:00,40.9447,40.8848,yes
KXHYPE15M-26MAY022315,Target Price: $40.9359,2026-05-02 23:00:00-04:00,2026-05-02 23:15:00-04:00,40.8848,40.9359,no
KXHYPE15M-26MAY022300,Target Price: $40.9590,2026-05-02 22:45:00-04:00,2026-05-02 23:00:00-04:00,40.9359,40.959,no
KXHYPE15M-26MAY022245,Target Price: $41.0139,2026-05-02 22:30:00-04:00,2026-05-02 22:45:00-04:00,40.9590,41.0139,no
KXHYPE15M-26MAY022230,Target Price: $41.0891,2026-05-02 22:15:00-04:00,2026-05-02 22:30:00-04:00,41.0139,41.0891,no
KXHYPE15M-26MAY022215,Target Price: $41.1125,2026-05-02 22:00:00-04:00,2026-05-02 22:15:00-04:00,41.0891,41.1125,no
KXHYPE15M-26MAY022200,Target Price: $41.0968,2026-05-02 21:45:00-04:00,2026-05-02 22:00:00-04:00,41.1125,41.0968,yes
KXHYPE15M-26MAY022145,Target Price: $41.1014,2026-05-02 21:30:00-04:00,2026-05-02 21:45:00-04:00,41.0968,41.1014,no
KXHYPE15M-26MAY022130,Target Price: $41.0604,2026-05-02 21:15:00-04:00,2026-05-02 21:30:00-04:00,41.1014,41.0604,yes
KXHYPE15M-26MAY022115,Target Price: $41.1593,2026-05-02 21:00:00-04:00,2026-05-02 21:15:00-04:00,41.0604,41.1593,no
KXHYPE15M-26MAY022100,Target Price: $41.2604,2026-05-02 20:45:00-04:00,2026-05-02 21:00:00-04:00,41.1593,41.2604,no
KXHYPE15M-26MAY022045,Target Price: $41.3084,2026-05-02 20:30:00-04:00,2026-05-02 20:45:00-04:00,41.2604,41.3084,no
KXHYPE15M-26MAY022030,Target Price: $41.2195,2026-05-02 20:15:00-04:00,2026-05-02 20:30:00-04:00,41.3084,41.2195,yes
KXHYPE15M-26MAY022015,Target Price: $41.2439,2026-05-02 20:00:00-04:00,2026-05-02 20:15:00-04:00,41.2195,41.2439,no
KXHYPE15M-26MAY022000,Target Price: $41.2965,2026-05-02 19:45:00-04:00,2026-05-02 20:00:00-04:00,41.2439,41.2965,no
KXHYPE15M-26MAY021945,Target Price: $41.2990,2026-05-02 19:30:00-04:00,2026-05-02 19:45:00-04:00,41.2965,41.299,no
KXHYPE15M-26MAY021930,Target Price: $41.2937,2026-05-02 19:15:00-04:00,2026-05-02 19:30:00-04:00,41.2990,41.2937,yes
KXHYPE15M-26MAY021915,Target Price: $41.3517,2026-05-02 19:00:00-04:00,2026-05-02 19:15:00-04:00,41.2937,41.3517,no
KXHYPE15M-26MAY021900,Target Price: $41.3379,2026-05-02 18:45:00-04:00,2026-05-02 19:00:00-04:00,41.3517,41.3379,yes
KXHYPE15M-26MAY021845,Target Price: $41.3039,2026-05-02 18:30:00-04:00,2026-05-02 18:45:00-04:00,41.3379,41.3039,yes
KXHYPE15M-26MAY021830,Target Price: $41.3689,2026-05-02 18:15:00-04:00,2026-05-02 18:30:00-04:00,41.3039,41.3689,no
KXHYPE15M-26MAY021815,Target Price: $41.3411,2026-05-02 18:00:00-04:00,2026-05-02 18:15:00-04:00,41.3689,41.3411,yes
KXHYPE15M-26MAY021800,Target Price: $41.4558,2026-05-02 17:45:00-04:00,2026-05-02 18:00:00-04:00,41.3411,41.4558,no
KXHYPE15M-26MAY021745,Target Price: $41.4162,2026-05-02 17:30:00-04:00,2026-05-02 17:45:00-04:00,41.4558,41.4162,yes
KXHYPE15M-26MAY021730,Target Price: $41.5169,2026-05-02 17:15:00-04:00,2026-05-02 17:30:00-04:00,41.4162,41.5169,no
KXHYPE15M-26MAY021715,Target Price: $41.5046,2026-05-02 17:00:00-04:00,2026-05-02 17:15:00-04:00,41.5169,41.5046,yes
KXHYPE15M-26MAY021700,Target Price: $41.4451,2026-05-02 16:45:00-04:00,2026-05-02 17:00:00-04:00,41.5046,41.4451,yes
KXHYPE15M-26MAY021645,Target Price: $41.4386,2026-05-02 16:30:00-04:00,2026-05-02 16:45:00-04:00,41.4451,41.4386,yes
KXHYPE15M-26MAY021630,Target Price: $41.4973,2026-05-02 16:15:00-04:00,2026-05-02 16:30:00-04:00,41.4386,41.4973,no
KXHYPE15M-26MAY021615,Target Price: $41.5618,2026-05-02 16:00:00-04:00,2026-05-02 16:15:00-04:00,41.4973,41.5618,no
KXHYPE15M-26MAY021600,Target Price: $41.6969,2026-05-02 15:45:00-04:00,2026-05-02 16:00:00-04:00,41.5618,41.6969,no
KXHYPE15M-26MAY021545,Target Price: $41.7089,2026-05-02 15:30:00-04:00,2026-05-02 15:45:00-04:00,41.6969,41.7089,no
KXHYPE15M-26MAY021530,Target Price: $41.7809,2026-05-02 15:15:00-04:00,2026-05-02 15:30:00-04:00,41.7089,41.7809,no
KXHYPE15M-26MAY021515,Target Price: $41.7778,2026-05-02 15:00:00-04:00,2026-05-02 15:15:00-04:00,41.7809,41.7778,yes
KXHYPE15M-26MAY021500,Target Price: $41.5012,2026-05-02 14:45:00-04:00,2026-05-02 15:00:00-04:00,41.7778,41.5012,yes
KXHYPE15M-26MAY021445,Target Price: $41.5070,2026-05-02 14:30:00-04:00,2026-05-02 14:45:00-04:00,41.5012,41.507,no
KXHYPE15M-26MAY021430,Target Price: $41.4487,2026-05-02 14:15:00-04:00,2026-05-02 14:30:00-04:00,41.5070,41.4487,yes
KXHYPE15M-26MAY021415,Target Price: $41.5314,2026-05-02 14:00:00-04:00,2026-05-02 14:15:00-04:00,41.4487,41.5314,no
KXHYPE15M-26MAY021400,Target Price: $41.4533,2026-05-02 13:45:00-04:00,2026-05-02 14:00:00-04:00,41.5314,41.4533,yes
KXHYPE15M-26MAY021345,Target Price: $41.5377,2026-05-02 13:30:00-04:00,2026-05-02 13:45:00-04:00,41.4533,41.5377,no
KXHYPE15M-26MAY021330,Target Price: $41.6182,2026-05-02 13:15:00-04:00,2026-05-02 13:30:00-04:00,41.5377,41.6182,no
KXHYPE15M-26MAY021315,Target Price: $41.6631,2026-05-02 13:00:00-04:00,2026-05-02 13:15:00-04:00,41.6182,41.6631,no
KXHYPE15M-26MAY021300,Target Price: $41.6118,2026-05-02 12:45:00-04:00,2026-05-02 13:00:00-04:00,41.6631,41.6118,yes
KXHYPE15M-26MAY021245,Target Price: $41.6444,2026-05-02 12:30:00-04:00,2026-05-02 12:45:00-04:00,41.6118,41.6444,no
KXHYPE15M-26MAY021230,Target Price: $41.6711,2026-05-02 12:15:00-04:00,2026-05-02 12:30:00-04:00,41.6444,41.6711,no
KXHYPE15M-26MAY021215,Target Price: $41.5585,2026-05-02 12:00:00-04:00,2026-05-02 12:15:00-04:00,41.6711,41.5585,yes
KXHYPE15M-26MAY021200,Target Price: $41.5245,2026-05-02 11:45:00-04:00,2026-05-02 12:00:00-04:00,41.5585,41.5245,yes
KXHYPE15M-26MAY021145,Target Price: $41.4482,2026-05-02 11:30:00-04:00,2026-05-02 11:45:00-04:00,41.5245,41.4482,yes
KXHYPE15M-26MAY021130,Target Price: $41.5022,2026-05-02 11:15:00-04:00,2026-05-02 11:30:00-04:00,41.4482,41.5022,no
KXHYPE15M-26MAY021115,Target Price: $41.5629,2026-05-02 11:00:00-04:00,2026-05-02 11:15:00-04:00,41.5022,41.5629,no
KXHYPE15M-26MAY021100,Target Price: $41.4756,2026-05-02 10:45:00-04:00,2026-05-02 11:00:00-04:00,41.5629,41.4756,yes
KXHYPE15M-26MAY021045,Target Price: $41.3841,2026-05-02 10:30:00-04:00,2026-05-02 10:45:00-04:00,41.4756,41.3841,yes
KXHYPE15M-26MAY021030,Target Price: $41.3455,2026-05-02 10:15:00-04:00,2026-05-02 10:30:00-04:00,41.3841,41.3455,yes
KXHYPE15M-26MAY021015,Target Price: $41.5764,2026-05-02 10:00:00-04:00,2026-05-02 10:15:00-04:00,41.3455,41.5764,no
KXHYPE15M-26MAY021000,Target Price: $41.6819,2026-05-02 09:45:00-04:00,2026-05-02 10:00:00-04:00,41.5764,41.6819,no
KXHYPE15M-26MAY020945,Target Price: $41.6898,2026-05-02 09:30:00-04:00,2026-05-02 09:45:00-04:00,41.6819,41.6898,no
KXHYPE15M-26MAY020930,Target Price: $41.6883,2026-05-02 09:15:00-04:00,2026-05-02 09:30:00-04:00,41.6898,41.6883,yes
KXHYPE15M-26MAY020915,Target Price: $41.5731,2026-05-02 09:00:00-04:00,2026-05-02 09:15:00-04:00,41.6883,41.5731,yes
KXHYPE15M-26MAY020900,Target Price: $41.5788,2026-05-02 08:45:00-04:00,2026-05-02 09:00:00-04:00,41.5731,41.5788,no
KXHYPE15M-26MAY020845,Target Price: $41.6202,2026-05-02 08:30:00-04:00,2026-05-02 08:45:00-04:00,41.5788,41.6202,no
KXHYPE15M-26MAY020830,Target Price: $41.5485,2026-05-02 08:15:00-04:00,2026-05-02 08:30:00-04:00,41.6202,41.5485,yes
KXHYPE15M-26MAY020815,Target Price: $41.5230,2026-05-02 08:00:00-04:00,2026-05-02 08:15:00-04:00,41.5485,41.523,yes
KXHYPE15M-26MAY020800,Target Price: $41.5240,2026-05-02 07:45:00-04:00,2026-05-02 08:00:00-04:00,41.5230,41.524,no
KXHYPE15M-26MAY020745,Target Price: $41.7179,2026-05-02 07:30:00-04:00,2026-05-02 07:45:00-04:00,41.5240,41.7179,no
KXHYPE15M-26MAY020730,Target Price: $41.7391,2026-05-02 07:15:00-04:00,2026-05-02 07:30:00-04:00,41.7179,41.7391,no
KXHYPE15M-26MAY020715,Target Price: $41.6766,2026-05-02 07:00:00-04:00,2026-05-02 07:15:00-04:00,41.7391,41.6766,yes
KXHYPE15M-26MAY020700,Target Price: $41.6407,2026-05-02 06:45:00-04:00,2026-05-02 07:00:00-04:00,41.6766,41.6407,yes
KXHYPE15M-26MAY020645,Target Price: $41.7414,2026-05-02 06:30:00-04:00,2026-05-02 06:45:00-04:00,41.6407,41.7414,no
KXHYPE15M-26MAY020630,Target Price: $41.9085,2026-05-02 06:15:00-04:00,2026-05-02 06:30:00-04:00,41.7414,41.9085,no
KXHYPE15M-26MAY020615,Target Price: $41.9312,2026-05-02 06:00:00-04:00,2026-05-02 06:15:00-04:00,41.9085,41.9312,no
KXHYPE15M-26MAY020600,Target Price: $42.0785,2026-05-02 05:45:00-04:00,2026-05-02 06:00:00-04:00,41.9312,42.0785,no
KXHYPE15M-26MAY020545,Target Price: $42.1300,2026-05-02 05:30:00-04:00,2026-05-02 05:45:00-04:00,42.0785,42.13,no
KXHYPE15M-26MAY020530,Target Price: $42.2633,2026-05-02 05:15:00-04:00,2026-05-02 05:30:00-04:00,42.1300,42.2633,no
KXHYPE15M-26MAY020515,Target Price: $42.0341,2026-05-02 05:00:00-04:00,2026-05-02 05:15:00-04:00,42.2633,42.0341,yes
KXHYPE15M-26MAY020500,Target Price: $41.9417,2026-05-02 04:45:00-04:00,2026-05-02 05:00:00-04:00,42.0341,41.9417,yes
KXHYPE15M-26MAY020445,Target Price: $41.9491,2026-05-02 04:30:00-04:00,2026-05-02 04:45:00-04:00,41.9417,41.9491,no
KXHYPE15M-26MAY020430,Target Price: $41.8211,2026-05-02 04:15:00-04:00,2026-05-02 04:30:00-04:00,41.9491,41.8211,yes
KXHYPE15M-26MAY020415,Target Price: $41.6744,2026-05-02 04:00:00-04:00,2026-05-02 04:15:00-04:00,41.8211,41.6744,yes
KXHYPE15M-26MAY020400,Target Price: $41.4741,2026-05-02 03:45:00-04:00,2026-05-02 04:00:00-04:00,41.6744,41.4741,yes
KXHYPE15M-26MAY020345,Target Price: $41.4544,2026-05-02 03:30:00-04:00,2026-05-02 03:45:00-04:00,41.4741,41.4544,yes
KXHYPE15M-26MAY020330,Target Price: $41.4686,2026-05-02 03:15:00-04:00,2026-05-02 03:30:00-04:00,41.4544,41.4686,no
KXHYPE15M-26MAY020315,Target Price: $41.4134,2026-05-02 03:00:00-04:00,2026-05-02 03:15:00-04:00,41.4686,41.4134,yes
KXHYPE15M-26MAY020300,Target Price: $41.3008,2026-05-02 02:45:00-04:00,2026-05-02 03:00:00-04:00,41.4134,41.3008,yes
KXHYPE15M-26MAY020245,Target Price: $41.2456,2026-05-02 02:30:00-04:00,2026-05-02 02:45:00-04:00,41.3008,41.2456,yes
KXHYPE15M-26MAY020230,Target Price: $41.3610,2026-05-02 02:15:00-04:00,2026-05-02 02:30:00-04:00,41.2456,41.361,no
KXHYPE15M-26MAY020215,Target Price: $41.3232,2026-05-02 02:00:00-04:00,2026-05-02 02:15:00-04:00,41.3610,41.3232,yes
KXHYPE15M-26MAY020200,Target Price: $41.3295,2026-05-02 01:45:00-04:00,2026-05-02 02:00:00-04:00,41.3232,41.3295,no
KXHYPE15M-26MAY020145,Target Price: $41.2917,2026-05-02 01:30:00-04:00,2026-05-02 01:45:00-04:00,41.3295,41.2917,yes
KXHYPE15M-26MAY020130,Target Price: $41.2802,2026-05-02 01:15:00-04:00,2026-05-02 01:30:00-04:00,41.2917,41.2802,yes
KXHYPE15M-26MAY020115,Target Price: $41.4511,2026-05-02 01:00:00-04:00,2026-05-02 01:15:00-04:00,41.2802,41.4511,no
KXHYPE15M-26MAY020100,Target Price: $41.4534,2026-05-02 00:45:00-04:00,2026-05-02 01:00:00-04:00,41.4511,41.4534,no
KXHYPE15M-26MAY020045,Target Price: $41.4223,2026-05-02 00:30:00-04:00,2026-05-02 00:45:00-04:00,41.4534,41.4223,yes
KXHYPE15M-26MAY020030,Target Price: $41.4314,2026-05-02 00:15:00-04:00,2026-05-02 00:30:00-04:00,41.4223,41.4314,no
KXHYPE15M-26MAY020015,Target Price: $41.3963,2026-05-02 00:00:00-04:00,2026-05-02 00:15:00-04:00,41.4314,41.3963,yes
KXHYPE15M-26MAY020000,Target Price: $41.2991,2026-05-01 23:45:00-04:00,2026-05-02 00:00:00-04:00,41.3963,41.2991,yes
KXHYPE15M-26MAY012345,Target Price: $41.3475,2026-05-01 23:30:00-04:00,2026-05-01 23:45:00-04:00,41.2991,41.3475,no
KXHYPE15M-26MAY012330,Target Price: $41.2371,2026-05-01 23:15:00-04:00,2026-05-01 23:30:00-04:00,41.3475,41.2371,yes
KXHYPE15M-26MAY012315,Target Price: $41.2735,2026-05-01 23:00:00-04:00,2026-05-01 23:15:00-04:00,41.2371,41.2735,no
KXHYPE15M-26MAY012300,Target Price: $41.2203,2026-05-01 22:45:00-04:00,2026-05-01 23:00:00-04:00,41.2735,41.2203,yes
KXHYPE15M-26MAY012245,Target Price: $41.2121,2026-05-01 22:30:00-04:00,2026-05-01 22:45:00-04:00,41.2203,41.2121,yes
KXHYPE15M-26MAY012230,Target Price: $41.2679,2026-05-01 22:15:00-04:00,2026-05-01 22:30:00-04:00,41.2121,41.2679,no
KXHYPE15M-26MAY012215,Target Price: $41.2734,2026-05-01 22:00:00-04:00,2026-05-01 22:15:00-04:00,41.2679,41.2734,no
KXHYPE15M-26MAY012200,Target Price: $41.2574,2026-05-01 21:45:00-04:00,2026-05-01 22:00:00-04:00,41.2734,41.2574,yes
KXHYPE15M-26MAY012145,Target Price: $41.1515,2026-05-01 21:30:00-04:00,2026-05-01 21:45:00-04:00,41.2574,41.1515,yes
KXHYPE15M-26MAY012130,Target Price: $41.2612,2026-05-01 21:15:00-04:00,2026-05-01 21:30:00-04:00,41.1515,41.2612,no
KXHYPE15M-26MAY012115,Target Price: $41.2400,2026-05-01 21:00:00-04:00,2026-05-01 21:15:00-04:00,41.2612,41.24,yes
KXHYPE15M-26MAY012100,Target Price: $41.1545,2026-05-01 20:45:00-04:00,2026-05-01 21:00:00-04:00,41.2400,41.1545,yes
KXHYPE15M-26MAY012045,Target Price: $41.0558,2026-05-01 20:30:00-04:00,2026-05-01 20:45:00-04:00,41.1545,41.0558,yes
KXHYPE15M-26MAY012030,Target Price: $41.0898,2026-05-01 20:15:00-04:00,2026-05-01 20:30:00-04:00,41.0558,41.0898,no
KXHYPE15M-26MAY012015,Target Price: $41.1232,2026-05-01 20:00:00-04:00,2026-05-01 20:15:00-04:00,41.0898,41.1232,no
KXHYPE15M-26MAY012000,Target Price: $41.1090,2026-05-01 19:45:00-04:00,2026-05-01 20:00:00-04:00,41.1232,41.109,yes
KXHYPE15M-26MAY011945,Target Price: $40.9867,2026-05-01 19:30:00-04:00,2026-05-01 19:45:00-04:00,41.1090,40.9867,yes
KXHYPE15M-26MAY011930,Target Price: $41.0347,2026-05-01 19:15:00-04:00,2026-05-01 19:30:00-04:00,40.9867,41.0347,no
KXHYPE15M-26MAY011915,Target Price: $40.9410,2026-05-01 19:00:00-04:00,2026-05-01 19:15:00-04:00,41.0347,40.941,yes
KXHYPE15M-26MAY011900,Target Price: $40.9617,2026-05-01 18:45:00-04:00,2026-05-01 19:00:00-04:00,40.9410,40.9617,no
KXHYPE15M-26MAY011845,Target Price: $41.0094,2026-05-01 18:30:00-04:00,2026-05-01 18:45:00-04:00,40.9617,41.0094,no
KXHYPE15M-26MAY011830,Target Price: $41.0607,2026-05-01 18:15:00-04:00,2026-05-01 18:30:00-04:00,41.0094,41.0607,no
KXHYPE15M-26MAY011815,Target Price: $41.0097,2026-05-01 18:00:00-04:00,2026-05-01 18:15:00-04:00,41.0607,41.0097,yes
KXHYPE15M-26MAY011800,Target Price: $40.8917,2026-05-01 17:45:00-04:00,2026-05-01 18:00:00-04:00,41.0097,40.8917,yes
KXHYPE15M-26MAY011745,Target Price: $40.9614,2026-05-01 17:30:00-04:00,2026-05-01 17:45:00-04:00,40.8917,40.9614,no
KXHYPE15M-26MAY011730,Target Price: $40.9041,2026-05-01 17:15:00-04:00,2026-05-01 17:30:00-04:00,40.9614,40.9041,yes
KXHYPE15M-26MAY011715,Target Price: $40.7755,2026-05-01 17:00:00-04:00,2026-05-01 17:15:00-04:00,40.9041,40.7755,yes
KXHYPE15M-26MAY011700,Target Price: $40.8935,2026-05-01 16:45:00-04:00,2026-05-01 17:00:00-04:00,40.7755,40.8935,no
KXHYPE15M-26MAY011645,Target Price: $40.9503,2026-05-01 16:30:00-04:00,2026-05-01 16:45:00-04:00,40.8935,40.9503,no
KXHYPE15M-26MAY011630,Target Price: $40.8753,2026-05-01 16:15:00-04:00,2026-05-01 16:30:00-04:00,40.9503,40.8753,yes
KXHYPE15M-26MAY011615,Target Price: $40.9760,2026-05-01 16:00:00-04:00,2026-05-01 16:15:00-04:00,40.8753,40.976,no
KXHYPE15M-26MAY011600,Target Price: $40.9240,2026-05-01 15:45:00-04:00,2026-05-01 16:00:00-04:00,40.9760,40.924,yes
KXHYPE15M-26MAY011545,Target Price: $40.9528,2026-05-01 15:30:00-04:00,2026-05-01 15:45:00-04:00,40.9240,40.9528,no
KXHYPE15M-26MAY011530,Target Price: $40.9937,2026-05-01 15:15:00-04:00,2026-05-01 15:30:00-04:00,40.9528,40.9937,no
KXHYPE15M-26MAY011515,Target Price: $40.9735,2026-05-01 15:00:00-04:00,2026-05-01 15:15:00-04:00,40.9937,40.9735,yes
KXHYPE15M-26MAY011500,Target Price: $41.0149,2026-05-01 14:45:00-04:00,2026-05-01 15:00:00-04:00,40.9735,41.0149,no
KXHYPE15M-26MAY011445,Target Price: $40.9898,2026-05-01 14:30:00-04:00,2026-05-01 14:45:00-04:00,41.0149,40.9898,yes
KXHYPE15M-26MAY011430,Target Price: $41.1340,2026-05-01 14:15:00-04:00,2026-05-01 14:30:00-04:00,40.9898,41.134,no
KXHYPE15M-26MAY011415,Target Price: $41.0783,2026-05-01 14:00:00-04:00,2026-05-01 14:15:00-04:00,41.1340,41.0783,yes
KXHYPE15M-26MAY011400,Target Price: $40.8565,2026-05-01 13:45:00-04:00,2026-05-01 14:00:00-04:00,41.0783,40.8565,yes
KXHYPE15M-26MAY011345,Target Price: $40.9014,2026-05-01 13:30:00-04:00,2026-05-01 13:45:00-04:00,40.8565,40.9014,no
KXHYPE15M-26MAY011330,Target Price: $40.9675,2026-05-01 13:15:00-04:00,2026-05-01 13:30:00-04:00,40.9014,40.9675,no
KXHYPE15M-26MAY011315,Target Price: $40.8063,2026-05-01 13:00:00-04:00,2026-05-01 13:15:00-04:00,40.9675,40.8063,yes
KXHYPE15M-26MAY011300,Target Price: $40.8641,2026-05-01 12:45:00-04:00,2026-05-01 13:00:00-04:00,40.8063,40.8641,no
KXHYPE15M-26MAY011245,Target Price: $40.8769,2026-05-01 12:30:00-04:00,2026-05-01 12:45:00-04:00,40.8641,40.8769,no
KXHYPE15M-26MAY011230,Target Price: $40.8988,2026-05-01 12:15:00-04:00,2026-05-01 12:30:00-04:00,40.8769,40.8988,no
KXHYPE15M-26MAY011215,Target Price: $40.9886,2026-05-01 12:00:00-04:00,2026-05-01 12:15:00-04:00,40.8988,40.9886,no
KXHYPE15M-26MAY011200,Target Price: $41.0616,2026-05-01 11:45:00-04:00,2026-05-01 12:00:00-04:00,40.9886,41.0616,no
KXHYPE15M-26MAY011145,Target Price: $41.1371,2026-05-01 11:30:00-04:00,2026-05-01 11:45:00-04:00,41.0616,41.1371,no
KXHYPE15M-26MAY011130,Target Price: $40.9253,2026-05-01 11:15:00-04:00,2026-05-01 11:30:00-04:00,41.1371,40.9253,yes
KXHYPE15M-26MAY011115,Target Price: $40.8387,2026-05-01 11:00:00-04:00,2026-05-01 11:15:00-04:00,40.9253,40.8387,yes
KXHYPE15M-26MAY011100,Target Price: $40.7974,2026-05-01 10:45:00-04:00,2026-05-01 11:00:00-04:00,40.8387,40.7974,yes
KXHYPE15M-26MAY011045,Target Price: $40.7870,2026-05-01 10:30:00-04:00,2026-05-01 10:45:00-04:00,40.7974,40.787,yes
KXHYPE15M-26MAY011030,Target Price: $40.8045,2026-05-01 10:15:00-04:00,2026-05-01 10:30:00-04:00,40.7870,40.8045,no
KXHYPE15M-26MAY011015,Target Price: $40.8902,2026-05-01 10:00:00-04:00,2026-05-01 10:15:00-04:00,40.8045,40.8902,no
KXHYPE15M-26MAY011000,Target Price: $40.8371,2026-05-01 09:45:00-04:00,2026-05-01 10:00:00-04:00,40.8902,40.8371,yes
KXHYPE15M-26MAY010945,Target Price: $40.9065,2026-05-01 09:30:00-04:00,2026-05-01 09:45:00-04:00,40.8371,40.9065,no
KXHYPE15M-26MAY010930,Target Price: $40.9253,2026-05-01 09:15:00-04:00,2026-05-01 09:30:00-04:00,40.9065,40.9253,no
KXHYPE15M-26MAY010915,Target Price: $40.7373,2026-05-01 09:00:00-04:00,2026-05-01 09:15:00-04:00,40.9253,40.7373,yes
KXHYPE15M-26MAY010900,Target Price: $40.9595,2026-05-01 08:45:00-04:00,2026-05-01 09:00:00-04:00,40.7373,40.9595,no
KXHYPE15M-26MAY010845,Target Price: $40.8381,2026-05-01 08:30:00-04:00,2026-05-01 08:45:00-04:00,40.9595,40.8381,yes
KXHYPE15M-26MAY010830,Target Price: $40.7236,2026-05-01 08:15:00-04:00,2026-05-01 08:30:00-04:00,40.8381,40.7236,yes
KXHYPE15M-26MAY010815,Target Price: $40.6446,2026-05-01 08:00:00-04:00,2026-05-01 08:15:00-04:00,40.7236,40.6446,yes
KXHYPE15M-26MAY010800,Target Price: $40.6164,2026-05-01 07:45:00-04:00,2026-05-01 08:00:00-04:00,40.6446,40.6164,yes
KXHYPE15M-26MAY010745,Target Price: $40.5582,2026-05-01 07:30:00-04:00,2026-05-01 07:45:00-04:00,40.6164,40.5582,yes
KXHYPE15M-26MAY010730,Target Price: $40.5979,2026-05-01 07:15:00-04:00,2026-05-01 07:30:00-04:00,40.5582,40.5979,no
KXHYPE15M-26MAY010715,Target Price: $40.6568,2026-05-01 07:00:00-04:00,2026-05-01 07:15:00-04:00,40.5979,40.6568,no
KXHYPE15M-26MAY010700,Target Price: $40.6208,2026-05-01 06:45:00-04:00,2026-05-01 07:00:00-04:00,40.6568,40.6208,yes
KXHYPE15M-26MAY010645,Target Price: $40.7513,2026-05-01 06:30:00-04:00,2026-05-01 06:45:00-04:00,40.6208,40.7513,no
KXHYPE15M-26MAY010630,Target Price: $40.6645,2026-05-01 06:15:00-04:00,2026-05-01 06:30:00-04:00,40.7513,40.6645,yes
KXHYPE15M-26MAY010615,Target Price: $40.8291,2026-05-01 06:00:00-04:00,2026-05-01 06:15:00-04:00,40.6645,40.8291,no
KXHYPE15M-26MAY010600,Target Price: $40.8196,2026-05-01 05:45:00-04:00,2026-05-01 06:00:00-04:00,40.8291,40.8196,yes
KXHYPE15M-26MAY010545,Target Price: $40.7624,2026-05-01 05:30:00-04:00,2026-05-01 05:45:00-04:00,40.8196,40.7624,yes
KXHYPE15M-26MAY010530,Target Price: $40.6024,2026-05-01 05:15:00-04:00,2026-05-01 05:30:00-04:00,40.7624,40.6024,yes
KXHYPE15M-26MAY010515,Target Price: $40.5112,2026-05-01 05:00:00-04:00,2026-05-01 05:15:00-04:00,40.6024,40.5112,yes
KXHYPE15M-26MAY010500,Target Price: $40.3890,2026-05-01 04:45:00-04:00,2026-05-01 05:00:00-04:00,40.5112,40.389,yes
KXHYPE15M-26MAY010445,Target Price: $40.1540,2026-05-01 04:30:00-04:00,2026-05-01 04:45:00-04:00,40.3890,40.154,yes
KXHYPE15M-26MAY010430,Target Price: $39.9278,2026-05-01 04:15:00-04:00,2026-05-01 04:30:00-04:00,40.1540,39.9278,yes
KXHYPE15M-26MAY010415,Target Price: $39.8847,2026-05-01 04:00:00-04:00,2026-05-01 04:15:00-04:00,39.9278,39.8847,yes
KXHYPE15M-26MAY010400,Target Price: $39.8989,2026-05-01 03:45:00-04:00,2026-05-01 04:00:00-04:00,39.8847,39.8989,no
KXHYPE15M-26MAY010345,Target Price: $39.8246,2026-05-01 03:30:00-04:00,2026-05-01 03:45:00-04:00,39.8989,39.8246,yes
KXHYPE15M-26MAY010330,Target Price: $39.9049,2026-05-01 03:15:00-04:00,2026-05-01 03:30:00-04:00,39.8246,39.9049,no
KXHYPE15M-26MAY010315,Target Price: $39.9022,2026-05-01 03:00:00-04:00,2026-05-01 03:15:00-04:00,39.9049,39.9022,yes
KXHYPE15M-26MAY010300,Target Price: $39.8759,2026-05-01 02:45:00-04:00,2026-05-01 03:00:00-04:00,39.9022,39.8759,yes
KXHYPE15M-26MAY010245,Target Price: $40.0837,2026-05-01 02:30:00-04:00,2026-05-01 02:45:00-04:00,39.8759,40.0837,no
KXHYPE15M-26MAY010230,Target Price: $40.1398,2026-05-01 02:15:00-04:00,2026-05-01 02:30:00-04:00,40.0837,40.1398,no
KXHYPE15M-26MAY010215,Target Price: $40.1312,2026-05-01 02:00:00-04:00,2026-05-01 02:15:00-04:00,40.1398,40.1312,yes
KXHYPE15M-26MAY010200,Target Price: $40.2188,2026-05-01 01:45:00-04:00,2026-05-01 02:00:00-04:00,40.1312,40.2188,no
KXHYPE15M-26MAY010145,Target Price: $40.0790,2026-05-01 01:30:00-04:00,2026-05-01 01:45:00-04:00,40.2188,40.079,yes
KXHYPE15M-26MAY010130,Target Price: $40.2686,2026-05-01 01:15:00-04:00,2026-05-01 01:30:00-04:00,40.0790,40.2686,no
KXHYPE15M-26MAY010115,Target Price: $40.3247,2026-05-01 01:00:00-04:00,2026-05-01 01:15:00-04:00,40.2686,40.3247,no
KXHYPE15M-26MAY010100,Target Price: $40.2936,2026-05-01 00:45:00-04:00,2026-05-01 01:00:00-04:00,40.3247,40.2936,yes
KXHYPE15M-26MAY010045,Target Price: $40.3201,2026-05-01 00:30:00-04:00,2026-05-01 00:45:00-04:00,40.2936,40.3201,no
KXHYPE15M-26MAY010030,Target Price: $40.3052,2026-05-01 00:15:00-04:00,2026-05-01 00:30:00-04:00,40.3201,40.3052,yes
KXHYPE15M-26MAY010015,Target Price: $40.3017,2026-05-01 00:00:00-04:00,2026-05-01 00:15:00-04:00,40.3052,40.3017,yes
KXHYPE15M-26MAY010000,Target Price: $40.2659,2026-04-30 23:45:00-04:00,2026-05-01 00:00:00-04:00,40.3017,40.2659,yes
KXHYPE15M-26APR302345,Target Price: $40.3652,2026-04-30 23:30:00-04:00,2026-04-30 23:45:00-04:00,40.2659,40.3652,no
KXHYPE15M-26APR302330,Target Price: $40.3470,2026-04-30 23:15:00-04:00,2026-04-30 23:30:00-04:00,40.3652,40.347,yes
KXHYPE15M-26APR302315,Target Price: $40.3163,2026-04-30 23:00:00-04:00,2026-04-30 23:15:00-04:00,40.3470,40.3163,yes
KXHYPE15M-26APR302300,Target Price: $40.3725,2026-04-30 22:45:00-04:00,2026-04-30 23:00:00-04:00,40.3163,40.3725,no
KXHYPE15M-26APR302245,Target Price: $40.1994,2026-04-30 22:30:00-04:00,2026-04-30 22:45:00-04:00,40.3725,40.1994,yes
KXHYPE15M-26APR302230,Target Price: $40.3121,2026-04-30 22:15:00-04:00,2026-04-30 22:30:00-04:00,40.1994,40.3121,no
KXHYPE15M-26APR302215,Target Price: $40.2774,2026-04-30 22:00:00-04:00,2026-04-30 22:15:00-04:00,40.3121,40.2774,yes
KXHYPE15M-26APR302200,Target Price: $40.2454,2026-04-30 21:45:00-04:00,2026-04-30 22:00:00-04:00,40.2774,40.2454,yes
KXHYPE15M-26APR302145,Target Price: $40.2776,2026-04-30 21:30:00-04:00,2026-04-30 21:45:00-04:00,40.2454,40.2776,no
KXHYPE15M-26APR302130,Target Price: $40.2763,2026-04-30 21:15:00-04:00,2026-04-30 21:30:00-04:00,40.2776,40.2763,yes
KXHYPE15M-26APR302115,Target Price: $39.9903,2026-04-30 21:00:00-04:00,2026-04-30 21:15:00-04:00,40.2763,39.9903,yes
KXHYPE15M-26APR302100,Target Price: $40.1312,2026-04-30 20:45:00-04:00,2026-04-30 21:00:00-04:00,39.9903,40.1312,no
KXHYPE15M-26APR302045,Target Price: $39.8368,2026-04-30 20:30:00-04:00,2026-04-30 20:45:00-04:00,40.1312,39.8368,yes
KXHYPE15M-26APR302030,Target Price: $39.7693,2026-04-30 20:15:00-04:00,2026-04-30 20:30:00-04:00,39.8368,39.7693,yes
KXHYPE15M-26APR302015,Target Price: $39.6970,2026-04-30 20:00:00-04:00,2026-04-30 20:15:00-04:00,39.7693,39.697,yes
KXHYPE15M-26APR302000,Target Price: $39.6762,2026-04-30 19:45:00-04:00,2026-04-30 20:00:00-04:00,39.6970,39.6762,yes
KXHYPE15M-26APR301945,Target Price: $39.6237,2026-04-30 19:30:00-04:00,2026-04-30 19:45:00-04:00,39.6762,39.6237,yes
KXHYPE15M-26APR301930,Target Price: $39.6279,2026-04-30 19:15:00-04:00,2026-04-30 19:30:00-04:00,39.6237,39.6279,no
KXHYPE15M-26APR301915,Target Price: $39.5435,2026-04-30 19:00:00-04:00,2026-04-30 19:15:00-04:00,39.6279,39.5435,yes
KXHYPE15M-26APR301900,Target Price: $39.5575,2026-04-30 18:45:00-04:00,2026-04-30 19:00:00-04:00,39.5435,39.5575,no
KXHYPE15M-26APR301845,Target Price: $39.5824,2026-04-30 18:30:00-04:00,2026-04-30 18:45:00-04:00,39.5575,39.5824,no
KXHYPE15M-26APR301830,Target Price: $39.5045,2026-04-30 18:15:00-04:00,2026-04-30 18:30:00-04:00,39.5824,39.5045,yes
KXHYPE15M-26APR301815,Target Price: $39.4930,2026-04-30 18:00:00-04:00,2026-04-30 18:15:00-04:00,39.5045,39.493,yes
KXHYPE15M-26APR301800,Target Price: $39.4753,2026-04-30 17:45:00-04:00,2026-04-30 18:00:00-04:00,39.4930,39.4753,yes
KXHYPE15M-26APR301745,Target Price: $39.3641,2026-04-30 17:30:00-04:00,2026-04-30 17:45:00-04:00,39.4753,39.3641,yes
KXHYPE15M-26APR301730,Target Price: $39.3907,2026-04-30 17:15:00-04:00,2026-04-30 17:30:00-04:00,39.3641,39.3907,no
KXHYPE15M-26APR301715,Target Price: $39.3101,2026-04-30 17:00:00-04:00,2026-04-30 17:15:00-04:00,39.3907,39.3101,yes
KXHYPE15M-26APR301700,Target Price: $39.2372,2026-04-30 16:45:00-04:00,2026-04-30 17:00:00-04:00,39.3101,39.2372,yes
KXHYPE15M-26APR301645,Target Price: $39.1549,2026-04-30 16:30:00-04:00,2026-04-30 16:45:00-04:00,39.2372,39.1549,yes
KXHYPE15M-26APR301630,Target Price: $39.2081,2026-04-30 16:15:00-04:00,2026-04-30 16:30:00-04:00,39.1549,39.2081,no
KXHYPE15M-26APR301615,Target Price: $39.2570,2026-04-30 16:00:00-04:00,2026-04-30 16:15:00-04:00,39.2081,39.257,no
KXHYPE15M-26APR301600,Target Price: $39.2047,2026-04-30 15:45:00-04:00,2026-04-30 16:00:00-04:00,39.2570,39.2047,yes
KXHYPE15M-26APR301545,Target Price: $39.2054,2026-04-30 15:30:00-04:00,2026-04-30 15:45:00-04:00,39.2047,39.2054,no
KXHYPE15M-26APR301530,Target Price: $39.1370,2026-04-30 15:15:00-04:00,2026-04-30 15:30:00-04:00,39.2054,39.137,yes
KXHYPE15M-26APR301515,Target Price: $39.1427,2026-04-30 15:00:00-04:00,2026-04-30 15:15:00-04:00,39.1370,39.1427,no
KXHYPE15M-26APR301500,Target Price: $39.1743,2026-04-30 14:45:00-04:00,2026-04-30 15:00:00-04:00,39.1427,39.1743,no
KXHYPE15M-26APR301445,Target Price: $39.0924,2026-04-30 14:30:00-04:00,2026-04-30 14:45:00-04:00,39.1743,39.0924,yes
KXHYPE15M-26APR301430,Target Price: $39.2477,2026-04-30 14:15:00-04:00,2026-04-30 14:30:00-04:00,39.0924,39.2477,no
KXHYPE15M-26APR301415,Target Price: $39.2204,2026-04-30 14:00:00-04:00,2026-04-30 14:15:00-04:00,39.2477,39.2204,yes
KXHYPE15M-26APR301400,Target Price: $39.2455,2026-04-30 13:45:00-04:00,2026-04-30 14:00:00-04:00,39.2204,39.2455,no
KXHYPE15M-26APR301345,Target Price: $39.1862,2026-04-30 13:30:00-04:00,2026-04-30 13:45:00-04:00,39.2455,39.1862,yes
KXHYPE15M-26APR301330,Target Price: $39.2085,2026-04-30 13:15:00-04:00,2026-04-30 13:30:00-04:00,39.1862,39.2085,no
KXHYPE15M-26APR301315,Target Price: $39.1651,2026-04-30 13:00:00-04:00,2026-04-30 13:15:00-04:00,39.2085,39.1651,yes
KXHYPE15M-26APR301300,Target Price: $39.2157,2026-04-30 12:45:00-04:00,2026-04-30 13:00:00-04:00,39.1651,39.2157,no
KXHYPE15M-26APR301245,Target Price: $39.1808,2026-04-30 12:30:00-04:00,2026-04-30 12:45:00-04:00,39.2157,39.1808,yes
KXHYPE15M-26APR301230,Target Price: $39.2720,2026-04-30 12:15:00-04:00,2026-04-30 12:30:00-04:00,39.1808,39.272,no
KXHYPE15M-26APR301215,Target Price: $39.2589,2026-04-30 12:00:00-04:00,2026-04-30 12:15:00-04:00,39.2720,39.2589,yes
KXHYPE15M-26APR301200,Target Price: $39.0548,2026-04-30 11:45:00-04:00,2026-04-30 12:00:00-04:00,39.2589,39.0548,yes
KXHYPE15M-26APR301145,Target Price: $39.3210,2026-04-30 11:30:00-04:00,2026-04-30 11:45:00-04:00,39.0548,39.321,no
KXHYPE15M-26APR301130,Target Price: $39.2313,2026-04-30 11:15:00-04:00,2026-04-30 11:30:00-04:00,39.3210,39.2313,yes
KXHYPE15M-26APR301115,Target Price: $39.2152,2026-04-30 11:00:00-04:00,2026-04-30 11:15:00-04:00,39.2313,39.2152,yes
KXHYPE15M-26APR301100,Target Price: $39.0999,2026-04-30 10:45:00-04:00,2026-04-30 11:00:00-04:00,39.2152,39.0999,yes
KXHYPE15M-26APR301045,Target Price: $39.1208,2026-04-30 10:30:00-04:00,2026-04-30 10:45:00-04:00,39.0999,39.1208,no
KXHYPE15M-26APR301030,Target Price: $39.1364,2026-04-30 10:15:00-04:00,2026-04-30 10:30:00-04:00,39.1208,39.1364,no
KXHYPE15M-26APR301015,Target Price: $39.1595,2026-04-30 10:00:00-04:00,2026-04-30 10:15:00-04:00,39.1364,39.1595,no
KXHYPE15M-26APR301000,Target Price: $39.2307,2026-04-30 09:45:00-04:00,2026-04-30 10:00:00-04:00,39.1595,39.2307,no
KXHYPE15M-26APR300945,Target Price: $39.1005,2026-04-30 09:30:00-04:00,2026-04-30 09:45:00-04:00,39.2307,39.1005,yes
KXHYPE15M-26APR300930,Target Price: $38.9974,2026-04-30 09:15:00-04:00,2026-04-30 09:30:00-04:00,39.1005,38.9974,yes
KXHYPE15M-26APR300915,Target Price: $39.0158,2026-04-30 09:00:00-04:00,2026-04-30 09:15:00-04:00,38.9974,39.0158,no
KXHYPE15M-26APR300900,Target Price: $38.9888,2026-04-30 08:45:00-04:00,2026-04-30 09:00:00-04:00,39.0158,38.9888,yes
KXHYPE15M-26APR300845,Target Price: $38.9545,2026-04-30 08:30:00-04:00,2026-04-30 08:45:00-04:00,38.9888,38.9545,yes
KXHYPE15M-26APR300830,Target Price: $38.8469,2026-04-30 08:15:00-04:00,2026-04-30 08:30:00-04:00,38.9545,38.8469,yes
KXHYPE15M-26APR300815,Target Price: $38.8615,2026-04-30 08:00:00-04:00,2026-04-30 08:15:00-04:00,38.8469,38.8615,no
KXHYPE15M-26APR300800,Target Price: $38.7731,2026-04-30 07:45:00-04:00,2026-04-30 08:00:00-04:00,38.8615,38.7731,yes
KXHYPE15M-26APR300745,Target Price: $38.9962,2026-04-30 07:30:00-04:00,2026-04-30 07:45:00-04:00,38.7731,38.9962,no
KXHYPE15M-26APR300730,Target Price: $39.1345,2026-04-30 07:15:00-04:00,2026-04-30 07:30:00-04:00,38.9962,39.1345,no
KXHYPE15M-26APR300715,Target Price: $39.0010,2026-04-30 07:00:00-04:00,2026-04-30 07:15:00-04:00,39.1345,39.001,yes
KXHYPE15M-26APR300700,Target Price: $39.0536,2026-04-30 06:45:00-04:00,2026-04-30 07:00:00-04:00,39.0010,39.0536,no
KXHYPE15M-26APR300645,Target Price: $38.9947,2026-04-30 06:30:00-04:00,2026-04-30 06:45:00-04:00,39.0536,38.9947,yes
KXHYPE15M-26APR300630,Target Price: $39.0366,2026-04-30 06:15:00-04:00,2026-04-30 06:30:00-04:00,38.9947,39.0366,no
KXHYPE15M-26APR300615,Target Price: $39.1366,2026-04-30 06:00:00-04:00,2026-04-30 06:15:00-04:00,39.0366,39.1366,no
KXHYPE15M-26APR300600,Target Price: $39.1766,2026-04-30 05:45:00-04:00,2026-04-30 06:00:00-04:00,39.1366,39.1766,no
KXHYPE15M-26APR300545,Target Price: $39.1227,2026-04-30 05:30:00-04:00,2026-04-30 05:45:00-04:00,39.1766,39.1227,yes
KXHYPE15M-26APR300530,Target Price: $39.1960,2026-04-30 05:15:00-04:00,2026-04-30 05:30:00-04:00,39.1227,39.196,no
KXHYPE15M-26APR300515,Target Price: $39.2934,2026-04-30 05:00:00-04:00,2026-04-30 05:15:00-04:00,39.1960,39.2934,no
KXHYPE15M-26APR300200,Target Price: $39.4838,2026-04-30 01:45:00-04:00,2026-04-30 02:00:00-04:00,39.4442,39.4838,no
KXHYPE15M-26APR300145,Target Price: $39.3149,2026-04-30 01:30:00-04:00,2026-04-30 01:45:00-04:00,39.4838,39.3149,yes
KXHYPE15M-26APR300130,Target Price: $39.4130,2026-04-30 01:15:00-04:00,2026-04-30 01:30:00-04:00,39.3149,39.413,no
KXHYPE15M-26APR300115,Target Price: $39.3602,2026-04-30 01:00:00-04:00,2026-04-30 01:15:00-04:00,39.4130,39.3602,yes
KXHYPE15M-26APR300100,Target Price: $39.2507,2026-04-30 00:45:00-04:00,2026-04-30 01:00:00-04:00,39.3602,39.2507,yes
KXHYPE15M-26APR300045,Target Price: $39.4619,2026-04-30 00:30:00-04:00,2026-04-30 00:45:00-04:00,39.2507,39.4619,no
KXHYPE15M-26APR300030,Target Price: $39.5968,2026-04-30 00:15:00-04:00,2026-04-30 00:30:00-04:00,39.4619,39.5968,no
KXHYPE15M-26APR300015,Target Price: $39.6777,2026-04-30 00:00:00-04:00,2026-04-30 00:15:00-04:00,39.5968,39.6777,no
KXHYPE15M-26APR300000,Target Price: $39.7176,2026-04-29 23:45:00-04:00,2026-04-30 00:00:00-04:00,39.6777,39.7176,no
KXHYPE15M-26APR292345,Target Price: $39.6305,2026-04-29 23:30:00-04:00,2026-04-29 23:45:00-04:00,39.7176,39.6305,yes
KXHYPE15M-26APR292330,Target Price: $39.7258,2026-04-29 23:15:00-04:00,2026-04-29 23:30:00-04:00,39.6305,39.7258,no
KXHYPE15M-26APR292315,Target Price: $39.6728,2026-04-29 23:00:00-04:00,2026-04-29 23:15:00-04:00,39.7258,39.6728,yes
KXHYPE15M-26APR292300,Target Price: $39.6579,2026-04-29 22:45:00-04:00,2026-04-29 23:00:00-04:00,39.6728,39.6579,yes
KXHYPE15M-26APR292245,Target Price: $40.0065,2026-04-29 22:30:00-04:00,2026-04-29 22:45:00-04:00,39.6579,40.0065,no
KXHYPE15M-26APR292230,Target Price: $40.1844,2026-04-29 22:15:00-04:00,2026-04-29 22:30:00-04:00,40.0065,40.1844,no
KXHYPE15M-26APR292215,Target Price: $40.1442,2026-04-29 22:00:00-04:00,2026-04-29 22:15:00-04:00,40.1844,40.1442,yes
KXHYPE15M-26APR292200,Target Price: $40.1069,2026-04-29 21:45:00-04:00,2026-04-29 22:00:00-04:00,40.1442,40.1069,yes
KXHYPE15M-26APR292145,Target Price: $40.0715,2026-04-29 21:30:00-04:00,2026-04-29 21:45:00-04:00,40.1069,40.0715,yes
KXHYPE15M-26APR292130,Target Price: $40.1313,2026-04-29 21:15:00-04:00,2026-04-29 21:30:00-04:00,40.0715,40.1313,no
KXHYPE15M-26APR292115,Target Price: $40.1995,2026-04-29 21:00:00-04:00,2026-04-29 21:15:00-04:00,40.1313,40.1995,no
KXHYPE15M-26APR292100,Target Price: $40.1607,2026-04-29 20:45:00-04:00,2026-04-29 21:00:00-04:00,40.1995,40.1607,yes
KXHYPE15M-26APR292045,Target Price: $39.8363,2026-04-29 20:30:00-04:00,2026-04-29 20:45:00-04:00,40.1607,39.8363,yes
KXHYPE15M-26APR292030,Target Price: $39.9486,2026-04-29 20:15:00-04:00,2026-04-29 20:30:00-04:00,39.8363,39.9486,no
KXHYPE15M-26APR292015,Target Price: $39.9448,2026-04-29 20:00:00-04:00,2026-04-29 20:15:00-04:00,39.9486,39.9448,yes
KXHYPE15M-26APR292000,Target Price: $39.9034,2026-04-29 19:45:00-04:00,2026-04-29 20:00:00-04:00,39.9448,39.9034,yes
KXHYPE15M-26APR291945,Target Price: $39.8975,2026-04-29 19:30:00-04:00,2026-04-29 19:45:00-04:00,39.9034,39.8975,yes
KXHYPE15M-26APR291930,Target Price: $40.0322,2026-04-29 19:15:00-04:00,2026-04-29 19:30:00-04:00,39.8975,40.0322,no
KXHYPE15M-26APR291915,Target Price: $39.9651,2026-04-29 19:00:00-04:00,2026-04-29 19:15:00-04:00,40.0322,39.9651,yes
KXHYPE15M-26APR291900,Target Price: $39.9632,2026-04-29 18:45:00-04:00,2026-04-29 19:00:00-04:00,39.9651,39.9632,yes
KXHYPE15M-26APR291845,Target Price: $39.9713,2026-04-29 18:30:00-04:00,2026-04-29 18:45:00-04:00,39.9632,39.9713,no
KXHYPE15M-26APR291830,Target Price: $40.0325,2026-04-29 18:15:00-04:00,2026-04-29 18:30:00-04:00,39.9713,40.0325,no
KXHYPE15M-26APR291815,Target Price: $40.0866,2026-04-29 18:00:00-04:00,2026-04-29 18:15:00-04:00,40.0325,40.0866,no
KXHYPE15M-26APR291800,Target Price: $39.9429,2026-04-29 17:45:00-04:00,2026-04-29 18:00:00-04:00,40.0866,39.9429,yes
KXHYPE15M-26APR291745,Target Price: $39.9533,2026-04-29 17:30:00-04:00,2026-04-29 17:45:00-04:00,39.9429,39.9533,no
KXHYPE15M-26APR291730,Target Price: $39.8713,2026-04-29 17:15:00-04:00,2026-04-29 17:30:00-04:00,39.9533,39.8713,yes
KXHYPE15M-26APR291715,Target Price: $39.7494,2026-04-29 17:00:00-04:00,2026-04-29 17:15:00-04:00,39.8713,39.7494,yes
KXHYPE15M-26APR291700,Target Price: $39.8762,2026-04-29 16:45:00-04:00,2026-04-29 17:00:00-04:00,39.7494,39.8762,no
KXHYPE15M-26APR291645,Target Price: $39.8856,2026-04-29 16:30:00-04:00,2026-04-29 16:45:00-04:00,39.8762,39.8856,no
KXHYPE15M-26APR291630,Target Price: $39.7920,2026-04-29 16:15:00-04:00,2026-04-29 16:30:00-04:00,39.8856,39.792,yes
KXHYPE15M-26APR291615,Target Price: $39.9043,2026-04-29 16:00:00-04:00,2026-04-29 16:15:00-04:00,39.7920,39.9043,no
KXHYPE15M-26APR291600,Target Price: $39.8397,2026-04-29 15:45:00-04:00,2026-04-29 16:00:00-04:00,39.9043,39.8397,yes
KXHYPE15M-26APR291545,Target Price: $39.8247,2026-04-29 15:30:00-04:00,2026-04-29 15:45:00-04:00,39.8397,39.8247,yes
KXHYPE15M-26APR291530,Target Price: $39.7647,2026-04-29 15:15:00-04:00,2026-04-29 15:30:00-04:00,39.8247,39.7647,yes
KXHYPE15M-26APR291515,Target Price: $39.6482,2026-04-29 15:00:00-04:00,2026-04-29 15:15:00-04:00,39.7647,39.6482,yes
KXHYPE15M-26APR291500,Target Price: $39.3729,2026-04-29 14:45:00-04:00,2026-04-29 15:00:00-04:00,39.6482,39.3729,yes
KXHYPE15M-26APR291445,Target Price: $39.4052,2026-04-29 14:30:00-04:00,2026-04-29 14:45:00-04:00,39.3729,39.4052,no
KXHYPE15M-26APR291430,Target Price: $39.3801,2026-04-29 14:15:00-04:00,2026-04-29 14:30:00-04:00,39.4052,39.3801,yes
KXHYPE15M-26APR291415,Target Price: $39.7168,2026-04-29 14:00:00-04:00,2026-04-29 14:15:00-04:00,39.3801,39.7168,no
KXHYPE15M-26APR291400,Target Price: $39.5642,2026-04-29 13:45:00-04:00,2026-04-29 14:00:00-04:00,39.7168,39.5642,yes
KXHYPE15M-26APR291345,Target Price: $39.5413,2026-04-29 13:30:00-04:00,2026-04-29 13:45:00-04:00,39.5642,39.5413,yes
KXHYPE15M-26APR291330,Target Price: $39.5233,2026-04-29 13:15:00-04:00,2026-04-29 13:30:00-04:00,39.5413,39.5233,yes
KXHYPE15M-26APR291315,Target Price: $39.4175,2026-04-29 13:00:00-04:00,2026-04-29 13:15:00-04:00,39.5233,39.4175,yes
KXHYPE15M-26APR291300,Target Price: $39.5812,2026-04-29 12:45:00-04:00,2026-04-29 13:00:00-04:00,39.4175,39.5812,no
KXHYPE15M-26APR291245,Target Price: $39.6949,2026-04-29 12:30:00-04:00,2026-04-29 12:45:00-04:00,39.5812,39.6949,no
KXHYPE15M-26APR291230,Target Price: $39.7418,2026-04-29 12:15:00-04:00,2026-04-29 12:30:00-04:00,39.6949,39.7418,no
KXHYPE15M-26APR291215,Target Price: $39.5513,2026-04-29 12:00:00-04:00,2026-04-29 12:15:00-04:00,39.7418,39.5513,yes
KXHYPE15M-26APR291200,Target Price: $39.5055,2026-04-29 11:45:00-04:00,2026-04-29 12:00:00-04:00,39.5513,39.5055,yes
KXHYPE15M-26APR291145,Target Price: $39.6334,2026-04-29 11:30:00-04:00,2026-04-29 11:45:00-04:00,39.5055,39.6334,no
KXHYPE15M-26APR291130,Target Price: $39.6443,2026-04-29 11:15:00-04:00,2026-04-29 11:30:00-04:00,39.6334,39.6443,no
KXHYPE15M-26APR291115,Target Price: $39.8978,2026-04-29 11:00:00-04:00,2026-04-29 11:15:00-04:00,39.6443,39.8978,no
KXHYPE15M-26APR291100,Target Price: $39.9253,2026-04-29 10:45:00-04:00,2026-04-29 11:00:00-04:00,39.8978,39.9253,no
KXHYPE15M-26APR291045,Target Price: $39.9170,2026-04-29 10:30:00-04:00,2026-04-29 10:45:00-04:00,39.9253,39.917,yes
KXHYPE15M-26APR291030,Target Price: $39.6662,2026-04-29 10:15:00-04:00,2026-04-29 10:30:00-04:00,39.9170,39.6662,yes
KXHYPE15M-26APR291015,Target Price: $39.7646,2026-04-29 10:00:00-04:00,2026-04-29 10:15:00-04:00,39.6662,39.7646,no
KXHYPE15M-26APR291000,Target Price: $39.8101,2026-04-29 09:45:00-04:00,2026-04-29 10:00:00-04:00,39.7646,39.8101,no
KXHYPE15M-26APR290945,Target Price: $39.8684,2026-04-29 09:30:00-04:00,2026-04-29 09:45:00-04:00,39.8101,39.8684,no
KXHYPE15M-26APR290930,Target Price: $40.0609,2026-04-29 09:15:00-04:00,2026-04-29 09:30:00-04:00,39.8684,40.0609,no
KXHYPE15M-26APR290915,Target Price: $40.0810,2026-04-29 09:00:00-04:00,2026-04-29 09:15:00-04:00,40.0609,40.081,no
KXHYPE15M-26APR290900,Target Price: $40.0465,2026-04-29 08:45:00-04:00,2026-04-29 09:00:00-04:00,40.0810,40.0465,yes
KXHYPE15M-26APR290845,Target Price: $39.9405,2026-04-29 08:30:00-04:00,2026-04-29 08:45:00-04:00,40.0465,39.9405,yes
KXHYPE15M-26APR290830,Target Price: $40.1790,2026-04-29 08:15:00-04:00,2026-04-29 08:30:00-04:00,39.9405,40.179,no
KXHYPE15M-26APR290815,Target Price: $40.3849,2026-04-29 08:00:00-04:00,2026-04-29 08:15:00-04:00,40.1790,40.3849,no
KXHYPE15M-26APR290800,Target Price: $40.2799,2026-04-29 07:45:00-04:00,2026-04-29 08:00:00-04:00,40.3849,40.2799,yes
KXHYPE15M-26APR290745,Target Price: $40.5158,2026-04-29 07:30:00-04:00,2026-04-29 07:45:00-04:00,40.2799,40.5158,no
KXHYPE15M-26APR290730,Target Price: $40.6107,2026-04-29 07:15:00-04:00,2026-04-29 07:30:00-04:00,40.5158,40.6107,no
KXHYPE15M-26APR290715,Target Price: $40.5246,2026-04-29 07:00:00-04:00,2026-04-29 07:15:00-04:00,40.6107,40.5246,yes
KXHYPE15M-26APR290700,Target Price: $40.4501,2026-04-29 06:45:00-04:00,2026-04-29 07:00:00-04:00,40.5246,40.4501,yes
KXHYPE15M-26APR290645,Target Price: $40.6602,2026-04-29 06:30:00-04:00,2026-04-29 06:45:00-04:00,40.4501,40.6602,no
KXHYPE15M-26APR290630,Target Price: $40.6463,2026-04-29 06:15:00-04:00,2026-04-29 06:30:00-04:00,40.6602,40.6463,yes
KXHYPE15M-26APR290615,Target Price: $40.5846,2026-04-29 06:00:00-04:00,2026-04-29 06:15:00-04:00,40.6463,40.5846,yes
KXHYPE15M-26APR290600,Target Price: $40.5261,2026-04-29 05:45:00-04:00,2026-04-29 06:00:00-04:00,40.5846,40.5261,yes
KXHYPE15M-26APR290545,Target Price: $40.3274,2026-04-29 05:30:00-04:00,2026-04-29 05:45:00-04:00,40.5261,40.3274,yes
KXHYPE15M-26APR290530,Target Price: $40.3531,2026-04-29 05:15:00-04:00,2026-04-29 05:30:00-04:00,40.3274,40.3531,no
KXHYPE15M-26APR290515,Target Price: $40.3816,2026-04-29 05:00:00-04:00,2026-04-29 05:15:00-04:00,40.3531,40.3816,no
KXHYPE15M-26APR290500,Target Price: $40.4165,2026-04-29 04:45:00-04:00,2026-04-29 05:00:00-04:00,40.3816,40.4165,no
KXHYPE15M-26APR290445,Target Price: $40.4699,2026-04-29 04:30:00-04:00,2026-04-29 04:45:00-04:00,40.4165,40.4699,no
KXHYPE15M-26APR290430,Target Price: $40.5299,2026-04-29 04:15:00-04:00,2026-04-29 04:30:00-04:00,40.4699,40.5299,no
KXHYPE15M-26APR290415,Target Price: $40.5541,2026-04-29 04:00:00-04:00,2026-04-29 04:15:00-04:00,40.5299,40.5541,no
KXHYPE15M-26APR290400,Target Price: $40.6744,2026-04-29 03:45:00-04:00,2026-04-29 04:00:00-04:00,40.5541,40.6744,no
KXHYPE15M-26APR290345,Target Price: $40.6232,2026-04-29 03:30:00-04:00,2026-04-29 03:45:00-04:00,40.6744,40.6232,yes
KXHYPE15M-26APR290330,Target Price: $40.6453,2026-04-29 03:15:00-04:00,2026-04-29 03:30:00-04:00,40.6232,40.6453,no
KXHYPE15M-26APR290315,Target Price: $40.5504,2026-04-29 03:00:00-04:00,2026-04-29 03:15:00-04:00,40.6453,40.5504,yes
KXHYPE15M-26APR290300,Target Price: $40.5909,2026-04-29 02:45:00-04:00,2026-04-29 03:00:00-04:00,40.5504,40.5909,no
KXHYPE15M-26APR290245,Target Price: $40.5961,2026-04-29 02:30:00-04:00,2026-04-29 02:45:00-04:00,40.5909,40.5961,no
KXHYPE15M-26APR290230,Target Price: $40.6573,2026-04-29 02:15:00-04:00,2026-04-29 02:30:00-04:00,40.5961,40.6573,no
KXHYPE15M-26APR290215,Target Price: $40.7653,2026-04-29 02:00:00-04:00,2026-04-29 02:15:00-04:00,40.6573,40.7653,no
KXHYPE15M-26APR290200,Target Price: $40.6304,2026-04-29 01:45:00-04:00,2026-04-29 02:00:00-04:00,40.7653,40.6304,yes
KXHYPE15M-26APR290145,Target Price: $40.6941,2026-04-29 01:30:00-04:00,2026-04-29 01:45:00-04:00,40.6304,40.6941,no
KXHYPE15M-26APR290130,Target Price: $40.5459,2026-04-29 01:15:00-04:00,2026-04-29 01:30:00-04:00,40.6941,40.5459,yes
KXHYPE15M-26APR290115,Target Price: $40.6394,2026-04-29 01:00:00-04:00,2026-04-29 01:15:00-04:00,40.5459,40.6394,no
KXHYPE15M-26APR290100,Target Price: $40.4753,2026-04-29 00:45:00-04:00,2026-04-29 01:00:00-04:00,40.6394,40.4753,yes
KXHYPE15M-26APR290045,Target Price: $40.2771,2026-04-29 00:30:00-04:00,2026-04-29 00:45:00-04:00,40.4753,40.2771,yes
KXHYPE15M-26APR290030,Target Price: $40.1848,2026-04-29 00:15:00-04:00,2026-04-29 00:30:00-04:00,40.2771,40.1848,yes
KXHYPE15M-26APR290015,Target Price: $40.3103,2026-04-29 00:00:00-04:00,2026-04-29 00:15:00-04:00,40.1848,40.3103,no
KXHYPE15M-26APR290000,Target Price: $40.4089,2026-04-28 23:45:00-04:00,2026-04-29 00:00:00-04:00,40.3103,40.4089,no
KXHYPE15M-26APR282345,Target Price: $40.3611,2026-04-28 23:30:00-04:00,2026-04-28 23:45:00-04:00,40.4089,40.3611,yes
KXHYPE15M-26APR282330,Target Price: $40.1658,2026-04-28 23:15:00-04:00,2026-04-28 23:30:00-04:00,40.3611,40.1658,yes
KXHYPE15M-26APR282315,Target Price: $40.1543,2026-04-28 23:00:00-04:00,2026-04-28 23:15:00-04:00,40.1658,40.1543,yes
KXHYPE15M-26APR282300,Target Price: $40.0670,2026-04-28 22:45:00-04:00,2026-04-28 23:00:00-04:00,40.1543,40.067,yes
KXHYPE15M-26APR282245,Target Price: $40.0578,2026-04-28 22:30:00-04:00,2026-04-28 22:45:00-04:00,40.0670,40.0578,yes
KXHYPE15M-26APR282230,Target Price: $40.1221,2026-04-28 22:15:00-04:00,2026-04-28 22:30:00-04:00,40.0578,40.1221,no
KXHYPE15M-26APR282215,Target Price: $40.2208,2026-04-28 22:00:00-04:00,2026-04-28 22:15:00-04:00,40.1221,40.2208,no
KXHYPE15M-26APR282200,Target Price: $40.0978,2026-04-28 21:45:00-04:00,2026-04-28 22:00:00-04:00,40.2208,40.0978,yes
KXHYPE15M-26APR282145,Target Price: $39.9865,2026-04-28 21:30:00-04:00,2026-04-28 21:45:00-04:00,40.0978,39.9865,yes
KXHYPE15M-26APR282130,Target Price: $40.0007,2026-04-28 21:15:00-04:00,2026-04-28 21:30:00-04:00,39.9865,40.0007,no
KXHYPE15M-26APR282115,Target Price: $40.0604,2026-04-28 21:00:00-04:00,2026-04-28 21:15:00-04:00,40.0007,40.0604,no
KXHYPE15M-26APR282100,Target Price: $39.9875,2026-04-28 20:45:00-04:00,2026-04-28 21:00:00-04:00,40.0604,39.9875,yes
KXHYPE15M-26APR282045,Target Price: $39.9750,2026-04-28 20:30:00-04:00,2026-04-28 20:45:00-04:00,39.9875,39.975,yes
KXHYPE15M-26APR282030,Target Price: $40.0176,2026-04-28 20:15:00-04:00,2026-04-28 20:30:00-04:00,39.9750,40.0176,no
KXHYPE15M-26APR282015,Target Price: $40.1676,2026-04-28 20:00:00-04:00,2026-04-28 20:15:00-04:00,40.0176,40.1676,no
KXHYPE15M-26APR282000,Target Price: $40.0711,2026-04-28 19:45:00-04:00,2026-04-28 20:00:00-04:00,40.1676,40.0711,yes
KXHYPE15M-26APR281945,Target Price: $40.0585,2026-04-28 19:30:00-04:00,2026-04-28 19:45:00-04:00,40.0711,40.0585,yes
KXHYPE15M-26APR281930,Target Price: $40.0838,2026-04-28 19:15:00-04:00,2026-04-28 19:30:00-04:00,40.0585,40.0838,no
KXHYPE15M-26APR281915,Target Price: $39.9972,2026-04-28 19:00:00-04:00,2026-04-28 19:15:00-04:00,40.0838,39.9972,yes
KXHYPE15M-26APR281900,Target Price: $39.9848,2026-04-28 18:45:00-04:00,2026-04-28 19:00:00-04:00,39.9972,39.9848,yes
KXHYPE15M-26APR281845,Target Price: $40.0592,2026-04-28 18:30:00-04:00,2026-04-28 18:45:00-04:00,39.9848,40.0592,no
KXHYPE15M-26APR281830,Target Price: $39.9859,2026-04-28 18:15:00-04:00,2026-04-28 18:30:00-04:00,40.0592,39.9859,yes
KXHYPE15M-26APR281815,Target Price: $39.9815,2026-04-28 18:00:00-04:00,2026-04-28 18:15:00-04:00,39.9859,39.9815,yes
KXHYPE15M-26APR281800,Target Price: $39.9456,2026-04-28 17:45:00-04:00,2026-04-28 18:00:00-04:00,39.9815,39.9456,yes
KXHYPE15M-26APR281745,Target Price: $39.9211,2026-04-28 17:30:00-04:00,2026-04-28 17:45:00-04:00,39.9456,39.9211,yes
KXHYPE15M-26APR281730,Target Price: $39.9764,2026-04-28 17:15:00-04:00,2026-04-28 17:30:00-04:00,39.9211,39.9764,no
KXHYPE15M-26APR281715,Target Price: $39.8911,2026-04-28 17:00:00-04:00,2026-04-28 17:15:00-04:00,39.9764,39.8911,yes
KXHYPE15M-26APR281700,Target Price: $39.9626,2026-04-28 16:45:00-04:00,2026-04-28 17:00:00-04:00,39.8911,39.9626,no
KXHYPE15M-26APR281645,Target Price: $39.8626,2026-04-28 16:30:00-04:00,2026-04-28 16:45:00-04:00,39.9626,39.8626,yes
KXHYPE15M-26APR281630,Target Price: $40.0581,2026-04-28 16:15:00-04:00,2026-04-28 16:30:00-04:00,39.8626,40.0581,no
KXHYPE15M-26APR281615,Target Price: $40.1315,2026-04-28 16:00:00-04:00,2026-04-28 16:15:00-04:00,40.0581,40.1315,no
KXHYPE15M-26APR281600,Target Price: $40.0848,2026-04-28 15:45:00-04:00,2026-04-28 16:00:00-04:00,40.1315,40.0848,yes
KXHYPE15M-26APR281545,Target Price: $39.9891,2026-04-28 15:30:00-04:00,2026-04-28 15:45:00-04:00,40.0848,39.9891,yes
KXHYPE15M-26APR281530,Target Price: $39.9094,2026-04-28 15:15:00-04:00,2026-04-28 15:30:00-04:00,39.9891,39.9094,yes
KXHYPE15M-26APR281515,Target Price: $39.9532,2026-04-28 15:00:00-04:00,2026-04-28 15:15:00-04:00,39.9094,39.9532,no
KXHYPE15M-26APR281500,Target Price: $39.8595,2026-04-28 14:45:00-04:00,2026-04-28 15:00:00-04:00,39.9532,39.8595,yes
KXHYPE15M-26APR281445,Target Price: $39.8417,2026-04-28 14:30:00-04:00,2026-04-28 14:45:00-04:00,39.8595,39.8417,yes
KXHYPE15M-26APR281430,Target Price: $39.7168,2026-04-28 14:15:00-04:00,2026-04-28 14:30:00-04:00,39.8417,39.7168,yes
KXHYPE15M-26APR281415,Target Price: $39.7034,2026-04-28 14:00:00-04:00,2026-04-28 14:15:00-04:00,39.7168,39.7034,yes
KXHYPE15M-26APR281400,Target Price: $39.7115,2026-04-28 13:45:00-04:00,2026-04-28 14:00:00-04:00,39.7034,39.7115,no
KXHYPE15M-26APR281345,Target Price: $39.5912,2026-04-28 13:30:00-04:00,2026-04-28 13:45:00-04:00,39.7115,39.5912,yes
KXHYPE15M-26APR281330,Target Price: $39.7232,2026-04-28 13:15:00-04:00,2026-04-28 13:30:00-04:00,39.5912,39.7232,no
KXHYPE15M-26APR281315,Target Price: $39.7225,2026-04-28 13:00:00-04:00,2026-04-28 13:15:00-04:00,39.7232,39.7225,yes
KXHYPE15M-26APR281300,Target Price: $39.5065,2026-04-28 12:45:00-04:00,2026-04-28 13:00:00-04:00,39.7225,39.5065,yes
KXHYPE15M-26APR281245,Target Price: $39.6443,2026-04-28 12:30:00-04:00,2026-04-28 12:45:00-04:00,39.5065,39.6443,no
KXHYPE15M-26APR281230,Target Price: $39.8991,2026-04-28 12:15:00-04:00,2026-04-28 12:30:00-04:00,39.6443,39.8991,no
KXHYPE15M-26APR281215,Target Price: $39.7401,2026-04-28 12:00:00-04:00,2026-04-28 12:15:00-04:00,39.8991,39.7401,yes
KXHYPE15M-26APR281200,Target Price: $39.7243,2026-04-28 11:45:00-04:00,2026-04-28 12:00:00-04:00,39.7401,39.7243,yes
KXHYPE15M-26APR281145,Target Price: $39.6950,2026-04-28 11:30:00-04:00,2026-04-28 11:45:00-04:00,39.7243,39.695,yes
KXHYPE15M-26APR281130,Target Price: $39.7443,2026-04-28 11:15:00-04:00,2026-04-28 11:30:00-04:00,39.6950,39.7443,no
KXHYPE15M-26APR281115,Target Price: $39.8565,2026-04-28 11:00:00-04:00,2026-04-28 11:15:00-04:00,39.7443,39.8565,no
KXHYPE15M-26APR281100,Target Price: $39.6621,2026-04-28 10:45:00-04:00,2026-04-28 11:00:00-04:00,39.8565,39.6621,yes
KXHYPE15M-26APR281045,Target Price: $39.7626,2026-04-28 10:30:00-04:00,2026-04-28 10:45:00-04:00,39.6621,39.7626,no
KXHYPE15M-26APR281030,Target Price: $40.0074,2026-04-28 10:15:00-04:00,2026-04-28 10:30:00-04:00,39.7626,40.0074,no
KXHYPE15M-26APR281015,Target Price: $40.0171,2026-04-28 10:00:00-04:00,2026-04-28 10:15:00-04:00,40.0074,40.0171,no
KXHYPE15M-26APR281000,Target Price: $40.1705,2026-04-28 09:45:00-04:00,2026-04-28 10:00:00-04:00,40.0171,40.1705,no
KXHYPE15M-26APR280945,Target Price: $39.9607,2026-04-28 09:30:00-04:00,2026-04-28 09:45:00-04:00,40.1705,39.9607,yes
KXHYPE15M-26APR280930,Target Price: $39.7658,2026-04-28 09:15:00-04:00,2026-04-28 09:30:00-04:00,39.9607,39.7658,yes
KXHYPE15M-26APR280915,Target Price: $40.0494,2026-04-28 09:00:00-04:00,2026-04-28 09:15:00-04:00,39.7658,40.0494,no
KXHYPE15M-26APR280900,Target Price: $40.0605,2026-04-28 08:45:00-04:00,2026-04-28 09:00:00-04:00,40.0494,40.0605,no
KXHYPE15M-26APR280845,Target Price: $39.9763,2026-04-28 08:30:00-04:00,2026-04-28 08:45:00-04:00,40.0605,39.9763,yes
KXHYPE15M-26APR280830,Target Price: $40.0338,2026-04-28 08:15:00-04:00,2026-04-28 08:30:00-04:00,39.9763,40.0338,no
KXHYPE15M-26APR280815,Target Price: $40.1223,2026-04-28 08:00:00-04:00,2026-04-28 08:15:00-04:00,40.0338,40.1223,no
KXHYPE15M-26APR280800,Target Price: $40.1251,2026-04-28 07:45:00-04:00,2026-04-28 08:00:00-04:00,40.1223,40.1251,no
KXHYPE15M-26APR280745,Target Price: $40.1750,2026-04-28 07:30:00-04:00,2026-04-28 07:45:00-04:00,40.1251,40.175,no
KXHYPE15M-26APR280730,Target Price: $39.9064,2026-04-28 07:15:00-04:00,2026-04-28 07:30:00-04:00,40.1750,39.9064,yes
KXHYPE15M-26APR280715,Target Price: $39.7924,2026-04-28 07:00:00-04:00,2026-04-28 07:15:00-04:00,39.9064,39.7924,yes
KXHYPE15M-26APR280700,Target Price: $40.0262,2026-04-28 06:45:00-04:00,2026-04-28 07:00:00-04:00,39.7924,40.0262,no
KXHYPE15M-26APR280645,Target Price: $40.0318,2026-04-28 06:30:00-04:00,2026-04-28 06:45:00-04:00,40.0262,40.0318,no
KXHYPE15M-26APR280630,Target Price: $40.1708,2026-04-28 06:15:00-04:00,2026-04-28 06:30:00-04:00,40.0318,40.1708,no
KXHYPE15M-26APR280615,Target Price: $40.3457,2026-04-28 06:00:00-04:00,2026-04-28 06:15:00-04:00,40.1708,40.3457,no
KXHYPE15M-26APR280600,Target Price: $40.3579,2026-04-28 05:45:00-04:00,2026-04-28 06:00:00-04:00,40.3457,40.3579,no
KXHYPE15M-26APR280545,Target Price: $40.4460,2026-04-28 05:30:00-04:00,2026-04-28 05:45:00-04:00,40.3579,40.446,no
KXHYPE15M-26APR280530,Target Price: $40.5533,2026-04-28 05:15:00-04:00,2026-04-28 05:30:00-04:00,40.4460,40.5533,no
KXHYPE15M-26APR280515,Target Price: $40.5444,2026-04-28 05:00:00-04:00,2026-04-28 05:15:00-04:00,40.5533,40.5444,yes
KXHYPE15M-26APR280500,Target Price: $40.5585,2026-04-28 04:45:00-04:00,2026-04-28 05:00:00-04:00,40.5444,40.5585,no
KXHYPE15M-26APR280445,Target Price: $40.5882,2026-04-28 04:30:00-04:00,2026-04-28 04:45:00-04:00,40.5585,40.5882,no
KXHYPE15M-26APR280430,Target Price: $40.4473,2026-04-28 04:15:00-04:00,2026-04-28 04:30:00-04:00,40.5882,40.4473,yes
KXHYPE15M-26APR280415,Target Price: $40.6154,2026-04-28 04:00:00-04:00,2026-04-28 04:15:00-04:00,40.4473,40.6154,no
KXHYPE15M-26APR280400,Target Price: $40.4068,2026-04-28 03:45:00-04:00,2026-04-28 04:00:00-04:00,40.6154,40.4068,yes
KXHYPE15M-26APR280345,Target Price: $40.4145,2026-04-28 03:30:00-04:00,2026-04-28 03:45:00-04:00,40.4068,40.4145,no
KXHYPE15M-26APR280330,Target Price: $40.4073,2026-04-28 03:15:00-04:00,2026-04-28 03:30:00-04:00,40.4145,40.4073,yes
KXHYPE15M-26APR280315,Target Price: $40.5489,2026-04-28 03:00:00-04:00,2026-04-28 03:15:00-04:00,40.4073,40.5489,no
KXHYPE15M-26APR280300,Target Price: $40.7552,2026-04-28 02:45:00-04:00,2026-04-28 03:00:00-04:00,40.5489,40.7552,no
KXHYPE15M-26APR280245,Target Price: $41.2467,2026-04-28 02:30:00-04:00,2026-04-28 02:45:00-04:00,40.7552,41.2467,no
KXHYPE15M-26APR280230,Target Price: $41.3294,2026-04-28 02:15:00-04:00,2026-04-28 02:30:00-04:00,41.2467,41.3294,no
KXHYPE15M-26APR280215,Target Price: $41.1878,2026-04-28 02:00:00-04:00,2026-04-28 02:15:00-04:00,41.3294,41.1878,yes
KXHYPE15M-26APR280200,Target Price: $41.2260,2026-04-28 01:45:00-04:00,2026-04-28 02:00:00-04:00,41.1878,41.226,no
KXHYPE15M-26APR280145,Target Price: $41.2942,2026-04-28 01:30:00-04:00,2026-04-28 01:45:00-04:00,41.2260,41.2942,no
KXHYPE15M-26APR280130,Target Price: $41.3047,2026-04-28 01:15:00-04:00,2026-04-28 01:30:00-04:00,41.2942,41.3047,no
KXHYPE15M-26APR280115,Target Price: $41.1978,2026-04-28 01:00:00-04:00,2026-04-28 01:15:00-04:00,41.3047,41.1978,yes
KXHYPE15M-26APR280100,Target Price: $41.1844,2026-04-28 00:45:00-04:00,2026-04-28 01:00:00-04:00,41.1978,41.1844,yes
KXHYPE15M-26APR280045,Target Price: $41.1290,2026-04-28 00:30:00-04:00,2026-04-28 00:45:00-04:00,41.1844,41.129,yes
KXHYPE15M-26APR280030,Target Price: $41.1270,2026-04-28 00:15:00-04:00,2026-04-28 00:30:00-04:00,41.1290,41.127,yes
KXHYPE15M-26APR280015,Target Price: $41.0660,2026-04-28 00:00:00-04:00,2026-04-28 00:15:00-04:00,41.1270,41.066,yes
KXHYPE15M-26APR280000,Target Price: $41.0511,2026-04-27 23:45:00-04:00,2026-04-28 00:00:00-04:00,41.0660,41.0511,yes
KXHYPE15M-26APR272345,Target Price: $41.0067,2026-04-27 23:30:00-04:00,2026-04-27 23:45:00-04:00,41.0511,41.0067,yes
KXHYPE15M-26APR272330,Target Price: $40.8723,2026-04-27 23:15:00-04:00,2026-04-27 23:30:00-04:00,41.0067,40.8723,yes
KXHYPE15M-26APR272315,Target Price: $41.0123,2026-04-27 23:00:00-04:00,2026-04-27 23:15:00-04:00,40.8723,41.0123,no
KXHYPE15M-26APR272300,Target Price: $40.8718,2026-04-27 22:45:00-04:00,2026-04-27 23:00:00-04:00,41.0123,40.8718,yes
KXHYPE15M-26APR272245,Target Price: $41.2928,2026-04-27 22:30:00-04:00,2026-04-27 22:45:00-04:00,40.8718,41.2928,no
KXHYPE15M-26APR272230,Target Price: $41.3778,2026-04-27 22:15:00-04:00,2026-04-27 22:30:00-04:00,41.2928,41.3778,no
KXHYPE15M-26APR272215,Target Price: $41.3961,2026-04-27 22:00:00-04:00,2026-04-27 22:15:00-04:00,41.3778,41.3961,no
KXHYPE15M-26APR272200,Target Price: $41.5319,2026-04-27 21:45:00-04:00,2026-04-27 22:00:00-04:00,41.3961,41.5319,no
KXHYPE15M-26APR272145,Target Price: $41.6568,2026-04-27 21:30:00-04:00,2026-04-27 21:45:00-04:00,41.5319,41.6568,no
KXHYPE15M-26APR272130,Target Price: $41.6716,2026-04-27 21:15:00-04:00,2026-04-27 21:30:00-04:00,41.6568,41.6716,no
KXHYPE15M-26APR272115,Target Price: $41.6971,2026-04-27 21:00:00-04:00,2026-04-27 21:15:00-04:00,41.6716,41.6971,no
KXHYPE15M-26APR272100,Target Price: $41.7683,2026-04-27 20:45:00-04:00,2026-04-27 21:00:00-04:00,41.6971,41.7683,no
KXHYPE15M-26APR272045,Target Price: $41.6809,2026-04-27 20:30:00-04:00,2026-04-27 20:45:00-04:00,41.7683,41.6809,yes
KXHYPE15M-26APR272030,Target Price: $41.7254,2026-04-27 20:15:00-04:00,2026-04-27 20:30:00-04:00,41.6809,41.7254,no
KXHYPE15M-26APR272015,Target Price: $41.6470,2026-04-27 20:00:00-04:00,2026-04-27 20:15:00-04:00,41.7254,41.647,yes
KXHYPE15M-26APR272000,Target Price: $41.5858,2026-04-27 19:45:00-04:00,2026-04-27 20:00:00-04:00,41.6470,41.5858,yes
KXHYPE15M-26APR271945,Target Price: $41.5411,2026-04-27 19:30:00-04:00,2026-04-27 19:45:00-04:00,41.5858,41.5411,yes
KXHYPE15M-26APR271930,Target Price: $41.4212,2026-04-27 19:15:00-04:00,2026-04-27 19:30:00-04:00,41.5411,41.4212,yes
KXHYPE15M-26APR271915,Target Price: $41.4636,2026-04-27 19:00:00-04:00,2026-04-27 19:15:00-04:00,41.4212,41.4636,no
KXHYPE15M-26APR271900,Target Price: $41.5457,2026-04-27 18:45:00-04:00,2026-04-27 19:00:00-04:00,41.4636,41.5457,no
KXHYPE15M-26APR271845,Target Price: $41.4354,2026-04-27 18:30:00-04:00,2026-04-27 18:45:00-04:00,41.5457,41.4354,yes
KXHYPE15M-26APR271830,Target Price: $41.4270,2026-04-27 18:15:00-04:00,2026-04-27 18:30:00-04:00,41.4354,41.427,yes
KXHYPE15M-26APR271815,Target Price: $41.3616,2026-04-27 18:00:00-04:00,2026-04-27 18:15:00-04:00,41.4270,41.3616,yes
KXHYPE15M-26APR271800,Target Price: $41.4068,2026-04-27 17:45:00-04:00,2026-04-27 18:00:00-04:00,41.3616,41.4068,no
KXHYPE15M-26APR271745,Target Price: $41.3899,2026-04-27 17:30:00-04:00,2026-04-27 17:45:00-04:00,41.4068,41.3899,yes
KXHYPE15M-26APR271730,Target Price: $41.3243,2026-04-27 17:15:00-04:00,2026-04-27 17:30:00-04:00,41.3899,41.3243,yes
KXHYPE15M-26APR271715,Target Price: $41.5097,2026-04-27 17:00:00-04:00,2026-04-27 17:15:00-04:00,41.3243,41.5097,no
KXHYPE15M-26APR271700,Target Price: $41.6538,2026-04-27 16:45:00-04:00,2026-04-27 17:00:00-04:00,41.5097,41.6538,no
KXHYPE15M-26APR271645,Target Price: $41.6503,2026-04-27 16:30:00-04:00,2026-04-27 16:45:00-04:00,41.6538,41.6503,yes
KXHYPE15M-26APR271630,Target Price: $41.5645,2026-04-27 16:15:00-04:00,2026-04-27 16:30:00-04:00,41.6503,41.5645,yes
KXHYPE15M-26APR271615,Target Price: $41.5763,2026-04-27 16:00:00-04:00,2026-04-27 16:15:00-04:00,41.5645,41.5763,no
KXHYPE15M-26APR271600,Target Price: $41.4988,2026-04-27 15:45:00-04:00,2026-04-27 16:00:00-04:00,41.5763,41.4988,yes
KXHYPE15M-26APR271545,Target Price: $41.4786,2026-04-27 15:30:00-04:00,2026-04-27 15:45:00-04:00,41.4988,41.4786,yes
KXHYPE15M-26APR271530,Target Price: $41.5355,2026-04-27 15:15:00-04:00,2026-04-27 15:30:00-04:00,41.4786,41.5355,no
KXHYPE15M-26APR271515,Target Price: $41.5900,2026-04-27 15:00:00-04:00,2026-04-27 15:15:00-04:00,41.5355,41.59,no
KXHYPE15M-26APR271500,Target Price: $41.6833,2026-04-27 14:45:00-04:00,2026-04-27 15:00:00-04:00,41.5900,41.6833,no
KXHYPE15M-26APR271445,Target Price: $41.7374,2026-04-27 14:30:00-04:00,2026-04-27 14:45:00-04:00,41.6833,41.7374,no
KXHYPE15M-26APR271430,Target Price: $41.6790,2026-04-27 14:15:00-04:00,2026-04-27 14:30:00-04:00,41.7374,41.679,yes
KXHYPE15M-26APR271415,Target Price: $41.7288,2026-04-27 14:00:00-04:00,2026-04-27 14:15:00-04:00,41.6790,41.7288,no
KXHYPE15M-26APR271400,Target Price: $41.8027,2026-04-27 13:45:00-04:00,2026-04-27 14:00:00-04:00,41.7288,41.8027,no
KXHYPE15M-26APR271345,Target Price: $41.6873,2026-04-27 13:30:00-04:00,2026-04-27 13:45:00-04:00,41.8027,41.6873,yes
KXHYPE15M-26APR271330,Target Price: $41.7081,2026-04-27 13:15:00-04:00,2026-04-27 13:30:00-04:00,41.6873,41.7081,no
KXHYPE15M-26APR271315,Target Price: $41.7176,2026-04-27 13:00:00-04:00,2026-04-27 13:15:00-04:00,41.7081,41.7176,no
KXHYPE15M-26APR271300,Target Price: $41.6230,2026-04-27 12:45:00-04:00,2026-04-27 13:00:00-04:00,41.7176,41.623,yes
KXHYPE15M-26APR271245,Target Price: $41.6995,2026-04-27 12:30:00-04:00,2026-04-27 12:45:00-04:00,41.6230,41.6995,no
KXHYPE15M-26APR271230,Target Price: $41.6956,2026-04-27 12:15:00-04:00,2026-04-27 12:30:00-04:00,41.6995,41.6956,yes
KXHYPE15M-26APR271215,Target Price: $41.7278,2026-04-27 12:00:00-04:00,2026-04-27 12:15:00-04:00,41.6956,41.7278,no
KXHYPE15M-26APR271200,Target Price: $41.8465,2026-04-27 11:45:00-04:00,2026-04-27 12:00:00-04:00,41.7278,41.8465,no
KXHYPE15M-26APR271145,Target Price: $41.8876,2026-04-27 11:30:00-04:00,2026-04-27 11:45:00-04:00,41.8465,41.8876,no
KXHYPE15M-26APR271130,Target Price: $42.0026,2026-04-27 11:15:00-04:00,2026-04-27 11:30:00-04:00,41.8876,42.0026,no
KXHYPE15M-26APR271115,Target Price: $42.5601,2026-04-27 11:00:00-04:00,2026-04-27 11:15:00-04:00,42.0026,42.5601,no
KXHYPE15M-26APR271100,Target Price: $42.8130,2026-04-27 10:45:00-04:00,2026-04-27 11:00:00-04:00,42.5601,42.813,no
KXHYPE15M-26APR271045,Target Price: $42.6970,2026-04-27 10:30:00-04:00,2026-04-27 10:45:00-04:00,42.8130,42.697,yes
KXHYPE15M-26APR271030,Target Price: $42.6754,2026-04-27 10:15:00-04:00,2026-04-27 10:30:00-04:00,42.6970,42.6754,yes
KXHYPE15M-26APR271015,Target Price: $42.3460,2026-04-27 10:00:00-04:00,2026-04-27 10:15:00-04:00,42.6754,42.346,yes
KXHYPE15M-26APR271000,Target Price: $42.3128,2026-04-27 09:45:00-04:00,2026-04-27 10:00:00-04:00,42.3460,42.3128,yes
KXHYPE15M-26APR270945,Target Price: $42.4027,2026-04-27 09:30:00-04:00,2026-04-27 09:45:00-04:00,42.3128,42.4027,no
KXHYPE15M-26APR270930,Target Price: $42.3326,2026-04-27 09:15:00-04:00,2026-04-27 09:30:00-04:00,42.4027,42.3326,yes
KXHYPE15M-26APR270915,Target Price: $42.2829,2026-04-27 09:00:00-04:00,2026-04-27 09:15:00-04:00,42.3326,42.2829,yes
KXHYPE15M-26APR270900,Target Price: $42.2821,2026-04-27 08:45:00-04:00,2026-04-27 09:00:00-04:00,42.2829,42.2821,yes
KXHYPE15M-26APR270845,Target Price: $42.1578,2026-04-27 08:30:00-04:00,2026-04-27 08:45:00-04:00,42.2821,42.1578,yes
KXHYPE15M-26APR270830,Target Price: $42.2260,2026-04-27 08:15:00-04:00,2026-04-27 08:30:00-04:00,42.1578,42.226,no
KXHYPE15M-26APR270815,Target Price: $42.3954,2026-04-27 08:00:00-04:00,2026-04-27 08:15:00-04:00,42.2260,42.3954,no
KXHYPE15M-26APR270800,Target Price: $42.3617,2026-04-27 07:45:00-04:00,2026-04-27 08:00:00-04:00,42.3954,42.3617,yes
KXHYPE15M-26APR270745,Target Price: $42.4095,2026-04-27 07:30:00-04:00,2026-04-27 07:45:00-04:00,42.3617,42.4095,no
KXHYPE15M-26APR270730,Target Price: $42.2591,2026-04-27 07:15:00-04:00,2026-04-27 07:30:00-04:00,42.4095,42.2591,yes
KXHYPE15M-26APR270715,Target Price: $42.2434,2026-04-27 07:00:00-04:00,2026-04-27 07:15:00-04:00,42.2591,42.2434,yes
KXHYPE15M-26APR270700,Target Price: $42.3195,2026-04-27 06:45:00-04:00,2026-04-27 07:00:00-04:00,42.2434,42.3195,no
KXHYPE15M-26APR270645,Target Price: $42.2991,2026-04-27 06:30:00-04:00,2026-04-27 06:45:00-04:00,42.3195,42.2991,yes
KXHYPE15M-26APR270630,Target Price: $42.3388,2026-04-27 06:15:00-04:00,2026-04-27 06:30:00-04:00,42.2991,42.3388,no
KXHYPE15M-26APR270615,Target Price: $42.4228,2026-04-27 06:00:00-04:00,2026-04-27 06:15:00-04:00,42.3388,42.4228,no
KXHYPE15M-26APR270600,Target Price: $42.4426,2026-04-27 05:45:00-04:00,2026-04-27 06:00:00-04:00,42.4228,42.4426,no
KXHYPE15M-26APR270545,Target Price: $42.3454,2026-04-27 05:30:00-04:00,2026-04-27 05:45:00-04:00,42.4426,42.3454,yes
KXHYPE15M-26APR270530,Target Price: $42.4725,2026-04-27 05:15:00-04:00,2026-04-27 05:30:00-04:00,42.3454,42.4725,no
KXHYPE15M-26APR270515,Target Price: $42.4392,2026-04-27 05:00:00-04:00,2026-04-27 05:15:00-04:00,42.4725,42.4392,yes
KXHYPE15M-26APR270500,Target Price: $42.2959,2026-04-27 04:45:00-04:00,2026-04-27 05:00:00-04:00,42.4392,42.2959,yes
KXHYPE15M-26APR270445,Target Price: $42.2766,2026-04-27 04:30:00-04:00,2026-04-27 04:45:00-04:00,42.2959,42.2766,yes
KXHYPE15M-26APR270430,Target Price: $42.5400,2026-04-27 04:15:00-04:00,2026-04-27 04:30:00-04:00,42.2766,42.54,no
KXHYPE15M-26APR270415,Target Price: $42.3704,2026-04-27 04:00:00-04:00,2026-04-27 04:15:00-04:00,42.5400,42.3704,yes
KXHYPE15M-26APR270400,Target Price: $42.4809,2026-04-27 03:45:00-04:00,2026-04-27 04:00:00-04:00,42.3704,42.4809,no
KXHYPE15M-26APR270345,Target Price: $42.5326,2026-04-27 03:30:00-04:00,2026-04-27 03:45:00-04:00,42.4809,42.5326,no
KXHYPE15M-26APR270330,Target Price: $42.4679,2026-04-27 03:15:00-04:00,2026-04-27 03:30:00-04:00,42.5326,42.4679,yes
KXHYPE15M-26APR270315,Target Price: $42.6604,2026-04-27 03:00:00-04:00,2026-04-27 03:15:00-04:00,42.4679,42.6604,no
KXHYPE15M-26APR270300,Target Price: $42.4420,2026-04-27 02:45:00-04:00,2026-04-27 03:00:00-04:00,42.6604,42.442,yes
KXHYPE15M-26APR270245,Target Price: $42.5236,2026-04-27 02:30:00-04:00,2026-04-27 02:45:00-04:00,42.4420,42.5236,no
KXHYPE15M-26APR270230,Target Price: $42.5152,2026-04-27 02:15:00-04:00,2026-04-27 02:30:00-04:00,42.5236,42.5152,yes
KXHYPE15M-26APR270215,Target Price: $42.6617,2026-04-27 02:00:00-04:00,2026-04-27 02:15:00-04:00,42.5152,42.6617,no
KXHYPE15M-26APR270200,Target Price: $42.5097,2026-04-27 01:45:00-04:00,2026-04-27 02:00:00-04:00,42.6617,42.5097,yes
KXHYPE15M-26APR270145,Target Price: $42.4401,2026-04-27 01:30:00-04:00,2026-04-27 01:45:00-04:00,42.5097,42.4401,yes
KXHYPE15M-26APR270130,Target Price: $42.8729,2026-04-27 01:15:00-04:00,2026-04-27 01:30:00-04:00,42.4401,42.8729,no
KXHYPE15M-26APR270115,Target Price: $43.1754,2026-04-27 01:00:00-04:00,2026-04-27 01:15:00-04:00,42.8729,43.1754,no
KXHYPE15M-26APR270100,Target Price: $43.1413,2026-04-27 00:45:00-04:00,2026-04-27 01:00:00-04:00,43.1754,43.1413,yes
KXHYPE15M-26APR270045,Target Price: $43.1935,2026-04-27 00:30:00-04:00,2026-04-27 00:45:00-04:00,43.1413,43.1935,no
KXHYPE15M-26APR270030,Target Price: $43.1780,2026-04-27 00:15:00-04:00,2026-04-27 00:30:00-04:00,43.1935,43.178,yes
KXHYPE15M-26APR270015,Target Price: $43.3327,2026-04-27 00:00:00-04:00,2026-04-27 00:15:00-04:00,43.1780,43.3327,no
KXHYPE15M-26APR270000,Target Price: $43.5106,2026-04-26 23:45:00-04:00,2026-04-27 00:00:00-04:00,43.3327,43.5106,no
KXHYPE15M-26APR262345,Target Price: $43.1629,2026-04-26 23:30:00-04:00,2026-04-26 23:45:00-04:00,43.5106,43.1629,yes
KXHYPE15M-26APR262330,Target Price: $43.1401,2026-04-26 23:15:00-04:00,2026-04-26 23:30:00-04:00,43.1629,43.1401,yes
KXHYPE15M-26APR262315,Target Price: $43.0198,2026-04-26 23:00:00-04:00,2026-04-26 23:15:00-04:00,43.1401,43.0198,yes
KXHYPE15M-26APR262300,Target Price: $42.9056,2026-04-26 22:45:00-04:00,2026-04-26 23:00:00-04:00,43.0198,42.9056,yes
KXHYPE15M-26APR262245,Target Price: $42.8886,2026-04-26 22:30:00-04:00,2026-04-26 22:45:00-04:00,42.9056,42.8886,yes
KXHYPE15M-26APR262230,Target Price: $42.8117,2026-04-26 22:15:00-04:00,2026-04-26 22:30:00-04:00,42.8886,42.8117,yes
KXHYPE15M-26APR262215,Target Price: $42.8516,2026-04-26 22:00:00-04:00,2026-04-26 22:15:00-04:00,42.8117,42.8516,no
KXHYPE15M-26APR262200,Target Price: $42.7382,2026-04-26 21:45:00-04:00,2026-04-26 22:00:00-04:00,42.8516,42.7382,yes
KXHYPE15M-26APR262145,Target Price: $42.6153,2026-04-26 21:30:00-04:00,2026-04-26 21:45:00-04:00,42.7382,42.6153,yes
KXHYPE15M-26APR262130,Target Price: $42.7176,2026-04-26 21:15:00-04:00,2026-04-26 21:30:00-04:00,42.6153,42.7176,no
KXHYPE15M-26APR262115,Target Price: $42.8026,2026-04-26 21:00:00-04:00,2026-04-26 21:15:00-04:00,42.7176,42.8026,no
KXHYPE15M-26APR262100,Target Price: $42.6975,2026-04-26 20:45:00-04:00,2026-04-26 21:00:00-04:00,42.8026,42.6975,yes
KXHYPE15M-26APR262045,Target Price: $42.4643,2026-04-26 20:30:00-04:00,2026-04-26 20:45:00-04:00,42.6975,42.4643,yes
KXHYPE15M-26APR262030,Target Price: $42.3856,2026-04-26 20:15:00-04:00,2026-04-26 20:30:00-04:00,42.4643,42.3856,yes
KXHYPE15M-26APR262015,Target Price: $42.4551,2026-04-26 20:00:00-04:00,2026-04-26 20:15:00-04:00,42.3856,42.4551,no
KXHYPE15M-26APR262000,Target Price: $42.5177,2026-04-26 19:45:00-04:00,2026-04-26 20:00:00-04:00,42.4551,42.5177,no
KXHYPE15M-26APR261945,Target Price: $42.3730,2026-04-26 19:30:00-04:00,2026-04-26 19:45:00-04:00,42.5177,42.373,yes
KXHYPE15M-26APR261930,Target Price: $42.4647,2026-04-26 19:15:00-04:00,2026-04-26 19:30:00-04:00,42.3730,42.4647,no
KXHYPE15M-26APR261915,Target Price: $42.2805,2026-04-26 19:00:00-04:00,2026-04-26 19:15:00-04:00,42.4647,42.2805,yes
KXHYPE15M-26APR261900,Target Price: $42.0004,2026-04-26 18:45:00-04:00,2026-04-26 19:00:00-04:00,42.2805,42.0004,yes
KXHYPE15M-26APR261845,Target Price: $42.1445,2026-04-26 18:30:00-04:00,2026-04-26 18:45:00-04:00,42.0004,42.1445,no
KXHYPE15M-26APR261830,Target Price: $41.9812,2026-04-26 18:15:00-04:00,2026-04-26 18:30:00-04:00,42.1445,41.9812,yes
KXHYPE15M-26APR261815,Target Price: $42.0310,2026-04-26 18:00:00-04:00,2026-04-26 18:15:00-04:00,41.9812,42.031,no
KXHYPE15M-26APR261800,Target Price: $41.9526,2026-04-26 17:45:00-04:00,2026-04-26 18:00:00-04:00,42.0310,41.9526,yes
KXHYPE15M-26APR261745,Target Price: $42.1248,2026-04-26 17:30:00-04:00,2026-04-26 17:45:00-04:00,41.9526,42.1248,no
KXHYPE15M-26APR261730,Target Price: $41.9415,2026-04-26 17:15:00-04:00,2026-04-26 17:30:00-04:00,42.1248,41.9415,yes
KXHYPE15M-26APR261715,Target Price: $41.9398,2026-04-26 17:00:00-04:00,2026-04-26 17:15:00-04:00,41.9415,41.9398,yes
KXHYPE15M-26APR261700,Target Price: $42.0198,2026-04-26 16:45:00-04:00,2026-04-26 17:00:00-04:00,41.9398,42.0198,no
KXHYPE15M-26APR261645,Target Price: $41.9464,2026-04-26 16:30:00-04:00,2026-04-26 16:45:00-04:00,42.0198,41.9464,yes
KXHYPE15M-26APR261630,Target Price: $41.8370,2026-04-26 16:15:00-04:00,2026-04-26 16:30:00-04:00,41.9464,41.837,yes
KXHYPE15M-26APR261615,Target Price: $41.9976,2026-04-26 16:00:00-04:00,2026-04-26 16:15:00-04:00,41.8370,41.9976,no
KXHYPE15M-26APR261600,Target Price: $41.8621,2026-04-26 15:45:00-04:00,2026-04-26 16:00:00-04:00,41.9976,41.8621,yes
KXHYPE15M-26APR261545,Target Price: $41.7218,2026-04-26 15:30:00-04:00,2026-04-26 15:45:00-04:00,41.8621,41.7218,yes
KXHYPE15M-26APR261530,Target Price: $41.7015,2026-04-26 15:15:00-04:00,2026-04-26 15:30:00-04:00,41.7218,41.7015,yes
KXHYPE15M-26APR261515,Target Price: $41.6685,2026-04-26 15:00:00-04:00,2026-04-26 15:15:00-04:00,41.7015,41.6685,yes
KXHYPE15M-26APR261500,Target Price: $41.5878,2026-04-26 14:45:00-04:00,2026-04-26 15:00:00-04:00,41.6685,41.5878,yes
KXHYPE15M-26APR261445,Target Price: $41.6369,2026-04-26 14:30:00-04:00,2026-04-26 14:45:00-04:00,41.5878,41.6369,no
KXHYPE15M-26APR261430,Target Price: $41.6086,2026-04-26 14:15:00-04:00,2026-04-26 14:30:00-04:00,41.6369,41.6086,yes
KXHYPE15M-26APR261415,Target Price: $41.4512,2026-04-26 14:00:00-04:00,2026-04-26 14:15:00-04:00,41.6086,41.4512,yes
KXHYPE15M-26APR261400,Target Price: $41.3929,2026-04-26 13:45:00-04:00,2026-04-26 14:00:00-04:00,41.4512,41.3929,yes
KXHYPE15M-26APR261345,Target Price: $41.3734,2026-04-26 13:30:00-04:00,2026-04-26 13:45:00-04:00,41.3929,41.3734,yes
KXHYPE15M-26APR261330,Target Price: $41.3960,2026-04-26 13:15:00-04:00,2026-04-26 13:30:00-04:00,41.3734,41.396,no
KXHYPE15M-26APR261315,Target Price: $41.3286,2026-04-26 13:00:00-04:00,2026-04-26 13:15:00-04:00,41.3960,41.3286,yes
KXHYPE15M-26APR261300,Target Price: $41.3464,2026-04-26 12:45:00-04:00,2026-04-26 13:00:00-04:00,41.3286,41.3464,no
KXHYPE15M-26APR261245,Target Price: $41.4080,2026-04-26 12:30:00-04:00,2026-04-26 12:45:00-04:00,41.3464,41.408,no
KXHYPE15M-26APR261230,Target Price: $41.3129,2026-04-26 12:15:00-04:00,2026-04-26 12:30:00-04:00,41.4080,41.3129,yes
KXHYPE15M-26APR261215,Target Price: $41.3945,2026-04-26 12:00:00-04:00,2026-04-26 12:15:00-04:00,41.3129,41.3945,no
KXHYPE15M-26APR261200,Target Price: $41.3524,2026-04-26 11:45:00-04:00,2026-04-26 12:00:00-04:00,41.3945,41.3524,yes
KXHYPE15M-26APR261145,Target Price: $41.3553,2026-04-26 11:30:00-04:00,2026-04-26 11:45:00-04:00,41.3524,41.3553,no
KXHYPE15M-26APR261130,Target Price: $41.2871,2026-04-26 11:15:00-04:00,2026-04-26 11:30:00-04:00,41.3553,41.2871,yes
KXHYPE15M-26APR261115,Target Price: $41.3074,2026-04-26 11:00:00-04:00,2026-04-26 11:15:00-04:00,41.2871,41.3074,no
KXHYPE15M-26APR261100,Target Price: $41.2560,2026-04-26 10:45:00-04:00,2026-04-26 11:00:00-04:00,41.3074,41.256,yes
KXHYPE15M-26APR261045,Target Price: $41.2152,2026-04-26 10:30:00-04:00,2026-04-26 10:45:00-04:00,41.2560,41.2152,yes
KXHYPE15M-26APR261030,Target Price: $41.0976,2026-04-26 10:15:00-04:00,2026-04-26 10:30:00-04:00,41.2152,41.0976,yes
KXHYPE15M-26APR261015,Target Price: $41.1744,2026-04-26 10:00:00-04:00,2026-04-26 10:15:00-04:00,41.0976,41.1744,no
KXHYPE15M-26APR261000,Target Price: $41.1745,2026-04-26 09:45:00-04:00,2026-04-26 10:00:00-04:00,41.1744,41.1745,no
KXHYPE15M-26APR260945,Target Price: $41.0908,2026-04-26 09:30:00-04:00,2026-04-26 09:45:00-04:00,41.1745,41.0908,yes
KXHYPE15M-26APR260930,Target Price: $41.0541,2026-04-26 09:15:00-04:00,2026-04-26 09:30:00-04:00,41.0908,41.0541,yes
KXHYPE15M-26APR260915,Target Price: $41.0265,2026-04-26 09:00:00-04:00,2026-04-26 09:15:00-04:00,41.0541,41.0265,yes
KXHYPE15M-26APR260900,Target Price: $41.0935,2026-04-26 08:45:00-04:00,2026-04-26 09:00:00-04:00,41.0265,41.0935,no
KXHYPE15M-26APR260845,Target Price: $41.1340,2026-04-26 08:30:00-04:00,2026-04-26 08:45:00-04:00,41.0935,41.134,no
KXHYPE15M-26APR260830,Target Price: $41.1607,2026-04-26 08:15:00-04:00,2026-04-26 08:30:00-04:00,41.1340,41.1607,no
KXHYPE15M-26APR260815,Target Price: $41.1704,2026-04-26 08:00:00-04:00,2026-04-26 08:15:00-04:00,41.1607,41.1704,no
KXHYPE15M-26APR260800,Target Price: $41.2169,2026-04-26 07:45:00-04:00,2026-04-26 08:00:00-04:00,41.1704,41.2169,no
KXHYPE15M-26APR260745,Target Price: $41.2066,2026-04-26 07:30:00-04:00,2026-04-26 07:45:00-04:00,41.2169,41.2066,yes
KXHYPE15M-26APR260730,Target Price: $41.1826,2026-04-26 07:15:00-04:00,2026-04-26 07:30:00-04:00,41.2066,41.1826,yes
KXHYPE15M-26APR260715,Target Price: $41.1818,2026-04-26 07:00:00-04:00,2026-04-26 07:15:00-04:00,41.1826,41.1818,yes
KXHYPE15M-26APR260700,Target Price: $41.1973,2026-04-26 06:45:00-04:00,2026-04-26 07:00:00-04:00,41.1818,41.1973,no
KXHYPE15M-26APR260645,Target Price: $41.2300,2026-04-26 06:30:00-04:00,2026-04-26 06:45:00-04:00,41.1973,41.23,no
KXHYPE15M-26APR260630,Target Price: $41.2472,2026-04-26 06:15:00-04:00,2026-04-26 06:30:00-04:00,41.2300,41.2472,no
KXHYPE15M-26APR260615,Target Price: $41.2535,2026-04-26 06:00:00-04:00,2026-04-26 06:15:00-04:00,41.2472,41.2535,no
KXHYPE15M-26APR260600,Target Price: $41.2104,2026-04-26 05:45:00-04:00,2026-04-26 06:00:00-04:00,41.2535,41.2104,yes
KXHYPE15M-26APR260545,Target Price: $41.1753,2026-04-26 05:30:00-04:00,2026-04-26 05:45:00-04:00,41.2104,41.1753,yes
KXHYPE15M-26APR260530,Target Price: $41.1951,2026-04-26 05:15:00-04:00,2026-04-26 05:30:00-04:00,41.1753,41.1951,no
KXHYPE15M-26APR260515,Target Price: $41.1738,2026-04-26 05:00:00-04:00,2026-04-26 05:15:00-04:00,41.1951,41.1738,yes
KXHYPE15M-26APR260500,Target Price: $41.2093,2026-04-26 04:45:00-04:00,2026-04-26 05:00:00-04:00,41.1738,41.2093,no
KXHYPE15M-26APR260445,Target Price: $41.2492,2026-04-26 04:30:00-04:00,2026-04-26 04:45:00-04:00,41.2093,41.2492,no
KXHYPE15M-26APR260430,Target Price: $41.2972,2026-04-26 04:15:00-04:00,2026-04-26 04:30:00-04:00,41.2492,41.2972,no
KXHYPE15M-26APR260415,Target Price: $41.2906,2026-04-26 04:00:00-04:00,2026-04-26 04:15:00-04:00,41.2972,41.2906,yes
KXHYPE15M-26APR260400,Target Price: $41.2482,2026-04-26 03:45:00-04:00,2026-04-26 04:00:00-04:00,41.2906,41.2482,yes
KXHYPE15M-26APR260345,Target Price: $41.2957,2026-04-26 03:30:00-04:00,2026-04-26 03:45:00-04:00,41.2482,41.2957,no
KXHYPE15M-26APR260330,Target Price: $41.2870,2026-04-26 03:15:00-04:00,2026-04-26 03:30:00-04:00,41.2957,41.287,yes
KXHYPE15M-26APR260315,Target Price: $41.3302,2026-04-26 03:00:00-04:00,2026-04-26 03:15:00-04:00,41.2870,41.3302,no
KXHYPE15M-26APR260300,Target Price: $41.4174,2026-04-26 02:45:00-04:00,2026-04-26 03:00:00-04:00,41.3302,41.4174,no
KXHYPE15M-26APR260245,Target Price: $41.3024,2026-04-26 02:30:00-04:00,2026-04-26 02:45:00-04:00,41.4174,41.3024,yes
KXHYPE15M-26APR260230,Target Price: $41.2409,2026-04-26 02:15:00-04:00,2026-04-26 02:30:00-04:00,41.3024,41.2409,yes
KXHYPE15M-26APR260215,Target Price: $41.1862,2026-04-26 02:00:00-04:00,2026-04-26 02:15:00-04:00,41.2409,41.1862,yes
KXHYPE15M-26APR260200,Target Price: $41.4128,2026-04-26 01:45:00-04:00,2026-04-26 02:00:00-04:00,41.1862,41.4128,no
KXHYPE15M-26APR260145,Target Price: $41.5422,2026-04-26 01:30:00-04:00,2026-04-26 01:45:00-04:00,41.4128,41.5422,no
KXHYPE15M-26APR260130,Target Price: $41.5174,2026-04-26 01:15:00-04:00,2026-04-26 01:30:00-04:00,41.5422,41.5174,yes
KXHYPE15M-26APR260115,Target Price: $41.4131,2026-04-26 01:00:00-04:00,2026-04-26 01:15:00-04:00,41.5174,41.4131,yes
KXHYPE15M-26APR260100,Target Price: $41.3580,2026-04-26 00:45:00-04:00,2026-04-26 01:00:00-04:00,41.4131,41.358,yes
KXHYPE15M-26APR260045,Target Price: $41.2964,2026-04-26 00:30:00-04:00,2026-04-26 00:45:00-04:00,41.3580,41.2964,yes
KXHYPE15M-26APR260030,Target Price: $41.3231,2026-04-26 00:15:00-04:00,2026-04-26 00:30:00-04:00,41.2964,41.3231,no
KXHYPE15M-26APR260015,Target Price: $41.3251,2026-04-26 00:00:00-04:00,2026-04-26 00:15:00-04:00,41.3231,41.3251,no
KXHYPE15M-26APR260000,Target Price: $41.3031,2026-04-25 23:45:00-04:00,2026-04-26 00:00:00-04:00,41.3251,41.3031,yes
KXHYPE15M-26APR252345,Target Price: $41.3556,2026-04-25 23:30:00-04:00,2026-04-25 23:45:00-04:00,41.3031,41.3556,no
KXHYPE15M-26APR252330,Target Price: $41.4671,2026-04-25 23:15:00-04:00,2026-04-25 23:30:00-04:00,41.3556,41.4671,no
KXHYPE15M-26APR252315,Target Price: $41.5423,2026-04-25 23:00:00-04:00,2026-04-25 23:15:00-04:00,41.4671,41.5423,no
KXHYPE15M-26APR252300,Target Price: $41.4797,2026-04-25 22:45:00-04:00,2026-04-25 23:00:00-04:00,41.5423,41.4797,yes
KXHYPE15M-26APR252245,Target Price: $41.5286,2026-04-25 22:30:00-04:00,2026-04-25 22:45:00-04:00,41.4797,41.5286,no
KXHYPE15M-26APR252230,Target Price: $41.5460,2026-04-25 22:15:00-04:00,2026-04-25 22:30:00-04:00,41.5286,41.546,no
KXHYPE15M-26APR252215,Target Price: $41.4329,2026-04-25 22:00:00-04:00,2026-04-25 22:15:00-04:00,41.5460,41.4329,yes
KXHYPE15M-26APR252200,Target Price: $41.4428,2026-04-25 21:45:00-04:00,2026-04-25 22:00:00-04:00,41.4329,41.4428,no
KXHYPE15M-26APR252145,Target Price: $41.3806,2026-04-25 21:30:00-04:00,2026-04-25 21:45:00-04:00,41.4428,41.3806,yes
KXHYPE15M-26APR252130,Target Price: $41.3318,2026-04-25 21:15:00-04:00,2026-04-25 21:30:00-04:00,41.3806,41.3318,yes
KXHYPE15M-26APR252115,Target Price: $41.3241,2026-04-25 21:00:00-04:00,2026-04-25 21:15:00-04:00,41.3318,41.3241,yes
KXHYPE15M-26APR252100,Target Price: $41.3830,2026-04-25 20:45:00-04:00,2026-04-25 21:00:00-04:00,41.3241,41.383,no
KXHYPE15M-26APR252045,Target Price: $41.3894,2026-04-25 20:30:00-04:00,2026-04-25 20:45:00-04:00,41.3830,41.3894,no
KXHYPE15M-26APR252030,Target Price: $41.4736,2026-04-25 20:15:00-04:00,2026-04-25 20:30:00-04:00,41.3894,41.4736,no
KXHYPE15M-26APR252015,Target Price: $41.5222,2026-04-25 20:00:00-04:00,2026-04-25 20:15:00-04:00,41.4736,41.5222,no
KXHYPE15M-26APR252000,Target Price: $41.4910,2026-04-25 19:45:00-04:00,2026-04-25 20:00:00-04:00,41.5222,41.491,yes
KXHYPE15M-26APR251945,Target Price: $41.4952,2026-04-25 19:30:00-04:00,2026-04-25 19:45:00-04:00,41.4910,41.4952,no
KXHYPE15M-26APR251930,Target Price: $41.4578,2026-04-25 19:15:00-04:00,2026-04-25 19:30:00-04:00,41.4952,41.4578,yes
KXHYPE15M-26APR251915,Target Price: $41.4431,2026-04-25 19:00:00-04:00,2026-04-25 19:15:00-04:00,41.4578,41.4431,yes
KXHYPE15M-26APR251900,Target Price: $41.4646,2026-04-25 18:45:00-04:00,2026-04-25 19:00:00-04:00,41.4431,41.4646,no
KXHYPE15M-26APR251845,Target Price: $41.4664,2026-04-25 18:30:00-04:00,2026-04-25 18:45:00-04:00,41.4646,41.4664,no
KXHYPE15M-26APR251830,Target Price: $41.4782,2026-04-25 18:15:00-04:00,2026-04-25 18:30:00-04:00,41.4664,41.4782,no
KXHYPE15M-26APR251815,Target Price: $41.4647,2026-04-25 18:00:00-04:00,2026-04-25 18:15:00-04:00,41.4782,41.4647,yes
KXHYPE15M-26APR251800,Target Price: $41.4602,2026-04-25 17:45:00-04:00,2026-04-25 18:00:00-04:00,41.4647,41.4602,yes
KXHYPE15M-26APR251745,Target Price: $41.4511,2026-04-25 17:30:00-04:00,2026-04-25 17:45:00-04:00,41.4602,41.4511,yes
KXHYPE15M-26APR251730,Target Price: $41.3686,2026-04-25 17:15:00-04:00,2026-04-25 17:30:00-04:00,41.4511,41.3686,yes
KXHYPE15M-26APR251715,Target Price: $41.4389,2026-04-25 17:00:00-04:00,2026-04-25 17:15:00-04:00,41.3686,41.4389,no
KXHYPE15M-26APR251700,Target Price: $41.4014,2026-04-25 16:45:00-04:00,2026-04-25 17:00:00-04:00,41.4389,41.4014,yes
KXHYPE15M-26APR251645,Target Price: $41.3239,2026-04-25 16:30:00-04:00,2026-04-25 16:45:00-04:00,41.4014,41.3239,yes
KXHYPE15M-26APR251630,Target Price: $41.2204,2026-04-25 16:15:00-04:00,2026-04-25 16:30:00-04:00,41.3239,41.2204,yes
KXHYPE15M-26APR251615,Target Price: $41.2003,2026-04-25 16:00:00-04:00,2026-04-25 16:15:00-04:00,41.2204,41.2003,yes
KXHYPE15M-26APR251600,Target Price: $41.2403,2026-04-25 15:45:00-04:00,2026-04-25 16:00:00-04:00,41.2003,41.2403,no
KXHYPE15M-26APR251545,Target Price: $41.2715,2026-04-25 15:30:00-04:00,2026-04-25 15:45:00-04:00,41.2403,41.2715,no
KXHYPE15M-26APR251530,Target Price: $41.3179,2026-04-25 15:15:00-04:00,2026-04-25 15:30:00-04:00,41.2715,41.3179,no
KXHYPE15M-26APR251515,Target Price: $41.3252,2026-04-25 15:00:00-04:00,2026-04-25 15:15:00-04:00,41.3179,41.3252,no
KXHYPE15M-26APR251500,Target Price: $41.2311,2026-04-25 14:45:00-04:00,2026-04-25 15:00:00-04:00,41.3252,41.2311,yes
KXHYPE15M-26APR251445,Target Price: $41.2417,2026-04-25 14:30:00-04:00,2026-04-25 14:45:00-04:00,41.2311,41.2417,no
KXHYPE15M-26APR251430,Target Price: $41.1834,2026-04-25 14:15:00-04:00,2026-04-25 14:30:00-04:00,41.2417,41.1834,yes
KXHYPE15M-26APR251415,Target Price: $41.1435,2026-04-25 14:00:00-04:00,2026-04-25 14:15:00-04:00,41.1834,41.1435,yes
KXHYPE15M-26APR251400,Target Price: $41.1227,2026-04-25 13:45:00-04:00,2026-04-25 14:00:00-04:00,41.1435,41.1227,yes
KXHYPE15M-26APR251345,Target Price: $41.1030,2026-04-25 13:30:00-04:00,2026-04-25 13:45:00-04:00,41.1227,41.103,yes
KXHYPE15M-26APR251330,Target Price: $41.1400,2026-04-25 13:15:00-04:00,2026-04-25 13:30:00-04:00,41.1030,41.14,no
KXHYPE15M-26APR251315,Target Price: $41.0422,2026-04-25 13:00:00-04:00,2026-04-25 13:15:00-04:00,41.1400,41.0422,yes
KXHYPE15M-26APR251300,Target Price: $40.9998,2026-04-25 12:45:00-04:00,2026-04-25 13:00:00-04:00,41.0422,40.9998,yes
KXHYPE15M-26APR251245,Target Price: $41.0782,2026-04-25 12:30:00-04:00,2026-04-25 12:45:00-04:00,40.9998,41.0782,no
KXHYPE15M-26APR251230,Target Price: $41.1940,2026-04-25 12:15:00-04:00,2026-04-25 12:30:00-04:00,41.0782,41.194,no
KXHYPE15M-26APR251215,Target Price: $41.4561,2026-04-25 12:00:00-04:00,2026-04-25 12:15:00-04:00,41.1940,41.4561,no
KXHYPE15M-26APR251200,Target Price: $41.5848,2026-04-25 11:45:00-04:00,2026-04-25 12:00:00-04:00,41.4561,41.5848,no
KXHYPE15M-26APR251145,Target Price: $41.6668,2026-04-25 11:30:00-04:00,2026-04-25 11:45:00-04:00,41.5848,41.6668,no
KXHYPE15M-26APR251130,Target Price: $41.6232,2026-04-25 11:15:00-04:00,2026-04-25 11:30:00-04:00,41.6668,41.6232,yes
KXHYPE15M-26APR251115,Target Price: $41.5300,2026-04-25 11:00:00-04:00,2026-04-25 11:15:00-04:00,41.6232,41.53,yes
KXHYPE15M-26APR251100,Target Price: $41.5781,2026-04-25 10:45:00-04:00,2026-04-25 11:00:00-04:00,41.5300,41.5781,no
KXHYPE15M-26APR251045,Target Price: $41.5750,2026-04-25 10:30:00-04:00,2026-04-25 10:45:00-04:00,41.5781,41.575,yes
KXHYPE15M-26APR251030,Target Price: $41.4554,2026-04-25 10:15:00-04:00,2026-04-25 10:30:00-04:00,41.5750,41.4554,yes
KXHYPE15M-26APR251015,Target Price: $41.4790,2026-04-25 10:00:00-04:00,2026-04-25 10:15:00-04:00,41.4554,41.479,no
KXHYPE15M-26APR251000,Target Price: $41.6135,2026-04-25 09:45:00-04:00,2026-04-25 10:00:00-04:00,41.4790,41.6135,no
KXHYPE15M-26APR250945,Target Price: $41.5528,2026-04-25 09:30:00-04:00,2026-04-25 09:45:00-04:00,41.6135,41.5528,yes
KXHYPE15M-26APR250930,Target Price: $41.4852,2026-04-25 09:15:00-04:00,2026-04-25 09:30:00-04:00,41.5528,41.4852,yes
KXHYPE15M-26APR250915,Target Price: $41.3799,2026-04-25 09:00:00-04:00,2026-04-25 09:15:00-04:00,41.4852,41.3799,yes
KXHYPE15M-26APR250900,Target Price: $41.4624,2026-04-25 08:45:00-04:00,2026-04-25 09:00:00-04:00,41.3799,41.4624,no
KXHYPE15M-26APR250845,Target Price: $41.5686,2026-04-25 08:30:00-04:00,2026-04-25 08:45:00-04:00,41.4624,41.5686,no
KXHYPE15M-26APR250830,Target Price: $41.5962,2026-04-25 08:15:00-04:00,2026-04-25 08:30:00-04:00,41.5686,41.5962,no
KXHYPE15M-26APR250815,Target Price: $41.7108,2026-04-25 08:00:00-04:00,2026-04-25 08:15:00-04:00,41.5962,41.7108,no
KXHYPE15M-26APR250800,Target Price: $41.6067,2026-04-25 07:45:00-04:00,2026-04-25 08:00:00-04:00,41.7108,41.6067,yes
KXHYPE15M-26APR250745,Target Price: $41.6972,2026-04-25 07:30:00-04:00,2026-04-25 07:45:00-04:00,41.6067,41.6972,no
KXHYPE15M-26APR250730,Target Price: $41.7366,2026-04-25 07:15:00-04:00,2026-04-25 07:30:00-04:00,41.6972,41.7366,no
KXHYPE15M-26APR250715,Target Price: $41.8392,2026-04-25 07:00:00-04:00,2026-04-25 07:15:00-04:00,41.7366,41.8392,no
KXHYPE15M-26APR250700,Target Price: $41.6587,2026-04-25 06:45:00-04:00,2026-04-25 07:00:00-04:00,41.8392,41.6587,yes
KXHYPE15M-26APR250645,Target Price: $41.6109,2026-04-25 06:30:00-04:00,2026-04-25 06:45:00-04:00,41.6587,41.6109,yes
KXHYPE15M-26APR250630,Target Price: $41.7104,2026-04-25 06:15:00-04:00,2026-04-25 06:30:00-04:00,41.6109,41.7104,no
KXHYPE15M-26APR250615,Target Price: $41.6009,2026-04-25 06:00:00-04:00,2026-04-25 06:15:00-04:00,41.7104,41.6009,yes
KXHYPE15M-26APR250600,Target Price: $41.6523,2026-04-25 05:45:00-04:00,2026-04-25 06:00:00-04:00,41.6009,41.6523,no
KXHYPE15M-26APR250545,Target Price: $41.3110,2026-04-25 05:30:00-04:00,2026-04-25 05:45:00-04:00,41.6523,41.311,yes
KXHYPE15M-26APR250530,Target Price: $41.2857,2026-04-25 05:15:00-04:00,2026-04-25 05:30:00-04:00,41.3110,41.2857,yes
KXHYPE15M-26APR250515,Target Price: $41.2893,2026-04-25 05:00:00-04:00,2026-04-25 05:15:00-04:00,41.2857,41.2893,no
KXHYPE15M-26APR250500,Target Price: $41.1882,2026-04-25 04:45:00-04:00,2026-04-25 05:00:00-04:00,41.2893,41.1882,yes
KXHYPE15M-26APR250445,Target Price: $41.2210,2026-04-25 04:30:00-04:00,2026-04-25 04:45:00-04:00,41.1882,41.221,no
KXHYPE15M-26APR250430,Target Price: $41.2790,2026-04-25 04:15:00-04:00,2026-04-25 04:30:00-04:00,41.2210,41.279,no
KXHYPE15M-26APR250415,Target Price: $41.2639,2026-04-25 04:00:00-04:00,2026-04-25 04:15:00-04:00,41.2790,41.2639,yes
KXHYPE15M-26APR250400,Target Price: $41.2767,2026-04-25 03:45:00-04:00,2026-04-25 04:00:00-04:00,41.2639,41.2767,no
KXHYPE15M-26APR250345,Target Price: $41.1925,2026-04-25 03:30:00-04:00,2026-04-25 03:45:00-04:00,41.2767,41.1925,yes
KXHYPE15M-26APR250330,Target Price: $41.2493,2026-04-25 03:15:00-04:00,2026-04-25 03:30:00-04:00,41.1925,41.2493,no
KXHYPE15M-26APR250315,Target Price: $41.2618,2026-04-25 03:00:00-04:00,2026-04-25 03:15:00-04:00,41.2493,41.2618,no
KXHYPE15M-26APR250300,Target Price: $41.2237,2026-04-25 02:45:00-04:00,2026-04-25 03:00:00-04:00,41.2618,41.2237,yes
KXHYPE15M-26APR250245,Target Price: $41.2000,2026-04-25 02:30:00-04:00,2026-04-25 02:45:00-04:00,41.2237,41.2,yes
KXHYPE15M-26APR250230,Target Price: $41.2126,2026-04-25 02:15:00-04:00,2026-04-25 02:30:00-04:00,41.2000,41.2126,no
KXHYPE15M-26APR250215,Target Price: $41.1473,2026-04-25 02:00:00-04:00,2026-04-25 02:15:00-04:00,41.2126,41.1473,yes
KXHYPE15M-26APR250200,Target Price: $41.1455,2026-04-25 01:45:00-04:00,2026-04-25 02:00:00-04:00,41.1473,41.1455,yes
KXHYPE15M-26APR250145,Target Price: $41.1082,2026-04-25 01:30:00-04:00,2026-04-25 01:45:00-04:00,41.1455,41.1082,yes
KXHYPE15M-26APR250130,Target Price: $41.1035,2026-04-25 01:15:00-04:00,2026-04-25 01:30:00-04:00,41.1082,41.1035,yes
KXHYPE15M-26APR250115,Target Price: $41.1005,2026-04-25 01:00:00-04:00,2026-04-25 01:15:00-04:00,41.1035,41.1005,yes
KXHYPE15M-26APR250100,Target Price: $41.1170,2026-04-25 00:45:00-04:00,2026-04-25 01:00:00-04:00,41.1005,41.117,no
KXHYPE15M-26APR250045,Target Price: $41.1542,2026-04-25 00:30:00-04:00,2026-04-25 00:45:00-04:00,41.1170,41.1542,no
KXHYPE15M-26APR250030,Target Price: $41.2167,2026-04-25 00:15:00-04:00,2026-04-25 00:30:00-04:00,41.1542,41.2167,no
KXHYPE15M-26APR250015,Target Price: $41.1851,2026-04-25 00:00:00-04:00,2026-04-25 00:15:00-04:00,41.2167,41.1851,yes
KXHYPE15M-26APR250000,Target Price: $41.2102,2026-04-24 23:45:00-04:00,2026-04-25 00:00:00-04:00,41.1851,41.2102,no
KXHYPE15M-26APR242345,Target Price: $41.1374,2026-04-24 23:30:00-04:00,2026-04-24 23:45:00-04:00,41.2102,41.1374,yes
KXHYPE15M-26APR242330,Target Price: $41.1395,2026-04-24 23:15:00-04:00,2026-04-24 23:30:00-04:00,41.1374,41.1395,no
KXHYPE15M-26APR242315,Target Price: $41.1834,2026-04-24 23:00:00-04:00,2026-04-24 23:15:00-04:00,41.1395,41.1834,no
KXHYPE15M-26APR242300,Target Price: $41.2089,2026-04-24 22:45:00-04:00,2026-04-24 23:00:00-04:00,41.1834,41.2089,no
KXHYPE15M-26APR242245,Target Price: $41.2243,2026-04-24 22:30:00-04:00,2026-04-24 22:45:00-04:00,41.2089,41.2243,no
KXHYPE15M-26APR242230,Target Price: $41.2180,2026-04-24 22:15:00-04:00,2026-04-24 22:30:00-04:00,41.2243,41.218,yes
KXHYPE15M-26APR242215,Target Price: $41.1447,2026-04-24 22:00:00-04:00,2026-04-24 22:15:00-04:00,41.2180,41.1447,yes
KXHYPE15M-26APR242200,Target Price: $41.1911,2026-04-24 21:45:00-04:00,2026-04-24 22:00:00-04:00,41.1447,41.1911,no
KXHYPE15M-26APR242145,Target Price: $41.0951,2026-04-24 21:30:00-04:00,2026-04-24 21:45:00-04:00,41.1911,41.0951,yes
KXHYPE15M-26APR242130,Target Price: $41.0853,2026-04-24 21:15:00-04:00,2026-04-24 21:30:00-04:00,41.0951,41.0853,yes
KXHYPE15M-26APR242115,Target Price: $41.2170,2026-04-24 21:00:00-04:00,2026-04-24 21:15:00-04:00,41.0853,41.217,no
KXHYPE15M-26APR242100,Target Price: $41.1097,2026-04-24 20:45:00-04:00,2026-04-24 21:00:00-04:00,41.2170,41.1097,yes
KXHYPE15M-26APR242045,Target Price: $41.0433,2026-04-24 20:30:00-04:00,2026-04-24 20:45:00-04:00,41.1097,41.0433,yes
KXHYPE15M-26APR242030,Target Price: $41.1257,2026-04-24 20:15:00-04:00,2026-04-24 20:30:00-04:00,41.0433,41.1257,no
KXHYPE15M-26APR242015,Target Price: $41.1752,2026-04-24 20:00:00-04:00,2026-04-24 20:15:00-04:00,41.1257,41.1752,no
KXHYPE15M-26APR242000,Target Price: $41.1580,2026-04-24 19:45:00-04:00,2026-04-24 20:00:00-04:00,41.1752,41.158,yes
KXHYPE15M-26APR241945,Target Price: $41.1872,2026-04-24 19:30:00-04:00,2026-04-24 19:45:00-04:00,41.1580,41.1872,no
KXHYPE15M-26APR241930,Target Price: $41.2561,2026-04-24 19:15:00-04:00,2026-04-24 19:30:00-04:00,41.1872,41.2561,no
KXHYPE15M-26APR241915,Target Price: $41.2407,2026-04-24 19:00:00-04:00,2026-04-24 19:15:00-04:00,41.2561,41.2407,yes
KXHYPE15M-26APR241900,Target Price: $41.2475,2026-04-24 18:45:00-04:00,2026-04-24 19:00:00-04:00,41.2407,41.2475,no
KXHYPE15M-26APR241845,Target Price: $41.2545,2026-04-24 18:30:00-04:00,2026-04-24 18:45:00-04:00,41.2475,41.2545,no
KXHYPE15M-26APR241830,Target Price: $41.2058,2026-04-24 18:15:00-04:00,2026-04-24 18:30:00-04:00,41.2545,41.2058,yes
KXHYPE15M-26APR241815,Target Price: $41.2952,2026-04-24 18:00:00-04:00,2026-04-24 18:15:00-04:00,41.2058,41.2952,no
KXHYPE15M-26APR241800,Target Price: $41.3239,2026-04-24 17:45:00-04:00,2026-04-24 18:00:00-04:00,41.2952,41.3239,no
KXHYPE15M-26APR241745,Target Price: $41.4158,2026-04-24 17:30:00-04:00,2026-04-24 17:45:00-04:00,41.3239,41.4158,no
KXHYPE15M-26APR241730,Target Price: $41.3988,2026-04-24 17:15:00-04:00,2026-04-24 17:30:00-04:00,41.4158,41.3988,yes
KXHYPE15M-26APR241715,Target Price: $41.4586,2026-04-24 17:00:00-04:00,2026-04-24 17:15:00-04:00,41.3988,41.4586,no
KXHYPE15M-26APR241700,Target Price: $41.4459,2026-04-24 16:45:00-04:00,2026-04-24 17:00:00-04:00,41.4586,41.4459,yes
KXHYPE15M-26APR241645,Target Price: $41.3009,2026-04-24 16:30:00-04:00,2026-04-24 16:45:00-04:00,41.4459,41.3009,yes
KXHYPE15M-26APR241630,Target Price: $41.3884,2026-04-24 16:15:00-04:00,2026-04-24 16:30:00-04:00,41.3009,41.3884,no
KXHYPE15M-26APR241615,Target Price: $41.2946,2026-04-24 16:00:00-04:00,2026-04-24 16:15:00-04:00,41.3884,41.2946,yes
KXHYPE15M-26APR241600,Target Price: $41.2734,2026-04-24 15:45:00-04:00,2026-04-24 16:00:00-04:00,41.2946,41.2734,yes
KXHYPE15M-26APR241545,Target Price: $41.2449,2026-04-24 15:30:00-04:00,2026-04-24 15:45:00-04:00,41.2734,41.2449,yes
KXHYPE15M-26APR241530,Target Price: $41.2726,2026-04-24 15:15:00-04:00,2026-04-24 15:30:00-04:00,41.2449,41.2726,no
KXHYPE15M-26APR241515,Target Price: $41.2842,2026-04-24 15:00:00-04:00,2026-04-24 15:15:00-04:00,41.2726,41.2842,no
KXHYPE15M-26APR241500,Target Price: $41.2675,2026-04-24 14:45:00-04:00,2026-04-24 15:00:00-04:00,41.2842,41.2675,yes
KXHYPE15M-26APR241445,Target Price: $41.0714,2026-04-24 14:30:00-04:00,2026-04-24 14:45:00-04:00,41.2675,41.0714,yes
KXHYPE15M-26APR241430,Target Price: $41.0208,2026-04-24 14:15:00-04:00,2026-04-24 14:30:00-04:00,41.0714,41.0208,yes
KXHYPE15M-26APR241415,Target Price: $41.0833,2026-04-24 14:00:00-04:00,2026-04-24 14:15:00-04:00,41.0208,41.0833,no
KXHYPE15M-26APR241400,Target price: TBD,2026-04-24 13:45:00-04:00,2026-04-24 14:00:00-04:00,41.0834,,no
KXHYPE15M-26APR241345,Target price: TBD,2026-04-24 13:30:00-04:00,2026-04-24 13:45:00-04:00,41.1395,,yes
KXHYPE15M-26APR241330,Target Price: $41.1486,2026-04-24 13:15:00-04:00,2026-04-24 13:30:00-04:00,41.1252,41.1486,no
KXHYPE15M-26APR241315,Target Price: $41.1173,2026-04-24 13:00:00-04:00,2026-04-24 13:15:00-04:00,41.1486,41.1173,yes
KXHYPE15M-26APR241300,Target Price: $41.0864,2026-04-24 12:45:00-04:00,2026-04-24 13:00:00-04:00,41.1173,41.0864,yes
KXHYPE15M-26APR241245,Target Price: $41.1559,2026-04-24 12:30:00-04:00,2026-04-24 12:45:00-04:00,41.0864,41.1559,no
KXHYPE15M-26APR241230,Target Price: $41.1309,2026-04-24 12:15:00-04:00,2026-04-24 12:30:00-04:00,41.1559,41.1309,yes
KXHYPE15M-26APR241215,Target Price: $41.2295,2026-04-24 12:00:00-04:00,2026-04-24 12:15:00-04:00,41.1309,41.2295,no
KXHYPE15M-26APR241200,Target Price: $41.0514,2026-04-24 11:45:00-04:00,2026-04-24 12:00:00-04:00,41.2295,41.0514,yes
KXHYPE15M-26APR241145,Target Price: $41.0334,2026-04-24 11:30:00-04:00,2026-04-24 11:45:00-04:00,41.0514,41.0334,yes
KXHYPE15M-26APR241130,Target Price: $41.0377,2026-04-24 11:15:00-04:00,2026-04-24 11:30:00-04:00,41.0334,41.0377,no
KXHYPE15M-26APR241115,Target Price: $40.9717,2026-04-24 11:00:00-04:00,2026-04-24 11:15:00-04:00,41.0377,40.9717,yes
KXHYPE15M-26APR241100,Target Price: $40.8934,2026-04-24 10:45:00-04:00,2026-04-24 11:00:00-04:00,40.9717,40.8934,yes
KXHYPE15M-26APR241045,Target Price: $40.8580,2026-04-24 10:30:00-04:00,2026-04-24 10:45:00-04:00,40.8934,40.858,yes
KXHYPE15M-26APR241030,Target Price: $40.8591,2026-04-24 10:15:00-04:00,2026-04-24 10:30:00-04:00,40.8580,40.8591,no
KXHYPE15M-26APR241015,Target Price: $40.9139,2026-04-24 10:00:00-04:00,2026-04-24 10:15:00-04:00,40.8591,40.9139,no
KXHYPE15M-26APR241000,Target Price: $40.9967,2026-04-24 09:45:00-04:00,2026-04-24 10:00:00-04:00,40.9139,40.9967,no
KXHYPE15M-26APR240945,Target Price: $41.0566,2026-04-24 09:30:00-04:00,2026-04-24 09:45:00-04:00,40.9967,41.0566,no
KXHYPE15M-26APR240930,Target Price: $41.1173,2026-04-24 09:15:00-04:00,2026-04-24 09:30:00-04:00,41.0566,41.1173,no
KXHYPE15M-26APR240915,Target Price: $41.0021,2026-04-24 09:00:00-04:00,2026-04-24 09:15:00-04:00,41.1173,41.0021,yes
KXHYPE15M-26APR240900,Target Price: $40.9176,2026-04-24 08:45:00-04:00,2026-04-24 09:00:00-04:00,41.0021,40.9176,yes
KXHYPE15M-26APR240845,Target Price: $40.9398,2026-04-24 08:30:00-04:00,2026-04-24 08:45:00-04:00,40.9176,40.9398,no
KXHYPE15M-26APR240830,Target Price: $41.0769,2026-04-24 08:15:00-04:00,2026-04-24 08:30:00-04:00,40.9398,41.0769,no
KXHYPE15M-26APR240815,Target Price: $41.0478,2026-04-24 08:00:00-04:00,2026-04-24 08:15:00-04:00,41.0769,41.0478,yes
KXHYPE15M-26APR240800,Target Price: $41.0834,2026-04-24 07:45:00-04:00,2026-04-24 08:00:00-04:00,41.0478,41.0834,no
KXHYPE15M-26APR240745,Target Price: $41.0497,2026-04-24 07:30:00-04:00,2026-04-24 07:45:00-04:00,41.0834,41.0497,yes
KXHYPE15M-26APR240730,Target Price: $41.0394,2026-04-24 07:15:00-04:00,2026-04-24 07:30:00-04:00,41.0497,41.0394,yes
KXHYPE15M-26APR240715,Target Price: $40.8677,2026-04-24 07:00:00-04:00,2026-04-24 07:15:00-04:00,41.0394,40.8677,yes
KXHYPE15M-26APR240700,Target Price: $40.8642,2026-04-24 06:45:00-04:00,2026-04-24 07:00:00-04:00,40.8677,40.8642,yes
KXHYPE15M-26APR240645,Target Price: $40.8463,2026-04-24 06:30:00-04:00,2026-04-24 06:45:00-04:00,40.8642,40.8463,yes
KXHYPE15M-26APR240630,Target Price: $40.8032,2026-04-24 06:15:00-04:00,2026-04-24 06:30:00-04:00,40.8463,40.8032,yes
KXHYPE15M-26APR240615,Target Price: $40.7702,2026-04-24 06:00:00-04:00,2026-04-24 06:15:00-04:00,40.8032,40.7702,yes
KXHYPE15M-26APR240600,Target Price: $40.7697,2026-04-24 05:45:00-04:00,2026-04-24 06:00:00-04:00,40.7702,40.7697,yes
KXHYPE15M-26APR240545,Target Price: $40.7533,2026-04-24 05:30:00-04:00,2026-04-24 05:45:00-04:00,40.7697,40.7533,yes
KXHYPE15M-26APR240530,Target Price: $40.8427,2026-04-24 05:15:00-04:00,2026-04-24 05:30:00-04:00,40.7533,40.8427,no
KXHYPE15M-26APR240515,Target Price: $41.0937,2026-04-24 05:00:00-04:00,2026-04-24 05:15:00-04:00,40.8427,41.0937,no
KXHYPE15M-26APR240500,Target Price: $41.0653,2026-04-24 04:45:00-04:00,2026-04-24 05:00:00-04:00,41.0937,41.0653,yes
KXHYPE15M-26APR240445,Target Price: $41.0500,2026-04-24 04:30:00-04:00,2026-04-24 04:45:00-04:00,41.0653,41.05,yes
KXHYPE15M-26APR240430,Target Price: $41.0735,2026-04-24 04:15:00-04:00,2026-04-24 04:30:00-04:00,41.0500,41.0735,no
KXHYPE15M-26APR240415,Target Price: $41.0408,2026-04-24 04:00:00-04:00,2026-04-24 04:15:00-04:00,41.0735,41.0408,yes
KXHYPE15M-26APR240400,Target Price: $41.1383,2026-04-24 03:45:00-04:00,2026-04-24 04:00:00-04:00,41.0408,41.1383,no
KXHYPE15M-26APR240345,Target Price: $41.1372,2026-04-24 03:30:00-04:00,2026-04-24 03:45:00-04:00,41.1383,41.1372,yes
KXHYPE15M-26APR240330,Target Price: $41.1534,2026-04-24 03:15:00-04:00,2026-04-24 03:30:00-04:00,41.1372,41.1534,no
KXHYPE15M-26APR240315,Target Price: $41.1885,2026-04-24 03:00:00-04:00,2026-04-24 03:15:00-04:00,41.1534,41.1885,no
KXHYPE15M-26APR240300,Target Price: $41.1991,2026-04-24 02:45:00-04:00,2026-04-24 03:00:00-04:00,41.1885,41.1991,no
KXHYPE15M-26APR240245,Target Price: $41.1732,2026-04-24 02:30:00-04:00,2026-04-24 02:45:00-04:00,41.1991,41.1732,yes
KXHYPE15M-26APR240230,Target Price: $41.1067,2026-04-24 02:15:00-04:00,2026-04-24 02:30:00-04:00,41.1732,41.1067,yes
KXHYPE15M-26APR240215,Target Price: $41.1542,2026-04-24 02:00:00-04:00,2026-04-24 02:15:00-04:00,41.1067,41.1542,no
KXHYPE15M-26APR240200,Target Price: $41.1413,2026-04-24 01:45:00-04:00,2026-04-24 02:00:00-04:00,41.1542,41.1413,yes
KXHYPE15M-26APR240145,Target Price: $41.0991,2026-04-24 01:30:00-04:00,2026-04-24 01:45:00-04:00,41.1413,41.0991,yes
KXHYPE15M-26APR240130,Target Price: $40.9775,2026-04-24 01:15:00-04:00,2026-04-24 01:30:00-04:00,41.0991,40.9775,yes
KXHYPE15M-26APR240115,Target Price: $41.0646,2026-04-24 01:00:00-04:00,2026-04-24 01:15:00-04:00,40.9775,41.0646,no
KXHYPE15M-26APR240100,Target Price: $41.0108,2026-04-24 00:45:00-04:00,2026-04-24 01:00:00-04:00,41.0646,41.0108,yes
KXHYPE15M-26APR240045,Target Price: $40.9273,2026-04-24 00:30:00-04:00,2026-04-24 00:45:00-04:00,41.0108,40.9273,yes
KXHYPE15M-26APR240030,Target Price: $41.0542,2026-04-24 00:15:00-04:00,2026-04-24 00:30:00-04:00,40.9273,41.0542,no
KXHYPE15M-26APR240015,Target Price: $41.0841,2026-04-24 00:00:00-04:00,2026-04-24 00:15:00-04:00,41.0542,41.0841,no
KXHYPE15M-26APR240000,Target Price: $40.9250,2026-04-23 23:45:00-04:00,2026-04-24 00:00:00-04:00,41.0841,40.925,yes
KXHYPE15M-26APR232345,Target Price: $41.1048,2026-04-23 23:30:00-04:00,2026-04-23 23:45:00-04:00,40.9250,41.1048,no
KXHYPE15M-26APR232330,Target Price: $41.2112,2026-04-23 23:15:00-04:00,2026-04-23 23:30:00-04:00,41.1048,41.2112,no
KXHYPE15M-26APR232315,Target Price: $41.2295,2026-04-23 23:00:00-04:00,2026-04-23 23:15:00-04:00,41.2112,41.2295,no
KXHYPE15M-26APR232300,Target Price: $41.3841,2026-04-23 22:45:00-04:00,2026-04-23 23:00:00-04:00,41.2295,41.3841,no
KXHYPE15M-26APR232245,Target Price: $41.2564,2026-04-23 22:30:00-04:00,2026-04-23 22:45:00-04:00,41.3841,41.2564,yes
KXHYPE15M-26APR232230,Target Price: $41.3699,2026-04-23 22:15:00-04:00,2026-04-23 22:30:00-04:00,41.2564,41.3699,no
KXHYPE15M-26APR232215,Target Price: $41.4290,2026-04-23 22:00:00-04:00,2026-04-23 22:15:00-04:00,41.3699,41.429,no
KXHYPE15M-26APR232200,Target Price: $41.2204,2026-04-23 21:45:00-04:00,2026-04-23 22:00:00-04:00,41.4290,41.2204,yes
KXHYPE15M-26APR232145,Target Price: $41.2248,2026-04-23 21:30:00-04:00,2026-04-23 21:45:00-04:00,41.2204,41.2248,no
KXHYPE15M-26APR232130,Target Price: $41.1946,2026-04-23 21:15:00-04:00,2026-04-23 21:30:00-04:00,41.2248,41.1946,yes
KXHYPE15M-26APR232115,Target Price: $41.3657,2026-04-23 21:00:00-04:00,2026-04-23 21:15:00-04:00,41.1946,41.3657,no
KXHYPE15M-26APR232100,Target Price: $41.2662,2026-04-23 20:45:00-04:00,2026-04-23 21:00:00-04:00,41.3657,41.2662,yes
KXHYPE15M-26APR232045,Target Price: $41.3103,2026-04-23 20:30:00-04:00,2026-04-23 20:45:00-04:00,41.2662,41.3103,no
KXHYPE15M-26APR232030,Target Price: $41.3490,2026-04-23 20:15:00-04:00,2026-04-23 20:30:00-04:00,41.3103,41.349,no
KXHYPE15M-26APR232015,Target Price: $41.3186,2026-04-23 20:00:00-04:00,2026-04-23 20:15:00-04:00,41.3490,41.3186,yes
KXHYPE15M-26APR232000,Target Price: $41.2822,2026-04-23 19:45:00-04:00,2026-04-23 20:00:00-04:00,41.3186,41.2822,yes
KXHYPE15M-26APR231945,Target Price: $41.3027,2026-04-23 19:30:00-04:00,2026-04-23 19:45:00-04:00,41.2822,41.3027,no
KXHYPE15M-26APR231930,Target Price: $41.2394,2026-04-23 19:15:00-04:00,2026-04-23 19:30:00-04:00,41.3027,41.2394,yes
KXHYPE15M-26APR231915,Target Price: $41.2640,2026-04-23 19:00:00-04:00,2026-04-23 19:15:00-04:00,41.2394,41.264,no
KXHYPE15M-26APR231900,Target Price: $41.2817,2026-04-23 18:45:00-04:00,2026-04-23 19:00:00-04:00,41.2640,41.2817,no
KXHYPE15M-26APR231845,Target Price: $41.2862,2026-04-23 18:30:00-04:00,2026-04-23 18:45:00-04:00,41.2817,41.2862,no
KXHYPE15M-26APR231830,Target Price: $41.2875,2026-04-23 18:15:00-04:00,2026-04-23 18:30:00-04:00,41.2862,41.2875,no
KXHYPE15M-26APR231815,Target Price: $41.1940,2026-04-23 18:00:00-04:00,2026-04-23 18:15:00-04:00,41.2875,41.194,yes
KXHYPE15M-26APR231800,Target Price: $41.2913,2026-04-23 17:45:00-04:00,2026-04-23 18:00:00-04:00,41.1940,41.2913,no
KXHYPE15M-26APR231745,Target Price: $41.2835,2026-04-23 17:30:00-04:00,2026-04-23 17:45:00-04:00,41.2913,41.2835,yes
KXHYPE15M-26APR231730,Target Price: $41.1757,2026-04-23 17:15:00-04:00,2026-04-23 17:30:00-04:00,41.2835,41.1757,yes
KXHYPE15M-26APR231715,Target Price: $41.1486,2026-04-23 17:00:00-04:00,2026-04-23 17:15:00-04:00,41.1757,41.1486,yes
KXHYPE15M-26APR231700,Target Price: $41.1488,2026-04-23 16:45:00-04:00,2026-04-23 17:00:00-04:00,41.1486,41.1488,no
KXHYPE15M-26APR231645,Target Price: $41.0753,2026-04-23 16:30:00-04:00,2026-04-23 16:45:00-04:00,41.1488,41.0753,yes
KXHYPE15M-26APR231630,Target Price: $41.0849,2026-04-23 16:15:00-04:00,2026-04-23 16:30:00-04:00,41.0753,41.0849,no
KXHYPE15M-26APR231615,Target Price: $40.9957,2026-04-23 16:00:00-04:00,2026-04-23 16:15:00-04:00,41.0849,40.9957,yes
KXHYPE15M-26APR231600,Target Price: $40.9517,2026-04-23 15:45:00-04:00,2026-04-23 16:00:00-04:00,40.9957,40.9517,yes
KXHYPE15M-26APR231545,Target Price: $41.0675,2026-04-23 15:30:00-04:00,2026-04-23 15:45:00-04:00,40.9517,41.0675,no
KXHYPE15M-26APR231530,Target Price: $41.0787,2026-04-23 15:15:00-04:00,2026-04-23 15:30:00-04:00,41.0675,41.0787,no
KXHYPE15M-26APR231515,Target Price: $41.3127,2026-04-23 15:00:00-04:00,2026-04-23 15:15:00-04:00,41.0787,41.3127,no
KXHYPE15M-26APR231500,Target Price: $41.3782,2026-04-23 14:45:00-04:00,2026-04-23 15:00:00-04:00,41.3127,41.3782,no
KXHYPE15M-26APR231445,Target Price: $41.2852,2026-04-23 14:30:00-04:00,2026-04-23 14:45:00-04:00,41.3782,41.2852,yes
KXHYPE15M-26APR231430,Target Price: $41.3505,2026-04-23 14:15:00-04:00,2026-04-23 14:30:00-04:00,41.2852,41.3505,no
KXHYPE15M-26APR231415,Target Price: $41.2132,2026-04-23 14:00:00-04:00,2026-04-23 14:15:00-04:00,41.3505,41.2132,yes
KXHYPE15M-26APR231400,Target Price: $40.8623,2026-04-23 13:45:00-04:00,2026-04-23 14:00:00-04:00,41.2132,40.8623,yes
KXHYPE15M-26APR231345,Target Price: $41.1774,2026-04-23 13:30:00-04:00,2026-04-23 13:45:00-04:00,40.8623,41.1774,no
KXHYPE15M-26APR231330,Target Price: $41.3017,2026-04-23 13:15:00-04:00,2026-04-23 13:30:00-04:00,41.1774,41.3017,no
KXHYPE15M-26APR231315,Target Price: $41.5332,2026-04-23 13:00:00-04:00,2026-04-23 13:15:00-04:00,41.3017,41.5332,no
KXHYPE15M-26APR231300,Target Price: $41.6475,2026-04-23 12:45:00-04:00,2026-04-23 13:00:00-04:00,41.5332,41.6475,no
KXHYPE15M-26APR231245,Target Price: $41.6652,2026-04-23 12:30:00-04:00,2026-04-23 12:45:00-04:00,41.6475,41.6652,no
KXHYPE15M-26APR231230,Target Price: $41.6298,2026-04-23 12:15:00-04:00,2026-04-23 12:30:00-04:00,41.6652,41.6298,yes
KXHYPE15M-26APR231215,Target Price: $41.8275,2026-04-23 12:00:00-04:00,2026-04-23 12:15:00-04:00,41.6298,41.8275,no
KXHYPE15M-26APR231200,Target Price: $41.7193,2026-04-23 11:45:00-04:00,2026-04-23 12:00:00-04:00,41.8275,41.7193,yes
KXHYPE15M-26APR231145,Target Price: $41.7665,2026-04-23 11:30:00-04:00,2026-04-23 11:45:00-04:00,41.7193,41.7665,no
KXHYPE15M-26APR231130,Target Price: $41.5678,2026-04-23 11:15:00-04:00,2026-04-23 11:30:00-04:00,41.7665,41.5678,yes
KXHYPE15M-26APR231115,Target Price: $41.5753,2026-04-23 11:00:00-04:00,2026-04-23 11:15:00-04:00,41.5678,41.5753,no
KXHYPE15M-26APR231100,Target Price: $41.4742,2026-04-23 10:45:00-04:00,2026-04-23 11:00:00-04:00,41.5753,41.4742,yes
KXHYPE15M-26APR231045,Target Price: $41.3785,2026-04-23 10:30:00-04:00,2026-04-23 10:45:00-04:00,41.4742,41.3785,yes
KXHYPE15M-26APR231030,Target Price: $41.2686,2026-04-23 10:15:00-04:00,2026-04-23 10:30:00-04:00,41.3785,41.2686,yes
KXHYPE15M-26APR231015,Target Price: $41.2533,2026-04-23 10:00:00-04:00,2026-04-23 10:15:00-04:00,41.2686,41.2533,yes
KXHYPE15M-26APR231000,Target Price: $41.3299,2026-04-23 09:45:00-04:00,2026-04-23 10:00:00-04:00,41.2533,41.3299,no
KXHYPE15M-26APR230945,Target Price: $41.2205,2026-04-23 09:30:00-04:00,2026-04-23 09:45:00-04:00,41.3299,41.2205,yes
KXHYPE15M-26APR230930,Target Price: $41.1985,2026-04-23 09:15:00-04:00,2026-04-23 09:30:00-04:00,41.2205,41.1985,yes
KXHYPE15M-26APR230915,Target Price: $41.2441,2026-04-23 09:00:00-04:00,2026-04-23 09:15:00-04:00,41.1985,41.2441,no
KXHYPE15M-26APR230900,Target Price: $41.2235,2026-04-23 08:45:00-04:00,2026-04-23 09:00:00-04:00,41.2441,41.2235,yes
KXHYPE15M-26APR230845,Target Price: $41.3121,2026-04-23 08:30:00-04:00,2026-04-23 08:45:00-04:00,41.2235,41.3121,no
KXHYPE15M-26APR230830,Target Price: $41.2305,2026-04-23 08:15:00-04:00,2026-04-23 08:30:00-04:00,41.3121,41.2305,yes
KXHYPE15M-26APR230815,Target Price: $41.1576,2026-04-23 08:00:00-04:00,2026-04-23 08:15:00-04:00,41.2305,41.1576,yes
KXHYPE15M-26APR230800,Target Price: $41.1302,2026-04-23 07:45:00-04:00,2026-04-23 08:00:00-04:00,41.1576,41.1302,yes
KXHYPE15M-26APR230745,Target Price: $41.1140,2026-04-23 07:30:00-04:00,2026-04-23 07:45:00-04:00,41.1302,41.114,yes
KXHYPE15M-26APR230730,Target Price: $40.9471,2026-04-23 07:15:00-04:00,2026-04-23 07:30:00-04:00,41.1140,40.9471,yes
KXHYPE15M-26APR230715,Target Price: $40.8426,2026-04-23 07:00:00-04:00,2026-04-23 07:15:00-04:00,40.9471,40.8426,yes
KXHYPE15M-26APR230700,Target Price: $40.7145,2026-04-23 06:45:00-04:00,2026-04-23 07:00:00-04:00,40.8426,40.7145,yes
KXHYPE15M-26APR230645,Target Price: $40.8461,2026-04-23 06:30:00-04:00,2026-04-23 06:45:00-04:00,40.7145,40.8461,no
KXHYPE15M-26APR230630,Target Price: $40.7022,2026-04-23 06:15:00-04:00,2026-04-23 06:30:00-04:00,40.8461,40.7022,yes
KXHYPE15M-26APR230615,Target Price: $40.8589,2026-04-23 06:00:00-04:00,2026-04-23 06:15:00-04:00,40.7022,40.8589,no
KXHYPE15M-26APR230600,Target Price: $40.8932,2026-04-23 05:45:00-04:00,2026-04-23 06:00:00-04:00,40.8589,40.8932,no
KXHYPE15M-26APR230545,Target Price: $40.9429,2026-04-23 05:30:00-04:00,2026-04-23 05:45:00-04:00,40.8932,40.9429,no
KXHYPE15M-26APR230530,Target Price: $41.0258,2026-04-23 05:15:00-04:00,2026-04-23 05:30:00-04:00,40.9429,41.0258,no
KXHYPE15M-26APR230515,Target Price: $41.1267,2026-04-23 05:00:00-04:00,2026-04-23 05:15:00-04:00,41.0258,41.1267,no
KXHYPE15M-26APR230200,Target Price: $40.8732,2026-04-23 01:45:00-04:00,2026-04-23 02:00:00-04:00,41.0176,40.8732,yes
KXHYPE15M-26APR230145,Target Price: $40.9472,2026-04-23 01:30:00-04:00,2026-04-23 01:45:00-04:00,40.8732,40.9472,no
KXHYPE15M-26APR230130,Target Price: $41.0654,2026-04-23 01:15:00-04:00,2026-04-23 01:30:00-04:00,40.9472,41.0654,no
KXHYPE15M-26APR230115,Target Price: $41.0123,2026-04-23 01:00:00-04:00,2026-04-23 01:15:00-04:00,41.0654,41.0123,yes
KXHYPE15M-26APR230100,Target Price: $40.9832,2026-04-23 00:45:00-04:00,2026-04-23 01:00:00-04:00,41.0123,40.9832,yes
KXHYPE15M-26APR230045,Target Price: $40.9379,2026-04-23 00:30:00-04:00,2026-04-23 00:45:00-04:00,40.9832,40.9379,yes
KXHYPE15M-26APR230030,Target Price: $40.8756,2026-04-23 00:15:00-04:00,2026-04-23 00:30:00-04:00,40.9379,40.8756,yes
KXHYPE15M-26APR230015,Target Price: $40.6832,2026-04-23 00:00:00-04:00,2026-04-23 00:15:00-04:00,40.8756,40.6832,yes
KXHYPE15M-26APR230000,Target Price: $40.6764,2026-04-22 23:45:00-04:00,2026-04-23 00:00:00-04:00,40.6832,40.6764,yes
KXHYPE15M-26APR222345,Target Price: $40.8078,2026-04-22 23:30:00-04:00,2026-04-22 23:45:00-04:00,40.6764,40.8078,no
KXHYPE15M-26APR222330,Target Price: $40.8652,2026-04-22 23:15:00-04:00,2026-04-22 23:30:00-04:00,40.8078,40.8652,no
KXHYPE15M-26APR222315,Target Price: $40.9966,2026-04-22 23:00:00-04:00,2026-04-22 23:15:00-04:00,40.8652,40.9966,no
KXHYPE15M-26APR222300,Target Price: $40.9089,2026-04-22 22:45:00-04:00,2026-04-22 23:00:00-04:00,40.9966,40.9089,yes
KXHYPE15M-26APR222245,Target Price: $40.9572,2026-04-22 22:30:00-04:00,2026-04-22 22:45:00-04:00,40.9089,40.9572,no
KXHYPE15M-26APR222230,Target Price: $41.0264,2026-04-22 22:15:00-04:00,2026-04-22 22:30:00-04:00,40.9572,41.0264,no
KXHYPE15M-26APR222215,Target Price: $41.1279,2026-04-22 22:00:00-04:00,2026-04-22 22:15:00-04:00,41.0264,41.1279,no
KXHYPE15M-26APR222200,Target Price: $41.1559,2026-04-22 21:45:00-04:00,2026-04-22 22:00:00-04:00,41.1279,41.1559,no
KXHYPE15M-26APR222145,Target Price: $41.0861,2026-04-22 21:30:00-04:00,2026-04-22 21:45:00-04:00,41.1559,41.0861,yes
KXHYPE15M-26APR222130,Target Price: $41.2137,2026-04-22 21:15:00-04:00,2026-04-22 21:30:00-04:00,41.0861,41.2137,no
KXHYPE15M-26APR222115,Target Price: $41.3216,2026-04-22 21:00:00-04:00,2026-04-22 21:15:00-04:00,41.2137,41.3216,no
KXHYPE15M-26APR222100,Target Price: $41.3417,2026-04-22 20:45:00-04:00,2026-04-22 21:00:00-04:00,41.3216,41.3417,no
KXHYPE15M-26APR222045,Target Price: $41.2539,2026-04-22 20:30:00-04:00,2026-04-22 20:45:00-04:00,41.3417,41.2539,yes
KXHYPE15M-26APR222030,Target Price: $41.0416,2026-04-22 20:15:00-04:00,2026-04-22 20:30:00-04:00,41.2539,41.0416,yes
KXHYPE15M-26APR222015,Target Price: $41.1570,2026-04-22 20:00:00-04:00,2026-04-22 20:15:00-04:00,41.0416,41.157,no
KXHYPE15M-26APR222000,Target Price: $41.2287,2026-04-22 19:45:00-04:00,2026-04-22 20:00:00-04:00,41.1570,41.2287,no
KXHYPE15M-26APR221945,Target Price: $41.1278,2026-04-22 19:30:00-04:00,2026-04-22 19:45:00-04:00,41.2287,41.1278,yes
KXHYPE15M-26APR221930,Target Price: $41.3932,2026-04-22 19:15:00-04:00,2026-04-22 19:30:00-04:00,41.1278,41.3932,no
KXHYPE15M-26APR221915,Target Price: $41.3321,2026-04-22 19:00:00-04:00,2026-04-22 19:15:00-04:00,41.3932,41.3321,yes
KXHYPE15M-26APR221900,Target Price: $41.3342,2026-04-22 18:45:00-04:00,2026-04-22 19:00:00-04:00,41.3321,41.3342,no
KXHYPE15M-26APR221845,Target Price: $41.2942,2026-04-22 18:30:00-04:00,2026-04-22 18:45:00-04:00,41.3342,41.2942,yes
KXHYPE15M-26APR221830,Target Price: $41.5560,2026-04-22 18:15:00-04:00,2026-04-22 18:30:00-04:00,41.2942,41.556,no
KXHYPE15M-26APR221815,Target Price: $41.7072,2026-04-22 18:00:00-04:00,2026-04-22 18:15:00-04:00,41.5560,41.7072,no
KXHYPE15M-26APR221800,Target Price: $41.3908,2026-04-22 17:45:00-04:00,2026-04-22 18:00:00-04:00,41.7072,41.3908,yes
KXHYPE15M-26APR221745,Target Price: $41.2094,2026-04-22 17:30:00-04:00,2026-04-22 17:45:00-04:00,41.3908,41.2094,yes
KXHYPE15M-26APR221730,Target Price: $41.1169,2026-04-22 17:15:00-04:00,2026-04-22 17:30:00-04:00,41.2094,41.1169,yes
KXHYPE15M-26APR221715,Target Price: $40.9259,2026-04-22 17:00:00-04:00,2026-04-22 17:15:00-04:00,41.1169,40.9259,yes
KXHYPE15M-26APR221700,Target Price: $40.9405,2026-04-22 16:45:00-04:00,2026-04-22 17:00:00-04:00,40.9259,40.9405,no
KXHYPE15M-26APR221645,Target Price: $40.9281,2026-04-22 16:30:00-04:00,2026-04-22 16:45:00-04:00,40.9405,40.9281,yes
KXHYPE15M-26APR221630,Target Price: $41.1092,2026-04-22 16:15:00-04:00,2026-04-22 16:30:00-04:00,40.9281,41.1092,no
KXHYPE15M-26APR221615,Target Price: $40.9995,2026-04-22 16:00:00-04:00,2026-04-22 16:15:00-04:00,41.1092,40.9995,yes
KXHYPE15M-26APR221600,Target Price: $41.0087,2026-04-22 15:45:00-04:00,2026-04-22 16:00:00-04:00,40.9995,41.0087,no
KXHYPE15M-26APR221545,Target Price: $41.1527,2026-04-22 15:30:00-04:00,2026-04-22 15:45:00-04:00,41.0087,41.1527,no
KXHYPE15M-26APR221530,Target Price: $41.1663,2026-04-22 15:15:00-04:00,2026-04-22 15:30:00-04:00,41.1527,41.1663,no
KXHYPE15M-26APR221515,Target Price: $41.1898,2026-04-22 15:00:00-04:00,2026-04-22 15:15:00-04:00,41.1663,41.1898,no
KXHYPE15M-26APR221500,Target Price: $41.1652,2026-04-22 14:45:00-04:00,2026-04-22 15:00:00-04:00,41.1898,41.1652,yes
KXHYPE15M-26APR221445,Target Price: $41.1908,2026-04-22 14:30:00-04:00,2026-04-22 14:45:00-04:00,41.1652,41.1908,no
KXHYPE15M-26APR221430,Target Price: $40.9702,2026-04-22 14:15:00-04:00,2026-04-22 14:30:00-04:00,41.1908,40.9702,yes
KXHYPE15M-26APR221415,Target Price: $40.8828,2026-04-22 14:00:00-04:00,2026-04-22 14:15:00-04:00,40.9702,40.8828,yes
KXHYPE15M-26APR221400,Target Price: $40.8770,2026-04-22 13:45:00-04:00,2026-04-22 14:00:00-04:00,40.8828,40.877,yes
KXHYPE15M-26APR221345,Target Price: $40.9728,2026-04-22 13:30:00-04:00,2026-04-22 13:45:00-04:00,40.8770,40.9728,no
KXHYPE15M-26APR221330,Target Price: $41.0245,2026-04-22 13:15:00-04:00,2026-04-22 13:30:00-04:00,40.9728,41.0245,no
KXHYPE15M-26APR221315,Target Price: $40.9575,2026-04-22 13:00:00-04:00,2026-04-22 13:15:00-04:00,41.0245,40.9575,yes
KXHYPE15M-26APR221300,Target Price: $41.0530,2026-04-22 12:45:00-04:00,2026-04-22 13:00:00-04:00,40.9575,41.053,no
KXHYPE15M-26APR221245,Target Price: $41.0629,2026-04-22 12:30:00-04:00,2026-04-22 12:45:00-04:00,41.0530,41.0629,no
KXHYPE15M-26APR221230,Target Price: $41.0788,2026-04-22 12:15:00-04:00,2026-04-22 12:30:00-04:00,41.0629,41.0788,no
KXHYPE15M-26APR221215,Target Price: $41.0006,2026-04-22 12:00:00-04:00,2026-04-22 12:15:00-04:00,41.0788,41.0006,yes
KXHYPE15M-26APR221200,Target Price: $41.0413,2026-04-22 11:45:00-04:00,2026-04-22 12:00:00-04:00,41.0006,41.0413,no
KXHYPE15M-26APR221145,Target Price: $40.9596,2026-04-22 11:30:00-04:00,2026-04-22 11:45:00-04:00,41.0413,40.9596,yes
KXHYPE15M-26APR221130,Target Price: $40.9391,2026-04-22 11:15:00-04:00,2026-04-22 11:30:00-04:00,40.9596,40.9391,yes
KXHYPE15M-26APR221115,Target Price: $41.1213,2026-04-22 11:00:00-04:00,2026-04-22 11:15:00-04:00,40.9391,41.1213,no
KXHYPE15M-26APR221100,Target Price: $40.9659,2026-04-22 10:45:00-04:00,2026-04-22 11:00:00-04:00,41.1213,40.9659,yes
KXHYPE15M-26APR221045,Target Price: $41.2425,2026-04-22 10:30:00-04:00,2026-04-22 10:45:00-04:00,40.9659,41.2425,no
KXHYPE15M-26APR221030,Target Price: $41.4096,2026-04-22 10:15:00-04:00,2026-04-22 10:30:00-04:00,41.2425,41.4096,no
KXHYPE15M-26APR221015,Target Price: $41.3533,2026-04-22 10:00:00-04:00,2026-04-22 10:15:00-04:00,41.4096,41.3533,yes
KXHYPE15M-26APR221000,Target Price: $41.4363,2026-04-22 09:45:00-04:00,2026-04-22 10:00:00-04:00,41.3533,41.4363,no
KXHYPE15M-26APR220945,Target Price: $41.3640,2026-04-22 09:30:00-04:00,2026-04-22 09:45:00-04:00,41.4363,41.364,yes
KXHYPE15M-26APR220930,Target Price: $41.4326,2026-04-22 09:15:00-04:00,2026-04-22 09:30:00-04:00,41.3640,41.4326,no
KXHYPE15M-26APR220915,Target Price: $41.1847,2026-04-22 09:00:00-04:00,2026-04-22 09:15:00-04:00,41.4326,41.1847,yes
KXHYPE15M-26APR220900,Target Price: $41.1068,2026-04-22 08:45:00-04:00,2026-04-22 09:00:00-04:00,41.1847,41.1068,yes
KXHYPE15M-26APR220845,Target Price: $41.1074,2026-04-22 08:30:00-04:00,2026-04-22 08:45:00-04:00,41.1068,41.1074,no
KXHYPE15M-26APR220830,Target Price: $41.1765,2026-04-22 08:15:00-04:00,2026-04-22 08:30:00-04:00,41.1074,41.1765,no
KXHYPE15M-26APR220815,Target Price: $41.0510,2026-04-22 08:00:00-04:00,2026-04-22 08:15:00-04:00,41.1765,41.051,yes
KXHYPE15M-26APR220800,Target Price: $40.9820,2026-04-22 07:45:00-04:00,2026-04-22 08:00:00-04:00,41.0510,40.982,yes
KXHYPE15M-26APR220745,Target Price: $40.8273,2026-04-22 07:30:00-04:00,2026-04-22 07:45:00-04:00,40.9820,40.8273,yes
KXHYPE15M-26APR220730,Target Price: $40.8664,2026-04-22 07:15:00-04:00,2026-04-22 07:30:00-04:00,40.8273,40.8664,no
KXHYPE15M-26APR220715,Target Price: $41.0207,2026-04-22 07:00:00-04:00,2026-04-22 07:15:00-04:00,40.8664,41.0207,no
KXHYPE15M-26APR220700,Target Price: $40.8676,2026-04-22 06:45:00-04:00,2026-04-22 07:00:00-04:00,41.0207,40.8676,yes
KXHYPE15M-26APR220645,Target Price: $40.7934,2026-04-22 06:30:00-04:00,2026-04-22 06:45:00-04:00,40.8676,40.7934,yes
KXHYPE15M-26APR220630,Target Price: $40.5927,2026-04-22 06:15:00-04:00,2026-04-22 06:30:00-04:00,40.7934,40.5927,yes
KXHYPE15M-26APR220615,Target Price: $40.5587,2026-04-22 06:00:00-04:00,2026-04-22 06:15:00-04:00,40.5927,40.5587,yes
KXHYPE15M-26APR220600,Target Price: $40.6313,2026-04-22 05:45:00-04:00,2026-04-22 06:00:00-04:00,40.5587,40.6313,no
KXHYPE15M-26APR220545,Target Price: $40.5984,2026-04-22 05:30:00-04:00,2026-04-22 05:45:00-04:00,40.6313,40.5984,yes
KXHYPE15M-26APR220530,Target Price: $40.6298,2026-04-22 05:15:00-04:00,2026-04-22 05:30:00-04:00,40.5984,40.6298,no
KXHYPE15M-26APR220515,Target Price: $40.5605,2026-04-22 05:00:00-04:00,2026-04-22 05:15:00-04:00,40.6298,40.5605,yes
KXHYPE15M-26APR220500,Target Price: $40.4819,2026-04-22 04:45:00-04:00,2026-04-22 05:00:00-04:00,40.5605,40.4819,yes
KXHYPE15M-26APR220445,Target Price: $40.3773,2026-04-22 04:30:00-04:00,2026-04-22 04:45:00-04:00,40.4819,40.3773,yes
KXHYPE15M-26APR220430,Target Price: $40.4765,2026-04-22 04:15:00-04:00,2026-04-22 04:30:00-04:00,40.3773,40.4765,no
KXHYPE15M-26APR220415,Target Price: $40.4505,2026-04-22 04:00:00-04:00,2026-04-22 04:15:00-04:00,40.4765,40.4505,yes
KXHYPE15M-26APR220400,Target Price: $40.4444,2026-04-22 03:45:00-04:00,2026-04-22 04:00:00-04:00,40.4505,40.4444,yes
KXHYPE15M-26APR220345,Target Price: $40.4378,2026-04-22 03:30:00-04:00,2026-04-22 03:45:00-04:00,40.4444,40.4378,yes
KXHYPE15M-26APR220330,Target Price: $40.5822,2026-04-22 03:15:00-04:00,2026-04-22 03:30:00-04:00,40.4378,40.5822,no
KXHYPE15M-26APR220315,Target Price: $40.5181,2026-04-22 03:00:00-04:00,2026-04-22 03:15:00-04:00,40.5822,40.5181,yes
KXHYPE15M-26APR220300,Target Price: $40.4558,2026-04-22 02:45:00-04:00,2026-04-22 03:00:00-04:00,40.5181,40.4558,yes
KXHYPE15M-26APR220245,Target Price: $40.4992,2026-04-22 02:30:00-04:00,2026-04-22 02:45:00-04:00,40.4558,40.4992,no
KXHYPE15M-26APR220230,Target Price: $40.4449,2026-04-22 02:15:00-04:00,2026-04-22 02:30:00-04:00,40.4992,40.4449,yes
KXHYPE15M-26APR220215,Target Price: $40.3141,2026-04-22 02:00:00-04:00,2026-04-22 02:15:00-04:00,40.4449,40.3141,yes
KXHYPE15M-26APR220200,Target Price: $40.5383,2026-04-22 01:45:00-04:00,2026-04-22 02:00:00-04:00,40.3141,40.5383,no
KXHYPE15M-26APR220145,Target Price: $40.5103,2026-04-22 01:30:00-04:00,2026-04-22 01:45:00-04:00,40.5383,40.5103,yes
KXHYPE15M-26APR220130,Target Price: $40.2972,2026-04-22 01:15:00-04:00,2026-04-22 01:30:00-04:00,40.5103,40.2972,yes
KXHYPE15M-26APR220115,Target Price: $40.3605,2026-04-22 01:00:00-04:00,2026-04-22 01:15:00-04:00,40.2972,40.3605,no
KXHYPE15M-26APR220100,Target Price: $40.2714,2026-04-22 00:45:00-04:00,2026-04-22 01:00:00-04:00,40.3605,40.2714,yes
KXHYPE15M-26APR220045,Target Price: $40.2652,2026-04-22 00:30:00-04:00,2026-04-22 00:45:00-04:00,40.2714,40.2652,yes
KXHYPE15M-26APR220030,Target Price: $40.0225,2026-04-22 00:15:00-04:00,2026-04-22 00:30:00-04:00,40.2652,40.0225,yes
KXHYPE15M-26APR220015,Target Price: $40.1389,2026-04-22 00:00:00-04:00,2026-04-22 00:15:00-04:00,40.0225,40.1389,no
KXHYPE15M-26APR220000,Target Price: $40.0711,2026-04-21 23:45:00-04:00,2026-04-22 00:00:00-04:00,40.1389,40.0711,yes
KXHYPE15M-26APR212345,Target Price: $40.2146,2026-04-21 23:30:00-04:00,2026-04-21 23:45:00-04:00,40.0711,40.2146,no
KXHYPE15M-26APR212330,Target Price: $40.3989,2026-04-21 23:15:00-04:00,2026-04-21 23:30:00-04:00,40.2146,40.3989,no
KXHYPE15M-26APR212315,Target Price: $40.4123,2026-04-21 23:00:00-04:00,2026-04-21 23:15:00-04:00,40.3989,40.4123,no
KXHYPE15M-26APR212300,Target Price: $40.4035,2026-04-21 22:45:00-04:00,2026-04-21 23:00:00-04:00,40.4123,40.4035,yes
KXHYPE15M-26APR212245,Target Price: $40.4926,2026-04-21 22:30:00-04:00,2026-04-21 22:45:00-04:00,40.4035,40.4926,no
KXHYPE15M-26APR212230,Target Price: $40.0496,2026-04-21 22:15:00-04:00,2026-04-21 22:30:00-04:00,40.4926,40.0496,yes
KXHYPE15M-26APR212215,Target Price: $39.8309,2026-04-21 22:00:00-04:00,2026-04-21 22:15:00-04:00,40.0496,39.8309,yes
KXHYPE15M-26APR212200,Target Price: $39.6780,2026-04-21 21:45:00-04:00,2026-04-21 22:00:00-04:00,39.8309,39.678,yes
KXHYPE15M-26APR212145,Target Price: $39.8262,2026-04-21 21:30:00-04:00,2026-04-21 21:45:00-04:00,39.6780,39.8262,no
KXHYPE15M-26APR212130,Target Price: $39.9668,2026-04-21 21:15:00-04:00,2026-04-21 21:30:00-04:00,39.8262,39.9668,no
KXHYPE15M-26APR212115,Target Price: $39.9338,2026-04-21 21:00:00-04:00,2026-04-21 21:15:00-04:00,39.9668,39.9338,yes
KXHYPE15M-26APR212100,Target Price: $39.7756,2026-04-21 20:45:00-04:00,2026-04-21 21:00:00-04:00,39.9338,39.7756,yes
KXHYPE15M-26APR212045,Target Price: $39.8529,2026-04-21 20:30:00-04:00,2026-04-21 20:45:00-04:00,39.7756,39.8529,no
KXHYPE15M-26APR212030,Target Price: $39.9449,2026-04-21 20:15:00-04:00,2026-04-21 20:30:00-04:00,39.8529,39.9449,no
KXHYPE15M-26APR212015,Target Price: $39.7788,2026-04-21 20:00:00-04:00,2026-04-21 20:15:00-04:00,39.9449,39.7788,yes
KXHYPE15M-26APR212000,Target Price: $39.8225,2026-04-21 19:45:00-04:00,2026-04-21 20:00:00-04:00,39.7788,39.8225,no
KXHYPE15M-26APR211945,Target Price: $39.6758,2026-04-21 19:30:00-04:00,2026-04-21 19:45:00-04:00,39.8225,39.6758,yes
KXHYPE15M-26APR211930,Target Price: $39.7220,2026-04-21 19:15:00-04:00,2026-04-21 19:30:00-04:00,39.6758,39.722,no
KXHYPE15M-26APR211915,Target Price: $39.5279,2026-04-21 19:00:00-04:00,2026-04-21 19:15:00-04:00,39.7220,39.5279,yes
KXHYPE15M-26APR211900,Target Price: $39.5927,2026-04-21 18:45:00-04:00,2026-04-21 19:00:00-04:00,39.5279,39.5927,no
KXHYPE15M-26APR211845,Target Price: $39.5338,2026-04-21 18:30:00-04:00,2026-04-21 18:45:00-04:00,39.5927,39.5338,yes
KXHYPE15M-26APR211830,Target Price: $39.5730,2026-04-21 18:15:00-04:00,2026-04-21 18:30:00-04:00,39.5338,39.573,no
KXHYPE15M-26APR211815,Target Price: $39.4126,2026-04-21 18:00:00-04:00,2026-04-21 18:15:00-04:00,39.5730,39.4126,yes
KXHYPE15M-26APR211800,Target Price: $39.2704,2026-04-21 17:45:00-04:00,2026-04-21 18:00:00-04:00,39.4126,39.2704,yes
KXHYPE15M-26APR211745,Target Price: $39.3172,2026-04-21 17:30:00-04:00,2026-04-21 17:45:00-04:00,39.2704,39.3172,no
KXHYPE15M-26APR211730,Target Price: $39.2729,2026-04-21 17:15:00-04:00,2026-04-21 17:30:00-04:00,39.3172,39.2729,yes
KXHYPE15M-26APR211715,Target Price: $39.3457,2026-04-21 17:00:00-04:00,2026-04-21 17:15:00-04:00,39.2729,39.3457,no
KXHYPE15M-26APR211700,Target Price: $39.4352,2026-04-21 16:45:00-04:00,2026-04-21 17:00:00-04:00,39.3457,39.4352,no
KXHYPE15M-26APR211645,Target Price: $39.6285,2026-04-21 16:30:00-04:00,2026-04-21 16:45:00-04:00,39.4352,39.6285,no
KXHYPE15M-26APR211630,Target Price: $39.5501,2026-04-21 16:15:00-04:00,2026-04-21 16:30:00-04:00,39.6285,39.5501,yes
KXHYPE15M-26APR211615,Target Price: $38.9894,2026-04-21 16:00:00-04:00,2026-04-21 16:15:00-04:00,39.5501,38.9894,yes
KXHYPE15M-26APR211600,Target Price: $38.9488,2026-04-21 15:45:00-04:00,2026-04-21 16:00:00-04:00,38.9894,38.9488,yes
KXHYPE15M-26APR211545,Target Price: $39.2640,2026-04-21 15:30:00-04:00,2026-04-21 15:45:00-04:00,38.9488,39.264,no
KXHYPE15M-26APR211530,Target Price: $39.2866,2026-04-21 15:15:00-04:00,2026-04-21 15:30:00-04:00,39.2640,39.2866,no
KXHYPE15M-26APR211515,Target Price: $39.2757,2026-04-21 15:00:00-04:00,2026-04-21 15:15:00-04:00,39.2866,39.2757,yes
KXHYPE15M-26APR211500,Target Price: $39.4183,2026-04-21 14:45:00-04:00,2026-04-21 15:00:00-04:00,39.2757,39.4183,no
KXHYPE15M-26APR211445,Target Price: $39.4302,2026-04-21 14:30:00-04:00,2026-04-21 14:45:00-04:00,39.4183,39.4302,no
KXHYPE15M-26APR211430,Target Price: $39.5362,2026-04-21 14:15:00-04:00,2026-04-21 14:30:00-04:00,39.4302,39.5362,no
KXHYPE15M-26APR211415,Target Price: $39.5486,2026-04-21 14:00:00-04:00,2026-04-21 14:15:00-04:00,39.5362,39.5486,no
KXHYPE15M-26APR211400,Target Price: $39.8010,2026-04-21 13:45:00-04:00,2026-04-21 14:00:00-04:00,39.5486,39.801,no
KXHYPE15M-26APR211345,Target Price: $39.6268,2026-04-21 13:30:00-04:00,2026-04-21 13:45:00-04:00,39.8010,39.6268,yes
KXHYPE15M-26APR211330,Target Price: $39.7809,2026-04-21 13:15:00-04:00,2026-04-21 13:30:00-04:00,39.6268,39.7809,no
KXHYPE15M-26APR211315,Target Price: $40.0221,2026-04-21 13:00:00-04:00,2026-04-21 13:15:00-04:00,39.7809,40.0221,no
KXHYPE15M-26APR211300,Target Price: $39.8840,2026-04-21 12:45:00-04:00,2026-04-21 13:00:00-04:00,40.0221,39.884,yes
KXHYPE15M-26APR211245,Target Price: $39.8967,2026-04-21 12:30:00-04:00,2026-04-21 12:45:00-04:00,39.8840,39.8967,no
KXHYPE15M-26APR211230,Target Price: $39.9035,2026-04-21 12:15:00-04:00,2026-04-21 12:30:00-04:00,39.8967,39.9035,no
KXHYPE15M-26APR211215,Target Price: $40.0130,2026-04-21 12:00:00-04:00,2026-04-21 12:15:00-04:00,39.9035,40.013,no
KXHYPE15M-26APR211200,Target Price: $40.0234,2026-04-21 11:45:00-04:00,2026-04-21 12:00:00-04:00,40.0130,40.0234,no
KXHYPE15M-26APR211145,Target Price: $39.9261,2026-04-21 11:30:00-04:00,2026-04-21 11:45:00-04:00,40.0234,39.9261,yes
KXHYPE15M-26APR211130,Target Price: $40.1246,2026-04-21 11:15:00-04:00,2026-04-21 11:30:00-04:00,39.9261,40.1246,no
KXHYPE15M-26APR211115,Target Price: $40.1433,2026-04-21 11:00:00-04:00,2026-04-21 11:15:00-04:00,40.1246,40.1433,no
KXHYPE15M-26APR211100,Target Price: $40.5705,2026-04-21 10:45:00-04:00,2026-04-21 11:00:00-04:00,40.1433,40.5705,no
KXHYPE15M-26APR211045,Target Price: $40.5180,2026-04-21 10:30:00-04:00,2026-04-21 10:45:00-04:00,40.5705,40.518,yes
KXHYPE15M-26APR211030,Target Price: $40.3976,2026-04-21 10:15:00-04:00,2026-04-21 10:30:00-04:00,40.5180,40.3976,yes
KXHYPE15M-26APR211015,Target Price: $40.4374,2026-04-21 10:00:00-04:00,2026-04-21 10:15:00-04:00,40.3976,40.4374,no
KXHYPE15M-26APR211000,Target Price: $40.2841,2026-04-21 09:45:00-04:00,2026-04-21 10:00:00-04:00,40.4374,40.2841,yes
KXHYPE15M-26APR210945,Target Price: $40.5266,2026-04-21 09:30:00-04:00,2026-04-21 09:45:00-04:00,40.2841,40.5266,no
KXHYPE15M-26APR210930,Target Price: $40.7575,2026-04-21 09:15:00-04:00,2026-04-21 09:30:00-04:00,40.5266,40.7575,no
KXHYPE15M-26APR210915,Target Price: $40.7537,2026-04-21 09:00:00-04:00,2026-04-21 09:15:00-04:00,40.7575,40.7537,yes
KXHYPE15M-26APR210900,Target Price: $40.5307,2026-04-21 08:45:00-04:00,2026-04-21 09:00:00-04:00,40.7537,40.5307,yes
KXHYPE15M-26APR210845,Target Price: $40.7208,2026-04-21 08:30:00-04:00,2026-04-21 08:45:00-04:00,40.5307,40.7208,no
KXHYPE15M-26APR210830,Target Price: $40.7322,2026-04-21 08:15:00-04:00,2026-04-21 08:30:00-04:00,40.7208,40.7322,no
KXHYPE15M-26APR210815,Target Price: $40.8883,2026-04-21 08:00:00-04:00,2026-04-21 08:15:00-04:00,40.7322,40.8883,no
KXHYPE15M-26APR210800,Target Price: $40.9216,2026-04-21 07:45:00-04:00,2026-04-21 08:00:00-04:00,40.8883,40.9216,no
KXHYPE15M-26APR210745,Target Price: $41.0833,2026-04-21 07:30:00-04:00,2026-04-21 07:45:00-04:00,40.9216,41.0833,no
KXHYPE15M-26APR210730,Target Price: $40.9528,2026-04-21 07:15:00-04:00,2026-04-21 07:30:00-04:00,41.0833,40.9528,yes
KXHYPE15M-26APR210715,Target Price: $41.1422,2026-04-21 07:00:00-04:00,2026-04-21 07:15:00-04:00,40.9528,41.1422,no
KXHYPE15M-26APR210700,Target Price: $41.0504,2026-04-21 06:45:00-04:00,2026-04-21 07:00:00-04:00,41.1422,41.0504,yes
KXHYPE15M-26APR210645,Target Price: $41.0682,2026-04-21 06:30:00-04:00,2026-04-21 06:45:00-04:00,41.0504,41.0682,no
KXHYPE15M-26APR210630,Target Price: $40.8459,2026-04-21 06:15:00-04:00,2026-04-21 06:30:00-04:00,41.0682,40.8459,yes
KXHYPE15M-26APR210615,Target Price: $40.8404,2026-04-21 06:00:00-04:00,2026-04-21 06:15:00-04:00,40.8459,40.8404,yes
KXHYPE15M-26APR210600,Target Price: $40.9048,2026-04-21 05:45:00-04:00,2026-04-21 06:00:00-04:00,40.8404,40.9048,no
KXHYPE15M-26APR210545,Target Price: $40.7348,2026-04-21 05:30:00-04:00,2026-04-21 05:45:00-04:00,40.9048,40.7348,yes
KXHYPE15M-26APR210530,Target Price: $40.8735,2026-04-21 05:15:00-04:00,2026-04-21 05:30:00-04:00,40.7348,40.8735,no
KXHYPE15M-26APR210515,Target Price: $40.9760,2026-04-21 05:00:00-04:00,2026-04-21 05:15:00-04:00,40.8735,40.976,no
KXHYPE15M-26APR210500,Target Price: $41.0425,2026-04-21 04:45:00-04:00,2026-04-21 05:00:00-04:00,40.9760,41.0425,no
KXHYPE15M-26APR210445,Target Price: $41.0583,2026-04-21 04:30:00-04:00,2026-04-21 04:45:00-04:00,41.0425,41.0583,no
KXHYPE15M-26APR210430,Target Price: $40.8695,2026-04-21 04:15:00-04:00,2026-04-21 04:30:00-04:00,41.0583,40.8695,yes
KXHYPE15M-26APR210415,Target Price: $40.9564,2026-04-21 04:00:00-04:00,2026-04-21 04:15:00-04:00,40.8695,40.9564,no
KXHYPE15M-26APR210400,Target Price: $40.9468,2026-04-21 03:45:00-04:00,2026-04-21 04:00:00-04:00,40.9564,40.9468,yes
KXHYPE15M-26APR210345,Target Price: $40.8140,2026-04-21 03:30:00-04:00,2026-04-21 03:45:00-04:00,40.9468,40.814,yes
KXHYPE15M-26APR210330,Target Price: $40.8572,2026-04-21 03:15:00-04:00,2026-04-21 03:30:00-04:00,40.8140,40.8572,no
KXHYPE15M-26APR210315,Target Price: $40.9908,2026-04-21 03:00:00-04:00,2026-04-21 03:15:00-04:00,40.8572,40.9908,no
KXHYPE15M-26APR210300,Target Price: $40.9967,2026-04-21 02:45:00-04:00,2026-04-21 03:00:00-04:00,40.9908,40.9967,no
KXHYPE15M-26APR210245,Target Price: $40.7788,2026-04-21 02:30:00-04:00,2026-04-21 02:45:00-04:00,40.9967,40.7788,yes
KXHYPE15M-26APR210230,Target Price: $40.8966,2026-04-21 02:15:00-04:00,2026-04-21 02:30:00-04:00,40.7788,40.8966,no
KXHYPE15M-26APR210215,Target Price: $41.0258,2026-04-21 02:00:00-04:00,2026-04-21 02:15:00-04:00,40.8966,41.0258,no
KXHYPE15M-26APR210200,Target Price: $41.0402,2026-04-21 01:45:00-04:00,2026-04-21 02:00:00-04:00,41.0258,41.0402,no
KXHYPE15M-26APR210145,Target Price: $41.1428,2026-04-21 01:30:00-04:00,2026-04-21 01:45:00-04:00,41.0402,41.1428,no
KXHYPE15M-26APR210130,Target Price: $41.2367,2026-04-21 01:15:00-04:00,2026-04-21 01:30:00-04:00,41.1428,41.2367,no
KXHYPE15M-26APR210115,Target Price: $41.1818,2026-04-21 01:00:00-04:00,2026-04-21 01:15:00-04:00,41.2367,41.1818,yes
KXHYPE15M-26APR210100,Target Price: $40.9918,2026-04-21 00:45:00-04:00,2026-04-21 01:00:00-04:00,41.1818,40.9918,yes
KXHYPE15M-26APR210045,Target Price: $41.0274,2026-04-21 00:30:00-04:00,2026-04-21 00:45:00-04:00,40.9918,41.0274,no
KXHYPE15M-26APR210030,Target Price: $41.3220,2026-04-21 00:15:00-04:00,2026-04-21 00:30:00-04:00,41.0274,41.322,no
KXHYPE15M-26APR210015,Target Price: $41.2859,2026-04-21 00:00:00-04:00,2026-04-21 00:15:00-04:00,41.3220,41.2859,yes
KXHYPE15M-26APR210000,Target Price: $41.0187,2026-04-20 23:45:00-04:00,2026-04-21 00:00:00-04:00,41.2859,41.0187,yes
KXHYPE15M-26APR202345,Target Price: $40.9827,2026-04-20 23:30:00-04:00,2026-04-20 23:45:00-04:00,41.0187,40.9827,yes
KXHYPE15M-26APR202330,Target Price: $40.7726,2026-04-20 23:15:00-04:00,2026-04-20 23:30:00-04:00,40.9827,40.7726,yes
KXHYPE15M-26APR202315,Target Price: $40.8484,2026-04-20 23:00:00-04:00,2026-04-20 23:15:00-04:00,40.7726,40.8484,no
KXHYPE15M-26APR202300,Target Price: $40.8608,2026-04-20 22:45:00-04:00,2026-04-20 23:00:00-04:00,40.8484,40.8608,no
KXHYPE15M-26APR202245,Target Price: $40.8384,2026-04-20 22:30:00-04:00,2026-04-20 22:45:00-04:00,40.8608,40.8384,yes
KXHYPE15M-26APR202230,Target Price: $40.7298,2026-04-20 22:15:00-04:00,2026-04-20 22:30:00-04:00,40.8384,40.7298,yes
KXHYPE15M-26APR202215,Target Price: $40.8520,2026-04-20 22:00:00-04:00,2026-04-20 22:15:00-04:00,40.7298,40.852,no
KXHYPE15M-26APR202200,Target Price: $40.8737,2026-04-20 21:45:00-04:00,2026-04-20 22:00:00-04:00,40.8520,40.8737,no
KXHYPE15M-26APR202145,Target Price: $40.8569,2026-04-20 21:30:00-04:00,2026-04-20 21:45:00-04:00,40.8737,40.8569,yes
KXHYPE15M-26APR202130,Target Price: $40.8751,2026-04-20 21:15:00-04:00,2026-04-20 21:30:00-04:00,40.8569,40.8751,no
KXHYPE15M-26APR202115,Target Price: $40.5785,2026-04-20 21:00:00-04:00,2026-04-20 21:15:00-04:00,40.8751,40.5785,yes
KXHYPE15M-26APR202100,Target Price: $40.4268,2026-04-20 20:45:00-04:00,2026-04-20 21:00:00-04:00,40.5785,40.4268,yes
KXHYPE15M-26APR202045,Target Price: $40.5833,2026-04-20 20:30:00-04:00,2026-04-20 20:45:00-04:00,40.4268,40.5833,no
KXHYPE15M-26APR202030,Target Price: $40.6902,2026-04-20 20:15:00-04:00,2026-04-20 20:30:00-04:00,40.5833,40.6902,no
KXHYPE15M-26APR202015,Target Price: $40.7872,2026-04-20 20:00:00-04:00,2026-04-20 20:15:00-04:00,40.6902,40.7872,no
KXHYPE15M-26APR202000,Target Price: $40.6239,2026-04-20 19:45:00-04:00,2026-04-20 20:00:00-04:00,40.7872,40.6239,yes
KXHYPE15M-26APR201945,Target Price: $40.6804,2026-04-20 19:30:00-04:00,2026-04-20 19:45:00-04:00,40.6239,40.6804,no
KXHYPE15M-26APR201930,Target Price: $40.7105,2026-04-20 19:15:00-04:00,2026-04-20 19:30:00-04:00,40.6804,40.7105,no
KXHYPE15M-26APR201915,Target Price: $40.9781,2026-04-20 19:00:00-04:00,2026-04-20 19:15:00-04:00,40.7105,40.9781,no
KXHYPE15M-26APR201900,Target Price: $40.8681,2026-04-20 18:45:00-04:00,2026-04-20 19:00:00-04:00,40.9781,40.8681,yes
KXHYPE15M-26APR201845,Target Price: $40.9313,2026-04-20 18:30:00-04:00,2026-04-20 18:45:00-04:00,40.8681,40.9313,no
KXHYPE15M-26APR201830,Target Price: $41.0462,2026-04-20 18:15:00-04:00,2026-04-20 18:30:00-04:00,40.9313,41.0462,no
KXHYPE15M-26APR201815,Target Price: $41.0357,2026-04-20 18:00:00-04:00,2026-04-20 18:15:00-04:00,41.0462,41.0357,yes
KXHYPE15M-26APR201800,Target Price: $41.0599,2026-04-20 17:45:00-04:00,2026-04-20 18:00:00-04:00,41.0357,41.0599,no
KXHYPE15M-26APR201745,Target Price: $41.3011,2026-04-20 17:30:00-04:00,2026-04-20 17:45:00-04:00,41.0599,41.3011,no
KXHYPE15M-26APR201730,Target Price: $41.3948,2026-04-20 17:15:00-04:00,2026-04-20 17:30:00-04:00,41.3011,41.3948,no
KXHYPE15M-26APR201715,Target Price: $41.4825,2026-04-20 17:00:00-04:00,2026-04-20 17:15:00-04:00,41.3948,41.4825,no
KXHYPE15M-26APR201700,Target Price: $41.4488,2026-04-20 16:45:00-04:00,2026-04-20 17:00:00-04:00,41.4825,41.4488,yes
KXHYPE15M-26APR201645,Target Price: $41.3993,2026-04-20 16:30:00-04:00,2026-04-20 16:45:00-04:00,41.4488,41.3993,yes
KXHYPE15M-26APR201630,Target Price: $41.5163,2026-04-20 16:15:00-04:00,2026-04-20 16:30:00-04:00,41.3993,41.5163,no
KXHYPE15M-26APR201615,Target Price: $41.3617,2026-04-20 16:00:00-04:00,2026-04-20 16:15:00-04:00,41.5163,41.3617,yes
KXHYPE15M-26APR201600,Target Price: $41.3617,2026-04-20 15:45:00-04:00,2026-04-20 16:00:00-04:00,41.3617,41.3617,yes
KXHYPE15M-26APR201545,Target Price: $41.2353,2026-04-20 15:30:00-04:00,2026-04-20 15:45:00-04:00,41.3617,41.2353,yes
KXHYPE15M-26APR201530,Target Price: $41.2722,2026-04-20 15:15:00-04:00,2026-04-20 15:30:00-04:00,41.2353,41.2722,no
KXHYPE15M-26APR201515,Target Price: $41.4436,2026-04-20 15:00:00-04:00,2026-04-20 15:15:00-04:00,41.2722,41.4436,no
KXHYPE15M-26APR201500,Target Price: $41.3095,2026-04-20 14:45:00-04:00,2026-04-20 15:00:00-04:00,41.4436,41.3095,yes
KXHYPE15M-26APR201445,Target Price: $41.3914,2026-04-20 14:30:00-04:00,2026-04-20 14:45:00-04:00,41.3095,41.3914,no
KXHYPE15M-26APR201430,Target Price: $41.5436,2026-04-20 14:15:00-04:00,2026-04-20 14:30:00-04:00,41.3914,41.5436,no
KXHYPE15M-26APR201415,Target Price: $41.2818,2026-04-20 14:00:00-04:00,2026-04-20 14:15:00-04:00,41.5436,41.2818,yes
KXHYPE15M-26APR201400,Target Price: $41.2461,2026-04-20 13:45:00-04:00,2026-04-20 14:00:00-04:00,41.2818,41.2461,yes
KXHYPE15M-26APR201345,Target Price: $41.4352,2026-04-20 13:30:00-04:00,2026-04-20 13:45:00-04:00,41.2461,41.4352,no
KXHYPE15M-26APR201330,Target Price: $41.2619,2026-04-20 13:15:00-04:00,2026-04-20 13:30:00-04:00,41.4352,41.2619,yes
KXHYPE15M-26APR201315,Target Price: $40.8024,2026-04-20 13:00:00-04:00,2026-04-20 13:15:00-04:00,41.2619,40.8024,yes
KXHYPE15M-26APR201300,Target Price: $41.0568,2026-04-20 12:45:00-04:00,2026-04-20 13:00:00-04:00,40.8024,41.0568,no
KXHYPE15M-26APR201245,Target Price: $41.0883,2026-04-20 12:30:00-04:00,2026-04-20 12:45:00-04:00,41.0568,41.0883,no
KXHYPE15M-26APR201230,Target Price: $40.9678,2026-04-20 12:15:00-04:00,2026-04-20 12:30:00-04:00,41.0883,40.9678,yes
KXHYPE15M-26APR201215,Target Price: $41.2239,2026-04-20 12:00:00-04:00,2026-04-20 12:15:00-04:00,40.9678,41.2239,no
KXHYPE15M-26APR201200,Target Price: $41.2428,2026-04-20 11:45:00-04:00,2026-04-20 12:00:00-04:00,41.2239,41.2428,no
KXHYPE15M-26APR201145,Target Price: $41.3601,2026-04-20 11:30:00-04:00,2026-04-20 11:45:00-04:00,41.2428,41.3601,no
KXHYPE15M-26APR201130,Target Price: $41.1277,2026-04-20 11:15:00-04:00,2026-04-20 11:30:00-04:00,41.3601,41.1277,yes
KXHYPE15M-26APR201115,Target Price: $40.9718,2026-04-20 11:00:00-04:00,2026-04-20 11:15:00-04:00,41.1277,40.9718,yes
KXHYPE15M-26APR201100,Target Price: $41.4756,2026-04-20 10:45:00-04:00,2026-04-20 11:00:00-04:00,40.9718,41.4756,no
KXHYPE15M-26APR201045,Target Price: $41.5778,2026-04-20 10:30:00-04:00,2026-04-20 10:45:00-04:00,41.4756,41.5778,no
KXHYPE15M-26APR201030,Target Price: $41.1575,2026-04-20 10:15:00-04:00,2026-04-20 10:30:00-04:00,41.5778,41.1575,yes
KXHYPE15M-26APR201015,Target Price: $41.2047,2026-04-20 10:00:00-04:00,2026-04-20 10:15:00-04:00,41.1575,41.2047,no
KXHYPE15M-26APR201000,Target Price: $41.2619,2026-04-20 09:45:00-04:00,2026-04-20 10:00:00-04:00,41.2047,41.2619,no
KXHYPE15M-26APR200945,Target Price: $41.2486,2026-04-20 09:30:00-04:00,2026-04-20 09:45:00-04:00,41.2619,41.2486,yes
KXHYPE15M-26APR200930,Target Price: $41.3341,2026-04-20 09:15:00-04:00,2026-04-20 09:30:00-04:00,41.2486,41.3341,no
KXHYPE15M-26APR200915,Target Price: $41.4241,2026-04-20 09:00:00-04:00,2026-04-20 09:15:00-04:00,41.3341,41.4241,no
KXHYPE15M-26APR200900,Target Price: $41.3398,2026-04-20 08:45:00-04:00,2026-04-20 09:00:00-04:00,41.4241,41.3398,yes
KXHYPE15M-26APR200845,Target Price: $41.3263,2026-04-20 08:30:00-04:00,2026-04-20 08:45:00-04:00,41.3398,41.3263,yes
KXHYPE15M-26APR200830,Target Price: $41.3957,2026-04-20 08:15:00-04:00,2026-04-20 08:30:00-04:00,41.3263,41.3957,no
KXHYPE15M-26APR200815,Target Price: $41.1721,2026-04-20 08:00:00-04:00,2026-04-20 08:15:00-04:00,41.3957,41.1721,yes
KXHYPE15M-26APR200800,Target Price: $41.1291,2026-04-20 07:45:00-04:00,2026-04-20 08:00:00-04:00,41.1721,41.1291,yes
KXHYPE15M-26APR200745,Target Price: $41.0385,2026-04-20 07:30:00-04:00,2026-04-20 07:45:00-04:00,41.1291,41.0385,yes
KXHYPE15M-26APR200730,Target Price: $41.0765,2026-04-20 07:15:00-04:00,2026-04-20 07:30:00-04:00,41.0385,41.0765,no
KXHYPE15M-26APR200715,Target Price: $40.9475,2026-04-20 07:00:00-04:00,2026-04-20 07:15:00-04:00,41.0765,40.9475,yes
KXHYPE15M-26APR200700,Target Price: $41.0667,2026-04-20 06:45:00-04:00,2026-04-20 07:00:00-04:00,40.9475,41.0667,no
KXHYPE15M-26APR200645,Target Price: $41.1505,2026-04-20 06:30:00-04:00,2026-04-20 06:45:00-04:00,41.0667,41.1505,no
KXHYPE15M-26APR200630,Target Price: $41.1433,2026-04-20 06:15:00-04:00,2026-04-20 06:30:00-04:00,41.1505,41.1433,yes
KXHYPE15M-26APR200615,Target Price: $41.0254,2026-04-20 06:00:00-04:00,2026-04-20 06:15:00-04:00,41.1433,41.0254,yes
KXHYPE15M-26APR200600,Target Price: $41.1194,2026-04-20 05:45:00-04:00,2026-04-20 06:00:00-04:00,41.0254,41.1194,no
KXHYPE15M-26APR200545,Target Price: $41.0124,2026-04-20 05:30:00-04:00,2026-04-20 05:45:00-04:00,41.1194,41.0124,yes
KXHYPE15M-26APR200530,Target Price: $40.9531,2026-04-20 05:15:00-04:00,2026-04-20 05:30:00-04:00,41.0124,40.9531,yes
KXHYPE15M-26APR200515,Target Price: $40.8641,2026-04-20 05:00:00-04:00,2026-04-20 05:15:00-04:00,40.9531,40.8641,yes
KXHYPE15M-26APR200500,Target Price: $40.7976,2026-04-20 04:45:00-04:00,2026-04-20 05:00:00-04:00,40.8641,40.7976,yes
KXHYPE15M-26APR200445,Target Price: $40.8330,2026-04-20 04:30:00-04:00,2026-04-20 04:45:00-04:00,40.7976,40.833,no
KXHYPE15M-26APR200430,Target Price: $40.9979,2026-04-20 04:15:00-04:00,2026-04-20 04:30:00-04:00,40.8330,40.9979,no
KXHYPE15M-26APR200415,Target Price: $40.8865,2026-04-20 04:00:00-04:00,2026-04-20 04:15:00-04:00,40.9979,40.8865,yes
KXHYPE15M-26APR200400,Target Price: $41.1278,2026-04-20 03:45:00-04:00,2026-04-20 04:00:00-04:00,40.8865,41.1278,no
KXHYPE15M-26APR200345,Target Price: $41.4119,2026-04-20 03:30:00-04:00,2026-04-20 03:45:00-04:00,41.1278,41.4119,no
KXHYPE15M-26APR200330,Target Price: $41.1771,2026-04-20 03:15:00-04:00,2026-04-20 03:30:00-04:00,41.4119,41.1771,yes
KXHYPE15M-26APR200315,Target Price: $41.1643,2026-04-20 03:00:00-04:00,2026-04-20 03:15:00-04:00,41.1771,41.1643,yes
KXHYPE15M-26APR200300,Target Price: $41.3423,2026-04-20 02:45:00-04:00,2026-04-20 03:00:00-04:00,41.1643,41.3423,no
KXHYPE15M-26APR200245,Target Price: $41.1184,2026-04-20 02:30:00-04:00,2026-04-20 02:45:00-04:00,41.3423,41.1184,yes
KXHYPE15M-26APR200230,Target Price: $41.0120,2026-04-20 02:15:00-04:00,2026-04-20 02:30:00-04:00,41.1184,41.012,yes
KXHYPE15M-26APR200215,Target Price: $41.0866,2026-04-20 02:00:00-04:00,2026-04-20 02:15:00-04:00,41.0120,41.0866,no
KXHYPE15M-26APR200200,Target Price: $40.9722,2026-04-20 01:45:00-04:00,2026-04-20 02:00:00-04:00,41.0866,40.9722,yes
KXHYPE15M-26APR200145,Target Price: $40.7925,2026-04-20 01:30:00-04:00,2026-04-20 01:45:00-04:00,40.9722,40.7925,yes
KXHYPE15M-26APR200130,Target Price: $40.9369,2026-04-20 01:15:00-04:00,2026-04-20 01:30:00-04:00,40.7925,40.9369,no
KXHYPE15M-26APR200115,Target Price: $41.0191,2026-04-20 01:00:00-04:00,2026-04-20 01:15:00-04:00,40.9369,41.0191,no
KXHYPE15M-26APR200100,Target Price: $41.1095,2026-04-20 00:45:00-04:00,2026-04-20 01:00:00-04:00,41.0191,41.1095,no
KXHYPE15M-26APR200045,Target Price: $41.0519,2026-04-20 00:30:00-04:00,2026-04-20 00:45:00-04:00,41.1095,41.0519,yes
KXHYPE15M-26APR200030,Target Price: $41.1437,2026-04-20 00:15:00-04:00,2026-04-20 00:30:00-04:00,41.0519,41.1437,no
KXHYPE15M-26APR200015,Target Price: $41.2431,2026-04-20 00:00:00-04:00,2026-04-20 00:15:00-04:00,41.1437,41.2431,no
KXHYPE15M-26APR200000,Target Price: $41.1999,2026-04-19 23:45:00-04:00,2026-04-20 00:00:00-04:00,41.2431,41.1999,yes
KXHYPE15M-26APR192345,Target Price: $41.0527,2026-04-19 23:30:00-04:00,2026-04-19 23:45:00-04:00,41.1999,41.0527,yes
KXHYPE15M-26APR192330,Target Price: $40.9818,2026-04-19 23:15:00-04:00,2026-04-19 23:30:00-04:00,41.0527,40.9818,yes
KXHYPE15M-26APR192315,Target Price: $41.0509,2026-04-19 23:00:00-04:00,2026-04-19 23:15:00-04:00,40.9818,41.0509,no
KXHYPE15M-26APR192300,Target Price: $41.1408,2026-04-19 22:45:00-04:00,2026-04-19 23:00:00-04:00,41.0509,41.1408,no
KXHYPE15M-26APR192245,Target Price: $41.1419,2026-04-19 22:30:00-04:00,2026-04-19 22:45:00-04:00,41.1408,41.1419,no
KXHYPE15M-26APR192230,Target Price: $41.1677,2026-04-19 22:15:00-04:00,2026-04-19 22:30:00-04:00,41.1419,41.1677,no
KXHYPE15M-26APR192215,Target Price: $41.5980,2026-04-19 22:00:00-04:00,2026-04-19 22:15:00-04:00,41.1677,41.598,no
KXHYPE15M-26APR192200,Target Price: $41.4579,2026-04-19 21:45:00-04:00,2026-04-19 22:00:00-04:00,41.5980,41.4579,yes
KXHYPE15M-26APR192145,Target Price: $41.3888,2026-04-19 21:30:00-04:00,2026-04-19 21:45:00-04:00,41.4579,41.3888,yes
KXHYPE15M-26APR192130,Target Price: $41.4348,2026-04-19 21:15:00-04:00,2026-04-19 21:30:00-04:00,41.3888,41.4348,no
KXHYPE15M-26APR192115,Target Price: $41.2104,2026-04-19 21:00:00-04:00,2026-04-19 21:15:00-04:00,41.4348,41.2104,yes
KXHYPE15M-26APR192100,Target Price: $41.2001,2026-04-19 20:45:00-04:00,2026-04-19 21:00:00-04:00,41.2104,41.2001,yes
KXHYPE15M-26APR192045,Target Price: $41.1237,2026-04-19 20:30:00-04:00,2026-04-19 20:45:00-04:00,41.2001,41.1237,yes
KXHYPE15M-26APR192030,Target Price: $40.9763,2026-04-19 20:15:00-04:00,2026-04-19 20:30:00-04:00,41.1237,40.9763,yes
KXHYPE15M-26APR192015,Target Price: $40.6049,2026-04-19 20:00:00-04:00,2026-04-19 20:15:00-04:00,40.9763,40.6049,yes
KXHYPE15M-26APR192000,Target Price: $40.8029,2026-04-19 19:45:00-04:00,2026-04-19 20:00:00-04:00,40.6049,40.8029,no
KXHYPE15M-26APR191945,Target Price: $40.9873,2026-04-19 19:30:00-04:00,2026-04-19 19:45:00-04:00,40.8029,40.9873,no
KXHYPE15M-26APR191930,Target Price: $40.9680,2026-04-19 19:15:00-04:00,2026-04-19 19:30:00-04:00,40.9873,40.968,yes
KXHYPE15M-26APR191915,Target Price: $41.1059,2026-04-19 19:00:00-04:00,2026-04-19 19:15:00-04:00,40.9680,41.1059,no
KXHYPE15M-26APR191900,Target Price: $41.1273,2026-04-19 18:45:00-04:00,2026-04-19 19:00:00-04:00,41.1059,41.1273,no
KXHYPE15M-26APR191845,Target Price: $40.9890,2026-04-19 18:30:00-04:00,2026-04-19 18:45:00-04:00,41.1273,40.989,yes
KXHYPE15M-26APR191830,Target Price: $41.1172,2026-04-19 18:15:00-04:00,2026-04-19 18:30:00-04:00,40.9890,41.1172,no
KXHYPE15M-26APR191815,Target Price: $41.0785,2026-04-19 18:00:00-04:00,2026-04-19 18:15:00-04:00,41.1172,41.0785,yes
KXHYPE15M-26APR191800,Target Price: $41.2303,2026-04-19 17:45:00-04:00,2026-04-19 18:00:00-04:00,41.0785,41.2303,no
KXHYPE15M-26APR191745,Target Price: $41.3935,2026-04-19 17:30:00-04:00,2026-04-19 17:45:00-04:00,41.2303,41.3935,no
KXHYPE15M-26APR191730,Target Price: $41.4803,2026-04-19 17:15:00-04:00,2026-04-19 17:30:00-04:00,41.3935,41.4803,no
KXHYPE15M-26APR191715,Target Price: $41.4351,2026-04-19 17:00:00-04:00,2026-04-19 17:15:00-04:00,41.4803,41.4351,yes
KXHYPE15M-26APR191700,Target Price: $41.3941,2026-04-19 16:45:00-04:00,2026-04-19 17:00:00-04:00,41.4351,41.3941,yes
KXHYPE15M-26APR191645,Target Price: $41.4321,2026-04-19 16:30:00-04:00,2026-04-19 16:45:00-04:00,41.3941,41.4321,no
KXHYPE15M-26APR191630,Target Price: $41.5683,2026-04-19 16:15:00-04:00,2026-04-19 16:30:00-04:00,41.4321,41.5683,no
KXHYPE15M-26APR191615,Target Price: $41.5962,2026-04-19 16:00:00-04:00,2026-04-19 16:15:00-04:00,41.5683,41.5962,no
KXHYPE15M-26APR191600,Target Price: $41.5754,2026-04-19 15:45:00-04:00,2026-04-19 16:00:00-04:00,41.5962,41.5754,yes
KXHYPE15M-26APR191545,Target Price: $41.6662,2026-04-19 15:30:00-04:00,2026-04-19 15:45:00-04:00,41.5754,41.6662,no
KXHYPE15M-26APR191530,Target Price: $41.6096,2026-04-19 15:15:00-04:00,2026-04-19 15:30:00-04:00,41.6662,41.6096,yes
KXHYPE15M-26APR191515,Target Price: $41.4593,2026-04-19 15:00:00-04:00,2026-04-19 15:15:00-04:00,41.6096,41.4593,yes
KXHYPE15M-26APR191500,Target Price: $41.6159,2026-04-19 14:45:00-04:00,2026-04-19 15:00:00-04:00,41.4593,41.6159,no
KXHYPE15M-26APR191445,Target Price: $41.8258,2026-04-19 14:30:00-04:00,2026-04-19 14:45:00-04:00,41.6159,41.8258,no
KXHYPE15M-26APR191430,Target Price: $41.7109,2026-04-19 14:15:00-04:00,2026-04-19 14:30:00-04:00,41.8258,41.7109,yes
KXHYPE15M-26APR191415,Target Price: $41.9585,2026-04-19 14:00:00-04:00,2026-04-19 14:15:00-04:00,41.7109,41.9585,no
KXHYPE15M-26APR191400,Target Price: $42.4384,2026-04-19 13:45:00-04:00,2026-04-19 14:00:00-04:00,41.9585,42.4384,no
KXHYPE15M-26APR191345,Target Price: $42.5549,2026-04-19 13:30:00-04:00,2026-04-19 13:45:00-04:00,42.4384,42.5549,no
KXHYPE15M-26APR191330,Target Price: $43.0136,2026-04-19 13:15:00-04:00,2026-04-19 13:30:00-04:00,42.5549,43.0136,no
KXHYPE15M-26APR191315,Target Price: $43.2150,2026-04-19 13:00:00-04:00,2026-04-19 13:15:00-04:00,43.0136,43.215,no
KXHYPE15M-26APR191300,Target Price: $43.1411,2026-04-19 12:45:00-04:00,2026-04-19 13:00:00-04:00,43.2150,43.1411,yes
KXHYPE15M-26APR191245,Target Price: $43.2456,2026-04-19 12:30:00-04:00,2026-04-19 12:45:00-04:00,43.1411,43.2456,no
KXHYPE15M-26APR191230,Target Price: $43.3516,2026-04-19 12:15:00-04:00,2026-04-19 12:30:00-04:00,43.2456,43.3516,no
KXHYPE15M-26APR191215,Target Price: $43.3789,2026-04-19 12:00:00-04:00,2026-04-19 12:15:00-04:00,43.3516,43.3789,no
KXHYPE15M-26APR191200,Target Price: $43.4142,2026-04-19 11:45:00-04:00,2026-04-19 12:00:00-04:00,43.3789,43.4142,no
KXHYPE15M-26APR191145,Target Price: $43.5204,2026-04-19 11:30:00-04:00,2026-04-19 11:45:00-04:00,43.4142,43.5204,no
KXHYPE15M-26APR191130,Target Price: $43.5697,2026-04-19 11:15:00-04:00,2026-04-19 11:30:00-04:00,43.5204,43.5697,no
KXHYPE15M-26APR191115,Target Price: $43.5932,2026-04-19 11:00:00-04:00,2026-04-19 11:15:00-04:00,43.5697,43.5932,no
KXHYPE15M-26APR191100,Target Price: $43.6037,2026-04-19 10:45:00-04:00,2026-04-19 11:00:00-04:00,43.5932,43.6037,no
KXHYPE15M-26APR191045,Target Price: $43.5675,2026-04-19 10:30:00-04:00,2026-04-19 10:45:00-04:00,43.6037,43.5675,yes
KXHYPE15M-26APR191030,Target Price: $43.6015,2026-04-19 10:15:00-04:00,2026-04-19 10:30:00-04:00,43.5675,43.6015,no
KXHYPE15M-26APR191015,Target Price: $43.6401,2026-04-19 10:00:00-04:00,2026-04-19 10:15:00-04:00,43.6015,43.6401,no
KXHYPE15M-26APR191000,Target Price: $43.7056,2026-04-19 09:45:00-04:00,2026-04-19 10:00:00-04:00,43.6401,43.7056,no
KXHYPE15M-26APR190945,Target Price: $43.7024,2026-04-19 09:30:00-04:00,2026-04-19 09:45:00-04:00,43.7056,43.7024,yes
KXHYPE15M-26APR190930,Target Price: $43.5962,2026-04-19 09:15:00-04:00,2026-04-19 09:30:00-04:00,43.7024,43.5962,yes
KXHYPE15M-26APR190915,Target Price: $43.5046,2026-04-19 09:00:00-04:00,2026-04-19 09:15:00-04:00,43.5962,43.5046,yes
KXHYPE15M-26APR190900,Target Price: $43.2470,2026-04-19 08:45:00-04:00,2026-04-19 09:00:00-04:00,43.5046,43.247,yes
KXHYPE15M-26APR190845,Target Price: $43.2400,2026-04-19 08:30:00-04:00,2026-04-19 08:45:00-04:00,43.2470,43.24,yes
KXHYPE15M-26APR190830,Target Price: $43.4879,2026-04-19 08:15:00-04:00,2026-04-19 08:30:00-04:00,43.2400,43.4879,no
KXHYPE15M-26APR190815,Target Price: $43.4239,2026-04-19 08:00:00-04:00,2026-04-19 08:15:00-04:00,43.4879,43.4239,yes
KXHYPE15M-26APR190800,Target Price: $43.3580,2026-04-19 07:45:00-04:00,2026-04-19 08:00:00-04:00,43.4239,43.358,yes
KXHYPE15M-26APR190745,Target Price: $43.1555,2026-04-19 07:30:00-04:00,2026-04-19 07:45:00-04:00,43.3580,43.1555,yes
KXHYPE15M-26APR190730,Target Price: $43.1645,2026-04-19 07:15:00-04:00,2026-04-19 07:30:00-04:00,43.1555,43.1645,no
KXHYPE15M-26APR190715,Target Price: $43.0747,2026-04-19 07:00:00-04:00,2026-04-19 07:15:00-04:00,43.1645,43.0747,yes
KXHYPE15M-26APR190700,Target Price: $43.0406,2026-04-19 06:45:00-04:00,2026-04-19 07:00:00-04:00,43.0747,43.0406,yes
KXHYPE15M-26APR190645,Target Price: $42.9947,2026-04-19 06:30:00-04:00,2026-04-19 06:45:00-04:00,43.0406,42.9947,yes
KXHYPE15M-26APR190630,Target Price: $43.0370,2026-04-19 06:15:00-04:00,2026-04-19 06:30:00-04:00,42.9947,43.037,no
KXHYPE15M-26APR190615,Target Price: $42.9320,2026-04-19 06:00:00-04:00,2026-04-19 06:15:00-04:00,43.0370,42.932,yes
KXHYPE15M-26APR190600,Target Price: $42.8698,2026-04-19 05:45:00-04:00,2026-04-19 06:00:00-04:00,42.9320,42.8698,yes
KXHYPE15M-26APR190545,Target Price: $42.9843,2026-04-19 05:30:00-04:00,2026-04-19 05:45:00-04:00,42.8698,42.9843,no
KXHYPE15M-26APR190530,Target Price: $43.2081,2026-04-19 05:15:00-04:00,2026-04-19 05:30:00-04:00,42.9843,43.2081,no
KXHYPE15M-26APR190515,Target Price: $43.3255,2026-04-19 05:00:00-04:00,2026-04-19 05:15:00-04:00,43.2081,43.3255,no
KXHYPE15M-26APR190500,Target Price: $43.3088,2026-04-19 04:45:00-04:00,2026-04-19 05:00:00-04:00,43.3255,43.3088,yes
KXHYPE15M-26APR190445,Target Price: $43.2049,2026-04-19 04:30:00-04:00,2026-04-19 04:45:00-04:00,43.3088,43.2049,yes
KXHYPE15M-26APR190430,Target Price: $43.1471,2026-04-19 04:15:00-04:00,2026-04-19 04:30:00-04:00,43.2049,43.1471,yes
KXHYPE15M-26APR190415,Target Price: $43.1967,2026-04-19 04:00:00-04:00,2026-04-19 04:15:00-04:00,43.1471,43.1967,no
KXHYPE15M-26APR190400,Target Price: $43.2050,2026-04-19 03:45:00-04:00,2026-04-19 04:00:00-04:00,43.1967,43.205,no
KXHYPE15M-26APR190345,Target Price: $43.1482,2026-04-19 03:30:00-04:00,2026-04-19 03:45:00-04:00,43.2050,43.1482,yes
KXHYPE15M-26APR190330,Target Price: $43.4319,2026-04-19 03:15:00-04:00,2026-04-19 03:30:00-04:00,43.1482,43.4319,no
KXHYPE15M-26APR190315,Target Price: $43.4829,2026-04-19 03:00:00-04:00,2026-04-19 03:15:00-04:00,43.4319,43.4829,no
KXHYPE15M-26APR190300,Target Price: $43.3577,2026-04-19 02:45:00-04:00,2026-04-19 03:00:00-04:00,43.4829,43.3577,yes
KXHYPE15M-26APR190245,Target Price: $43.3636,2026-04-19 02:30:00-04:00,2026-04-19 02:45:00-04:00,43.3577,43.3636,no
KXHYPE15M-26APR190230,Target Price: $43.2835,2026-04-19 02:15:00-04:00,2026-04-19 02:30:00-04:00,43.3636,43.2835,yes
KXHYPE15M-26APR190215,Target Price: $43.4914,2026-04-19 02:00:00-04:00,2026-04-19 02:15:00-04:00,43.2835,43.4914,no
KXHYPE15M-26APR190200,Target Price: $43.5372,2026-04-19 01:45:00-04:00,2026-04-19 02:00:00-04:00,43.4914,43.5372,no
KXHYPE15M-26APR190145,Target Price: $43.6350,2026-04-19 01:30:00-04:00,2026-04-19 01:45:00-04:00,43.5372,43.635,no
KXHYPE15M-26APR190130,Target Price: $43.5703,2026-04-19 01:15:00-04:00,2026-04-19 01:30:00-04:00,43.6350,43.5703,yes
KXHYPE15M-26APR190115,Target Price: $43.6157,2026-04-19 01:00:00-04:00,2026-04-19 01:15:00-04:00,43.5703,43.6157,no
KXHYPE15M-26APR190100,Target Price: $43.4096,2026-04-19 00:45:00-04:00,2026-04-19 01:00:00-04:00,43.6157,43.4096,yes
KXHYPE15M-26APR190045,Target Price: $43.6047,2026-04-19 00:30:00-04:00,2026-04-19 00:45:00-04:00,43.4096,43.6047,no
KXHYPE15M-26APR190030,Target Price: $43.5445,2026-04-19 00:15:00-04:00,2026-04-19 00:30:00-04:00,43.6047,43.5445,yes
KXHYPE15M-26APR190015,Target Price: $43.3580,2026-04-19 00:00:00-04:00,2026-04-19 00:15:00-04:00,43.5445,43.358,yes
KXHYPE15M-26APR190000,Target Price: $43.4088,2026-04-18 23:45:00-04:00,2026-04-19 00:00:00-04:00,43.3580,43.4088,no
KXHYPE15M-26APR182345,Target Price: $43.2896,2026-04-18 23:30:00-04:00,2026-04-18 23:45:00-04:00,43.4088,43.2896,yes
KXHYPE15M-26APR182330,Target Price: $43.3575,2026-04-18 23:15:00-04:00,2026-04-18 23:30:00-04:00,43.2896,43.3575,no
KXHYPE15M-26APR182315,Target Price: $43.3768,2026-04-18 23:00:00-04:00,2026-04-18 23:15:00-04:00,43.3575,43.3768,no
KXHYPE15M-26APR182300,Target Price: $43.5921,2026-04-18 22:45:00-04:00,2026-04-18 23:00:00-04:00,43.3768,43.5921,no
KXHYPE15M-26APR182245,Target Price: $43.5897,2026-04-18 22:30:00-04:00,2026-04-18 22:45:00-04:00,43.5921,43.5897,yes
KXHYPE15M-26APR182230,Target Price: $43.6099,2026-04-18 22:15:00-04:00,2026-04-18 22:30:00-04:00,43.5897,43.6099,no
KXHYPE15M-26APR182215,Target Price: $43.6115,2026-04-18 22:00:00-04:00,2026-04-18 22:15:00-04:00,43.6099,43.6115,no
KXHYPE15M-26APR182200,Target Price: $43.4134,2026-04-18 21:45:00-04:00,2026-04-18 22:00:00-04:00,43.6115,43.4134,yes
KXHYPE15M-26APR182145,Target Price: $43.5601,2026-04-18 21:30:00-04:00,2026-04-18 21:45:00-04:00,43.4134,43.5601,no
KXHYPE15M-26APR182130,Target Price: $43.7196,2026-04-18 21:15:00-04:00,2026-04-18 21:30:00-04:00,43.5601,43.7196,no
KXHYPE15M-26APR182115,Target Price: $43.6939,2026-04-18 21:00:00-04:00,2026-04-18 21:15:00-04:00,43.7196,43.6939,yes
KXHYPE15M-26APR182100,Target Price: $43.5033,2026-04-18 20:45:00-04:00,2026-04-18 21:00:00-04:00,43.6939,43.5033,yes
KXHYPE15M-26APR182045,Target Price: $43.7215,2026-04-18 20:30:00-04:00,2026-04-18 20:45:00-04:00,43.5033,43.7215,no
KXHYPE15M-26APR182030,Target Price: $43.9180,2026-04-18 20:15:00-04:00,2026-04-18 20:30:00-04:00,43.7215,43.918,no
KXHYPE15M-26APR182015,Target Price: $43.8214,2026-04-18 20:00:00-04:00,2026-04-18 20:15:00-04:00,43.9180,43.8214,yes
KXHYPE15M-26APR182000,Target Price: $43.9947,2026-04-18 19:45:00-04:00,2026-04-18 20:00:00-04:00,43.8214,43.9947,no
KXHYPE15M-26APR181945,Target Price: $44.2037,2026-04-18 19:30:00-04:00,2026-04-18 19:45:00-04:00,43.9947,44.2037,no
KXHYPE15M-26APR181930,Target Price: $44.1246,2026-04-18 19:15:00-04:00,2026-04-18 19:30:00-04:00,44.2037,44.1246,yes
KXHYPE15M-26APR181915,Target Price: $44.2252,2026-04-18 19:00:00-04:00,2026-04-18 19:15:00-04:00,44.1246,44.2252,no
KXHYPE15M-26APR181900,Target Price: $44.2376,2026-04-18 18:45:00-04:00,2026-04-18 19:00:00-04:00,44.2252,44.2376,no
KXHYPE15M-26APR181845,Target Price: $44.2013,2026-04-18 18:30:00-04:00,2026-04-18 18:45:00-04:00,44.2376,44.2013,yes
KXHYPE15M-26APR181830,Target Price: $44.2132,2026-04-18 18:15:00-04:00,2026-04-18 18:30:00-04:00,44.2013,44.2132,no
KXHYPE15M-26APR181815,Target Price: $44.2046,2026-04-18 18:00:00-04:00,2026-04-18 18:15:00-04:00,44.2132,44.2046,yes
KXHYPE15M-26APR181800,Target Price: $43.9905,2026-04-18 17:45:00-04:00,2026-04-18 18:00:00-04:00,44.2046,43.9905,yes
KXHYPE15M-26APR181745,Target Price: $44.1462,2026-04-18 17:30:00-04:00,2026-04-18 17:45:00-04:00,43.9905,44.1462,no
KXHYPE15M-26APR181730,Target Price: $44.1838,2026-04-18 17:15:00-04:00,2026-04-18 17:30:00-04:00,44.1462,44.1838,no
KXHYPE15M-26APR181715,Target Price: $44.1689,2026-04-18 17:00:00-04:00,2026-04-18 17:15:00-04:00,44.1838,44.1689,yes
KXHYPE15M-26APR181700,Target Price: $44.1593,2026-04-18 16:45:00-04:00,2026-04-18 17:00:00-04:00,44.1689,44.1593,yes
KXHYPE15M-26APR181645,Target Price: $43.9757,2026-04-18 16:30:00-04:00,2026-04-18 16:45:00-04:00,44.1593,43.9757,yes
KXHYPE15M-26APR181630,Target Price: $44.0416,2026-04-18 16:15:00-04:00,2026-04-18 16:30:00-04:00,43.9757,44.0416,no
KXHYPE15M-26APR181615,Target Price: $44.0222,2026-04-18 16:00:00-04:00,2026-04-18 16:15:00-04:00,44.0416,44.0222,yes
KXHYPE15M-26APR181600,Target Price: $43.8175,2026-04-18 15:45:00-04:00,2026-04-18 16:00:00-04:00,44.0222,43.8175,yes
KXHYPE15M-26APR181545,Target Price: $44.1589,2026-04-18 15:30:00-04:00,2026-04-18 15:45:00-04:00,43.8175,44.1589,no
KXHYPE15M-26APR181530,Target Price: $44.2614,2026-04-18 15:15:00-04:00,2026-04-18 15:30:00-04:00,44.1589,44.2614,no
KXHYPE15M-26APR181515,Target Price: $44.1988,2026-04-18 15:00:00-04:00,2026-04-18 15:15:00-04:00,44.2614,44.1988,yes
KXHYPE15M-26APR181500,Target Price: $44.1788,2026-04-18 14:45:00-04:00,2026-04-18 15:00:00-04:00,44.1988,44.1788,yes
KXHYPE15M-26APR181445,Target Price: $44.1280,2026-04-18 14:30:00-04:00,2026-04-18 14:45:00-04:00,44.1788,44.128,yes
KXHYPE15M-26APR181430,Target Price: $44.2374,2026-04-18 14:15:00-04:00,2026-04-18 14:30:00-04:00,44.1280,44.2374,no
KXHYPE15M-26APR181415,Target Price: $44.2276,2026-04-18 14:00:00-04:00,2026-04-18 14:15:00-04:00,44.2374,44.2276,yes
KXHYPE15M-26APR181400,Target Price: $44.2276,2026-04-18 13:45:00-04:00,2026-04-18 14:00:00-04:00,44.2276,44.2276,yes
KXHYPE15M-26APR181345,Target Price: $44.2799,2026-04-18 13:30:00-04:00,2026-04-18 13:45:00-04:00,44.2276,44.2799,no
KXHYPE15M-26APR181330,Target Price: $44.2172,2026-04-18 13:15:00-04:00,2026-04-18 13:30:00-04:00,44.2799,44.2172,yes
KXHYPE15M-26APR181315,Target Price: $44.2782,2026-04-18 13:00:00-04:00,2026-04-18 13:15:00-04:00,44.2172,44.2782,no
KXHYPE15M-26APR181300,Target Price: $44.1883,2026-04-18 12:45:00-04:00,2026-04-18 13:00:00-04:00,44.2782,44.1883,yes
KXHYPE15M-26APR181245,Target Price: $44.4156,2026-04-18 12:30:00-04:00,2026-04-18 12:45:00-04:00,44.1883,44.4156,no
KXHYPE15M-26APR181230,Target Price: $44.6341,2026-04-18 12:15:00-04:00,2026-04-18 12:30:00-04:00,44.4156,44.6341,no
KXHYPE15M-26APR181215,Target Price: $44.5916,2026-04-18 12:00:00-04:00,2026-04-18 12:15:00-04:00,44.6341,44.5916,yes
KXHYPE15M-26APR181200,Target Price: $44.4821,2026-04-18 11:45:00-04:00,2026-04-18 12:00:00-04:00,44.5916,44.4821,yes
KXHYPE15M-26APR181145,Target Price: $44.4114,2026-04-18 11:30:00-04:00,2026-04-18 11:45:00-04:00,44.4821,44.4114,yes
KXHYPE15M-26APR181130,Target Price: $44.3527,2026-04-18 11:15:00-04:00,2026-04-18 11:30:00-04:00,44.4114,44.3527,yes
KXHYPE15M-26APR181115,Target Price: $44.3846,2026-04-18 11:00:00-04:00,2026-04-18 11:15:00-04:00,44.3527,44.3846,no
KXHYPE15M-26APR181100,Target Price: $44.3921,2026-04-18 10:45:00-04:00,2026-04-18 11:00:00-04:00,44.3846,44.3921,no
KXHYPE15M-26APR181045,Target Price: $44.2348,2026-04-18 10:30:00-04:00,2026-04-18 10:45:00-04:00,44.3921,44.2348,yes
KXHYPE15M-26APR181030,Target Price: $44.2101,2026-04-18 10:15:00-04:00,2026-04-18 10:30:00-04:00,44.2348,44.2101,yes
KXHYPE15M-26APR181015,Target Price: $44.0947,2026-04-18 10:00:00-04:00,2026-04-18 10:15:00-04:00,44.2101,44.0947,yes
KXHYPE15M-26APR181000,Target Price: $44.1690,2026-04-18 09:45:00-04:00,2026-04-18 10:00:00-04:00,44.0947,44.169,no
KXHYPE15M-26APR180945,Target Price: $44.2844,2026-04-18 09:30:00-04:00,2026-04-18 09:45:00-04:00,44.1690,44.2844,no
KXHYPE15M-26APR180930,Target Price: $44.1505,2026-04-18 09:15:00-04:00,2026-04-18 09:30:00-04:00,44.2844,44.1505,yes
KXHYPE15M-26APR180915,Target Price: $44.2488,2026-04-18 09:00:00-04:00,2026-04-18 09:15:00-04:00,44.1505,44.2488,no
KXHYPE15M-26APR180900,Target Price: $44.0585,2026-04-18 08:45:00-04:00,2026-04-18 09:00:00-04:00,44.2488,44.0585,yes
KXHYPE15M-26APR180845,Target Price: $44.1359,2026-04-18 08:30:00-04:00,2026-04-18 08:45:00-04:00,44.0585,44.1359,no
KXHYPE15M-26APR180830,Target Price: $44.4325,2026-04-18 08:15:00-04:00,2026-04-18 08:30:00-04:00,44.1359,44.4325,no
KXHYPE15M-26APR180815,Target Price: $44.3193,2026-04-18 08:00:00-04:00,2026-04-18 08:15:00-04:00,44.4325,44.3193,yes
KXHYPE15M-26APR180800,Target Price: $44.1345,2026-04-18 07:45:00-04:00,2026-04-18 08:00:00-04:00,44.3193,44.1345,yes
KXHYPE15M-26APR180745,Target Price: $44.2415,2026-04-18 07:30:00-04:00,2026-04-18 07:45:00-04:00,44.1345,44.2415,no
KXHYPE15M-26APR180730,Target Price: $44.3066,2026-04-18 07:15:00-04:00,2026-04-18 07:30:00-04:00,44.2415,44.3066,no
KXHYPE15M-26APR180715,Target Price: $44.4657,2026-04-18 07:00:00-04:00,2026-04-18 07:15:00-04:00,44.3066,44.4657,no
KXHYPE15M-26APR180700,Target Price: $44.5452,2026-04-18 06:45:00-04:00,2026-04-18 07:00:00-04:00,44.4657,44.5452,no
KXHYPE15M-26APR180645,Target Price: $44.5596,2026-04-18 06:30:00-04:00,2026-04-18 06:45:00-04:00,44.5452,44.5596,no
KXHYPE15M-26APR180630,Target Price: $44.5851,2026-04-18 06:15:00-04:00,2026-04-18 06:30:00-04:00,44.5596,44.5851,no
KXHYPE15M-26APR180615,Target Price: $44.8017,2026-04-18 06:00:00-04:00,2026-04-18 06:15:00-04:00,44.5851,44.8017,no
KXHYPE15M-26APR180600,Target Price: $44.8240,2026-04-18 05:45:00-04:00,2026-04-18 06:00:00-04:00,44.8017,44.824,no
KXHYPE15M-26APR180545,Target Price: $44.8699,2026-04-18 05:30:00-04:00,2026-04-18 05:45:00-04:00,44.8240,44.8699,no
KXHYPE15M-26APR180530,Target Price: $44.7036,2026-04-18 05:15:00-04:00,2026-04-18 05:30:00-04:00,44.8699,44.7036,yes
KXHYPE15M-26APR180515,Target Price: $45.0009,2026-04-18 05:00:00-04:00,2026-04-18 05:15:00-04:00,44.7036,45.0009,no
KXHYPE15M-26APR180500,Target Price: $44.5939,2026-04-18 04:45:00-04:00,2026-04-18 05:00:00-04:00,45.0009,44.5939,yes
KXHYPE15M-26APR180445,Target Price: $44.4790,2026-04-18 04:30:00-04:00,2026-04-18 04:45:00-04:00,44.5939,44.479,yes
KXHYPE15M-26APR180430,Target Price: $44.6662,2026-04-18 04:15:00-04:00,2026-04-18 04:30:00-04:00,44.4790,44.6662,no
KXHYPE15M-26APR180415,Target Price: $44.6317,2026-04-18 04:00:00-04:00,2026-04-18 04:15:00-04:00,44.6662,44.6317,yes
KXHYPE15M-26APR180400,Target Price: $44.7175,2026-04-18 03:45:00-04:00,2026-04-18 04:00:00-04:00,44.6317,44.7175,no
KXHYPE15M-26APR180345,Target Price: $44.6718,2026-04-18 03:30:00-04:00,2026-04-18 03:45:00-04:00,44.7175,44.6718,yes
KXHYPE15M-26APR180330,Target Price: $44.7478,2026-04-18 03:15:00-04:00,2026-04-18 03:30:00-04:00,44.6718,44.7478,no
KXHYPE15M-26APR180315,Target Price: $44.8305,2026-04-18 03:00:00-04:00,2026-04-18 03:15:00-04:00,44.7478,44.8305,no
KXHYPE15M-26APR180300,Target Price: $44.8897,2026-04-18 02:45:00-04:00,2026-04-18 03:00:00-04:00,44.8305,44.8897,no
KXHYPE15M-26APR180245,Target Price: $44.9410,2026-04-18 02:30:00-04:00,2026-04-18 02:45:00-04:00,44.8897,44.941,no
KXHYPE15M-26APR180230,Target Price: $44.8115,2026-04-18 02:15:00-04:00,2026-04-18 02:30:00-04:00,44.9410,44.8115,yes
KXHYPE15M-26APR180215,Target Price: $44.8430,2026-04-18 02:00:00-04:00,2026-04-18 02:15:00-04:00,44.8115,44.843,no
KXHYPE15M-26APR180200,Target Price: $44.8656,2026-04-18 01:45:00-04:00,2026-04-18 02:00:00-04:00,44.8430,44.8656,no
KXHYPE15M-26APR180145,Target Price: $44.9906,2026-04-18 01:30:00-04:00,2026-04-18 01:45:00-04:00,44.8656,44.9906,no
KXHYPE15M-26APR180130,Target Price: $45.0553,2026-04-18 01:15:00-04:00,2026-04-18 01:30:00-04:00,44.9906,45.0553,no
KXHYPE15M-26APR180115,Target Price: $45.0210,2026-04-18 01:00:00-04:00,2026-04-18 01:15:00-04:00,45.0553,45.021,yes
KXHYPE15M-26APR180100,Target Price: $45.0122,2026-04-18 00:45:00-04:00,2026-04-18 01:00:00-04:00,45.0210,45.0122,yes
KXHYPE15M-26APR180045,Target Price: $44.9633,2026-04-18 00:30:00-04:00,2026-04-18 00:45:00-04:00,45.0122,44.9633,yes
KXHYPE15M-26APR180030,Target Price: $45.1163,2026-04-18 00:15:00-04:00,2026-04-18 00:30:00-04:00,44.9633,45.1163,no
KXHYPE15M-26APR180015,Target Price: $45.1743,2026-04-18 00:00:00-04:00,2026-04-18 00:15:00-04:00,45.1163,45.1743,no
KXHYPE15M-26APR180000,Target Price: $45.4154,2026-04-17 23:45:00-04:00,2026-04-18 00:00:00-04:00,45.1743,45.4154,no
KXHYPE15M-26APR172345,Target Price: $45.4217,2026-04-17 23:30:00-04:00,2026-04-17 23:45:00-04:00,45.4154,45.4217,no
KXHYPE15M-26APR172330,Target Price: $45.3169,2026-04-17 23:15:00-04:00,2026-04-17 23:30:00-04:00,45.4217,45.3169,yes
KXHYPE15M-26APR172315,Target Price: $45.1918,2026-04-17 23:00:00-04:00,2026-04-17 23:15:00-04:00,45.3169,45.1918,yes
KXHYPE15M-26APR172300,Target Price: $45.0606,2026-04-17 22:45:00-04:00,2026-04-17 23:00:00-04:00,45.1918,45.0606,yes
KXHYPE15M-26APR172245,Target Price: $45.1215,2026-04-17 22:30:00-04:00,2026-04-17 22:45:00-04:00,45.0606,45.1215,no
KXHYPE15M-26APR172230,Target Price: $45.0421,2026-04-17 22:15:00-04:00,2026-04-17 22:30:00-04:00,45.1215,45.0421,yes
KXHYPE15M-26APR172215,Target Price: $44.9847,2026-04-17 22:00:00-04:00,2026-04-17 22:15:00-04:00,45.0421,44.9847,yes
KXHYPE15M-26APR172200,Target Price: $45.0218,2026-04-17 21:45:00-04:00,2026-04-17 22:00:00-04:00,44.9847,45.0218,no
KXHYPE15M-26APR172145,Target Price: $45.1093,2026-04-17 21:30:00-04:00,2026-04-17 21:45:00-04:00,45.0218,45.1093,no
KXHYPE15M-26APR172130,Target Price: $45.1745,2026-04-17 21:15:00-04:00,2026-04-17 21:30:00-04:00,45.1093,45.1745,no
KXHYPE15M-26APR172115,Target Price: $44.8929,2026-04-17 21:00:00-04:00,2026-04-17 21:15:00-04:00,45.1745,44.8929,yes
KXHYPE15M-26APR172100,Target Price: $44.7280,2026-04-17 20:45:00-04:00,2026-04-17 21:00:00-04:00,44.8929,44.728,yes
KXHYPE15M-26APR172045,Target Price: $44.7587,2026-04-17 20:30:00-04:00,2026-04-17 20:45:00-04:00,44.7280,44.7587,no
KXHYPE15M-26APR172030,Target Price: $44.5640,2026-04-17 20:15:00-04:00,2026-04-17 20:30:00-04:00,44.7587,44.564,yes
KXHYPE15M-26APR172015,Target Price: $44.6654,2026-04-17 20:00:00-04:00,2026-04-17 20:15:00-04:00,44.5640,44.6654,no
KXHYPE15M-26APR172000,Target Price: $44.4504,2026-04-17 19:45:00-04:00,2026-04-17 20:00:00-04:00,44.6654,44.4504,yes
KXHYPE15M-26APR171945,Target Price: $44.5372,2026-04-17 19:30:00-04:00,2026-04-17 19:45:00-04:00,44.4504,44.5372,no
KXHYPE15M-26APR171930,Target Price: $44.6934,2026-04-17 19:15:00-04:00,2026-04-17 19:30:00-04:00,44.5372,44.6934,no
KXHYPE15M-26APR171915,Target Price: $44.7147,2026-04-17 19:00:00-04:00,2026-04-17 19:15:00-04:00,44.6934,44.7147,no
KXHYPE15M-26APR171900,Target Price: $44.7215,2026-04-17 18:45:00-04:00,2026-04-17 19:00:00-04:00,44.7147,44.7215,no
KXHYPE15M-26APR171845,Target Price: $44.8762,2026-04-17 18:30:00-04:00,2026-04-17 18:45:00-04:00,44.7215,44.8762,no
KXHYPE15M-26APR171830,Target Price: $44.6713,2026-04-17 18:15:00-04:00,2026-04-17 18:30:00-04:00,44.8762,44.6713,yes
KXHYPE15M-26APR171815,Target Price: $44.6063,2026-04-17 18:00:00-04:00,2026-04-17 18:15:00-04:00,44.6713,44.6063,yes
KXHYPE15M-26APR171800,Target Price: $44.5206,2026-04-17 17:45:00-04:00,2026-04-17 18:00:00-04:00,44.6063,44.5206,yes
KXHYPE15M-26APR171745,Target Price: $44.5850,2026-04-17 17:30:00-04:00,2026-04-17 17:45:00-04:00,44.5206,44.585,no
KXHYPE15M-26APR171730,Target Price: $44.7042,2026-04-17 17:15:00-04:00,2026-04-17 17:30:00-04:00,44.5850,44.7042,no
KXHYPE15M-26APR171715,Target Price: $44.6898,2026-04-17 17:00:00-04:00,2026-04-17 17:15:00-04:00,44.7042,44.6898,yes
KXHYPE15M-26APR171700,Target Price: $44.3574,2026-04-17 16:45:00-04:00,2026-04-17 17:00:00-04:00,44.6898,44.3574,yes
KXHYPE15M-26APR171645,Target Price: $44.3109,2026-04-17 16:30:00-04:00,2026-04-17 16:45:00-04:00,44.3574,44.3109,yes
KXHYPE15M-26APR171630,Target Price: $44.3235,2026-04-17 16:15:00-04:00,2026-04-17 16:30:00-04:00,44.3109,44.3235,no
KXHYPE15M-26APR171615,Target Price: $44.4266,2026-04-17 16:00:00-04:00,2026-04-17 16:15:00-04:00,44.3235,44.4266,no
KXHYPE15M-26APR171600,Target Price: $44.3492,2026-04-17 15:45:00-04:00,2026-04-17 16:00:00-04:00,44.4266,44.3492,yes
KXHYPE15M-26APR171545,Target Price: $44.1707,2026-04-17 15:30:00-04:00,2026-04-17 15:45:00-04:00,44.3492,44.1707,yes
KXHYPE15M-26APR171530,Target Price: $44.1979,2026-04-17 15:15:00-04:00,2026-04-17 15:30:00-04:00,44.1707,44.1979,no
KXHYPE15M-26APR171515,Target Price: $44.1646,2026-04-17 15:00:00-04:00,2026-04-17 15:15:00-04:00,44.1979,44.1646,yes
KXHYPE15M-26APR171500,Target Price: $44.4996,2026-04-17 14:45:00-04:00,2026-04-17 15:00:00-04:00,44.1646,44.4996,no
KXHYPE15M-26APR171445,Target Price: $44.4143,2026-04-17 14:30:00-04:00,2026-04-17 14:45:00-04:00,44.4996,44.4143,yes
KXHYPE15M-26APR171430,Target Price: $44.1840,2026-04-17 14:15:00-04:00,2026-04-17 14:30:00-04:00,44.4143,44.184,yes
KXHYPE15M-26APR171415,Target Price: $44.6062,2026-04-17 14:00:00-04:00,2026-04-17 14:15:00-04:00,44.1840,44.6062,no
KXHYPE15M-26APR171400,Target Price: $44.6865,2026-04-17 13:45:00-04:00,2026-04-17 14:00:00-04:00,44.6062,44.6865,no
KXHYPE15M-26APR171345,Target Price: $44.6379,2026-04-17 13:30:00-04:00,2026-04-17 13:45:00-04:00,44.6865,44.6379,yes
KXHYPE15M-26APR171330,Target Price: $44.7741,2026-04-17 13:15:00-04:00,2026-04-17 13:30:00-04:00,44.6379,44.7741,no
KXHYPE15M-26APR171315,Target Price: $45.1783,2026-04-17 13:00:00-04:00,2026-04-17 13:15:00-04:00,44.7741,45.1783,no
KXHYPE15M-26APR171300,Target Price: $45.2095,2026-04-17 12:45:00-04:00,2026-04-17 13:00:00-04:00,45.1783,45.2095,no
KXHYPE15M-26APR171245,Target Price: $45.4087,2026-04-17 12:30:00-04:00,2026-04-17 12:45:00-04:00,45.2095,45.4087,no
KXHYPE15M-26APR171230,Target Price: $45.4478,2026-04-17 12:15:00-04:00,2026-04-17 12:30:00-04:00,45.4087,45.4478,no
KXHYPE15M-26APR171215,Target Price: $45.2380,2026-04-17 12:00:00-04:00,2026-04-17 12:15:00-04:00,45.4478,45.238,yes
KXHYPE15M-26APR171200,Target Price: $44.8777,2026-04-17 11:45:00-04:00,2026-04-17 12:00:00-04:00,45.2380,44.8777,yes
KXHYPE15M-26APR171145,Target Price: $44.9046,2026-04-17 11:30:00-04:00,2026-04-17 11:45:00-04:00,44.8777,44.9046,no
KXHYPE15M-26APR171130,Target Price: $45.0881,2026-04-17 11:15:00-04:00,2026-04-17 11:30:00-04:00,44.9046,45.0881,no
KXHYPE15M-26APR171115,Target Price: $44.9379,2026-04-17 11:00:00-04:00,2026-04-17 11:15:00-04:00,45.0881,44.9379,yes
KXHYPE15M-26APR171100,Target Price: $44.9037,2026-04-17 10:45:00-04:00,2026-04-17 11:00:00-04:00,44.9379,44.9037,yes
KXHYPE15M-26APR171045,Target Price: $44.7317,2026-04-17 10:30:00-04:00,2026-04-17 10:45:00-04:00,44.9037,44.7317,yes
KXHYPE15M-26APR171030,Target Price: $44.6276,2026-04-17 10:15:00-04:00,2026-04-17 10:30:00-04:00,44.7317,44.6276,yes
KXHYPE15M-26APR171015,Target Price: $44.8816,2026-04-17 10:00:00-04:00,2026-04-17 10:15:00-04:00,44.6276,44.8816,no
KXHYPE15M-26APR171000,Target Price: $44.5712,2026-04-17 09:45:00-04:00,2026-04-17 10:00:00-04:00,44.8816,44.5712,yes
KXHYPE15M-26APR170945,Target Price: $44.3953,2026-04-17 09:30:00-04:00,2026-04-17 09:45:00-04:00,44.5712,44.3953,yes
KXHYPE15M-26APR170930,Target Price: $44.4614,2026-04-17 09:15:00-04:00,2026-04-17 09:30:00-04:00,44.3953,44.4614,no
KXHYPE15M-26APR170915,Target Price: $44.1251,2026-04-17 09:00:00-04:00,2026-04-17 09:15:00-04:00,44.4614,44.1251,yes
KXHYPE15M-26APR170900,Target Price: $43.7685,2026-04-17 08:45:00-04:00,2026-04-17 09:00:00-04:00,44.1251,43.7685,yes
KXHYPE15M-26APR170845,Target Price: $43.6405,2026-04-17 08:30:00-04:00,2026-04-17 08:45:00-04:00,43.7685,43.6405,yes
KXHYPE15M-26APR170830,Target Price: $43.6077,2026-04-17 08:15:00-04:00,2026-04-17 08:30:00-04:00,43.6405,43.6077,yes
KXHYPE15M-26APR170815,Target Price: $43.6393,2026-04-17 08:00:00-04:00,2026-04-17 08:15:00-04:00,43.6077,43.6393,no
KXHYPE15M-26APR170800,Target Price: $43.5279,2026-04-17 07:45:00-04:00,2026-04-17 08:00:00-04:00,43.6393,43.5279,yes
KXHYPE15M-26APR170745,Target Price: $43.5855,2026-04-17 07:30:00-04:00,2026-04-17 07:45:00-04:00,43.5279,43.5855,no
KXHYPE15M-26APR170730,Target Price: $43.4790,2026-04-17 07:15:00-04:00,2026-04-17 07:30:00-04:00,43.5855,43.479,yes
KXHYPE15M-26APR170715,Target Price: $43.3795,2026-04-17 07:00:00-04:00,2026-04-17 07:15:00-04:00,43.4790,43.3795,yes
KXHYPE15M-26APR170700,Target Price: $43.3061,2026-04-17 06:45:00-04:00,2026-04-17 07:00:00-04:00,43.3795,43.3061,yes
KXHYPE15M-26APR170645,Target Price: $43.9890,2026-04-17 06:30:00-04:00,2026-04-17 06:45:00-04:00,43.3061,43.989,no
KXHYPE15M-26APR170630,Target Price: $43.9903,2026-04-17 06:15:00-04:00,2026-04-17 06:30:00-04:00,43.9890,43.9903,no
KXHYPE15M-26APR170615,Target Price: $44.2155,2026-04-17 06:00:00-04:00,2026-04-17 06:15:00-04:00,43.9903,44.2155,no
KXHYPE15M-26APR170600,Target Price: $44.0179,2026-04-17 05:45:00-04:00,2026-04-17 06:00:00-04:00,44.2155,44.0179,yes
KXHYPE15M-26APR170545,Target Price: $44.4132,2026-04-17 05:30:00-04:00,2026-04-17 05:45:00-04:00,44.0179,44.4132,no
KXHYPE15M-26APR170530,Target Price: $44.3299,2026-04-17 05:15:00-04:00,2026-04-17 05:30:00-04:00,44.4132,44.3299,yes
KXHYPE15M-26APR170515,Target Price: $44.1348,2026-04-17 05:00:00-04:00,2026-04-17 05:15:00-04:00,44.3299,44.1348,yes
KXHYPE15M-26APR170500,Target Price: $43.9178,2026-04-17 04:45:00-04:00,2026-04-17 05:00:00-04:00,44.1348,43.9178,yes
KXHYPE15M-26APR170445,Target Price: $43.7908,2026-04-17 04:30:00-04:00,2026-04-17 04:45:00-04:00,43.9178,43.7908,yes
KXHYPE15M-26APR170430,Target Price: $43.8007,2026-04-17 04:15:00-04:00,2026-04-17 04:30:00-04:00,43.7908,43.8007,no
KXHYPE15M-26APR170415,Target Price: $43.8847,2026-04-17 04:00:00-04:00,2026-04-17 04:15:00-04:00,43.8007,43.8847,no
KXHYPE15M-26APR170400,Target Price: $43.7715,2026-04-17 03:45:00-04:00,2026-04-17 04:00:00-04:00,43.8847,43.7715,yes
KXHYPE15M-26APR170345,Target Price: $43.5834,2026-04-17 03:30:00-04:00,2026-04-17 03:45:00-04:00,43.7715,43.5834,yes
KXHYPE15M-26APR170330,Target Price: $43.7622,2026-04-17 03:15:00-04:00,2026-04-17 03:30:00-04:00,43.5834,43.7622,no
KXHYPE15M-26APR170315,Target Price: $43.7420,2026-04-17 03:00:00-04:00,2026-04-17 03:15:00-04:00,43.7622,43.742,yes
KXHYPE15M-26APR170300,Target Price: $43.8000,2026-04-17 02:45:00-04:00,2026-04-17 03:00:00-04:00,43.7420,43.8,no
KXHYPE15M-26APR170245,Target Price: $43.7359,2026-04-17 02:30:00-04:00,2026-04-17 02:45:00-04:00,43.8000,43.7359,yes
KXHYPE15M-26APR170230,Target Price: $43.4893,2026-04-17 02:15:00-04:00,2026-04-17 02:30:00-04:00,43.7359,43.4893,yes
KXHYPE15M-26APR170215,Target Price: $43.5134,2026-04-17 02:00:00-04:00,2026-04-17 02:15:00-04:00,43.4893,43.5134,no
KXHYPE15M-26APR170200,Target Price: $43.4339,2026-04-17 01:45:00-04:00,2026-04-17 02:00:00-04:00,43.5134,43.4339,yes
KXHYPE15M-26APR170145,Target Price: $43.3378,2026-04-17 01:30:00-04:00,2026-04-17 01:45:00-04:00,43.4339,43.3378,yes
KXHYPE15M-26APR170130,Target Price: $43.4019,2026-04-17 01:15:00-04:00,2026-04-17 01:30:00-04:00,43.3378,43.4019,no
KXHYPE15M-26APR170115,Target Price: $43.5152,2026-04-17 01:00:00-04:00,2026-04-17 01:15:00-04:00,43.4019,43.5152,no
KXHYPE15M-26APR170100,Target Price: $43.6272,2026-04-17 00:45:00-04:00,2026-04-17 01:00:00-04:00,43.5152,43.6272,no
KXHYPE15M-26APR170045,Target Price: $43.4083,2026-04-17 00:30:00-04:00,2026-04-17 00:45:00-04:00,43.6272,43.4083,yes
KXHYPE15M-26APR170030,Target Price: $43.4188,2026-04-17 00:15:00-04:00,2026-04-17 00:30:00-04:00,43.4083,43.4188,no
KXHYPE15M-26APR170015,Target Price: $43.2921,2026-04-17 00:00:00-04:00,2026-04-17 00:15:00-04:00,43.4188,43.2921,yes
KXHYPE15M-26APR170000,Target Price: $43.4482,2026-04-16 23:45:00-04:00,2026-04-17 00:00:00-04:00,43.2921,43.4482,no
KXHYPE15M-26APR162345,Target Price: $43.4705,2026-04-16 23:30:00-04:00,2026-04-16 23:45:00-04:00,43.4482,43.4705,no
KXHYPE15M-26APR162330,Target Price: $43.3971,2026-04-16 23:15:00-04:00,2026-04-16 23:30:00-04:00,43.4705,43.3971,yes
KXHYPE15M-26APR162315,Target Price: $43.3112,2026-04-16 23:00:00-04:00,2026-04-16 23:15:00-04:00,43.3971,43.3112,yes
KXHYPE15M-26APR162300,Target Price: $43.4368,2026-04-16 22:45:00-04:00,2026-04-16 23:00:00-04:00,43.3112,43.4368,no
KXHYPE15M-26APR162245,Target Price: $43.5789,2026-04-16 22:30:00-04:00,2026-04-16 22:45:00-04:00,43.4368,43.5789,no
KXHYPE15M-26APR162230,Target Price: $43.6302,2026-04-16 22:15:00-04:00,2026-04-16 22:30:00-04:00,43.5789,43.6302,no
KXHYPE15M-26APR162215,Target Price: $43.8186,2026-04-16 22:00:00-04:00,2026-04-16 22:15:00-04:00,43.6302,43.8186,no
KXHYPE15M-26APR162200,Target Price: $43.8076,2026-04-16 21:45:00-04:00,2026-04-16 22:00:00-04:00,43.8186,43.8076,yes
KXHYPE15M-26APR162145,Target Price: $43.7578,2026-04-16 21:30:00-04:00,2026-04-16 21:45:00-04:00,43.8076,43.7578,yes
KXHYPE15M-26APR162130,Target Price: $43.8531,2026-04-16 21:15:00-04:00,2026-04-16 21:30:00-04:00,43.7578,43.8531,no
KXHYPE15M-26APR162115,Target Price: $44.0043,2026-04-16 21:00:00-04:00,2026-04-16 21:15:00-04:00,43.8531,44.0043,no
KXHYPE15M-26APR162100,Target Price: $44.1980,2026-04-16 20:45:00-04:00,2026-04-16 21:00:00-04:00,44.0043,44.198,no
KXHYPE15M-26APR162045,Target Price: $44.0438,2026-04-16 20:30:00-04:00,2026-04-16 20:45:00-04:00,44.1980,44.0438,yes
KXHYPE15M-26APR162030,Target Price: $43.7469,2026-04-16 20:15:00-04:00,2026-04-16 20:30:00-04:00,44.0438,43.7469,yes
KXHYPE15M-26APR162015,Target Price: $43.8538,2026-04-16 20:00:00-04:00,2026-04-16 20:15:00-04:00,43.7469,43.8538,no
KXHYPE15M-26APR162000,Target Price: $43.9488,2026-04-16 19:45:00-04:00,2026-04-16 20:00:00-04:00,43.8538,43.9488,no
KXHYPE15M-26APR161945,Target Price: $43.9678,2026-04-16 19:30:00-04:00,2026-04-16 19:45:00-04:00,43.9488,43.9678,no
KXHYPE15M-26APR161930,Target Price: $43.9171,2026-04-16 19:15:00-04:00,2026-04-16 19:30:00-04:00,43.9678,43.9171,yes
KXHYPE15M-26APR161915,Target Price: $43.5965,2026-04-16 19:00:00-04:00,2026-04-16 19:15:00-04:00,43.9171,43.5965,yes
KXHYPE15M-26APR161900,Target Price: $43.4999,2026-04-16 18:45:00-04:00,2026-04-16 19:00:00-04:00,43.5965,43.4999,yes
KXHYPE15M-26APR161845,Target Price: $43.4847,2026-04-16 18:30:00-04:00,2026-04-16 18:45:00-04:00,43.4999,43.4847,yes
KXHYPE15M-26APR161830,Target Price: $43.6009,2026-04-16 18:15:00-04:00,2026-04-16 18:30:00-04:00,43.4847,43.6009,no
KXHYPE15M-26APR161815,Target Price: $43.6370,2026-04-16 18:00:00-04:00,2026-04-16 18:15:00-04:00,43.6009,43.637,no
KXHYPE15M-26APR161800,Target Price: $43.4364,2026-04-16 17:45:00-04:00,2026-04-16 18:00:00-04:00,43.6370,43.4364,yes
KXHYPE15M-26APR161745,Target Price: $43.3556,2026-04-16 17:30:00-04:00,2026-04-16 17:45:00-04:00,43.4364,43.3556,yes
KXHYPE15M-26APR161730,Target Price: $43.6154,2026-04-16 17:15:00-04:00,2026-04-16 17:30:00-04:00,43.3556,43.6154,no
KXHYPE15M-26APR161715,Target Price: $43.6599,2026-04-16 17:00:00-04:00,2026-04-16 17:15:00-04:00,43.6154,43.6599,no
KXHYPE15M-26APR161700,Target Price: $43.4457,2026-04-16 16:45:00-04:00,2026-04-16 17:00:00-04:00,43.6599,43.4457,yes
KXHYPE15M-26APR161645,Target Price: $43.6878,2026-04-16 16:30:00-04:00,2026-04-16 16:45:00-04:00,43.4457,43.6878,no
KXHYPE15M-26APR161630,Target Price: $43.8888,2026-04-16 16:15:00-04:00,2026-04-16 16:30:00-04:00,43.6878,43.8888,no
KXHYPE15M-26APR161615,Target Price: $44.1209,2026-04-16 16:00:00-04:00,2026-04-16 16:15:00-04:00,43.8888,44.1209,no
KXHYPE15M-26APR161600,Target Price: $44.0720,2026-04-16 15:45:00-04:00,2026-04-16 16:00:00-04:00,44.1209,44.072,yes
KXHYPE15M-26APR161545,Target Price: $43.7902,2026-04-16 15:30:00-04:00,2026-04-16 15:45:00-04:00,44.0720,43.7902,yes
KXHYPE15M-26APR161530,Target Price: $43.6967,2026-04-16 15:15:00-04:00,2026-04-16 15:30:00-04:00,43.7902,43.6967,yes
KXHYPE15M-26APR161515,Target Price: $43.9748,2026-04-16 15:00:00-04:00,2026-04-16 15:15:00-04:00,43.6967,43.9748,no
KXHYPE15M-26APR161500,Target Price: $43.7070,2026-04-16 14:45:00-04:00,2026-04-16 15:00:00-04:00,43.9748,43.707,yes
KXHYPE15M-26APR161445,Target Price: $43.5619,2026-04-16 14:30:00-04:00,2026-04-16 14:45:00-04:00,43.7070,43.5619,yes
KXHYPE15M-26APR161430,Target Price: $43.7094,2026-04-16 14:15:00-04:00,2026-04-16 14:30:00-04:00,43.5619,43.7094,no
KXHYPE15M-26APR161415,Target Price: $43.7008,2026-04-16 14:00:00-04:00,2026-04-16 14:15:00-04:00,43.7094,43.7008,yes
KXHYPE15M-26APR161400,Target Price: $43.7874,2026-04-16 13:45:00-04:00,2026-04-16 14:00:00-04:00,43.7008,43.7874,no
KXHYPE15M-26APR161345,Target Price: $43.8523,2026-04-16 13:30:00-04:00,2026-04-16 13:45:00-04:00,43.7874,43.8523,no
KXHYPE15M-26APR161330,Target Price: $43.7387,2026-04-16 13:15:00-04:00,2026-04-16 13:30:00-04:00,43.8523,43.7387,yes
KXHYPE15M-26APR161315,Target Price: $43.9701,2026-04-16 13:00:00-04:00,2026-04-16 13:15:00-04:00,43.7387,43.9701,no
KXHYPE15M-26APR161300,Target Price: $44.1954,2026-04-16 12:45:00-04:00,2026-04-16 13:00:00-04:00,43.9701,44.1954,no
KXHYPE15M-26APR161245,Target Price: $44.5514,2026-04-16 12:30:00-04:00,2026-04-16 12:45:00-04:00,44.1954,44.5514,no
KXHYPE15M-26APR161230,Target Price: $44.6817,2026-04-16 12:15:00-04:00,2026-04-16 12:30:00-04:00,44.5514,44.6817,no
KXHYPE15M-26APR161215,Target Price: $44.7976,2026-04-16 12:00:00-04:00,2026-04-16 12:15:00-04:00,44.6817,44.7976,no
KXHYPE15M-26APR161200,Target Price: $44.6926,2026-04-16 11:45:00-04:00,2026-04-16 12:00:00-04:00,44.7976,44.6926,yes
KXHYPE15M-26APR161145,Target Price: $44.6672,2026-04-16 11:30:00-04:00,2026-04-16 11:45:00-04:00,44.6926,44.6672,yes
KXHYPE15M-26APR161130,Target Price: $44.5808,2026-04-16 11:15:00-04:00,2026-04-16 11:30:00-04:00,44.6672,44.5808,yes
KXHYPE15M-26APR161115,Target Price: $44.5103,2026-04-16 11:00:00-04:00,2026-04-16 11:15:00-04:00,44.5808,44.5103,yes
KXHYPE15M-26APR161100,Target Price: $44.5367,2026-04-16 10:45:00-04:00,2026-04-16 11:00:00-04:00,44.5103,44.5367,no
KXHYPE15M-26APR161045,Target Price: $44.5377,2026-04-16 10:30:00-04:00,2026-04-16 10:45:00-04:00,44.5367,44.5377,no
KXHYPE15M-26APR161030,Target Price: $44.7039,2026-04-16 10:15:00-04:00,2026-04-16 10:30:00-04:00,44.5377,44.7039,no
KXHYPE15M-26APR161015,Target Price: $44.6907,2026-04-16 10:00:00-04:00,2026-04-16 10:15:00-04:00,44.7039,44.6907,yes
KXHYPE15M-26APR161000,Target Price: $44.6877,2026-04-16 09:45:00-04:00,2026-04-16 10:00:00-04:00,44.6907,44.6877,yes
KXHYPE15M-26APR160945,Target Price: $44.7747,2026-04-16 09:30:00-04:00,2026-04-16 09:45:00-04:00,44.6877,44.7747,no
KXHYPE15M-26APR160930,Target Price: $45.1052,2026-04-16 09:15:00-04:00,2026-04-16 09:30:00-04:00,44.7747,45.1052,no
KXHYPE15M-26APR160915,Target Price: $45.0536,2026-04-16 09:00:00-04:00,2026-04-16 09:15:00-04:00,45.1052,45.0536,yes
KXHYPE15M-26APR160900,Target Price: $45.0291,2026-04-16 08:45:00-04:00,2026-04-16 09:00:00-04:00,45.0536,45.0291,yes
KXHYPE15M-26APR160845,Target Price: $44.8978,2026-04-16 08:30:00-04:00,2026-04-16 08:45:00-04:00,45.0291,44.8978,yes
KXHYPE15M-26APR160830,Target Price: $44.7969,2026-04-16 08:15:00-04:00,2026-04-16 08:30:00-04:00,44.8978,44.7969,yes
KXHYPE15M-26APR160815,Target Price: $44.6401,2026-04-16 08:00:00-04:00,2026-04-16 08:15:00-04:00,44.7969,44.6401,yes
KXHYPE15M-26APR160800,Target Price: $44.7518,2026-04-16 07:45:00-04:00,2026-04-16 08:00:00-04:00,44.6401,44.7518,no
KXHYPE15M-26APR160745,Target Price: $44.8491,2026-04-16 07:30:00-04:00,2026-04-16 07:45:00-04:00,44.7518,44.8491,no
KXHYPE15M-26APR160730,Target Price: $45.2090,2026-04-16 07:15:00-04:00,2026-04-16 07:30:00-04:00,44.8491,45.209,no
KXHYPE15M-26APR160715,Target Price: $45.4141,2026-04-16 07:00:00-04:00,2026-04-16 07:15:00-04:00,45.2090,45.4141,no
KXHYPE15M-26APR160700,Target Price: $45.3692,2026-04-16 06:45:00-04:00,2026-04-16 07:00:00-04:00,45.4141,45.3692,yes
KXHYPE15M-26APR160645,Target Price: $45.3735,2026-04-16 06:30:00-04:00,2026-04-16 06:45:00-04:00,45.3692,45.3735,no
KXHYPE15M-26APR160630,Target Price: $45.1615,2026-04-16 06:15:00-04:00,2026-04-16 06:30:00-04:00,45.3735,45.1615,yes
KXHYPE15M-26APR160615,Target Price: $45.3430,2026-04-16 06:00:00-04:00,2026-04-16 06:15:00-04:00,45.1615,45.343,no
KXHYPE15M-26APR160600,Target Price: $45.2125,2026-04-16 05:45:00-04:00,2026-04-16 06:00:00-04:00,45.3430,45.2125,yes
KXHYPE15M-26APR160545,Target Price: $45.2628,2026-04-16 05:30:00-04:00,2026-04-16 05:45:00-04:00,45.2125,45.2628,no
KXHYPE15M-26APR160530,Target Price: $45.3972,2026-04-16 05:15:00-04:00,2026-04-16 05:30:00-04:00,45.2628,45.3972,no
KXHYPE15M-26APR160515,Target Price: $45.2577,2026-04-16 05:00:00-04:00,2026-04-16 05:15:00-04:00,45.3972,45.2577,yes
KXHYPE15M-26APR160200,Target Price: $45.5539,2026-04-16 01:45:00-04:00,2026-04-16 02:00:00-04:00,45.5470,45.5539,no
KXHYPE15M-26APR160145,Target Price: $45.2436,2026-04-16 01:30:00-04:00,2026-04-16 01:45:00-04:00,45.5539,45.2436,yes
KXHYPE15M-26APR160130,Target Price: $45.0486,2026-04-16 01:15:00-04:00,2026-04-16 01:30:00-04:00,45.2436,45.0486,yes
KXHYPE15M-26APR160115,Target Price: $45.1755,2026-04-16 01:00:00-04:00,2026-04-16 01:15:00-04:00,45.0486,45.1755,no
KXHYPE15M-26APR160100,Target Price: $45.2229,2026-04-16 00:45:00-04:00,2026-04-16 01:00:00-04:00,45.1755,45.2229,no
KXHYPE15M-26APR160045,Target Price: $45.0794,2026-04-16 00:30:00-04:00,2026-04-16 00:45:00-04:00,45.2229,45.0794,yes
KXHYPE15M-26APR160030,Target Price: $45.0042,2026-04-16 00:15:00-04:00,2026-04-16 00:30:00-04:00,45.0794,45.0042,yes
KXHYPE15M-26APR160015,Target Price: $44.8685,2026-04-16 00:00:00-04:00,2026-04-16 00:15:00-04:00,45.0042,44.8685,yes
KXHYPE15M-26APR160000,Target Price: $45.0289,2026-04-15 23:45:00-04:00,2026-04-16 00:00:00-04:00,44.8685,45.0289,no
KXHYPE15M-26APR152345,Target Price: $45.0879,2026-04-15 23:30:00-04:00,2026-04-15 23:45:00-04:00,45.0289,45.0879,no
KXHYPE15M-26APR152330,Target Price: $44.8646,2026-04-15 23:15:00-04:00,2026-04-15 23:30:00-04:00,45.0879,44.8646,yes
KXHYPE15M-26APR152315,Target Price: $44.7325,2026-04-15 23:00:00-04:00,2026-04-15 23:15:00-04:00,44.8646,44.7325,yes
KXHYPE15M-26APR152300,Target Price: $44.8634,2026-04-15 22:45:00-04:00,2026-04-15 23:00:00-04:00,44.7325,44.8634,no
KXHYPE15M-26APR152245,Target Price: $44.6572,2026-04-15 22:30:00-04:00,2026-04-15 22:45:00-04:00,44.8634,44.6572,yes
KXHYPE15M-26APR152230,Target Price: $44.4699,2026-04-15 22:15:00-04:00,2026-04-15 22:30:00-04:00,44.6572,44.4699,yes
KXHYPE15M-26APR152215,Target Price: $44.4749,2026-04-15 22:00:00-04:00,2026-04-15 22:15:00-04:00,44.4699,44.4749,no
KXHYPE15M-26APR152200,Target Price: $44.4883,2026-04-15 21:45:00-04:00,2026-04-15 22:00:00-04:00,44.4749,44.4883,no
KXHYPE15M-26APR152145,Target Price: $44.3893,2026-04-15 21:30:00-04:00,2026-04-15 21:45:00-04:00,44.4883,44.3893,yes
KXHYPE15M-26APR152130,Target Price: $44.2012,2026-04-15 21:15:00-04:00,2026-04-15 21:30:00-04:00,44.3893,44.2012,yes
KXHYPE15M-26APR152115,Target Price: $44.4340,2026-04-15 21:00:00-04:00,2026-04-15 21:15:00-04:00,44.2012,44.434,no
KXHYPE15M-26APR152100,Target Price: $44.5174,2026-04-15 20:45:00-04:00,2026-04-15 21:00:00-04:00,44.4340,44.5174,no
KXHYPE15M-26APR152045,Target Price: $44.5204,2026-04-15 20:30:00-04:00,2026-04-15 20:45:00-04:00,44.5174,44.5204,no
KXHYPE15M-26APR152030,Target Price: $44.6028,2026-04-15 20:15:00-04:00,2026-04-15 20:30:00-04:00,44.5204,44.6028,no
KXHYPE15M-26APR152015,Target Price: $44.6514,2026-04-15 20:00:00-04:00,2026-04-15 20:15:00-04:00,44.6028,44.6514,no
KXHYPE15M-26APR152000,Target Price: $44.5021,2026-04-15 19:45:00-04:00,2026-04-15 20:00:00-04:00,44.6514,44.5021,yes
KXHYPE15M-26APR151945,Target Price: $44.6816,2026-04-15 19:30:00-04:00,2026-04-15 19:45:00-04:00,44.5021,44.6816,no
KXHYPE15M-26APR151930,Target Price: $44.6095,2026-04-15 19:15:00-04:00,2026-04-15 19:30:00-04:00,44.6816,44.6095,yes
KXHYPE15M-26APR151915,Target Price: $44.6806,2026-04-15 19:00:00-04:00,2026-04-15 19:15:00-04:00,44.6095,44.6806,no
KXHYPE15M-26APR151900,Target Price: $44.9187,2026-04-15 18:45:00-04:00,2026-04-15 19:00:00-04:00,44.6806,44.9187,no
KXHYPE15M-26APR151845,Target Price: $44.7874,2026-04-15 18:30:00-04:00,2026-04-15 18:45:00-04:00,44.9187,44.7874,yes
KXHYPE15M-26APR151830,Target Price: $44.8141,2026-04-15 18:15:00-04:00,2026-04-15 18:30:00-04:00,44.7874,44.8141,no
KXHYPE15M-26APR151815,Target Price: $44.7676,2026-04-15 18:00:00-04:00,2026-04-15 18:15:00-04:00,44.8141,44.7676,yes
KXHYPE15M-26APR151800,Target Price: $44.8908,2026-04-15 17:45:00-04:00,2026-04-15 18:00:00-04:00,44.7676,44.8908,no
KXHYPE15M-26APR151745,Target Price: $44.6696,2026-04-15 17:30:00-04:00,2026-04-15 17:45:00-04:00,44.8908,44.6696,yes
KXHYPE15M-26APR151730,Target Price: $44.8116,2026-04-15 17:15:00-04:00,2026-04-15 17:30:00-04:00,44.6696,44.8116,no
KXHYPE15M-26APR151715,Target Price: $44.5071,2026-04-15 17:00:00-04:00,2026-04-15 17:15:00-04:00,44.8116,44.5071,yes
KXHYPE15M-26APR151700,Target Price: $44.3567,2026-04-15 16:45:00-04:00,2026-04-15 17:00:00-04:00,44.5071,44.3567,yes
KXHYPE15M-26APR151645,Target Price: $44.5922,2026-04-15 16:30:00-04:00,2026-04-15 16:45:00-04:00,44.3567,44.5922,no
KXHYPE15M-26APR151630,Target Price: $44.6105,2026-04-15 16:15:00-04:00,2026-04-15 16:30:00-04:00,44.5922,44.6105,no
KXHYPE15M-26APR151615,Target Price: $44.9013,2026-04-15 16:00:00-04:00,2026-04-15 16:15:00-04:00,44.6105,44.9013,no
KXHYPE15M-26APR151600,Target Price: $45.1773,2026-04-15 15:45:00-04:00,2026-04-15 16:00:00-04:00,44.9013,45.1773,no
KXHYPE15M-26APR151545,Target Price: $45.0350,2026-04-15 15:30:00-04:00,2026-04-15 15:45:00-04:00,45.1773,45.035,yes
KXHYPE15M-26APR151530,Target Price: $44.8469,2026-04-15 15:15:00-04:00,2026-04-15 15:30:00-04:00,45.0350,44.8469,yes
KXHYPE15M-26APR151515,Target Price: $44.7928,2026-04-15 15:00:00-04:00,2026-04-15 15:15:00-04:00,44.8469,44.7928,yes
KXHYPE15M-26APR151500,Target Price: $44.6377,2026-04-15 14:45:00-04:00,2026-04-15 15:00:00-04:00,44.7928,44.6377,yes
KXHYPE15M-26APR151445,Target Price: $44.3574,2026-04-15 14:30:00-04:00,2026-04-15 14:45:00-04:00,44.6377,44.3574,yes
KXHYPE15M-26APR151430,Target Price: $44.3803,2026-04-15 14:15:00-04:00,2026-04-15 14:30:00-04:00,44.3574,44.3803,no
KXHYPE15M-26APR151415,Target Price: $44.3404,2026-04-15 14:00:00-04:00,2026-04-15 14:15:00-04:00,44.3803,44.3404,yes
KXHYPE15M-26APR151400,Target Price: $44.2550,2026-04-15 13:45:00-04:00,2026-04-15 14:00:00-04:00,44.3404,44.255,yes
KXHYPE15M-26APR151345,Target Price: $44.5044,2026-04-15 13:30:00-04:00,2026-04-15 13:45:00-04:00,44.2550,44.5044,no
KXHYPE15M-26APR151330,Target Price: $44.3842,2026-04-15 13:15:00-04:00,2026-04-15 13:30:00-04:00,44.5044,44.3842,yes
KXHYPE15M-26APR151315,Target Price: $44.5228,2026-04-15 13:00:00-04:00,2026-04-15 13:15:00-04:00,44.3842,44.5228,no
KXHYPE15M-26APR151300,Target Price: $44.5886,2026-04-15 12:45:00-04:00,2026-04-15 13:00:00-04:00,44.5228,44.5886,no
KXHYPE15M-26APR151245,Target Price: $44.9591,2026-04-15 12:30:00-04:00,2026-04-15 12:45:00-04:00,44.5886,44.9591,no
KXHYPE15M-26APR151230,Target Price: $44.7918,2026-04-15 12:15:00-04:00,2026-04-15 12:30:00-04:00,44.9591,44.7918,yes
KXHYPE15M-26APR151215,Target Price: $44.5810,2026-04-15 12:00:00-04:00,2026-04-15 12:15:00-04:00,44.7918,44.581,yes
KXHYPE15M-26APR151200,Target Price: $44.4589,2026-04-15 11:45:00-04:00,2026-04-15 12:00:00-04:00,44.5810,44.4589,yes
KXHYPE15M-26APR151145,Target Price: $44.5112,2026-04-15 11:30:00-04:00,2026-04-15 11:45:00-04:00,44.4589,44.5112,no
KXHYPE15M-26APR151130,Target Price: $44.5672,2026-04-15 11:15:00-04:00,2026-04-15 11:30:00-04:00,44.5112,44.5672,no
KXHYPE15M-26APR151115,Target Price: $44.5962,2026-04-15 11:00:00-04:00,2026-04-15 11:15:00-04:00,44.5672,44.5962,no
KXHYPE15M-26APR151100,Target Price: $44.4453,2026-04-15 10:45:00-04:00,2026-04-15 11:00:00-04:00,44.5962,44.4453,yes
KXHYPE15M-26APR151045,Target Price: $44.6969,2026-04-15 10:30:00-04:00,2026-04-15 10:45:00-04:00,44.4453,44.6969,no
KXHYPE15M-26APR151030,Target Price: $44.4269,2026-04-15 10:15:00-04:00,2026-04-15 10:30:00-04:00,44.6969,44.4269,yes
KXHYPE15M-26APR151015,Target Price: $44.2706,2026-04-15 10:00:00-04:00,2026-04-15 10:15:00-04:00,44.4269,44.2706,yes
KXHYPE15M-26APR151000,Target Price: $44.0932,2026-04-15 09:45:00-04:00,2026-04-15 10:00:00-04:00,44.2706,44.0932,yes
KXHYPE15M-26APR150945,Target Price: $44.5901,2026-04-15 09:30:00-04:00,2026-04-15 09:45:00-04:00,44.0932,44.5901,no
KXHYPE15M-26APR150930,Target Price: $44.5647,2026-04-15 09:15:00-04:00,2026-04-15 09:30:00-04:00,44.5901,44.5647,yes
KXHYPE15M-26APR150915,Target Price: $44.2939,2026-04-15 09:00:00-04:00,2026-04-15 09:15:00-04:00,44.5647,44.2939,yes
KXHYPE15M-26APR150900,Target Price: $44.3932,2026-04-15 08:45:00-04:00,2026-04-15 09:00:00-04:00,44.2939,44.3932,no
KXHYPE15M-26APR150845,Target Price: $44.4772,2026-04-15 08:30:00-04:00,2026-04-15 08:45:00-04:00,44.3932,44.4772,no
KXHYPE15M-26APR150830,Target Price: $44.3006,2026-04-15 08:15:00-04:00,2026-04-15 08:30:00-04:00,44.4772,44.3006,yes
KXHYPE15M-26APR150815,Target Price: $44.2223,2026-04-15 08:00:00-04:00,2026-04-15 08:15:00-04:00,44.3006,44.2223,yes
KXHYPE15M-26APR150800,Target Price: $44.1350,2026-04-15 07:45:00-04:00,2026-04-15 08:00:00-04:00,44.2223,44.135,yes
KXHYPE15M-26APR150745,Target Price: $44.0101,2026-04-15 07:30:00-04:00,2026-04-15 07:45:00-04:00,44.1350,44.0101,yes
KXHYPE15M-26APR150730,Target Price: $43.9335,2026-04-15 07:15:00-04:00,2026-04-15 07:30:00-04:00,44.0101,43.9335,yes
KXHYPE15M-26APR150715,Target Price: $43.7920,2026-04-15 07:00:00-04:00,2026-04-15 07:15:00-04:00,43.9335,43.792,yes
KXHYPE15M-26APR150700,Target Price: $43.7093,2026-04-15 06:45:00-04:00,2026-04-15 07:00:00-04:00,43.7920,43.7093,yes
KXHYPE15M-26APR150645,Target Price: $43.5739,2026-04-15 06:30:00-04:00,2026-04-15 06:45:00-04:00,43.7093,43.5739,yes
KXHYPE15M-26APR150630,Target Price: $43.7107,2026-04-15 06:15:00-04:00,2026-04-15 06:30:00-04:00,43.5739,43.7107,no
KXHYPE15M-26APR150615,Target Price: $43.8140,2026-04-15 06:00:00-04:00,2026-04-15 06:15:00-04:00,43.7107,43.814,no
KXHYPE15M-26APR150600,Target Price: $43.6772,2026-04-15 05:45:00-04:00,2026-04-15 06:00:00-04:00,43.8140,43.6772,yes
KXHYPE15M-26APR150545,Target Price: $43.4771,2026-04-15 05:30:00-04:00,2026-04-15 05:45:00-04:00,43.6772,43.4771,yes
KXHYPE15M-26APR150530,Target Price: $43.5823,2026-04-15 05:15:00-04:00,2026-04-15 05:30:00-04:00,43.4771,43.5823,no
KXHYPE15M-26APR150515,Target Price: $43.5484,2026-04-15 05:00:00-04:00,2026-04-15 05:15:00-04:00,43.5823,43.5484,yes
KXHYPE15M-26APR150500,Target Price: $43.5263,2026-04-15 04:45:00-04:00,2026-04-15 05:00:00-04:00,43.5484,43.5263,yes
KXHYPE15M-26APR150445,Target Price: $43.5568,2026-04-15 04:30:00-04:00,2026-04-15 04:45:00-04:00,43.5263,43.5568,no
KXHYPE15M-26APR150430,Target Price: $43.4353,2026-04-15 04:15:00-04:00,2026-04-15 04:30:00-04:00,43.5568,43.4353,yes
KXHYPE15M-26APR150415,Target Price: $43.3374,2026-04-15 04:00:00-04:00,2026-04-15 04:15:00-04:00,43.4353,43.3374,yes
KXHYPE15M-26APR150400,Target Price: $43.1530,2026-04-15 03:45:00-04:00,2026-04-15 04:00:00-04:00,43.3374,43.153,yes
KXHYPE15M-26APR150345,Target Price: $43.3950,2026-04-15 03:30:00-04:00,2026-04-15 03:45:00-04:00,43.1530,43.395,no
KXHYPE15M-26APR150330,Target Price: $43.4447,2026-04-15 03:15:00-04:00,2026-04-15 03:30:00-04:00,43.3950,43.4447,no
KXHYPE15M-26APR150315,Target Price: $43.4365,2026-04-15 03:00:00-04:00,2026-04-15 03:15:00-04:00,43.4447,43.4365,yes
KXHYPE15M-26APR150300,Target Price: $43.5059,2026-04-15 02:45:00-04:00,2026-04-15 03:00:00-04:00,43.4365,43.5059,no
KXHYPE15M-26APR150245,Target Price: $43.4869,2026-04-15 02:30:00-04:00,2026-04-15 02:45:00-04:00,43.5059,43.4869,yes
KXHYPE15M-26APR150230,Target Price: $43.4584,2026-04-15 02:15:00-04:00,2026-04-15 02:30:00-04:00,43.4869,43.4584,yes
KXHYPE15M-26APR150215,Target Price: $43.3513,2026-04-15 02:00:00-04:00,2026-04-15 02:15:00-04:00,43.4584,43.3513,yes
KXHYPE15M-26APR150200,Target Price: $43.4877,2026-04-15 01:45:00-04:00,2026-04-15 02:00:00-04:00,43.3513,43.4877,no
KXHYPE15M-26APR150145,Target Price: $43.6025,2026-04-15 01:30:00-04:00,2026-04-15 01:45:00-04:00,43.4877,43.6025,no
KXHYPE15M-26APR150130,Target Price: $43.7187,2026-04-15 01:15:00-04:00,2026-04-15 01:30:00-04:00,43.6025,43.7187,no
KXHYPE15M-26APR150115,Target Price: $43.8649,2026-04-15 01:00:00-04:00,2026-04-15 01:15:00-04:00,43.7187,43.8649,no
KXHYPE15M-26APR150100,Target Price: $43.7685,2026-04-15 00:45:00-04:00,2026-04-15 01:00:00-04:00,43.8649,43.7685,yes
KXHYPE15M-26APR150045,Target Price: $43.6549,2026-04-15 00:30:00-04:00,2026-04-15 00:45:00-04:00,43.7685,43.6549,yes
KXHYPE15M-26APR150030,Target Price: $43.8437,2026-04-15 00:15:00-04:00,2026-04-15 00:30:00-04:00,43.6549,43.8437,no
KXHYPE15M-26APR150015,Target Price: $44.0117,2026-04-15 00:00:00-04:00,2026-04-15 00:15:00-04:00,43.8437,44.0117,no
KXHYPE15M-26APR150000,Target Price: $43.8793,2026-04-14 23:45:00-04:00,2026-04-15 00:00:00-04:00,44.0117,43.8793,yes
KXHYPE15M-26APR142345,Target Price: $44.0418,2026-04-14 23:30:00-04:00,2026-04-14 23:45:00-04:00,43.8793,44.0418,no
KXHYPE15M-26APR142330,Target Price: $44.0711,2026-04-14 23:15:00-04:00,2026-04-14 23:30:00-04:00,44.0418,44.0711,no
KXHYPE15M-26APR142315,Target Price: $44.2238,2026-04-14 23:00:00-04:00,2026-04-14 23:15:00-04:00,44.0711,44.2238,no
KXHYPE15M-26APR142300,Target price: TBD,2026-04-14 22:45:00-04:00,2026-04-14 23:00:00-04:00,44.2238,,yes
KXHYPE15M-26APR142245,Target price: TBD,2026-04-14 22:30:00-04:00,2026-04-14 22:45:00-04:00,44.1443,,no
KXHYPE15M-26APR142230,Target price: TBD,2026-04-14 22:15:00-04:00,2026-04-14 22:30:00-04:00,44.1899,,no
KXHYPE15M-26APR142215,Target price: TBD,2026-04-14 22:00:00-04:00,2026-04-14 22:15:00-04:00,44.2577,,yes
KXHYPE15M-26APR142200,Target price: TBD,2026-04-14 21:45:00-04:00,2026-04-14 22:00:00-04:00,44.2364,,no
KXHYPE15M-26APR142145,Target price: TBD,2026-04-14 21:30:00-04:00,2026-04-14 21:45:00-04:00,44.2424,,yes
KXHYPE15M-26APR142130,Target price: TBD,2026-04-14 21:15:00-04:00,2026-04-14 21:30:00-04:00,44.0744,,yes
KXHYPE15M-26APR142115,Target price: TBD,2026-04-14 21:00:00-04:00,2026-04-14 21:15:00-04:00,43.9337,,yes
KXHYPE15M-26APR142100,Target price: TBD,2026-04-14 20:45:00-04:00,2026-04-14 21:00:00-04:00,43.7754,,yes
KXHYPE15M-26APR142045,Target Price: $43.7547,2026-04-14 20:30:00-04:00,2026-04-14 20:45:00-04:00,43.5454,43.7547,no
KXHYPE15M-26APR142030,Target Price: $43.5817,2026-04-14 20:15:00-04:00,2026-04-14 20:30:00-04:00,43.7547,43.5817,yes
KXHYPE15M-26APR142015,Target Price: $43.5504,2026-04-14 20:00:00-04:00,2026-04-14 20:15:00-04:00,43.5817,43.5504,yes
KXHYPE15M-26APR142000,Target Price: $43.4770,2026-04-14 19:45:00-04:00,2026-04-14 20:00:00-04:00,43.5504,43.477,yes
KXHYPE15M-26APR141945,Target Price: $43.4126,2026-04-14 19:30:00-04:00,2026-04-14 19:45:00-04:00,43.4770,43.4126,yes
KXHYPE15M-26APR141930,Target Price: $43.4584,2026-04-14 19:15:00-04:00,2026-04-14 19:30:00-04:00,43.4126,43.4584,no
KXHYPE15M-26APR141915,Target Price: $43.3883,2026-04-14 19:00:00-04:00,2026-04-14 19:15:00-04:00,43.4584,43.3883,yes
KXHYPE15M-26APR141900,Target Price: $43.3256,2026-04-14 18:45:00-04:00,2026-04-14 19:00:00-04:00,43.3883,43.3256,yes
KXHYPE15M-26APR141845,Target Price: $43.3805,2026-04-14 18:30:00-04:00,2026-04-14 18:45:00-04:00,43.3256,43.3805,no
KXHYPE15M-26APR141830,Target Price: $43.4073,2026-04-14 18:15:00-04:00,2026-04-14 18:30:00-04:00,43.3805,43.4073,no
KXHYPE15M-26APR141815,Target Price: $43.2943,2026-04-14 18:00:00-04:00,2026-04-14 18:15:00-04:00,43.4073,43.2943,yes
KXHYPE15M-26APR141800,Target Price: $43.1298,2026-04-14 17:45:00-04:00,2026-04-14 18:00:00-04:00,43.2943,43.1298,yes
KXHYPE15M-26APR141745,Target Price: $43.1958,2026-04-14 17:30:00-04:00,2026-04-14 17:45:00-04:00,43.1298,43.1958,no
KXHYPE15M-26APR141730,Target Price: $43.1841,2026-04-14 17:15:00-04:00,2026-04-14 17:30:00-04:00,43.1958,43.1841,yes
KXHYPE15M-26APR141715,Target Price: $43.1529,2026-04-14 17:00:00-04:00,2026-04-14 17:15:00-04:00,43.1841,43.1529,yes
KXHYPE15M-26APR141700,Target Price: $43.2812,2026-04-14 16:45:00-04:00,2026-04-14 17:00:00-04:00,43.1529,43.2812,no
KXHYPE15M-26APR141645,Target Price: $43.2455,2026-04-14 16:30:00-04:00,2026-04-14 16:45:00-04:00,43.2812,43.2455,yes
KXHYPE15M-26APR141630,Target Price: $43.4419,2026-04-14 16:15:00-04:00,2026-04-14 16:30:00-04:00,43.2455,43.4419,no
KXHYPE15M-26APR141615,Target Price: $43.3815,2026-04-14 16:00:00-04:00,2026-04-14 16:15:00-04:00,43.4419,43.3815,yes
KXHYPE15M-26APR141600,Target Price: $43.3748,2026-04-14 15:45:00-04:00,2026-04-14 16:00:00-04:00,43.3815,43.3748,yes
KXHYPE15M-26APR141545,Target Price: $43.3187,2026-04-14 15:30:00-04:00,2026-04-14 15:45:00-04:00,43.3748,43.3187,yes
KXHYPE15M-26APR141530,Target Price: $43.3451,2026-04-14 15:15:00-04:00,2026-04-14 15:30:00-04:00,43.3187,43.3451,no
KXHYPE15M-26APR141515,Target Price: $43.3905,2026-04-14 15:00:00-04:00,2026-04-14 15:15:00-04:00,43.3451,43.3905,no
KXHYPE15M-26APR141500,Target Price: $43.3810,2026-04-14 14:45:00-04:00,2026-04-14 15:00:00-04:00,43.3905,43.381,yes
KXHYPE15M-26APR141445,Target Price: $43.3746,2026-04-14 14:30:00-04:00,2026-04-14 14:45:00-04:00,43.3810,43.3746,yes
KXHYPE15M-26APR141430,Target Price: $43.3817,2026-04-14 14:15:00-04:00,2026-04-14 14:30:00-04:00,43.3746,43.3817,no
KXHYPE15M-26APR141415,Target Price: $43.4530,2026-04-14 14:00:00-04:00,2026-04-14 14:15:00-04:00,43.3817,43.453,no
KXHYPE15M-26APR141400,Target Price: $43.2794,2026-04-14 13:45:00-04:00,2026-04-14 14:00:00-04:00,43.4530,43.2794,yes
KXHYPE15M-26APR141345,Target Price: $43.2616,2026-04-14 13:30:00-04:00,2026-04-14 13:45:00-04:00,43.2794,43.2616,yes
KXHYPE15M-26APR141330,Target Price: $43.2573,2026-04-14 13:15:00-04:00,2026-04-14 13:30:00-04:00,43.2616,43.2573,yes
KXHYPE15M-26APR141315,Target Price: $43.3119,2026-04-14 13:00:00-04:00,2026-04-14 13:15:00-04:00,43.2573,43.3119,no
KXHYPE15M-26APR141300,Target Price: $43.7462,2026-04-14 12:45:00-04:00,2026-04-14 13:00:00-04:00,43.3119,43.7462,no
KXHYPE15M-26APR141245,Target Price: $43.6425,2026-04-14 12:30:00-04:00,2026-04-14 12:45:00-04:00,43.7462,43.6425,yes
KXHYPE15M-26APR141230,Target Price: $43.7880,2026-04-14 12:15:00-04:00,2026-04-14 12:30:00-04:00,43.6425,43.788,no
KXHYPE15M-26APR141215,Target Price: $43.5305,2026-04-14 12:00:00-04:00,2026-04-14 12:15:00-04:00,43.7880,43.5305,yes
KXHYPE15M-26APR141200,Target Price: $43.6230,2026-04-14 11:45:00-04:00,2026-04-14 12:00:00-04:00,43.5305,43.623,no
KXHYPE15M-26APR141145,Target Price: $43.4257,2026-04-14 11:30:00-04:00,2026-04-14 11:45:00-04:00,43.6230,43.4257,yes
KXHYPE15M-26APR141130,Target Price: $43.5594,2026-04-14 11:15:00-04:00,2026-04-14 11:30:00-04:00,43.4257,43.5594,no
KXHYPE15M-26APR141115,Target Price: $43.7748,2026-04-14 11:00:00-04:00,2026-04-14 11:15:00-04:00,43.5594,43.7748,no
KXHYPE15M-26APR141100,Target Price: $44.2407,2026-04-14 10:45:00-04:00,2026-04-14 11:00:00-04:00,43.7748,44.2407,no
KXHYPE15M-26APR141045,Target Price: $44.4885,2026-04-14 10:30:00-04:00,2026-04-14 10:45:00-04:00,44.2407,44.4885,no
KXHYPE15M-26APR141030,Target Price: $44.1427,2026-04-14 10:15:00-04:00,2026-04-14 10:30:00-04:00,44.4885,44.1427,yes
KXHYPE15M-26APR141015,Target Price: $44.5664,2026-04-14 10:00:00-04:00,2026-04-14 10:15:00-04:00,44.1427,44.5664,no
KXHYPE15M-26APR141000,Target Price: $45.0553,2026-04-14 09:45:00-04:00,2026-04-14 10:00:00-04:00,44.5664,45.0553,no
KXHYPE15M-26APR140945,Target Price: $45.0271,2026-04-14 09:30:00-04:00,2026-04-14 09:45:00-04:00,45.0553,45.0271,yes
KXHYPE15M-26APR140930,Target Price: $45.0097,2026-04-14 09:15:00-04:00,2026-04-14 09:30:00-04:00,45.0271,45.0097,yes
KXHYPE15M-26APR140915,Target Price: $44.9599,2026-04-14 09:00:00-04:00,2026-04-14 09:15:00-04:00,45.0097,44.9599,yes
KXHYPE15M-26APR140900,Target Price: $44.8988,2026-04-14 08:45:00-04:00,2026-04-14 09:00:00-04:00,44.9599,44.8988,yes
KXHYPE15M-26APR140845,Target Price: $44.9297,2026-04-14 08:30:00-04:00,2026-04-14 08:45:00-04:00,44.8988,44.9297,no
KXHYPE15M-26APR140830,Target Price: $44.8541,2026-04-14 08:15:00-04:00,2026-04-14 08:30:00-04:00,44.9297,44.8541,yes
KXHYPE15M-26APR140815,Target Price: $44.8271,2026-04-14 08:00:00-04:00,2026-04-14 08:15:00-04:00,44.8541,44.8271,yes
KXHYPE15M-26APR140800,Target Price: $44.7155,2026-04-14 07:45:00-04:00,2026-04-14 08:00:00-04:00,44.8271,44.7155,yes
KXHYPE15M-26APR140745,Target Price: $44.8563,2026-04-14 07:30:00-04:00,2026-04-14 07:45:00-04:00,44.7155,44.8563,no
KXHYPE15M-26APR140730,Target Price: $44.9389,2026-04-14 07:15:00-04:00,2026-04-14 07:30:00-04:00,44.8563,44.9389,no
KXHYPE15M-26APR140715,Target Price: $44.9211,2026-04-14 07:00:00-04:00,2026-04-14 07:15:00-04:00,44.9389,44.9211,yes
KXHYPE15M-26APR140700,Target Price: $44.8848,2026-04-14 06:45:00-04:00,2026-04-14 07:00:00-04:00,44.9211,44.8848,yes
KXHYPE15M-26APR140645,Target Price: $44.8507,2026-04-14 06:30:00-04:00,2026-04-14 06:45:00-04:00,44.8848,44.8507,yes
KXHYPE15M-26APR140630,Target Price: $44.9248,2026-04-14 06:15:00-04:00,2026-04-14 06:30:00-04:00,44.8507,44.9248,no
KXHYPE15M-26APR140615,Target Price: $44.8321,2026-04-14 06:00:00-04:00,2026-04-14 06:15:00-04:00,44.9248,44.8321,yes
KXHYPE15M-26APR140600,Target Price: $44.8148,2026-04-14 05:45:00-04:00,2026-04-14 06:00:00-04:00,44.8321,44.8148,yes
KXHYPE15M-26APR140545,Target Price: $44.9187,2026-04-14 05:30:00-04:00,2026-04-14 05:45:00-04:00,44.8148,44.9187,no
KXHYPE15M-26APR140530,Target Price: $44.9478,2026-04-14 05:15:00-04:00,2026-04-14 05:30:00-04:00,44.9187,44.9478,no
KXHYPE15M-26APR140515,Target Price: $45.0412,2026-04-14 05:00:00-04:00,2026-04-14 05:15:00-04:00,44.9478,45.0412,no
KXHYPE15M-26APR140500,Target Price: $45.1339,2026-04-14 04:45:00-04:00,2026-04-14 05:00:00-04:00,45.0412,45.1339,no
KXHYPE15M-26APR140445,Target Price: $44.9983,2026-04-14 04:30:00-04:00,2026-04-14 04:45:00-04:00,45.1339,44.9983,yes
KXHYPE15M-26APR140430,Target Price: $44.8952,2026-04-14 04:15:00-04:00,2026-04-14 04:30:00-04:00,44.9983,44.8952,yes
KXHYPE15M-26APR140415,Target Price: $44.5547,2026-04-14 04:00:00-04:00,2026-04-14 04:15:00-04:00,44.8952,44.5547,yes
KXHYPE15M-26APR140400,Target Price: $44.5567,2026-04-14 03:45:00-04:00,2026-04-14 04:00:00-04:00,44.5547,44.5567,no
KXHYPE15M-26APR140345,Target Price: $44.5958,2026-04-14 03:30:00-04:00,2026-04-14 03:45:00-04:00,44.5567,44.5958,no
KXHYPE15M-26APR140330,Target Price: $44.7043,2026-04-14 03:15:00-04:00,2026-04-14 03:30:00-04:00,44.5958,44.7043,no
KXHYPE15M-26APR140315,Target Price: $44.8050,2026-04-14 03:00:00-04:00,2026-04-14 03:15:00-04:00,44.7043,44.805,no
KXHYPE15M-26APR140300,Target Price: $44.7725,2026-04-14 02:45:00-04:00,2026-04-14 03:00:00-04:00,44.8050,44.7725,yes
KXHYPE15M-26APR140245,Target Price: $44.8542,2026-04-14 02:30:00-04:00,2026-04-14 02:45:00-04:00,44.7725,44.8542,no
KXHYPE15M-26APR140230,Target Price: $44.7521,2026-04-14 02:15:00-04:00,2026-04-14 02:30:00-04:00,44.8542,44.7521,yes
KXHYPE15M-26APR140215,Target Price: $44.6567,2026-04-14 02:00:00-04:00,2026-04-14 02:15:00-04:00,44.7521,44.6567,yes
KXHYPE15M-26APR140200,Target Price: $44.9749,2026-04-14 01:45:00-04:00,2026-04-14 02:00:00-04:00,44.6567,44.9749,no
KXHYPE15M-26APR140145,Target Price: $44.9289,2026-04-14 01:30:00-04:00,2026-04-14 01:45:00-04:00,44.9749,44.9289,yes
KXHYPE15M-26APR140130,Target Price: $44.8521,2026-04-14 01:15:00-04:00,2026-04-14 01:30:00-04:00,44.9289,44.8521,yes
KXHYPE15M-26APR140115,Target Price: $44.9707,2026-04-14 01:00:00-04:00,2026-04-14 01:15:00-04:00,44.8521,44.9707,no
KXHYPE15M-26APR140100,Target Price: $44.6542,2026-04-14 00:45:00-04:00,2026-04-14 01:00:00-04:00,44.9707,44.6542,yes
KXHYPE15M-26APR140045,Target Price: $44.6675,2026-04-14 00:30:00-04:00,2026-04-14 00:45:00-04:00,44.6542,44.6675,no
KXHYPE15M-26APR140030,Target Price: $44.7699,2026-04-14 00:15:00-04:00,2026-04-14 00:30:00-04:00,44.6675,44.7699,no
KXHYPE15M-26APR140015,Target Price: $44.6909,2026-04-14 00:00:00-04:00,2026-04-14 00:15:00-04:00,44.7699,44.6909,yes
KXHYPE15M-26APR140000,Target Price: $44.7313,2026-04-13 23:45:00-04:00,2026-04-14 00:00:00-04:00,44.6909,44.7313,no
KXHYPE15M-26APR132345,Target Price: $44.4565,2026-04-13 23:30:00-04:00,2026-04-13 23:45:00-04:00,44.7313,44.4565,yes
KXHYPE15M-26APR132330,Target Price: $44.5678,2026-04-13 23:15:00-04:00,2026-04-13 23:30:00-04:00,44.4565,44.5678,no
KXHYPE15M-26APR132315,Target Price: $44.7506,2026-04-13 23:00:00-04:00,2026-04-13 23:15:00-04:00,44.5678,44.7506,no
KXHYPE15M-26APR132300,Target Price: $44.7906,2026-04-13 22:45:00-04:00,2026-04-13 23:00:00-04:00,44.7506,44.7906,no
KXHYPE15M-26APR132245,Target Price: $44.9587,2026-04-13 22:30:00-04:00,2026-04-13 22:45:00-04:00,44.7906,44.9587,no
KXHYPE15M-26APR132230,Target Price: $44.9352,2026-04-13 22:15:00-04:00,2026-04-13 22:30:00-04:00,44.9587,44.9352,yes
KXHYPE15M-26APR132215,Target Price: $44.8555,2026-04-13 22:00:00-04:00,2026-04-13 22:15:00-04:00,44.9352,44.8555,yes
KXHYPE15M-26APR132200,Target Price: $44.7495,2026-04-13 21:45:00-04:00,2026-04-13 22:00:00-04:00,44.8555,44.7495,yes
KXHYPE15M-26APR132145,Target Price: $44.6685,2026-04-13 21:30:00-04:00,2026-04-13 21:45:00-04:00,44.7495,44.6685,yes
KXHYPE15M-26APR132130,Target Price: $44.6560,2026-04-13 21:15:00-04:00,2026-04-13 21:30:00-04:00,44.6685,44.656,yes
KXHYPE15M-26APR132115,Target Price: $44.7329,2026-04-13 21:00:00-04:00,2026-04-13 21:15:00-04:00,44.6560,44.7329,no
KXHYPE15M-26APR132100,Target Price: $44.6531,2026-04-13 20:45:00-04:00,2026-04-13 21:00:00-04:00,44.7329,44.6531,yes
KXHYPE15M-26APR132045,Target Price: $44.7234,2026-04-13 20:30:00-04:00,2026-04-13 20:45:00-04:00,44.6531,44.7234,no
KXHYPE15M-26APR132030,Target Price: $44.5056,2026-04-13 20:15:00-04:00,2026-04-13 20:30:00-04:00,44.7234,44.5056,yes
KXHYPE15M-26APR132015,Target Price: $44.3369,2026-04-13 20:00:00-04:00,2026-04-13 20:15:00-04:00,44.5056,44.3369,yes
KXHYPE15M-26APR132000,Target Price: $44.3186,2026-04-13 19:45:00-04:00,2026-04-13 20:00:00-04:00,44.3369,44.3186,yes
KXHYPE15M-26APR131945,Target Price: $44.4808,2026-04-13 19:30:00-04:00,2026-04-13 19:45:00-04:00,44.3186,44.4808,no
KXHYPE15M-26APR131930,Target Price: $44.3315,2026-04-13 19:15:00-04:00,2026-04-13 19:30:00-04:00,44.4808,44.3315,yes
KXHYPE15M-26APR131915,Target Price: $44.5224,2026-04-13 19:00:00-04:00,2026-04-13 19:15:00-04:00,44.3315,44.5224,no
KXHYPE15M-26APR131900,Target Price: $44.3091,2026-04-13 18:45:00-04:00,2026-04-13 19:00:00-04:00,44.5224,44.3091,yes
KXHYPE15M-26APR131845,Target Price: $44.0635,2026-04-13 18:30:00-04:00,2026-04-13 18:45:00-04:00,44.3091,44.0635,yes
KXHYPE15M-26APR131830,Target Price: $43.8855,2026-04-13 18:15:00-04:00,2026-04-13 18:30:00-04:00,44.0635,43.8855,yes
KXHYPE15M-26APR131815,Target Price: $43.5428,2026-04-13 18:00:00-04:00,2026-04-13 18:15:00-04:00,43.8855,43.5428,yes
KXHYPE15M-26APR131800,Target Price: $43.7018,2026-04-13 17:45:00-04:00,2026-04-13 18:00:00-04:00,43.5428,43.7018,no
KXHYPE15M-26APR131745,Target Price: $43.6322,2026-04-13 17:30:00-04:00,2026-04-13 17:45:00-04:00,43.7018,43.6322,yes
KXHYPE15M-26APR131730,Target Price: $43.6671,2026-04-13 17:15:00-04:00,2026-04-13 17:30:00-04:00,43.6322,43.6671,no
KXHYPE15M-26APR131715,Target Price: $43.4763,2026-04-13 17:00:00-04:00,2026-04-13 17:15:00-04:00,43.6671,43.4763,yes
KXHYPE15M-26APR131700,Target Price: $43.5031,2026-04-13 16:45:00-04:00,2026-04-13 17:00:00-04:00,43.4763,43.5031,no
KXHYPE15M-26APR131645,Target Price: $43.4135,2026-04-13 16:30:00-04:00,2026-04-13 16:45:00-04:00,43.5031,43.4135,yes
KXHYPE15M-26APR131630,Target Price: $43.4088,2026-04-13 16:15:00-04:00,2026-04-13 16:30:00-04:00,43.4135,43.4088,yes
KXHYPE15M-26APR131615,Target Price: $43.6774,2026-04-13 16:00:00-04:00,2026-04-13 16:15:00-04:00,43.4088,43.6774,no
KXHYPE15M-26APR131600,Target Price: $43.7133,2026-04-13 15:45:00-04:00,2026-04-13 16:00:00-04:00,43.6774,43.7133,no
KXHYPE15M-26APR131545,Target Price: $43.7869,2026-04-13 15:30:00-04:00,2026-04-13 15:45:00-04:00,43.7133,43.7869,no
KXHYPE15M-26APR131530,Target Price: $43.6845,2026-04-13 15:15:00-04:00,2026-04-13 15:30:00-04:00,43.7869,43.6845,yes
KXHYPE15M-26APR131515,Target Price: $43.8631,2026-04-13 15:00:00-04:00,2026-04-13 15:15:00-04:00,43.6845,43.8631,no
KXHYPE15M-26APR131500,Target Price: $43.6964,2026-04-13 14:45:00-04:00,2026-04-13 15:00:00-04:00,43.8631,43.6964,yes
KXHYPE15M-26APR131445,Target Price: $43.5010,2026-04-13 14:30:00-04:00,2026-04-13 14:45:00-04:00,43.6964,43.501,yes
KXHYPE15M-26APR131430,Target Price: $43.4604,2026-04-13 14:15:00-04:00,2026-04-13 14:30:00-04:00,43.5010,43.4604,yes
KXHYPE15M-26APR131415,Target Price: $43.3051,2026-04-13 14:00:00-04:00,2026-04-13 14:15:00-04:00,43.4604,43.3051,yes
KXHYPE15M-26APR131400,Target Price: $43.5208,2026-04-13 13:45:00-04:00,2026-04-13 14:00:00-04:00,43.3051,43.5208,no
KXHYPE15M-26APR131345,Target Price: $43.4782,2026-04-13 13:30:00-04:00,2026-04-13 13:45:00-04:00,43.5208,43.4782,yes
KXHYPE15M-26APR131330,Target Price: $43.4073,2026-04-13 13:15:00-04:00,2026-04-13 13:30:00-04:00,43.4782,43.4073,yes
KXHYPE15M-26APR131315,Target Price: $43.1841,2026-04-13 13:00:00-04:00,2026-04-13 13:15:00-04:00,43.4073,43.1841,yes
KXHYPE15M-26APR131300,Target Price: $42.9992,2026-04-13 12:45:00-04:00,2026-04-13 13:00:00-04:00,43.1841,42.9992,yes
KXHYPE15M-26APR131245,Target Price: $42.9568,2026-04-13 12:30:00-04:00,2026-04-13 12:45:00-04:00,42.9992,42.9568,yes
KXHYPE15M-26APR131230,Target Price: $42.6280,2026-04-13 12:15:00-04:00,2026-04-13 12:30:00-04:00,42.9568,42.628,yes
KXHYPE15M-26APR131215,Target Price: $42.4616,2026-04-13 12:00:00-04:00,2026-04-13 12:15:00-04:00,42.6280,42.4616,yes
KXHYPE15M-26APR131200,Target Price: $42.2491,2026-04-13 11:45:00-04:00,2026-04-13 12:00:00-04:00,42.4616,42.2491,yes
KXHYPE15M-26APR131145,Target Price: $42.3764,2026-04-13 11:30:00-04:00,2026-04-13 11:45:00-04:00,42.2491,0.423764,no
KXHYPE15M-26APR131130,Target Price: $42.3210,2026-04-13 11:15:00-04:00,2026-04-13 11:30:00-04:00,42.3764,0.42321,yes
KXHYPE15M-26APR131115,Target Price: $42.7859,2026-04-13 11:00:00-04:00,2026-04-13 11:15:00-04:00,42.3210,0.427859,no
KXHYPE15M-26APR131100,Target Price: $42.6711,2026-04-13 10:45:00-04:00,2026-04-13 11:00:00-04:00,42.7859,42.6711,yes
KXHYPE15M-26APR131045,Target Price: $42.3838,2026-04-13 10:30:00-04:00,2026-04-13 10:45:00-04:00,42.6711,42.3838,yes
KXHYPE15M-26APR131030,Target Price: $42.4781,2026-04-13 10:15:00-04:00,2026-04-13 10:30:00-04:00,42.3838,42.4781,no
KXHYPE15M-26APR131015,Target Price: $42.5378,2026-04-13 10:00:00-04:00,2026-04-13 10:15:00-04:00,42.4781,42.5378,no
KXHYPE15M-26APR131000,Target Price: $42.1791,2026-04-13 09:45:00-04:00,2026-04-13 10:00:00-04:00,42.5378,42.1791,yes
KXHYPE15M-26APR130945,Target Price: $42.3327,2026-04-13 09:30:00-04:00,2026-04-13 09:45:00-04:00,42.1791,42.3327,no
KXHYPE15M-26APR130930,Target Price: $42.1425,2026-04-13 09:15:00-04:00,2026-04-13 09:30:00-04:00,42.3327,42.1425,yes
KXHYPE15M-26APR130915,Target Price: $41.9054,2026-04-13 09:00:00-04:00,2026-04-13 09:15:00-04:00,42.1425,41.9054,yes
KXHYPE15M-26APR130900,Target Price: $41.6942,2026-04-13 08:45:00-04:00,2026-04-13 09:00:00-04:00,41.9054,41.6942,yes
KXHYPE15M-26APR130845,Target Price: $41.5952,2026-04-13 08:30:00-04:00,2026-04-13 08:45:00-04:00,41.6942,41.5952,yes
KXHYPE15M-26APR130830,Target Price: $41.7917,2026-04-13 08:15:00-04:00,2026-04-13 08:30:00-04:00,41.5952,41.7917,no
KXHYPE15M-26APR130815,Target Price: $41.8390,2026-04-13 08:00:00-04:00,2026-04-13 08:15:00-04:00,41.7917,41.839,no
KXHYPE15M-26APR130800,Target Price: $41.7666,2026-04-13 07:45:00-04:00,2026-04-13 08:00:00-04:00,41.8390,41.7666,yes
KXHYPE15M-26APR130745,Target Price: $41.7628,2026-04-13 07:30:00-04:00,2026-04-13 07:45:00-04:00,41.7666,41.7628,yes
KXHYPE15M-26APR130730,Target Price: $41.6722,2026-04-13 07:15:00-04:00,2026-04-13 07:30:00-04:00,41.7628,41.6722,yes
KXHYPE15M-26APR130715,Target Price: $41.5535,2026-04-13 07:00:00-04:00,2026-04-13 07:15:00-04:00,41.6722,41.5535,yes
KXHYPE15M-26APR130700,Target Price: $41.6174,2026-04-13 06:45:00-04:00,2026-04-13 07:00:00-04:00,41.5535,41.6174,no
KXHYPE15M-26APR130645,Target Price: $41.4821,2026-04-13 06:30:00-04:00,2026-04-13 06:45:00-04:00,41.6174,41.4821,yes
KXHYPE15M-26APR130630,Target Price: $41.5320,2026-04-13 06:15:00-04:00,2026-04-13 06:30:00-04:00,41.4821,41.532,no
KXHYPE15M-26APR130615,Target Price: $41.6307,2026-04-13 06:00:00-04:00,2026-04-13 06:15:00-04:00,41.5320,41.6307,no
KXHYPE15M-26APR130600,Target Price: $41.5420,2026-04-13 05:45:00-04:00,2026-04-13 06:00:00-04:00,41.6307,41.542,yes
KXHYPE15M-26APR130545,Target Price: $41.5393,2026-04-13 05:30:00-04:00,2026-04-13 05:45:00-04:00,41.5420,41.5393,yes
KXHYPE15M-26APR130530,Target Price: $41.6350,2026-04-13 05:15:00-04:00,2026-04-13 05:30:00-04:00,41.5393,41.635,no
KXHYPE15M-26APR130515,Target Price: $41.3552,2026-04-13 05:00:00-04:00,2026-04-13 05:15:00-04:00,41.6350,41.3552,yes
KXHYPE15M-26APR130500,Target Price: $41.1828,2026-04-13 04:45:00-04:00,2026-04-13 05:00:00-04:00,41.3552,41.1828,yes
KXHYPE15M-26APR130445,Target Price: $41.2131,2026-04-13 04:30:00-04:00,2026-04-13 04:45:00-04:00,41.1828,41.2131,no
KXHYPE15M-26APR130430,Target Price: $41.2326,2026-04-13 04:15:00-04:00,2026-04-13 04:30:00-04:00,41.2131,41.2326,no
KXHYPE15M-26APR130415,Target Price: $41.2378,2026-04-13 04:00:00-04:00,2026-04-13 04:15:00-04:00,41.2326,41.2378,no
KXHYPE15M-26APR130400,Target Price: $41.1892,2026-04-13 03:45:00-04:00,2026-04-13 04:00:00-04:00,41.2378,41.1892,yes
KXHYPE15M-26APR130345,Target Price: $41.1060,2026-04-13 03:30:00-04:00,2026-04-13 03:45:00-04:00,41.1892,41.106,yes
KXHYPE15M-26APR130330,Target Price: $41.3238,2026-04-13 03:15:00-04:00,2026-04-13 03:30:00-04:00,41.1060,41.3238,no
KXHYPE15M-26APR130315,Target Price: $41.5169,2026-04-13 03:00:00-04:00,2026-04-13 03:15:00-04:00,41.3238,41.5169,no
KXHYPE15M-26APR130300,Target Price: $41.5842,2026-04-13 02:45:00-04:00,2026-04-13 03:00:00-04:00,41.5169,41.5842,no
KXHYPE15M-26APR130245,Target Price: $41.6489,2026-04-13 02:30:00-04:00,2026-04-13 02:45:00-04:00,41.5842,41.6489,no
KXHYPE15M-26APR130230,Target Price: $41.4690,2026-04-13 02:15:00-04:00,2026-04-13 02:30:00-04:00,41.6489,41.469,yes
KXHYPE15M-26APR130215,Target Price: $41.1459,2026-04-13 02:00:00-04:00,2026-04-13 02:15:00-04:00,41.4690,41.1459,yes
KXHYPE15M-26APR130200,Target Price: $41.1605,2026-04-13 01:45:00-04:00,2026-04-13 02:00:00-04:00,41.1459,41.1605,no
KXHYPE15M-26APR130145,Target Price: $41.1731,2026-04-13 01:30:00-04:00,2026-04-13 01:45:00-04:00,41.1605,41.1731,no
KXHYPE15M-26APR130130,Target Price: $41.2044,2026-04-13 01:15:00-04:00,2026-04-13 01:30:00-04:00,41.1731,41.2044,no
KXHYPE15M-26APR130115,Target Price: $41.3386,2026-04-13 01:00:00-04:00,2026-04-13 01:15:00-04:00,41.2044,41.3386,no
KXHYPE15M-26APR130100,Target Price: $41.6769,2026-04-13 00:45:00-04:00,2026-04-13 01:00:00-04:00,41.3386,41.6769,no
KXHYPE15M-26APR130045,Target Price: $41.5420,2026-04-13 00:30:00-04:00,2026-04-13 00:45:00-04:00,41.6769,41.542,yes
KXHYPE15M-26APR130030,Target Price: $41.6235,2026-04-13 00:15:00-04:00,2026-04-13 00:30:00-04:00,41.5420,41.6235,no
KXHYPE15M-26APR130015,Target Price: $41.5962,2026-04-13 00:00:00-04:00,2026-04-13 00:15:00-04:00,41.6235,41.5962,yes
KXHYPE15M-26APR130000,Target Price: $41.7035,2026-04-12 23:45:00-04:00,2026-04-13 00:00:00-04:00,41.5962,41.7035,no
KXHYPE15M-26APR122345,Target Price: $41.7146,2026-04-12 23:30:00-04:00,2026-04-12 23:45:00-04:00,41.7035,41.7146,no
KXHYPE15M-26APR122330,Target Price: $41.7186,2026-04-12 23:15:00-04:00,2026-04-12 23:30:00-04:00,41.7146,41.7186,no
KXHYPE15M-26APR122315,Target Price: $41.6524,2026-04-12 23:00:00-04:00,2026-04-12 23:15:00-04:00,41.7186,41.6524,yes
KXHYPE15M-26APR122300,Target Price: $41.7226,2026-04-12 22:45:00-04:00,2026-04-12 23:00:00-04:00,41.6524,41.7226,no
KXHYPE15M-26APR122245,Target Price: $41.8199,2026-04-12 22:30:00-04:00,2026-04-12 22:45:00-04:00,41.7226,41.8199,no
KXHYPE15M-26APR122230,Target Price: $41.6212,2026-04-12 22:15:00-04:00,2026-04-12 22:30:00-04:00,41.8199,41.6212,yes
KXHYPE15M-26APR122215,Target Price: $41.9163,2026-04-12 22:00:00-04:00,2026-04-12 22:15:00-04:00,41.6212,41.9163,no
KXHYPE15M-26APR122200,Target Price: $41.9863,2026-04-12 21:45:00-04:00,2026-04-12 22:00:00-04:00,41.9163,41.9863,no
KXHYPE15M-26APR122145,Target Price: $41.5951,2026-04-12 21:30:00-04:00,2026-04-12 21:45:00-04:00,41.9863,41.5951,yes
KXHYPE15M-26APR122130,Target Price: $41.4073,2026-04-12 21:15:00-04:00,2026-04-12 21:30:00-04:00,41.5951,41.4073,yes
KXHYPE15M-26APR122115,Target Price: $41.1188,2026-04-12 21:00:00-04:00,2026-04-12 21:15:00-04:00,41.4073,41.1188,yes
KXHYPE15M-26APR122100,Target Price: $40.9087,2026-04-12 20:45:00-04:00,2026-04-12 21:00:00-04:00,41.1188,40.9087,yes
KXHYPE15M-26APR122045,Target Price: $41.0495,2026-04-12 20:30:00-04:00,2026-04-12 20:45:00-04:00,40.9087,41.0495,no
KXHYPE15M-26APR122030,Target Price: $41.0170,2026-04-12 20:15:00-04:00,2026-04-12 20:30:00-04:00,41.0495,41.017,yes
KXHYPE15M-26APR122015,Target Price: $40.8598,2026-04-12 20:00:00-04:00,2026-04-12 20:15:00-04:00,41.0170,40.8598,yes
KXHYPE15M-26APR122000,Target Price: $40.7919,2026-04-12 19:45:00-04:00,2026-04-12 20:00:00-04:00,40.8598,40.7919,yes
KXHYPE15M-26APR121945,Target Price: $40.9226,2026-04-12 19:30:00-04:00,2026-04-12 19:45:00-04:00,40.7919,40.9226,no
KXHYPE15M-26APR121930,Target Price: $40.8671,2026-04-12 19:15:00-04:00,2026-04-12 19:30:00-04:00,40.9226,40.8671,yes
KXHYPE15M-26APR121915,Target Price: $40.9718,2026-04-12 19:00:00-04:00,2026-04-12 19:15:00-04:00,40.8671,40.9718,no
KXHYPE15M-26APR121900,Target Price: $40.7296,2026-04-12 18:45:00-04:00,2026-04-12 19:00:00-04:00,40.9718,40.7296,yes
KXHYPE15M-26APR121845,Target Price: $40.6259,2026-04-12 18:30:00-04:00,2026-04-12 18:45:00-04:00,40.7296,40.6259,yes
KXHYPE15M-26APR121830,Target Price: $40.8775,2026-04-12 18:15:00-04:00,2026-04-12 18:30:00-04:00,40.6259,40.8775,no
KXHYPE15M-26APR121815,Target Price: $40.7961,2026-04-12 18:00:00-04:00,2026-04-12 18:15:00-04:00,40.8775,40.7961,yes
KXHYPE15M-26APR121800,Target Price: $40.9556,2026-04-12 17:45:00-04:00,2026-04-12 18:00:00-04:00,40.7961,40.9556,no
KXHYPE15M-26APR121745,Target Price: $40.9442,2026-04-12 17:30:00-04:00,2026-04-12 17:45:00-04:00,40.9556,40.9442,yes
KXHYPE15M-26APR121730,Target Price: $40.9583,2026-04-12 17:15:00-04:00,2026-04-12 17:30:00-04:00,40.9442,40.9583,no
KXHYPE15M-26APR121715,Target Price: $41.1381,2026-04-12 17:00:00-04:00,2026-04-12 17:15:00-04:00,40.9583,41.1381,no
KXHYPE15M-26APR121700,Target Price: $41.2105,2026-04-12 16:45:00-04:00,2026-04-12 17:00:00-04:00,41.1381,41.2105,no
KXHYPE15M-26APR121645,Target Price: $41.0969,2026-04-12 16:30:00-04:00,2026-04-12 16:45:00-04:00,41.2105,41.0969,yes
KXHYPE15M-26APR121630,Target Price: $41.0694,2026-04-12 16:15:00-04:00,2026-04-12 16:30:00-04:00,41.0969,41.0694,yes
KXHYPE15M-26APR121615,Target Price: $41.1270,2026-04-12 16:00:00-04:00,2026-04-12 16:15:00-04:00,41.0694,41.127,no
KXHYPE15M-26APR121600,Target Price: $41.0301,2026-04-12 15:45:00-04:00,2026-04-12 16:00:00-04:00,41.1270,41.0301,yes
KXHYPE15M-26APR121545,Target Price: $41.0473,2026-04-12 15:30:00-04:00,2026-04-12 15:45:00-04:00,41.0301,41.0473,no
KXHYPE15M-26APR121530,Target Price: $41.0029,2026-04-12 15:15:00-04:00,2026-04-12 15:30:00-04:00,41.0473,41.0029,yes
KXHYPE15M-26APR121515,Target Price: $41.0202,2026-04-12 15:00:00-04:00,2026-04-12 15:15:00-04:00,41.0029,41.0202,no
KXHYPE15M-26APR121500,Target Price: $40.9687,2026-04-12 14:45:00-04:00,2026-04-12 15:00:00-04:00,41.0202,40.9687,yes
KXHYPE15M-26APR121445,Target Price: $41.1792,2026-04-12 14:30:00-04:00,2026-04-12 14:45:00-04:00,40.9687,41.1792,no
KXHYPE15M-26APR121430,Target Price: $41.3098,2026-04-12 14:15:00-04:00,2026-04-12 14:30:00-04:00,41.1792,41.3098,no
KXHYPE15M-26APR121415,Target Price: $41.1565,2026-04-12 14:00:00-04:00,2026-04-12 14:15:00-04:00,41.3098,41.1565,yes
KXHYPE15M-26APR121400,Target Price: $41.1234,2026-04-12 13:45:00-04:00,2026-04-12 14:00:00-04:00,41.1565,41.1234,yes
KXHYPE15M-26APR121345,Target Price: $41.0918,2026-04-12 13:30:00-04:00,2026-04-12 13:45:00-04:00,41.1234,41.0918,yes
KXHYPE15M-26APR121330,Target Price: $41.0696,2026-04-12 13:15:00-04:00,2026-04-12 13:30:00-04:00,41.0918,41.0696,yes
KXHYPE15M-26APR121315,Target Price: $41.0745,2026-04-12 13:00:00-04:00,2026-04-12 13:15:00-04:00,41.0696,41.0745,no
KXHYPE15M-26APR121300,Target Price: $41.1039,2026-04-12 12:45:00-04:00,2026-04-12 13:00:00-04:00,41.0745,41.1039,no
KXHYPE15M-26APR121245,Target Price: $41.1741,2026-04-12 12:30:00-04:00,2026-04-12 12:45:00-04:00,41.1039,41.1741,no
KXHYPE15M-26APR121230,Target Price: $40.9468,2026-04-12 12:15:00-04:00,2026-04-12 12:30:00-04:00,41.1741,40.9468,yes
KXHYPE15M-26APR121215,Target Price: $40.8266,2026-04-12 12:00:00-04:00,2026-04-12 12:15:00-04:00,40.9468,40.8266,yes
KXHYPE15M-26APR121200,Target Price: $40.7766,2026-04-12 11:45:00-04:00,2026-04-12 12:00:00-04:00,40.8266,40.7766,yes
KXHYPE15M-26APR121145,Target Price: $40.6647,2026-04-12 11:30:00-04:00,2026-04-12 11:45:00-04:00,40.7766,40.6647,yes
KXHYPE15M-26APR121130,Target Price: $40.7045,2026-04-12 11:15:00-04:00,2026-04-12 11:30:00-04:00,40.6647,40.7045,no
KXHYPE15M-26APR121115,Target Price: $40.5378,2026-04-12 11:00:00-04:00,2026-04-12 11:15:00-04:00,40.7045,40.5378,yes
KXHYPE15M-26APR121100,Target Price: $40.5328,2026-04-12 10:45:00-04:00,2026-04-12 11:00:00-04:00,40.5378,40.5328,yes
KXHYPE15M-26APR121045,Target Price: $40.8124,2026-04-12 10:30:00-04:00,2026-04-12 10:45:00-04:00,40.5328,40.8124,no
KXHYPE15M-26APR121030,Target Price: $40.2767,2026-04-12 10:15:00-04:00,2026-04-12 10:30:00-04:00,40.8124,40.2767,yes
KXHYPE15M-26APR121015,Target Price: $40.2662,2026-04-12 10:00:00-04:00,2026-04-12 10:15:00-04:00,40.2767,40.2662,yes
KXHYPE15M-26APR121000,Target Price: $40.3412,2026-04-12 09:45:00-04:00,2026-04-12 10:00:00-04:00,40.2662,40.3412,no
KXHYPE15M-26APR120945,Target Price: $40.4034,2026-04-12 09:30:00-04:00,2026-04-12 09:45:00-04:00,40.3412,40.4034,no
KXHYPE15M-26APR120930,Target Price: $40.4574,2026-04-12 09:15:00-04:00,2026-04-12 09:30:00-04:00,40.4034,40.4574,no
KXHYPE15M-26APR120915,Target Price: $40.3237,2026-04-12 09:00:00-04:00,2026-04-12 09:15:00-04:00,40.4574,40.3237,yes
KXHYPE15M-26APR120900,Target Price: $40.5219,2026-04-12 08:45:00-04:00,2026-04-12 09:00:00-04:00,40.3237,40.5219,no
KXHYPE15M-26APR120845,Target Price: $40.5446,2026-04-12 08:30:00-04:00,2026-04-12 08:45:00-04:00,40.5219,40.5446,no
KXHYPE15M-26APR120830,Target Price: $40.4249,2026-04-12 08:15:00-04:00,2026-04-12 08:30:00-04:00,40.5446,40.4249,yes
KXHYPE15M-26APR120815,Target Price: $40.4332,2026-04-12 08:00:00-04:00,2026-04-12 08:15:00-04:00,40.4249,40.4332,no
KXHYPE15M-26APR120800,Target Price: $40.4595,2026-04-12 07:45:00-04:00,2026-04-12 08:00:00-04:00,40.4332,40.4595,no
KXHYPE15M-26APR120745,Target Price: $40.5992,2026-04-12 07:30:00-04:00,2026-04-12 07:45:00-04:00,40.4595,40.5992,no
KXHYPE15M-26APR120730,Target Price: $40.6420,2026-04-12 07:15:00-04:00,2026-04-12 07:30:00-04:00,40.5992,40.642,no
KXHYPE15M-26APR120715,Target Price: $40.5651,2026-04-12 07:00:00-04:00,2026-04-12 07:15:00-04:00,40.6420,40.5651,yes
KXHYPE15M-26APR120700,Target Price: $40.6467,2026-04-12 06:45:00-04:00,2026-04-12 07:00:00-04:00,40.5651,40.6467,no
KXHYPE15M-26APR120645,Target Price: $40.8493,2026-04-12 06:30:00-04:00,2026-04-12 06:45:00-04:00,40.6467,40.8493,no
KXHYPE15M-26APR120630,Target Price: $40.8210,2026-04-12 06:15:00-04:00,2026-04-12 06:30:00-04:00,40.8493,40.821,yes
KXHYPE15M-26APR120615,Target Price: $40.9152,2026-04-12 06:00:00-04:00,2026-04-12 06:15:00-04:00,40.8210,40.9152,no
KXHYPE15M-26APR120600,Target Price: $40.9258,2026-04-12 05:45:00-04:00,2026-04-12 06:00:00-04:00,40.9152,40.9258,no
KXHYPE15M-26APR120545,Target Price: $40.8486,2026-04-12 05:30:00-04:00,2026-04-12 05:45:00-04:00,40.9258,40.8486,yes
KXHYPE15M-26APR120530,Target Price: $40.8131,2026-04-12 05:15:00-04:00,2026-04-12 05:30:00-04:00,40.8486,40.8131,yes
KXHYPE15M-26APR120515,Target Price: $40.7926,2026-04-12 05:00:00-04:00,2026-04-12 05:15:00-04:00,40.8131,40.7926,yes
KXHYPE15M-26APR120500,Target Price: $40.8761,2026-04-12 04:45:00-04:00,2026-04-12 05:00:00-04:00,40.7926,40.8761,no
KXHYPE15M-26APR120445,Target Price: $40.8524,2026-04-12 04:30:00-04:00,2026-04-12 04:45:00-04:00,40.8761,40.8524,yes
KXHYPE15M-26APR120430,Target Price: $40.8516,2026-04-12 04:15:00-04:00,2026-04-12 04:30:00-04:00,40.8524,40.8516,yes
KXHYPE15M-26APR120415,Target Price: $40.7762,2026-04-12 04:00:00-04:00,2026-04-12 04:15:00-04:00,40.8516,40.7762,yes
KXHYPE15M-26APR120400,Target Price: $40.7759,2026-04-12 03:45:00-04:00,2026-04-12 04:00:00-04:00,40.7762,40.7759,yes
KXHYPE15M-26APR120345,Target Price: $40.6859,2026-04-12 03:30:00-04:00,2026-04-12 03:45:00-04:00,40.7759,40.6859,yes
KXHYPE15M-26APR120330,Target Price: $40.6131,2026-04-12 03:15:00-04:00,2026-04-12 03:30:00-04:00,40.6859,40.6131,yes
KXHYPE15M-26APR120315,Target Price: $40.7518,2026-04-12 03:00:00-04:00,2026-04-12 03:15:00-04:00,40.6131,40.7518,no
KXHYPE15M-26APR120300,Target Price: $40.7487,2026-04-12 02:45:00-04:00,2026-04-12 03:00:00-04:00,40.7518,40.7487,yes
KXHYPE15M-26APR120245,Target Price: $40.8891,2026-04-12 02:30:00-04:00,2026-04-12 02:45:00-04:00,40.7487,40.8891,no
KXHYPE15M-26APR120230,Target Price: $40.9401,2026-04-12 02:15:00-04:00,2026-04-12 02:30:00-04:00,40.8891,40.9401,no
KXHYPE15M-26APR120215,Target Price: $40.9602,2026-04-12 02:00:00-04:00,2026-04-12 02:15:00-04:00,40.9401,40.9602,no
KXHYPE15M-26APR120200,Target Price: $40.8804,2026-04-12 01:45:00-04:00,2026-04-12 02:00:00-04:00,40.9602,40.8804,yes
KXHYPE15M-26APR120145,Target Price: $41.0695,2026-04-12 01:30:00-04:00,2026-04-12 01:45:00-04:00,40.8804,41.0695,no
KXHYPE15M-26APR120130,Target Price: $40.9292,2026-04-12 01:15:00-04:00,2026-04-12 01:30:00-04:00,41.0695,40.9292,yes
KXHYPE15M-26APR120115,Target Price: $40.8947,2026-04-12 01:00:00-04:00,2026-04-12 01:15:00-04:00,40.9292,40.8947,yes
KXHYPE15M-26APR120100,Target Price: $40.9001,2026-04-12 00:45:00-04:00,2026-04-12 01:00:00-04:00,40.8947,40.9001,no
KXHYPE15M-26APR120045,Target Price: $40.8309,2026-04-12 00:30:00-04:00,2026-04-12 00:45:00-04:00,40.9001,40.8309,yes
KXHYPE15M-26APR120030,Target Price: $40.8208,2026-04-12 00:15:00-04:00,2026-04-12 00:30:00-04:00,40.8309,40.8208,yes
KXHYPE15M-26APR120015,Target Price: $41.1123,2026-04-12 00:00:00-04:00,2026-04-12 00:15:00-04:00,40.8208,41.1123,no
KXHYPE15M-26APR120000,Target Price: $41.0927,2026-04-11 23:45:00-04:00,2026-04-12 00:00:00-04:00,41.1123,41.0927,yes
KXHYPE15M-26APR112345,Target Price: $41.1841,2026-04-11 23:30:00-04:00,2026-04-11 23:45:00-04:00,41.0927,41.1841,no
KXHYPE15M-26APR112330,Target Price: $41.1231,2026-04-11 23:15:00-04:00,2026-04-11 23:30:00-04:00,41.1841,41.1231,yes
KXHYPE15M-26APR112315,Target Price: $41.2880,2026-04-11 23:00:00-04:00,2026-04-11 23:15:00-04:00,41.1231,41.288,no
KXHYPE15M-26APR112300,Target Price: $41.3272,2026-04-11 22:45:00-04:00,2026-04-11 23:00:00-04:00,41.2880,41.3272,no
KXHYPE15M-26APR112245,Target Price: $41.3278,2026-04-11 22:30:00-04:00,2026-04-11 22:45:00-04:00,41.3272,41.3278,no
KXHYPE15M-26APR112230,Target Price: $41.3331,2026-04-11 22:15:00-04:00,2026-04-11 22:30:00-04:00,41.3278,41.3331,no
KXHYPE15M-26APR112215,Target Price: $41.1239,2026-04-11 22:00:00-04:00,2026-04-11 22:15:00-04:00,41.3331,41.1239,yes
KXHYPE15M-26APR112200,Target Price: $41.7014,2026-04-11 21:45:00-04:00,2026-04-11 22:00:00-04:00,41.1239,41.7014,no
KXHYPE15M-26APR112145,Target Price: $42.5672,2026-04-11 21:30:00-04:00,2026-04-11 21:45:00-04:00,41.7014,42.5672,no
KXHYPE15M-26APR112130,Target Price: $42.7367,2026-04-11 21:15:00-04:00,2026-04-11 21:30:00-04:00,42.5672,42.7367,no
KXHYPE15M-26APR112115,Target Price: $42.7318,2026-04-11 21:00:00-04:00,2026-04-11 21:15:00-04:00,42.7367,42.7318,yes
KXHYPE15M-26APR112100,Target Price: $42.5468,2026-04-11 20:45:00-04:00,2026-04-11 21:00:00-04:00,42.7318,42.5468,yes
KXHYPE15M-26APR112045,Target Price: $42.5183,2026-04-11 20:30:00-04:00,2026-04-11 20:45:00-04:00,42.5468,42.5183,yes
KXHYPE15M-26APR112030,Target Price: $42.3129,2026-04-11 20:15:00-04:00,2026-04-11 20:30:00-04:00,42.5183,42.3129,yes
KXHYPE15M-26APR112015,Target Price: $42.2498,2026-04-11 20:00:00-04:00,2026-04-11 20:15:00-04:00,42.3129,42.2498,yes
KXHYPE15M-26APR112000,Target Price: $42.2903,2026-04-11 19:45:00-04:00,2026-04-11 20:00:00-04:00,42.2498,42.2903,no
KXHYPE15M-26APR111945,Target Price: $42.2485,2026-04-11 19:30:00-04:00,2026-04-11 19:45:00-04:00,42.2903,42.2485,yes
KXHYPE15M-26APR111930,Target Price: $42.1359,2026-04-11 19:15:00-04:00,2026-04-11 19:30:00-04:00,42.2485,42.1359,yes
KXHYPE15M-26APR111915,Target Price: $42.3357,2026-04-11 19:00:00-04:00,2026-04-11 19:15:00-04:00,42.1359,42.3357,no
KXHYPE15M-26APR111900,Target Price: $42.8295,2026-04-11 18:45:00-04:00,2026-04-11 19:00:00-04:00,42.3357,42.8295,no
KXHYPE15M-26APR111845,Target Price: $42.8199,2026-04-11 18:30:00-04:00,2026-04-11 18:45:00-04:00,42.8295,42.8199,yes
KXHYPE15M-26APR111830,Target Price: $42.7549,2026-04-11 18:15:00-04:00,2026-04-11 18:30:00-04:00,42.8199,42.7549,yes
KXHYPE15M-26APR111815,Target Price: $42.5567,2026-04-11 18:00:00-04:00,2026-04-11 18:15:00-04:00,42.7549,42.5567,yes
KXHYPE15M-26APR111800,Target Price: $42.5285,2026-04-11 17:45:00-04:00,2026-04-11 18:00:00-04:00,42.5567,42.5285,yes
KXHYPE15M-26APR111745,Target Price: $42.4760,2026-04-11 17:30:00-04:00,2026-04-11 17:45:00-04:00,42.5285,42.476,yes
KXHYPE15M-26APR111730,Target Price: $42.4804,2026-04-11 17:15:00-04:00,2026-04-11 17:30:00-04:00,42.4760,42.4804,no
KXHYPE15M-26APR111715,Target Price: $42.5550,2026-04-11 17:00:00-04:00,2026-04-11 17:15:00-04:00,42.4804,42.555,no
KXHYPE15M-26APR111700,Target Price: $42.8492,2026-04-11 16:45:00-04:00,2026-04-11 17:00:00-04:00,42.5550,42.8492,no
KXHYPE15M-26APR111645,Target Price: $42.7594,2026-04-11 16:30:00-04:00,2026-04-11 16:45:00-04:00,42.8492,42.7594,yes
KXHYPE15M-26APR111630,Target Price: $42.8025,2026-04-11 16:15:00-04:00,2026-04-11 16:30:00-04:00,42.7594,42.8025,no
KXHYPE15M-26APR111615,Target Price: $42.9815,2026-04-11 16:00:00-04:00,2026-04-11 16:15:00-04:00,42.8025,42.9815,no
KXHYPE15M-26APR111600,Target Price: $43.0361,2026-04-11 15:45:00-04:00,2026-04-11 16:00:00-04:00,42.9815,43.0361,no
KXHYPE15M-26APR111545,Target Price: $42.8243,2026-04-11 15:30:00-04:00,2026-04-11 15:45:00-04:00,43.0361,42.8243,yes
KXHYPE15M-26APR111530,Target Price: $42.5378,2026-04-11 15:15:00-04:00,2026-04-11 15:30:00-04:00,42.8243,42.5378,yes
KXHYPE15M-26APR111515,Target Price: $42.6033,2026-04-11 15:00:00-04:00,2026-04-11 15:15:00-04:00,42.5378,42.6033,no
KXHYPE15M-26APR111500,Target Price: $42.5830,2026-04-11 14:45:00-04:00,2026-04-11 15:00:00-04:00,42.6033,42.583,yes
KXHYPE15M-26APR111445,Target Price: $42.3758,2026-04-11 14:30:00-04:00,2026-04-11 14:45:00-04:00,42.5830,42.3758,yes
KXHYPE15M-26APR111430,Target Price: $42.3330,2026-04-11 14:15:00-04:00,2026-04-11 14:30:00-04:00,42.3758,42.333,yes
KXHYPE15M-26APR111415,Target Price: $42.5510,2026-04-11 14:00:00-04:00,2026-04-11 14:15:00-04:00,42.3330,42.551,no
KXHYPE15M-26APR111400,Target Price: $42.3642,2026-04-11 13:45:00-04:00,2026-04-11 14:00:00-04:00,42.5510,42.3642,yes
KXHYPE15M-26APR111345,Target Price: $42.2008,2026-04-11 13:30:00-04:00,2026-04-11 13:45:00-04:00,42.3642,42.2008,yes
KXHYPE15M-26APR111330,Target Price: $42.1075,2026-04-11 13:15:00-04:00,2026-04-11 13:30:00-04:00,42.2008,42.1075,yes
KXHYPE15M-26APR111315,Target Price: $42.2182,2026-04-11 13:00:00-04:00,2026-04-11 13:15:00-04:00,42.1075,42.2182,no
KXHYPE15M-26APR111300,Target Price: $42.0627,2026-04-11 12:45:00-04:00,2026-04-11 13:00:00-04:00,42.2182,42.0627,yes
KXHYPE15M-26APR111245,Target Price: $41.9785,2026-04-11 12:30:00-04:00,2026-04-11 12:45:00-04:00,42.0627,41.9785,yes
KXHYPE15M-26APR111230,Target Price: $42.0564,2026-04-11 12:15:00-04:00,2026-04-11 12:30:00-04:00,41.9785,42.0564,no
KXHYPE15M-26APR111215,Target Price: $41.8919,2026-04-11 12:00:00-04:00,2026-04-11 12:15:00-04:00,42.0564,41.8919,yes
KXHYPE15M-26APR111200,Target Price: $41.8236,2026-04-11 11:45:00-04:00,2026-04-11 12:00:00-04:00,41.8919,41.8236,yes
KXHYPE15M-26APR111145,Target Price: $41.9380,2026-04-11 11:30:00-04:00,2026-04-11 11:45:00-04:00,41.8236,41.938,no
KXHYPE15M-26APR111130,Target Price: $41.9685,2026-04-11 11:15:00-04:00,2026-04-11 11:30:00-04:00,41.9380,41.9685,no
KXHYPE15M-26APR111115,Target Price: $41.8870,2026-04-11 11:00:00-04:00,2026-04-11 11:15:00-04:00,41.9685,41.887,yes
KXHYPE15M-26APR111100,Target Price: $41.8666,2026-04-11 10:45:00-04:00,2026-04-11 11:00:00-04:00,41.8870,41.8666,yes
KXHYPE15M-26APR111045,Target Price: $42.1175,2026-04-11 10:30:00-04:00,2026-04-11 10:45:00-04:00,41.8666,42.1175,no
KXHYPE15M-26APR111030,Target Price: $42.2752,2026-04-11 10:15:00-04:00,2026-04-11 10:30:00-04:00,42.1175,42.2752,no
KXHYPE15M-26APR111015,Target Price: $42.1934,2026-04-11 10:00:00-04:00,2026-04-11 10:15:00-04:00,42.2752,42.1934,yes
KXHYPE15M-26APR111000,Target Price: $42.2017,2026-04-11 09:45:00-04:00,2026-04-11 10:00:00-04:00,42.1934,42.2017,no
KXHYPE15M-26APR110945,Target Price: $42.0935,2026-04-11 09:30:00-04:00,2026-04-11 09:45:00-04:00,42.2017,42.0935,yes
KXHYPE15M-26APR110930,Target Price: $42.0632,2026-04-11 09:15:00-04:00,2026-04-11 09:30:00-04:00,42.0935,42.0632,yes
KXHYPE15M-26APR110915,Target Price: $42.3549,2026-04-11 09:00:00-04:00,2026-04-11 09:15:00-04:00,42.0632,42.3549,no
KXHYPE15M-26APR110900,Target Price: $42.3443,2026-04-11 08:45:00-04:00,2026-04-11 09:00:00-04:00,42.3549,42.3443,yes
KXHYPE15M-26APR110845,Target Price: $42.3451,2026-04-11 08:30:00-04:00,2026-04-11 08:45:00-04:00,42.3443,42.3451,no
KXHYPE15M-26APR110830,Target Price: $42.4305,2026-04-11 08:15:00-04:00,2026-04-11 08:30:00-04:00,42.3451,42.4305,no
KXHYPE15M-26APR110815,Target Price: $42.4058,2026-04-11 08:00:00-04:00,2026-04-11 08:15:00-04:00,42.4305,42.4058,yes
KXHYPE15M-26APR110800,Target Price: $42.3919,2026-04-11 07:45:00-04:00,2026-04-11 08:00:00-04:00,42.4058,42.3919,yes
KXHYPE15M-26APR110745,Target Price: $42.2710,2026-04-11 07:30:00-04:00,2026-04-11 07:45:00-04:00,42.3919,42.271,yes
KXHYPE15M-26APR110730,Target Price: $42.1897,2026-04-11 07:15:00-04:00,2026-04-11 07:30:00-04:00,42.2710,42.1897,yes
KXHYPE15M-26APR110715,Target Price: $42.2541,2026-04-11 07:00:00-04:00,2026-04-11 07:15:00-04:00,42.1897,42.2541,no
KXHYPE15M-26APR110700,Target Price: $42.1948,2026-04-11 06:45:00-04:00,2026-04-11 07:00:00-04:00,42.2541,42.1948,yes
KXHYPE15M-26APR110645,Target Price: $42.3931,2026-04-11 06:30:00-04:00,2026-04-11 06:45:00-04:00,42.1948,42.3931,no
KXHYPE15M-26APR110630,Target Price: $42.3708,2026-04-11 06:15:00-04:00,2026-04-11 06:30:00-04:00,42.3931,42.3708,yes
KXHYPE15M-26APR110615,Target Price: $42.5036,2026-04-11 06:00:00-04:00,2026-04-11 06:15:00-04:00,42.3708,42.5036,no
KXHYPE15M-26APR110600,Target Price: $42.3814,2026-04-11 05:45:00-04:00,2026-04-11 06:00:00-04:00,42.5036,42.3814,yes
KXHYPE15M-26APR110545,Target Price: $42.4018,2026-04-11 05:30:00-04:00,2026-04-11 05:45:00-04:00,42.3814,42.4018,no
KXHYPE15M-26APR110530,Target Price: $42.2749,2026-04-11 05:15:00-04:00,2026-04-11 05:30:00-04:00,42.4018,42.2749,yes
KXHYPE15M-26APR110515,Target Price: $42.2672,2026-04-11 05:00:00-04:00,2026-04-11 05:15:00-04:00,42.2749,42.2672,yes
KXHYPE15M-26APR110500,Target Price: $42.3626,2026-04-11 04:45:00-04:00,2026-04-11 05:00:00-04:00,42.2672,42.3626,no
KXHYPE15M-26APR110445,Target Price: $42.3233,2026-04-11 04:30:00-04:00,2026-04-11 04:45:00-04:00,42.3626,42.3233,yes
KXHYPE15M-26APR110430,Target Price: $42.3218,2026-04-11 04:15:00-04:00,2026-04-11 04:30:00-04:00,42.3233,42.3218,yes
KXHYPE15M-26APR110415,Target Price: $42.5224,2026-04-11 04:00:00-04:00,2026-04-11 04:15:00-04:00,42.3218,42.5224,no
KXHYPE15M-26APR110400,Target Price: $42.5293,2026-04-11 03:45:00-04:00,2026-04-11 04:00:00-04:00,42.5224,42.5293,no
KXHYPE15M-26APR110345,Target Price: $42.1543,2026-04-11 03:30:00-04:00,2026-04-11 03:45:00-04:00,42.5293,42.1543,yes
KXHYPE15M-26APR110330,Target Price: $42.1387,2026-04-11 03:15:00-04:00,2026-04-11 03:30:00-04:00,42.1543,42.1387,yes
KXHYPE15M-26APR110315,Target Price: $42.1810,2026-04-11 03:00:00-04:00,2026-04-11 03:15:00-04:00,42.1387,42.181,no
KXHYPE15M-26APR110300,Target Price: $42.0385,2026-04-11 02:45:00-04:00,2026-04-11 03:00:00-04:00,42.1810,42.0385,yes
KXHYPE15M-26APR110245,Target Price: $41.9034,2026-04-11 02:30:00-04:00,2026-04-11 02:45:00-04:00,42.0385,41.9034,yes
KXHYPE15M-26APR110230,Target Price: $41.8630,2026-04-11 02:15:00-04:00,2026-04-11 02:30:00-04:00,41.9034,41.863,yes
KXHYPE15M-26APR110215,Target Price: $41.8244,2026-04-11 02:00:00-04:00,2026-04-11 02:15:00-04:00,41.8630,41.8244,yes
KXHYPE15M-26APR110200,Target Price: $41.7979,2026-04-11 01:45:00-04:00,2026-04-11 02:00:00-04:00,41.8244,41.7979,yes
KXHYPE15M-26APR110145,Target Price: $41.7515,2026-04-11 01:30:00-04:00,2026-04-11 01:45:00-04:00,41.7979,41.7515,yes
KXHYPE15M-26APR110130,Target Price: $41.6981,2026-04-11 01:15:00-04:00,2026-04-11 01:30:00-04:00,41.7515,41.6981,yes
KXHYPE15M-26APR110115,Target Price: $41.9650,2026-04-11 01:00:00-04:00,2026-04-11 01:15:00-04:00,41.6981,41.965,no
KXHYPE15M-26APR110100,Target Price: $41.9507,2026-04-11 00:45:00-04:00,2026-04-11 01:00:00-04:00,41.9650,41.9507,yes
KXHYPE15M-26APR110045,Target Price: $41.8079,2026-04-11 00:30:00-04:00,2026-04-11 00:45:00-04:00,41.9507,41.8079,yes
KXHYPE15M-26APR110030,Target Price: $41.8033,2026-04-11 00:15:00-04:00,2026-04-11 00:30:00-04:00,41.8079,41.8033,yes
KXHYPE15M-26APR110015,Target Price: $41.8129,2026-04-11 00:00:00-04:00,2026-04-11 00:15:00-04:00,41.8033,41.8129,no
KXHYPE15M-26APR110000,Target Price: $41.8728,2026-04-10 23:45:00-04:00,2026-04-11 00:00:00-04:00,41.8129,41.8728,no
KXHYPE15M-26APR102345,Target Price: $41.8468,2026-04-10 23:30:00-04:00,2026-04-10 23:45:00-04:00,41.8728,41.8468,yes
KXHYPE15M-26APR102330,Target Price: $41.8399,2026-04-10 23:15:00-04:00,2026-04-10 23:30:00-04:00,41.8468,41.8399,yes
KXHYPE15M-26APR102315,Target Price: $41.7728,2026-04-10 23:00:00-04:00,2026-04-10 23:15:00-04:00,41.8399,41.7728,yes
KXHYPE15M-26APR102300,Target Price: $41.7960,2026-04-10 22:45:00-04:00,2026-04-10 23:00:00-04:00,41.7728,41.796,no
KXHYPE15M-26APR102245,Target Price: $41.9007,2026-04-10 22:30:00-04:00,2026-04-10 22:45:00-04:00,41.7960,41.9007,no
KXHYPE15M-26APR102230,Target Price: $41.9539,2026-04-10 22:15:00-04:00,2026-04-10 22:30:00-04:00,41.9007,41.9539,no
KXHYPE15M-26APR102215,Target Price: $42.0773,2026-04-10 22:00:00-04:00,2026-04-10 22:15:00-04:00,41.9539,42.0773,no
KXHYPE15M-26APR102200,Target Price: $41.9047,2026-04-10 21:45:00-04:00,2026-04-10 22:00:00-04:00,42.0773,41.9047,yes
KXHYPE15M-26APR102145,Target Price: $41.7465,2026-04-10 21:30:00-04:00,2026-04-10 21:45:00-04:00,41.9047,41.7465,yes
KXHYPE15M-26APR102130,Target Price: $41.7619,2026-04-10 21:15:00-04:00,2026-04-10 21:30:00-04:00,41.7465,41.7619,no
KXHYPE15M-26APR102115,Target Price: $41.8187,2026-04-10 21:00:00-04:00,2026-04-10 21:15:00-04:00,41.7619,41.8187,no
KXHYPE15M-26APR102100,Target Price: $41.6450,2026-04-10 20:45:00-04:00,2026-04-10 21:00:00-04:00,41.8187,41.645,yes
KXHYPE15M-26APR102045,Target Price: $41.5947,2026-04-10 20:30:00-04:00,2026-04-10 20:45:00-04:00,41.6450,41.5947,yes
KXHYPE15M-26APR102030,Target Price: $41.5305,2026-04-10 20:15:00-04:00,2026-04-10 20:30:00-04:00,41.5947,41.5305,yes
KXHYPE15M-26APR102015,Target Price: $41.6119,2026-04-10 20:00:00-04:00,2026-04-10 20:15:00-04:00,41.5305,41.6119,no
KXHYPE15M-26APR102000,Target Price: $41.6006,2026-04-10 19:45:00-04:00,2026-04-10 20:00:00-04:00,41.6119,41.6006,yes
KXHYPE15M-26APR101945,Target Price: $41.6462,2026-04-10 19:30:00-04:00,2026-04-10 19:45:00-04:00,41.6006,41.6462,no
KXHYPE15M-26APR101930,Target Price: $41.6255,2026-04-10 19:15:00-04:00,2026-04-10 19:30:00-04:00,41.6462,41.6255,yes
KXHYPE15M-26APR101915,Target Price: $41.7462,2026-04-10 19:00:00-04:00,2026-04-10 19:15:00-04:00,41.6255,41.7462,no
KXHYPE15M-26APR101900,Target Price: $41.5275,2026-04-10 18:45:00-04:00,2026-04-10 19:00:00-04:00,41.7462,41.5275,yes
KXHYPE15M-26APR101845,Target Price: $41.5455,2026-04-10 18:30:00-04:00,2026-04-10 18:45:00-04:00,41.5275,41.5455,no
KXHYPE15M-26APR101830,Target Price: $41.6136,2026-04-10 18:15:00-04:00,2026-04-10 18:30:00-04:00,41.5455,41.6136,no
KXHYPE15M-26APR101815,Target Price: $41.6267,2026-04-10 18:00:00-04:00,2026-04-10 18:15:00-04:00,41.6136,41.6267,no
KXHYPE15M-26APR101800,Target Price: $41.5688,2026-04-10 17:45:00-04:00,2026-04-10 18:00:00-04:00,41.6267,41.5688,yes
KXHYPE15M-26APR101745,Target Price: $41.6364,2026-04-10 17:30:00-04:00,2026-04-10 17:45:00-04:00,41.5688,41.6364,no
KXHYPE15M-26APR101730,Target Price: $41.3829,2026-04-10 17:15:00-04:00,2026-04-10 17:30:00-04:00,41.6364,41.3829,yes
KXHYPE15M-26APR101715,Target Price: $41.5975,2026-04-10 17:00:00-04:00,2026-04-10 17:15:00-04:00,41.3829,41.5975,no
KXHYPE15M-26APR101700,Target Price: $41.4987,2026-04-10 16:45:00-04:00,2026-04-10 17:00:00-04:00,41.5975,41.4987,yes
KXHYPE15M-26APR101645,Target Price: $41.7302,2026-04-10 16:30:00-04:00,2026-04-10 16:45:00-04:00,41.4987,41.7302,no
KXHYPE15M-26APR101630,Target Price: $41.7678,2026-04-10 16:15:00-04:00,2026-04-10 16:30:00-04:00,41.7302,41.7678,no
KXHYPE15M-26APR101615,Target Price: $41.6934,2026-04-10 16:00:00-04:00,2026-04-10 16:15:00-04:00,41.7678,41.6934,yes
KXHYPE15M-26APR101600,Target Price: $41.7332,2026-04-10 15:45:00-04:00,2026-04-10 16:00:00-04:00,41.6934,41.7332,no
KXHYPE15M-26APR101545,Target Price: $41.7912,2026-04-10 15:30:00-04:00,2026-04-10 15:45:00-04:00,41.7332,41.7912,no
KXHYPE15M-26APR101530,Target Price: $41.9567,2026-04-10 15:15:00-04:00,2026-04-10 15:30:00-04:00,41.7912,41.9567,no
KXHYPE15M-26APR101515,Target Price: $41.9522,2026-04-10 15:00:00-04:00,2026-04-10 15:15:00-04:00,41.9567,41.9522,yes
KXHYPE15M-26APR101500,Target Price: $42.0493,2026-04-10 14:45:00-04:00,2026-04-10 15:00:00-04:00,41.9522,42.0493,no
KXHYPE15M-26APR101445,Target Price: $42.0978,2026-04-10 14:30:00-04:00,2026-04-10 14:45:00-04:00,42.0493,42.0978,no
KXHYPE15M-26APR101430,Target Price: $42.2026,2026-04-10 14:15:00-04:00,2026-04-10 14:30:00-04:00,42.0978,42.2026,no
KXHYPE15M-26APR101415,Target Price: $42.2018,2026-04-10 14:00:00-04:00,2026-04-10 14:15:00-04:00,42.2026,42.2018,yes
KXHYPE15M-26APR101400,Target Price: $42.1780,2026-04-10 13:45:00-04:00,2026-04-10 14:00:00-04:00,42.2018,42.178,yes
KXHYPE15M-26APR101345,Target Price: $42.1673,2026-04-10 13:30:00-04:00,2026-04-10 13:45:00-04:00,42.1780,42.1673,yes
KXHYPE15M-26APR101330,Target Price: $42.0717,2026-04-10 13:15:00-04:00,2026-04-10 13:30:00-04:00,42.1673,42.0717,yes
KXHYPE15M-26APR101315,Target Price: $42.0866,2026-04-10 13:00:00-04:00,2026-04-10 13:15:00-04:00,42.0717,42.0866,no
KXHYPE15M-26APR101300,Target Price: $41.9381,2026-04-10 12:45:00-04:00,2026-04-10 13:00:00-04:00,42.0866,41.9381,yes
KXHYPE15M-26APR101245,Target Price: $42.0500,2026-04-10 12:30:00-04:00,2026-04-10 12:45:00-04:00,41.9381,42.05,no
KXHYPE15M-26APR101230,Target Price: $42.1938,2026-04-10 12:15:00-04:00,2026-04-10 12:30:00-04:00,42.0500,42.1938,no
KXHYPE15M-26APR101215,Target Price: $41.7130,2026-04-10 12:00:00-04:00,2026-04-10 12:15:00-04:00,42.1938,41.713,yes
KXHYPE15M-26APR101200,Target Price: $41.7981,2026-04-10 11:45:00-04:00,2026-04-10 12:00:00-04:00,41.7130,41.7981,no
KXHYPE15M-26APR101145,Target Price: $41.9165,2026-04-10 11:30:00-04:00,2026-04-10 11:45:00-04:00,41.7981,41.9165,no
KXHYPE15M-26APR101130,Target Price: $42.1319,2026-04-10 11:15:00-04:00,2026-04-10 11:30:00-04:00,41.9165,42.1319,no
KXHYPE15M-26APR101115,Target Price: $42.0002,2026-04-10 11:00:00-04:00,2026-04-10 11:15:00-04:00,42.1319,42.0002,yes
KXHYPE15M-26APR101100,Target Price: $42.0411,2026-04-10 10:45:00-04:00,2026-04-10 11:00:00-04:00,42.0002,42.0411,no
KXHYPE15M-26APR101045,Target Price: $41.9191,2026-04-10 10:30:00-04:00,2026-04-10 10:45:00-04:00,42.0411,41.9191,yes
KXHYPE15M-26APR101030,Target Price: $41.8795,2026-04-10 10:15:00-04:00,2026-04-10 10:30:00-04:00,41.9191,41.8795,yes
KXHYPE15M-26APR101015,Target Price: $41.5282,2026-04-10 10:00:00-04:00,2026-04-10 10:15:00-04:00,41.8795,41.5282,yes
KXHYPE15M-26APR101000,Target Price: $41.3765,2026-04-10 09:45:00-04:00,2026-04-10 10:00:00-04:00,41.5282,41.3765,yes
KXHYPE15M-26APR100945,Target Price: $41.4701,2026-04-10 09:30:00-04:00,2026-04-10 09:45:00-04:00,41.3765,41.4701,no
KXHYPE15M-26APR100930,Target Price: $41.3421,2026-04-10 09:15:00-04:00,2026-04-10 09:30:00-04:00,41.4701,41.3421,yes
KXHYPE15M-26APR100915,Target Price: $41.1905,2026-04-10 09:00:00-04:00,2026-04-10 09:15:00-04:00,41.3421,41.1905,yes
KXHYPE15M-26APR100900,Target Price: $41.3863,2026-04-10 08:45:00-04:00,2026-04-10 09:00:00-04:00,41.1905,41.3863,no
KXHYPE15M-26APR100845,Target Price: $41.1724,2026-04-10 08:30:00-04:00,2026-04-10 08:45:00-04:00,41.3863,41.1724,yes
KXHYPE15M-26APR100830,Target Price: $41.1746,2026-04-10 08:15:00-04:00,2026-04-10 08:30:00-04:00,41.1724,41.1746,no
KXHYPE15M-26APR100815,Target Price: $41.1587,2026-04-10 08:00:00-04:00,2026-04-10 08:15:00-04:00,41.1746,41.1587,yes
KXHYPE15M-26APR100800,Target Price: $41.0788,2026-04-10 07:45:00-04:00,2026-04-10 08:00:00-04:00,41.1587,41.0788,yes
KXHYPE15M-26APR100745,Target Price: $41.1359,2026-04-10 07:30:00-04:00,2026-04-10 07:45:00-04:00,41.0788,41.1359,no
KXHYPE15M-26APR100730,Target Price: $40.9885,2026-04-10 07:15:00-04:00,2026-04-10 07:30:00-04:00,41.1359,40.9885,yes
KXHYPE15M-26APR100715,Target Price: $40.9005,2026-04-10 07:00:00-04:00,2026-04-10 07:15:00-04:00,40.9885,40.9005,yes
KXHYPE15M-26APR100700,Target Price: $40.8628,2026-04-10 06:45:00-04:00,2026-04-10 07:00:00-04:00,40.9005,40.8628,yes
KXHYPE15M-26APR100645,Target Price: $40.8979,2026-04-10 06:30:00-04:00,2026-04-10 06:45:00-04:00,40.8628,40.8979,no
KXHYPE15M-26APR100630,Target Price: $40.8824,2026-04-10 06:15:00-04:00,2026-04-10 06:30:00-04:00,40.8979,40.8824,yes
KXHYPE15M-26APR100615,Target Price: $40.9466,2026-04-10 06:00:00-04:00,2026-04-10 06:15:00-04:00,40.8824,40.9466,no
KXHYPE15M-26APR100600,Target Price: $40.7987,2026-04-10 05:45:00-04:00,2026-04-10 06:00:00-04:00,40.9466,40.7987,yes
KXHYPE15M-26APR100545,Target Price: $40.7264,2026-04-10 05:30:00-04:00,2026-04-10 05:45:00-04:00,40.7987,40.7264,yes
KXHYPE15M-26APR100530,Target Price: $40.6234,2026-04-10 05:15:00-04:00,2026-04-10 05:30:00-04:00,40.7264,40.6234,yes
KXHYPE15M-26APR100515,Target Price: $40.4346,2026-04-10 05:00:00-04:00,2026-04-10 05:15:00-04:00,40.6234,40.4346,yes
KXHYPE15M-26APR100500,Target Price: $40.3441,2026-04-10 04:45:00-04:00,2026-04-10 05:00:00-04:00,40.4346,40.3441,yes
KXHYPE15M-26APR100445,Target Price: $40.1082,2026-04-10 04:30:00-04:00,2026-04-10 04:45:00-04:00,40.3441,40.1082,yes
KXHYPE15M-26APR100430,Target Price: $40.1644,2026-04-10 04:15:00-04:00,2026-04-10 04:30:00-04:00,40.1082,40.1644,no
KXHYPE15M-26APR100415,Target Price: $40.0378,2026-04-10 04:00:00-04:00,2026-04-10 04:15:00-04:00,40.1644,40.0378,yes
KXHYPE15M-26APR100400,Target Price: $40.2598,2026-04-10 03:45:00-04:00,2026-04-10 04:00:00-04:00,40.0378,40.2598,no
KXHYPE15M-26APR100345,Target Price: $40.4555,2026-04-10 03:30:00-04:00,2026-04-10 03:45:00-04:00,40.2598,40.4555,no
KXHYPE15M-26APR100330,Target Price: $40.2919,2026-04-10 03:15:00-04:00,2026-04-10 03:30:00-04:00,40.4555,40.2919,yes
KXHYPE15M-26APR100315,Target Price: $40.3232,2026-04-10 03:00:00-04:00,2026-04-10 03:15:00-04:00,40.2919,40.3232,no
KXHYPE15M-26APR100300,Target Price: $40.2218,2026-04-10 02:45:00-04:00,2026-04-10 03:00:00-04:00,40.3232,40.2218,yes
KXHYPE15M-26APR100245,Target Price: $40.3918,2026-04-10 02:30:00-04:00,2026-04-10 02:45:00-04:00,40.2218,40.3918,no
KXHYPE15M-26APR100230,Target Price: $40.4518,2026-04-10 02:15:00-04:00,2026-04-10 02:30:00-04:00,40.3918,40.4518,no
KXHYPE15M-26APR100215,Target Price: $40.4985,2026-04-10 02:00:00-04:00,2026-04-10 02:15:00-04:00,40.4518,40.4985,no
KXHYPE15M-26APR100200,Target Price: $40.5424,2026-04-10 01:45:00-04:00,2026-04-10 02:00:00-04:00,40.4985,40.5424,no
KXHYPE15M-26APR100145,Target Price: $40.6636,2026-04-10 01:30:00-04:00,2026-04-10 01:45:00-04:00,40.5424,40.6636,no
KXHYPE15M-26APR100130,Target Price: $40.5946,2026-04-10 01:15:00-04:00,2026-04-10 01:30:00-04:00,40.6636,40.5946,yes
KXHYPE15M-26APR100115,Target Price: $40.7293,2026-04-10 01:00:00-04:00,2026-04-10 01:15:00-04:00,40.5946,40.7293,no
KXHYPE15M-26APR100100,Target Price: $40.6238,2026-04-10 00:45:00-04:00,2026-04-10 01:00:00-04:00,40.7293,40.6238,yes
KXHYPE15M-26APR100045,Target Price: $40.5638,2026-04-10 00:30:00-04:00,2026-04-10 00:45:00-04:00,40.6238,40.5638,yes
KXHYPE15M-26APR100030,Target Price: $40.3474,2026-04-10 00:15:00-04:00,2026-04-10 00:30:00-04:00,40.5638,40.3474,yes
KXHYPE15M-26APR100015,Target Price: $40.1779,2026-04-10 00:00:00-04:00,2026-04-10 00:15:00-04:00,40.3474,40.1779,yes
KXHYPE15M-26APR100000,Target Price: $40.3171,2026-04-09 23:45:00-04:00,2026-04-10 00:00:00-04:00,40.1779,40.3171,no
KXHYPE15M-26APR092345,Target Price: $40.2086,2026-04-09 23:30:00-04:00,2026-04-09 23:45:00-04:00,40.3171,40.2086,yes
KXHYPE15M-26APR092330,Target Price: $40.3462,2026-04-09 23:15:00-04:00,2026-04-09 23:30:00-04:00,40.2086,40.3462,no
KXHYPE15M-26APR092315,Target Price: $40.3444,2026-04-09 23:00:00-04:00,2026-04-09 23:15:00-04:00,40.3462,40.3444,yes
KXHYPE15M-26APR092300,Target Price: $40.2948,2026-04-09 22:45:00-04:00,2026-04-09 23:00:00-04:00,40.3444,40.2948,yes
KXHYPE15M-26APR092245,Target Price: $40.6512,2026-04-09 22:30:00-04:00,2026-04-09 22:45:00-04:00,40.2948,40.6512,no
KXHYPE15M-26APR092230,Target Price: $40.7601,2026-04-09 22:15:00-04:00,2026-04-09 22:30:00-04:00,40.6512,40.7601,no
KXHYPE15M-26APR092215,Target Price: $40.5619,2026-04-09 22:00:00-04:00,2026-04-09 22:15:00-04:00,40.7601,40.5619,yes
KXHYPE15M-26APR092200,Target Price: $40.1423,2026-04-09 21:45:00-04:00,2026-04-09 22:00:00-04:00,40.5619,40.1423,yes
KXHYPE15M-26APR092145,Target Price: $39.7920,2026-04-09 21:30:00-04:00,2026-04-09 21:45:00-04:00,40.1423,39.792,yes
KXHYPE15M-26APR092130,Target Price: $39.8823,2026-04-09 21:15:00-04:00,2026-04-09 21:30:00-04:00,39.7920,39.8823,no
KXHYPE15M-26APR092115,Target Price: $39.8628,2026-04-09 21:00:00-04:00,2026-04-09 21:15:00-04:00,39.8823,39.8628,yes
KXHYPE15M-26APR092100,Target Price: $39.9573,2026-04-09 20:45:00-04:00,2026-04-09 21:00:00-04:00,39.8628,39.9573,no
KXHYPE15M-26APR092045,Target Price: $39.8711,2026-04-09 20:30:00-04:00,2026-04-09 20:45:00-04:00,39.9573,39.8711,yes
KXHYPE15M-26APR092030,Target Price: $39.6365,2026-04-09 20:15:00-04:00,2026-04-09 20:30:00-04:00,39.8711,39.6365,yes
KXHYPE15M-26APR092015,Target Price: $39.4607,2026-04-09 20:00:00-04:00,2026-04-09 20:15:00-04:00,39.6365,39.4607,yes
KXHYPE15M-26APR092000,Target Price: $39.4658,2026-04-09 19:45:00-04:00,2026-04-09 20:00:00-04:00,39.4607,39.4658,no
KXHYPE15M-26APR091945,Target Price: $39.4883,2026-04-09 19:30:00-04:00,2026-04-09 19:45:00-04:00,39.4658,39.4883,no
KXHYPE15M-26APR091930,Target Price: $39.5684,2026-04-09 19:15:00-04:00,2026-04-09 19:30:00-04:00,39.4883,39.5684,no
KXHYPE15M-26APR091915,Target Price: $39.5792,2026-04-09 19:00:00-04:00,2026-04-09 19:15:00-04:00,39.5684,39.5792,no
KXHYPE15M-26APR091900,Target Price: $39.7944,2026-04-09 18:45:00-04:00,2026-04-09 19:00:00-04:00,39.5792,39.7944,no
KXHYPE15M-26APR091845,Target Price: $40.1014,2026-04-09 18:30:00-04:00,2026-04-09 18:45:00-04:00,39.7944,40.1014,no
KXHYPE15M-26APR091830,Target Price: $40.0155,2026-04-09 18:15:00-04:00,2026-04-09 18:30:00-04:00,40.1014,40.0155,yes
KXHYPE15M-26APR091815,Target Price: $39.9679,2026-04-09 18:00:00-04:00,2026-04-09 18:15:00-04:00,40.0155,39.9679,yes
KXHYPE15M-26APR091800,Target Price: $39.9643,2026-04-09 17:45:00-04:00,2026-04-09 18:00:00-04:00,39.9679,39.9643,yes
KXHYPE15M-26APR091745,Target Price: $39.8642,2026-04-09 17:30:00-04:00,2026-04-09 17:45:00-04:00,39.9643,39.8642,yes
KXHYPE15M-26APR091730,Target Price: $39.9621,2026-04-09 17:15:00-04:00,2026-04-09 17:30:00-04:00,39.8642,39.9621,no
KXHYPE15M-26APR091715,Target Price: $40.1236,2026-04-09 17:00:00-04:00,2026-04-09 17:15:00-04:00,39.9621,40.1236,no
KXHYPE15M-26APR091700,Target Price: $40.2395,2026-04-09 16:45:00-04:00,2026-04-09 17:00:00-04:00,40.1236,40.2395,no
KXHYPE15M-26APR091645,Target Price: $40.1659,2026-04-09 16:30:00-04:00,2026-04-09 16:45:00-04:00,40.2395,40.1659,yes
KXHYPE15M-26APR091630,Target Price: $39.9644,2026-04-09 16:15:00-04:00,2026-04-09 16:30:00-04:00,40.1659,39.9644,yes
KXHYPE15M-26APR091615,Target Price: $40.0435,2026-04-09 16:00:00-04:00,2026-04-09 16:15:00-04:00,39.9644,40.0435,no
KXHYPE15M-26APR091600,Target Price: $40.1838,2026-04-09 15:45:00-04:00,2026-04-09 16:00:00-04:00,40.0435,40.1838,no
KXHYPE15M-26APR091545,Target Price: $40.0071,2026-04-09 15:30:00-04:00,2026-04-09 15:45:00-04:00,40.1838,40.0071,yes
KXHYPE15M-26APR091530,Target Price: $40.1703,2026-04-09 15:15:00-04:00,2026-04-09 15:30:00-04:00,40.0071,40.1703,no
KXHYPE15M-26APR091515,Target Price: $39.9969,2026-04-09 15:00:00-04:00,2026-04-09 15:15:00-04:00,40.1703,39.9969,yes
KXHYPE15M-26APR091500,Target Price: $39.8932,2026-04-09 14:45:00-04:00,2026-04-09 15:00:00-04:00,39.9969,39.8932,yes
KXHYPE15M-26APR091445,Target Price: $39.9008,2026-04-09 14:30:00-04:00,2026-04-09 14:45:00-04:00,39.8932,39.9008,no
KXHYPE15M-26APR091430,Target Price: $39.7203,2026-04-09 14:15:00-04:00,2026-04-09 14:30:00-04:00,39.9008,39.7203,yes
KXHYPE15M-26APR091415,Target Price: $40.1522,2026-04-09 14:00:00-04:00,2026-04-09 14:15:00-04:00,39.7203,40.1522,no
KXHYPE15M-26APR091400,Target Price: $39.8668,2026-04-09 13:45:00-04:00,2026-04-09 14:00:00-04:00,40.1522,39.8668,yes
KXHYPE15M-26APR091345,Target Price: $39.8297,2026-04-09 13:30:00-04:00,2026-04-09 13:45:00-04:00,39.8668,39.8297,yes
KXHYPE15M-26APR091330,Target Price: $39.8519,2026-04-09 13:15:00-04:00,2026-04-09 13:30:00-04:00,39.8297,39.8519,no
KXHYPE15M-26APR091315,Target Price: $39.5531,2026-04-09 13:00:00-04:00,2026-04-09 13:15:00-04:00,39.8519,39.5531,yes
KXHYPE15M-26APR091300,Target Price: $39.5389,2026-04-09 12:45:00-04:00,2026-04-09 13:00:00-04:00,39.5531,39.5389,yes
KXHYPE15M-26APR091245,Target Price: $39.6899,2026-04-09 12:30:00-04:00,2026-04-09 12:45:00-04:00,39.5389,39.6899,no
KXHYPE15M-26APR091230,Target Price: $39.5900,2026-04-09 12:15:00-04:00,2026-04-09 12:30:00-04:00,39.6899,39.59,yes
KXHYPE15M-26APR091215,Target Price: $39.5573,2026-04-09 12:00:00-04:00,2026-04-09 12:15:00-04:00,39.5900,39.5573,yes
KXHYPE15M-26APR091200,Target Price: $39.6868,2026-04-09 11:45:00-04:00,2026-04-09 12:00:00-04:00,39.5573,39.6868,no
KXHYPE15M-26APR091145,Target Price: $39.3851,2026-04-09 11:30:00-04:00,2026-04-09 11:45:00-04:00,39.6868,39.3851,yes
KXHYPE15M-26APR091130,Target Price: $39.3938,2026-04-09 11:15:00-04:00,2026-04-09 11:30:00-04:00,39.3851,39.3938,no
KXHYPE15M-26APR091115,Target Price: $39.3314,2026-04-09 11:00:00-04:00,2026-04-09 11:15:00-04:00,39.3938,39.3314,yes
KXHYPE15M-26APR091100,Target Price: $39.1380,2026-04-09 10:45:00-04:00,2026-04-09 11:00:00-04:00,39.3314,39.138,yes
KXHYPE15M-26APR091045,Target Price: $38.8558,2026-04-09 10:30:00-04:00,2026-04-09 10:45:00-04:00,39.1380,38.8558,yes
KXHYPE15M-26APR091030,Target Price: $38.9660,2026-04-09 10:15:00-04:00,2026-04-09 10:30:00-04:00,38.8558,38.966,no
KXHYPE15M-26APR091015,Target Price: $38.9537,2026-04-09 10:00:00-04:00,2026-04-09 10:15:00-04:00,38.9660,38.9537,yes
KXHYPE15M-26APR091000,Target Price: $39.0020,2026-04-09 09:45:00-04:00,2026-04-09 10:00:00-04:00,38.9537,39.002,no
KXHYPE15M-26APR090945,Target Price: $39.0833,2026-04-09 09:30:00-04:00,2026-04-09 09:45:00-04:00,39.0020,39.0833,no
KXHYPE15M-26APR090930,Target Price: $39.0167,2026-04-09 09:15:00-04:00,2026-04-09 09:30:00-04:00,39.0833,39.0167,yes
KXHYPE15M-26APR090915,Target Price: $39.1887,2026-04-09 09:00:00-04:00,2026-04-09 09:15:00-04:00,39.0167,39.1887,no
KXHYPE15M-26APR090900,Target Price: $39.0952,2026-04-09 08:45:00-04:00,2026-04-09 09:00:00-04:00,39.1887,39.0952,yes
KXHYPE15M-26APR090845,Target Price: $39.0099,2026-04-09 08:30:00-04:00,2026-04-09 08:45:00-04:00,39.0952,39.0099,yes
KXHYPE15M-26APR090830,Target Price: $39.0884,2026-04-09 08:15:00-04:00,2026-04-09 08:30:00-04:00,39.0099,39.0884,no
KXHYPE15M-26APR090815,Target Price: $38.8398,2026-04-09 08:00:00-04:00,2026-04-09 08:15:00-04:00,39.0884,38.8398,yes
KXHYPE15M-26APR090800,Target Price: $38.8766,2026-04-09 07:45:00-04:00,2026-04-09 08:00:00-04:00,38.8398,38.8766,no
KXHYPE15M-26APR090745,Target Price: $38.7846,2026-04-09 07:30:00-04:00,2026-04-09 07:45:00-04:00,38.8766,38.7846,yes
KXHYPE15M-26APR090730,Target Price: $38.9109,2026-04-09 07:15:00-04:00,2026-04-09 07:30:00-04:00,38.7846,38.9109,no
KXHYPE15M-26APR090715,Target Price: $39.0947,2026-04-09 07:00:00-04:00,2026-04-09 07:15:00-04:00,38.9109,39.0947,no
KXHYPE15M-26APR090700,Target Price: $39.2560,2026-04-09 06:45:00-04:00,2026-04-09 07:00:00-04:00,39.0947,39.256,no
KXHYPE15M-26APR090645,Target Price: $39.1994,2026-04-09 06:30:00-04:00,2026-04-09 06:45:00-04:00,39.2560,39.1994,yes
KXHYPE15M-26APR090630,Target Price: $39.2008,2026-04-09 06:15:00-04:00,2026-04-09 06:30:00-04:00,39.1994,39.2008,no
KXHYPE15M-26APR090615,Target Price: $39.1580,2026-04-09 06:00:00-04:00,2026-04-09 06:15:00-04:00,39.2008,39.158,yes
KXHYPE15M-26APR090600,Target Price: $39.1827,2026-04-09 05:45:00-04:00,2026-04-09 06:00:00-04:00,39.1580,39.1827,no
KXHYPE15M-26APR090545,Target Price: $39.1812,2026-04-09 05:30:00-04:00,2026-04-09 05:45:00-04:00,39.1827,39.1812,yes
KXHYPE15M-26APR090530,Target Price: $39.2718,2026-04-09 05:15:00-04:00,2026-04-09 05:30:00-04:00,39.1812,39.2718,no
KXHYPE15M-26APR090515,Target Price: $39.1193,2026-04-09 05:00:00-04:00,2026-04-09 05:15:00-04:00,39.2718,39.1193,yes
KXHYPE15M-26APR090200,Target Price: $38.6158,2026-04-09 01:45:00-04:00,2026-04-09 02:00:00-04:00,38.6430,38.6158,yes
KXHYPE15M-26APR090145,Target Price: $38.4947,2026-04-09 01:30:00-04:00,2026-04-09 01:45:00-04:00,38.6158,38.4947,yes
KXHYPE15M-26APR090130,Target Price: $38.3825,2026-04-09 01:15:00-04:00,2026-04-09 01:30:00-04:00,38.4947,38.3825,yes
KXHYPE15M-26APR090115,Target Price: $38.4401,2026-04-09 01:00:00-04:00,2026-04-09 01:15:00-04:00,38.3825,38.4401,no
KXHYPE15M-26APR090100,Target Price: $38.5870,2026-04-09 00:45:00-04:00,2026-04-09 01:00:00-04:00,38.4401,38.587,no
KXHYPE15M-26APR090045,Target Price: $38.5617,2026-04-09 00:30:00-04:00,2026-04-09 00:45:00-04:00,38.5870,38.5617,yes
KXHYPE15M-26APR090030,Target Price: $38.6842,2026-04-09 00:15:00-04:00,2026-04-09 00:30:00-04:00,38.5617,38.6842,no
KXHYPE15M-26APR090015,Target Price: $38.6899,2026-04-09 00:00:00-04:00,2026-04-09 00:15:00-04:00,38.6842,38.6899,no
KXHYPE15M-26APR090000,Target Price: $38.4729,2026-04-08 23:45:00-04:00,2026-04-09 00:00:00-04:00,38.6899,38.4729,yes
KXHYPE15M-26APR082345,Target Price: $38.4089,2026-04-08 23:30:00-04:00,2026-04-08 23:45:00-04:00,38.4729,38.4089,yes
KXHYPE15M-26APR082330,Target Price: $38.4992,2026-04-08 23:15:00-04:00,2026-04-08 23:30:00-04:00,38.4089,38.4992,no
KXHYPE15M-26APR082315,Target Price: $38.6245,2026-04-08 23:00:00-04:00,2026-04-08 23:15:00-04:00,38.4992,38.6245,no
KXHYPE15M-26APR082300,Target Price: $38.4627,2026-04-08 22:45:00-04:00,2026-04-08 23:00:00-04:00,38.6245,38.4627,yes
KXHYPE15M-26APR082245,Target Price: $38.4239,2026-04-08 22:30:00-04:00,2026-04-08 22:45:00-04:00,38.4627,38.4239,yes
KXHYPE15M-26APR082230,Target Price: $38.3299,2026-04-08 22:15:00-04:00,2026-04-08 22:30:00-04:00,38.4239,38.3299,yes
KXHYPE15M-26APR082215,Target Price: $38.4402,2026-04-08 22:00:00-04:00,2026-04-08 22:15:00-04:00,38.3299,38.4402,no
KXHYPE15M-26APR082200,Target Price: $38.2799,2026-04-08 21:45:00-04:00,2026-04-08 22:00:00-04:00,38.4402,38.2799,yes
KXHYPE15M-26APR082145,Target Price: $38.2931,2026-04-08 21:30:00-04:00,2026-04-08 21:45:00-04:00,38.2799,38.2931,no
KXHYPE15M-26APR082130,Target Price: $38.4124,2026-04-08 21:15:00-04:00,2026-04-08 21:30:00-04:00,38.2931,38.4124,no
KXHYPE15M-26APR082115,Target Price: $38.2357,2026-04-08 21:00:00-04:00,2026-04-08 21:15:00-04:00,38.4124,38.2357,yes
KXHYPE15M-26APR082100,Target Price: $38.2862,2026-04-08 20:45:00-04:00,2026-04-08 21:00:00-04:00,38.2357,38.2862,no
KXHYPE15M-26APR082045,Target Price: $38.3657,2026-04-08 20:30:00-04:00,2026-04-08 20:45:00-04:00,38.2862,38.3657,no
KXHYPE15M-26APR082030,Target Price: $38.6360,2026-04-08 20:15:00-04:00,2026-04-08 20:30:00-04:00,38.3657,38.636,no
KXHYPE15M-26APR082015,Target Price: $38.7901,2026-04-08 20:00:00-04:00,2026-04-08 20:15:00-04:00,38.6360,38.7901,no
KXHYPE15M-26APR082000,Target Price: $38.6624,2026-04-08 19:45:00-04:00,2026-04-08 20:00:00-04:00,38.7901,38.6624,yes
KXHYPE15M-26APR081945,Target Price: $38.6653,2026-04-08 19:30:00-04:00,2026-04-08 19:45:00-04:00,38.6624,38.6653,no
KXHYPE15M-26APR081930,Target Price: $38.7401,2026-04-08 19:15:00-04:00,2026-04-08 19:30:00-04:00,38.6653,38.7401,no
KXHYPE15M-26APR081915,Target Price: $38.7878,2026-04-08 19:00:00-04:00,2026-04-08 19:15:00-04:00,38.7401,38.7878,no
KXHYPE15M-26APR081900,Target Price: $39.0151,2026-04-08 18:45:00-04:00,2026-04-08 19:00:00-04:00,38.7878,39.0151,no
KXHYPE15M-26APR081845,Target Price: $38.9358,2026-04-08 18:30:00-04:00,2026-04-08 18:45:00-04:00,39.0151,38.9358,yes
KXHYPE15M-26APR081830,Target Price: $39.2640,2026-04-08 18:15:00-04:00,2026-04-08 18:30:00-04:00,38.9358,39.264,no
KXHYPE15M-26APR081815,Target Price: $39.5383,2026-04-08 18:00:00-04:00,2026-04-08 18:15:00-04:00,39.2640,39.5383,no
KXHYPE15M-26APR081800,Target Price: $39.3531,2026-04-08 17:45:00-04:00,2026-04-08 18:00:00-04:00,39.5383,39.3531,yes
KXHYPE15M-26APR081745,Target Price: $39.3376,2026-04-08 17:30:00-04:00,2026-04-08 17:45:00-04:00,39.3531,39.3376,yes
KXHYPE15M-26APR081730,Target Price: $39.0204,2026-04-08 17:15:00-04:00,2026-04-08 17:30:00-04:00,39.3376,39.0204,yes
KXHYPE15M-26APR081715,Target Price: $38.2154,2026-04-08 17:00:00-04:00,2026-04-08 17:15:00-04:00,39.0204,38.2154,yes
KXHYPE15M-26APR081700,Target Price: $37.9727,2026-04-08 16:45:00-04:00,2026-04-08 17:00:00-04:00,38.2154,37.9727,yes
KXHYPE15M-26APR081645,Target Price: $38.0612,2026-04-08 16:30:00-04:00,2026-04-08 16:45:00-04:00,37.9727,38.0612,no
KXHYPE15M-26APR081630,Target Price: $38.1721,2026-04-08 16:15:00-04:00,2026-04-08 16:30:00-04:00,38.0612,38.1721,no
KXHYPE15M-26APR081615,Target Price: $38.0709,2026-04-08 16:00:00-04:00,2026-04-08 16:15:00-04:00,38.1721,38.0709,yes
KXHYPE15M-26APR081600,Target Price: $37.9174,2026-04-08 15:45:00-04:00,2026-04-08 16:00:00-04:00,38.0709,37.9174,yes
KXHYPE15M-26APR081545,Target Price: $37.7938,2026-04-08 15:30:00-04:00,2026-04-08 15:45:00-04:00,37.9174,37.7938,yes
KXHYPE15M-26APR081530,Target Price: $37.9364,2026-04-08 15:15:00-04:00,2026-04-08 15:30:00-04:00,37.7938,37.9364,no
KXHYPE15M-26APR081515,Target Price: $37.8018,2026-04-08 15:00:00-04:00,2026-04-08 15:15:00-04:00,37.9364,37.8018,yes
KXHYPE15M-26APR081500,Target Price: $38.0029,2026-04-08 14:45:00-04:00,2026-04-08 15:00:00-04:00,37.8018,38.0029,no
KXHYPE15M-26APR081445,Target Price: $38.1759,2026-04-08 14:30:00-04:00,2026-04-08 14:45:00-04:00,38.0029,38.1759,no
KXHYPE15M-26APR081430,Target Price: $38.4359,2026-04-08 14:15:00-04:00,2026-04-08 14:30:00-04:00,38.1759,38.4359,no
KXHYPE15M-26APR081415,Target Price: $38.6359,2026-04-08 14:00:00-04:00,2026-04-08 14:15:00-04:00,38.4359,38.6359,no
KXHYPE15M-26APR081400,Target Price: $38.7943,2026-04-08 13:45:00-04:00,2026-04-08 14:00:00-04:00,38.6359,38.7943,no
KXHYPE15M-26APR081345,Target Price: $38.6774,2026-04-08 13:30:00-04:00,2026-04-08 13:45:00-04:00,38.7943,38.6774,yes
KXHYPE15M-26APR081330,Target Price: $38.8201,2026-04-08 13:15:00-04:00,2026-04-08 13:30:00-04:00,38.6774,38.8201,no
KXHYPE15M-26APR081315,Target Price: $38.6425,2026-04-08 13:00:00-04:00,2026-04-08 13:15:00-04:00,38.8201,38.6425,yes
KXHYPE15M-26APR081300,Target Price: $38.5357,2026-04-08 12:45:00-04:00,2026-04-08 13:00:00-04:00,38.6425,38.5357,yes
KXHYPE15M-26APR081245,Target Price: $38.6881,2026-04-08 12:30:00-04:00,2026-04-08 12:45:00-04:00,38.5357,38.6881,no
KXHYPE15M-26APR081230,Target Price: $38.7634,2026-04-08 12:15:00-04:00,2026-04-08 12:30:00-04:00,38.6881,38.7634,no
KXHYPE15M-26APR081215,Target Price: $38.8587,2026-04-08 12:00:00-04:00,2026-04-08 12:15:00-04:00,38.7634,38.8587,no
KXHYPE15M-26APR081200,Target Price: $38.6355,2026-04-08 11:45:00-04:00,2026-04-08 12:00:00-04:00,38.8587,38.6355,yes
KXHYPE15M-26APR081145,Target Price: $38.6527,2026-04-08 11:30:00-04:00,2026-04-08 11:45:00-04:00,38.6355,38.6527,no
KXHYPE15M-26APR081130,Target Price: $38.6988,2026-04-08 11:15:00-04:00,2026-04-08 11:30:00-04:00,38.6527,38.6988,no
KXHYPE15M-26APR081115,Target Price: $38.6161,2026-04-08 11:00:00-04:00,2026-04-08 11:15:00-04:00,38.6988,38.6161,yes
KXHYPE15M-26APR081100,Target Price: $38.7032,2026-04-08 10:45:00-04:00,2026-04-08 11:00:00-04:00,38.6161,38.7032,no
KXHYPE15M-26APR081045,Target Price: $38.9711,2026-04-08 10:30:00-04:00,2026-04-08 10:45:00-04:00,38.7032,38.9711,no
KXHYPE15M-26APR081030,Target Price: $39.0804,2026-04-08 10:15:00-04:00,2026-04-08 10:30:00-04:00,38.9711,39.0804,no
KXHYPE15M-26APR081015,Target Price: $39.2479,2026-04-08 10:00:00-04:00,2026-04-08 10:15:00-04:00,39.0804,39.2479,no
KXHYPE15M-26APR081000,Target Price: $39.3226,2026-04-08 09:45:00-04:00,2026-04-08 10:00:00-04:00,39.2479,39.3226,no
KXHYPE15M-26APR080945,Target Price: $39.7147,2026-04-08 09:30:00-04:00,2026-04-08 09:45:00-04:00,39.3226,39.7147,no
KXHYPE15M-26APR080930,Target Price: $39.6818,2026-04-08 09:15:00-04:00,2026-04-08 09:30:00-04:00,39.7147,39.6818,yes
KXHYPE15M-26APR080915,Target Price: $39.7020,2026-04-08 09:00:00-04:00,2026-04-08 09:15:00-04:00,39.6818,39.702,no
KXHYPE15M-26APR080900,Target Price: $39.6114,2026-04-08 08:45:00-04:00,2026-04-08 09:00:00-04:00,39.7020,39.6114,yes
KXHYPE15M-26APR080845,Target Price: $39.1953,2026-04-08 08:30:00-04:00,2026-04-08 08:45:00-04:00,39.6114,39.1953,yes
KXHYPE15M-26APR080830,Target Price: $39.2848,2026-04-08 08:15:00-04:00,2026-04-08 08:30:00-04:00,39.1953,39.2848,no
KXHYPE15M-26APR080815,Target Price: $39.3026,2026-04-08 08:00:00-04:00,2026-04-08 08:15:00-04:00,39.2848,39.3026,no
KXHYPE15M-26APR080800,Target Price: $39.1561,2026-04-08 07:45:00-04:00,2026-04-08 08:00:00-04:00,39.3026,39.1561,yes
KXHYPE15M-26APR080745,Target Price: $39.3390,2026-04-08 07:30:00-04:00,2026-04-08 07:45:00-04:00,39.1561,39.339,no
KXHYPE15M-26APR080730,Target Price: $39.4231,2026-04-08 07:15:00-04:00,2026-04-08 07:30:00-04:00,39.3390,39.4231,no
KXHYPE15M-26APR080715,Target Price: $39.2490,2026-04-08 07:00:00-04:00,2026-04-08 07:15:00-04:00,39.4231,39.249,yes
KXHYPE15M-26APR080700,Target Price: $39.2749,2026-04-08 06:45:00-04:00,2026-04-08 07:00:00-04:00,39.2490,39.2749,no
KXHYPE15M-26APR080645,Target Price: $39.3565,2026-04-08 06:30:00-04:00,2026-04-08 06:45:00-04:00,39.2749,39.3565,no
KXHYPE15M-26APR080630,Target Price: $39.3620,2026-04-08 06:15:00-04:00,2026-04-08 06:30:00-04:00,39.3565,39.362,no
KXHYPE15M-26APR080615,Target Price: $39.4908,2026-04-08 06:00:00-04:00,2026-04-08 06:15:00-04:00,39.3620,39.4908,no
KXHYPE15M-26APR080600,Target Price: $39.3212,2026-04-08 05:45:00-04:00,2026-04-08 06:00:00-04:00,39.4908,39.3212,yes
KXHYPE15M-26APR080545,Target Price: $39.3678,2026-04-08 05:30:00-04:00,2026-04-08 05:45:00-04:00,39.3212,39.3678,no
KXHYPE15M-26APR080530,Target Price: $39.5331,2026-04-08 05:15:00-04:00,2026-04-08 05:30:00-04:00,39.3678,39.5331,no
KXHYPE15M-26APR080515,Target Price: $39.5111,2026-04-08 05:00:00-04:00,2026-04-08 05:15:00-04:00,39.5331,39.5111,yes
KXHYPE15M-26APR080500,Target Price: $39.3598,2026-04-08 04:45:00-04:00,2026-04-08 05:00:00-04:00,39.5111,39.3598,yes
KXHYPE15M-26APR080445,Target Price: $39.3922,2026-04-08 04:30:00-04:00,2026-04-08 04:45:00-04:00,39.3598,39.3922,no
KXHYPE15M-26APR080430,Target Price: $39.3301,2026-04-08 04:15:00-04:00,2026-04-08 04:30:00-04:00,39.3922,39.3301,yes
KXHYPE15M-26APR080415,Target Price: $39.3445,2026-04-08 04:00:00-04:00,2026-04-08 04:15:00-04:00,39.3301,39.3445,no
KXHYPE15M-26APR080400,Target Price: $39.1102,2026-04-08 03:45:00-04:00,2026-04-08 04:00:00-04:00,39.3445,39.1102,yes
KXHYPE15M-26APR080345,Target Price: $39.0718,2026-04-08 03:30:00-04:00,2026-04-08 03:45:00-04:00,39.1102,39.0718,yes
KXHYPE15M-26APR080330,Target Price: $38.9463,2026-04-08 03:15:00-04:00,2026-04-08 03:30:00-04:00,39.0718,38.9463,yes
KXHYPE15M-26APR080315,Target Price: $39.0071,2026-04-08 03:00:00-04:00,2026-04-08 03:15:00-04:00,38.9463,39.0071,no
KXHYPE15M-26APR080300,Target Price: $39.0681,2026-04-08 02:45:00-04:00,2026-04-08 03:00:00-04:00,39.0071,39.0681,no
KXHYPE15M-26APR080245,Target Price: $39.2361,2026-04-08 02:30:00-04:00,2026-04-08 02:45:00-04:00,39.0681,39.2361,no
KXHYPE15M-26APR080230,Target Price: $39.1529,2026-04-08 02:15:00-04:00,2026-04-08 02:30:00-04:00,39.2361,39.1529,yes
KXHYPE15M-26APR080215,Target Price: $39.0801,2026-04-08 02:00:00-04:00,2026-04-08 02:15:00-04:00,39.1529,39.0801,yes
KXHYPE15M-26APR080200,Target Price: $38.9728,2026-04-08 01:45:00-04:00,2026-04-08 02:00:00-04:00,39.0801,38.9728,yes
KXHYPE15M-26APR080145,Target Price: $39.1745,2026-04-08 01:30:00-04:00,2026-04-08 01:45:00-04:00,38.9728,39.1745,no
KXHYPE15M-26APR080130,Target Price: $39.0398,2026-04-08 01:15:00-04:00,2026-04-08 01:30:00-04:00,39.1745,39.0398,yes
KXHYPE15M-26APR080115,Target Price: $38.8190,2026-04-08 01:00:00-04:00,2026-04-08 01:15:00-04:00,39.0398,38.819,yes
KXHYPE15M-26APR080100,Target Price: $38.6663,2026-04-08 00:45:00-04:00,2026-04-08 01:00:00-04:00,38.8190,38.6663,yes
KXHYPE15M-26APR080045,Target Price: $38.5767,2026-04-08 00:30:00-04:00,2026-04-08 00:45:00-04:00,38.6663,38.5767,yes
KXHYPE15M-26APR080030,Target Price: $38.3515,2026-04-08 00:15:00-04:00,2026-04-08 00:30:00-04:00,38.5767,38.3515,yes
KXHYPE15M-26APR080015,Target Price: $38.2765,2026-04-08 00:00:00-04:00,2026-04-08 00:15:00-04:00,38.3515,38.2765,yes
KXHYPE15M-26APR080000,Target Price: $38.3202,2026-04-07 23:45:00-04:00,2026-04-08 00:00:00-04:00,38.2765,38.3202,no
KXHYPE15M-26APR072345,Target Price: $38.3912,2026-04-07 23:30:00-04:00,2026-04-07 23:45:00-04:00,38.3202,38.3912,no
KXHYPE15M-26APR072330,Target Price: $38.5304,2026-04-07 23:15:00-04:00,2026-04-07 23:30:00-04:00,38.3912,38.5304,no
KXHYPE15M-26APR072315,Target Price: $38.5775,2026-04-07 23:00:00-04:00,2026-04-07 23:15:00-04:00,38.5304,38.5775,no
KXHYPE15M-26APR072300,Target Price: $38.4664,2026-04-07 22:45:00-04:00,2026-04-07 23:00:00-04:00,38.5775,38.4664,yes
KXHYPE15M-26APR072245,Target Price: $38.5448,2026-04-07 22:30:00-04:00,2026-04-07 22:45:00-04:00,38.4664,38.5448,no
KXHYPE15M-26APR072230,Target Price: $38.4445,2026-04-07 22:15:00-04:00,2026-04-07 22:30:00-04:00,38.5448,38.4445,yes
KXHYPE15M-26APR072215,Target Price: $38.2698,2026-04-07 22:00:00-04:00,2026-04-07 22:15:00-04:00,38.4445,38.2698,yes
KXHYPE15M-26APR072200,Target Price: $38.2271,2026-04-07 21:45:00-04:00,2026-04-07 22:00:00-04:00,38.2698,38.2271,yes
KXHYPE15M-26APR072145,Target Price: $38.3192,2026-04-07 21:30:00-04:00,2026-04-07 21:45:00-04:00,38.2271,38.3192,no
KXHYPE15M-26APR072130,Target Price: $38.3349,2026-04-07 21:15:00-04:00,2026-04-07 21:30:00-04:00,38.3192,38.3349,no
KXHYPE15M-26APR072115,Target Price: $38.4050,2026-04-07 21:00:00-04:00,2026-04-07 21:15:00-04:00,38.3349,38.405,no
KXHYPE15M-26APR072100,Target Price: $38.4887,2026-04-07 20:45:00-04:00,2026-04-07 21:00:00-04:00,38.4050,38.4887,no
KXHYPE15M-26APR072045,Target Price: $38.6231,2026-04-07 20:30:00-04:00,2026-04-07 20:45:00-04:00,38.4887,38.6231,no
KXHYPE15M-26APR072030,Target Price: $38.7413,2026-04-07 20:15:00-04:00,2026-04-07 20:30:00-04:00,38.6231,38.7413,no
KXHYPE15M-26APR072015,Target Price: $38.6079,2026-04-07 20:00:00-04:00,2026-04-07 20:15:00-04:00,38.7413,38.6079,yes
KXHYPE15M-26APR072000,Target Price: $38.5139,2026-04-07 19:45:00-04:00,2026-04-07 20:00:00-04:00,38.6079,38.5139,yes
KXHYPE15M-26APR071945,Target Price: $39.1066,2026-04-07 19:30:00-04:00,2026-04-07 19:45:00-04:00,38.5139,39.1066,no
KXHYPE15M-26APR071930,Target Price: $38.5955,2026-04-07 19:15:00-04:00,2026-04-07 19:30:00-04:00,39.1066,38.5955,yes
KXHYPE15M-26APR071915,Target Price: $38.6793,2026-04-07 19:00:00-04:00,2026-04-07 19:15:00-04:00,38.5955,38.6793,no
KXHYPE15M-26APR071900,Target Price: $38.1368,2026-04-07 18:45:00-04:00,2026-04-07 19:00:00-04:00,38.6793,38.1368,yes
KXHYPE15M-26APR071845,Target Price: $37.9877,2026-04-07 18:30:00-04:00,2026-04-07 18:45:00-04:00,38.1368,37.9877,yes
KXHYPE15M-26APR071830,Target Price: $37.8733,2026-04-07 18:15:00-04:00,2026-04-07 18:30:00-04:00,37.9877,37.8733,yes
KXHYPE15M-26APR071815,Target Price: $37.8158,2026-04-07 18:00:00-04:00,2026-04-07 18:15:00-04:00,37.8733,37.8158,yes
KXHYPE15M-26APR071800,Target Price: $37.4540,2026-04-07 17:45:00-04:00,2026-04-07 18:00:00-04:00,37.8158,37.454,yes
KXHYPE15M-26APR071745,Target Price: $37.2936,2026-04-07 17:30:00-04:00,2026-04-07 17:45:00-04:00,37.4540,37.2936,yes
KXHYPE15M-26APR071730,Target Price: $37.5868,2026-04-07 17:15:00-04:00,2026-04-07 17:30:00-04:00,37.2936,37.5868,no
KXHYPE15M-26APR071715,Target Price: $37.1256,2026-04-07 17:00:00-04:00,2026-04-07 17:15:00-04:00,37.5868,37.1256,yes
KXHYPE15M-26APR071700,Target Price: $37.0772,2026-04-07 16:45:00-04:00,2026-04-07 17:00:00-04:00,37.1256,37.0772,yes
KXHYPE15M-26APR071645,Target Price: $37.0710,2026-04-07 16:30:00-04:00,2026-04-07 16:45:00-04:00,37.0772,37.071,yes
KXHYPE15M-26APR071630,Target Price: $37.0969,2026-04-07 16:15:00-04:00,2026-04-07 16:30:00-04:00,37.0710,37.0969,no
KXHYPE15M-26APR071615,Target Price: $37.1465,2026-04-07 16:00:00-04:00,2026-04-07 16:15:00-04:00,37.0969,37.1465,no
KXHYPE15M-26APR071600,Target Price: $36.5802,2026-04-07 15:45:00-04:00,2026-04-07 16:00:00-04:00,37.1465,36.5802,yes
KXHYPE15M-26APR071545,Target Price: $36.5150,2026-04-07 15:30:00-04:00,2026-04-07 15:45:00-04:00,36.5802,36.515,yes
KXHYPE15M-26APR071530,Target Price: $36.4839,2026-04-07 15:15:00-04:00,2026-04-07 15:30:00-04:00,36.5150,36.4839,yes
KXHYPE15M-26APR071515,Target Price: $36.3695,2026-04-07 15:00:00-04:00,2026-04-07 15:15:00-04:00,36.4839,36.3695,yes
KXHYPE15M-26APR071500,Target Price: $36.4722,2026-04-07 14:45:00-04:00,2026-04-07 15:00:00-04:00,36.3695,36.4722,no
KXHYPE15M-26APR071445,Target Price: $36.5735,2026-04-07 14:30:00-04:00,2026-04-07 14:45:00-04:00,36.4722,36.5735,no
KXHYPE15M-26APR071430,Target Price: $36.5737,2026-04-07 14:15:00-04:00,2026-04-07 14:30:00-04:00,36.5735,36.5737,no
KXHYPE15M-26APR071415,Target Price: $36.4590,2026-04-07 14:00:00-04:00,2026-04-07 14:15:00-04:00,36.5737,36.459,yes
KXHYPE15M-26APR071400,Target Price: $36.4912,2026-04-07 13:45:00-04:00,2026-04-07 14:00:00-04:00,36.4590,36.4912,no
KXHYPE15M-26APR071345,Target Price: $36.3967,2026-04-07 13:30:00-04:00,2026-04-07 13:45:00-04:00,36.4912,36.3967,yes
KXHYPE15M-26APR071330,Target Price: $36.2677,2026-04-07 13:15:00-04:00,2026-04-07 13:30:00-04:00,36.3967,36.2677,yes
KXHYPE15M-26APR071315,Target Price: $36.2063,2026-04-07 13:00:00-04:00,2026-04-07 13:15:00-04:00,36.2677,36.2063,yes
KXHYPE15M-26APR071300,Target Price: $36.2705,2026-04-07 12:45:00-04:00,2026-04-07 13:00:00-04:00,36.2063,36.2705,no
KXHYPE15M-26APR071245,Target Price: $36.1709,2026-04-07 12:30:00-04:00,2026-04-07 12:45:00-04:00,36.2705,36.1709,yes
KXHYPE15M-26APR071230,Target Price: $36.0692,2026-04-07 12:15:00-04:00,2026-04-07 12:30:00-04:00,36.1709,36.0692,yes
KXHYPE15M-26APR071215,Target Price: $36.0397,2026-04-07 12:00:00-04:00,2026-04-07 12:15:00-04:00,36.0692,36.0397,yes
KXHYPE15M-26APR071200,Target Price: $36.0446,2026-04-07 11:45:00-04:00,2026-04-07 12:00:00-04:00,36.0397,36.0446,no
KXHYPE15M-26APR071145,Target Price: $36.1591,2026-04-07 11:30:00-04:00,2026-04-07 11:45:00-04:00,36.0446,36.1591,no
KXHYPE15M-26APR071130,Target Price: $36.0500,2026-04-07 11:15:00-04:00,2026-04-07 11:30:00-04:00,36.1591,36.05,yes
KXHYPE15M-26APR071115,Target Price: $35.8906,2026-04-07 11:00:00-04:00,2026-04-07 11:15:00-04:00,36.0500,35.8906,yes
KXHYPE15M-26APR071100,Target Price: $35.9869,2026-04-07 10:45:00-04:00,2026-04-07 11:00:00-04:00,35.8906,35.9869,no
KXHYPE15M-26APR071045,Target Price: $36.0817,2026-04-07 10:30:00-04:00,2026-04-07 10:45:00-04:00,35.9869,36.0817,no
KXHYPE15M-26APR071030,Target Price: $35.9668,2026-04-07 10:15:00-04:00,2026-04-07 10:30:00-04:00,36.0817,35.9668,yes
KXHYPE15M-26APR071015,Target Price: $35.9486,2026-04-07 10:00:00-04:00,2026-04-07 10:15:00-04:00,35.9668,35.9486,yes
KXHYPE15M-26APR071000,Target Price: $36.0794,2026-04-07 09:45:00-04:00,2026-04-07 10:00:00-04:00,35.9486,36.0794,no
KXHYPE15M-26APR070945,Target Price: $36.1470,2026-04-07 09:30:00-04:00,2026-04-07 09:45:00-04:00,36.0794,36.147,no
KXHYPE15M-26APR070930,Target Price: $36.2033,2026-04-07 09:15:00-04:00,2026-04-07 09:30:00-04:00,36.1470,36.2033,no
KXHYPE15M-26APR070915,Target Price: $36.1282,2026-04-07 09:00:00-04:00,2026-04-07 09:15:00-04:00,36.2033,36.1282,yes
KXHYPE15M-26APR070900,Target Price: $36.0447,2026-04-07 08:45:00-04:00,2026-04-07 09:00:00-04:00,36.1282,36.0447,yes
KXHYPE15M-26APR070845,Target Price: $36.3239,2026-04-07 08:30:00-04:00,2026-04-07 08:45:00-04:00,36.0447,36.3239,no
KXHYPE15M-26APR070830,Target Price: $36.2457,2026-04-07 08:15:00-04:00,2026-04-07 08:30:00-04:00,36.3239,36.2457,yes
KXHYPE15M-26APR070815,Target Price: $36.3948,2026-04-07 08:00:00-04:00,2026-04-07 08:15:00-04:00,36.2457,36.3948,no
KXHYPE15M-26APR070800,Target Price: $36.3770,2026-04-07 07:45:00-04:00,2026-04-07 08:00:00-04:00,36.3948,36.377,yes
KXHYPE15M-26APR070745,Target Price: $36.3444,2026-04-07 07:30:00-04:00,2026-04-07 07:45:00-04:00,36.3770,36.3444,yes
KXHYPE15M-26APR070730,Target Price: $36.3982,2026-04-07 07:15:00-04:00,2026-04-07 07:30:00-04:00,36.3444,36.3982,no
KXHYPE15M-26APR070715,Target Price: $36.3936,2026-04-07 07:00:00-04:00,2026-04-07 07:15:00-04:00,36.3982,36.3936,yes
KXHYPE15M-26APR070700,Target Price: $36.3292,2026-04-07 06:45:00-04:00,2026-04-07 07:00:00-04:00,36.3936,36.3292,yes
KXHYPE15M-26APR070645,Target Price: $36.5925,2026-04-07 06:30:00-04:00,2026-04-07 06:45:00-04:00,36.3292,36.5925,no
KXHYPE15M-26APR070630,Target Price: $36.9041,2026-04-07 06:15:00-04:00,2026-04-07 06:30:00-04:00,36.5925,36.9041,no
KXHYPE15M-26APR070615,Target Price: $36.9352,2026-04-07 06:00:00-04:00,2026-04-07 06:15:00-04:00,36.9041,36.9352,no
KXHYPE15M-26APR070600,Target Price: $36.8511,2026-04-07 05:45:00-04:00,2026-04-07 06:00:00-04:00,36.9352,36.8511,yes
KXHYPE15M-26APR070545,Target Price: $36.6670,2026-04-07 05:30:00-04:00,2026-04-07 05:45:00-04:00,36.8511,36.667,yes
KXHYPE15M-26APR070530,Target Price: $36.5694,2026-04-07 05:15:00-04:00,2026-04-07 05:30:00-04:00,36.6670,36.5694,yes
KXHYPE15M-26APR070515,Target Price: $36.4437,2026-04-07 05:00:00-04:00,2026-04-07 05:15:00-04:00,36.5694,36.4437,yes
KXHYPE15M-26APR070500,Target Price: $36.2994,2026-04-07 04:45:00-04:00,2026-04-07 05:00:00-04:00,36.4437,36.2994,yes
KXHYPE15M-26APR070445,Target Price: $36.3072,2026-04-07 04:30:00-04:00,2026-04-07 04:45:00-04:00,36.2994,36.3072,no
KXHYPE15M-26APR070430,Target Price: $36.2836,2026-04-07 04:15:00-04:00,2026-04-07 04:30:00-04:00,36.3072,36.2836,yes
KXHYPE15M-26APR070415,Target Price: $36.1964,2026-04-07 04:00:00-04:00,2026-04-07 04:15:00-04:00,36.2836,36.1964,yes
KXHYPE15M-26APR070400,Target Price: $36.2717,2026-04-07 03:45:00-04:00,2026-04-07 04:00:00-04:00,36.1964,36.2717,no
KXHYPE15M-26APR070345,Target Price: $36.1796,2026-04-07 03:30:00-04:00,2026-04-07 03:45:00-04:00,36.2717,36.1796,yes
KXHYPE15M-26APR070330,Target Price: $36.1368,2026-04-07 03:15:00-04:00,2026-04-07 03:30:00-04:00,36.1796,36.1368,yes
KXHYPE15M-26APR070315,Target Price: $36.2315,2026-04-07 03:00:00-04:00,2026-04-07 03:15:00-04:00,36.1368,36.2315,no
KXHYPE15M-26APR070300,Target Price: $36.1998,2026-04-07 02:45:00-04:00,2026-04-07 03:00:00-04:00,36.2315,36.1998,yes
KXHYPE15M-26APR070245,Target Price: $36.1815,2026-04-07 02:30:00-04:00,2026-04-07 02:45:00-04:00,36.1998,36.1815,yes
KXHYPE15M-26APR070230,Target Price: $36.1842,2026-04-07 02:15:00-04:00,2026-04-07 02:30:00-04:00,36.1815,36.1842,no
KXHYPE15M-26APR070215,Target Price: $36.2026,2026-04-07 02:00:00-04:00,2026-04-07 02:15:00-04:00,36.1842,36.2026,no
KXHYPE15M-26APR070200,Target Price: $36.1849,2026-04-07 01:45:00-04:00,2026-04-07 02:00:00-04:00,36.2026,36.1849,yes
KXHYPE15M-26APR070145,Target Price: $36.2720,2026-04-07 01:30:00-04:00,2026-04-07 01:45:00-04:00,36.1849,36.272,no
KXHYPE15M-26APR070130,Target Price: $36.4163,2026-04-07 01:15:00-04:00,2026-04-07 01:30:00-04:00,36.2720,36.4163,no
KXHYPE15M-26APR070115,Target Price: $36.4726,2026-04-07 01:00:00-04:00,2026-04-07 01:15:00-04:00,36.4163,36.4726,no
KXHYPE15M-26APR070100,Target Price: $36.2937,2026-04-07 00:45:00-04:00,2026-04-07 01:00:00-04:00,36.4726,36.2937,yes
KXHYPE15M-26APR070045,Target Price: $36.3437,2026-04-07 00:30:00-04:00,2026-04-07 00:45:00-04:00,36.2937,36.3437,no
KXHYPE15M-26APR070030,Target Price: $36.3825,2026-04-07 00:15:00-04:00,2026-04-07 00:30:00-04:00,36.3437,36.3825,no
KXHYPE15M-26APR070015,Target Price: $36.4004,2026-04-07 00:00:00-04:00,2026-04-07 00:15:00-04:00,36.3825,36.4004,no
KXHYPE15M-26APR070000,Target Price: $36.4096,2026-04-06 23:45:00-04:00,2026-04-07 00:00:00-04:00,36.4004,36.4096,no
KXHYPE15M-26APR062345,Target Price: $36.4523,2026-04-06 23:30:00-04:00,2026-04-06 23:45:00-04:00,36.4096,36.4523,no
KXHYPE15M-26APR062330,Target Price: $36.4292,2026-04-06 23:15:00-04:00,2026-04-06 23:30:00-04:00,36.4523,36.4292,yes
KXHYPE15M-26APR062315,Target Price: $36.3757,2026-04-06 23:00:00-04:00,2026-04-06 23:15:00-04:00,36.4292,36.3757,yes
KXHYPE15M-26APR062300,Target Price: $36.2502,2026-04-06 22:45:00-04:00,2026-04-06 23:00:00-04:00,36.3757,36.2502,yes
KXHYPE15M-26APR062245,Target Price: $36.3295,2026-04-06 22:30:00-04:00,2026-04-06 22:45:00-04:00,36.2502,36.3295,no
KXHYPE15M-26APR062230,Target Price: $36.2475,2026-04-06 22:15:00-04:00,2026-04-06 22:30:00-04:00,36.3295,36.2475,yes
KXHYPE15M-26APR062215,Target Price: $36.2823,2026-04-06 22:00:00-04:00,2026-04-06 22:15:00-04:00,36.2475,36.2823,no
KXHYPE15M-26APR062200,Target Price: $36.4313,2026-04-06 21:45:00-04:00,2026-04-06 22:00:00-04:00,36.2823,36.4313,no
KXHYPE15M-26APR062145,Target Price: $36.4963,2026-04-06 21:30:00-04:00,2026-04-06 21:45:00-04:00,36.4313,36.4963,no
KXHYPE15M-26APR062130,Target Price: $36.3592,2026-04-06 21:15:00-04:00,2026-04-06 21:30:00-04:00,36.4963,36.3592,yes
KXHYPE15M-26APR062115,Target Price: $36.4384,2026-04-06 21:00:00-04:00,2026-04-06 21:15:00-04:00,36.3592,36.4384,no
KXHYPE15M-26APR062100,Target Price: $36.4443,2026-04-06 20:45:00-04:00,2026-04-06 21:00:00-04:00,36.4384,36.4443,no
KXHYPE15M-26APR062045,Target Price: $36.4670,2026-04-06 20:30:00-04:00,2026-04-06 20:45:00-04:00,36.4443,36.467,no
KXHYPE15M-26APR062030,Target Price: $36.4163,2026-04-06 20:15:00-04:00,2026-04-06 20:30:00-04:00,36.4670,36.4163,yes
KXHYPE15M-26APR062015,Target Price: $36.3036,2026-04-06 20:00:00-04:00,2026-04-06 20:15:00-04:00,36.4163,36.3036,yes
KXHYPE15M-26APR062000,Target Price: $36.3042,2026-04-06 19:45:00-04:00,2026-04-06 20:00:00-04:00,36.3036,36.3042,no
KXHYPE15M-26APR061945,Target Price: $36.2599,2026-04-06 19:30:00-04:00,2026-04-06 19:45:00-04:00,36.3042,36.2599,yes
KXHYPE15M-26APR061930,Target Price: $36.2255,2026-04-06 19:15:00-04:00,2026-04-06 19:30:00-04:00,36.2599,36.2255,yes
KXHYPE15M-26APR061915,Target Price: $36.2331,2026-04-06 19:00:00-04:00,2026-04-06 19:15:00-04:00,36.2255,36.2331,no
KXHYPE15M-26APR061900,Target Price: $36.6253,2026-04-06 18:45:00-04:00,2026-04-06 19:00:00-04:00,36.2331,36.6253,no
KXHYPE15M-26APR061845,Target Price: $36.8029,2026-04-06 18:30:00-04:00,2026-04-06 18:45:00-04:00,36.6253,36.8029,no
KXHYPE15M-26APR061830,Target Price: $36.8356,2026-04-06 18:15:00-04:00,2026-04-06 18:30:00-04:00,36.8029,36.8356,no
KXHYPE15M-26APR061815,Target Price: $36.9490,2026-04-06 18:00:00-04:00,2026-04-06 18:15:00-04:00,36.8356,36.949,no
KXHYPE15M-26APR061800,Target Price: $36.9715,2026-04-06 17:45:00-04:00,2026-04-06 18:00:00-04:00,36.9490,36.9715,no
KXHYPE15M-26APR061745,Target Price: $36.9733,2026-04-06 17:30:00-04:00,2026-04-06 17:45:00-04:00,36.9715,36.9733,no
KXHYPE15M-26APR061730,Target Price: $37.1029,2026-04-06 17:15:00-04:00,2026-04-06 17:30:00-04:00,36.9733,37.1029,no
KXHYPE15M-26APR061715,Target Price: $37.2009,2026-04-06 17:00:00-04:00,2026-04-06 17:15:00-04:00,37.1029,37.2009,no
KXHYPE15M-26APR061700,Target Price: $37.2525,2026-04-06 16:45:00-04:00,2026-04-06 17:00:00-04:00,37.2009,37.2525,no
KXHYPE15M-26APR061645,Target Price: $37.2345,2026-04-06 16:30:00-04:00,2026-04-06 16:45:00-04:00,37.2525,37.2345,yes
KXHYPE15M-26APR061630,Target Price: $37.1378,2026-04-06 16:15:00-04:00,2026-04-06 16:30:00-04:00,37.2345,37.1378,yes
KXHYPE15M-26APR061615,Target Price: $37.3205,2026-04-06 16:00:00-04:00,2026-04-06 16:15:00-04:00,37.1378,37.3205,no
KXHYPE15M-26APR061600,Target Price: $37.3494,2026-04-06 15:45:00-04:00,2026-04-06 16:00:00-04:00,37.3205,37.3494,no
KXHYPE15M-26APR061545,Target Price: $37.2725,2026-04-06 15:30:00-04:00,2026-04-06 15:45:00-04:00,37.3494,37.2725,yes
KXHYPE15M-26APR061530,Target Price: $37.0324,2026-04-06 15:15:00-04:00,2026-04-06 15:30:00-04:00,37.2725,37.0324,yes
KXHYPE15M-26APR061515,Target Price: $37.0702,2026-04-06 15:00:00-04:00,2026-04-06 15:15:00-04:00,37.0324,37.0702,no
KXHYPE15M-26APR061500,Target Price: $37.0534,2026-04-06 14:45:00-04:00,2026-04-06 15:00:00-04:00,37.0702,37.0534,yes
KXHYPE15M-26APR061445,Target Price: $37.1079,2026-04-06 14:30:00-04:00,2026-04-06 14:45:00-04:00,37.0534,37.1079,no
KXHYPE15M-26APR061430,Target Price: $37.1002,2026-04-06 14:15:00-04:00,2026-04-06 14:30:00-04:00,37.1079,37.1002,yes
KXHYPE15M-26APR061415,Target Price: $36.9258,2026-04-06 14:00:00-04:00,2026-04-06 14:15:00-04:00,37.1002,36.9258,yes
KXHYPE15M-26APR061400,Target Price: $36.9247,2026-04-06 13:45:00-04:00,2026-04-06 14:00:00-04:00,36.9258,36.9247,yes
KXHYPE15M-26APR061345,Target Price: $37.1207,2026-04-06 13:30:00-04:00,2026-04-06 13:45:00-04:00,36.9247,37.1207,no
KXHYPE15M-26APR061330,Target Price: $36.8810,2026-04-06 13:15:00-04:00,2026-04-06 13:30:00-04:00,37.1207,36.881,yes
KXHYPE15M-26APR061315,Target Price: $37.2203,2026-04-06 13:00:00-04:00,2026-04-06 13:15:00-04:00,36.8810,37.2203,no
KXHYPE15M-26APR061300,Target Price: $37.5799,2026-04-06 12:45:00-04:00,2026-04-06 13:00:00-04:00,37.2203,37.5799,no
KXHYPE15M-26APR061245,Target Price: $37.5720,2026-04-06 12:30:00-04:00,2026-04-06 12:45:00-04:00,37.5799,37.572,yes
KXHYPE15M-26APR061230,Target Price: $37.5789,2026-04-06 12:15:00-04:00,2026-04-06 12:30:00-04:00,37.5720,37.5789,no
KXHYPE15M-26APR061215,Target Price: $37.6788,2026-04-06 12:00:00-04:00,2026-04-06 12:15:00-04:00,37.5789,37.6788,no
KXHYPE15M-26APR061200,Target Price: $37.5901,2026-04-06 11:45:00-04:00,2026-04-06 12:00:00-04:00,37.6788,37.5901,yes
KXHYPE15M-26APR061145,Target Price: $37.5856,2026-04-06 11:30:00-04:00,2026-04-06 11:45:00-04:00,37.5901,37.5856,yes
KXHYPE15M-26APR061130,Target Price: $37.5413,2026-04-06 11:15:00-04:00,2026-04-06 11:30:00-04:00,37.5856,37.5413,yes
KXHYPE15M-26APR061115,Target Price: $37.7277,2026-04-06 11:00:00-04:00,2026-04-06 11:15:00-04:00,37.5413,37.7277,no
KXHYPE15M-26APR061100,Target Price: $37.5513,2026-04-06 10:45:00-04:00,2026-04-06 11:00:00-04:00,37.7277,37.5513,yes
KXHYPE15M-26APR061045,Target Price: $37.3843,2026-04-06 10:30:00-04:00,2026-04-06 10:45:00-04:00,37.5513,37.3843,yes
KXHYPE15M-26APR061030,Target Price: $37.1162,2026-04-06 10:15:00-04:00,2026-04-06 10:30:00-04:00,37.3843,37.1162,yes
KXHYPE15M-26APR061015,Target Price: $37.2017,2026-04-06 10:00:00-04:00,2026-04-06 10:15:00-04:00,37.1162,37.2017,no
KXHYPE15M-26APR061000,Target Price: $37.1430,2026-04-06 09:45:00-04:00,2026-04-06 10:00:00-04:00,37.2017,37.143,yes
KXHYPE15M-26APR060945,Target Price: $37.2148,2026-04-06 09:30:00-04:00,2026-04-06 09:45:00-04:00,37.1430,37.2148,no
KXHYPE15M-26APR060930,Target Price: $37.2242,2026-04-06 09:15:00-04:00,2026-04-06 09:30:00-04:00,37.2148,37.2242,no
KXHYPE15M-26APR060915,Target Price: $37.0881,2026-04-06 09:00:00-04:00,2026-04-06 09:15:00-04:00,37.2242,37.0881,yes
KXHYPE15M-26APR060900,Target Price: $37.1358,2026-04-06 08:45:00-04:00,2026-04-06 09:00:00-04:00,37.0881,37.1358,no
KXHYPE15M-26APR060845,Target Price: $37.0478,2026-04-06 08:30:00-04:00,2026-04-06 08:45:00-04:00,37.1358,37.0478,yes
KXHYPE15M-26APR060830,Target Price: $37.1348,2026-04-06 08:15:00-04:00,2026-04-06 08:30:00-04:00,37.0478,37.1348,no
KXHYPE15M-26APR060815,Target Price: $37.2499,2026-04-06 08:00:00-04:00,2026-04-06 08:15:00-04:00,37.1348,37.2499,no
KXHYPE15M-26APR060800,Target Price: $37.2154,2026-04-06 07:45:00-04:00,2026-04-06 08:00:00-04:00,37.2499,37.2154,yes
KXHYPE15M-26APR060745,Target Price: $37.2484,2026-04-06 07:30:00-04:00,2026-04-06 07:45:00-04:00,37.2154,37.2484,no
KXHYPE15M-26APR060730,Target Price: $37.3457,2026-04-06 07:15:00-04:00,2026-04-06 07:30:00-04:00,37.2484,37.3457,no
KXHYPE15M-26APR060715,Target Price: $37.5221,2026-04-06 07:00:00-04:00,2026-04-06 07:15:00-04:00,37.3457,37.5221,no
KXHYPE15M-26APR060700,Target Price: $37.5040,2026-04-06 06:45:00-04:00,2026-04-06 07:00:00-04:00,37.5221,37.504,yes
KXHYPE15M-26APR060645,Target Price: $37.3943,2026-04-06 06:30:00-04:00,2026-04-06 06:45:00-04:00,37.5040,37.3943,yes
KXHYPE15M-26APR060630,Target Price: $37.4334,2026-04-06 06:15:00-04:00,2026-04-06 06:30:00-04:00,37.3943,37.4334,no
KXHYPE15M-26APR060615,Target Price: $37.3218,2026-04-06 06:00:00-04:00,2026-04-06 06:15:00-04:00,37.4334,37.3218,yes
KXHYPE15M-26APR060600,Target Price: $37.3696,2026-04-06 05:45:00-04:00,2026-04-06 06:00:00-04:00,37.3218,37.3696,no
KXHYPE15M-26APR060545,Target Price: $37.3587,2026-04-06 05:30:00-04:00,2026-04-06 05:45:00-04:00,37.3696,37.3587,yes
KXHYPE15M-26APR060530,Target Price: $37.4197,2026-04-06 05:15:00-04:00,2026-04-06 05:30:00-04:00,37.3587,37.4197,no
KXHYPE15M-26APR060515,Target Price: $37.2300,2026-04-06 05:00:00-04:00,2026-04-06 05:15:00-04:00,37.4197,37.23,yes
KXHYPE15M-26APR060500,Target Price: $37.3244,2026-04-06 04:45:00-04:00,2026-04-06 05:00:00-04:00,37.2300,37.3244,no
KXHYPE15M-26APR060445,Target Price: $37.1619,2026-04-06 04:30:00-04:00,2026-04-06 04:45:00-04:00,37.3244,37.1619,yes
KXHYPE15M-26APR060430,Target Price: $37.1600,2026-04-06 04:15:00-04:00,2026-04-06 04:30:00-04:00,37.1619,37.16,yes
KXHYPE15M-26APR060415,Target Price: $37.1320,2026-04-06 04:00:00-04:00,2026-04-06 04:15:00-04:00,37.1600,37.132,yes
KXHYPE15M-26APR060400,Target Price: $37.0033,2026-04-06 03:45:00-04:00,2026-04-06 04:00:00-04:00,37.1320,37.0033,yes
KXHYPE15M-26APR060345,Target Price: $37.0080,2026-04-06 03:30:00-04:00,2026-04-06 03:45:00-04:00,37.0033,37.008,no
KXHYPE15M-26APR060330,Target Price: $36.9085,2026-04-06 03:15:00-04:00,2026-04-06 03:30:00-04:00,37.0080,36.9085,yes
KXHYPE15M-26APR060315,Target Price: $36.9344,2026-04-06 03:00:00-04:00,2026-04-06 03:15:00-04:00,36.9085,36.9344,no
KXHYPE15M-26APR060300,Target Price: $36.8385,2026-04-06 02:45:00-04:00,2026-04-06 03:00:00-04:00,36.9344,36.8385,yes
KXHYPE15M-26APR060245,Target Price: $36.8005,2026-04-06 02:30:00-04:00,2026-04-06 02:45:00-04:00,36.8385,36.8005,yes
KXHYPE15M-26APR060230,Target Price: $37.0147,2026-04-06 02:15:00-04:00,2026-04-06 02:30:00-04:00,36.8005,37.0147,no
KXHYPE15M-26APR060215,Target Price: $36.9807,2026-04-06 02:00:00-04:00,2026-04-06 02:15:00-04:00,37.0147,36.9807,yes
KXHYPE15M-26APR060200,Target Price: $36.9510,2026-04-06 01:45:00-04:00,2026-04-06 02:00:00-04:00,36.9807,36.951,yes
KXHYPE15M-26APR060145,Target Price: $36.8440,2026-04-06 01:30:00-04:00,2026-04-06 01:45:00-04:00,36.9510,36.844,yes
KXHYPE15M-26APR060130,Target Price: $36.8293,2026-04-06 01:15:00-04:00,2026-04-06 01:30:00-04:00,36.8440,36.8293,yes
KXHYPE15M-26APR060115,Target Price: $36.8214,2026-04-06 01:00:00-04:00,2026-04-06 01:15:00-04:00,36.8293,36.8214,yes
KXHYPE15M-26APR060100,Target Price: $36.8906,2026-04-06 00:45:00-04:00,2026-04-06 01:00:00-04:00,36.8214,36.8906,no
KXHYPE15M-26APR060045,Target Price: $36.9590,2026-04-06 00:30:00-04:00,2026-04-06 00:45:00-04:00,36.8906,36.959,no
KXHYPE15M-26APR060030,Target Price: $37.0997,2026-04-06 00:15:00-04:00,2026-04-06 00:30:00-04:00,36.9590,37.0997,no
KXHYPE15M-26APR060015,Target Price: $37.0635,2026-04-06 00:00:00-04:00,2026-04-06 00:15:00-04:00,37.0997,37.0635,yes
KXHYPE15M-26APR060000,Target Price: $37.0458,2026-04-05 23:45:00-04:00,2026-04-06 00:00:00-04:00,37.0635,37.0458,yes
KXHYPE15M-26APR052345,Target Price: $36.9589,2026-04-05 23:30:00-04:00,2026-04-05 23:45:00-04:00,37.0458,36.9589,yes
KXHYPE15M-26APR052330,Target Price: $36.8743,2026-04-05 23:15:00-04:00,2026-04-05 23:30:00-04:00,36.9589,36.8743,yes
KXHYPE15M-26APR052315,Target Price: $36.9002,2026-04-05 23:00:00-04:00,2026-04-05 23:15:00-04:00,36.8743,36.9002,no
KXHYPE15M-26APR052300,Target Price: $36.7972,2026-04-05 22:45:00-04:00,2026-04-05 23:00:00-04:00,36.9002,36.7972,yes
KXHYPE15M-26APR052245,Target Price: $36.7825,2026-04-05 22:30:00-04:00,2026-04-05 22:45:00-04:00,36.7972,36.7825,yes
KXHYPE15M-26APR052230,Target Price: $36.9739,2026-04-05 22:15:00-04:00,2026-04-05 22:30:00-04:00,36.7825,36.9739,no
KXHYPE15M-26APR052215,Target Price: $37.0159,2026-04-05 22:00:00-04:00,2026-04-05 22:15:00-04:00,36.9739,37.0159,no
KXHYPE15M-26APR052200,Target Price: $36.8330,2026-04-05 21:45:00-04:00,2026-04-05 22:00:00-04:00,37.0159,36.833,yes
KXHYPE15M-26APR052145,Target Price: $36.8179,2026-04-05 21:30:00-04:00,2026-04-05 21:45:00-04:00,36.8330,36.8179,yes
KXHYPE15M-26APR052130,Target Price: $36.7605,2026-04-05 21:15:00-04:00,2026-04-05 21:30:00-04:00,36.8179,36.7605,yes
KXHYPE15M-26APR052115,Target Price: $36.8156,2026-04-05 21:00:00-04:00,2026-04-05 21:15:00-04:00,36.7605,36.8156,no
KXHYPE15M-26APR052100,Target Price: $36.9036,2026-04-05 20:45:00-04:00,2026-04-05 21:00:00-04:00,36.8156,36.9036,no
KXHYPE15M-26APR052045,Target Price: $36.6769,2026-04-05 20:30:00-04:00,2026-04-05 20:45:00-04:00,36.9036,36.6769,yes
KXHYPE15M-26APR052030,Target Price: $36.7426,2026-04-05 20:15:00-04:00,2026-04-05 20:30:00-04:00,36.6769,36.7426,no
KXHYPE15M-26APR052015,Target Price: $36.8190,2026-04-05 20:00:00-04:00,2026-04-05 20:15:00-04:00,36.7426,36.819,no
KXHYPE15M-26APR052000,Target Price: $36.7454,2026-04-05 19:45:00-04:00,2026-04-05 20:00:00-04:00,36.8190,36.7454,yes
KXHYPE15M-26APR051945,Target Price: $36.8537,2026-04-05 19:30:00-04:00,2026-04-05 19:45:00-04:00,36.7454,36.8537,no
KXHYPE15M-26APR051930,Target Price: $36.6879,2026-04-05 19:15:00-04:00,2026-04-05 19:30:00-04:00,36.8537,36.6879,yes
KXHYPE15M-26APR051915,Target Price: $36.2679,2026-04-05 19:00:00-04:00,2026-04-05 19:15:00-04:00,36.6879,36.2679,yes
KXHYPE15M-26APR051900,Target Price: $35.9576,2026-04-05 18:45:00-04:00,2026-04-05 19:00:00-04:00,36.2679,35.9576,yes
KXHYPE15M-26APR051845,Target Price: $35.7296,2026-04-05 18:30:00-04:00,2026-04-05 18:45:00-04:00,35.9576,35.7296,yes
KXHYPE15M-26APR051830,Target Price: $35.7678,2026-04-05 18:15:00-04:00,2026-04-05 18:30:00-04:00,35.7296,35.7678,no
KXHYPE15M-26APR051815,Target Price: $35.8815,2026-04-05 18:00:00-04:00,2026-04-05 18:15:00-04:00,35.7678,35.8815,no
KXHYPE15M-26APR051800,Target Price: $35.8905,2026-04-05 17:45:00-04:00,2026-04-05 18:00:00-04:00,35.8815,35.8905,no
KXHYPE15M-26APR051745,Target Price: $35.8096,2026-04-05 17:30:00-04:00,2026-04-05 17:45:00-04:00,35.8905,35.8096,yes
KXHYPE15M-26APR051730,Target Price: $35.8437,2026-04-05 17:15:00-04:00,2026-04-05 17:30:00-04:00,35.8096,35.8437,no
KXHYPE15M-26APR051715,Target Price: $35.8927,2026-04-05 17:00:00-04:00,2026-04-05 17:15:00-04:00,35.8437,35.8927,no
KXHYPE15M-26APR051700,Target Price: $35.8903,2026-04-05 16:45:00-04:00,2026-04-05 17:00:00-04:00,35.8927,35.8903,yes
KXHYPE15M-26APR051645,Target Price: $35.9084,2026-04-05 16:30:00-04:00,2026-04-05 16:45:00-04:00,35.8903,35.9084,no
KXHYPE15M-26APR051630,Target Price: $35.8645,2026-04-05 16:15:00-04:00,2026-04-05 16:30:00-04:00,35.9084,35.8645,yes
KXHYPE15M-26APR051615,Target Price: $35.8404,2026-04-05 16:00:00-04:00,2026-04-05 16:15:00-04:00,35.8645,35.8404,yes
KXHYPE15M-26APR051600,Target Price: $35.7385,2026-04-05 15:45:00-04:00,2026-04-05 16:00:00-04:00,35.8404,35.7385,yes
KXHYPE15M-26APR051545,Target Price: $35.8408,2026-04-05 15:30:00-04:00,2026-04-05 15:45:00-04:00,35.7385,35.8408,no
KXHYPE15M-26APR051530,Target Price: $35.7536,2026-04-05 15:15:00-04:00,2026-04-05 15:30:00-04:00,35.8408,35.7536,yes
KXHYPE15M-26APR051515,Target Price: $35.7266,2026-04-05 15:00:00-04:00,2026-04-05 15:15:00-04:00,35.7536,35.7266,yes
KXHYPE15M-26APR051500,Target Price: $35.7535,2026-04-05 14:45:00-04:00,2026-04-05 15:00:00-04:00,35.7266,35.7535,no
KXHYPE15M-26APR051445,Target Price: $35.5278,2026-04-05 14:30:00-04:00,2026-04-05 14:45:00-04:00,35.7535,35.5278,yes
KXHYPE15M-26APR051430,Target Price: $35.5544,2026-04-05 14:15:00-04:00,2026-04-05 14:30:00-04:00,35.5278,35.5544,no
KXHYPE15M-26APR051415,Target Price: $35.5983,2026-04-05 14:00:00-04:00,2026-04-05 14:15:00-04:00,35.5544,35.5983,no
KXHYPE15M-26APR051400,Target Price: $35.5887,2026-04-05 13:45:00-04:00,2026-04-05 14:00:00-04:00,35.5983,35.5887,yes
KXHYPE15M-26APR051345,Target Price: $35.5756,2026-04-05 13:30:00-04:00,2026-04-05 13:45:00-04:00,35.5887,35.5756,yes
KXHYPE15M-26APR051330,Target Price: $35.5327,2026-04-05 13:15:00-04:00,2026-04-05 13:30:00-04:00,35.5756,35.5327,yes
KXHYPE15M-26APR051315,Target Price: $35.4598,2026-04-05 13:00:00-04:00,2026-04-05 13:15:00-04:00,35.5327,35.4598,yes
KXHYPE15M-26APR051300,Target Price: $35.5499,2026-04-05 12:45:00-04:00,2026-04-05 13:00:00-04:00,35.4598,35.5499,no
KXHYPE15M-26APR051245,Target Price: $35.5831,2026-04-05 12:30:00-04:00,2026-04-05 12:45:00-04:00,35.5499,35.5831,no
KXHYPE15M-26APR051230,Target Price: $35.5996,2026-04-05 12:15:00-04:00,2026-04-05 12:30:00-04:00,35.5831,35.5996,no
KXHYPE15M-26APR051215,Target Price: $35.5417,2026-04-05 12:00:00-04:00,2026-04-05 12:15:00-04:00,35.5996,35.5417,yes
KXHYPE15M-26APR051200,Target Price: $35.8013,2026-04-05 11:45:00-04:00,2026-04-05 12:00:00-04:00,35.5417,35.8013,no
KXHYPE15M-26APR051145,Target Price: $35.6753,2026-04-05 11:30:00-04:00,2026-04-05 11:45:00-04:00,35.8013,35.6753,yes
KXHYPE15M-26APR051130,Target Price: $35.5474,2026-04-05 11:15:00-04:00,2026-04-05 11:30:00-04:00,35.6753,35.5474,yes
KXHYPE15M-26APR051115,Target Price: $35.4554,2026-04-05 11:00:00-04:00,2026-04-05 11:15:00-04:00,35.5474,35.4554,yes
KXHYPE15M-26APR051100,Target Price: $35.5358,2026-04-05 10:45:00-04:00,2026-04-05 11:00:00-04:00,35.4554,35.5358,no
KXHYPE15M-26APR051045,Target Price: $35.5117,2026-04-05 10:30:00-04:00,2026-04-05 10:45:00-04:00,35.5358,35.5117,yes
KXHYPE15M-26APR051030,Target Price: $35.3903,2026-04-05 10:15:00-04:00,2026-04-05 10:30:00-04:00,35.5117,35.3903,yes
KXHYPE15M-26APR051015,Target Price: $35.4296,2026-04-05 10:00:00-04:00,2026-04-05 10:15:00-04:00,35.3903,35.4296,no
KXHYPE15M-26APR051000,Target Price: $35.3461,2026-04-05 09:45:00-04:00,2026-04-05 10:00:00-04:00,35.4296,35.3461,yes
KXHYPE15M-26APR050945,Target Price: $35.2877,2026-04-05 09:30:00-04:00,2026-04-05 09:45:00-04:00,35.3461,35.2877,yes
KXHYPE15M-26APR050930,Target Price: $35.2920,2026-04-05 09:15:00-04:00,2026-04-05 09:30:00-04:00,35.2877,35.292,no
KXHYPE15M-26APR050915,Target Price: $35.2990,2026-04-05 09:00:00-04:00,2026-04-05 09:15:00-04:00,35.2920,35.299,no
KXHYPE15M-26APR050900,Target Price: $35.2217,2026-04-05 08:45:00-04:00,2026-04-05 09:00:00-04:00,35.2990,35.2217,yes
KXHYPE15M-26APR050845,Target Price: $35.4927,2026-04-05 08:30:00-04:00,2026-04-05 08:45:00-04:00,35.2217,35.4927,no
KXHYPE15M-26APR050830,Target Price: $35.5815,2026-04-05 08:15:00-04:00,2026-04-05 08:30:00-04:00,35.4927,35.5815,no
KXHYPE15M-26APR050815,Target Price: $35.6500,2026-04-05 08:00:00-04:00,2026-04-05 08:15:00-04:00,35.5815,35.65,no
KXHYPE15M-26APR050800,Target Price: $35.6620,2026-04-05 07:45:00-04:00,2026-04-05 08:00:00-04:00,35.6500,35.662,no
KXHYPE15M-26APR050745,Target Price: $35.6530,2026-04-05 07:30:00-04:00,2026-04-05 07:45:00-04:00,35.6620,35.653,yes
KXHYPE15M-26APR050730,Target Price: $35.6948,2026-04-05 07:15:00-04:00,2026-04-05 07:30:00-04:00,35.6530,35.6948,no
KXHYPE15M-26APR050715,Target Price: $35.7745,2026-04-05 07:00:00-04:00,2026-04-05 07:15:00-04:00,35.6948,35.7745,no
KXHYPE15M-26APR050700,Target Price: $35.8110,2026-04-05 06:45:00-04:00,2026-04-05 07:00:00-04:00,35.7745,35.811,no
KXHYPE15M-26APR050645,Target Price: $35.8318,2026-04-05 06:30:00-04:00,2026-04-05 06:45:00-04:00,35.8110,35.8318,no
KXHYPE15M-26APR050630,Target Price: $35.7302,2026-04-05 06:15:00-04:00,2026-04-05 06:30:00-04:00,35.8318,35.7302,yes
KXHYPE15M-26APR050615,Target Price: $35.7893,2026-04-05 06:00:00-04:00,2026-04-05 06:15:00-04:00,35.7302,35.7893,no
KXHYPE15M-26APR050600,Target Price: $35.7713,2026-04-05 05:45:00-04:00,2026-04-05 06:00:00-04:00,35.7893,35.7713,yes
KXHYPE15M-26APR050545,Target Price: $35.7839,2026-04-05 05:30:00-04:00,2026-04-05 05:45:00-04:00,35.7713,35.7839,no
KXHYPE15M-26APR050530,Target Price: $35.7442,2026-04-05 05:15:00-04:00,2026-04-05 05:30:00-04:00,35.7839,35.7442,yes
KXHYPE15M-26APR050515,Target Price: $35.7372,2026-04-05 05:00:00-04:00,2026-04-05 05:15:00-04:00,35.7442,35.7372,yes
KXHYPE15M-26APR050500,Target Price: $35.8010,2026-04-05 04:45:00-04:00,2026-04-05 05:00:00-04:00,35.7372,35.801,no
KXHYPE15M-26APR050445,Target Price: $35.7533,2026-04-05 04:30:00-04:00,2026-04-05 04:45:00-04:00,35.8010,35.7533,yes
KXHYPE15M-26APR050430,Target Price: $35.6637,2026-04-05 04:15:00-04:00,2026-04-05 04:30:00-04:00,35.7533,35.6637,yes
KXHYPE15M-26APR050415,Target Price: $35.6414,2026-04-05 04:00:00-04:00,2026-04-05 04:15:00-04:00,35.6637,35.6414,yes
KXHYPE15M-26APR050400,Target Price: $35.5556,2026-04-05 03:45:00-04:00,2026-04-05 04:00:00-04:00,35.6414,35.5556,yes
KXHYPE15M-26APR050345,Target Price: $35.6404,2026-04-05 03:30:00-04:00,2026-04-05 03:45:00-04:00,35.5556,35.6404,no
KXHYPE15M-26APR050330,Target Price: $35.6871,2026-04-05 03:15:00-04:00,2026-04-05 03:30:00-04:00,35.6404,35.6871,no
KXHYPE15M-26APR050315,Target Price: $35.6913,2026-04-05 03:00:00-04:00,2026-04-05 03:15:00-04:00,35.6871,35.6913,no
KXHYPE15M-26APR050300,Target Price: $35.6896,2026-04-05 02:45:00-04:00,2026-04-05 03:00:00-04:00,35.6913,35.6896,yes
KXHYPE15M-26APR050245,Target Price: $35.5663,2026-04-05 02:30:00-04:00,2026-04-05 02:45:00-04:00,35.6896,35.5663,yes
KXHYPE15M-26APR050230,Target Price: $35.5309,2026-04-05 02:15:00-04:00,2026-04-05 02:30:00-04:00,35.5663,35.5309,yes
KXHYPE15M-26APR050215,Target Price: $35.6594,2026-04-05 02:00:00-04:00,2026-04-05 02:15:00-04:00,35.5309,35.6594,no
KXHYPE15M-26APR050200,Target Price: $35.6978,2026-04-05 01:45:00-04:00,2026-04-05 02:00:00-04:00,35.6594,35.6978,no
KXHYPE15M-26APR050145,Target Price: $35.7666,2026-04-05 01:30:00-04:00,2026-04-05 01:45:00-04:00,35.6978,35.7666,no
KXHYPE15M-26APR050130,Target Price: $35.8238,2026-04-05 01:15:00-04:00,2026-04-05 01:30:00-04:00,35.7666,35.8238,no
KXHYPE15M-26APR050115,Target Price: $35.8520,2026-04-05 01:00:00-04:00,2026-04-05 01:15:00-04:00,35.8238,35.852,no
KXHYPE15M-26APR050100,Target Price: $35.8712,2026-04-05 00:45:00-04:00,2026-04-05 01:00:00-04:00,35.8520,35.8712,no
KXHYPE15M-26APR050045,Target Price: $35.9386,2026-04-05 00:30:00-04:00,2026-04-05 00:45:00-04:00,35.8712,35.9386,no
KXHYPE15M-26APR050030,Target Price: $35.8626,2026-04-05 00:15:00-04:00,2026-04-05 00:30:00-04:00,35.9386,35.8626,yes
KXHYPE15M-26APR050015,Target Price: $35.9160,2026-04-05 00:00:00-04:00,2026-04-05 00:15:00-04:00,35.8626,35.916,no
KXHYPE15M-26APR050000,Target Price: $35.9877,2026-04-04 23:45:00-04:00,2026-04-05 00:00:00-04:00,35.9160,35.9877,no
KXHYPE15M-26APR042345,Target Price: $36.0934,2026-04-04 23:30:00-04:00,2026-04-04 23:45:00-04:00,35.9877,36.0934,no
KXHYPE15M-26APR042330,Target Price: $36.1168,2026-04-04 23:15:00-04:00,2026-04-04 23:30:00-04:00,36.0934,36.1168,no
KXHYPE15M-26APR042315,Target Price: $36.0880,2026-04-04 23:00:00-04:00,2026-04-04 23:15:00-04:00,36.1168,36.088,yes
KXHYPE15M-26APR042300,Target Price: $36.0618,2026-04-04 22:45:00-04:00,2026-04-04 23:00:00-04:00,36.0880,36.0618,yes
KXHYPE15M-26APR042245,Target Price: $36.0543,2026-04-04 22:30:00-04:00,2026-04-04 22:45:00-04:00,36.0618,36.0543,yes
KXHYPE15M-26APR042230,Target Price: $36.0263,2026-04-04 22:15:00-04:00,2026-04-04 22:30:00-04:00,36.0543,36.0263,yes
KXHYPE15M-26APR042215,Target Price: $36.0024,2026-04-04 22:00:00-04:00,2026-04-04 22:15:00-04:00,36.0263,36.0024,yes
KXHYPE15M-26APR042200,Target Price: $36.0396,2026-04-04 21:45:00-04:00,2026-04-04 22:00:00-04:00,36.0024,36.0396,no
KXHYPE15M-26APR042145,Target Price: $36.0775,2026-04-04 21:30:00-04:00,2026-04-04 21:45:00-04:00,36.0396,36.0775,no
KXHYPE15M-26APR042130,Target Price: $36.1504,2026-04-04 21:15:00-04:00,2026-04-04 21:30:00-04:00,36.0775,36.1504,no
KXHYPE15M-26APR042115,Target Price: $36.0435,2026-04-04 21:00:00-04:00,2026-04-04 21:15:00-04:00,36.1504,36.0435,yes
KXHYPE15M-26APR042100,Target Price: $36.2060,2026-04-04 20:45:00-04:00,2026-04-04 21:00:00-04:00,36.0435,36.206,no
KXHYPE15M-26APR042045,Target Price: $36.1916,2026-04-04 20:30:00-04:00,2026-04-04 20:45:00-04:00,36.2060,36.1916,yes
KXHYPE15M-26APR042030,Target Price: $36.1997,2026-04-04 20:15:00-04:00,2026-04-04 20:30:00-04:00,36.1916,36.1997,no
KXHYPE15M-26APR042015,Target Price: $36.4249,2026-04-04 20:00:00-04:00,2026-04-04 20:15:00-04:00,36.1997,36.4249,no
KXHYPE15M-26APR042000,Target Price: $36.4353,2026-04-04 19:45:00-04:00,2026-04-04 20:00:00-04:00,36.4249,36.4353,no
KXHYPE15M-26APR041945,Target Price: $36.3910,2026-04-04 19:30:00-04:00,2026-04-04 19:45:00-04:00,36.4353,36.391,yes
KXHYPE15M-26APR041930,Target Price: $36.3199,2026-04-04 19:15:00-04:00,2026-04-04 19:30:00-04:00,36.3910,36.3199,yes
KXHYPE15M-26APR041915,Target Price: $36.4122,2026-04-04 19:00:00-04:00,2026-04-04 19:15:00-04:00,36.3199,36.4122,no
KXHYPE15M-26APR041900,Target Price: $36.3927,2026-04-04 18:45:00-04:00,2026-04-04 19:00:00-04:00,36.4122,36.3927,yes
KXHYPE15M-26APR041845,Target Price: $36.4749,2026-04-04 18:30:00-04:00,2026-04-04 18:45:00-04:00,36.3927,36.4749,no
KXHYPE15M-26APR041830,Target Price: $36.3758,2026-04-04 18:15:00-04:00,2026-04-04 18:30:00-04:00,36.4749,36.3758,yes
KXHYPE15M-26APR041815,Target Price: $36.3454,2026-04-04 18:00:00-04:00,2026-04-04 18:15:00-04:00,36.3758,36.3454,yes
KXHYPE15M-26APR041800,Target Price: $36.2485,2026-04-04 17:45:00-04:00,2026-04-04 18:00:00-04:00,36.3454,36.2485,yes
KXHYPE15M-26APR041745,Target Price: $36.2114,2026-04-04 17:30:00-04:00,2026-04-04 17:45:00-04:00,36.2485,36.2114,yes
KXHYPE15M-26APR041730,Target Price: $36.1680,2026-04-04 17:15:00-04:00,2026-04-04 17:30:00-04:00,36.2114,36.168,yes
KXHYPE15M-26APR041715,Target Price: $36.1161,2026-04-04 17:00:00-04:00,2026-04-04 17:15:00-04:00,36.1680,36.1161,yes
KXHYPE15M-26APR041700,Target Price: $36.0619,2026-04-04 16:45:00-04:00,2026-04-04 17:00:00-04:00,36.1161,36.0619,yes
KXHYPE15M-26APR041645,Target Price: $35.9980,2026-04-04 16:30:00-04:00,2026-04-04 16:45:00-04:00,36.0619,35.998,yes
KXHYPE15M-26APR041630,Target Price: $35.9951,2026-04-04 16:15:00-04:00,2026-04-04 16:30:00-04:00,35.9980,35.9951,yes
KXHYPE15M-26APR041615,Target Price: $35.9612,2026-04-04 16:00:00-04:00,2026-04-04 16:15:00-04:00,35.9951,35.9612,yes
KXHYPE15M-26APR041600,Target Price: $35.9066,2026-04-04 15:45:00-04:00,2026-04-04 16:00:00-04:00,35.9612,35.9066,yes
KXHYPE15M-26APR041545,Target Price: $35.9435,2026-04-04 15:30:00-04:00,2026-04-04 15:45:00-04:00,35.9066,35.9435,no
KXHYPE15M-26APR041530,Target Price: $36.1332,2026-04-04 15:15:00-04:00,2026-04-04 15:30:00-04:00,35.9435,36.1332,no
KXHYPE15M-26APR041515,Target Price: $36.0281,2026-04-04 15:00:00-04:00,2026-04-04 15:15:00-04:00,36.1332,36.0281,yes
KXHYPE15M-26APR041500,Target Price: $36.0352,2026-04-04 14:45:00-04:00,2026-04-04 15:00:00-04:00,36.0281,36.0352,no
KXHYPE15M-26APR041445,Target Price: $36.1723,2026-04-04 14:30:00-04:00,2026-04-04 14:45:00-04:00,36.0352,36.1723,no
KXHYPE15M-26APR041430,Target Price: $36.0641,2026-04-04 14:15:00-04:00,2026-04-04 14:30:00-04:00,36.1723,36.0641,yes
KXHYPE15M-26APR041415,Target Price: $36.0803,2026-04-04 14:00:00-04:00,2026-04-04 14:15:00-04:00,36.0641,36.0803,no
KXHYPE15M-26APR041400,Target Price: $35.9883,2026-04-04 13:45:00-04:00,2026-04-04 14:00:00-04:00,36.0803,35.9883,yes
KXHYPE15M-26APR041345,Target Price: $36.0517,2026-04-04 13:30:00-04:00,2026-04-04 13:45:00-04:00,35.9883,36.0517,no
KXHYPE15M-26APR041330,Target Price: $35.9859,2026-04-04 13:15:00-04:00,2026-04-04 13:30:00-04:00,36.0517,35.9859,yes
KXHYPE15M-26APR041315,Target Price: $35.9314,2026-04-04 13:00:00-04:00,2026-04-04 13:15:00-04:00,35.9859,35.9314,yes
KXHYPE15M-26APR041300,Target Price: $36.0560,2026-04-04 12:45:00-04:00,2026-04-04 13:00:00-04:00,35.9314,36.056,no
KXHYPE15M-26APR041245,Target Price: $36.1710,2026-04-04 12:30:00-04:00,2026-04-04 12:45:00-04:00,36.0560,36.171,no
KXHYPE15M-26APR041230,Target Price: $35.9911,2026-04-04 12:15:00-04:00,2026-04-04 12:30:00-04:00,36.1710,35.9911,yes
KXHYPE15M-26APR041215,Target Price: $35.8835,2026-04-04 12:00:00-04:00,2026-04-04 12:15:00-04:00,35.9911,35.8835,yes
KXHYPE15M-26APR041200,Target Price: $35.8311,2026-04-04 11:45:00-04:00,2026-04-04 12:00:00-04:00,35.8835,35.8311,yes
KXHYPE15M-26APR041145,Target Price: $35.7415,2026-04-04 11:30:00-04:00,2026-04-04 11:45:00-04:00,35.8311,35.7415,yes
KXHYPE15M-26APR041130,Target Price: $35.8064,2026-04-04 11:15:00-04:00,2026-04-04 11:30:00-04:00,35.7415,35.8064,no
KXHYPE15M-26APR041115,Target Price: $35.6919,2026-04-04 11:00:00-04:00,2026-04-04 11:15:00-04:00,35.8064,35.6919,yes
KXHYPE15M-26APR041100,Target Price: $35.5612,2026-04-04 10:45:00-04:00,2026-04-04 11:00:00-04:00,35.6919,35.5612,yes
KXHYPE15M-26APR041045,Target Price: $35.6938,2026-04-04 10:30:00-04:00,2026-04-04 10:45:00-04:00,35.5612,35.6938,no
KXHYPE15M-26APR041030,Target Price: $35.7150,2026-04-04 10:15:00-04:00,2026-04-04 10:30:00-04:00,35.6938,35.715,no
KXHYPE15M-26APR041015,Target Price: $35.6672,2026-04-04 10:00:00-04:00,2026-04-04 10:15:00-04:00,35.7150,35.6672,yes
KXHYPE15M-26APR041000,Target Price: $35.7305,2026-04-04 09:45:00-04:00,2026-04-04 10:00:00-04:00,35.6672,35.7305,no
KXHYPE15M-26APR040945,Target Price: $35.6659,2026-04-04 09:30:00-04:00,2026-04-04 09:45:00-04:00,35.7305,35.6659,yes
KXHYPE15M-26APR040930,Target Price: $35.7244,2026-04-04 09:15:00-04:00,2026-04-04 09:30:00-04:00,35.6659,35.7244,no
KXHYPE15M-26APR040915,Target Price: $35.7869,2026-04-04 09:00:00-04:00,2026-04-04 09:15:00-04:00,35.7244,35.7869,no
KXHYPE15M-26APR040900,Target Price: $35.7389,2026-04-04 08:45:00-04:00,2026-04-04 09:00:00-04:00,35.7869,35.7389,yes
KXHYPE15M-26APR040845,Target Price: $35.8268,2026-04-04 08:30:00-04:00,2026-04-04 08:45:00-04:00,35.7389,35.8268,no
KXHYPE15M-26APR040830,Target Price: $35.9051,2026-04-04 08:15:00-04:00,2026-04-04 08:30:00-04:00,35.8268,35.9051,no
KXHYPE15M-26APR040815,Target Price: $35.7946,2026-04-04 08:00:00-04:00,2026-04-04 08:15:00-04:00,35.9051,35.7946,yes
KXHYPE15M-26APR040800,Target Price: $35.7540,2026-04-04 07:45:00-04:00,2026-04-04 08:00:00-04:00,35.7946,35.754,yes
KXHYPE15M-26APR040745,Target Price: $35.7751,2026-04-04 07:30:00-04:00,2026-04-04 07:45:00-04:00,35.7540,35.7751,no
KXHYPE15M-26APR040730,Target Price: $35.8058,2026-04-04 07:15:00-04:00,2026-04-04 07:30:00-04:00,35.7751,35.8058,no
KXHYPE15M-26APR040715,Target Price: $35.7929,2026-04-04 07:00:00-04:00,2026-04-04 07:15:00-04:00,35.8058,35.7929,yes
KXHYPE15M-26APR040700,Target Price: $35.7677,2026-04-04 06:45:00-04:00,2026-04-04 07:00:00-04:00,35.7929,35.7677,yes
KXHYPE15M-26APR040645,Target Price: $35.7784,2026-04-04 06:30:00-04:00,2026-04-04 06:45:00-04:00,35.7677,35.7784,no
KXHYPE15M-26APR040630,Target Price: $35.6333,2026-04-04 06:15:00-04:00,2026-04-04 06:30:00-04:00,35.7784,35.6333,yes
KXHYPE15M-26APR040615,Target Price: $35.6650,2026-04-04 06:00:00-04:00,2026-04-04 06:15:00-04:00,35.6333,35.665,no
KXHYPE15M-26APR040600,Target Price: $35.6478,2026-04-04 05:45:00-04:00,2026-04-04 06:00:00-04:00,35.6650,35.6478,yes
KXHYPE15M-26APR040545,Target Price: $35.6726,2026-04-04 05:30:00-04:00,2026-04-04 05:45:00-04:00,35.6478,35.6726,no
KXHYPE15M-26APR040530,Target Price: $35.6915,2026-04-04 05:15:00-04:00,2026-04-04 05:30:00-04:00,35.6726,35.6915,no
KXHYPE15M-26APR040515,Target Price: $35.6419,2026-04-04 05:00:00-04:00,2026-04-04 05:15:00-04:00,35.6915,35.6419,yes
KXHYPE15M-26APR040500,Target Price: $35.6662,2026-04-04 04:45:00-04:00,2026-04-04 05:00:00-04:00,35.6419,35.6662,no
KXHYPE15M-26APR040445,Target Price: $35.7522,2026-04-04 04:30:00-04:00,2026-04-04 04:45:00-04:00,35.6662,35.7522,no
KXHYPE15M-26APR040430,Target Price: $35.7292,2026-04-04 04:15:00-04:00,2026-04-04 04:30:00-04:00,35.7522,35.7292,yes
KXHYPE15M-26APR040415,Target Price: $35.7350,2026-04-04 04:00:00-04:00,2026-04-04 04:15:00-04:00,35.7292,35.735,no
KXHYPE15M-26APR040400,Target Price: $35.7387,2026-04-04 03:45:00-04:00,2026-04-04 04:00:00-04:00,35.7350,35.7387,no
KXHYPE15M-26APR040345,Target Price: $35.7703,2026-04-04 03:30:00-04:00,2026-04-04 03:45:00-04:00,35.7387,35.7703,no
KXHYPE15M-26APR040330,Target Price: $35.7437,2026-04-04 03:15:00-04:00,2026-04-04 03:30:00-04:00,35.7703,35.7437,yes
KXHYPE15M-26APR040315,Target Price: $35.7721,2026-04-04 03:00:00-04:00,2026-04-04 03:15:00-04:00,35.7437,35.7721,no
KXHYPE15M-26APR040300,Target Price: $35.6568,2026-04-04 02:45:00-04:00,2026-04-04 03:00:00-04:00,35.7721,35.6568,yes
KXHYPE15M-26APR040245,Target Price: $35.7089,2026-04-04 02:30:00-04:00,2026-04-04 02:45:00-04:00,35.6568,35.7089,no
KXHYPE15M-26APR040230,Target Price: $35.6817,2026-04-04 02:15:00-04:00,2026-04-04 02:30:00-04:00,35.7089,35.6817,yes
KXHYPE15M-26APR040215,Target Price: $35.6590,2026-04-04 02:00:00-04:00,2026-04-04 02:15:00-04:00,35.6817,35.659,yes
KXHYPE15M-26APR040200,Target Price: $35.7465,2026-04-04 01:45:00-04:00,2026-04-04 02:00:00-04:00,35.6590,35.7465,no
KXHYPE15M-26APR040145,Target Price: $35.7905,2026-04-04 01:30:00-04:00,2026-04-04 01:45:00-04:00,35.7465,35.7905,no
KXHYPE15M-26APR040130,Target Price: $35.7790,2026-04-04 01:15:00-04:00,2026-04-04 01:30:00-04:00,35.7905,35.779,yes
KXHYPE15M-26APR040115,Target Price: $35.7380,2026-04-04 01:00:00-04:00,2026-04-04 01:15:00-04:00,35.7790,35.738,yes
KXHYPE15M-26APR040100,Target Price: $35.7771,2026-04-04 00:45:00-04:00,2026-04-04 01:00:00-04:00,35.7380,35.7771,no
KXHYPE15M-26APR040045,Target Price: $35.8197,2026-04-04 00:30:00-04:00,2026-04-04 00:45:00-04:00,35.7771,35.8197,no
KXHYPE15M-26APR040030,Target Price: $35.8006,2026-04-04 00:15:00-04:00,2026-04-04 00:30:00-04:00,35.8197,35.8006,yes
KXHYPE15M-26APR040015,Target Price: $35.8531,2026-04-04 00:00:00-04:00,2026-04-04 00:15:00-04:00,35.8006,35.8531,no
KXHYPE15M-26APR040000,Target Price: $35.9352,2026-04-03 23:45:00-04:00,2026-04-04 00:00:00-04:00,35.8531,35.9352,no
KXHYPE15M-26APR032345,Target Price: $35.7946,2026-04-03 23:30:00-04:00,2026-04-03 23:45:00-04:00,35.9352,35.7946,yes
KXHYPE15M-26APR032330,Target Price: $35.8536,2026-04-03 23:15:00-04:00,2026-04-03 23:30:00-04:00,35.7946,35.8536,no
KXHYPE15M-26APR032315,Target Price: $35.8185,2026-04-03 23:00:00-04:00,2026-04-03 23:15:00-04:00,35.8536,35.8185,yes
KXHYPE15M-26APR032300,Target Price: $35.7629,2026-04-03 22:45:00-04:00,2026-04-03 23:00:00-04:00,35.8185,35.7629,yes
KXHYPE15M-26APR032245,Target Price: $35.7290,2026-04-03 22:30:00-04:00,2026-04-03 22:45:00-04:00,35.7629,35.729,yes
KXHYPE15M-26APR032230,Target Price: $35.6457,2026-04-03 22:15:00-04:00,2026-04-03 22:30:00-04:00,35.7290,35.6457,yes
KXHYPE15M-26APR032215,Target Price: $35.6740,2026-04-03 22:00:00-04:00,2026-04-03 22:15:00-04:00,35.6457,35.674,no
KXHYPE15M-26APR032200,Target Price: $35.5958,2026-04-03 21:45:00-04:00,2026-04-03 22:00:00-04:00,35.6740,35.5958,yes
KXHYPE15M-26APR032145,Target Price: $35.6034,2026-04-03 21:30:00-04:00,2026-04-03 21:45:00-04:00,35.5958,35.6034,no
KXHYPE15M-26APR032130,Target Price: $35.6611,2026-04-03 21:15:00-04:00,2026-04-03 21:30:00-04:00,35.6034,35.6611,no
KXHYPE15M-26APR032115,Target Price: $35.6539,2026-04-03 21:00:00-04:00,2026-04-03 21:15:00-04:00,35.6611,35.6539,yes
KXHYPE15M-26APR032100,Target Price: $35.6708,2026-04-03 20:45:00-04:00,2026-04-03 21:00:00-04:00,35.6539,35.6708,no
KXHYPE15M-26APR032045,Target Price: $35.6247,2026-04-03 20:30:00-04:00,2026-04-03 20:45:00-04:00,35.6708,35.6247,yes
KXHYPE15M-26APR032030,Target Price: $35.5325,2026-04-03 20:15:00-04:00,2026-04-03 20:30:00-04:00,35.6247,35.5325,yes
KXHYPE15M-26APR032015,Target Price: $35.6067,2026-04-03 20:00:00-04:00,2026-04-03 20:15:00-04:00,35.5325,35.6067,no
KXHYPE15M-26APR032000,Target Price: $35.5685,2026-04-03 19:45:00-04:00,2026-04-03 20:00:00-04:00,35.6067,35.5685,yes
KXHYPE15M-26APR031945,Target Price: $35.5874,2026-04-03 19:30:00-04:00,2026-04-03 19:45:00-04:00,35.5685,35.5874,no
KXHYPE15M-26APR031930,Target Price: $35.6236,2026-04-03 19:15:00-04:00,2026-04-03 19:30:00-04:00,35.5874,35.6236,no
KXHYPE15M-26APR031915,Target Price: $35.6462,2026-04-03 19:00:00-04:00,2026-04-03 19:15:00-04:00,35.6236,35.6462,no
KXHYPE15M-26APR031900,Target Price: $35.7031,2026-04-03 18:45:00-04:00,2026-04-03 19:00:00-04:00,35.6462,35.7031,no
KXHYPE15M-26APR031845,Target Price: $35.7697,2026-04-03 18:30:00-04:00,2026-04-03 18:45:00-04:00,35.7031,35.7697,no
KXHYPE15M-26APR031830,Target Price: $35.7652,2026-04-03 18:15:00-04:00,2026-04-03 18:30:00-04:00,35.7697,35.7652,yes
KXHYPE15M-26APR031815,Target Price: $35.8580,2026-04-03 18:00:00-04:00,2026-04-03 18:15:00-04:00,35.7652,35.858,no
KXHYPE15M-26APR031800,Target Price: $35.8686,2026-04-03 17:45:00-04:00,2026-04-03 18:00:00-04:00,35.8580,35.8686,no
KXHYPE15M-26APR031745,Target Price: $35.8692,2026-04-03 17:30:00-04:00,2026-04-03 17:45:00-04:00,35.8686,35.8692,no
KXHYPE15M-26APR031730,Target Price: $35.8846,2026-04-03 17:15:00-04:00,2026-04-03 17:30:00-04:00,35.8692,35.8846,no
KXHYPE15M-26APR031715,Target Price: $35.8838,2026-04-03 17:00:00-04:00,2026-04-03 17:15:00-04:00,35.8846,35.8838,yes
KXHYPE15M-26APR031700,Target Price: $35.8915,2026-04-03 16:45:00-04:00,2026-04-03 17:00:00-04:00,35.8838,35.8915,no
KXHYPE15M-26APR031645,Target Price: $35.7514,2026-04-03 16:30:00-04:00,2026-04-03 16:45:00-04:00,35.8915,35.7514,yes
KXHYPE15M-26APR031630,Target Price: $35.7682,2026-04-03 16:15:00-04:00,2026-04-03 16:30:00-04:00,35.7514,35.7682,no
KXHYPE15M-26APR031615,Target Price: $35.7518,2026-04-03 16:00:00-04:00,2026-04-03 16:15:00-04:00,35.7682,35.7518,yes
KXHYPE15M-26APR031600,Target Price: $35.7000,2026-04-03 15:45:00-04:00,2026-04-03 16:00:00-04:00,35.7518,35.7,yes
KXHYPE15M-26APR031545,Target Price: $35.6509,2026-04-03 15:30:00-04:00,2026-04-03 15:45:00-04:00,35.7000,35.6509,yes
KXHYPE15M-26APR031530,Target Price: $35.5604,2026-04-03 15:15:00-04:00,2026-04-03 15:30:00-04:00,35.6509,35.5604,yes
KXHYPE15M-26APR031515,Target Price: $35.5167,2026-04-03 15:00:00-04:00,2026-04-03 15:15:00-04:00,35.5604,35.5167,yes
KXHYPE15M-26APR031500,Target Price: $35.6472,2026-04-03 14:45:00-04:00,2026-04-03 15:00:00-04:00,35.5167,35.6472,no
KXHYPE15M-26APR031445,Target Price: $35.6328,2026-04-03 14:30:00-04:00,2026-04-03 14:45:00-04:00,35.6472,35.6328,yes
KXHYPE15M-26APR031430,Target Price: $35.6195,2026-04-03 14:15:00-04:00,2026-04-03 14:30:00-04:00,35.6328,35.6195,yes
KXHYPE15M-26APR031415,Target Price: $35.6779,2026-04-03 14:00:00-04:00,2026-04-03 14:15:00-04:00,35.6195,35.6779,no
KXHYPE15M-26APR031400,Target Price: $35.7895,2026-04-03 13:45:00-04:00,2026-04-03 14:00:00-04:00,35.6779,35.7895,no
KXHYPE15M-26APR031345,Target Price: $35.8305,2026-04-03 13:30:00-04:00,2026-04-03 13:45:00-04:00,35.7895,35.8305,no
KXHYPE15M-26APR031330,Target Price: $35.9204,2026-04-03 13:15:00-04:00,2026-04-03 13:30:00-04:00,35.8305,35.9204,no
KXHYPE15M-26APR031315,Target Price: $35.9544,2026-04-03 13:00:00-04:00,2026-04-03 13:15:00-04:00,35.9204,35.9544,no
KXHYPE15M-26APR031300,Target Price: $35.8892,2026-04-03 12:45:00-04:00,2026-04-03 13:00:00-04:00,35.9544,35.8892,yes
KXHYPE15M-26APR031245,Target Price: $35.9121,2026-04-03 12:30:00-04:00,2026-04-03 12:45:00-04:00,35.8892,35.9121,no
KXHYPE15M-26APR031230,Target Price: $35.7212,2026-04-03 12:15:00-04:00,2026-04-03 12:30:00-04:00,35.9121,35.7212,yes
KXHYPE15M-26APR031215,Target Price: $35.7818,2026-04-03 12:00:00-04:00,2026-04-03 12:15:00-04:00,35.7212,35.7818,no
KXHYPE15M-26APR031200,Target Price: $35.7410,2026-04-03 11:45:00-04:00,2026-04-03 12:00:00-04:00,35.7818,35.741,yes
KXHYPE15M-26APR031145,Target Price: $35.9103,2026-04-03 11:30:00-04:00,2026-04-03 11:45:00-04:00,35.7410,35.9103,no
KXHYPE15M-26APR031130,Target Price: $35.9539,2026-04-03 11:15:00-04:00,2026-04-03 11:30:00-04:00,35.9103,35.9539,no
KXHYPE15M-26APR031115,Target Price: $35.9083,2026-04-03 11:00:00-04:00,2026-04-03 11:15:00-04:00,35.9539,35.9083,yes
KXHYPE15M-26APR031100,Target Price: $35.7386,2026-04-03 10:45:00-04:00,2026-04-03 11:00:00-04:00,35.9083,35.7386,yes
KXHYPE15M-26APR031045,Target Price: $35.7405,2026-04-03 10:30:00-04:00,2026-04-03 10:45:00-04:00,35.7386,35.7405,no
KXHYPE15M-26APR031030,Target Price: $35.6019,2026-04-03 10:15:00-04:00,2026-04-03 10:30:00-04:00,35.7405,35.6019,yes
KXHYPE15M-26APR031015,Target Price: $35.6066,2026-04-03 10:00:00-04:00,2026-04-03 10:15:00-04:00,35.6019,35.6066,no
KXHYPE15M-26APR031000,Target Price: $35.5654,2026-04-03 09:45:00-04:00,2026-04-03 10:00:00-04:00,35.6066,35.5654,yes
KXHYPE15M-26APR030945,Target Price: $35.4251,2026-04-03 09:30:00-04:00,2026-04-03 09:45:00-04:00,35.5654,35.4251,yes
KXHYPE15M-26APR030930,Target Price: $35.4767,2026-04-03 09:15:00-04:00,2026-04-03 09:30:00-04:00,35.4251,35.4767,no
KXHYPE15M-26APR030915,Target Price: $35.6565,2026-04-03 09:00:00-04:00,2026-04-03 09:15:00-04:00,35.4767,35.6565,no
KXHYPE15M-26APR030900,Target Price: $35.8215,2026-04-03 08:45:00-04:00,2026-04-03 09:00:00-04:00,35.6565,35.8215,no
KXHYPE15M-26APR030845,Target Price: $35.9601,2026-04-03 08:30:00-04:00,2026-04-03 08:45:00-04:00,35.8215,35.9601,no
KXHYPE15M-26APR030830,Target Price: $35.9566,2026-04-03 08:15:00-04:00,2026-04-03 08:30:00-04:00,35.9601,35.9566,yes
KXHYPE15M-26APR030815,Target Price: $35.9469,2026-04-03 08:00:00-04:00,2026-04-03 08:15:00-04:00,35.9566,35.9469,yes
KXHYPE15M-26APR030800,Target Price: $35.9467,2026-04-03 07:45:00-04:00,2026-04-03 08:00:00-04:00,35.9469,35.9467,yes
KXHYPE15M-26APR030745,Target Price: $35.9215,2026-04-03 07:30:00-04:00,2026-04-03 07:45:00-04:00,35.9467,35.9215,yes
KXHYPE15M-26APR030730,Target Price: $35.8054,2026-04-03 07:15:00-04:00,2026-04-03 07:30:00-04:00,35.9215,35.8054,yes
KXHYPE15M-26APR030715,Target Price: $35.8965,2026-04-03 07:00:00-04:00,2026-04-03 07:15:00-04:00,35.8054,35.8965,no
KXHYPE15M-26APR030700,Target Price: $35.7467,2026-04-03 06:45:00-04:00,2026-04-03 07:00:00-04:00,35.8965,35.7467,yes
KXHYPE15M-26APR030645,Target Price: $35.8669,2026-04-03 06:30:00-04:00,2026-04-03 06:45:00-04:00,35.7467,35.8669,no
KXHYPE15M-26APR030630,Target Price: $35.9815,2026-04-03 06:15:00-04:00,2026-04-03 06:30:00-04:00,35.8669,35.9815,no
KXHYPE15M-26APR030615,Target Price: $35.9789,2026-04-03 06:00:00-04:00,2026-04-03 06:15:00-04:00,35.9815,35.9789,yes
KXHYPE15M-26APR030600,Target Price: $36.0237,2026-04-03 05:45:00-04:00,2026-04-03 06:00:00-04:00,35.9789,36.0237,no
KXHYPE15M-26APR030545,Target Price: $35.7925,2026-04-03 05:30:00-04:00,2026-04-03 05:45:00-04:00,36.0237,35.7925,yes
KXHYPE15M-26APR030530,Target Price: $35.8859,2026-04-03 05:15:00-04:00,2026-04-03 05:30:00-04:00,35.7925,35.8859,no
KXHYPE15M-26APR030515,Target Price: $35.9319,2026-04-03 05:00:00-04:00,2026-04-03 05:15:00-04:00,35.8859,35.9319,no
KXHYPE15M-26APR030500,Target Price: $35.8971,2026-04-03 04:45:00-04:00,2026-04-03 05:00:00-04:00,35.9319,35.8971,yes
KXHYPE15M-26APR030445,Target Price: $35.9599,2026-04-03 04:30:00-04:00,2026-04-03 04:45:00-04:00,35.8971,35.9599,no
KXHYPE15M-26APR030430,Target Price: $36.0374,2026-04-03 04:15:00-04:00,2026-04-03 04:30:00-04:00,35.9599,36.0374,no
KXHYPE15M-26APR030415,Target Price: $35.8488,2026-04-03 04:00:00-04:00,2026-04-03 04:15:00-04:00,36.0374,35.8488,yes
KXHYPE15M-26APR030400,Target Price: $35.7689,2026-04-03 03:45:00-04:00,2026-04-03 04:00:00-04:00,35.8488,35.7689,yes
KXHYPE15M-26APR030345,Target Price: $35.6505,2026-04-03 03:30:00-04:00,2026-04-03 03:45:00-04:00,35.7689,35.6505,yes
KXHYPE15M-26APR030330,Target Price: $35.6545,2026-04-03 03:15:00-04:00,2026-04-03 03:30:00-04:00,35.6505,35.6545,no
KXHYPE15M-26APR030315,Target Price: $35.6973,2026-04-03 03:00:00-04:00,2026-04-03 03:15:00-04:00,35.6545,35.6973,no
KXHYPE15M-26APR030300,Target Price: $35.6389,2026-04-03 02:45:00-04:00,2026-04-03 03:00:00-04:00,35.6973,35.6389,yes
KXHYPE15M-26APR030245,Target Price: $35.5022,2026-04-03 02:30:00-04:00,2026-04-03 02:45:00-04:00,35.6389,35.5022,yes
KXHYPE15M-26APR030230,Target Price: $35.4324,2026-04-03 02:15:00-04:00,2026-04-03 02:30:00-04:00,35.5022,35.4324,yes
KXHYPE15M-26APR030215,Target Price: $35.4253,2026-04-03 02:00:00-04:00,2026-04-03 02:15:00-04:00,35.4324,35.4253,yes
KXHYPE15M-26APR030200,Target Price: $35.6240,2026-04-03 01:45:00-04:00,2026-04-03 02:00:00-04:00,35.4253,35.624,no
KXHYPE15M-26APR030145,Target Price: $35.5453,2026-04-03 01:30:00-04:00,2026-04-03 01:45:00-04:00,35.6240,35.5453,yes
KXHYPE15M-26APR030130,Target Price: $35.6311,2026-04-03 01:15:00-04:00,2026-04-03 01:30:00-04:00,35.5453,35.6311,no
KXHYPE15M-26APR030115,Target Price: $35.5248,2026-04-03 01:00:00-04:00,2026-04-03 01:15:00-04:00,35.6311,35.5248,yes
KXHYPE15M-26APR030100,Target Price: $35.6149,2026-04-03 00:45:00-04:00,2026-04-03 01:00:00-04:00,35.5248,35.6149,no
KXHYPE15M-26APR030045,Target Price: $35.5574,2026-04-03 00:30:00-04:00,2026-04-03 00:45:00-04:00,35.6149,35.5574,yes
KXHYPE15M-26APR030030,Target Price: $35.5343,2026-04-03 00:15:00-04:00,2026-04-03 00:30:00-04:00,35.5574,35.5343,yes
KXHYPE15M-26APR030015,Target Price: $35.4415,2026-04-03 00:00:00-04:00,2026-04-03 00:15:00-04:00,35.5343,35.4415,yes
KXHYPE15M-26APR030000,Target Price: $35.3969,2026-04-02 23:45:00-04:00,2026-04-03 00:00:00-04:00,35.4415,35.3969,yes
KXHYPE15M-26APR022345,Target Price: $35.5067,2026-04-02 23:30:00-04:00,2026-04-02 23:45:00-04:00,35.3969,35.5067,no
KXHYPE15M-26APR022330,Target Price: $35.5617,2026-04-02 23:15:00-04:00,2026-04-02 23:30:00-04:00,35.5067,35.5617,no
KXHYPE15M-26APR022315,Target Price: $35.5645,2026-04-02 23:00:00-04:00,2026-04-02 23:15:00-04:00,35.5617,35.5645,no
KXHYPE15M-26APR022300,Target Price: $35.4444,2026-04-02 22:45:00-04:00,2026-04-02 23:00:00-04:00,35.5645,35.4444,yes
KXHYPE15M-26APR022245,Target Price: $35.4840,2026-04-02 22:30:00-04:00,2026-04-02 22:45:00-04:00,35.4444,35.484,no
KXHYPE15M-26APR022230,Target Price: $35.5379,2026-04-02 22:15:00-04:00,2026-04-02 22:30:00-04:00,35.4840,35.5379,no
KXHYPE15M-26APR022215,Target Price: $35.5429,2026-04-02 22:00:00-04:00,2026-04-02 22:15:00-04:00,35.5379,35.5429,no
KXHYPE15M-26APR022200,Target Price: $35.4118,2026-04-02 21:45:00-04:00,2026-04-02 22:00:00-04:00,35.5429,35.4118,yes
KXHYPE15M-26APR022145,Target Price: $35.4608,2026-04-02 21:30:00-04:00,2026-04-02 21:45:00-04:00,35.4118,35.4608,no
KXHYPE15M-26APR022130,Target Price: $35.4651,2026-04-02 21:15:00-04:00,2026-04-02 21:30:00-04:00,35.4608,35.4651,no
KXHYPE15M-26APR022115,Target Price: $35.3886,2026-04-02 21:00:00-04:00,2026-04-02 21:15:00-04:00,35.4651,35.3886,yes
KXHYPE15M-26APR022100,Target Price: $35.3473,2026-04-02 20:45:00-04:00,2026-04-02 21:00:00-04:00,35.3886,35.3473,yes
KXHYPE15M-26APR022045,Target Price: $35.2463,2026-04-02 20:30:00-04:00,2026-04-02 20:45:00-04:00,35.3473,35.2463,yes
KXHYPE15M-26APR022030,Target Price: $35.1358,2026-04-02 20:15:00-04:00,2026-04-02 20:30:00-04:00,35.2463,35.1358,yes
KXHYPE15M-26APR022015,Target Price: $35.2050,2026-04-02 20:00:00-04:00,2026-04-02 20:15:00-04:00,35.1358,35.205,no
KXHYPE15M-26APR022000,Target Price: $35.2155,2026-04-02 19:45:00-04:00,2026-04-02 20:00:00-04:00,35.2050,35.2155,no
KXHYPE15M-26APR021945,Target Price: $35.2587,2026-04-02 19:30:00-04:00,2026-04-02 19:45:00-04:00,35.2155,35.2587,no
KXHYPE15M-26APR021930,Target Price: $35.1925,2026-04-02 19:15:00-04:00,2026-04-02 19:30:00-04:00,35.2587,35.1925,yes
KXHYPE15M-26APR021915,Target Price: $35.1671,2026-04-02 19:00:00-04:00,2026-04-02 19:15:00-04:00,35.1925,35.1671,yes
KXHYPE15M-26APR021900,Target Price: $35.1220,2026-04-02 18:45:00-04:00,2026-04-02 19:00:00-04:00,35.1671,35.122,yes
KXHYPE15M-26APR021845,Target Price: $35.1194,2026-04-02 18:30:00-04:00,2026-04-02 18:45:00-04:00,35.1220,35.1194,yes
KXHYPE15M-26APR021830,Target Price: $35.1520,2026-04-02 18:15:00-04:00,2026-04-02 18:30:00-04:00,35.1194,35.152,no
KXHYPE15M-26APR021815,Target Price: $35.1042,2026-04-02 18:00:00-04:00,2026-04-02 18:15:00-04:00,35.1520,35.1042,yes
KXHYPE15M-26APR021800,Target Price: $35.0356,2026-04-02 17:45:00-04:00,2026-04-02 18:00:00-04:00,35.1042,35.0356,yes
KXHYPE15M-26APR021745,Target Price: $35.1215,2026-04-02 17:30:00-04:00,2026-04-02 17:45:00-04:00,35.0356,35.1215,no
KXHYPE15M-26APR021730,Target Price: $35.1409,2026-04-02 17:15:00-04:00,2026-04-02 17:30:00-04:00,35.1215,35.1409,no
KXHYPE15M-26APR021715,Target Price: $35.1490,2026-04-02 17:00:00-04:00,2026-04-02 17:15:00-04:00,35.1409,35.149,no
KXHYPE15M-26APR021700,Target Price: $35.2451,2026-04-02 16:45:00-04:00,2026-04-02 17:00:00-04:00,35.1490,35.2451,no
KXHYPE15M-26APR021645,Target Price: $35.0975,2026-04-02 16:30:00-04:00,2026-04-02 16:45:00-04:00,35.2451,35.0975,yes
KXHYPE15M-26APR021630,Target Price: $35.0057,2026-04-02 16:15:00-04:00,2026-04-02 16:30:00-04:00,35.0975,35.0057,yes
KXHYPE15M-26APR021615,Target Price: $34.9463,2026-04-02 16:00:00-04:00,2026-04-02 16:15:00-04:00,35.0057,34.9463,yes
KXHYPE15M-26APR021600,Target Price: $34.8040,2026-04-02 15:45:00-04:00,2026-04-02 16:00:00-04:00,34.9463,34.804,yes
KXHYPE15M-26APR021545,Target Price: $34.9292,2026-04-02 15:30:00-04:00,2026-04-02 15:45:00-04:00,34.8040,34.9292,no
KXHYPE15M-26APR021530,Target Price: $34.9330,2026-04-02 15:15:00-04:00,2026-04-02 15:30:00-04:00,34.9292,34.933,no
KXHYPE15M-26APR021515,Target Price: $34.8337,2026-04-02 15:00:00-04:00,2026-04-02 15:15:00-04:00,34.9330,34.8337,yes
KXHYPE15M-26APR021500,Target Price: $34.6525,2026-04-02 14:45:00-04:00,2026-04-02 15:00:00-04:00,34.8337,34.6525,yes
KXHYPE15M-26APR021445,Target Price: $34.6365,2026-04-02 14:30:00-04:00,2026-04-02 14:45:00-04:00,34.6525,34.6365,yes
KXHYPE15M-26APR021430,Target Price: $34.6691,2026-04-02 14:15:00-04:00,2026-04-02 14:30:00-04:00,34.6365,34.6691,no
KXHYPE15M-26APR021415,Target Price: $34.6985,2026-04-02 14:00:00-04:00,2026-04-02 14:15:00-04:00,34.6691,34.6985,no
KXHYPE15M-26APR021400,Target Price: $34.9479,2026-04-02 13:45:00-04:00,2026-04-02 14:00:00-04:00,34.6985,34.9479,no
KXHYPE15M-26APR021345,Target Price: $35.1279,2026-04-02 13:30:00-04:00,2026-04-02 13:45:00-04:00,34.9479,35.1279,no
KXHYPE15M-26APR021330,Target Price: $35.0342,2026-04-02 13:15:00-04:00,2026-04-02 13:30:00-04:00,35.1279,35.0342,yes
KXHYPE15M-26APR021315,Target Price: $35.0406,2026-04-02 13:00:00-04:00,2026-04-02 13:15:00-04:00,35.0342,35.0406,no
KXHYPE15M-26APR021300,Target Price: $35.1032,2026-04-02 12:45:00-04:00,2026-04-02 13:00:00-04:00,35.0406,35.1032,no
KXHYPE15M-26APR021245,Target Price: $35.0838,2026-04-02 12:30:00-04:00,2026-04-02 12:45:00-04:00,35.1032,35.0838,yes
KXHYPE15M-26APR021230,Target Price: $34.9453,2026-04-02 12:15:00-04:00,2026-04-02 12:30:00-04:00,35.0838,34.9453,yes
KXHYPE15M-26APR021215,Target Price: $34.8570,2026-04-02 12:00:00-04:00,2026-04-02 12:15:00-04:00,34.9453,34.857,yes
KXHYPE15M-26APR021200,Target Price: $34.8826,2026-04-02 11:45:00-04:00,2026-04-02 12:00:00-04:00,34.8570,34.8826,no
KXHYPE15M-26APR021145,Target Price: $34.7558,2026-04-02 11:30:00-04:00,2026-04-02 11:45:00-04:00,34.8826,34.7558,yes
KXHYPE15M-26APR021130,Target Price: $34.8624,2026-04-02 11:15:00-04:00,2026-04-02 11:30:00-04:00,34.7558,34.8624,no
KXHYPE15M-26APR021115,Target Price: $34.9031,2026-04-02 11:00:00-04:00,2026-04-02 11:15:00-04:00,34.8624,34.9031,no
KXHYPE15M-26APR021100,Target Price: $34.8415,2026-04-02 10:45:00-04:00,2026-04-02 11:00:00-04:00,34.9031,34.8415,yes
KXHYPE15M-26APR021045,Target Price: $34.5499,2026-04-02 10:30:00-04:00,2026-04-02 10:45:00-04:00,34.8415,34.5499,yes
KXHYPE15M-26APR021030,Target Price: $34.6629,2026-04-02 10:15:00-04:00,2026-04-02 10:30:00-04:00,34.5499,34.6629,no
KXHYPE15M-26APR021015,Target Price: $34.6432,2026-04-02 10:00:00-04:00,2026-04-02 10:15:00-04:00,34.6629,34.6432,yes
KXHYPE15M-26APR021000,Target Price: $34.4672,2026-04-02 09:45:00-04:00,2026-04-02 10:00:00-04:00,34.6432,34.4672,yes
KXHYPE15M-26APR020945,Target Price: $34.7712,2026-04-02 09:30:00-04:00,2026-04-02 09:45:00-04:00,34.4672,34.7712,no
KXHYPE15M-26APR020930,Target Price: $34.7772,2026-04-02 09:15:00-04:00,2026-04-02 09:30:00-04:00,34.7712,34.7772,no
KXHYPE15M-26APR020915,Target Price: $34.6963,2026-04-02 09:00:00-04:00,2026-04-02 09:15:00-04:00,34.7772,34.6963,yes
KXHYPE15M-26APR020900,Target Price: $34.8040,2026-04-02 08:45:00-04:00,2026-04-02 09:00:00-04:00,34.6963,34.804,no
KXHYPE15M-26APR020845,Target Price: $34.7076,2026-04-02 08:30:00-04:00,2026-04-02 08:45:00-04:00,34.8040,34.7076,yes
KXHYPE15M-26APR020830,Target Price: $34.7807,2026-04-02 08:15:00-04:00,2026-04-02 08:30:00-04:00,34.7076,34.7807,no
KXHYPE15M-26APR020815,Target Price: $34.8120,2026-04-02 08:00:00-04:00,2026-04-02 08:15:00-04:00,34.7807,34.812,no
KXHYPE15M-26APR020800,Target Price: $34.8783,2026-04-02 07:45:00-04:00,2026-04-02 08:00:00-04:00,34.8120,34.8783,no
KXHYPE15M-26APR020745,Target Price: $34.9168,2026-04-02 07:30:00-04:00,2026-04-02 07:45:00-04:00,34.8783,34.9168,no
KXHYPE15M-26APR020730,Target Price: $34.7387,2026-04-02 07:15:00-04:00,2026-04-02 07:30:00-04:00,34.9168,34.7387,yes
KXHYPE15M-26APR020715,Target Price: $34.8210,2026-04-02 07:00:00-04:00,2026-04-02 07:15:00-04:00,34.7387,34.821,no
KXHYPE15M-26APR020700,Target Price: $34.8797,2026-04-02 06:45:00-04:00,2026-04-02 07:00:00-04:00,34.8210,34.8797,no
KXHYPE15M-26APR020645,Target Price: $34.9357,2026-04-02 06:30:00-04:00,2026-04-02 06:45:00-04:00,34.8797,34.9357,no
KXHYPE15M-26APR020630,Target Price: $34.8528,2026-04-02 06:15:00-04:00,2026-04-02 06:30:00-04:00,34.9357,34.8528,yes
KXHYPE15M-26APR020615,Target Price: $35.0978,2026-04-02 06:00:00-04:00,2026-04-02 06:15:00-04:00,34.8528,35.0978,no
KXHYPE15M-26APR020600,Target Price: $35.0186,2026-04-02 05:45:00-04:00,2026-04-02 06:00:00-04:00,35.0978,35.0186,yes
KXHYPE15M-26APR020545,Target Price: $34.9630,2026-04-02 05:30:00-04:00,2026-04-02 05:45:00-04:00,35.0186,34.963,yes
KXHYPE15M-26APR020530,Target Price: $35.0334,2026-04-02 05:15:00-04:00,2026-04-02 05:30:00-04:00,34.9630,35.0334,no
KXHYPE15M-26APR020515,Target Price: $35.0366,2026-04-02 05:00:00-04:00,2026-04-02 05:15:00-04:00,35.0334,35.0366,no
KXHYPE15M-26APR020200,Target Price: $35.2080,2026-04-02 01:45:00-04:00,2026-04-02 02:00:00-04:00,35.2670,35.208,yes
KXHYPE15M-26APR020145,Target Price: $34.9907,2026-04-02 01:30:00-04:00,2026-04-02 01:45:00-04:00,35.2080,34.9907,yes
KXHYPE15M-26APR020130,Target Price: $35.0448,2026-04-02 01:15:00-04:00,2026-04-02 01:30:00-04:00,34.9907,35.0448,no
KXHYPE15M-26APR020115,Target Price: $35.0376,2026-04-02 01:00:00-04:00,2026-04-02 01:15:00-04:00,35.0448,35.0376,yes
KXHYPE15M-26APR020100,Target Price: $35.0670,2026-04-02 00:45:00-04:00,2026-04-02 01:00:00-04:00,35.0376,35.067,no
KXHYPE15M-26APR020045,Target Price: $35.1157,2026-04-02 00:30:00-04:00,2026-04-02 00:45:00-04:00,35.0670,35.1157,no
KXHYPE15M-26APR020030,Target Price: $35.1165,2026-04-02 00:15:00-04:00,2026-04-02 00:30:00-04:00,35.1157,35.1165,no
KXHYPE15M-26APR020015,Target Price: $35.2265,2026-04-02 00:00:00-04:00,2026-04-02 00:15:00-04:00,35.1165,35.2265,no
KXHYPE15M-26APR020000,Target Price: $35.1314,2026-04-01 23:45:00-04:00,2026-04-02 00:00:00-04:00,35.2265,35.1314,yes
KXHYPE15M-26APR012345,Target Price: $35.3739,2026-04-01 23:30:00-04:00,2026-04-01 23:45:00-04:00,35.1314,35.3739,no
KXHYPE15M-26APR012330,Target Price: $35.5139,2026-04-01 23:15:00-04:00,2026-04-01 23:30:00-04:00,35.3739,35.5139,no
KXHYPE15M-26APR012315,Target Price: $35.6057,2026-04-01 23:00:00-04:00,2026-04-01 23:15:00-04:00,35.5139,35.6057,no
KXHYPE15M-26APR012300,Target Price: $35.3350,2026-04-01 22:45:00-04:00,2026-04-01 23:00:00-04:00,35.6057,35.335,yes
KXHYPE15M-26APR012245,Target Price: $35.3696,2026-04-01 22:30:00-04:00,2026-04-01 22:45:00-04:00,35.3350,35.3696,no
KXHYPE15M-26APR012230,Target Price: $35.2440,2026-04-01 22:15:00-04:00,2026-04-01 22:30:00-04:00,35.3696,35.244,yes
KXHYPE15M-26APR012215,Target Price: $35.4217,2026-04-01 22:00:00-04:00,2026-04-01 22:15:00-04:00,35.2440,35.4217,no
KXHYPE15M-26APR012200,Target Price: $35.5578,2026-04-01 21:45:00-04:00,2026-04-01 22:00:00-04:00,35.4217,35.5578,no
KXHYPE15M-26APR012145,Target Price: $35.7235,2026-04-01 21:30:00-04:00,2026-04-01 21:45:00-04:00,35.5578,35.7235,no
KXHYPE15M-26APR012130,Target Price: $36.0832,2026-04-01 21:15:00-04:00,2026-04-01 21:30:00-04:00,35.7235,36.0832,no
KXHYPE15M-26APR012115,Target Price: $36.1929,2026-04-01 21:00:00-04:00,2026-04-01 21:15:00-04:00,36.0832,36.1929,no
KXHYPE15M-26APR012100,Target Price: $36.2146,2026-04-01 20:45:00-04:00,2026-04-01 21:00:00-04:00,36.1929,36.2146,no
KXHYPE15M-26APR012045,Target Price: $36.0273,2026-04-01 20:30:00-04:00,2026-04-01 20:45:00-04:00,36.2146,36.0273,yes
KXHYPE15M-26APR012030,Target Price: $36.1443,2026-04-01 20:15:00-04:00,2026-04-01 20:30:00-04:00,36.0273,36.1443,no
KXHYPE15M-26APR012015,Target Price: $36.0234,2026-04-01 20:00:00-04:00,2026-04-01 20:15:00-04:00,36.1443,36.0234,yes
KXHYPE15M-26APR012000,Target Price: $35.9707,2026-04-01 19:45:00-04:00,2026-04-01 20:00:00-04:00,36.0234,35.9707,yes
KXHYPE15M-26APR011945,Target Price: $36.0509,2026-04-01 19:30:00-04:00,2026-04-01 19:45:00-04:00,35.9707,36.0509,no
KXHYPE15M-26APR011930,Target Price: $36.0086,2026-04-01 19:15:00-04:00,2026-04-01 19:30:00-04:00,36.0509,36.0086,yes
KXHYPE15M-26APR011915,Target Price: $36.0460,2026-04-01 19:00:00-04:00,2026-04-01 19:15:00-04:00,36.0086,36.046,no
KXHYPE15M-26APR011900,Target Price: $35.9938,2026-04-01 18:45:00-04:00,2026-04-01 19:00:00-04:00,36.0460,35.9938,yes
KXHYPE15M-26APR011845,Target Price: $35.9952,2026-04-01 18:30:00-04:00,2026-04-01 18:45:00-04:00,35.9938,35.9952,no
KXHYPE15M-26APR011830,Target Price: $36.0935,2026-04-01 18:15:00-04:00,2026-04-01 18:30:00-04:00,35.9952,36.0935,no
KXHYPE15M-26APR011815,Target Price: $36.2298,2026-04-01 18:00:00-04:00,2026-04-01 18:15:00-04:00,36.0935,36.2298,no
KXHYPE15M-26APR011800,Target Price: $36.1379,2026-04-01 17:45:00-04:00,2026-04-01 18:00:00-04:00,36.2298,36.1379,yes
KXHYPE15M-26APR011745,Target Price: $36.1432,2026-04-01 17:30:00-04:00,2026-04-01 17:45:00-04:00,36.1379,36.1432,no
KXHYPE15M-26APR011730,Target Price: $36.0694,2026-04-01 17:15:00-04:00,2026-04-01 17:30:00-04:00,36.1432,36.0694,yes
KXHYPE15M-26APR011715,Target Price: $36.0714,2026-04-01 17:00:00-04:00,2026-04-01 17:15:00-04:00,36.0694,36.0714,no
KXHYPE15M-26APR011700,Target Price: $36.0772,2026-04-01 16:45:00-04:00,2026-04-01 17:00:00-04:00,36.0714,36.0772,no
KXHYPE15M-26APR011645,Target Price: $36.0721,2026-04-01 16:30:00-04:00,2026-04-01 16:45:00-04:00,36.0772,36.0721,yes
KXHYPE15M-26APR011630,Target Price: $36.1339,2026-04-01 16:15:00-04:00,2026-04-01 16:30:00-04:00,36.0721,36.1339,no
KXHYPE15M-26APR011615,Target Price: $36.2046,2026-04-01 16:00:00-04:00,2026-04-01 16:15:00-04:00,36.1339,36.2046,no
KXHYPE15M-26APR011600,Target Price: $36.2185,2026-04-01 15:45:00-04:00,2026-04-01 16:00:00-04:00,36.2046,36.2185,no
KXHYPE15M-26APR011545,Target Price: $36.2594,2026-04-01 15:30:00-04:00,2026-04-01 15:45:00-04:00,36.2185,36.2594,no
KXHYPE15M-26APR011530,Target Price: $36.2087,2026-04-01 15:15:00-04:00,2026-04-01 15:30:00-04:00,36.2594,36.2087,yes
KXHYPE15M-26APR011515,Target Price: $36.1759,2026-04-01 15:00:00-04:00,2026-04-01 15:15:00-04:00,36.2087,36.1759,yes
KXHYPE15M-26APR011500,Target Price: $36.2186,2026-04-01 14:45:00-04:00,2026-04-01 15:00:00-04:00,36.1759,36.2186,no
KXHYPE15M-26APR011445,Target Price: $36.3160,2026-04-01 14:30:00-04:00,2026-04-01 14:45:00-04:00,36.2186,36.316,no
KXHYPE15M-26APR011430,Target Price: $36.4925,2026-04-01 14:15:00-04:00,2026-04-01 14:30:00-04:00,36.3160,36.4925,no
KXHYPE15M-26APR011415,Target Price: $36.3844,2026-04-01 14:00:00-04:00,2026-04-01 14:15:00-04:00,36.4925,36.3844,yes
KXHYPE15M-26APR011400,Target Price: $36.4630,2026-04-01 13:45:00-04:00,2026-04-01 14:00:00-04:00,36.3844,36.463,no
KXHYPE15M-26APR011345,Target Price: $36.4190,2026-04-01 13:30:00-04:00,2026-04-01 13:45:00-04:00,36.4630,36.419,yes
KXHYPE15M-26APR011330,Target Price: $36.7287,2026-04-01 13:15:00-04:00,2026-04-01 13:30:00-04:00,36.4190,36.7287,no
KXHYPE15M-26APR011315,Target Price: $36.7185,2026-04-01 13:00:00-04:00,2026-04-01 13:15:00-04:00,36.7287,36.7185,yes
KXHYPE15M-26APR011300,Target Price: $36.9007,2026-04-01 12:45:00-04:00,2026-04-01 13:00:00-04:00,36.7185,36.9007,no
KXHYPE15M-26APR011245,Target Price: $36.8939,2026-04-01 12:30:00-04:00,2026-04-01 12:45:00-04:00,36.9007,36.8939,yes
KXHYPE15M-26APR011230,Target Price: $36.7224,2026-04-01 12:15:00-04:00,2026-04-01 12:30:00-04:00,36.8939,36.7224,yes
KXHYPE15M-26APR011215,Target Price: $37.3790,2026-04-01 12:00:00-04:00,2026-04-01 12:15:00-04:00,36.7224,37.379,no
KXHYPE15M-26APR011200,Target Price: $37.3224,2026-04-01 11:45:00-04:00,2026-04-01 12:00:00-04:00,37.3790,37.3224,yes
KXHYPE15M-26APR011145,Target Price: $37.2639,2026-04-01 11:30:00-04:00,2026-04-01 11:45:00-04:00,37.3224,37.2639,yes
KXHYPE15M-26APR011130,Target Price: $37.0337,2026-04-01 11:15:00-04:00,2026-04-01 11:30:00-04:00,37.2639,37.0337,yes
KXHYPE15M-26APR011115,Target Price: $37.0658,2026-04-01 11:00:00-04:00,2026-04-01 11:15:00-04:00,37.0337,37.0658,no
KXHYPE15M-26APR011100,Target Price: $36.8058,2026-04-01 10:45:00-04:00,2026-04-01 11:00:00-04:00,37.0658,36.8058,yes
KXHYPE15M-26APR011045,Target Price: $36.8570,2026-04-01 10:30:00-04:00,2026-04-01 10:45:00-04:00,36.8058,36.857,no
KXHYPE15M-26APR011030,Target Price: $36.7692,2026-04-01 10:15:00-04:00,2026-04-01 10:30:00-04:00,36.8570,36.7692,yes
KXHYPE15M-26APR011015,Target Price: $36.7041,2026-04-01 10:00:00-04:00,2026-04-01 10:15:00-04:00,36.7692,36.7041,yes
KXHYPE15M-26APR011000,Target Price: $36.6893,2026-04-01 09:45:00-04:00,2026-04-01 10:00:00-04:00,36.7041,36.6893,yes
KXHYPE15M-26APR010945,Target Price: $37.0884,2026-04-01 09:30:00-04:00,2026-04-01 09:45:00-04:00,36.6893,37.0884,no
KXHYPE15M-26APR010930,Target Price: $36.9228,2026-04-01 09:15:00-04:00,2026-04-01 09:30:00-04:00,37.0884,36.9228,yes
KXHYPE15M-26APR010915,Target Price: $37.0386,2026-04-01 09:00:00-04:00,2026-04-01 09:15:00-04:00,36.9228,37.0386,no
KXHYPE15M-26APR010900,Target Price: $37.1250,2026-04-01 08:45:00-04:00,2026-04-01 09:00:00-04:00,37.0386,37.125,no
KXHYPE15M-26APR010845,Target Price: $37.2407,2026-04-01 08:30:00-04:00,2026-04-01 08:45:00-04:00,37.1250,37.2407,no
KXHYPE15M-26APR010830,Target Price: $37.2571,2026-04-01 08:15:00-04:00,2026-04-01 08:30:00-04:00,37.2407,37.2571,no
KXHYPE15M-26APR010815,Target Price: $37.2129,2026-04-01 08:00:00-04:00,2026-04-01 08:15:00-04:00,37.2571,37.2129,yes
KXHYPE15M-26APR010800,Target Price: $37.1569,2026-04-01 07:45:00-04:00,2026-04-01 08:00:00-04:00,37.2129,37.1569,yes
KXHYPE15M-26APR010745,Target Price: $37.1405,2026-04-01 07:30:00-04:00,2026-04-01 07:45:00-04:00,37.1569,37.1405,yes
KXHYPE15M-26APR010730,Target Price: $37.2935,2026-04-01 07:15:00-04:00,2026-04-01 07:30:00-04:00,37.1405,37.2935,no
KXHYPE15M-26APR010715,Target Price: $37.0492,2026-04-01 07:00:00-04:00,2026-04-01 07:15:00-04:00,37.2935,37.0492,yes
KXHYPE15M-26APR010700,Target Price: $37.0439,2026-04-01 06:45:00-04:00,2026-04-01 07:00:00-04:00,37.0492,37.0439,yes
KXHYPE15M-26APR010645,Target Price: $37.0053,2026-04-01 06:30:00-04:00,2026-04-01 06:45:00-04:00,37.0439,37.0053,yes
KXHYPE15M-26APR010630,Target Price: $36.9129,2026-04-01 06:15:00-04:00,2026-04-01 06:30:00-04:00,37.0053,36.9129,yes
KXHYPE15M-26APR010615,Target Price: $37.0161,2026-04-01 06:00:00-04:00,2026-04-01 06:15:00-04:00,36.9129,37.0161,no
KXHYPE15M-26APR010600,Target Price: $36.9448,2026-04-01 05:45:00-04:00,2026-04-01 06:00:00-04:00,37.0161,36.9448,yes
KXHYPE15M-26APR010545,Target Price: $36.8856,2026-04-01 05:30:00-04:00,2026-04-01 05:45:00-04:00,36.9448,36.8856,yes
KXHYPE15M-26APR010530,Target Price: $36.8225,2026-04-01 05:15:00-04:00,2026-04-01 05:30:00-04:00,36.8856,36.8225,yes
KXHYPE15M-26APR010515,Target Price: $37.0504,2026-04-01 05:00:00-04:00,2026-04-01 05:15:00-04:00,36.8225,37.0504,no
KXHYPE15M-26APR010500,Target Price: $37.1021,2026-04-01 04:45:00-04:00,2026-04-01 05:00:00-04:00,37.0504,37.1021,no
KXHYPE15M-26APR010445,Target Price: $37.0835,2026-04-01 04:30:00-04:00,2026-04-01 04:45:00-04:00,37.1021,37.0835,yes
KXHYPE15M-26APR010430,Target Price: $37.1570,2026-04-01 04:15:00-04:00,2026-04-01 04:30:00-04:00,37.0835,37.157,no
KXHYPE15M-26APR010415,Target Price: $37.3329,2026-04-01 04:00:00-04:00,2026-04-01 04:15:00-04:00,37.1570,37.3329,no
KXHYPE15M-26APR010400,Target Price: $37.4656,2026-04-01 03:45:00-04:00,2026-04-01 04:00:00-04:00,37.3329,37.4656,no
KXHYPE15M-26APR010345,Target Price: $37.4652,2026-04-01 03:30:00-04:00,2026-04-01 03:45:00-04:00,37.4656,37.4652,yes
KXHYPE15M-26APR010330,Target Price: $37.6157,2026-04-01 03:15:00-04:00,2026-04-01 03:30:00-04:00,37.4652,37.6157,no
KXHYPE15M-26APR010315,Target Price: $37.6625,2026-04-01 03:00:00-04:00,2026-04-01 03:15:00-04:00,37.6157,37.6625,no
KXHYPE15M-26APR010300,Target Price: $37.5762,2026-04-01 02:45:00-04:00,2026-04-01 03:00:00-04:00,37.6625,37.5762,yes
KXHYPE15M-26APR010245,Target Price: $37.4201,2026-04-01 02:30:00-04:00,2026-04-01 02:45:00-04:00,37.5762,37.4201,yes
KXHYPE15M-26APR010230,Target Price: $37.1326,2026-04-01 02:15:00-04:00,2026-04-01 02:30:00-04:00,37.4201,37.1326,yes
KXHYPE15M-26APR010215,Target Price: $37.0535,2026-04-01 02:00:00-04:00,2026-04-01 02:15:00-04:00,37.1326,37.0535,yes
KXHYPE15M-26APR010200,Target Price: $37.0544,2026-04-01 01:45:00-04:00,2026-04-01 02:00:00-04:00,37.0535,37.0544,no
KXHYPE15M-26APR010145,Target Price: $36.8148,2026-04-01 01:30:00-04:00,2026-04-01 01:45:00-04:00,37.0544,36.8148,yes
KXHYPE15M-26APR010130,Target Price: $36.5991,2026-04-01 01:15:00-04:00,2026-04-01 01:30:00-04:00,36.8148,36.5991,yes
KXHYPE15M-26APR010115,Target Price: $36.5085,2026-04-01 01:00:00-04:00,2026-04-01 01:15:00-04:00,36.5991,36.5085,yes
KXHYPE15M-26APR010100,Target Price: $36.5076,2026-04-01 00:45:00-04:00,2026-04-01 01:00:00-04:00,36.5085,36.5076,yes
KXHYPE15M-26APR010045,Target Price: $36.4008,2026-04-01 00:30:00-04:00,2026-04-01 00:45:00-04:00,36.5076,36.4008,yes
KXHYPE15M-26APR010030,Target Price: $36.3229,2026-04-01 00:15:00-04:00,2026-04-01 00:30:00-04:00,36.4008,36.3229,yes
KXHYPE15M-26APR010015,Target Price: $36.3615,2026-04-01 00:00:00-04:00,2026-04-01 00:15:00-04:00,36.3229,36.3615,no
KXHYPE15M-26APR010000,Target Price: $36.3234,2026-03-31 23:45:00-04:00,2026-04-01 00:00:00-04:00,36.3615,36.3234,yes
KXHYPE15M-26MAR312345,Target Price: $36.2943,2026-03-31 23:30:00-04:00,2026-03-31 23:45:00-04:00,36.3234,36.2943,yes
KXHYPE15M-26MAR312330,Target Price: $36.2844,2026-03-31 23:15:00-04:00,2026-03-31 23:30:00-04:00,36.2943,36.2844,yes
KXHYPE15M-26MAR312315,Target Price: $36.0966,2026-03-31 23:00:00-04:00,2026-03-31 23:15:00-04:00,36.2844,36.0966,yes
KXHYPE15M-26MAR312300,Target Price: $36.1941,2026-03-31 22:45:00-04:00,2026-03-31 23:00:00-04:00,36.0966,36.1941,no
KXHYPE15M-26MAR312245,Target Price: $36.1292,2026-03-31 22:30:00-04:00,2026-03-31 22:45:00-04:00,36.1941,36.1292,yes
KXHYPE15M-26MAR312230,Target Price: $36.1814,2026-03-31 22:15:00-04:00,2026-03-31 22:30:00-04:00,36.1292,36.1814,no
KXHYPE15M-26MAR312215,Target Price: $35.9934,2026-03-31 22:00:00-04:00,2026-03-31 22:15:00-04:00,36.1814,35.9934,yes
KXHYPE15M-26MAR312200,Target Price: $36.2772,2026-03-31 21:45:00-04:00,2026-03-31 22:00:00-04:00,35.9934,36.2772,no
KXHYPE15M-26MAR312145,Target Price: $36.3004,2026-03-31 21:30:00-04:00,2026-03-31 21:45:00-04:00,36.2772,36.3004,no
KXHYPE15M-26MAR312130,Target Price: $36.5186,2026-03-31 21:15:00-04:00,2026-03-31 21:30:00-04:00,36.3004,36.5186,no
KXHYPE15M-26MAR312115,Target Price: $36.4921,2026-03-31 21:00:00-04:00,2026-03-31 21:15:00-04:00,36.5186,36.4921,yes
KXHYPE15M-26MAR312100,Target Price: $36.3787,2026-03-31 20:45:00-04:00,2026-03-31 21:00:00-04:00,36.4921,36.3787,yes
KXHYPE15M-26MAR312045,Target Price: $36.4559,2026-03-31 20:30:00-04:00,2026-03-31 20:45:00-04:00,36.3787,36.4559,no
KXHYPE15M-26MAR312030,Target Price: $36.3955,2026-03-31 20:15:00-04:00,2026-03-31 20:30:00-04:00,36.4559,36.3955,yes
KXHYPE15M-26MAR312015,Target Price: $36.5656,2026-03-31 20:00:00-04:00,2026-03-31 20:15:00-04:00,36.3955,36.5656,no
KXHYPE15M-26MAR312000,Target Price: $36.5051,2026-03-31 19:45:00-04:00,2026-03-31 20:00:00-04:00,36.5656,36.5051,yes
KXHYPE15M-26MAR311945,Target Price: $36.3386,2026-03-31 19:30:00-04:00,2026-03-31 19:45:00-04:00,36.5051,36.3386,yes
KXHYPE15M-26MAR311930,Target Price: $36.2439,2026-03-31 19:15:00-04:00,2026-03-31 19:30:00-04:00,36.3386,36.2439,yes
KXHYPE15M-26MAR311915,Target Price: $36.2235,2026-03-31 19:00:00-04:00,2026-03-31 19:15:00-04:00,36.2439,36.2235,yes
KXHYPE15M-26MAR311900,Target Price: $36.2816,2026-03-31 18:45:00-04:00,2026-03-31 19:00:00-04:00,36.2235,36.2816,no
KXHYPE15M-26MAR311845,Target Price: $36.3024,2026-03-31 18:30:00-04:00,2026-03-31 18:45:00-04:00,36.2816,36.3024,no
KXHYPE15M-26MAR311830,Target Price: $36.3505,2026-03-31 18:15:00-04:00,2026-03-31 18:30:00-04:00,36.3024,36.3505,no
KXHYPE15M-26MAR311815,Target Price: $36.3327,2026-03-31 18:00:00-04:00,2026-03-31 18:15:00-04:00,36.3505,36.3327,yes
KXHYPE15M-26MAR311800,Target Price: $36.3815,2026-03-31 17:45:00-04:00,2026-03-31 18:00:00-04:00,36.3327,36.3815,no
KXHYPE15M-26MAR311745,Target Price: $36.4245,2026-03-31 17:30:00-04:00,2026-03-31 17:45:00-04:00,36.3815,36.4245,no
KXHYPE15M-26MAR311730,Target Price: $36.3952,2026-03-31 17:15:00-04:00,2026-03-31 17:30:00-04:00,36.4245,36.3952,yes
KXHYPE15M-26MAR311715,Target Price: $36.6313,2026-03-31 17:00:00-04:00,2026-03-31 17:15:00-04:00,36.3952,36.6313,no
KXHYPE15M-26MAR311700,Target Price: $36.7544,2026-03-31 16:45:00-04:00,2026-03-31 17:00:00-04:00,36.6313,36.7544,no
KXHYPE15M-26MAR311645,Target Price: $36.7512,2026-03-31 16:30:00-04:00,2026-03-31 16:45:00-04:00,36.7544,36.7512,yes
KXHYPE15M-26MAR311630,Target Price: $36.9066,2026-03-31 16:15:00-04:00,2026-03-31 16:30:00-04:00,36.7512,36.9066,no
KXHYPE15M-26MAR311615,Target Price: $36.5603,2026-03-31 16:00:00-04:00,2026-03-31 16:15:00-04:00,36.9066,36.5603,yes
KXHYPE15M-26MAR311600,Target Price: $36.5665,2026-03-31 15:45:00-04:00,2026-03-31 16:00:00-04:00,36.5603,36.5665,no
KXHYPE15M-26MAR311545,Target Price: $36.5671,2026-03-31 15:30:00-04:00,2026-03-31 15:45:00-04:00,36.5665,36.5671,no
KXHYPE15M-26MAR311530,Target Price: $36.5847,2026-03-31 15:15:00-04:00,2026-03-31 15:30:00-04:00,36.5671,36.5847,no
KXHYPE15M-26MAR311515,Target Price: $36.5898,2026-03-31 15:00:00-04:00,2026-03-31 15:15:00-04:00,36.5847,36.5898,no
KXHYPE15M-26MAR311500,Target Price: $36.5624,2026-03-31 14:45:00-04:00,2026-03-31 15:00:00-04:00,36.5898,36.5624,yes
KXHYPE15M-26MAR311445,Target Price: $36.7125,2026-03-31 14:30:00-04:00,2026-03-31 14:45:00-04:00,36.5624,36.7125,no
KXHYPE15M-26MAR311430,Target Price: $36.8729,2026-03-31 14:15:00-04:00,2026-03-31 14:30:00-04:00,36.7125,36.8729,no
KXHYPE15M-26MAR311415,Target Price: $36.5741,2026-03-31 14:00:00-04:00,2026-03-31 14:15:00-04:00,36.8729,36.5741,yes
KXHYPE15M-26MAR311400,Target Price: $36.5887,2026-03-31 13:45:00-04:00,2026-03-31 14:00:00-04:00,36.5741,36.5887,no
KXHYPE15M-26MAR311345,Target Price: $36.9840,2026-03-31 13:30:00-04:00,2026-03-31 13:45:00-04:00,36.5887,36.984,no
KXHYPE15M-26MAR311330,Target Price: $37.1227,2026-03-31 13:15:00-04:00,2026-03-31 13:30:00-04:00,36.9840,37.1227,no
KXHYPE15M-26MAR311315,Target Price: $36.8301,2026-03-31 13:00:00-04:00,2026-03-31 13:15:00-04:00,37.1227,36.8301,yes
KXHYPE15M-26MAR311300,Target Price: $36.6186,2026-03-31 12:45:00-04:00,2026-03-31 13:00:00-04:00,36.8301,36.6186,yes
KXHYPE15M-26MAR311245,Target Price: $36.1740,2026-03-31 12:30:00-04:00,2026-03-31 12:45:00-04:00,36.6186,36.174,yes
KXHYPE15M-26MAR311230,Target Price: $36.0344,2026-03-31 12:15:00-04:00,2026-03-31 12:30:00-04:00,36.1740,36.0344,yes
KXHYPE15M-26MAR311215,Target Price: $35.9351,2026-03-31 12:00:00-04:00,2026-03-31 12:15:00-04:00,36.0344,35.9351,yes
KXHYPE15M-26MAR311200,Target Price: $36.0514,2026-03-31 11:45:00-04:00,2026-03-31 12:00:00-04:00,35.9351,36.0514,no
KXHYPE15M-26MAR311145,Target Price: $36.0336,2026-03-31 11:30:00-04:00,2026-03-31 11:45:00-04:00,36.0514,36.0336,yes
KXHYPE15M-26MAR311130,Target Price: $36.2606,2026-03-31 11:15:00-04:00,2026-03-31 11:30:00-04:00,36.0336,36.2606,no
KXHYPE15M-26MAR311115,Target Price: $35.9851,2026-03-31 11:00:00-04:00,2026-03-31 11:15:00-04:00,36.2606,35.9851,yes
KXHYPE15M-26MAR311100,Target Price: $36.3655,2026-03-31 10:45:00-04:00,2026-03-31 11:00:00-04:00,35.9851,36.3655,no
KXHYPE15M-26MAR311045,Target Price: $36.6191,2026-03-31 10:30:00-04:00,2026-03-31 10:45:00-04:00,36.3655,36.6191,no
KXHYPE15M-26MAR311030,Target Price: $36.5693,2026-03-31 10:15:00-04:00,2026-03-31 10:30:00-04:00,36.6191,36.5693,yes
KXHYPE15M-26MAR311015,Target Price: $36.5105,2026-03-31 10:00:00-04:00,2026-03-31 10:15:00-04:00,36.5693,36.5105,yes
KXHYPE15M-26MAR311000,Target Price: $36.1238,2026-03-31 09:45:00-04:00,2026-03-31 10:00:00-04:00,36.5105,36.1238,yes
KXHYPE15M-26MAR310945,Target Price: $36.0690,2026-03-31 09:30:00-04:00,2026-03-31 09:45:00-04:00,36.1238,36.069,yes
KXHYPE15M-26MAR310930,Target Price: $36.0981,2026-03-31 09:15:00-04:00,2026-03-31 09:30:00-04:00,36.0690,36.0981,no
KXHYPE15M-26MAR310915,Target Price: $35.9572,2026-03-31 09:00:00-04:00,2026-03-31 09:15:00-04:00,36.0981,35.9572,yes
KXHYPE15M-26MAR310900,Target Price: $35.9946,2026-03-31 08:45:00-04:00,2026-03-31 09:00:00-04:00,35.9572,35.9946,no
KXHYPE15M-26MAR310845,Target Price: $35.8377,2026-03-31 08:30:00-04:00,2026-03-31 08:45:00-04:00,35.9946,35.8377,yes
KXHYPE15M-26MAR310830,Target Price: $35.7812,2026-03-31 08:15:00-04:00,2026-03-31 08:30:00-04:00,35.8377,35.7812,yes
KXHYPE15M-26MAR310815,Target Price: $35.7872,2026-03-31 08:00:00-04:00,2026-03-31 08:15:00-04:00,35.7812,35.7872,no
KXHYPE15M-26MAR310800,Target Price: $35.7929,2026-03-31 07:45:00-04:00,2026-03-31 08:00:00-04:00,35.7872,35.7929,no
KXHYPE15M-26MAR310745,Target Price: $35.8647,2026-03-31 07:30:00-04:00,2026-03-31 07:45:00-04:00,35.7929,35.8647,no
KXHYPE15M-26MAR310730,Target Price: $35.9731,2026-03-31 07:15:00-04:00,2026-03-31 07:30:00-04:00,35.8647,35.9731,no
KXHYPE15M-26MAR310715,Target Price: $36.0023,2026-03-31 07:00:00-04:00,2026-03-31 07:15:00-04:00,35.9731,36.0023,no
KXHYPE15M-26MAR310700,Target Price: $35.9003,2026-03-31 06:45:00-04:00,2026-03-31 07:00:00-04:00,36.0023,35.9003,yes
KXHYPE15M-26MAR310645,Target Price: $35.8652,2026-03-31 06:30:00-04:00,2026-03-31 06:45:00-04:00,35.9003,35.8652,yes
KXHYPE15M-26MAR310630,Target Price: $35.9726,2026-03-31 06:15:00-04:00,2026-03-31 06:30:00-04:00,35.8652,35.9726,no
KXHYPE15M-26MAR310615,Target Price: $35.8508,2026-03-31 06:00:00-04:00,2026-03-31 06:15:00-04:00,35.9726,35.8508,yes
KXHYPE15M-26MAR310600,Target Price: $36.0207,2026-03-31 05:45:00-04:00,2026-03-31 06:00:00-04:00,35.8508,36.0207,no
KXHYPE15M-26MAR310545,Target Price: $36.0748,2026-03-31 05:30:00-04:00,2026-03-31 05:45:00-04:00,36.0207,36.0748,no
KXHYPE15M-26MAR310530,Target Price: $36.1142,2026-03-31 05:15:00-04:00,2026-03-31 05:30:00-04:00,36.0748,36.1142,no
KXHYPE15M-26MAR310515,Target Price: $36.1701,2026-03-31 05:00:00-04:00,2026-03-31 05:15:00-04:00,36.1142,36.1701,no
KXHYPE15M-26MAR310500,Target Price: $36.4039,2026-03-31 04:45:00-04:00,2026-03-31 05:00:00-04:00,36.1701,36.4039,no
KXHYPE15M-26MAR310445,Target Price: $36.5733,2026-03-31 04:30:00-04:00,2026-03-31 04:45:00-04:00,36.4039,36.5733,no
KXHYPE15M-26MAR310430,Target Price: $36.6823,2026-03-31 04:15:00-04:00,2026-03-31 04:30:00-04:00,36.5733,36.6823,no
KXHYPE15M-26MAR310415,Target Price: $36.6920,2026-03-31 04:00:00-04:00,2026-03-31 04:15:00-04:00,36.6823,36.692,no
KXHYPE15M-26MAR310400,Target Price: $36.6184,2026-03-31 03:45:00-04:00,2026-03-31 04:00:00-04:00,36.6920,36.6184,yes
KXHYPE15M-26MAR310345,Target Price: $36.4621,2026-03-31 03:30:00-04:00,2026-03-31 03:45:00-04:00,36.6184,36.4621,yes
KXHYPE15M-26MAR310330,Target Price: $36.8506,2026-03-31 03:15:00-04:00,2026-03-31 03:30:00-04:00,36.4621,36.8506,no
KXHYPE15M-26MAR310315,Target Price: $37.1032,2026-03-31 03:00:00-04:00,2026-03-31 03:15:00-04:00,36.8506,37.1032,no
KXHYPE15M-26MAR310300,Target Price: $37.1042,2026-03-31 02:45:00-04:00,2026-03-31 03:00:00-04:00,37.1032,37.1042,no
KXHYPE15M-26MAR310245,Target Price: $37.1155,2026-03-31 02:30:00-04:00,2026-03-31 02:45:00-04:00,37.1042,37.1155,no
KXHYPE15M-26MAR310230,Target Price: $37.1454,2026-03-31 02:15:00-04:00,2026-03-31 02:30:00-04:00,37.1155,37.1454,no
KXHYPE15M-26MAR310215,Target Price: $37.1484,2026-03-31 02:00:00-04:00,2026-03-31 02:15:00-04:00,37.1454,37.1484,no
KXHYPE15M-26MAR310200,Target Price: $37.0472,2026-03-31 01:45:00-04:00,2026-03-31 02:00:00-04:00,37.1484,37.0472,yes
KXHYPE15M-26MAR310145,Target Price: $37.0729,2026-03-31 01:30:00-04:00,2026-03-31 01:45:00-04:00,37.0472,37.0729,no
KXHYPE15M-26MAR310130,Target Price: $36.9051,2026-03-31 01:15:00-04:00,2026-03-31 01:30:00-04:00,37.0729,36.9051,yes
KXHYPE15M-26MAR310115,Target Price: $36.9961,2026-03-31 01:00:00-04:00,2026-03-31 01:15:00-04:00,36.9051,36.9961,no
KXHYPE15M-26MAR310100,Target Price: $37.0226,2026-03-31 00:45:00-04:00,2026-03-31 01:00:00-04:00,36.9961,37.0226,no
KXHYPE15M-26MAR310045,Target Price: $37.0073,2026-03-31 00:30:00-04:00,2026-03-31 00:45:00-04:00,37.0226,37.0073,yes
KXHYPE15M-26MAR310030,Target Price: $37.1626,2026-03-31 00:15:00-04:00,2026-03-31 00:30:00-04:00,37.0073,37.1626,no
KXHYPE15M-26MAR310015,Target Price: $37.2826,2026-03-31 00:00:00-04:00,2026-03-31 00:15:00-04:00,37.1626,37.2826,no
KXHYPE15M-26MAR310000,Target Price: $37.1021,2026-03-30 23:45:00-04:00,2026-03-31 00:00:00-04:00,37.2826,37.1021,yes
KXHYPE15M-26MAR302345,Target Price: $37.1805,2026-03-30 23:30:00-04:00,2026-03-30 23:45:00-04:00,37.1021,37.1805,no
KXHYPE15M-26MAR302330,Target Price: $37.2209,2026-03-30 23:15:00-04:00,2026-03-30 23:30:00-04:00,37.1805,37.2209,no
KXHYPE15M-26MAR302315,Target Price: $37.3535,2026-03-30 23:00:00-04:00,2026-03-30 23:15:00-04:00,37.2209,37.3535,no
KXHYPE15M-26MAR302300,Target Price: $37.4401,2026-03-30 22:45:00-04:00,2026-03-30 23:00:00-04:00,37.3535,37.4401,no
KXHYPE15M-26MAR302245,Target Price: $37.4703,2026-03-30 22:30:00-04:00,2026-03-30 22:45:00-04:00,37.4401,37.4703,no
KXHYPE15M-26MAR302230,Target Price: $37.4604,2026-03-30 22:15:00-04:00,2026-03-30 22:30:00-04:00,37.4703,37.4604,yes
KXHYPE15M-26MAR302215,Target Price: $37.4206,2026-03-30 22:00:00-04:00,2026-03-30 22:15:00-04:00,37.4604,37.4206,yes
KXHYPE15M-26MAR302200,Target Price: $37.3700,2026-03-30 21:45:00-04:00,2026-03-30 22:00:00-04:00,37.4206,37.37,yes
KXHYPE15M-26MAR302145,Target Price: $37.3877,2026-03-30 21:30:00-04:00,2026-03-30 21:45:00-04:00,37.3700,37.3877,no
KXHYPE15M-26MAR302130,Target Price: $37.2959,2026-03-30 21:15:00-04:00,2026-03-30 21:30:00-04:00,37.3877,37.2959,yes
KXHYPE15M-26MAR302115,Target Price: $37.1748,2026-03-30 21:00:00-04:00,2026-03-30 21:15:00-04:00,37.2959,37.1748,yes
KXHYPE15M-26MAR302100,Target Price: $36.9538,2026-03-30 20:45:00-04:00,2026-03-30 21:00:00-04:00,37.1748,36.9538,yes
KXHYPE15M-26MAR302045,Target Price: $36.8224,2026-03-30 20:30:00-04:00,2026-03-30 20:45:00-04:00,36.9538,36.8224,yes
KXHYPE15M-26MAR302030,Target Price: $36.6877,2026-03-30 20:15:00-04:00,2026-03-30 20:30:00-04:00,36.8224,36.6877,yes
KXHYPE15M-26MAR302015,Target Price: $36.7934,2026-03-30 20:00:00-04:00,2026-03-30 20:15:00-04:00,36.6877,36.7934,no
KXHYPE15M-26MAR302000,Target Price: $36.7665,2026-03-30 19:45:00-04:00,2026-03-30 20:00:00-04:00,36.7934,36.7665,yes
KXHYPE15M-26MAR301945,Target Price: $36.7419,2026-03-30 19:30:00-04:00,2026-03-30 19:45:00-04:00,36.7665,36.7419,yes
KXHYPE15M-26MAR301930,Target Price: $36.7120,2026-03-30 19:15:00-04:00,2026-03-30 19:30:00-04:00,36.7419,36.712,yes
KXHYPE15M-26MAR301915,Target Price: $37.1796,2026-03-30 19:00:00-04:00,2026-03-30 19:15:00-04:00,36.7120,37.1796,no
KXHYPE15M-26MAR301900,Target Price: $37.2123,2026-03-30 18:45:00-04:00,2026-03-30 19:00:00-04:00,37.1796,37.2123,no
KXHYPE15M-26MAR301845,Target Price: $37.1401,2026-03-30 18:30:00-04:00,2026-03-30 18:45:00-04:00,37.2123,37.1401,yes
KXHYPE15M-26MAR301830,Target Price: $37.0402,2026-03-30 18:15:00-04:00,2026-03-30 18:30:00-04:00,37.1401,37.0402,yes
KXHYPE15M-26MAR301815,Target Price: $37.0560,2026-03-30 18:00:00-04:00,2026-03-30 18:15:00-04:00,37.0402,37.056,no
KXHYPE15M-26MAR301800,Target Price: $37.2322,2026-03-30 17:45:00-04:00,2026-03-30 18:00:00-04:00,37.0560,37.2322,no
KXHYPE15M-26MAR301745,Target Price: $37.0523,2026-03-30 17:30:00-04:00,2026-03-30 17:45:00-04:00,37.2322,37.0523,yes
KXHYPE15M-26MAR301730,Target Price: $36.9867,2026-03-30 17:15:00-04:00,2026-03-30 17:30:00-04:00,37.0523,36.9867,yes
KXHYPE15M-26MAR301715,Target Price: $36.8805,2026-03-30 17:00:00-04:00,2026-03-30 17:15:00-04:00,36.9867,36.8805,yes
KXHYPE15M-26MAR301700,Target Price: $36.8171,2026-03-30 16:45:00-04:00,2026-03-30 17:00:00-04:00,36.8805,36.8171,yes
KXHYPE15M-26MAR301645,Target Price: $36.8395,2026-03-30 16:30:00-04:00,2026-03-30 16:45:00-04:00,36.8171,36.8395,no
KXHYPE15M-26MAR301630,Target Price: $37.0343,2026-03-30 16:15:00-04:00,2026-03-30 16:30:00-04:00,36.8395,37.0343,no
KXHYPE15M-26MAR301615,Target Price: $37.0703,2026-03-30 16:00:00-04:00,2026-03-30 16:15:00-04:00,37.0343,37.0703,no
KXHYPE15M-26MAR301600,Target Price: $36.7886,2026-03-30 15:45:00-04:00,2026-03-30 16:00:00-04:00,37.0703,36.7886,yes
KXHYPE15M-26MAR301545,Target Price: $36.5927,2026-03-30 15:30:00-04:00,2026-03-30 15:45:00-04:00,36.7886,36.5927,yes
KXHYPE15M-26MAR301530,Target Price: $36.8640,2026-03-30 15:15:00-04:00,2026-03-30 15:30:00-04:00,36.5927,36.864,no
KXHYPE15M-26MAR301515,Target Price: $37.2394,2026-03-30 15:00:00-04:00,2026-03-30 15:15:00-04:00,36.8640,37.2394,no
KXHYPE15M-26MAR301500,Target Price: $37.1496,2026-03-30 14:45:00-04:00,2026-03-30 15:00:00-04:00,37.2394,37.1496,yes
KXHYPE15M-26MAR301445,Target Price: $37.2204,2026-03-30 14:30:00-04:00,2026-03-30 14:45:00-04:00,37.1496,37.2204,no
KXHYPE15M-26MAR301430,Target Price: $37.2075,2026-03-30 14:15:00-04:00,2026-03-30 14:30:00-04:00,37.2204,37.2075,yes
KXHYPE15M-26MAR301415,Target Price: $37.2666,2026-03-30 14:00:00-04:00,2026-03-30 14:15:00-04:00,37.2075,37.2666,no
KXHYPE15M-26MAR301400,Target Price: $37.4351,2026-03-30 13:45:00-04:00,2026-03-30 14:00:00-04:00,37.2666,37.4351,no
KXHYPE15M-26MAR301345,Target Price: $37.4168,2026-03-30 13:30:00-04:00,2026-03-30 13:45:00-04:00,37.4351,37.4168,yes
KXHYPE15M-26MAR301330,Target Price: $37.6163,2026-03-30 13:15:00-04:00,2026-03-30 13:30:00-04:00,37.4168,37.6163,no
KXHYPE15M-26MAR301315,Target Price: $37.8315,2026-03-30 13:00:00-04:00,2026-03-30 13:15:00-04:00,37.6163,37.8315,no
KXHYPE15M-26MAR301300,Target Price: $37.9565,2026-03-30 12:45:00-04:00,2026-03-30 13:00:00-04:00,37.8315,37.9565,no
KXHYPE15M-26MAR301245,Target Price: $37.9007,2026-03-30 12:30:00-04:00,2026-03-30 12:45:00-04:00,37.9565,37.9007,yes
KXHYPE15M-26MAR301230,Target Price: $38.1289,2026-03-30 12:15:00-04:00,2026-03-30 12:30:00-04:00,37.9007,38.1289,no
KXHYPE15M-26MAR301215,Target Price: $38.2385,2026-03-30 12:00:00-04:00,2026-03-30 12:15:00-04:00,38.1289,38.2385,no
KXHYPE15M-26MAR301200,Target Price: $38.2224,2026-03-30 11:45:00-04:00,2026-03-30 12:00:00-04:00,38.2385,38.2224,yes
KXHYPE15M-26MAR301145,Target Price: $38.1150,2026-03-30 11:30:00-04:00,2026-03-30 11:45:00-04:00,38.2224,38.115,yes
KXHYPE15M-26MAR301130,Target Price: $38.1237,2026-03-30 11:15:00-04:00,2026-03-30 11:30:00-04:00,38.1150,38.1237,no
KXHYPE15M-26MAR301115,Target Price: $38.1478,2026-03-30 11:00:00-04:00,2026-03-30 11:15:00-04:00,38.1237,38.1478,no
KXHYPE15M-26MAR301100,Target Price: $37.7732,2026-03-30 10:45:00-04:00,2026-03-30 11:00:00-04:00,38.1478,37.7732,yes
KXHYPE15M-26MAR301045,Target Price: $37.8395,2026-03-30 10:30:00-04:00,2026-03-30 10:45:00-04:00,37.7732,37.8395,no
KXHYPE15M-26MAR301030,Target Price: $37.9836,2026-03-30 10:15:00-04:00,2026-03-30 10:30:00-04:00,37.8395,37.9836,no
KXHYPE15M-26MAR301015,Target Price: $38.0319,2026-03-30 10:00:00-04:00,2026-03-30 10:15:00-04:00,37.9836,38.0319,no
KXHYPE15M-26MAR301000,Target Price: $38.3251,2026-03-30 09:45:00-04:00,2026-03-30 10:00:00-04:00,38.0319,38.3251,no
KXHYPE15M-26MAR300945,Target Price: $38.4470,2026-03-30 09:30:00-04:00,2026-03-30 09:45:00-04:00,38.3251,38.447,no
KXHYPE15M-26MAR300930,Target Price: $38.3984,2026-03-30 09:15:00-04:00,2026-03-30 09:30:00-04:00,38.4470,38.3984,yes
KXHYPE15M-26MAR300915,Target Price: $38.2353,2026-03-30 09:00:00-04:00,2026-03-30 09:15:00-04:00,38.3984,38.2353,yes
KXHYPE15M-26MAR300900,Target Price: $38.2040,2026-03-30 08:45:00-04:00,2026-03-30 09:00:00-04:00,38.2353,38.204,yes
KXHYPE15M-26MAR300845,Target Price: $38.1444,2026-03-30 08:30:00-04:00,2026-03-30 08:45:00-04:00,38.2040,38.1444,yes
KXHYPE15M-26MAR300830,Target Price: $38.1843,2026-03-30 08:15:00-04:00,2026-03-30 08:30:00-04:00,38.1444,38.1843,no
KXHYPE15M-26MAR300815,Target Price: $38.0652,2026-03-30 08:00:00-04:00,2026-03-30 08:15:00-04:00,38.1843,38.0652,yes
KXHYPE15M-26MAR300800,Target Price: $38.0351,2026-03-30 07:45:00-04:00,2026-03-30 08:00:00-04:00,38.0652,38.0351,yes
KXHYPE15M-26MAR300745,Target Price: $37.9847,2026-03-30 07:30:00-04:00,2026-03-30 07:45:00-04:00,38.0351,37.9847,yes
KXHYPE15M-26MAR300730,Target Price: $38.0985,2026-03-30 07:15:00-04:00,2026-03-30 07:30:00-04:00,37.9847,38.0985,no
KXHYPE15M-26MAR300715,Target Price: $37.9589,2026-03-30 07:00:00-04:00,2026-03-30 07:15:00-04:00,38.0985,37.9589,yes
KXHYPE15M-26MAR300700,Target Price: $37.9736,2026-03-30 06:45:00-04:00,2026-03-30 07:00:00-04:00,37.9589,37.9736,no
KXHYPE15M-26MAR300645,Target Price: $38.0173,2026-03-30 06:30:00-04:00,2026-03-30 06:45:00-04:00,37.9736,38.0173,no
KXHYPE15M-26MAR300630,Target Price: $37.9140,2026-03-30 06:15:00-04:00,2026-03-30 06:30:00-04:00,38.0173,37.914,yes
KXHYPE15M-26MAR300615,Target Price: $37.9718,2026-03-30 06:00:00-04:00,2026-03-30 06:15:00-04:00,37.9140,37.9718,no
KXHYPE15M-26MAR300600,Target Price: $37.9125,2026-03-30 05:45:00-04:00,2026-03-30 06:00:00-04:00,37.9718,37.9125,yes
KXHYPE15M-26MAR300545,Target Price: $37.9266,2026-03-30 05:30:00-04:00,2026-03-30 05:45:00-04:00,37.9125,37.9266,no
KXHYPE15M-26MAR300530,Target Price: $38.1278,2026-03-30 05:15:00-04:00,2026-03-30 05:30:00-04:00,37.9266,38.1278,no
KXHYPE15M-26MAR300515,Target Price: $38.2173,2026-03-30 05:00:00-04:00,2026-03-30 05:15:00-04:00,38.1278,38.2173,no
KXHYPE15M-26MAR300500,Target Price: $38.1668,2026-03-30 04:45:00-04:00,2026-03-30 05:00:00-04:00,38.2173,38.1668,yes
KXHYPE15M-26MAR300445,Target Price: $38.1651,2026-03-30 04:30:00-04:00,2026-03-30 04:45:00-04:00,38.1668,38.1651,yes
KXHYPE15M-26MAR300430,Target Price: $38.5012,2026-03-30 04:15:00-04:00,2026-03-30 04:30:00-04:00,38.1651,38.5012,no
KXHYPE15M-26MAR300415,Target Price: $38.3928,2026-03-30 04:00:00-04:00,2026-03-30 04:15:00-04:00,38.5012,38.3928,yes
KXHYPE15M-26MAR300400,Target Price: $38.1863,2026-03-30 03:45:00-04:00,2026-03-30 04:00:00-04:00,38.3928,38.1863,yes
KXHYPE15M-26MAR300345,Target Price: $37.9810,2026-03-30 03:30:00-04:00,2026-03-30 03:45:00-04:00,38.1863,37.981,yes
KXHYPE15M-26MAR300330,Target Price: $38.2334,2026-03-30 03:15:00-04:00,2026-03-30 03:30:00-04:00,37.9810,38.2334,no
KXHYPE15M-26MAR300315,Target Price: $38.2279,2026-03-30 03:00:00-04:00,2026-03-30 03:15:00-04:00,38.2334,38.2279,yes
KXHYPE15M-26MAR300300,Target Price: $38.2942,2026-03-30 02:45:00-04:00,2026-03-30 03:00:00-04:00,38.2279,38.2942,no
KXHYPE15M-26MAR300245,Target Price: $38.1769,2026-03-30 02:30:00-04:00,2026-03-30 02:45:00-04:00,38.2942,38.1769,yes
KXHYPE15M-26MAR300230,Target Price: $38.1985,2026-03-30 02:15:00-04:00,2026-03-30 02:30:00-04:00,38.1769,38.1985,no
KXHYPE15M-26MAR300215,Target Price: $38.2630,2026-03-30 02:00:00-04:00,2026-03-30 02:15:00-04:00,38.1985,38.263,no
KXHYPE15M-26MAR300200,Target Price: $38.2994,2026-03-30 01:45:00-04:00,2026-03-30 02:00:00-04:00,38.2630,38.2994,no
KXHYPE15M-26MAR300145,Target Price: $38.5287,2026-03-30 01:30:00-04:00,2026-03-30 01:45:00-04:00,38.2994,38.5287,no
KXHYPE15M-26MAR300130,Target Price: $38.6417,2026-03-30 01:15:00-04:00,2026-03-30 01:30:00-04:00,38.5287,38.6417,no
KXHYPE15M-26MAR300115,Target Price: $38.6581,2026-03-30 01:00:00-04:00,2026-03-30 01:15:00-04:00,38.6417,38.6581,no
KXHYPE15M-26MAR300100,Target Price: $38.4600,2026-03-30 00:45:00-04:00,2026-03-30 01:00:00-04:00,38.6581,38.46,yes
KXHYPE15M-26MAR300045,Target Price: $38.5525,2026-03-30 00:30:00-04:00,2026-03-30 00:45:00-04:00,38.4600,38.5525,no
KXHYPE15M-26MAR300030,Target Price: $38.4111,2026-03-30 00:15:00-04:00,2026-03-30 00:30:00-04:00,38.5525,38.4111,yes
KXHYPE15M-26MAR300015,Target Price: $38.2583,2026-03-30 00:00:00-04:00,2026-03-30 00:15:00-04:00,38.4111,38.2583,yes
KXHYPE15M-26MAR300000,Target Price: $38.2818,2026-03-29 23:45:00-04:00,2026-03-30 00:00:00-04:00,38.2583,38.2818,no
KXHYPE15M-26MAR292345,Target Price: $38.3852,2026-03-29 23:30:00-04:00,2026-03-29 23:45:00-04:00,38.2818,38.3852,no
KXHYPE15M-26MAR292330,Target Price: $38.3664,2026-03-29 23:15:00-04:00,2026-03-29 23:30:00-04:00,38.3852,38.3664,yes
KXHYPE15M-26MAR292315,Target Price: $38.3327,2026-03-29 23:00:00-04:00,2026-03-29 23:15:00-04:00,38.3664,38.3327,yes
KXHYPE15M-26MAR292300,Target Price: $38.3154,2026-03-29 22:45:00-04:00,2026-03-29 23:00:00-04:00,38.3327,38.3154,yes
KXHYPE15M-26MAR292245,Target Price: $38.1104,2026-03-29 22:30:00-04:00,2026-03-29 22:45:00-04:00,38.3154,38.1104,yes
KXHYPE15M-26MAR292230,Target Price: $38.2318,2026-03-29 22:15:00-04:00,2026-03-29 22:30:00-04:00,38.1104,38.2318,no
KXHYPE15M-26MAR292215,Target Price: $37.9640,2026-03-29 22:00:00-04:00,2026-03-29 22:15:00-04:00,38.2318,37.964,yes
KXHYPE15M-26MAR292200,Target Price: $37.9073,2026-03-29 21:45:00-04:00,2026-03-29 22:00:00-04:00,37.9640,37.9073,yes
KXHYPE15M-26MAR292145,Target Price: $37.9702,2026-03-29 21:30:00-04:00,2026-03-29 21:45:00-04:00,37.9073,37.9702,no
KXHYPE15M-26MAR292130,Target Price: $37.5813,2026-03-29 21:15:00-04:00,2026-03-29 21:30:00-04:00,37.9702,37.5813,yes
KXHYPE15M-26MAR292115,Target Price: $37.6686,2026-03-29 21:00:00-04:00,2026-03-29 21:15:00-04:00,37.5813,37.6686,no
KXHYPE15M-26MAR292100,Target Price: $37.7147,2026-03-29 20:45:00-04:00,2026-03-29 21:00:00-04:00,37.6686,37.7147,no
KXHYPE15M-26MAR292045,Target Price: $38.3779,2026-03-29 20:30:00-04:00,2026-03-29 20:45:00-04:00,37.7147,38.3779,no
KXHYPE15M-26MAR292030,Target Price: $37.9831,2026-03-29 20:15:00-04:00,2026-03-29 20:30:00-04:00,38.3779,37.9831,yes
KXHYPE15M-26MAR292015,Target Price: $37.8062,2026-03-29 20:00:00-04:00,2026-03-29 20:15:00-04:00,37.9831,37.8062,yes
KXHYPE15M-26MAR292000,Target Price: $37.7956,2026-03-29 19:45:00-04:00,2026-03-29 20:00:00-04:00,37.8062,37.7956,yes
KXHYPE15M-26MAR291945,Target Price: $38.0684,2026-03-29 19:30:00-04:00,2026-03-29 19:45:00-04:00,37.7956,38.0684,no
KXHYPE15M-26MAR291930,Target Price: $38.1922,2026-03-29 19:15:00-04:00,2026-03-29 19:30:00-04:00,38.0684,38.1922,no
KXHYPE15M-26MAR291915,Target Price: $38.2123,2026-03-29 19:00:00-04:00,2026-03-29 19:15:00-04:00,38.1922,38.2123,no
KXHYPE15M-26MAR291900,Target Price: $38.1430,2026-03-29 18:45:00-04:00,2026-03-29 19:00:00-04:00,38.2123,38.143,yes
KXHYPE15M-26MAR291845,Target Price: $38.3400,2026-03-29 18:30:00-04:00,2026-03-29 18:45:00-04:00,38.1430,38.34,no
KXHYPE15M-26MAR291830,Target Price: $38.4025,2026-03-29 18:15:00-04:00,2026-03-29 18:30:00-04:00,38.3400,38.4025,no
KXHYPE15M-26MAR291815,Target Price: $38.5733,2026-03-29 18:00:00-04:00,2026-03-29 18:15:00-04:00,38.4025,38.5733,no
KXHYPE15M-26MAR291800,Target Price: $38.5852,2026-03-29 17:45:00-04:00,2026-03-29 18:00:00-04:00,38.5733,38.5852,no
KXHYPE15M-26MAR291745,Target Price: $38.6288,2026-03-29 17:30:00-04:00,2026-03-29 17:45:00-04:00,38.5852,38.6288,no
KXHYPE15M-26MAR291730,Target Price: $38.6473,2026-03-29 17:15:00-04:00,2026-03-29 17:30:00-04:00,38.6288,38.6473,no
KXHYPE15M-26MAR291715,Target Price: $38.7214,2026-03-29 17:00:00-04:00,2026-03-29 17:15:00-04:00,38.6473,38.7214,no
KXHYPE15M-26MAR291700,Target Price: $38.7176,2026-03-29 16:45:00-04:00,2026-03-29 17:00:00-04:00,38.7214,38.7176,yes
KXHYPE15M-26MAR291645,Target Price: $38.8471,2026-03-29 16:30:00-04:00,2026-03-29 16:45:00-04:00,38.7176,38.8471,no
KXHYPE15M-26MAR291630,Target Price: $38.6144,2026-03-29 16:15:00-04:00,2026-03-29 16:30:00-04:00,38.8471,38.6144,yes
KXHYPE15M-26MAR291615,Target Price: $38.5702,2026-03-29 16:00:00-04:00,2026-03-29 16:15:00-04:00,38.6144,38.5702,yes
KXHYPE15M-26MAR291600,Target Price: $38.6647,2026-03-29 15:45:00-04:00,2026-03-29 16:00:00-04:00,38.5702,38.6647,no
KXHYPE15M-26MAR291545,Target Price: $38.7078,2026-03-29 15:30:00-04:00,2026-03-29 15:45:00-04:00,38.6647,38.7078,no
KXHYPE15M-26MAR291530,Target Price: $38.7870,2026-03-29 15:15:00-04:00,2026-03-29 15:30:00-04:00,38.7078,38.787,no
KXHYPE15M-26MAR291515,Target Price: $38.6858,2026-03-29 15:00:00-04:00,2026-03-29 15:15:00-04:00,38.7870,38.6858,yes
KXHYPE15M-26MAR291500,Target Price: $38.7248,2026-03-29 14:45:00-04:00,2026-03-29 15:00:00-04:00,38.6858,38.7248,no
KXHYPE15M-26MAR291445,Target Price: $38.6335,2026-03-29 14:30:00-04:00,2026-03-29 14:45:00-04:00,38.7248,38.6335,yes
KXHYPE15M-26MAR291430,Target Price: $38.7043,2026-03-29 14:15:00-04:00,2026-03-29 14:30:00-04:00,38.6335,38.7043,no
KXHYPE15M-26MAR291415,Target Price: $38.7986,2026-03-29 14:00:00-04:00,2026-03-29 14:15:00-04:00,38.7043,38.7986,no
KXHYPE15M-26MAR291400,Target Price: $38.8975,2026-03-29 13:45:00-04:00,2026-03-29 14:00:00-04:00,38.7986,38.8975,no
KXHYPE15M-26MAR291345,Target Price: $38.9293,2026-03-29 13:30:00-04:00,2026-03-29 13:45:00-04:00,38.8975,38.9293,no
KXHYPE15M-26MAR291330,Target Price: $38.9733,2026-03-29 13:15:00-04:00,2026-03-29 13:30:00-04:00,38.9293,38.9733,no
KXHYPE15M-26MAR291315,Target Price: $38.9365,2026-03-29 13:00:00-04:00,2026-03-29 13:15:00-04:00,38.9733,38.9365,yes
KXHYPE15M-26MAR291300,Target Price: $38.9302,2026-03-29 12:45:00-04:00,2026-03-29 13:00:00-04:00,38.9365,38.9302,yes
KXHYPE15M-26MAR291245,Target Price: $39.0486,2026-03-29 12:30:00-04:00,2026-03-29 12:45:00-04:00,38.9302,39.0486,no
KXHYPE15M-26MAR291230,Target Price: $38.9480,2026-03-29 12:15:00-04:00,2026-03-29 12:30:00-04:00,39.0486,38.948,yes
KXHYPE15M-26MAR291215,Target Price: $38.9849,2026-03-29 12:00:00-04:00,2026-03-29 12:15:00-04:00,38.9480,38.9849,no
KXHYPE15M-26MAR291200,Target Price: $38.8881,2026-03-29 11:45:00-04:00,2026-03-29 12:00:00-04:00,38.9849,38.8881,yes
KXHYPE15M-26MAR291145,Target Price: $38.7951,2026-03-29 11:30:00-04:00,2026-03-29 11:45:00-04:00,38.8881,38.7951,yes
KXHYPE15M-26MAR291130,Target Price: $38.8375,2026-03-29 11:15:00-04:00,2026-03-29 11:30:00-04:00,38.7951,38.8375,no
KXHYPE15M-26MAR291115,Target Price: $38.8238,2026-03-29 11:00:00-04:00,2026-03-29 11:15:00-04:00,38.8375,38.8238,yes
KXHYPE15M-26MAR291100,Target Price: $38.8597,2026-03-29 10:45:00-04:00,2026-03-29 11:00:00-04:00,38.8238,38.8597,no
KXHYPE15M-26MAR291045,Target Price: $38.8468,2026-03-29 10:30:00-04:00,2026-03-29 10:45:00-04:00,38.8597,38.8468,yes
KXHYPE15M-26MAR291030,Target Price: $38.9431,2026-03-29 10:15:00-04:00,2026-03-29 10:30:00-04:00,38.8468,38.9431,no
KXHYPE15M-26MAR291015,Target Price: $39.0674,2026-03-29 10:00:00-04:00,2026-03-29 10:15:00-04:00,38.9431,39.0674,no
KXHYPE15M-26MAR291000,Target Price: $39.1730,2026-03-29 09:45:00-04:00,2026-03-29 10:00:00-04:00,39.0674,39.173,no
KXHYPE15M-26MAR290945,Target Price: $39.0737,2026-03-29 09:30:00-04:00,2026-03-29 09:45:00-04:00,39.1730,39.0737,yes
KXHYPE15M-26MAR290930,Target Price: $38.9823,2026-03-29 09:15:00-04:00,2026-03-29 09:30:00-04:00,39.0737,38.9823,yes
KXHYPE15M-26MAR290915,Target Price: $39.1311,2026-03-29 09:00:00-04:00,2026-03-29 09:15:00-04:00,38.9823,39.1311,no
KXHYPE15M-26MAR290900,Target Price: $39.1705,2026-03-29 08:45:00-04:00,2026-03-29 09:00:00-04:00,39.1311,39.1705,no
KXHYPE15M-26MAR290845,Target Price: $39.4069,2026-03-29 08:30:00-04:00,2026-03-29 08:45:00-04:00,39.1705,39.4069,no
KXHYPE15M-26MAR290830,Target Price: $39.3637,2026-03-29 08:15:00-04:00,2026-03-29 08:30:00-04:00,39.4069,39.3637,yes
KXHYPE15M-26MAR290815,Target Price: $39.2956,2026-03-29 08:00:00-04:00,2026-03-29 08:15:00-04:00,39.3637,39.2956,yes
KXHYPE15M-26MAR290800,Target Price: $39.4075,2026-03-29 07:45:00-04:00,2026-03-29 08:00:00-04:00,39.2956,39.4075,no
KXHYPE15M-26MAR290745,Target Price: $39.4484,2026-03-29 07:30:00-04:00,2026-03-29 07:45:00-04:00,39.4075,39.4484,no
KXHYPE15M-26MAR290730,Target Price: $39.4633,2026-03-29 07:15:00-04:00,2026-03-29 07:30:00-04:00,39.4484,39.4633,no
KXHYPE15M-26MAR290715,Target Price: $39.3678,2026-03-29 07:00:00-04:00,2026-03-29 07:15:00-04:00,39.4633,39.3678,yes
KXHYPE15M-26MAR290700,Target Price: $39.3315,2026-03-29 06:45:00-04:00,2026-03-29 07:00:00-04:00,39.3678,39.3315,yes
KXHYPE15M-26MAR290645,Target Price: $39.2762,2026-03-29 06:30:00-04:00,2026-03-29 06:45:00-04:00,39.3315,39.2762,yes
KXHYPE15M-26MAR290630,Target Price: $39.3783,2026-03-29 06:15:00-04:00,2026-03-29 06:30:00-04:00,39.2762,39.3783,no
KXHYPE15M-26MAR290615,Target Price: $39.5647,2026-03-29 06:00:00-04:00,2026-03-29 06:15:00-04:00,39.3783,39.5647,no
KXHYPE15M-26MAR290600,Target Price: $39.5461,2026-03-29 05:45:00-04:00,2026-03-29 06:00:00-04:00,39.5647,39.5461,yes
KXHYPE15M-26MAR290545,Target Price: $39.7038,2026-03-29 05:30:00-04:00,2026-03-29 05:45:00-04:00,39.5461,39.7038,no
KXHYPE15M-26MAR290530,Target Price: $39.7442,2026-03-29 05:15:00-04:00,2026-03-29 05:30:00-04:00,39.7038,39.7442,no
KXHYPE15M-26MAR290515,Target Price: $39.8125,2026-03-29 05:00:00-04:00,2026-03-29 05:15:00-04:00,39.7442,39.8125,no
KXHYPE15M-26MAR290500,Target Price: $39.8325,2026-03-29 04:45:00-04:00,2026-03-29 05:00:00-04:00,39.8125,39.8325,no
KXHYPE15M-26MAR290445,Target Price: $39.7133,2026-03-29 04:30:00-04:00,2026-03-29 04:45:00-04:00,39.8325,39.7133,yes
KXHYPE15M-26MAR290430,Target Price: $39.7090,2026-03-29 04:15:00-04:00,2026-03-29 04:30:00-04:00,39.7133,39.709,yes
KXHYPE15M-26MAR290415,Target Price: $39.6660,2026-03-29 04:00:00-04:00,2026-03-29 04:15:00-04:00,39.7090,39.666,yes
KXHYPE15M-26MAR290400,Target Price: $39.6463,2026-03-29 03:45:00-04:00,2026-03-29 04:00:00-04:00,39.6660,39.6463,yes
KXHYPE15M-26MAR290345,Target Price: $39.7016,2026-03-29 03:30:00-04:00,2026-03-29 03:45:00-04:00,39.6463,39.7016,no
KXHYPE15M-26MAR290330,Target Price: $39.7211,2026-03-29 03:15:00-04:00,2026-03-29 03:30:00-04:00,39.7016,39.7211,no
KXHYPE15M-26MAR290315,Target Price: $39.7611,2026-03-29 03:00:00-04:00,2026-03-29 03:15:00-04:00,39.7211,39.7611,no
KXHYPE15M-26MAR290300,Target Price: $39.8271,2026-03-29 02:45:00-04:00,2026-03-29 03:00:00-04:00,39.7611,39.8271,no
KXHYPE15M-26MAR290245,Target Price: $39.8356,2026-03-29 02:30:00-04:00,2026-03-29 02:45:00-04:00,39.8271,39.8356,no
KXHYPE15M-26MAR290230,Target Price: $39.9051,2026-03-29 02:15:00-04:00,2026-03-29 02:30:00-04:00,39.8356,39.9051,no
KXHYPE15M-26MAR290215,Target Price: $39.8218,2026-03-29 02:00:00-04:00,2026-03-29 02:15:00-04:00,39.9051,39.8218,yes
KXHYPE15M-26MAR290200,Target Price: $39.6854,2026-03-29 01:45:00-04:00,2026-03-29 02:00:00-04:00,39.8218,39.6854,yes
KXHYPE15M-26MAR290145,Target Price: $39.7446,2026-03-29 01:30:00-04:00,2026-03-29 01:45:00-04:00,39.6854,39.7446,no
KXHYPE15M-26MAR290130,Target Price: $39.7228,2026-03-29 01:15:00-04:00,2026-03-29 01:30:00-04:00,39.7446,39.7228,yes
KXHYPE15M-26MAR290115,Target Price: $39.7773,2026-03-29 01:00:00-04:00,2026-03-29 01:15:00-04:00,39.7228,39.7773,no
KXHYPE15M-26MAR290100,Target Price: $39.8491,2026-03-29 00:45:00-04:00,2026-03-29 01:00:00-04:00,39.7773,39.8491,no
KXHYPE15M-26MAR290045,Target Price: $39.9081,2026-03-29 00:30:00-04:00,2026-03-29 00:45:00-04:00,39.8491,39.9081,no
KXHYPE15M-26MAR290030,Target Price: $39.9480,2026-03-29 00:15:00-04:00,2026-03-29 00:30:00-04:00,39.9081,39.948,no
KXHYPE15M-26MAR290015,Target Price: $39.8972,2026-03-29 00:00:00-04:00,2026-03-29 00:15:00-04:00,39.9480,39.8972,yes
KXHYPE15M-26MAR290000,Target Price: $39.7841,2026-03-28 23:45:00-04:00,2026-03-29 00:00:00-04:00,39.8972,39.7841,yes
KXHYPE15M-26MAR282345,Target Price: $39.8404,2026-03-28 23:30:00-04:00,2026-03-28 23:45:00-04:00,39.7841,39.8404,no
KXHYPE15M-26MAR282330,Target Price: $39.6727,2026-03-28 23:15:00-04:00,2026-03-28 23:30:00-04:00,39.8404,39.6727,yes
KXHYPE15M-26MAR282315,Target Price: $39.6957,2026-03-28 23:00:00-04:00,2026-03-28 23:15:00-04:00,39.6727,39.6957,no
KXHYPE15M-26MAR282300,Target Price: $39.6291,2026-03-28 22:45:00-04:00,2026-03-28 23:00:00-04:00,39.6957,39.6291,yes
KXHYPE15M-26MAR282245,Target Price: $39.4284,2026-03-28 22:30:00-04:00,2026-03-28 22:45:00-04:00,39.6291,39.4284,yes
KXHYPE15M-26MAR282230,Target Price: $39.5063,2026-03-28 22:15:00-04:00,2026-03-28 22:30:00-04:00,39.4284,39.5063,no
KXHYPE15M-26MAR282215,Target Price: $39.4464,2026-03-28 22:00:00-04:00,2026-03-28 22:15:00-04:00,39.5063,39.4464,yes
KXHYPE15M-26MAR282200,Target Price: $39.3242,2026-03-28 21:45:00-04:00,2026-03-28 22:00:00-04:00,39.4464,39.3242,yes
KXHYPE15M-26MAR282145,Target Price: $39.4667,2026-03-28 21:30:00-04:00,2026-03-28 21:45:00-04:00,39.3242,39.4667,no
KXHYPE15M-26MAR282130,Target Price: $39.5959,2026-03-28 21:15:00-04:00,2026-03-28 21:30:00-04:00,39.4667,39.5959,no
KXHYPE15M-26MAR282115,Target Price: $39.5190,2026-03-28 21:00:00-04:00,2026-03-28 21:15:00-04:00,39.5959,39.519,yes
KXHYPE15M-26MAR282100,Target Price: $39.4590,2026-03-28 20:45:00-04:00,2026-03-28 21:00:00-04:00,39.5190,39.459,yes
KXHYPE15M-26MAR282045,Target Price: $39.4350,2026-03-28 20:30:00-04:00,2026-03-28 20:45:00-04:00,39.4590,39.435,yes
KXHYPE15M-26MAR282030,Target Price: $39.4159,2026-03-28 20:15:00-04:00,2026-03-28 20:30:00-04:00,39.4350,39.4159,yes
KXHYPE15M-26MAR282015,Target Price: $39.4421,2026-03-28 20:00:00-04:00,2026-03-28 20:15:00-04:00,39.4159,39.4421,no
KXHYPE15M-26MAR282000,Target Price: $39.4540,2026-03-28 19:45:00-04:00,2026-03-28 20:00:00-04:00,39.4421,39.454,no
KXHYPE15M-26MAR281945,Target Price: $39.5884,2026-03-28 19:30:00-04:00,2026-03-28 19:45:00-04:00,39.4540,39.5884,no
KXHYPE15M-26MAR281930,Target Price: $39.5541,2026-03-28 19:15:00-04:00,2026-03-28 19:30:00-04:00,39.5884,39.5541,yes
KXHYPE15M-26MAR281915,Target Price: $39.7857,2026-03-28 19:00:00-04:00,2026-03-28 19:15:00-04:00,39.5541,39.7857,no
KXHYPE15M-26MAR281900,Target Price: $39.6643,2026-03-28 18:45:00-04:00,2026-03-28 19:00:00-04:00,39.7857,39.6643,yes
KXHYPE15M-26MAR281845,Target Price: $39.7338,2026-03-28 18:30:00-04:00,2026-03-28 18:45:00-04:00,39.6643,39.7338,no
KXHYPE15M-26MAR281830,Target Price: $39.6621,2026-03-28 18:15:00-04:00,2026-03-28 18:30:00-04:00,39.7338,39.6621,yes
KXHYPE15M-26MAR281815,Target Price: $39.6637,2026-03-28 18:00:00-04:00,2026-03-28 18:15:00-04:00,39.6621,39.6637,no
KXHYPE15M-26MAR281800,Target Price: $39.7488,2026-03-28 17:45:00-04:00,2026-03-28 18:00:00-04:00,39.6637,39.7488,no
KXHYPE15M-26MAR281745,Target Price: $39.8004,2026-03-28 17:30:00-04:00,2026-03-28 17:45:00-04:00,39.7488,39.8004,no
KXHYPE15M-26MAR281730,Target Price: $39.8810,2026-03-28 17:15:00-04:00,2026-03-28 17:30:00-04:00,39.8004,39.881,no
KXHYPE15M-26MAR281715,Target Price: $39.9269,2026-03-28 17:00:00-04:00,2026-03-28 17:15:00-04:00,39.8810,39.9269,no
KXHYPE15M-26MAR281700,Target Price: $39.8949,2026-03-28 16:45:00-04:00,2026-03-28 17:00:00-04:00,39.9269,39.8949,yes
KXHYPE15M-26MAR281645,Target Price: $39.8708,2026-03-28 16:30:00-04:00,2026-03-28 16:45:00-04:00,39.8949,39.8708,yes
KXHYPE15M-26MAR281630,Target Price: $39.9065,2026-03-28 16:15:00-04:00,2026-03-28 16:30:00-04:00,39.8708,39.9065,no
KXHYPE15M-26MAR281615,Target Price: $39.9017,2026-03-28 16:00:00-04:00,2026-03-28 16:15:00-04:00,39.9065,39.9017,yes
KXHYPE15M-26MAR281600,Target Price: $39.8806,2026-03-28 15:45:00-04:00,2026-03-28 16:00:00-04:00,39.9017,39.8806,yes
KXHYPE15M-26MAR281545,Target Price: $39.8600,2026-03-28 15:30:00-04:00,2026-03-28 15:45:00-04:00,39.8806,39.86,yes
KXHYPE15M-26MAR281530,Target Price: $39.6996,2026-03-28 15:15:00-04:00,2026-03-28 15:30:00-04:00,39.8600,39.6996,yes
KXHYPE15M-26MAR281515,Target Price: $39.7555,2026-03-28 15:00:00-04:00,2026-03-28 15:15:00-04:00,39.6996,39.7555,no
KXHYPE15M-26MAR281500,Target Price: $39.7694,2026-03-28 14:45:00-04:00,2026-03-28 15:00:00-04:00,39.7555,39.7694,no
KXHYPE15M-26MAR281445,Target Price: $39.7346,2026-03-28 14:30:00-04:00,2026-03-28 14:45:00-04:00,39.7694,39.7346,yes
KXHYPE15M-26MAR281430,Target Price: $39.7481,2026-03-28 14:15:00-04:00,2026-03-28 14:30:00-04:00,39.7346,39.7481,no
KXHYPE15M-26MAR281415,Target Price: $39.7607,2026-03-28 14:00:00-04:00,2026-03-28 14:15:00-04:00,39.7481,39.7607,no
KXHYPE15M-26MAR281400,Target Price: $39.6954,2026-03-28 13:45:00-04:00,2026-03-28 14:00:00-04:00,39.7607,39.6954,yes
KXHYPE15M-26MAR281345,Target Price: $39.6258,2026-03-28 13:30:00-04:00,2026-03-28 13:45:00-04:00,39.6954,39.6258,yes
KXHYPE15M-26MAR281330,Target Price: $39.7566,2026-03-28 13:15:00-04:00,2026-03-28 13:30:00-04:00,39.6258,39.7566,no
KXHYPE15M-26MAR281315,Target Price: $39.8268,2026-03-28 13:00:00-04:00,2026-03-28 13:15:00-04:00,39.7566,39.8268,no
KXHYPE15M-26MAR281300,Target Price: $39.9122,2026-03-28 12:45:00-04:00,2026-03-28 13:00:00-04:00,39.8268,39.9122,no
KXHYPE15M-26MAR281245,Target Price: $40.0551,2026-03-28 12:30:00-04:00,2026-03-28 12:45:00-04:00,39.9122,40.0551,no
KXHYPE15M-26MAR281230,Target Price: $40.0846,2026-03-28 12:15:00-04:00,2026-03-28 12:30:00-04:00,40.0551,40.0846,no
KXHYPE15M-26MAR281215,Target Price: $40.2017,2026-03-28 12:00:00-04:00,2026-03-28 12:15:00-04:00,40.0846,40.2017,no
KXHYPE15M-26MAR281200,Target Price: $40.0865,2026-03-28 11:45:00-04:00,2026-03-28 12:00:00-04:00,40.2017,40.0865,yes
KXHYPE15M-26MAR281145,Target Price: $40.0818,2026-03-28 11:30:00-04:00,2026-03-28 11:45:00-04:00,40.0865,40.0818,yes
KXHYPE15M-26MAR281130,Target Price: $40.0252,2026-03-28 11:15:00-04:00,2026-03-28 11:30:00-04:00,40.0818,40.0252,yes
KXHYPE15M-26MAR281115,Target Price: $39.8608,2026-03-28 11:00:00-04:00,2026-03-28 11:15:00-04:00,40.0252,39.8608,yes
KXHYPE15M-26MAR281100,Target Price: $39.9335,2026-03-28 10:45:00-04:00,2026-03-28 11:00:00-04:00,39.8608,39.9335,no
KXHYPE15M-26MAR281045,Target Price: $39.9208,2026-03-28 10:30:00-04:00,2026-03-28 10:45:00-04:00,39.9335,39.9208,yes
KXHYPE15M-26MAR281030,Target Price: $39.8537,2026-03-28 10:15:00-04:00,2026-03-28 10:30:00-04:00,39.9208,39.8537,yes
KXHYPE15M-26MAR281015,Target Price: $39.8638,2026-03-28 10:00:00-04:00,2026-03-28 10:15:00-04:00,39.8537,39.8638,no
KXHYPE15M-26MAR281000,Target Price: $40.0464,2026-03-28 09:45:00-04:00,2026-03-28 10:00:00-04:00,39.8638,40.0464,no
KXHYPE15M-26MAR280945,Target Price: $39.9411,2026-03-28 09:30:00-04:00,2026-03-28 09:45:00-04:00,40.0464,39.9411,yes
KXHYPE15M-26MAR280930,Target Price: $39.9841,2026-03-28 09:15:00-04:00,2026-03-28 09:30:00-04:00,39.9411,39.9841,no
KXHYPE15M-26MAR280915,Target Price: $40.0818,2026-03-28 09:00:00-04:00,2026-03-28 09:15:00-04:00,39.9841,40.0818,no
KXHYPE15M-26MAR280900,Target Price: $39.8406,2026-03-28 08:45:00-04:00,2026-03-28 09:00:00-04:00,40.0818,39.8406,yes
KXHYPE15M-26MAR280845,Target Price: $39.8898,2026-03-28 08:30:00-04:00,2026-03-28 08:45:00-04:00,39.8406,39.8898,no
KXHYPE15M-26MAR280830,Target Price: $39.5828,2026-03-28 08:15:00-04:00,2026-03-28 08:30:00-04:00,39.8898,39.5828,yes
KXHYPE15M-26MAR280815,Target Price: $39.5310,2026-03-28 08:00:00-04:00,2026-03-28 08:15:00-04:00,39.5828,39.531,yes
KXHYPE15M-26MAR280800,Target Price: $39.3290,2026-03-28 07:45:00-04:00,2026-03-28 08:00:00-04:00,39.5310,39.329,yes
KXHYPE15M-26MAR280745,Target Price: $39.1790,2026-03-28 07:30:00-04:00,2026-03-28 07:45:00-04:00,39.3290,39.179,yes
KXHYPE15M-26MAR280730,Target Price: $39.1782,2026-03-28 07:15:00-04:00,2026-03-28 07:30:00-04:00,39.1790,39.1782,yes
KXHYPE15M-26MAR280715,Target Price: $39.3361,2026-03-28 07:00:00-04:00,2026-03-28 07:15:00-04:00,39.1782,39.3361,no
KXHYPE15M-26MAR280700,Target Price: $39.3143,2026-03-28 06:45:00-04:00,2026-03-28 07:00:00-04:00,39.3361,39.3143,yes
KXHYPE15M-26MAR280645,Target Price: $39.2208,2026-03-28 06:30:00-04:00,2026-03-28 06:45:00-04:00,39.3143,39.2208,yes
KXHYPE15M-26MAR280630,Target Price: $39.4684,2026-03-28 06:15:00-04:00,2026-03-28 06:30:00-04:00,39.2208,39.4684,no
KXHYPE15M-26MAR280615,Target Price: $39.4249,2026-03-28 06:00:00-04:00,2026-03-28 06:15:00-04:00,39.4684,39.4249,yes
KXHYPE15M-26MAR280600,Target Price: $39.3850,2026-03-28 05:45:00-04:00,2026-03-28 06:00:00-04:00,39.4249,39.385,yes
KXHYPE15M-26MAR280545,Target Price: $39.5004,2026-03-28 05:30:00-04:00,2026-03-28 05:45:00-04:00,39.3850,39.5004,no
KXHYPE15M-26MAR280530,Target Price: $39.4343,2026-03-28 05:15:00-04:00,2026-03-28 05:30:00-04:00,39.5004,39.4343,yes
KXHYPE15M-26MAR280515,Target Price: $39.4658,2026-03-28 05:00:00-04:00,2026-03-28 05:15:00-04:00,39.4343,39.4658,no
KXHYPE15M-26MAR280500,Target Price: $39.5563,2026-03-28 04:45:00-04:00,2026-03-28 05:00:00-04:00,39.4658,39.5563,no
KXHYPE15M-26MAR280445,Target Price: $39.6348,2026-03-28 04:30:00-04:00,2026-03-28 04:45:00-04:00,39.5563,39.6348,no
KXHYPE15M-26MAR280430,Target Price: $39.5841,2026-03-28 04:15:00-04:00,2026-03-28 04:30:00-04:00,39.6348,39.5841,yes
KXHYPE15M-26MAR280415,Target Price: $39.3543,2026-03-28 04:00:00-04:00,2026-03-28 04:15:00-04:00,39.5841,39.3543,yes
KXHYPE15M-26MAR280400,Target Price: $39.1918,2026-03-28 03:45:00-04:00,2026-03-28 04:00:00-04:00,39.3543,39.1918,yes
KXHYPE15M-26MAR280345,Target Price: $39.1114,2026-03-28 03:30:00-04:00,2026-03-28 03:45:00-04:00,39.1918,39.1114,yes
KXHYPE15M-26MAR280330,Target Price: $39.2161,2026-03-28 03:15:00-04:00,2026-03-28 03:30:00-04:00,39.1114,39.2161,no
KXHYPE15M-26MAR280315,Target Price: $39.1325,2026-03-28 03:00:00-04:00,2026-03-28 03:15:00-04:00,39.2161,39.1325,yes
KXHYPE15M-26MAR280300,Target Price: $38.9340,2026-03-28 02:45:00-04:00,2026-03-28 03:00:00-04:00,39.1325,38.934,yes
KXHYPE15M-26MAR280245,Target Price: $38.7531,2026-03-28 02:30:00-04:00,2026-03-28 02:45:00-04:00,38.9340,38.7531,yes
KXHYPE15M-26MAR280230,Target Price: $38.6160,2026-03-28 02:15:00-04:00,2026-03-28 02:30:00-04:00,38.7531,38.616,yes
KXHYPE15M-26MAR280215,Target Price: $38.5223,2026-03-28 02:00:00-04:00,2026-03-28 02:15:00-04:00,38.6160,38.5223,yes
KXHYPE15M-26MAR280200,Target Price: $38.5651,2026-03-28 01:45:00-04:00,2026-03-28 02:00:00-04:00,38.5223,38.5651,no
KXHYPE15M-26MAR280145,Target Price: $38.4471,2026-03-28 01:30:00-04:00,2026-03-28 01:45:00-04:00,38.5651,38.4471,yes
KXHYPE15M-26MAR280130,Target Price: $38.3240,2026-03-28 01:15:00-04:00,2026-03-28 01:30:00-04:00,38.4471,38.324,yes
KXHYPE15M-26MAR280115,Target Price: $38.4982,2026-03-28 01:00:00-04:00,2026-03-28 01:15:00-04:00,38.3240,38.4982,no
KXHYPE15M-26MAR280100,Target Price: $38.5473,2026-03-28 00:45:00-04:00,2026-03-28 01:00:00-04:00,38.4982,38.5473,no
KXHYPE15M-26MAR280045,Target Price: $38.5834,2026-03-28 00:30:00-04:00,2026-03-28 00:45:00-04:00,38.5473,38.5834,no
KXHYPE15M-26MAR280030,Target Price: $38.4450,2026-03-28 00:15:00-04:00,2026-03-28 00:30:00-04:00,38.5834,38.445,yes
KXHYPE15M-26MAR280015,Target Price: $38.4921,2026-03-28 00:00:00-04:00,2026-03-28 00:15:00-04:00,38.4450,38.4921,no
KXHYPE15M-26MAR280000,Target Price: $38.3402,2026-03-27 23:45:00-04:00,2026-03-28 00:00:00-04:00,38.4921,38.3402,yes
KXHYPE15M-26MAR272345,Target Price: $38.3261,2026-03-27 23:30:00-04:00,2026-03-27 23:45:00-04:00,38.3402,38.3261,yes
KXHYPE15M-26MAR272330,Target Price: $38.3077,2026-03-27 23:15:00-04:00,2026-03-27 23:30:00-04:00,38.3261,38.3077,yes
KXHYPE15M-26MAR272315,Target Price: $38.4289,2026-03-27 23:00:00-04:00,2026-03-27 23:15:00-04:00,38.3077,38.4289,no
KXHYPE15M-26MAR272300,Target Price: $38.3298,2026-03-27 22:45:00-04:00,2026-03-27 23:00:00-04:00,38.4289,38.3298,yes
KXHYPE15M-26MAR272245,Target Price: $38.2038,2026-03-27 22:30:00-04:00,2026-03-27 22:45:00-04:00,38.3298,38.2038,yes
KXHYPE15M-26MAR272230,Target Price: $38.2587,2026-03-27 22:15:00-04:00,2026-03-27 22:30:00-04:00,38.2038,38.2587,no
KXHYPE15M-26MAR272215,Target Price: $38.1910,2026-03-27 22:00:00-04:00,2026-03-27 22:15:00-04:00,38.2587,38.191,yes
KXHYPE15M-26MAR272200,Target Price: $38.1342,2026-03-27 21:45:00-04:00,2026-03-27 22:00:00-04:00,38.1910,38.1342,yes
KXHYPE15M-26MAR272145,Target Price: $38.1301,2026-03-27 21:30:00-04:00,2026-03-27 21:45:00-04:00,38.1342,38.1301,yes
KXHYPE15M-26MAR272130,Target Price: $38.0477,2026-03-27 21:15:00-04:00,2026-03-27 21:30:00-04:00,38.1301,38.0477,yes
KXHYPE15M-26MAR272115,Target Price: $38.0458,2026-03-27 21:00:00-04:00,2026-03-27 21:15:00-04:00,38.0477,38.0458,yes
KXHYPE15M-26MAR272100,Target Price: $38.0661,2026-03-27 20:45:00-04:00,2026-03-27 21:00:00-04:00,38.0458,38.0661,no
KXHYPE15M-26MAR272045,Target Price: $38.0735,2026-03-27 20:30:00-04:00,2026-03-27 20:45:00-04:00,38.0661,38.0735,no
KXHYPE15M-26MAR272030,Target Price: $38.1994,2026-03-27 20:15:00-04:00,2026-03-27 20:30:00-04:00,38.0735,38.1994,no
KXHYPE15M-26MAR272015,Target Price: $38.6554,2026-03-27 20:00:00-04:00,2026-03-27 20:15:00-04:00,38.1994,38.6554,no
KXHYPE15M-26MAR272000,Target Price: $38.5083,2026-03-27 19:45:00-04:00,2026-03-27 20:00:00-04:00,38.6554,38.5083,yes
KXHYPE15M-26MAR271945,Target Price: $38.5177,2026-03-27 19:30:00-04:00,2026-03-27 19:45:00-04:00,38.5083,38.5177,no
KXHYPE15M-26MAR271930,Target Price: $38.4243,2026-03-27 19:15:00-04:00,2026-03-27 19:30:00-04:00,38.5177,38.4243,yes
KXHYPE15M-26MAR271915,Target Price: $38.3752,2026-03-27 19:00:00-04:00,2026-03-27 19:15:00-04:00,38.4243,38.3752,yes
KXHYPE15M-26MAR271900,Target Price: $38.2902,2026-03-27 18:45:00-04:00,2026-03-27 19:00:00-04:00,38.3752,38.2902,yes
KXHYPE15M-26MAR271845,Target Price: $38.2813,2026-03-27 18:30:00-04:00,2026-03-27 18:45:00-04:00,38.2902,38.2813,yes
KXHYPE15M-26MAR271830,Target Price: $38.3874,2026-03-27 18:15:00-04:00,2026-03-27 18:30:00-04:00,38.2813,38.3874,no
KXHYPE15M-26MAR271815,Target Price: $38.5443,2026-03-27 18:00:00-04:00,2026-03-27 18:15:00-04:00,38.3874,38.5443,no
KXHYPE15M-26MAR271800,Target Price: $38.5775,2026-03-27 17:45:00-04:00,2026-03-27 18:00:00-04:00,38.5443,38.5775,no
KXHYPE15M-26MAR271745,Target Price: $38.5430,2026-03-27 17:30:00-04:00,2026-03-27 17:45:00-04:00,38.5775,38.543,yes
KXHYPE15M-26MAR271730,Target Price: $38.3593,2026-03-27 17:15:00-04:00,2026-03-27 17:30:00-04:00,38.5430,38.3593,yes
KXHYPE15M-26MAR271715,Target Price: $38.4206,2026-03-27 17:00:00-04:00,2026-03-27 17:15:00-04:00,38.3593,38.4206,no
KXHYPE15M-26MAR271700,Target Price: $38.3493,2026-03-27 16:45:00-04:00,2026-03-27 17:00:00-04:00,38.4206,38.3493,yes
KXHYPE15M-26MAR271645,Target Price: $38.4241,2026-03-27 16:30:00-04:00,2026-03-27 16:45:00-04:00,38.3493,38.4241,no
KXHYPE15M-26MAR271630,Target Price: $38.4402,2026-03-27 16:15:00-04:00,2026-03-27 16:30:00-04:00,38.4241,38.4402,no
KXHYPE15M-26MAR271615,Target Price: $38.7522,2026-03-27 16:00:00-04:00,2026-03-27 16:15:00-04:00,38.4402,38.7522,no
KXHYPE15M-26MAR271600,Target Price: $38.4737,2026-03-27 15:45:00-04:00,2026-03-27 16:00:00-04:00,38.7522,38.4737,yes
KXHYPE15M-26MAR271545,Target Price: $38.3195,2026-03-27 15:30:00-04:00,2026-03-27 15:45:00-04:00,38.4737,38.3195,yes
KXHYPE15M-26MAR271530,Target Price: $38.1033,2026-03-27 15:15:00-04:00,2026-03-27 15:30:00-04:00,38.3195,38.1033,yes
KXHYPE15M-26MAR271515,Target Price: $38.3510,2026-03-27 15:00:00-04:00,2026-03-27 15:15:00-04:00,38.1033,38.351,no
KXHYPE15M-26MAR271500,Target Price: $38.3024,2026-03-27 14:45:00-04:00,2026-03-27 15:00:00-04:00,38.3510,38.3024,yes
KXHYPE15M-26MAR271445,Target Price: $38.1816,2026-03-27 14:30:00-04:00,2026-03-27 14:45:00-04:00,38.3024,38.1816,yes
KXHYPE15M-26MAR271430,Target Price: $38.1125,2026-03-27 14:15:00-04:00,2026-03-27 14:30:00-04:00,38.1816,38.1125,yes
KXHYPE15M-26MAR271415,Target Price: $38.1731,2026-03-27 14:00:00-04:00,2026-03-27 14:15:00-04:00,38.1125,38.1731,no
KXHYPE15M-26MAR271400,Target Price: $38.1945,2026-03-27 13:45:00-04:00,2026-03-27 14:00:00-04:00,38.1731,38.1945,no
KXHYPE15M-26MAR271345,Target Price: $38.3606,2026-03-27 13:30:00-04:00,2026-03-27 13:45:00-04:00,38.1945,38.3606,no
KXHYPE15M-26MAR271330,Target Price: $38.6039,2026-03-27 13:15:00-04:00,2026-03-27 13:30:00-04:00,38.3606,38.6039,no
KXHYPE15M-26MAR271315,Target Price: $38.4297,2026-03-27 13:00:00-04:00,2026-03-27 13:15:00-04:00,38.6039,38.4297,yes
KXHYPE15M-26MAR271300,Target Price: $38.4827,2026-03-27 12:45:00-04:00,2026-03-27 13:00:00-04:00,38.4297,38.4827,no
KXHYPE15M-26MAR271245,Target Price: $38.3546,2026-03-27 12:30:00-04:00,2026-03-27 12:45:00-04:00,38.4827,38.3546,yes
KXHYPE15M-26MAR271230,Target Price: $38.4506,2026-03-27 12:15:00-04:00,2026-03-27 12:30:00-04:00,38.3546,38.4506,no
KXHYPE15M-26MAR271215,Target Price: $38.6635,2026-03-27 12:00:00-04:00,2026-03-27 12:15:00-04:00,38.4506,38.6635,no
KXHYPE15M-26MAR271200,Target price: TBD,2026-03-27 11:45:00-04:00,2026-03-27 12:00:00-04:00,38.6635,,no
KXHYPE15M-26MAR271145,Target Price: $38.7699,2026-03-27 11:30:00-04:00,2026-03-27 11:45:00-04:00,38.8190,38.7699,yes
KXHYPE15M-26MAR271130,Target Price: $38.4954,2026-03-27 11:15:00-04:00,2026-03-27 11:30:00-04:00,38.7699,38.4954,yes
KXHYPE15M-26MAR271115,Target Price: $38.3938,2026-03-27 11:00:00-04:00,2026-03-27 11:15:00-04:00,38.4954,38.3938,yes
KXHYPE15M-26MAR271100,Target Price: $38.3915,2026-03-27 10:45:00-04:00,2026-03-27 11:00:00-04:00,38.3938,38.3915,yes
KXHYPE15M-26MAR271045,Target Price: $38.1979,2026-03-27 10:30:00-04:00,2026-03-27 10:45:00-04:00,38.3915,38.1979,yes
KXHYPE15M-26MAR271030,Target Price: $38.3013,2026-03-27 10:15:00-04:00,2026-03-27 10:30:00-04:00,38.1979,38.3013,no
KXHYPE15M-26MAR271015,Target Price: $38.0200,2026-03-27 10:00:00-04:00,2026-03-27 10:15:00-04:00,38.3013,38.02,yes
KXHYPE15M-26MAR271000,Target Price: $38.3924,2026-03-27 09:45:00-04:00,2026-03-27 10:00:00-04:00,38.0200,38.3924,no
KXHYPE15M-26MAR270945,Target Price: $38.4565,2026-03-27 09:30:00-04:00,2026-03-27 09:45:00-04:00,38.3924,38.4565,no
KXHYPE15M-26MAR270930,Target Price: $38.2980,2026-03-27 09:15:00-04:00,2026-03-27 09:30:00-04:00,38.4565,38.298,yes
KXHYPE15M-26MAR270915,Target Price: $38.3889,2026-03-27 09:00:00-04:00,2026-03-27 09:15:00-04:00,38.2980,38.3889,no
KXHYPE15M-26MAR270900,Target Price: $38.2259,2026-03-27 08:45:00-04:00,2026-03-27 09:00:00-04:00,38.3889,38.2259,yes
KXHYPE15M-26MAR270845,Target Price: $38.0558,2026-03-27 08:30:00-04:00,2026-03-27 08:45:00-04:00,38.2259,38.0558,yes
KXHYPE15M-26MAR270830,Target Price: $38.2505,2026-03-27 08:15:00-04:00,2026-03-27 08:30:00-04:00,38.0558,38.2505,no
KXHYPE15M-26MAR270815,Target Price: $38.3228,2026-03-27 08:00:00-04:00,2026-03-27 08:15:00-04:00,38.2505,38.3228,no
KXHYPE15M-26MAR270800,Target Price: $38.3894,2026-03-27 07:45:00-04:00,2026-03-27 08:00:00-04:00,38.3228,38.3894,no
KXHYPE15M-26MAR270745,Target Price: $38.2693,2026-03-27 07:30:00-04:00,2026-03-27 07:45:00-04:00,38.3894,38.2693,yes
KXHYPE15M-26MAR270730,Target Price: $38.2584,2026-03-27 07:15:00-04:00,2026-03-27 07:30:00-04:00,38.2693,38.2584,yes
KXHYPE15M-26MAR270715,Target Price: $38.0018,2026-03-27 07:00:00-04:00,2026-03-27 07:15:00-04:00,38.2584,38.0018,yes
KXHYPE15M-26MAR270700,Target Price: $38.4051,2026-03-27 06:45:00-04:00,2026-03-27 07:00:00-04:00,38.0018,38.4051,no
KXHYPE15M-26MAR270645,Target Price: $38.8151,2026-03-27 06:30:00-04:00,2026-03-27 06:45:00-04:00,38.4051,38.8151,no
KXHYPE15M-26MAR270630,Target Price: $38.6635,2026-03-27 06:15:00-04:00,2026-03-27 06:30:00-04:00,38.8151,38.6635,yes
KXHYPE15M-26MAR270615,Target Price: $38.7849,2026-03-27 06:00:00-04:00,2026-03-27 06:15:00-04:00,38.6635,38.7849,no
KXHYPE15M-26MAR270600,Target Price: $38.7811,2026-03-27 05:45:00-04:00,2026-03-27 06:00:00-04:00,38.7849,38.7811,yes
KXHYPE15M-26MAR270545,Target Price: $38.8760,2026-03-27 05:30:00-04:00,2026-03-27 05:45:00-04:00,38.7811,38.876,no
KXHYPE15M-26MAR270530,Target Price: $38.4783,2026-03-27 05:15:00-04:00,2026-03-27 05:30:00-04:00,38.8760,38.4783,yes
KXHYPE15M-26MAR270515,Target Price: $38.8067,2026-03-27 05:00:00-04:00,2026-03-27 05:15:00-04:00,38.4783,38.8067,no
KXHYPE15M-26MAR270500,Target Price: $38.7681,2026-03-27 04:45:00-04:00,2026-03-27 05:00:00-04:00,38.8067,38.7681,yes
KXHYPE15M-26MAR270445,Target Price: $38.8975,2026-03-27 04:30:00-04:00,2026-03-27 04:45:00-04:00,38.7681,38.8975,no
KXHYPE15M-26MAR270430,Target Price: $39.0975,2026-03-27 04:15:00-04:00,2026-03-27 04:30:00-04:00,38.8975,39.0975,no
KXHYPE15M-26MAR270415,Target Price: $39.2902,2026-03-27 04:00:00-04:00,2026-03-27 04:15:00-04:00,39.0975,39.2902,no
KXHYPE15M-26MAR270400,Target Price: $39.0494,2026-03-27 03:45:00-04:00,2026-03-27 04:00:00-04:00,39.2902,39.0494,yes
KXHYPE15M-26MAR270345,Target Price: $38.8909,2026-03-27 03:30:00-04:00,2026-03-27 03:45:00-04:00,39.0494,38.8909,yes
KXHYPE15M-26MAR270330,Target Price: $38.6497,2026-03-27 03:15:00-04:00,2026-03-27 03:30:00-04:00,38.8909,38.6497,yes
KXHYPE15M-26MAR270315,Target Price: $38.6359,2026-03-27 03:00:00-04:00,2026-03-27 03:15:00-04:00,38.6497,38.6359,yes
KXHYPE15M-26MAR270300,Target Price: $38.7205,2026-03-27 02:45:00-04:00,2026-03-27 03:00:00-04:00,38.6359,38.7205,no
KXHYPE15M-26MAR270245,Target Price: $38.7374,2026-03-27 02:30:00-04:00,2026-03-27 02:45:00-04:00,38.7205,38.7374,no
KXHYPE15M-26MAR270230,Target Price: $38.6559,2026-03-27 02:15:00-04:00,2026-03-27 02:30:00-04:00,38.7374,38.6559,yes
KXHYPE15M-26MAR270215,Target Price: $38.8123,2026-03-27 02:00:00-04:00,2026-03-27 02:15:00-04:00,38.6559,38.8123,no
KXHYPE15M-26MAR270200,Target Price: $38.8133,2026-03-27 01:45:00-04:00,2026-03-27 02:00:00-04:00,38.8123,38.8133,no
KXHYPE15M-26MAR270145,Target Price: $38.7928,2026-03-27 01:30:00-04:00,2026-03-27 01:45:00-04:00,38.8133,38.7928,yes
KXHYPE15M-26MAR270130,Target Price: $38.8810,2026-03-27 01:15:00-04:00,2026-03-27 01:30:00-04:00,38.7928,38.881,no
KXHYPE15M-26MAR270115,Target Price: $38.8288,2026-03-27 01:00:00-04:00,2026-03-27 01:15:00-04:00,38.8810,38.8288,yes
KXHYPE15M-26MAR270100,Target Price: $38.8350,2026-03-27 00:45:00-04:00,2026-03-27 01:00:00-04:00,38.8288,38.835,no
KXHYPE15M-26MAR270045,Target Price: $38.7899,2026-03-27 00:30:00-04:00,2026-03-27 00:45:00-04:00,38.8350,38.7899,yes
KXHYPE15M-26MAR270030,Target Price: $38.5629,2026-03-27 00:15:00-04:00,2026-03-27 00:30:00-04:00,38.7899,38.5629,yes
KXHYPE15M-26MAR270015,Target Price: $38.6072,2026-03-27 00:00:00-04:00,2026-03-27 00:15:00-04:00,38.5629,38.6072,no
KXHYPE15M-26MAR270000,Target Price: $38.6807,2026-03-26 23:45:00-04:00,2026-03-27 00:00:00-04:00,38.6072,38.6807,no
KXHYPE15M-26MAR262345,Target Price: $38.6426,2026-03-26 23:30:00-04:00,2026-03-26 23:45:00-04:00,38.6807,38.6426,yes
KXHYPE15M-26MAR262330,Target Price: $38.4650,2026-03-26 23:15:00-04:00,2026-03-26 23:30:00-04:00,38.6426,38.465,yes
KXHYPE15M-26MAR262315,Target Price: $38.6915,2026-03-26 23:00:00-04:00,2026-03-26 23:15:00-04:00,38.4650,38.6915,no
KXHYPE15M-26MAR262300,Target Price: $38.7758,2026-03-26 22:45:00-04:00,2026-03-26 23:00:00-04:00,38.6915,38.7758,no
KXHYPE15M-26MAR262245,Target Price: $38.8134,2026-03-26 22:30:00-04:00,2026-03-26 22:45:00-04:00,38.7758,38.8134,no
KXHYPE15M-26MAR262230,Target Price: $38.8671,2026-03-26 22:15:00-04:00,2026-03-26 22:30:00-04:00,38.8134,38.8671,no
KXHYPE15M-26MAR262215,Target Price: $38.8515,2026-03-26 22:00:00-04:00,2026-03-26 22:15:00-04:00,38.8671,38.8515,yes
KXHYPE15M-26MAR262200,Target Price: $38.6815,2026-03-26 21:45:00-04:00,2026-03-26 22:00:00-04:00,38.8515,38.6815,yes
KXHYPE15M-26MAR262145,Target Price: $38.8852,2026-03-26 21:30:00-04:00,2026-03-26 21:45:00-04:00,38.6815,38.8852,no
KXHYPE15M-26MAR262130,Target Price: $38.9866,2026-03-26 21:15:00-04:00,2026-03-26 21:30:00-04:00,38.8852,38.9866,no
KXHYPE15M-26MAR262115,Target Price: $38.9797,2026-03-26 21:00:00-04:00,2026-03-26 21:15:00-04:00,38.9866,38.9797,yes
KXHYPE15M-26MAR262100,Target Price: $39.0066,2026-03-26 20:45:00-04:00,2026-03-26 21:00:00-04:00,38.9797,39.0066,no
KXHYPE15M-26MAR262045,Target Price: $39.1370,2026-03-26 20:30:00-04:00,2026-03-26 20:45:00-04:00,39.0066,39.137,no
KXHYPE15M-26MAR262030,Target Price: $39.3074,2026-03-26 20:15:00-04:00,2026-03-26 20:30:00-04:00,39.1370,39.3074,no
KXHYPE15M-26MAR262015,Target Price: $39.1040,2026-03-26 20:00:00-04:00,2026-03-26 20:15:00-04:00,39.3074,39.104,yes
KXHYPE15M-26MAR262000,Target Price: $39.0074,2026-03-26 19:45:00-04:00,2026-03-26 20:00:00-04:00,39.1040,39.0074,yes
KXHYPE15M-26MAR261945,Target Price: $39.0023,2026-03-26 19:30:00-04:00,2026-03-26 19:45:00-04:00,39.0074,39.0023,yes
KXHYPE15M-26MAR261930,Target Price: $38.8889,2026-03-26 19:15:00-04:00,2026-03-26 19:30:00-04:00,39.0023,38.8889,yes
KXHYPE15M-26MAR261915,Target Price: $39.0357,2026-03-26 19:00:00-04:00,2026-03-26 19:15:00-04:00,38.8889,39.0357,no
KXHYPE15M-26MAR261900,Target Price: $39.0107,2026-03-26 18:45:00-04:00,2026-03-26 19:00:00-04:00,39.0357,39.0107,yes
KXHYPE15M-26MAR261845,Target Price: $38.9039,2026-03-26 18:30:00-04:00,2026-03-26 18:45:00-04:00,39.0107,38.9039,yes
KXHYPE15M-26MAR261830,Target Price: $38.9351,2026-03-26 18:15:00-04:00,2026-03-26 18:30:00-04:00,38.9039,38.9351,no
KXHYPE15M-26MAR261815,Target Price: $39.0028,2026-03-26 18:00:00-04:00,2026-03-26 18:15:00-04:00,38.9351,39.0028,no
KXHYPE15M-26MAR261800,Target Price: $39.0684,2026-03-26 17:45:00-04:00,2026-03-26 18:00:00-04:00,39.0028,39.0684,no
KXHYPE15M-26MAR261745,Target Price: $39.1712,2026-03-26 17:30:00-04:00,2026-03-26 17:45:00-04:00,39.0684,39.1712,no
KXHYPE15M-26MAR261730,Target Price: $38.9402,2026-03-26 17:15:00-04:00,2026-03-26 17:30:00-04:00,39.1712,38.9402,yes
KXHYPE15M-26MAR261715,Target Price: $38.8549,2026-03-26 17:00:00-04:00,2026-03-26 17:15:00-04:00,38.9402,38.8549,yes
KXHYPE15M-26MAR261700,Target Price: $38.9510,2026-03-26 16:45:00-04:00,2026-03-26 17:00:00-04:00,38.8549,38.951,no
KXHYPE15M-26MAR261645,Target Price: $39.0171,2026-03-26 16:30:00-04:00,2026-03-26 16:45:00-04:00,38.9510,39.0171,no
KXHYPE15M-26MAR261630,Target Price: $38.9287,2026-03-26 16:15:00-04:00,2026-03-26 16:30:00-04:00,39.0171,38.9287,yes
KXHYPE15M-26MAR261615,Target Price: $38.4740,2026-03-26 16:00:00-04:00,2026-03-26 16:15:00-04:00,38.9287,38.474,yes
KXHYPE15M-26MAR261600,Target Price: $38.5683,2026-03-26 15:45:00-04:00,2026-03-26 16:00:00-04:00,38.4740,38.5683,no
KXHYPE15M-26MAR261545,Target Price: $38.5432,2026-03-26 15:30:00-04:00,2026-03-26 15:45:00-04:00,38.5683,38.5432,yes
KXHYPE15M-26MAR261530,Target Price: $38.6855,2026-03-26 15:15:00-04:00,2026-03-26 15:30:00-04:00,38.5432,38.6855,no
KXHYPE15M-26MAR261515,Target Price: $38.5973,2026-03-26 15:00:00-04:00,2026-03-26 15:15:00-04:00,38.6855,38.5973,yes
KXHYPE15M-26MAR261500,Target Price: $38.6143,2026-03-26 14:45:00-04:00,2026-03-26 15:00:00-04:00,38.5973,38.6143,no
KXHYPE15M-26MAR261445,Target Price: $38.4678,2026-03-26 14:30:00-04:00,2026-03-26 14:45:00-04:00,38.6143,38.4678,yes
KXHYPE15M-26MAR261430,Target Price: $38.7001,2026-03-26 14:15:00-04:00,2026-03-26 14:30:00-04:00,38.4678,38.7001,no
KXHYPE15M-26MAR261415,Target Price: $38.8135,2026-03-26 14:00:00-04:00,2026-03-26 14:15:00-04:00,38.7001,38.8135,no
KXHYPE15M-26MAR261400,Target Price: $39.1588,2026-03-26 13:45:00-04:00,2026-03-26 14:00:00-04:00,38.8135,39.1588,no
KXHYPE15M-26MAR261345,Target Price: $39.0728,2026-03-26 13:30:00-04:00,2026-03-26 13:45:00-04:00,39.1588,39.0728,yes
KXHYPE15M-26MAR261330,Target Price: $38.9807,2026-03-26 13:15:00-04:00,2026-03-26 13:30:00-04:00,39.0728,38.9807,yes
KXHYPE15M-26MAR261315,Target Price: $39.0025,2026-03-26 13:00:00-04:00,2026-03-26 13:15:00-04:00,38.9807,39.0025,no
KXHYPE15M-26MAR261300,Target Price: $38.9338,2026-03-26 12:45:00-04:00,2026-03-26 13:00:00-04:00,39.0025,38.9338,yes
KXHYPE15M-26MAR261245,Target Price: $38.8620,2026-03-26 12:30:00-04:00,2026-03-26 12:45:00-04:00,38.9338,38.862,yes
KXHYPE15M-26MAR261230,Target Price: $39.0848,2026-03-26 12:15:00-04:00,2026-03-26 12:30:00-04:00,38.8620,39.0848,no
KXHYPE15M-26MAR261215,Target Price: $39.2107,2026-03-26 12:00:00-04:00,2026-03-26 12:15:00-04:00,39.0848,39.2107,no
KXHYPE15M-26MAR261200,Target Price: $39.3329,2026-03-26 11:45:00-04:00,2026-03-26 12:00:00-04:00,39.2107,39.3329,no
KXHYPE15M-26MAR261145,Target Price: $39.4790,2026-03-26 11:30:00-04:00,2026-03-26 11:45:00-04:00,39.3329,39.479,no
KXHYPE15M-26MAR261130,Target Price: $39.4232,2026-03-26 11:15:00-04:00,2026-03-26 11:30:00-04:00,39.4790,39.4232,yes
KXHYPE15M-26MAR261115,Target Price: $39.5571,2026-03-26 11:00:00-04:00,2026-03-26 11:15:00-04:00,39.4232,39.5571,no
KXHYPE15M-26MAR261100,Target Price: $39.6819,2026-03-26 10:45:00-04:00,2026-03-26 11:00:00-04:00,39.5571,39.6819,no
KXHYPE15M-26MAR261045,Target Price: $39.5204,2026-03-26 10:30:00-04:00,2026-03-26 10:45:00-04:00,39.6819,39.5204,yes
KXHYPE15M-26MAR261030,Target Price: $39.4727,2026-03-26 10:15:00-04:00,2026-03-26 10:30:00-04:00,39.5204,39.4727,yes
KXHYPE15M-26MAR261015,Target Price: $39.4951,2026-03-26 10:00:00-04:00,2026-03-26 10:15:00-04:00,39.4727,39.4951,no
KXHYPE15M-26MAR261000,Target Price: $39.4981,2026-03-26 09:45:00-04:00,2026-03-26 10:00:00-04:00,39.4951,39.4981,no
KXHYPE15M-26MAR260945,Target Price: $39.2791,2026-03-26 09:30:00-04:00,2026-03-26 09:45:00-04:00,39.4981,39.2791,yes
KXHYPE15M-26MAR260930,Target Price: $39.4079,2026-03-26 09:15:00-04:00,2026-03-26 09:30:00-04:00,39.2791,39.4079,no
KXHYPE15M-26MAR260915,Target Price: $39.2732,2026-03-26 09:00:00-04:00,2026-03-26 09:15:00-04:00,39.4079,39.2732,yes
KXHYPE15M-26MAR260900,Target Price: $39.1428,2026-03-26 08:45:00-04:00,2026-03-26 09:00:00-04:00,39.2732,39.1428,yes
KXHYPE15M-26MAR260845,Target Price: $39.2787,2026-03-26 08:30:00-04:00,2026-03-26 08:45:00-04:00,39.1428,39.2787,no
KXHYPE15M-26MAR260830,Target Price: $39.1596,2026-03-26 08:15:00-04:00,2026-03-26 08:30:00-04:00,39.2787,39.1596,yes
KXHYPE15M-26MAR260815,Target Price: $39.0585,2026-03-26 08:00:00-04:00,2026-03-26 08:15:00-04:00,39.1596,39.0585,yes
KXHYPE15M-26MAR260800,Target Price: $39.0322,2026-03-26 07:45:00-04:00,2026-03-26 08:00:00-04:00,39.0585,39.0322,yes
KXHYPE15M-26MAR260745,Target Price: $38.9231,2026-03-26 07:30:00-04:00,2026-03-26 07:45:00-04:00,39.0322,38.9231,yes
KXHYPE15M-26MAR260730,Target Price: $38.9690,2026-03-26 07:15:00-04:00,2026-03-26 07:30:00-04:00,38.9231,38.969,no
KXHYPE15M-26MAR260715,Target Price: $38.9555,2026-03-26 07:00:00-04:00,2026-03-26 07:15:00-04:00,38.9690,38.9555,yes
KXHYPE15M-26MAR260700,Target Price: $38.9761,2026-03-26 06:45:00-04:00,2026-03-26 07:00:00-04:00,38.9555,38.9761,no
KXHYPE15M-26MAR260645,Target Price: $39.1004,2026-03-26 06:30:00-04:00,2026-03-26 06:45:00-04:00,38.9761,39.1004,no
KXHYPE15M-26MAR260630,Target Price: $39.0533,2026-03-26 06:15:00-04:00,2026-03-26 06:30:00-04:00,39.1004,39.0533,yes
KXHYPE15M-26MAR260615,Target Price: $39.1704,2026-03-26 06:00:00-04:00,2026-03-26 06:15:00-04:00,39.0533,39.1704,no
KXHYPE15M-26MAR260600,Target Price: $39.1548,2026-03-26 05:45:00-04:00,2026-03-26 06:00:00-04:00,39.1704,39.1548,yes
KXHYPE15M-26MAR260545,Target Price: $39.3215,2026-03-26 05:30:00-04:00,2026-03-26 05:45:00-04:00,39.1548,39.3215,no
KXHYPE15M-26MAR260530,Target Price: $39.2929,2026-03-26 05:15:00-04:00,2026-03-26 05:30:00-04:00,39.3215,39.2929,yes
KXHYPE15M-26MAR260515,Target Price: $39.1678,2026-03-26 05:00:00-04:00,2026-03-26 05:15:00-04:00,39.2929,39.1678,yes
KXHYPE15M-26MAR260200,Target Price: $39.0233,2026-03-26 01:45:00-04:00,2026-03-26 02:00:00-04:00,38.9223,39.0233,no
KXHYPE15M-26MAR260145,Target Price: $39.1713,2026-03-26 01:30:00-04:00,2026-03-26 01:45:00-04:00,39.0233,39.1713,no
KXHYPE15M-26MAR260130,Target Price: $39.2280,2026-03-26 01:15:00-04:00,2026-03-26 01:30:00-04:00,39.1713,39.228,no
KXHYPE15M-26MAR260115,Target Price: $39.1742,2026-03-26 01:00:00-04:00,2026-03-26 01:15:00-04:00,39.2280,39.1742,yes
KXHYPE15M-26MAR260100,Target Price: $39.3582,2026-03-26 00:45:00-04:00,2026-03-26 01:00:00-04:00,39.1742,39.3582,no
KXHYPE15M-26MAR260045,Target Price: $39.4257,2026-03-26 00:30:00-04:00,2026-03-26 00:45:00-04:00,39.3582,39.4257,no
KXHYPE15M-26MAR260030,Target Price: $39.3430,2026-03-26 00:15:00-04:00,2026-03-26 00:30:00-04:00,39.4257,39.343,yes
KXHYPE15M-26MAR260015,Target Price: $39.4362,2026-03-26 00:00:00-04:00,2026-03-26 00:15:00-04:00,39.3430,39.4362,no
KXHYPE15M-26MAR260000,Target Price: $39.4559,2026-03-25 23:45:00-04:00,2026-03-26 00:00:00-04:00,39.4362,39.4559,no
KXHYPE15M-26MAR252345,Target Price: $39.3371,2026-03-25 23:30:00-04:00,2026-03-25 23:45:00-04:00,39.4559,39.3371,yes
KXHYPE15M-26MAR252330,Target Price: $39.5035,2026-03-25 23:15:00-04:00,2026-03-25 23:30:00-04:00,39.3371,39.5035,no
KXHYPE15M-26MAR252315,Target Price: $39.6237,2026-03-25 23:00:00-04:00,2026-03-25 23:15:00-04:00,39.5035,39.6237,no
KXHYPE15M-26MAR252300,Target Price: $39.6427,2026-03-25 22:45:00-04:00,2026-03-25 23:00:00-04:00,39.6237,39.6427,no
KXHYPE15M-26MAR252245,Target Price: $39.9204,2026-03-25 22:30:00-04:00,2026-03-25 22:45:00-04:00,39.6427,39.9204,no
KXHYPE15M-26MAR252230,Target Price: $40.0504,2026-03-25 22:15:00-04:00,2026-03-25 22:30:00-04:00,39.9204,40.0504,no
KXHYPE15M-26MAR252215,Target Price: $40.0510,2026-03-25 22:00:00-04:00,2026-03-25 22:15:00-04:00,40.0504,40.051,no
KXHYPE15M-26MAR252200,Target Price: $39.9993,2026-03-25 21:45:00-04:00,2026-03-25 22:00:00-04:00,40.0510,39.9993,yes
KXHYPE15M-26MAR252145,Target Price: $40.1435,2026-03-25 21:30:00-04:00,2026-03-25 21:45:00-04:00,39.9993,40.1435,no
KXHYPE15M-26MAR252130,Target Price: $40.1044,2026-03-25 21:15:00-04:00,2026-03-25 21:30:00-04:00,40.1435,40.1044,yes
KXHYPE15M-26MAR252115,Target Price: $40.0285,2026-03-25 21:00:00-04:00,2026-03-25 21:15:00-04:00,40.1044,40.0285,yes
KXHYPE15M-26MAR252100,Target Price: $40.1140,2026-03-25 20:45:00-04:00,2026-03-25 21:00:00-04:00,40.0285,40.114,no
KXHYPE15M-26MAR252045,Target Price: $40.1888,2026-03-25 20:30:00-04:00,2026-03-25 20:45:00-04:00,40.1140,40.1888,no
KXHYPE15M-26MAR252030,Target Price: $40.1912,2026-03-25 20:15:00-04:00,2026-03-25 20:30:00-04:00,40.1888,40.1912,no
KXHYPE15M-26MAR252015,Target Price: $40.2951,2026-03-25 20:00:00-04:00,2026-03-25 20:15:00-04:00,40.1912,40.2951,no
KXHYPE15M-26MAR252000,Target Price: $40.2533,2026-03-25 19:45:00-04:00,2026-03-25 20:00:00-04:00,40.2951,40.2533,yes
KXHYPE15M-26MAR251945,Target Price: $40.4295,2026-03-25 19:30:00-04:00,2026-03-25 19:45:00-04:00,40.2533,40.4295,no
KXHYPE15M-26MAR251930,Target Price: $40.3076,2026-03-25 19:15:00-04:00,2026-03-25 19:30:00-04:00,40.4295,40.3076,yes
KXHYPE15M-26MAR251915,Target Price: $40.2301,2026-03-25 19:00:00-04:00,2026-03-25 19:15:00-04:00,40.3076,40.2301,yes
KXHYPE15M-26MAR251900,Target Price: $40.2805,2026-03-25 18:45:00-04:00,2026-03-25 19:00:00-04:00,40.2301,40.2805,no
KXHYPE15M-26MAR251845,Target Price: $40.1796,2026-03-25 18:30:00-04:00,2026-03-25 18:45:00-04:00,40.2805,40.1796,yes
KXHYPE15M-26MAR251830,Target Price: $40.1295,2026-03-25 18:15:00-04:00,2026-03-25 18:30:00-04:00,40.1796,40.1295,yes
KXHYPE15M-26MAR251815,Target Price: $40.0608,2026-03-25 18:00:00-04:00,2026-03-25 18:15:00-04:00,40.1295,40.0608,yes
KXHYPE15M-26MAR251800,Target Price: $40.0478,2026-03-25 17:45:00-04:00,2026-03-25 18:00:00-04:00,40.0608,40.0478,yes
KXHYPE15M-26MAR251745,Target Price: $39.9375,2026-03-25 17:30:00-04:00,2026-03-25 17:45:00-04:00,40.0478,39.9375,yes
KXHYPE15M-26MAR251730,Target Price: $39.9315,2026-03-25 17:15:00-04:00,2026-03-25 17:30:00-04:00,39.9375,39.9315,yes
KXHYPE15M-26MAR251715,Target Price: $39.7912,2026-03-25 17:00:00-04:00,2026-03-25 17:15:00-04:00,39.9315,39.7912,yes
KXHYPE15M-26MAR251700,Target Price: $39.9833,2026-03-25 16:45:00-04:00,2026-03-25 17:00:00-04:00,39.7912,39.9833,no
KXHYPE15M-26MAR251645,Target Price: $39.7111,2026-03-25 16:30:00-04:00,2026-03-25 16:45:00-04:00,39.9833,39.7111,yes
KXHYPE15M-26MAR251630,Target Price: $40.1592,2026-03-25 16:15:00-04:00,2026-03-25 16:30:00-04:00,39.7111,40.1592,no
KXHYPE15M-26MAR251615,Target Price: $40.4406,2026-03-25 16:00:00-04:00,2026-03-25 16:15:00-04:00,40.1592,40.4406,no
KXHYPE15M-26MAR251600,Target Price: $40.4141,2026-03-25 15:45:00-04:00,2026-03-25 16:00:00-04:00,40.4406,40.4141,yes
KXHYPE15M-26MAR251545,Target Price: $40.3612,2026-03-25 15:30:00-04:00,2026-03-25 15:45:00-04:00,40.4141,40.3612,yes
KXHYPE15M-26MAR251530,Target Price: $40.3737,2026-03-25 15:15:00-04:00,2026-03-25 15:30:00-04:00,40.3612,40.3737,no
KXHYPE15M-26MAR251515,Target Price: $40.3852,2026-03-25 15:00:00-04:00,2026-03-25 15:15:00-04:00,40.3737,40.3852,no
KXHYPE15M-26MAR251500,Target Price: $40.5987,2026-03-25 14:45:00-04:00,2026-03-25 15:00:00-04:00,40.3852,40.5987,no
KXHYPE15M-26MAR251445,Target Price: $40.6182,2026-03-25 14:30:00-04:00,2026-03-25 14:45:00-04:00,40.5987,40.6182,no
KXHYPE15M-26MAR251430,Target Price: $40.4919,2026-03-25 14:15:00-04:00,2026-03-25 14:30:00-04:00,40.6182,40.4919,yes
KXHYPE15M-26MAR251415,Target Price: $40.4857,2026-03-25 14:00:00-04:00,2026-03-25 14:15:00-04:00,40.4919,40.4857,yes
KXHYPE15M-26MAR251400,Target Price: $40.5862,2026-03-25 13:45:00-04:00,2026-03-25 14:00:00-04:00,40.4857,40.5862,no
KXHYPE15M-26MAR251345,Target Price: $40.6271,2026-03-25 13:30:00-04:00,2026-03-25 13:45:00-04:00,40.5862,40.6271,no
KXHYPE15M-26MAR251330,Target Price: $40.5427,2026-03-25 13:15:00-04:00,2026-03-25 13:30:00-04:00,40.6271,40.5427,yes
KXHYPE15M-26MAR251315,Target Price: $40.5132,2026-03-25 13:00:00-04:00,2026-03-25 13:15:00-04:00,40.5427,40.5132,yes
KXHYPE15M-26MAR251300,Target Price: $40.7017,2026-03-25 12:45:00-04:00,2026-03-25 13:00:00-04:00,40.5132,40.7017,no
KXHYPE15M-26MAR251245,Target Price: $40.6805,2026-03-25 12:30:00-04:00,2026-03-25 12:45:00-04:00,40.7017,40.6805,yes
KXHYPE15M-26MAR251230,Target Price: $40.4524,2026-03-25 12:15:00-04:00,2026-03-25 12:30:00-04:00,40.6805,40.4524,yes
KXHYPE15M-26MAR251215,Target Price: $40.2967,2026-03-25 12:00:00-04:00,2026-03-25 12:15:00-04:00,40.4524,40.2967,yes
KXHYPE15M-26MAR251200,Target Price: $40.3723,2026-03-25 11:45:00-04:00,2026-03-25 12:00:00-04:00,40.2967,40.3723,no
KXHYPE15M-26MAR251145,Target Price: $40.4351,2026-03-25 11:30:00-04:00,2026-03-25 11:45:00-04:00,40.3723,40.4351,no
KXHYPE15M-26MAR251130,Target Price: $40.1766,2026-03-25 11:15:00-04:00,2026-03-25 11:30:00-04:00,40.4351,40.1766,yes
KXHYPE15M-26MAR251115,Target Price: $40.2408,2026-03-25 11:00:00-04:00,2026-03-25 11:15:00-04:00,40.1766,40.2408,no
KXHYPE15M-26MAR251100,Target Price: $40.2480,2026-03-25 10:45:00-04:00,2026-03-25 11:00:00-04:00,40.2408,40.248,no
KXHYPE15M-26MAR251045,Target Price: $40.2611,2026-03-25 10:30:00-04:00,2026-03-25 10:45:00-04:00,40.2480,40.2611,no
KXHYPE15M-26MAR251030,Target Price: $40.5385,2026-03-25 10:15:00-04:00,2026-03-25 10:30:00-04:00,40.2611,40.5385,no
KXHYPE15M-26MAR251015,Target Price: $40.9338,2026-03-25 10:00:00-04:00,2026-03-25 10:15:00-04:00,40.5385,40.9338,no
KXHYPE15M-26MAR251000,Target Price: $41.0610,2026-03-25 09:45:00-04:00,2026-03-25 10:00:00-04:00,40.9338,41.061,no
KXHYPE15M-26MAR250945,Target Price: $40.9592,2026-03-25 09:30:00-04:00,2026-03-25 09:45:00-04:00,41.0610,40.9592,yes
KXHYPE15M-26MAR250930,Target Price: $40.8924,2026-03-25 09:15:00-04:00,2026-03-25 09:30:00-04:00,40.9592,40.8924,yes
KXHYPE15M-26MAR250915,Target Price: $40.9591,2026-03-25 09:00:00-04:00,2026-03-25 09:15:00-04:00,40.8924,40.9591,no
KXHYPE15M-26MAR250900,Target Price: $40.8880,2026-03-25 08:45:00-04:00,2026-03-25 09:00:00-04:00,40.9591,40.888,yes
KXHYPE15M-26MAR250845,Target Price: $40.9229,2026-03-25 08:30:00-04:00,2026-03-25 08:45:00-04:00,40.8880,40.9229,no
KXHYPE15M-26MAR250830,Target Price: $41.1993,2026-03-25 08:15:00-04:00,2026-03-25 08:30:00-04:00,40.9229,41.1993,no
KXHYPE15M-26MAR250815,Target Price: $41.3482,2026-03-25 08:00:00-04:00,2026-03-25 08:15:00-04:00,41.1993,41.3482,no
KXHYPE15M-26MAR250800,Target Price: $41.3368,2026-03-25 07:45:00-04:00,2026-03-25 08:00:00-04:00,41.3482,41.3368,yes
KXHYPE15M-26MAR250745,Target Price: $41.3017,2026-03-25 07:30:00-04:00,2026-03-25 07:45:00-04:00,41.3368,41.3017,yes
KXHYPE15M-26MAR250730,Target Price: $41.0503,2026-03-25 07:15:00-04:00,2026-03-25 07:30:00-04:00,41.3017,41.0503,yes
KXHYPE15M-26MAR250715,Target Price: $40.8662,2026-03-25 07:00:00-04:00,2026-03-25 07:15:00-04:00,41.0503,40.8662,yes
KXHYPE15M-26MAR250700,Target Price: $40.7198,2026-03-25 06:45:00-04:00,2026-03-25 07:00:00-04:00,40.8662,40.7198,yes
KXHYPE15M-26MAR250645,Target Price: $40.7730,2026-03-25 06:30:00-04:00,2026-03-25 06:45:00-04:00,40.7198,40.773,no
KXHYPE15M-26MAR250630,Target Price: $40.6454,2026-03-25 06:15:00-04:00,2026-03-25 06:30:00-04:00,40.7730,40.6454,yes
KXHYPE15M-26MAR250615,Target Price: $40.6106,2026-03-25 06:00:00-04:00,2026-03-25 06:15:00-04:00,40.6454,40.6106,yes
KXHYPE15M-26MAR250600,Target Price: $40.5653,2026-03-25 05:45:00-04:00,2026-03-25 06:00:00-04:00,40.6106,40.5653,yes
KXHYPE15M-26MAR250545,Target Price: $40.6426,2026-03-25 05:30:00-04:00,2026-03-25 05:45:00-04:00,40.5653,40.6426,no
KXHYPE15M-26MAR250530,Target Price: $40.7155,2026-03-25 05:15:00-04:00,2026-03-25 05:30:00-04:00,40.6426,40.7155,no
KXHYPE15M-26MAR250515,Target Price: $40.6138,2026-03-25 05:00:00-04:00,2026-03-25 05:15:00-04:00,40.7155,40.6138,yes
KXHYPE15M-26MAR250500,Target Price: $40.7623,2026-03-25 04:45:00-04:00,2026-03-25 05:00:00-04:00,40.6138,40.7623,no
KXHYPE15M-26MAR250445,Target Price: $40.7075,2026-03-25 04:30:00-04:00,2026-03-25 04:45:00-04:00,40.7623,40.7075,yes
KXHYPE15M-26MAR250430,Target Price: $40.4694,2026-03-25 04:15:00-04:00,2026-03-25 04:30:00-04:00,40.7075,40.4694,yes
KXHYPE15M-26MAR250415,Target Price: $40.2439,2026-03-25 04:00:00-04:00,2026-03-25 04:15:00-04:00,40.4694,40.2439,yes
KXHYPE15M-26MAR250400,Target Price: $40.3276,2026-03-25 03:45:00-04:00,2026-03-25 04:00:00-04:00,40.2439,40.3276,no
KXHYPE15M-26MAR250345,Target Price: $40.1180,2026-03-25 03:30:00-04:00,2026-03-25 03:45:00-04:00,40.3276,40.118,yes
KXHYPE15M-26MAR250330,Target Price: $40.1574,2026-03-25 03:15:00-04:00,2026-03-25 03:30:00-04:00,40.1180,40.1574,no
KXHYPE15M-26MAR250315,Target Price: $40.0089,2026-03-25 03:00:00-04:00,2026-03-25 03:15:00-04:00,40.1574,40.0089,yes
KXHYPE15M-26MAR250300,Target Price: $40.1452,2026-03-25 02:45:00-04:00,2026-03-25 03:00:00-04:00,40.0089,40.1452,no
KXHYPE15M-26MAR250245,Target Price: $40.1822,2026-03-25 02:30:00-04:00,2026-03-25 02:45:00-04:00,40.1452,40.1822,no
KXHYPE15M-26MAR250230,Target Price: $40.1918,2026-03-25 02:15:00-04:00,2026-03-25 02:30:00-04:00,40.1822,40.1918,no
KXHYPE15M-26MAR250215,Target Price: $40.1290,2026-03-25 02:00:00-04:00,2026-03-25 02:15:00-04:00,40.1918,40.129,yes
KXHYPE15M-26MAR250200,Target Price: $40.1886,2026-03-25 01:45:00-04:00,2026-03-25 02:00:00-04:00,40.1290,40.1886,no
KXHYPE15M-26MAR250145,Target Price: $40.2053,2026-03-25 01:30:00-04:00,2026-03-25 01:45:00-04:00,40.1886,40.2053,no
KXHYPE15M-26MAR250130,Target Price: $40.2263,2026-03-25 01:15:00-04:00,2026-03-25 01:30:00-04:00,40.2053,40.2263,no
KXHYPE15M-26MAR250115,Target Price: $40.3499,2026-03-25 01:00:00-04:00,2026-03-25 01:15:00-04:00,40.2263,40.3499,no
KXHYPE15M-26MAR250100,Target Price: $40.2372,2026-03-25 00:45:00-04:00,2026-03-25 01:00:00-04:00,40.3499,40.2372,yes
KXHYPE15M-26MAR250045,Target Price: $40.2357,2026-03-25 00:30:00-04:00,2026-03-25 00:45:00-04:00,40.2372,40.2357,yes
KXHYPE15M-26MAR250030,Target Price: $40.2756,2026-03-25 00:15:00-04:00,2026-03-25 00:30:00-04:00,40.2357,40.2756,no
KXHYPE15M-26MAR250015,Target Price: $40.2753,2026-03-25 00:00:00-04:00,2026-03-25 00:15:00-04:00,40.2756,40.2753,yes
KXHYPE15M-26MAR250000,Target Price: $40.4281,2026-03-24 23:45:00-04:00,2026-03-25 00:00:00-04:00,40.2753,40.4281,no
KXHYPE15M-26MAR242345,Target Price: $39.9973,2026-03-24 23:30:00-04:00,2026-03-24 23:45:00-04:00,40.4281,39.9973,yes
KXHYPE15M-26MAR242330,Target Price: $40.0450,2026-03-24 23:15:00-04:00,2026-03-24 23:30:00-04:00,39.9973,40.045,no
KXHYPE15M-26MAR242315,Target Price: $40.2132,2026-03-24 23:00:00-04:00,2026-03-24 23:15:00-04:00,40.0450,40.2132,no
KXHYPE15M-26MAR242300,Target Price: $40.3481,2026-03-24 22:45:00-04:00,2026-03-24 23:00:00-04:00,40.2132,40.3481,no
KXHYPE15M-26MAR242245,Target Price: $40.2550,2026-03-24 22:30:00-04:00,2026-03-24 22:45:00-04:00,40.3481,40.255,yes
KXHYPE15M-26MAR242230,Target Price: $40.2151,2026-03-24 22:15:00-04:00,2026-03-24 22:30:00-04:00,40.2550,40.2151,yes
KXHYPE15M-26MAR242215,Target Price: $40.2916,2026-03-24 22:00:00-04:00,2026-03-24 22:15:00-04:00,40.2151,40.2916,no
KXHYPE15M-26MAR242200,Target Price: $40.6899,2026-03-24 21:45:00-04:00,2026-03-24 22:00:00-04:00,40.2916,40.6899,no
KXHYPE15M-26MAR242145,Target Price: $40.6345,2026-03-24 21:30:00-04:00,2026-03-24 21:45:00-04:00,40.6899,40.6345,yes
KXHYPE15M-26MAR242130,Target Price: $40.5842,2026-03-24 21:15:00-04:00,2026-03-24 21:30:00-04:00,40.6345,40.5842,yes
KXHYPE15M-26MAR242115,Target Price: $40.4803,2026-03-24 21:00:00-04:00,2026-03-24 21:15:00-04:00,40.5842,40.4803,yes
KXHYPE15M-26MAR242100,Target Price: $40.6097,2026-03-24 20:45:00-04:00,2026-03-24 21:00:00-04:00,40.4803,40.6097,no
KXHYPE15M-26MAR242045,Target Price: $40.6579,2026-03-24 20:30:00-04:00,2026-03-24 20:45:00-04:00,40.6097,40.6579,no
KXHYPE15M-26MAR242030,Target Price: $40.5530,2026-03-24 20:15:00-04:00,2026-03-24 20:30:00-04:00,40.6579,40.553,yes
KXHYPE15M-26MAR242015,Target Price: $40.3410,2026-03-24 20:00:00-04:00,2026-03-24 20:15:00-04:00,40.5530,40.341,yes
KXHYPE15M-26MAR242000,Target Price: $40.3871,2026-03-24 19:45:00-04:00,2026-03-24 20:00:00-04:00,40.3410,40.3871,no
KXHYPE15M-26MAR241945,Target Price: $40.3099,2026-03-24 19:30:00-04:00,2026-03-24 19:45:00-04:00,40.3871,40.3099,yes
KXHYPE15M-26MAR241930,Target Price: $40.1265,2026-03-24 19:15:00-04:00,2026-03-24 19:30:00-04:00,40.3099,40.1265,yes
KXHYPE15M-26MAR241915,Target Price: $40.0445,2026-03-24 19:00:00-04:00,2026-03-24 19:15:00-04:00,40.1265,40.0445,yes
KXHYPE15M-26MAR241900,Target Price: $40.0715,2026-03-24 18:45:00-04:00,2026-03-24 19:00:00-04:00,40.0445,40.0715,no
KXHYPE15M-26MAR241845,Target Price: $39.9931,2026-03-24 18:30:00-04:00,2026-03-24 18:45:00-04:00,40.0715,39.9931,yes
KXHYPE15M-26MAR241830,Target Price: $39.9544,2026-03-24 18:15:00-04:00,2026-03-24 18:30:00-04:00,39.9931,39.9544,yes
KXHYPE15M-26MAR241815,Target Price: $39.7177,2026-03-24 18:00:00-04:00,2026-03-24 18:15:00-04:00,39.9544,39.7177,yes
KXHYPE15M-26MAR241800,Target Price: $40.0829,2026-03-24 17:45:00-04:00,2026-03-24 18:00:00-04:00,39.7177,40.0829,no
KXHYPE15M-26MAR241745,Target Price: $39.9928,2026-03-24 17:30:00-04:00,2026-03-24 17:45:00-04:00,40.0829,39.9928,yes
KXHYPE15M-26MAR241730,Target Price: $39.9657,2026-03-24 17:15:00-04:00,2026-03-24 17:30:00-04:00,39.9928,39.9657,yes
KXHYPE15M-26MAR241715,Target Price: $40.1856,2026-03-24 17:00:00-04:00,2026-03-24 17:15:00-04:00,39.9657,40.1856,no
KXHYPE15M-26MAR241700,Target Price: $40.0661,2026-03-24 16:45:00-04:00,2026-03-24 17:00:00-04:00,40.1856,40.0661,yes
KXHYPE15M-26MAR241645,Target Price: $40.1583,2026-03-24 16:30:00-04:00,2026-03-24 16:45:00-04:00,40.0661,40.1583,no
KXHYPE15M-26MAR241630,Target Price: $39.8254,2026-03-24 16:15:00-04:00,2026-03-24 16:30:00-04:00,40.1583,39.8254,yes
KXHYPE15M-26MAR241615,Target Price: $39.6859,2026-03-24 16:00:00-04:00,2026-03-24 16:15:00-04:00,39.8254,39.6859,yes
KXHYPE15M-26MAR241600,Target Price: $39.6925,2026-03-24 15:45:00-04:00,2026-03-24 16:00:00-04:00,39.6859,39.6925,no
KXHYPE15M-26MAR241545,Target Price: $39.4875,2026-03-24 15:30:00-04:00,2026-03-24 15:45:00-04:00,39.6925,39.4875,yes
KXHYPE15M-26MAR241530,Target Price: $39.8056,2026-03-24 15:15:00-04:00,2026-03-24 15:30:00-04:00,39.4875,39.8056,no
KXHYPE15M-26MAR241515,Target Price: $39.6733,2026-03-24 15:00:00-04:00,2026-03-24 15:15:00-04:00,39.8056,39.6733,yes
KXHYPE15M-26MAR241500,Target Price: $39.7035,2026-03-24 14:45:00-04:00,2026-03-24 15:00:00-04:00,39.6733,39.7035,no
KXHYPE15M-26MAR241445,Target Price: $39.4808,2026-03-24 14:30:00-04:00,2026-03-24 14:45:00-04:00,39.7035,39.4808,yes
KXHYPE15M-26MAR241430,Target Price: $39.3008,2026-03-24 14:15:00-04:00,2026-03-24 14:30:00-04:00,39.4808,39.3008,yes
KXHYPE15M-26MAR241415,Target Price: $39.0545,2026-03-24 14:00:00-04:00,2026-03-24 14:15:00-04:00,39.3008,39.0545,yes
KXHYPE15M-26MAR241400,Target Price: $38.8772,2026-03-24 13:45:00-04:00,2026-03-24 14:00:00-04:00,39.0545,38.8772,yes
KXHYPE15M-26MAR241345,Target Price: $39.0146,2026-03-24 13:30:00-04:00,2026-03-24 13:45:00-04:00,38.8772,39.0146,no
KXHYPE15M-26MAR241330,Target Price: $38.9571,2026-03-24 13:15:00-04:00,2026-03-24 13:30:00-04:00,39.0146,38.9571,yes
KXHYPE15M-26MAR241315,Target Price: $39.2907,2026-03-24 13:00:00-04:00,2026-03-24 13:15:00-04:00,38.9571,39.2907,no
KXHYPE15M-26MAR241300,Target Price: $39.1029,2026-03-24 12:45:00-04:00,2026-03-24 13:00:00-04:00,39.2907,39.1029,yes
KXHYPE15M-26MAR241245,Target Price: $39.3014,2026-03-24 12:30:00-04:00,2026-03-24 12:45:00-04:00,39.1029,39.3014,no
KXHYPE15M-26MAR241230,Target Price: $39.3219,2026-03-24 12:15:00-04:00,2026-03-24 12:30:00-04:00,39.3014,39.3219,no
KXHYPE15M-26MAR241215,Target Price: $39.4121,2026-03-24 12:00:00-04:00,2026-03-24 12:15:00-04:00,39.3219,39.4121,no
KXHYPE15M-26MAR241200,Target Price: $39.6934,2026-03-24 11:45:00-04:00,2026-03-24 12:00:00-04:00,39.4121,39.6934,no
KXHYPE15M-26MAR241145,Target Price: $39.3429,2026-03-24 11:30:00-04:00,2026-03-24 11:45:00-04:00,39.6934,39.3429,yes
KXHYPE15M-26MAR241130,Target Price: $38.9799,2026-03-24 11:15:00-04:00,2026-03-24 11:30:00-04:00,39.3429,38.9799,yes
KXHYPE15M-26MAR241115,Target Price: $38.5824,2026-03-24 11:00:00-04:00,2026-03-24 11:15:00-04:00,38.9799,38.5824,yes
KXHYPE15M-26MAR241100,Target Price: $38.1132,2026-03-24 10:45:00-04:00,2026-03-24 11:00:00-04:00,38.5824,38.1132,yes
KXHYPE15M-26MAR241045,Target Price: $38.3952,2026-03-24 10:30:00-04:00,2026-03-24 10:45:00-04:00,38.1132,38.3952,no
KXHYPE15M-26MAR241030,Target Price: $38.3841,2026-03-24 10:15:00-04:00,2026-03-24 10:30:00-04:00,38.3952,38.3841,yes
KXHYPE15M-26MAR241015,Target Price: $38.4348,2026-03-24 10:00:00-04:00,2026-03-24 10:15:00-04:00,38.3841,38.4348,no
KXHYPE15M-26MAR241000,Target Price: $38.4149,2026-03-24 09:45:00-04:00,2026-03-24 10:00:00-04:00,38.4348,38.4149,yes
KXHYPE15M-26MAR240945,Target Price: $38.6585,2026-03-24 09:30:00-04:00,2026-03-24 09:45:00-04:00,38.4149,38.6585,no
KXHYPE15M-26MAR240930,Target Price: $38.8966,2026-03-24 09:15:00-04:00,2026-03-24 09:30:00-04:00,38.6585,38.8966,no
KXHYPE15M-26MAR240915,Target Price: $38.5827,2026-03-24 09:00:00-04:00,2026-03-24 09:15:00-04:00,38.8966,38.5827,yes
KXHYPE15M-26MAR240900,Target Price: $38.4913,2026-03-24 08:45:00-04:00,2026-03-24 09:00:00-04:00,38.5827,38.4913,yes
KXHYPE15M-26MAR240845,Target Price: $38.6463,2026-03-24 08:30:00-04:00,2026-03-24 08:45:00-04:00,38.4913,38.6463,no
KXHYPE15M-26MAR240830,Target Price: $38.6235,2026-03-24 08:15:00-04:00,2026-03-24 08:30:00-04:00,38.6463,38.6235,yes
KXHYPE15M-26MAR240815,Target Price: $38.6185,2026-03-24 08:00:00-04:00,2026-03-24 08:15:00-04:00,38.6235,38.6185,yes
KXHYPE15M-26MAR240800,Target Price: $38.7949,2026-03-24 07:45:00-04:00,2026-03-24 08:00:00-04:00,38.6185,38.7949,no
KXHYPE15M-26MAR240745,Target Price: $38.8176,2026-03-24 07:30:00-04:00,2026-03-24 07:45:00-04:00,38.7949,38.8176,no
KXHYPE15M-26MAR240730,Target Price: $38.7109,2026-03-24 07:15:00-04:00,2026-03-24 07:30:00-04:00,38.8176,38.7109,yes
KXHYPE15M-26MAR240715,Target Price: $38.7083,2026-03-24 07:00:00-04:00,2026-03-24 07:15:00-04:00,38.7109,38.7083,yes
KXHYPE15M-26MAR240700,Target Price: $38.4935,2026-03-24 06:45:00-04:00,2026-03-24 07:00:00-04:00,38.7083,38.4935,yes
KXHYPE15M-26MAR240645,Target Price: $38.3028,2026-03-24 06:30:00-04:00,2026-03-24 06:45:00-04:00,38.4935,38.3028,yes
KXHYPE15M-26MAR240630,Target Price: $38.4265,2026-03-24 06:15:00-04:00,2026-03-24 06:30:00-04:00,38.3028,38.4265,no
KXHYPE15M-26MAR240615,Target Price: $38.5735,2026-03-24 06:00:00-04:00,2026-03-24 06:15:00-04:00,38.4265,38.5735,no
KXHYPE15M-26MAR240600,Target Price: $38.4827,2026-03-24 05:45:00-04:00,2026-03-24 06:00:00-04:00,38.5735,38.4827,yes
KXHYPE15M-26MAR240545,Target Price: $38.2730,2026-03-24 05:30:00-04:00,2026-03-24 05:45:00-04:00,38.4827,38.273,yes
KXHYPE15M-26MAR240530,Target Price: $38.1689,2026-03-24 05:15:00-04:00,2026-03-24 05:30:00-04:00,38.2730,38.1689,yes
KXHYPE15M-26MAR240515,Target Price: $38.2440,2026-03-24 05:00:00-04:00,2026-03-24 05:15:00-04:00,38.1689,38.244,no
KXHYPE15M-26MAR240500,Target Price: $38.2869,2026-03-24 04:45:00-04:00,2026-03-24 05:00:00-04:00,38.2440,38.2869,no
KXHYPE15M-26MAR240445,Target Price: $38.3644,2026-03-24 04:30:00-04:00,2026-03-24 04:45:00-04:00,38.2869,38.3644,no
KXHYPE15M-26MAR240430,Target Price: $38.5040,2026-03-24 04:15:00-04:00,2026-03-24 04:30:00-04:00,38.3644,38.504,no
KXHYPE15M-26MAR240415,Target Price: $38.5579,2026-03-24 04:00:00-04:00,2026-03-24 04:15:00-04:00,38.5040,38.5579,no
KXHYPE15M-26MAR240400,Target Price: $38.4782,2026-03-24 03:45:00-04:00,2026-03-24 04:00:00-04:00,38.5579,38.4782,yes
KXHYPE15M-26MAR240345,Target Price: $38.4850,2026-03-24 03:30:00-04:00,2026-03-24 03:45:00-04:00,38.4782,38.485,no
KXHYPE15M-26MAR240330,Target Price: $38.3696,2026-03-24 03:15:00-04:00,2026-03-24 03:30:00-04:00,38.4850,38.3696,yes
KXHYPE15M-26MAR240315,Target Price: $38.1473,2026-03-24 03:00:00-04:00,2026-03-24 03:15:00-04:00,38.3696,38.1473,yes
KXHYPE15M-26MAR240300,Target Price: $38.0656,2026-03-24 02:45:00-04:00,2026-03-24 03:00:00-04:00,38.1473,38.0656,yes
KXHYPE15M-26MAR240245,Target Price: $37.9793,2026-03-24 02:30:00-04:00,2026-03-24 02:45:00-04:00,38.0656,37.9793,yes
KXHYPE15M-26MAR240230,Target Price: $38.0386,2026-03-24 02:15:00-04:00,2026-03-24 02:30:00-04:00,37.9793,38.0386,no
KXHYPE15M-26MAR240215,Target Price: $37.8839,2026-03-24 02:00:00-04:00,2026-03-24 02:15:00-04:00,38.0386,37.8839,yes
KXHYPE15M-26MAR240200,Target Price: $38.0985,2026-03-24 01:45:00-04:00,2026-03-24 02:00:00-04:00,37.8839,38.0985,no
KXHYPE15M-26MAR240145,Target Price: $38.0609,2026-03-24 01:30:00-04:00,2026-03-24 01:45:00-04:00,38.0985,38.0609,yes
KXHYPE15M-26MAR240130,Target Price: $38.0774,2026-03-24 01:15:00-04:00,2026-03-24 01:30:00-04:00,38.0609,38.0774,no
KXHYPE15M-26MAR240115,Target Price: $38.1174,2026-03-24 01:00:00-04:00,2026-03-24 01:15:00-04:00,38.0774,38.1174,no
KXHYPE15M-26MAR240100,Target Price: $38.1265,2026-03-24 00:45:00-04:00,2026-03-24 01:00:00-04:00,38.1174,38.1265,no
KXHYPE15M-26MAR240045,Target Price: $38.1576,2026-03-24 00:30:00-04:00,2026-03-24 00:45:00-04:00,38.1265,38.1576,no
KXHYPE15M-26MAR240030,Target Price: $38.2324,2026-03-24 00:15:00-04:00,2026-03-24 00:30:00-04:00,38.1576,38.2324,no
KXHYPE15M-26MAR240015,Target Price: $37.8615,2026-03-24 00:00:00-04:00,2026-03-24 00:15:00-04:00,38.2324,37.8615,yes
KXHYPE15M-26MAR240000,Target Price: $37.7493,2026-03-23 23:45:00-04:00,2026-03-24 00:00:00-04:00,37.8615,37.7493,yes
KXHYPE15M-26MAR232345,Target Price: $37.6694,2026-03-23 23:30:00-04:00,2026-03-23 23:45:00-04:00,37.7493,37.6694,yes
KXHYPE15M-26MAR232330,Target Price: $37.5203,2026-03-23 23:15:00-04:00,2026-03-23 23:30:00-04:00,37.6694,37.5203,yes
KXHYPE15M-26MAR232315,Target Price: $37.5624,2026-03-23 23:00:00-04:00,2026-03-23 23:15:00-04:00,37.5203,37.5624,no
KXHYPE15M-26MAR232300,Target Price: $37.6083,2026-03-23 22:45:00-04:00,2026-03-23 23:00:00-04:00,37.5624,37.6083,no
KXHYPE15M-26MAR232245,Target Price: $37.5483,2026-03-23 22:30:00-04:00,2026-03-23 22:45:00-04:00,37.6083,37.5483,yes
KXHYPE15M-26MAR232230,Target Price: $37.4499,2026-03-23 22:15:00-04:00,2026-03-23 22:30:00-04:00,37.5483,37.4499,yes
KXHYPE15M-26MAR232215,Target Price: $37.3857,2026-03-23 22:00:00-04:00,2026-03-23 22:15:00-04:00,37.4499,37.3857,yes
KXHYPE15M-26MAR232200,Target Price: $37.3025,2026-03-23 21:45:00-04:00,2026-03-23 22:00:00-04:00,37.3857,37.3025,yes
KXHYPE15M-26MAR232145,Target Price: $37.5516,2026-03-23 21:30:00-04:00,2026-03-23 21:45:00-04:00,37.3025,37.5516,no
KXHYPE15M-26MAR232130,Target Price: $37.4908,2026-03-23 21:15:00-04:00,2026-03-23 21:30:00-04:00,37.5516,37.4908,yes
KXHYPE15M-26MAR232115,Target Price: $37.6101,2026-03-23 21:00:00-04:00,2026-03-23 21:15:00-04:00,37.4908,37.6101,no
KXHYPE15M-26MAR232100,Target Price: $37.6300,2026-03-23 20:45:00-04:00,2026-03-23 21:00:00-04:00,37.6101,37.63,no
KXHYPE15M-26MAR232045,Target Price: $37.5535,2026-03-23 20:30:00-04:00,2026-03-23 20:45:00-04:00,37.6300,37.5535,yes
KXHYPE15M-26MAR232030,Target Price: $37.4644,2026-03-23 20:15:00-04:00,2026-03-23 20:30:00-04:00,37.5535,37.4644,yes
KXHYPE15M-26MAR232015,Target Price: $37.3554,2026-03-23 20:00:00-04:00,2026-03-23 20:15:00-04:00,37.4644,37.3554,yes
KXHYPE15M-26MAR232000,Target Price: $37.2352,2026-03-23 19:45:00-04:00,2026-03-23 20:00:00-04:00,37.3554,37.2352,yes
KXHYPE15M-26MAR231945,Target Price: $37.2764,2026-03-23 19:30:00-04:00,2026-03-23 19:45:00-04:00,37.2352,37.2764,no
KXHYPE15M-26MAR231930,Target Price: $37.2390,2026-03-23 19:15:00-04:00,2026-03-23 19:30:00-04:00,37.2764,37.239,yes
KXHYPE15M-26MAR231915,Target Price: $37.5836,2026-03-23 19:00:00-04:00,2026-03-23 19:15:00-04:00,37.2390,37.5836,no
KXHYPE15M-26MAR231900,Target Price: $37.5914,2026-03-23 18:45:00-04:00,2026-03-23 19:00:00-04:00,37.5836,37.5914,no
KXHYPE15M-26MAR231845,Target Price: $37.6715,2026-03-23 18:30:00-04:00,2026-03-23 18:45:00-04:00,37.5914,37.6715,no
KXHYPE15M-26MAR231830,Target Price: $37.7428,2026-03-23 18:15:00-04:00,2026-03-23 18:30:00-04:00,37.6715,37.7428,no
KXHYPE15M-26MAR231815,Target Price: $37.8542,2026-03-23 18:00:00-04:00,2026-03-23 18:15:00-04:00,37.7428,37.8542,no
KXHYPE15M-26MAR231800,Target Price: $37.9895,2026-03-23 17:45:00-04:00,2026-03-23 18:00:00-04:00,37.8542,37.9895,no
KXHYPE15M-26MAR231745,Target Price: $37.7735,2026-03-23 17:30:00-04:00,2026-03-23 17:45:00-04:00,37.9895,37.7735,yes
KXHYPE15M-26MAR231730,Target Price: $37.9141,2026-03-23 17:15:00-04:00,2026-03-23 17:30:00-04:00,37.7735,37.9141,no
KXHYPE15M-26MAR231715,Target Price: $38.1887,2026-03-23 17:00:00-04:00,2026-03-23 17:15:00-04:00,37.9141,38.1887,no
KXHYPE15M-26MAR231700,Target Price: $38.1255,2026-03-23 16:45:00-04:00,2026-03-23 17:00:00-04:00,38.1887,38.1255,yes
KXHYPE15M-26MAR231645,Target Price: $37.8577,2026-03-23 16:30:00-04:00,2026-03-23 16:45:00-04:00,38.1255,37.8577,yes
KXHYPE15M-26MAR231630,Target Price: $37.7930,2026-03-23 16:15:00-04:00,2026-03-23 16:30:00-04:00,37.8577,37.793,yes
KXHYPE15M-26MAR231615,Target Price: $37.9149,2026-03-23 16:00:00-04:00,2026-03-23 16:15:00-04:00,37.7930,37.9149,no
KXHYPE15M-26MAR231600,Target Price: $37.8721,2026-03-23 15:45:00-04:00,2026-03-23 16:00:00-04:00,37.9149,37.8721,yes
KXHYPE15M-26MAR231545,Target Price: $37.8195,2026-03-23 15:30:00-04:00,2026-03-23 15:45:00-04:00,37.8721,37.8195,yes
KXHYPE15M-26MAR231530,Target Price: $37.6323,2026-03-23 15:15:00-04:00,2026-03-23 15:30:00-04:00,37.8195,37.6323,yes
KXHYPE15M-26MAR231515,Target Price: $37.7837,2026-03-23 15:00:00-04:00,2026-03-23 15:15:00-04:00,37.6323,37.7837,no
KXHYPE15M-26MAR231500,Target Price: $37.7165,2026-03-23 14:45:00-04:00,2026-03-23 15:00:00-04:00,37.7837,37.7165,yes
KXHYPE15M-26MAR231445,Target Price: $37.8800,2026-03-23 14:30:00-04:00,2026-03-23 14:45:00-04:00,37.7165,37.88,no
KXHYPE15M-26MAR231430,Target Price: $38.0520,2026-03-23 14:15:00-04:00,2026-03-23 14:30:00-04:00,37.8800,38.052,no
KXHYPE15M-26MAR231415,Target Price: $38.1891,2026-03-23 14:00:00-04:00,2026-03-23 14:15:00-04:00,38.0520,38.1891,no
KXHYPE15M-26MAR231400,Target Price: $38.0690,2026-03-23 13:45:00-04:00,2026-03-23 14:00:00-04:00,38.1891,38.069,yes
KXHYPE15M-26MAR231345,Target Price: $37.8439,2026-03-23 13:30:00-04:00,2026-03-23 13:45:00-04:00,38.0690,37.8439,yes
KXHYPE15M-26MAR231330,Target Price: $37.8650,2026-03-23 13:15:00-04:00,2026-03-23 13:30:00-04:00,37.8439,37.865,no
KXHYPE15M-26MAR231315,Target Price: $37.6016,2026-03-23 13:00:00-04:00,2026-03-23 13:15:00-04:00,37.8650,37.6016,yes
KXHYPE15M-26MAR231300,Target Price: $37.6126,2026-03-23 12:45:00-04:00,2026-03-23 13:00:00-04:00,37.6016,37.6126,no
KXHYPE15M-26MAR231245,Target Price: $37.4210,2026-03-23 12:30:00-04:00,2026-03-23 12:45:00-04:00,37.6126,37.421,yes
KXHYPE15M-26MAR231230,Target Price: $37.7483,2026-03-23 12:15:00-04:00,2026-03-23 12:30:00-04:00,37.4210,37.7483,no
KXHYPE15M-26MAR231215,Target Price: $37.6813,2026-03-23 12:00:00-04:00,2026-03-23 12:15:00-04:00,37.7483,37.6813,yes
KXHYPE15M-26MAR231200,Target Price: $37.7602,2026-03-23 11:45:00-04:00,2026-03-23 12:00:00-04:00,37.6813,37.7602,no
KXHYPE15M-26MAR231145,Target Price: $37.7930,2026-03-23 11:30:00-04:00,2026-03-23 11:45:00-04:00,37.7602,37.793,no
KXHYPE15M-26MAR231130,Target Price: $38.0416,2026-03-23 11:15:00-04:00,2026-03-23 11:30:00-04:00,37.7930,38.0416,no
KXHYPE15M-26MAR231115,Target Price: $38.2118,2026-03-23 11:00:00-04:00,2026-03-23 11:15:00-04:00,38.0416,38.2118,no
KXHYPE15M-26MAR231100,Target Price: $38.1730,2026-03-23 10:45:00-04:00,2026-03-23 11:00:00-04:00,38.2118,38.173,yes
KXHYPE15M-26MAR231045,Target Price: $38.6400,2026-03-23 10:30:00-04:00,2026-03-23 10:45:00-04:00,38.1730,38.64,no
KXHYPE15M-26MAR231030,Target Price: $38.5370,2026-03-23 10:15:00-04:00,2026-03-23 10:30:00-04:00,38.6400,38.537,yes
KXHYPE15M-26MAR231015,Target Price: $38.8896,2026-03-23 10:00:00-04:00,2026-03-23 10:15:00-04:00,38.5370,38.8896,no
KXHYPE15M-26MAR231000,Target Price: $38.7050,2026-03-23 09:45:00-04:00,2026-03-23 10:00:00-04:00,38.8896,38.705,yes
KXHYPE15M-26MAR230945,Target Price: $38.6424,2026-03-23 09:30:00-04:00,2026-03-23 09:45:00-04:00,38.7050,38.6424,yes
KXHYPE15M-26MAR230930,Target Price: $38.4915,2026-03-23 09:15:00-04:00,2026-03-23 09:30:00-04:00,38.6424,38.4915,yes
KXHYPE15M-26MAR230915,Target Price: $38.3302,2026-03-23 09:00:00-04:00,2026-03-23 09:15:00-04:00,38.4915,38.3302,yes
KXHYPE15M-26MAR230900,Target Price: $38.1968,2026-03-23 08:45:00-04:00,2026-03-23 09:00:00-04:00,38.3302,38.1968,yes
KXHYPE15M-26MAR230845,Target Price: $37.7225,2026-03-23 08:30:00-04:00,2026-03-23 08:45:00-04:00,38.1968,37.7225,yes
KXHYPE15M-26MAR230830,Target Price: $37.7075,2026-03-23 08:15:00-04:00,2026-03-23 08:30:00-04:00,37.7225,37.7075,yes
KXHYPE15M-26MAR230815,Target Price: $37.5848,2026-03-23 08:00:00-04:00,2026-03-23 08:15:00-04:00,37.7075,37.5848,yes
KXHYPE15M-26MAR230800,Target Price: $37.8424,2026-03-23 07:45:00-04:00,2026-03-23 08:00:00-04:00,37.5848,37.8424,no
KXHYPE15M-26MAR230745,Target Price: $38.1696,2026-03-23 07:30:00-04:00,2026-03-23 07:45:00-04:00,37.8424,38.1696,no
KXHYPE15M-26MAR230730,Target Price: $38.9814,2026-03-23 07:15:00-04:00,2026-03-23 07:30:00-04:00,38.1696,38.9814,no
KXHYPE15M-26MAR230715,Target Price: $36.9853,2026-03-23 07:00:00-04:00,2026-03-23 07:15:00-04:00,38.9814,36.9853,yes
KXHYPE15M-26MAR230700,Target Price: $36.8282,2026-03-23 06:45:00-04:00,2026-03-23 07:00:00-04:00,36.9853,36.8282,yes
KXHYPE15M-26MAR230645,Target Price: $36.8815,2026-03-23 06:30:00-04:00,2026-03-23 06:45:00-04:00,36.8282,36.8815,no
KXHYPE15M-26MAR230630,Target Price: $36.9111,2026-03-23 06:15:00-04:00,2026-03-23 06:30:00-04:00,36.8815,36.9111,no
KXHYPE15M-26MAR230615,Target Price: $36.9667,2026-03-23 06:00:00-04:00,2026-03-23 06:15:00-04:00,36.9111,36.9667,no
KXHYPE15M-26MAR230600,Target Price: $37.0597,2026-03-23 05:45:00-04:00,2026-03-23 06:00:00-04:00,36.9667,37.0597,no
KXHYPE15M-26MAR230545,Target Price: $37.0795,2026-03-23 05:30:00-04:00,2026-03-23 05:45:00-04:00,37.0597,37.0795,no
KXHYPE15M-26MAR230530,Target Price: $37.0185,2026-03-23 05:15:00-04:00,2026-03-23 05:30:00-04:00,37.0795,37.0185,yes
KXHYPE15M-26MAR230515,Target Price: $37.2579,2026-03-23 05:00:00-04:00,2026-03-23 05:15:00-04:00,37.0185,37.2579,no
KXHYPE15M-26MAR230500,Target Price: $37.3605,2026-03-23 04:45:00-04:00,2026-03-23 05:00:00-04:00,37.2579,37.3605,no
KXHYPE15M-26MAR230445,Target Price: $37.6159,2026-03-23 04:30:00-04:00,2026-03-23 04:45:00-04:00,37.3605,37.6159,no
KXHYPE15M-26MAR230430,Target Price: $37.5788,2026-03-23 04:15:00-04:00,2026-03-23 04:30:00-04:00,37.6159,37.5788,yes
KXHYPE15M-26MAR230415,Target Price: $37.4691,2026-03-23 04:00:00-04:00,2026-03-23 04:15:00-04:00,37.5788,37.4691,yes
KXHYPE15M-26MAR230400,Target Price: $37.6028,2026-03-23 03:45:00-04:00,2026-03-23 04:00:00-04:00,37.4691,37.6028,no
KXHYPE15M-26MAR230345,Target Price: $37.4270,2026-03-23 03:30:00-04:00,2026-03-23 03:45:00-04:00,37.6028,37.427,yes
KXHYPE15M-26MAR230330,Target Price: $37.6959,2026-03-23 03:15:00-04:00,2026-03-23 03:30:00-04:00,37.4270,37.6959,no
KXHYPE15M-26MAR230315,Target Price: $37.7598,2026-03-23 03:00:00-04:00,2026-03-23 03:15:00-04:00,37.6959,37.7598,no
KXHYPE15M-26MAR230300,Target Price: $37.5332,2026-03-23 02:45:00-04:00,2026-03-23 03:00:00-04:00,37.7598,37.5332,yes
KXHYPE15M-26MAR230245,Target Price: $37.8530,2026-03-23 02:30:00-04:00,2026-03-23 02:45:00-04:00,37.5332,37.853,no
KXHYPE15M-26MAR230230,Target Price: $37.8832,2026-03-23 02:15:00-04:00,2026-03-23 02:30:00-04:00,37.8530,37.8832,no
KXHYPE15M-26MAR230215,Target Price: $38.2260,2026-03-23 02:00:00-04:00,2026-03-23 02:15:00-04:00,37.8832,38.226,no
KXHYPE15M-26MAR230200,Target Price: $38.0826,2026-03-23 01:45:00-04:00,2026-03-23 02:00:00-04:00,38.2260,38.0826,yes
KXHYPE15M-26MAR230145,Target Price: $38.2390,2026-03-23 01:30:00-04:00,2026-03-23 01:45:00-04:00,38.0826,38.239,no
KXHYPE15M-26MAR230130,Target Price: $38.3711,2026-03-23 01:15:00-04:00,2026-03-23 01:30:00-04:00,38.2390,38.3711,no
KXHYPE15M-26MAR230115,Target Price: $38.2316,2026-03-23 01:00:00-04:00,2026-03-23 01:15:00-04:00,38.3711,38.2316,yes
KXHYPE15M-26MAR230100,Target Price: $38.0345,2026-03-23 00:45:00-04:00,2026-03-23 01:00:00-04:00,38.2316,38.0345,yes
KXHYPE15M-26MAR230045,Target Price: $38.0481,2026-03-23 00:30:00-04:00,2026-03-23 00:45:00-04:00,38.0345,38.0481,no
KXHYPE15M-26MAR230030,Target Price: $38.0157,2026-03-23 00:15:00-04:00,2026-03-23 00:30:00-04:00,38.0481,38.0157,yes
KXHYPE15M-26MAR230015,Target Price: $38.0310,2026-03-23 00:00:00-04:00,2026-03-23 00:15:00-04:00,38.0157,38.031,no
KXHYPE15M-26MAR230000,Target Price: $38.1360,2026-03-22 23:45:00-04:00,2026-03-23 00:00:00-04:00,38.0310,38.136,no
KXHYPE15M-26MAR222345,Target Price: $38.2291,2026-03-22 23:30:00-04:00,2026-03-22 23:45:00-04:00,38.1360,38.2291,no
KXHYPE15M-26MAR222330,Target Price: $38.1841,2026-03-22 23:15:00-04:00,2026-03-22 23:30:00-04:00,38.2291,38.1841,yes
KXHYPE15M-26MAR222315,Target Price: $38.1529,2026-03-22 23:00:00-04:00,2026-03-22 23:15:00-04:00,38.1841,38.1529,yes
KXHYPE15M-26MAR222300,Target Price: $38.2137,2026-03-22 22:45:00-04:00,2026-03-22 23:00:00-04:00,38.1529,38.2137,no
KXHYPE15M-26MAR222245,Target Price: $38.2710,2026-03-22 22:30:00-04:00,2026-03-22 22:45:00-04:00,38.2137,38.271,no
KXHYPE15M-26MAR222230,Target Price: $37.8379,2026-03-22 22:15:00-04:00,2026-03-22 22:30:00-04:00,38.2710,37.8379,yes
KXHYPE15M-26MAR222215,Target Price: $38.0239,2026-03-22 22:00:00-04:00,2026-03-22 22:15:00-04:00,37.8379,38.0239,no
KXHYPE15M-26MAR222200,Target Price: $37.9052,2026-03-22 21:45:00-04:00,2026-03-22 22:00:00-04:00,38.0239,37.9052,yes
KXHYPE15M-26MAR222145,Target Price: $38.0325,2026-03-22 21:30:00-04:00,2026-03-22 21:45:00-04:00,37.9052,38.0325,no
KXHYPE15M-26MAR222130,Target Price: $37.6993,2026-03-22 21:15:00-04:00,2026-03-22 21:30:00-04:00,38.0325,37.6993,yes
KXHYPE15M-26MAR222115,Target Price: $37.6019,2026-03-22 21:00:00-04:00,2026-03-22 21:15:00-04:00,37.6993,37.6019,yes
KXHYPE15M-26MAR222100,Target Price: $37.7907,2026-03-22 20:45:00-04:00,2026-03-22 21:00:00-04:00,37.6019,37.7907,no
KXHYPE15M-26MAR222045,Target Price: $37.8922,2026-03-22 20:30:00-04:00,2026-03-22 20:45:00-04:00,37.7907,37.8922,no
KXHYPE15M-26MAR222030,Target Price: $38.2867,2026-03-22 20:15:00-04:00,2026-03-22 20:30:00-04:00,37.8922,38.2867,no
KXHYPE15M-26MAR222015,Target Price: $38.3468,2026-03-22 20:00:00-04:00,2026-03-22 20:15:00-04:00,38.2867,38.3468,no
KXHYPE15M-26MAR222000,Target Price: $38.4484,2026-03-22 19:45:00-04:00,2026-03-22 20:00:00-04:00,38.3468,38.4484,no
KXHYPE15M-26MAR221945,Target Price: $38.4202,2026-03-22 19:30:00-04:00,2026-03-22 19:45:00-04:00,38.4484,38.4202,yes
KXHYPE15M-26MAR221930,Target Price: $38.6722,2026-03-22 19:15:00-04:00,2026-03-22 19:30:00-04:00,38.4202,38.6722,no
KXHYPE15M-26MAR221915,Target Price: $38.4223,2026-03-22 19:00:00-04:00,2026-03-22 19:15:00-04:00,38.6722,38.4223,yes
KXHYPE15M-26MAR221900,Target Price: $38.1652,2026-03-22 18:45:00-04:00,2026-03-22 19:00:00-04:00,38.4223,38.1652,yes
KXHYPE15M-26MAR221845,Target Price: $38.2130,2026-03-22 18:30:00-04:00,2026-03-22 18:45:00-04:00,38.1652,38.213,no
KXHYPE15M-26MAR221830,Target Price: $37.9611,2026-03-22 18:15:00-04:00,2026-03-22 18:30:00-04:00,38.2130,37.9611,yes
KXHYPE15M-26MAR221815,Target Price: $37.6686,2026-03-22 18:00:00-04:00,2026-03-22 18:15:00-04:00,37.9611,37.6686,yes
KXHYPE15M-26MAR221800,Target Price: $37.7314,2026-03-22 17:45:00-04:00,2026-03-22 18:00:00-04:00,37.6686,37.7314,no
KXHYPE15M-26MAR221745,Target Price: $37.9485,2026-03-22 17:30:00-04:00,2026-03-22 17:45:00-04:00,37.7314,37.9485,no
KXHYPE15M-26MAR221730,Target Price: $38.0027,2026-03-22 17:15:00-04:00,2026-03-22 17:30:00-04:00,37.9485,38.0027,no
KXHYPE15M-26MAR221715,Target Price: $37.9835,2026-03-22 17:00:00-04:00,2026-03-22 17:15:00-04:00,38.0027,37.9835,yes
KXHYPE15M-26MAR221700,Target Price: $38.2618,2026-03-22 16:45:00-04:00,2026-03-22 17:00:00-04:00,37.9835,38.2618,no
KXHYPE15M-26MAR221645,Target Price: $38.0423,2026-03-22 16:30:00-04:00,2026-03-22 16:45:00-04:00,38.2618,38.0423,yes
KXHYPE15M-26MAR221630,Target Price: $37.9865,2026-03-22 16:15:00-04:00,2026-03-22 16:30:00-04:00,38.0423,37.9865,yes
KXHYPE15M-26MAR221615,Target Price: $37.9976,2026-03-22 16:00:00-04:00,2026-03-22 16:15:00-04:00,37.9865,37.9976,no
KXHYPE15M-26MAR221600,Target Price: $37.9608,2026-03-22 15:45:00-04:00,2026-03-22 16:00:00-04:00,37.9976,37.9608,yes
KXHYPE15M-26MAR221545,Target Price: $38.0065,2026-03-22 15:30:00-04:00,2026-03-22 15:45:00-04:00,37.9608,38.0065,no
KXHYPE15M-26MAR221530,Target Price: $37.9593,2026-03-22 15:15:00-04:00,2026-03-22 15:30:00-04:00,38.0065,37.9593,yes
KXHYPE15M-26MAR221515,Target Price: $38.0762,2026-03-22 15:00:00-04:00,2026-03-22 15:15:00-04:00,37.9593,38.0762,no
KXHYPE15M-26MAR221500,Target Price: $38.0148,2026-03-22 14:45:00-04:00,2026-03-22 15:00:00-04:00,38.0762,38.0148,yes
KXHYPE15M-26MAR221445,Target Price: $38.0746,2026-03-22 14:30:00-04:00,2026-03-22 14:45:00-04:00,38.0148,38.0746,no
KXHYPE15M-26MAR221430,Target Price: $38.1637,2026-03-22 14:15:00-04:00,2026-03-22 14:30:00-04:00,38.0746,38.1637,no
KXHYPE15M-26MAR221415,Target Price: $38.1010,2026-03-22 14:00:00-04:00,2026-03-22 14:15:00-04:00,38.1637,38.101,yes
KXHYPE15M-26MAR221400,Target Price: $38.0047,2026-03-22 13:45:00-04:00,2026-03-22 14:00:00-04:00,38.1010,38.0047,yes
KXHYPE15M-26MAR221345,Target Price: $38.1463,2026-03-22 13:30:00-04:00,2026-03-22 13:45:00-04:00,38.0047,38.1463,no
KXHYPE15M-26MAR221330,Target Price: $38.0813,2026-03-22 13:15:00-04:00,2026-03-22 13:30:00-04:00,38.1463,38.0813,yes
KXHYPE15M-26MAR221315,Target Price: $38.0445,2026-03-22 13:00:00-04:00,2026-03-22 13:15:00-04:00,38.0813,38.0445,yes
KXHYPE15M-26MAR221300,Target Price: $37.9522,2026-03-22 12:45:00-04:00,2026-03-22 13:00:00-04:00,38.0445,37.9522,yes
KXHYPE15M-26MAR221245,Target Price: $38.1108,2026-03-22 12:30:00-04:00,2026-03-22 12:45:00-04:00,37.9522,38.1108,no
KXHYPE15M-26MAR221230,Target Price: $38.1584,2026-03-22 12:15:00-04:00,2026-03-22 12:30:00-04:00,38.1108,38.1584,no
KXHYPE15M-26MAR221215,Target Price: $38.0884,2026-03-22 12:00:00-04:00,2026-03-22 12:15:00-04:00,38.1584,38.0884,yes
KXHYPE15M-26MAR221200,Target Price: $38.1281,2026-03-22 11:45:00-04:00,2026-03-22 12:00:00-04:00,38.0884,38.1281,no
KXHYPE15M-26MAR221145,Target Price: $38.1693,2026-03-22 11:30:00-04:00,2026-03-22 11:45:00-04:00,38.1281,38.1693,no
KXHYPE15M-26MAR221130,Target Price: $38.2820,2026-03-22 11:15:00-04:00,2026-03-22 11:30:00-04:00,38.1693,38.282,no
KXHYPE15M-26MAR221115,Target Price: $38.2390,2026-03-22 11:00:00-04:00,2026-03-22 11:15:00-04:00,38.2820,38.239,yes
KXHYPE15M-26MAR221100,Target Price: $38.2624,2026-03-22 10:45:00-04:00,2026-03-22 11:00:00-04:00,38.2390,38.2624,no
KXHYPE15M-26MAR221045,Target Price: $38.3781,2026-03-22 10:30:00-04:00,2026-03-22 10:45:00-04:00,38.2624,38.3781,no
KXHYPE15M-26MAR221030,Target Price: $38.3163,2026-03-22 10:15:00-04:00,2026-03-22 10:30:00-04:00,38.3781,38.3163,yes
KXHYPE15M-26MAR221015,Target Price: $38.2893,2026-03-22 10:00:00-04:00,2026-03-22 10:15:00-04:00,38.3163,38.2893,yes
KXHYPE15M-26MAR221000,Target Price: $38.1583,2026-03-22 09:45:00-04:00,2026-03-22 10:00:00-04:00,38.2893,38.1583,yes
KXHYPE15M-26MAR220945,Target Price: $38.2602,2026-03-22 09:30:00-04:00,2026-03-22 09:45:00-04:00,38.1583,38.2602,no
KXHYPE15M-26MAR220930,Target Price: $38.3293,2026-03-22 09:15:00-04:00,2026-03-22 09:30:00-04:00,38.2602,38.3293,no
KXHYPE15M-26MAR220915,Target Price: $38.2695,2026-03-22 09:00:00-04:00,2026-03-22 09:15:00-04:00,38.3293,38.2695,yes
KXHYPE15M-26MAR220900,Target Price: $38.1865,2026-03-22 08:45:00-04:00,2026-03-22 09:00:00-04:00,38.2695,38.1865,yes
KXHYPE15M-26MAR220845,Target Price: $38.2426,2026-03-22 08:30:00-04:00,2026-03-22 08:45:00-04:00,38.1865,38.2426,no
KXHYPE15M-26MAR220830,Target Price: $38.1580,2026-03-22 08:15:00-04:00,2026-03-22 08:30:00-04:00,38.2426,38.158,yes
KXHYPE15M-26MAR220815,Target Price: $37.9460,2026-03-22 08:00:00-04:00,2026-03-22 08:15:00-04:00,38.1580,37.946,yes
KXHYPE15M-26MAR220800,Target Price: $37.9648,2026-03-22 07:45:00-04:00,2026-03-22 08:00:00-04:00,37.9460,37.9648,no
KXHYPE15M-26MAR220745,Target Price: $37.9171,2026-03-22 07:30:00-04:00,2026-03-22 07:45:00-04:00,37.9648,37.9171,yes
KXHYPE15M-26MAR220730,Target Price: $37.9880,2026-03-22 07:15:00-04:00,2026-03-22 07:30:00-04:00,37.9171,37.988,no
KXHYPE15M-26MAR220715,Target Price: $38.0318,2026-03-22 07:00:00-04:00,2026-03-22 07:15:00-04:00,37.9880,38.0318,no
KXHYPE15M-26MAR220700,Target Price: $37.9999,2026-03-22 06:45:00-04:00,2026-03-22 07:00:00-04:00,38.0318,37.9999,yes
KXHYPE15M-26MAR220645,Target Price: $38.0688,2026-03-22 06:30:00-04:00,2026-03-22 06:45:00-04:00,37.9999,38.0688,no
KXHYPE15M-26MAR220630,Target Price: $38.1481,2026-03-22 06:15:00-04:00,2026-03-22 06:30:00-04:00,38.0688,38.1481,no
KXHYPE15M-26MAR220615,Target Price: $38.1655,2026-03-22 06:00:00-04:00,2026-03-22 06:15:00-04:00,38.1481,38.1655,no
KXHYPE15M-26MAR220600,Target Price: $38.0216,2026-03-22 05:45:00-04:00,2026-03-22 06:00:00-04:00,38.1655,38.0216,yes
KXHYPE15M-26MAR220545,Target Price: $38.1136,2026-03-22 05:30:00-04:00,2026-03-22 05:45:00-04:00,38.0216,38.1136,no
KXHYPE15M-26MAR220530,Target Price: $38.2415,2026-03-22 05:15:00-04:00,2026-03-22 05:30:00-04:00,38.1136,38.2415,no
KXHYPE15M-26MAR220515,Target Price: $38.2785,2026-03-22 05:00:00-04:00,2026-03-22 05:15:00-04:00,38.2415,38.2785,no
KXHYPE15M-26MAR220500,Target Price: $38.1228,2026-03-22 04:45:00-04:00,2026-03-22 05:00:00-04:00,38.2785,38.1228,yes
KXHYPE15M-26MAR220445,Target Price: $38.0234,2026-03-22 04:30:00-04:00,2026-03-22 04:45:00-04:00,38.1228,38.0234,yes
KXHYPE15M-26MAR220430,Target Price: $38.1497,2026-03-22 04:15:00-04:00,2026-03-22 04:30:00-04:00,38.0234,38.1497,no
KXHYPE15M-26MAR220415,Target Price: $38.2674,2026-03-22 04:00:00-04:00,2026-03-22 04:15:00-04:00,38.1497,38.2674,no
KXHYPE15M-26MAR220400,Target Price: $38.2843,2026-03-22 03:45:00-04:00,2026-03-22 04:00:00-04:00,38.2674,38.2843,no
KXHYPE15M-26MAR220345,Target Price: $38.3096,2026-03-22 03:30:00-04:00,2026-03-22 03:45:00-04:00,38.2843,38.3096,no
KXHYPE15M-26MAR220330,Target Price: $38.5063,2026-03-22 03:15:00-04:00,2026-03-22 03:30:00-04:00,38.3096,38.5063,no
KXHYPE15M-26MAR220315,Target Price: $38.4159,2026-03-22 03:00:00-04:00,2026-03-22 03:15:00-04:00,38.5063,38.4159,yes
KXHYPE15M-26MAR220300,Target Price: $38.3511,2026-03-22 02:45:00-04:00,2026-03-22 03:00:00-04:00,38.4159,38.3511,yes
KXHYPE15M-26MAR220245,Target Price: $38.2635,2026-03-22 02:30:00-04:00,2026-03-22 02:45:00-04:00,38.3511,38.2635,yes
KXHYPE15M-26MAR220230,Target Price: $38.0944,2026-03-22 02:15:00-04:00,2026-03-22 02:30:00-04:00,38.2635,38.0944,yes
KXHYPE15M-26MAR220215,Target Price: $38.4547,2026-03-22 02:00:00-04:00,2026-03-22 02:15:00-04:00,38.0944,38.4547,no
KXHYPE15M-26MAR220200,Target Price: $38.6032,2026-03-22 01:45:00-04:00,2026-03-22 02:00:00-04:00,38.4547,38.6032,no
KXHYPE15M-26MAR220145,Target Price: $38.7540,2026-03-22 01:30:00-04:00,2026-03-22 01:45:00-04:00,38.6032,38.754,no
KXHYPE15M-26MAR220130,Target Price: $38.8601,2026-03-22 01:15:00-04:00,2026-03-22 01:30:00-04:00,38.7540,38.8601,no
KXHYPE15M-26MAR220115,Target Price: $38.9994,2026-03-22 01:00:00-04:00,2026-03-22 01:15:00-04:00,38.8601,38.9994,no
KXHYPE15M-26MAR220100,Target Price: $39.0132,2026-03-22 00:45:00-04:00,2026-03-22 01:00:00-04:00,38.9994,39.0132,no
KXHYPE15M-26MAR220045,Target Price: $39.0151,2026-03-22 00:30:00-04:00,2026-03-22 00:45:00-04:00,39.0132,39.0151,no
KXHYPE15M-26MAR220030,Target Price: $39.0917,2026-03-22 00:15:00-04:00,2026-03-22 00:30:00-04:00,39.0151,39.0917,no
KXHYPE15M-26MAR220015,Target Price: $39.1061,2026-03-22 00:00:00-04:00,2026-03-22 00:15:00-04:00,39.0917,39.1061,no
KXHYPE15M-26MAR220000,Target Price: $39.2421,2026-03-21 23:45:00-04:00,2026-03-22 00:00:00-04:00,39.1061,39.2421,no
KXHYPE15M-26MAR212345,Target Price: $39.3399,2026-03-21 23:30:00-04:00,2026-03-21 23:45:00-04:00,39.2421,39.3399,no
KXHYPE15M-26MAR212330,Target Price: $39.2562,2026-03-21 23:15:00-04:00,2026-03-21 23:30:00-04:00,39.3399,39.2562,yes
KXHYPE15M-26MAR212315,Target Price: $39.0722,2026-03-21 23:00:00-04:00,2026-03-21 23:15:00-04:00,39.2562,39.0722,yes
KXHYPE15M-26MAR212300,Target Price: $38.9355,2026-03-21 22:45:00-04:00,2026-03-21 23:00:00-04:00,39.0722,38.9355,yes
KXHYPE15M-26MAR212245,Target Price: $39.0660,2026-03-21 22:30:00-04:00,2026-03-21 22:45:00-04:00,38.9355,39.066,no
KXHYPE15M-26MAR212230,Target Price: $38.7055,2026-03-21 22:15:00-04:00,2026-03-21 22:30:00-04:00,39.0660,38.7055,yes
KXHYPE15M-26MAR212215,Target Price: $38.8041,2026-03-21 22:00:00-04:00,2026-03-21 22:15:00-04:00,38.7055,38.8041,no
KXHYPE15M-26MAR212200,Target Price: $38.9886,2026-03-21 21:45:00-04:00,2026-03-21 22:00:00-04:00,38.8041,38.9886,no
KXHYPE15M-26MAR212145,Target Price: $39.2438,2026-03-21 21:30:00-04:00,2026-03-21 21:45:00-04:00,38.9886,39.2438,no
KXHYPE15M-26MAR212130,Target Price: $39.3072,2026-03-21 21:15:00-04:00,2026-03-21 21:30:00-04:00,39.2438,39.3072,no
KXHYPE15M-26MAR212115,Target Price: $39.3301,2026-03-21 21:00:00-04:00,2026-03-21 21:15:00-04:00,39.3072,39.3301,no
KXHYPE15M-26MAR212100,Target Price: $39.4442,2026-03-21 20:45:00-04:00,2026-03-21 21:00:00-04:00,39.3301,39.4442,no
KXHYPE15M-26MAR212045,Target Price: $39.2978,2026-03-21 20:30:00-04:00,2026-03-21 20:45:00-04:00,39.4442,39.2978,yes
KXHYPE15M-26MAR212030,Target Price: $39.2642,2026-03-21 20:15:00-04:00,2026-03-21 20:30:00-04:00,39.2978,39.2642,yes
KXHYPE15M-26MAR212015,Target Price: $39.1738,2026-03-21 20:00:00-04:00,2026-03-21 20:15:00-04:00,39.2642,39.1738,yes
KXHYPE15M-26MAR212000,Target Price: $39.7721,2026-03-21 19:45:00-04:00,2026-03-21 20:00:00-04:00,39.1738,39.7721,no
KXHYPE15M-26MAR211945,Target Price: $39.6192,2026-03-21 19:30:00-04:00,2026-03-21 19:45:00-04:00,39.7721,39.6192,yes
KXHYPE15M-26MAR211930,Target Price: $39.7657,2026-03-21 19:15:00-04:00,2026-03-21 19:30:00-04:00,39.6192,39.7657,no
KXHYPE15M-26MAR211915,Target Price: $39.8777,2026-03-21 19:00:00-04:00,2026-03-21 19:15:00-04:00,39.7657,39.8777,no
KXHYPE15M-26MAR211900,Target Price: $39.9937,2026-03-21 18:45:00-04:00,2026-03-21 19:00:00-04:00,39.8777,39.9937,no
KXHYPE15M-26MAR211845,Target Price: $39.9871,2026-03-21 18:30:00-04:00,2026-03-21 18:45:00-04:00,39.9937,39.9871,yes
KXHYPE15M-26MAR211830,Target Price: $40.0478,2026-03-21 18:15:00-04:00,2026-03-21 18:30:00-04:00,39.9871,40.0478,no
KXHYPE15M-26MAR211815,Target Price: $40.0653,2026-03-21 18:00:00-04:00,2026-03-21 18:15:00-04:00,40.0478,40.0653,no
KXHYPE15M-26MAR211800,Target Price: $40.0581,2026-03-21 17:45:00-04:00,2026-03-21 18:00:00-04:00,40.0653,40.0581,yes
KXHYPE15M-26MAR211745,Target Price: $40.0999,2026-03-21 17:30:00-04:00,2026-03-21 17:45:00-04:00,40.0581,40.0999,no
KXHYPE15M-26MAR211730,Target Price: $40.1317,2026-03-21 17:15:00-04:00,2026-03-21 17:30:00-04:00,40.0999,40.1317,no
KXHYPE15M-26MAR211715,Target Price: $40.2360,2026-03-21 17:00:00-04:00,2026-03-21 17:15:00-04:00,40.1317,40.236,no
KXHYPE15M-26MAR211700,Target Price: $40.2293,2026-03-21 16:45:00-04:00,2026-03-21 17:00:00-04:00,40.2360,40.2293,yes
KXHYPE15M-26MAR211645,Target Price: $40.0915,2026-03-21 16:30:00-04:00,2026-03-21 16:45:00-04:00,40.2293,40.0915,yes
KXHYPE15M-26MAR211630,Target Price: $40.0417,2026-03-21 16:15:00-04:00,2026-03-21 16:30:00-04:00,40.0915,40.0417,yes
KXHYPE15M-26MAR211615,Target Price: $40.1805,2026-03-21 16:00:00-04:00,2026-03-21 16:15:00-04:00,40.0417,40.1805,no
KXHYPE15M-26MAR211600,Target Price: $40.2380,2026-03-21 15:45:00-04:00,2026-03-21 16:00:00-04:00,40.1805,40.238,no
KXHYPE15M-26MAR211545,Target Price: $40.3695,2026-03-21 15:30:00-04:00,2026-03-21 15:45:00-04:00,40.2380,40.3695,no
KXHYPE15M-26MAR211530,Target Price: $40.2725,2026-03-21 15:15:00-04:00,2026-03-21 15:30:00-04:00,40.3695,40.2725,yes
KXHYPE15M-26MAR211515,Target Price: $40.2885,2026-03-21 15:00:00-04:00,2026-03-21 15:15:00-04:00,40.2725,40.2885,no
KXHYPE15M-26MAR211500,Target Price: $40.4163,2026-03-21 14:45:00-04:00,2026-03-21 15:00:00-04:00,40.2885,40.4163,no
KXHYPE15M-26MAR211445,Target Price: $40.2503,2026-03-21 14:30:00-04:00,2026-03-21 14:45:00-04:00,40.4163,40.2503,yes
KXHYPE15M-26MAR211430,Target Price: $40.2247,2026-03-21 14:15:00-04:00,2026-03-21 14:30:00-04:00,40.2503,40.2247,yes
KXHYPE15M-26MAR211415,Target Price: $40.2347,2026-03-21 14:00:00-04:00,2026-03-21 14:15:00-04:00,40.2247,40.2347,no
KXHYPE15M-26MAR211400,Target Price: $40.2652,2026-03-21 13:45:00-04:00,2026-03-21 14:00:00-04:00,40.2347,40.2652,no
KXHYPE15M-26MAR211345,Target Price: $40.0460,2026-03-21 13:30:00-04:00,2026-03-21 13:45:00-04:00,40.2652,40.046,yes
KXHYPE15M-26MAR211330,Target Price: $40.0127,2026-03-21 13:15:00-04:00,2026-03-21 13:30:00-04:00,40.0460,40.0127,yes
KXHYPE15M-26MAR211315,Target Price: $40.0416,2026-03-21 13:00:00-04:00,2026-03-21 13:15:00-04:00,40.0127,40.0416,no
KXHYPE15M-26MAR211300,Target Price: $40.1211,2026-03-21 12:45:00-04:00,2026-03-21 13:00:00-04:00,40.0416,40.1211,no
KXHYPE15M-26MAR211245,Target Price: $39.9160,2026-03-21 12:30:00-04:00,2026-03-21 12:45:00-04:00,40.1211,39.916,yes
KXHYPE15M-26MAR211230,Target Price: $39.8735,2026-03-21 12:15:00-04:00,2026-03-21 12:30:00-04:00,39.9160,39.8735,yes
KXHYPE15M-26MAR211215,Target Price: $39.9317,2026-03-21 12:00:00-04:00,2026-03-21 12:15:00-04:00,39.8735,39.9317,no
KXHYPE15M-26MAR211200,Target Price: $39.9314,2026-03-21 11:45:00-04:00,2026-03-21 12:00:00-04:00,39.9317,39.9314,yes
KXHYPE15M-26MAR211145,Target Price: $39.8846,2026-03-21 11:30:00-04:00,2026-03-21 11:45:00-04:00,39.9314,39.8846,yes
KXHYPE15M-26MAR211130,Target Price: $39.9268,2026-03-21 11:15:00-04:00,2026-03-21 11:30:00-04:00,39.8846,39.9268,no
KXHYPE15M-26MAR211115,Target Price: $39.8159,2026-03-21 11:00:00-04:00,2026-03-21 11:15:00-04:00,39.9268,39.8159,yes
KXHYPE15M-26MAR211100,Target Price: $39.9811,2026-03-21 10:45:00-04:00,2026-03-21 11:00:00-04:00,39.8159,39.9811,no
KXHYPE15M-26MAR211045,Target Price: $40.0233,2026-03-21 10:30:00-04:00,2026-03-21 10:45:00-04:00,39.9811,40.0233,no
KXHYPE15M-26MAR211030,Target Price: $40.0892,2026-03-21 10:15:00-04:00,2026-03-21 10:30:00-04:00,40.0233,40.0892,no
KXHYPE15M-26MAR211015,Target Price: $39.9552,2026-03-21 10:00:00-04:00,2026-03-21 10:15:00-04:00,40.0892,39.9552,yes
KXHYPE15M-26MAR211000,Target Price: $39.9089,2026-03-21 09:45:00-04:00,2026-03-21 10:00:00-04:00,39.9552,39.9089,yes
KXHYPE15M-26MAR210945,Target Price: $39.7444,2026-03-21 09:30:00-04:00,2026-03-21 09:45:00-04:00,39.9089,39.7444,yes
KXHYPE15M-26MAR210930,Target Price: $39.7855,2026-03-21 09:15:00-04:00,2026-03-21 09:30:00-04:00,39.7444,39.7855,no
KXHYPE15M-26MAR210915,Target Price: $39.8064,2026-03-21 09:00:00-04:00,2026-03-21 09:15:00-04:00,39.7855,39.8064,no
KXHYPE15M-26MAR210900,Target Price: $39.8476,2026-03-21 08:45:00-04:00,2026-03-21 09:00:00-04:00,39.8064,39.8476,no
KXHYPE15M-26MAR210845,Target Price: $40.0217,2026-03-21 08:30:00-04:00,2026-03-21 08:45:00-04:00,39.8476,40.0217,no
KXHYPE15M-26MAR210830,Target Price: $39.9459,2026-03-21 08:15:00-04:00,2026-03-21 08:30:00-04:00,40.0217,39.9459,yes
KXHYPE15M-26MAR210815,Target Price: $40.0564,2026-03-21 08:00:00-04:00,2026-03-21 08:15:00-04:00,39.9459,40.0564,no
KXHYPE15M-26MAR210800,Target Price: $39.8620,2026-03-21 07:45:00-04:00,2026-03-21 08:00:00-04:00,40.0564,39.862,yes
KXHYPE15M-26MAR210745,Target Price: $39.9717,2026-03-21 07:30:00-04:00,2026-03-21 07:45:00-04:00,39.8620,39.9717,no
KXHYPE15M-26MAR210730,Target Price: $39.8085,2026-03-21 07:15:00-04:00,2026-03-21 07:30:00-04:00,39.9717,39.8085,yes
KXHYPE15M-26MAR210715,Target Price: $39.6913,2026-03-21 07:00:00-04:00,2026-03-21 07:15:00-04:00,39.8085,39.6913,yes
KXHYPE15M-26MAR210700,Target Price: $39.6371,2026-03-21 06:45:00-04:00,2026-03-21 07:00:00-04:00,39.6913,39.6371,yes
KXHYPE15M-26MAR210645,Target Price: $39.6212,2026-03-21 06:30:00-04:00,2026-03-21 06:45:00-04:00,39.6371,39.6212,yes
KXHYPE15M-26MAR210630,Target Price: $39.6544,2026-03-21 06:15:00-04:00,2026-03-21 06:30:00-04:00,39.6212,39.6544,no
KXHYPE15M-26MAR210615,Target Price: $39.6561,2026-03-21 06:00:00-04:00,2026-03-21 06:15:00-04:00,39.6544,39.6561,no
KXHYPE15M-26MAR210600,Target Price: $39.5164,2026-03-21 05:45:00-04:00,2026-03-21 06:00:00-04:00,39.6561,39.5164,yes
KXHYPE15M-26MAR210545,Target Price: $39.5812,2026-03-21 05:30:00-04:00,2026-03-21 05:45:00-04:00,39.5164,39.5812,no
KXHYPE15M-26MAR210530,Target Price: $39.6368,2026-03-21 05:15:00-04:00,2026-03-21 05:30:00-04:00,39.5812,39.6368,no
KXHYPE15M-26MAR210515,Target Price: $39.5181,2026-03-21 05:00:00-04:00,2026-03-21 05:15:00-04:00,39.6368,39.5181,yes
KXHYPE15M-26MAR210500,Target Price: $39.5476,2026-03-21 04:45:00-04:00,2026-03-21 05:00:00-04:00,39.5181,39.5476,no
KXHYPE15M-26MAR210445,Target Price: $39.5146,2026-03-21 04:30:00-04:00,2026-03-21 04:45:00-04:00,39.5476,39.5146,yes
KXHYPE15M-26MAR210430,Target Price: $39.6054,2026-03-21 04:15:00-04:00,2026-03-21 04:30:00-04:00,39.5146,39.6054,no
KXHYPE15M-26MAR210415,Target Price: $39.6960,2026-03-21 04:00:00-04:00,2026-03-21 04:15:00-04:00,39.6054,39.696,no
KXHYPE15M-26MAR210400,Target Price: $39.6578,2026-03-21 03:45:00-04:00,2026-03-21 04:00:00-04:00,39.6960,39.6578,yes
KXHYPE15M-26MAR210345,Target Price: $39.5765,2026-03-21 03:30:00-04:00,2026-03-21 03:45:00-04:00,39.6578,39.5765,yes
KXHYPE15M-26MAR210330,Target Price: $39.5182,2026-03-21 03:15:00-04:00,2026-03-21 03:30:00-04:00,39.5765,39.5182,yes
KXHYPE15M-26MAR210315,Target Price: $39.3997,2026-03-21 03:00:00-04:00,2026-03-21 03:15:00-04:00,39.5182,39.3997,yes
KXHYPE15M-26MAR210300,Target Price: $39.3088,2026-03-21 02:45:00-04:00,2026-03-21 03:00:00-04:00,39.3997,39.3088,yes
KXHYPE15M-26MAR210245,Target Price: $39.4252,2026-03-21 02:30:00-04:00,2026-03-21 02:45:00-04:00,39.3088,39.4252,no
KXHYPE15M-26MAR210230,Target Price: $39.4795,2026-03-21 02:15:00-04:00,2026-03-21 02:30:00-04:00,39.4252,39.4795,no
KXHYPE15M-26MAR210215,Target Price: $39.3600,2026-03-21 02:00:00-04:00,2026-03-21 02:15:00-04:00,39.4795,39.36,yes
KXHYPE15M-26MAR210200,Target Price: $39.3215,2026-03-21 01:45:00-04:00,2026-03-21 02:00:00-04:00,39.3600,39.3215,yes
KXHYPE15M-26MAR210145,Target Price: $39.4776,2026-03-21 01:30:00-04:00,2026-03-21 01:45:00-04:00,39.3215,39.4776,no
KXHYPE15M-26MAR210130,Target Price: $39.3871,2026-03-21 01:15:00-04:00,2026-03-21 01:30:00-04:00,39.4776,39.3871,yes
KXHYPE15M-26MAR210115,Target Price: $39.5103,2026-03-21 01:00:00-04:00,2026-03-21 01:15:00-04:00,39.3871,39.5103,no
KXHYPE15M-26MAR210100,Target Price: $39.4402,2026-03-21 00:45:00-04:00,2026-03-21 01:00:00-04:00,39.5103,39.4402,yes
KXHYPE15M-26MAR210045,Target Price: $39.6793,2026-03-21 00:30:00-04:00,2026-03-21 00:45:00-04:00,39.4402,39.6793,no
KXHYPE15M-26MAR210030,Target Price: $39.6960,2026-03-21 00:15:00-04:00,2026-03-21 00:30:00-04:00,39.6793,39.696,no
KXHYPE15M-26MAR210015,Target Price: $39.6467,2026-03-21 00:00:00-04:00,2026-03-21 00:15:00-04:00,39.6960,39.6467,yes
KXHYPE15M-26MAR210000,Target Price: $39.6337,2026-03-20 23:45:00-04:00,2026-03-21 00:00:00-04:00,39.6467,39.6337,yes
KXHYPE15M-26MAR202345,Target Price: $39.7770,2026-03-20 23:30:00-04:00,2026-03-20 23:45:00-04:00,39.6337,39.777,no
KXHYPE15M-26MAR202330,Target Price: $39.8026,2026-03-20 23:15:00-04:00,2026-03-20 23:30:00-04:00,39.7770,39.8026,no
KXHYPE15M-26MAR202315,Target Price: $39.7497,2026-03-20 23:00:00-04:00,2026-03-20 23:15:00-04:00,39.8026,39.7497,yes
KXHYPE15M-26MAR202300,Target Price: $39.5311,2026-03-20 22:45:00-04:00,2026-03-20 23:00:00-04:00,39.7497,39.5311,yes
KXHYPE15M-26MAR202245,Target Price: $39.5905,2026-03-20 22:30:00-04:00,2026-03-20 22:45:00-04:00,39.5311,39.5905,no
KXHYPE15M-26MAR202230,Target Price: $39.3416,2026-03-20 22:15:00-04:00,2026-03-20 22:30:00-04:00,39.5905,39.3416,yes
KXHYPE15M-26MAR202215,Target Price: $39.4669,2026-03-20 22:00:00-04:00,2026-03-20 22:15:00-04:00,39.3416,39.4669,no
KXHYPE15M-26MAR202200,Target Price: $39.3790,2026-03-20 21:45:00-04:00,2026-03-20 22:00:00-04:00,39.4669,39.379,yes
KXHYPE15M-26MAR202145,Target Price: $39.4682,2026-03-20 21:30:00-04:00,2026-03-20 21:45:00-04:00,39.3790,39.4682,no
KXHYPE15M-26MAR202130,Target Price: $39.4261,2026-03-20 21:15:00-04:00,2026-03-20 21:30:00-04:00,39.4682,39.4261,yes
KXHYPE15M-26MAR202115,Target Price: $39.4786,2026-03-20 21:00:00-04:00,2026-03-20 21:15:00-04:00,39.4261,39.4786,no
KXHYPE15M-26MAR202100,Target Price: $39.4692,2026-03-20 20:45:00-04:00,2026-03-20 21:00:00-04:00,39.4786,39.4692,yes
KXHYPE15M-26MAR202045,Target Price: $39.7142,2026-03-20 20:30:00-04:00,2026-03-20 20:45:00-04:00,39.4692,39.7142,no
KXHYPE15M-26MAR202030,Target Price: $39.6317,2026-03-20 20:15:00-04:00,2026-03-20 20:30:00-04:00,39.7142,39.6317,yes
KXHYPE15M-26MAR202015,Target Price: $39.5540,2026-03-20 20:00:00-04:00,2026-03-20 20:15:00-04:00,39.6317,39.554,yes
KXHYPE15M-26MAR202000,Target Price: $39.6180,2026-03-20 19:45:00-04:00,2026-03-20 20:00:00-04:00,39.5540,39.618,no
KXHYPE15M-26MAR201945,Target Price: $39.7995,2026-03-20 19:30:00-04:00,2026-03-20 19:45:00-04:00,39.6180,39.7995,no
KXHYPE15M-26MAR201930,Target Price: $39.7463,2026-03-20 19:15:00-04:00,2026-03-20 19:30:00-04:00,39.7995,39.7463,yes
KXHYPE15M-26MAR201915,Target Price: $40.0589,2026-03-20 19:00:00-04:00,2026-03-20 19:15:00-04:00,39.7463,40.0589,no
KXHYPE15M-26MAR201900,Target Price: $39.8622,2026-03-20 18:45:00-04:00,2026-03-20 19:00:00-04:00,40.0589,39.8622,yes
KXHYPE15M-26MAR201845,Target Price: $39.7420,2026-03-20 18:30:00-04:00,2026-03-20 18:45:00-04:00,39.8622,39.742,yes
KXHYPE15M-26MAR201830,Target Price: $39.7193,2026-03-20 18:15:00-04:00,2026-03-20 18:30:00-04:00,39.7420,39.7193,yes
KXHYPE15M-26MAR201815,Target Price: $39.6297,2026-03-20 18:00:00-04:00,2026-03-20 18:15:00-04:00,39.7193,39.6297,yes
KXHYPE15M-26MAR201800,Target Price: $39.4362,2026-03-20 17:45:00-04:00,2026-03-20 18:00:00-04:00,39.6297,39.4362,yes
KXHYPE15M-26MAR201745,Target Price: $39.4459,2026-03-20 17:30:00-04:00,2026-03-20 17:45:00-04:00,39.4362,39.4459,no
KXHYPE15M-26MAR201730,Target Price: $39.1262,2026-03-20 17:15:00-04:00,2026-03-20 17:30:00-04:00,39.4459,39.1262,yes
KXHYPE15M-26MAR201715,Target Price: $39.1456,2026-03-20 17:00:00-04:00,2026-03-20 17:15:00-04:00,39.1262,39.1456,no
KXHYPE15M-26MAR201700,Target Price: $39.0329,2026-03-20 16:45:00-04:00,2026-03-20 17:00:00-04:00,39.1456,39.0329,yes
KXHYPE15M-26MAR201645,Target Price: $39.1182,2026-03-20 16:30:00-04:00,2026-03-20 16:45:00-04:00,39.0329,39.1182,no
KXHYPE15M-26MAR201630,Target Price: $39.5046,2026-03-20 16:15:00-04:00,2026-03-20 16:30:00-04:00,39.1182,39.5046,no
KXHYPE15M-26MAR201615,Target Price: $39.1677,2026-03-20 16:00:00-04:00,2026-03-20 16:15:00-04:00,39.5046,39.1677,yes
KXHYPE15M-26MAR201600,Target Price: $38.8751,2026-03-20 15:45:00-04:00,2026-03-20 16:00:00-04:00,39.1677,38.8751,yes
KXHYPE15M-26MAR201545,Target Price: $38.8050,2026-03-20 15:30:00-04:00,2026-03-20 15:45:00-04:00,38.8751,38.805,yes
KXHYPE15M-26MAR201530,Target Price: $38.8822,2026-03-20 15:15:00-04:00,2026-03-20 15:30:00-04:00,38.8050,38.8822,no
KXHYPE15M-26MAR201515,Target Price: $38.9947,2026-03-20 15:00:00-04:00,2026-03-20 15:15:00-04:00,38.8822,38.9947,no
KXHYPE15M-26MAR201500,Target Price: $38.9474,2026-03-20 14:45:00-04:00,2026-03-20 15:00:00-04:00,38.9947,38.9474,yes
KXHYPE15M-26MAR201445,Target Price: $38.8193,2026-03-20 14:30:00-04:00,2026-03-20 14:45:00-04:00,38.9474,38.8193,yes
KXHYPE15M-26MAR201430,Target Price: $39.0195,2026-03-20 14:15:00-04:00,2026-03-20 14:30:00-04:00,38.8193,39.0195,no
KXHYPE15M-26MAR201415,Target Price: $39.1855,2026-03-20 14:00:00-04:00,2026-03-20 14:15:00-04:00,39.0195,39.1855,no
KXHYPE15M-26MAR201400,Target Price: $39.0209,2026-03-20 13:45:00-04:00,2026-03-20 14:00:00-04:00,39.1855,39.0209,yes
KXHYPE15M-26MAR201345,Target Price: $39.2211,2026-03-20 13:30:00-04:00,2026-03-20 13:45:00-04:00,39.0209,39.2211,no
KXHYPE15M-26MAR201330,Target Price: $39.3113,2026-03-20 13:15:00-04:00,2026-03-20 13:30:00-04:00,39.2211,39.3113,no
KXHYPE15M-26MAR201315,Target Price: $39.4369,2026-03-20 13:00:00-04:00,2026-03-20 13:15:00-04:00,39.3113,39.4369,no
KXHYPE15M-26MAR201300,Target Price: $39.5704,2026-03-20 12:45:00-04:00,2026-03-20 13:00:00-04:00,39.4369,39.5704,no
KXHYPE15M-26MAR201245,Target Price: $39.6556,2026-03-20 12:30:00-04:00,2026-03-20 12:45:00-04:00,39.5704,39.6556,no
KXHYPE15M-26MAR201230,Target Price: $39.5561,2026-03-20 12:15:00-04:00,2026-03-20 12:30:00-04:00,39.6556,39.5561,yes
KXHYPE15M-26MAR201215,Target Price: $39.4947,2026-03-20 12:00:00-04:00,2026-03-20 12:15:00-04:00,39.5561,39.4947,yes
KXHYPE15M-26MAR201200,Target Price: $39.3135,2026-03-20 11:45:00-04:00,2026-03-20 12:00:00-04:00,39.4947,39.3135,yes
KXHYPE15M-26MAR201145,Target Price: $39.2571,2026-03-20 11:30:00-04:00,2026-03-20 11:45:00-04:00,39.3135,39.2571,yes
KXHYPE15M-26MAR201130,Target Price: $39.1279,2026-03-20 11:15:00-04:00,2026-03-20 11:30:00-04:00,39.2571,39.1279,yes
KXHYPE15M-26MAR201115,Target Price: $38.7459,2026-03-20 11:00:00-04:00,2026-03-20 11:15:00-04:00,39.1279,38.7459,yes
KXHYPE15M-26MAR201100,Target Price: $39.1545,2026-03-20 10:45:00-04:00,2026-03-20 11:00:00-04:00,38.7459,39.1545,no
KXHYPE15M-26MAR201045,Target Price: $39.0414,2026-03-20 10:30:00-04:00,2026-03-20 10:45:00-04:00,39.1545,39.0414,yes
KXHYPE15M-26MAR201030,Target Price: $39.1251,2026-03-20 10:15:00-04:00,2026-03-20 10:30:00-04:00,39.0414,39.1251,no
KXHYPE15M-26MAR201015,Target Price: $39.0674,2026-03-20 10:00:00-04:00,2026-03-20 10:15:00-04:00,39.1251,39.0674,yes
KXHYPE15M-26MAR201000,Target Price: $39.3457,2026-03-20 09:45:00-04:00,2026-03-20 10:00:00-04:00,39.0674,39.3457,no
KXHYPE15M-26MAR200945,Target Price: $39.5575,2026-03-20 09:30:00-04:00,2026-03-20 09:45:00-04:00,39.3457,39.5575,no
KXHYPE15M-26MAR200930,Target Price: $39.4863,2026-03-20 09:15:00-04:00,2026-03-20 09:30:00-04:00,39.5575,39.4863,yes
KXHYPE15M-26MAR200915,Target Price: $39.4938,2026-03-20 09:00:00-04:00,2026-03-20 09:15:00-04:00,39.4863,39.4938,no
KXHYPE15M-26MAR200900,Target Price: $39.3236,2026-03-20 08:45:00-04:00,2026-03-20 09:00:00-04:00,39.4938,39.3236,yes
KXHYPE15M-26MAR200845,Target Price: $39.2479,2026-03-20 08:30:00-04:00,2026-03-20 08:45:00-04:00,39.3236,39.2479,yes
KXHYPE15M-26MAR200830,Target Price: $39.5754,2026-03-20 08:15:00-04:00,2026-03-20 08:30:00-04:00,39.2479,39.5754,no
KXHYPE15M-26MAR200815,Target Price: $39.5198,2026-03-20 08:00:00-04:00,2026-03-20 08:15:00-04:00,39.5754,39.5198,yes
KXHYPE15M-26MAR200800,Target Price: $39.4493,2026-03-20 07:45:00-04:00,2026-03-20 08:00:00-04:00,39.5198,39.4493,yes
KXHYPE15M-26MAR200745,Target Price: $39.5036,2026-03-20 07:30:00-04:00,2026-03-20 07:45:00-04:00,39.4493,39.5036,no
KXHYPE15M-26MAR200730,Target Price: $39.8438,2026-03-20 07:15:00-04:00,2026-03-20 07:30:00-04:00,39.5036,39.8438,no
KXHYPE15M-26MAR200715,Target Price: $39.5107,2026-03-20 07:00:00-04:00,2026-03-20 07:15:00-04:00,39.8438,39.5107,yes
KXHYPE15M-26MAR200700,Target Price: $39.7095,2026-03-20 06:45:00-04:00,2026-03-20 07:00:00-04:00,39.5107,39.7095,no
KXHYPE15M-26MAR200645,Target Price: $39.5144,2026-03-20 06:30:00-04:00,2026-03-20 06:45:00-04:00,39.7095,39.5144,yes
KXHYPE15M-26MAR200630,Target Price: $39.3473,2026-03-20 06:15:00-04:00,2026-03-20 06:30:00-04:00,39.5144,39.3473,yes
KXHYPE15M-26MAR200615,Target Price: $39.4706,2026-03-20 06:00:00-04:00,2026-03-20 06:15:00-04:00,39.3473,39.4706,no
KXHYPE15M-26MAR200600,Target Price: $39.7671,2026-03-20 05:45:00-04:00,2026-03-20 06:00:00-04:00,39.4706,39.7671,no
KXHYPE15M-26MAR200545,Target Price: $39.6650,2026-03-20 05:30:00-04:00,2026-03-20 05:45:00-04:00,39.7671,39.665,yes
KXHYPE15M-26MAR200530,Target Price: $39.7513,2026-03-20 05:15:00-04:00,2026-03-20 05:30:00-04:00,39.6650,39.7513,no
KXHYPE15M-26MAR200515,Target Price: $39.9220,2026-03-20 05:00:00-04:00,2026-03-20 05:15:00-04:00,39.7513,39.922,no
KXHYPE15M-26MAR200500,Target Price: $40.0483,2026-03-20 04:45:00-04:00,2026-03-20 05:00:00-04:00,39.9220,40.0483,no
KXHYPE15M-26MAR200445,Target Price: $40.1750,2026-03-20 04:30:00-04:00,2026-03-20 04:45:00-04:00,40.0483,40.175,no
KXHYPE15M-26MAR200430,Target Price: $40.5038,2026-03-20 04:15:00-04:00,2026-03-20 04:30:00-04:00,40.1750,40.5038,no
KXHYPE15M-26MAR200415,Target Price: $40.3305,2026-03-20 04:00:00-04:00,2026-03-20 04:15:00-04:00,40.5038,40.3305,yes
KXHYPE15M-26MAR200400,Target Price: $39.8466,2026-03-20 03:45:00-04:00,2026-03-20 04:00:00-04:00,40.3305,39.8466,yes
KXHYPE15M-26MAR200345,Target Price: $39.6968,2026-03-20 03:30:00-04:00,2026-03-20 03:45:00-04:00,39.8466,39.6968,yes
KXHYPE15M-26MAR200330,Target Price: $39.5093,2026-03-20 03:15:00-04:00,2026-03-20 03:30:00-04:00,39.6968,39.5093,yes
KXHYPE15M-26MAR200315,Target Price: $39.4018,2026-03-20 03:00:00-04:00,2026-03-20 03:15:00-04:00,39.5093,39.4018,yes
KXHYPE15M-26MAR200300,Target Price: $39.3585,2026-03-20 02:45:00-04:00,2026-03-20 03:00:00-04:00,39.4018,39.3585,yes
KXHYPE15M-26MAR200245,Target Price: $39.6379,2026-03-20 02:30:00-04:00,2026-03-20 02:45:00-04:00,39.3585,39.6379,no
KXHYPE15M-26MAR200230,Target Price: $39.6759,2026-03-20 02:15:00-04:00,2026-03-20 02:30:00-04:00,39.6379,39.6759,no
KXHYPE15M-26MAR200215,Target Price: $39.9119,2026-03-20 02:00:00-04:00,2026-03-20 02:15:00-04:00,39.6759,39.9119,no
KXHYPE15M-26MAR200200,Target Price: $39.8199,2026-03-20 01:45:00-04:00,2026-03-20 02:00:00-04:00,39.9119,39.8199,yes
KXHYPE15M-26MAR200145,Target Price: $39.7116,2026-03-20 01:30:00-04:00,2026-03-20 01:45:00-04:00,39.8199,39.7116,yes
KXHYPE15M-26MAR200130,Target Price: $39.6641,2026-03-20 01:15:00-04:00,2026-03-20 01:30:00-04:00,39.7116,39.6641,yes
KXHYPE15M-26MAR200115,Target Price: $39.6584,2026-03-20 01:00:00-04:00,2026-03-20 01:15:00-04:00,39.6641,39.6584,yes
KXHYPE15M-26MAR200100,Target Price: $39.6879,2026-03-20 00:45:00-04:00,2026-03-20 01:00:00-04:00,39.6584,39.6879,no
KXHYPE15M-26MAR200045,Target Price: $39.9629,2026-03-20 00:30:00-04:00,2026-03-20 00:45:00-04:00,39.6879,39.9629,no
KXHYPE15M-26MAR200030,Target Price: $40.0480,2026-03-20 00:15:00-04:00,2026-03-20 00:30:00-04:00,39.9629,40.048,no
KXHYPE15M-26MAR200015,Target Price: $39.8987,2026-03-20 00:00:00-04:00,2026-03-20 00:15:00-04:00,40.0480,39.8987,yes
KXHYPE15M-26MAR200000,Target Price: $39.6673,2026-03-19 23:45:00-04:00,2026-03-20 00:00:00-04:00,39.8987,39.6673,yes
KXHYPE15M-26MAR192345,Target Price: $39.4463,2026-03-19 23:30:00-04:00,2026-03-19 23:45:00-04:00,39.6673,39.4463,yes
KXHYPE15M-26MAR192330,Target Price: $39.5246,2026-03-19 23:15:00-04:00,2026-03-19 23:30:00-04:00,39.4463,39.5246,no
KXHYPE15M-26MAR192315,Target Price: $39.6522,2026-03-19 23:00:00-04:00,2026-03-19 23:15:00-04:00,39.5246,39.6522,no
KXHYPE15M-26MAR192300,Target Price: $39.8663,2026-03-19 22:45:00-04:00,2026-03-19 23:00:00-04:00,39.6522,39.8663,no
KXHYPE15M-26MAR192245,Target Price: $39.7992,2026-03-19 22:30:00-04:00,2026-03-19 22:45:00-04:00,39.8663,39.7992,yes
KXHYPE15M-26MAR192230,Target Price: $39.9892,2026-03-19 22:15:00-04:00,2026-03-19 22:30:00-04:00,39.7992,39.9892,no
KXHYPE15M-26MAR192215,Target Price: $39.7845,2026-03-19 22:00:00-04:00,2026-03-19 22:15:00-04:00,39.9892,39.7845,yes
KXHYPE15M-26MAR192200,Target Price: $40.1415,2026-03-19 21:45:00-04:00,2026-03-19 22:00:00-04:00,39.7845,40.1415,no
KXHYPE15M-26MAR192145,Target Price: $40.0520,2026-03-19 21:30:00-04:00,2026-03-19 21:45:00-04:00,40.1415,40.052,yes
KXHYPE15M-26MAR192130,Target Price: $40.0816,2026-03-19 21:15:00-04:00,2026-03-19 21:30:00-04:00,40.0520,40.0816,no
KXHYPE15M-26MAR192115,Price to beat: $39.9931,2026-03-19 21:00:00-04:00,2026-03-19 21:15:00-04:00,40.0816,39.9932,yes
KXHYPE15M-26MAR192100,Price to beat: $39.8935,2026-03-19 20:45:00-04:00,2026-03-19 21:00:00-04:00,39.9932,39.8936,yes
KXHYPE15M-26MAR192045,Price to beat: $39.8041,2026-03-19 20:30:00-04:00,2026-03-19 20:45:00-04:00,39.8936,39.8042,yes
KXHYPE15M-26MAR192030,Price to beat: $39.5063,2026-03-19 20:15:00-04:00,2026-03-19 20:30:00-04:00,39.8042,39.5064,yes
KXHYPE15M-26MAR192015,Price to beat: $39.3536,2026-03-19 20:00:00-04:00,2026-03-19 20:15:00-04:00,39.5064,39.3537,yes
KXHYPE15M-26MAR192000,Price to beat: $39.2013,2026-03-19 19:45:00-04:00,2026-03-19 20:00:00-04:00,39.3537,39.2014,yes
KXHYPE15M-26MAR191945,Price to beat: $39.3632,2026-03-19 19:30:00-04:00,2026-03-19 19:45:00-04:00,39.2014,39.3633,no
KXHYPE15M-26MAR191930,Price to beat: $39.3630,2026-03-19 19:15:00-04:00,2026-03-19 19:30:00-04:00,39.3633,39.3631,yes
KXHYPE15M-26MAR191915,Price to beat: $39.3280,2026-03-19 19:00:00-04:00,2026-03-19 19:15:00-04:00,39.3631,39.3281,yes
KXHYPE15M-26MAR191900,Price to beat: $39.3877,2026-03-19 18:45:00-04:00,2026-03-19 19:00:00-04:00,39.3281,39.3878,no
KXHYPE15M-26MAR191845,Price to beat: $39.5541,2026-03-19 18:30:00-04:00,2026-03-19 18:45:00-04:00,39.3878,39.5542,no
KXHYPE15M-26MAR191830,Price to beat: $39.0899,2026-03-19 18:15:00-04:00,2026-03-19 18:30:00-04:00,39.5542,39.09,yes
KXHYPE15M-26MAR191815,Price to beat: $39.2700,2026-03-19 18:00:00-04:00,2026-03-19 18:15:00-04:00,39.0900,39.2701,no
KXHYPE15M-26MAR191800,Price to beat: $39.1485,2026-03-19 17:45:00-04:00,2026-03-19 18:00:00-04:00,39.2701,39.1486,yes
KXHYPE15M-26MAR191745,Price to beat: $39.2074,2026-03-19 17:30:00-04:00,2026-03-19 17:45:00-04:00,39.1486,39.2075,no
KXHYPE15M-26MAR191730,Price to beat: $39.5953,2026-03-19 17:15:00-04:00,2026-03-19 17:30:00-04:00,39.2075,39.5954,no
KXHYPE15M-26MAR191715,Price to beat: $39.4804,2026-03-19 17:00:00-04:00,2026-03-19 17:15:00-04:00,39.5954,39.4805,yes
KXHYPE15M-26MAR191700,Price to beat: $39.8308,2026-03-19 16:45:00-04:00,2026-03-19 17:00:00-04:00,39.4805,39.8309,no
KXHYPE15M-26MAR191645,Price to beat: $39.7030,2026-03-19 16:30:00-04:00,2026-03-19 16:45:00-04:00,39.8309,39.7031,yes
KXHYPE15M-26MAR191630,Price to beat: $39.8931,2026-03-19 16:15:00-04:00,2026-03-19 16:30:00-04:00,39.7031,39.8932,no
KXHYPE15M-26MAR191615,Price to beat: $39.7972,2026-03-19 16:00:00-04:00,2026-03-19 16:15:00-04:00,39.8932,39.7973,yes
KXHYPE15M-26MAR191600,Price to beat: $40.2699,2026-03-19 15:45:00-04:00,2026-03-19 16:00:00-04:00,39.7973,40.27,no
KXHYPE15M-26MAR191545,Price to beat: $40.1982,2026-03-19 15:30:00-04:00,2026-03-19 15:45:00-04:00,40.2700,40.1983,yes
KXHYPE15M-26MAR191530,Price to beat: $40.3100,2026-03-19 15:15:00-04:00,2026-03-19 15:30:00-04:00,40.1983,40.3101,no
KXHYPE15M-26MAR191515,Price to beat: $39.9757,2026-03-19 15:00:00-04:00,2026-03-19 15:15:00-04:00,40.3101,39.9758,yes
KXHYPE15M-26MAR191500,Price to beat: $39.7600,2026-03-19 14:45:00-04:00,2026-03-19 15:00:00-04:00,39.9758,39.7601,yes
KXHYPE15M-26MAR191445,Price to beat: $39.7754,2026-03-19 14:30:00-04:00,2026-03-19 14:45:00-04:00,39.7601,39.7755,no
KXHYPE15M-26MAR191430,Price to beat: $40.0329,2026-03-19 14:15:00-04:00,2026-03-19 14:30:00-04:00,39.7755,40.033,no
KXHYPE15M-26MAR191415,Price to beat: $40.0801,2026-03-19 14:00:00-04:00,2026-03-19 14:15:00-04:00,40.0330,40.0802,no
KXHYPE15M-26MAR191400,Price to beat: $39.7495,2026-03-19 13:45:00-04:00,2026-03-19 14:00:00-04:00,40.0802,39.7496,yes
KXHYPE15M-26MAR191345,Price to beat: $39.8416,2026-03-19 13:30:00-04:00,2026-03-19 13:45:00-04:00,39.7496,39.8417,no
KXHYPE15M-26MAR191330,Price to beat: $39.1213,2026-03-19 13:15:00-04:00,2026-03-19 13:30:00-04:00,39.8417,39.1214,yes
KXHYPE15M-26MAR191315,Price to beat: $39.3678,2026-03-19 13:00:00-04:00,2026-03-19 13:15:00-04:00,39.1214,39.3679,no
KXHYPE15M-26MAR191300,Price to beat: $39.4151,2026-03-19 12:45:00-04:00,2026-03-19 13:00:00-04:00,39.3679,39.4152,no
KXHYPE15M-26MAR191245,Price to beat: $39.5622,2026-03-19 12:30:00-04:00,2026-03-19 12:45:00-04:00,39.4152,39.5623,no
KXHYPE15M-26MAR191230,Price to beat: $39.5417,2026-03-19 12:15:00-04:00,2026-03-19 12:30:00-04:00,39.5623,39.5418,yes
KXHYPE15M-26MAR191215,Price to beat: $39.6214,2026-03-19 12:00:00-04:00,2026-03-19 12:15:00-04:00,39.5418,39.6215,no
KXHYPE15M-26MAR191200,Price to beat: $39.1695,2026-03-19 11:45:00-04:00,2026-03-19 12:00:00-04:00,39.6215,39.1696,yes
KXHYPE15M-26MAR191145,Price to beat: $39.4114,2026-03-19 11:30:00-04:00,2026-03-19 11:45:00-04:00,39.1696,39.4115,no
KXHYPE15M-26MAR191130,Price to beat: $39.4349,2026-03-19 11:15:00-04:00,2026-03-19 11:30:00-04:00,39.4115,39.435,no
KXHYPE15M-26MAR191115,Price to beat: $39.5143,2026-03-19 11:00:00-04:00,2026-03-19 11:15:00-04:00,39.4350,39.5144,no
KXHYPE15M-26MAR191100,Price to beat: $39.0819,2026-03-19 10:45:00-04:00,2026-03-19 11:00:00-04:00,39.5144,39.082,yes
KXHYPE15M-26MAR191045,Price to beat: $39.0494,2026-03-19 10:30:00-04:00,2026-03-19 10:45:00-04:00,39.0820,39.0495,yes
KXHYPE15M-26MAR191030,Price to beat: $39.3548,2026-03-19 10:15:00-04:00,2026-03-19 10:30:00-04:00,39.0495,39.3549,no
KXHYPE15M-26MAR191015,Price to beat: $39.4613,2026-03-19 10:00:00-04:00,2026-03-19 10:15:00-04:00,39.3549,39.4614,no
KXHYPE15M-26MAR191000,Price to beat: $39.2112,2026-03-19 09:45:00-04:00,2026-03-19 10:00:00-04:00,39.4614,39.2113,yes
KXHYPE15M-26MAR190945,Price to beat: $38.8028,2026-03-19 09:30:00-04:00,2026-03-19 09:45:00-04:00,39.2113,38.8029,yes
KXHYPE15M-26MAR190930,Price to beat: $38.7174,2026-03-19 09:15:00-04:00,2026-03-19 09:30:00-04:00,38.8029,38.7175,yes
KXHYPE15M-26MAR190915,Price to beat: $38.8847,2026-03-19 09:00:00-04:00,2026-03-19 09:15:00-04:00,38.7175,38.8848,no
KXHYPE15M-26MAR190900,Price to beat: $39.3001,2026-03-19 08:45:00-04:00,2026-03-19 09:00:00-04:00,38.8848,39.3002,no
KXHYPE15M-26MAR190845,Price to beat: $39.1132,2026-03-19 08:30:00-04:00,2026-03-19 08:45:00-04:00,39.3002,39.1133,yes
KXHYPE15M-26MAR190830,Price to beat: $39.3551,2026-03-19 08:15:00-04:00,2026-03-19 08:30:00-04:00,39.1133,39.3552,no
KXHYPE15M-26MAR190815,Price to beat: $39.4818,2026-03-19 08:00:00-04:00,2026-03-19 08:15:00-04:00,39.3552,39.4819,no
KXHYPE15M-26MAR190800,Price to beat: $39.6888,2026-03-19 07:45:00-04:00,2026-03-19 08:00:00-04:00,39.4819,39.6889,no
KXHYPE15M-26MAR190745,Price to beat: $39.8669,2026-03-19 07:30:00-04:00,2026-03-19 07:45:00-04:00,39.6889,39.867,no
KXHYPE15M-26MAR190730,Price to beat: $39.7113,2026-03-19 07:15:00-04:00,2026-03-19 07:30:00-04:00,39.8670,39.7114,yes
KXHYPE15M-26MAR190715,Price to beat: $39.6008,2026-03-19 07:00:00-04:00,2026-03-19 07:15:00-04:00,39.7114,39.6009,yes
KXHYPE15M-26MAR190700,Price to beat: $39.7169,2026-03-19 06:45:00-04:00,2026-03-19 07:00:00-04:00,39.6009,39.717,no
KXHYPE15M-26MAR190645,Price to beat: $39.9387,2026-03-19 06:30:00-04:00,2026-03-19 06:45:00-04:00,39.7170,39.9388,no
KXHYPE15M-26MAR190630,Price to beat: $39.9493,2026-03-19 06:15:00-04:00,2026-03-19 06:30:00-04:00,39.9388,39.9494,no
KXHYPE15M-26MAR190615,Price to beat: $39.8363,2026-03-19 06:00:00-04:00,2026-03-19 06:15:00-04:00,39.9494,39.8364,yes
KXHYPE15M-26MAR190600,Price to beat: $39.6213,2026-03-19 05:45:00-04:00,2026-03-19 06:00:00-04:00,39.8364,39.6214,yes
KXHYPE15M-26MAR190545,Price to beat: $39.5818,2026-03-19 05:30:00-04:00,2026-03-19 05:45:00-04:00,39.6214,39.5819,yes
KXHYPE15M-26MAR190530,Price to beat: $39.3371,2026-03-19 05:15:00-04:00,2026-03-19 05:30:00-04:00,39.5819,39.3372,yes
KXHYPE15M-26MAR190515,Price to beat: $39.6899,2026-03-19 05:00:00-04:00,2026-03-19 05:15:00-04:00,39.3372,39.69,no
KXHYPE15M-26MAR190200,Target Price: $41.3114,2026-03-19 01:45:00-04:00,2026-03-19 02:00:00-04:00,41.3234,41.3114,yes
KXHYPE15M-26MAR190145,Price to beat: $41.1016,2026-03-19 01:30:00-04:00,2026-03-19 01:45:00-04:00,41.3114,41.1017,yes
KXHYPE15M-26MAR190130,Price to beat: $41.2694,2026-03-19 01:15:00-04:00,2026-03-19 01:30:00-04:00,41.1017,41.2695,no
KXHYPE15M-26MAR190115,Price to beat: $41.0122,2026-03-19 01:00:00-04:00,2026-03-19 01:15:00-04:00,41.2695,41.0123,yes
KXHYPE15M-26MAR190100,Price to beat: $41.1749,2026-03-19 00:45:00-04:00,2026-03-19 01:00:00-04:00,41.0123,41.175,no
KXHYPE15M-26MAR190045,Price to beat: $41.1262,2026-03-19 00:30:00-04:00,2026-03-19 00:45:00-04:00,41.1750,41.1263,yes
KXHYPE15M-26MAR190030,Price to beat: $41.4365,2026-03-19 00:15:00-04:00,2026-03-19 00:30:00-04:00,41.1263,41.4366,no
KXHYPE15M-26MAR190015,Price to beat: $41.5347,2026-03-19 00:00:00-04:00,2026-03-19 00:15:00-04:00,41.4366,41.5348,no
KXHYPE15M-26MAR190000,Price to beat: $41.3879,2026-03-18 23:45:00-04:00,2026-03-19 00:00:00-04:00,41.5348,41.388,yes
KXHYPE15M-26MAR182345,Price to beat: $41.7538,2026-03-18 23:30:00-04:00,2026-03-18 23:45:00-04:00,41.3880,41.7539,no
KXHYPE15M-26MAR182330,Price to beat: $41.3108,2026-03-18 23:15:00-04:00,2026-03-18 23:30:00-04:00,41.7539,41.3109,yes
KXHYPE15M-26MAR182315,Price to beat: $41.3360,2026-03-18 23:00:00-04:00,2026-03-18 23:15:00-04:00,41.3109,41.3361,no
KXHYPE15M-26MAR182300,Price to beat: $41.3829,2026-03-18 22:45:00-04:00,2026-03-18 23:00:00-04:00,41.3361,41.383,no
KXHYPE15M-26MAR182245,Price to beat: $41.3588,2026-03-18 22:30:00-04:00,2026-03-18 22:45:00-04:00,41.3830,41.3589,yes
KXHYPE15M-26MAR182230,Price to beat: $41.3461,2026-03-18 22:15:00-04:00,2026-03-18 22:30:00-04:00,41.3589,41.3462,yes
KXHYPE15M-26MAR182215,Price to beat: $41.2395,2026-03-18 22:00:00-04:00,2026-03-18 22:15:00-04:00,41.3462,41.2396,yes
KXHYPE15M-26MAR182200,Price to beat: $41.3860,2026-03-18 21:45:00-04:00,2026-03-18 22:00:00-04:00,41.2396,41.3861,no
KXHYPE15M-26MAR182145,Price to beat: $41.6383,2026-03-18 21:30:00-04:00,2026-03-18 21:45:00-04:00,41.3861,41.6384,no
KXHYPE15M-26MAR182130,Price to beat: $41.5293,2026-03-18 21:15:00-04:00,2026-03-18 21:30:00-04:00,41.6384,41.5294,yes
KXHYPE15M-26MAR182115,Price to beat: $41.5320,2026-03-18 21:00:00-04:00,2026-03-18 21:15:00-04:00,41.5294,41.5321,no
KXHYPE15M-26MAR182100,Price to beat: $42.2403,2026-03-18 20:45:00-04:00,2026-03-18 21:00:00-04:00,41.5321,42.2404,no
KXHYPE15M-26MAR182045,Price to beat: $42.0661,2026-03-18 20:30:00-04:00,2026-03-18 20:45:00-04:00,42.2404,42.0662,yes
KXHYPE15M-26MAR182030,Price to beat: $41.8864,2026-03-18 20:15:00-04:00,2026-03-18 20:30:00-04:00,42.0662,41.8865,yes
KXHYPE15M-26MAR182015,Price to beat: $42.1230,2026-03-18 20:00:00-04:00,2026-03-18 20:15:00-04:00,41.8865,42.1231,no
KXHYPE15M-26MAR182000,Price to beat: $42.1227,2026-03-18 19:45:00-04:00,2026-03-18 20:00:00-04:00,42.1231,42.1228,yes
KXHYPE15M-26MAR181945,Price to beat: $41.9101,2026-03-18 19:30:00-04:00,2026-03-18 19:45:00-04:00,42.1228,41.9102,yes
KXHYPE15M-26MAR181930,Price to beat: $41.8846,2026-03-18 19:15:00-04:00,2026-03-18 19:30:00-04:00,41.9102,41.8847,yes
KXHYPE15M-26MAR181915,Price to beat: $41.8697,2026-03-18 19:00:00-04:00,2026-03-18 19:15:00-04:00,41.8847,41.8698,yes
KXHYPE15M-26MAR181900,Price to beat: $41.8082,2026-03-18 18:45:00-04:00,2026-03-18 19:00:00-04:00,41.8698,41.8083,yes
KXHYPE15M-26MAR181845,Price to beat: $41.8472,2026-03-18 18:30:00-04:00,2026-03-18 18:45:00-04:00,41.8083,41.8473,no
KXHYPE15M-26MAR181830,Price to beat: $42.1155,2026-03-18 18:15:00-04:00,2026-03-18 18:30:00-04:00,41.8473,42.1156,no
KXHYPE15M-26MAR181815,Price to beat: $42.4644,2026-03-18 18:00:00-04:00,2026-03-18 18:15:00-04:00,42.1156,42.4645,no
KXHYPE15M-26MAR181800,Price to beat: $42.6129,2026-03-18 17:45:00-04:00,2026-03-18 18:00:00-04:00,42.4645,42.613,no
KXHYPE15M-26MAR181745,Price to beat: $42.6558,2026-03-18 17:30:00-04:00,2026-03-18 17:45:00-04:00,42.6130,42.6559,no
KXHYPE15M-26MAR181730,Price to beat: $42.9848,2026-03-18 17:15:00-04:00,2026-03-18 17:30:00-04:00,42.6559,42.9849,no
KXHYPE15M-26MAR181715,Price to beat: $42.6339,2026-03-18 17:00:00-04:00,2026-03-18 17:15:00-04:00,42.9849,42.634,yes
KXHYPE15M-26MAR181700,Price to beat: $42.7533,2026-03-18 16:45:00-04:00,2026-03-18 17:00:00-04:00,42.6340,42.7534,no
KXHYPE15M-26MAR181645,Price to beat: $42.7227,2026-03-18 16:30:00-04:00,2026-03-18 16:45:00-04:00,42.7534,42.7228,yes
KXHYPE15M-26MAR181630,Price to beat: $42.1635,2026-03-18 16:15:00-04:00,2026-03-18 16:30:00-04:00,42.7228,42.1636,yes
KXHYPE15M-26MAR181615,Price to beat: $42.5388,2026-03-18 16:00:00-04:00,2026-03-18 16:15:00-04:00,42.1636,42.5389,no
