event_ticker,yes_sub_title,open_time,close_time,expiration_value,floor_strike,result
KXSILVER15M-26AUG280000,Target price: TBD,2026-08-27 23:45:00-04:00,2026-08-28 00:00:00-04:00,,,
KXSILVER15M-26AUG272345,Target price: TBD,2026-08-27 23:30:00-04:00,2026-08-27 23:45:00-04:00,,,
KXSILVER15M-26AUG272330,Target price: TBD,2026-08-27 23:15:00-04:00,2026-08-27 23:30:00-04:00,,,
KXSILVER15M-26AUG272315,Target price: TBD,2026-08-27 23:00:00-04:00,2026-08-27 23:15:00-04:00,,,
KXSILVER15M-26AUG272300,Target price: TBD,2026-08-27 22:45:00-04:00,2026-08-27 23:00:00-04:00,,,
KXSILVER15M-26AUG272245,Target price: TBD,2026-08-27 22:30:00-04:00,2026-08-27 22:45:00-04:00,,,
KXSILVER15M-26AUG272230,Target price: TBD,2026-08-27 22:15:00-04:00,2026-08-27 22:30:00-04:00,,,
KXSILVER15M-26AUG272215,Target price: TBD,2026-08-27 22:00:00-04:00,2026-08-27 22:15:00-04:00,,,
KXSILVER15M-26AUG272200,Target price: TBD,2026-08-27 21:45:00-04:00,2026-08-27 22:00:00-04:00,,,
KXSILVER15M-26AUG272145,Target price: TBD,2026-08-27 21:30:00-04:00,2026-08-27 21:45:00-04:00,,,
KXSILVER15M-26AUG272130,Target price: TBD,2026-08-27 21:15:00-04:00,2026-08-27 21:30:00-04:00,,,
KXSILVER15M-26AUG272115,Target price: TBD,2026-08-27 21:00:00-04:00,2026-08-27 21:15:00-04:00,,,
KXSILVER15M-26AUG272100,Target price: TBD,2026-08-27 20:45:00-04:00,2026-08-27 21:00:00-04:00,,,
KXSILVER15M-26AUG272045,Target price: TBD,2026-08-27 20:30:00-04:00,2026-08-27 20:45:00-04:00,,,
KXSILVER15M-26AUG272030,Target price: TBD,2026-08-27 20:15:00-04:00,2026-08-27 20:30:00-04:00,,,
KXSILVER15M-26AUG272015,Target price: TBD,2026-08-27 20:00:00-04:00,2026-08-27 20:15:00-04:00,,,
KXSILVER15M-26AUG272000,Target price: TBD,2026-08-27 19:45:00-04:00,2026-08-27 20:00:00-04:00,,,
KXSILVER15M-26AUG271945,Target price: TBD,2026-08-27 19:30:00-04:00,2026-08-27 19:45:00-04:00,,,
KXSILVER15M-26AUG271930,Target price: TBD,2026-08-27 19:15:00-04:00,2026-08-27 19:30:00-04:00,,,
KXSILVER15M-26AUG271915,Target price: TBD,2026-08-27 19:00:00-04:00,2026-08-27 19:15:00-04:00,,,
KXSILVER15M-26AUG271900,Target price: TBD,2026-08-27 18:45:00-04:00,2026-08-27 19:00:00-04:00,,,
KXSILVER15M-26AUG271845,Target price: TBD,2026-08-27 18:30:00-04:00,2026-08-27 18:45:00-04:00,,,
KXSILVER15M-26AUG271830,Target price: TBD,2026-08-27 18:15:00-04:00,2026-08-27 18:30:00-04:00,,,
KXSILVER15M-26AUG271815,Target price: TBD,2026-08-27 18:00:00-04:00,2026-08-27 18:15:00-04:00,,,
KXSILVER15M-26AUG271800,Target price: TBD,2026-08-27 17:45:00-04:00,2026-08-27 18:00:00-04:00,,,
KXSILVER15M-26AUG271745,Target price: TBD,2026-08-27 17:30:00-04:00,2026-08-27 17:45:00-04:00,,,
KXSILVER15M-26AUG271730,Target price: TBD,2026-08-27 17:15:00-04:00,2026-08-27 17:30:00-04:00,,,
KXSILVER15M-26AUG271715,Target price: TBD,2026-08-27 17:00:00-04:00,2026-08-27 17:15:00-04:00,,,
KXSILVER15M-26AUG271700,Target price: TBD,2026-08-27 16:45:00-04:00,2026-08-27 17:00:00-04:00,,,
KXSILVER15M-26AUG271645,Target price: TBD,2026-08-27 16:30:00-04:00,2026-08-27 16:45:00-04:00,,,
KXSILVER15M-26AUG271630,Target price: TBD,2026-08-27 16:15:00-04:00,2026-08-27 16:30:00-04:00,,,
KXSILVER15M-26AUG271615,Target price: TBD,2026-08-27 16:00:00-04:00,2026-08-27 16:15:00-04:00,,,
KXSILVER15M-26AUG271600,Target price: TBD,2026-08-27 15:45:00-04:00,2026-08-27 16:00:00-04:00,,,
KXSILVER15M-26AUG271545,Target price: TBD,2026-08-27 15:30:00-04:00,2026-08-27 15:45:00-04:00,,,
KXSILVER15M-26AUG271530,Target price: TBD,2026-08-27 15:15:00-04:00,2026-08-27 15:30:00-04:00,,,
KXSILVER15M-26AUG271515,Target price: TBD,2026-08-27 15:00:00-04:00,2026-08-27 15:15:00-04:00,,,
KXSILVER15M-26AUG271500,Target price: TBD,2026-08-27 14:45:00-04:00,2026-08-27 15:00:00-04:00,,,
KXSILVER15M-26AUG271445,Target price: TBD,2026-08-27 14:30:00-04:00,2026-08-27 14:45:00-04:00,,,
KXSILVER15M-26AUG271430,Target price: TBD,2026-08-27 14:15:00-04:00,2026-08-27 14:30:00-04:00,,,
KXSILVER15M-26AUG271415,Target price: TBD,2026-08-27 14:00:00-04:00,2026-08-27 14:15:00-04:00,,,
KXSILVER15M-26AUG271400,Target price: TBD,2026-08-27 13:45:00-04:00,2026-08-27 14:00:00-04:00,,,
KXSILVER15M-26AUG271345,Target price: TBD,2026-08-27 13:30:00-04:00,2026-08-27 13:45:00-04:00,,,
KXSILVER15M-26AUG271330,Target price: TBD,2026-08-27 13:15:00-04:00,2026-08-27 13:30:00-04:00,,,
KXSILVER15M-26AUG271315,Target price: TBD,2026-08-27 13:00:00-04:00,2026-08-27 13:15:00-04:00,,,
KXSILVER15M-26AUG271300,Target price: TBD,2026-08-27 12:45:00-04:00,2026-08-27 13:00:00-04:00,,,
KXSILVER15M-26AUG271245,Target price: TBD,2026-08-27 12:30:00-04:00,2026-08-27 12:45:00-04:00,,,
KXSILVER15M-26AUG271230,Target price: TBD,2026-08-27 12:15:00-04:00,2026-08-27 12:30:00-04:00,,,
KXSILVER15M-26AUG271215,Target price: TBD,2026-08-27 12:00:00-04:00,2026-08-27 12:15:00-04:00,,,
KXSILVER15M-26AUG271200,Target price: TBD,2026-08-27 11:45:00-04:00,2026-08-27 12:00:00-04:00,,,
KXSILVER15M-26AUG271145,Target price: TBD,2026-08-27 11:30:00-04:00,2026-08-27 11:45:00-04:00,,,
KXSILVER15M-26AUG271130,Target price: TBD,2026-08-27 11:15:00-04:00,2026-08-27 11:30:00-04:00,,,
KXSILVER15M-26AUG271115,Target price: TBD,2026-08-27 11:00:00-04:00,2026-08-27 11:15:00-04:00,,,
KXSILVER15M-26AUG271100,Target Price: $68.712,2026-08-27 10:45:00-04:00,2026-08-27 11:00:00-04:00,,68.712,
KXSILVER15M-26AUG271045,Target Price: $68.345,2026-08-27 10:30:00-04:00,2026-08-27 10:45:00-04:00,68.712,68.345,yes
KXSILVER15M-26AUG271030,Target Price: $68.150,2026-08-27 10:15:00-04:00,2026-08-27 10:30:00-04:00,68.345,68.15,yes
KXSILVER15M-26AUG271015,Target Price: $67.970,2026-08-27 10:00:00-04:00,2026-08-27 10:15:00-04:00,68.150,67.97,yes
KXSILVER15M-26AUG271000,Target Price: $67.915,2026-08-27 09:45:00-04:00,2026-08-27 10:00:00-04:00,67.970,67.915,yes
KXSILVER15M-26AUG270945,Target Price: $68.270,2026-08-27 09:30:00-04:00,2026-08-27 09:45:00-04:00,67.915,68.27,no
KXSILVER15M-26AUG270930,Target Price: $68.111,2026-08-27 09:15:00-04:00,2026-08-27 09:30:00-04:00,68.270,68.111,yes
KXSILVER15M-26AUG270915,Target Price: $68.035,2026-08-27 09:00:00-04:00,2026-08-27 09:15:00-04:00,68.111,68.035,yes
KXSILVER15M-26AUG270900,Target Price: $68.026,2026-08-27 08:45:00-04:00,2026-08-27 09:00:00-04:00,68.035,68.026,yes
KXSILVER15M-26AUG270845,Target Price: $68.407,2026-08-27 08:30:00-04:00,2026-08-27 08:45:00-04:00,68.026,68.407,no
KXSILVER15M-26AUG270830,Target Price: $68.169,2026-08-27 08:15:00-04:00,2026-08-27 08:30:00-04:00,68.407,68.169,yes
KXSILVER15M-26AUG270815,Target Price: $68.304,2026-08-27 08:00:00-04:00,2026-08-27 08:15:00-04:00,68.169,68.304,no
KXSILVER15M-26AUG270800,Target Price: $68.359,2026-08-27 07:45:00-04:00,2026-08-27 08:00:00-04:00,68.304,68.359,no
KXSILVER15M-26AUG270745,Target Price: $68.402,2026-08-27 07:30:00-04:00,2026-08-27 07:45:00-04:00,68.359,68.402,no
KXSILVER15M-26AUG270730,Target Price: $68.380,2026-08-27 07:15:00-04:00,2026-08-27 07:30:00-04:00,68.402,68.38,yes
KXSILVER15M-26AUG270715,Target Price: $68.469,2026-08-27 07:00:00-04:00,2026-08-27 07:15:00-04:00,68.380,68.469,no
KXSILVER15M-26AUG270700,Target Price: $68.333,2026-08-27 06:45:00-04:00,2026-08-27 07:00:00-04:00,68.469,68.333,yes
KXSILVER15M-26AUG270645,Target Price: $68.246,2026-08-27 06:30:00-04:00,2026-08-27 06:45:00-04:00,68.333,68.246,yes
KXSILVER15M-26AUG270630,Target Price: $68.197,2026-08-27 06:15:00-04:00,2026-08-27 06:30:00-04:00,68.246,68.197,yes
KXSILVER15M-26AUG270615,Target Price: $68.181,2026-08-27 06:00:00-04:00,2026-08-27 06:15:00-04:00,68.197,68.181,yes
KXSILVER15M-26AUG270600,Target Price: $68.299,2026-08-27 05:45:00-04:00,2026-08-27 06:00:00-04:00,68.181,68.299,no
KXSILVER15M-26AUG270545,Target Price: $68.423,2026-08-27 05:30:00-04:00,2026-08-27 05:45:00-04:00,68.299,68.423,no
KXSILVER15M-26AUG270530,Target Price: $68.371,2026-08-27 05:15:00-04:00,2026-08-27 05:30:00-04:00,68.423,68.371,yes
KXSILVER15M-26AUG270515,Target Price: $68.533,2026-08-27 05:00:00-04:00,2026-08-27 05:15:00-04:00,68.371,68.533,no
KXSILVER15M-26AUG270300,Target Price: $68.654,2026-08-27 02:45:00-04:00,2026-08-27 03:00:00-04:00,68.625,68.654,no
KXSILVER15M-26AUG270245,Target Price: $68.776,2026-08-27 02:30:00-04:00,2026-08-27 02:45:00-04:00,68.654,68.776,no
KXSILVER15M-26AUG270230,Target Price: $68.755,2026-08-27 02:15:00-04:00,2026-08-27 02:30:00-04:00,68.776,68.755,yes
KXSILVER15M-26AUG270215,Target Price: $68.686,2026-08-27 02:00:00-04:00,2026-08-27 02:15:00-04:00,68.755,68.686,yes
KXSILVER15M-26AUG270200,Target Price: $68.621,2026-08-27 01:45:00-04:00,2026-08-27 02:00:00-04:00,68.686,68.621,yes
KXSILVER15M-26AUG270145,Target Price: $68.968,2026-08-27 01:30:00-04:00,2026-08-27 01:45:00-04:00,68.621,68.968,no
KXSILVER15M-26AUG270130,Target Price: $69.073,2026-08-27 01:15:00-04:00,2026-08-27 01:30:00-04:00,68.968,69.073,no
KXSILVER15M-26AUG270115,Target Price: $69.004,2026-08-27 01:00:00-04:00,2026-08-27 01:15:00-04:00,69.073,69.004,yes
KXSILVER15M-26AUG270100,Target Price: $68.980,2026-08-27 00:45:00-04:00,2026-08-27 01:00:00-04:00,69.004,68.98,yes
KXSILVER15M-26AUG270045,Target Price: $68.985,2026-08-27 00:30:00-04:00,2026-08-27 00:45:00-04:00,68.980,68.985,no
KXSILVER15M-26AUG270030,Target Price: $69.097,2026-08-27 00:15:00-04:00,2026-08-27 00:30:00-04:00,68.985,69.097,no
KXSILVER15M-26AUG270015,Target Price: $69.064,2026-08-27 00:00:00-04:00,2026-08-27 00:15:00-04:00,69.097,69.064,yes
KXSILVER15M-26AUG270000,Target Price: $69.253,2026-08-26 23:45:00-04:00,2026-08-27 00:00:00-04:00,69.064,69.253,no
KXSILVER15M-26AUG262345,Target Price: $69.337,2026-08-26 23:30:00-04:00,2026-08-26 23:45:00-04:00,69.253,69.337,no
KXSILVER15M-26AUG262330,Target Price: $69.378,2026-08-26 23:15:00-04:00,2026-08-26 23:30:00-04:00,69.337,69.378,no
KXSILVER15M-26AUG262315,Target Price: $69.210,2026-08-26 23:00:00-04:00,2026-08-26 23:15:00-04:00,69.378,69.21,yes
KXSILVER15M-26AUG262300,Target Price: $69.141,2026-08-26 22:45:00-04:00,2026-08-26 23:00:00-04:00,69.210,69.141,yes
KXSILVER15M-26AUG262245,Target Price: $69.411,2026-08-26 22:30:00-04:00,2026-08-26 22:45:00-04:00,69.141,69.411,no
KXSILVER15M-26AUG262230,Target Price: $69.517,2026-08-26 22:15:00-04:00,2026-08-26 22:30:00-04:00,69.411,69.517,no
KXSILVER15M-26AUG262215,Target Price: $69.559,2026-08-26 22:00:00-04:00,2026-08-26 22:15:00-04:00,69.517,69.559,no
KXSILVER15M-26AUG262200,Target Price: $69.302,2026-08-26 21:45:00-04:00,2026-08-26 22:00:00-04:00,69.559,69.302,yes
KXSILVER15M-26AUG262145,Target Price: $69.064,2026-08-26 21:30:00-04:00,2026-08-26 21:45:00-04:00,69.302,69.064,yes
KXSILVER15M-26AUG262130,Target Price: $69.126,2026-08-26 21:15:00-04:00,2026-08-26 21:30:00-04:00,69.064,69.126,no
KXSILVER15M-26AUG262115,Target Price: $68.511,2026-08-26 21:00:00-04:00,2026-08-26 21:15:00-04:00,69.126,68.511,yes
KXSILVER15M-26AUG262100,Target Price: $68.601,2026-08-26 20:45:00-04:00,2026-08-26 21:00:00-04:00,68.511,68.601,no
KXSILVER15M-26AUG262045,Target Price: $68.840,2026-08-26 20:30:00-04:00,2026-08-26 20:45:00-04:00,68.601,68.84,no
KXSILVER15M-26AUG262030,Target Price: $68.713,2026-08-26 20:15:00-04:00,2026-08-26 20:30:00-04:00,68.840,68.713,yes
KXSILVER15M-26AUG262015,Target Price: $68.959,2026-08-26 20:00:00-04:00,2026-08-26 20:15:00-04:00,68.713,68.959,no
KXSILVER15M-26AUG262000,Target Price: $68.994,2026-08-26 19:45:00-04:00,2026-08-26 20:00:00-04:00,68.959,68.994,no
KXSILVER15M-26AUG261945,Target Price: $68.964,2026-08-26 19:30:00-04:00,2026-08-26 19:45:00-04:00,68.994,68.964,yes
KXSILVER15M-26AUG261930,Target Price: $68.817,2026-08-26 19:15:00-04:00,2026-08-26 19:30:00-04:00,68.964,68.817,yes
KXSILVER15M-26AUG261915,Target Price: $68.761,2026-08-26 19:00:00-04:00,2026-08-26 19:15:00-04:00,68.817,68.761,yes
KXSILVER15M-26AUG261900,Target Price: $68.800,2026-08-26 18:45:00-04:00,2026-08-26 19:00:00-04:00,68.761,68.8,no
KXSILVER15M-26AUG261845,Target Price: $68.722,2026-08-26 18:30:00-04:00,2026-08-26 18:45:00-04:00,68.800,68.722,yes
KXSILVER15M-26AUG261830,Target Price: $68.480,2026-08-26 18:15:00-04:00,2026-08-26 18:30:00-04:00,68.722,68.48,yes
KXSILVER15M-26AUG261815,Target Price: $68.170,2026-08-26 18:00:00-04:00,2026-08-26 18:15:00-04:00,68.480,68.17,yes
KXSILVER15M-26AUG261800,Target Price: $68.116,2026-08-26 17:45:00-04:00,2026-08-26 18:00:00-04:00,68.170,68.116,yes
KXSILVER15M-26AUG261745,Target Price: $68.123,2026-08-26 17:30:00-04:00,2026-08-26 17:45:00-04:00,68.116,68.123,no
KXSILVER15M-26AUG261730,Target Price: $68.186,2026-08-26 17:15:00-04:00,2026-08-26 17:30:00-04:00,68.123,68.186,no
KXSILVER15M-26AUG261715,Target Price: $68.116,2026-08-26 17:00:00-04:00,2026-08-26 17:15:00-04:00,68.186,68.116,yes
KXSILVER15M-26AUG261700,Target Price: $68.000,2026-08-26 16:45:00-04:00,2026-08-26 17:00:00-04:00,68.116,68.0,yes
KXSILVER15M-26AUG261645,Target Price: $68.071,2026-08-26 16:30:00-04:00,2026-08-26 16:45:00-04:00,68.000,68.071,no
KXSILVER15M-26AUG261630,Target Price: $68.083,2026-08-26 16:15:00-04:00,2026-08-26 16:30:00-04:00,68.071,68.083,no
KXSILVER15M-26AUG261615,Target Price: $68.155,2026-08-26 16:00:00-04:00,2026-08-26 16:15:00-04:00,68.083,68.155,no
KXSILVER15M-26AUG261600,Target Price: $68.218,2026-08-26 15:45:00-04:00,2026-08-26 16:00:00-04:00,68.155,68.218,no
KXSILVER15M-26AUG261545,Target Price: $68.268,2026-08-26 15:30:00-04:00,2026-08-26 15:45:00-04:00,68.218,68.268,no
KXSILVER15M-26AUG261530,Target Price: $68.162,2026-08-26 15:15:00-04:00,2026-08-26 15:30:00-04:00,68.268,68.162,yes
KXSILVER15M-26AUG261515,Target Price: $68.173,2026-08-26 15:00:00-04:00,2026-08-26 15:15:00-04:00,68.162,68.173,no
KXSILVER15M-26AUG261500,Target Price: $68.197,2026-08-26 14:45:00-04:00,2026-08-26 15:00:00-04:00,68.173,68.197,no
KXSILVER15M-26AUG261445,Target Price: $68.123,2026-08-26 14:30:00-04:00,2026-08-26 14:45:00-04:00,68.197,68.123,yes
KXSILVER15M-26AUG261430,Target Price: $68.194,2026-08-26 14:15:00-04:00,2026-08-26 14:30:00-04:00,68.123,68.194,no
KXSILVER15M-26AUG261415,Target Price: $67.999,2026-08-26 14:00:00-04:00,2026-08-26 14:15:00-04:00,68.194,67.999,yes
KXSILVER15M-26AUG261400,Target Price: $68.049,2026-08-26 13:45:00-04:00,2026-08-26 14:00:00-04:00,67.999,68.049,no
KXSILVER15M-26AUG261345,Target Price: $68.119,2026-08-26 13:30:00-04:00,2026-08-26 13:45:00-04:00,68.049,68.119,no
KXSILVER15M-26AUG261330,Target Price: $68.034,2026-08-26 13:15:00-04:00,2026-08-26 13:30:00-04:00,68.119,68.034,yes
KXSILVER15M-26AUG261315,Target Price: $68.006,2026-08-26 13:00:00-04:00,2026-08-26 13:15:00-04:00,68.034,68.006,yes
KXSILVER15M-26AUG261300,Target Price: $67.897,2026-08-26 12:45:00-04:00,2026-08-26 13:00:00-04:00,68.006,67.897,yes
KXSILVER15M-26AUG261245,Target Price: $67.962,2026-08-26 12:30:00-04:00,2026-08-26 12:45:00-04:00,67.897,67.962,no
KXSILVER15M-26AUG261230,Target Price: $67.975,2026-08-26 12:15:00-04:00,2026-08-26 12:30:00-04:00,67.962,67.975,no
KXSILVER15M-26AUG261215,Target Price: $67.920,2026-08-26 12:00:00-04:00,2026-08-26 12:15:00-04:00,67.975,67.92,yes
KXSILVER15M-26AUG261200,Target Price: $68.057,2026-08-26 11:45:00-04:00,2026-08-26 12:00:00-04:00,67.920,68.057,no
KXSILVER15M-26AUG261145,Target Price: $67.920,2026-08-26 11:30:00-04:00,2026-08-26 11:45:00-04:00,68.057,67.92,yes
KXSILVER15M-26AUG261130,Target Price: $67.621,2026-08-26 11:15:00-04:00,2026-08-26 11:30:00-04:00,67.920,67.621,yes
KXSILVER15M-26AUG261115,Target Price: $67.901,2026-08-26 11:00:00-04:00,2026-08-26 11:15:00-04:00,67.621,67.901,no
KXSILVER15M-26AUG261100,Target Price: $68.406,2026-08-26 10:45:00-04:00,2026-08-26 11:00:00-04:00,67.901,68.406,no
KXSILVER15M-26AUG261045,Target Price: $68.259,2026-08-26 10:30:00-04:00,2026-08-26 10:45:00-04:00,68.406,68.259,yes
KXSILVER15M-26AUG261030,Target Price: $68.262,2026-08-26 10:15:00-04:00,2026-08-26 10:30:00-04:00,68.259,68.262,no
KXSILVER15M-26AUG261015,Target Price: $68.459,2026-08-26 10:00:00-04:00,2026-08-26 10:15:00-04:00,68.262,68.459,no
KXSILVER15M-26AUG261000,Target Price: $68.364,2026-08-26 09:45:00-04:00,2026-08-26 10:00:00-04:00,68.459,68.364,yes
KXSILVER15M-26AUG260945,Target Price: $68.198,2026-08-26 09:30:00-04:00,2026-08-26 09:45:00-04:00,68.364,68.198,yes
KXSILVER15M-26AUG260930,Target Price: $68.156,2026-08-26 09:15:00-04:00,2026-08-26 09:30:00-04:00,68.198,68.156,yes
KXSILVER15M-26AUG260915,Target Price: $68.342,2026-08-26 09:00:00-04:00,2026-08-26 09:15:00-04:00,68.156,68.342,no
KXSILVER15M-26AUG260900,Target Price: $68.840,2026-08-26 08:45:00-04:00,2026-08-26 09:00:00-04:00,68.342,68.84,no
KXSILVER15M-26AUG260845,Target Price: $68.913,2026-08-26 08:30:00-04:00,2026-08-26 08:45:00-04:00,68.840,68.913,no
KXSILVER15M-26AUG260830,Target Price: $68.739,2026-08-26 08:15:00-04:00,2026-08-26 08:30:00-04:00,68.913,68.739,yes
KXSILVER15M-26AUG260815,Target Price: $68.651,2026-08-26 08:00:00-04:00,2026-08-26 08:15:00-04:00,68.739,68.651,yes
KXSILVER15M-26AUG260800,Target Price: $68.529,2026-08-26 07:45:00-04:00,2026-08-26 08:00:00-04:00,68.651,68.529,yes
KXSILVER15M-26AUG260745,Target Price: $68.489,2026-08-26 07:30:00-04:00,2026-08-26 07:45:00-04:00,68.529,68.489,yes
KXSILVER15M-26AUG260730,Target Price: $68.482,2026-08-26 07:15:00-04:00,2026-08-26 07:30:00-04:00,68.489,68.482,yes
KXSILVER15M-26AUG260715,Target Price: $68.474,2026-08-26 07:00:00-04:00,2026-08-26 07:15:00-04:00,68.482,68.474,yes
KXSILVER15M-26AUG260700,Target Price: $68.576,2026-08-26 06:45:00-04:00,2026-08-26 07:00:00-04:00,68.474,68.576,no
KXSILVER15M-26AUG260645,Target Price: $68.477,2026-08-26 06:30:00-04:00,2026-08-26 06:45:00-04:00,68.576,68.477,yes
KXSILVER15M-26AUG260630,Target Price: $68.548,2026-08-26 06:15:00-04:00,2026-08-26 06:30:00-04:00,68.477,68.548,no
KXSILVER15M-26AUG260615,Target Price: $68.676,2026-08-26 06:00:00-04:00,2026-08-26 06:15:00-04:00,68.548,68.676,no
KXSILVER15M-26AUG260600,Target Price: $68.608,2026-08-26 05:45:00-04:00,2026-08-26 06:00:00-04:00,68.676,68.608,yes
KXSILVER15M-26AUG260545,Target Price: $68.478,2026-08-26 05:30:00-04:00,2026-08-26 05:45:00-04:00,68.608,68.478,yes
KXSILVER15M-26AUG260530,Target Price: $68.570,2026-08-26 05:15:00-04:00,2026-08-26 05:30:00-04:00,68.478,68.57,no
KXSILVER15M-26AUG260515,Target Price: $68.638,2026-08-26 05:00:00-04:00,2026-08-26 05:15:00-04:00,68.570,68.638,no
KXSILVER15M-26AUG260500,Target Price: $68.656,2026-08-26 04:45:00-04:00,2026-08-26 05:00:00-04:00,68.638,68.656,no
KXSILVER15M-26AUG260445,Target Price: $68.628,2026-08-26 04:30:00-04:00,2026-08-26 04:45:00-04:00,68.656,68.628,yes
KXSILVER15M-26AUG260430,Target Price: $68.622,2026-08-26 04:15:00-04:00,2026-08-26 04:30:00-04:00,68.628,68.622,yes
KXSILVER15M-26AUG260415,Target Price: $68.699,2026-08-26 04:00:00-04:00,2026-08-26 04:15:00-04:00,68.622,68.699,no
KXSILVER15M-26AUG260400,Target Price: $68.830,2026-08-26 03:45:00-04:00,2026-08-26 04:00:00-04:00,68.699,68.83,no
KXSILVER15M-26AUG260345,Target Price: $68.790,2026-08-26 03:30:00-04:00,2026-08-26 03:45:00-04:00,68.830,68.79,yes
KXSILVER15M-26AUG260330,Target Price: $68.921,2026-08-26 03:15:00-04:00,2026-08-26 03:30:00-04:00,68.790,68.921,no
KXSILVER15M-26AUG260315,Target Price: $68.770,2026-08-26 03:00:00-04:00,2026-08-26 03:15:00-04:00,68.921,68.77,yes
KXSILVER15M-26AUG260300,Target Price: $68.785,2026-08-26 02:45:00-04:00,2026-08-26 03:00:00-04:00,68.770,68.785,no
KXSILVER15M-26AUG260245,Target Price: $68.686,2026-08-26 02:30:00-04:00,2026-08-26 02:45:00-04:00,68.785,68.686,yes
KXSILVER15M-26AUG260230,Target Price: $69.019,2026-08-26 02:15:00-04:00,2026-08-26 02:30:00-04:00,68.686,69.019,no
KXSILVER15M-26AUG260215,Target Price: $69.217,2026-08-26 02:00:00-04:00,2026-08-26 02:15:00-04:00,69.019,69.217,no
KXSILVER15M-26AUG260200,Target Price: $69.090,2026-08-26 01:45:00-04:00,2026-08-26 02:00:00-04:00,69.217,69.09,yes
KXSILVER15M-26AUG260145,Target Price: $69.179,2026-08-26 01:30:00-04:00,2026-08-26 01:45:00-04:00,69.090,69.179,no
KXSILVER15M-26AUG260130,Target Price: $69.083,2026-08-26 01:15:00-04:00,2026-08-26 01:30:00-04:00,69.179,69.083,yes
KXSILVER15M-26AUG260115,Target Price: $68.999,2026-08-26 01:00:00-04:00,2026-08-26 01:15:00-04:00,69.083,68.999,yes
KXSILVER15M-26AUG260100,Target Price: $69.062,2026-08-26 00:45:00-04:00,2026-08-26 01:00:00-04:00,68.999,69.062,no
KXSILVER15M-26AUG260045,Target Price: $69.130,2026-08-26 00:30:00-04:00,2026-08-26 00:45:00-04:00,69.062,69.13,no
KXSILVER15M-26AUG260030,Target Price: $69.218,2026-08-26 00:15:00-04:00,2026-08-26 00:30:00-04:00,69.130,69.218,no
KXSILVER15M-26AUG260015,Target Price: $69.227,2026-08-26 00:00:00-04:00,2026-08-26 00:15:00-04:00,69.218,69.227,no
KXSILVER15M-26AUG260000,Target Price: $69.354,2026-08-25 23:45:00-04:00,2026-08-26 00:00:00-04:00,69.227,69.354,no
KXSILVER15M-26AUG252345,Target Price: $69.352,2026-08-25 23:30:00-04:00,2026-08-25 23:45:00-04:00,69.354,69.352,yes
KXSILVER15M-26AUG252330,Target Price: $69.155,2026-08-25 23:15:00-04:00,2026-08-25 23:30:00-04:00,69.352,69.155,yes
KXSILVER15M-26AUG252315,Target Price: $69.434,2026-08-25 23:00:00-04:00,2026-08-25 23:15:00-04:00,69.155,69.434,no
KXSILVER15M-26AUG252300,Target Price: $69.586,2026-08-25 22:45:00-04:00,2026-08-25 23:00:00-04:00,69.434,69.586,no
KXSILVER15M-26AUG252245,Target Price: $69.331,2026-08-25 22:30:00-04:00,2026-08-25 22:45:00-04:00,69.586,69.331,yes
KXSILVER15M-26AUG252230,Target Price: $69.430,2026-08-25 22:15:00-04:00,2026-08-25 22:30:00-04:00,69.331,69.43,no
KXSILVER15M-26AUG252215,Target Price: $69.323,2026-08-25 22:00:00-04:00,2026-08-25 22:15:00-04:00,69.430,69.323,yes
KXSILVER15M-26AUG252200,Target Price: $68.730,2026-08-25 21:45:00-04:00,2026-08-25 22:00:00-04:00,69.323,68.73,yes
KXSILVER15M-26AUG252145,Target Price: $68.564,2026-08-25 21:30:00-04:00,2026-08-25 21:45:00-04:00,68.730,68.564,yes
KXSILVER15M-26AUG252130,Target Price: $68.555,2026-08-25 21:15:00-04:00,2026-08-25 21:30:00-04:00,68.564,68.555,yes
KXSILVER15M-26AUG252115,Target Price: $68.402,2026-08-25 21:00:00-04:00,2026-08-25 21:15:00-04:00,68.555,68.402,yes
KXSILVER15M-26AUG252100,Target Price: $68.485,2026-08-25 20:45:00-04:00,2026-08-25 21:00:00-04:00,68.402,68.485,no
KXSILVER15M-26AUG252045,Target Price: $68.555,2026-08-25 20:30:00-04:00,2026-08-25 20:45:00-04:00,68.485,68.555,no
KXSILVER15M-26AUG252030,Target Price: $68.747,2026-08-25 20:15:00-04:00,2026-08-25 20:30:00-04:00,68.555,68.747,no
KXSILVER15M-26AUG252015,Target Price: $68.754,2026-08-25 20:00:00-04:00,2026-08-25 20:15:00-04:00,68.747,68.754,no
KXSILVER15M-26AUG252000,Target Price: $68.766,2026-08-25 19:45:00-04:00,2026-08-25 20:00:00-04:00,68.754,68.766,no
KXSILVER15M-26AUG251945,Target Price: $68.857,2026-08-25 19:30:00-04:00,2026-08-25 19:45:00-04:00,68.766,68.857,no
KXSILVER15M-26AUG251930,Target Price: $68.980,2026-08-25 19:15:00-04:00,2026-08-25 19:30:00-04:00,68.857,68.98,no
KXSILVER15M-26AUG251915,Target Price: $69.076,2026-08-25 19:00:00-04:00,2026-08-25 19:15:00-04:00,68.980,69.076,no
KXSILVER15M-26AUG251900,Target Price: $68.981,2026-08-25 18:45:00-04:00,2026-08-25 19:00:00-04:00,69.076,68.981,yes
KXSILVER15M-26AUG251845,Target Price: $68.904,2026-08-25 18:30:00-04:00,2026-08-25 18:45:00-04:00,68.981,68.904,yes
KXSILVER15M-26AUG251830,Target Price: $68.861,2026-08-25 18:15:00-04:00,2026-08-25 18:30:00-04:00,68.904,68.861,yes
KXSILVER15M-26AUG251815,Target Price: $68.602,2026-08-25 18:00:00-04:00,2026-08-25 18:15:00-04:00,68.861,68.602,yes
KXSILVER15M-26AUG251800,Target Price: $68.562,2026-08-25 17:45:00-04:00,2026-08-25 18:00:00-04:00,68.602,68.562,yes
KXSILVER15M-26AUG251745,Target Price: $68.552,2026-08-25 17:30:00-04:00,2026-08-25 17:45:00-04:00,68.562,68.552,yes
KXSILVER15M-26AUG251730,Target Price: $68.579,2026-08-25 17:15:00-04:00,2026-08-25 17:30:00-04:00,68.552,68.579,no
KXSILVER15M-26AUG251715,Target Price: $68.662,2026-08-25 17:00:00-04:00,2026-08-25 17:15:00-04:00,68.579,68.662,no
KXSILVER15M-26AUG251700,Target Price: $68.839,2026-08-25 16:45:00-04:00,2026-08-25 17:00:00-04:00,68.662,68.839,no
KXSILVER15M-26AUG251645,Target Price: $68.865,2026-08-25 16:30:00-04:00,2026-08-25 16:45:00-04:00,68.839,68.865,no
KXSILVER15M-26AUG251630,Target Price: $68.891,2026-08-25 16:15:00-04:00,2026-08-25 16:30:00-04:00,68.865,68.891,no
KXSILVER15M-26AUG251615,Target Price: $68.950,2026-08-25 16:00:00-04:00,2026-08-25 16:15:00-04:00,68.891,68.95,no
KXSILVER15M-26AUG251600,Target Price: $68.930,2026-08-25 15:45:00-04:00,2026-08-25 16:00:00-04:00,68.950,68.93,yes
KXSILVER15M-26AUG251545,Target Price: $69.068,2026-08-25 15:30:00-04:00,2026-08-25 15:45:00-04:00,68.930,69.068,no
KXSILVER15M-26AUG251530,Target Price: $69.157,2026-08-25 15:15:00-04:00,2026-08-25 15:30:00-04:00,69.068,69.157,no
KXSILVER15M-26AUG251515,Target Price: $68.910,2026-08-25 15:00:00-04:00,2026-08-25 15:15:00-04:00,69.157,68.91,yes
KXSILVER15M-26AUG251500,Target Price: $68.835,2026-08-25 14:45:00-04:00,2026-08-25 15:00:00-04:00,68.910,68.835,yes
KXSILVER15M-26AUG251445,Target Price: $68.893,2026-08-25 14:30:00-04:00,2026-08-25 14:45:00-04:00,68.835,68.893,no
KXSILVER15M-26AUG251430,Target Price: $68.864,2026-08-25 14:15:00-04:00,2026-08-25 14:30:00-04:00,68.893,68.864,yes
KXSILVER15M-26AUG251415,Target Price: $68.890,2026-08-25 14:00:00-04:00,2026-08-25 14:15:00-04:00,68.864,68.89,no
KXSILVER15M-26AUG251400,Target Price: $68.860,2026-08-25 13:45:00-04:00,2026-08-25 14:00:00-04:00,68.890,68.86,yes
KXSILVER15M-26AUG251345,Target Price: $68.713,2026-08-25 13:30:00-04:00,2026-08-25 13:45:00-04:00,68.860,68.713,yes
KXSILVER15M-26AUG251330,Target Price: $68.701,2026-08-25 13:15:00-04:00,2026-08-25 13:30:00-04:00,68.713,68.701,yes
KXSILVER15M-26AUG251315,Target Price: $68.700,2026-08-25 13:00:00-04:00,2026-08-25 13:15:00-04:00,68.701,68.7,yes
KXSILVER15M-26AUG251300,Target Price: $68.731,2026-08-25 12:45:00-04:00,2026-08-25 13:00:00-04:00,68.700,68.731,no
KXSILVER15M-26AUG251245,Target Price: $68.668,2026-08-25 12:30:00-04:00,2026-08-25 12:45:00-04:00,68.731,68.668,yes
KXSILVER15M-26AUG251230,Target Price: $68.613,2026-08-25 12:15:00-04:00,2026-08-25 12:30:00-04:00,68.668,68.613,yes
KXSILVER15M-26AUG251215,Target Price: $68.840,2026-08-25 12:00:00-04:00,2026-08-25 12:15:00-04:00,68.613,68.84,no
KXSILVER15M-26AUG251200,Target Price: $68.850,2026-08-25 11:45:00-04:00,2026-08-25 12:00:00-04:00,68.840,68.85,no
KXSILVER15M-26AUG251145,Target Price: $68.349,2026-08-25 11:30:00-04:00,2026-08-25 11:45:00-04:00,68.850,68.349,yes
KXSILVER15M-26AUG251130,Target Price: $68.174,2026-08-25 11:15:00-04:00,2026-08-25 11:30:00-04:00,68.349,68.174,yes
KXSILVER15M-26AUG251115,Target Price: $68.147,2026-08-25 11:00:00-04:00,2026-08-25 11:15:00-04:00,68.174,68.147,yes
KXSILVER15M-26AUG251100,Target Price: $68.136,2026-08-25 10:45:00-04:00,2026-08-25 11:00:00-04:00,68.147,68.136,yes
KXSILVER15M-26AUG251045,Target Price: $67.965,2026-08-25 10:30:00-04:00,2026-08-25 10:45:00-04:00,68.136,67.965,yes
KXSILVER15M-26AUG251030,Target Price: $67.837,2026-08-25 10:15:00-04:00,2026-08-25 10:30:00-04:00,67.965,67.837,yes
KXSILVER15M-26AUG251015,Target Price: $67.705,2026-08-25 10:00:00-04:00,2026-08-25 10:15:00-04:00,67.837,67.705,yes
KXSILVER15M-26AUG251000,Target Price: $67.554,2026-08-25 09:45:00-04:00,2026-08-25 10:00:00-04:00,67.705,67.554,yes
KXSILVER15M-26AUG250945,Target Price: $67.485,2026-08-25 09:30:00-04:00,2026-08-25 09:45:00-04:00,67.554,67.485,yes
KXSILVER15M-26AUG250930,Target Price: $67.541,2026-08-25 09:15:00-04:00,2026-08-25 09:30:00-04:00,67.485,67.541,no
KXSILVER15M-26AUG250915,Target Price: $68.230,2026-08-25 09:00:00-04:00,2026-08-25 09:15:00-04:00,67.541,68.23,no
KXSILVER15M-26AUG250900,Target Price: $67.971,2026-08-25 08:45:00-04:00,2026-08-25 09:00:00-04:00,68.230,67.971,yes
KXSILVER15M-26AUG250845,Target Price: $67.980,2026-08-25 08:30:00-04:00,2026-08-25 08:45:00-04:00,67.971,67.98,no
KXSILVER15M-26AUG250830,Target Price: $68.052,2026-08-25 08:15:00-04:00,2026-08-25 08:30:00-04:00,67.980,68.052,no
KXSILVER15M-26AUG250815,Target Price: $68.108,2026-08-25 08:00:00-04:00,2026-08-25 08:15:00-04:00,68.052,68.108,no
KXSILVER15M-26AUG250800,Target Price: $68.112,2026-08-25 07:45:00-04:00,2026-08-25 08:00:00-04:00,68.108,68.112,no
KXSILVER15M-26AUG250745,Target Price: $68.058,2026-08-25 07:30:00-04:00,2026-08-25 07:45:00-04:00,68.112,68.058,yes
KXSILVER15M-26AUG250730,Target Price: $68.049,2026-08-25 07:15:00-04:00,2026-08-25 07:30:00-04:00,68.058,68.049,yes
KXSILVER15M-26AUG250715,Target Price: $67.915,2026-08-25 07:00:00-04:00,2026-08-25 07:15:00-04:00,68.049,67.915,yes
KXSILVER15M-26AUG250700,Target Price: $67.886,2026-08-25 06:45:00-04:00,2026-08-25 07:00:00-04:00,67.915,67.886,yes
KXSILVER15M-26AUG250645,Target Price: $67.895,2026-08-25 06:30:00-04:00,2026-08-25 06:45:00-04:00,67.886,67.895,no
KXSILVER15M-26AUG250630,Target Price: $67.954,2026-08-25 06:15:00-04:00,2026-08-25 06:30:00-04:00,67.895,67.954,no
KXSILVER15M-26AUG250615,Target Price: $68.059,2026-08-25 06:00:00-04:00,2026-08-25 06:15:00-04:00,67.954,68.059,no
KXSILVER15M-26AUG250600,Target Price: $68.015,2026-08-25 05:45:00-04:00,2026-08-25 06:00:00-04:00,68.059,68.015,yes
KXSILVER15M-26AUG250545,Target Price: $67.800,2026-08-25 05:30:00-04:00,2026-08-25 05:45:00-04:00,68.015,67.8,yes
KXSILVER15M-26AUG250530,Target Price: $67.885,2026-08-25 05:15:00-04:00,2026-08-25 05:30:00-04:00,67.800,67.885,no
KXSILVER15M-26AUG250515,Target Price: $67.905,2026-08-25 05:00:00-04:00,2026-08-25 05:15:00-04:00,67.885,67.905,no
KXSILVER15M-26AUG250500,Target Price: $67.919,2026-08-25 04:45:00-04:00,2026-08-25 05:00:00-04:00,67.905,67.919,no
KXSILVER15M-26AUG250445,Target Price: $68.037,2026-08-25 04:30:00-04:00,2026-08-25 04:45:00-04:00,67.919,68.037,no
KXSILVER15M-26AUG250430,Target Price: $67.841,2026-08-25 04:15:00-04:00,2026-08-25 04:30:00-04:00,68.037,67.841,yes
KXSILVER15M-26AUG250415,Target Price: $68.052,2026-08-25 04:00:00-04:00,2026-08-25 04:15:00-04:00,67.841,68.052,no
KXSILVER15M-26AUG250400,Target Price: $68.295,2026-08-25 03:45:00-04:00,2026-08-25 04:00:00-04:00,68.052,68.295,no
KXSILVER15M-26AUG250345,Target Price: $68.161,2026-08-25 03:30:00-04:00,2026-08-25 03:45:00-04:00,68.295,68.161,yes
KXSILVER15M-26AUG250330,Target Price: $68.364,2026-08-25 03:15:00-04:00,2026-08-25 03:30:00-04:00,68.161,68.364,no
KXSILVER15M-26AUG250315,Target Price: $68.397,2026-08-25 03:00:00-04:00,2026-08-25 03:15:00-04:00,68.364,68.397,no
KXSILVER15M-26AUG250300,Target Price: $68.478,2026-08-25 02:45:00-04:00,2026-08-25 03:00:00-04:00,68.397,68.478,no
KXSILVER15M-26AUG250245,Target Price: $68.516,2026-08-25 02:30:00-04:00,2026-08-25 02:45:00-04:00,68.478,68.516,no
KXSILVER15M-26AUG250230,Target Price: $68.370,2026-08-25 02:15:00-04:00,2026-08-25 02:30:00-04:00,68.516,68.37,yes
KXSILVER15M-26AUG250215,Target Price: $68.056,2026-08-25 02:00:00-04:00,2026-08-25 02:15:00-04:00,68.370,68.056,yes
KXSILVER15M-26AUG250200,Target Price: $67.915,2026-08-25 01:45:00-04:00,2026-08-25 02:00:00-04:00,68.056,67.915,yes
KXSILVER15M-26AUG250145,Target Price: $68.285,2026-08-25 01:30:00-04:00,2026-08-25 01:45:00-04:00,67.915,68.285,no
KXSILVER15M-26AUG250130,Target Price: $68.035,2026-08-25 01:15:00-04:00,2026-08-25 01:30:00-04:00,68.285,68.035,yes
KXSILVER15M-26AUG250115,Target Price: $67.812,2026-08-25 01:00:00-04:00,2026-08-25 01:15:00-04:00,68.035,67.812,yes
KXSILVER15M-26AUG250100,Target Price: $67.794,2026-08-25 00:45:00-04:00,2026-08-25 01:00:00-04:00,67.812,67.794,yes
KXSILVER15M-26AUG250045,Target Price: $67.916,2026-08-25 00:30:00-04:00,2026-08-25 00:45:00-04:00,67.794,67.916,no
KXSILVER15M-26AUG250030,Target Price: $68.038,2026-08-25 00:15:00-04:00,2026-08-25 00:30:00-04:00,67.916,68.038,no
KXSILVER15M-26AUG250015,Target Price: $67.977,2026-08-25 00:00:00-04:00,2026-08-25 00:15:00-04:00,68.038,67.977,yes
KXSILVER15M-26AUG250000,Target Price: $67.965,2026-08-24 23:45:00-04:00,2026-08-25 00:00:00-04:00,67.977,67.965,yes
KXSILVER15M-26AUG242345,Target Price: $67.925,2026-08-24 23:30:00-04:00,2026-08-24 23:45:00-04:00,67.965,67.925,yes
KXSILVER15M-26AUG242330,Target Price: $67.847,2026-08-24 23:15:00-04:00,2026-08-24 23:30:00-04:00,67.925,67.847,yes
KXSILVER15M-26AUG242315,Target Price: $67.755,2026-08-24 23:00:00-04:00,2026-08-24 23:15:00-04:00,67.847,67.755,yes
KXSILVER15M-26AUG242300,Target Price: $67.694,2026-08-24 22:45:00-04:00,2026-08-24 23:00:00-04:00,67.755,67.694,yes
KXSILVER15M-26AUG242245,Target Price: $68.389,2026-08-24 22:30:00-04:00,2026-08-24 22:45:00-04:00,67.694,68.389,no
KXSILVER15M-26AUG242230,Target Price: $68.035,2026-08-24 22:15:00-04:00,2026-08-24 22:30:00-04:00,68.389,68.035,yes
KXSILVER15M-26AUG242215,Target Price: $68.739,2026-08-24 22:00:00-04:00,2026-08-24 22:15:00-04:00,68.035,68.739,no
KXSILVER15M-26AUG242200,Target Price: $69.212,2026-08-24 21:45:00-04:00,2026-08-24 22:00:00-04:00,68.739,69.212,no
KXSILVER15M-26AUG242145,Target Price: $69.138,2026-08-24 21:30:00-04:00,2026-08-24 21:45:00-04:00,69.212,69.138,yes
KXSILVER15M-26AUG242130,Target Price: $69.408,2026-08-24 21:15:00-04:00,2026-08-24 21:30:00-04:00,69.138,69.408,no
KXSILVER15M-26AUG242115,Target Price: $69.415,2026-08-24 21:00:00-04:00,2026-08-24 21:15:00-04:00,69.408,69.415,no
KXSILVER15M-26AUG242100,Target Price: $69.644,2026-08-24 20:45:00-04:00,2026-08-24 21:00:00-04:00,69.415,69.644,no
KXSILVER15M-26AUG242045,Target Price: $69.395,2026-08-24 20:30:00-04:00,2026-08-24 20:45:00-04:00,69.644,69.395,yes
KXSILVER15M-26AUG242030,Target Price: $69.606,2026-08-24 20:15:00-04:00,2026-08-24 20:30:00-04:00,69.395,69.606,no
KXSILVER15M-26AUG242015,Target Price: $69.722,2026-08-24 20:00:00-04:00,2026-08-24 20:15:00-04:00,69.606,69.722,no
KXSILVER15M-26AUG242000,Target Price: $69.526,2026-08-24 19:45:00-04:00,2026-08-24 20:00:00-04:00,69.722,69.526,yes
KXSILVER15M-26AUG241945,Target Price: $69.294,2026-08-24 19:30:00-04:00,2026-08-24 19:45:00-04:00,69.526,69.294,yes
KXSILVER15M-26AUG241930,Target Price: $69.287,2026-08-24 19:15:00-04:00,2026-08-24 19:30:00-04:00,69.294,69.287,yes
KXSILVER15M-26AUG241915,Target Price: $69.229,2026-08-24 19:00:00-04:00,2026-08-24 19:15:00-04:00,69.287,69.229,yes
KXSILVER15M-26AUG241900,Target Price: $69.128,2026-08-24 18:45:00-04:00,2026-08-24 19:00:00-04:00,69.229,69.128,yes
KXSILVER15M-26AUG241845,Target Price: $68.987,2026-08-24 18:30:00-04:00,2026-08-24 18:45:00-04:00,69.128,68.987,yes
KXSILVER15M-26AUG241830,Target Price: $69.025,2026-08-24 18:15:00-04:00,2026-08-24 18:30:00-04:00,68.987,69.025,no
KXSILVER15M-26AUG241815,Target Price: $68.928,2026-08-24 18:00:00-04:00,2026-08-24 18:15:00-04:00,69.025,68.928,yes
KXSILVER15M-26AUG241800,Target Price: $68.959,2026-08-24 17:45:00-04:00,2026-08-24 18:00:00-04:00,68.928,68.959,no
KXSILVER15M-26AUG241745,Target Price: $68.937,2026-08-24 17:30:00-04:00,2026-08-24 17:45:00-04:00,68.959,68.937,yes
KXSILVER15M-26AUG241730,Target Price: $68.923,2026-08-24 17:15:00-04:00,2026-08-24 17:30:00-04:00,68.937,68.923,yes
KXSILVER15M-26AUG241715,Target Price: $68.960,2026-08-24 17:00:00-04:00,2026-08-24 17:15:00-04:00,68.923,68.96,no
KXSILVER15M-26AUG241700,Target Price: $68.842,2026-08-24 16:45:00-04:00,2026-08-24 17:00:00-04:00,68.960,68.842,yes
KXSILVER15M-26AUG241645,Target Price: $68.830,2026-08-24 16:30:00-04:00,2026-08-24 16:45:00-04:00,68.842,68.83,yes
KXSILVER15M-26AUG241630,Target Price: $68.811,2026-08-24 16:15:00-04:00,2026-08-24 16:30:00-04:00,68.830,68.811,yes
KXSILVER15M-26AUG241615,Target Price: $68.831,2026-08-24 16:00:00-04:00,2026-08-24 16:15:00-04:00,68.811,68.831,no
KXSILVER15M-26AUG241600,Target Price: $68.722,2026-08-24 15:45:00-04:00,2026-08-24 16:00:00-04:00,68.831,68.722,yes
KXSILVER15M-26AUG241545,Target Price: $68.549,2026-08-24 15:30:00-04:00,2026-08-24 15:45:00-04:00,68.722,68.549,yes
KXSILVER15M-26AUG241530,Target Price: $68.505,2026-08-24 15:15:00-04:00,2026-08-24 15:30:00-04:00,68.549,68.505,yes
KXSILVER15M-26AUG241515,Target Price: $68.508,2026-08-24 15:00:00-04:00,2026-08-24 15:15:00-04:00,68.505,68.508,no
KXSILVER15M-26AUG241500,Target Price: $68.533,2026-08-24 14:45:00-04:00,2026-08-24 15:00:00-04:00,68.508,68.533,no
KXSILVER15M-26AUG241445,Target Price: $68.638,2026-08-24 14:30:00-04:00,2026-08-24 14:45:00-04:00,68.533,68.638,no
KXSILVER15M-26AUG241430,Target Price: $68.460,2026-08-24 14:15:00-04:00,2026-08-24 14:30:00-04:00,68.638,68.46,yes
KXSILVER15M-26AUG241415,Target Price: $68.489,2026-08-24 14:00:00-04:00,2026-08-24 14:15:00-04:00,68.460,68.489,no
KXSILVER15M-26AUG241400,Target Price: $68.494,2026-08-24 13:45:00-04:00,2026-08-24 14:00:00-04:00,68.489,68.494,no
KXSILVER15M-26AUG241345,Target Price: $68.515,2026-08-24 13:30:00-04:00,2026-08-24 13:45:00-04:00,68.494,68.515,no
KXSILVER15M-26AUG241330,Target Price: $68.799,2026-08-24 13:15:00-04:00,2026-08-24 13:30:00-04:00,68.515,68.799,no
KXSILVER15M-26AUG241315,Target Price: $68.672,2026-08-24 13:00:00-04:00,2026-08-24 13:15:00-04:00,68.799,68.672,yes
KXSILVER15M-26AUG241300,Target Price: $68.795,2026-08-24 12:45:00-04:00,2026-08-24 13:00:00-04:00,68.672,68.795,no
KXSILVER15M-26AUG241245,Target Price: $68.852,2026-08-24 12:30:00-04:00,2026-08-24 12:45:00-04:00,68.795,68.852,no
KXSILVER15M-26AUG241230,Target Price: $68.658,2026-08-24 12:15:00-04:00,2026-08-24 12:30:00-04:00,68.852,68.658,yes
KXSILVER15M-26AUG241215,Target Price: $68.540,2026-08-24 12:00:00-04:00,2026-08-24 12:15:00-04:00,68.658,68.54,yes
KXSILVER15M-26AUG241200,Target Price: $68.759,2026-08-24 11:45:00-04:00,2026-08-24 12:00:00-04:00,68.540,68.759,no
KXSILVER15M-26AUG241145,Target Price: $69.229,2026-08-24 11:30:00-04:00,2026-08-24 11:45:00-04:00,68.759,69.229,no
KXSILVER15M-26AUG241130,Target Price: $69.106,2026-08-24 11:15:00-04:00,2026-08-24 11:30:00-04:00,69.229,69.106,yes
KXSILVER15M-26AUG241115,Target Price: $68.956,2026-08-24 11:00:00-04:00,2026-08-24 11:15:00-04:00,69.106,68.956,yes
KXSILVER15M-26AUG241100,Target Price: $69.075,2026-08-24 10:45:00-04:00,2026-08-24 11:00:00-04:00,68.956,69.075,no
KXSILVER15M-26AUG241045,Target Price: $69.106,2026-08-24 10:30:00-04:00,2026-08-24 10:45:00-04:00,69.075,69.106,no
KXSILVER15M-26AUG241030,Target Price: $68.968,2026-08-24 10:15:00-04:00,2026-08-24 10:30:00-04:00,69.106,68.968,yes
KXSILVER15M-26AUG241015,Target Price: $69.018,2026-08-24 10:00:00-04:00,2026-08-24 10:15:00-04:00,68.968,69.018,no
KXSILVER15M-26AUG241000,Target Price: $68.897,2026-08-24 09:45:00-04:00,2026-08-24 10:00:00-04:00,69.018,68.897,yes
KXSILVER15M-26AUG240945,Target Price: $69.525,2026-08-24 09:30:00-04:00,2026-08-24 09:45:00-04:00,68.897,69.525,no
KXSILVER15M-26AUG240930,Target Price: $69.840,2026-08-24 09:15:00-04:00,2026-08-24 09:30:00-04:00,69.525,69.84,no
KXSILVER15M-26AUG240915,Target Price: $69.198,2026-08-24 09:00:00-04:00,2026-08-24 09:15:00-04:00,69.840,69.198,yes
KXSILVER15M-26AUG240900,Target Price: $69.138,2026-08-24 08:45:00-04:00,2026-08-24 09:00:00-04:00,69.198,69.138,yes
KXSILVER15M-26AUG240845,Target Price: $69.348,2026-08-24 08:30:00-04:00,2026-08-24 08:45:00-04:00,69.138,69.348,no
KXSILVER15M-26AUG240830,Target Price: $69.304,2026-08-24 08:15:00-04:00,2026-08-24 08:30:00-04:00,69.348,69.304,yes
KXSILVER15M-26AUG240815,Target Price: $69.283,2026-08-24 08:00:00-04:00,2026-08-24 08:15:00-04:00,69.304,69.283,yes
KXSILVER15M-26AUG240800,Target Price: $69.253,2026-08-24 07:45:00-04:00,2026-08-24 08:00:00-04:00,69.283,69.253,yes
KXSILVER15M-26AUG240745,Target Price: $68.949,2026-08-24 07:30:00-04:00,2026-08-24 07:45:00-04:00,69.253,68.949,yes
KXSILVER15M-26AUG240730,Target Price: $68.903,2026-08-24 07:15:00-04:00,2026-08-24 07:30:00-04:00,68.949,68.903,yes
KXSILVER15M-26AUG240715,Target Price: $68.852,2026-08-24 07:00:00-04:00,2026-08-24 07:15:00-04:00,68.903,68.852,yes
KXSILVER15M-26AUG240700,Target Price: $68.912,2026-08-24 06:45:00-04:00,2026-08-24 07:00:00-04:00,68.852,68.912,no
KXSILVER15M-26AUG240645,Target Price: $68.945,2026-08-24 06:30:00-04:00,2026-08-24 06:45:00-04:00,68.912,68.945,no
KXSILVER15M-26AUG240630,Target Price: $69.016,2026-08-24 06:15:00-04:00,2026-08-24 06:30:00-04:00,68.945,69.016,no
KXSILVER15M-26AUG240615,Target Price: $68.881,2026-08-24 06:00:00-04:00,2026-08-24 06:15:00-04:00,69.016,68.881,yes
KXSILVER15M-26AUG240600,Target Price: $68.843,2026-08-24 05:45:00-04:00,2026-08-24 06:00:00-04:00,68.881,68.843,yes
KXSILVER15M-26AUG240545,Target Price: $68.682,2026-08-24 05:30:00-04:00,2026-08-24 05:45:00-04:00,68.843,68.682,yes
KXSILVER15M-26AUG240530,Target Price: $68.820,2026-08-24 05:15:00-04:00,2026-08-24 05:30:00-04:00,68.682,68.82,no
KXSILVER15M-26AUG240515,Target Price: $68.750,2026-08-24 05:00:00-04:00,2026-08-24 05:15:00-04:00,68.820,68.75,yes
KXSILVER15M-26AUG240500,Target Price: $68.980,2026-08-24 04:45:00-04:00,2026-08-24 05:00:00-04:00,68.750,68.98,no
KXSILVER15M-26AUG240445,Target Price: $68.693,2026-08-24 04:30:00-04:00,2026-08-24 04:45:00-04:00,68.980,68.693,yes
KXSILVER15M-26AUG240430,Target Price: $68.840,2026-08-24 04:15:00-04:00,2026-08-24 04:30:00-04:00,68.693,68.84,no
KXSILVER15M-26AUG240415,Target Price: $68.917,2026-08-24 04:00:00-04:00,2026-08-24 04:15:00-04:00,68.840,68.917,no
KXSILVER15M-26AUG240400,Target Price: $68.877,2026-08-24 03:45:00-04:00,2026-08-24 04:00:00-04:00,68.917,68.877,yes
KXSILVER15M-26AUG240345,Target Price: $69.033,2026-08-24 03:30:00-04:00,2026-08-24 03:45:00-04:00,68.877,69.033,no
KXSILVER15M-26AUG240330,Target Price: $69.163,2026-08-24 03:15:00-04:00,2026-08-24 03:30:00-04:00,69.033,69.163,no
KXSILVER15M-26AUG240315,Target Price: $69.166,2026-08-24 03:00:00-04:00,2026-08-24 03:15:00-04:00,69.163,69.166,no
KXSILVER15M-26AUG240300,Target Price: $69.042,2026-08-24 02:45:00-04:00,2026-08-24 03:00:00-04:00,69.166,69.042,yes
KXSILVER15M-26AUG240245,Target Price: $69.036,2026-08-24 02:30:00-04:00,2026-08-24 02:45:00-04:00,69.042,69.036,yes
KXSILVER15M-26AUG240230,Target Price: $69.272,2026-08-24 02:15:00-04:00,2026-08-24 02:30:00-04:00,69.036,69.272,no
KXSILVER15M-26AUG240215,Target Price: $68.981,2026-08-24 02:00:00-04:00,2026-08-24 02:15:00-04:00,69.272,68.981,yes
KXSILVER15M-26AUG240200,Target Price: $68.693,2026-08-24 01:45:00-04:00,2026-08-24 02:00:00-04:00,68.981,68.693,yes
KXSILVER15M-26AUG240145,Target Price: $68.817,2026-08-24 01:30:00-04:00,2026-08-24 01:45:00-04:00,68.693,68.817,no
KXSILVER15M-26AUG240130,Target Price: $69.020,2026-08-24 01:15:00-04:00,2026-08-24 01:30:00-04:00,68.817,69.02,no
KXSILVER15M-26AUG240115,Target Price: $68.887,2026-08-24 01:00:00-04:00,2026-08-24 01:15:00-04:00,69.020,68.887,yes
KXSILVER15M-26AUG240100,Target Price: $68.927,2026-08-24 00:45:00-04:00,2026-08-24 01:00:00-04:00,68.887,68.927,no
KXSILVER15M-26AUG240045,Target Price: $68.964,2026-08-24 00:30:00-04:00,2026-08-24 00:45:00-04:00,68.927,68.964,no
KXSILVER15M-26AUG240030,Target Price: $68.969,2026-08-24 00:15:00-04:00,2026-08-24 00:30:00-04:00,68.964,68.969,no
KXSILVER15M-26AUG240015,Target Price: $68.977,2026-08-24 00:00:00-04:00,2026-08-24 00:15:00-04:00,68.969,68.977,no
KXSILVER15M-26AUG240000,Target Price: $69.035,2026-08-23 23:45:00-04:00,2026-08-24 00:00:00-04:00,68.977,69.035,no
KXSILVER15M-26AUG232345,Target Price: $68.975,2026-08-23 23:30:00-04:00,2026-08-23 23:45:00-04:00,69.035,68.975,yes
KXSILVER15M-26AUG232330,Target Price: $68.918,2026-08-23 23:15:00-04:00,2026-08-23 23:30:00-04:00,68.975,68.918,yes
KXSILVER15M-26AUG232315,Target Price: $68.955,2026-08-23 23:00:00-04:00,2026-08-23 23:15:00-04:00,68.918,68.955,no
KXSILVER15M-26AUG232300,Target Price: $68.937,2026-08-23 22:45:00-04:00,2026-08-23 23:00:00-04:00,68.955,68.937,yes
KXSILVER15M-26AUG232245,Target Price: $69.275,2026-08-23 22:30:00-04:00,2026-08-23 22:45:00-04:00,68.937,69.275,no
KXSILVER15M-26AUG232230,Target Price: $69.240,2026-08-23 22:15:00-04:00,2026-08-23 22:30:00-04:00,69.275,69.24,yes
KXSILVER15M-26AUG232215,Target Price: $68.849,2026-08-23 22:00:00-04:00,2026-08-23 22:15:00-04:00,69.240,68.849,yes
KXSILVER15M-26AUG232200,Target Price: $68.643,2026-08-23 21:45:00-04:00,2026-08-23 22:00:00-04:00,68.849,68.643,yes
KXSILVER15M-26AUG232145,Target Price: $68.622,2026-08-23 21:30:00-04:00,2026-08-23 21:45:00-04:00,68.643,68.622,yes
KXSILVER15M-26AUG232130,Target Price: $68.988,2026-08-23 21:15:00-04:00,2026-08-23 21:30:00-04:00,68.622,68.988,no
KXSILVER15M-26AUG232115,Target Price: $69.333,2026-08-23 21:00:00-04:00,2026-08-23 21:15:00-04:00,68.988,69.333,no
KXSILVER15M-26AUG232100,Target Price: $68.880,2026-08-23 20:45:00-04:00,2026-08-23 21:00:00-04:00,69.333,68.88,yes
KXSILVER15M-26AUG232045,Target Price: $68.995,2026-08-23 20:30:00-04:00,2026-08-23 20:45:00-04:00,68.880,68.995,no
KXSILVER15M-26AUG232030,Target Price: $69.535,2026-08-23 20:15:00-04:00,2026-08-23 20:30:00-04:00,68.995,69.535,no
KXSILVER15M-26AUG232015,Target Price: $69.368,2026-08-23 20:00:00-04:00,2026-08-23 20:15:00-04:00,69.535,69.368,yes
KXSILVER15M-26AUG232000,Target Price: $69.108,2026-08-23 19:45:00-04:00,2026-08-23 20:00:00-04:00,69.368,69.108,yes
KXSILVER15M-26AUG231945,Target Price: $69.145,2026-08-23 19:30:00-04:00,2026-08-23 19:45:00-04:00,69.108,69.145,no
KXSILVER15M-26AUG231930,Target Price: $68.995,2026-08-23 19:15:00-04:00,2026-08-23 19:30:00-04:00,69.145,68.995,yes
KXSILVER15M-26AUG231915,Target Price: $68.939,2026-08-23 19:00:00-04:00,2026-08-23 19:15:00-04:00,68.995,68.939,yes
KXSILVER15M-26AUG231900,Target Price: $69.094,2026-08-23 18:45:00-04:00,2026-08-23 19:00:00-04:00,68.939,69.094,no
KXSILVER15M-26AUG231845,Target Price: $69.180,2026-08-23 18:30:00-04:00,2026-08-23 18:45:00-04:00,69.094,69.18,no
KXSILVER15M-26AUG231830,Target Price: $69.391,2026-08-23 18:15:00-04:00,2026-08-23 18:30:00-04:00,69.180,69.391,no
KXSILVER15M-26AUG231815,Target Price: $69.124,2026-08-23 18:00:00-04:00,2026-08-23 18:15:00-04:00,69.391,69.124,yes
KXSILVER15M-26AUG220000,Target Price: $69.214,2026-08-21 23:45:00-04:00,2026-08-22 00:00:00-04:00,69.219,69.214,yes
KXSILVER15M-26AUG212345,Target Price: $69.237,2026-08-21 23:30:00-04:00,2026-08-21 23:45:00-04:00,69.214,69.237,no
KXSILVER15M-26AUG212330,Target Price: $69.245,2026-08-21 23:15:00-04:00,2026-08-21 23:30:00-04:00,69.237,69.245,no
KXSILVER15M-26AUG212315,Target Price: $69.188,2026-08-21 23:00:00-04:00,2026-08-21 23:15:00-04:00,69.245,69.188,yes
KXSILVER15M-26AUG212300,Target Price: $69.166,2026-08-21 22:45:00-04:00,2026-08-21 23:00:00-04:00,69.188,69.166,yes
KXSILVER15M-26AUG212245,Target Price: $69.195,2026-08-21 22:30:00-04:00,2026-08-21 22:45:00-04:00,69.166,69.195,no
KXSILVER15M-26AUG212230,Target Price: $69.185,2026-08-21 22:15:00-04:00,2026-08-21 22:30:00-04:00,69.195,69.185,yes
KXSILVER15M-26AUG212215,Target Price: $69.122,2026-08-21 22:00:00-04:00,2026-08-21 22:15:00-04:00,69.185,69.122,yes
KXSILVER15M-26AUG212200,Target Price: $69.100,2026-08-21 21:45:00-04:00,2026-08-21 22:00:00-04:00,69.122,69.1,yes
KXSILVER15M-26AUG212145,Target Price: $69.130,2026-08-21 21:30:00-04:00,2026-08-21 21:45:00-04:00,69.100,69.13,no
KXSILVER15M-26AUG212130,Target Price: $69.089,2026-08-21 21:15:00-04:00,2026-08-21 21:30:00-04:00,69.130,69.089,yes
KXSILVER15M-26AUG212115,Target Price: $69.091,2026-08-21 21:00:00-04:00,2026-08-21 21:15:00-04:00,69.089,69.091,no
KXSILVER15M-26AUG212100,Target Price: $69.105,2026-08-21 20:45:00-04:00,2026-08-21 21:00:00-04:00,69.091,69.105,no
KXSILVER15M-26AUG212045,Target Price: $69.104,2026-08-21 20:30:00-04:00,2026-08-21 20:45:00-04:00,69.105,69.104,yes
KXSILVER15M-26AUG212030,Target Price: $69.101,2026-08-21 20:15:00-04:00,2026-08-21 20:30:00-04:00,69.104,69.101,yes
KXSILVER15M-26AUG212015,Target Price: $69.153,2026-08-21 20:00:00-04:00,2026-08-21 20:15:00-04:00,69.101,69.153,no
KXSILVER15M-26AUG212000,Target Price: $69.200,2026-08-21 19:45:00-04:00,2026-08-21 20:00:00-04:00,69.153,69.2,no
KXSILVER15M-26AUG211945,Target Price: $69.201,2026-08-21 19:30:00-04:00,2026-08-21 19:45:00-04:00,69.200,69.201,no
KXSILVER15M-26AUG211930,Target Price: $69.164,2026-08-21 19:15:00-04:00,2026-08-21 19:30:00-04:00,69.201,69.164,yes
KXSILVER15M-26AUG211915,Target Price: $69.161,2026-08-21 19:00:00-04:00,2026-08-21 19:15:00-04:00,69.164,69.161,yes
KXSILVER15M-26AUG211900,Target Price: $69.106,2026-08-21 18:45:00-04:00,2026-08-21 19:00:00-04:00,69.161,69.106,yes
KXSILVER15M-26AUG211845,Target Price: $69.121,2026-08-21 18:30:00-04:00,2026-08-21 18:45:00-04:00,69.106,69.121,no
KXSILVER15M-26AUG211830,Target Price: $69.053,2026-08-21 18:15:00-04:00,2026-08-21 18:30:00-04:00,69.121,69.053,yes
KXSILVER15M-26AUG211815,Target Price: $69.155,2026-08-21 18:00:00-04:00,2026-08-21 18:15:00-04:00,69.053,69.155,no
KXSILVER15M-26AUG211800,Target Price: $69.185,2026-08-21 17:45:00-04:00,2026-08-21 18:00:00-04:00,69.155,69.185,no
KXSILVER15M-26AUG211745,Target Price: $69.127,2026-08-21 17:30:00-04:00,2026-08-21 17:45:00-04:00,69.185,69.127,yes
KXSILVER15M-26AUG211730,Target Price: $69.105,2026-08-21 17:15:00-04:00,2026-08-21 17:30:00-04:00,69.127,69.105,yes
KXSILVER15M-26AUG211715,Target Price: $68.989,2026-08-21 17:00:00-04:00,2026-08-21 17:15:00-04:00,69.105,68.989,yes
KXSILVER15M-26AUG211700,Target Price: $68.993,2026-08-21 16:45:00-04:00,2026-08-21 17:00:00-04:00,68.989,68.993,no
KXSILVER15M-26AUG211645,Target Price: $69.011,2026-08-21 16:30:00-04:00,2026-08-21 16:45:00-04:00,68.993,69.011,no
KXSILVER15M-26AUG211630,Target Price: $69.296,2026-08-21 16:15:00-04:00,2026-08-21 16:30:00-04:00,69.011,69.296,no
KXSILVER15M-26AUG211615,Target Price: $69.394,2026-08-21 16:00:00-04:00,2026-08-21 16:15:00-04:00,69.296,69.394,no
KXSILVER15M-26AUG211600,Target Price: $69.301,2026-08-21 15:45:00-04:00,2026-08-21 16:00:00-04:00,69.394,69.301,yes
KXSILVER15M-26AUG211545,Target Price: $69.419,2026-08-21 15:30:00-04:00,2026-08-21 15:45:00-04:00,69.301,69.419,no
KXSILVER15M-26AUG211530,Target Price: $69.553,2026-08-21 15:15:00-04:00,2026-08-21 15:30:00-04:00,69.419,69.553,no
KXSILVER15M-26AUG211515,Target Price: $69.603,2026-08-21 15:00:00-04:00,2026-08-21 15:15:00-04:00,69.553,69.603,no
KXSILVER15M-26AUG211500,Target Price: $69.553,2026-08-21 14:45:00-04:00,2026-08-21 15:00:00-04:00,69.603,69.553,yes
KXSILVER15M-26AUG211445,Target Price: $69.624,2026-08-21 14:30:00-04:00,2026-08-21 14:45:00-04:00,69.553,69.624,no
KXSILVER15M-26AUG211430,Target Price: $69.571,2026-08-21 14:15:00-04:00,2026-08-21 14:30:00-04:00,69.624,69.571,yes
KXSILVER15M-26AUG211415,Target Price: $69.506,2026-08-21 14:00:00-04:00,2026-08-21 14:15:00-04:00,69.571,69.506,yes
KXSILVER15M-26AUG211400,Target Price: $69.573,2026-08-21 13:45:00-04:00,2026-08-21 14:00:00-04:00,69.506,69.573,no
KXSILVER15M-26AUG211345,Target Price: $69.594,2026-08-21 13:30:00-04:00,2026-08-21 13:45:00-04:00,69.573,69.594,no
KXSILVER15M-26AUG211330,Target Price: $69.713,2026-08-21 13:15:00-04:00,2026-08-21 13:30:00-04:00,69.594,69.713,no
KXSILVER15M-26AUG211315,Target Price: $69.902,2026-08-21 13:00:00-04:00,2026-08-21 13:15:00-04:00,69.713,69.902,no
KXSILVER15M-26AUG211300,Target Price: $69.759,2026-08-21 12:45:00-04:00,2026-08-21 13:00:00-04:00,69.902,69.759,yes
KXSILVER15M-26AUG211245,Target Price: $69.558,2026-08-21 12:30:00-04:00,2026-08-21 12:45:00-04:00,69.759,69.558,yes
KXSILVER15M-26AUG211230,Target Price: $69.444,2026-08-21 12:15:00-04:00,2026-08-21 12:30:00-04:00,69.558,69.444,yes
KXSILVER15M-26AUG211215,Target Price: $69.536,2026-08-21 12:00:00-04:00,2026-08-21 12:15:00-04:00,69.444,69.536,no
KXSILVER15M-26AUG211200,Target Price: $69.511,2026-08-21 11:45:00-04:00,2026-08-21 12:00:00-04:00,69.536,69.511,yes
KXSILVER15M-26AUG211145,Target Price: $69.465,2026-08-21 11:30:00-04:00,2026-08-21 11:45:00-04:00,69.511,69.465,yes
KXSILVER15M-26AUG211130,Target Price: $69.255,2026-08-21 11:15:00-04:00,2026-08-21 11:30:00-04:00,69.465,69.255,yes
KXSILVER15M-26AUG211115,Target Price: $69.151,2026-08-21 11:00:00-04:00,2026-08-21 11:15:00-04:00,69.255,69.151,yes
KXSILVER15M-26AUG211100,Target Price: $69.008,2026-08-21 10:45:00-04:00,2026-08-21 11:00:00-04:00,69.151,69.008,yes
KXSILVER15M-26AUG211045,Target Price: $69.717,2026-08-21 10:30:00-04:00,2026-08-21 10:45:00-04:00,69.008,69.717,no
KXSILVER15M-26AUG211030,Target Price: $69.540,2026-08-21 10:15:00-04:00,2026-08-21 10:30:00-04:00,69.717,69.54,yes
KXSILVER15M-26AUG211015,Target Price: $69.352,2026-08-21 10:00:00-04:00,2026-08-21 10:15:00-04:00,69.540,69.352,yes
KXSILVER15M-26AUG211000,Target Price: $69.721,2026-08-21 09:45:00-04:00,2026-08-21 10:00:00-04:00,69.352,69.721,no
KXSILVER15M-26AUG210945,Target Price: $69.578,2026-08-21 09:30:00-04:00,2026-08-21 09:45:00-04:00,69.721,69.578,yes
KXSILVER15M-26AUG210930,Target Price: $69.595,2026-08-21 09:15:00-04:00,2026-08-21 09:30:00-04:00,69.578,69.595,no
KXSILVER15M-26AUG210915,Target Price: $69.432,2026-08-21 09:00:00-04:00,2026-08-21 09:15:00-04:00,69.595,69.432,yes
KXSILVER15M-26AUG210900,Target Price: $69.347,2026-08-21 08:45:00-04:00,2026-08-21 09:00:00-04:00,69.432,69.347,yes
KXSILVER15M-26AUG210845,Target Price: $69.471,2026-08-21 08:30:00-04:00,2026-08-21 08:45:00-04:00,69.347,69.471,no
KXSILVER15M-26AUG210830,Target Price: $69.506,2026-08-21 08:15:00-04:00,2026-08-21 08:30:00-04:00,69.471,69.506,no
KXSILVER15M-26AUG210815,Target Price: $69.710,2026-08-21 08:00:00-04:00,2026-08-21 08:15:00-04:00,69.506,69.71,no
KXSILVER15M-26AUG210800,Target Price: $69.871,2026-08-21 07:45:00-04:00,2026-08-21 08:00:00-04:00,69.710,69.871,no
KXSILVER15M-26AUG210745,Target Price: $69.982,2026-08-21 07:30:00-04:00,2026-08-21 07:45:00-04:00,69.871,69.982,no
KXSILVER15M-26AUG210730,Target Price: $69.694,2026-08-21 07:15:00-04:00,2026-08-21 07:30:00-04:00,69.982,69.694,yes
KXSILVER15M-26AUG210715,Target Price: $69.501,2026-08-21 07:00:00-04:00,2026-08-21 07:15:00-04:00,69.694,69.501,yes
KXSILVER15M-26AUG210700,Target Price: $69.447,2026-08-21 06:45:00-04:00,2026-08-21 07:00:00-04:00,69.501,69.447,yes
KXSILVER15M-26AUG210645,Target Price: $69.419,2026-08-21 06:30:00-04:00,2026-08-21 06:45:00-04:00,69.447,69.419,yes
KXSILVER15M-26AUG210630,Target Price: $69.230,2026-08-21 06:15:00-04:00,2026-08-21 06:30:00-04:00,69.419,69.23,yes
KXSILVER15M-26AUG210615,Target Price: $69.439,2026-08-21 06:00:00-04:00,2026-08-21 06:15:00-04:00,69.230,69.439,no
KXSILVER15M-26AUG210600,Target Price: $69.484,2026-08-21 05:45:00-04:00,2026-08-21 06:00:00-04:00,69.439,69.484,no
KXSILVER15M-26AUG210545,Target Price: $69.495,2026-08-21 05:30:00-04:00,2026-08-21 05:45:00-04:00,69.484,69.495,no
KXSILVER15M-26AUG210530,Target Price: $69.984,2026-08-21 05:15:00-04:00,2026-08-21 05:30:00-04:00,69.495,69.984,no
KXSILVER15M-26AUG210515,Target Price: $69.829,2026-08-21 05:00:00-04:00,2026-08-21 05:15:00-04:00,69.984,69.829,yes
KXSILVER15M-26AUG210500,Target Price: $69.806,2026-08-21 04:45:00-04:00,2026-08-21 05:00:00-04:00,69.829,69.806,yes
KXSILVER15M-26AUG210445,Target Price: $69.706,2026-08-21 04:30:00-04:00,2026-08-21 04:45:00-04:00,69.806,69.706,yes
KXSILVER15M-26AUG210430,Target Price: $69.265,2026-08-21 04:15:00-04:00,2026-08-21 04:30:00-04:00,69.706,69.265,yes
KXSILVER15M-26AUG210415,Target Price: $69.340,2026-08-21 04:00:00-04:00,2026-08-21 04:15:00-04:00,69.265,69.34,no
KXSILVER15M-26AUG210400,Target Price: $69.176,2026-08-21 03:45:00-04:00,2026-08-21 04:00:00-04:00,69.340,69.176,yes
KXSILVER15M-26AUG210345,Target Price: $68.954,2026-08-21 03:30:00-04:00,2026-08-21 03:45:00-04:00,69.176,68.954,yes
KXSILVER15M-26AUG210330,Target Price: $68.969,2026-08-21 03:15:00-04:00,2026-08-21 03:30:00-04:00,68.954,68.969,no
KXSILVER15M-26AUG210315,Target Price: $68.856,2026-08-21 03:00:00-04:00,2026-08-21 03:15:00-04:00,68.969,68.856,yes
KXSILVER15M-26AUG210300,Target Price: $68.944,2026-08-21 02:45:00-04:00,2026-08-21 03:00:00-04:00,68.856,68.944,no
KXSILVER15M-26AUG210245,Target Price: $68.874,2026-08-21 02:30:00-04:00,2026-08-21 02:45:00-04:00,68.944,68.874,yes
KXSILVER15M-26AUG210230,Target Price: $68.897,2026-08-21 02:15:00-04:00,2026-08-21 02:30:00-04:00,68.874,68.897,no
KXSILVER15M-26AUG210215,Target Price: $69.187,2026-08-21 02:00:00-04:00,2026-08-21 02:15:00-04:00,68.897,69.187,no
KXSILVER15M-26AUG210200,Target Price: $69.010,2026-08-21 01:45:00-04:00,2026-08-21 02:00:00-04:00,69.187,69.01,yes
KXSILVER15M-26AUG210145,Target Price: $68.807,2026-08-21 01:30:00-04:00,2026-08-21 01:45:00-04:00,69.010,68.807,yes
KXSILVER15M-26AUG210130,Target Price: $68.976,2026-08-21 01:15:00-04:00,2026-08-21 01:30:00-04:00,68.807,68.976,no
KXSILVER15M-26AUG210115,Target Price: $68.987,2026-08-21 01:00:00-04:00,2026-08-21 01:15:00-04:00,68.976,68.987,no
KXSILVER15M-26AUG210100,Target Price: $69.001,2026-08-21 00:45:00-04:00,2026-08-21 01:00:00-04:00,68.987,69.001,no
KXSILVER15M-26AUG210045,Target Price: $69.168,2026-08-21 00:30:00-04:00,2026-08-21 00:45:00-04:00,69.001,69.168,no
KXSILVER15M-26AUG210030,Target Price: $69.029,2026-08-21 00:15:00-04:00,2026-08-21 00:30:00-04:00,69.168,69.029,yes
KXSILVER15M-26AUG210000,Target Price: $68.806,2026-08-20 23:45:00-04:00,2026-08-21 00:00:00-04:00,68.880,68.806,yes
KXSILVER15M-26AUG202345,Target Price: $68.741,2026-08-20 23:30:00-04:00,2026-08-20 23:45:00-04:00,68.806,68.741,yes
KXSILVER15M-26AUG202330,Target Price: $68.867,2026-08-20 23:15:00-04:00,2026-08-20 23:30:00-04:00,68.741,68.867,no
KXSILVER15M-26AUG202315,Target Price: $68.731,2026-08-20 23:00:00-04:00,2026-08-20 23:15:00-04:00,68.867,68.731,yes
KXSILVER15M-26AUG202300,Target Price: $68.897,2026-08-20 22:45:00-04:00,2026-08-20 23:00:00-04:00,68.731,68.897,no
KXSILVER15M-26AUG202245,Target Price: $68.608,2026-08-20 22:30:00-04:00,2026-08-20 22:45:00-04:00,68.897,68.608,yes
KXSILVER15M-26AUG202230,Target Price: $68.413,2026-08-20 22:15:00-04:00,2026-08-20 22:30:00-04:00,68.608,68.413,yes
KXSILVER15M-26AUG202215,Target Price: $68.555,2026-08-20 22:00:00-04:00,2026-08-20 22:15:00-04:00,68.413,68.555,no
KXSILVER15M-26AUG202200,Target Price: $68.383,2026-08-20 21:45:00-04:00,2026-08-20 22:00:00-04:00,68.555,68.383,yes
KXSILVER15M-26AUG202145,Target Price: $68.506,2026-08-20 21:30:00-04:00,2026-08-20 21:45:00-04:00,68.383,68.506,no
KXSILVER15M-26AUG202130,Target Price: $68.421,2026-08-20 21:15:00-04:00,2026-08-20 21:30:00-04:00,68.506,68.421,yes
KXSILVER15M-26AUG202115,Target Price: $67.986,2026-08-20 21:00:00-04:00,2026-08-20 21:15:00-04:00,68.421,67.986,yes
KXSILVER15M-26AUG202100,Target Price: $68.096,2026-08-20 20:45:00-04:00,2026-08-20 21:00:00-04:00,67.986,68.096,no
KXSILVER15M-26AUG202045,Target Price: $68.055,2026-08-20 20:30:00-04:00,2026-08-20 20:45:00-04:00,68.096,68.055,yes
KXSILVER15M-26AUG202030,Target Price: $68.125,2026-08-20 20:15:00-04:00,2026-08-20 20:30:00-04:00,68.055,68.125,no
KXSILVER15M-26AUG202015,Target Price: $68.207,2026-08-20 20:00:00-04:00,2026-08-20 20:15:00-04:00,68.125,68.207,no
KXSILVER15M-26AUG202000,Target Price: $68.240,2026-08-20 19:45:00-04:00,2026-08-20 20:00:00-04:00,68.207,68.24,no
KXSILVER15M-26AUG201945,Target Price: $68.318,2026-08-20 19:30:00-04:00,2026-08-20 19:45:00-04:00,68.240,68.318,no
KXSILVER15M-26AUG201930,Target Price: $68.386,2026-08-20 19:15:00-04:00,2026-08-20 19:30:00-04:00,68.318,68.386,no
KXSILVER15M-26AUG201915,Target Price: $68.261,2026-08-20 19:00:00-04:00,2026-08-20 19:15:00-04:00,68.386,68.261,yes
KXSILVER15M-26AUG201900,Target Price: $68.216,2026-08-20 18:45:00-04:00,2026-08-20 19:00:00-04:00,68.261,68.216,yes
KXSILVER15M-26AUG201845,Target Price: $68.139,2026-08-20 18:30:00-04:00,2026-08-20 18:45:00-04:00,68.216,68.139,yes
KXSILVER15M-26AUG201830,Target Price: $68.116,2026-08-20 18:15:00-04:00,2026-08-20 18:30:00-04:00,68.139,68.116,yes
KXSILVER15M-26AUG201815,Target Price: $68.143,2026-08-20 18:00:00-04:00,2026-08-20 18:15:00-04:00,68.116,68.143,no
KXSILVER15M-26AUG201800,Target Price: $68.162,2026-08-20 17:45:00-04:00,2026-08-20 18:00:00-04:00,68.143,68.162,no
KXSILVER15M-26AUG201745,Target Price: $68.153,2026-08-20 17:30:00-04:00,2026-08-20 17:45:00-04:00,68.162,68.153,yes
KXSILVER15M-26AUG201730,Target Price: $68.158,2026-08-20 17:15:00-04:00,2026-08-20 17:30:00-04:00,68.153,68.158,no
KXSILVER15M-26AUG201715,Target Price: $68.095,2026-08-20 17:00:00-04:00,2026-08-20 17:15:00-04:00,68.158,68.095,yes
KXSILVER15M-26AUG201700,Target Price: $68.095,2026-08-20 16:45:00-04:00,2026-08-20 17:00:00-04:00,68.095,68.095,yes
KXSILVER15M-26AUG201645,Target Price: $68.104,2026-08-20 16:30:00-04:00,2026-08-20 16:45:00-04:00,68.095,68.104,no
KXSILVER15M-26AUG201630,Target Price: $68.163,2026-08-20 16:15:00-04:00,2026-08-20 16:30:00-04:00,68.104,68.163,no
KXSILVER15M-26AUG201615,Target Price: $68.270,2026-08-20 16:00:00-04:00,2026-08-20 16:15:00-04:00,68.163,68.27,no
KXSILVER15M-26AUG201600,Target Price: $68.130,2026-08-20 15:45:00-04:00,2026-08-20 16:00:00-04:00,68.270,68.13,yes
KXSILVER15M-26AUG201545,Target Price: $68.110,2026-08-20 15:30:00-04:00,2026-08-20 15:45:00-04:00,68.130,68.11,yes
KXSILVER15M-26AUG201530,Target Price: $68.213,2026-08-20 15:15:00-04:00,2026-08-20 15:30:00-04:00,68.110,68.213,no
KXSILVER15M-26AUG201515,Target Price: $67.929,2026-08-20 15:00:00-04:00,2026-08-20 15:15:00-04:00,68.213,67.929,yes
KXSILVER15M-26AUG201500,Target Price: $67.960,2026-08-20 14:45:00-04:00,2026-08-20 15:00:00-04:00,67.929,67.96,no
KXSILVER15M-26AUG201445,Target Price: $68.025,2026-08-20 14:30:00-04:00,2026-08-20 14:45:00-04:00,67.960,68.025,no
KXSILVER15M-26AUG201430,Target Price: $67.805,2026-08-20 14:15:00-04:00,2026-08-20 14:30:00-04:00,68.025,67.805,yes
KXSILVER15M-26AUG201415,Target Price: $68.173,2026-08-20 14:00:00-04:00,2026-08-20 14:15:00-04:00,67.805,68.173,no
KXSILVER15M-26AUG201400,Target Price: $68.184,2026-08-20 13:45:00-04:00,2026-08-20 14:00:00-04:00,68.173,68.184,no
KXSILVER15M-26AUG201345,Target Price: $68.103,2026-08-20 13:30:00-04:00,2026-08-20 13:45:00-04:00,68.184,68.103,yes
KXSILVER15M-26AUG201330,Target Price: $68.226,2026-08-20 13:15:00-04:00,2026-08-20 13:30:00-04:00,68.103,68.226,no
KXSILVER15M-26AUG201315,Target Price: $68.226,2026-08-20 13:00:00-04:00,2026-08-20 13:15:00-04:00,68.226,68.226,yes
KXSILVER15M-26AUG201300,Target Price: $68.128,2026-08-20 12:45:00-04:00,2026-08-20 13:00:00-04:00,68.226,68.128,yes
KXSILVER15M-26AUG201245,Target Price: $68.022,2026-08-20 12:30:00-04:00,2026-08-20 12:45:00-04:00,68.128,68.022,yes
KXSILVER15M-26AUG201230,Target Price: $68.126,2026-08-20 12:15:00-04:00,2026-08-20 12:30:00-04:00,68.022,68.126,no
KXSILVER15M-26AUG201215,Target Price: $68.326,2026-08-20 12:00:00-04:00,2026-08-20 12:15:00-04:00,68.126,68.326,no
KXSILVER15M-26AUG201200,Target Price: $68.175,2026-08-20 11:45:00-04:00,2026-08-20 12:00:00-04:00,68.326,68.175,yes
KXSILVER15M-26AUG201145,Target Price: $68.755,2026-08-20 11:30:00-04:00,2026-08-20 11:45:00-04:00,68.175,68.755,no
KXSILVER15M-26AUG201130,Target Price: $68.828,2026-08-20 11:15:00-04:00,2026-08-20 11:30:00-04:00,68.755,68.828,no
KXSILVER15M-26AUG201115,Target Price: $68.391,2026-08-20 11:00:00-04:00,2026-08-20 11:15:00-04:00,68.828,68.391,yes
KXSILVER15M-26AUG201100,Target Price: $67.731,2026-08-20 10:45:00-04:00,2026-08-20 11:00:00-04:00,68.391,67.731,yes
KXSILVER15M-26AUG201045,Target Price: $67.484,2026-08-20 10:30:00-04:00,2026-08-20 10:45:00-04:00,67.731,67.484,yes
KXSILVER15M-26AUG201030,Target Price: $67.389,2026-08-20 10:15:00-04:00,2026-08-20 10:30:00-04:00,67.484,67.389,yes
KXSILVER15M-26AUG201015,Target Price: $67.173,2026-08-20 10:00:00-04:00,2026-08-20 10:15:00-04:00,67.389,67.173,yes
KXSILVER15M-26AUG201000,Target Price: $67.403,2026-08-20 09:45:00-04:00,2026-08-20 10:00:00-04:00,67.173,67.403,no
KXSILVER15M-26AUG200945,Target Price: $66.723,2026-08-20 09:30:00-04:00,2026-08-20 09:45:00-04:00,67.403,66.723,yes
KXSILVER15M-26AUG200930,Target Price: $66.726,2026-08-20 09:15:00-04:00,2026-08-20 09:30:00-04:00,66.723,66.726,no
KXSILVER15M-26AUG200915,Target Price: $66.546,2026-08-20 09:00:00-04:00,2026-08-20 09:15:00-04:00,66.726,66.546,yes
KXSILVER15M-26AUG200900,Target Price: $66.360,2026-08-20 08:45:00-04:00,2026-08-20 09:00:00-04:00,66.546,66.36,yes
KXSILVER15M-26AUG200845,Target Price: $66.127,2026-08-20 08:30:00-04:00,2026-08-20 08:45:00-04:00,66.360,66.127,yes
KXSILVER15M-26AUG200830,Target Price: $65.917,2026-08-20 08:15:00-04:00,2026-08-20 08:30:00-04:00,66.127,65.917,yes
KXSILVER15M-26AUG200815,Target Price: $66.163,2026-08-20 08:00:00-04:00,2026-08-20 08:15:00-04:00,65.917,66.163,no
KXSILVER15M-26AUG200800,Target Price: $66.532,2026-08-20 07:45:00-04:00,2026-08-20 08:00:00-04:00,66.163,66.532,no
KXSILVER15M-26AUG200745,Target Price: $66.672,2026-08-20 07:30:00-04:00,2026-08-20 07:45:00-04:00,66.532,66.672,no
KXSILVER15M-26AUG200730,Target Price: $66.718,2026-08-20 07:15:00-04:00,2026-08-20 07:30:00-04:00,66.672,66.718,no
KXSILVER15M-26AUG200715,Target Price: $66.863,2026-08-20 07:00:00-04:00,2026-08-20 07:15:00-04:00,66.718,66.863,no
KXSILVER15M-26AUG200700,Target Price: $66.843,2026-08-20 06:45:00-04:00,2026-08-20 07:00:00-04:00,66.863,66.843,yes
KXSILVER15M-26AUG200645,Target Price: $66.910,2026-08-20 06:30:00-04:00,2026-08-20 06:45:00-04:00,66.843,66.91,no
KXSILVER15M-26AUG200630,Target Price: $66.947,2026-08-20 06:15:00-04:00,2026-08-20 06:30:00-04:00,66.910,66.947,no
KXSILVER15M-26AUG200615,Target Price: $66.697,2026-08-20 06:00:00-04:00,2026-08-20 06:15:00-04:00,66.947,66.697,yes
KXSILVER15M-26AUG200600,Target Price: $66.729,2026-08-20 05:45:00-04:00,2026-08-20 06:00:00-04:00,66.697,66.729,no
KXSILVER15M-26AUG200545,Target Price: $66.694,2026-08-20 05:30:00-04:00,2026-08-20 05:45:00-04:00,66.729,66.694,yes
KXSILVER15M-26AUG200530,Target Price: $66.711,2026-08-20 05:15:00-04:00,2026-08-20 05:30:00-04:00,66.694,66.711,no
KXSILVER15M-26AUG200515,Target Price: $66.662,2026-08-20 05:00:00-04:00,2026-08-20 05:15:00-04:00,66.711,66.662,yes
KXSILVER15M-26AUG200300,Target Price: $67.051,2026-08-20 02:45:00-04:00,2026-08-20 03:00:00-04:00,67.015,67.051,no
KXSILVER15M-26AUG200245,Target Price: $67.048,2026-08-20 02:30:00-04:00,2026-08-20 02:45:00-04:00,67.051,67.048,yes
KXSILVER15M-26AUG200230,Target Price: $67.108,2026-08-20 02:15:00-04:00,2026-08-20 02:30:00-04:00,67.048,67.108,no
KXSILVER15M-26AUG200215,Target Price: $66.800,2026-08-20 02:00:00-04:00,2026-08-20 02:15:00-04:00,67.108,66.8,yes
KXSILVER15M-26AUG200200,Target Price: $66.803,2026-08-20 01:45:00-04:00,2026-08-20 02:00:00-04:00,66.800,66.803,no
KXSILVER15M-26AUG200145,Target Price: $66.909,2026-08-20 01:30:00-04:00,2026-08-20 01:45:00-04:00,66.803,66.909,no
KXSILVER15M-26AUG200130,Target Price: $67.007,2026-08-20 01:15:00-04:00,2026-08-20 01:30:00-04:00,66.909,67.007,no
KXSILVER15M-26AUG200115,Target Price: $67.085,2026-08-20 01:00:00-04:00,2026-08-20 01:15:00-04:00,67.007,67.085,no
KXSILVER15M-26AUG200100,Target Price: $66.913,2026-08-20 00:45:00-04:00,2026-08-20 01:00:00-04:00,67.085,66.913,yes
KXSILVER15M-26AUG200045,Target Price: $67.017,2026-08-20 00:30:00-04:00,2026-08-20 00:45:00-04:00,66.913,67.017,no
KXSILVER15M-26AUG200030,Target Price: $67.132,2026-08-20 00:15:00-04:00,2026-08-20 00:30:00-04:00,67.017,67.132,no
KXSILVER15M-26AUG200015,Target Price: $67.191,2026-08-20 00:00:00-04:00,2026-08-20 00:15:00-04:00,67.132,67.191,no
KXSILVER15M-26AUG200000,Target Price: $67.066,2026-08-19 23:45:00-04:00,2026-08-20 00:00:00-04:00,67.191,67.066,yes
KXSILVER15M-26AUG192345,Target Price: $67.135,2026-08-19 23:30:00-04:00,2026-08-19 23:45:00-04:00,67.066,67.135,no
KXSILVER15M-26AUG192330,Target Price: $67.076,2026-08-19 23:15:00-04:00,2026-08-19 23:30:00-04:00,67.135,67.076,yes
KXSILVER15M-26AUG192315,Target Price: $67.042,2026-08-19 23:00:00-04:00,2026-08-19 23:15:00-04:00,67.076,67.042,yes
KXSILVER15M-26AUG192300,Target Price: $67.044,2026-08-19 22:45:00-04:00,2026-08-19 23:00:00-04:00,67.042,67.044,no
KXSILVER15M-26AUG192245,Target Price: $67.001,2026-08-19 22:30:00-04:00,2026-08-19 22:45:00-04:00,67.044,67.001,yes
KXSILVER15M-26AUG192230,Target Price: $67.307,2026-08-19 22:15:00-04:00,2026-08-19 22:30:00-04:00,67.001,67.307,no
KXSILVER15M-26AUG192215,Target Price: $66.741,2026-08-19 22:00:00-04:00,2026-08-19 22:15:00-04:00,67.307,66.741,yes
KXSILVER15M-26AUG192200,Target Price: $66.793,2026-08-19 21:45:00-04:00,2026-08-19 22:00:00-04:00,66.741,66.793,no
KXSILVER15M-26AUG192145,Target Price: $66.835,2026-08-19 21:30:00-04:00,2026-08-19 21:45:00-04:00,66.793,66.835,no
KXSILVER15M-26AUG192130,Target Price: $66.651,2026-08-19 21:15:00-04:00,2026-08-19 21:30:00-04:00,66.835,66.651,yes
KXSILVER15M-26AUG192115,Target Price: $66.775,2026-08-19 21:00:00-04:00,2026-08-19 21:15:00-04:00,66.651,66.775,no
KXSILVER15M-26AUG192100,Target Price: $66.963,2026-08-19 20:45:00-04:00,2026-08-19 21:00:00-04:00,66.775,66.963,no
KXSILVER15M-26AUG192045,Target Price: $67.023,2026-08-19 20:30:00-04:00,2026-08-19 20:45:00-04:00,66.963,67.023,no
KXSILVER15M-26AUG192030,Target Price: $67.153,2026-08-19 20:15:00-04:00,2026-08-19 20:30:00-04:00,67.023,67.153,no
KXSILVER15M-26AUG192015,Target Price: $66.969,2026-08-19 20:00:00-04:00,2026-08-19 20:15:00-04:00,67.153,66.969,yes
KXSILVER15M-26AUG192000,Target Price: $67.076,2026-08-19 19:45:00-04:00,2026-08-19 20:00:00-04:00,66.969,67.076,no
KXSILVER15M-26AUG191945,Target Price: $67.017,2026-08-19 19:30:00-04:00,2026-08-19 19:45:00-04:00,67.076,67.017,yes
KXSILVER15M-26AUG191930,Target Price: $66.981,2026-08-19 19:15:00-04:00,2026-08-19 19:30:00-04:00,67.017,66.981,yes
KXSILVER15M-26AUG191915,Target Price: $66.917,2026-08-19 19:00:00-04:00,2026-08-19 19:15:00-04:00,66.981,66.917,yes
KXSILVER15M-26AUG191900,Target Price: $66.905,2026-08-19 18:45:00-04:00,2026-08-19 19:00:00-04:00,66.917,66.905,yes
KXSILVER15M-26AUG191845,Target Price: $67.001,2026-08-19 18:30:00-04:00,2026-08-19 18:45:00-04:00,66.905,67.001,no
KXSILVER15M-26AUG191830,Target Price: $67.032,2026-08-19 18:15:00-04:00,2026-08-19 18:30:00-04:00,67.001,67.032,no
KXSILVER15M-26AUG191815,Target Price: $66.988,2026-08-19 18:00:00-04:00,2026-08-19 18:15:00-04:00,67.032,66.988,yes
KXSILVER15M-26AUG191800,Target Price: $67.012,2026-08-19 17:45:00-04:00,2026-08-19 18:00:00-04:00,66.988,67.012,no
KXSILVER15M-26AUG191745,Target Price: $66.990,2026-08-19 17:30:00-04:00,2026-08-19 17:45:00-04:00,67.012,66.99,yes
KXSILVER15M-26AUG191730,Target Price: $67.034,2026-08-19 17:15:00-04:00,2026-08-19 17:30:00-04:00,66.990,67.034,no
KXSILVER15M-26AUG191715,Target Price: $67.003,2026-08-19 17:00:00-04:00,2026-08-19 17:15:00-04:00,67.034,67.003,yes
KXSILVER15M-26AUG191700,Target Price: $66.702,2026-08-19 16:45:00-04:00,2026-08-19 17:00:00-04:00,67.003,66.702,yes
KXSILVER15M-26AUG191645,Target Price: $66.555,2026-08-19 16:30:00-04:00,2026-08-19 16:45:00-04:00,66.702,66.555,yes
KXSILVER15M-26AUG191630,Target Price: $66.340,2026-08-19 16:15:00-04:00,2026-08-19 16:30:00-04:00,66.555,66.34,yes
KXSILVER15M-26AUG191615,Target Price: $66.395,2026-08-19 16:00:00-04:00,2026-08-19 16:15:00-04:00,66.340,66.395,no
KXSILVER15M-26AUG191600,Target Price: $66.343,2026-08-19 15:45:00-04:00,2026-08-19 16:00:00-04:00,66.395,66.343,yes
KXSILVER15M-26AUG191545,Target Price: $66.398,2026-08-19 15:30:00-04:00,2026-08-19 15:45:00-04:00,66.343,66.398,no
KXSILVER15M-26AUG191530,Target Price: $66.284,2026-08-19 15:15:00-04:00,2026-08-19 15:30:00-04:00,66.398,66.284,yes
KXSILVER15M-26AUG191515,Target Price: $66.056,2026-08-19 15:00:00-04:00,2026-08-19 15:15:00-04:00,66.284,66.056,yes
KXSILVER15M-26AUG191500,Target Price: $65.935,2026-08-19 14:45:00-04:00,2026-08-19 15:00:00-04:00,66.056,65.935,yes
KXSILVER15M-26AUG191445,Target Price: $65.534,2026-08-19 14:30:00-04:00,2026-08-19 14:45:00-04:00,65.935,65.534,yes
KXSILVER15M-26AUG191430,Target Price: $65.769,2026-08-19 14:15:00-04:00,2026-08-19 14:30:00-04:00,65.534,65.769,no
KXSILVER15M-26AUG191415,Target Price: $65.713,2026-08-19 14:00:00-04:00,2026-08-19 14:15:00-04:00,65.769,65.713,yes
KXSILVER15M-26AUG191400,Target Price: $65.758,2026-08-19 13:45:00-04:00,2026-08-19 14:00:00-04:00,65.713,65.758,no
KXSILVER15M-26AUG191345,Target Price: $65.668,2026-08-19 13:30:00-04:00,2026-08-19 13:45:00-04:00,65.758,65.668,yes
KXSILVER15M-26AUG191330,Target Price: $65.827,2026-08-19 13:15:00-04:00,2026-08-19 13:30:00-04:00,65.668,65.827,no
KXSILVER15M-26AUG191315,Target Price: $65.814,2026-08-19 13:00:00-04:00,2026-08-19 13:15:00-04:00,65.827,65.814,yes
KXSILVER15M-26AUG191300,Target Price: $65.858,2026-08-19 12:45:00-04:00,2026-08-19 13:00:00-04:00,65.814,65.858,no
KXSILVER15M-26AUG191245,Target Price: $65.863,2026-08-19 12:30:00-04:00,2026-08-19 12:45:00-04:00,65.858,65.863,no
KXSILVER15M-26AUG191230,Target Price: $65.952,2026-08-19 12:15:00-04:00,2026-08-19 12:30:00-04:00,65.863,65.952,no
KXSILVER15M-26AUG191215,Target Price: $65.897,2026-08-19 12:00:00-04:00,2026-08-19 12:15:00-04:00,65.952,65.897,yes
KXSILVER15M-26AUG191200,Target Price: $65.799,2026-08-19 11:45:00-04:00,2026-08-19 12:00:00-04:00,65.897,65.799,yes
KXSILVER15M-26AUG191145,Target Price: $65.530,2026-08-19 11:30:00-04:00,2026-08-19 11:45:00-04:00,65.799,65.53,yes
KXSILVER15M-26AUG191130,Target Price: $65.640,2026-08-19 11:15:00-04:00,2026-08-19 11:30:00-04:00,65.530,65.64,no
KXSILVER15M-26AUG191115,Target Price: $65.617,2026-08-19 11:00:00-04:00,2026-08-19 11:15:00-04:00,65.640,65.617,yes
KXSILVER15M-26AUG191100,Target Price: $65.810,2026-08-19 10:45:00-04:00,2026-08-19 11:00:00-04:00,65.617,65.81,no
KXSILVER15M-26AUG191045,Target Price: $65.510,2026-08-19 10:30:00-04:00,2026-08-19 10:45:00-04:00,65.810,65.51,yes
KXSILVER15M-26AUG191030,Target Price: $65.288,2026-08-19 10:15:00-04:00,2026-08-19 10:30:00-04:00,65.510,65.288,yes
KXSILVER15M-26AUG191015,Target Price: $65.108,2026-08-19 10:00:00-04:00,2026-08-19 10:15:00-04:00,65.288,65.108,yes
KXSILVER15M-26AUG191000,Target Price: $65.124,2026-08-19 09:45:00-04:00,2026-08-19 10:00:00-04:00,65.108,65.124,no
KXSILVER15M-26AUG190945,Target Price: $65.194,2026-08-19 09:30:00-04:00,2026-08-19 09:45:00-04:00,65.124,65.194,no
KXSILVER15M-26AUG190930,Target Price: $65.035,2026-08-19 09:15:00-04:00,2026-08-19 09:30:00-04:00,65.194,65.035,yes
KXSILVER15M-26AUG190915,Target Price: $64.934,2026-08-19 09:00:00-04:00,2026-08-19 09:15:00-04:00,65.035,64.934,yes
KXSILVER15M-26AUG190900,Target Price: $65.043,2026-08-19 08:45:00-04:00,2026-08-19 09:00:00-04:00,64.934,65.043,no
KXSILVER15M-26AUG190845,Target Price: $63.775,2026-08-19 08:30:00-04:00,2026-08-19 08:45:00-04:00,65.043,63.775,yes
KXSILVER15M-26AUG190830,Target Price: $63.731,2026-08-19 08:15:00-04:00,2026-08-19 08:30:00-04:00,63.775,63.731,yes
KXSILVER15M-26AUG190815,Target Price: $63.568,2026-08-19 08:00:00-04:00,2026-08-19 08:15:00-04:00,63.731,63.568,yes
KXSILVER15M-26AUG190800,Target Price: $63.449,2026-08-19 07:45:00-04:00,2026-08-19 08:00:00-04:00,63.568,63.449,yes
KXSILVER15M-26AUG190745,Target Price: $63.599,2026-08-19 07:30:00-04:00,2026-08-19 07:45:00-04:00,63.449,63.599,no
KXSILVER15M-26AUG190730,Target Price: $63.462,2026-08-19 07:15:00-04:00,2026-08-19 07:30:00-04:00,63.599,63.462,yes
KXSILVER15M-26AUG190715,Target Price: $63.348,2026-08-19 07:00:00-04:00,2026-08-19 07:15:00-04:00,63.462,63.348,yes
KXSILVER15M-26AUG190700,Target Price: $63.335,2026-08-19 06:45:00-04:00,2026-08-19 07:00:00-04:00,63.348,63.335,yes
KXSILVER15M-26AUG190645,Target Price: $63.373,2026-08-19 06:30:00-04:00,2026-08-19 06:45:00-04:00,63.335,63.373,no
KXSILVER15M-26AUG190630,Target Price: $63.269,2026-08-19 06:15:00-04:00,2026-08-19 06:30:00-04:00,63.373,63.269,yes
KXSILVER15M-26AUG190615,Target Price: $63.279,2026-08-19 06:00:00-04:00,2026-08-19 06:15:00-04:00,63.269,63.279,no
KXSILVER15M-26AUG190600,Target Price: $63.180,2026-08-19 05:45:00-04:00,2026-08-19 06:00:00-04:00,63.279,63.18,yes
KXSILVER15M-26AUG190545,Target Price: $63.144,2026-08-19 05:30:00-04:00,2026-08-19 05:45:00-04:00,63.180,63.144,yes
KXSILVER15M-26AUG190530,Target Price: $63.155,2026-08-19 05:15:00-04:00,2026-08-19 05:30:00-04:00,63.144,63.155,no
KXSILVER15M-26AUG190515,Target Price: $63.092,2026-08-19 05:00:00-04:00,2026-08-19 05:15:00-04:00,63.155,63.092,yes
KXSILVER15M-26AUG190500,Target Price: $63.288,2026-08-19 04:45:00-04:00,2026-08-19 05:00:00-04:00,63.092,63.288,no
KXSILVER15M-26AUG190445,Target Price: $63.234,2026-08-19 04:30:00-04:00,2026-08-19 04:45:00-04:00,63.288,63.234,yes
KXSILVER15M-26AUG190430,Target Price: $63.240,2026-08-19 04:15:00-04:00,2026-08-19 04:30:00-04:00,63.234,63.24,no
KXSILVER15M-26AUG190415,Target Price: $63.090,2026-08-19 04:00:00-04:00,2026-08-19 04:15:00-04:00,63.240,63.09,yes
KXSILVER15M-26AUG190400,Target Price: $63.076,2026-08-19 03:45:00-04:00,2026-08-19 04:00:00-04:00,63.090,63.076,yes
KXSILVER15M-26AUG190345,Target Price: $63.201,2026-08-19 03:30:00-04:00,2026-08-19 03:45:00-04:00,63.076,63.201,no
KXSILVER15M-26AUG190330,Target Price: $63.202,2026-08-19 03:15:00-04:00,2026-08-19 03:30:00-04:00,63.201,63.202,no
KXSILVER15M-26AUG190315,Target Price: $63.147,2026-08-19 03:00:00-04:00,2026-08-19 03:15:00-04:00,63.202,63.147,yes
KXSILVER15M-26AUG190300,Target Price: $62.886,2026-08-19 02:45:00-04:00,2026-08-19 03:00:00-04:00,63.147,62.886,yes
KXSILVER15M-26AUG190245,Target Price: $62.902,2026-08-19 02:30:00-04:00,2026-08-19 02:45:00-04:00,62.886,62.902,no
KXSILVER15M-26AUG190230,Target Price: $62.654,2026-08-19 02:15:00-04:00,2026-08-19 02:30:00-04:00,62.902,62.654,yes
KXSILVER15M-26AUG190215,Target Price: $62.678,2026-08-19 02:00:00-04:00,2026-08-19 02:15:00-04:00,62.654,62.678,no
KXSILVER15M-26AUG190200,Target Price: $62.797,2026-08-19 01:45:00-04:00,2026-08-19 02:00:00-04:00,62.678,62.797,no
KXSILVER15M-26AUG190145,Target Price: $62.865,2026-08-19 01:30:00-04:00,2026-08-19 01:45:00-04:00,62.797,62.865,no
KXSILVER15M-26AUG190130,Target Price: $62.614,2026-08-19 01:15:00-04:00,2026-08-19 01:30:00-04:00,62.865,62.614,yes
KXSILVER15M-26AUG190115,Target Price: $62.877,2026-08-19 01:00:00-04:00,2026-08-19 01:15:00-04:00,62.614,62.877,no
KXSILVER15M-26AUG190100,Target Price: $62.811,2026-08-19 00:45:00-04:00,2026-08-19 01:00:00-04:00,62.877,62.811,yes
KXSILVER15M-26AUG190045,Target Price: $62.817,2026-08-19 00:30:00-04:00,2026-08-19 00:45:00-04:00,62.811,62.817,no
KXSILVER15M-26AUG190030,Target Price: $62.968,2026-08-19 00:15:00-04:00,2026-08-19 00:30:00-04:00,62.817,62.968,no
KXSILVER15M-26AUG190015,Target Price: $63.048,2026-08-19 00:00:00-04:00,2026-08-19 00:15:00-04:00,62.968,63.048,no
KXSILVER15M-26AUG190000,Target Price: $63.140,2026-08-18 23:45:00-04:00,2026-08-19 00:00:00-04:00,63.048,63.14,no
KXSILVER15M-26AUG182345,Target Price: $63.057,2026-08-18 23:30:00-04:00,2026-08-18 23:45:00-04:00,63.140,63.057,yes
KXSILVER15M-26AUG182330,Target Price: $63.051,2026-08-18 23:15:00-04:00,2026-08-18 23:30:00-04:00,63.057,63.051,yes
KXSILVER15M-26AUG182315,Target Price: $63.065,2026-08-18 23:00:00-04:00,2026-08-18 23:15:00-04:00,63.051,63.065,no
KXSILVER15M-26AUG182300,Target Price: $63.020,2026-08-18 22:45:00-04:00,2026-08-18 23:00:00-04:00,63.065,63.02,yes
KXSILVER15M-26AUG182245,Target Price: $63.167,2026-08-18 22:30:00-04:00,2026-08-18 22:45:00-04:00,63.020,63.167,no
KXSILVER15M-26AUG182230,Target Price: $63.110,2026-08-18 22:15:00-04:00,2026-08-18 22:30:00-04:00,63.167,63.11,yes
KXSILVER15M-26AUG182215,Target Price: $63.193,2026-08-18 22:00:00-04:00,2026-08-18 22:15:00-04:00,63.110,63.193,no
KXSILVER15M-26AUG182200,Target Price: $63.282,2026-08-18 21:45:00-04:00,2026-08-18 22:00:00-04:00,63.193,63.282,no
KXSILVER15M-26AUG182145,Target Price: $62.978,2026-08-18 21:30:00-04:00,2026-08-18 21:45:00-04:00,63.282,62.978,yes
KXSILVER15M-26AUG182130,Target Price: $63.000,2026-08-18 21:15:00-04:00,2026-08-18 21:30:00-04:00,62.978,63.0,no
KXSILVER15M-26AUG182115,Target Price: $62.974,2026-08-18 21:00:00-04:00,2026-08-18 21:15:00-04:00,63.000,62.974,yes
KXSILVER15M-26AUG182100,Target Price: $63.022,2026-08-18 20:45:00-04:00,2026-08-18 21:00:00-04:00,62.974,63.022,no
KXSILVER15M-26AUG182045,Target Price: $63.013,2026-08-18 20:30:00-04:00,2026-08-18 20:45:00-04:00,63.022,63.013,yes
KXSILVER15M-26AUG182030,Target Price: $63.035,2026-08-18 20:15:00-04:00,2026-08-18 20:30:00-04:00,63.013,63.035,no
KXSILVER15M-26AUG182015,Target Price: $62.949,2026-08-18 20:00:00-04:00,2026-08-18 20:15:00-04:00,63.035,62.949,yes
KXSILVER15M-26AUG182000,Target Price: $62.855,2026-08-18 19:45:00-04:00,2026-08-18 20:00:00-04:00,62.949,62.855,yes
KXSILVER15M-26AUG181945,Target Price: $62.869,2026-08-18 19:30:00-04:00,2026-08-18 19:45:00-04:00,62.855,62.869,no
KXSILVER15M-26AUG181930,Target Price: $63.050,2026-08-18 19:15:00-04:00,2026-08-18 19:30:00-04:00,62.869,63.05,no
KXSILVER15M-26AUG181915,Target Price: $63.176,2026-08-18 19:00:00-04:00,2026-08-18 19:15:00-04:00,63.050,63.176,no
KXSILVER15M-26AUG181900,Target Price: $63.180,2026-08-18 18:45:00-04:00,2026-08-18 19:00:00-04:00,63.176,63.18,no
KXSILVER15M-26AUG181845,Target Price: $63.265,2026-08-18 18:30:00-04:00,2026-08-18 18:45:00-04:00,63.180,63.265,no
KXSILVER15M-26AUG181830,Target Price: $63.405,2026-08-18 18:15:00-04:00,2026-08-18 18:30:00-04:00,63.265,63.405,no
KXSILVER15M-26AUG181815,Target Price: $63.511,2026-08-18 18:00:00-04:00,2026-08-18 18:15:00-04:00,63.405,63.511,no
KXSILVER15M-26AUG181800,Target Price: $63.459,2026-08-18 17:45:00-04:00,2026-08-18 18:00:00-04:00,63.511,63.459,yes
KXSILVER15M-26AUG181745,Target Price: $63.445,2026-08-18 17:30:00-04:00,2026-08-18 17:45:00-04:00,63.459,63.445,yes
KXSILVER15M-26AUG181730,Target Price: $63.420,2026-08-18 17:15:00-04:00,2026-08-18 17:30:00-04:00,63.445,63.42,yes
KXSILVER15M-26AUG181715,Target Price: $63.328,2026-08-18 17:00:00-04:00,2026-08-18 17:15:00-04:00,63.420,63.328,yes
KXSILVER15M-26AUG181700,Target Price: $63.352,2026-08-18 16:45:00-04:00,2026-08-18 17:00:00-04:00,63.328,63.352,no
KXSILVER15M-26AUG181645,Target Price: $63.472,2026-08-18 16:30:00-04:00,2026-08-18 16:45:00-04:00,63.352,63.472,no
KXSILVER15M-26AUG181630,Target Price: $63.523,2026-08-18 16:15:00-04:00,2026-08-18 16:30:00-04:00,63.472,63.523,no
KXSILVER15M-26AUG181615,Target Price: $63.554,2026-08-18 16:00:00-04:00,2026-08-18 16:15:00-04:00,63.523,63.554,no
KXSILVER15M-26AUG181600,Target Price: $63.686,2026-08-18 15:45:00-04:00,2026-08-18 16:00:00-04:00,63.554,63.686,no
KXSILVER15M-26AUG181545,Target Price: $63.819,2026-08-18 15:30:00-04:00,2026-08-18 15:45:00-04:00,63.686,63.819,no
KXSILVER15M-26AUG181530,Target Price: $63.798,2026-08-18 15:15:00-04:00,2026-08-18 15:30:00-04:00,63.819,63.798,yes
KXSILVER15M-26AUG181515,Target Price: $63.769,2026-08-18 15:00:00-04:00,2026-08-18 15:15:00-04:00,63.798,63.769,yes
KXSILVER15M-26AUG181500,Target Price: $63.786,2026-08-18 14:45:00-04:00,2026-08-18 15:00:00-04:00,63.769,63.786,no
KXSILVER15M-26AUG181445,Target Price: $63.824,2026-08-18 14:30:00-04:00,2026-08-18 14:45:00-04:00,63.786,63.824,no
KXSILVER15M-26AUG181430,Target Price: $63.811,2026-08-18 14:15:00-04:00,2026-08-18 14:30:00-04:00,63.824,63.811,yes
KXSILVER15M-26AUG181415,Target Price: $63.831,2026-08-18 14:00:00-04:00,2026-08-18 14:15:00-04:00,63.811,63.831,no
KXSILVER15M-26AUG181400,Target Price: $63.884,2026-08-18 13:45:00-04:00,2026-08-18 14:00:00-04:00,63.831,63.884,no
KXSILVER15M-26AUG181345,Target Price: $63.983,2026-08-18 13:30:00-04:00,2026-08-18 13:45:00-04:00,63.884,63.983,no
KXSILVER15M-26AUG181330,Target Price: $63.910,2026-08-18 13:15:00-04:00,2026-08-18 13:30:00-04:00,63.983,63.91,yes
KXSILVER15M-26AUG181315,Target Price: $63.872,2026-08-18 13:00:00-04:00,2026-08-18 13:15:00-04:00,63.910,63.872,yes
KXSILVER15M-26AUG181300,Target Price: $63.944,2026-08-18 12:45:00-04:00,2026-08-18 13:00:00-04:00,63.872,63.944,no
KXSILVER15M-26AUG181245,Target Price: $63.881,2026-08-18 12:30:00-04:00,2026-08-18 12:45:00-04:00,63.944,63.881,yes
KXSILVER15M-26AUG181230,Target Price: $64.032,2026-08-18 12:15:00-04:00,2026-08-18 12:30:00-04:00,63.881,64.032,no
KXSILVER15M-26AUG181215,Target Price: $63.992,2026-08-18 12:00:00-04:00,2026-08-18 12:15:00-04:00,64.032,63.992,yes
KXSILVER15M-26AUG181200,Target Price: $63.739,2026-08-18 11:45:00-04:00,2026-08-18 12:00:00-04:00,63.992,63.739,yes
KXSILVER15M-26AUG181145,Target Price: $63.670,2026-08-18 11:30:00-04:00,2026-08-18 11:45:00-04:00,63.739,63.67,yes
KXSILVER15M-26AUG181130,Target Price: $63.814,2026-08-18 11:15:00-04:00,2026-08-18 11:30:00-04:00,63.670,63.814,no
KXSILVER15M-26AUG181115,Target Price: $64.154,2026-08-18 11:00:00-04:00,2026-08-18 11:15:00-04:00,63.814,64.154,no
KXSILVER15M-26AUG181100,Target Price: $64.386,2026-08-18 10:45:00-04:00,2026-08-18 11:00:00-04:00,64.154,64.386,no
KXSILVER15M-26AUG181045,Target Price: $64.729,2026-08-18 10:30:00-04:00,2026-08-18 10:45:00-04:00,64.386,64.729,no
KXSILVER15M-26AUG181030,Target Price: $64.576,2026-08-18 10:15:00-04:00,2026-08-18 10:30:00-04:00,64.729,64.576,yes
KXSILVER15M-26AUG181015,Target Price: $64.894,2026-08-18 10:00:00-04:00,2026-08-18 10:15:00-04:00,64.576,64.894,no
KXSILVER15M-26AUG181000,Target Price: $65.109,2026-08-18 09:45:00-04:00,2026-08-18 10:00:00-04:00,64.894,65.109,no
KXSILVER15M-26AUG180945,Target Price: $64.877,2026-08-18 09:30:00-04:00,2026-08-18 09:45:00-04:00,65.109,64.877,yes
KXSILVER15M-26AUG180930,Target Price: $65.162,2026-08-18 09:15:00-04:00,2026-08-18 09:30:00-04:00,64.877,65.162,no
KXSILVER15M-26AUG180915,Target Price: $65.125,2026-08-18 09:00:00-04:00,2026-08-18 09:15:00-04:00,65.162,65.125,yes
KXSILVER15M-26AUG180900,Target Price: $65.062,2026-08-18 08:45:00-04:00,2026-08-18 09:00:00-04:00,65.125,65.062,yes
KXSILVER15M-26AUG180845,Target Price: $65.176,2026-08-18 08:30:00-04:00,2026-08-18 08:45:00-04:00,65.062,65.176,no
KXSILVER15M-26AUG180830,Target Price: $65.043,2026-08-18 08:15:00-04:00,2026-08-18 08:30:00-04:00,65.176,65.043,yes
KXSILVER15M-26AUG180815,Target Price: $65.156,2026-08-18 08:00:00-04:00,2026-08-18 08:15:00-04:00,65.043,65.156,no
KXSILVER15M-26AUG180800,Target Price: $64.975,2026-08-18 07:45:00-04:00,2026-08-18 08:00:00-04:00,65.156,64.975,yes
KXSILVER15M-26AUG180745,Target Price: $64.970,2026-08-18 07:30:00-04:00,2026-08-18 07:45:00-04:00,64.975,64.97,yes
KXSILVER15M-26AUG180730,Target Price: $65.060,2026-08-18 07:15:00-04:00,2026-08-18 07:30:00-04:00,64.970,65.06,no
KXSILVER15M-26AUG180715,Target Price: $65.127,2026-08-18 07:00:00-04:00,2026-08-18 07:15:00-04:00,65.060,65.127,no
KXSILVER15M-26AUG180700,Target Price: $65.131,2026-08-18 06:45:00-04:00,2026-08-18 07:00:00-04:00,65.127,65.131,no
KXSILVER15M-26AUG180645,Target Price: $65.018,2026-08-18 06:30:00-04:00,2026-08-18 06:45:00-04:00,65.131,65.018,yes
KXSILVER15M-26AUG180630,Target Price: $65.089,2026-08-18 06:15:00-04:00,2026-08-18 06:30:00-04:00,65.018,65.089,no
KXSILVER15M-26AUG180615,Target Price: $65.091,2026-08-18 06:00:00-04:00,2026-08-18 06:15:00-04:00,65.089,65.091,no
KXSILVER15M-26AUG180600,Target Price: $64.919,2026-08-18 05:45:00-04:00,2026-08-18 06:00:00-04:00,65.091,64.919,yes
KXSILVER15M-26AUG180545,Target Price: $64.955,2026-08-18 05:30:00-04:00,2026-08-18 05:45:00-04:00,64.919,64.955,no
KXSILVER15M-26AUG180530,Target Price: $64.976,2026-08-18 05:15:00-04:00,2026-08-18 05:30:00-04:00,64.955,64.976,no
KXSILVER15M-26AUG180515,Target Price: $65.014,2026-08-18 05:00:00-04:00,2026-08-18 05:15:00-04:00,64.976,65.014,no
KXSILVER15M-26AUG180500,Target Price: $65.082,2026-08-18 04:45:00-04:00,2026-08-18 05:00:00-04:00,65.014,65.082,no
KXSILVER15M-26AUG180445,Target Price: $64.963,2026-08-18 04:30:00-04:00,2026-08-18 04:45:00-04:00,65.082,64.963,yes
KXSILVER15M-26AUG180430,Target Price: $64.979,2026-08-18 04:15:00-04:00,2026-08-18 04:30:00-04:00,64.963,64.979,no
KXSILVER15M-26AUG180415,Target Price: $65.017,2026-08-18 04:00:00-04:00,2026-08-18 04:15:00-04:00,64.979,65.017,no
KXSILVER15M-26AUG180400,Target Price: $65.182,2026-08-18 03:45:00-04:00,2026-08-18 04:00:00-04:00,65.017,65.182,no
KXSILVER15M-26AUG180345,Target Price: $65.316,2026-08-18 03:30:00-04:00,2026-08-18 03:45:00-04:00,65.182,65.316,no
KXSILVER15M-26AUG180330,Target Price: $65.203,2026-08-18 03:15:00-04:00,2026-08-18 03:30:00-04:00,65.316,65.203,yes
KXSILVER15M-26AUG180315,Target Price: $65.293,2026-08-18 03:00:00-04:00,2026-08-18 03:15:00-04:00,65.203,65.293,no
KXSILVER15M-26AUG180300,Target Price: $65.283,2026-08-18 02:45:00-04:00,2026-08-18 03:00:00-04:00,65.293,65.283,yes
KXSILVER15M-26AUG180245,Target Price: $65.405,2026-08-18 02:30:00-04:00,2026-08-18 02:45:00-04:00,65.283,65.405,no
KXSILVER15M-26AUG180230,Target Price: $65.264,2026-08-18 02:15:00-04:00,2026-08-18 02:30:00-04:00,65.405,65.264,yes
KXSILVER15M-26AUG180215,Target Price: $65.193,2026-08-18 02:00:00-04:00,2026-08-18 02:15:00-04:00,65.264,65.193,yes
KXSILVER15M-26AUG180200,Target Price: $65.104,2026-08-18 01:45:00-04:00,2026-08-18 02:00:00-04:00,65.193,65.104,yes
KXSILVER15M-26AUG180145,Target Price: $65.086,2026-08-18 01:30:00-04:00,2026-08-18 01:45:00-04:00,65.104,65.086,yes
KXSILVER15M-26AUG180130,Target Price: $65.108,2026-08-18 01:15:00-04:00,2026-08-18 01:30:00-04:00,65.086,65.108,no
KXSILVER15M-26AUG180115,Target Price: $65.170,2026-08-18 01:00:00-04:00,2026-08-18 01:15:00-04:00,65.108,65.17,no
KXSILVER15M-26AUG180100,Target Price: $65.187,2026-08-18 00:45:00-04:00,2026-08-18 01:00:00-04:00,65.170,65.187,no
KXSILVER15M-26AUG180045,Target Price: $65.197,2026-08-18 00:30:00-04:00,2026-08-18 00:45:00-04:00,65.187,65.197,no
KXSILVER15M-26AUG180030,Target Price: $65.235,2026-08-18 00:15:00-04:00,2026-08-18 00:30:00-04:00,65.197,65.235,no
KXSILVER15M-26AUG180015,Target Price: $65.215,2026-08-18 00:00:00-04:00,2026-08-18 00:15:00-04:00,65.235,65.215,yes
KXSILVER15M-26AUG180000,Target Price: $65.247,2026-08-17 23:45:00-04:00,2026-08-18 00:00:00-04:00,65.215,65.247,no
KXSILVER15M-26AUG172345,Target Price: $65.293,2026-08-17 23:30:00-04:00,2026-08-17 23:45:00-04:00,65.247,65.293,no
KXSILVER15M-26AUG172330,Target Price: $65.403,2026-08-17 23:15:00-04:00,2026-08-17 23:30:00-04:00,65.293,65.403,no
KXSILVER15M-26AUG172315,Target Price: $65.380,2026-08-17 23:00:00-04:00,2026-08-17 23:15:00-04:00,65.403,65.38,yes
KXSILVER15M-26AUG172300,Target Price: $65.254,2026-08-17 22:45:00-04:00,2026-08-17 23:00:00-04:00,65.380,65.254,yes
KXSILVER15M-26AUG172245,Target Price: $65.469,2026-08-17 22:30:00-04:00,2026-08-17 22:45:00-04:00,65.254,65.469,no
KXSILVER15M-26AUG172230,Target Price: $65.429,2026-08-17 22:15:00-04:00,2026-08-17 22:30:00-04:00,65.469,65.429,yes
KXSILVER15M-26AUG172215,Target Price: $65.633,2026-08-17 22:00:00-04:00,2026-08-17 22:15:00-04:00,65.429,65.633,no
KXSILVER15M-26AUG172200,Target Price: $66.049,2026-08-17 21:45:00-04:00,2026-08-17 22:00:00-04:00,65.633,66.049,no
KXSILVER15M-26AUG172145,Target Price: $66.436,2026-08-17 21:30:00-04:00,2026-08-17 21:45:00-04:00,66.049,66.436,no
KXSILVER15M-26AUG172130,Target Price: $66.465,2026-08-17 21:15:00-04:00,2026-08-17 21:30:00-04:00,66.436,66.465,no
KXSILVER15M-26AUG172115,Target Price: $66.445,2026-08-17 21:00:00-04:00,2026-08-17 21:15:00-04:00,66.465,66.445,yes
KXSILVER15M-26AUG172100,Target Price: $66.278,2026-08-17 20:45:00-04:00,2026-08-17 21:00:00-04:00,66.445,66.278,yes
KXSILVER15M-26AUG172045,Target Price: $66.397,2026-08-17 20:30:00-04:00,2026-08-17 20:45:00-04:00,66.278,66.397,no
KXSILVER15M-26AUG172030,Target Price: $65.930,2026-08-17 20:15:00-04:00,2026-08-17 20:30:00-04:00,66.397,65.93,yes
KXSILVER15M-26AUG172015,Target Price: $65.972,2026-08-17 20:00:00-04:00,2026-08-17 20:15:00-04:00,65.930,65.972,no
KXSILVER15M-26AUG172000,Target Price: $65.909,2026-08-17 19:45:00-04:00,2026-08-17 20:00:00-04:00,65.972,65.909,yes
KXSILVER15M-26AUG171945,Target Price: $65.839,2026-08-17 19:30:00-04:00,2026-08-17 19:45:00-04:00,65.909,65.839,yes
KXSILVER15M-26AUG171930,Target Price: $65.761,2026-08-17 19:15:00-04:00,2026-08-17 19:30:00-04:00,65.839,65.761,yes
KXSILVER15M-26AUG171915,Target Price: $65.662,2026-08-17 19:00:00-04:00,2026-08-17 19:15:00-04:00,65.761,65.662,yes
KXSILVER15M-26AUG171900,Target Price: $65.722,2026-08-17 18:45:00-04:00,2026-08-17 19:00:00-04:00,65.662,65.722,no
KXSILVER15M-26AUG171845,Target Price: $65.677,2026-08-17 18:30:00-04:00,2026-08-17 18:45:00-04:00,65.722,65.677,yes
KXSILVER15M-26AUG171830,Target Price: $65.780,2026-08-17 18:15:00-04:00,2026-08-17 18:30:00-04:00,65.677,65.78,no
KXSILVER15M-26AUG171815,Target Price: $65.881,2026-08-17 18:00:00-04:00,2026-08-17 18:15:00-04:00,65.780,65.881,no
KXSILVER15M-26AUG171800,Target Price: $65.876,2026-08-17 17:45:00-04:00,2026-08-17 18:00:00-04:00,65.881,65.876,yes
KXSILVER15M-26AUG171745,Target Price: $65.854,2026-08-17 17:30:00-04:00,2026-08-17 17:45:00-04:00,65.876,65.854,yes
KXSILVER15M-26AUG171730,Target Price: $65.894,2026-08-17 17:15:00-04:00,2026-08-17 17:30:00-04:00,65.854,65.894,no
KXSILVER15M-26AUG171715,Target Price: $65.785,2026-08-17 17:00:00-04:00,2026-08-17 17:15:00-04:00,65.894,65.785,yes
KXSILVER15M-26AUG171700,Target Price: $65.756,2026-08-17 16:45:00-04:00,2026-08-17 17:00:00-04:00,65.785,65.756,yes
KXSILVER15M-26AUG171645,Target Price: $65.776,2026-08-17 16:30:00-04:00,2026-08-17 16:45:00-04:00,65.756,65.776,no
KXSILVER15M-26AUG171630,Target Price: $65.814,2026-08-17 16:15:00-04:00,2026-08-17 16:30:00-04:00,65.776,65.814,no
KXSILVER15M-26AUG171615,Target Price: $65.911,2026-08-17 16:00:00-04:00,2026-08-17 16:15:00-04:00,65.814,65.911,no
KXSILVER15M-26AUG171600,Target Price: $65.925,2026-08-17 15:45:00-04:00,2026-08-17 16:00:00-04:00,65.911,65.925,no
KXSILVER15M-26AUG171545,Target Price: $65.926,2026-08-17 15:30:00-04:00,2026-08-17 15:45:00-04:00,65.925,65.926,no
KXSILVER15M-26AUG171530,Target Price: $65.781,2026-08-17 15:15:00-04:00,2026-08-17 15:30:00-04:00,65.926,65.781,yes
KXSILVER15M-26AUG171515,Target Price: $65.799,2026-08-17 15:00:00-04:00,2026-08-17 15:15:00-04:00,65.781,65.799,no
KXSILVER15M-26AUG171500,Target Price: $65.737,2026-08-17 14:45:00-04:00,2026-08-17 15:00:00-04:00,65.799,65.737,yes
KXSILVER15M-26AUG171445,Target Price: $65.872,2026-08-17 14:30:00-04:00,2026-08-17 14:45:00-04:00,65.737,65.872,no
KXSILVER15M-26AUG171430,Target Price: $65.903,2026-08-17 14:15:00-04:00,2026-08-17 14:30:00-04:00,65.872,65.903,no
KXSILVER15M-26AUG171415,Target Price: $65.912,2026-08-17 14:00:00-04:00,2026-08-17 14:15:00-04:00,65.903,65.912,no
KXSILVER15M-26AUG171400,Target Price: $66.045,2026-08-17 13:45:00-04:00,2026-08-17 14:00:00-04:00,65.912,66.045,no
KXSILVER15M-26AUG171345,Target Price: $66.003,2026-08-17 13:30:00-04:00,2026-08-17 13:45:00-04:00,66.045,66.003,yes
KXSILVER15M-26AUG171330,Target Price: $66.287,2026-08-17 13:15:00-04:00,2026-08-17 13:30:00-04:00,66.003,66.287,no
KXSILVER15M-26AUG171315,Target Price: $66.365,2026-08-17 13:00:00-04:00,2026-08-17 13:15:00-04:00,66.287,66.365,no
KXSILVER15M-26AUG171300,Target Price: $66.336,2026-08-17 12:45:00-04:00,2026-08-17 13:00:00-04:00,66.365,66.336,yes
KXSILVER15M-26AUG171245,Target Price: $66.318,2026-08-17 12:30:00-04:00,2026-08-17 12:45:00-04:00,66.336,66.318,yes
KXSILVER15M-26AUG171230,Target Price: $66.331,2026-08-17 12:15:00-04:00,2026-08-17 12:30:00-04:00,66.318,66.331,no
KXSILVER15M-26AUG171215,Target Price: $66.435,2026-08-17 12:00:00-04:00,2026-08-17 12:15:00-04:00,66.331,66.435,no
KXSILVER15M-26AUG171200,Target Price: $66.347,2026-08-17 11:45:00-04:00,2026-08-17 12:00:00-04:00,66.435,66.347,yes
KXSILVER15M-26AUG171145,Target Price: $66.534,2026-08-17 11:30:00-04:00,2026-08-17 11:45:00-04:00,66.347,66.534,no
KXSILVER15M-26AUG171130,Target Price: $66.357,2026-08-17 11:15:00-04:00,2026-08-17 11:30:00-04:00,66.534,66.357,yes
KXSILVER15M-26AUG171115,Target Price: $66.213,2026-08-17 11:00:00-04:00,2026-08-17 11:15:00-04:00,66.357,66.213,yes
KXSILVER15M-26AUG171100,Target Price: $66.207,2026-08-17 10:45:00-04:00,2026-08-17 11:00:00-04:00,66.213,66.207,yes
KXSILVER15M-26AUG171045,Target Price: $65.952,2026-08-17 10:30:00-04:00,2026-08-17 10:45:00-04:00,66.207,65.952,yes
KXSILVER15M-26AUG171030,Target Price: $65.795,2026-08-17 10:15:00-04:00,2026-08-17 10:30:00-04:00,65.952,65.795,yes
KXSILVER15M-26AUG171015,Target Price: $65.684,2026-08-17 10:00:00-04:00,2026-08-17 10:15:00-04:00,65.795,65.684,yes
KXSILVER15M-26AUG171000,Target Price: $65.283,2026-08-17 09:45:00-04:00,2026-08-17 10:00:00-04:00,65.684,65.283,yes
KXSILVER15M-26AUG170945,Target Price: $65.300,2026-08-17 09:30:00-04:00,2026-08-17 09:45:00-04:00,65.283,65.3,no
KXSILVER15M-26AUG170930,Target Price: $65.236,2026-08-17 09:15:00-04:00,2026-08-17 09:30:00-04:00,65.300,65.236,yes
KXSILVER15M-26AUG170915,Target Price: $65.237,2026-08-17 09:00:00-04:00,2026-08-17 09:15:00-04:00,65.236,65.237,no
KXSILVER15M-26AUG170900,Target Price: $65.168,2026-08-17 08:45:00-04:00,2026-08-17 09:00:00-04:00,65.237,65.168,yes
KXSILVER15M-26AUG170845,Target Price: $65.502,2026-08-17 08:30:00-04:00,2026-08-17 08:45:00-04:00,65.168,65.502,no
KXSILVER15M-26AUG170830,Target Price: $65.645,2026-08-17 08:15:00-04:00,2026-08-17 08:30:00-04:00,65.502,65.645,no
KXSILVER15M-26AUG170815,Target Price: $65.676,2026-08-17 08:00:00-04:00,2026-08-17 08:15:00-04:00,65.645,65.676,no
KXSILVER15M-26AUG170800,Target Price: $65.737,2026-08-17 07:45:00-04:00,2026-08-17 08:00:00-04:00,65.676,65.737,no
KXSILVER15M-26AUG170745,Target Price: $65.763,2026-08-17 07:30:00-04:00,2026-08-17 07:45:00-04:00,65.737,65.763,no
KXSILVER15M-26AUG170730,Target Price: $65.645,2026-08-17 07:15:00-04:00,2026-08-17 07:30:00-04:00,65.763,65.645,yes
KXSILVER15M-26AUG170715,Target Price: $65.607,2026-08-17 07:00:00-04:00,2026-08-17 07:15:00-04:00,65.645,65.607,yes
KXSILVER15M-26AUG170700,Target Price: $65.665,2026-08-17 06:45:00-04:00,2026-08-17 07:00:00-04:00,65.607,65.665,no
KXSILVER15M-26AUG170645,Target Price: $65.850,2026-08-17 06:30:00-04:00,2026-08-17 06:45:00-04:00,65.665,65.85,no
KXSILVER15M-26AUG170630,Target Price: $65.550,2026-08-17 06:15:00-04:00,2026-08-17 06:30:00-04:00,65.850,65.55,yes
KXSILVER15M-26AUG170615,Target Price: $65.504,2026-08-17 06:00:00-04:00,2026-08-17 06:15:00-04:00,65.550,65.504,yes
KXSILVER15M-26AUG170600,Target Price: $65.552,2026-08-17 05:45:00-04:00,2026-08-17 06:00:00-04:00,65.504,65.552,no
KXSILVER15M-26AUG170545,Target Price: $65.515,2026-08-17 05:30:00-04:00,2026-08-17 05:45:00-04:00,65.552,65.515,yes
KXSILVER15M-26AUG170530,Target Price: $65.560,2026-08-17 05:15:00-04:00,2026-08-17 05:30:00-04:00,65.515,65.56,no
KXSILVER15M-26AUG170515,Target Price: $65.507,2026-08-17 05:00:00-04:00,2026-08-17 05:15:00-04:00,65.560,65.507,yes
KXSILVER15M-26AUG170500,Target Price: $65.531,2026-08-17 04:45:00-04:00,2026-08-17 05:00:00-04:00,65.507,65.531,no
KXSILVER15M-26AUG170445,Target Price: $65.594,2026-08-17 04:30:00-04:00,2026-08-17 04:45:00-04:00,65.531,65.594,no
KXSILVER15M-26AUG170430,Target Price: $65.662,2026-08-17 04:15:00-04:00,2026-08-17 04:30:00-04:00,65.594,65.662,no
KXSILVER15M-26AUG170415,Target Price: $65.731,2026-08-17 04:00:00-04:00,2026-08-17 04:15:00-04:00,65.662,65.731,no
KXSILVER15M-26AUG170400,Target Price: $65.880,2026-08-17 03:45:00-04:00,2026-08-17 04:00:00-04:00,65.731,65.88,no
KXSILVER15M-26AUG170345,Target Price: $65.819,2026-08-17 03:30:00-04:00,2026-08-17 03:45:00-04:00,65.880,65.819,yes
KXSILVER15M-26AUG170330,Target Price: $65.674,2026-08-17 03:15:00-04:00,2026-08-17 03:30:00-04:00,65.819,65.674,yes
KXSILVER15M-26AUG170315,Target Price: $65.916,2026-08-17 03:00:00-04:00,2026-08-17 03:15:00-04:00,65.674,65.916,no
KXSILVER15M-26AUG170300,Target Price: $65.781,2026-08-17 02:45:00-04:00,2026-08-17 03:00:00-04:00,65.916,65.781,yes
KXSILVER15M-26AUG170245,Target Price: $65.842,2026-08-17 02:30:00-04:00,2026-08-17 02:45:00-04:00,65.781,65.842,no
KXSILVER15M-26AUG170230,Target Price: $65.833,2026-08-17 02:15:00-04:00,2026-08-17 02:30:00-04:00,65.842,65.833,yes
KXSILVER15M-26AUG170215,Target Price: $65.778,2026-08-17 02:00:00-04:00,2026-08-17 02:15:00-04:00,65.833,65.778,yes
KXSILVER15M-26AUG170200,Target Price: $65.781,2026-08-17 01:45:00-04:00,2026-08-17 02:00:00-04:00,65.778,65.781,no
KXSILVER15M-26AUG170145,Target Price: $65.775,2026-08-17 01:30:00-04:00,2026-08-17 01:45:00-04:00,65.781,65.775,yes
KXSILVER15M-26AUG170130,Target Price: $65.439,2026-08-17 01:15:00-04:00,2026-08-17 01:30:00-04:00,65.775,65.439,yes
KXSILVER15M-26AUG170115,Target Price: $65.431,2026-08-17 01:00:00-04:00,2026-08-17 01:15:00-04:00,65.439,65.431,yes
KXSILVER15M-26AUG170100,Target Price: $65.566,2026-08-17 00:45:00-04:00,2026-08-17 01:00:00-04:00,65.431,65.566,no
KXSILVER15M-26AUG170045,Target Price: $65.425,2026-08-17 00:30:00-04:00,2026-08-17 00:45:00-04:00,65.566,65.425,yes
KXSILVER15M-26AUG170030,Target Price: $65.537,2026-08-17 00:15:00-04:00,2026-08-17 00:30:00-04:00,65.425,65.537,no
KXSILVER15M-26AUG170015,Target Price: $65.542,2026-08-17 00:00:00-04:00,2026-08-17 00:15:00-04:00,65.537,65.542,no
KXSILVER15M-26AUG170000,Target Price: $65.559,2026-08-16 23:45:00-04:00,2026-08-17 00:00:00-04:00,65.542,65.559,no
KXSILVER15M-26AUG162345,Target Price: $65.584,2026-08-16 23:30:00-04:00,2026-08-16 23:45:00-04:00,65.559,65.584,no
KXSILVER15M-26AUG162330,Target Price: $65.521,2026-08-16 23:15:00-04:00,2026-08-16 23:30:00-04:00,65.584,65.521,yes
KXSILVER15M-26AUG162315,Target Price: $65.618,2026-08-16 23:00:00-04:00,2026-08-16 23:15:00-04:00,65.521,65.618,no
KXSILVER15M-26AUG162300,Target Price: $65.595,2026-08-16 22:45:00-04:00,2026-08-16 23:00:00-04:00,65.618,65.595,yes
KXSILVER15M-26AUG162245,Target Price: $65.737,2026-08-16 22:30:00-04:00,2026-08-16 22:45:00-04:00,65.595,65.737,no
KXSILVER15M-26AUG162230,Target Price: $65.726,2026-08-16 22:15:00-04:00,2026-08-16 22:30:00-04:00,65.737,65.726,yes
KXSILVER15M-26AUG162215,Target Price: $65.697,2026-08-16 22:00:00-04:00,2026-08-16 22:15:00-04:00,65.726,65.697,yes
KXSILVER15M-26AUG162200,Target Price: $65.884,2026-08-16 21:45:00-04:00,2026-08-16 22:00:00-04:00,65.697,65.884,no
KXSILVER15M-26AUG162145,Target Price: $65.893,2026-08-16 21:30:00-04:00,2026-08-16 21:45:00-04:00,65.884,65.893,no
KXSILVER15M-26AUG162130,Target Price: $65.880,2026-08-16 21:15:00-04:00,2026-08-16 21:30:00-04:00,65.893,65.88,yes
KXSILVER15M-26AUG162115,Target Price: $65.536,2026-08-16 21:00:00-04:00,2026-08-16 21:15:00-04:00,65.880,65.536,yes
KXSILVER15M-26AUG162100,Target Price: $65.362,2026-08-16 20:45:00-04:00,2026-08-16 21:00:00-04:00,65.536,65.362,yes
KXSILVER15M-26AUG162045,Target Price: $65.208,2026-08-16 20:30:00-04:00,2026-08-16 20:45:00-04:00,65.362,65.208,yes
KXSILVER15M-26AUG162030,Target Price: $65.032,2026-08-16 20:15:00-04:00,2026-08-16 20:30:00-04:00,65.208,65.032,yes
KXSILVER15M-26AUG162015,Target Price: $64.827,2026-08-16 20:00:00-04:00,2026-08-16 20:15:00-04:00,65.032,64.827,yes
KXSILVER15M-26AUG162000,Target Price: $64.787,2026-08-16 19:45:00-04:00,2026-08-16 20:00:00-04:00,64.827,64.787,yes
KXSILVER15M-26AUG161945,Target Price: $65.066,2026-08-16 19:30:00-04:00,2026-08-16 19:45:00-04:00,64.787,65.066,no
KXSILVER15M-26AUG161930,Target Price: $65.120,2026-08-16 19:15:00-04:00,2026-08-16 19:30:00-04:00,65.066,65.12,no
KXSILVER15M-26AUG161915,Target Price: $65.235,2026-08-16 19:00:00-04:00,2026-08-16 19:15:00-04:00,65.120,65.235,no
KXSILVER15M-26AUG161900,Target Price: $64.967,2026-08-16 18:45:00-04:00,2026-08-16 19:00:00-04:00,65.235,64.967,yes
KXSILVER15M-26AUG161845,Target Price: $64.904,2026-08-16 18:30:00-04:00,2026-08-16 18:45:00-04:00,64.967,64.904,yes
KXSILVER15M-26AUG161830,Target Price: $64.819,2026-08-16 18:15:00-04:00,2026-08-16 18:30:00-04:00,64.904,64.819,yes
KXSILVER15M-26AUG161815,Target Price: $64.661,2026-08-16 18:00:00-04:00,2026-08-16 18:15:00-04:00,64.819,64.661,yes
KXSILVER15M-26AUG150000,Target Price: $64.869,2026-08-14 23:45:00-04:00,2026-08-15 00:00:00-04:00,64.860,64.869,no
KXSILVER15M-26AUG142345,Target Price: $64.891,2026-08-14 23:30:00-04:00,2026-08-14 23:45:00-04:00,64.869,64.891,no
KXSILVER15M-26AUG142330,Target Price: $64.873,2026-08-14 23:15:00-04:00,2026-08-14 23:30:00-04:00,64.891,64.873,yes
KXSILVER15M-26AUG142315,Target Price: $64.931,2026-08-14 23:00:00-04:00,2026-08-14 23:15:00-04:00,64.873,64.931,no
KXSILVER15M-26AUG142300,Target Price: $64.939,2026-08-14 22:45:00-04:00,2026-08-14 23:00:00-04:00,64.931,64.939,no
KXSILVER15M-26AUG142245,Target Price: $64.927,2026-08-14 22:30:00-04:00,2026-08-14 22:45:00-04:00,64.939,64.927,yes
KXSILVER15M-26AUG142230,Target Price: $64.956,2026-08-14 22:15:00-04:00,2026-08-14 22:30:00-04:00,64.927,64.956,no
KXSILVER15M-26AUG142215,Target Price: $64.976,2026-08-14 22:00:00-04:00,2026-08-14 22:15:00-04:00,64.956,64.976,no
KXSILVER15M-26AUG142200,Target Price: $65.040,2026-08-14 21:45:00-04:00,2026-08-14 22:00:00-04:00,64.976,65.04,no
KXSILVER15M-26AUG142145,Target Price: $65.060,2026-08-14 21:30:00-04:00,2026-08-14 21:45:00-04:00,65.040,65.06,no
KXSILVER15M-26AUG142130,Target Price: $65.053,2026-08-14 21:15:00-04:00,2026-08-14 21:30:00-04:00,65.060,65.053,yes
KXSILVER15M-26AUG142115,Target Price: $64.999,2026-08-14 21:00:00-04:00,2026-08-14 21:15:00-04:00,65.053,64.999,yes
KXSILVER15M-26AUG142100,Target Price: $65.008,2026-08-14 20:45:00-04:00,2026-08-14 21:00:00-04:00,64.999,65.008,no
KXSILVER15M-26AUG142045,Target Price: $64.974,2026-08-14 20:30:00-04:00,2026-08-14 20:45:00-04:00,65.008,64.974,yes
KXSILVER15M-26AUG142030,Target Price: $65.011,2026-08-14 20:15:00-04:00,2026-08-14 20:30:00-04:00,64.974,65.011,no
KXSILVER15M-26AUG142015,Target Price: $64.944,2026-08-14 20:00:00-04:00,2026-08-14 20:15:00-04:00,65.011,64.944,yes
KXSILVER15M-26AUG142000,Target Price: $65.001,2026-08-14 19:45:00-04:00,2026-08-14 20:00:00-04:00,64.944,65.001,no
KXSILVER15M-26AUG141945,Target Price: $64.922,2026-08-14 19:30:00-04:00,2026-08-14 19:45:00-04:00,65.001,64.922,yes
KXSILVER15M-26AUG141930,Target Price: $64.922,2026-08-14 19:15:00-04:00,2026-08-14 19:30:00-04:00,64.922,64.922,yes
KXSILVER15M-26AUG141915,Target Price: $64.917,2026-08-14 19:00:00-04:00,2026-08-14 19:15:00-04:00,64.922,64.917,yes
KXSILVER15M-26AUG141900,Target Price: $64.848,2026-08-14 18:45:00-04:00,2026-08-14 19:00:00-04:00,64.917,64.848,yes
KXSILVER15M-26AUG141845,Target Price: $64.838,2026-08-14 18:30:00-04:00,2026-08-14 18:45:00-04:00,64.848,64.838,yes
KXSILVER15M-26AUG141830,Target Price: $64.837,2026-08-14 18:15:00-04:00,2026-08-14 18:30:00-04:00,64.838,64.837,yes
KXSILVER15M-26AUG141815,Target Price: $64.889,2026-08-14 18:00:00-04:00,2026-08-14 18:15:00-04:00,64.837,64.889,no
KXSILVER15M-26AUG141800,Target Price: $64.906,2026-08-14 17:45:00-04:00,2026-08-14 18:00:00-04:00,64.889,64.906,no
KXSILVER15M-26AUG141745,Target Price: $64.833,2026-08-14 17:30:00-04:00,2026-08-14 17:45:00-04:00,64.906,64.833,yes
KXSILVER15M-26AUG141730,Target Price: $64.865,2026-08-14 17:15:00-04:00,2026-08-14 17:30:00-04:00,64.833,64.865,no
KXSILVER15M-26AUG141715,Target Price: $64.688,2026-08-14 17:00:00-04:00,2026-08-14 17:15:00-04:00,64.865,64.688,yes
KXSILVER15M-26AUG141700,Target Price: $64.716,2026-08-14 16:45:00-04:00,2026-08-14 17:00:00-04:00,64.688,64.716,no
KXSILVER15M-26AUG141645,Target Price: $64.663,2026-08-14 16:30:00-04:00,2026-08-14 16:45:00-04:00,64.716,64.663,yes
KXSILVER15M-26AUG141630,Target Price: $64.667,2026-08-14 16:15:00-04:00,2026-08-14 16:30:00-04:00,64.663,64.667,no
KXSILVER15M-26AUG141615,Target Price: $64.717,2026-08-14 16:00:00-04:00,2026-08-14 16:15:00-04:00,64.667,64.717,no
KXSILVER15M-26AUG141600,Target Price: $64.727,2026-08-14 15:45:00-04:00,2026-08-14 16:00:00-04:00,64.717,64.727,no
KXSILVER15M-26AUG141545,Target Price: $64.769,2026-08-14 15:30:00-04:00,2026-08-14 15:45:00-04:00,64.727,64.769,no
KXSILVER15M-26AUG141530,Target Price: $64.747,2026-08-14 15:15:00-04:00,2026-08-14 15:30:00-04:00,64.769,64.747,yes
KXSILVER15M-26AUG141515,Target Price: $64.747,2026-08-14 15:00:00-04:00,2026-08-14 15:15:00-04:00,64.747,64.747,yes
KXSILVER15M-26AUG141500,Target Price: $64.765,2026-08-14 14:45:00-04:00,2026-08-14 15:00:00-04:00,64.747,64.765,no
KXSILVER15M-26AUG141445,Target Price: $64.792,2026-08-14 14:30:00-04:00,2026-08-14 14:45:00-04:00,64.765,64.792,no
KXSILVER15M-26AUG141430,Target Price: $64.780,2026-08-14 14:15:00-04:00,2026-08-14 14:30:00-04:00,64.792,64.78,yes
KXSILVER15M-26AUG141415,Target Price: $64.816,2026-08-14 14:00:00-04:00,2026-08-14 14:15:00-04:00,64.780,64.816,no
KXSILVER15M-26AUG141400,Target Price: $64.804,2026-08-14 13:45:00-04:00,2026-08-14 14:00:00-04:00,64.816,64.804,yes
KXSILVER15M-26AUG141345,Target Price: $64.890,2026-08-14 13:30:00-04:00,2026-08-14 13:45:00-04:00,64.804,64.89,no
KXSILVER15M-26AUG141330,Target Price: $64.931,2026-08-14 13:15:00-04:00,2026-08-14 13:30:00-04:00,64.890,64.931,no
KXSILVER15M-26AUG141315,Target Price: $64.953,2026-08-14 13:00:00-04:00,2026-08-14 13:15:00-04:00,64.931,64.953,no
KXSILVER15M-26AUG141300,Target Price: $64.891,2026-08-14 12:45:00-04:00,2026-08-14 13:00:00-04:00,64.953,64.891,yes
KXSILVER15M-26AUG141245,Target Price: $64.922,2026-08-14 12:30:00-04:00,2026-08-14 12:45:00-04:00,64.891,64.922,no
KXSILVER15M-26AUG141230,Target Price: $64.926,2026-08-14 12:15:00-04:00,2026-08-14 12:30:00-04:00,64.922,64.926,no
KXSILVER15M-26AUG141215,Target Price: $65.033,2026-08-14 12:00:00-04:00,2026-08-14 12:15:00-04:00,64.926,65.033,no
KXSILVER15M-26AUG141200,Target Price: $65.050,2026-08-14 11:45:00-04:00,2026-08-14 12:00:00-04:00,65.033,65.05,no
KXSILVER15M-26AUG141145,Target Price: $65.075,2026-08-14 11:30:00-04:00,2026-08-14 11:45:00-04:00,65.050,65.075,no
KXSILVER15M-26AUG141130,Target Price: $65.272,2026-08-14 11:15:00-04:00,2026-08-14 11:30:00-04:00,65.075,65.272,no
KXSILVER15M-26AUG141115,Target Price: $65.214,2026-08-14 11:00:00-04:00,2026-08-14 11:15:00-04:00,65.272,65.214,yes
KXSILVER15M-26AUG141100,Target Price: $65.387,2026-08-14 10:45:00-04:00,2026-08-14 11:00:00-04:00,65.214,65.387,no
KXSILVER15M-26AUG141045,Target Price: $65.542,2026-08-14 10:30:00-04:00,2026-08-14 10:45:00-04:00,65.387,65.542,no
KXSILVER15M-26AUG141030,Target Price: $65.524,2026-08-14 10:15:00-04:00,2026-08-14 10:30:00-04:00,65.542,65.524,yes
KXSILVER15M-26AUG141015,Target Price: $65.384,2026-08-14 10:00:00-04:00,2026-08-14 10:15:00-04:00,65.524,65.384,yes
KXSILVER15M-26AUG141000,Target Price: $65.420,2026-08-14 09:45:00-04:00,2026-08-14 10:00:00-04:00,65.384,65.42,no
KXSILVER15M-26AUG140945,Target Price: $65.120,2026-08-14 09:30:00-04:00,2026-08-14 09:45:00-04:00,65.420,65.12,yes
KXSILVER15M-26AUG140930,Target Price: $64.936,2026-08-14 09:15:00-04:00,2026-08-14 09:30:00-04:00,65.120,64.936,yes
KXSILVER15M-26AUG140915,Target Price: $65.081,2026-08-14 09:00:00-04:00,2026-08-14 09:15:00-04:00,64.936,65.081,no
KXSILVER15M-26AUG140900,Target Price: $64.929,2026-08-14 08:45:00-04:00,2026-08-14 09:00:00-04:00,65.081,64.929,yes
KXSILVER15M-26AUG140845,Target Price: $65.051,2026-08-14 08:30:00-04:00,2026-08-14 08:45:00-04:00,64.929,65.051,no
KXSILVER15M-26AUG140830,Target Price: $64.902,2026-08-14 08:15:00-04:00,2026-08-14 08:30:00-04:00,65.051,64.902,yes
KXSILVER15M-26AUG140815,Target Price: $64.994,2026-08-14 08:00:00-04:00,2026-08-14 08:15:00-04:00,64.902,64.994,no
KXSILVER15M-26AUG140800,Target Price: $64.920,2026-08-14 07:45:00-04:00,2026-08-14 08:00:00-04:00,64.994,64.92,yes
KXSILVER15M-26AUG140745,Target Price: $64.745,2026-08-14 07:30:00-04:00,2026-08-14 07:45:00-04:00,64.920,64.745,yes
KXSILVER15M-26AUG140730,Target Price: $64.661,2026-08-14 07:15:00-04:00,2026-08-14 07:30:00-04:00,64.745,64.661,yes
KXSILVER15M-26AUG140715,Target Price: $64.645,2026-08-14 07:00:00-04:00,2026-08-14 07:15:00-04:00,64.661,64.645,yes
KXSILVER15M-26AUG140700,Target Price: $64.655,2026-08-14 06:45:00-04:00,2026-08-14 07:00:00-04:00,64.645,64.655,no
KXSILVER15M-26AUG140645,Target Price: $64.709,2026-08-14 06:30:00-04:00,2026-08-14 06:45:00-04:00,64.655,64.709,no
KXSILVER15M-26AUG140630,Target Price: $64.770,2026-08-14 06:15:00-04:00,2026-08-14 06:30:00-04:00,64.709,64.77,no
KXSILVER15M-26AUG140615,Target Price: $64.892,2026-08-14 06:00:00-04:00,2026-08-14 06:15:00-04:00,64.770,64.892,no
KXSILVER15M-26AUG140600,Target Price: $64.747,2026-08-14 05:45:00-04:00,2026-08-14 06:00:00-04:00,64.892,64.747,yes
KXSILVER15M-26AUG140545,Target Price: $64.709,2026-08-14 05:30:00-04:00,2026-08-14 05:45:00-04:00,64.747,64.709,yes
KXSILVER15M-26AUG140530,Target Price: $64.696,2026-08-14 05:15:00-04:00,2026-08-14 05:30:00-04:00,64.709,64.696,yes
KXSILVER15M-26AUG140515,Target Price: $64.705,2026-08-14 05:00:00-04:00,2026-08-14 05:15:00-04:00,64.696,64.705,no
KXSILVER15M-26AUG140500,Target Price: $64.600,2026-08-14 04:45:00-04:00,2026-08-14 05:00:00-04:00,64.705,64.6,yes
KXSILVER15M-26AUG140445,Target Price: $64.538,2026-08-14 04:30:00-04:00,2026-08-14 04:45:00-04:00,64.600,64.538,yes
KXSILVER15M-26AUG140430,Target Price: $64.637,2026-08-14 04:15:00-04:00,2026-08-14 04:30:00-04:00,64.538,64.637,no
KXSILVER15M-26AUG140415,Target Price: $64.593,2026-08-14 04:00:00-04:00,2026-08-14 04:15:00-04:00,64.637,64.593,yes
KXSILVER15M-26AUG140400,Target Price: $64.572,2026-08-14 03:45:00-04:00,2026-08-14 04:00:00-04:00,64.593,64.572,yes
KXSILVER15M-26AUG140345,Target Price: $64.248,2026-08-14 03:30:00-04:00,2026-08-14 03:45:00-04:00,64.572,64.248,yes
KXSILVER15M-26AUG140330,Target Price: $64.265,2026-08-14 03:15:00-04:00,2026-08-14 03:30:00-04:00,64.248,64.265,no
KXSILVER15M-26AUG140315,Target Price: $64.363,2026-08-14 03:00:00-04:00,2026-08-14 03:15:00-04:00,64.265,64.363,no
KXSILVER15M-26AUG140300,Target Price: $64.276,2026-08-14 02:45:00-04:00,2026-08-14 03:00:00-04:00,64.363,64.276,yes
KXSILVER15M-26AUG140245,Target Price: $64.238,2026-08-14 02:30:00-04:00,2026-08-14 02:45:00-04:00,64.276,64.238,yes
KXSILVER15M-26AUG140230,Target Price: $64.342,2026-08-14 02:15:00-04:00,2026-08-14 02:30:00-04:00,64.238,64.342,no
KXSILVER15M-26AUG140215,Target Price: $64.267,2026-08-14 02:00:00-04:00,2026-08-14 02:15:00-04:00,64.342,64.267,yes
KXSILVER15M-26AUG140200,Target Price: $63.775,2026-08-14 01:45:00-04:00,2026-08-14 02:00:00-04:00,64.267,63.775,yes
KXSILVER15M-26AUG140145,Target Price: $63.834,2026-08-14 01:30:00-04:00,2026-08-14 01:45:00-04:00,63.775,63.834,no
KXSILVER15M-26AUG140130,Target Price: $63.830,2026-08-14 01:15:00-04:00,2026-08-14 01:30:00-04:00,63.834,63.83,yes
KXSILVER15M-26AUG140115,Target Price: $64.001,2026-08-14 01:00:00-04:00,2026-08-14 01:15:00-04:00,63.830,64.001,no
KXSILVER15M-26AUG140100,Target Price: $63.946,2026-08-14 00:45:00-04:00,2026-08-14 01:00:00-04:00,64.001,63.946,yes
KXSILVER15M-26AUG140045,Target Price: $63.981,2026-08-14 00:30:00-04:00,2026-08-14 00:45:00-04:00,63.946,63.981,no
KXSILVER15M-26AUG140030,Target Price: $63.961,2026-08-14 00:15:00-04:00,2026-08-14 00:30:00-04:00,63.981,63.961,yes
KXSILVER15M-26AUG140015,Target Price: $63.997,2026-08-14 00:00:00-04:00,2026-08-14 00:15:00-04:00,63.961,63.997,no
KXSILVER15M-26AUG140000,Target Price: $64.073,2026-08-13 23:45:00-04:00,2026-08-14 00:00:00-04:00,63.997,64.073,no
KXSILVER15M-26AUG132345,Target Price: $64.114,2026-08-13 23:30:00-04:00,2026-08-13 23:45:00-04:00,64.073,64.114,no
KXSILVER15M-26AUG132330,Target Price: $63.936,2026-08-13 23:15:00-04:00,2026-08-13 23:30:00-04:00,64.114,63.936,yes
KXSILVER15M-26AUG132315,Target Price: $63.801,2026-08-13 23:00:00-04:00,2026-08-13 23:15:00-04:00,63.936,63.801,yes
KXSILVER15M-26AUG132300,Target Price: $64.027,2026-08-13 22:45:00-04:00,2026-08-13 23:00:00-04:00,63.801,64.027,no
KXSILVER15M-26AUG132245,Target Price: $63.757,2026-08-13 22:30:00-04:00,2026-08-13 22:45:00-04:00,64.027,63.757,yes
KXSILVER15M-26AUG132230,Target Price: $63.791,2026-08-13 22:15:00-04:00,2026-08-13 22:30:00-04:00,63.757,63.791,no
KXSILVER15M-26AUG132215,Target Price: $63.818,2026-08-13 22:00:00-04:00,2026-08-13 22:15:00-04:00,63.791,63.818,no
KXSILVER15M-26AUG132200,Target Price: $63.958,2026-08-13 21:45:00-04:00,2026-08-13 22:00:00-04:00,63.818,63.958,no
KXSILVER15M-26AUG132145,Target Price: $63.987,2026-08-13 21:30:00-04:00,2026-08-13 21:45:00-04:00,63.958,63.987,no
KXSILVER15M-26AUG132130,Target Price: $63.942,2026-08-13 21:15:00-04:00,2026-08-13 21:30:00-04:00,63.987,63.942,yes
KXSILVER15M-26AUG132115,Target Price: $64.195,2026-08-13 21:00:00-04:00,2026-08-13 21:15:00-04:00,63.942,64.195,no
KXSILVER15M-26AUG132100,Target Price: $64.276,2026-08-13 20:45:00-04:00,2026-08-13 21:00:00-04:00,64.195,64.276,no
KXSILVER15M-26AUG132045,Target Price: $64.336,2026-08-13 20:30:00-04:00,2026-08-13 20:45:00-04:00,64.276,64.336,no
KXSILVER15M-26AUG132030,Target Price: $64.496,2026-08-13 20:15:00-04:00,2026-08-13 20:30:00-04:00,64.336,64.496,no
KXSILVER15M-26AUG132015,Target Price: $64.551,2026-08-13 20:00:00-04:00,2026-08-13 20:15:00-04:00,64.496,64.551,no
KXSILVER15M-26AUG132000,Target Price: $64.633,2026-08-13 19:45:00-04:00,2026-08-13 20:00:00-04:00,64.551,64.633,no
KXSILVER15M-26AUG131945,Target Price: $64.643,2026-08-13 19:30:00-04:00,2026-08-13 19:45:00-04:00,64.633,64.643,no
KXSILVER15M-26AUG131930,Target Price: $64.560,2026-08-13 19:15:00-04:00,2026-08-13 19:30:00-04:00,64.643,64.56,yes
KXSILVER15M-26AUG131915,Target Price: $64.492,2026-08-13 19:00:00-04:00,2026-08-13 19:15:00-04:00,64.560,64.492,yes
KXSILVER15M-26AUG131900,Target Price: $64.549,2026-08-13 18:45:00-04:00,2026-08-13 19:00:00-04:00,64.492,64.549,no
KXSILVER15M-26AUG131845,Target Price: $64.484,2026-08-13 18:30:00-04:00,2026-08-13 18:45:00-04:00,64.549,64.484,yes
KXSILVER15M-26AUG131830,Target Price: $64.430,2026-08-13 18:15:00-04:00,2026-08-13 18:30:00-04:00,64.484,64.43,yes
KXSILVER15M-26AUG131815,Target Price: $64.497,2026-08-13 18:00:00-04:00,2026-08-13 18:15:00-04:00,64.430,64.497,no
KXSILVER15M-26AUG131800,Target Price: $64.493,2026-08-13 17:45:00-04:00,2026-08-13 18:00:00-04:00,64.497,64.493,yes
KXSILVER15M-26AUG131745,Target Price: $64.485,2026-08-13 17:30:00-04:00,2026-08-13 17:45:00-04:00,64.493,64.485,yes
KXSILVER15M-26AUG131730,Target Price: $64.492,2026-08-13 17:15:00-04:00,2026-08-13 17:30:00-04:00,64.485,64.492,no
KXSILVER15M-26AUG131715,Target Price: $64.464,2026-08-13 17:00:00-04:00,2026-08-13 17:15:00-04:00,64.492,64.464,yes
KXSILVER15M-26AUG131700,Target Price: $64.417,2026-08-13 16:45:00-04:00,2026-08-13 17:00:00-04:00,64.464,64.417,yes
KXSILVER15M-26AUG131645,Target Price: $64.448,2026-08-13 16:30:00-04:00,2026-08-13 16:45:00-04:00,64.417,64.448,no
KXSILVER15M-26AUG131630,Target Price: $64.410,2026-08-13 16:15:00-04:00,2026-08-13 16:30:00-04:00,64.448,64.41,yes
KXSILVER15M-26AUG131615,Target Price: $64.400,2026-08-13 16:00:00-04:00,2026-08-13 16:15:00-04:00,64.410,64.4,yes
KXSILVER15M-26AUG131600,Target Price: $64.398,2026-08-13 15:45:00-04:00,2026-08-13 16:00:00-04:00,64.400,64.398,yes
KXSILVER15M-26AUG131545,Target Price: $64.407,2026-08-13 15:30:00-04:00,2026-08-13 15:45:00-04:00,64.398,64.407,no
KXSILVER15M-26AUG131530,Target Price: $64.302,2026-08-13 15:15:00-04:00,2026-08-13 15:30:00-04:00,64.407,64.302,yes
KXSILVER15M-26AUG131515,Target Price: $64.565,2026-08-13 15:00:00-04:00,2026-08-13 15:15:00-04:00,64.302,64.565,no
KXSILVER15M-26AUG131500,Target Price: $64.670,2026-08-13 14:45:00-04:00,2026-08-13 15:00:00-04:00,64.565,64.67,no
KXSILVER15M-26AUG131445,Target Price: $64.658,2026-08-13 14:30:00-04:00,2026-08-13 14:45:00-04:00,64.670,64.658,yes
KXSILVER15M-26AUG131430,Target Price: $64.779,2026-08-13 14:15:00-04:00,2026-08-13 14:30:00-04:00,64.658,64.779,no
KXSILVER15M-26AUG131415,Target Price: $64.656,2026-08-13 14:00:00-04:00,2026-08-13 14:15:00-04:00,64.779,64.656,yes
KXSILVER15M-26AUG131400,Target Price: $64.708,2026-08-13 13:45:00-04:00,2026-08-13 14:00:00-04:00,64.656,64.708,no
KXSILVER15M-26AUG131345,Target Price: $64.737,2026-08-13 13:30:00-04:00,2026-08-13 13:45:00-04:00,64.708,64.737,no
KXSILVER15M-26AUG131330,Target Price: $64.860,2026-08-13 13:15:00-04:00,2026-08-13 13:30:00-04:00,64.737,64.86,no
KXSILVER15M-26AUG131315,Target Price: $64.772,2026-08-13 13:00:00-04:00,2026-08-13 13:15:00-04:00,64.860,64.772,yes
KXSILVER15M-26AUG131300,Target Price: $64.792,2026-08-13 12:45:00-04:00,2026-08-13 13:00:00-04:00,64.772,64.792,no
KXSILVER15M-26AUG131245,Target Price: $64.655,2026-08-13 12:30:00-04:00,2026-08-13 12:45:00-04:00,64.792,64.655,yes
KXSILVER15M-26AUG131230,Target Price: $64.521,2026-08-13 12:15:00-04:00,2026-08-13 12:30:00-04:00,64.655,64.521,yes
KXSILVER15M-26AUG131215,Target Price: $64.666,2026-08-13 12:00:00-04:00,2026-08-13 12:15:00-04:00,64.521,64.666,no
KXSILVER15M-26AUG131200,Target Price: $64.732,2026-08-13 11:45:00-04:00,2026-08-13 12:00:00-04:00,64.666,64.732,no
KXSILVER15M-26AUG131145,Target Price: $64.564,2026-08-13 11:30:00-04:00,2026-08-13 11:45:00-04:00,64.732,64.564,yes
KXSILVER15M-26AUG131130,Target Price: $64.743,2026-08-13 11:15:00-04:00,2026-08-13 11:30:00-04:00,64.564,64.743,no
KXSILVER15M-26AUG131115,Target Price: $65.012,2026-08-13 11:00:00-04:00,2026-08-13 11:15:00-04:00,64.743,65.012,no
KXSILVER15M-26AUG131100,Target Price: $64.988,2026-08-13 10:45:00-04:00,2026-08-13 11:00:00-04:00,65.012,64.988,yes
KXSILVER15M-26AUG131045,Target Price: $64.615,2026-08-13 10:30:00-04:00,2026-08-13 10:45:00-04:00,64.988,64.615,yes
KXSILVER15M-26AUG131030,Target Price: $64.626,2026-08-13 10:15:00-04:00,2026-08-13 10:30:00-04:00,64.615,64.626,no
KXSILVER15M-26AUG131015,Target Price: $64.780,2026-08-13 10:00:00-04:00,2026-08-13 10:15:00-04:00,64.626,64.78,no
KXSILVER15M-26AUG131000,Target Price: $65.039,2026-08-13 09:45:00-04:00,2026-08-13 10:00:00-04:00,64.780,65.039,no
KXSILVER15M-26AUG130945,Target Price: $65.140,2026-08-13 09:30:00-04:00,2026-08-13 09:45:00-04:00,65.039,65.14,no
KXSILVER15M-26AUG130930,Target Price: $65.238,2026-08-13 09:15:00-04:00,2026-08-13 09:30:00-04:00,65.140,65.238,no
KXSILVER15M-26AUG130915,Target Price: $65.382,2026-08-13 09:00:00-04:00,2026-08-13 09:15:00-04:00,65.238,65.382,no
KXSILVER15M-26AUG130900,Target Price: $65.050,2026-08-13 08:45:00-04:00,2026-08-13 09:00:00-04:00,65.382,65.05,yes
KXSILVER15M-26AUG130845,Target Price: $65.043,2026-08-13 08:30:00-04:00,2026-08-13 08:45:00-04:00,65.050,65.043,yes
KXSILVER15M-26AUG130830,Target Price: $65.029,2026-08-13 08:15:00-04:00,2026-08-13 08:30:00-04:00,65.043,65.029,yes
KXSILVER15M-26AUG130815,Target Price: $65.049,2026-08-13 08:00:00-04:00,2026-08-13 08:15:00-04:00,65.029,65.049,no
KXSILVER15M-26AUG130800,Target Price: $64.876,2026-08-13 07:45:00-04:00,2026-08-13 08:00:00-04:00,65.049,64.876,yes
KXSILVER15M-26AUG130745,Target Price: $64.888,2026-08-13 07:30:00-04:00,2026-08-13 07:45:00-04:00,64.876,64.888,no
KXSILVER15M-26AUG130730,Target Price: $65.015,2026-08-13 07:15:00-04:00,2026-08-13 07:30:00-04:00,64.888,65.015,no
KXSILVER15M-26AUG130715,Target Price: $64.966,2026-08-13 07:00:00-04:00,2026-08-13 07:15:00-04:00,65.015,64.966,yes
KXSILVER15M-26AUG130700,Target Price: $64.950,2026-08-13 06:45:00-04:00,2026-08-13 07:00:00-04:00,64.966,64.95,yes
KXSILVER15M-26AUG130645,Target Price: $64.885,2026-08-13 06:30:00-04:00,2026-08-13 06:45:00-04:00,64.950,64.885,yes
KXSILVER15M-26AUG130630,Target Price: $64.739,2026-08-13 06:15:00-04:00,2026-08-13 06:30:00-04:00,64.885,64.739,yes
KXSILVER15M-26AUG130615,Target Price: $64.636,2026-08-13 06:00:00-04:00,2026-08-13 06:15:00-04:00,64.739,64.636,yes
KXSILVER15M-26AUG130600,Target Price: $64.565,2026-08-13 05:45:00-04:00,2026-08-13 06:00:00-04:00,64.636,64.565,yes
KXSILVER15M-26AUG130545,Target Price: $64.540,2026-08-13 05:30:00-04:00,2026-08-13 05:45:00-04:00,64.565,64.54,yes
KXSILVER15M-26AUG130530,Target Price: $64.446,2026-08-13 05:15:00-04:00,2026-08-13 05:30:00-04:00,64.540,64.446,yes
KXSILVER15M-26AUG130515,Target Price: $64.448,2026-08-13 05:00:00-04:00,2026-08-13 05:15:00-04:00,64.446,64.448,no
KXSILVER15M-26AUG130500,Target Price: $64.444,2026-08-13 04:45:00-04:00,2026-08-13 05:00:00-04:00,64.448,64.444,yes
KXSILVER15M-26AUG130445,Target Price: $64.528,2026-08-13 04:30:00-04:00,2026-08-13 04:45:00-04:00,64.444,64.528,no
KXSILVER15M-26AUG130430,Target Price: $64.350,2026-08-13 04:15:00-04:00,2026-08-13 04:30:00-04:00,64.528,64.35,yes
KXSILVER15M-26AUG130415,Target Price: $64.584,2026-08-13 04:00:00-04:00,2026-08-13 04:15:00-04:00,64.350,64.584,no
KXSILVER15M-26AUG130400,Target Price: $64.800,2026-08-13 03:45:00-04:00,2026-08-13 04:00:00-04:00,64.584,64.8,no
KXSILVER15M-26AUG130345,Target Price: $64.690,2026-08-13 03:30:00-04:00,2026-08-13 03:45:00-04:00,64.800,64.69,yes
KXSILVER15M-26AUG130330,Target Price: $64.706,2026-08-13 03:15:00-04:00,2026-08-13 03:30:00-04:00,64.690,64.706,no
KXSILVER15M-26AUG130315,Target Price: $64.833,2026-08-13 03:00:00-04:00,2026-08-13 03:15:00-04:00,64.706,64.833,no
KXSILVER15M-26AUG130300,Target Price: $64.748,2026-08-13 02:45:00-04:00,2026-08-13 03:00:00-04:00,64.833,64.748,yes
KXSILVER15M-26AUG130245,Target Price: $64.930,2026-08-13 02:30:00-04:00,2026-08-13 02:45:00-04:00,64.748,64.93,no
KXSILVER15M-26AUG130230,Target Price: $64.906,2026-08-13 02:15:00-04:00,2026-08-13 02:30:00-04:00,64.930,64.906,yes
KXSILVER15M-26AUG130215,Target Price: $65.024,2026-08-13 02:00:00-04:00,2026-08-13 02:15:00-04:00,64.906,65.024,no
KXSILVER15M-26AUG130200,Target Price: $65.153,2026-08-13 01:45:00-04:00,2026-08-13 02:00:00-04:00,65.024,65.153,no
KXSILVER15M-26AUG130145,Target Price: $65.628,2026-08-13 01:30:00-04:00,2026-08-13 01:45:00-04:00,65.153,65.628,no
KXSILVER15M-26AUG130130,Target Price: $65.554,2026-08-13 01:15:00-04:00,2026-08-13 01:30:00-04:00,65.628,65.554,yes
KXSILVER15M-26AUG130115,Target Price: $65.368,2026-08-13 01:00:00-04:00,2026-08-13 01:15:00-04:00,65.554,65.368,yes
KXSILVER15M-26AUG130100,Target Price: $65.266,2026-08-13 00:45:00-04:00,2026-08-13 01:00:00-04:00,65.368,65.266,yes
KXSILVER15M-26AUG130045,Target Price: $65.288,2026-08-13 00:30:00-04:00,2026-08-13 00:45:00-04:00,65.266,65.288,no
KXSILVER15M-26AUG130030,Target Price: $65.119,2026-08-13 00:15:00-04:00,2026-08-13 00:30:00-04:00,65.288,65.119,yes
KXSILVER15M-26AUG130015,Target Price: $65.360,2026-08-13 00:00:00-04:00,2026-08-13 00:15:00-04:00,65.119,65.36,no
KXSILVER15M-26AUG130000,Target Price: $65.415,2026-08-12 23:45:00-04:00,2026-08-13 00:00:00-04:00,65.360,65.415,no
KXSILVER15M-26AUG122345,Target Price: $65.465,2026-08-12 23:30:00-04:00,2026-08-12 23:45:00-04:00,65.415,65.465,no
KXSILVER15M-26AUG122330,Target Price: $65.426,2026-08-12 23:15:00-04:00,2026-08-12 23:30:00-04:00,65.465,65.426,yes
KXSILVER15M-26AUG122315,Target Price: $65.444,2026-08-12 23:00:00-04:00,2026-08-12 23:15:00-04:00,65.426,65.444,no
KXSILVER15M-26AUG122300,Target Price: $65.369,2026-08-12 22:45:00-04:00,2026-08-12 23:00:00-04:00,65.444,65.369,yes
KXSILVER15M-26AUG122245,Target Price: $65.559,2026-08-12 22:30:00-04:00,2026-08-12 22:45:00-04:00,65.369,65.559,no
KXSILVER15M-26AUG122230,Target Price: $65.566,2026-08-12 22:15:00-04:00,2026-08-12 22:30:00-04:00,65.559,65.566,no
KXSILVER15M-26AUG122215,Target Price: $65.454,2026-08-12 22:00:00-04:00,2026-08-12 22:15:00-04:00,65.566,65.454,yes
KXSILVER15M-26AUG122200,Target Price: $65.640,2026-08-12 21:45:00-04:00,2026-08-12 22:00:00-04:00,65.454,65.64,no
KXSILVER15M-26AUG122145,Target Price: $65.646,2026-08-12 21:30:00-04:00,2026-08-12 21:45:00-04:00,65.640,65.646,no
KXSILVER15M-26AUG122130,Target Price: $65.784,2026-08-12 21:15:00-04:00,2026-08-12 21:30:00-04:00,65.646,65.784,no
KXSILVER15M-26AUG122115,Target Price: $65.801,2026-08-12 21:00:00-04:00,2026-08-12 21:15:00-04:00,65.784,65.801,no
KXSILVER15M-26AUG122100,Target Price: $66.195,2026-08-12 20:45:00-04:00,2026-08-12 21:00:00-04:00,65.801,66.195,no
KXSILVER15M-26AUG122045,Target Price: $65.912,2026-08-12 20:30:00-04:00,2026-08-12 20:45:00-04:00,66.195,65.912,yes
KXSILVER15M-26AUG122030,Target Price: $65.626,2026-08-12 20:15:00-04:00,2026-08-12 20:30:00-04:00,65.912,65.626,yes
KXSILVER15M-26AUG122015,Target Price: $65.306,2026-08-12 20:00:00-04:00,2026-08-12 20:15:00-04:00,65.626,65.306,yes
KXSILVER15M-26AUG122000,Target Price: $65.253,2026-08-12 19:45:00-04:00,2026-08-12 20:00:00-04:00,65.306,65.253,yes
KXSILVER15M-26AUG121945,Target Price: $65.233,2026-08-12 19:30:00-04:00,2026-08-12 19:45:00-04:00,65.253,65.233,yes
KXSILVER15M-26AUG121930,Target Price: $65.188,2026-08-12 19:15:00-04:00,2026-08-12 19:30:00-04:00,65.233,65.188,yes
KXSILVER15M-26AUG121915,Target Price: $65.103,2026-08-12 19:00:00-04:00,2026-08-12 19:15:00-04:00,65.188,65.103,yes
KXSILVER15M-26AUG121900,Target Price: $65.065,2026-08-12 18:45:00-04:00,2026-08-12 19:00:00-04:00,65.103,65.065,yes
KXSILVER15M-26AUG121845,Target Price: $65.087,2026-08-12 18:30:00-04:00,2026-08-12 18:45:00-04:00,65.065,65.087,no
KXSILVER15M-26AUG121830,Target Price: $65.209,2026-08-12 18:15:00-04:00,2026-08-12 18:30:00-04:00,65.087,65.209,no
KXSILVER15M-26AUG121815,Target Price: $65.344,2026-08-12 18:00:00-04:00,2026-08-12 18:15:00-04:00,65.209,65.344,no
KXSILVER15M-26AUG121800,Target Price: $65.342,2026-08-12 17:45:00-04:00,2026-08-12 18:00:00-04:00,65.344,65.342,yes
KXSILVER15M-26AUG121745,Target Price: $65.315,2026-08-12 17:30:00-04:00,2026-08-12 17:45:00-04:00,65.342,65.315,yes
KXSILVER15M-26AUG121730,Target Price: $65.317,2026-08-12 17:15:00-04:00,2026-08-12 17:30:00-04:00,65.315,65.317,no
KXSILVER15M-26AUG121715,Target Price: $65.327,2026-08-12 17:00:00-04:00,2026-08-12 17:15:00-04:00,65.317,65.327,no
KXSILVER15M-26AUG121700,Target Price: $65.268,2026-08-12 16:45:00-04:00,2026-08-12 17:00:00-04:00,65.327,65.268,yes
KXSILVER15M-26AUG121645,Target Price: $65.260,2026-08-12 16:30:00-04:00,2026-08-12 16:45:00-04:00,65.268,65.26,yes
KXSILVER15M-26AUG121630,Target Price: $65.299,2026-08-12 16:15:00-04:00,2026-08-12 16:30:00-04:00,65.260,65.299,no
KXSILVER15M-26AUG121615,Target Price: $65.363,2026-08-12 16:00:00-04:00,2026-08-12 16:15:00-04:00,65.299,65.363,no
KXSILVER15M-26AUG121600,Target Price: $65.351,2026-08-12 15:45:00-04:00,2026-08-12 16:00:00-04:00,65.363,65.351,yes
KXSILVER15M-26AUG121545,Target Price: $65.455,2026-08-12 15:30:00-04:00,2026-08-12 15:45:00-04:00,65.351,65.455,no
KXSILVER15M-26AUG121530,Target Price: $65.510,2026-08-12 15:15:00-04:00,2026-08-12 15:30:00-04:00,65.455,65.51,no
KXSILVER15M-26AUG121515,Target Price: $65.499,2026-08-12 15:00:00-04:00,2026-08-12 15:15:00-04:00,65.510,65.499,yes
KXSILVER15M-26AUG121500,Target Price: $65.529,2026-08-12 14:45:00-04:00,2026-08-12 15:00:00-04:00,65.499,65.529,no
KXSILVER15M-26AUG121445,Target Price: $65.516,2026-08-12 14:30:00-04:00,2026-08-12 14:45:00-04:00,65.529,65.516,yes
KXSILVER15M-26AUG121430,Target Price: $65.426,2026-08-12 14:15:00-04:00,2026-08-12 14:30:00-04:00,65.516,65.426,yes
KXSILVER15M-26AUG121415,Target Price: $65.364,2026-08-12 14:00:00-04:00,2026-08-12 14:15:00-04:00,65.426,65.364,yes
KXSILVER15M-26AUG121400,Target Price: $65.379,2026-08-12 13:45:00-04:00,2026-08-12 14:00:00-04:00,65.364,65.379,no
KXSILVER15M-26AUG121345,Target Price: $65.522,2026-08-12 13:30:00-04:00,2026-08-12 13:45:00-04:00,65.379,65.522,no
KXSILVER15M-26AUG121330,Target Price: $65.277,2026-08-12 13:15:00-04:00,2026-08-12 13:30:00-04:00,65.522,65.277,yes
KXSILVER15M-26AUG121315,Target Price: $65.221,2026-08-12 13:00:00-04:00,2026-08-12 13:15:00-04:00,65.277,65.221,yes
KXSILVER15M-26AUG121300,Target Price: $65.327,2026-08-12 12:45:00-04:00,2026-08-12 13:00:00-04:00,65.221,65.327,no
KXSILVER15M-26AUG121245,Target Price: $65.610,2026-08-12 12:30:00-04:00,2026-08-12 12:45:00-04:00,65.327,65.61,no
KXSILVER15M-26AUG121230,Target Price: $65.778,2026-08-12 12:15:00-04:00,2026-08-12 12:30:00-04:00,65.610,65.778,no
KXSILVER15M-26AUG121215,Target Price: $65.795,2026-08-12 12:00:00-04:00,2026-08-12 12:15:00-04:00,65.778,65.795,no
KXSILVER15M-26AUG121200,Target Price: $65.750,2026-08-12 11:45:00-04:00,2026-08-12 12:00:00-04:00,65.795,65.75,yes
KXSILVER15M-26AUG121145,Target Price: $65.808,2026-08-12 11:30:00-04:00,2026-08-12 11:45:00-04:00,65.750,65.808,no
KXSILVER15M-26AUG121130,Target Price: $65.950,2026-08-12 11:15:00-04:00,2026-08-12 11:30:00-04:00,65.808,65.95,no
KXSILVER15M-26AUG121115,Target Price: $65.877,2026-08-12 11:00:00-04:00,2026-08-12 11:15:00-04:00,65.950,65.877,yes
KXSILVER15M-26AUG121100,Target Price: $66.242,2026-08-12 10:45:00-04:00,2026-08-12 11:00:00-04:00,65.877,66.242,no
KXSILVER15M-26AUG121045,Target Price: $66.107,2026-08-12 10:30:00-04:00,2026-08-12 10:45:00-04:00,66.242,66.107,yes
KXSILVER15M-26AUG121030,Target Price: $66.254,2026-08-12 10:15:00-04:00,2026-08-12 10:30:00-04:00,66.107,66.254,no
KXSILVER15M-26AUG121015,Target Price: $66.161,2026-08-12 10:00:00-04:00,2026-08-12 10:15:00-04:00,66.254,66.161,yes
KXSILVER15M-26AUG121000,Target Price: $65.810,2026-08-12 09:45:00-04:00,2026-08-12 10:00:00-04:00,66.161,65.81,yes
KXSILVER15M-26AUG120945,Target Price: $65.906,2026-08-12 09:30:00-04:00,2026-08-12 09:45:00-04:00,65.810,65.906,no
KXSILVER15M-26AUG120930,Target Price: $66.113,2026-08-12 09:15:00-04:00,2026-08-12 09:30:00-04:00,65.906,66.113,no
KXSILVER15M-26AUG120915,Target Price: $66.528,2026-08-12 09:00:00-04:00,2026-08-12 09:15:00-04:00,66.113,66.528,no
KXSILVER15M-26AUG120900,Target Price: $66.535,2026-08-12 08:45:00-04:00,2026-08-12 09:00:00-04:00,66.528,66.535,no
KXSILVER15M-26AUG120845,Target Price: $66.475,2026-08-12 08:30:00-04:00,2026-08-12 08:45:00-04:00,66.535,66.475,yes
KXSILVER15M-26AUG120830,Target Price: $66.124,2026-08-12 08:15:00-04:00,2026-08-12 08:30:00-04:00,66.475,66.124,yes
KXSILVER15M-26AUG120815,Target Price: $66.308,2026-08-12 08:00:00-04:00,2026-08-12 08:15:00-04:00,66.124,66.308,no
KXSILVER15M-26AUG120800,Target Price: $66.298,2026-08-12 07:45:00-04:00,2026-08-12 08:00:00-04:00,66.308,66.298,yes
KXSILVER15M-26AUG120745,Target Price: $66.334,2026-08-12 07:30:00-04:00,2026-08-12 07:45:00-04:00,66.298,66.334,no
KXSILVER15M-26AUG120730,Target Price: $66.267,2026-08-12 07:15:00-04:00,2026-08-12 07:30:00-04:00,66.334,66.267,yes
KXSILVER15M-26AUG120715,Target Price: $66.267,2026-08-12 07:00:00-04:00,2026-08-12 07:15:00-04:00,66.267,66.267,yes
KXSILVER15M-26AUG120700,Target Price: $66.287,2026-08-12 06:45:00-04:00,2026-08-12 07:00:00-04:00,66.267,66.287,no
KXSILVER15M-26AUG120645,Target Price: $66.368,2026-08-12 06:30:00-04:00,2026-08-12 06:45:00-04:00,66.287,66.368,no
KXSILVER15M-26AUG120630,Target Price: $66.370,2026-08-12 06:15:00-04:00,2026-08-12 06:30:00-04:00,66.368,66.37,no
KXSILVER15M-26AUG120615,Target Price: $66.417,2026-08-12 06:00:00-04:00,2026-08-12 06:15:00-04:00,66.370,66.417,no
KXSILVER15M-26AUG120600,Target Price: $66.440,2026-08-12 05:45:00-04:00,2026-08-12 06:00:00-04:00,66.417,66.44,no
KXSILVER15M-26AUG120545,Target Price: $66.491,2026-08-12 05:30:00-04:00,2026-08-12 05:45:00-04:00,66.440,66.491,no
KXSILVER15M-26AUG120530,Target Price: $66.532,2026-08-12 05:15:00-04:00,2026-08-12 05:30:00-04:00,66.491,66.532,no
KXSILVER15M-26AUG120515,Target Price: $66.125,2026-08-12 05:00:00-04:00,2026-08-12 05:15:00-04:00,66.532,66.125,yes
KXSILVER15M-26AUG120500,Target Price: $66.220,2026-08-12 04:45:00-04:00,2026-08-12 05:00:00-04:00,66.125,66.22,no
KXSILVER15M-26AUG120445,Target Price: $66.272,2026-08-12 04:30:00-04:00,2026-08-12 04:45:00-04:00,66.220,66.272,no
KXSILVER15M-26AUG120430,Target Price: $66.124,2026-08-12 04:15:00-04:00,2026-08-12 04:30:00-04:00,66.272,66.124,yes
KXSILVER15M-26AUG120415,Target Price: $66.057,2026-08-12 04:00:00-04:00,2026-08-12 04:15:00-04:00,66.124,66.057,yes
KXSILVER15M-26AUG120400,Target Price: $65.978,2026-08-12 03:45:00-04:00,2026-08-12 04:00:00-04:00,66.057,65.978,yes
KXSILVER15M-26AUG120345,Target Price: $65.939,2026-08-12 03:30:00-04:00,2026-08-12 03:45:00-04:00,65.978,65.939,yes
KXSILVER15M-26AUG120330,Target Price: $65.932,2026-08-12 03:15:00-04:00,2026-08-12 03:30:00-04:00,65.939,65.932,yes
KXSILVER15M-26AUG120315,Target Price: $65.924,2026-08-12 03:00:00-04:00,2026-08-12 03:15:00-04:00,65.932,65.924,yes
KXSILVER15M-26AUG120300,Target Price: $65.739,2026-08-12 02:45:00-04:00,2026-08-12 03:00:00-04:00,65.924,65.739,yes
KXSILVER15M-26AUG120245,Target Price: $65.384,2026-08-12 02:30:00-04:00,2026-08-12 02:45:00-04:00,65.739,65.384,yes
KXSILVER15M-26AUG120230,Target Price: $65.275,2026-08-12 02:15:00-04:00,2026-08-12 02:30:00-04:00,65.384,65.275,yes
KXSILVER15M-26AUG120215,Target Price: $65.280,2026-08-12 02:00:00-04:00,2026-08-12 02:15:00-04:00,65.275,65.28,no
KXSILVER15M-26AUG120200,Target Price: $65.099,2026-08-12 01:45:00-04:00,2026-08-12 02:00:00-04:00,65.280,65.099,yes
KXSILVER15M-26AUG120145,Target Price: $65.102,2026-08-12 01:30:00-04:00,2026-08-12 01:45:00-04:00,65.099,65.102,no
KXSILVER15M-26AUG120130,Target Price: $65.202,2026-08-12 01:15:00-04:00,2026-08-12 01:30:00-04:00,65.102,65.202,no
KXSILVER15M-26AUG120115,Target Price: $65.342,2026-08-12 01:00:00-04:00,2026-08-12 01:15:00-04:00,65.202,65.342,no
KXSILVER15M-26AUG120100,Target Price: $65.266,2026-08-12 00:45:00-04:00,2026-08-12 01:00:00-04:00,65.342,65.266,yes
KXSILVER15M-26AUG120045,Target Price: $65.204,2026-08-12 00:30:00-04:00,2026-08-12 00:45:00-04:00,65.266,65.204,yes
KXSILVER15M-26AUG120030,Target price: TBD,2026-08-12 00:15:00-04:00,2026-08-12 00:30:00-04:00,65.204,,no
KXSILVER15M-26AUG120015,Target price: TBD,2026-08-12 00:00:00-04:00,2026-08-12 00:15:00-04:00,65.421,,yes
KXSILVER15M-26AUG120000,Target Price: $65.442,2026-08-11 23:45:00-04:00,2026-08-12 00:00:00-04:00,65.421,65.442,no
KXSILVER15M-26AUG112345,Target Price: $65.493,2026-08-11 23:30:00-04:00,2026-08-11 23:45:00-04:00,65.442,65.493,no
KXSILVER15M-26AUG112330,Target Price: $65.638,2026-08-11 23:15:00-04:00,2026-08-11 23:30:00-04:00,65.493,65.638,no
KXSILVER15M-26AUG112315,Target Price: $65.434,2026-08-11 23:00:00-04:00,2026-08-11 23:15:00-04:00,65.638,65.434,yes
KXSILVER15M-26AUG112300,Target Price: $65.373,2026-08-11 22:45:00-04:00,2026-08-11 23:00:00-04:00,65.434,65.373,yes
KXSILVER15M-26AUG112245,Target Price: $65.129,2026-08-11 22:30:00-04:00,2026-08-11 22:45:00-04:00,65.373,65.129,yes
KXSILVER15M-26AUG112230,Target Price: $65.058,2026-08-11 22:15:00-04:00,2026-08-11 22:30:00-04:00,65.129,65.058,yes
KXSILVER15M-26AUG112215,Target Price: $65.098,2026-08-11 22:00:00-04:00,2026-08-11 22:15:00-04:00,65.058,65.098,no
KXSILVER15M-26AUG112200,Target Price: $64.999,2026-08-11 21:45:00-04:00,2026-08-11 22:00:00-04:00,65.098,64.999,yes
KXSILVER15M-26AUG112145,Target Price: $64.993,2026-08-11 21:30:00-04:00,2026-08-11 21:45:00-04:00,64.999,64.993,yes
KXSILVER15M-26AUG112130,Target Price: $65.154,2026-08-11 21:15:00-04:00,2026-08-11 21:30:00-04:00,64.993,65.154,no
KXSILVER15M-26AUG112115,Target Price: $64.898,2026-08-11 21:00:00-04:00,2026-08-11 21:15:00-04:00,65.154,64.898,yes
KXSILVER15M-26AUG112100,Target Price: $64.927,2026-08-11 20:45:00-04:00,2026-08-11 21:00:00-04:00,64.898,64.927,no
KXSILVER15M-26AUG112045,Target Price: $64.952,2026-08-11 20:30:00-04:00,2026-08-11 20:45:00-04:00,64.927,64.952,no
KXSILVER15M-26AUG112030,Target Price: $64.933,2026-08-11 20:15:00-04:00,2026-08-11 20:30:00-04:00,64.952,64.933,yes
KXSILVER15M-26AUG112015,Target Price: $64.780,2026-08-11 20:00:00-04:00,2026-08-11 20:15:00-04:00,64.933,64.78,yes
KXSILVER15M-26AUG112000,Target Price: $64.734,2026-08-11 19:45:00-04:00,2026-08-11 20:00:00-04:00,64.780,64.734,yes
KXSILVER15M-26AUG111945,Target Price: $64.807,2026-08-11 19:30:00-04:00,2026-08-11 19:45:00-04:00,64.734,64.807,no
KXSILVER15M-26AUG111930,Target Price: $64.810,2026-08-11 19:15:00-04:00,2026-08-11 19:30:00-04:00,64.807,64.81,no
KXSILVER15M-26AUG111915,Target Price: $64.789,2026-08-11 19:00:00-04:00,2026-08-11 19:15:00-04:00,64.810,64.789,yes
KXSILVER15M-26AUG111900,Target Price: $64.872,2026-08-11 18:45:00-04:00,2026-08-11 19:00:00-04:00,64.789,64.872,no
KXSILVER15M-26AUG111845,Target Price: $64.869,2026-08-11 18:30:00-04:00,2026-08-11 18:45:00-04:00,64.872,64.869,yes
KXSILVER15M-26AUG111830,Target Price: $64.837,2026-08-11 18:15:00-04:00,2026-08-11 18:30:00-04:00,64.869,64.837,yes
KXSILVER15M-26AUG111815,Target Price: $64.707,2026-08-11 18:00:00-04:00,2026-08-11 18:15:00-04:00,64.837,64.707,yes
KXSILVER15M-26AUG111800,Target Price: $64.706,2026-08-11 17:45:00-04:00,2026-08-11 18:00:00-04:00,64.707,64.706,yes
KXSILVER15M-26AUG111745,Target Price: $64.766,2026-08-11 17:30:00-04:00,2026-08-11 17:45:00-04:00,64.706,64.766,no
KXSILVER15M-26AUG111730,Target Price: $64.779,2026-08-11 17:15:00-04:00,2026-08-11 17:30:00-04:00,64.766,64.779,no
KXSILVER15M-26AUG111715,Target Price: $64.688,2026-08-11 17:00:00-04:00,2026-08-11 17:15:00-04:00,64.779,64.688,yes
KXSILVER15M-26AUG111700,Target Price: $64.666,2026-08-11 16:45:00-04:00,2026-08-11 17:00:00-04:00,64.688,64.666,yes
KXSILVER15M-26AUG111645,Target Price: $64.698,2026-08-11 16:30:00-04:00,2026-08-11 16:45:00-04:00,64.666,64.698,no
KXSILVER15M-26AUG111630,Target Price: $64.696,2026-08-11 16:15:00-04:00,2026-08-11 16:30:00-04:00,64.698,64.696,yes
KXSILVER15M-26AUG111615,Target Price: $64.771,2026-08-11 16:00:00-04:00,2026-08-11 16:15:00-04:00,64.696,64.771,no
KXSILVER15M-26AUG111600,Target Price: $64.647,2026-08-11 15:45:00-04:00,2026-08-11 16:00:00-04:00,64.771,64.647,yes
KXSILVER15M-26AUG111545,Target Price: $64.718,2026-08-11 15:30:00-04:00,2026-08-11 15:45:00-04:00,64.647,64.718,no
KXSILVER15M-26AUG111530,Target Price: $64.556,2026-08-11 15:15:00-04:00,2026-08-11 15:30:00-04:00,64.718,64.556,yes
KXSILVER15M-26AUG111515,Target Price: $64.706,2026-08-11 15:00:00-04:00,2026-08-11 15:15:00-04:00,64.556,64.706,no
KXSILVER15M-26AUG111500,Target Price: $64.670,2026-08-11 14:45:00-04:00,2026-08-11 15:00:00-04:00,64.706,64.67,yes
KXSILVER15M-26AUG111445,Target Price: $64.450,2026-08-11 14:30:00-04:00,2026-08-11 14:45:00-04:00,64.670,64.45,yes
KXSILVER15M-26AUG111430,Target Price: $64.456,2026-08-11 14:15:00-04:00,2026-08-11 14:30:00-04:00,64.450,64.456,no
KXSILVER15M-26AUG111415,Target Price: $64.554,2026-08-11 14:00:00-04:00,2026-08-11 14:15:00-04:00,64.456,64.554,no
KXSILVER15M-26AUG111400,Target Price: $64.767,2026-08-11 13:45:00-04:00,2026-08-11 14:00:00-04:00,64.554,64.767,no
KXSILVER15M-26AUG111345,Target Price: $64.773,2026-08-11 13:30:00-04:00,2026-08-11 13:45:00-04:00,64.767,64.773,no
KXSILVER15M-26AUG111330,Target Price: $64.821,2026-08-11 13:15:00-04:00,2026-08-11 13:30:00-04:00,64.773,64.821,no
KXSILVER15M-26AUG111315,Target Price: $64.924,2026-08-11 13:00:00-04:00,2026-08-11 13:15:00-04:00,64.821,64.924,no
KXSILVER15M-26AUG111300,Target Price: $64.964,2026-08-11 12:45:00-04:00,2026-08-11 13:00:00-04:00,64.924,64.964,no
KXSILVER15M-26AUG111245,Target Price: $65.066,2026-08-11 12:30:00-04:00,2026-08-11 12:45:00-04:00,64.964,65.066,no
KXSILVER15M-26AUG111230,Target Price: $64.974,2026-08-11 12:15:00-04:00,2026-08-11 12:30:00-04:00,65.066,64.974,yes
KXSILVER15M-26AUG111215,Target Price: $64.944,2026-08-11 12:00:00-04:00,2026-08-11 12:15:00-04:00,64.974,64.944,yes
KXSILVER15M-26AUG111200,Target Price: $64.623,2026-08-11 11:45:00-04:00,2026-08-11 12:00:00-04:00,64.944,64.623,yes
KXSILVER15M-26AUG111145,Target Price: $64.844,2026-08-11 11:30:00-04:00,2026-08-11 11:45:00-04:00,64.623,64.844,no
KXSILVER15M-26AUG111130,Target Price: $65.004,2026-08-11 11:15:00-04:00,2026-08-11 11:30:00-04:00,64.844,65.004,no
KXSILVER15M-26AUG111115,Target Price: $65.003,2026-08-11 11:00:00-04:00,2026-08-11 11:15:00-04:00,65.004,65.003,yes
KXSILVER15M-26AUG111100,Target Price: $65.073,2026-08-11 10:45:00-04:00,2026-08-11 11:00:00-04:00,65.003,65.073,no
KXSILVER15M-26AUG111045,Target Price: $64.825,2026-08-11 10:30:00-04:00,2026-08-11 10:45:00-04:00,65.073,64.825,yes
KXSILVER15M-26AUG111030,Target Price: $64.921,2026-08-11 10:15:00-04:00,2026-08-11 10:30:00-04:00,64.825,64.921,no
KXSILVER15M-26AUG111015,Target Price: $64.876,2026-08-11 10:00:00-04:00,2026-08-11 10:15:00-04:00,64.921,64.876,yes
KXSILVER15M-26AUG111000,Target Price: $65.139,2026-08-11 09:45:00-04:00,2026-08-11 10:00:00-04:00,64.876,65.139,no
KXSILVER15M-26AUG110945,Target Price: $64.916,2026-08-11 09:30:00-04:00,2026-08-11 09:45:00-04:00,65.139,64.916,yes
KXSILVER15M-26AUG110930,Target Price: $64.925,2026-08-11 09:15:00-04:00,2026-08-11 09:30:00-04:00,64.916,64.925,no
KXSILVER15M-26AUG110915,Target Price: $64.858,2026-08-11 09:00:00-04:00,2026-08-11 09:15:00-04:00,64.925,64.858,yes
KXSILVER15M-26AUG110900,Target Price: $65.077,2026-08-11 08:45:00-04:00,2026-08-11 09:00:00-04:00,64.858,65.077,no
KXSILVER15M-26AUG110845,Target Price: $64.941,2026-08-11 08:30:00-04:00,2026-08-11 08:45:00-04:00,65.077,64.941,yes
KXSILVER15M-26AUG110830,Target Price: $65.315,2026-08-11 08:15:00-04:00,2026-08-11 08:30:00-04:00,64.941,65.315,no
KXSILVER15M-26AUG110815,Target Price: $65.177,2026-08-11 08:00:00-04:00,2026-08-11 08:15:00-04:00,65.315,65.177,yes
KXSILVER15M-26AUG110800,Target Price: $65.184,2026-08-11 07:45:00-04:00,2026-08-11 08:00:00-04:00,65.177,65.184,no
KXSILVER15M-26AUG110745,Target Price: $65.249,2026-08-11 07:30:00-04:00,2026-08-11 07:45:00-04:00,65.184,65.249,no
KXSILVER15M-26AUG110730,Target Price: $65.264,2026-08-11 07:15:00-04:00,2026-08-11 07:30:00-04:00,65.249,65.264,no
KXSILVER15M-26AUG110715,Target Price: $65.116,2026-08-11 07:00:00-04:00,2026-08-11 07:15:00-04:00,65.264,65.116,yes
KXSILVER15M-26AUG110700,Target Price: $64.999,2026-08-11 06:45:00-04:00,2026-08-11 07:00:00-04:00,65.116,64.999,yes
KXSILVER15M-26AUG110645,Target Price: $65.058,2026-08-11 06:30:00-04:00,2026-08-11 06:45:00-04:00,64.999,65.058,no
KXSILVER15M-26AUG110630,Target Price: $64.884,2026-08-11 06:15:00-04:00,2026-08-11 06:30:00-04:00,65.058,64.884,yes
KXSILVER15M-26AUG110615,Target Price: $64.897,2026-08-11 06:00:00-04:00,2026-08-11 06:15:00-04:00,64.884,64.897,no
KXSILVER15M-26AUG110600,Target Price: $64.846,2026-08-11 05:45:00-04:00,2026-08-11 06:00:00-04:00,64.897,64.846,yes
KXSILVER15M-26AUG110545,Target Price: $64.811,2026-08-11 05:30:00-04:00,2026-08-11 05:45:00-04:00,64.846,64.811,yes
KXSILVER15M-26AUG110530,Target Price: $64.773,2026-08-11 05:15:00-04:00,2026-08-11 05:30:00-04:00,64.811,64.773,yes
KXSILVER15M-26AUG110515,Target Price: $64.679,2026-08-11 05:00:00-04:00,2026-08-11 05:15:00-04:00,64.773,64.679,yes
KXSILVER15M-26AUG110500,Target Price: $64.844,2026-08-11 04:45:00-04:00,2026-08-11 05:00:00-04:00,64.679,64.844,no
KXSILVER15M-26AUG110445,Target Price: $64.692,2026-08-11 04:30:00-04:00,2026-08-11 04:45:00-04:00,64.844,64.692,yes
KXSILVER15M-26AUG110430,Target Price: $64.659,2026-08-11 04:15:00-04:00,2026-08-11 04:30:00-04:00,64.692,64.659,yes
KXSILVER15M-26AUG110415,Target Price: $64.433,2026-08-11 04:00:00-04:00,2026-08-11 04:15:00-04:00,64.659,64.433,yes
KXSILVER15M-26AUG110400,Target Price: $64.361,2026-08-11 03:45:00-04:00,2026-08-11 04:00:00-04:00,64.433,64.361,yes
KXSILVER15M-26AUG110345,Target Price: $64.400,2026-08-11 03:30:00-04:00,2026-08-11 03:45:00-04:00,64.361,64.4,no
KXSILVER15M-26AUG110330,Target Price: $64.515,2026-08-11 03:15:00-04:00,2026-08-11 03:30:00-04:00,64.400,64.515,no
KXSILVER15M-26AUG110315,Target Price: $64.483,2026-08-11 03:00:00-04:00,2026-08-11 03:15:00-04:00,64.515,64.483,yes
KXSILVER15M-26AUG110300,Target Price: $64.446,2026-08-11 02:45:00-04:00,2026-08-11 03:00:00-04:00,64.483,64.446,yes
KXSILVER15M-26AUG110245,Target Price: $64.366,2026-08-11 02:30:00-04:00,2026-08-11 02:45:00-04:00,64.446,64.366,yes
KXSILVER15M-26AUG110230,Target Price: $64.694,2026-08-11 02:15:00-04:00,2026-08-11 02:30:00-04:00,64.366,64.694,no
KXSILVER15M-26AUG110215,Target Price: $64.749,2026-08-11 02:00:00-04:00,2026-08-11 02:15:00-04:00,64.694,64.749,no
KXSILVER15M-26AUG110200,Target Price: $64.725,2026-08-11 01:45:00-04:00,2026-08-11 02:00:00-04:00,64.749,64.725,yes
KXSILVER15M-26AUG110145,Target Price: $65.084,2026-08-11 01:30:00-04:00,2026-08-11 01:45:00-04:00,64.725,65.084,no
KXSILVER15M-26AUG110130,Target Price: $65.376,2026-08-11 01:15:00-04:00,2026-08-11 01:30:00-04:00,65.084,65.376,no
KXSILVER15M-26AUG110115,Target Price: $65.531,2026-08-11 01:00:00-04:00,2026-08-11 01:15:00-04:00,65.376,65.531,no
KXSILVER15M-26AUG110100,Target Price: $65.481,2026-08-11 00:45:00-04:00,2026-08-11 01:00:00-04:00,65.531,65.481,yes
KXSILVER15M-26AUG110045,Target Price: $65.743,2026-08-11 00:30:00-04:00,2026-08-11 00:45:00-04:00,65.481,65.743,no
KXSILVER15M-26AUG110030,Target Price: $65.790,2026-08-11 00:15:00-04:00,2026-08-11 00:30:00-04:00,65.743,65.79,no
KXSILVER15M-26AUG110015,Target Price: $65.783,2026-08-11 00:00:00-04:00,2026-08-11 00:15:00-04:00,65.790,65.783,yes
KXSILVER15M-26AUG110000,Target Price: $65.811,2026-08-10 23:45:00-04:00,2026-08-11 00:00:00-04:00,65.783,65.811,no
KXSILVER15M-26AUG102345,Target Price: $65.820,2026-08-10 23:30:00-04:00,2026-08-10 23:45:00-04:00,65.811,65.82,no
KXSILVER15M-26AUG102330,Target Price: $65.797,2026-08-10 23:15:00-04:00,2026-08-10 23:30:00-04:00,65.820,65.797,yes
KXSILVER15M-26AUG102315,Target Price: $65.691,2026-08-10 23:00:00-04:00,2026-08-10 23:15:00-04:00,65.797,65.691,yes
KXSILVER15M-26AUG102300,Target Price: $65.882,2026-08-10 22:45:00-04:00,2026-08-10 23:00:00-04:00,65.691,65.882,no
KXSILVER15M-26AUG102245,Target Price: $66.308,2026-08-10 22:30:00-04:00,2026-08-10 22:45:00-04:00,65.882,66.308,no
KXSILVER15M-26AUG102230,Target Price: $66.317,2026-08-10 22:15:00-04:00,2026-08-10 22:30:00-04:00,66.308,66.317,no
KXSILVER15M-26AUG102215,Target Price: $66.326,2026-08-10 22:00:00-04:00,2026-08-10 22:15:00-04:00,66.317,66.326,no
KXSILVER15M-26AUG102200,Target Price: $66.082,2026-08-10 21:45:00-04:00,2026-08-10 22:00:00-04:00,66.326,66.082,yes
KXSILVER15M-26AUG102145,Target Price: $66.006,2026-08-10 21:30:00-04:00,2026-08-10 21:45:00-04:00,66.082,66.006,yes
KXSILVER15M-26AUG102130,Target Price: $66.034,2026-08-10 21:15:00-04:00,2026-08-10 21:30:00-04:00,66.006,66.034,no
KXSILVER15M-26AUG102115,Target Price: $65.799,2026-08-10 21:00:00-04:00,2026-08-10 21:15:00-04:00,66.034,65.799,yes
KXSILVER15M-26AUG102100,Target Price: $65.943,2026-08-10 20:45:00-04:00,2026-08-10 21:00:00-04:00,65.799,65.943,no
KXSILVER15M-26AUG102045,Target Price: $66.200,2026-08-10 20:30:00-04:00,2026-08-10 20:45:00-04:00,65.943,66.2,no
KXSILVER15M-26AUG102030,Target Price: $66.004,2026-08-10 20:15:00-04:00,2026-08-10 20:30:00-04:00,66.200,66.004,yes
KXSILVER15M-26AUG102015,Target Price: $65.824,2026-08-10 20:00:00-04:00,2026-08-10 20:15:00-04:00,66.004,65.824,yes
KXSILVER15M-26AUG102000,Target Price: $65.796,2026-08-10 19:45:00-04:00,2026-08-10 20:00:00-04:00,65.824,65.796,yes
KXSILVER15M-26AUG101945,Target Price: $65.749,2026-08-10 19:30:00-04:00,2026-08-10 19:45:00-04:00,65.796,65.749,yes
KXSILVER15M-26AUG101930,Target Price: $65.786,2026-08-10 19:15:00-04:00,2026-08-10 19:30:00-04:00,65.749,65.786,no
KXSILVER15M-26AUG101915,Target Price: $65.843,2026-08-10 19:00:00-04:00,2026-08-10 19:15:00-04:00,65.786,65.843,no
KXSILVER15M-26AUG101900,Target Price: $65.811,2026-08-10 18:45:00-04:00,2026-08-10 19:00:00-04:00,65.843,65.811,yes
KXSILVER15M-26AUG101845,Target Price: $65.763,2026-08-10 18:30:00-04:00,2026-08-10 18:45:00-04:00,65.811,65.763,yes
KXSILVER15M-26AUG101830,Target Price: $65.755,2026-08-10 18:15:00-04:00,2026-08-10 18:30:00-04:00,65.763,65.755,yes
KXSILVER15M-26AUG101815,Target Price: $65.810,2026-08-10 18:00:00-04:00,2026-08-10 18:15:00-04:00,65.755,65.81,no
KXSILVER15M-26AUG101800,Target Price: $65.825,2026-08-10 17:45:00-04:00,2026-08-10 18:00:00-04:00,65.810,65.825,no
KXSILVER15M-26AUG101745,Target Price: $65.806,2026-08-10 17:30:00-04:00,2026-08-10 17:45:00-04:00,65.825,65.806,yes
KXSILVER15M-26AUG101730,Target Price: $65.817,2026-08-10 17:15:00-04:00,2026-08-10 17:30:00-04:00,65.806,65.817,no
KXSILVER15M-26AUG101715,Target Price: $65.739,2026-08-10 17:00:00-04:00,2026-08-10 17:15:00-04:00,65.817,65.739,yes
KXSILVER15M-26AUG101700,Target Price: $65.761,2026-08-10 16:45:00-04:00,2026-08-10 17:00:00-04:00,65.739,65.761,no
KXSILVER15M-26AUG101645,Target Price: $65.838,2026-08-10 16:30:00-04:00,2026-08-10 16:45:00-04:00,65.761,65.838,no
KXSILVER15M-26AUG101630,Target Price: $65.746,2026-08-10 16:15:00-04:00,2026-08-10 16:30:00-04:00,65.838,65.746,yes
KXSILVER15M-26AUG101615,Target Price: $65.748,2026-08-10 16:00:00-04:00,2026-08-10 16:15:00-04:00,65.746,65.748,yes
KXSILVER15M-26AUG101600,Target Price: $65.851,2026-08-10 15:45:00-04:00,2026-08-10 16:00:00-04:00,65.747,65.851,no
KXSILVER15M-26AUG101545,Target Price: $65.932,2026-08-10 15:30:00-04:00,2026-08-10 15:45:00-04:00,65.851,65.932,no
KXSILVER15M-26AUG101530,Target Price: $65.777,2026-08-10 15:15:00-04:00,2026-08-10 15:30:00-04:00,65.932,65.777,yes
KXSILVER15M-26AUG101515,Target Price: $65.621,2026-08-10 15:00:00-04:00,2026-08-10 15:15:00-04:00,65.777,65.621,yes
KXSILVER15M-26AUG101500,Target Price: $65.596,2026-08-10 14:45:00-04:00,2026-08-10 15:00:00-04:00,65.621,65.596,yes
KXSILVER15M-26AUG101445,Target Price: $65.105,2026-08-10 14:30:00-04:00,2026-08-10 14:45:00-04:00,65.596,65.105,yes
KXSILVER15M-26AUG101430,Target Price: $65.092,2026-08-10 14:15:00-04:00,2026-08-10 14:30:00-04:00,65.105,65.092,yes
KXSILVER15M-26AUG101415,Target Price: $65.116,2026-08-10 14:00:00-04:00,2026-08-10 14:15:00-04:00,65.092,65.116,no
KXSILVER15M-26AUG101400,Target Price: $65.111,2026-08-10 13:45:00-04:00,2026-08-10 14:00:00-04:00,65.116,65.111,yes
KXSILVER15M-26AUG101345,Target Price: $65.145,2026-08-10 13:30:00-04:00,2026-08-10 13:45:00-04:00,65.111,65.145,no
KXSILVER15M-26AUG101330,Target Price: $65.031,2026-08-10 13:15:00-04:00,2026-08-10 13:30:00-04:00,65.145,65.031,yes
KXSILVER15M-26AUG101315,Target Price: $64.932,2026-08-10 13:00:00-04:00,2026-08-10 13:15:00-04:00,65.031,64.932,yes
KXSILVER15M-26AUG101300,Target Price: $64.845,2026-08-10 12:45:00-04:00,2026-08-10 13:00:00-04:00,64.932,64.845,yes
KXSILVER15M-26AUG101245,Target Price: $65.177,2026-08-10 12:30:00-04:00,2026-08-10 12:45:00-04:00,64.845,65.177,no
KXSILVER15M-26AUG101230,Target Price: $65.121,2026-08-10 12:15:00-04:00,2026-08-10 12:30:00-04:00,65.177,65.121,yes
KXSILVER15M-26AUG101215,Target Price: $65.047,2026-08-10 12:00:00-04:00,2026-08-10 12:15:00-04:00,65.121,65.047,yes
KXSILVER15M-26AUG101200,Target Price: $64.630,2026-08-10 11:45:00-04:00,2026-08-10 12:00:00-04:00,65.047,64.63,yes
KXSILVER15M-26AUG101145,Target price: TBD,2026-08-10 11:30:00-04:00,2026-08-10 11:45:00-04:00,64.630,,yes
KXSILVER15M-26AUG101130,Target Price: $64.691,2026-08-10 11:15:00-04:00,2026-08-10 11:30:00-04:00,64.570,64.691,no
KXSILVER15M-26AUG101115,Target Price: $64.746,2026-08-10 11:00:00-04:00,2026-08-10 11:15:00-04:00,64.691,64.746,no
KXSILVER15M-26AUG101100,Target Price: $64.720,2026-08-10 10:45:00-04:00,2026-08-10 11:00:00-04:00,64.746,64.72,yes
KXSILVER15M-26AUG101045,Target Price: $64.528,2026-08-10 10:30:00-04:00,2026-08-10 10:45:00-04:00,64.720,64.528,yes
KXSILVER15M-26AUG101030,Target Price: $64.039,2026-08-10 10:15:00-04:00,2026-08-10 10:30:00-04:00,64.528,64.039,yes
KXSILVER15M-26AUG101015,Target Price: $63.665,2026-08-10 10:00:00-04:00,2026-08-10 10:15:00-04:00,64.039,63.665,yes
KXSILVER15M-26AUG101000,Target Price: $63.991,2026-08-10 09:45:00-04:00,2026-08-10 10:00:00-04:00,63.665,63.991,no
KXSILVER15M-26AUG100945,Target Price: $63.952,2026-08-10 09:30:00-04:00,2026-08-10 09:45:00-04:00,63.991,63.952,yes
KXSILVER15M-26AUG100930,Target Price: $63.948,2026-08-10 09:15:00-04:00,2026-08-10 09:30:00-04:00,63.952,63.948,yes
KXSILVER15M-26AUG100915,Target Price: $63.876,2026-08-10 09:00:00-04:00,2026-08-10 09:15:00-04:00,63.948,63.876,yes
KXSILVER15M-26AUG100900,Target Price: $63.904,2026-08-10 08:45:00-04:00,2026-08-10 09:00:00-04:00,63.876,63.904,no
KXSILVER15M-26AUG100845,Target Price: $63.869,2026-08-10 08:30:00-04:00,2026-08-10 08:45:00-04:00,63.904,63.869,yes
KXSILVER15M-26AUG100830,Target Price: $64.007,2026-08-10 08:15:00-04:00,2026-08-10 08:30:00-04:00,63.869,64.007,no
KXSILVER15M-26AUG100815,Target Price: $64.064,2026-08-10 08:00:00-04:00,2026-08-10 08:15:00-04:00,64.007,64.064,no
KXSILVER15M-26AUG100800,Target Price: $64.072,2026-08-10 07:45:00-04:00,2026-08-10 08:00:00-04:00,64.064,64.072,no
KXSILVER15M-26AUG100745,Target Price: $64.055,2026-08-10 07:30:00-04:00,2026-08-10 07:45:00-04:00,64.072,64.055,yes
KXSILVER15M-26AUG100730,Target Price: $63.900,2026-08-10 07:15:00-04:00,2026-08-10 07:30:00-04:00,64.055,63.9,yes
KXSILVER15M-26AUG100715,Target Price: $63.929,2026-08-10 07:00:00-04:00,2026-08-10 07:15:00-04:00,63.900,63.929,no
KXSILVER15M-26AUG100700,Target Price: $63.977,2026-08-10 06:45:00-04:00,2026-08-10 07:00:00-04:00,63.929,63.977,no
KXSILVER15M-26AUG100645,Target Price: $64.065,2026-08-10 06:30:00-04:00,2026-08-10 06:45:00-04:00,63.977,64.065,no
KXSILVER15M-26AUG100630,Target Price: $64.023,2026-08-10 06:15:00-04:00,2026-08-10 06:30:00-04:00,64.065,64.023,yes
KXSILVER15M-26AUG100615,Target Price: $64.090,2026-08-10 06:00:00-04:00,2026-08-10 06:15:00-04:00,64.023,64.09,no
KXSILVER15M-26AUG100600,Target Price: $64.162,2026-08-10 05:45:00-04:00,2026-08-10 06:00:00-04:00,64.090,64.162,no
KXSILVER15M-26AUG100545,Target Price: $64.252,2026-08-10 05:30:00-04:00,2026-08-10 05:45:00-04:00,64.162,64.252,no
KXSILVER15M-26AUG100530,Target Price: $64.269,2026-08-10 05:15:00-04:00,2026-08-10 05:30:00-04:00,64.252,64.269,no
KXSILVER15M-26AUG100515,Target Price: $64.215,2026-08-10 05:00:00-04:00,2026-08-10 05:15:00-04:00,64.269,64.215,yes
KXSILVER15M-26AUG100500,Target Price: $64.169,2026-08-10 04:45:00-04:00,2026-08-10 05:00:00-04:00,64.215,64.169,yes
KXSILVER15M-26AUG100445,Target Price: $64.396,2026-08-10 04:30:00-04:00,2026-08-10 04:45:00-04:00,64.169,64.396,no
KXSILVER15M-26AUG100430,Target Price: $64.282,2026-08-10 04:15:00-04:00,2026-08-10 04:30:00-04:00,64.396,64.282,yes
KXSILVER15M-26AUG100415,Target Price: $64.334,2026-08-10 04:00:00-04:00,2026-08-10 04:15:00-04:00,64.282,64.334,no
KXSILVER15M-26AUG100400,Target Price: $64.410,2026-08-10 03:45:00-04:00,2026-08-10 04:00:00-04:00,64.334,64.41,no
KXSILVER15M-26AUG100345,Target Price: $64.354,2026-08-10 03:30:00-04:00,2026-08-10 03:45:00-04:00,64.410,64.354,yes
KXSILVER15M-26AUG100330,Target Price: $64.178,2026-08-10 03:15:00-04:00,2026-08-10 03:30:00-04:00,64.354,64.178,yes
KXSILVER15M-26AUG100315,Target Price: $64.269,2026-08-10 03:00:00-04:00,2026-08-10 03:15:00-04:00,64.178,64.269,no
KXSILVER15M-26AUG100300,Target Price: $64.212,2026-08-10 02:45:00-04:00,2026-08-10 03:00:00-04:00,64.269,64.212,yes
KXSILVER15M-26AUG100245,Target Price: $64.219,2026-08-10 02:30:00-04:00,2026-08-10 02:45:00-04:00,64.212,64.219,no
KXSILVER15M-26AUG100230,Target Price: $64.182,2026-08-10 02:15:00-04:00,2026-08-10 02:30:00-04:00,64.219,64.182,yes
KXSILVER15M-26AUG100215,Target Price: $64.174,2026-08-10 02:00:00-04:00,2026-08-10 02:15:00-04:00,64.182,64.174,yes
KXSILVER15M-26AUG100200,Target Price: $64.018,2026-08-10 01:45:00-04:00,2026-08-10 02:00:00-04:00,64.174,64.018,yes
KXSILVER15M-26AUG100145,Target Price: $63.748,2026-08-10 01:30:00-04:00,2026-08-10 01:45:00-04:00,64.018,63.748,yes
KXSILVER15M-26AUG100130,Target Price: $63.789,2026-08-10 01:15:00-04:00,2026-08-10 01:30:00-04:00,63.748,63.789,no
KXSILVER15M-26AUG100115,Target Price: $63.873,2026-08-10 01:00:00-04:00,2026-08-10 01:15:00-04:00,63.789,63.873,no
KXSILVER15M-26AUG100100,Target Price: $63.832,2026-08-10 00:45:00-04:00,2026-08-10 01:00:00-04:00,63.873,63.832,yes
KXSILVER15M-26AUG100045,Target Price: $63.817,2026-08-10 00:30:00-04:00,2026-08-10 00:45:00-04:00,63.832,63.817,yes
KXSILVER15M-26AUG100030,Target Price: $63.821,2026-08-10 00:15:00-04:00,2026-08-10 00:30:00-04:00,63.817,63.821,no
KXSILVER15M-26AUG100015,Target Price: $63.616,2026-08-10 00:00:00-04:00,2026-08-10 00:15:00-04:00,63.821,63.616,yes
KXSILVER15M-26AUG080000,Target Price: $63.767,2026-08-07 23:45:00-04:00,2026-08-08 00:00:00-04:00,63.808,63.767,yes
KXSILVER15M-26AUG072345,Target Price: $63.759,2026-08-07 23:30:00-04:00,2026-08-07 23:45:00-04:00,63.767,63.759,yes
KXSILVER15M-26AUG072330,Target Price: $63.801,2026-08-07 23:15:00-04:00,2026-08-07 23:30:00-04:00,63.759,63.801,no
KXSILVER15M-26AUG072315,Target Price: $63.812,2026-08-07 23:00:00-04:00,2026-08-07 23:15:00-04:00,63.801,63.812,no
KXSILVER15M-26AUG072300,Target Price: $63.882,2026-08-07 22:45:00-04:00,2026-08-07 23:00:00-04:00,63.812,63.882,no
KXSILVER15M-26AUG072245,Target Price: $63.887,2026-08-07 22:30:00-04:00,2026-08-07 22:45:00-04:00,63.882,63.887,no
KXSILVER15M-26AUG072230,Target Price: $63.864,2026-08-07 22:15:00-04:00,2026-08-07 22:30:00-04:00,63.887,63.864,yes
KXSILVER15M-26AUG072215,Target Price: $63.962,2026-08-07 22:00:00-04:00,2026-08-07 22:15:00-04:00,63.864,63.962,no
KXSILVER15M-26AUG072200,Target Price: $63.957,2026-08-07 21:45:00-04:00,2026-08-07 22:00:00-04:00,63.962,63.957,yes
KXSILVER15M-26AUG072145,Target Price: $64.082,2026-08-07 21:30:00-04:00,2026-08-07 21:45:00-04:00,63.957,64.082,no
KXSILVER15M-26AUG072130,Target Price: $64.093,2026-08-07 21:15:00-04:00,2026-08-07 21:30:00-04:00,64.082,64.093,no
KXSILVER15M-26AUG072115,Target Price: $64.102,2026-08-07 21:00:00-04:00,2026-08-07 21:15:00-04:00,64.093,64.102,no
KXSILVER15M-26AUG072100,Target Price: $64.073,2026-08-07 20:45:00-04:00,2026-08-07 21:00:00-04:00,64.102,64.073,yes
KXSILVER15M-26AUG072045,Target Price: $64.183,2026-08-07 20:30:00-04:00,2026-08-07 20:45:00-04:00,64.073,64.183,no
KXSILVER15M-26AUG072030,Target Price: $64.040,2026-08-07 20:15:00-04:00,2026-08-07 20:30:00-04:00,64.183,64.04,yes
KXSILVER15M-26AUG072015,Target Price: $63.915,2026-08-07 20:00:00-04:00,2026-08-07 20:15:00-04:00,64.040,63.915,yes
KXSILVER15M-26AUG072000,Target Price: $63.926,2026-08-07 19:45:00-04:00,2026-08-07 20:00:00-04:00,63.915,63.926,no
KXSILVER15M-26AUG071945,Target Price: $63.879,2026-08-07 19:30:00-04:00,2026-08-07 19:45:00-04:00,63.926,63.879,yes
KXSILVER15M-26AUG071930,Target Price: $63.929,2026-08-07 19:15:00-04:00,2026-08-07 19:30:00-04:00,63.879,63.929,no
KXSILVER15M-26AUG071915,Target Price: $63.876,2026-08-07 19:00:00-04:00,2026-08-07 19:15:00-04:00,63.929,63.876,yes
KXSILVER15M-26AUG071900,Target Price: $63.977,2026-08-07 18:45:00-04:00,2026-08-07 19:00:00-04:00,63.876,63.977,no
KXSILVER15M-26AUG071845,Target Price: $63.847,2026-08-07 18:30:00-04:00,2026-08-07 18:45:00-04:00,63.977,63.847,yes
KXSILVER15M-26AUG071830,Target Price: $63.858,2026-08-07 18:15:00-04:00,2026-08-07 18:30:00-04:00,63.847,63.858,no
KXSILVER15M-26AUG071815,Target Price: $63.682,2026-08-07 18:00:00-04:00,2026-08-07 18:15:00-04:00,63.858,63.682,yes
KXSILVER15M-26AUG071800,Target Price: $63.760,2026-08-07 17:45:00-04:00,2026-08-07 18:00:00-04:00,63.682,63.76,no
KXSILVER15M-26AUG071745,Target Price: $63.771,2026-08-07 17:30:00-04:00,2026-08-07 17:45:00-04:00,63.760,63.771,no
KXSILVER15M-26AUG071730,Target Price: $63.659,2026-08-07 17:15:00-04:00,2026-08-07 17:30:00-04:00,63.771,63.659,yes
KXSILVER15M-26AUG071715,Target Price: $63.570,2026-08-07 17:00:00-04:00,2026-08-07 17:15:00-04:00,63.659,63.57,yes
KXSILVER15M-26AUG071700,Target Price: $63.474,2026-08-07 16:45:00-04:00,2026-08-07 17:00:00-04:00,63.570,63.474,yes
KXSILVER15M-26AUG071645,Target Price: $63.437,2026-08-07 16:30:00-04:00,2026-08-07 16:45:00-04:00,63.474,63.437,yes
KXSILVER15M-26AUG071630,Target Price: $63.512,2026-08-07 16:15:00-04:00,2026-08-07 16:30:00-04:00,63.437,63.512,no
KXSILVER15M-26AUG071615,Target Price: $63.623,2026-08-07 16:00:00-04:00,2026-08-07 16:15:00-04:00,63.512,63.623,no
KXSILVER15M-26AUG071600,Target Price: $63.659,2026-08-07 15:45:00-04:00,2026-08-07 16:00:00-04:00,63.623,63.659,no
KXSILVER15M-26AUG071545,Target Price: $63.644,2026-08-07 15:30:00-04:00,2026-08-07 15:45:00-04:00,63.659,63.644,yes
KXSILVER15M-26AUG071530,Target Price: $63.531,2026-08-07 15:15:00-04:00,2026-08-07 15:30:00-04:00,63.644,63.531,yes
KXSILVER15M-26AUG071515,Target Price: $63.304,2026-08-07 15:00:00-04:00,2026-08-07 15:15:00-04:00,63.531,63.304,yes
KXSILVER15M-26AUG071500,Target Price: $63.256,2026-08-07 14:45:00-04:00,2026-08-07 15:00:00-04:00,63.304,63.256,yes
KXSILVER15M-26AUG071445,Target Price: $63.186,2026-08-07 14:30:00-04:00,2026-08-07 14:45:00-04:00,63.256,63.186,yes
KXSILVER15M-26AUG071430,Target Price: $63.200,2026-08-07 14:15:00-04:00,2026-08-07 14:30:00-04:00,63.186,63.2,no
KXSILVER15M-26AUG071415,Target Price: $63.352,2026-08-07 14:00:00-04:00,2026-08-07 14:15:00-04:00,63.200,63.352,no
KXSILVER15M-26AUG071400,Target Price: $63.327,2026-08-07 13:45:00-04:00,2026-08-07 14:00:00-04:00,63.352,63.327,yes
KXSILVER15M-26AUG071345,Target Price: $63.310,2026-08-07 13:30:00-04:00,2026-08-07 13:45:00-04:00,63.327,63.31,yes
KXSILVER15M-26AUG071330,Target Price: $63.196,2026-08-07 13:15:00-04:00,2026-08-07 13:30:00-04:00,63.310,63.196,yes
KXSILVER15M-26AUG071315,Target Price: $63.139,2026-08-07 13:00:00-04:00,2026-08-07 13:15:00-04:00,63.196,63.139,yes
KXSILVER15M-26AUG071300,Target Price: $63.314,2026-08-07 12:45:00-04:00,2026-08-07 13:00:00-04:00,63.139,63.314,no
KXSILVER15M-26AUG071245,Target Price: $63.339,2026-08-07 12:30:00-04:00,2026-08-07 12:45:00-04:00,63.314,63.339,no
KXSILVER15M-26AUG071230,Target Price: $63.520,2026-08-07 12:15:00-04:00,2026-08-07 12:30:00-04:00,63.339,63.52,no
KXSILVER15M-26AUG071215,Target Price: $63.339,2026-08-07 12:00:00-04:00,2026-08-07 12:15:00-04:00,63.520,63.339,yes
KXSILVER15M-26AUG071200,Target Price: $63.443,2026-08-07 11:45:00-04:00,2026-08-07 12:00:00-04:00,63.339,63.443,no
KXSILVER15M-26AUG071145,Target Price: $63.502,2026-08-07 11:30:00-04:00,2026-08-07 11:45:00-04:00,63.443,63.502,no
KXSILVER15M-26AUG071130,Target Price: $63.736,2026-08-07 11:15:00-04:00,2026-08-07 11:30:00-04:00,63.502,63.736,no
KXSILVER15M-26AUG071115,Target Price: $63.373,2026-08-07 11:00:00-04:00,2026-08-07 11:15:00-04:00,63.736,63.373,yes
KXSILVER15M-26AUG071100,Target Price: $63.633,2026-08-07 10:45:00-04:00,2026-08-07 11:00:00-04:00,63.373,63.633,no
KXSILVER15M-26AUG071045,Target Price: $63.748,2026-08-07 10:30:00-04:00,2026-08-07 10:45:00-04:00,63.633,63.748,no
KXSILVER15M-26AUG071030,Target Price: $63.501,2026-08-07 10:15:00-04:00,2026-08-07 10:30:00-04:00,63.748,63.501,yes
KXSILVER15M-26AUG071015,Target Price: $63.897,2026-08-07 10:00:00-04:00,2026-08-07 10:15:00-04:00,63.501,63.897,no
KXSILVER15M-26AUG071000,Target Price: $64.302,2026-08-07 09:45:00-04:00,2026-08-07 10:00:00-04:00,63.897,64.302,no
KXSILVER15M-26AUG070945,Target Price: $64.172,2026-08-07 09:30:00-04:00,2026-08-07 09:45:00-04:00,64.302,64.172,yes
KXSILVER15M-26AUG070930,Target Price: $64.087,2026-08-07 09:15:00-04:00,2026-08-07 09:30:00-04:00,64.172,64.087,yes
KXSILVER15M-26AUG070915,Target Price: $64.703,2026-08-07 09:00:00-04:00,2026-08-07 09:15:00-04:00,64.087,64.703,no
KXSILVER15M-26AUG070900,Target Price: $64.800,2026-08-07 08:45:00-04:00,2026-08-07 09:00:00-04:00,64.703,64.8,no
KXSILVER15M-26AUG070845,Target Price: $63.988,2026-08-07 08:30:00-04:00,2026-08-07 08:45:00-04:00,64.800,63.988,yes
KXSILVER15M-26AUG070830,Target Price: $64.107,2026-08-07 08:15:00-04:00,2026-08-07 08:30:00-04:00,63.988,64.107,no
KXSILVER15M-26AUG070815,Target Price: $64.088,2026-08-07 08:00:00-04:00,2026-08-07 08:15:00-04:00,64.107,64.088,yes
KXSILVER15M-26AUG070800,Target Price: $64.081,2026-08-07 07:45:00-04:00,2026-08-07 08:00:00-04:00,64.088,64.081,yes
KXSILVER15M-26AUG070745,Target Price: $64.112,2026-08-07 07:30:00-04:00,2026-08-07 07:45:00-04:00,64.081,64.112,no
KXSILVER15M-26AUG070730,Target Price: $64.118,2026-08-07 07:15:00-04:00,2026-08-07 07:30:00-04:00,64.112,64.118,no
KXSILVER15M-26AUG070715,Target Price: $64.313,2026-08-07 07:00:00-04:00,2026-08-07 07:15:00-04:00,64.118,64.313,no
KXSILVER15M-26AUG070700,Target Price: $64.347,2026-08-07 06:45:00-04:00,2026-08-07 07:00:00-04:00,64.313,64.347,no
KXSILVER15M-26AUG070645,Target Price: $64.295,2026-08-07 06:30:00-04:00,2026-08-07 06:45:00-04:00,64.347,64.295,yes
KXSILVER15M-26AUG070630,Target Price: $64.349,2026-08-07 06:15:00-04:00,2026-08-07 06:30:00-04:00,64.295,64.349,no
KXSILVER15M-26AUG070615,Target Price: $64.438,2026-08-07 06:00:00-04:00,2026-08-07 06:15:00-04:00,64.349,64.438,no
KXSILVER15M-26AUG070600,Target Price: $64.549,2026-08-07 05:45:00-04:00,2026-08-07 06:00:00-04:00,64.438,64.549,no
KXSILVER15M-26AUG070545,Target Price: $64.332,2026-08-07 05:30:00-04:00,2026-08-07 05:45:00-04:00,64.549,64.332,yes
KXSILVER15M-26AUG070530,Target Price: $64.319,2026-08-07 05:15:00-04:00,2026-08-07 05:30:00-04:00,64.332,64.319,yes
KXSILVER15M-26AUG070515,Target Price: $64.309,2026-08-07 05:00:00-04:00,2026-08-07 05:15:00-04:00,64.319,64.309,yes
KXSILVER15M-26AUG070500,Target Price: $64.315,2026-08-07 04:45:00-04:00,2026-08-07 05:00:00-04:00,64.309,64.315,no
KXSILVER15M-26AUG070445,Target Price: $64.044,2026-08-07 04:30:00-04:00,2026-08-07 04:45:00-04:00,64.315,64.044,yes
KXSILVER15M-26AUG070430,Target Price: $64.255,2026-08-07 04:15:00-04:00,2026-08-07 04:30:00-04:00,64.044,64.255,no
KXSILVER15M-26AUG070415,Target Price: $63.840,2026-08-07 04:00:00-04:00,2026-08-07 04:15:00-04:00,64.255,63.84,yes
KXSILVER15M-26AUG070400,Target Price: $63.738,2026-08-07 03:45:00-04:00,2026-08-07 04:00:00-04:00,63.840,63.738,yes
KXSILVER15M-26AUG070345,Target Price: $63.591,2026-08-07 03:30:00-04:00,2026-08-07 03:45:00-04:00,63.738,63.591,yes
KXSILVER15M-26AUG070330,Target Price: $63.589,2026-08-07 03:15:00-04:00,2026-08-07 03:30:00-04:00,63.591,63.589,yes
KXSILVER15M-26AUG070315,Target Price: $63.766,2026-08-07 03:00:00-04:00,2026-08-07 03:15:00-04:00,63.589,63.766,no
KXSILVER15M-26AUG070300,Target Price: $63.723,2026-08-07 02:45:00-04:00,2026-08-07 03:00:00-04:00,63.766,63.723,yes
KXSILVER15M-26AUG070245,Target Price: $63.371,2026-08-07 02:30:00-04:00,2026-08-07 02:45:00-04:00,63.723,63.371,yes
KXSILVER15M-26AUG070230,Target Price: $63.308,2026-08-07 02:15:00-04:00,2026-08-07 02:30:00-04:00,63.371,63.308,yes
KXSILVER15M-26AUG070215,Target Price: $62.739,2026-08-07 02:00:00-04:00,2026-08-07 02:15:00-04:00,63.308,62.739,yes
KXSILVER15M-26AUG070200,Target Price: $62.464,2026-08-07 01:45:00-04:00,2026-08-07 02:00:00-04:00,62.739,62.464,yes
KXSILVER15M-26AUG070145,Target Price: $62.285,2026-08-07 01:30:00-04:00,2026-08-07 01:45:00-04:00,62.464,62.285,yes
KXSILVER15M-26AUG070130,Target Price: $62.333,2026-08-07 01:15:00-04:00,2026-08-07 01:30:00-04:00,62.285,62.333,no
KXSILVER15M-26AUG070115,Target Price: $62.301,2026-08-07 01:00:00-04:00,2026-08-07 01:15:00-04:00,62.333,62.301,yes
KXSILVER15M-26AUG070100,Target Price: $62.262,2026-08-07 00:45:00-04:00,2026-08-07 01:00:00-04:00,62.301,62.262,yes
KXSILVER15M-26AUG070045,Target Price: $62.270,2026-08-07 00:30:00-04:00,2026-08-07 00:45:00-04:00,62.262,62.27,no
KXSILVER15M-26AUG070030,Target Price: $62.384,2026-08-07 00:15:00-04:00,2026-08-07 00:30:00-04:00,62.270,62.384,no
KXSILVER15M-26AUG070015,Target Price: $62.375,2026-08-07 00:00:00-04:00,2026-08-07 00:15:00-04:00,62.384,62.375,yes
KXSILVER15M-26AUG070000,Target Price: $62.281,2026-08-06 23:45:00-04:00,2026-08-07 00:00:00-04:00,62.375,62.281,yes
KXSILVER15M-26AUG062345,Target Price: $62.225,2026-08-06 23:30:00-04:00,2026-08-06 23:45:00-04:00,62.281,62.225,yes
KXSILVER15M-26AUG062330,Target Price: $62.151,2026-08-06 23:15:00-04:00,2026-08-06 23:30:00-04:00,62.225,62.151,yes
KXSILVER15M-26AUG062315,Target Price: $62.045,2026-08-06 23:00:00-04:00,2026-08-06 23:15:00-04:00,62.151,62.045,yes
KXSILVER15M-26AUG062300,Target Price: $61.989,2026-08-06 22:45:00-04:00,2026-08-06 23:00:00-04:00,62.045,61.989,yes
KXSILVER15M-26AUG062245,Target Price: $62.288,2026-08-06 22:30:00-04:00,2026-08-06 22:45:00-04:00,61.989,62.288,no
KXSILVER15M-26AUG062230,Target Price: $62.182,2026-08-06 22:15:00-04:00,2026-08-06 22:30:00-04:00,62.288,62.182,yes
KXSILVER15M-26AUG062215,Target Price: $62.093,2026-08-06 22:00:00-04:00,2026-08-06 22:15:00-04:00,62.182,62.093,yes
KXSILVER15M-26AUG062200,Target Price: $61.974,2026-08-06 21:45:00-04:00,2026-08-06 22:00:00-04:00,62.093,61.974,yes
KXSILVER15M-26AUG062145,Target Price: $61.760,2026-08-06 21:30:00-04:00,2026-08-06 21:45:00-04:00,61.974,61.76,yes
KXSILVER15M-26AUG062130,Target Price: $61.592,2026-08-06 21:15:00-04:00,2026-08-06 21:30:00-04:00,61.760,61.592,yes
KXSILVER15M-26AUG062115,Target Price: $61.205,2026-08-06 21:00:00-04:00,2026-08-06 21:15:00-04:00,61.592,61.205,yes
KXSILVER15M-26AUG062100,Target Price: $61.225,2026-08-06 20:45:00-04:00,2026-08-06 21:00:00-04:00,61.205,61.225,no
KXSILVER15M-26AUG062045,Target Price: $61.422,2026-08-06 20:30:00-04:00,2026-08-06 20:45:00-04:00,61.225,61.422,no
KXSILVER15M-26AUG062030,Target Price: $61.493,2026-08-06 20:15:00-04:00,2026-08-06 20:30:00-04:00,61.422,61.493,no
KXSILVER15M-26AUG062015,Target Price: $61.654,2026-08-06 20:00:00-04:00,2026-08-06 20:15:00-04:00,61.493,61.654,no
KXSILVER15M-26AUG062000,Target Price: $61.622,2026-08-06 19:45:00-04:00,2026-08-06 20:00:00-04:00,61.654,61.622,yes
KXSILVER15M-26AUG061945,Target Price: $61.536,2026-08-06 19:30:00-04:00,2026-08-06 19:45:00-04:00,61.622,61.536,yes
KXSILVER15M-26AUG061930,Target Price: $61.530,2026-08-06 19:15:00-04:00,2026-08-06 19:30:00-04:00,61.536,61.53,yes
KXSILVER15M-26AUG061915,Target Price: $61.475,2026-08-06 19:00:00-04:00,2026-08-06 19:15:00-04:00,61.530,61.475,yes
KXSILVER15M-26AUG061900,Target Price: $61.486,2026-08-06 18:45:00-04:00,2026-08-06 19:00:00-04:00,61.475,61.486,no
KXSILVER15M-26AUG061845,Target Price: $61.521,2026-08-06 18:30:00-04:00,2026-08-06 18:45:00-04:00,61.486,61.521,no
KXSILVER15M-26AUG061830,Target Price: $61.490,2026-08-06 18:15:00-04:00,2026-08-06 18:30:00-04:00,61.521,61.49,yes
KXSILVER15M-26AUG061815,Target Price: $61.648,2026-08-06 18:00:00-04:00,2026-08-06 18:15:00-04:00,61.490,61.648,no
KXSILVER15M-26AUG061800,Target Price: $61.684,2026-08-06 17:45:00-04:00,2026-08-06 18:00:00-04:00,61.648,61.684,no
KXSILVER15M-26AUG061745,Target Price: $61.662,2026-08-06 17:30:00-04:00,2026-08-06 17:45:00-04:00,61.684,61.662,yes
KXSILVER15M-26AUG061730,Target Price: $61.624,2026-08-06 17:15:00-04:00,2026-08-06 17:30:00-04:00,61.662,61.624,yes
KXSILVER15M-26AUG061715,Target Price: $61.520,2026-08-06 17:00:00-04:00,2026-08-06 17:15:00-04:00,61.624,61.52,yes
KXSILVER15M-26AUG061700,Target Price: $61.473,2026-08-06 16:45:00-04:00,2026-08-06 17:00:00-04:00,61.520,61.473,yes
KXSILVER15M-26AUG061645,Target Price: $61.547,2026-08-06 16:30:00-04:00,2026-08-06 16:45:00-04:00,61.473,61.547,no
KXSILVER15M-26AUG061630,Target Price: $61.646,2026-08-06 16:15:00-04:00,2026-08-06 16:30:00-04:00,61.547,61.646,no
KXSILVER15M-26AUG061615,Target Price: $61.798,2026-08-06 16:00:00-04:00,2026-08-06 16:15:00-04:00,61.646,61.798,no
KXSILVER15M-26AUG061600,Target Price: $61.492,2026-08-06 15:45:00-04:00,2026-08-06 16:00:00-04:00,61.798,61.492,yes
KXSILVER15M-26AUG061545,Target Price: $61.539,2026-08-06 15:30:00-04:00,2026-08-06 15:45:00-04:00,61.492,61.539,no
KXSILVER15M-26AUG061530,Target Price: $61.709,2026-08-06 15:15:00-04:00,2026-08-06 15:30:00-04:00,61.539,61.709,no
KXSILVER15M-26AUG061515,Target Price: $61.511,2026-08-06 15:00:00-04:00,2026-08-06 15:15:00-04:00,61.709,61.511,yes
KXSILVER15M-26AUG061500,Target Price: $61.488,2026-08-06 14:45:00-04:00,2026-08-06 15:00:00-04:00,61.511,61.488,yes
KXSILVER15M-26AUG061445,Target Price: $61.518,2026-08-06 14:30:00-04:00,2026-08-06 14:45:00-04:00,61.488,61.518,no
KXSILVER15M-26AUG061430,Target Price: $61.483,2026-08-06 14:15:00-04:00,2026-08-06 14:30:00-04:00,61.518,61.483,yes
KXSILVER15M-26AUG061415,Target Price: $61.487,2026-08-06 14:00:00-04:00,2026-08-06 14:15:00-04:00,61.483,61.487,no
KXSILVER15M-26AUG061400,Target Price: $61.338,2026-08-06 13:45:00-04:00,2026-08-06 14:00:00-04:00,61.487,61.338,yes
KXSILVER15M-26AUG061345,Target Price: $61.327,2026-08-06 13:30:00-04:00,2026-08-06 13:45:00-04:00,61.338,61.327,yes
KXSILVER15M-26AUG061330,Target Price: $61.339,2026-08-06 13:15:00-04:00,2026-08-06 13:30:00-04:00,61.327,61.339,no
KXSILVER15M-26AUG061315,Target Price: $61.338,2026-08-06 13:00:00-04:00,2026-08-06 13:15:00-04:00,61.339,61.338,yes
KXSILVER15M-26AUG061300,Target Price: $61.185,2026-08-06 12:45:00-04:00,2026-08-06 13:00:00-04:00,61.338,61.185,yes
KXSILVER15M-26AUG061245,Target Price: $61.017,2026-08-06 12:30:00-04:00,2026-08-06 12:45:00-04:00,61.185,61.017,yes
KXSILVER15M-26AUG061230,Target Price: $61.114,2026-08-06 12:15:00-04:00,2026-08-06 12:30:00-04:00,61.017,61.114,no
KXSILVER15M-26AUG061215,Target Price: $61.084,2026-08-06 12:00:00-04:00,2026-08-06 12:15:00-04:00,61.114,61.084,yes
KXSILVER15M-26AUG061200,Target Price: $61.293,2026-08-06 11:45:00-04:00,2026-08-06 12:00:00-04:00,61.084,61.293,no
KXSILVER15M-26AUG061145,Target Price: $61.389,2026-08-06 11:30:00-04:00,2026-08-06 11:45:00-04:00,61.293,61.389,no
KXSILVER15M-26AUG061130,Target Price: $61.564,2026-08-06 11:15:00-04:00,2026-08-06 11:30:00-04:00,61.389,61.564,no
KXSILVER15M-26AUG061115,Target Price: $61.676,2026-08-06 11:00:00-04:00,2026-08-06 11:15:00-04:00,61.564,61.676,no
KXSILVER15M-26AUG061100,Target Price: $61.728,2026-08-06 10:45:00-04:00,2026-08-06 11:00:00-04:00,61.676,61.728,no
KXSILVER15M-26AUG061045,Target Price: $61.550,2026-08-06 10:30:00-04:00,2026-08-06 10:45:00-04:00,61.728,61.55,yes
KXSILVER15M-26AUG061030,Target Price: $61.586,2026-08-06 10:15:00-04:00,2026-08-06 10:30:00-04:00,61.550,61.586,no
KXSILVER15M-26AUG061015,Target Price: $61.624,2026-08-06 10:00:00-04:00,2026-08-06 10:15:00-04:00,61.586,61.624,no
KXSILVER15M-26AUG061000,Target Price: $61.726,2026-08-06 09:45:00-04:00,2026-08-06 10:00:00-04:00,61.624,61.726,no
KXSILVER15M-26AUG060945,Target Price: $61.394,2026-08-06 09:30:00-04:00,2026-08-06 09:45:00-04:00,61.726,61.394,yes
KXSILVER15M-26AUG060930,Target Price: $61.180,2026-08-06 09:15:00-04:00,2026-08-06 09:30:00-04:00,61.394,61.18,yes
KXSILVER15M-26AUG060915,Target Price: $61.256,2026-08-06 09:00:00-04:00,2026-08-06 09:15:00-04:00,61.180,61.256,no
KXSILVER15M-26AUG060900,Target Price: $61.661,2026-08-06 08:45:00-04:00,2026-08-06 09:00:00-04:00,61.256,61.661,no
KXSILVER15M-26AUG060845,Target Price: $61.631,2026-08-06 08:30:00-04:00,2026-08-06 08:45:00-04:00,61.661,61.631,yes
KXSILVER15M-26AUG060830,Target Price: $61.539,2026-08-06 08:15:00-04:00,2026-08-06 08:30:00-04:00,61.631,61.539,yes
KXSILVER15M-26AUG060815,Target Price: $61.815,2026-08-06 08:00:00-04:00,2026-08-06 08:15:00-04:00,61.539,61.815,no
KXSILVER15M-26AUG060800,Target Price: $61.695,2026-08-06 07:45:00-04:00,2026-08-06 08:00:00-04:00,61.815,61.695,yes
KXSILVER15M-26AUG060745,Target Price: $61.773,2026-08-06 07:30:00-04:00,2026-08-06 07:45:00-04:00,61.695,61.773,no
KXSILVER15M-26AUG060730,Target Price: $61.688,2026-08-06 07:15:00-04:00,2026-08-06 07:30:00-04:00,61.773,61.688,yes
KXSILVER15M-26AUG060715,Target Price: $61.736,2026-08-06 07:00:00-04:00,2026-08-06 07:15:00-04:00,61.688,61.736,no
KXSILVER15M-26AUG060700,Target Price: $61.742,2026-08-06 06:45:00-04:00,2026-08-06 07:00:00-04:00,61.736,61.742,no
KXSILVER15M-26AUG060645,Target Price: $61.857,2026-08-06 06:30:00-04:00,2026-08-06 06:45:00-04:00,61.742,61.857,no
KXSILVER15M-26AUG060630,Target Price: $61.793,2026-08-06 06:15:00-04:00,2026-08-06 06:30:00-04:00,61.857,61.793,yes
KXSILVER15M-26AUG060615,Target Price: $61.892,2026-08-06 06:00:00-04:00,2026-08-06 06:15:00-04:00,61.793,61.892,no
KXSILVER15M-26AUG060600,Target Price: $61.800,2026-08-06 05:45:00-04:00,2026-08-06 06:00:00-04:00,61.892,61.8,yes
KXSILVER15M-26AUG060545,Target Price: $62.029,2026-08-06 05:30:00-04:00,2026-08-06 05:45:00-04:00,61.800,62.029,no
KXSILVER15M-26AUG060530,Target Price: $61.956,2026-08-06 05:15:00-04:00,2026-08-06 05:30:00-04:00,62.029,61.956,yes
KXSILVER15M-26AUG060515,Target Price: $62.076,2026-08-06 05:00:00-04:00,2026-08-06 05:15:00-04:00,61.956,62.076,no
KXSILVER15M-26AUG060500,Target Price: $61.861,2026-08-06 04:45:00-04:00,2026-08-06 05:00:00-04:00,62.076,61.861,yes
KXSILVER15M-26AUG060445,Target Price: $61.856,2026-08-06 04:30:00-04:00,2026-08-06 04:45:00-04:00,61.861,61.856,yes
KXSILVER15M-26AUG060430,Target Price: $61.954,2026-08-06 04:15:00-04:00,2026-08-06 04:30:00-04:00,61.856,61.954,no
KXSILVER15M-26AUG060415,Target Price: $61.912,2026-08-06 04:00:00-04:00,2026-08-06 04:15:00-04:00,61.954,61.912,yes
KXSILVER15M-26AUG060400,Target Price: $61.770,2026-08-06 03:45:00-04:00,2026-08-06 04:00:00-04:00,61.912,61.77,yes
KXSILVER15M-26AUG060345,Target Price: $61.853,2026-08-06 03:30:00-04:00,2026-08-06 03:45:00-04:00,61.770,61.853,no
KXSILVER15M-26AUG060330,Target price: TBD,2026-08-06 03:15:00-04:00,2026-08-06 03:30:00-04:00,61.853,,yes
KXSILVER15M-26AUG060315,Target Price: $61.646,2026-08-06 03:00:00-04:00,2026-08-06 03:15:00-04:00,61.845,61.646,yes
KXSILVER15M-26AUG060300,Target Price: $61.720,2026-08-06 02:45:00-04:00,2026-08-06 03:00:00-04:00,61.646,61.72,no
KXSILVER15M-26AUG060245,Target Price: $61.920,2026-08-06 02:30:00-04:00,2026-08-06 02:45:00-04:00,61.720,61.92,no
KXSILVER15M-26AUG060230,Target Price: $61.958,2026-08-06 02:15:00-04:00,2026-08-06 02:30:00-04:00,61.920,61.958,no
KXSILVER15M-26AUG060215,Target Price: $62.136,2026-08-06 02:00:00-04:00,2026-08-06 02:15:00-04:00,61.958,62.136,no
KXSILVER15M-26AUG060200,Target Price: $61.959,2026-08-06 01:45:00-04:00,2026-08-06 02:00:00-04:00,62.136,61.959,yes
KXSILVER15M-26AUG060145,Target Price: $61.851,2026-08-06 01:30:00-04:00,2026-08-06 01:45:00-04:00,61.959,61.851,yes
KXSILVER15M-26AUG060130,Target Price: $62.090,2026-08-06 01:15:00-04:00,2026-08-06 01:30:00-04:00,61.851,62.09,no
KXSILVER15M-26AUG060115,Target Price: $62.140,2026-08-06 01:00:00-04:00,2026-08-06 01:15:00-04:00,62.090,62.14,no
KXSILVER15M-26AUG060100,Target Price: $62.061,2026-08-06 00:45:00-04:00,2026-08-06 01:00:00-04:00,62.140,62.061,yes
KXSILVER15M-26AUG060045,Target Price: $62.037,2026-08-06 00:30:00-04:00,2026-08-06 00:45:00-04:00,62.061,62.037,yes
KXSILVER15M-26AUG060030,Target Price: $62.096,2026-08-06 00:15:00-04:00,2026-08-06 00:30:00-04:00,62.037,62.096,no
KXSILVER15M-26AUG060015,Target Price: $62.100,2026-08-06 00:00:00-04:00,2026-08-06 00:15:00-04:00,62.096,62.1,no
KXSILVER15M-26AUG060000,Target Price: $61.983,2026-08-05 23:45:00-04:00,2026-08-06 00:00:00-04:00,62.100,61.983,yes
KXSILVER15M-26AUG052345,Target Price: $62.020,2026-08-05 23:30:00-04:00,2026-08-05 23:45:00-04:00,61.983,62.02,no
KXSILVER15M-26AUG052330,Target Price: $62.184,2026-08-05 23:15:00-04:00,2026-08-05 23:30:00-04:00,62.020,62.184,no
KXSILVER15M-26AUG052315,Target Price: $62.307,2026-08-05 23:00:00-04:00,2026-08-05 23:15:00-04:00,62.184,62.307,no
KXSILVER15M-26AUG052300,Target Price: $62.382,2026-08-05 22:45:00-04:00,2026-08-05 23:00:00-04:00,62.307,62.382,no
KXSILVER15M-26AUG052245,Target Price: $62.383,2026-08-05 22:30:00-04:00,2026-08-05 22:45:00-04:00,62.382,62.383,no
KXSILVER15M-26AUG052230,Target Price: $62.382,2026-08-05 22:15:00-04:00,2026-08-05 22:30:00-04:00,62.383,62.382,yes
KXSILVER15M-26AUG052215,Target Price: $62.235,2026-08-05 22:00:00-04:00,2026-08-05 22:15:00-04:00,62.382,62.235,yes
KXSILVER15M-26AUG052200,Target Price: $62.199,2026-08-05 21:45:00-04:00,2026-08-05 22:00:00-04:00,62.235,62.199,yes
KXSILVER15M-26AUG052145,Target Price: $62.066,2026-08-05 21:30:00-04:00,2026-08-05 21:45:00-04:00,62.199,62.066,yes
KXSILVER15M-26AUG052130,Target Price: $62.426,2026-08-05 21:15:00-04:00,2026-08-05 21:30:00-04:00,62.066,62.426,no
KXSILVER15M-26AUG052115,Target Price: $62.667,2026-08-05 21:00:00-04:00,2026-08-05 21:15:00-04:00,62.426,62.667,no
KXSILVER15M-26AUG052100,Target Price: $62.395,2026-08-05 20:45:00-04:00,2026-08-05 21:00:00-04:00,62.667,62.395,yes
KXSILVER15M-26AUG052045,Target Price: $62.181,2026-08-05 20:30:00-04:00,2026-08-05 20:45:00-04:00,62.395,62.181,yes
KXSILVER15M-26AUG052030,Target Price: $62.198,2026-08-05 20:15:00-04:00,2026-08-05 20:30:00-04:00,62.181,62.198,no
KXSILVER15M-26AUG052015,Target Price: $62.218,2026-08-05 20:00:00-04:00,2026-08-05 20:15:00-04:00,62.198,62.218,no
KXSILVER15M-26AUG052000,Target Price: $62.280,2026-08-05 19:45:00-04:00,2026-08-05 20:00:00-04:00,62.218,62.28,no
KXSILVER15M-26AUG051945,Target Price: $62.152,2026-08-05 19:30:00-04:00,2026-08-05 19:45:00-04:00,62.280,62.152,yes
KXSILVER15M-26AUG051930,Target Price: $62.102,2026-08-05 19:15:00-04:00,2026-08-05 19:30:00-04:00,62.152,62.102,yes
KXSILVER15M-26AUG051915,Target Price: $62.050,2026-08-05 19:00:00-04:00,2026-08-05 19:15:00-04:00,62.102,62.05,yes
KXSILVER15M-26AUG051900,Target Price: $62.068,2026-08-05 18:45:00-04:00,2026-08-05 19:00:00-04:00,62.050,62.068,no
KXSILVER15M-26AUG051845,Target Price: $62.144,2026-08-05 18:30:00-04:00,2026-08-05 18:45:00-04:00,62.068,62.144,no
KXSILVER15M-26AUG051830,Target Price: $62.118,2026-08-05 18:15:00-04:00,2026-08-05 18:30:00-04:00,62.144,62.118,yes
KXSILVER15M-26AUG051815,Target Price: $62.179,2026-08-05 18:00:00-04:00,2026-08-05 18:15:00-04:00,62.118,62.179,no
KXSILVER15M-26AUG051800,Target Price: $62.163,2026-08-05 17:45:00-04:00,2026-08-05 18:00:00-04:00,62.179,62.163,yes
KXSILVER15M-26AUG051745,Target Price: $62.145,2026-08-05 17:30:00-04:00,2026-08-05 17:45:00-04:00,62.163,62.145,yes
KXSILVER15M-26AUG051730,Target Price: $62.208,2026-08-05 17:15:00-04:00,2026-08-05 17:30:00-04:00,62.145,62.208,no
KXSILVER15M-26AUG051715,Target Price: $62.044,2026-08-05 17:00:00-04:00,2026-08-05 17:15:00-04:00,62.208,62.044,yes
KXSILVER15M-26AUG051700,Target Price: $62.014,2026-08-05 16:45:00-04:00,2026-08-05 17:00:00-04:00,62.044,62.014,yes
KXSILVER15M-26AUG051645,Target Price: $61.972,2026-08-05 16:30:00-04:00,2026-08-05 16:45:00-04:00,62.014,61.972,yes
KXSILVER15M-26AUG051630,Target Price: $62.074,2026-08-05 16:15:00-04:00,2026-08-05 16:30:00-04:00,61.972,62.074,no
KXSILVER15M-26AUG051615,Target Price: $62.032,2026-08-05 16:00:00-04:00,2026-08-05 16:15:00-04:00,62.074,62.032,yes
KXSILVER15M-26AUG051600,Target Price: $62.070,2026-08-05 15:45:00-04:00,2026-08-05 16:00:00-04:00,62.032,62.07,no
KXSILVER15M-26AUG051545,Target Price: $62.147,2026-08-05 15:30:00-04:00,2026-08-05 15:45:00-04:00,62.069,62.147,no
KXSILVER15M-26AUG051530,Target Price: $62.282,2026-08-05 15:15:00-04:00,2026-08-05 15:30:00-04:00,62.147,62.282,no
KXSILVER15M-26AUG051515,Target Price: $62.231,2026-08-05 15:00:00-04:00,2026-08-05 15:15:00-04:00,62.282,62.231,yes
KXSILVER15M-26AUG051500,Target Price: $62.213,2026-08-05 14:45:00-04:00,2026-08-05 15:00:00-04:00,62.231,62.213,yes
KXSILVER15M-26AUG051445,Target Price: $62.302,2026-08-05 14:30:00-04:00,2026-08-05 14:45:00-04:00,62.213,62.302,no
KXSILVER15M-26AUG051430,Target Price: $62.121,2026-08-05 14:15:00-04:00,2026-08-05 14:30:00-04:00,62.302,62.121,yes
KXSILVER15M-26AUG051415,Target Price: $62.184,2026-08-05 14:00:00-04:00,2026-08-05 14:15:00-04:00,62.121,62.184,no
KXSILVER15M-26AUG051400,Target Price: $62.163,2026-08-05 13:45:00-04:00,2026-08-05 14:00:00-04:00,62.184,62.163,yes
KXSILVER15M-26AUG051345,Target Price: $62.095,2026-08-05 13:30:00-04:00,2026-08-05 13:45:00-04:00,62.163,62.095,yes
KXSILVER15M-26AUG051330,Target Price: $62.029,2026-08-05 13:15:00-04:00,2026-08-05 13:30:00-04:00,62.095,62.029,yes
KXSILVER15M-26AUG051315,Target Price: $62.087,2026-08-05 13:00:00-04:00,2026-08-05 13:15:00-04:00,62.029,62.087,no
KXSILVER15M-26AUG051300,Target Price: $62.172,2026-08-05 12:45:00-04:00,2026-08-05 13:00:00-04:00,62.087,62.172,no
KXSILVER15M-26AUG051245,Target Price: $62.144,2026-08-05 12:30:00-04:00,2026-08-05 12:45:00-04:00,62.172,62.144,yes
KXSILVER15M-26AUG051230,Target Price: $61.883,2026-08-05 12:15:00-04:00,2026-08-05 12:30:00-04:00,62.144,61.883,yes
KXSILVER15M-26AUG051215,Target Price: $61.914,2026-08-05 12:00:00-04:00,2026-08-05 12:15:00-04:00,61.883,61.914,no
KXSILVER15M-26AUG051200,Target Price: $62.363,2026-08-05 11:45:00-04:00,2026-08-05 12:00:00-04:00,61.914,62.363,no
KXSILVER15M-26AUG051145,Target Price: $62.437,2026-08-05 11:30:00-04:00,2026-08-05 11:45:00-04:00,62.363,62.437,no
KXSILVER15M-26AUG051130,Target Price: $62.442,2026-08-05 11:15:00-04:00,2026-08-05 11:30:00-04:00,62.437,62.442,no
KXSILVER15M-26AUG051115,Target Price: $62.263,2026-08-05 11:00:00-04:00,2026-08-05 11:15:00-04:00,62.442,62.263,yes
KXSILVER15M-26AUG051100,Target Price: $62.471,2026-08-05 10:45:00-04:00,2026-08-05 11:00:00-04:00,62.263,62.471,no
KXSILVER15M-26AUG051045,Target Price: $62.423,2026-08-05 10:30:00-04:00,2026-08-05 10:45:00-04:00,62.471,62.423,yes
KXSILVER15M-26AUG051030,Target Price: $62.529,2026-08-05 10:15:00-04:00,2026-08-05 10:30:00-04:00,62.423,62.529,no
KXSILVER15M-26AUG051015,Target Price: $62.370,2026-08-05 10:00:00-04:00,2026-08-05 10:15:00-04:00,62.529,62.37,yes
KXSILVER15M-26AUG051000,Target Price: $62.070,2026-08-05 09:45:00-04:00,2026-08-05 10:00:00-04:00,62.370,62.07,yes
KXSILVER15M-26AUG050945,Target Price: $62.090,2026-08-05 09:30:00-04:00,2026-08-05 09:45:00-04:00,62.070,62.09,no
KXSILVER15M-26AUG050930,Target Price: $61.778,2026-08-05 09:15:00-04:00,2026-08-05 09:30:00-04:00,62.090,61.778,yes
KXSILVER15M-26AUG050915,Target Price: $61.479,2026-08-05 09:00:00-04:00,2026-08-05 09:15:00-04:00,61.778,61.479,yes
KXSILVER15M-26AUG050900,Target Price: $61.818,2026-08-05 08:45:00-04:00,2026-08-05 09:00:00-04:00,61.479,61.818,no
KXSILVER15M-26AUG050845,Target Price: $62.259,2026-08-05 08:30:00-04:00,2026-08-05 08:45:00-04:00,61.818,62.259,no
KXSILVER15M-26AUG050830,Target Price: $62.196,2026-08-05 08:15:00-04:00,2026-08-05 08:30:00-04:00,62.259,62.196,yes
KXSILVER15M-26AUG050815,Target Price: $61.974,2026-08-05 08:00:00-04:00,2026-08-05 08:15:00-04:00,62.196,61.974,yes
KXSILVER15M-26AUG050800,Target Price: $61.860,2026-08-05 07:45:00-04:00,2026-08-05 08:00:00-04:00,61.974,61.86,yes
KXSILVER15M-26AUG050745,Target Price: $61.719,2026-08-05 07:30:00-04:00,2026-08-05 07:45:00-04:00,61.860,61.719,yes
KXSILVER15M-26AUG050730,Target Price: $61.555,2026-08-05 07:15:00-04:00,2026-08-05 07:30:00-04:00,61.719,61.555,yes
KXSILVER15M-26AUG050715,Target Price: $61.262,2026-08-05 07:00:00-04:00,2026-08-05 07:15:00-04:00,61.555,61.262,yes
KXSILVER15M-26AUG050700,Target Price: $61.129,2026-08-05 06:45:00-04:00,2026-08-05 07:00:00-04:00,61.262,61.129,yes
KXSILVER15M-26AUG050645,Target Price: $61.222,2026-08-05 06:30:00-04:00,2026-08-05 06:45:00-04:00,61.129,61.222,no
KXSILVER15M-26AUG050630,Target Price: $61.214,2026-08-05 06:15:00-04:00,2026-08-05 06:30:00-04:00,61.222,61.214,yes
KXSILVER15M-26AUG050615,Target Price: $61.440,2026-08-05 06:00:00-04:00,2026-08-05 06:15:00-04:00,61.214,61.44,no
KXSILVER15M-26AUG050600,Target Price: $61.525,2026-08-05 05:45:00-04:00,2026-08-05 06:00:00-04:00,61.440,61.525,no
KXSILVER15M-26AUG050545,Target Price: $61.410,2026-08-05 05:30:00-04:00,2026-08-05 05:45:00-04:00,61.525,61.41,yes
KXSILVER15M-26AUG050530,Target Price: $61.579,2026-08-05 05:15:00-04:00,2026-08-05 05:30:00-04:00,61.410,61.579,no
KXSILVER15M-26AUG050515,Target Price: $61.451,2026-08-05 05:00:00-04:00,2026-08-05 05:15:00-04:00,61.579,61.451,yes
KXSILVER15M-26AUG050500,Target Price: $61.562,2026-08-05 04:45:00-04:00,2026-08-05 05:00:00-04:00,61.451,61.562,no
KXSILVER15M-26AUG050445,Target Price: $61.540,2026-08-05 04:30:00-04:00,2026-08-05 04:45:00-04:00,61.562,61.54,yes
KXSILVER15M-26AUG050430,Target Price: $61.621,2026-08-05 04:15:00-04:00,2026-08-05 04:30:00-04:00,61.540,61.621,no
KXSILVER15M-26AUG050415,Target Price: $61.840,2026-08-05 04:00:00-04:00,2026-08-05 04:15:00-04:00,61.621,61.84,no
KXSILVER15M-26AUG050400,Target Price: $61.715,2026-08-05 03:45:00-04:00,2026-08-05 04:00:00-04:00,61.840,61.715,yes
KXSILVER15M-26AUG050345,Target Price: $61.587,2026-08-05 03:30:00-04:00,2026-08-05 03:45:00-04:00,61.715,61.587,yes
KXSILVER15M-26AUG050330,Target Price: $61.652,2026-08-05 03:15:00-04:00,2026-08-05 03:30:00-04:00,61.587,61.652,no
KXSILVER15M-26AUG050315,Target Price: $61.818,2026-08-05 03:00:00-04:00,2026-08-05 03:15:00-04:00,61.652,61.818,no
KXSILVER15M-26AUG050300,Target Price: $61.837,2026-08-05 02:45:00-04:00,2026-08-05 03:00:00-04:00,61.818,61.837,no
KXSILVER15M-26AUG050245,Target Price: $61.485,2026-08-05 02:30:00-04:00,2026-08-05 02:45:00-04:00,61.837,61.485,yes
KXSILVER15M-26AUG050230,Target Price: $61.514,2026-08-05 02:15:00-04:00,2026-08-05 02:30:00-04:00,61.485,61.514,no
KXSILVER15M-26AUG050215,Target Price: $61.424,2026-08-05 02:00:00-04:00,2026-08-05 02:15:00-04:00,61.514,61.424,yes
KXSILVER15M-26AUG050200,Target Price: $61.335,2026-08-05 01:45:00-04:00,2026-08-05 02:00:00-04:00,61.424,61.335,yes
KXSILVER15M-26AUG050145,Target Price: $60.923,2026-08-05 01:30:00-04:00,2026-08-05 01:45:00-04:00,61.335,60.923,yes
KXSILVER15M-26AUG050130,Target Price: $60.785,2026-08-05 01:15:00-04:00,2026-08-05 01:30:00-04:00,60.923,60.785,yes
KXSILVER15M-26AUG050115,Target Price: $60.757,2026-08-05 01:00:00-04:00,2026-08-05 01:15:00-04:00,60.785,60.757,yes
KXSILVER15M-26AUG050100,Target Price: $60.737,2026-08-05 00:45:00-04:00,2026-08-05 01:00:00-04:00,60.757,60.737,yes
KXSILVER15M-26AUG050045,Target Price: $60.813,2026-08-05 00:30:00-04:00,2026-08-05 00:45:00-04:00,60.737,60.813,no
KXSILVER15M-26AUG050030,Target Price: $60.782,2026-08-05 00:15:00-04:00,2026-08-05 00:30:00-04:00,60.813,60.782,yes
KXSILVER15M-26AUG050015,Target Price: $60.737,2026-08-05 00:00:00-04:00,2026-08-05 00:15:00-04:00,60.782,60.737,yes
KXSILVER15M-26AUG050000,Target Price: $60.719,2026-08-04 23:45:00-04:00,2026-08-05 00:00:00-04:00,60.737,60.719,yes
KXSILVER15M-26AUG042345,Target Price: $60.782,2026-08-04 23:30:00-04:00,2026-08-04 23:45:00-04:00,60.719,60.782,no
KXSILVER15M-26AUG042330,Target Price: $60.897,2026-08-04 23:15:00-04:00,2026-08-04 23:30:00-04:00,60.782,60.897,no
KXSILVER15M-26AUG042315,Target Price: $60.679,2026-08-04 23:00:00-04:00,2026-08-04 23:15:00-04:00,60.897,60.679,yes
KXSILVER15M-26AUG042300,Target Price: $60.552,2026-08-04 22:45:00-04:00,2026-08-04 23:00:00-04:00,60.679,60.552,yes
KXSILVER15M-26AUG042245,Target Price: $59.908,2026-08-04 22:30:00-04:00,2026-08-04 22:45:00-04:00,60.552,59.908,yes
KXSILVER15M-26AUG042230,Target Price: $59.861,2026-08-04 22:15:00-04:00,2026-08-04 22:30:00-04:00,59.908,59.861,yes
KXSILVER15M-26AUG042215,Target Price: $59.907,2026-08-04 22:00:00-04:00,2026-08-04 22:15:00-04:00,59.861,59.907,no
KXSILVER15M-26AUG042200,Target Price: $59.861,2026-08-04 21:45:00-04:00,2026-08-04 22:00:00-04:00,59.907,59.861,yes
KXSILVER15M-26AUG042145,Target Price: $59.580,2026-08-04 21:30:00-04:00,2026-08-04 21:45:00-04:00,59.861,59.58,yes
KXSILVER15M-26AUG042130,Target Price: $59.696,2026-08-04 21:15:00-04:00,2026-08-04 21:30:00-04:00,59.580,59.696,no
KXSILVER15M-26AUG042115,Target Price: $59.709,2026-08-04 21:00:00-04:00,2026-08-04 21:15:00-04:00,59.696,59.709,no
KXSILVER15M-26AUG042100,Target Price: $59.601,2026-08-04 20:45:00-04:00,2026-08-04 21:00:00-04:00,59.709,59.601,yes
KXSILVER15M-26AUG042045,Target Price: $59.608,2026-08-04 20:30:00-04:00,2026-08-04 20:45:00-04:00,59.601,59.608,no
KXSILVER15M-26AUG042030,Target Price: $59.426,2026-08-04 20:15:00-04:00,2026-08-04 20:30:00-04:00,59.608,59.426,yes
KXSILVER15M-26AUG042015,Target Price: $59.451,2026-08-04 20:00:00-04:00,2026-08-04 20:15:00-04:00,59.426,59.451,no
KXSILVER15M-26AUG042000,Target Price: $59.417,2026-08-04 19:45:00-04:00,2026-08-04 20:00:00-04:00,59.451,59.417,yes
KXSILVER15M-26AUG041945,Target Price: $59.453,2026-08-04 19:30:00-04:00,2026-08-04 19:45:00-04:00,59.417,59.453,no
KXSILVER15M-26AUG041930,Target Price: $59.480,2026-08-04 19:15:00-04:00,2026-08-04 19:30:00-04:00,59.453,59.48,no
KXSILVER15M-26AUG041915,Target Price: $59.495,2026-08-04 19:00:00-04:00,2026-08-04 19:15:00-04:00,59.480,59.495,no
KXSILVER15M-26AUG041900,Target Price: $59.573,2026-08-04 18:45:00-04:00,2026-08-04 19:00:00-04:00,59.495,59.573,no
KXSILVER15M-26AUG041845,Target Price: $59.561,2026-08-04 18:30:00-04:00,2026-08-04 18:45:00-04:00,59.573,59.561,yes
KXSILVER15M-26AUG041830,Target Price: $59.537,2026-08-04 18:15:00-04:00,2026-08-04 18:30:00-04:00,59.561,59.537,yes
KXSILVER15M-26AUG041815,Target Price: $59.606,2026-08-04 18:00:00-04:00,2026-08-04 18:15:00-04:00,59.537,59.606,no
KXSILVER15M-26AUG041800,Target Price: $59.630,2026-08-04 17:45:00-04:00,2026-08-04 18:00:00-04:00,59.606,59.63,no
KXSILVER15M-26AUG041745,Target Price: $59.608,2026-08-04 17:30:00-04:00,2026-08-04 17:45:00-04:00,59.630,59.608,yes
KXSILVER15M-26AUG041730,Target Price: $59.607,2026-08-04 17:15:00-04:00,2026-08-04 17:30:00-04:00,59.608,59.607,yes
KXSILVER15M-26AUG041715,Target Price: $59.526,2026-08-04 17:00:00-04:00,2026-08-04 17:15:00-04:00,59.607,59.526,yes
KXSILVER15M-26AUG041700,Target Price: $59.526,2026-08-04 16:45:00-04:00,2026-08-04 17:00:00-04:00,59.526,59.526,yes
KXSILVER15M-26AUG041645,Target Price: $59.495,2026-08-04 16:30:00-04:00,2026-08-04 16:45:00-04:00,59.526,59.495,yes
KXSILVER15M-26AUG041630,Target Price: $59.593,2026-08-04 16:15:00-04:00,2026-08-04 16:30:00-04:00,59.495,59.593,no
KXSILVER15M-26AUG041615,Target Price: $59.573,2026-08-04 16:00:00-04:00,2026-08-04 16:15:00-04:00,59.593,59.573,yes
KXSILVER15M-26AUG041600,Target Price: $59.668,2026-08-04 15:45:00-04:00,2026-08-04 16:00:00-04:00,59.573,59.668,no
KXSILVER15M-26AUG041545,Target Price: $59.614,2026-08-04 15:30:00-04:00,2026-08-04 15:45:00-04:00,59.668,59.614,yes
KXSILVER15M-26AUG041530,Target Price: $59.615,2026-08-04 15:15:00-04:00,2026-08-04 15:30:00-04:00,59.614,59.615,no
KXSILVER15M-26AUG041515,Target Price: $59.614,2026-08-04 15:00:00-04:00,2026-08-04 15:15:00-04:00,59.615,59.614,yes
KXSILVER15M-26AUG041500,Target Price: $59.574,2026-08-04 14:45:00-04:00,2026-08-04 15:00:00-04:00,59.614,59.574,yes
KXSILVER15M-26AUG041445,Target Price: $59.727,2026-08-04 14:30:00-04:00,2026-08-04 14:45:00-04:00,59.574,59.727,no
KXSILVER15M-26AUG041430,Target Price: $59.749,2026-08-04 14:15:00-04:00,2026-08-04 14:30:00-04:00,59.727,59.749,no
KXSILVER15M-26AUG041415,Target Price: $59.801,2026-08-04 14:00:00-04:00,2026-08-04 14:15:00-04:00,59.749,59.801,no
KXSILVER15M-26AUG041400,Target Price: $59.922,2026-08-04 13:45:00-04:00,2026-08-04 14:00:00-04:00,59.801,59.922,no
KXSILVER15M-26AUG041345,Target Price: $59.880,2026-08-04 13:30:00-04:00,2026-08-04 13:45:00-04:00,59.922,59.88,yes
KXSILVER15M-26AUG041330,Target Price: $59.963,2026-08-04 13:15:00-04:00,2026-08-04 13:30:00-04:00,59.880,59.963,no
KXSILVER15M-26AUG041315,Target Price: $59.829,2026-08-04 13:00:00-04:00,2026-08-04 13:15:00-04:00,59.963,59.829,yes
KXSILVER15M-26AUG041300,Target Price: $59.843,2026-08-04 12:45:00-04:00,2026-08-04 13:00:00-04:00,59.829,59.843,no
KXSILVER15M-26AUG041245,Target Price: $59.813,2026-08-04 12:30:00-04:00,2026-08-04 12:45:00-04:00,59.843,59.813,yes
KXSILVER15M-26AUG041230,Target Price: $59.685,2026-08-04 12:15:00-04:00,2026-08-04 12:30:00-04:00,59.813,59.685,yes
KXSILVER15M-26AUG041215,Target Price: $59.721,2026-08-04 12:00:00-04:00,2026-08-04 12:15:00-04:00,59.685,59.721,no
KXSILVER15M-26AUG041200,Target Price: $59.677,2026-08-04 11:45:00-04:00,2026-08-04 12:00:00-04:00,59.721,59.677,yes
KXSILVER15M-26AUG041145,Target Price: $59.396,2026-08-04 11:30:00-04:00,2026-08-04 11:45:00-04:00,59.677,59.396,yes
KXSILVER15M-26AUG041130,Target Price: $59.527,2026-08-04 11:15:00-04:00,2026-08-04 11:30:00-04:00,59.396,59.527,no
KXSILVER15M-26AUG041115,Target Price: $59.528,2026-08-04 11:00:00-04:00,2026-08-04 11:15:00-04:00,59.527,59.528,no
KXSILVER15M-26AUG041100,Target Price: $59.403,2026-08-04 10:45:00-04:00,2026-08-04 11:00:00-04:00,59.528,59.403,yes
KXSILVER15M-26AUG041045,Target Price: $59.532,2026-08-04 10:30:00-04:00,2026-08-04 10:45:00-04:00,59.403,59.532,no
KXSILVER15M-26AUG041030,Target Price: $59.819,2026-08-04 10:15:00-04:00,2026-08-04 10:30:00-04:00,59.532,59.819,no
KXSILVER15M-26AUG041015,Target Price: $59.678,2026-08-04 10:00:00-04:00,2026-08-04 10:15:00-04:00,59.819,59.678,yes
KXSILVER15M-26AUG041000,Target Price: $59.740,2026-08-04 09:45:00-04:00,2026-08-04 10:00:00-04:00,59.678,59.74,no
KXSILVER15M-26AUG040945,Target Price: $59.727,2026-08-04 09:30:00-04:00,2026-08-04 09:45:00-04:00,59.740,59.727,yes
KXSILVER15M-26AUG040930,Target Price: $59.488,2026-08-04 09:15:00-04:00,2026-08-04 09:30:00-04:00,59.727,59.488,yes
KXSILVER15M-26AUG040915,Target Price: $59.858,2026-08-04 09:00:00-04:00,2026-08-04 09:15:00-04:00,59.488,59.858,no
KXSILVER15M-26AUG040900,Target Price: $59.685,2026-08-04 08:45:00-04:00,2026-08-04 09:00:00-04:00,59.858,59.685,yes
KXSILVER15M-26AUG040845,Target Price: $59.562,2026-08-04 08:30:00-04:00,2026-08-04 08:45:00-04:00,59.685,59.562,yes
KXSILVER15M-26AUG040830,Target Price: $59.199,2026-08-04 08:15:00-04:00,2026-08-04 08:30:00-04:00,59.562,59.199,yes
KXSILVER15M-26AUG040815,Target Price: $59.444,2026-08-04 08:00:00-04:00,2026-08-04 08:15:00-04:00,59.199,59.444,no
KXSILVER15M-26AUG040800,Target Price: $59.248,2026-08-04 07:45:00-04:00,2026-08-04 08:00:00-04:00,59.444,59.248,yes
KXSILVER15M-26AUG040745,Target Price: $59.084,2026-08-04 07:30:00-04:00,2026-08-04 07:45:00-04:00,59.248,59.084,yes
KXSILVER15M-26AUG040730,Target Price: $58.885,2026-08-04 07:15:00-04:00,2026-08-04 07:30:00-04:00,59.084,58.885,yes
KXSILVER15M-26AUG040715,Target Price: $58.802,2026-08-04 07:00:00-04:00,2026-08-04 07:15:00-04:00,58.885,58.802,yes
KXSILVER15M-26AUG040700,Target Price: $58.780,2026-08-04 06:45:00-04:00,2026-08-04 07:00:00-04:00,58.802,58.78,yes
KXSILVER15M-26AUG040645,Target Price: $58.680,2026-08-04 06:30:00-04:00,2026-08-04 06:45:00-04:00,58.780,58.68,yes
KXSILVER15M-26AUG040630,Target Price: $58.670,2026-08-04 06:15:00-04:00,2026-08-04 06:30:00-04:00,58.680,58.67,yes
KXSILVER15M-26AUG040615,Target Price: $58.754,2026-08-04 06:00:00-04:00,2026-08-04 06:15:00-04:00,58.670,58.754,no
KXSILVER15M-26AUG040600,Target Price: $58.816,2026-08-04 05:45:00-04:00,2026-08-04 06:00:00-04:00,58.754,58.816,no
KXSILVER15M-26AUG040545,Target Price: $58.718,2026-08-04 05:30:00-04:00,2026-08-04 05:45:00-04:00,58.816,58.718,yes
KXSILVER15M-26AUG040530,Target Price: $58.638,2026-08-04 05:15:00-04:00,2026-08-04 05:30:00-04:00,58.718,58.638,yes
KXSILVER15M-26AUG040515,Target Price: $58.757,2026-08-04 05:00:00-04:00,2026-08-04 05:15:00-04:00,58.638,58.757,no
KXSILVER15M-26AUG040500,Target Price: $58.915,2026-08-04 04:45:00-04:00,2026-08-04 05:00:00-04:00,58.757,58.915,no
KXSILVER15M-26AUG040445,Target Price: $58.942,2026-08-04 04:30:00-04:00,2026-08-04 04:45:00-04:00,58.915,58.942,no
KXSILVER15M-26AUG040430,Target Price: $59.039,2026-08-04 04:15:00-04:00,2026-08-04 04:30:00-04:00,58.942,59.039,no
KXSILVER15M-26AUG040415,Target Price: $58.979,2026-08-04 04:00:00-04:00,2026-08-04 04:15:00-04:00,59.039,58.979,yes
KXSILVER15M-26AUG040400,Target Price: $58.908,2026-08-04 03:45:00-04:00,2026-08-04 04:00:00-04:00,58.979,58.908,yes
KXSILVER15M-26AUG040345,Target Price: $59.011,2026-08-04 03:30:00-04:00,2026-08-04 03:45:00-04:00,58.908,59.011,no
KXSILVER15M-26AUG040330,Target Price: $58.945,2026-08-04 03:15:00-04:00,2026-08-04 03:30:00-04:00,59.011,58.945,yes
KXSILVER15M-26AUG040315,Target Price: $58.927,2026-08-04 03:00:00-04:00,2026-08-04 03:15:00-04:00,58.945,58.927,yes
KXSILVER15M-26AUG040300,Target Price: $58.900,2026-08-04 02:45:00-04:00,2026-08-04 03:00:00-04:00,58.927,58.9,yes
KXSILVER15M-26AUG040245,Target Price: $58.928,2026-08-04 02:30:00-04:00,2026-08-04 02:45:00-04:00,58.900,58.928,no
KXSILVER15M-26AUG040230,Target Price: $59.063,2026-08-04 02:15:00-04:00,2026-08-04 02:30:00-04:00,58.928,59.063,no
KXSILVER15M-26AUG040215,Target Price: $58.986,2026-08-04 02:00:00-04:00,2026-08-04 02:15:00-04:00,59.063,58.986,yes
KXSILVER15M-26AUG040200,Target Price: $58.920,2026-08-04 01:45:00-04:00,2026-08-04 02:00:00-04:00,58.986,58.92,yes
KXSILVER15M-26AUG040145,Target Price: $58.935,2026-08-04 01:30:00-04:00,2026-08-04 01:45:00-04:00,58.920,58.935,no
KXSILVER15M-26AUG040130,Target Price: $58.765,2026-08-04 01:15:00-04:00,2026-08-04 01:30:00-04:00,58.935,58.765,yes
KXSILVER15M-26AUG040115,Target Price: $58.971,2026-08-04 01:00:00-04:00,2026-08-04 01:15:00-04:00,58.765,58.971,no
KXSILVER15M-26AUG040100,Target Price: $58.930,2026-08-04 00:45:00-04:00,2026-08-04 01:00:00-04:00,58.971,58.93,yes
KXSILVER15M-26AUG040045,Target Price: $58.900,2026-08-04 00:30:00-04:00,2026-08-04 00:45:00-04:00,58.930,58.9,yes
KXSILVER15M-26AUG040030,Target Price: $58.773,2026-08-04 00:15:00-04:00,2026-08-04 00:30:00-04:00,58.900,58.773,yes
KXSILVER15M-26AUG040015,Target Price: $58.668,2026-08-04 00:00:00-04:00,2026-08-04 00:15:00-04:00,58.773,58.668,yes
KXSILVER15M-26AUG040000,Target Price: $58.625,2026-08-03 23:45:00-04:00,2026-08-04 00:00:00-04:00,58.668,58.625,yes
KXSILVER15M-26AUG032345,Target Price: $58.752,2026-08-03 23:30:00-04:00,2026-08-03 23:45:00-04:00,58.625,58.752,no
KXSILVER15M-26AUG032330,Target Price: $58.658,2026-08-03 23:15:00-04:00,2026-08-03 23:30:00-04:00,58.752,58.658,yes
KXSILVER15M-26AUG032315,Target Price: $58.642,2026-08-03 23:00:00-04:00,2026-08-03 23:15:00-04:00,58.658,58.642,yes
KXSILVER15M-26AUG032300,Target Price: $58.804,2026-08-03 22:45:00-04:00,2026-08-03 23:00:00-04:00,58.642,58.804,no
KXSILVER15M-26AUG032245,Target Price: $58.667,2026-08-03 22:30:00-04:00,2026-08-03 22:45:00-04:00,58.804,58.667,yes
KXSILVER15M-26AUG032230,Target Price: $58.643,2026-08-03 22:15:00-04:00,2026-08-03 22:30:00-04:00,58.667,58.643,yes
KXSILVER15M-26AUG032215,Target Price: $58.666,2026-08-03 22:00:00-04:00,2026-08-03 22:15:00-04:00,58.643,58.666,no
KXSILVER15M-26AUG032200,Target Price: $58.657,2026-08-03 21:45:00-04:00,2026-08-03 22:00:00-04:00,58.666,58.657,yes
KXSILVER15M-26AUG032145,Target Price: $58.347,2026-08-03 21:30:00-04:00,2026-08-03 21:45:00-04:00,58.657,58.347,yes
KXSILVER15M-26AUG032130,Target Price: $58.127,2026-08-03 21:15:00-04:00,2026-08-03 21:30:00-04:00,58.347,58.127,yes
KXSILVER15M-26AUG032115,Target Price: $58.140,2026-08-03 21:00:00-04:00,2026-08-03 21:15:00-04:00,58.127,58.14,no
KXSILVER15M-26AUG032100,Target Price: $58.277,2026-08-03 20:45:00-04:00,2026-08-03 21:00:00-04:00,58.140,58.277,no
KXSILVER15M-26AUG032045,Target Price: $58.339,2026-08-03 20:30:00-04:00,2026-08-03 20:45:00-04:00,58.277,58.339,no
KXSILVER15M-26AUG032030,Target Price: $58.403,2026-08-03 20:15:00-04:00,2026-08-03 20:30:00-04:00,58.339,58.403,no
KXSILVER15M-26AUG032015,Target Price: $58.266,2026-08-03 20:00:00-04:00,2026-08-03 20:15:00-04:00,58.403,58.266,yes
KXSILVER15M-26AUG032000,Target Price: $58.098,2026-08-03 19:45:00-04:00,2026-08-03 20:00:00-04:00,58.266,58.098,yes
KXSILVER15M-26AUG031945,Target Price: $58.105,2026-08-03 19:30:00-04:00,2026-08-03 19:45:00-04:00,58.098,58.105,no
KXSILVER15M-26AUG031930,Target Price: $58.133,2026-08-03 19:15:00-04:00,2026-08-03 19:30:00-04:00,58.105,58.133,no
KXSILVER15M-26AUG031915,Target Price: $58.155,2026-08-03 19:00:00-04:00,2026-08-03 19:15:00-04:00,58.133,58.155,no
KXSILVER15M-26AUG031900,Target Price: $58.141,2026-08-03 18:45:00-04:00,2026-08-03 19:00:00-04:00,58.155,58.141,yes
KXSILVER15M-26AUG031845,Target Price: $58.106,2026-08-03 18:30:00-04:00,2026-08-03 18:45:00-04:00,58.141,58.106,yes
KXSILVER15M-26AUG031830,Target Price: $58.075,2026-08-03 18:15:00-04:00,2026-08-03 18:30:00-04:00,58.106,58.075,yes
KXSILVER15M-26AUG031815,Target Price: $58.220,2026-08-03 18:00:00-04:00,2026-08-03 18:15:00-04:00,58.075,58.22,no
KXSILVER15M-26AUG031800,Target Price: $58.237,2026-08-03 17:45:00-04:00,2026-08-03 18:00:00-04:00,58.220,58.237,no
KXSILVER15M-26AUG031745,Target Price: $58.244,2026-08-03 17:30:00-04:00,2026-08-03 17:45:00-04:00,58.237,58.244,no
KXSILVER15M-26AUG031730,Target Price: $58.244,2026-08-03 17:15:00-04:00,2026-08-03 17:30:00-04:00,58.244,58.244,yes
KXSILVER15M-26AUG031715,Target Price: $58.193,2026-08-03 17:00:00-04:00,2026-08-03 17:15:00-04:00,58.244,58.193,yes
KXSILVER15M-26AUG031700,Target Price: $58.185,2026-08-03 16:45:00-04:00,2026-08-03 17:00:00-04:00,58.193,58.185,yes
KXSILVER15M-26AUG031645,Target Price: $58.114,2026-08-03 16:30:00-04:00,2026-08-03 16:45:00-04:00,58.185,58.114,yes
KXSILVER15M-26AUG031630,Target Price: $58.050,2026-08-03 16:15:00-04:00,2026-08-03 16:30:00-04:00,58.114,58.05,yes
KXSILVER15M-26AUG031615,Target Price: $58.055,2026-08-03 16:00:00-04:00,2026-08-03 16:15:00-04:00,58.050,58.055,no
KXSILVER15M-26AUG031600,Target Price: $58.111,2026-08-03 15:45:00-04:00,2026-08-03 16:00:00-04:00,58.055,58.111,no
KXSILVER15M-26AUG031545,Target Price: $58.117,2026-08-03 15:30:00-04:00,2026-08-03 15:45:00-04:00,58.111,58.117,no
KXSILVER15M-26AUG031530,Target Price: $58.017,2026-08-03 15:15:00-04:00,2026-08-03 15:30:00-04:00,58.117,58.017,yes
KXSILVER15M-26AUG031515,Target Price: $57.909,2026-08-03 15:00:00-04:00,2026-08-03 15:15:00-04:00,58.017,57.909,yes
KXSILVER15M-26AUG031500,Target Price: $57.916,2026-08-03 14:45:00-04:00,2026-08-03 15:00:00-04:00,57.909,57.916,no
KXSILVER15M-26AUG031445,Target Price: $57.889,2026-08-03 14:30:00-04:00,2026-08-03 14:45:00-04:00,57.916,57.889,yes
KXSILVER15M-26AUG031430,Target Price: $57.817,2026-08-03 14:15:00-04:00,2026-08-03 14:30:00-04:00,57.889,57.817,yes
KXSILVER15M-26AUG031415,Target Price: $57.636,2026-08-03 14:00:00-04:00,2026-08-03 14:15:00-04:00,57.817,57.636,yes
KXSILVER15M-26AUG031400,Target Price: $57.770,2026-08-03 13:45:00-04:00,2026-08-03 14:00:00-04:00,57.636,57.77,no
KXSILVER15M-26AUG031345,Target Price: $57.659,2026-08-03 13:30:00-04:00,2026-08-03 13:45:00-04:00,57.770,57.659,yes
KXSILVER15M-26AUG031330,Target Price: $57.635,2026-08-03 13:15:00-04:00,2026-08-03 13:30:00-04:00,57.659,57.635,yes
KXSILVER15M-26AUG031315,Target Price: $57.663,2026-08-03 13:00:00-04:00,2026-08-03 13:15:00-04:00,57.635,57.663,no
KXSILVER15M-26AUG031300,Target Price: $57.648,2026-08-03 12:45:00-04:00,2026-08-03 13:00:00-04:00,57.663,57.648,yes
KXSILVER15M-26AUG031245,Target Price: $57.478,2026-08-03 12:30:00-04:00,2026-08-03 12:45:00-04:00,57.648,57.478,yes
KXSILVER15M-26AUG031230,Target Price: $57.434,2026-08-03 12:15:00-04:00,2026-08-03 12:30:00-04:00,57.478,57.434,yes
KXSILVER15M-26AUG031215,Target Price: $57.450,2026-08-03 12:00:00-04:00,2026-08-03 12:15:00-04:00,57.434,57.45,no
KXSILVER15M-26AUG031200,Target Price: $57.377,2026-08-03 11:45:00-04:00,2026-08-03 12:00:00-04:00,57.450,57.377,yes
KXSILVER15M-26AUG031145,Target Price: $57.261,2026-08-03 11:30:00-04:00,2026-08-03 11:45:00-04:00,57.377,57.261,yes
KXSILVER15M-26AUG031130,Target Price: $57.375,2026-08-03 11:15:00-04:00,2026-08-03 11:30:00-04:00,57.261,57.375,no
KXSILVER15M-26AUG031115,Target Price: $57.317,2026-08-03 11:00:00-04:00,2026-08-03 11:15:00-04:00,57.375,57.317,yes
KXSILVER15M-26AUG031100,Target Price: $57.247,2026-08-03 10:45:00-04:00,2026-08-03 11:00:00-04:00,57.317,57.247,yes
KXSILVER15M-26AUG031045,Target Price: $57.099,2026-08-03 10:30:00-04:00,2026-08-03 10:45:00-04:00,57.247,57.099,yes
KXSILVER15M-26AUG031030,Target Price: $57.245,2026-08-03 10:15:00-04:00,2026-08-03 10:30:00-04:00,57.099,57.245,no
KXSILVER15M-26AUG031015,Target Price: $57.132,2026-08-03 10:00:00-04:00,2026-08-03 10:15:00-04:00,57.245,57.132,yes
KXSILVER15M-26AUG031000,Target Price: $56.895,2026-08-03 09:45:00-04:00,2026-08-03 10:00:00-04:00,57.132,56.895,yes
KXSILVER15M-26AUG030945,Target Price: $56.700,2026-08-03 09:30:00-04:00,2026-08-03 09:45:00-04:00,56.895,56.7,yes
KXSILVER15M-26AUG030930,Target Price: $56.788,2026-08-03 09:15:00-04:00,2026-08-03 09:30:00-04:00,56.700,56.788,no
KXSILVER15M-26AUG030915,Target Price: $57.459,2026-08-03 09:00:00-04:00,2026-08-03 09:15:00-04:00,56.788,57.459,no
KXSILVER15M-26AUG030900,Target Price: $57.523,2026-08-03 08:45:00-04:00,2026-08-03 09:00:00-04:00,57.459,57.523,no
KXSILVER15M-26AUG030845,Target Price: $57.653,2026-08-03 08:30:00-04:00,2026-08-03 08:45:00-04:00,57.523,57.653,no
KXSILVER15M-26AUG030830,Target Price: $57.859,2026-08-03 08:15:00-04:00,2026-08-03 08:30:00-04:00,57.653,57.859,no
KXSILVER15M-26AUG030815,Target Price: $58.007,2026-08-03 08:00:00-04:00,2026-08-03 08:15:00-04:00,57.859,58.007,no
KXSILVER15M-26AUG030800,Target Price: $57.941,2026-08-03 07:45:00-04:00,2026-08-03 08:00:00-04:00,58.007,57.941,yes
KXSILVER15M-26AUG030745,Target Price: $57.864,2026-08-03 07:30:00-04:00,2026-08-03 07:45:00-04:00,57.941,57.864,yes
KXSILVER15M-26AUG030730,Target Price: $57.955,2026-08-03 07:15:00-04:00,2026-08-03 07:30:00-04:00,57.864,57.955,no
KXSILVER15M-26AUG030715,Target Price: $57.973,2026-08-03 07:00:00-04:00,2026-08-03 07:15:00-04:00,57.955,57.973,no
KXSILVER15M-26AUG030700,Target Price: $57.950,2026-08-03 06:45:00-04:00,2026-08-03 07:00:00-04:00,57.973,57.95,yes
KXSILVER15M-26AUG030645,Target Price: $58.084,2026-08-03 06:30:00-04:00,2026-08-03 06:45:00-04:00,57.950,58.084,no
KXSILVER15M-26AUG030630,Target Price: $58.163,2026-08-03 06:15:00-04:00,2026-08-03 06:30:00-04:00,58.084,58.163,no
KXSILVER15M-26AUG030615,Target Price: $58.211,2026-08-03 06:00:00-04:00,2026-08-03 06:15:00-04:00,58.163,58.211,no
KXSILVER15M-26AUG030600,Target Price: $58.173,2026-08-03 05:45:00-04:00,2026-08-03 06:00:00-04:00,58.211,58.173,yes
KXSILVER15M-26AUG030545,Target Price: $58.191,2026-08-03 05:30:00-04:00,2026-08-03 05:45:00-04:00,58.173,58.191,no
KXSILVER15M-26AUG030530,Target Price: $58.382,2026-08-03 05:15:00-04:00,2026-08-03 05:30:00-04:00,58.191,58.382,no
KXSILVER15M-26AUG030515,Target Price: $58.344,2026-08-03 05:00:00-04:00,2026-08-03 05:15:00-04:00,58.382,58.344,yes
KXSILVER15M-26AUG030500,Target Price: $58.330,2026-08-03 04:45:00-04:00,2026-08-03 05:00:00-04:00,58.344,58.33,yes
KXSILVER15M-26AUG030445,Target Price: $58.203,2026-08-03 04:30:00-04:00,2026-08-03 04:45:00-04:00,58.330,58.203,yes
KXSILVER15M-26AUG030430,Target Price: $58.266,2026-08-03 04:15:00-04:00,2026-08-03 04:30:00-04:00,58.203,58.266,no
KXSILVER15M-26AUG030415,Target Price: $58.297,2026-08-03 04:00:00-04:00,2026-08-03 04:15:00-04:00,58.266,58.297,no
KXSILVER15M-26AUG030400,Target Price: $58.135,2026-08-03 03:45:00-04:00,2026-08-03 04:00:00-04:00,58.297,58.135,yes
KXSILVER15M-26AUG030345,Target Price: $58.035,2026-08-03 03:30:00-04:00,2026-08-03 03:45:00-04:00,58.135,58.035,yes
KXSILVER15M-26AUG030330,Target Price: $58.013,2026-08-03 03:15:00-04:00,2026-08-03 03:30:00-04:00,58.035,58.013,yes
KXSILVER15M-26AUG030315,Target Price: $58.124,2026-08-03 03:00:00-04:00,2026-08-03 03:15:00-04:00,58.013,58.124,no
KXSILVER15M-26AUG030300,Target Price: $58.208,2026-08-03 02:45:00-04:00,2026-08-03 03:00:00-04:00,58.124,58.208,no
KXSILVER15M-26AUG030245,Target Price: $58.381,2026-08-03 02:30:00-04:00,2026-08-03 02:45:00-04:00,58.208,58.381,no
KXSILVER15M-26AUG030230,Target Price: $58.155,2026-08-03 02:15:00-04:00,2026-08-03 02:30:00-04:00,58.381,58.155,yes
KXSILVER15M-26AUG030215,Target Price: $58.175,2026-08-03 02:00:00-04:00,2026-08-03 02:15:00-04:00,58.155,58.175,no
KXSILVER15M-26AUG030200,Target Price: $57.987,2026-08-03 01:45:00-04:00,2026-08-03 02:00:00-04:00,58.175,57.987,yes
KXSILVER15M-26AUG030145,Target Price: $58.163,2026-08-03 01:30:00-04:00,2026-08-03 01:45:00-04:00,57.987,58.163,no
KXSILVER15M-26AUG030130,Target Price: $58.175,2026-08-03 01:15:00-04:00,2026-08-03 01:30:00-04:00,58.163,58.175,no
KXSILVER15M-26AUG030115,Target Price: $58.306,2026-08-03 01:00:00-04:00,2026-08-03 01:15:00-04:00,58.175,58.306,no
KXSILVER15M-26AUG030100,Target Price: $58.546,2026-08-03 00:45:00-04:00,2026-08-03 01:00:00-04:00,58.306,58.546,no
KXSILVER15M-26AUG030045,Target Price: $58.388,2026-08-03 00:30:00-04:00,2026-08-03 00:45:00-04:00,58.546,58.388,yes
KXSILVER15M-26AUG030030,Target Price: $58.275,2026-08-03 00:15:00-04:00,2026-08-03 00:30:00-04:00,58.388,58.275,yes
KXSILVER15M-26AUG030015,Target Price: $58.252,2026-08-03 00:00:00-04:00,2026-08-03 00:15:00-04:00,58.275,58.252,yes
KXSILVER15M-26AUG010000,Target Price: $57.776,2026-07-31 23:45:00-04:00,2026-08-01 00:00:00-04:00,57.781,57.776,yes
KXSILVER15M-26JUL312345,Target Price: $57.777,2026-07-31 23:30:00-04:00,2026-07-31 23:45:00-04:00,57.776,57.777,no
KXSILVER15M-26JUL312330,Target Price: $57.797,2026-07-31 23:15:00-04:00,2026-07-31 23:30:00-04:00,57.777,57.797,no
KXSILVER15M-26JUL312315,Target Price: $57.780,2026-07-31 23:00:00-04:00,2026-07-31 23:15:00-04:00,57.797,57.78,yes
KXSILVER15M-26JUL312300,Target Price: $57.805,2026-07-31 22:45:00-04:00,2026-07-31 23:00:00-04:00,57.780,57.805,no
KXSILVER15M-26JUL312245,Target Price: $57.805,2026-07-31 22:30:00-04:00,2026-07-31 22:45:00-04:00,57.805,57.805,yes
KXSILVER15M-26JUL312230,Target Price: $57.803,2026-07-31 22:15:00-04:00,2026-07-31 22:30:00-04:00,57.805,57.803,yes
KXSILVER15M-26JUL312215,Target Price: $57.803,2026-07-31 22:00:00-04:00,2026-07-31 22:15:00-04:00,57.803,57.803,yes
KXSILVER15M-26JUL312200,Target Price: $57.791,2026-07-31 21:45:00-04:00,2026-07-31 22:00:00-04:00,57.803,57.791,yes
KXSILVER15M-26JUL312145,Target Price: $57.787,2026-07-31 21:30:00-04:00,2026-07-31 21:45:00-04:00,57.791,57.787,yes
KXSILVER15M-26JUL312130,Target Price: $57.803,2026-07-31 21:15:00-04:00,2026-07-31 21:30:00-04:00,57.787,57.803,no
KXSILVER15M-26JUL312115,Target Price: $57.798,2026-07-31 21:00:00-04:00,2026-07-31 21:15:00-04:00,57.803,57.798,yes
KXSILVER15M-26JUL312100,Target Price: $57.825,2026-07-31 20:45:00-04:00,2026-07-31 21:00:00-04:00,57.798,57.825,no
KXSILVER15M-26JUL312045,Target Price: $57.824,2026-07-31 20:30:00-04:00,2026-07-31 20:45:00-04:00,57.825,57.824,yes
KXSILVER15M-26JUL312030,Target Price: $57.794,2026-07-31 20:15:00-04:00,2026-07-31 20:30:00-04:00,57.824,57.794,yes
KXSILVER15M-26JUL312015,Target Price: $57.779,2026-07-31 20:00:00-04:00,2026-07-31 20:15:00-04:00,57.794,57.779,yes
KXSILVER15M-26JUL312000,Target Price: $57.810,2026-07-31 19:45:00-04:00,2026-07-31 20:00:00-04:00,57.779,57.81,no
KXSILVER15M-26JUL311945,Target Price: $57.817,2026-07-31 19:30:00-04:00,2026-07-31 19:45:00-04:00,57.810,57.817,no
KXSILVER15M-26JUL311930,Target Price: $57.824,2026-07-31 19:15:00-04:00,2026-07-31 19:30:00-04:00,57.817,57.824,no
KXSILVER15M-26JUL311915,Target Price: $57.814,2026-07-31 19:00:00-04:00,2026-07-31 19:15:00-04:00,57.824,57.814,yes
KXSILVER15M-26JUL311900,Target Price: $57.829,2026-07-31 18:45:00-04:00,2026-07-31 19:00:00-04:00,57.814,57.829,no
KXSILVER15M-26JUL311845,Target Price: $57.829,2026-07-31 18:30:00-04:00,2026-07-31 18:45:00-04:00,57.829,57.829,yes
KXSILVER15M-26JUL311830,Target Price: $57.828,2026-07-31 18:15:00-04:00,2026-07-31 18:30:00-04:00,57.829,57.828,yes
KXSILVER15M-26JUL311815,Target Price: $57.793,2026-07-31 18:00:00-04:00,2026-07-31 18:15:00-04:00,57.828,57.793,yes
KXSILVER15M-26JUL311800,Target Price: $57.815,2026-07-31 17:45:00-04:00,2026-07-31 18:00:00-04:00,57.793,57.815,no
KXSILVER15M-26JUL311745,Target Price: $57.741,2026-07-31 17:30:00-04:00,2026-07-31 17:45:00-04:00,57.815,57.741,yes
KXSILVER15M-26JUL311730,Target Price: $57.733,2026-07-31 17:15:00-04:00,2026-07-31 17:30:00-04:00,57.741,57.733,yes
KXSILVER15M-26JUL311715,Target Price: $57.642,2026-07-31 17:00:00-04:00,2026-07-31 17:15:00-04:00,57.733,57.642,yes
KXSILVER15M-26JUL311700,Target Price: $57.791,2026-07-31 16:45:00-04:00,2026-07-31 17:00:00-04:00,57.642,57.791,no
KXSILVER15M-26JUL311645,Target Price: $57.794,2026-07-31 16:30:00-04:00,2026-07-31 16:45:00-04:00,57.791,57.794,no
KXSILVER15M-26JUL311630,Target Price: $57.773,2026-07-31 16:15:00-04:00,2026-07-31 16:30:00-04:00,57.794,57.773,yes
KXSILVER15M-26JUL311615,Target Price: $57.930,2026-07-31 16:00:00-04:00,2026-07-31 16:15:00-04:00,57.773,57.93,no
KXSILVER15M-26JUL311600,Target Price: $57.941,2026-07-31 15:45:00-04:00,2026-07-31 16:00:00-04:00,57.930,57.941,no
KXSILVER15M-26JUL311545,Target Price: $57.947,2026-07-31 15:30:00-04:00,2026-07-31 15:45:00-04:00,57.941,57.947,no
KXSILVER15M-26JUL311530,Target Price: $57.908,2026-07-31 15:15:00-04:00,2026-07-31 15:30:00-04:00,57.947,57.908,yes
KXSILVER15M-26JUL311515,Target Price: $57.934,2026-07-31 15:00:00-04:00,2026-07-31 15:15:00-04:00,57.908,57.934,no
KXSILVER15M-26JUL311500,Target Price: $57.882,2026-07-31 14:45:00-04:00,2026-07-31 15:00:00-04:00,57.934,57.882,yes
KXSILVER15M-26JUL311445,Target Price: $57.857,2026-07-31 14:30:00-04:00,2026-07-31 14:45:00-04:00,57.882,57.857,yes
KXSILVER15M-26JUL311430,Target Price: $57.813,2026-07-31 14:15:00-04:00,2026-07-31 14:30:00-04:00,57.857,57.813,yes
KXSILVER15M-26JUL311415,Target Price: $57.872,2026-07-31 14:00:00-04:00,2026-07-31 14:15:00-04:00,57.813,57.872,no
