KXXRP15M-26AUG011200,Target Price: $1.0632,2026-08-01 11:45:00-04:00,2026-08-01 12:00:00-04:00,1.0625,1.0632,no
KXXRP15M-26AUG011200,Target Price: $1.0632,2026-08-01 11:45:00-04:00,2026-08-01 12:00:00-04:00,1.0625,1.0632,no
KXXRP15M-26AUG011215,Target Price: $1.0625,2026-08-01 12:00:00-04:00,2026-08-01 12:15:00-04:00,1.0621,1.0625,no
KXXRP15M-26AUG011215,Target Price: $1.0625,2026-08-01 12:00:00-04:00,2026-08-01 12:15:00-04:00,1.0621,1.0625,no
KXXRP15M-26AUG011230,Target Price: $1.0621,2026-08-01 12:15:00-04:00,2026-08-01 12:30:00-04:00,1.0626,1.0621,yes
KXXRP15M-26AUG011230,Target Price: $1.0621,2026-08-01 12:15:00-04:00,2026-08-01 12:30:00-04:00,1.0626,1.0621,yes
KXXRP15M-26AUG011245,Target Price: $1.0626,2026-08-01 12:30:00-04:00,2026-08-01 12:45:00-04:00,1.0615,1.0626,no
KXXRP15M-26AUG011245,Target Price: $1.0626,2026-08-01 12:30:00-04:00,2026-08-01 12:45:00-04:00,1.0615,1.0626,no
KXXRP15M-26AUG011300,Target Price: $1.0615,2026-08-01 12:45:00-04:00,2026-08-01 13:00:00-04:00,1.0600,1.0615,no
KXXRP15M-26AUG011300,Target Price: $1.0615,2026-08-01 12:45:00-04:00,2026-08-01 13:00:00-04:00,1.0600,1.0615,no
KXXRP15M-26AUG011315,Target Price: $1.0600,2026-08-01 13:00:00-04:00,2026-08-01 13:15:00-04:00,1.0589,1.06,no
KXXRP15M-26AUG011315,Target Price: $1.0600,2026-08-01 13:00:00-04:00,2026-08-01 13:15:00-04:00,1.0589,1.06,no
KXXRP15M-26AUG011330,Target Price: $1.0589,2026-08-01 13:15:00-04:00,2026-08-01 13:30:00-04:00,1.0582,1.0589,no
KXXRP15M-26AUG011330,Target Price: $1.0589,2026-08-01 13:15:00-04:00,2026-08-01 13:30:00-04:00,1.0582,1.0589,no
KXXRP15M-26AUG011345,Target Price: $1.0582,2026-08-01 13:30:00-04:00,2026-08-01 13:45:00-04:00,1.0590,1.0582,yes
KXXRP15M-26AUG011345,Target Price: $1.0582,2026-08-01 13:30:00-04:00,2026-08-01 13:45:00-04:00,1.0590,1.0582,yes
KXXRP15M-26AUG011400,Target Price: $1.0590,2026-08-01 13:45:00-04:00,2026-08-01 14:00:00-04:00,1.0583,1.059,no
KXXRP15M-26AUG011400,Target Price: $1.0590,2026-08-01 13:45:00-04:00,2026-08-01 14:00:00-04:00,1.0583,1.059,no
KXXRP15M-26AUG011415,Target Price: $1.0583,2026-08-01 14:00:00-04:00,2026-08-01 14:15:00-04:00,1.0583,1.0583,yes
KXXRP15M-26AUG011415,Target Price: $1.0583,2026-08-01 14:00:00-04:00,2026-08-01 14:15:00-04:00,1.0583,1.0583,yes
KXXRP15M-26AUG011430,Target Price: $1.0583,2026-08-01 14:15:00-04:00,2026-08-01 14:30:00-04:00,1.0572,1.0583,no
KXXRP15M-26AUG011430,Target Price: $1.0583,2026-08-01 14:15:00-04:00,2026-08-01 14:30:00-04:00,1.0572,1.0583,no
KXXRP15M-26AUG011445,Target Price: $1.0572,2026-08-01 14:30:00-04:00,2026-08-01 14:45:00-04:00,1.0543,1.0572,no
KXXRP15M-26AUG011445,Target Price: $1.0572,2026-08-01 14:30:00-04:00,2026-08-01 14:45:00-04:00,1.0543,1.0572,no
KXXRP15M-26AUG011500,Target Price: $1.0543,2026-08-01 14:45:00-04:00,2026-08-01 15:00:00-04:00,1.0524,1.0543,no
KXXRP15M-26AUG011500,Target Price: $1.0543,2026-08-01 14:45:00-04:00,2026-08-01 15:00:00-04:00,1.0524,1.0543,no
KXXRP15M-26AUG011515,Target Price: $1.0524,2026-08-01 15:00:00-04:00,2026-08-01 15:15:00-04:00,1.0533,1.0524,yes
KXXRP15M-26AUG011515,Target Price: $1.0524,2026-08-01 15:00:00-04:00,2026-08-01 15:15:00-04:00,1.0533,1.0524,yes
KXXRP15M-26AUG011530,Target Price: $1.0533,2026-08-01 15:15:00-04:00,2026-08-01 15:30:00-04:00,1.0518,1.0533,no
KXXRP15M-26AUG011530,Target Price: $1.0533,2026-08-01 15:15:00-04:00,2026-08-01 15:30:00-04:00,1.0518,1.0533,no
KXXRP15M-26AUG011545,Target Price: $1.0518,2026-08-01 15:30:00-04:00,2026-08-01 15:45:00-04:00,1.0510,1.0518,no
KXXRP15M-26AUG011545,Target Price: $1.0518,2026-08-01 15:30:00-04:00,2026-08-01 15:45:00-04:00,1.0510,1.0518,no
KXXRP15M-26AUG011600,Target Price: $1.0510,2026-08-01 15:45:00-04:00,2026-08-01 16:00:00-04:00,1.0518,1.051,yes
KXXRP15M-26AUG011600,Target Price: $1.0510,2026-08-01 15:45:00-04:00,2026-08-01 16:00:00-04:00,1.0518,1.051,yes
KXXRP15M-26AUG011615,Target Price: $1.0518,2026-08-01 16:00:00-04:00,2026-08-01 16:15:00-04:00,1.0532,1.0518,yes
KXXRP15M-26AUG011615,Target Price: $1.0518,2026-08-01 16:00:00-04:00,2026-08-01 16:15:00-04:00,1.0532,1.0518,yes
KXXRP15M-26AUG011630,Target Price: $1.0532,2026-08-01 16:15:00-04:00,2026-08-01 16:30:00-04:00,1.0538,1.0532,yes
KXXRP15M-26AUG011630,Target Price: $1.0532,2026-08-01 16:15:00-04:00,2026-08-01 16:30:00-04:00,1.0538,1.0532,yes
KXXRP15M-26AUG011645,Target Price: $1.0538,2026-08-01 16:30:00-04:00,2026-08-01 16:45:00-04:00,1.0542,1.0538,yes
KXXRP15M-26AUG011645,Target Price: $1.0538,2026-08-01 16:30:00-04:00,2026-08-01 16:45:00-04:00,1.0542,1.0538,yes
KXXRP15M-26AUG011700,Target Price: $1.0542,2026-08-01 16:45:00-04:00,2026-08-01 17:00:00-04:00,1.0549,1.0542,yes
KXXRP15M-26AUG011700,Target Price: $1.0542,2026-08-01 16:45:00-04:00,2026-08-01 17:00:00-04:00,1.0549,1.0542,yes
KXXRP15M-26AUG011715,Target Price: $1.0549,2026-08-01 17:00:00-04:00,2026-08-01 17:15:00-04:00,1.0570,1.0549,yes
KXXRP15M-26AUG011715,Target Price: $1.0549,2026-08-01 17:00:00-04:00,2026-08-01 17:15:00-04:00,1.0570,1.0549,yes
KXXRP15M-26AUG011730,Target Price: $1.0570,2026-08-01 17:15:00-04:00,2026-08-01 17:30:00-04:00,1.0576,1.057,yes
KXXRP15M-26AUG011730,Target Price: $1.0570,2026-08-01 17:15:00-04:00,2026-08-01 17:30:00-04:00,1.0576,1.057,yes
KXXRP15M-26AUG011745,Target Price: $1.0576,2026-08-01 17:30:00-04:00,2026-08-01 17:45:00-04:00,1.0599,1.0576,yes
KXXRP15M-26AUG011745,Target Price: $1.0576,2026-08-01 17:30:00-04:00,2026-08-01 17:45:00-04:00,1.0599,1.0576,yes
KXXRP15M-26AUG011800,Target Price: $1.0599,2026-08-01 17:45:00-04:00,2026-08-01 18:00:00-04:00,1.0594,1.0599,no
KXXRP15M-26AUG011800,Target Price: $1.0599,2026-08-01 17:45:00-04:00,2026-08-01 18:00:00-04:00,1.0594,1.0599,no
KXXRP15M-26AUG011815,Target Price: $1.0594,2026-08-01 18:00:00-04:00,2026-08-01 18:15:00-04:00,1.0600,1.0594,yes
KXXRP15M-26AUG011815,Target Price: $1.0594,2026-08-01 18:00:00-04:00,2026-08-01 18:15:00-04:00,1.0600,1.0594,yes
KXXRP15M-26AUG011830,Target Price: $1.0600,2026-08-01 18:15:00-04:00,2026-08-01 18:30:00-04:00,1.0597,1.06,no
KXXRP15M-26AUG011830,Target Price: $1.0600,2026-08-01 18:15:00-04:00,2026-08-01 18:30:00-04:00,1.0597,1.06,no
KXXRP15M-26AUG011845,Target Price: $1.0597,2026-08-01 18:30:00-04:00,2026-08-01 18:45:00-04:00,1.0603,1.0597,yes
KXXRP15M-26AUG011845,Target Price: $1.0597,2026-08-01 18:30:00-04:00,2026-08-01 18:45:00-04:00,1.0603,1.0597,yes
KXXRP15M-26AUG011900,Target Price: $1.0603,2026-08-01 18:45:00-04:00,2026-08-01 19:00:00-04:00,1.0602,1.0603,no
KXXRP15M-26AUG011900,Target Price: $1.0603,2026-08-01 18:45:00-04:00,2026-08-01 19:00:00-04:00,1.0602,1.0603,no
KXXRP15M-26AUG011915,Target Price: $1.0602,2026-08-01 19:00:00-04:00,2026-08-01 19:15:00-04:00,1.0602,1.0602,yes
KXXRP15M-26AUG011915,Target Price: $1.0602,2026-08-01 19:00:00-04:00,2026-08-01 19:15:00-04:00,1.0602,1.0602,yes
KXXRP15M-26AUG011930,Target Price: $1.0602,2026-08-01 19:15:00-04:00,2026-08-01 19:30:00-04:00,1.0590,1.0602,no
KXXRP15M-26AUG011930,Target Price: $1.0602,2026-08-01 19:15:00-04:00,2026-08-01 19:30:00-04:00,1.0590,1.0602,no
KXXRP15M-26AUG011945,Target Price: $1.0590,2026-08-01 19:30:00-04:00,2026-08-01 19:45:00-04:00,1.0593,1.059,yes
KXXRP15M-26AUG011945,Target Price: $1.0590,2026-08-01 19:30:00-04:00,2026-08-01 19:45:00-04:00,1.0593,1.059,yes
KXXRP15M-26AUG012000,Target Price: $1.0593,2026-08-01 19:45:00-04:00,2026-08-01 20:00:00-04:00,1.0597,1.0593,yes
KXXRP15M-26AUG012000,Target Price: $1.0593,2026-08-01 19:45:00-04:00,2026-08-01 20:00:00-04:00,1.0597,1.0593,yes
KXXRP15M-26AUG012015,Target Price: $1.0597,2026-08-01 20:00:00-04:00,2026-08-01 20:15:00-04:00,1.0614,1.0597,yes
KXXRP15M-26AUG012015,Target Price: $1.0597,2026-08-01 20:00:00-04:00,2026-08-01 20:15:00-04:00,1.0614,1.0597,yes
KXXRP15M-26AUG012030,Target Price: $1.0614,2026-08-01 20:15:00-04:00,2026-08-01 20:30:00-04:00,1.0607,1.0614,no
KXXRP15M-26AUG012030,Target Price: $1.0614,2026-08-01 20:15:00-04:00,2026-08-01 20:30:00-04:00,1.0607,1.0614,no
KXXRP15M-26AUG012045,Target Price: $1.0607,2026-08-01 20:30:00-04:00,2026-08-01 20:45:00-04:00,1.0605,1.0607,no
KXXRP15M-26AUG012045,Target Price: $1.0607,2026-08-01 20:30:00-04:00,2026-08-01 20:45:00-04:00,1.0605,1.0607,no
KXXRP15M-26AUG012100,Target Price: $1.0605,2026-08-01 20:45:00-04:00,2026-08-01 21:00:00-04:00,1.0615,1.0605,yes
KXXRP15M-26AUG012100,Target Price: $1.0605,2026-08-01 20:45:00-04:00,2026-08-01 21:00:00-04:00,1.0615,1.0605,yes
KXXRP15M-26AUG012115,Target Price: $1.0615,2026-08-01 21:00:00-04:00,2026-08-01 21:15:00-04:00,1.0652,1.0615,yes
KXXRP15M-26AUG012115,Target Price: $1.0615,2026-08-01 21:00:00-04:00,2026-08-01 21:15:00-04:00,1.0652,1.0615,yes
KXXRP15M-26AUG012130,Target Price: $1.0652,2026-08-01 21:15:00-04:00,2026-08-01 21:30:00-04:00,1.0665,1.0652,yes
KXXRP15M-26AUG012130,Target Price: $1.0652,2026-08-01 21:15:00-04:00,2026-08-01 21:30:00-04:00,1.0665,1.0652,yes
KXXRP15M-26AUG012145,Target Price: $1.0665,2026-08-01 21:30:00-04:00,2026-08-01 21:45:00-04:00,1.0659,1.0665,no
KXXRP15M-26AUG012145,Target Price: $1.0665,2026-08-01 21:30:00-04:00,2026-08-01 21:45:00-04:00,1.0659,1.0665,no
KXXRP15M-26AUG012200,Target Price: $1.0659,2026-08-01 21:45:00-04:00,2026-08-01 22:00:00-04:00,1.0656,1.0659,no
KXXRP15M-26AUG012200,Target Price: $1.0659,2026-08-01 21:45:00-04:00,2026-08-01 22:00:00-04:00,1.0656,1.0659,no
KXXRP15M-26AUG012215,Target Price: $1.0656,2026-08-01 22:00:00-04:00,2026-08-01 22:15:00-04:00,1.0729,1.0656,yes
KXXRP15M-26AUG012215,Target Price: $1.0656,2026-08-01 22:00:00-04:00,2026-08-01 22:15:00-04:00,1.0729,1.0656,yes
KXXRP15M-26AUG012230,Target Price: $1.0729,2026-08-01 22:15:00-04:00,2026-08-01 22:30:00-04:00,1.0723,1.0729,no
KXXRP15M-26AUG012230,Target Price: $1.0729,2026-08-01 22:15:00-04:00,2026-08-01 22:30:00-04:00,1.0723,1.0729,no
KXXRP15M-26AUG012245,Target Price: $1.0723,2026-08-01 22:30:00-04:00,2026-08-01 22:45:00-04:00,1.0715,1.0723,no
KXXRP15M-26AUG012245,Target Price: $1.0723,2026-08-01 22:30:00-04:00,2026-08-01 22:45:00-04:00,1.0715,1.0723,no
KXXRP15M-26AUG012300,Target Price: $1.0715,2026-08-01 22:45:00-04:00,2026-08-01 23:00:00-04:00,1.0749,1.0715,yes
KXXRP15M-26AUG012300,Target Price: $1.0715,2026-08-01 22:45:00-04:00,2026-08-01 23:00:00-04:00,1.0749,1.0715,yes
KXXRP15M-26AUG012315,Target Price: $1.0749,2026-08-01 23:00:00-04:00,2026-08-01 23:15:00-04:00,1.0744,1.0749,no
KXXRP15M-26AUG012315,Target Price: $1.0749,2026-08-01 23:00:00-04:00,2026-08-01 23:15:00-04:00,1.0744,1.0749,no
KXXRP15M-26AUG012330,Target Price: $1.0744,2026-08-01 23:15:00-04:00,2026-08-01 23:30:00-04:00,1.0753,1.0744,yes
KXXRP15M-26AUG012330,Target Price: $1.0744,2026-08-01 23:15:00-04:00,2026-08-01 23:30:00-04:00,1.0753,1.0744,yes
KXXRP15M-26AUG012345,Target Price: $1.0753,2026-08-01 23:30:00-04:00,2026-08-01 23:45:00-04:00,1.0777,1.0753,yes
KXXRP15M-26AUG012345,Target Price: $1.0753,2026-08-01 23:30:00-04:00,2026-08-01 23:45:00-04:00,1.0777,1.0753,yes
KXXRP15M-26AUG020000,Target Price: $1.0777,2026-08-01 23:45:00-04:00,2026-08-02 00:00:00-04:00,1.0763,1.0777,no
KXXRP15M-26AUG020000,Target Price: $1.0777,2026-08-01 23:45:00-04:00,2026-08-02 00:00:00-04:00,1.0763,1.0777,no
KXXRP15M-26AUG020015,Target Price: $1.0763,2026-08-02 00:00:00-04:00,2026-08-02 00:15:00-04:00,1.0781,1.0763,yes
KXXRP15M-26AUG020015,Target Price: $1.0763,2026-08-02 00:00:00-04:00,2026-08-02 00:15:00-04:00,1.0781,1.0763,yes
KXXRP15M-26AUG020030,Target Price: $1.0781,2026-08-02 00:15:00-04:00,2026-08-02 00:30:00-04:00,1.0799,1.0781,yes
KXXRP15M-26AUG020030,Target Price: $1.0781,2026-08-02 00:15:00-04:00,2026-08-02 00:30:00-04:00,1.0799,1.0781,yes
KXXRP15M-26AUG020045,Target Price: $1.0799,2026-08-02 00:30:00-04:00,2026-08-02 00:45:00-04:00,1.0811,1.0799,yes
KXXRP15M-26AUG020045,Target Price: $1.0799,2026-08-02 00:30:00-04:00,2026-08-02 00:45:00-04:00,1.0811,1.0799,yes
KXXRP15M-26AUG020100,Target Price: $1.0811,2026-08-02 00:45:00-04:00,2026-08-02 01:00:00-04:00,1.0812,1.0811,yes
KXXRP15M-26AUG020100,Target Price: $1.0811,2026-08-02 00:45:00-04:00,2026-08-02 01:00:00-04:00,1.0812,1.0811,yes
KXXRP15M-26AUG020115,Target Price: $1.0812,2026-08-02 01:00:00-04:00,2026-08-02 01:15:00-04:00,1.0800,1.0812,no
KXXRP15M-26AUG020115,Target Price: $1.0812,2026-08-02 01:00:00-04:00,2026-08-02 01:15:00-04:00,1.0800,1.0812,no
KXXRP15M-26AUG020130,Target Price: $1.0800,2026-08-02 01:15:00-04:00,2026-08-02 01:30:00-04:00,1.0809,1.08,yes
KXXRP15M-26AUG020130,Target Price: $1.0800,2026-08-02 01:15:00-04:00,2026-08-02 01:30:00-04:00,1.0809,1.08,yes
KXXRP15M-26AUG020145,Target Price: $1.0809,2026-08-02 01:30:00-04:00,2026-08-02 01:45:00-04:00,1.0806,1.0809,no
KXXRP15M-26AUG020145,Target Price: $1.0809,2026-08-02 01:30:00-04:00,2026-08-02 01:45:00-04:00,1.0806,1.0809,no
KXXRP15M-26AUG020200,Target Price: $1.0806,2026-08-02 01:45:00-04:00,2026-08-02 02:00:00-04:00,1.0820,1.0806,yes
KXXRP15M-26AUG020200,Target Price: $1.0806,2026-08-02 01:45:00-04:00,2026-08-02 02:00:00-04:00,1.0820,1.0806,yes
KXXRP15M-26AUG020215,Target Price: $1.0820,2026-08-02 02:00:00-04:00,2026-08-02 02:15:00-04:00,1.0811,1.082,no
KXXRP15M-26AUG020215,Target Price: $1.0820,2026-08-02 02:00:00-04:00,2026-08-02 02:15:00-04:00,1.0811,1.082,no
KXXRP15M-26AUG020230,Target Price: $1.0811,2026-08-02 02:15:00-04:00,2026-08-02 02:30:00-04:00,1.0816,1.0811,yes
KXXRP15M-26AUG020230,Target Price: $1.0811,2026-08-02 02:15:00-04:00,2026-08-02 02:30:00-04:00,1.0816,1.0811,yes
KXXRP15M-26AUG020245,Target Price: $1.0816,2026-08-02 02:30:00-04:00,2026-08-02 02:45:00-04:00,1.0822,1.0816,yes
KXXRP15M-26AUG020245,Target Price: $1.0816,2026-08-02 02:30:00-04:00,2026-08-02 02:45:00-04:00,1.0822,1.0816,yes
KXXRP15M-26AUG020300,Target Price: $1.0822,2026-08-02 02:45:00-04:00,2026-08-02 03:00:00-04:00,1.0817,1.0822,no
KXXRP15M-26AUG020300,Target Price: $1.0822,2026-08-02 02:45:00-04:00,2026-08-02 03:00:00-04:00,1.0817,1.0822,no
KXXRP15M-26AUG020315,Target Price: $1.0817,2026-08-02 03:00:00-04:00,2026-08-02 03:15:00-04:00,1.0817,1.0817,yes
KXXRP15M-26AUG020315,Target Price: $1.0817,2026-08-02 03:00:00-04:00,2026-08-02 03:15:00-04:00,1.0817,1.0817,yes
KXXRP15M-26AUG020330,Target Price: $1.0817,2026-08-02 03:15:00-04:00,2026-08-02 03:30:00-04:00,1.0826,1.0817,yes
KXXRP15M-26AUG020330,Target Price: $1.0817,2026-08-02 03:15:00-04:00,2026-08-02 03:30:00-04:00,1.0826,1.0817,yes
KXXRP15M-26AUG020345,Target Price: $1.0826,2026-08-02 03:30:00-04:00,2026-08-02 03:45:00-04:00,1.0831,1.0826,yes
KXXRP15M-26AUG020345,Target Price: $1.0826,2026-08-02 03:30:00-04:00,2026-08-02 03:45:00-04:00,1.0831,1.0826,yes
KXXRP15M-26AUG020400,Target Price: $1.0831,2026-08-02 03:45:00-04:00,2026-08-02 04:00:00-04:00,1.0828,1.0831,no
KXXRP15M-26AUG020400,Target Price: $1.0831,2026-08-02 03:45:00-04:00,2026-08-02 04:00:00-04:00,1.0828,1.0831,no
KXXRP15M-26AUG020415,Target Price: $1.0828,2026-08-02 04:00:00-04:00,2026-08-02 04:15:00-04:00,1.0822,1.0828,no
KXXRP15M-26AUG020415,Target Price: $1.0828,2026-08-02 04:00:00-04:00,2026-08-02 04:15:00-04:00,1.0822,1.0828,no
KXXRP15M-26AUG020430,Target Price: $1.0822,2026-08-02 04:15:00-04:00,2026-08-02 04:30:00-04:00,1.0799,1.0822,no
KXXRP15M-26AUG020430,Target Price: $1.0822,2026-08-02 04:15:00-04:00,2026-08-02 04:30:00-04:00,1.0799,1.0822,no
KXXRP15M-26AUG020445,Target Price: $1.0799,2026-08-02 04:30:00-04:00,2026-08-02 04:45:00-04:00,1.0790,1.0799,no
KXXRP15M-26AUG020445,Target Price: $1.0799,2026-08-02 04:30:00-04:00,2026-08-02 04:45:00-04:00,1.0790,1.0799,no
KXXRP15M-26AUG020500,Target Price: $1.0790,2026-08-02 04:45:00-04:00,2026-08-02 05:00:00-04:00,1.0789,1.079,no
KXXRP15M-26AUG020500,Target Price: $1.0790,2026-08-02 04:45:00-04:00,2026-08-02 05:00:00-04:00,1.0789,1.079,no
KXXRP15M-26AUG020515,Target Price: $1.0789,2026-08-02 05:00:00-04:00,2026-08-02 05:15:00-04:00,1.0790,1.0789,yes
KXXRP15M-26AUG020515,Target Price: $1.0789,2026-08-02 05:00:00-04:00,2026-08-02 05:15:00-04:00,1.0790,1.0789,yes
KXXRP15M-26AUG020530,Target Price: $1.0790,2026-08-02 05:15:00-04:00,2026-08-02 05:30:00-04:00,1.0793,1.079,yes
KXXRP15M-26AUG020530,Target Price: $1.0790,2026-08-02 05:15:00-04:00,2026-08-02 05:30:00-04:00,1.0793,1.079,yes
KXXRP15M-26AUG020545,Target Price: $1.0793,2026-08-02 05:30:00-04:00,2026-08-02 05:45:00-04:00,1.0816,1.0793,yes
KXXRP15M-26AUG020545,Target Price: $1.0793,2026-08-02 05:30:00-04:00,2026-08-02 05:45:00-04:00,1.0816,1.0793,yes
KXXRP15M-26AUG020600,Target Price: $1.0816,2026-08-02 05:45:00-04:00,2026-08-02 06:00:00-04:00,1.0818,1.0816,yes
KXXRP15M-26AUG020600,Target Price: $1.0816,2026-08-02 05:45:00-04:00,2026-08-02 06:00:00-04:00,1.0818,1.0816,yes
KXXRP15M-26AUG020615,Target Price: $1.0818,2026-08-02 06:00:00-04:00,2026-08-02 06:15:00-04:00,1.0802,1.0818,no
KXXRP15M-26AUG020615,Target Price: $1.0818,2026-08-02 06:00:00-04:00,2026-08-02 06:15:00-04:00,1.0802,1.0818,no
KXXRP15M-26AUG020630,Target Price: $1.0802,2026-08-02 06:15:00-04:00,2026-08-02 06:30:00-04:00,1.0788,1.0802,no
KXXRP15M-26AUG020630,Target Price: $1.0802,2026-08-02 06:15:00-04:00,2026-08-02 06:30:00-04:00,1.0788,1.0802,no
KXXRP15M-26AUG020645,Target Price: $1.0788,2026-08-02 06:30:00-04:00,2026-08-02 06:45:00-04:00,1.0797,1.0788,yes
KXXRP15M-26AUG020645,Target Price: $1.0788,2026-08-02 06:30:00-04:00,2026-08-02 06:45:00-04:00,1.0797,1.0788,yes
KXXRP15M-26AUG020700,Target Price: $1.0797,2026-08-02 06:45:00-04:00,2026-08-02 07:00:00-04:00,1.0798,1.0797,yes
KXXRP15M-26AUG020700,Target Price: $1.0797,2026-08-02 06:45:00-04:00,2026-08-02 07:00:00-04:00,1.0798,1.0797,yes
KXXRP15M-26AUG020715,Target Price: $1.0798,2026-08-02 07:00:00-04:00,2026-08-02 07:15:00-04:00,1.0799,1.0798,yes
KXXRP15M-26AUG020715,Target Price: $1.0798,2026-08-02 07:00:00-04:00,2026-08-02 07:15:00-04:00,1.0799,1.0798,yes
KXXRP15M-26AUG020730,Target Price: $1.0799,2026-08-02 07:15:00-04:00,2026-08-02 07:30:00-04:00,1.0805,1.0799,yes
KXXRP15M-26AUG020730,Target Price: $1.0799,2026-08-02 07:15:00-04:00,2026-08-02 07:30:00-04:00,1.0805,1.0799,yes
KXXRP15M-26AUG020745,Target Price: $1.0805,2026-08-02 07:30:00-04:00,2026-08-02 07:45:00-04:00,1.0790,1.0805,no
KXXRP15M-26AUG020745,Target Price: $1.0805,2026-08-02 07:30:00-04:00,2026-08-02 07:45:00-04:00,1.0790,1.0805,no
KXXRP15M-26AUG020800,Target Price: $1.0790,2026-08-02 07:45:00-04:00,2026-08-02 08:00:00-04:00,1.0783,1.079,no
KXXRP15M-26AUG020800,Target Price: $1.0790,2026-08-02 07:45:00-04:00,2026-08-02 08:00:00-04:00,1.0783,1.079,no
KXXRP15M-26AUG020815,Target Price: $1.0783,2026-08-02 08:00:00-04:00,2026-08-02 08:15:00-04:00,1.0800,1.0783,yes
KXXRP15M-26AUG020815,Target Price: $1.0783,2026-08-02 08:00:00-04:00,2026-08-02 08:15:00-04:00,1.0800,1.0783,yes
KXXRP15M-26AUG020830,Target Price: $1.0800,2026-08-02 08:15:00-04:00,2026-08-02 08:30:00-04:00,1.0791,1.08,no
KXXRP15M-26AUG020830,Target Price: $1.0800,2026-08-02 08:15:00-04:00,2026-08-02 08:30:00-04:00,1.0791,1.08,no
KXXRP15M-26AUG020845,Target Price: $1.0791,2026-08-02 08:30:00-04:00,2026-08-02 08:45:00-04:00,1.0770,1.0791,no
KXXRP15M-26AUG020845,Target Price: $1.0791,2026-08-02 08:30:00-04:00,2026-08-02 08:45:00-04:00,1.0770,1.0791,no
KXXRP15M-26AUG020900,Target Price: $1.0770,2026-08-02 08:45:00-04:00,2026-08-02 09:00:00-04:00,1.0766,1.077,no
KXXRP15M-26AUG020900,Target Price: $1.0770,2026-08-02 08:45:00-04:00,2026-08-02 09:00:00-04:00,1.0766,1.077,no
KXXRP15M-26AUG020915,Target Price: $1.0766,2026-08-02 09:00:00-04:00,2026-08-02 09:15:00-04:00,1.0789,1.0766,yes
KXXRP15M-26AUG020915,Target Price: $1.0766,2026-08-02 09:00:00-04:00,2026-08-02 09:15:00-04:00,1.0789,1.0766,yes
KXXRP15M-26AUG020930,Target Price: $1.0789,2026-08-02 09:15:00-04:00,2026-08-02 09:30:00-04:00,1.0795,1.0789,yes
KXXRP15M-26AUG020930,Target Price: $1.0789,2026-08-02 09:15:00-04:00,2026-08-02 09:30:00-04:00,1.0795,1.0789,yes
KXXRP15M-26AUG020945,Target Price: $1.0795,2026-08-02 09:30:00-04:00,2026-08-02 09:45:00-04:00,1.0790,1.0795,no
KXXRP15M-26AUG020945,Target Price: $1.0795,2026-08-02 09:30:00-04:00,2026-08-02 09:45:00-04:00,1.0790,1.0795,no
KXXRP15M-26AUG021000,Target Price: $1.0790,2026-08-02 09:45:00-04:00,2026-08-02 10:00:00-04:00,1.0798,1.079,yes
KXXRP15M-26AUG021000,Target Price: $1.0790,2026-08-02 09:45:00-04:00,2026-08-02 10:00:00-04:00,1.0798,1.079,yes
KXXRP15M-26AUG021015,Target Price: $1.0798,2026-08-02 10:00:00-04:00,2026-08-02 10:15:00-04:00,1.0799,1.0798,yes
KXXRP15M-26AUG021015,Target Price: $1.0798,2026-08-02 10:00:00-04:00,2026-08-02 10:15:00-04:00,1.0799,1.0798,yes
KXXRP15M-26AUG021030,Target Price: $1.0799,2026-08-02 10:15:00-04:00,2026-08-02 10:30:00-04:00,1.0810,1.0799,yes
KXXRP15M-26AUG021030,Target Price: $1.0799,2026-08-02 10:15:00-04:00,2026-08-02 10:30:00-04:00,1.0810,1.0799,yes
KXXRP15M-26AUG021045,Target Price: $1.0810,2026-08-02 10:30:00-04:00,2026-08-02 10:45:00-04:00,1.0817,1.081,yes
KXXRP15M-26AUG021045,Target Price: $1.0810,2026-08-02 10:30:00-04:00,2026-08-02 10:45:00-04:00,1.0817,1.081,yes
KXXRP15M-26AUG021100,Target Price: $1.0817,2026-08-02 10:45:00-04:00,2026-08-02 11:00:00-04:00,1.0805,1.0817,no
KXXRP15M-26AUG021100,Target Price: $1.0817,2026-08-02 10:45:00-04:00,2026-08-02 11:00:00-04:00,1.0805,1.0817,no
KXXRP15M-26AUG021115,Target Price: $1.0805,2026-08-02 11:00:00-04:00,2026-08-02 11:15:00-04:00,1.0814,1.0805,yes
KXXRP15M-26AUG021115,Target Price: $1.0805,2026-08-02 11:00:00-04:00,2026-08-02 11:15:00-04:00,1.0814,1.0805,yes
KXXRP15M-26AUG021130,Target Price: $1.0814,2026-08-02 11:15:00-04:00,2026-08-02 11:30:00-04:00,1.0802,1.0814,no
KXXRP15M-26AUG021130,Target Price: $1.0814,2026-08-02 11:15:00-04:00,2026-08-02 11:30:00-04:00,1.0802,1.0814,no
KXXRP15M-26AUG021145,Target Price: $1.0802,2026-08-02 11:30:00-04:00,2026-08-02 11:45:00-04:00,1.0799,1.0802,no
KXXRP15M-26AUG021145,Target Price: $1.0802,2026-08-02 11:30:00-04:00,2026-08-02 11:45:00-04:00,1.0799,1.0802,no
KXXRP15M-26AUG021200,Target Price: $1.0799,2026-08-02 11:45:00-04:00,2026-08-02 12:00:00-04:00,1.0791,1.0799,no
KXXRP15M-26AUG021200,Target Price: $1.0799,2026-08-02 11:45:00-04:00,2026-08-02 12:00:00-04:00,1.0791,1.0799,no
KXXRP15M-26AUG021215,Target Price: $1.0791,2026-08-02 12:00:00-04:00,2026-08-02 12:15:00-04:00,1.0777,1.0791,no
KXXRP15M-26AUG021215,Target Price: $1.0791,2026-08-02 12:00:00-04:00,2026-08-02 12:15:00-04:00,1.0777,1.0791,no
KXXRP15M-26AUG021230,Target Price: $1.0777,2026-08-02 12:15:00-04:00,2026-08-02 12:30:00-04:00,1.0778,1.0777,yes
KXXRP15M-26AUG021230,Target Price: $1.0777,2026-08-02 12:15:00-04:00,2026-08-02 12:30:00-04:00,1.0778,1.0777,yes
KXXRP15M-26AUG021245,Target Price: $1.0778,2026-08-02 12:30:00-04:00,2026-08-02 12:45:00-04:00,1.0801,1.0778,yes
KXXRP15M-26AUG021245,Target Price: $1.0778,2026-08-02 12:30:00-04:00,2026-08-02 12:45:00-04:00,1.0801,1.0778,yes
KXXRP15M-26AUG021300,Target Price: $1.0801,2026-08-02 12:45:00-04:00,2026-08-02 13:00:00-04:00,1.0799,1.0801,no
KXXRP15M-26AUG021300,Target Price: $1.0801,2026-08-02 12:45:00-04:00,2026-08-02 13:00:00-04:00,1.0799,1.0801,no
KXXRP15M-26AUG021315,Target Price: $1.0799,2026-08-02 13:00:00-04:00,2026-08-02 13:15:00-04:00,1.0803,1.0799,yes
KXXRP15M-26AUG021315,Target Price: $1.0799,2026-08-02 13:00:00-04:00,2026-08-02 13:15:00-04:00,1.0803,1.0799,yes
KXXRP15M-26AUG021330,Target Price: $1.0803,2026-08-02 13:15:00-04:00,2026-08-02 13:30:00-04:00,1.0810,1.0803,yes
KXXRP15M-26AUG021330,Target Price: $1.0803,2026-08-02 13:15:00-04:00,2026-08-02 13:30:00-04:00,1.0810,1.0803,yes
KXXRP15M-26AUG021345,Target Price: $1.0810,2026-08-02 13:30:00-04:00,2026-08-02 13:45:00-04:00,1.0813,1.081,yes
KXXRP15M-26AUG021345,Target Price: $1.0810,2026-08-02 13:30:00-04:00,2026-08-02 13:45:00-04:00,1.0813,1.081,yes
KXXRP15M-26AUG021400,Target Price: $1.0813,2026-08-02 13:45:00-04:00,2026-08-02 14:00:00-04:00,1.0813,1.0813,yes
KXXRP15M-26AUG021400,Target Price: $1.0813,2026-08-02 13:45:00-04:00,2026-08-02 14:00:00-04:00,1.0813,1.0813,yes
KXXRP15M-26AUG021415,Target Price: $1.0813,2026-08-02 14:00:00-04:00,2026-08-02 14:15:00-04:00,1.0818,1.0813,yes
KXXRP15M-26AUG021415,Target Price: $1.0813,2026-08-02 14:00:00-04:00,2026-08-02 14:15:00-04:00,1.0818,1.0813,yes
KXXRP15M-26AUG021430,Target Price: $1.0818,2026-08-02 14:15:00-04:00,2026-08-02 14:30:00-04:00,1.0805,1.0818,no
KXXRP15M-26AUG021430,Target Price: $1.0818,2026-08-02 14:15:00-04:00,2026-08-02 14:30:00-04:00,1.0805,1.0818,no
KXXRP15M-26AUG021445,Target Price: $1.0805,2026-08-02 14:30:00-04:00,2026-08-02 14:45:00-04:00,1.0824,1.0805,yes
KXXRP15M-26AUG021445,Target Price: $1.0805,2026-08-02 14:30:00-04:00,2026-08-02 14:45:00-04:00,1.0824,1.0805,yes
KXXRP15M-26AUG021500,Target Price: $1.0824,2026-08-02 14:45:00-04:00,2026-08-02 15:00:00-04:00,1.0806,1.0824,no
KXXRP15M-26AUG021500,Target Price: $1.0824,2026-08-02 14:45:00-04:00,2026-08-02 15:00:00-04:00,1.0806,1.0824,no
KXXRP15M-26AUG021515,Target Price: $1.0806,2026-08-02 15:00:00-04:00,2026-08-02 15:15:00-04:00,1.0805,1.0806,no
KXXRP15M-26AUG021515,Target Price: $1.0806,2026-08-02 15:00:00-04:00,2026-08-02 15:15:00-04:00,1.0805,1.0806,no
KXXRP15M-26AUG021530,Target Price: $1.0805,2026-08-02 15:15:00-04:00,2026-08-02 15:30:00-04:00,1.0800,1.0805,no
KXXRP15M-26AUG021530,Target Price: $1.0805,2026-08-02 15:15:00-04:00,2026-08-02 15:30:00-04:00,1.0800,1.0805,no
KXXRP15M-26AUG021545,Target Price: $1.0800,2026-08-02 15:30:00-04:00,2026-08-02 15:45:00-04:00,1.0801,1.08,yes
KXXRP15M-26AUG021545,Target Price: $1.0800,2026-08-02 15:30:00-04:00,2026-08-02 15:45:00-04:00,1.0801,1.08,yes
KXXRP15M-26AUG021600,Target Price: $1.0801,2026-08-02 15:45:00-04:00,2026-08-02 16:00:00-04:00,1.0810,1.0801,yes
KXXRP15M-26AUG021600,Target Price: $1.0801,2026-08-02 15:45:00-04:00,2026-08-02 16:00:00-04:00,1.0810,1.0801,yes
KXXRP15M-26AUG021615,Target Price: $1.0810,2026-08-02 16:00:00-04:00,2026-08-02 16:15:00-04:00,1.0806,1.081,no
KXXRP15M-26AUG021615,Target Price: $1.0810,2026-08-02 16:00:00-04:00,2026-08-02 16:15:00-04:00,1.0806,1.081,no
KXXRP15M-26AUG021630,Target Price: $1.0806,2026-08-02 16:15:00-04:00,2026-08-02 16:30:00-04:00,1.0795,1.0806,no
KXXRP15M-26AUG021630,Target Price: $1.0806,2026-08-02 16:15:00-04:00,2026-08-02 16:30:00-04:00,1.0795,1.0806,no
KXXRP15M-26AUG021645,Target Price: $1.0795,2026-08-02 16:30:00-04:00,2026-08-02 16:45:00-04:00,1.0801,1.0795,yes
KXXRP15M-26AUG021645,Target Price: $1.0795,2026-08-02 16:30:00-04:00,2026-08-02 16:45:00-04:00,1.0801,1.0795,yes
KXXRP15M-26AUG021700,Target Price: $1.0801,2026-08-02 16:45:00-04:00,2026-08-02 17:00:00-04:00,1.0804,1.0801,yes
KXXRP15M-26AUG021700,Target Price: $1.0801,2026-08-02 16:45:00-04:00,2026-08-02 17:00:00-04:00,1.0804,1.0801,yes
KXXRP15M-26AUG021715,Target Price: $1.0804,2026-08-02 17:00:00-04:00,2026-08-02 17:15:00-04:00,1.0823,1.0804,yes
KXXRP15M-26AUG021715,Target Price: $1.0804,2026-08-02 17:00:00-04:00,2026-08-02 17:15:00-04:00,1.0823,1.0804,yes
KXXRP15M-26AUG021730,Target Price: $1.0823,2026-08-02 17:15:00-04:00,2026-08-02 17:30:00-04:00,1.0834,1.0823,yes
KXXRP15M-26AUG021730,Target Price: $1.0823,2026-08-02 17:15:00-04:00,2026-08-02 17:30:00-04:00,1.0834,1.0823,yes
KXXRP15M-26AUG021745,Target Price: $1.0834,2026-08-02 17:30:00-04:00,2026-08-02 17:45:00-04:00,1.0862,1.0834,yes
KXXRP15M-26AUG021745,Target Price: $1.0834,2026-08-02 17:30:00-04:00,2026-08-02 17:45:00-04:00,1.0862,1.0834,yes
KXXRP15M-26AUG021800,Target Price: $1.0862,2026-08-02 17:45:00-04:00,2026-08-02 18:00:00-04:00,1.0857,1.0862,no
KXXRP15M-26AUG021800,Target Price: $1.0862,2026-08-02 17:45:00-04:00,2026-08-02 18:00:00-04:00,1.0857,1.0862,no
KXXRP15M-26AUG021815,Target Price: $1.0857,2026-08-02 18:00:00-04:00,2026-08-02 18:15:00-04:00,1.0898,1.0857,yes
KXXRP15M-26AUG021815,Target Price: $1.0857,2026-08-02 18:00:00-04:00,2026-08-02 18:15:00-04:00,1.0898,1.0857,yes
KXXRP15M-26AUG021830,Target Price: $1.0898,2026-08-02 18:15:00-04:00,2026-08-02 18:30:00-04:00,1.0885,1.0898,no
KXXRP15M-26AUG021830,Target Price: $1.0898,2026-08-02 18:15:00-04:00,2026-08-02 18:30:00-04:00,1.0885,1.0898,no
KXXRP15M-26AUG021845,Target Price: $1.0885,2026-08-02 18:30:00-04:00,2026-08-02 18:45:00-04:00,1.0867,1.0885,no
KXXRP15M-26AUG021845,Target Price: $1.0885,2026-08-02 18:30:00-04:00,2026-08-02 18:45:00-04:00,1.0867,1.0885,no
KXXRP15M-26AUG021900,Target Price: $1.0867,2026-08-02 18:45:00-04:00,2026-08-02 19:00:00-04:00,1.0848,1.0867,no
KXXRP15M-26AUG021900,Target Price: $1.0867,2026-08-02 18:45:00-04:00,2026-08-02 19:00:00-04:00,1.0848,1.0867,no
KXXRP15M-26AUG021915,Target Price: $1.0848,2026-08-02 19:00:00-04:00,2026-08-02 19:15:00-04:00,1.0823,1.0848,no
KXXRP15M-26AUG021915,Target Price: $1.0848,2026-08-02 19:00:00-04:00,2026-08-02 19:15:00-04:00,1.0823,1.0848,no
KXXRP15M-26AUG021930,Target Price: $1.0823,2026-08-02 19:15:00-04:00,2026-08-02 19:30:00-04:00,1.0835,1.0823,yes
KXXRP15M-26AUG021930,Target Price: $1.0823,2026-08-02 19:15:00-04:00,2026-08-02 19:30:00-04:00,1.0835,1.0823,yes
KXXRP15M-26AUG021945,Target Price: $1.0835,2026-08-02 19:30:00-04:00,2026-08-02 19:45:00-04:00,1.0829,1.0835,no
KXXRP15M-26AUG021945,Target Price: $1.0835,2026-08-02 19:30:00-04:00,2026-08-02 19:45:00-04:00,1.0829,1.0835,no
KXXRP15M-26AUG022000,Target Price: $1.0829,2026-08-02 19:45:00-04:00,2026-08-02 20:00:00-04:00,1.0855,1.0829,yes
KXXRP15M-26AUG022000,Target Price: $1.0829,2026-08-02 19:45:00-04:00,2026-08-02 20:00:00-04:00,1.0855,1.0829,yes
KXXRP15M-26AUG022015,Target Price: $1.0855,2026-08-02 20:00:00-04:00,2026-08-02 20:15:00-04:00,1.0827,1.0855,no
KXXRP15M-26AUG022015,Target Price: $1.0855,2026-08-02 20:00:00-04:00,2026-08-02 20:15:00-04:00,1.0827,1.0855,no
KXXRP15M-26AUG022030,Target Price: $1.0827,2026-08-02 20:15:00-04:00,2026-08-02 20:30:00-04:00,1.0808,1.0827,no
KXXRP15M-26AUG022030,Target Price: $1.0827,2026-08-02 20:15:00-04:00,2026-08-02 20:30:00-04:00,1.0808,1.0827,no
KXXRP15M-26AUG022045,Target Price: $1.0808,2026-08-02 20:30:00-04:00,2026-08-02 20:45:00-04:00,1.0802,1.0808,no
KXXRP15M-26AUG022045,Target Price: $1.0808,2026-08-02 20:30:00-04:00,2026-08-02 20:45:00-04:00,1.0802,1.0808,no
KXXRP15M-26AUG022100,Target Price: $1.0802,2026-08-02 20:45:00-04:00,2026-08-02 21:00:00-04:00,1.0801,1.0802,no
KXXRP15M-26AUG022100,Target Price: $1.0802,2026-08-02 20:45:00-04:00,2026-08-02 21:00:00-04:00,1.0801,1.0802,no
KXXRP15M-26AUG022115,Target Price: $1.0801,2026-08-02 21:00:00-04:00,2026-08-02 21:15:00-04:00,1.0772,1.0801,no
KXXRP15M-26AUG022115,Target Price: $1.0801,2026-08-02 21:00:00-04:00,2026-08-02 21:15:00-04:00,1.0772,1.0801,no
KXXRP15M-26AUG022130,Target Price: $1.0772,2026-08-02 21:15:00-04:00,2026-08-02 21:30:00-04:00,1.0750,1.0772,no
KXXRP15M-26AUG022130,Target Price: $1.0772,2026-08-02 21:15:00-04:00,2026-08-02 21:30:00-04:00,1.0750,1.0772,no
KXXRP15M-26AUG022145,Target Price: $1.0750,2026-08-02 21:30:00-04:00,2026-08-02 21:45:00-04:00,1.0751,1.075,yes
KXXRP15M-26AUG022145,Target Price: $1.0750,2026-08-02 21:30:00-04:00,2026-08-02 21:45:00-04:00,1.0751,1.075,yes
KXXRP15M-26AUG022200,Target Price: $1.0751,2026-08-02 21:45:00-04:00,2026-08-02 22:00:00-04:00,1.0746,1.0751,no
KXXRP15M-26AUG022200,Target Price: $1.0751,2026-08-02 21:45:00-04:00,2026-08-02 22:00:00-04:00,1.0746,1.0751,no
KXXRP15M-26AUG022215,Target Price: $1.0746,2026-08-02 22:00:00-04:00,2026-08-02 22:15:00-04:00,1.0731,1.0746,no
KXXRP15M-26AUG022215,Target Price: $1.0746,2026-08-02 22:00:00-04:00,2026-08-02 22:15:00-04:00,1.0731,1.0746,no
KXXRP15M-26AUG022230,Target Price: $1.0731,2026-08-02 22:15:00-04:00,2026-08-02 22:30:00-04:00,1.0731,1.0731,yes
KXXRP15M-26AUG022230,Target Price: $1.0731,2026-08-02 22:15:00-04:00,2026-08-02 22:30:00-04:00,1.0731,1.0731,yes
KXXRP15M-26AUG022245,Target Price: $1.0731,2026-08-02 22:30:00-04:00,2026-08-02 22:45:00-04:00,1.0744,1.0731,yes
KXXRP15M-26AUG022245,Target Price: $1.0731,2026-08-02 22:30:00-04:00,2026-08-02 22:45:00-04:00,1.0744,1.0731,yes
KXXRP15M-26AUG022300,Target Price: $1.0744,2026-08-02 22:45:00-04:00,2026-08-02 23:00:00-04:00,1.0728,1.0744,no
KXXRP15M-26AUG022300,Target Price: $1.0744,2026-08-02 22:45:00-04:00,2026-08-02 23:00:00-04:00,1.0728,1.0744,no
KXXRP15M-26AUG022315,Target Price: $1.0728,2026-08-02 23:00:00-04:00,2026-08-02 23:15:00-04:00,1.0711,1.0728,no
KXXRP15M-26AUG022315,Target Price: $1.0728,2026-08-02 23:00:00-04:00,2026-08-02 23:15:00-04:00,1.0711,1.0728,no
KXXRP15M-26AUG022330,Target Price: $1.0711,2026-08-02 23:15:00-04:00,2026-08-02 23:30:00-04:00,1.0714,1.0711,yes
KXXRP15M-26AUG022330,Target Price: $1.0711,2026-08-02 23:15:00-04:00,2026-08-02 23:30:00-04:00,1.0714,1.0711,yes
KXXRP15M-26AUG022345,Target Price: $1.0714,2026-08-02 23:30:00-04:00,2026-08-02 23:45:00-04:00,1.0716,1.0714,yes
KXXRP15M-26AUG022345,Target Price: $1.0714,2026-08-02 23:30:00-04:00,2026-08-02 23:45:00-04:00,1.0716,1.0714,yes
KXXRP15M-26AUG030000,Target Price: $1.0716,2026-08-02 23:45:00-04:00,2026-08-03 00:00:00-04:00,1.0703,1.0716,no
KXXRP15M-26AUG030000,Target Price: $1.0716,2026-08-02 23:45:00-04:00,2026-08-03 00:00:00-04:00,1.0703,1.0716,no
KXXRP15M-26AUG030015,Target Price: $1.0703,2026-08-03 00:00:00-04:00,2026-08-03 00:15:00-04:00,1.0696,1.0703,no
KXXRP15M-26AUG030015,Target Price: $1.0703,2026-08-03 00:00:00-04:00,2026-08-03 00:15:00-04:00,1.0696,1.0703,no
KXXRP15M-26AUG030030,Target Price: $1.0696,2026-08-03 00:15:00-04:00,2026-08-03 00:30:00-04:00,1.0713,1.0696,yes
KXXRP15M-26AUG030030,Target Price: $1.0696,2026-08-03 00:15:00-04:00,2026-08-03 00:30:00-04:00,1.0713,1.0696,yes
KXXRP15M-26AUG030045,Target Price: $1.0713,2026-08-03 00:30:00-04:00,2026-08-03 00:45:00-04:00,1.0717,1.0713,yes
KXXRP15M-26AUG030045,Target Price: $1.0713,2026-08-03 00:30:00-04:00,2026-08-03 00:45:00-04:00,1.0717,1.0713,yes
KXXRP15M-26AUG030100,Target Price: $1.0717,2026-08-03 00:45:00-04:00,2026-08-03 01:00:00-04:00,1.0692,1.0717,no
KXXRP15M-26AUG030100,Target Price: $1.0717,2026-08-03 00:45:00-04:00,2026-08-03 01:00:00-04:00,1.0692,1.0717,no
KXXRP15M-26AUG030115,Target Price: $1.0692,2026-08-03 01:00:00-04:00,2026-08-03 01:15:00-04:00,1.0715,1.0692,yes
KXXRP15M-26AUG030115,Target Price: $1.0692,2026-08-03 01:00:00-04:00,2026-08-03 01:15:00-04:00,1.0715,1.0692,yes
KXXRP15M-26AUG030130,Target Price: $1.0715,2026-08-03 01:15:00-04:00,2026-08-03 01:30:00-04:00,1.0702,1.0715,no
KXXRP15M-26AUG030130,Target Price: $1.0715,2026-08-03 01:15:00-04:00,2026-08-03 01:30:00-04:00,1.0702,1.0715,no
KXXRP15M-26AUG030145,Target Price: $1.0702,2026-08-03 01:30:00-04:00,2026-08-03 01:45:00-04:00,1.0700,1.0702,no
KXXRP15M-26AUG030145,Target Price: $1.0702,2026-08-03 01:30:00-04:00,2026-08-03 01:45:00-04:00,1.0700,1.0702,no
KXXRP15M-26AUG030200,Target Price: $1.0700,2026-08-03 01:45:00-04:00,2026-08-03 02:00:00-04:00,1.0711,1.07,yes
KXXRP15M-26AUG030200,Target Price: $1.0700,2026-08-03 01:45:00-04:00,2026-08-03 02:00:00-04:00,1.0711,1.07,yes
KXXRP15M-26AUG030215,Target Price: $1.0711,2026-08-03 02:00:00-04:00,2026-08-03 02:15:00-04:00,1.0712,1.0711,yes
KXXRP15M-26AUG030215,Target Price: $1.0711,2026-08-03 02:00:00-04:00,2026-08-03 02:15:00-04:00,1.0712,1.0711,yes
KXXRP15M-26AUG030230,Target Price: $1.0712,2026-08-03 02:15:00-04:00,2026-08-03 02:30:00-04:00,1.0696,1.0712,no
KXXRP15M-26AUG030230,Target Price: $1.0712,2026-08-03 02:15:00-04:00,2026-08-03 02:30:00-04:00,1.0696,1.0712,no
KXXRP15M-26AUG030245,Target Price: $1.0696,2026-08-03 02:30:00-04:00,2026-08-03 02:45:00-04:00,1.0674,1.0696,no
KXXRP15M-26AUG030245,Target Price: $1.0696,2026-08-03 02:30:00-04:00,2026-08-03 02:45:00-04:00,1.0674,1.0696,no
KXXRP15M-26AUG030300,Target Price: $1.0674,2026-08-03 02:45:00-04:00,2026-08-03 03:00:00-04:00,1.0673,1.0674,no
KXXRP15M-26AUG030300,Target Price: $1.0674,2026-08-03 02:45:00-04:00,2026-08-03 03:00:00-04:00,1.0673,1.0674,no
KXXRP15M-26AUG030315,Target Price: $1.0673,2026-08-03 03:00:00-04:00,2026-08-03 03:15:00-04:00,1.0675,1.0673,yes
KXXRP15M-26AUG030315,Target Price: $1.0673,2026-08-03 03:00:00-04:00,2026-08-03 03:15:00-04:00,1.0675,1.0673,yes
KXXRP15M-26AUG030330,Target Price: $1.0675,2026-08-03 03:15:00-04:00,2026-08-03 03:30:00-04:00,1.0674,1.0675,no
KXXRP15M-26AUG030330,Target Price: $1.0675,2026-08-03 03:15:00-04:00,2026-08-03 03:30:00-04:00,1.0674,1.0675,no
KXXRP15M-26AUG030345,Target Price: $1.0674,2026-08-03 03:30:00-04:00,2026-08-03 03:45:00-04:00,1.0670,1.0674,no
KXXRP15M-26AUG030345,Target Price: $1.0674,2026-08-03 03:30:00-04:00,2026-08-03 03:45:00-04:00,1.0670,1.0674,no
KXXRP15M-26AUG030400,Target Price: $1.0670,2026-08-03 03:45:00-04:00,2026-08-03 04:00:00-04:00,1.0670,1.067,yes
KXXRP15M-26AUG030400,Target Price: $1.0670,2026-08-03 03:45:00-04:00,2026-08-03 04:00:00-04:00,1.0670,1.067,yes
KXXRP15M-26AUG030415,Target Price: $1.0670,2026-08-03 04:00:00-04:00,2026-08-03 04:15:00-04:00,1.0665,1.067,no
KXXRP15M-26AUG030415,Target Price: $1.0670,2026-08-03 04:00:00-04:00,2026-08-03 04:15:00-04:00,1.0665,1.067,no
KXXRP15M-26AUG030430,Target Price: $1.0665,2026-08-03 04:15:00-04:00,2026-08-03 04:30:00-04:00,1.0629,1.0665,no
KXXRP15M-26AUG030430,Target Price: $1.0665,2026-08-03 04:15:00-04:00,2026-08-03 04:30:00-04:00,1.0629,1.0665,no
KXXRP15M-26AUG030445,Target Price: $1.0629,2026-08-03 04:30:00-04:00,2026-08-03 04:45:00-04:00,1.0647,1.0629,yes
KXXRP15M-26AUG030445,Target Price: $1.0629,2026-08-03 04:30:00-04:00,2026-08-03 04:45:00-04:00,1.0647,1.0629,yes
KXXRP15M-26AUG030500,Target Price: $1.0647,2026-08-03 04:45:00-04:00,2026-08-03 05:00:00-04:00,1.0665,1.0647,yes
KXXRP15M-26AUG030500,Target Price: $1.0647,2026-08-03 04:45:00-04:00,2026-08-03 05:00:00-04:00,1.0665,1.0647,yes
KXXRP15M-26AUG030515,Target Price: $1.0665,2026-08-03 05:00:00-04:00,2026-08-03 05:15:00-04:00,1.0665,1.0665,yes
KXXRP15M-26AUG030515,Target Price: $1.0665,2026-08-03 05:00:00-04:00,2026-08-03 05:15:00-04:00,1.0665,1.0665,yes
KXXRP15M-26AUG030530,Target Price: $1.0665,2026-08-03 05:15:00-04:00,2026-08-03 05:30:00-04:00,1.0667,1.0665,yes
KXXRP15M-26AUG030530,Target Price: $1.0665,2026-08-03 05:15:00-04:00,2026-08-03 05:30:00-04:00,1.0667,1.0665,yes
KXXRP15M-26AUG030545,Target Price: $1.0667,2026-08-03 05:30:00-04:00,2026-08-03 05:45:00-04:00,1.0677,1.0667,yes
KXXRP15M-26AUG030545,Target Price: $1.0667,2026-08-03 05:30:00-04:00,2026-08-03 05:45:00-04:00,1.0677,1.0667,yes
KXXRP15M-26AUG030600,Target Price: $1.0677,2026-08-03 05:45:00-04:00,2026-08-03 06:00:00-04:00,1.0706,1.0677,yes
KXXRP15M-26AUG030600,Target Price: $1.0677,2026-08-03 05:45:00-04:00,2026-08-03 06:00:00-04:00,1.0706,1.0677,yes
KXXRP15M-26AUG030615,Target Price: $1.0706,2026-08-03 06:00:00-04:00,2026-08-03 06:15:00-04:00,1.0691,1.0706,no
KXXRP15M-26AUG030615,Target Price: $1.0706,2026-08-03 06:00:00-04:00,2026-08-03 06:15:00-04:00,1.0691,1.0706,no
KXXRP15M-26AUG030630,Target Price: $1.0691,2026-08-03 06:15:00-04:00,2026-08-03 06:30:00-04:00,1.0680,1.0691,no
KXXRP15M-26AUG030630,Target Price: $1.0691,2026-08-03 06:15:00-04:00,2026-08-03 06:30:00-04:00,1.0680,1.0691,no
KXXRP15M-26AUG030645,Target Price: $1.0680,2026-08-03 06:30:00-04:00,2026-08-03 06:45:00-04:00,1.0680,1.068,yes
KXXRP15M-26AUG030645,Target Price: $1.0680,2026-08-03 06:30:00-04:00,2026-08-03 06:45:00-04:00,1.0680,1.068,yes
KXXRP15M-26AUG030700,Target Price: $1.0680,2026-08-03 06:45:00-04:00,2026-08-03 07:00:00-04:00,1.0690,1.068,yes
KXXRP15M-26AUG030700,Target Price: $1.0680,2026-08-03 06:45:00-04:00,2026-08-03 07:00:00-04:00,1.0690,1.068,yes
KXXRP15M-26AUG030715,Target price: TBD,2026-08-03 07:00:00-04:00,2026-08-03 07:15:00-04:00,1.0676,,no
KXXRP15M-26AUG030715,Target price: TBD,2026-08-03 07:00:00-04:00,2026-08-03 07:15:00-04:00,1.0676,,no
KXXRP15M-26AUG030730,Target Price: $1.0676,2026-08-03 07:15:00-04:00,2026-08-03 07:30:00-04:00,1.0647,1.0676,no
KXXRP15M-26AUG030730,Target Price: $1.0676,2026-08-03 07:15:00-04:00,2026-08-03 07:30:00-04:00,1.0647,1.0676,no
KXXRP15M-26AUG030745,Target Price: $1.0647,2026-08-03 07:30:00-04:00,2026-08-03 07:45:00-04:00,1.0659,1.0647,yes
KXXRP15M-26AUG030745,Target Price: $1.0647,2026-08-03 07:30:00-04:00,2026-08-03 07:45:00-04:00,1.0659,1.0647,yes
KXXRP15M-26AUG030800,Target Price: $1.0659,2026-08-03 07:45:00-04:00,2026-08-03 08:00:00-04:00,1.0632,1.0659,no
KXXRP15M-26AUG030800,Target Price: $1.0659,2026-08-03 07:45:00-04:00,2026-08-03 08:00:00-04:00,1.0632,1.0659,no
KXXRP15M-26AUG030815,Target Price: $1.0632,2026-08-03 08:00:00-04:00,2026-08-03 08:15:00-04:00,1.0641,1.0632,yes
KXXRP15M-26AUG030815,Target Price: $1.0632,2026-08-03 08:00:00-04:00,2026-08-03 08:15:00-04:00,1.0641,1.0632,yes
KXXRP15M-26AUG030830,Target Price: $1.0641,2026-08-03 08:15:00-04:00,2026-08-03 08:30:00-04:00,1.0640,1.0641,no
KXXRP15M-26AUG030830,Target Price: $1.0641,2026-08-03 08:15:00-04:00,2026-08-03 08:30:00-04:00,1.0640,1.0641,no
KXXRP15M-26AUG030845,Target Price: $1.0640,2026-08-03 08:30:00-04:00,2026-08-03 08:45:00-04:00,1.0643,1.064,yes
KXXRP15M-26AUG030845,Target Price: $1.0640,2026-08-03 08:30:00-04:00,2026-08-03 08:45:00-04:00,1.0643,1.064,yes
KXXRP15M-26AUG030900,Target Price: $1.0643,2026-08-03 08:45:00-04:00,2026-08-03 09:00:00-04:00,1.0647,1.0643,yes
KXXRP15M-26AUG030900,Target Price: $1.0643,2026-08-03 08:45:00-04:00,2026-08-03 09:00:00-04:00,1.0647,1.0643,yes
KXXRP15M-26AUG030915,Target Price: $1.0647,2026-08-03 09:00:00-04:00,2026-08-03 09:15:00-04:00,1.0651,1.0647,yes
KXXRP15M-26AUG030915,Target Price: $1.0647,2026-08-03 09:00:00-04:00,2026-08-03 09:15:00-04:00,1.0651,1.0647,yes
KXXRP15M-26AUG030930,Target Price: $1.0651,2026-08-03 09:15:00-04:00,2026-08-03 09:30:00-04:00,1.0670,1.0651,yes
KXXRP15M-26AUG030930,Target Price: $1.0651,2026-08-03 09:15:00-04:00,2026-08-03 09:30:00-04:00,1.0670,1.0651,yes
KXXRP15M-26AUG030945,Target Price: $1.0670,2026-08-03 09:30:00-04:00,2026-08-03 09:45:00-04:00,1.0690,1.067,yes
KXXRP15M-26AUG030945,Target Price: $1.0670,2026-08-03 09:30:00-04:00,2026-08-03 09:45:00-04:00,1.0690,1.067,yes
KXXRP15M-26AUG031000,Target Price: $1.0690,2026-08-03 09:45:00-04:00,2026-08-03 10:00:00-04:00,1.0749,1.069,yes
KXXRP15M-26AUG031000,Target Price: $1.0690,2026-08-03 09:45:00-04:00,2026-08-03 10:00:00-04:00,1.0749,1.069,yes
KXXRP15M-26AUG031015,Target Price: $1.0749,2026-08-03 10:00:00-04:00,2026-08-03 10:15:00-04:00,1.0736,1.0749,no
KXXRP15M-26AUG031015,Target Price: $1.0749,2026-08-03 10:00:00-04:00,2026-08-03 10:15:00-04:00,1.0736,1.0749,no
KXXRP15M-26AUG031030,Target Price: $1.0736,2026-08-03 10:15:00-04:00,2026-08-03 10:30:00-04:00,1.0812,1.0736,yes
KXXRP15M-26AUG031030,Target Price: $1.0736,2026-08-03 10:15:00-04:00,2026-08-03 10:30:00-04:00,1.0812,1.0736,yes
KXXRP15M-26AUG031045,Target Price: $1.0812,2026-08-03 10:30:00-04:00,2026-08-03 10:45:00-04:00,1.0795,1.0812,no
KXXRP15M-26AUG031045,Target Price: $1.0812,2026-08-03 10:30:00-04:00,2026-08-03 10:45:00-04:00,1.0795,1.0812,no
KXXRP15M-26AUG031100,Target Price: $1.0795,2026-08-03 10:45:00-04:00,2026-08-03 11:00:00-04:00,1.0816,1.0795,yes
KXXRP15M-26AUG031100,Target Price: $1.0795,2026-08-03 10:45:00-04:00,2026-08-03 11:00:00-04:00,1.0816,1.0795,yes
KXXRP15M-26AUG031115,Target Price: $1.0816,2026-08-03 11:00:00-04:00,2026-08-03 11:15:00-04:00,1.0791,1.0816,no
KXXRP15M-26AUG031115,Target Price: $1.0816,2026-08-03 11:00:00-04:00,2026-08-03 11:15:00-04:00,1.0791,1.0816,no
KXXRP15M-26AUG031130,Target Price: $1.0791,2026-08-03 11:15:00-04:00,2026-08-03 11:30:00-04:00,1.0807,1.0791,yes
KXXRP15M-26AUG031130,Target Price: $1.0791,2026-08-03 11:15:00-04:00,2026-08-03 11:30:00-04:00,1.0807,1.0791,yes
KXXRP15M-26AUG031145,Target Price: $1.0807,2026-08-03 11:30:00-04:00,2026-08-03 11:45:00-04:00,1.0835,1.0807,yes
KXXRP15M-26AUG031145,Target Price: $1.0807,2026-08-03 11:30:00-04:00,2026-08-03 11:45:00-04:00,1.0835,1.0807,yes
KXXRP15M-26AUG031200,Target Price: $1.0835,2026-08-03 11:45:00-04:00,2026-08-03 12:00:00-04:00,1.0824,1.0835,no
KXXRP15M-26AUG031200,Target Price: $1.0835,2026-08-03 11:45:00-04:00,2026-08-03 12:00:00-04:00,1.0824,1.0835,no
KXXRP15M-26AUG031215,Target Price: $1.0824,2026-08-03 12:00:00-04:00,2026-08-03 12:15:00-04:00,1.0822,1.0824,no
KXXRP15M-26AUG031215,Target Price: $1.0824,2026-08-03 12:00:00-04:00,2026-08-03 12:15:00-04:00,1.0822,1.0824,no
KXXRP15M-26AUG031230,Target Price: $1.0822,2026-08-03 12:15:00-04:00,2026-08-03 12:30:00-04:00,1.0824,1.0822,yes
KXXRP15M-26AUG031230,Target Price: $1.0822,2026-08-03 12:15:00-04:00,2026-08-03 12:30:00-04:00,1.0824,1.0822,yes
KXXRP15M-26AUG031245,Target Price: $1.0824,2026-08-03 12:30:00-04:00,2026-08-03 12:45:00-04:00,1.0788,1.0824,no
KXXRP15M-26AUG031245,Target Price: $1.0824,2026-08-03 12:30:00-04:00,2026-08-03 12:45:00-04:00,1.0788,1.0824,no
KXXRP15M-26AUG031300,Target Price: $1.0788,2026-08-03 12:45:00-04:00,2026-08-03 13:00:00-04:00,1.0803,1.0788,yes
KXXRP15M-26AUG031300,Target Price: $1.0788,2026-08-03 12:45:00-04:00,2026-08-03 13:00:00-04:00,1.0803,1.0788,yes
KXXRP15M-26AUG031315,Target Price: $1.0803,2026-08-03 13:00:00-04:00,2026-08-03 13:15:00-04:00,1.0815,1.0803,yes
KXXRP15M-26AUG031315,Target Price: $1.0803,2026-08-03 13:00:00-04:00,2026-08-03 13:15:00-04:00,1.0815,1.0803,yes
KXXRP15M-26AUG031330,Target Price: $1.0815,2026-08-03 13:15:00-04:00,2026-08-03 13:30:00-04:00,1.0806,1.0815,no
KXXRP15M-26AUG031330,Target Price: $1.0815,2026-08-03 13:15:00-04:00,2026-08-03 13:30:00-04:00,1.0806,1.0815,no
KXXRP15M-26AUG031345,Target Price: $1.0806,2026-08-03 13:30:00-04:00,2026-08-03 13:45:00-04:00,1.0809,1.0806,yes
KXXRP15M-26AUG031345,Target Price: $1.0806,2026-08-03 13:30:00-04:00,2026-08-03 13:45:00-04:00,1.0809,1.0806,yes
KXXRP15M-26AUG031400,Target Price: $1.0809,2026-08-03 13:45:00-04:00,2026-08-03 14:00:00-04:00,1.0798,1.0809,no
KXXRP15M-26AUG031400,Target Price: $1.0809,2026-08-03 13:45:00-04:00,2026-08-03 14:00:00-04:00,1.0798,1.0809,no
KXXRP15M-26AUG031415,Target Price: $1.0798,2026-08-03 14:00:00-04:00,2026-08-03 14:15:00-04:00,1.0823,1.0798,yes
KXXRP15M-26AUG031415,Target Price: $1.0798,2026-08-03 14:00:00-04:00,2026-08-03 14:15:00-04:00,1.0823,1.0798,yes
KXXRP15M-26AUG031430,Target Price: $1.0823,2026-08-03 14:15:00-04:00,2026-08-03 14:30:00-04:00,1.0796,1.0823,no
KXXRP15M-26AUG031430,Target Price: $1.0823,2026-08-03 14:15:00-04:00,2026-08-03 14:30:00-04:00,1.0796,1.0823,no
KXXRP15M-26AUG031445,Target Price: $1.0796,2026-08-03 14:30:00-04:00,2026-08-03 14:45:00-04:00,1.0799,1.0796,yes
KXXRP15M-26AUG031445,Target Price: $1.0796,2026-08-03 14:30:00-04:00,2026-08-03 14:45:00-04:00,1.0799,1.0796,yes
KXXRP15M-26AUG031500,Target Price: $1.0799,2026-08-03 14:45:00-04:00,2026-08-03 15:00:00-04:00,1.0808,1.0799,yes
KXXRP15M-26AUG031500,Target Price: $1.0799,2026-08-03 14:45:00-04:00,2026-08-03 15:00:00-04:00,1.0808,1.0799,yes
KXXRP15M-26AUG031515,Target Price: $1.0808,2026-08-03 15:00:00-04:00,2026-08-03 15:15:00-04:00,1.0804,1.0808,no
KXXRP15M-26AUG031515,Target Price: $1.0808,2026-08-03 15:00:00-04:00,2026-08-03 15:15:00-04:00,1.0804,1.0808,no
KXXRP15M-26AUG031530,Target Price: $1.0804,2026-08-03 15:15:00-04:00,2026-08-03 15:30:00-04:00,1.0810,1.0804,yes
KXXRP15M-26AUG031530,Target Price: $1.0804,2026-08-03 15:15:00-04:00,2026-08-03 15:30:00-04:00,1.0810,1.0804,yes
KXXRP15M-26AUG031545,Target Price: $1.0810,2026-08-03 15:30:00-04:00,2026-08-03 15:45:00-04:00,1.0796,1.081,no
KXXRP15M-26AUG031545,Target Price: $1.0810,2026-08-03 15:30:00-04:00,2026-08-03 15:45:00-04:00,1.0796,1.081,no
KXXRP15M-26AUG031600,Target Price: $1.0796,2026-08-03 15:45:00-04:00,2026-08-03 16:00:00-04:00,1.0790,1.0796,no
KXXRP15M-26AUG031600,Target Price: $1.0796,2026-08-03 15:45:00-04:00,2026-08-03 16:00:00-04:00,1.0790,1.0796,no
KXXRP15M-26AUG031615,Target Price: $1.0790,2026-08-03 16:00:00-04:00,2026-08-03 16:15:00-04:00,1.0801,1.079,yes
KXXRP15M-26AUG031615,Target Price: $1.0790,2026-08-03 16:00:00-04:00,2026-08-03 16:15:00-04:00,1.0801,1.079,yes
KXXRP15M-26AUG031630,Target Price: $1.0801,2026-08-03 16:15:00-04:00,2026-08-03 16:30:00-04:00,1.0798,1.0801,no
KXXRP15M-26AUG031630,Target Price: $1.0801,2026-08-03 16:15:00-04:00,2026-08-03 16:30:00-04:00,1.0798,1.0801,no
KXXRP15M-26AUG031645,Target Price: $1.0798,2026-08-03 16:30:00-04:00,2026-08-03 16:45:00-04:00,1.0812,1.0798,yes
KXXRP15M-26AUG031645,Target Price: $1.0798,2026-08-03 16:30:00-04:00,2026-08-03 16:45:00-04:00,1.0812,1.0798,yes
KXXRP15M-26AUG031700,Target Price: $1.0812,2026-08-03 16:45:00-04:00,2026-08-03 17:00:00-04:00,1.0827,1.0812,yes
KXXRP15M-26AUG031700,Target Price: $1.0812,2026-08-03 16:45:00-04:00,2026-08-03 17:00:00-04:00,1.0827,1.0812,yes
KXXRP15M-26AUG031715,Target Price: $1.0827,2026-08-03 17:00:00-04:00,2026-08-03 17:15:00-04:00,1.0807,1.0827,no
KXXRP15M-26AUG031715,Target Price: $1.0827,2026-08-03 17:00:00-04:00,2026-08-03 17:15:00-04:00,1.0807,1.0827,no
KXXRP15M-26AUG031730,Target Price: $1.0807,2026-08-03 17:15:00-04:00,2026-08-03 17:30:00-04:00,1.0803,1.0807,no
KXXRP15M-26AUG031730,Target Price: $1.0807,2026-08-03 17:15:00-04:00,2026-08-03 17:30:00-04:00,1.0803,1.0807,no
KXXRP15M-26AUG031745,Target Price: $1.0803,2026-08-03 17:30:00-04:00,2026-08-03 17:45:00-04:00,1.0809,1.0803,yes
KXXRP15M-26AUG031745,Target Price: $1.0803,2026-08-03 17:30:00-04:00,2026-08-03 17:45:00-04:00,1.0809,1.0803,yes
KXXRP15M-26AUG031800,Target Price: $1.0809,2026-08-03 17:45:00-04:00,2026-08-03 18:00:00-04:00,1.0796,1.0809,no
KXXRP15M-26AUG031800,Target Price: $1.0809,2026-08-03 17:45:00-04:00,2026-08-03 18:00:00-04:00,1.0796,1.0809,no
KXXRP15M-26AUG031815,Target Price: $1.0796,2026-08-03 18:00:00-04:00,2026-08-03 18:15:00-04:00,1.0755,1.0796,no
KXXRP15M-26AUG031815,Target Price: $1.0796,2026-08-03 18:00:00-04:00,2026-08-03 18:15:00-04:00,1.0755,1.0796,no
KXXRP15M-26AUG031830,Target Price: $1.0755,2026-08-03 18:15:00-04:00,2026-08-03 18:30:00-04:00,1.0754,1.0755,no
KXXRP15M-26AUG031830,Target Price: $1.0755,2026-08-03 18:15:00-04:00,2026-08-03 18:30:00-04:00,1.0754,1.0755,no
KXXRP15M-26AUG031845,Target Price: $1.0754,2026-08-03 18:30:00-04:00,2026-08-03 18:45:00-04:00,1.0742,1.0754,no
KXXRP15M-26AUG031845,Target Price: $1.0754,2026-08-03 18:30:00-04:00,2026-08-03 18:45:00-04:00,1.0742,1.0754,no
KXXRP15M-26AUG031900,Target Price: $1.0742,2026-08-03 18:45:00-04:00,2026-08-03 19:00:00-04:00,1.0754,1.0742,yes
KXXRP15M-26AUG031900,Target Price: $1.0742,2026-08-03 18:45:00-04:00,2026-08-03 19:00:00-04:00,1.0754,1.0742,yes
KXXRP15M-26AUG031915,Target Price: $1.0754,2026-08-03 19:00:00-04:00,2026-08-03 19:15:00-04:00,1.0738,1.0754,no
KXXRP15M-26AUG031915,Target Price: $1.0754,2026-08-03 19:00:00-04:00,2026-08-03 19:15:00-04:00,1.0738,1.0754,no
KXXRP15M-26AUG031930,Target Price: $1.0738,2026-08-03 19:15:00-04:00,2026-08-03 19:30:00-04:00,1.0743,1.0738,yes
KXXRP15M-26AUG031930,Target Price: $1.0738,2026-08-03 19:15:00-04:00,2026-08-03 19:30:00-04:00,1.0743,1.0738,yes
KXXRP15M-26AUG031945,Target Price: $1.0743,2026-08-03 19:30:00-04:00,2026-08-03 19:45:00-04:00,1.0736,1.0743,no
KXXRP15M-26AUG031945,Target Price: $1.0743,2026-08-03 19:30:00-04:00,2026-08-03 19:45:00-04:00,1.0736,1.0743,no
KXXRP15M-26AUG032000,Target Price: $1.0736,2026-08-03 19:45:00-04:00,2026-08-03 20:00:00-04:00,1.0750,1.0736,yes
KXXRP15M-26AUG032000,Target Price: $1.0736,2026-08-03 19:45:00-04:00,2026-08-03 20:00:00-04:00,1.0750,1.0736,yes
KXXRP15M-26AUG032015,Target Price: $1.0750,2026-08-03 20:00:00-04:00,2026-08-03 20:15:00-04:00,1.0748,1.075,no
KXXRP15M-26AUG032015,Target Price: $1.0750,2026-08-03 20:00:00-04:00,2026-08-03 20:15:00-04:00,1.0748,1.075,no
KXXRP15M-26AUG032030,Target Price: $1.0748,2026-08-03 20:15:00-04:00,2026-08-03 20:30:00-04:00,1.0723,1.0748,no
KXXRP15M-26AUG032030,Target Price: $1.0748,2026-08-03 20:15:00-04:00,2026-08-03 20:30:00-04:00,1.0723,1.0748,no
KXXRP15M-26AUG032045,Target Price: $1.0723,2026-08-03 20:30:00-04:00,2026-08-03 20:45:00-04:00,1.0707,1.0723,no
KXXRP15M-26AUG032045,Target Price: $1.0723,2026-08-03 20:30:00-04:00,2026-08-03 20:45:00-04:00,1.0707,1.0723,no
KXXRP15M-26AUG032100,Target Price: $1.0707,2026-08-03 20:45:00-04:00,2026-08-03 21:00:00-04:00,1.0695,1.0707,no
KXXRP15M-26AUG032100,Target Price: $1.0707,2026-08-03 20:45:00-04:00,2026-08-03 21:00:00-04:00,1.0695,1.0707,no
KXXRP15M-26AUG032115,Target Price: $1.0695,2026-08-03 21:00:00-04:00,2026-08-03 21:15:00-04:00,1.0702,1.0695,yes
KXXRP15M-26AUG032115,Target Price: $1.0695,2026-08-03 21:00:00-04:00,2026-08-03 21:15:00-04:00,1.0702,1.0695,yes
KXXRP15M-26AUG032130,Target Price: $1.0702,2026-08-03 21:15:00-04:00,2026-08-03 21:30:00-04:00,1.0710,1.0702,yes
KXXRP15M-26AUG032130,Target Price: $1.0702,2026-08-03 21:15:00-04:00,2026-08-03 21:30:00-04:00,1.0710,1.0702,yes
KXXRP15M-26AUG032145,Target Price: $1.0710,2026-08-03 21:30:00-04:00,2026-08-03 21:45:00-04:00,1.0770,1.071,yes
KXXRP15M-26AUG032145,Target Price: $1.0710,2026-08-03 21:30:00-04:00,2026-08-03 21:45:00-04:00,1.0770,1.071,yes
KXXRP15M-26AUG032200,Target Price: $1.0770,2026-08-03 21:45:00-04:00,2026-08-03 22:00:00-04:00,1.0773,1.077,yes
KXXRP15M-26AUG032200,Target Price: $1.0770,2026-08-03 21:45:00-04:00,2026-08-03 22:00:00-04:00,1.0773,1.077,yes
KXXRP15M-26AUG032215,Target Price: $1.0773,2026-08-03 22:00:00-04:00,2026-08-03 22:15:00-04:00,1.0761,1.0773,no
KXXRP15M-26AUG032215,Target Price: $1.0773,2026-08-03 22:00:00-04:00,2026-08-03 22:15:00-04:00,1.0761,1.0773,no
KXXRP15M-26AUG032230,Target Price: $1.0761,2026-08-03 22:15:00-04:00,2026-08-03 22:30:00-04:00,1.0758,1.0761,no
KXXRP15M-26AUG032230,Target Price: $1.0761,2026-08-03 22:15:00-04:00,2026-08-03 22:30:00-04:00,1.0758,1.0761,no
KXXRP15M-26AUG032245,Target Price: $1.0758,2026-08-03 22:30:00-04:00,2026-08-03 22:45:00-04:00,1.0782,1.0758,yes
KXXRP15M-26AUG032245,Target Price: $1.0758,2026-08-03 22:30:00-04:00,2026-08-03 22:45:00-04:00,1.0782,1.0758,yes
KXXRP15M-26AUG032300,Target Price: $1.0782,2026-08-03 22:45:00-04:00,2026-08-03 23:00:00-04:00,1.0773,1.0782,no
KXXRP15M-26AUG032300,Target Price: $1.0782,2026-08-03 22:45:00-04:00,2026-08-03 23:00:00-04:00,1.0773,1.0782,no
KXXRP15M-26AUG032315,Target Price: $1.0773,2026-08-03 23:00:00-04:00,2026-08-03 23:15:00-04:00,1.0747,1.0773,no
KXXRP15M-26AUG032315,Target Price: $1.0773,2026-08-03 23:00:00-04:00,2026-08-03 23:15:00-04:00,1.0747,1.0773,no
KXXRP15M-26AUG032330,Target Price: $1.0747,2026-08-03 23:15:00-04:00,2026-08-03 23:30:00-04:00,1.0751,1.0747,yes
KXXRP15M-26AUG032330,Target Price: $1.0747,2026-08-03 23:15:00-04:00,2026-08-03 23:30:00-04:00,1.0751,1.0747,yes
KXXRP15M-26AUG032345,Target Price: $1.0751,2026-08-03 23:30:00-04:00,2026-08-03 23:45:00-04:00,1.0764,1.0751,yes
KXXRP15M-26AUG032345,Target Price: $1.0751,2026-08-03 23:30:00-04:00,2026-08-03 23:45:00-04:00,1.0764,1.0751,yes
KXXRP15M-26AUG040000,Target Price: $1.0764,2026-08-03 23:45:00-04:00,2026-08-04 00:00:00-04:00,1.0767,1.0764,yes
KXXRP15M-26AUG040000,Target Price: $1.0764,2026-08-03 23:45:00-04:00,2026-08-04 00:00:00-04:00,1.0767,1.0764,yes
KXXRP15M-26AUG040015,Target Price: $1.0767,2026-08-04 00:00:00-04:00,2026-08-04 00:15:00-04:00,1.0763,1.0767,no
KXXRP15M-26AUG040015,Target Price: $1.0767,2026-08-04 00:00:00-04:00,2026-08-04 00:15:00-04:00,1.0763,1.0767,no
KXXRP15M-26AUG040030,Target Price: $1.0763,2026-08-04 00:15:00-04:00,2026-08-04 00:30:00-04:00,1.0770,1.0763,yes
KXXRP15M-26AUG040030,Target Price: $1.0763,2026-08-04 00:15:00-04:00,2026-08-04 00:30:00-04:00,1.0770,1.0763,yes
KXXRP15M-26AUG040045,Target Price: $1.0770,2026-08-04 00:30:00-04:00,2026-08-04 00:45:00-04:00,1.0788,1.077,yes
KXXRP15M-26AUG040045,Target Price: $1.0770,2026-08-04 00:30:00-04:00,2026-08-04 00:45:00-04:00,1.0788,1.077,yes
KXXRP15M-26AUG040100,Target Price: $1.0788,2026-08-04 00:45:00-04:00,2026-08-04 01:00:00-04:00,1.0786,1.0788,no
KXXRP15M-26AUG040100,Target Price: $1.0788,2026-08-04 00:45:00-04:00,2026-08-04 01:00:00-04:00,1.0786,1.0788,no
KXXRP15M-26AUG040115,Target Price: $1.0786,2026-08-04 01:00:00-04:00,2026-08-04 01:15:00-04:00,1.0762,1.0786,no
KXXRP15M-26AUG040115,Target Price: $1.0786,2026-08-04 01:00:00-04:00,2026-08-04 01:15:00-04:00,1.0762,1.0786,no
KXXRP15M-26AUG040130,Target Price: $1.0762,2026-08-04 01:15:00-04:00,2026-08-04 01:30:00-04:00,1.0765,1.0762,yes
KXXRP15M-26AUG040130,Target Price: $1.0762,2026-08-04 01:15:00-04:00,2026-08-04 01:30:00-04:00,1.0765,1.0762,yes
KXXRP15M-26AUG040145,Target Price: $1.0765,2026-08-04 01:30:00-04:00,2026-08-04 01:45:00-04:00,1.0765,1.0765,yes
KXXRP15M-26AUG040145,Target Price: $1.0765,2026-08-04 01:30:00-04:00,2026-08-04 01:45:00-04:00,1.0765,1.0765,yes
KXXRP15M-26AUG040200,Target Price: $1.0765,2026-08-04 01:45:00-04:00,2026-08-04 02:00:00-04:00,1.0757,1.0765,no
KXXRP15M-26AUG040200,Target Price: $1.0765,2026-08-04 01:45:00-04:00,2026-08-04 02:00:00-04:00,1.0757,1.0765,no
KXXRP15M-26AUG040215,Target Price: $1.0757,2026-08-04 02:00:00-04:00,2026-08-04 02:15:00-04:00,1.0751,1.0757,no
KXXRP15M-26AUG040215,Target Price: $1.0757,2026-08-04 02:00:00-04:00,2026-08-04 02:15:00-04:00,1.0751,1.0757,no
KXXRP15M-26AUG040230,Target Price: $1.0751,2026-08-04 02:15:00-04:00,2026-08-04 02:30:00-04:00,1.0747,1.0751,no
KXXRP15M-26AUG040230,Target Price: $1.0751,2026-08-04 02:15:00-04:00,2026-08-04 02:30:00-04:00,1.0747,1.0751,no
KXXRP15M-26AUG040245,Target Price: $1.0747,2026-08-04 02:30:00-04:00,2026-08-04 02:45:00-04:00,1.0724,1.0747,no
KXXRP15M-26AUG040245,Target Price: $1.0747,2026-08-04 02:30:00-04:00,2026-08-04 02:45:00-04:00,1.0724,1.0747,no
KXXRP15M-26AUG040300,Target Price: $1.0724,2026-08-04 02:45:00-04:00,2026-08-04 03:00:00-04:00,1.0729,1.0724,yes
KXXRP15M-26AUG040300,Target Price: $1.0724,2026-08-04 02:45:00-04:00,2026-08-04 03:00:00-04:00,1.0729,1.0724,yes
KXXRP15M-26AUG040315,Target Price: $1.0729,2026-08-04 03:00:00-04:00,2026-08-04 03:15:00-04:00,1.0729,1.0729,yes
KXXRP15M-26AUG040315,Target Price: $1.0729,2026-08-04 03:00:00-04:00,2026-08-04 03:15:00-04:00,1.0729,1.0729,yes
KXXRP15M-26AUG040330,Target Price: $1.0729,2026-08-04 03:15:00-04:00,2026-08-04 03:30:00-04:00,1.0737,1.0729,yes
KXXRP15M-26AUG040330,Target Price: $1.0729,2026-08-04 03:15:00-04:00,2026-08-04 03:30:00-04:00,1.0737,1.0729,yes
KXXRP15M-26AUG040345,Target Price: $1.0737,2026-08-04 03:30:00-04:00,2026-08-04 03:45:00-04:00,1.0748,1.0737,yes
KXXRP15M-26AUG040345,Target Price: $1.0737,2026-08-04 03:30:00-04:00,2026-08-04 03:45:00-04:00,1.0748,1.0737,yes
KXXRP15M-26AUG040400,Target Price: $1.0748,2026-08-04 03:45:00-04:00,2026-08-04 04:00:00-04:00,1.0778,1.0748,yes
KXXRP15M-26AUG040400,Target Price: $1.0748,2026-08-04 03:45:00-04:00,2026-08-04 04:00:00-04:00,1.0778,1.0748,yes
KXXRP15M-26AUG040415,Target Price: $1.0778,2026-08-04 04:00:00-04:00,2026-08-04 04:15:00-04:00,1.0764,1.0778,no
KXXRP15M-26AUG040415,Target Price: $1.0778,2026-08-04 04:00:00-04:00,2026-08-04 04:15:00-04:00,1.0764,1.0778,no
KXXRP15M-26AUG040430,Target Price: $1.0764,2026-08-04 04:15:00-04:00,2026-08-04 04:30:00-04:00,1.0749,1.0764,no
KXXRP15M-26AUG040430,Target Price: $1.0764,2026-08-04 04:15:00-04:00,2026-08-04 04:30:00-04:00,1.0749,1.0764,no
KXXRP15M-26AUG040445,Target Price: $1.0749,2026-08-04 04:30:00-04:00,2026-08-04 04:45:00-04:00,1.0745,1.0749,no
KXXRP15M-26AUG040445,Target Price: $1.0749,2026-08-04 04:30:00-04:00,2026-08-04 04:45:00-04:00,1.0745,1.0749,no
KXXRP15M-26AUG040500,Target Price: $1.0745,2026-08-04 04:45:00-04:00,2026-08-04 05:00:00-04:00,1.0743,1.0745,no
KXXRP15M-26AUG040500,Target Price: $1.0745,2026-08-04 04:45:00-04:00,2026-08-04 05:00:00-04:00,1.0743,1.0745,no
KXXRP15M-26AUG040515,Target Price: $1.0743,2026-08-04 05:00:00-04:00,2026-08-04 05:15:00-04:00,1.0732,1.0743,no
KXXRP15M-26AUG040515,Target Price: $1.0743,2026-08-04 05:00:00-04:00,2026-08-04 05:15:00-04:00,1.0732,1.0743,no
KXXRP15M-26AUG040530,Target Price: $1.0732,2026-08-04 05:15:00-04:00,2026-08-04 05:30:00-04:00,1.0731,1.0732,no
KXXRP15M-26AUG040530,Target Price: $1.0732,2026-08-04 05:15:00-04:00,2026-08-04 05:30:00-04:00,1.0731,1.0732,no
KXXRP15M-26AUG040545,Target Price: $1.0731,2026-08-04 05:30:00-04:00,2026-08-04 05:45:00-04:00,1.0731,1.0731,yes
KXXRP15M-26AUG040545,Target Price: $1.0731,2026-08-04 05:30:00-04:00,2026-08-04 05:45:00-04:00,1.0731,1.0731,yes
KXXRP15M-26AUG040600,Target Price: $1.0731,2026-08-04 05:45:00-04:00,2026-08-04 06:00:00-04:00,1.0724,1.0731,no
KXXRP15M-26AUG040600,Target Price: $1.0731,2026-08-04 05:45:00-04:00,2026-08-04 06:00:00-04:00,1.0724,1.0731,no
KXXRP15M-26AUG040615,Target Price: $1.0724,2026-08-04 06:00:00-04:00,2026-08-04 06:15:00-04:00,1.0712,1.0724,no
KXXRP15M-26AUG040615,Target Price: $1.0724,2026-08-04 06:00:00-04:00,2026-08-04 06:15:00-04:00,1.0712,1.0724,no
KXXRP15M-26AUG040630,Target Price: $1.0712,2026-08-04 06:15:00-04:00,2026-08-04 06:30:00-04:00,1.0697,1.0712,no
KXXRP15M-26AUG040630,Target Price: $1.0712,2026-08-04 06:15:00-04:00,2026-08-04 06:30:00-04:00,1.0697,1.0712,no
KXXRP15M-26AUG040645,Target Price: $1.0697,2026-08-04 06:30:00-04:00,2026-08-04 06:45:00-04:00,1.0719,1.0697,yes
KXXRP15M-26AUG040645,Target Price: $1.0697,2026-08-04 06:30:00-04:00,2026-08-04 06:45:00-04:00,1.0719,1.0697,yes
KXXRP15M-26AUG040700,Target Price: $1.0719,2026-08-04 06:45:00-04:00,2026-08-04 07:00:00-04:00,1.0744,1.0719,yes
KXXRP15M-26AUG040700,Target Price: $1.0719,2026-08-04 06:45:00-04:00,2026-08-04 07:00:00-04:00,1.0744,1.0719,yes
KXXRP15M-26AUG040715,Target Price: $1.0744,2026-08-04 07:00:00-04:00,2026-08-04 07:15:00-04:00,1.0736,1.0744,no
KXXRP15M-26AUG040715,Target Price: $1.0744,2026-08-04 07:00:00-04:00,2026-08-04 07:15:00-04:00,1.0736,1.0744,no
KXXRP15M-26AUG040730,Target Price: $1.0736,2026-08-04 07:15:00-04:00,2026-08-04 07:30:00-04:00,1.0742,1.0736,yes
KXXRP15M-26AUG040730,Target Price: $1.0736,2026-08-04 07:15:00-04:00,2026-08-04 07:30:00-04:00,1.0742,1.0736,yes
KXXRP15M-26AUG040745,Target Price: $1.0742,2026-08-04 07:30:00-04:00,2026-08-04 07:45:00-04:00,1.0748,1.0742,yes
KXXRP15M-26AUG040745,Target Price: $1.0742,2026-08-04 07:30:00-04:00,2026-08-04 07:45:00-04:00,1.0748,1.0742,yes
KXXRP15M-26AUG040800,Target Price: $1.0748,2026-08-04 07:45:00-04:00,2026-08-04 08:00:00-04:00,1.0781,1.0748,yes
KXXRP15M-26AUG040800,Target Price: $1.0748,2026-08-04 07:45:00-04:00,2026-08-04 08:00:00-04:00,1.0781,1.0748,yes
KXXRP15M-26AUG040815,Target Price: $1.0781,2026-08-04 08:00:00-04:00,2026-08-04 08:15:00-04:00,1.0755,1.0781,no
KXXRP15M-26AUG040815,Target Price: $1.0781,2026-08-04 08:00:00-04:00,2026-08-04 08:15:00-04:00,1.0755,1.0781,no
KXXRP15M-26AUG040830,Target Price: $1.0755,2026-08-04 08:15:00-04:00,2026-08-04 08:30:00-04:00,1.0755,1.0755,yes
KXXRP15M-26AUG040830,Target Price: $1.0755,2026-08-04 08:15:00-04:00,2026-08-04 08:30:00-04:00,1.0755,1.0755,yes
KXXRP15M-26AUG040845,Target Price: $1.0755,2026-08-04 08:30:00-04:00,2026-08-04 08:45:00-04:00,1.0771,1.0755,yes
KXXRP15M-26AUG040845,Target Price: $1.0755,2026-08-04 08:30:00-04:00,2026-08-04 08:45:00-04:00,1.0771,1.0755,yes
KXXRP15M-26AUG040900,Target Price: $1.0771,2026-08-04 08:45:00-04:00,2026-08-04 09:00:00-04:00,1.0759,1.0771,no
KXXRP15M-26AUG040900,Target Price: $1.0771,2026-08-04 08:45:00-04:00,2026-08-04 09:00:00-04:00,1.0759,1.0771,no
KXXRP15M-26AUG040915,Target Price: $1.0759,2026-08-04 09:00:00-04:00,2026-08-04 09:15:00-04:00,1.0759,1.0759,yes
KXXRP15M-26AUG040915,Target Price: $1.0759,2026-08-04 09:00:00-04:00,2026-08-04 09:15:00-04:00,1.0759,1.0759,yes
KXXRP15M-26AUG040930,Target Price: $1.0759,2026-08-04 09:15:00-04:00,2026-08-04 09:30:00-04:00,1.0752,1.0759,no
KXXRP15M-26AUG040930,Target Price: $1.0759,2026-08-04 09:15:00-04:00,2026-08-04 09:30:00-04:00,1.0752,1.0759,no
KXXRP15M-26AUG040945,Target Price: $1.0752,2026-08-04 09:30:00-04:00,2026-08-04 09:45:00-04:00,1.0769,1.0752,yes
KXXRP15M-26AUG040945,Target Price: $1.0752,2026-08-04 09:30:00-04:00,2026-08-04 09:45:00-04:00,1.0769,1.0752,yes
KXXRP15M-26AUG041000,Target Price: $1.0769,2026-08-04 09:45:00-04:00,2026-08-04 10:00:00-04:00,1.0716,1.0769,no
KXXRP15M-26AUG041000,Target Price: $1.0769,2026-08-04 09:45:00-04:00,2026-08-04 10:00:00-04:00,1.0716,1.0769,no
KXXRP15M-26AUG041015,Target Price: $1.0716,2026-08-04 10:00:00-04:00,2026-08-04 10:15:00-04:00,1.0729,1.0716,yes
KXXRP15M-26AUG041015,Target Price: $1.0716,2026-08-04 10:00:00-04:00,2026-08-04 10:15:00-04:00,1.0729,1.0716,yes
KXXRP15M-26AUG041030,Target Price: $1.0729,2026-08-04 10:15:00-04:00,2026-08-04 10:30:00-04:00,1.0732,1.0729,yes
KXXRP15M-26AUG041030,Target Price: $1.0729,2026-08-04 10:15:00-04:00,2026-08-04 10:30:00-04:00,1.0732,1.0729,yes
KXXRP15M-26AUG041045,Target Price: $1.0732,2026-08-04 10:30:00-04:00,2026-08-04 10:45:00-04:00,1.0754,1.0732,yes
KXXRP15M-26AUG041045,Target Price: $1.0732,2026-08-04 10:30:00-04:00,2026-08-04 10:45:00-04:00,1.0754,1.0732,yes
KXXRP15M-26AUG041100,Target Price: $1.0754,2026-08-04 10:45:00-04:00,2026-08-04 11:00:00-04:00,1.0757,1.0754,yes
KXXRP15M-26AUG041100,Target Price: $1.0754,2026-08-04 10:45:00-04:00,2026-08-04 11:00:00-04:00,1.0757,1.0754,yes
KXXRP15M-26AUG041115,Target Price: $1.0757,2026-08-04 11:00:00-04:00,2026-08-04 11:15:00-04:00,1.0747,1.0757,no
KXXRP15M-26AUG041115,Target Price: $1.0757,2026-08-04 11:00:00-04:00,2026-08-04 11:15:00-04:00,1.0747,1.0757,no
KXXRP15M-26AUG041130,Target Price: $1.0747,2026-08-04 11:15:00-04:00,2026-08-04 11:30:00-04:00,1.0727,1.0747,no
KXXRP15M-26AUG041130,Target Price: $1.0747,2026-08-04 11:15:00-04:00,2026-08-04 11:30:00-04:00,1.0727,1.0747,no
KXXRP15M-26AUG041145,Target Price: $1.0727,2026-08-04 11:30:00-04:00,2026-08-04 11:45:00-04:00,1.0754,1.0727,yes
KXXRP15M-26AUG041145,Target Price: $1.0727,2026-08-04 11:30:00-04:00,2026-08-04 11:45:00-04:00,1.0754,1.0727,yes
KXXRP15M-26AUG041200,Target Price: $1.0754,2026-08-04 11:45:00-04:00,2026-08-04 12:00:00-04:00,1.0768,1.0754,yes
KXXRP15M-26AUG041200,Target Price: $1.0754,2026-08-04 11:45:00-04:00,2026-08-04 12:00:00-04:00,1.0768,1.0754,yes
KXXRP15M-26AUG041215,Target Price: $1.0768,2026-08-04 12:00:00-04:00,2026-08-04 12:15:00-04:00,1.0751,1.0768,no
KXXRP15M-26AUG041215,Target Price: $1.0768,2026-08-04 12:00:00-04:00,2026-08-04 12:15:00-04:00,1.0751,1.0768,no
KXXRP15M-26AUG041230,Target Price: $1.0751,2026-08-04 12:15:00-04:00,2026-08-04 12:30:00-04:00,1.0758,1.0751,yes
KXXRP15M-26AUG041230,Target Price: $1.0751,2026-08-04 12:15:00-04:00,2026-08-04 12:30:00-04:00,1.0758,1.0751,yes
KXXRP15M-26AUG041245,Target Price: $1.0758,2026-08-04 12:30:00-04:00,2026-08-04 12:45:00-04:00,1.0740,1.0758,no
KXXRP15M-26AUG041245,Target Price: $1.0758,2026-08-04 12:30:00-04:00,2026-08-04 12:45:00-04:00,1.0740,1.0758,no
KXXRP15M-26AUG041300,Target Price: $1.0740,2026-08-04 12:45:00-04:00,2026-08-04 13:00:00-04:00,1.0739,1.074,no
KXXRP15M-26AUG041300,Target Price: $1.0740,2026-08-04 12:45:00-04:00,2026-08-04 13:00:00-04:00,1.0739,1.074,no
KXXRP15M-26AUG041315,Target Price: $1.0739,2026-08-04 13:00:00-04:00,2026-08-04 13:15:00-04:00,1.0760,1.0739,yes
KXXRP15M-26AUG041315,Target Price: $1.0739,2026-08-04 13:00:00-04:00,2026-08-04 13:15:00-04:00,1.0760,1.0739,yes
KXXRP15M-26AUG041330,Target Price: $1.0760,2026-08-04 13:15:00-04:00,2026-08-04 13:30:00-04:00,1.0764,1.076,yes
KXXRP15M-26AUG041330,Target Price: $1.0760,2026-08-04 13:15:00-04:00,2026-08-04 13:30:00-04:00,1.0764,1.076,yes
KXXRP15M-26AUG041345,Target Price: $1.0764,2026-08-04 13:30:00-04:00,2026-08-04 13:45:00-04:00,1.0767,1.0764,yes
KXXRP15M-26AUG041345,Target Price: $1.0764,2026-08-04 13:30:00-04:00,2026-08-04 13:45:00-04:00,1.0767,1.0764,yes
KXXRP15M-26AUG041400,Target Price: $1.0767,2026-08-04 13:45:00-04:00,2026-08-04 14:00:00-04:00,1.0734,1.0767,no
KXXRP15M-26AUG041400,Target Price: $1.0767,2026-08-04 13:45:00-04:00,2026-08-04 14:00:00-04:00,1.0734,1.0767,no
KXXRP15M-26AUG041415,Target Price: $1.0734,2026-08-04 14:00:00-04:00,2026-08-04 14:15:00-04:00,1.0772,1.0734,yes
KXXRP15M-26AUG041415,Target Price: $1.0734,2026-08-04 14:00:00-04:00,2026-08-04 14:15:00-04:00,1.0772,1.0734,yes
KXXRP15M-26AUG041430,Target Price: $1.0772,2026-08-04 14:15:00-04:00,2026-08-04 14:30:00-04:00,1.0787,1.0772,yes
KXXRP15M-26AUG041430,Target Price: $1.0772,2026-08-04 14:15:00-04:00,2026-08-04 14:30:00-04:00,1.0787,1.0772,yes
KXXRP15M-26AUG041445,Target Price: $1.0787,2026-08-04 14:30:00-04:00,2026-08-04 14:45:00-04:00,1.0764,1.0787,no
KXXRP15M-26AUG041445,Target Price: $1.0787,2026-08-04 14:30:00-04:00,2026-08-04 14:45:00-04:00,1.0764,1.0787,no
KXXRP15M-26AUG041500,Target Price: $1.0764,2026-08-04 14:45:00-04:00,2026-08-04 15:00:00-04:00,1.0765,1.0764,yes
KXXRP15M-26AUG041500,Target Price: $1.0764,2026-08-04 14:45:00-04:00,2026-08-04 15:00:00-04:00,1.0765,1.0764,yes
KXXRP15M-26AUG041515,Target Price: $1.0765,2026-08-04 15:00:00-04:00,2026-08-04 15:15:00-04:00,1.0773,1.0765,yes
KXXRP15M-26AUG041515,Target Price: $1.0765,2026-08-04 15:00:00-04:00,2026-08-04 15:15:00-04:00,1.0773,1.0765,yes
KXXRP15M-26AUG041530,Target Price: $1.0773,2026-08-04 15:15:00-04:00,2026-08-04 15:30:00-04:00,1.0762,1.0773,no
KXXRP15M-26AUG041530,Target Price: $1.0773,2026-08-04 15:15:00-04:00,2026-08-04 15:30:00-04:00,1.0762,1.0773,no
KXXRP15M-26AUG041545,Target Price: $1.0762,2026-08-04 15:30:00-04:00,2026-08-04 15:45:00-04:00,1.0797,1.0762,yes
KXXRP15M-26AUG041545,Target Price: $1.0762,2026-08-04 15:30:00-04:00,2026-08-04 15:45:00-04:00,1.0797,1.0762,yes
KXXRP15M-26AUG041600,Target Price: $1.0797,2026-08-04 15:45:00-04:00,2026-08-04 16:00:00-04:00,1.0803,1.0797,yes
KXXRP15M-26AUG041600,Target Price: $1.0797,2026-08-04 15:45:00-04:00,2026-08-04 16:00:00-04:00,1.0803,1.0797,yes
KXXRP15M-26AUG041615,Target Price: $1.0803,2026-08-04 16:00:00-04:00,2026-08-04 16:15:00-04:00,1.0789,1.0803,no
KXXRP15M-26AUG041615,Target Price: $1.0803,2026-08-04 16:00:00-04:00,2026-08-04 16:15:00-04:00,1.0789,1.0803,no
KXXRP15M-26AUG041630,Target Price: $1.0789,2026-08-04 16:15:00-04:00,2026-08-04 16:30:00-04:00,1.0760,1.0789,no
KXXRP15M-26AUG041630,Target Price: $1.0789,2026-08-04 16:15:00-04:00,2026-08-04 16:30:00-04:00,1.0760,1.0789,no
KXXRP15M-26AUG041645,Target Price: $1.0760,2026-08-04 16:30:00-04:00,2026-08-04 16:45:00-04:00,1.0794,1.076,yes
KXXRP15M-26AUG041645,Target Price: $1.0760,2026-08-04 16:30:00-04:00,2026-08-04 16:45:00-04:00,1.0794,1.076,yes
KXXRP15M-26AUG041700,Target Price: $1.0794,2026-08-04 16:45:00-04:00,2026-08-04 17:00:00-04:00,1.0775,1.0794,no
KXXRP15M-26AUG041700,Target Price: $1.0794,2026-08-04 16:45:00-04:00,2026-08-04 17:00:00-04:00,1.0775,1.0794,no
KXXRP15M-26AUG041715,Target Price: $1.0775,2026-08-04 17:00:00-04:00,2026-08-04 17:15:00-04:00,1.0768,1.0775,no
KXXRP15M-26AUG041715,Target Price: $1.0775,2026-08-04 17:00:00-04:00,2026-08-04 17:15:00-04:00,1.0768,1.0775,no
KXXRP15M-26AUG041730,Target Price: $1.0768,2026-08-04 17:15:00-04:00,2026-08-04 17:30:00-04:00,1.0769,1.0768,yes
KXXRP15M-26AUG041730,Target Price: $1.0768,2026-08-04 17:15:00-04:00,2026-08-04 17:30:00-04:00,1.0769,1.0768,yes
KXXRP15M-26AUG041745,Target Price: $1.0769,2026-08-04 17:30:00-04:00,2026-08-04 17:45:00-04:00,1.0765,1.0769,no
KXXRP15M-26AUG041745,Target Price: $1.0769,2026-08-04 17:30:00-04:00,2026-08-04 17:45:00-04:00,1.0765,1.0769,no
KXXRP15M-26AUG041800,Target Price: $1.0765,2026-08-04 17:45:00-04:00,2026-08-04 18:00:00-04:00,1.0761,1.0765,no
KXXRP15M-26AUG041800,Target Price: $1.0765,2026-08-04 17:45:00-04:00,2026-08-04 18:00:00-04:00,1.0761,1.0765,no
KXXRP15M-26AUG041815,Target Price: $1.0761,2026-08-04 18:00:00-04:00,2026-08-04 18:15:00-04:00,1.0754,1.0761,no
KXXRP15M-26AUG041815,Target Price: $1.0761,2026-08-04 18:00:00-04:00,2026-08-04 18:15:00-04:00,1.0754,1.0761,no
KXXRP15M-26AUG041830,Target Price: $1.0754,2026-08-04 18:15:00-04:00,2026-08-04 18:30:00-04:00,1.0763,1.0754,yes
KXXRP15M-26AUG041830,Target Price: $1.0754,2026-08-04 18:15:00-04:00,2026-08-04 18:30:00-04:00,1.0763,1.0754,yes
KXXRP15M-26AUG041845,Target Price: $1.0763,2026-08-04 18:30:00-04:00,2026-08-04 18:45:00-04:00,1.0752,1.0763,no
KXXRP15M-26AUG041845,Target Price: $1.0763,2026-08-04 18:30:00-04:00,2026-08-04 18:45:00-04:00,1.0752,1.0763,no
KXXRP15M-26AUG041900,Target Price: $1.0752,2026-08-04 18:45:00-04:00,2026-08-04 19:00:00-04:00,1.0756,1.0752,yes
KXXRP15M-26AUG041900,Target Price: $1.0752,2026-08-04 18:45:00-04:00,2026-08-04 19:00:00-04:00,1.0756,1.0752,yes
KXXRP15M-26AUG041915,Target Price: $1.0756,2026-08-04 19:00:00-04:00,2026-08-04 19:15:00-04:00,1.0779,1.0756,yes
KXXRP15M-26AUG041915,Target Price: $1.0756,2026-08-04 19:00:00-04:00,2026-08-04 19:15:00-04:00,1.0779,1.0756,yes
KXXRP15M-26AUG041930,Target Price: $1.0779,2026-08-04 19:15:00-04:00,2026-08-04 19:30:00-04:00,1.0747,1.0779,no
KXXRP15M-26AUG041930,Target Price: $1.0779,2026-08-04 19:15:00-04:00,2026-08-04 19:30:00-04:00,1.0747,1.0779,no
KXXRP15M-26AUG041945,Target Price: $1.0747,2026-08-04 19:30:00-04:00,2026-08-04 19:45:00-04:00,1.0749,1.0747,yes
KXXRP15M-26AUG041945,Target Price: $1.0747,2026-08-04 19:30:00-04:00,2026-08-04 19:45:00-04:00,1.0749,1.0747,yes
KXXRP15M-26AUG042000,Target Price: $1.0749,2026-08-04 19:45:00-04:00,2026-08-04 20:00:00-04:00,1.0735,1.0749,no
KXXRP15M-26AUG042000,Target Price: $1.0749,2026-08-04 19:45:00-04:00,2026-08-04 20:00:00-04:00,1.0735,1.0749,no
KXXRP15M-26AUG042015,Target Price: $1.0735,2026-08-04 20:00:00-04:00,2026-08-04 20:15:00-04:00,1.0719,1.0735,no
KXXRP15M-26AUG042015,Target Price: $1.0735,2026-08-04 20:00:00-04:00,2026-08-04 20:15:00-04:00,1.0719,1.0735,no
KXXRP15M-26AUG042030,Target Price: $1.0719,2026-08-04 20:15:00-04:00,2026-08-04 20:30:00-04:00,1.0710,1.0719,no
KXXRP15M-26AUG042030,Target Price: $1.0719,2026-08-04 20:15:00-04:00,2026-08-04 20:30:00-04:00,1.0710,1.0719,no
KXXRP15M-26AUG042045,Target Price: $1.0710,2026-08-04 20:30:00-04:00,2026-08-04 20:45:00-04:00,1.0712,1.071,yes
KXXRP15M-26AUG042045,Target Price: $1.0710,2026-08-04 20:30:00-04:00,2026-08-04 20:45:00-04:00,1.0712,1.071,yes
KXXRP15M-26AUG042100,Target Price: $1.0712,2026-08-04 20:45:00-04:00,2026-08-04 21:00:00-04:00,1.0699,1.0712,no
KXXRP15M-26AUG042100,Target Price: $1.0712,2026-08-04 20:45:00-04:00,2026-08-04 21:00:00-04:00,1.0699,1.0712,no
KXXRP15M-26AUG042115,Target Price: $1.0699,2026-08-04 21:00:00-04:00,2026-08-04 21:15:00-04:00,1.0691,1.0699,no
KXXRP15M-26AUG042115,Target Price: $1.0699,2026-08-04 21:00:00-04:00,2026-08-04 21:15:00-04:00,1.0691,1.0699,no
KXXRP15M-26AUG042130,Target Price: $1.0691,2026-08-04 21:15:00-04:00,2026-08-04 21:30:00-04:00,1.0698,1.0691,yes
KXXRP15M-26AUG042130,Target Price: $1.0691,2026-08-04 21:15:00-04:00,2026-08-04 21:30:00-04:00,1.0698,1.0691,yes
KXXRP15M-26AUG042145,Target Price: $1.0698,2026-08-04 21:30:00-04:00,2026-08-04 21:45:00-04:00,1.0713,1.0698,yes
KXXRP15M-26AUG042145,Target Price: $1.0698,2026-08-04 21:30:00-04:00,2026-08-04 21:45:00-04:00,1.0713,1.0698,yes
KXXRP15M-26AUG042200,Target Price: $1.0713,2026-08-04 21:45:00-04:00,2026-08-04 22:00:00-04:00,1.0727,1.0713,yes
KXXRP15M-26AUG042200,Target Price: $1.0713,2026-08-04 21:45:00-04:00,2026-08-04 22:00:00-04:00,1.0727,1.0713,yes
KXXRP15M-26AUG042215,Target Price: $1.0727,2026-08-04 22:00:00-04:00,2026-08-04 22:15:00-04:00,1.0744,1.0727,yes
KXXRP15M-26AUG042215,Target Price: $1.0727,2026-08-04 22:00:00-04:00,2026-08-04 22:15:00-04:00,1.0744,1.0727,yes
KXXRP15M-26AUG042230,Target Price: $1.0744,2026-08-04 22:15:00-04:00,2026-08-04 22:30:00-04:00,1.0740,1.0744,no
KXXRP15M-26AUG042230,Target Price: $1.0744,2026-08-04 22:15:00-04:00,2026-08-04 22:30:00-04:00,1.0740,1.0744,no
KXXRP15M-26AUG042245,Target Price: $1.0740,2026-08-04 22:30:00-04:00,2026-08-04 22:45:00-04:00,1.0752,1.074,yes
KXXRP15M-26AUG042245,Target Price: $1.0740,2026-08-04 22:30:00-04:00,2026-08-04 22:45:00-04:00,1.0752,1.074,yes
KXXRP15M-26AUG042300,Target Price: $1.0752,2026-08-04 22:45:00-04:00,2026-08-04 23:00:00-04:00,1.0735,1.0752,no
KXXRP15M-26AUG042300,Target Price: $1.0752,2026-08-04 22:45:00-04:00,2026-08-04 23:00:00-04:00,1.0735,1.0752,no
KXXRP15M-26AUG042315,Target Price: $1.0735,2026-08-04 23:00:00-04:00,2026-08-04 23:15:00-04:00,1.0708,1.0735,no
KXXRP15M-26AUG042315,Target Price: $1.0735,2026-08-04 23:00:00-04:00,2026-08-04 23:15:00-04:00,1.0708,1.0735,no
KXXRP15M-26AUG042330,Target Price: $1.0708,2026-08-04 23:15:00-04:00,2026-08-04 23:30:00-04:00,1.0661,1.0708,no
KXXRP15M-26AUG042330,Target Price: $1.0708,2026-08-04 23:15:00-04:00,2026-08-04 23:30:00-04:00,1.0661,1.0708,no
KXXRP15M-26AUG042345,Target Price: $1.0661,2026-08-04 23:30:00-04:00,2026-08-04 23:45:00-04:00,1.0670,1.0661,yes
KXXRP15M-26AUG042345,Target Price: $1.0661,2026-08-04 23:30:00-04:00,2026-08-04 23:45:00-04:00,1.0670,1.0661,yes
KXXRP15M-26AUG050000,Target Price: $1.0670,2026-08-04 23:45:00-04:00,2026-08-05 00:00:00-04:00,1.0671,1.067,yes
KXXRP15M-26AUG050000,Target Price: $1.0670,2026-08-04 23:45:00-04:00,2026-08-05 00:00:00-04:00,1.0671,1.067,yes
KXXRP15M-26AUG050015,Target Price: $1.0671,2026-08-05 00:00:00-04:00,2026-08-05 00:15:00-04:00,1.0669,1.0671,no
KXXRP15M-26AUG050015,Target Price: $1.0671,2026-08-05 00:00:00-04:00,2026-08-05 00:15:00-04:00,1.0669,1.0671,no
KXXRP15M-26AUG050030,Target Price: $1.0669,2026-08-05 00:15:00-04:00,2026-08-05 00:30:00-04:00,1.0668,1.0669,no
KXXRP15M-26AUG050030,Target Price: $1.0669,2026-08-05 00:15:00-04:00,2026-08-05 00:30:00-04:00,1.0668,1.0669,no
KXXRP15M-26AUG050045,Target Price: $1.0668,2026-08-05 00:30:00-04:00,2026-08-05 00:45:00-04:00,1.0667,1.0668,no
KXXRP15M-26AUG050045,Target Price: $1.0668,2026-08-05 00:30:00-04:00,2026-08-05 00:45:00-04:00,1.0667,1.0668,no
KXXRP15M-26AUG050100,Target Price: $1.0667,2026-08-05 00:45:00-04:00,2026-08-05 01:00:00-04:00,1.0667,1.0667,yes
KXXRP15M-26AUG050100,Target Price: $1.0667,2026-08-05 00:45:00-04:00,2026-08-05 01:00:00-04:00,1.0667,1.0667,yes
KXXRP15M-26AUG050115,Target Price: $1.0667,2026-08-05 01:00:00-04:00,2026-08-05 01:15:00-04:00,1.0682,1.0667,yes
KXXRP15M-26AUG050115,Target Price: $1.0667,2026-08-05 01:00:00-04:00,2026-08-05 01:15:00-04:00,1.0682,1.0667,yes
KXXRP15M-26AUG050130,Target Price: $1.0682,2026-08-05 01:15:00-04:00,2026-08-05 01:30:00-04:00,1.0710,1.0682,yes
KXXRP15M-26AUG050130,Target Price: $1.0682,2026-08-05 01:15:00-04:00,2026-08-05 01:30:00-04:00,1.0710,1.0682,yes
KXXRP15M-26AUG050145,Target Price: $1.0710,2026-08-05 01:30:00-04:00,2026-08-05 01:45:00-04:00,1.0694,1.071,no
KXXRP15M-26AUG050145,Target Price: $1.0710,2026-08-05 01:30:00-04:00,2026-08-05 01:45:00-04:00,1.0694,1.071,no
KXXRP15M-26AUG050200,Target Price: $1.0694,2026-08-05 01:45:00-04:00,2026-08-05 02:00:00-04:00,1.0695,1.0694,yes
KXXRP15M-26AUG050200,Target Price: $1.0694,2026-08-05 01:45:00-04:00,2026-08-05 02:00:00-04:00,1.0695,1.0694,yes
KXXRP15M-26AUG050215,Target Price: $1.0695,2026-08-05 02:00:00-04:00,2026-08-05 02:15:00-04:00,1.0691,1.0695,no
KXXRP15M-26AUG050215,Target Price: $1.0695,2026-08-05 02:00:00-04:00,2026-08-05 02:15:00-04:00,1.0691,1.0695,no
KXXRP15M-26AUG050230,Target Price: $1.0691,2026-08-05 02:15:00-04:00,2026-08-05 02:30:00-04:00,1.0683,1.0691,no
KXXRP15M-26AUG050230,Target Price: $1.0691,2026-08-05 02:15:00-04:00,2026-08-05 02:30:00-04:00,1.0683,1.0691,no
KXXRP15M-26AUG050245,Target Price: $1.0683,2026-08-05 02:30:00-04:00,2026-08-05 02:45:00-04:00,1.0690,1.0683,yes
KXXRP15M-26AUG050245,Target Price: $1.0683,2026-08-05 02:30:00-04:00,2026-08-05 02:45:00-04:00,1.0690,1.0683,yes
KXXRP15M-26AUG050300,Target Price: $1.0690,2026-08-05 02:45:00-04:00,2026-08-05 03:00:00-04:00,1.0681,1.069,no
KXXRP15M-26AUG050300,Target Price: $1.0690,2026-08-05 02:45:00-04:00,2026-08-05 03:00:00-04:00,1.0681,1.069,no
KXXRP15M-26AUG050315,Target Price: $1.0681,2026-08-05 03:00:00-04:00,2026-08-05 03:15:00-04:00,1.0662,1.0681,no
KXXRP15M-26AUG050315,Target Price: $1.0681,2026-08-05 03:00:00-04:00,2026-08-05 03:15:00-04:00,1.0662,1.0681,no
KXXRP15M-26AUG050330,Target Price: $1.0662,2026-08-05 03:15:00-04:00,2026-08-05 03:30:00-04:00,1.0641,1.0662,no
KXXRP15M-26AUG050330,Target Price: $1.0662,2026-08-05 03:15:00-04:00,2026-08-05 03:30:00-04:00,1.0641,1.0662,no
KXXRP15M-26AUG050345,Target Price: $1.0641,2026-08-05 03:30:00-04:00,2026-08-05 03:45:00-04:00,1.0645,1.0641,yes
KXXRP15M-26AUG050345,Target Price: $1.0641,2026-08-05 03:30:00-04:00,2026-08-05 03:45:00-04:00,1.0645,1.0641,yes
KXXRP15M-26AUG050400,Target Price: $1.0645,2026-08-05 03:45:00-04:00,2026-08-05 04:00:00-04:00,1.0660,1.0645,yes
KXXRP15M-26AUG050400,Target Price: $1.0645,2026-08-05 03:45:00-04:00,2026-08-05 04:00:00-04:00,1.0660,1.0645,yes
KXXRP15M-26AUG050415,Target Price: $1.0660,2026-08-05 04:00:00-04:00,2026-08-05 04:15:00-04:00,1.0658,1.066,no
KXXRP15M-26AUG050415,Target Price: $1.0660,2026-08-05 04:00:00-04:00,2026-08-05 04:15:00-04:00,1.0658,1.066,no
KXXRP15M-26AUG050430,Target Price: $1.0658,2026-08-05 04:15:00-04:00,2026-08-05 04:30:00-04:00,1.0666,1.0658,yes
KXXRP15M-26AUG050430,Target Price: $1.0658,2026-08-05 04:15:00-04:00,2026-08-05 04:30:00-04:00,1.0666,1.0658,yes
KXXRP15M-26AUG050445,Target Price: $1.0666,2026-08-05 04:30:00-04:00,2026-08-05 04:45:00-04:00,1.0651,1.0666,no
KXXRP15M-26AUG050445,Target Price: $1.0666,2026-08-05 04:30:00-04:00,2026-08-05 04:45:00-04:00,1.0651,1.0666,no
KXXRP15M-26AUG050500,Target Price: $1.0651,2026-08-05 04:45:00-04:00,2026-08-05 05:00:00-04:00,1.0651,1.0651,yes
KXXRP15M-26AUG050500,Target Price: $1.0651,2026-08-05 04:45:00-04:00,2026-08-05 05:00:00-04:00,1.0651,1.0651,yes
KXXRP15M-26AUG050515,Target Price: $1.0651,2026-08-05 05:00:00-04:00,2026-08-05 05:15:00-04:00,1.0650,1.0651,no
KXXRP15M-26AUG050515,Target Price: $1.0651,2026-08-05 05:00:00-04:00,2026-08-05 05:15:00-04:00,1.0650,1.0651,no
KXXRP15M-26AUG050530,Target Price: $1.0650,2026-08-05 05:15:00-04:00,2026-08-05 05:30:00-04:00,1.0656,1.065,yes
KXXRP15M-26AUG050530,Target Price: $1.0650,2026-08-05 05:15:00-04:00,2026-08-05 05:30:00-04:00,1.0656,1.065,yes
KXXRP15M-26AUG050545,Target Price: $1.0656,2026-08-05 05:30:00-04:00,2026-08-05 05:45:00-04:00,1.0656,1.0656,yes
KXXRP15M-26AUG050545,Target Price: $1.0656,2026-08-05 05:30:00-04:00,2026-08-05 05:45:00-04:00,1.0656,1.0656,yes
KXXRP15M-26AUG050600,Target Price: $1.0656,2026-08-05 05:45:00-04:00,2026-08-05 06:00:00-04:00,1.0642,1.0656,no
KXXRP15M-26AUG050600,Target Price: $1.0656,2026-08-05 05:45:00-04:00,2026-08-05 06:00:00-04:00,1.0642,1.0656,no
KXXRP15M-26AUG050615,Target Price: $1.0642,2026-08-05 06:00:00-04:00,2026-08-05 06:15:00-04:00,1.0617,1.0642,no
KXXRP15M-26AUG050615,Target Price: $1.0642,2026-08-05 06:00:00-04:00,2026-08-05 06:15:00-04:00,1.0617,1.0642,no
KXXRP15M-26AUG050630,Target Price: $1.0617,2026-08-05 06:15:00-04:00,2026-08-05 06:30:00-04:00,1.0626,1.0617,yes
KXXRP15M-26AUG050630,Target Price: $1.0617,2026-08-05 06:15:00-04:00,2026-08-05 06:30:00-04:00,1.0626,1.0617,yes
KXXRP15M-26AUG050645,Target Price: $1.0626,2026-08-05 06:30:00-04:00,2026-08-05 06:45:00-04:00,1.0629,1.0626,yes
KXXRP15M-26AUG050645,Target Price: $1.0626,2026-08-05 06:30:00-04:00,2026-08-05 06:45:00-04:00,1.0629,1.0626,yes
KXXRP15M-26AUG050700,Target Price: $1.0629,2026-08-05 06:45:00-04:00,2026-08-05 07:00:00-04:00,1.0612,1.0629,no
KXXRP15M-26AUG050700,Target Price: $1.0629,2026-08-05 06:45:00-04:00,2026-08-05 07:00:00-04:00,1.0612,1.0629,no
KXXRP15M-26AUG050715,Target Price: $1.0612,2026-08-05 07:00:00-04:00,2026-08-05 07:15:00-04:00,1.0607,1.0612,no
KXXRP15M-26AUG050715,Target Price: $1.0612,2026-08-05 07:00:00-04:00,2026-08-05 07:15:00-04:00,1.0607,1.0612,no
KXXRP15M-26AUG050730,Target Price: $1.0607,2026-08-05 07:15:00-04:00,2026-08-05 07:30:00-04:00,1.0606,1.0607,no
KXXRP15M-26AUG050730,Target Price: $1.0607,2026-08-05 07:15:00-04:00,2026-08-05 07:30:00-04:00,1.0606,1.0607,no
KXXRP15M-26AUG050745,Target Price: $1.0606,2026-08-05 07:30:00-04:00,2026-08-05 07:45:00-04:00,1.0601,1.0606,no
KXXRP15M-26AUG050745,Target Price: $1.0606,2026-08-05 07:30:00-04:00,2026-08-05 07:45:00-04:00,1.0601,1.0606,no
KXXRP15M-26AUG050800,Target Price: $1.0601,2026-08-05 07:45:00-04:00,2026-08-05 08:00:00-04:00,1.0603,1.0601,yes
KXXRP15M-26AUG050800,Target Price: $1.0601,2026-08-05 07:45:00-04:00,2026-08-05 08:00:00-04:00,1.0603,1.0601,yes
KXXRP15M-26AUG050815,Target Price: $1.0603,2026-08-05 08:00:00-04:00,2026-08-05 08:15:00-04:00,1.0623,1.0603,yes
KXXRP15M-26AUG050815,Target Price: $1.0603,2026-08-05 08:00:00-04:00,2026-08-05 08:15:00-04:00,1.0623,1.0603,yes
KXXRP15M-26AUG050830,Target Price: $1.0623,2026-08-05 08:15:00-04:00,2026-08-05 08:30:00-04:00,1.0671,1.0623,yes
KXXRP15M-26AUG050830,Target Price: $1.0623,2026-08-05 08:15:00-04:00,2026-08-05 08:30:00-04:00,1.0671,1.0623,yes
KXXRP15M-26AUG050845,Target Price: $1.0671,2026-08-05 08:30:00-04:00,2026-08-05 08:45:00-04:00,1.0655,1.0671,no
KXXRP15M-26AUG050845,Target Price: $1.0671,2026-08-05 08:30:00-04:00,2026-08-05 08:45:00-04:00,1.0655,1.0671,no
KXXRP15M-26AUG050900,Target Price: $1.0655,2026-08-05 08:45:00-04:00,2026-08-05 09:00:00-04:00,1.0632,1.0655,no
KXXRP15M-26AUG050900,Target Price: $1.0655,2026-08-05 08:45:00-04:00,2026-08-05 09:00:00-04:00,1.0632,1.0655,no
KXXRP15M-26AUG050915,Target Price: $1.0632,2026-08-05 09:00:00-04:00,2026-08-05 09:15:00-04:00,1.0604,1.0632,no
KXXRP15M-26AUG050915,Target Price: $1.0632,2026-08-05 09:00:00-04:00,2026-08-05 09:15:00-04:00,1.0604,1.0632,no
KXXRP15M-26AUG050930,Target Price: $1.0604,2026-08-05 09:15:00-04:00,2026-08-05 09:30:00-04:00,1.0604,1.0604,yes
KXXRP15M-26AUG050930,Target Price: $1.0604,2026-08-05 09:15:00-04:00,2026-08-05 09:30:00-04:00,1.0604,1.0604,yes
KXXRP15M-26AUG050945,Target Price: $1.0604,2026-08-05 09:30:00-04:00,2026-08-05 09:45:00-04:00,1.0583,1.0604,no
KXXRP15M-26AUG050945,Target Price: $1.0604,2026-08-05 09:30:00-04:00,2026-08-05 09:45:00-04:00,1.0583,1.0604,no
KXXRP15M-26AUG051000,Target Price: $1.0583,2026-08-05 09:45:00-04:00,2026-08-05 10:00:00-04:00,1.0608,1.0583,yes
KXXRP15M-26AUG051000,Target Price: $1.0583,2026-08-05 09:45:00-04:00,2026-08-05 10:00:00-04:00,1.0608,1.0583,yes
KXXRP15M-26AUG051015,Target Price: $1.0608,2026-08-05 10:00:00-04:00,2026-08-05 10:15:00-04:00,1.0636,1.0608,yes
KXXRP15M-26AUG051015,Target Price: $1.0608,2026-08-05 10:00:00-04:00,2026-08-05 10:15:00-04:00,1.0636,1.0608,yes
KXXRP15M-26AUG051030,Target Price: $1.0636,2026-08-05 10:15:00-04:00,2026-08-05 10:30:00-04:00,1.0621,1.0636,no
KXXRP15M-26AUG051030,Target Price: $1.0636,2026-08-05 10:15:00-04:00,2026-08-05 10:30:00-04:00,1.0621,1.0636,no
KXXRP15M-26AUG051045,Target Price: $1.0621,2026-08-05 10:30:00-04:00,2026-08-05 10:45:00-04:00,1.0612,1.0621,no
KXXRP15M-26AUG051045,Target Price: $1.0621,2026-08-05 10:30:00-04:00,2026-08-05 10:45:00-04:00,1.0612,1.0621,no
KXXRP15M-26AUG051100,Target Price: $1.0612,2026-08-05 10:45:00-04:00,2026-08-05 11:00:00-04:00,1.0646,1.0612,yes
KXXRP15M-26AUG051100,Target Price: $1.0612,2026-08-05 10:45:00-04:00,2026-08-05 11:00:00-04:00,1.0646,1.0612,yes
KXXRP15M-26AUG051115,Target Price: $1.0646,2026-08-05 11:00:00-04:00,2026-08-05 11:15:00-04:00,1.0644,1.0646,no
KXXRP15M-26AUG051115,Target Price: $1.0646,2026-08-05 11:00:00-04:00,2026-08-05 11:15:00-04:00,1.0644,1.0646,no
KXXRP15M-26AUG051130,Target Price: $1.0644,2026-08-05 11:15:00-04:00,2026-08-05 11:30:00-04:00,1.0640,1.0644,no
KXXRP15M-26AUG051130,Target Price: $1.0644,2026-08-05 11:15:00-04:00,2026-08-05 11:30:00-04:00,1.0640,1.0644,no
KXXRP15M-26AUG051145,Target Price: $1.0640,2026-08-05 11:30:00-04:00,2026-08-05 11:45:00-04:00,1.0639,1.064,no
KXXRP15M-26AUG051145,Target Price: $1.0640,2026-08-05 11:30:00-04:00,2026-08-05 11:45:00-04:00,1.0639,1.064,no
KXXRP15M-26AUG051200,Target Price: $1.0639,2026-08-05 11:45:00-04:00,2026-08-05 12:00:00-04:00,1.0602,1.0639,no
KXXRP15M-26AUG051200,Target Price: $1.0639,2026-08-05 11:45:00-04:00,2026-08-05 12:00:00-04:00,1.0602,1.0639,no
KXXRP15M-26AUG051215,Target Price: $1.0602,2026-08-05 12:00:00-04:00,2026-08-05 12:15:00-04:00,1.0630,1.0602,yes
KXXRP15M-26AUG051215,Target Price: $1.0602,2026-08-05 12:00:00-04:00,2026-08-05 12:15:00-04:00,1.0630,1.0602,yes
KXXRP15M-26AUG051230,Target Price: $1.0630,2026-08-05 12:15:00-04:00,2026-08-05 12:30:00-04:00,1.0676,1.063,yes
KXXRP15M-26AUG051230,Target Price: $1.0630,2026-08-05 12:15:00-04:00,2026-08-05 12:30:00-04:00,1.0676,1.063,yes
KXXRP15M-26AUG051245,Target Price: $1.0676,2026-08-05 12:30:00-04:00,2026-08-05 12:45:00-04:00,1.0670,1.0676,no
KXXRP15M-26AUG051245,Target Price: $1.0676,2026-08-05 12:30:00-04:00,2026-08-05 12:45:00-04:00,1.0670,1.0676,no
KXXRP15M-26AUG051300,Target Price: $1.0670,2026-08-05 12:45:00-04:00,2026-08-05 13:00:00-04:00,1.0666,1.067,no
KXXRP15M-26AUG051300,Target Price: $1.0670,2026-08-05 12:45:00-04:00,2026-08-05 13:00:00-04:00,1.0666,1.067,no
KXXRP15M-26AUG051315,Target Price: $1.0666,2026-08-05 13:00:00-04:00,2026-08-05 13:15:00-04:00,1.0669,1.0666,yes
KXXRP15M-26AUG051315,Target Price: $1.0666,2026-08-05 13:00:00-04:00,2026-08-05 13:15:00-04:00,1.0669,1.0666,yes
KXXRP15M-26AUG051330,Target Price: $1.0669,2026-08-05 13:15:00-04:00,2026-08-05 13:30:00-04:00,1.0669,1.0669,yes
KXXRP15M-26AUG051330,Target Price: $1.0669,2026-08-05 13:15:00-04:00,2026-08-05 13:30:00-04:00,1.0669,1.0669,yes
KXXRP15M-26AUG051345,Target Price: $1.0669,2026-08-05 13:30:00-04:00,2026-08-05 13:45:00-04:00,1.0700,1.0669,yes
KXXRP15M-26AUG051345,Target Price: $1.0669,2026-08-05 13:30:00-04:00,2026-08-05 13:45:00-04:00,1.0700,1.0669,yes
KXXRP15M-26AUG051400,Target Price: $1.0700,2026-08-05 13:45:00-04:00,2026-08-05 14:00:00-04:00,1.0695,1.07,no
KXXRP15M-26AUG051400,Target Price: $1.0700,2026-08-05 13:45:00-04:00,2026-08-05 14:00:00-04:00,1.0695,1.07,no
KXXRP15M-26AUG051415,Target Price: $1.0695,2026-08-05 14:00:00-04:00,2026-08-05 14:15:00-04:00,1.0703,1.0695,yes
KXXRP15M-26AUG051415,Target Price: $1.0695,2026-08-05 14:00:00-04:00,2026-08-05 14:15:00-04:00,1.0703,1.0695,yes
KXXRP15M-26AUG051430,Target Price: $1.0703,2026-08-05 14:15:00-04:00,2026-08-05 14:30:00-04:00,1.0704,1.0703,yes
KXXRP15M-26AUG051430,Target Price: $1.0703,2026-08-05 14:15:00-04:00,2026-08-05 14:30:00-04:00,1.0704,1.0703,yes
KXXRP15M-26AUG051445,Target Price: $1.0704,2026-08-05 14:30:00-04:00,2026-08-05 14:45:00-04:00,1.0700,1.0704,no
KXXRP15M-26AUG051445,Target Price: $1.0704,2026-08-05 14:30:00-04:00,2026-08-05 14:45:00-04:00,1.0700,1.0704,no
KXXRP15M-26AUG051500,Target Price: $1.0700,2026-08-05 14:45:00-04:00,2026-08-05 15:00:00-04:00,1.0685,1.07,no
KXXRP15M-26AUG051500,Target Price: $1.0700,2026-08-05 14:45:00-04:00,2026-08-05 15:00:00-04:00,1.0685,1.07,no
KXXRP15M-26AUG051515,Target Price: $1.0685,2026-08-05 15:00:00-04:00,2026-08-05 15:15:00-04:00,1.0690,1.0685,yes
KXXRP15M-26AUG051515,Target Price: $1.0685,2026-08-05 15:00:00-04:00,2026-08-05 15:15:00-04:00,1.0690,1.0685,yes
KXXRP15M-26AUG051530,Target Price: $1.0690,2026-08-05 15:15:00-04:00,2026-08-05 15:30:00-04:00,1.0694,1.069,yes
KXXRP15M-26AUG051530,Target Price: $1.0690,2026-08-05 15:15:00-04:00,2026-08-05 15:30:00-04:00,1.0694,1.069,yes
KXXRP15M-26AUG051545,Target Price: $1.0694,2026-08-05 15:30:00-04:00,2026-08-05 15:45:00-04:00,1.0707,1.0694,yes
KXXRP15M-26AUG051545,Target Price: $1.0694,2026-08-05 15:30:00-04:00,2026-08-05 15:45:00-04:00,1.0707,1.0694,yes
KXXRP15M-26AUG051600,Target Price: $1.0707,2026-08-05 15:45:00-04:00,2026-08-05 16:00:00-04:00,1.0698,1.0707,no
KXXRP15M-26AUG051600,Target Price: $1.0707,2026-08-05 15:45:00-04:00,2026-08-05 16:00:00-04:00,1.0698,1.0707,no
KXXRP15M-26AUG051615,Target Price: $1.0698,2026-08-05 16:00:00-04:00,2026-08-05 16:15:00-04:00,1.0693,1.0698,no
KXXRP15M-26AUG051615,Target Price: $1.0698,2026-08-05 16:00:00-04:00,2026-08-05 16:15:00-04:00,1.0693,1.0698,no
KXXRP15M-26AUG051630,Target Price: $1.0693,2026-08-05 16:15:00-04:00,2026-08-05 16:30:00-04:00,1.0704,1.0693,yes
KXXRP15M-26AUG051630,Target Price: $1.0693,2026-08-05 16:15:00-04:00,2026-08-05 16:30:00-04:00,1.0704,1.0693,yes
KXXRP15M-26AUG051645,Target Price: $1.0704,2026-08-05 16:30:00-04:00,2026-08-05 16:45:00-04:00,1.0716,1.0704,yes
KXXRP15M-26AUG051645,Target Price: $1.0704,2026-08-05 16:30:00-04:00,2026-08-05 16:45:00-04:00,1.0716,1.0704,yes
KXXRP15M-26AUG051700,Target Price: $1.0716,2026-08-05 16:45:00-04:00,2026-08-05 17:00:00-04:00,1.0691,1.0716,no
KXXRP15M-26AUG051700,Target Price: $1.0716,2026-08-05 16:45:00-04:00,2026-08-05 17:00:00-04:00,1.0691,1.0716,no
KXXRP15M-26AUG051715,Target Price: $1.0691,2026-08-05 17:00:00-04:00,2026-08-05 17:15:00-04:00,1.0680,1.0691,no
KXXRP15M-26AUG051715,Target Price: $1.0691,2026-08-05 17:00:00-04:00,2026-08-05 17:15:00-04:00,1.0680,1.0691,no
KXXRP15M-26AUG051730,Target Price: $1.0680,2026-08-05 17:15:00-04:00,2026-08-05 17:30:00-04:00,1.0641,1.068,no
KXXRP15M-26AUG051730,Target Price: $1.0680,2026-08-05 17:15:00-04:00,2026-08-05 17:30:00-04:00,1.0641,1.068,no
KXXRP15M-26AUG051745,Target Price: $1.0641,2026-08-05 17:30:00-04:00,2026-08-05 17:45:00-04:00,1.0647,1.0641,yes
KXXRP15M-26AUG051745,Target Price: $1.0641,2026-08-05 17:30:00-04:00,2026-08-05 17:45:00-04:00,1.0647,1.0641,yes
KXXRP15M-26AUG051800,Target Price: $1.0647,2026-08-05 17:45:00-04:00,2026-08-05 18:00:00-04:00,1.0646,1.0647,no
KXXRP15M-26AUG051800,Target Price: $1.0647,2026-08-05 17:45:00-04:00,2026-08-05 18:00:00-04:00,1.0646,1.0647,no
KXXRP15M-26AUG051815,Target Price: $1.0646,2026-08-05 18:00:00-04:00,2026-08-05 18:15:00-04:00,1.0634,1.0646,no
KXXRP15M-26AUG051815,Target Price: $1.0646,2026-08-05 18:00:00-04:00,2026-08-05 18:15:00-04:00,1.0634,1.0646,no
KXXRP15M-26AUG051830,Target Price: $1.0634,2026-08-05 18:15:00-04:00,2026-08-05 18:30:00-04:00,1.0642,1.0634,yes
KXXRP15M-26AUG051830,Target Price: $1.0634,2026-08-05 18:15:00-04:00,2026-08-05 18:30:00-04:00,1.0642,1.0634,yes
KXXRP15M-26AUG051845,Target Price: $1.0642,2026-08-05 18:30:00-04:00,2026-08-05 18:45:00-04:00,1.0633,1.0642,no
KXXRP15M-26AUG051845,Target Price: $1.0642,2026-08-05 18:30:00-04:00,2026-08-05 18:45:00-04:00,1.0633,1.0642,no
KXXRP15M-26AUG051900,Target Price: $1.0633,2026-08-05 18:45:00-04:00,2026-08-05 19:00:00-04:00,1.0619,1.0633,no
KXXRP15M-26AUG051900,Target Price: $1.0633,2026-08-05 18:45:00-04:00,2026-08-05 19:00:00-04:00,1.0619,1.0633,no
KXXRP15M-26AUG051915,Target Price: $1.0619,2026-08-05 19:00:00-04:00,2026-08-05 19:15:00-04:00,1.0617,1.0619,no
KXXRP15M-26AUG051915,Target Price: $1.0619,2026-08-05 19:00:00-04:00,2026-08-05 19:15:00-04:00,1.0617,1.0619,no
KXXRP15M-26AUG051930,Target Price: $1.0617,2026-08-05 19:15:00-04:00,2026-08-05 19:30:00-04:00,1.0616,1.0617,no
KXXRP15M-26AUG051930,Target Price: $1.0617,2026-08-05 19:15:00-04:00,2026-08-05 19:30:00-04:00,1.0616,1.0617,no
KXXRP15M-26AUG051945,Target Price: $1.0616,2026-08-05 19:30:00-04:00,2026-08-05 19:45:00-04:00,1.0615,1.0616,no
KXXRP15M-26AUG051945,Target Price: $1.0616,2026-08-05 19:30:00-04:00,2026-08-05 19:45:00-04:00,1.0615,1.0616,no
KXXRP15M-26AUG052000,Target Price: $1.0615,2026-08-05 19:45:00-04:00,2026-08-05 20:00:00-04:00,1.0615,1.0615,yes
KXXRP15M-26AUG052000,Target Price: $1.0615,2026-08-05 19:45:00-04:00,2026-08-05 20:00:00-04:00,1.0615,1.0615,yes
KXXRP15M-26AUG052015,Target Price: $1.0615,2026-08-05 20:00:00-04:00,2026-08-05 20:15:00-04:00,1.0615,1.0615,yes
KXXRP15M-26AUG052015,Target Price: $1.0615,2026-08-05 20:00:00-04:00,2026-08-05 20:15:00-04:00,1.0615,1.0615,yes
KXXRP15M-26AUG052030,Target Price: $1.0615,2026-08-05 20:15:00-04:00,2026-08-05 20:30:00-04:00,1.0622,1.0615,yes
KXXRP15M-26AUG052030,Target Price: $1.0615,2026-08-05 20:15:00-04:00,2026-08-05 20:30:00-04:00,1.0622,1.0615,yes
KXXRP15M-26AUG052045,Target Price: $1.0622,2026-08-05 20:30:00-04:00,2026-08-05 20:45:00-04:00,1.0611,1.0622,no
KXXRP15M-26AUG052045,Target Price: $1.0622,2026-08-05 20:30:00-04:00,2026-08-05 20:45:00-04:00,1.0611,1.0622,no
KXXRP15M-26AUG052100,Target Price: $1.0611,2026-08-05 20:45:00-04:00,2026-08-05 21:00:00-04:00,1.0623,1.0611,yes
KXXRP15M-26AUG052100,Target Price: $1.0611,2026-08-05 20:45:00-04:00,2026-08-05 21:00:00-04:00,1.0623,1.0611,yes
KXXRP15M-26AUG052115,Target Price: $1.0623,2026-08-05 21:00:00-04:00,2026-08-05 21:15:00-04:00,1.0610,1.0623,no
KXXRP15M-26AUG052115,Target Price: $1.0623,2026-08-05 21:00:00-04:00,2026-08-05 21:15:00-04:00,1.0610,1.0623,no
KXXRP15M-26AUG052130,Target Price: $1.0610,2026-08-05 21:15:00-04:00,2026-08-05 21:30:00-04:00,1.0590,1.061,no
KXXRP15M-26AUG052130,Target Price: $1.0610,2026-08-05 21:15:00-04:00,2026-08-05 21:30:00-04:00,1.0590,1.061,no
KXXRP15M-26AUG052145,Target Price: $1.0590,2026-08-05 21:30:00-04:00,2026-08-05 21:45:00-04:00,1.0570,1.059,no
KXXRP15M-26AUG052145,Target Price: $1.0590,2026-08-05 21:30:00-04:00,2026-08-05 21:45:00-04:00,1.0570,1.059,no
KXXRP15M-26AUG052200,Target Price: $1.0570,2026-08-05 21:45:00-04:00,2026-08-05 22:00:00-04:00,1.0535,1.057,no
KXXRP15M-26AUG052200,Target Price: $1.0570,2026-08-05 21:45:00-04:00,2026-08-05 22:00:00-04:00,1.0535,1.057,no
KXXRP15M-26AUG052215,Target Price: $1.0535,2026-08-05 22:00:00-04:00,2026-08-05 22:15:00-04:00,1.0502,1.0535,no
KXXRP15M-26AUG052215,Target Price: $1.0535,2026-08-05 22:00:00-04:00,2026-08-05 22:15:00-04:00,1.0502,1.0535,no
KXXRP15M-26AUG052230,Target Price: $1.0502,2026-08-05 22:15:00-04:00,2026-08-05 22:30:00-04:00,1.0442,1.0502,no
KXXRP15M-26AUG052230,Target Price: $1.0502,2026-08-05 22:15:00-04:00,2026-08-05 22:30:00-04:00,1.0442,1.0502,no
KXXRP15M-26AUG052245,Target Price: $1.0442,2026-08-05 22:30:00-04:00,2026-08-05 22:45:00-04:00,1.0477,1.0442,yes
KXXRP15M-26AUG052245,Target Price: $1.0442,2026-08-05 22:30:00-04:00,2026-08-05 22:45:00-04:00,1.0477,1.0442,yes
KXXRP15M-26AUG052300,Target Price: $1.0477,2026-08-05 22:45:00-04:00,2026-08-05 23:00:00-04:00,1.0468,1.0477,no
KXXRP15M-26AUG052300,Target Price: $1.0477,2026-08-05 22:45:00-04:00,2026-08-05 23:00:00-04:00,1.0468,1.0477,no
KXXRP15M-26AUG052315,Target Price: $1.0468,2026-08-05 23:00:00-04:00,2026-08-05 23:15:00-04:00,1.0468,1.0468,yes
KXXRP15M-26AUG052315,Target Price: $1.0468,2026-08-05 23:00:00-04:00,2026-08-05 23:15:00-04:00,1.0468,1.0468,yes
KXXRP15M-26AUG052330,Target Price: $1.0468,2026-08-05 23:15:00-04:00,2026-08-05 23:30:00-04:00,1.0462,1.0468,no
KXXRP15M-26AUG052330,Target Price: $1.0468,2026-08-05 23:15:00-04:00,2026-08-05 23:30:00-04:00,1.0462,1.0468,no
KXXRP15M-26AUG052345,Target Price: $1.0462,2026-08-05 23:30:00-04:00,2026-08-05 23:45:00-04:00,1.0433,1.0462,no
KXXRP15M-26AUG052345,Target Price: $1.0462,2026-08-05 23:30:00-04:00,2026-08-05 23:45:00-04:00,1.0433,1.0462,no
KXXRP15M-26AUG060000,Target Price: $1.0433,2026-08-05 23:45:00-04:00,2026-08-06 00:00:00-04:00,1.0426,1.0433,no
KXXRP15M-26AUG060000,Target Price: $1.0433,2026-08-05 23:45:00-04:00,2026-08-06 00:00:00-04:00,1.0426,1.0433,no
KXXRP15M-26AUG060015,Target Price: $1.0426,2026-08-06 00:00:00-04:00,2026-08-06 00:15:00-04:00,1.0441,1.0426,yes
KXXRP15M-26AUG060015,Target Price: $1.0426,2026-08-06 00:00:00-04:00,2026-08-06 00:15:00-04:00,1.0441,1.0426,yes
KXXRP15M-26AUG060030,Target Price: $1.0441,2026-08-06 00:15:00-04:00,2026-08-06 00:30:00-04:00,1.0467,1.0441,yes
KXXRP15M-26AUG060030,Target Price: $1.0441,2026-08-06 00:15:00-04:00,2026-08-06 00:30:00-04:00,1.0467,1.0441,yes
KXXRP15M-26AUG060045,Target Price: $1.0467,2026-08-06 00:30:00-04:00,2026-08-06 00:45:00-04:00,1.0456,1.0467,no
KXXRP15M-26AUG060045,Target Price: $1.0467,2026-08-06 00:30:00-04:00,2026-08-06 00:45:00-04:00,1.0456,1.0467,no
KXXRP15M-26AUG060100,Target Price: $1.0456,2026-08-06 00:45:00-04:00,2026-08-06 01:00:00-04:00,1.0470,1.0456,yes
KXXRP15M-26AUG060100,Target Price: $1.0456,2026-08-06 00:45:00-04:00,2026-08-06 01:00:00-04:00,1.0470,1.0456,yes
KXXRP15M-26AUG060115,Target Price: $1.0470,2026-08-06 01:00:00-04:00,2026-08-06 01:15:00-04:00,1.0499,1.047,yes
KXXRP15M-26AUG060115,Target Price: $1.0470,2026-08-06 01:00:00-04:00,2026-08-06 01:15:00-04:00,1.0499,1.047,yes
KXXRP15M-26AUG060130,Target Price: $1.0499,2026-08-06 01:15:00-04:00,2026-08-06 01:30:00-04:00,1.0491,1.0499,no
KXXRP15M-26AUG060130,Target Price: $1.0499,2026-08-06 01:15:00-04:00,2026-08-06 01:30:00-04:00,1.0491,1.0499,no
KXXRP15M-26AUG060145,Target Price: $1.0491,2026-08-06 01:30:00-04:00,2026-08-06 01:45:00-04:00,1.0496,1.0491,yes
KXXRP15M-26AUG060145,Target Price: $1.0491,2026-08-06 01:30:00-04:00,2026-08-06 01:45:00-04:00,1.0496,1.0491,yes
KXXRP15M-26AUG060200,Target Price: $1.0496,2026-08-06 01:45:00-04:00,2026-08-06 02:00:00-04:00,1.0511,1.0496,yes
KXXRP15M-26AUG060200,Target Price: $1.0496,2026-08-06 01:45:00-04:00,2026-08-06 02:00:00-04:00,1.0511,1.0496,yes
KXXRP15M-26AUG060215,Target Price: $1.0511,2026-08-06 02:00:00-04:00,2026-08-06 02:15:00-04:00,1.0492,1.0511,no
KXXRP15M-26AUG060215,Target Price: $1.0511,2026-08-06 02:00:00-04:00,2026-08-06 02:15:00-04:00,1.0492,1.0511,no
KXXRP15M-26AUG060230,Target Price: $1.0492,2026-08-06 02:15:00-04:00,2026-08-06 02:30:00-04:00,1.0507,1.0492,yes
KXXRP15M-26AUG060230,Target Price: $1.0492,2026-08-06 02:15:00-04:00,2026-08-06 02:30:00-04:00,1.0507,1.0492,yes
KXXRP15M-26AUG060245,Target Price: $1.0507,2026-08-06 02:30:00-04:00,2026-08-06 02:45:00-04:00,1.0507,1.0507,yes
KXXRP15M-26AUG060245,Target Price: $1.0507,2026-08-06 02:30:00-04:00,2026-08-06 02:45:00-04:00,1.0507,1.0507,yes
KXXRP15M-26AUG060515,Target Price: $1.0551,2026-08-06 05:00:00-04:00,2026-08-06 05:15:00-04:00,1.0488,1.0551,no
KXXRP15M-26AUG060515,Target Price: $1.0551,2026-08-06 05:00:00-04:00,2026-08-06 05:15:00-04:00,1.0488,1.0551,no
KXXRP15M-26AUG060530,Target Price: $1.0488,2026-08-06 05:15:00-04:00,2026-08-06 05:30:00-04:00,1.0471,1.0488,no
KXXRP15M-26AUG060530,Target Price: $1.0488,2026-08-06 05:15:00-04:00,2026-08-06 05:30:00-04:00,1.0471,1.0488,no
KXXRP15M-26AUG060545,Target Price: $1.0471,2026-08-06 05:30:00-04:00,2026-08-06 05:45:00-04:00,1.0429,1.0471,no
KXXRP15M-26AUG060545,Target Price: $1.0471,2026-08-06 05:30:00-04:00,2026-08-06 05:45:00-04:00,1.0429,1.0471,no
KXXRP15M-26AUG060600,Target Price: $1.0429,2026-08-06 05:45:00-04:00,2026-08-06 06:00:00-04:00,1.0445,1.0429,yes
KXXRP15M-26AUG060600,Target Price: $1.0429,2026-08-06 05:45:00-04:00,2026-08-06 06:00:00-04:00,1.0445,1.0429,yes
KXXRP15M-26AUG060615,Target Price: $1.0445,2026-08-06 06:00:00-04:00,2026-08-06 06:15:00-04:00,1.0424,1.0445,no
KXXRP15M-26AUG060615,Target Price: $1.0445,2026-08-06 06:00:00-04:00,2026-08-06 06:15:00-04:00,1.0424,1.0445,no
KXXRP15M-26AUG060630,Target Price: $1.0424,2026-08-06 06:15:00-04:00,2026-08-06 06:30:00-04:00,1.0457,1.0424,yes
KXXRP15M-26AUG060630,Target Price: $1.0424,2026-08-06 06:15:00-04:00,2026-08-06 06:30:00-04:00,1.0457,1.0424,yes
KXXRP15M-26AUG060645,Target Price: $1.0457,2026-08-06 06:30:00-04:00,2026-08-06 06:45:00-04:00,1.0463,1.0457,yes
KXXRP15M-26AUG060645,Target Price: $1.0457,2026-08-06 06:30:00-04:00,2026-08-06 06:45:00-04:00,1.0463,1.0457,yes
KXXRP15M-26AUG060700,Target Price: $1.0463,2026-08-06 06:45:00-04:00,2026-08-06 07:00:00-04:00,1.0466,1.0463,yes
KXXRP15M-26AUG060700,Target Price: $1.0463,2026-08-06 06:45:00-04:00,2026-08-06 07:00:00-04:00,1.0466,1.0463,yes
KXXRP15M-26AUG060715,Target Price: $1.0466,2026-08-06 07:00:00-04:00,2026-08-06 07:15:00-04:00,1.0473,1.0466,yes
KXXRP15M-26AUG060715,Target Price: $1.0466,2026-08-06 07:00:00-04:00,2026-08-06 07:15:00-04:00,1.0473,1.0466,yes
KXXRP15M-26AUG060730,Target Price: $1.0473,2026-08-06 07:15:00-04:00,2026-08-06 07:30:00-04:00,1.0486,1.0473,yes
KXXRP15M-26AUG060730,Target Price: $1.0473,2026-08-06 07:15:00-04:00,2026-08-06 07:30:00-04:00,1.0486,1.0473,yes
KXXRP15M-26AUG060745,Target Price: $1.0486,2026-08-06 07:30:00-04:00,2026-08-06 07:45:00-04:00,1.0498,1.0486,yes
KXXRP15M-26AUG060745,Target Price: $1.0486,2026-08-06 07:30:00-04:00,2026-08-06 07:45:00-04:00,1.0498,1.0486,yes
KXXRP15M-26AUG060800,Target Price: $1.0498,2026-08-06 07:45:00-04:00,2026-08-06 08:00:00-04:00,1.0498,1.0498,yes
KXXRP15M-26AUG060800,Target Price: $1.0498,2026-08-06 07:45:00-04:00,2026-08-06 08:00:00-04:00,1.0498,1.0498,yes
KXXRP15M-26AUG060815,Target Price: $1.0498,2026-08-06 08:00:00-04:00,2026-08-06 08:15:00-04:00,1.0467,1.0498,no
KXXRP15M-26AUG060815,Target Price: $1.0498,2026-08-06 08:00:00-04:00,2026-08-06 08:15:00-04:00,1.0467,1.0498,no
KXXRP15M-26AUG060830,Target Price: $1.0467,2026-08-06 08:15:00-04:00,2026-08-06 08:30:00-04:00,1.0481,1.0467,yes
KXXRP15M-26AUG060830,Target Price: $1.0467,2026-08-06 08:15:00-04:00,2026-08-06 08:30:00-04:00,1.0481,1.0467,yes
KXXRP15M-26AUG060845,Target Price: $1.0481,2026-08-06 08:30:00-04:00,2026-08-06 08:45:00-04:00,1.0479,1.0481,no
KXXRP15M-26AUG060845,Target Price: $1.0481,2026-08-06 08:30:00-04:00,2026-08-06 08:45:00-04:00,1.0479,1.0481,no
KXXRP15M-26AUG060900,Target Price: $1.0479,2026-08-06 08:45:00-04:00,2026-08-06 09:00:00-04:00,1.0461,1.0479,no
KXXRP15M-26AUG060900,Target Price: $1.0479,2026-08-06 08:45:00-04:00,2026-08-06 09:00:00-04:00,1.0461,1.0479,no
KXXRP15M-26AUG060915,Target Price: $1.0461,2026-08-06 09:00:00-04:00,2026-08-06 09:15:00-04:00,1.0451,1.0461,no
KXXRP15M-26AUG060915,Target Price: $1.0461,2026-08-06 09:00:00-04:00,2026-08-06 09:15:00-04:00,1.0451,1.0461,no
KXXRP15M-26AUG060930,Target Price: $1.0451,2026-08-06 09:15:00-04:00,2026-08-06 09:30:00-04:00,1.0435,1.0451,no
KXXRP15M-26AUG060930,Target Price: $1.0451,2026-08-06 09:15:00-04:00,2026-08-06 09:30:00-04:00,1.0435,1.0451,no
KXXRP15M-26AUG060945,Target Price: $1.0435,2026-08-06 09:30:00-04:00,2026-08-06 09:45:00-04:00,1.0454,1.0435,yes
KXXRP15M-26AUG060945,Target Price: $1.0435,2026-08-06 09:30:00-04:00,2026-08-06 09:45:00-04:00,1.0454,1.0435,yes
KXXRP15M-26AUG061000,Target Price: $1.0454,2026-08-06 09:45:00-04:00,2026-08-06 10:00:00-04:00,1.0454,1.0454,yes
KXXRP15M-26AUG061000,Target Price: $1.0454,2026-08-06 09:45:00-04:00,2026-08-06 10:00:00-04:00,1.0454,1.0454,yes
KXXRP15M-26AUG061015,Target Price: $1.0454,2026-08-06 10:00:00-04:00,2026-08-06 10:15:00-04:00,1.0442,1.0454,no
KXXRP15M-26AUG061015,Target Price: $1.0454,2026-08-06 10:00:00-04:00,2026-08-06 10:15:00-04:00,1.0442,1.0454,no
KXXRP15M-26AUG061030,Target Price: $1.0442,2026-08-06 10:15:00-04:00,2026-08-06 10:30:00-04:00,1.0435,1.0442,no
KXXRP15M-26AUG061030,Target Price: $1.0442,2026-08-06 10:15:00-04:00,2026-08-06 10:30:00-04:00,1.0435,1.0442,no
KXXRP15M-26AUG061045,Target Price: $1.0435,2026-08-06 10:30:00-04:00,2026-08-06 10:45:00-04:00,1.0463,1.0435,yes
KXXRP15M-26AUG061045,Target Price: $1.0435,2026-08-06 10:30:00-04:00,2026-08-06 10:45:00-04:00,1.0463,1.0435,yes
KXXRP15M-26AUG061100,Target Price: $1.0463,2026-08-06 10:45:00-04:00,2026-08-06 11:00:00-04:00,1.0472,1.0463,yes
KXXRP15M-26AUG061100,Target Price: $1.0463,2026-08-06 10:45:00-04:00,2026-08-06 11:00:00-04:00,1.0472,1.0463,yes
KXXRP15M-26AUG061115,Target Price: $1.0472,2026-08-06 11:00:00-04:00,2026-08-06 11:15:00-04:00,1.0498,1.0472,yes
KXXRP15M-26AUG061115,Target Price: $1.0472,2026-08-06 11:00:00-04:00,2026-08-06 11:15:00-04:00,1.0498,1.0472,yes
KXXRP15M-26AUG061130,Target Price: $1.0498,2026-08-06 11:15:00-04:00,2026-08-06 11:30:00-04:00,1.0495,1.0498,no
KXXRP15M-26AUG061130,Target Price: $1.0498,2026-08-06 11:15:00-04:00,2026-08-06 11:30:00-04:00,1.0495,1.0498,no
KXXRP15M-26AUG061145,Target Price: $1.0495,2026-08-06 11:30:00-04:00,2026-08-06 11:45:00-04:00,1.0488,1.0495,no
KXXRP15M-26AUG061145,Target Price: $1.0495,2026-08-06 11:30:00-04:00,2026-08-06 11:45:00-04:00,1.0488,1.0495,no
KXXRP15M-26AUG061200,Target Price: $1.0488,2026-08-06 11:45:00-04:00,2026-08-06 12:00:00-04:00,1.0492,1.0488,yes
KXXRP15M-26AUG061200,Target Price: $1.0488,2026-08-06 11:45:00-04:00,2026-08-06 12:00:00-04:00,1.0492,1.0488,yes
KXXRP15M-26AUG061215,Target Price: $1.0492,2026-08-06 12:00:00-04:00,2026-08-06 12:15:00-04:00,1.0430,1.0492,no
KXXRP15M-26AUG061215,Target Price: $1.0492,2026-08-06 12:00:00-04:00,2026-08-06 12:15:00-04:00,1.0430,1.0492,no
KXXRP15M-26AUG061230,Target Price: $1.0430,2026-08-06 12:15:00-04:00,2026-08-06 12:30:00-04:00,1.0445,1.043,yes
KXXRP15M-26AUG061230,Target Price: $1.0430,2026-08-06 12:15:00-04:00,2026-08-06 12:30:00-04:00,1.0445,1.043,yes
KXXRP15M-26AUG061245,Target Price: $1.0445,2026-08-06 12:30:00-04:00,2026-08-06 12:45:00-04:00,1.0467,1.0445,yes
KXXRP15M-26AUG061245,Target Price: $1.0445,2026-08-06 12:30:00-04:00,2026-08-06 12:45:00-04:00,1.0467,1.0445,yes
KXXRP15M-26AUG061300,Target Price: $1.0467,2026-08-06 12:45:00-04:00,2026-08-06 13:00:00-04:00,1.0456,1.0467,no
KXXRP15M-26AUG061300,Target Price: $1.0467,2026-08-06 12:45:00-04:00,2026-08-06 13:00:00-04:00,1.0456,1.0467,no
KXXRP15M-26AUG061315,Target Price: $1.0456,2026-08-06 13:00:00-04:00,2026-08-06 13:15:00-04:00,1.0469,1.0456,yes
KXXRP15M-26AUG061315,Target Price: $1.0456,2026-08-06 13:00:00-04:00,2026-08-06 13:15:00-04:00,1.0469,1.0456,yes
KXXRP15M-26AUG061330,Target Price: $1.0469,2026-08-06 13:15:00-04:00,2026-08-06 13:30:00-04:00,1.0444,1.0469,no
KXXRP15M-26AUG061330,Target Price: $1.0469,2026-08-06 13:15:00-04:00,2026-08-06 13:30:00-04:00,1.0444,1.0469,no
KXXRP15M-26AUG061345,Target Price: $1.0444,2026-08-06 13:30:00-04:00,2026-08-06 13:45:00-04:00,1.0413,1.0444,no
KXXRP15M-26AUG061345,Target Price: $1.0444,2026-08-06 13:30:00-04:00,2026-08-06 13:45:00-04:00,1.0413,1.0444,no
KXXRP15M-26AUG061400,Target Price: $1.0413,2026-08-06 13:45:00-04:00,2026-08-06 14:00:00-04:00,1.0409,1.0413,no
KXXRP15M-26AUG061400,Target Price: $1.0413,2026-08-06 13:45:00-04:00,2026-08-06 14:00:00-04:00,1.0409,1.0413,no
KXXRP15M-26AUG061415,Target Price: $1.0409,2026-08-06 14:00:00-04:00,2026-08-06 14:15:00-04:00,1.0403,1.0409,no
KXXRP15M-26AUG061415,Target Price: $1.0409,2026-08-06 14:00:00-04:00,2026-08-06 14:15:00-04:00,1.0403,1.0409,no
KXXRP15M-26AUG061430,Target Price: $1.0403,2026-08-06 14:15:00-04:00,2026-08-06 14:30:00-04:00,1.0406,1.0403,yes
KXXRP15M-26AUG061430,Target Price: $1.0403,2026-08-06 14:15:00-04:00,2026-08-06 14:30:00-04:00,1.0406,1.0403,yes
KXXRP15M-26AUG061445,Target Price: $1.0406,2026-08-06 14:30:00-04:00,2026-08-06 14:45:00-04:00,1.0357,1.0406,no
KXXRP15M-26AUG061445,Target Price: $1.0406,2026-08-06 14:30:00-04:00,2026-08-06 14:45:00-04:00,1.0357,1.0406,no
KXXRP15M-26AUG061500,Target Price: $1.0357,2026-08-06 14:45:00-04:00,2026-08-06 15:00:00-04:00,1.0351,1.0357,no
KXXRP15M-26AUG061500,Target Price: $1.0357,2026-08-06 14:45:00-04:00,2026-08-06 15:00:00-04:00,1.0351,1.0357,no
KXXRP15M-26AUG061515,Target Price: $1.0351,2026-08-06 15:00:00-04:00,2026-08-06 15:15:00-04:00,1.0342,1.0351,no
KXXRP15M-26AUG061515,Target Price: $1.0351,2026-08-06 15:00:00-04:00,2026-08-06 15:15:00-04:00,1.0342,1.0351,no
KXXRP15M-26AUG061530,Target Price: $1.0342,2026-08-06 15:15:00-04:00,2026-08-06 15:30:00-04:00,1.0331,1.0342,no
KXXRP15M-26AUG061530,Target Price: $1.0342,2026-08-06 15:15:00-04:00,2026-08-06 15:30:00-04:00,1.0331,1.0342,no
KXXRP15M-26AUG061545,Target Price: $1.0331,2026-08-06 15:30:00-04:00,2026-08-06 15:45:00-04:00,1.0350,1.0331,yes
KXXRP15M-26AUG061545,Target Price: $1.0331,2026-08-06 15:30:00-04:00,2026-08-06 15:45:00-04:00,1.0350,1.0331,yes
KXXRP15M-26AUG061600,Target Price: $1.0350,2026-08-06 15:45:00-04:00,2026-08-06 16:00:00-04:00,1.0352,1.035,yes
KXXRP15M-26AUG061600,Target Price: $1.0350,2026-08-06 15:45:00-04:00,2026-08-06 16:00:00-04:00,1.0352,1.035,yes
KXXRP15M-26AUG061615,Target Price: $1.0352,2026-08-06 16:00:00-04:00,2026-08-06 16:15:00-04:00,1.0350,1.0352,no
KXXRP15M-26AUG061615,Target Price: $1.0352,2026-08-06 16:00:00-04:00,2026-08-06 16:15:00-04:00,1.0350,1.0352,no
KXXRP15M-26AUG061630,Target Price: $1.0350,2026-08-06 16:15:00-04:00,2026-08-06 16:30:00-04:00,1.0331,1.035,no
KXXRP15M-26AUG061630,Target Price: $1.0350,2026-08-06 16:15:00-04:00,2026-08-06 16:30:00-04:00,1.0331,1.035,no
KXXRP15M-26AUG061645,Target Price: $1.0331,2026-08-06 16:30:00-04:00,2026-08-06 16:45:00-04:00,1.0333,1.0331,yes
KXXRP15M-26AUG061645,Target Price: $1.0331,2026-08-06 16:30:00-04:00,2026-08-06 16:45:00-04:00,1.0333,1.0331,yes
KXXRP15M-26AUG061700,Target Price: $1.0333,2026-08-06 16:45:00-04:00,2026-08-06 17:00:00-04:00,1.0323,1.0333,no
KXXRP15M-26AUG061700,Target Price: $1.0333,2026-08-06 16:45:00-04:00,2026-08-06 17:00:00-04:00,1.0323,1.0333,no
KXXRP15M-26AUG061715,Target Price: $1.0323,2026-08-06 17:00:00-04:00,2026-08-06 17:15:00-04:00,1.0340,1.0323,yes
KXXRP15M-26AUG061715,Target Price: $1.0323,2026-08-06 17:00:00-04:00,2026-08-06 17:15:00-04:00,1.0340,1.0323,yes
KXXRP15M-26AUG061730,Target Price: $1.0340,2026-08-06 17:15:00-04:00,2026-08-06 17:30:00-04:00,1.0350,1.034,yes
KXXRP15M-26AUG061730,Target Price: $1.0340,2026-08-06 17:15:00-04:00,2026-08-06 17:30:00-04:00,1.0350,1.034,yes
KXXRP15M-26AUG061745,Target Price: $1.0350,2026-08-06 17:30:00-04:00,2026-08-06 17:45:00-04:00,1.0355,1.035,yes
KXXRP15M-26AUG061745,Target Price: $1.0350,2026-08-06 17:30:00-04:00,2026-08-06 17:45:00-04:00,1.0355,1.035,yes
KXXRP15M-26AUG061800,Target Price: $1.0355,2026-08-06 17:45:00-04:00,2026-08-06 18:00:00-04:00,1.0351,1.0355,no
KXXRP15M-26AUG061800,Target Price: $1.0355,2026-08-06 17:45:00-04:00,2026-08-06 18:00:00-04:00,1.0351,1.0355,no
KXXRP15M-26AUG061815,Target Price: $1.0351,2026-08-06 18:00:00-04:00,2026-08-06 18:15:00-04:00,1.0360,1.0351,yes
KXXRP15M-26AUG061815,Target Price: $1.0351,2026-08-06 18:00:00-04:00,2026-08-06 18:15:00-04:00,1.0360,1.0351,yes
KXXRP15M-26AUG061830,Target Price: $1.0360,2026-08-06 18:15:00-04:00,2026-08-06 18:30:00-04:00,1.0351,1.036,no
KXXRP15M-26AUG061830,Target Price: $1.0360,2026-08-06 18:15:00-04:00,2026-08-06 18:30:00-04:00,1.0351,1.036,no
KXXRP15M-26AUG061845,Target Price: $1.0351,2026-08-06 18:30:00-04:00,2026-08-06 18:45:00-04:00,1.0353,1.0351,yes
KXXRP15M-26AUG061845,Target Price: $1.0351,2026-08-06 18:30:00-04:00,2026-08-06 18:45:00-04:00,1.0353,1.0351,yes
KXXRP15M-26AUG061900,Target Price: $1.0353,2026-08-06 18:45:00-04:00,2026-08-06 19:00:00-04:00,1.0366,1.0353,yes
KXXRP15M-26AUG061900,Target Price: $1.0353,2026-08-06 18:45:00-04:00,2026-08-06 19:00:00-04:00,1.0366,1.0353,yes
KXXRP15M-26AUG061915,Target Price: $1.0366,2026-08-06 19:00:00-04:00,2026-08-06 19:15:00-04:00,1.0341,1.0366,no
KXXRP15M-26AUG061915,Target Price: $1.0366,2026-08-06 19:00:00-04:00,2026-08-06 19:15:00-04:00,1.0341,1.0366,no
KXXRP15M-26AUG061930,Target Price: $1.0341,2026-08-06 19:15:00-04:00,2026-08-06 19:30:00-04:00,1.0321,1.0341,no
KXXRP15M-26AUG061930,Target Price: $1.0341,2026-08-06 19:15:00-04:00,2026-08-06 19:30:00-04:00,1.0321,1.0341,no
KXXRP15M-26AUG061945,Target Price: $1.0321,2026-08-06 19:30:00-04:00,2026-08-06 19:45:00-04:00,1.0311,1.0321,no
KXXRP15M-26AUG061945,Target Price: $1.0321,2026-08-06 19:30:00-04:00,2026-08-06 19:45:00-04:00,1.0311,1.0321,no
KXXRP15M-26AUG062000,Target Price: $1.0311,2026-08-06 19:45:00-04:00,2026-08-06 20:00:00-04:00,1.0339,1.0311,yes
KXXRP15M-26AUG062000,Target Price: $1.0311,2026-08-06 19:45:00-04:00,2026-08-06 20:00:00-04:00,1.0339,1.0311,yes
KXXRP15M-26AUG062015,Target Price: $1.0339,2026-08-06 20:00:00-04:00,2026-08-06 20:15:00-04:00,1.0327,1.0339,no
KXXRP15M-26AUG062015,Target Price: $1.0339,2026-08-06 20:00:00-04:00,2026-08-06 20:15:00-04:00,1.0327,1.0339,no
KXXRP15M-26AUG062030,Target Price: $1.0327,2026-08-06 20:15:00-04:00,2026-08-06 20:30:00-04:00,1.0333,1.0327,yes
KXXRP15M-26AUG062030,Target Price: $1.0327,2026-08-06 20:15:00-04:00,2026-08-06 20:30:00-04:00,1.0333,1.0327,yes
KXXRP15M-26AUG062045,Target Price: $1.0333,2026-08-06 20:30:00-04:00,2026-08-06 20:45:00-04:00,1.0345,1.0333,yes
KXXRP15M-26AUG062045,Target Price: $1.0333,2026-08-06 20:30:00-04:00,2026-08-06 20:45:00-04:00,1.0345,1.0333,yes
KXXRP15M-26AUG062100,Target Price: $1.0345,2026-08-06 20:45:00-04:00,2026-08-06 21:00:00-04:00,1.0351,1.0345,yes
KXXRP15M-26AUG062100,Target Price: $1.0345,2026-08-06 20:45:00-04:00,2026-08-06 21:00:00-04:00,1.0351,1.0345,yes
KXXRP15M-26AUG062115,Target Price: $1.0351,2026-08-06 21:00:00-04:00,2026-08-06 21:15:00-04:00,1.0364,1.0351,yes
KXXRP15M-26AUG062115,Target Price: $1.0351,2026-08-06 21:00:00-04:00,2026-08-06 21:15:00-04:00,1.0364,1.0351,yes
KXXRP15M-26AUG062130,Target Price: $1.0364,2026-08-06 21:15:00-04:00,2026-08-06 21:30:00-04:00,1.0375,1.0364,yes
KXXRP15M-26AUG062130,Target Price: $1.0364,2026-08-06 21:15:00-04:00,2026-08-06 21:30:00-04:00,1.0375,1.0364,yes
KXXRP15M-26AUG062145,Target Price: $1.0375,2026-08-06 21:30:00-04:00,2026-08-06 21:45:00-04:00,1.0358,1.0375,no
KXXRP15M-26AUG062145,Target Price: $1.0375,2026-08-06 21:30:00-04:00,2026-08-06 21:45:00-04:00,1.0358,1.0375,no
KXXRP15M-26AUG062200,Target Price: $1.0358,2026-08-06 21:45:00-04:00,2026-08-06 22:00:00-04:00,1.0370,1.0358,yes
KXXRP15M-26AUG062200,Target Price: $1.0358,2026-08-06 21:45:00-04:00,2026-08-06 22:00:00-04:00,1.0370,1.0358,yes
KXXRP15M-26AUG062215,Target Price: $1.0370,2026-08-06 22:00:00-04:00,2026-08-06 22:15:00-04:00,1.0355,1.037,no
KXXRP15M-26AUG062215,Target Price: $1.0370,2026-08-06 22:00:00-04:00,2026-08-06 22:15:00-04:00,1.0355,1.037,no
KXXRP15M-26AUG062230,Target Price: $1.0355,2026-08-06 22:15:00-04:00,2026-08-06 22:30:00-04:00,1.0308,1.0355,no
KXXRP15M-26AUG062230,Target Price: $1.0355,2026-08-06 22:15:00-04:00,2026-08-06 22:30:00-04:00,1.0308,1.0355,no
KXXRP15M-26AUG062245,Target Price: $1.0308,2026-08-06 22:30:00-04:00,2026-08-06 22:45:00-04:00,1.0286,1.0308,no
KXXRP15M-26AUG062245,Target Price: $1.0308,2026-08-06 22:30:00-04:00,2026-08-06 22:45:00-04:00,1.0286,1.0308,no
KXXRP15M-26AUG062300,Target Price: $1.0286,2026-08-06 22:45:00-04:00,2026-08-06 23:00:00-04:00,1.0296,1.0286,yes
KXXRP15M-26AUG062300,Target Price: $1.0286,2026-08-06 22:45:00-04:00,2026-08-06 23:00:00-04:00,1.0296,1.0286,yes
KXXRP15M-26AUG062315,Target Price: $1.0296,2026-08-06 23:00:00-04:00,2026-08-06 23:15:00-04:00,1.0282,1.0296,no
KXXRP15M-26AUG062315,Target Price: $1.0296,2026-08-06 23:00:00-04:00,2026-08-06 23:15:00-04:00,1.0282,1.0296,no
KXXRP15M-26AUG062330,Target Price: $1.0282,2026-08-06 23:15:00-04:00,2026-08-06 23:30:00-04:00,1.0278,1.0282,no
KXXRP15M-26AUG062330,Target Price: $1.0282,2026-08-06 23:15:00-04:00,2026-08-06 23:30:00-04:00,1.0278,1.0282,no
KXXRP15M-26AUG062345,Target Price: $1.0278,2026-08-06 23:30:00-04:00,2026-08-06 23:45:00-04:00,1.0245,1.0278,no
KXXRP15M-26AUG062345,Target Price: $1.0278,2026-08-06 23:30:00-04:00,2026-08-06 23:45:00-04:00,1.0245,1.0278,no
KXXRP15M-26AUG070000,Target Price: $1.0245,2026-08-06 23:45:00-04:00,2026-08-07 00:00:00-04:00,1.0206,1.0245,no
KXXRP15M-26AUG070000,Target Price: $1.0245,2026-08-06 23:45:00-04:00,2026-08-07 00:00:00-04:00,1.0206,1.0245,no
KXXRP15M-26AUG070015,Target Price: $1.0206,2026-08-07 00:00:00-04:00,2026-08-07 00:15:00-04:00,1.0191,1.0206,no
KXXRP15M-26AUG070015,Target Price: $1.0206,2026-08-07 00:00:00-04:00,2026-08-07 00:15:00-04:00,1.0191,1.0206,no
KXXRP15M-26AUG070030,Target Price: $1.0191,2026-08-07 00:15:00-04:00,2026-08-07 00:30:00-04:00,1.0208,1.0191,yes
KXXRP15M-26AUG070030,Target Price: $1.0191,2026-08-07 00:15:00-04:00,2026-08-07 00:30:00-04:00,1.0208,1.0191,yes
KXXRP15M-26AUG070045,Target Price: $1.0208,2026-08-07 00:30:00-04:00,2026-08-07 00:45:00-04:00,1.0224,1.0208,yes
KXXRP15M-26AUG070045,Target Price: $1.0208,2026-08-07 00:30:00-04:00,2026-08-07 00:45:00-04:00,1.0224,1.0208,yes
KXXRP15M-26AUG070100,Target Price: $1.0224,2026-08-07 00:45:00-04:00,2026-08-07 01:00:00-04:00,1.0200,1.0224,no
KXXRP15M-26AUG070100,Target Price: $1.0224,2026-08-07 00:45:00-04:00,2026-08-07 01:00:00-04:00,1.0200,1.0224,no
KXXRP15M-26AUG070115,Target Price: $1.0200,2026-08-07 01:00:00-04:00,2026-08-07 01:15:00-04:00,1.0184,1.02,no
KXXRP15M-26AUG070115,Target Price: $1.0200,2026-08-07 01:00:00-04:00,2026-08-07 01:15:00-04:00,1.0184,1.02,no
KXXRP15M-26AUG070130,Target Price: $1.0184,2026-08-07 01:15:00-04:00,2026-08-07 01:30:00-04:00,1.0169,1.0184,no
KXXRP15M-26AUG070130,Target Price: $1.0184,2026-08-07 01:15:00-04:00,2026-08-07 01:30:00-04:00,1.0169,1.0184,no
KXXRP15M-26AUG070145,Target Price: $1.0169,2026-08-07 01:30:00-04:00,2026-08-07 01:45:00-04:00,1.0171,1.0169,yes
KXXRP15M-26AUG070145,Target Price: $1.0169,2026-08-07 01:30:00-04:00,2026-08-07 01:45:00-04:00,1.0171,1.0169,yes
KXXRP15M-26AUG070200,Target Price: $1.0171,2026-08-07 01:45:00-04:00,2026-08-07 02:00:00-04:00,1.0207,1.0171,yes
KXXRP15M-26AUG070200,Target Price: $1.0171,2026-08-07 01:45:00-04:00,2026-08-07 02:00:00-04:00,1.0207,1.0171,yes
KXXRP15M-26AUG070215,Target Price: $1.0207,2026-08-07 02:00:00-04:00,2026-08-07 02:15:00-04:00,1.0243,1.0207,yes
KXXRP15M-26AUG070215,Target Price: $1.0207,2026-08-07 02:00:00-04:00,2026-08-07 02:15:00-04:00,1.0243,1.0207,yes
KXXRP15M-26AUG070230,Target Price: $1.0243,2026-08-07 02:15:00-04:00,2026-08-07 02:30:00-04:00,1.0267,1.0243,yes
KXXRP15M-26AUG070230,Target Price: $1.0243,2026-08-07 02:15:00-04:00,2026-08-07 02:30:00-04:00,1.0267,1.0243,yes
KXXRP15M-26AUG070245,Target Price: $1.0267,2026-08-07 02:30:00-04:00,2026-08-07 02:45:00-04:00,1.0272,1.0267,yes
KXXRP15M-26AUG070245,Target Price: $1.0267,2026-08-07 02:30:00-04:00,2026-08-07 02:45:00-04:00,1.0272,1.0267,yes
KXXRP15M-26AUG070300,Target Price: $1.0272,2026-08-07 02:45:00-04:00,2026-08-07 03:00:00-04:00,1.0256,1.0272,no
KXXRP15M-26AUG070300,Target Price: $1.0272,2026-08-07 02:45:00-04:00,2026-08-07 03:00:00-04:00,1.0256,1.0272,no
KXXRP15M-26AUG070315,Target Price: $1.0256,2026-08-07 03:00:00-04:00,2026-08-07 03:15:00-04:00,1.0270,1.0256,yes
KXXRP15M-26AUG070315,Target Price: $1.0256,2026-08-07 03:00:00-04:00,2026-08-07 03:15:00-04:00,1.0270,1.0256,yes
KXXRP15M-26AUG070330,Target Price: $1.0270,2026-08-07 03:15:00-04:00,2026-08-07 03:30:00-04:00,1.0271,1.027,yes
KXXRP15M-26AUG070330,Target Price: $1.0270,2026-08-07 03:15:00-04:00,2026-08-07 03:30:00-04:00,1.0271,1.027,yes
KXXRP15M-26AUG070345,Target Price: $1.0271,2026-08-07 03:30:00-04:00,2026-08-07 03:45:00-04:00,1.0265,1.0271,no
KXXRP15M-26AUG070345,Target Price: $1.0271,2026-08-07 03:30:00-04:00,2026-08-07 03:45:00-04:00,1.0265,1.0271,no
KXXRP15M-26AUG070400,Target Price: $1.0265,2026-08-07 03:45:00-04:00,2026-08-07 04:00:00-04:00,1.0279,1.0265,yes
KXXRP15M-26AUG070400,Target Price: $1.0265,2026-08-07 03:45:00-04:00,2026-08-07 04:00:00-04:00,1.0279,1.0265,yes
KXXRP15M-26AUG070415,Target Price: $1.0279,2026-08-07 04:00:00-04:00,2026-08-07 04:15:00-04:00,1.0278,1.0279,no
KXXRP15M-26AUG070415,Target Price: $1.0279,2026-08-07 04:00:00-04:00,2026-08-07 04:15:00-04:00,1.0278,1.0279,no
KXXRP15M-26AUG070430,Target Price: $1.0278,2026-08-07 04:15:00-04:00,2026-08-07 04:30:00-04:00,1.0278,1.0278,yes
KXXRP15M-26AUG070430,Target Price: $1.0278,2026-08-07 04:15:00-04:00,2026-08-07 04:30:00-04:00,1.0278,1.0278,yes
KXXRP15M-26AUG070445,Target Price: $1.0278,2026-08-07 04:30:00-04:00,2026-08-07 04:45:00-04:00,1.0304,1.0278,yes
KXXRP15M-26AUG070445,Target Price: $1.0278,2026-08-07 04:30:00-04:00,2026-08-07 04:45:00-04:00,1.0304,1.0278,yes
KXXRP15M-26AUG070500,Target Price: $1.0304,2026-08-07 04:45:00-04:00,2026-08-07 05:00:00-04:00,1.0303,1.0304,no
KXXRP15M-26AUG070500,Target Price: $1.0304,2026-08-07 04:45:00-04:00,2026-08-07 05:00:00-04:00,1.0303,1.0304,no
KXXRP15M-26AUG070515,Target Price: $1.0303,2026-08-07 05:00:00-04:00,2026-08-07 05:15:00-04:00,1.0329,1.0303,yes
KXXRP15M-26AUG070515,Target Price: $1.0303,2026-08-07 05:00:00-04:00,2026-08-07 05:15:00-04:00,1.0329,1.0303,yes
KXXRP15M-26AUG070530,Target Price: $1.0329,2026-08-07 05:15:00-04:00,2026-08-07 05:30:00-04:00,1.0345,1.0329,yes
KXXRP15M-26AUG070530,Target Price: $1.0329,2026-08-07 05:15:00-04:00,2026-08-07 05:30:00-04:00,1.0345,1.0329,yes
KXXRP15M-26AUG070545,Target Price: $1.0345,2026-08-07 05:30:00-04:00,2026-08-07 05:45:00-04:00,1.0355,1.0345,yes
KXXRP15M-26AUG070545,Target Price: $1.0345,2026-08-07 05:30:00-04:00,2026-08-07 05:45:00-04:00,1.0355,1.0345,yes
KXXRP15M-26AUG070600,Target Price: $1.0355,2026-08-07 05:45:00-04:00,2026-08-07 06:00:00-04:00,1.0351,1.0355,no
KXXRP15M-26AUG070600,Target Price: $1.0355,2026-08-07 05:45:00-04:00,2026-08-07 06:00:00-04:00,1.0351,1.0355,no
KXXRP15M-26AUG070615,Target Price: $1.0351,2026-08-07 06:00:00-04:00,2026-08-07 06:15:00-04:00,1.0351,1.0351,yes
KXXRP15M-26AUG070615,Target Price: $1.0351,2026-08-07 06:00:00-04:00,2026-08-07 06:15:00-04:00,1.0351,1.0351,yes
KXXRP15M-26AUG070630,Target Price: $1.0351,2026-08-07 06:15:00-04:00,2026-08-07 06:30:00-04:00,1.0357,1.0351,yes
KXXRP15M-26AUG070630,Target Price: $1.0351,2026-08-07 06:15:00-04:00,2026-08-07 06:30:00-04:00,1.0357,1.0351,yes
KXXRP15M-26AUG070645,Target Price: $1.0357,2026-08-07 06:30:00-04:00,2026-08-07 06:45:00-04:00,1.0348,1.0357,no
KXXRP15M-26AUG070645,Target Price: $1.0357,2026-08-07 06:30:00-04:00,2026-08-07 06:45:00-04:00,1.0348,1.0357,no
KXXRP15M-26AUG070700,Target Price: $1.0348,2026-08-07 06:45:00-04:00,2026-08-07 07:00:00-04:00,1.0340,1.0348,no
KXXRP15M-26AUG070700,Target Price: $1.0348,2026-08-07 06:45:00-04:00,2026-08-07 07:00:00-04:00,1.0340,1.0348,no
KXXRP15M-26AUG070715,Target Price: $1.0340,2026-08-07 07:00:00-04:00,2026-08-07 07:15:00-04:00,1.0339,1.034,no
KXXRP15M-26AUG070715,Target Price: $1.0340,2026-08-07 07:00:00-04:00,2026-08-07 07:15:00-04:00,1.0339,1.034,no
KXXRP15M-26AUG070730,Target Price: $1.0339,2026-08-07 07:15:00-04:00,2026-08-07 07:30:00-04:00,1.0349,1.0339,yes
KXXRP15M-26AUG070730,Target Price: $1.0339,2026-08-07 07:15:00-04:00,2026-08-07 07:30:00-04:00,1.0349,1.0339,yes
KXXRP15M-26AUG070745,Target Price: $1.0349,2026-08-07 07:30:00-04:00,2026-08-07 07:45:00-04:00,1.0326,1.0349,no
KXXRP15M-26AUG070745,Target Price: $1.0349,2026-08-07 07:30:00-04:00,2026-08-07 07:45:00-04:00,1.0326,1.0349,no
KXXRP15M-26AUG070800,Target Price: $1.0326,2026-08-07 07:45:00-04:00,2026-08-07 08:00:00-04:00,1.0332,1.0326,yes
KXXRP15M-26AUG070800,Target Price: $1.0326,2026-08-07 07:45:00-04:00,2026-08-07 08:00:00-04:00,1.0332,1.0326,yes
KXXRP15M-26AUG070815,Target price: TBD,2026-08-07 08:00:00-04:00,2026-08-07 08:15:00-04:00,1.0375,,yes
KXXRP15M-26AUG070815,Target price: TBD,2026-08-07 08:00:00-04:00,2026-08-07 08:15:00-04:00,1.0375,,yes
KXXRP15M-26AUG070830,Target Price: $1.0375,2026-08-07 08:15:00-04:00,2026-08-07 08:30:00-04:00,1.0367,1.0375,no
KXXRP15M-26AUG070830,Target Price: $1.0375,2026-08-07 08:15:00-04:00,2026-08-07 08:30:00-04:00,1.0367,1.0375,no
KXXRP15M-26AUG070845,Target Price: $1.0367,2026-08-07 08:30:00-04:00,2026-08-07 08:45:00-04:00,1.0352,1.0367,no
KXXRP15M-26AUG070845,Target Price: $1.0367,2026-08-07 08:30:00-04:00,2026-08-07 08:45:00-04:00,1.0352,1.0367,no
KXXRP15M-26AUG070900,Target Price: $1.0352,2026-08-07 08:45:00-04:00,2026-08-07 09:00:00-04:00,1.0374,1.0352,yes
KXXRP15M-26AUG070900,Target Price: $1.0352,2026-08-07 08:45:00-04:00,2026-08-07 09:00:00-04:00,1.0374,1.0352,yes
KXXRP15M-26AUG070915,Target Price: $1.0374,2026-08-07 09:00:00-04:00,2026-08-07 09:15:00-04:00,1.0365,1.0374,no
KXXRP15M-26AUG070915,Target Price: $1.0374,2026-08-07 09:00:00-04:00,2026-08-07 09:15:00-04:00,1.0365,1.0374,no
KXXRP15M-26AUG070930,Target Price: $1.0365,2026-08-07 09:15:00-04:00,2026-08-07 09:30:00-04:00,1.0381,1.0365,yes
KXXRP15M-26AUG070930,Target Price: $1.0365,2026-08-07 09:15:00-04:00,2026-08-07 09:30:00-04:00,1.0381,1.0365,yes
KXXRP15M-26AUG070945,Target Price: $1.0381,2026-08-07 09:30:00-04:00,2026-08-07 09:45:00-04:00,1.0398,1.0381,yes
KXXRP15M-26AUG070945,Target Price: $1.0381,2026-08-07 09:30:00-04:00,2026-08-07 09:45:00-04:00,1.0398,1.0381,yes
KXXRP15M-26AUG071000,Target Price: $1.0398,2026-08-07 09:45:00-04:00,2026-08-07 10:00:00-04:00,1.0356,1.0398,no
KXXRP15M-26AUG071000,Target Price: $1.0398,2026-08-07 09:45:00-04:00,2026-08-07 10:00:00-04:00,1.0356,1.0398,no
KXXRP15M-26AUG071015,Target Price: $1.0356,2026-08-07 10:00:00-04:00,2026-08-07 10:15:00-04:00,1.0269,1.0356,no
KXXRP15M-26AUG071015,Target Price: $1.0356,2026-08-07 10:00:00-04:00,2026-08-07 10:15:00-04:00,1.0269,1.0356,no
KXXRP15M-26AUG071030,Target Price: $1.0269,2026-08-07 10:15:00-04:00,2026-08-07 10:30:00-04:00,1.0313,1.0269,yes
KXXRP15M-26AUG071030,Target Price: $1.0269,2026-08-07 10:15:00-04:00,2026-08-07 10:30:00-04:00,1.0313,1.0269,yes
KXXRP15M-26AUG071045,Target Price: $1.0313,2026-08-07 10:30:00-04:00,2026-08-07 10:45:00-04:00,1.0301,1.0313,no
KXXRP15M-26AUG071045,Target Price: $1.0313,2026-08-07 10:30:00-04:00,2026-08-07 10:45:00-04:00,1.0301,1.0313,no
KXXRP15M-26AUG071100,Target Price: $1.0301,2026-08-07 10:45:00-04:00,2026-08-07 11:00:00-04:00,1.0264,1.0301,no
KXXRP15M-26AUG071100,Target Price: $1.0301,2026-08-07 10:45:00-04:00,2026-08-07 11:00:00-04:00,1.0264,1.0301,no
KXXRP15M-26AUG071115,Target Price: $1.0264,2026-08-07 11:00:00-04:00,2026-08-07 11:15:00-04:00,1.0276,1.0264,yes
KXXRP15M-26AUG071115,Target Price: $1.0264,2026-08-07 11:00:00-04:00,2026-08-07 11:15:00-04:00,1.0276,1.0264,yes
KXXRP15M-26AUG071130,Target Price: $1.0276,2026-08-07 11:15:00-04:00,2026-08-07 11:30:00-04:00,1.0270,1.0276,no
KXXRP15M-26AUG071130,Target Price: $1.0276,2026-08-07 11:15:00-04:00,2026-08-07 11:30:00-04:00,1.0270,1.0276,no
KXXRP15M-26AUG071145,Target Price: $1.0270,2026-08-07 11:30:00-04:00,2026-08-07 11:45:00-04:00,1.0272,1.027,yes
KXXRP15M-26AUG071145,Target Price: $1.0270,2026-08-07 11:30:00-04:00,2026-08-07 11:45:00-04:00,1.0272,1.027,yes
KXXRP15M-26AUG071200,Target Price: $1.0272,2026-08-07 11:45:00-04:00,2026-08-07 12:00:00-04:00,1.0272,1.0272,yes
KXXRP15M-26AUG071200,Target Price: $1.0272,2026-08-07 11:45:00-04:00,2026-08-07 12:00:00-04:00,1.0272,1.0272,yes
KXXRP15M-26AUG071215,Target Price: $1.0272,2026-08-07 12:00:00-04:00,2026-08-07 12:15:00-04:00,1.0291,1.0272,yes
KXXRP15M-26AUG071215,Target Price: $1.0272,2026-08-07 12:00:00-04:00,2026-08-07 12:15:00-04:00,1.0291,1.0272,yes
KXXRP15M-26AUG071230,Target Price: $1.0291,2026-08-07 12:15:00-04:00,2026-08-07 12:30:00-04:00,1.0263,1.0291,no
KXXRP15M-26AUG071230,Target Price: $1.0291,2026-08-07 12:15:00-04:00,2026-08-07 12:30:00-04:00,1.0263,1.0291,no
KXXRP15M-26AUG071245,Target Price: $1.0263,2026-08-07 12:30:00-04:00,2026-08-07 12:45:00-04:00,1.0238,1.0263,no
KXXRP15M-26AUG071245,Target Price: $1.0263,2026-08-07 12:30:00-04:00,2026-08-07 12:45:00-04:00,1.0238,1.0263,no
KXXRP15M-26AUG071300,Target Price: $1.0238,2026-08-07 12:45:00-04:00,2026-08-07 13:00:00-04:00,1.0160,1.0238,no
KXXRP15M-26AUG071300,Target Price: $1.0238,2026-08-07 12:45:00-04:00,2026-08-07 13:00:00-04:00,1.0160,1.0238,no
KXXRP15M-26AUG071315,Target Price: $1.0160,2026-08-07 13:00:00-04:00,2026-08-07 13:15:00-04:00,1.0166,1.016,yes
KXXRP15M-26AUG071315,Target Price: $1.0160,2026-08-07 13:00:00-04:00,2026-08-07 13:15:00-04:00,1.0166,1.016,yes
KXXRP15M-26AUG071330,Target Price: $1.0166,2026-08-07 13:15:00-04:00,2026-08-07 13:30:00-04:00,1.0169,1.0166,yes
KXXRP15M-26AUG071330,Target Price: $1.0166,2026-08-07 13:15:00-04:00,2026-08-07 13:30:00-04:00,1.0169,1.0166,yes
KXXRP15M-26AUG071345,Target Price: $1.0169,2026-08-07 13:30:00-04:00,2026-08-07 13:45:00-04:00,1.0152,1.0169,no
KXXRP15M-26AUG071345,Target Price: $1.0169,2026-08-07 13:30:00-04:00,2026-08-07 13:45:00-04:00,1.0152,1.0169,no
KXXRP15M-26AUG071400,Target Price: $1.0152,2026-08-07 13:45:00-04:00,2026-08-07 14:00:00-04:00,1.0161,1.0152,yes
KXXRP15M-26AUG071400,Target Price: $1.0152,2026-08-07 13:45:00-04:00,2026-08-07 14:00:00-04:00,1.0161,1.0152,yes
KXXRP15M-26AUG071415,Target Price: $1.0161,2026-08-07 14:00:00-04:00,2026-08-07 14:15:00-04:00,1.0208,1.0161,yes
KXXRP15M-26AUG071415,Target Price: $1.0161,2026-08-07 14:00:00-04:00,2026-08-07 14:15:00-04:00,1.0208,1.0161,yes
KXXRP15M-26AUG071430,Target Price: $1.0208,2026-08-07 14:15:00-04:00,2026-08-07 14:30:00-04:00,1.0203,1.0208,no
KXXRP15M-26AUG071430,Target Price: $1.0208,2026-08-07 14:15:00-04:00,2026-08-07 14:30:00-04:00,1.0203,1.0208,no
KXXRP15M-26AUG071445,Target Price: $1.0203,2026-08-07 14:30:00-04:00,2026-08-07 14:45:00-04:00,1.0147,1.0203,no
KXXRP15M-26AUG071445,Target Price: $1.0203,2026-08-07 14:30:00-04:00,2026-08-07 14:45:00-04:00,1.0147,1.0203,no
KXXRP15M-26AUG071500,Target Price: $1.0147,2026-08-07 14:45:00-04:00,2026-08-07 15:00:00-04:00,1.0175,1.0147,yes
KXXRP15M-26AUG071500,Target Price: $1.0147,2026-08-07 14:45:00-04:00,2026-08-07 15:00:00-04:00,1.0175,1.0147,yes
KXXRP15M-26AUG071515,Target Price: $1.0175,2026-08-07 15:00:00-04:00,2026-08-07 15:15:00-04:00,1.0213,1.0175,yes
KXXRP15M-26AUG071515,Target Price: $1.0175,2026-08-07 15:00:00-04:00,2026-08-07 15:15:00-04:00,1.0213,1.0175,yes
KXXRP15M-26AUG071530,Target Price: $1.0213,2026-08-07 15:15:00-04:00,2026-08-07 15:30:00-04:00,1.0232,1.0213,yes
KXXRP15M-26AUG071530,Target Price: $1.0213,2026-08-07 15:15:00-04:00,2026-08-07 15:30:00-04:00,1.0232,1.0213,yes
KXXRP15M-26AUG071545,Target Price: $1.0232,2026-08-07 15:30:00-04:00,2026-08-07 15:45:00-04:00,1.0244,1.0232,yes
KXXRP15M-26AUG071545,Target Price: $1.0232,2026-08-07 15:30:00-04:00,2026-08-07 15:45:00-04:00,1.0244,1.0232,yes
KXXRP15M-26AUG071600,Target Price: $1.0244,2026-08-07 15:45:00-04:00,2026-08-07 16:00:00-04:00,1.0231,1.0244,no
KXXRP15M-26AUG071600,Target Price: $1.0244,2026-08-07 15:45:00-04:00,2026-08-07 16:00:00-04:00,1.0231,1.0244,no
KXXRP15M-26AUG071615,Target Price: $1.0231,2026-08-07 16:00:00-04:00,2026-08-07 16:15:00-04:00,1.0241,1.0231,yes
KXXRP15M-26AUG071615,Target Price: $1.0231,2026-08-07 16:00:00-04:00,2026-08-07 16:15:00-04:00,1.0241,1.0231,yes
KXXRP15M-26AUG071630,Target Price: $1.0241,2026-08-07 16:15:00-04:00,2026-08-07 16:30:00-04:00,1.0252,1.0241,yes
KXXRP15M-26AUG071630,Target Price: $1.0241,2026-08-07 16:15:00-04:00,2026-08-07 16:30:00-04:00,1.0252,1.0241,yes
KXXRP15M-26AUG071645,Target Price: $1.0252,2026-08-07 16:30:00-04:00,2026-08-07 16:45:00-04:00,1.0249,1.0252,no
KXXRP15M-26AUG071645,Target Price: $1.0252,2026-08-07 16:30:00-04:00,2026-08-07 16:45:00-04:00,1.0249,1.0252,no
KXXRP15M-26AUG071700,Target Price: $1.0249,2026-08-07 16:45:00-04:00,2026-08-07 17:00:00-04:00,1.0246,1.0249,no
KXXRP15M-26AUG071700,Target Price: $1.0249,2026-08-07 16:45:00-04:00,2026-08-07 17:00:00-04:00,1.0246,1.0249,no
KXXRP15M-26AUG071715,Target Price: $1.0246,2026-08-07 17:00:00-04:00,2026-08-07 17:15:00-04:00,1.0263,1.0246,yes
KXXRP15M-26AUG071715,Target Price: $1.0246,2026-08-07 17:00:00-04:00,2026-08-07 17:15:00-04:00,1.0263,1.0246,yes
KXXRP15M-26AUG071730,Target Price: $1.0263,2026-08-07 17:15:00-04:00,2026-08-07 17:30:00-04:00,1.0251,1.0263,no
KXXRP15M-26AUG071730,Target Price: $1.0263,2026-08-07 17:15:00-04:00,2026-08-07 17:30:00-04:00,1.0251,1.0263,no
KXXRP15M-26AUG071745,Target Price: $1.0251,2026-08-07 17:30:00-04:00,2026-08-07 17:45:00-04:00,1.0225,1.0251,no
KXXRP15M-26AUG071745,Target Price: $1.0251,2026-08-07 17:30:00-04:00,2026-08-07 17:45:00-04:00,1.0225,1.0251,no
KXXRP15M-26AUG071800,Target Price: $1.0225,2026-08-07 17:45:00-04:00,2026-08-07 18:00:00-04:00,1.0227,1.0225,yes
KXXRP15M-26AUG071800,Target Price: $1.0225,2026-08-07 17:45:00-04:00,2026-08-07 18:00:00-04:00,1.0227,1.0225,yes
KXXRP15M-26AUG071815,Target Price: $1.0227,2026-08-07 18:00:00-04:00,2026-08-07 18:15:00-04:00,1.0230,1.0227,yes
KXXRP15M-26AUG071815,Target Price: $1.0227,2026-08-07 18:00:00-04:00,2026-08-07 18:15:00-04:00,1.0230,1.0227,yes
KXXRP15M-26AUG071830,Target Price: $1.0230,2026-08-07 18:15:00-04:00,2026-08-07 18:30:00-04:00,1.0203,1.023,no
KXXRP15M-26AUG071830,Target Price: $1.0230,2026-08-07 18:15:00-04:00,2026-08-07 18:30:00-04:00,1.0203,1.023,no
KXXRP15M-26AUG071845,Target Price: $1.0203,2026-08-07 18:30:00-04:00,2026-08-07 18:45:00-04:00,1.0190,1.0203,no
KXXRP15M-26AUG071845,Target Price: $1.0203,2026-08-07 18:30:00-04:00,2026-08-07 18:45:00-04:00,1.0190,1.0203,no
KXXRP15M-26AUG071900,Target Price: $1.0190,2026-08-07 18:45:00-04:00,2026-08-07 19:00:00-04:00,1.0201,1.019,yes
KXXRP15M-26AUG071900,Target Price: $1.0190,2026-08-07 18:45:00-04:00,2026-08-07 19:00:00-04:00,1.0201,1.019,yes
KXXRP15M-26AUG071915,Target Price: $1.0201,2026-08-07 19:00:00-04:00,2026-08-07 19:15:00-04:00,1.0223,1.0201,yes
KXXRP15M-26AUG071915,Target Price: $1.0201,2026-08-07 19:00:00-04:00,2026-08-07 19:15:00-04:00,1.0223,1.0201,yes
KXXRP15M-26AUG071930,Target Price: $1.0223,2026-08-07 19:15:00-04:00,2026-08-07 19:30:00-04:00,1.0214,1.0223,no
KXXRP15M-26AUG071930,Target Price: $1.0223,2026-08-07 19:15:00-04:00,2026-08-07 19:30:00-04:00,1.0214,1.0223,no
KXXRP15M-26AUG071945,Target Price: $1.0214,2026-08-07 19:30:00-04:00,2026-08-07 19:45:00-04:00,1.0234,1.0214,yes
KXXRP15M-26AUG071945,Target Price: $1.0214,2026-08-07 19:30:00-04:00,2026-08-07 19:45:00-04:00,1.0234,1.0214,yes
KXXRP15M-26AUG072000,Target Price: $1.0234,2026-08-07 19:45:00-04:00,2026-08-07 20:00:00-04:00,1.0212,1.0234,no
KXXRP15M-26AUG072000,Target Price: $1.0234,2026-08-07 19:45:00-04:00,2026-08-07 20:00:00-04:00,1.0212,1.0234,no
KXXRP15M-26AUG072015,Target price: TBD,2026-08-07 20:00:00-04:00,2026-08-07 20:15:00-04:00,1.0231,,yes
KXXRP15M-26AUG072015,Target price: TBD,2026-08-07 20:00:00-04:00,2026-08-07 20:15:00-04:00,1.0231,,yes
KXXRP15M-26AUG072030,Target Price: $1.0231,2026-08-07 20:15:00-04:00,2026-08-07 20:30:00-04:00,1.0237,1.0231,yes
KXXRP15M-26AUG072030,Target Price: $1.0231,2026-08-07 20:15:00-04:00,2026-08-07 20:30:00-04:00,1.0237,1.0231,yes
KXXRP15M-26AUG072045,Target Price: $1.0237,2026-08-07 20:30:00-04:00,2026-08-07 20:45:00-04:00,1.0246,1.0237,yes
KXXRP15M-26AUG072045,Target Price: $1.0237,2026-08-07 20:30:00-04:00,2026-08-07 20:45:00-04:00,1.0246,1.0237,yes
KXXRP15M-26AUG072100,Target Price: $1.0246,2026-08-07 20:45:00-04:00,2026-08-07 21:00:00-04:00,1.0248,1.0246,yes
KXXRP15M-26AUG072100,Target Price: $1.0246,2026-08-07 20:45:00-04:00,2026-08-07 21:00:00-04:00,1.0248,1.0246,yes
KXXRP15M-26AUG072115,Target Price: $1.0248,2026-08-07 21:00:00-04:00,2026-08-07 21:15:00-04:00,1.0259,1.0248,yes
KXXRP15M-26AUG072115,Target Price: $1.0248,2026-08-07 21:00:00-04:00,2026-08-07 21:15:00-04:00,1.0259,1.0248,yes
KXXRP15M-26AUG072130,Target Price: $1.0259,2026-08-07 21:15:00-04:00,2026-08-07 21:30:00-04:00,1.0269,1.0259,yes
KXXRP15M-26AUG072130,Target Price: $1.0259,2026-08-07 21:15:00-04:00,2026-08-07 21:30:00-04:00,1.0269,1.0259,yes
KXXRP15M-26AUG072145,Target Price: $1.0269,2026-08-07 21:30:00-04:00,2026-08-07 21:45:00-04:00,1.0308,1.0269,yes
KXXRP15M-26AUG072145,Target Price: $1.0269,2026-08-07 21:30:00-04:00,2026-08-07 21:45:00-04:00,1.0308,1.0269,yes
KXXRP15M-26AUG072200,Target Price: $1.0308,2026-08-07 21:45:00-04:00,2026-08-07 22:00:00-04:00,1.0300,1.0308,no
KXXRP15M-26AUG072200,Target Price: $1.0308,2026-08-07 21:45:00-04:00,2026-08-07 22:00:00-04:00,1.0300,1.0308,no
KXXRP15M-26AUG072215,Target Price: $1.0300,2026-08-07 22:00:00-04:00,2026-08-07 22:15:00-04:00,1.0303,1.03,yes
KXXRP15M-26AUG072215,Target Price: $1.0300,2026-08-07 22:00:00-04:00,2026-08-07 22:15:00-04:00,1.0303,1.03,yes
KXXRP15M-26AUG072230,Target Price: $1.0303,2026-08-07 22:15:00-04:00,2026-08-07 22:30:00-04:00,1.0302,1.0303,no
KXXRP15M-26AUG072230,Target Price: $1.0303,2026-08-07 22:15:00-04:00,2026-08-07 22:30:00-04:00,1.0302,1.0303,no
KXXRP15M-26AUG072245,Target Price: $1.0302,2026-08-07 22:30:00-04:00,2026-08-07 22:45:00-04:00,1.0306,1.0302,yes
KXXRP15M-26AUG072245,Target Price: $1.0302,2026-08-07 22:30:00-04:00,2026-08-07 22:45:00-04:00,1.0306,1.0302,yes
KXXRP15M-26AUG072300,Target Price: $1.0306,2026-08-07 22:45:00-04:00,2026-08-07 23:00:00-04:00,1.0305,1.0306,no
KXXRP15M-26AUG072300,Target Price: $1.0306,2026-08-07 22:45:00-04:00,2026-08-07 23:00:00-04:00,1.0305,1.0306,no
KXXRP15M-26AUG072315,Target Price: $1.0305,2026-08-07 23:00:00-04:00,2026-08-07 23:15:00-04:00,1.0318,1.0305,yes
KXXRP15M-26AUG072315,Target Price: $1.0305,2026-08-07 23:00:00-04:00,2026-08-07 23:15:00-04:00,1.0318,1.0305,yes
KXXRP15M-26AUG072330,Target Price: $1.0318,2026-08-07 23:15:00-04:00,2026-08-07 23:30:00-04:00,1.0340,1.0318,yes
KXXRP15M-26AUG072330,Target Price: $1.0318,2026-08-07 23:15:00-04:00,2026-08-07 23:30:00-04:00,1.0340,1.0318,yes
KXXRP15M-26AUG072345,Target Price: $1.0340,2026-08-07 23:30:00-04:00,2026-08-07 23:45:00-04:00,1.0367,1.034,yes
KXXRP15M-26AUG072345,Target Price: $1.0340,2026-08-07 23:30:00-04:00,2026-08-07 23:45:00-04:00,1.0367,1.034,yes
KXXRP15M-26AUG080000,Target Price: $1.0367,2026-08-07 23:45:00-04:00,2026-08-08 00:00:00-04:00,1.0371,1.0367,yes
KXXRP15M-26AUG080000,Target Price: $1.0367,2026-08-07 23:45:00-04:00,2026-08-08 00:00:00-04:00,1.0371,1.0367,yes
KXXRP15M-26AUG080015,Target Price: $1.0371,2026-08-08 00:00:00-04:00,2026-08-08 00:15:00-04:00,1.0359,1.0371,no
KXXRP15M-26AUG080015,Target Price: $1.0371,2026-08-08 00:00:00-04:00,2026-08-08 00:15:00-04:00,1.0359,1.0371,no
KXXRP15M-26AUG080030,Target Price: $1.0359,2026-08-08 00:15:00-04:00,2026-08-08 00:30:00-04:00,1.0354,1.0359,no
KXXRP15M-26AUG080030,Target Price: $1.0359,2026-08-08 00:15:00-04:00,2026-08-08 00:30:00-04:00,1.0354,1.0359,no
KXXRP15M-26AUG080045,Target Price: $1.0354,2026-08-08 00:30:00-04:00,2026-08-08 00:45:00-04:00,1.0343,1.0354,no
KXXRP15M-26AUG080045,Target Price: $1.0354,2026-08-08 00:30:00-04:00,2026-08-08 00:45:00-04:00,1.0343,1.0354,no
KXXRP15M-26AUG080100,Target Price: $1.0343,2026-08-08 00:45:00-04:00,2026-08-08 01:00:00-04:00,1.0345,1.0343,yes
KXXRP15M-26AUG080100,Target Price: $1.0343,2026-08-08 00:45:00-04:00,2026-08-08 01:00:00-04:00,1.0345,1.0343,yes
KXXRP15M-26AUG080115,Target Price: $1.0345,2026-08-08 01:00:00-04:00,2026-08-08 01:15:00-04:00,1.0343,1.0345,no
KXXRP15M-26AUG080115,Target Price: $1.0345,2026-08-08 01:00:00-04:00,2026-08-08 01:15:00-04:00,1.0343,1.0345,no
KXXRP15M-26AUG080130,Target Price: $1.0343,2026-08-08 01:15:00-04:00,2026-08-08 01:30:00-04:00,1.0333,1.0343,no
KXXRP15M-26AUG080130,Target Price: $1.0343,2026-08-08 01:15:00-04:00,2026-08-08 01:30:00-04:00,1.0333,1.0343,no
KXXRP15M-26AUG080145,Target Price: $1.0333,2026-08-08 01:30:00-04:00,2026-08-08 01:45:00-04:00,1.0331,1.0333,no
KXXRP15M-26AUG080145,Target Price: $1.0333,2026-08-08 01:30:00-04:00,2026-08-08 01:45:00-04:00,1.0331,1.0333,no
KXXRP15M-26AUG080200,Target Price: $1.0331,2026-08-08 01:45:00-04:00,2026-08-08 02:00:00-04:00,1.0326,1.0331,no
KXXRP15M-26AUG080200,Target Price: $1.0331,2026-08-08 01:45:00-04:00,2026-08-08 02:00:00-04:00,1.0326,1.0331,no
KXXRP15M-26AUG080215,Target Price: $1.0326,2026-08-08 02:00:00-04:00,2026-08-08 02:15:00-04:00,1.0339,1.0326,yes
KXXRP15M-26AUG080215,Target Price: $1.0326,2026-08-08 02:00:00-04:00,2026-08-08 02:15:00-04:00,1.0339,1.0326,yes
KXXRP15M-26AUG080230,Target Price: $1.0339,2026-08-08 02:15:00-04:00,2026-08-08 02:30:00-04:00,1.0335,1.0339,no
KXXRP15M-26AUG080230,Target Price: $1.0339,2026-08-08 02:15:00-04:00,2026-08-08 02:30:00-04:00,1.0335,1.0339,no
KXXRP15M-26AUG080245,Target Price: $1.0335,2026-08-08 02:30:00-04:00,2026-08-08 02:45:00-04:00,1.0347,1.0335,yes
KXXRP15M-26AUG080245,Target Price: $1.0335,2026-08-08 02:30:00-04:00,2026-08-08 02:45:00-04:00,1.0347,1.0335,yes
KXXRP15M-26AUG080300,Target Price: $1.0347,2026-08-08 02:45:00-04:00,2026-08-08 03:00:00-04:00,1.0344,1.0347,no
KXXRP15M-26AUG080300,Target Price: $1.0347,2026-08-08 02:45:00-04:00,2026-08-08 03:00:00-04:00,1.0344,1.0347,no
KXXRP15M-26AUG080315,Target Price: $1.0344,2026-08-08 03:00:00-04:00,2026-08-08 03:15:00-04:00,1.0336,1.0344,no
KXXRP15M-26AUG080315,Target Price: $1.0344,2026-08-08 03:00:00-04:00,2026-08-08 03:15:00-04:00,1.0336,1.0344,no
KXXRP15M-26AUG080330,Target Price: $1.0336,2026-08-08 03:15:00-04:00,2026-08-08 03:30:00-04:00,1.0341,1.0336,yes
KXXRP15M-26AUG080330,Target Price: $1.0336,2026-08-08 03:15:00-04:00,2026-08-08 03:30:00-04:00,1.0341,1.0336,yes
KXXRP15M-26AUG080345,Target Price: $1.0341,2026-08-08 03:30:00-04:00,2026-08-08 03:45:00-04:00,1.0331,1.0341,no
KXXRP15M-26AUG080345,Target Price: $1.0341,2026-08-08 03:30:00-04:00,2026-08-08 03:45:00-04:00,1.0331,1.0341,no
KXXRP15M-26AUG080400,Target Price: $1.0331,2026-08-08 03:45:00-04:00,2026-08-08 04:00:00-04:00,1.0343,1.0331,yes
KXXRP15M-26AUG080400,Target Price: $1.0331,2026-08-08 03:45:00-04:00,2026-08-08 04:00:00-04:00,1.0343,1.0331,yes
KXXRP15M-26AUG080415,Target Price: $1.0343,2026-08-08 04:00:00-04:00,2026-08-08 04:15:00-04:00,1.0345,1.0343,yes
KXXRP15M-26AUG080415,Target Price: $1.0343,2026-08-08 04:00:00-04:00,2026-08-08 04:15:00-04:00,1.0345,1.0343,yes
KXXRP15M-26AUG080430,Target Price: $1.0345,2026-08-08 04:15:00-04:00,2026-08-08 04:30:00-04:00,1.0346,1.0345,yes
KXXRP15M-26AUG080430,Target Price: $1.0345,2026-08-08 04:15:00-04:00,2026-08-08 04:30:00-04:00,1.0346,1.0345,yes
KXXRP15M-26AUG080445,Target Price: $1.0346,2026-08-08 04:30:00-04:00,2026-08-08 04:45:00-04:00,1.0340,1.0346,no
KXXRP15M-26AUG080445,Target Price: $1.0346,2026-08-08 04:30:00-04:00,2026-08-08 04:45:00-04:00,1.0340,1.0346,no
KXXRP15M-26AUG080500,Target Price: $1.0340,2026-08-08 04:45:00-04:00,2026-08-08 05:00:00-04:00,1.0354,1.034,yes
KXXRP15M-26AUG080500,Target Price: $1.0340,2026-08-08 04:45:00-04:00,2026-08-08 05:00:00-04:00,1.0354,1.034,yes
KXXRP15M-26AUG080515,Target Price: $1.0354,2026-08-08 05:00:00-04:00,2026-08-08 05:15:00-04:00,1.0351,1.0354,no
KXXRP15M-26AUG080515,Target Price: $1.0354,2026-08-08 05:00:00-04:00,2026-08-08 05:15:00-04:00,1.0351,1.0354,no
KXXRP15M-26AUG080530,Target Price: $1.0351,2026-08-08 05:15:00-04:00,2026-08-08 05:30:00-04:00,1.0358,1.0351,yes
KXXRP15M-26AUG080530,Target Price: $1.0351,2026-08-08 05:15:00-04:00,2026-08-08 05:30:00-04:00,1.0358,1.0351,yes
KXXRP15M-26AUG080545,Target Price: $1.0358,2026-08-08 05:30:00-04:00,2026-08-08 05:45:00-04:00,1.0355,1.0358,no
KXXRP15M-26AUG080545,Target Price: $1.0358,2026-08-08 05:30:00-04:00,2026-08-08 05:45:00-04:00,1.0355,1.0358,no
KXXRP15M-26AUG080600,Target Price: $1.0355,2026-08-08 05:45:00-04:00,2026-08-08 06:00:00-04:00,1.0354,1.0355,no
KXXRP15M-26AUG080600,Target Price: $1.0355,2026-08-08 05:45:00-04:00,2026-08-08 06:00:00-04:00,1.0354,1.0355,no
KXXRP15M-26AUG080615,Target Price: $1.0354,2026-08-08 06:00:00-04:00,2026-08-08 06:15:00-04:00,1.0353,1.0354,no
KXXRP15M-26AUG080615,Target Price: $1.0354,2026-08-08 06:00:00-04:00,2026-08-08 06:15:00-04:00,1.0353,1.0354,no
KXXRP15M-26AUG080630,Target Price: $1.0353,2026-08-08 06:15:00-04:00,2026-08-08 06:30:00-04:00,1.0366,1.0353,yes
KXXRP15M-26AUG080630,Target Price: $1.0353,2026-08-08 06:15:00-04:00,2026-08-08 06:30:00-04:00,1.0366,1.0353,yes
KXXRP15M-26AUG080645,Target Price: $1.0366,2026-08-08 06:30:00-04:00,2026-08-08 06:45:00-04:00,1.0366,1.0366,yes
KXXRP15M-26AUG080645,Target Price: $1.0366,2026-08-08 06:30:00-04:00,2026-08-08 06:45:00-04:00,1.0366,1.0366,yes
KXXRP15M-26AUG080700,Target Price: $1.0366,2026-08-08 06:45:00-04:00,2026-08-08 07:00:00-04:00,1.0390,1.0366,yes
KXXRP15M-26AUG080700,Target Price: $1.0366,2026-08-08 06:45:00-04:00,2026-08-08 07:00:00-04:00,1.0390,1.0366,yes
KXXRP15M-26AUG080715,Target Price: $1.0390,2026-08-08 07:00:00-04:00,2026-08-08 07:15:00-04:00,1.0387,1.039,no
KXXRP15M-26AUG080715,Target Price: $1.0390,2026-08-08 07:00:00-04:00,2026-08-08 07:15:00-04:00,1.0387,1.039,no
KXXRP15M-26AUG080730,Target Price: $1.0387,2026-08-08 07:15:00-04:00,2026-08-08 07:30:00-04:00,1.0373,1.0387,no
KXXRP15M-26AUG080730,Target Price: $1.0387,2026-08-08 07:15:00-04:00,2026-08-08 07:30:00-04:00,1.0373,1.0387,no
KXXRP15M-26AUG080745,Target Price: $1.0373,2026-08-08 07:30:00-04:00,2026-08-08 07:45:00-04:00,1.0365,1.0373,no
KXXRP15M-26AUG080745,Target Price: $1.0373,2026-08-08 07:30:00-04:00,2026-08-08 07:45:00-04:00,1.0365,1.0373,no
KXXRP15M-26AUG080800,Target Price: $1.0365,2026-08-08 07:45:00-04:00,2026-08-08 08:00:00-04:00,1.0373,1.0365,yes
KXXRP15M-26AUG080800,Target Price: $1.0365,2026-08-08 07:45:00-04:00,2026-08-08 08:00:00-04:00,1.0373,1.0365,yes
KXXRP15M-26AUG080815,Target Price: $1.0373,2026-08-08 08:00:00-04:00,2026-08-08 08:15:00-04:00,1.0384,1.0373,yes
KXXRP15M-26AUG080815,Target Price: $1.0373,2026-08-08 08:00:00-04:00,2026-08-08 08:15:00-04:00,1.0384,1.0373,yes
KXXRP15M-26AUG080830,Target Price: $1.0384,2026-08-08 08:15:00-04:00,2026-08-08 08:30:00-04:00,1.0383,1.0384,no
KXXRP15M-26AUG080830,Target Price: $1.0384,2026-08-08 08:15:00-04:00,2026-08-08 08:30:00-04:00,1.0383,1.0384,no
KXXRP15M-26AUG080845,Target Price: $1.0383,2026-08-08 08:30:00-04:00,2026-08-08 08:45:00-04:00,1.0415,1.0383,yes
KXXRP15M-26AUG080845,Target Price: $1.0383,2026-08-08 08:30:00-04:00,2026-08-08 08:45:00-04:00,1.0415,1.0383,yes
KXXRP15M-26AUG080900,Target Price: $1.0415,2026-08-08 08:45:00-04:00,2026-08-08 09:00:00-04:00,1.0407,1.0415,no
KXXRP15M-26AUG080900,Target Price: $1.0415,2026-08-08 08:45:00-04:00,2026-08-08 09:00:00-04:00,1.0407,1.0415,no
KXXRP15M-26AUG080915,Target Price: $1.0407,2026-08-08 09:00:00-04:00,2026-08-08 09:15:00-04:00,1.0403,1.0407,no
KXXRP15M-26AUG080915,Target Price: $1.0407,2026-08-08 09:00:00-04:00,2026-08-08 09:15:00-04:00,1.0403,1.0407,no
KXXRP15M-26AUG080930,Target Price: $1.0403,2026-08-08 09:15:00-04:00,2026-08-08 09:30:00-04:00,1.0412,1.0403,yes
KXXRP15M-26AUG080930,Target Price: $1.0403,2026-08-08 09:15:00-04:00,2026-08-08 09:30:00-04:00,1.0412,1.0403,yes
KXXRP15M-26AUG080945,Target Price: $1.0412,2026-08-08 09:30:00-04:00,2026-08-08 09:45:00-04:00,1.0414,1.0412,yes
KXXRP15M-26AUG080945,Target Price: $1.0412,2026-08-08 09:30:00-04:00,2026-08-08 09:45:00-04:00,1.0414,1.0412,yes
KXXRP15M-26AUG081000,Target Price: $1.0414,2026-08-08 09:45:00-04:00,2026-08-08 10:00:00-04:00,1.0410,1.0414,no
KXXRP15M-26AUG081000,Target Price: $1.0414,2026-08-08 09:45:00-04:00,2026-08-08 10:00:00-04:00,1.0410,1.0414,no
KXXRP15M-26AUG081015,Target Price: $1.0410,2026-08-08 10:00:00-04:00,2026-08-08 10:15:00-04:00,1.0428,1.041,yes
KXXRP15M-26AUG081015,Target Price: $1.0410,2026-08-08 10:00:00-04:00,2026-08-08 10:15:00-04:00,1.0428,1.041,yes
KXXRP15M-26AUG081030,Target Price: $1.0428,2026-08-08 10:15:00-04:00,2026-08-08 10:30:00-04:00,1.0418,1.0428,no
KXXRP15M-26AUG081030,Target Price: $1.0428,2026-08-08 10:15:00-04:00,2026-08-08 10:30:00-04:00,1.0418,1.0428,no
KXXRP15M-26AUG081045,Target Price: $1.0418,2026-08-08 10:30:00-04:00,2026-08-08 10:45:00-04:00,1.0425,1.0418,yes
KXXRP15M-26AUG081045,Target Price: $1.0418,2026-08-08 10:30:00-04:00,2026-08-08 10:45:00-04:00,1.0425,1.0418,yes
KXXRP15M-26AUG081100,Target Price: $1.0425,2026-08-08 10:45:00-04:00,2026-08-08 11:00:00-04:00,1.0438,1.0425,yes
KXXRP15M-26AUG081100,Target Price: $1.0425,2026-08-08 10:45:00-04:00,2026-08-08 11:00:00-04:00,1.0438,1.0425,yes
KXXRP15M-26AUG081115,Target Price: $1.0438,2026-08-08 11:00:00-04:00,2026-08-08 11:15:00-04:00,1.0436,1.0438,no
KXXRP15M-26AUG081115,Target Price: $1.0438,2026-08-08 11:00:00-04:00,2026-08-08 11:15:00-04:00,1.0436,1.0438,no
KXXRP15M-26AUG081130,Target Price: $1.0436,2026-08-08 11:15:00-04:00,2026-08-08 11:30:00-04:00,1.0427,1.0436,no
KXXRP15M-26AUG081130,Target Price: $1.0436,2026-08-08 11:15:00-04:00,2026-08-08 11:30:00-04:00,1.0427,1.0436,no
KXXRP15M-26AUG081145,Target Price: $1.0427,2026-08-08 11:30:00-04:00,2026-08-08 11:45:00-04:00,1.0428,1.0427,yes
KXXRP15M-26AUG081145,Target Price: $1.0427,2026-08-08 11:30:00-04:00,2026-08-08 11:45:00-04:00,1.0428,1.0427,yes
KXXRP15M-26AUG081200,Target Price: $1.0428,2026-08-08 11:45:00-04:00,2026-08-08 12:00:00-04:00,1.0449,1.0428,yes
KXXRP15M-26AUG081200,Target Price: $1.0428,2026-08-08 11:45:00-04:00,2026-08-08 12:00:00-04:00,1.0449,1.0428,yes
KXXRP15M-26AUG081215,Target Price: $1.0449,2026-08-08 12:00:00-04:00,2026-08-08 12:15:00-04:00,1.0472,1.0449,yes
KXXRP15M-26AUG081215,Target Price: $1.0449,2026-08-08 12:00:00-04:00,2026-08-08 12:15:00-04:00,1.0472,1.0449,yes
KXXRP15M-26AUG081230,Target Price: $1.0472,2026-08-08 12:15:00-04:00,2026-08-08 12:30:00-04:00,1.0463,1.0472,no
KXXRP15M-26AUG081230,Target Price: $1.0472,2026-08-08 12:15:00-04:00,2026-08-08 12:30:00-04:00,1.0463,1.0472,no
KXXRP15M-26AUG081245,Target Price: $1.0463,2026-08-08 12:30:00-04:00,2026-08-08 12:45:00-04:00,1.0473,1.0463,yes
KXXRP15M-26AUG081245,Target Price: $1.0463,2026-08-08 12:30:00-04:00,2026-08-08 12:45:00-04:00,1.0473,1.0463,yes
KXXRP15M-26AUG081300,Target Price: $1.0473,2026-08-08 12:45:00-04:00,2026-08-08 13:00:00-04:00,1.0468,1.0473,no
KXXRP15M-26AUG081300,Target Price: $1.0473,2026-08-08 12:45:00-04:00,2026-08-08 13:00:00-04:00,1.0468,1.0473,no
KXXRP15M-26AUG081315,Target Price: $1.0468,2026-08-08 13:00:00-04:00,2026-08-08 13:15:00-04:00,1.0463,1.0468,no
KXXRP15M-26AUG081315,Target Price: $1.0468,2026-08-08 13:00:00-04:00,2026-08-08 13:15:00-04:00,1.0463,1.0468,no
KXXRP15M-26AUG081330,Target Price: $1.0463,2026-08-08 13:15:00-04:00,2026-08-08 13:30:00-04:00,1.0468,1.0463,yes
KXXRP15M-26AUG081330,Target Price: $1.0463,2026-08-08 13:15:00-04:00,2026-08-08 13:30:00-04:00,1.0468,1.0463,yes
KXXRP15M-26AUG081345,Target Price: $1.0468,2026-08-08 13:30:00-04:00,2026-08-08 13:45:00-04:00,1.0466,1.0468,no
KXXRP15M-26AUG081345,Target Price: $1.0468,2026-08-08 13:30:00-04:00,2026-08-08 13:45:00-04:00,1.0466,1.0468,no
KXXRP15M-26AUG081400,Target Price: $1.0466,2026-08-08 13:45:00-04:00,2026-08-08 14:00:00-04:00,1.0454,1.0466,no
KXXRP15M-26AUG081400,Target Price: $1.0466,2026-08-08 13:45:00-04:00,2026-08-08 14:00:00-04:00,1.0454,1.0466,no
KXXRP15M-26AUG081415,Target Price: $1.0454,2026-08-08 14:00:00-04:00,2026-08-08 14:15:00-04:00,1.0430,1.0454,no
KXXRP15M-26AUG081415,Target Price: $1.0454,2026-08-08 14:00:00-04:00,2026-08-08 14:15:00-04:00,1.0430,1.0454,no
KXXRP15M-26AUG081430,Target Price: $1.0430,2026-08-08 14:15:00-04:00,2026-08-08 14:30:00-04:00,1.0414,1.043,no
KXXRP15M-26AUG081430,Target Price: $1.0430,2026-08-08 14:15:00-04:00,2026-08-08 14:30:00-04:00,1.0414,1.043,no
KXXRP15M-26AUG081445,Target Price: $1.0414,2026-08-08 14:30:00-04:00,2026-08-08 14:45:00-04:00,1.0425,1.0414,yes
KXXRP15M-26AUG081445,Target Price: $1.0414,2026-08-08 14:30:00-04:00,2026-08-08 14:45:00-04:00,1.0425,1.0414,yes
KXXRP15M-26AUG081500,Target Price: $1.0425,2026-08-08 14:45:00-04:00,2026-08-08 15:00:00-04:00,1.0414,1.0425,no
KXXRP15M-26AUG081500,Target Price: $1.0425,2026-08-08 14:45:00-04:00,2026-08-08 15:00:00-04:00,1.0414,1.0425,no
KXXRP15M-26AUG081515,Target Price: $1.0414,2026-08-08 15:00:00-04:00,2026-08-08 15:15:00-04:00,1.0411,1.0414,no
KXXRP15M-26AUG081515,Target Price: $1.0414,2026-08-08 15:00:00-04:00,2026-08-08 15:15:00-04:00,1.0411,1.0414,no
KXXRP15M-26AUG081530,Target Price: $1.0411,2026-08-08 15:15:00-04:00,2026-08-08 15:30:00-04:00,1.0404,1.0411,no
KXXRP15M-26AUG081530,Target Price: $1.0411,2026-08-08 15:15:00-04:00,2026-08-08 15:30:00-04:00,1.0404,1.0411,no
KXXRP15M-26AUG081545,Target Price: $1.0404,2026-08-08 15:30:00-04:00,2026-08-08 15:45:00-04:00,1.0416,1.0404,yes
KXXRP15M-26AUG081545,Target Price: $1.0404,2026-08-08 15:30:00-04:00,2026-08-08 15:45:00-04:00,1.0416,1.0404,yes
KXXRP15M-26AUG081600,Target Price: $1.0416,2026-08-08 15:45:00-04:00,2026-08-08 16:00:00-04:00,1.0418,1.0416,yes
KXXRP15M-26AUG081600,Target Price: $1.0416,2026-08-08 15:45:00-04:00,2026-08-08 16:00:00-04:00,1.0418,1.0416,yes
KXXRP15M-26AUG081615,Target Price: $1.0418,2026-08-08 16:00:00-04:00,2026-08-08 16:15:00-04:00,1.0423,1.0418,yes
KXXRP15M-26AUG081615,Target Price: $1.0418,2026-08-08 16:00:00-04:00,2026-08-08 16:15:00-04:00,1.0423,1.0418,yes
KXXRP15M-26AUG081630,Target Price: $1.0423,2026-08-08 16:15:00-04:00,2026-08-08 16:30:00-04:00,1.0419,1.0423,no
KXXRP15M-26AUG081630,Target Price: $1.0423,2026-08-08 16:15:00-04:00,2026-08-08 16:30:00-04:00,1.0419,1.0423,no
KXXRP15M-26AUG081645,Target Price: $1.0419,2026-08-08 16:30:00-04:00,2026-08-08 16:45:00-04:00,1.0420,1.0419,yes
KXXRP15M-26AUG081645,Target Price: $1.0419,2026-08-08 16:30:00-04:00,2026-08-08 16:45:00-04:00,1.0420,1.0419,yes
KXXRP15M-26AUG081700,Target Price: $1.0420,2026-08-08 16:45:00-04:00,2026-08-08 17:00:00-04:00,1.0419,1.042,no
KXXRP15M-26AUG081700,Target Price: $1.0420,2026-08-08 16:45:00-04:00,2026-08-08 17:00:00-04:00,1.0419,1.042,no
KXXRP15M-26AUG081715,Target Price: $1.0419,2026-08-08 17:00:00-04:00,2026-08-08 17:15:00-04:00,1.0418,1.0419,no
KXXRP15M-26AUG081715,Target Price: $1.0419,2026-08-08 17:00:00-04:00,2026-08-08 17:15:00-04:00,1.0418,1.0419,no
KXXRP15M-26AUG081730,Target Price: $1.0418,2026-08-08 17:15:00-04:00,2026-08-08 17:30:00-04:00,1.0429,1.0418,yes
KXXRP15M-26AUG081730,Target Price: $1.0418,2026-08-08 17:15:00-04:00,2026-08-08 17:30:00-04:00,1.0429,1.0418,yes
KXXRP15M-26AUG081745,Target Price: $1.0429,2026-08-08 17:30:00-04:00,2026-08-08 17:45:00-04:00,1.0430,1.0429,yes
KXXRP15M-26AUG081745,Target Price: $1.0429,2026-08-08 17:30:00-04:00,2026-08-08 17:45:00-04:00,1.0430,1.0429,yes
KXXRP15M-26AUG081800,Target Price: $1.0430,2026-08-08 17:45:00-04:00,2026-08-08 18:00:00-04:00,1.0425,1.043,no
KXXRP15M-26AUG081800,Target Price: $1.0430,2026-08-08 17:45:00-04:00,2026-08-08 18:00:00-04:00,1.0425,1.043,no
KXXRP15M-26AUG081815,Target Price: $1.0425,2026-08-08 18:00:00-04:00,2026-08-08 18:15:00-04:00,1.0414,1.0425,no
KXXRP15M-26AUG081815,Target Price: $1.0425,2026-08-08 18:00:00-04:00,2026-08-08 18:15:00-04:00,1.0414,1.0425,no
KXXRP15M-26AUG081830,Target Price: $1.0414,2026-08-08 18:15:00-04:00,2026-08-08 18:30:00-04:00,1.0410,1.0414,no
KXXRP15M-26AUG081830,Target Price: $1.0414,2026-08-08 18:15:00-04:00,2026-08-08 18:30:00-04:00,1.0410,1.0414,no
KXXRP15M-26AUG081845,Target Price: $1.0410,2026-08-08 18:30:00-04:00,2026-08-08 18:45:00-04:00,1.0392,1.041,no
KXXRP15M-26AUG081845,Target Price: $1.0410,2026-08-08 18:30:00-04:00,2026-08-08 18:45:00-04:00,1.0392,1.041,no
KXXRP15M-26AUG081900,Target Price: $1.0392,2026-08-08 18:45:00-04:00,2026-08-08 19:00:00-04:00,1.0381,1.0392,no
KXXRP15M-26AUG081900,Target Price: $1.0392,2026-08-08 18:45:00-04:00,2026-08-08 19:00:00-04:00,1.0381,1.0392,no
KXXRP15M-26AUG081915,Target Price: $1.0381,2026-08-08 19:00:00-04:00,2026-08-08 19:15:00-04:00,1.0372,1.0381,no
KXXRP15M-26AUG081915,Target Price: $1.0381,2026-08-08 19:00:00-04:00,2026-08-08 19:15:00-04:00,1.0372,1.0381,no
KXXRP15M-26AUG081930,Target Price: $1.0372,2026-08-08 19:15:00-04:00,2026-08-08 19:30:00-04:00,1.0375,1.0372,yes
KXXRP15M-26AUG081930,Target Price: $1.0372,2026-08-08 19:15:00-04:00,2026-08-08 19:30:00-04:00,1.0375,1.0372,yes
KXXRP15M-26AUG081945,Target Price: $1.0375,2026-08-08 19:30:00-04:00,2026-08-08 19:45:00-04:00,1.0387,1.0375,yes
KXXRP15M-26AUG081945,Target Price: $1.0375,2026-08-08 19:30:00-04:00,2026-08-08 19:45:00-04:00,1.0387,1.0375,yes
KXXRP15M-26AUG082000,Target Price: $1.0387,2026-08-08 19:45:00-04:00,2026-08-08 20:00:00-04:00,1.0388,1.0387,yes
KXXRP15M-26AUG082000,Target Price: $1.0387,2026-08-08 19:45:00-04:00,2026-08-08 20:00:00-04:00,1.0388,1.0387,yes
KXXRP15M-26AUG082015,Target Price: $1.0388,2026-08-08 20:00:00-04:00,2026-08-08 20:15:00-04:00,1.0392,1.0388,yes
KXXRP15M-26AUG082015,Target Price: $1.0388,2026-08-08 20:00:00-04:00,2026-08-08 20:15:00-04:00,1.0392,1.0388,yes
KXXRP15M-26AUG082030,Target Price: $1.0392,2026-08-08 20:15:00-04:00,2026-08-08 20:30:00-04:00,1.0379,1.0392,no
KXXRP15M-26AUG082030,Target Price: $1.0392,2026-08-08 20:15:00-04:00,2026-08-08 20:30:00-04:00,1.0379,1.0392,no
KXXRP15M-26AUG082045,Target Price: $1.0379,2026-08-08 20:30:00-04:00,2026-08-08 20:45:00-04:00,1.0392,1.0379,yes
KXXRP15M-26AUG082045,Target Price: $1.0379,2026-08-08 20:30:00-04:00,2026-08-08 20:45:00-04:00,1.0392,1.0379,yes
KXXRP15M-26AUG082100,Target Price: $1.0392,2026-08-08 20:45:00-04:00,2026-08-08 21:00:00-04:00,1.0387,1.0392,no
KXXRP15M-26AUG082100,Target Price: $1.0392,2026-08-08 20:45:00-04:00,2026-08-08 21:00:00-04:00,1.0387,1.0392,no
KXXRP15M-26AUG082115,Target Price: $1.0387,2026-08-08 21:00:00-04:00,2026-08-08 21:15:00-04:00,1.0387,1.0387,yes
KXXRP15M-26AUG082115,Target Price: $1.0387,2026-08-08 21:00:00-04:00,2026-08-08 21:15:00-04:00,1.0387,1.0387,yes
KXXRP15M-26AUG082130,Target Price: $1.0387,2026-08-08 21:15:00-04:00,2026-08-08 21:30:00-04:00,1.0353,1.0387,no
KXXRP15M-26AUG082130,Target Price: $1.0387,2026-08-08 21:15:00-04:00,2026-08-08 21:30:00-04:00,1.0353,1.0387,no
KXXRP15M-26AUG082145,Target Price: $1.0353,2026-08-08 21:30:00-04:00,2026-08-08 21:45:00-04:00,1.0360,1.0353,yes
KXXRP15M-26AUG082145,Target Price: $1.0353,2026-08-08 21:30:00-04:00,2026-08-08 21:45:00-04:00,1.0360,1.0353,yes
KXXRP15M-26AUG082200,Target Price: $1.0360,2026-08-08 21:45:00-04:00,2026-08-08 22:00:00-04:00,1.0355,1.036,no
KXXRP15M-26AUG082200,Target Price: $1.0360,2026-08-08 21:45:00-04:00,2026-08-08 22:00:00-04:00,1.0355,1.036,no
KXXRP15M-26AUG082215,Target Price: $1.0355,2026-08-08 22:00:00-04:00,2026-08-08 22:15:00-04:00,1.0355,1.0355,yes
KXXRP15M-26AUG082215,Target Price: $1.0355,2026-08-08 22:00:00-04:00,2026-08-08 22:15:00-04:00,1.0355,1.0355,yes
KXXRP15M-26AUG082230,Target Price: $1.0355,2026-08-08 22:15:00-04:00,2026-08-08 22:30:00-04:00,1.0359,1.0355,yes
KXXRP15M-26AUG082230,Target Price: $1.0355,2026-08-08 22:15:00-04:00,2026-08-08 22:30:00-04:00,1.0359,1.0355,yes
KXXRP15M-26AUG082245,Target Price: $1.0359,2026-08-08 22:30:00-04:00,2026-08-08 22:45:00-04:00,1.0347,1.0359,no
KXXRP15M-26AUG082245,Target Price: $1.0359,2026-08-08 22:30:00-04:00,2026-08-08 22:45:00-04:00,1.0347,1.0359,no
KXXRP15M-26AUG082300,Target Price: $1.0347,2026-08-08 22:45:00-04:00,2026-08-08 23:00:00-04:00,1.0343,1.0347,no
KXXRP15M-26AUG082300,Target Price: $1.0347,2026-08-08 22:45:00-04:00,2026-08-08 23:00:00-04:00,1.0343,1.0347,no
KXXRP15M-26AUG082315,Target Price: $1.0343,2026-08-08 23:00:00-04:00,2026-08-08 23:15:00-04:00,1.0342,1.0343,no
KXXRP15M-26AUG082315,Target Price: $1.0343,2026-08-08 23:00:00-04:00,2026-08-08 23:15:00-04:00,1.0342,1.0343,no
KXXRP15M-26AUG082330,Target Price: $1.0342,2026-08-08 23:15:00-04:00,2026-08-08 23:30:00-04:00,1.0366,1.0342,yes
KXXRP15M-26AUG082330,Target Price: $1.0342,2026-08-08 23:15:00-04:00,2026-08-08 23:30:00-04:00,1.0366,1.0342,yes
KXXRP15M-26AUG082345,Target Price: $1.0366,2026-08-08 23:30:00-04:00,2026-08-08 23:45:00-04:00,1.0368,1.0366,yes
KXXRP15M-26AUG082345,Target Price: $1.0366,2026-08-08 23:30:00-04:00,2026-08-08 23:45:00-04:00,1.0368,1.0366,yes
KXXRP15M-26AUG090000,Target Price: $1.0368,2026-08-08 23:45:00-04:00,2026-08-09 00:00:00-04:00,1.0364,1.0368,no
KXXRP15M-26AUG090000,Target Price: $1.0368,2026-08-08 23:45:00-04:00,2026-08-09 00:00:00-04:00,1.0364,1.0368,no
KXXRP15M-26AUG090015,Target Price: $1.0364,2026-08-09 00:00:00-04:00,2026-08-09 00:15:00-04:00,1.0383,1.0364,yes
KXXRP15M-26AUG090015,Target Price: $1.0364,2026-08-09 00:00:00-04:00,2026-08-09 00:15:00-04:00,1.0383,1.0364,yes
KXXRP15M-26AUG090030,Target Price: $1.0383,2026-08-09 00:15:00-04:00,2026-08-09 00:30:00-04:00,1.0381,1.0383,no
KXXRP15M-26AUG090030,Target Price: $1.0383,2026-08-09 00:15:00-04:00,2026-08-09 00:30:00-04:00,1.0381,1.0383,no
KXXRP15M-26AUG090045,Target Price: $1.0381,2026-08-09 00:30:00-04:00,2026-08-09 00:45:00-04:00,1.0377,1.0381,no
KXXRP15M-26AUG090045,Target Price: $1.0381,2026-08-09 00:30:00-04:00,2026-08-09 00:45:00-04:00,1.0377,1.0381,no
KXXRP15M-26AUG090100,Target Price: $1.0377,2026-08-09 00:45:00-04:00,2026-08-09 01:00:00-04:00,1.0369,1.0377,no
KXXRP15M-26AUG090100,Target Price: $1.0377,2026-08-09 00:45:00-04:00,2026-08-09 01:00:00-04:00,1.0369,1.0377,no
KXXRP15M-26AUG090115,Target Price: $1.0369,2026-08-09 01:00:00-04:00,2026-08-09 01:15:00-04:00,1.0370,1.0369,yes
KXXRP15M-26AUG090115,Target Price: $1.0369,2026-08-09 01:00:00-04:00,2026-08-09 01:15:00-04:00,1.0370,1.0369,yes
KXXRP15M-26AUG090130,Target Price: $1.0370,2026-08-09 01:15:00-04:00,2026-08-09 01:30:00-04:00,1.0348,1.037,no
KXXRP15M-26AUG090130,Target Price: $1.0370,2026-08-09 01:15:00-04:00,2026-08-09 01:30:00-04:00,1.0348,1.037,no
KXXRP15M-26AUG090145,Target Price: $1.0348,2026-08-09 01:30:00-04:00,2026-08-09 01:45:00-04:00,1.0346,1.0348,no
KXXRP15M-26AUG090145,Target Price: $1.0348,2026-08-09 01:30:00-04:00,2026-08-09 01:45:00-04:00,1.0346,1.0348,no
KXXRP15M-26AUG090200,Target Price: $1.0346,2026-08-09 01:45:00-04:00,2026-08-09 02:00:00-04:00,1.0356,1.0346,yes
KXXRP15M-26AUG090200,Target Price: $1.0346,2026-08-09 01:45:00-04:00,2026-08-09 02:00:00-04:00,1.0356,1.0346,yes
KXXRP15M-26AUG090215,Target Price: $1.0356,2026-08-09 02:00:00-04:00,2026-08-09 02:15:00-04:00,1.0375,1.0356,yes
KXXRP15M-26AUG090215,Target Price: $1.0356,2026-08-09 02:00:00-04:00,2026-08-09 02:15:00-04:00,1.0375,1.0356,yes
KXXRP15M-26AUG090230,Target Price: $1.0375,2026-08-09 02:15:00-04:00,2026-08-09 02:30:00-04:00,1.0386,1.0375,yes
KXXRP15M-26AUG090230,Target Price: $1.0375,2026-08-09 02:15:00-04:00,2026-08-09 02:30:00-04:00,1.0386,1.0375,yes
KXXRP15M-26AUG090245,Target Price: $1.0386,2026-08-09 02:30:00-04:00,2026-08-09 02:45:00-04:00,1.0401,1.0386,yes
KXXRP15M-26AUG090245,Target Price: $1.0386,2026-08-09 02:30:00-04:00,2026-08-09 02:45:00-04:00,1.0401,1.0386,yes
KXXRP15M-26AUG090300,Target Price: $1.0401,2026-08-09 02:45:00-04:00,2026-08-09 03:00:00-04:00,1.0404,1.0401,yes
KXXRP15M-26AUG090300,Target Price: $1.0401,2026-08-09 02:45:00-04:00,2026-08-09 03:00:00-04:00,1.0404,1.0401,yes
KXXRP15M-26AUG090315,Target Price: $1.0404,2026-08-09 03:00:00-04:00,2026-08-09 03:15:00-04:00,1.0387,1.0404,no
KXXRP15M-26AUG090315,Target Price: $1.0404,2026-08-09 03:00:00-04:00,2026-08-09 03:15:00-04:00,1.0387,1.0404,no
KXXRP15M-26AUG090330,Target Price: $1.0387,2026-08-09 03:15:00-04:00,2026-08-09 03:30:00-04:00,1.0371,1.0387,no
KXXRP15M-26AUG090330,Target Price: $1.0387,2026-08-09 03:15:00-04:00,2026-08-09 03:30:00-04:00,1.0371,1.0387,no
KXXRP15M-26AUG090345,Target Price: $1.0371,2026-08-09 03:30:00-04:00,2026-08-09 03:45:00-04:00,1.0363,1.0371,no
KXXRP15M-26AUG090345,Target Price: $1.0371,2026-08-09 03:30:00-04:00,2026-08-09 03:45:00-04:00,1.0363,1.0371,no
KXXRP15M-26AUG090400,Target Price: $1.0363,2026-08-09 03:45:00-04:00,2026-08-09 04:00:00-04:00,1.0366,1.0363,yes
KXXRP15M-26AUG090400,Target Price: $1.0363,2026-08-09 03:45:00-04:00,2026-08-09 04:00:00-04:00,1.0366,1.0363,yes
KXXRP15M-26AUG090415,Target Price: $1.0366,2026-08-09 04:00:00-04:00,2026-08-09 04:15:00-04:00,1.0367,1.0366,yes
KXXRP15M-26AUG090415,Target Price: $1.0366,2026-08-09 04:00:00-04:00,2026-08-09 04:15:00-04:00,1.0367,1.0366,yes
KXXRP15M-26AUG090430,Target Price: $1.0367,2026-08-09 04:15:00-04:00,2026-08-09 04:30:00-04:00,1.0350,1.0367,no
KXXRP15M-26AUG090430,Target Price: $1.0367,2026-08-09 04:15:00-04:00,2026-08-09 04:30:00-04:00,1.0350,1.0367,no
KXXRP15M-26AUG090445,Target Price: $1.0350,2026-08-09 04:30:00-04:00,2026-08-09 04:45:00-04:00,1.0310,1.035,no
KXXRP15M-26AUG090445,Target Price: $1.0350,2026-08-09 04:30:00-04:00,2026-08-09 04:45:00-04:00,1.0310,1.035,no
KXXRP15M-26AUG090500,Target Price: $1.0310,2026-08-09 04:45:00-04:00,2026-08-09 05:00:00-04:00,1.0329,1.031,yes
KXXRP15M-26AUG090500,Target Price: $1.0310,2026-08-09 04:45:00-04:00,2026-08-09 05:00:00-04:00,1.0329,1.031,yes
KXXRP15M-26AUG090515,Target Price: $1.0329,2026-08-09 05:00:00-04:00,2026-08-09 05:15:00-04:00,1.0335,1.0329,yes
KXXRP15M-26AUG090515,Target Price: $1.0329,2026-08-09 05:00:00-04:00,2026-08-09 05:15:00-04:00,1.0335,1.0329,yes
KXXRP15M-26AUG090530,Target Price: $1.0335,2026-08-09 05:15:00-04:00,2026-08-09 05:30:00-04:00,1.0321,1.0335,no
KXXRP15M-26AUG090530,Target Price: $1.0335,2026-08-09 05:15:00-04:00,2026-08-09 05:30:00-04:00,1.0321,1.0335,no
KXXRP15M-26AUG090545,Target Price: $1.0321,2026-08-09 05:30:00-04:00,2026-08-09 05:45:00-04:00,1.0337,1.0321,yes
KXXRP15M-26AUG090545,Target Price: $1.0321,2026-08-09 05:30:00-04:00,2026-08-09 05:45:00-04:00,1.0337,1.0321,yes
KXXRP15M-26AUG090600,Target Price: $1.0337,2026-08-09 05:45:00-04:00,2026-08-09 06:00:00-04:00,1.0349,1.0337,yes
KXXRP15M-26AUG090600,Target Price: $1.0337,2026-08-09 05:45:00-04:00,2026-08-09 06:00:00-04:00,1.0349,1.0337,yes
KXXRP15M-26AUG090615,Target Price: $1.0349,2026-08-09 06:00:00-04:00,2026-08-09 06:15:00-04:00,1.0365,1.0349,yes
KXXRP15M-26AUG090615,Target Price: $1.0349,2026-08-09 06:00:00-04:00,2026-08-09 06:15:00-04:00,1.0365,1.0349,yes
KXXRP15M-26AUG090630,Target Price: $1.0365,2026-08-09 06:15:00-04:00,2026-08-09 06:30:00-04:00,1.0366,1.0365,yes
KXXRP15M-26AUG090630,Target Price: $1.0365,2026-08-09 06:15:00-04:00,2026-08-09 06:30:00-04:00,1.0366,1.0365,yes
KXXRP15M-26AUG090645,Target Price: $1.0366,2026-08-09 06:30:00-04:00,2026-08-09 06:45:00-04:00,1.0357,1.0366,no
KXXRP15M-26AUG090645,Target Price: $1.0366,2026-08-09 06:30:00-04:00,2026-08-09 06:45:00-04:00,1.0357,1.0366,no
KXXRP15M-26AUG090700,Target Price: $1.0357,2026-08-09 06:45:00-04:00,2026-08-09 07:00:00-04:00,1.0360,1.0357,yes
KXXRP15M-26AUG090700,Target Price: $1.0357,2026-08-09 06:45:00-04:00,2026-08-09 07:00:00-04:00,1.0360,1.0357,yes
KXXRP15M-26AUG090715,Target Price: $1.0360,2026-08-09 07:00:00-04:00,2026-08-09 07:15:00-04:00,1.0352,1.036,no
KXXRP15M-26AUG090715,Target Price: $1.0360,2026-08-09 07:00:00-04:00,2026-08-09 07:15:00-04:00,1.0352,1.036,no
KXXRP15M-26AUG090730,Target Price: $1.0352,2026-08-09 07:15:00-04:00,2026-08-09 07:30:00-04:00,1.0352,1.0352,yes
KXXRP15M-26AUG090730,Target Price: $1.0352,2026-08-09 07:15:00-04:00,2026-08-09 07:30:00-04:00,1.0352,1.0352,yes
KXXRP15M-26AUG090745,Target Price: $1.0352,2026-08-09 07:30:00-04:00,2026-08-09 07:45:00-04:00,1.0361,1.0352,yes
KXXRP15M-26AUG090745,Target Price: $1.0352,2026-08-09 07:30:00-04:00,2026-08-09 07:45:00-04:00,1.0361,1.0352,yes
KXXRP15M-26AUG090800,Target Price: $1.0361,2026-08-09 07:45:00-04:00,2026-08-09 08:00:00-04:00,1.0362,1.0361,yes
KXXRP15M-26AUG090800,Target Price: $1.0361,2026-08-09 07:45:00-04:00,2026-08-09 08:00:00-04:00,1.0362,1.0361,yes
KXXRP15M-26AUG090815,Target Price: $1.0362,2026-08-09 08:00:00-04:00,2026-08-09 08:15:00-04:00,1.0354,1.0362,no
KXXRP15M-26AUG090815,Target Price: $1.0362,2026-08-09 08:00:00-04:00,2026-08-09 08:15:00-04:00,1.0354,1.0362,no
KXXRP15M-26AUG090830,Target Price: $1.0354,2026-08-09 08:15:00-04:00,2026-08-09 08:30:00-04:00,1.0359,1.0354,yes
KXXRP15M-26AUG090830,Target Price: $1.0354,2026-08-09 08:15:00-04:00,2026-08-09 08:30:00-04:00,1.0359,1.0354,yes
KXXRP15M-26AUG090845,Target Price: $1.0359,2026-08-09 08:30:00-04:00,2026-08-09 08:45:00-04:00,1.0360,1.0359,yes
KXXRP15M-26AUG090845,Target Price: $1.0359,2026-08-09 08:30:00-04:00,2026-08-09 08:45:00-04:00,1.0360,1.0359,yes
KXXRP15M-26AUG090900,Target Price: $1.0360,2026-08-09 08:45:00-04:00,2026-08-09 09:00:00-04:00,1.0367,1.036,yes
KXXRP15M-26AUG090900,Target Price: $1.0360,2026-08-09 08:45:00-04:00,2026-08-09 09:00:00-04:00,1.0367,1.036,yes
KXXRP15M-26AUG090915,Target Price: $1.0367,2026-08-09 09:00:00-04:00,2026-08-09 09:15:00-04:00,1.0382,1.0367,yes
KXXRP15M-26AUG090915,Target Price: $1.0367,2026-08-09 09:00:00-04:00,2026-08-09 09:15:00-04:00,1.0382,1.0367,yes
KXXRP15M-26AUG090930,Target Price: $1.0382,2026-08-09 09:15:00-04:00,2026-08-09 09:30:00-04:00,1.0388,1.0382,yes
KXXRP15M-26AUG090930,Target Price: $1.0382,2026-08-09 09:15:00-04:00,2026-08-09 09:30:00-04:00,1.0388,1.0382,yes
KXXRP15M-26AUG090945,Target Price: $1.0388,2026-08-09 09:30:00-04:00,2026-08-09 09:45:00-04:00,1.0394,1.0388,yes
KXXRP15M-26AUG090945,Target Price: $1.0388,2026-08-09 09:30:00-04:00,2026-08-09 09:45:00-04:00,1.0394,1.0388,yes
KXXRP15M-26AUG091000,Target Price: $1.0394,2026-08-09 09:45:00-04:00,2026-08-09 10:00:00-04:00,1.0378,1.0394,no
KXXRP15M-26AUG091000,Target Price: $1.0394,2026-08-09 09:45:00-04:00,2026-08-09 10:00:00-04:00,1.0378,1.0394,no
KXXRP15M-26AUG091015,Target Price: $1.0378,2026-08-09 10:00:00-04:00,2026-08-09 10:15:00-04:00,1.0394,1.0378,yes
KXXRP15M-26AUG091015,Target Price: $1.0378,2026-08-09 10:00:00-04:00,2026-08-09 10:15:00-04:00,1.0394,1.0378,yes
KXXRP15M-26AUG091030,Target Price: $1.0394,2026-08-09 10:15:00-04:00,2026-08-09 10:30:00-04:00,1.0380,1.0394,no
KXXRP15M-26AUG091030,Target Price: $1.0394,2026-08-09 10:15:00-04:00,2026-08-09 10:30:00-04:00,1.0380,1.0394,no
KXXRP15M-26AUG091045,Target Price: $1.0380,2026-08-09 10:30:00-04:00,2026-08-09 10:45:00-04:00,1.0387,1.038,yes
KXXRP15M-26AUG091045,Target Price: $1.0380,2026-08-09 10:30:00-04:00,2026-08-09 10:45:00-04:00,1.0387,1.038,yes
KXXRP15M-26AUG091100,Target Price: $1.0387,2026-08-09 10:45:00-04:00,2026-08-09 11:00:00-04:00,1.0417,1.0387,yes
KXXRP15M-26AUG091100,Target Price: $1.0387,2026-08-09 10:45:00-04:00,2026-08-09 11:00:00-04:00,1.0417,1.0387,yes
KXXRP15M-26AUG091115,Target Price: $1.0417,2026-08-09 11:00:00-04:00,2026-08-09 11:15:00-04:00,1.0409,1.0417,no
KXXRP15M-26AUG091115,Target Price: $1.0417,2026-08-09 11:00:00-04:00,2026-08-09 11:15:00-04:00,1.0409,1.0417,no
KXXRP15M-26AUG091130,Target Price: $1.0409,2026-08-09 11:15:00-04:00,2026-08-09 11:30:00-04:00,1.0422,1.0409,yes
KXXRP15M-26AUG091130,Target Price: $1.0409,2026-08-09 11:15:00-04:00,2026-08-09 11:30:00-04:00,1.0422,1.0409,yes
KXXRP15M-26AUG091145,Target Price: $1.0422,2026-08-09 11:30:00-04:00,2026-08-09 11:45:00-04:00,1.0431,1.0422,yes
KXXRP15M-26AUG091145,Target Price: $1.0422,2026-08-09 11:30:00-04:00,2026-08-09 11:45:00-04:00,1.0431,1.0422,yes
KXXRP15M-26AUG091200,Target Price: $1.0431,2026-08-09 11:45:00-04:00,2026-08-09 12:00:00-04:00,1.0426,1.0431,no
KXXRP15M-26AUG091200,Target Price: $1.0431,2026-08-09 11:45:00-04:00,2026-08-09 12:00:00-04:00,1.0426,1.0431,no
KXXRP15M-26AUG091215,Target Price: $1.0426,2026-08-09 12:00:00-04:00,2026-08-09 12:15:00-04:00,1.0425,1.0426,no
KXXRP15M-26AUG091215,Target Price: $1.0426,2026-08-09 12:00:00-04:00,2026-08-09 12:15:00-04:00,1.0425,1.0426,no
KXXRP15M-26AUG091230,Target Price: $1.0425,2026-08-09 12:15:00-04:00,2026-08-09 12:30:00-04:00,1.0419,1.0425,no
KXXRP15M-26AUG091230,Target Price: $1.0425,2026-08-09 12:15:00-04:00,2026-08-09 12:30:00-04:00,1.0419,1.0425,no
KXXRP15M-26AUG091245,Target Price: $1.0419,2026-08-09 12:30:00-04:00,2026-08-09 12:45:00-04:00,1.0443,1.0419,yes
KXXRP15M-26AUG091245,Target Price: $1.0419,2026-08-09 12:30:00-04:00,2026-08-09 12:45:00-04:00,1.0443,1.0419,yes
KXXRP15M-26AUG091300,Target Price: $1.0443,2026-08-09 12:45:00-04:00,2026-08-09 13:00:00-04:00,1.0436,1.0443,no
KXXRP15M-26AUG091300,Target Price: $1.0443,2026-08-09 12:45:00-04:00,2026-08-09 13:00:00-04:00,1.0436,1.0443,no
KXXRP15M-26AUG091315,Target Price: $1.0436,2026-08-09 13:00:00-04:00,2026-08-09 13:15:00-04:00,1.0432,1.0436,no
KXXRP15M-26AUG091315,Target Price: $1.0436,2026-08-09 13:00:00-04:00,2026-08-09 13:15:00-04:00,1.0432,1.0436,no
KXXRP15M-26AUG091330,Target Price: $1.0432,2026-08-09 13:15:00-04:00,2026-08-09 13:30:00-04:00,1.0428,1.0432,no
KXXRP15M-26AUG091330,Target Price: $1.0432,2026-08-09 13:15:00-04:00,2026-08-09 13:30:00-04:00,1.0428,1.0432,no
KXXRP15M-26AUG091345,Target Price: $1.0428,2026-08-09 13:30:00-04:00,2026-08-09 13:45:00-04:00,1.0419,1.0428,no
KXXRP15M-26AUG091345,Target Price: $1.0428,2026-08-09 13:30:00-04:00,2026-08-09 13:45:00-04:00,1.0419,1.0428,no
KXXRP15M-26AUG091400,Target Price: $1.0419,2026-08-09 13:45:00-04:00,2026-08-09 14:00:00-04:00,1.0408,1.0419,no
KXXRP15M-26AUG091400,Target Price: $1.0419,2026-08-09 13:45:00-04:00,2026-08-09 14:00:00-04:00,1.0408,1.0419,no
KXXRP15M-26AUG091415,Target Price: $1.0408,2026-08-09 14:00:00-04:00,2026-08-09 14:15:00-04:00,1.0411,1.0408,yes
KXXRP15M-26AUG091415,Target Price: $1.0408,2026-08-09 14:00:00-04:00,2026-08-09 14:15:00-04:00,1.0411,1.0408,yes
KXXRP15M-26AUG091430,Target Price: $1.0411,2026-08-09 14:15:00-04:00,2026-08-09 14:30:00-04:00,1.0407,1.0411,no
KXXRP15M-26AUG091430,Target Price: $1.0411,2026-08-09 14:15:00-04:00,2026-08-09 14:30:00-04:00,1.0407,1.0411,no
KXXRP15M-26AUG091445,Target Price: $1.0407,2026-08-09 14:30:00-04:00,2026-08-09 14:45:00-04:00,1.0393,1.0407,no
KXXRP15M-26AUG091445,Target Price: $1.0407,2026-08-09 14:30:00-04:00,2026-08-09 14:45:00-04:00,1.0393,1.0407,no
KXXRP15M-26AUG091500,Target Price: $1.0393,2026-08-09 14:45:00-04:00,2026-08-09 15:00:00-04:00,1.0393,1.0393,yes
KXXRP15M-26AUG091500,Target Price: $1.0393,2026-08-09 14:45:00-04:00,2026-08-09 15:00:00-04:00,1.0393,1.0393,yes
KXXRP15M-26AUG091515,Target Price: $1.0393,2026-08-09 15:00:00-04:00,2026-08-09 15:15:00-04:00,1.0400,1.0393,yes
KXXRP15M-26AUG091515,Target Price: $1.0393,2026-08-09 15:00:00-04:00,2026-08-09 15:15:00-04:00,1.0400,1.0393,yes
KXXRP15M-26AUG091530,Target Price: $1.0400,2026-08-09 15:15:00-04:00,2026-08-09 15:30:00-04:00,1.0407,1.04,yes
KXXRP15M-26AUG091530,Target Price: $1.0400,2026-08-09 15:15:00-04:00,2026-08-09 15:30:00-04:00,1.0407,1.04,yes
KXXRP15M-26AUG091545,Target Price: $1.0407,2026-08-09 15:30:00-04:00,2026-08-09 15:45:00-04:00,1.0409,1.0407,yes
KXXRP15M-26AUG091545,Target Price: $1.0407,2026-08-09 15:30:00-04:00,2026-08-09 15:45:00-04:00,1.0409,1.0407,yes
KXXRP15M-26AUG091600,Target Price: $1.0409,2026-08-09 15:45:00-04:00,2026-08-09 16:00:00-04:00,1.0413,1.0409,yes
KXXRP15M-26AUG091600,Target Price: $1.0409,2026-08-09 15:45:00-04:00,2026-08-09 16:00:00-04:00,1.0413,1.0409,yes
KXXRP15M-26AUG091615,Target Price: $1.0413,2026-08-09 16:00:00-04:00,2026-08-09 16:15:00-04:00,1.0404,1.0413,no
KXXRP15M-26AUG091615,Target Price: $1.0413,2026-08-09 16:00:00-04:00,2026-08-09 16:15:00-04:00,1.0404,1.0413,no
KXXRP15M-26AUG091630,Target Price: $1.0404,2026-08-09 16:15:00-04:00,2026-08-09 16:30:00-04:00,1.0402,1.0404,no
KXXRP15M-26AUG091630,Target Price: $1.0404,2026-08-09 16:15:00-04:00,2026-08-09 16:30:00-04:00,1.0402,1.0404,no
KXXRP15M-26AUG091645,Target Price: $1.0402,2026-08-09 16:30:00-04:00,2026-08-09 16:45:00-04:00,1.0407,1.0402,yes
KXXRP15M-26AUG091645,Target Price: $1.0402,2026-08-09 16:30:00-04:00,2026-08-09 16:45:00-04:00,1.0407,1.0402,yes
KXXRP15M-26AUG091700,Target Price: $1.0407,2026-08-09 16:45:00-04:00,2026-08-09 17:00:00-04:00,1.0413,1.0407,yes
KXXRP15M-26AUG091700,Target Price: $1.0407,2026-08-09 16:45:00-04:00,2026-08-09 17:00:00-04:00,1.0413,1.0407,yes
KXXRP15M-26AUG091715,Target Price: $1.0413,2026-08-09 17:00:00-04:00,2026-08-09 17:15:00-04:00,1.0414,1.0413,yes
KXXRP15M-26AUG091715,Target Price: $1.0413,2026-08-09 17:00:00-04:00,2026-08-09 17:15:00-04:00,1.0414,1.0413,yes
KXXRP15M-26AUG091730,Target Price: $1.0414,2026-08-09 17:15:00-04:00,2026-08-09 17:30:00-04:00,1.0434,1.0414,yes
KXXRP15M-26AUG091730,Target Price: $1.0414,2026-08-09 17:15:00-04:00,2026-08-09 17:30:00-04:00,1.0434,1.0414,yes
KXXRP15M-26AUG091745,Target Price: $1.0434,2026-08-09 17:30:00-04:00,2026-08-09 17:45:00-04:00,1.0437,1.0434,yes
KXXRP15M-26AUG091745,Target Price: $1.0434,2026-08-09 17:30:00-04:00,2026-08-09 17:45:00-04:00,1.0437,1.0434,yes
KXXRP15M-26AUG091800,Target Price: $1.0437,2026-08-09 17:45:00-04:00,2026-08-09 18:00:00-04:00,1.0421,1.0437,no
KXXRP15M-26AUG091800,Target Price: $1.0437,2026-08-09 17:45:00-04:00,2026-08-09 18:00:00-04:00,1.0421,1.0437,no
KXXRP15M-26AUG091815,Target Price: $1.0421,2026-08-09 18:00:00-04:00,2026-08-09 18:15:00-04:00,1.0441,1.0421,yes
KXXRP15M-26AUG091815,Target Price: $1.0421,2026-08-09 18:00:00-04:00,2026-08-09 18:15:00-04:00,1.0441,1.0421,yes
KXXRP15M-26AUG091830,Target Price: $1.0441,2026-08-09 18:15:00-04:00,2026-08-09 18:30:00-04:00,1.0422,1.0441,no
KXXRP15M-26AUG091830,Target Price: $1.0441,2026-08-09 18:15:00-04:00,2026-08-09 18:30:00-04:00,1.0422,1.0441,no
KXXRP15M-26AUG091845,Target Price: $1.0422,2026-08-09 18:30:00-04:00,2026-08-09 18:45:00-04:00,1.0378,1.0422,no
KXXRP15M-26AUG091845,Target Price: $1.0422,2026-08-09 18:30:00-04:00,2026-08-09 18:45:00-04:00,1.0378,1.0422,no
KXXRP15M-26AUG091900,Target Price: $1.0378,2026-08-09 18:45:00-04:00,2026-08-09 19:00:00-04:00,1.0366,1.0378,no
KXXRP15M-26AUG091900,Target Price: $1.0378,2026-08-09 18:45:00-04:00,2026-08-09 19:00:00-04:00,1.0366,1.0378,no
KXXRP15M-26AUG091915,Target Price: $1.0366,2026-08-09 19:00:00-04:00,2026-08-09 19:15:00-04:00,1.0363,1.0366,no
KXXRP15M-26AUG091915,Target Price: $1.0366,2026-08-09 19:00:00-04:00,2026-08-09 19:15:00-04:00,1.0363,1.0366,no
KXXRP15M-26AUG091930,Target Price: $1.0363,2026-08-09 19:15:00-04:00,2026-08-09 19:30:00-04:00,1.0316,1.0363,no
KXXRP15M-26AUG091930,Target Price: $1.0363,2026-08-09 19:15:00-04:00,2026-08-09 19:30:00-04:00,1.0316,1.0363,no
KXXRP15M-26AUG091945,Target Price: $1.0316,2026-08-09 19:30:00-04:00,2026-08-09 19:45:00-04:00,1.0297,1.0316,no
KXXRP15M-26AUG091945,Target Price: $1.0316,2026-08-09 19:30:00-04:00,2026-08-09 19:45:00-04:00,1.0297,1.0316,no
KXXRP15M-26AUG092000,Target Price: $1.0297,2026-08-09 19:45:00-04:00,2026-08-09 20:00:00-04:00,1.0294,1.0297,no
KXXRP15M-26AUG092000,Target Price: $1.0297,2026-08-09 19:45:00-04:00,2026-08-09 20:00:00-04:00,1.0294,1.0297,no
KXXRP15M-26AUG092015,Target Price: $1.0294,2026-08-09 20:00:00-04:00,2026-08-09 20:15:00-04:00,1.0351,1.0294,yes
KXXRP15M-26AUG092015,Target Price: $1.0294,2026-08-09 20:00:00-04:00,2026-08-09 20:15:00-04:00,1.0351,1.0294,yes
KXXRP15M-26AUG092030,Target Price: $1.0351,2026-08-09 20:15:00-04:00,2026-08-09 20:30:00-04:00,1.0312,1.0351,no
KXXRP15M-26AUG092030,Target Price: $1.0351,2026-08-09 20:15:00-04:00,2026-08-09 20:30:00-04:00,1.0312,1.0351,no
KXXRP15M-26AUG092045,Target Price: $1.0312,2026-08-09 20:30:00-04:00,2026-08-09 20:45:00-04:00,1.0274,1.0312,no
KXXRP15M-26AUG092045,Target Price: $1.0312,2026-08-09 20:30:00-04:00,2026-08-09 20:45:00-04:00,1.0274,1.0312,no
KXXRP15M-26AUG092100,Target Price: $1.0274,2026-08-09 20:45:00-04:00,2026-08-09 21:00:00-04:00,1.0305,1.0274,yes
KXXRP15M-26AUG092100,Target Price: $1.0274,2026-08-09 20:45:00-04:00,2026-08-09 21:00:00-04:00,1.0305,1.0274,yes
KXXRP15M-26AUG092115,Target Price: $1.0305,2026-08-09 21:00:00-04:00,2026-08-09 21:15:00-04:00,1.0321,1.0305,yes
KXXRP15M-26AUG092115,Target Price: $1.0305,2026-08-09 21:00:00-04:00,2026-08-09 21:15:00-04:00,1.0321,1.0305,yes
KXXRP15M-26AUG092130,Target Price: $1.0321,2026-08-09 21:15:00-04:00,2026-08-09 21:30:00-04:00,1.0327,1.0321,yes
KXXRP15M-26AUG092130,Target Price: $1.0321,2026-08-09 21:15:00-04:00,2026-08-09 21:30:00-04:00,1.0327,1.0321,yes
KXXRP15M-26AUG092145,Target Price: $1.0327,2026-08-09 21:30:00-04:00,2026-08-09 21:45:00-04:00,1.0303,1.0327,no
KXXRP15M-26AUG092145,Target Price: $1.0327,2026-08-09 21:30:00-04:00,2026-08-09 21:45:00-04:00,1.0303,1.0327,no
KXXRP15M-26AUG092200,Target Price: $1.0303,2026-08-09 21:45:00-04:00,2026-08-09 22:00:00-04:00,1.0369,1.0303,yes
KXXRP15M-26AUG092200,Target Price: $1.0303,2026-08-09 21:45:00-04:00,2026-08-09 22:00:00-04:00,1.0369,1.0303,yes
KXXRP15M-26AUG092215,Target Price: $1.0369,2026-08-09 22:00:00-04:00,2026-08-09 22:15:00-04:00,1.0340,1.0369,no
KXXRP15M-26AUG092215,Target Price: $1.0369,2026-08-09 22:00:00-04:00,2026-08-09 22:15:00-04:00,1.0340,1.0369,no
KXXRP15M-26AUG092230,Target Price: $1.0340,2026-08-09 22:15:00-04:00,2026-08-09 22:30:00-04:00,1.0293,1.034,no
KXXRP15M-26AUG092230,Target Price: $1.0340,2026-08-09 22:15:00-04:00,2026-08-09 22:30:00-04:00,1.0293,1.034,no
KXXRP15M-26AUG092245,Target Price: $1.0293,2026-08-09 22:30:00-04:00,2026-08-09 22:45:00-04:00,1.0357,1.0293,yes
KXXRP15M-26AUG092245,Target Price: $1.0293,2026-08-09 22:30:00-04:00,2026-08-09 22:45:00-04:00,1.0357,1.0293,yes
KXXRP15M-26AUG092300,Target Price: $1.0357,2026-08-09 22:45:00-04:00,2026-08-09 23:00:00-04:00,1.0340,1.0357,no
KXXRP15M-26AUG092300,Target Price: $1.0357,2026-08-09 22:45:00-04:00,2026-08-09 23:00:00-04:00,1.0340,1.0357,no
KXXRP15M-26AUG092315,Target Price: $1.0340,2026-08-09 23:00:00-04:00,2026-08-09 23:15:00-04:00,1.0298,1.034,no
KXXRP15M-26AUG092315,Target Price: $1.0340,2026-08-09 23:00:00-04:00,2026-08-09 23:15:00-04:00,1.0298,1.034,no
KXXRP15M-26AUG092330,Target Price: $1.0298,2026-08-09 23:15:00-04:00,2026-08-09 23:30:00-04:00,1.0315,1.0298,yes
KXXRP15M-26AUG092330,Target Price: $1.0298,2026-08-09 23:15:00-04:00,2026-08-09 23:30:00-04:00,1.0315,1.0298,yes
KXXRP15M-26AUG092345,Target Price: $1.0315,2026-08-09 23:30:00-04:00,2026-08-09 23:45:00-04:00,1.0315,1.0315,yes
KXXRP15M-26AUG092345,Target Price: $1.0315,2026-08-09 23:30:00-04:00,2026-08-09 23:45:00-04:00,1.0315,1.0315,yes
KXXRP15M-26AUG100000,Target Price: $1.0315,2026-08-09 23:45:00-04:00,2026-08-10 00:00:00-04:00,1.0303,1.0315,no
KXXRP15M-26AUG100000,Target Price: $1.0315,2026-08-09 23:45:00-04:00,2026-08-10 00:00:00-04:00,1.0303,1.0315,no
KXXRP15M-26AUG100015,Target Price: $1.0303,2026-08-10 00:00:00-04:00,2026-08-10 00:15:00-04:00,1.0314,1.0303,yes
KXXRP15M-26AUG100015,Target Price: $1.0303,2026-08-10 00:00:00-04:00,2026-08-10 00:15:00-04:00,1.0314,1.0303,yes
KXXRP15M-26AUG100030,Target Price: $1.0314,2026-08-10 00:15:00-04:00,2026-08-10 00:30:00-04:00,1.0319,1.0314,yes
KXXRP15M-26AUG100030,Target Price: $1.0314,2026-08-10 00:15:00-04:00,2026-08-10 00:30:00-04:00,1.0319,1.0314,yes
KXXRP15M-26AUG100045,Target Price: $1.0319,2026-08-10 00:30:00-04:00,2026-08-10 00:45:00-04:00,1.0302,1.0319,no
KXXRP15M-26AUG100045,Target Price: $1.0319,2026-08-10 00:30:00-04:00,2026-08-10 00:45:00-04:00,1.0302,1.0319,no
KXXRP15M-26AUG100100,Target Price: $1.0302,2026-08-10 00:45:00-04:00,2026-08-10 01:00:00-04:00,1.0307,1.0302,yes
KXXRP15M-26AUG100100,Target Price: $1.0302,2026-08-10 00:45:00-04:00,2026-08-10 01:00:00-04:00,1.0307,1.0302,yes
KXXRP15M-26AUG100115,Target Price: $1.0307,2026-08-10 01:00:00-04:00,2026-08-10 01:15:00-04:00,1.0309,1.0307,yes
KXXRP15M-26AUG100115,Target Price: $1.0307,2026-08-10 01:00:00-04:00,2026-08-10 01:15:00-04:00,1.0309,1.0307,yes
KXXRP15M-26AUG100130,Target Price: $1.0309,2026-08-10 01:15:00-04:00,2026-08-10 01:30:00-04:00,1.0333,1.0309,yes
KXXRP15M-26AUG100130,Target Price: $1.0309,2026-08-10 01:15:00-04:00,2026-08-10 01:30:00-04:00,1.0333,1.0309,yes
KXXRP15M-26AUG100145,Target Price: $1.0333,2026-08-10 01:30:00-04:00,2026-08-10 01:45:00-04:00,1.0336,1.0333,yes
KXXRP15M-26AUG100145,Target Price: $1.0333,2026-08-10 01:30:00-04:00,2026-08-10 01:45:00-04:00,1.0336,1.0333,yes
KXXRP15M-26AUG100200,Target Price: $1.0336,2026-08-10 01:45:00-04:00,2026-08-10 02:00:00-04:00,1.0346,1.0336,yes
KXXRP15M-26AUG100200,Target Price: $1.0336,2026-08-10 01:45:00-04:00,2026-08-10 02:00:00-04:00,1.0346,1.0336,yes
KXXRP15M-26AUG100215,Target Price: $1.0346,2026-08-10 02:00:00-04:00,2026-08-10 02:15:00-04:00,1.0351,1.0346,yes
KXXRP15M-26AUG100215,Target Price: $1.0346,2026-08-10 02:00:00-04:00,2026-08-10 02:15:00-04:00,1.0351,1.0346,yes
KXXRP15M-26AUG100230,Target Price: $1.0351,2026-08-10 02:15:00-04:00,2026-08-10 02:30:00-04:00,1.0347,1.0351,no
KXXRP15M-26AUG100230,Target Price: $1.0351,2026-08-10 02:15:00-04:00,2026-08-10 02:30:00-04:00,1.0347,1.0351,no
KXXRP15M-26AUG100245,Target Price: $1.0347,2026-08-10 02:30:00-04:00,2026-08-10 02:45:00-04:00,1.0362,1.0347,yes
KXXRP15M-26AUG100245,Target Price: $1.0347,2026-08-10 02:30:00-04:00,2026-08-10 02:45:00-04:00,1.0362,1.0347,yes
KXXRP15M-26AUG100300,Target Price: $1.0362,2026-08-10 02:45:00-04:00,2026-08-10 03:00:00-04:00,1.0376,1.0362,yes
KXXRP15M-26AUG100300,Target Price: $1.0362,2026-08-10 02:45:00-04:00,2026-08-10 03:00:00-04:00,1.0376,1.0362,yes
KXXRP15M-26AUG100315,Target Price: $1.0376,2026-08-10 03:00:00-04:00,2026-08-10 03:15:00-04:00,1.0368,1.0376,no
KXXRP15M-26AUG100315,Target Price: $1.0376,2026-08-10 03:00:00-04:00,2026-08-10 03:15:00-04:00,1.0368,1.0376,no
KXXRP15M-26AUG100330,Target Price: $1.0368,2026-08-10 03:15:00-04:00,2026-08-10 03:30:00-04:00,1.0373,1.0368,yes
KXXRP15M-26AUG100330,Target Price: $1.0368,2026-08-10 03:15:00-04:00,2026-08-10 03:30:00-04:00,1.0373,1.0368,yes
KXXRP15M-26AUG100345,Target Price: $1.0373,2026-08-10 03:30:00-04:00,2026-08-10 03:45:00-04:00,1.0386,1.0373,yes
KXXRP15M-26AUG100345,Target Price: $1.0373,2026-08-10 03:30:00-04:00,2026-08-10 03:45:00-04:00,1.0386,1.0373,yes
KXXRP15M-26AUG100400,Target Price: $1.0386,2026-08-10 03:45:00-04:00,2026-08-10 04:00:00-04:00,1.0368,1.0386,no
KXXRP15M-26AUG100400,Target Price: $1.0386,2026-08-10 03:45:00-04:00,2026-08-10 04:00:00-04:00,1.0368,1.0386,no
KXXRP15M-26AUG100415,Target Price: $1.0368,2026-08-10 04:00:00-04:00,2026-08-10 04:15:00-04:00,1.0359,1.0368,no
KXXRP15M-26AUG100415,Target Price: $1.0368,2026-08-10 04:00:00-04:00,2026-08-10 04:15:00-04:00,1.0359,1.0368,no
KXXRP15M-26AUG100430,Target Price: $1.0359,2026-08-10 04:15:00-04:00,2026-08-10 04:30:00-04:00,1.0349,1.0359,no
KXXRP15M-26AUG100430,Target Price: $1.0359,2026-08-10 04:15:00-04:00,2026-08-10 04:30:00-04:00,1.0349,1.0359,no
KXXRP15M-26AUG100445,Target Price: $1.0349,2026-08-10 04:30:00-04:00,2026-08-10 04:45:00-04:00,1.0324,1.0349,no
KXXRP15M-26AUG100445,Target Price: $1.0349,2026-08-10 04:30:00-04:00,2026-08-10 04:45:00-04:00,1.0324,1.0349,no
KXXRP15M-26AUG100500,Target Price: $1.0324,2026-08-10 04:45:00-04:00,2026-08-10 05:00:00-04:00,1.0333,1.0324,yes
KXXRP15M-26AUG100500,Target Price: $1.0324,2026-08-10 04:45:00-04:00,2026-08-10 05:00:00-04:00,1.0333,1.0324,yes
KXXRP15M-26AUG100515,Target Price: $1.0333,2026-08-10 05:00:00-04:00,2026-08-10 05:15:00-04:00,1.0337,1.0333,yes
KXXRP15M-26AUG100515,Target Price: $1.0333,2026-08-10 05:00:00-04:00,2026-08-10 05:15:00-04:00,1.0337,1.0333,yes
KXXRP15M-26AUG100530,Target Price: $1.0337,2026-08-10 05:15:00-04:00,2026-08-10 05:30:00-04:00,1.0315,1.0337,no
KXXRP15M-26AUG100530,Target Price: $1.0337,2026-08-10 05:15:00-04:00,2026-08-10 05:30:00-04:00,1.0315,1.0337,no
KXXRP15M-26AUG100545,Target Price: $1.0315,2026-08-10 05:30:00-04:00,2026-08-10 05:45:00-04:00,1.0309,1.0315,no
KXXRP15M-26AUG100545,Target Price: $1.0315,2026-08-10 05:30:00-04:00,2026-08-10 05:45:00-04:00,1.0309,1.0315,no
KXXRP15M-26AUG100600,Target Price: $1.0309,2026-08-10 05:45:00-04:00,2026-08-10 06:00:00-04:00,1.0301,1.0309,no
KXXRP15M-26AUG100600,Target Price: $1.0309,2026-08-10 05:45:00-04:00,2026-08-10 06:00:00-04:00,1.0301,1.0309,no
KXXRP15M-26AUG100615,Target Price: $1.0301,2026-08-10 06:00:00-04:00,2026-08-10 06:15:00-04:00,1.0298,1.0301,no
KXXRP15M-26AUG100615,Target Price: $1.0301,2026-08-10 06:00:00-04:00,2026-08-10 06:15:00-04:00,1.0298,1.0301,no
KXXRP15M-26AUG100630,Target Price: $1.0298,2026-08-10 06:15:00-04:00,2026-08-10 06:30:00-04:00,1.0311,1.0298,yes
KXXRP15M-26AUG100630,Target Price: $1.0298,2026-08-10 06:15:00-04:00,2026-08-10 06:30:00-04:00,1.0311,1.0298,yes
KXXRP15M-26AUG100645,Target Price: $1.0311,2026-08-10 06:30:00-04:00,2026-08-10 06:45:00-04:00,1.0313,1.0311,yes
KXXRP15M-26AUG100645,Target Price: $1.0311,2026-08-10 06:30:00-04:00,2026-08-10 06:45:00-04:00,1.0313,1.0311,yes
KXXRP15M-26AUG100700,Target Price: $1.0313,2026-08-10 06:45:00-04:00,2026-08-10 07:00:00-04:00,1.0317,1.0313,yes
KXXRP15M-26AUG100700,Target Price: $1.0313,2026-08-10 06:45:00-04:00,2026-08-10 07:00:00-04:00,1.0317,1.0313,yes
KXXRP15M-26AUG100715,Target Price: $1.0317,2026-08-10 07:00:00-04:00,2026-08-10 07:15:00-04:00,1.0310,1.0317,no
KXXRP15M-26AUG100715,Target Price: $1.0317,2026-08-10 07:00:00-04:00,2026-08-10 07:15:00-04:00,1.0310,1.0317,no
KXXRP15M-26AUG100730,Target Price: $1.0310,2026-08-10 07:15:00-04:00,2026-08-10 07:30:00-04:00,1.0328,1.031,yes
KXXRP15M-26AUG100730,Target Price: $1.0310,2026-08-10 07:15:00-04:00,2026-08-10 07:30:00-04:00,1.0328,1.031,yes
KXXRP15M-26AUG100745,Target Price: $1.0328,2026-08-10 07:30:00-04:00,2026-08-10 07:45:00-04:00,1.0324,1.0328,no
KXXRP15M-26AUG100745,Target Price: $1.0328,2026-08-10 07:30:00-04:00,2026-08-10 07:45:00-04:00,1.0324,1.0328,no
KXXRP15M-26AUG100800,Target Price: $1.0324,2026-08-10 07:45:00-04:00,2026-08-10 08:00:00-04:00,1.0337,1.0324,yes
KXXRP15M-26AUG100800,Target Price: $1.0324,2026-08-10 07:45:00-04:00,2026-08-10 08:00:00-04:00,1.0337,1.0324,yes
KXXRP15M-26AUG100815,Target Price: $1.0337,2026-08-10 08:00:00-04:00,2026-08-10 08:15:00-04:00,1.0340,1.0337,yes
KXXRP15M-26AUG100815,Target Price: $1.0337,2026-08-10 08:00:00-04:00,2026-08-10 08:15:00-04:00,1.0340,1.0337,yes
KXXRP15M-26AUG100830,Target Price: $1.0340,2026-08-10 08:15:00-04:00,2026-08-10 08:30:00-04:00,1.0320,1.034,no
KXXRP15M-26AUG100830,Target Price: $1.0340,2026-08-10 08:15:00-04:00,2026-08-10 08:30:00-04:00,1.0320,1.034,no
KXXRP15M-26AUG100845,Target Price: $1.0320,2026-08-10 08:30:00-04:00,2026-08-10 08:45:00-04:00,1.0311,1.032,no
KXXRP15M-26AUG100845,Target Price: $1.0320,2026-08-10 08:30:00-04:00,2026-08-10 08:45:00-04:00,1.0311,1.032,no
KXXRP15M-26AUG100900,Target Price: $1.0311,2026-08-10 08:45:00-04:00,2026-08-10 09:00:00-04:00,1.0279,1.0311,no
KXXRP15M-26AUG100900,Target Price: $1.0311,2026-08-10 08:45:00-04:00,2026-08-10 09:00:00-04:00,1.0279,1.0311,no
KXXRP15M-26AUG100915,Target Price: $1.0279,2026-08-10 09:00:00-04:00,2026-08-10 09:15:00-04:00,1.0283,1.0279,yes
KXXRP15M-26AUG100915,Target Price: $1.0279,2026-08-10 09:00:00-04:00,2026-08-10 09:15:00-04:00,1.0283,1.0279,yes
KXXRP15M-26AUG100930,Target Price: $1.0283,2026-08-10 09:15:00-04:00,2026-08-10 09:30:00-04:00,1.0276,1.0283,no
KXXRP15M-26AUG100930,Target Price: $1.0283,2026-08-10 09:15:00-04:00,2026-08-10 09:30:00-04:00,1.0276,1.0283,no
KXXRP15M-26AUG100945,Target Price: $1.0276,2026-08-10 09:30:00-04:00,2026-08-10 09:45:00-04:00,1.0252,1.0276,no
KXXRP15M-26AUG100945,Target Price: $1.0276,2026-08-10 09:30:00-04:00,2026-08-10 09:45:00-04:00,1.0252,1.0276,no
KXXRP15M-26AUG101000,Target Price: $1.0252,2026-08-10 09:45:00-04:00,2026-08-10 10:00:00-04:00,1.0252,1.0252,yes
KXXRP15M-26AUG101000,Target Price: $1.0252,2026-08-10 09:45:00-04:00,2026-08-10 10:00:00-04:00,1.0252,1.0252,yes
KXXRP15M-26AUG101015,Target Price: $1.0252,2026-08-10 10:00:00-04:00,2026-08-10 10:15:00-04:00,1.0293,1.0252,yes
KXXRP15M-26AUG101015,Target Price: $1.0252,2026-08-10 10:00:00-04:00,2026-08-10 10:15:00-04:00,1.0293,1.0252,yes
KXXRP15M-26AUG101030,Target Price: $1.0293,2026-08-10 10:15:00-04:00,2026-08-10 10:30:00-04:00,1.0293,1.0293,yes
KXXRP15M-26AUG101030,Target Price: $1.0293,2026-08-10 10:15:00-04:00,2026-08-10 10:30:00-04:00,1.0293,1.0293,yes
KXXRP15M-26AUG101045,Target Price: $1.0293,2026-08-10 10:30:00-04:00,2026-08-10 10:45:00-04:00,1.0312,1.0293,yes
KXXRP15M-26AUG101045,Target Price: $1.0293,2026-08-10 10:30:00-04:00,2026-08-10 10:45:00-04:00,1.0312,1.0293,yes
KXXRP15M-26AUG101100,Target Price: $1.0312,2026-08-10 10:45:00-04:00,2026-08-10 11:00:00-04:00,1.0263,1.0312,no
KXXRP15M-26AUG101100,Target Price: $1.0312,2026-08-10 10:45:00-04:00,2026-08-10 11:00:00-04:00,1.0263,1.0312,no
KXXRP15M-26AUG101115,Target Price: $1.0263,2026-08-10 11:00:00-04:00,2026-08-10 11:15:00-04:00,1.0235,1.0263,no
KXXRP15M-26AUG101115,Target Price: $1.0263,2026-08-10 11:00:00-04:00,2026-08-10 11:15:00-04:00,1.0235,1.0263,no
KXXRP15M-26AUG101130,Target Price: $1.0235,2026-08-10 11:15:00-04:00,2026-08-10 11:30:00-04:00,1.0225,1.0235,no
KXXRP15M-26AUG101130,Target Price: $1.0235,2026-08-10 11:15:00-04:00,2026-08-10 11:30:00-04:00,1.0225,1.0235,no
KXXRP15M-26AUG101145,Target price: TBD,2026-08-10 11:30:00-04:00,2026-08-10 11:45:00-04:00,1.0220,,no
KXXRP15M-26AUG101145,Target price: TBD,2026-08-10 11:30:00-04:00,2026-08-10 11:45:00-04:00,1.0220,,no
KXXRP15M-26AUG101200,Target Price: $1.0220,2026-08-10 11:45:00-04:00,2026-08-10 12:00:00-04:00,1.0228,1.022,yes
KXXRP15M-26AUG101200,Target Price: $1.0220,2026-08-10 11:45:00-04:00,2026-08-10 12:00:00-04:00,1.0228,1.022,yes
KXXRP15M-26AUG101215,Target Price: $1.0228,2026-08-10 12:00:00-04:00,2026-08-10 12:15:00-04:00,1.0204,1.0228,no
KXXRP15M-26AUG101215,Target Price: $1.0228,2026-08-10 12:00:00-04:00,2026-08-10 12:15:00-04:00,1.0204,1.0228,no
KXXRP15M-26AUG101230,Target Price: $1.0204,2026-08-10 12:15:00-04:00,2026-08-10 12:30:00-04:00,1.0203,1.0204,no
KXXRP15M-26AUG101230,Target Price: $1.0204,2026-08-10 12:15:00-04:00,2026-08-10 12:30:00-04:00,1.0203,1.0204,no
KXXRP15M-26AUG101245,Target Price: $1.0203,2026-08-10 12:30:00-04:00,2026-08-10 12:45:00-04:00,1.0193,1.0203,no
KXXRP15M-26AUG101245,Target Price: $1.0203,2026-08-10 12:30:00-04:00,2026-08-10 12:45:00-04:00,1.0193,1.0203,no
KXXRP15M-26AUG101300,Target Price: $1.0193,2026-08-10 12:45:00-04:00,2026-08-10 13:00:00-04:00,1.0177,1.0193,no
KXXRP15M-26AUG101300,Target Price: $1.0193,2026-08-10 12:45:00-04:00,2026-08-10 13:00:00-04:00,1.0177,1.0193,no
KXXRP15M-26AUG101315,Target Price: $1.0177,2026-08-10 13:00:00-04:00,2026-08-10 13:15:00-04:00,1.0205,1.0177,yes
KXXRP15M-26AUG101315,Target Price: $1.0177,2026-08-10 13:00:00-04:00,2026-08-10 13:15:00-04:00,1.0205,1.0177,yes
KXXRP15M-26AUG101330,Target Price: $1.0205,2026-08-10 13:15:00-04:00,2026-08-10 13:30:00-04:00,1.0200,1.0205,no
KXXRP15M-26AUG101330,Target Price: $1.0205,2026-08-10 13:15:00-04:00,2026-08-10 13:30:00-04:00,1.0200,1.0205,no
KXXRP15M-26AUG101345,Target Price: $1.0200,2026-08-10 13:30:00-04:00,2026-08-10 13:45:00-04:00,1.0195,1.02,no
KXXRP15M-26AUG101345,Target Price: $1.0200,2026-08-10 13:30:00-04:00,2026-08-10 13:45:00-04:00,1.0195,1.02,no
KXXRP15M-26AUG101400,Target Price: $1.0195,2026-08-10 13:45:00-04:00,2026-08-10 14:00:00-04:00,1.0189,1.0195,no
KXXRP15M-26AUG101400,Target Price: $1.0195,2026-08-10 13:45:00-04:00,2026-08-10 14:00:00-04:00,1.0189,1.0195,no
KXXRP15M-26AUG101415,Target Price: $1.0189,2026-08-10 14:00:00-04:00,2026-08-10 14:15:00-04:00,1.0185,1.0189,no
KXXRP15M-26AUG101415,Target Price: $1.0189,2026-08-10 14:00:00-04:00,2026-08-10 14:15:00-04:00,1.0185,1.0189,no
KXXRP15M-26AUG101430,Target Price: $1.0185,2026-08-10 14:15:00-04:00,2026-08-10 14:30:00-04:00,1.0184,1.0185,no
KXXRP15M-26AUG101430,Target Price: $1.0185,2026-08-10 14:15:00-04:00,2026-08-10 14:30:00-04:00,1.0184,1.0185,no
KXXRP15M-26AUG101445,Target Price: $1.0184,2026-08-10 14:30:00-04:00,2026-08-10 14:45:00-04:00,1.0167,1.0184,no
KXXRP15M-26AUG101445,Target Price: $1.0184,2026-08-10 14:30:00-04:00,2026-08-10 14:45:00-04:00,1.0167,1.0184,no
KXXRP15M-26AUG101500,Target Price: $1.0167,2026-08-10 14:45:00-04:00,2026-08-10 15:00:00-04:00,1.0165,1.0167,no
KXXRP15M-26AUG101500,Target Price: $1.0167,2026-08-10 14:45:00-04:00,2026-08-10 15:00:00-04:00,1.0165,1.0167,no
KXXRP15M-26AUG101515,Target Price: $1.0165,2026-08-10 15:00:00-04:00,2026-08-10 15:15:00-04:00,1.0177,1.0165,yes
KXXRP15M-26AUG101515,Target Price: $1.0165,2026-08-10 15:00:00-04:00,2026-08-10 15:15:00-04:00,1.0177,1.0165,yes
KXXRP15M-26AUG101530,Target Price: $1.0177,2026-08-10 15:15:00-04:00,2026-08-10 15:30:00-04:00,1.0192,1.0177,yes
KXXRP15M-26AUG101530,Target Price: $1.0177,2026-08-10 15:15:00-04:00,2026-08-10 15:30:00-04:00,1.0192,1.0177,yes
KXXRP15M-26AUG101545,Target price: TBD,2026-08-10 15:30:00-04:00,2026-08-10 15:45:00-04:00,1.0214,,yes
KXXRP15M-26AUG101545,Target price: TBD,2026-08-10 15:30:00-04:00,2026-08-10 15:45:00-04:00,1.0214,,yes
KXXRP15M-26AUG101600,Target Price: $1.0214,2026-08-10 15:45:00-04:00,2026-08-10 16:00:00-04:00,1.0195,1.0214,no
KXXRP15M-26AUG101600,Target Price: $1.0214,2026-08-10 15:45:00-04:00,2026-08-10 16:00:00-04:00,1.0195,1.0214,no
KXXRP15M-26AUG101615,Target Price: $1.0195,2026-08-10 16:00:00-04:00,2026-08-10 16:15:00-04:00,1.0186,1.0195,no
KXXRP15M-26AUG101615,Target Price: $1.0195,2026-08-10 16:00:00-04:00,2026-08-10 16:15:00-04:00,1.0186,1.0195,no
KXXRP15M-26AUG101630,Target Price: $1.0186,2026-08-10 16:15:00-04:00,2026-08-10 16:30:00-04:00,1.0198,1.0186,yes
KXXRP15M-26AUG101630,Target Price: $1.0186,2026-08-10 16:15:00-04:00,2026-08-10 16:30:00-04:00,1.0198,1.0186,yes
KXXRP15M-26AUG101645,Target Price: $1.0198,2026-08-10 16:30:00-04:00,2026-08-10 16:45:00-04:00,1.0200,1.0198,yes
KXXRP15M-26AUG101645,Target Price: $1.0198,2026-08-10 16:30:00-04:00,2026-08-10 16:45:00-04:00,1.0200,1.0198,yes
KXXRP15M-26AUG101700,Target Price: $1.0200,2026-08-10 16:45:00-04:00,2026-08-10 17:00:00-04:00,1.0189,1.02,no
KXXRP15M-26AUG101700,Target Price: $1.0200,2026-08-10 16:45:00-04:00,2026-08-10 17:00:00-04:00,1.0189,1.02,no
KXXRP15M-26AUG101715,Target Price: $1.0189,2026-08-10 17:00:00-04:00,2026-08-10 17:15:00-04:00,1.0183,1.0189,no
KXXRP15M-26AUG101715,Target Price: $1.0189,2026-08-10 17:00:00-04:00,2026-08-10 17:15:00-04:00,1.0183,1.0189,no
KXXRP15M-26AUG101730,Target Price: $1.0183,2026-08-10 17:15:00-04:00,2026-08-10 17:30:00-04:00,1.0202,1.0183,yes
KXXRP15M-26AUG101730,Target Price: $1.0183,2026-08-10 17:15:00-04:00,2026-08-10 17:30:00-04:00,1.0202,1.0183,yes
KXXRP15M-26AUG101745,Target Price: $1.0202,2026-08-10 17:30:00-04:00,2026-08-10 17:45:00-04:00,1.0194,1.0202,no
KXXRP15M-26AUG101745,Target Price: $1.0202,2026-08-10 17:30:00-04:00,2026-08-10 17:45:00-04:00,1.0194,1.0202,no
KXXRP15M-26AUG101800,Target Price: $1.0194,2026-08-10 17:45:00-04:00,2026-08-10 18:00:00-04:00,1.0163,1.0194,no
KXXRP15M-26AUG101800,Target Price: $1.0194,2026-08-10 17:45:00-04:00,2026-08-10 18:00:00-04:00,1.0163,1.0194,no
KXXRP15M-26AUG101815,Target Price: $1.0163,2026-08-10 18:00:00-04:00,2026-08-10 18:15:00-04:00,1.0109,1.0163,no
KXXRP15M-26AUG101815,Target Price: $1.0163,2026-08-10 18:00:00-04:00,2026-08-10 18:15:00-04:00,1.0109,1.0163,no
KXXRP15M-26AUG101830,Target Price: $1.0109,2026-08-10 18:15:00-04:00,2026-08-10 18:30:00-04:00,1.0112,1.0109,yes
KXXRP15M-26AUG101830,Target Price: $1.0109,2026-08-10 18:15:00-04:00,2026-08-10 18:30:00-04:00,1.0112,1.0109,yes
KXXRP15M-26AUG101845,Target Price: $1.0112,2026-08-10 18:30:00-04:00,2026-08-10 18:45:00-04:00,1.0087,1.0112,no
KXXRP15M-26AUG101845,Target Price: $1.0112,2026-08-10 18:30:00-04:00,2026-08-10 18:45:00-04:00,1.0087,1.0112,no
KXXRP15M-26AUG101900,Target Price: $1.0087,2026-08-10 18:45:00-04:00,2026-08-10 19:00:00-04:00,1.0109,1.0087,yes
KXXRP15M-26AUG101900,Target Price: $1.0087,2026-08-10 18:45:00-04:00,2026-08-10 19:00:00-04:00,1.0109,1.0087,yes
KXXRP15M-26AUG101915,Target Price: $1.0109,2026-08-10 19:00:00-04:00,2026-08-10 19:15:00-04:00,1.0125,1.0109,yes
KXXRP15M-26AUG101915,Target Price: $1.0109,2026-08-10 19:00:00-04:00,2026-08-10 19:15:00-04:00,1.0125,1.0109,yes
KXXRP15M-26AUG101930,Target Price: $1.0125,2026-08-10 19:15:00-04:00,2026-08-10 19:30:00-04:00,1.0120,1.0125,no
KXXRP15M-26AUG101930,Target Price: $1.0125,2026-08-10 19:15:00-04:00,2026-08-10 19:30:00-04:00,1.0120,1.0125,no
KXXRP15M-26AUG101945,Target Price: $1.0120,2026-08-10 19:30:00-04:00,2026-08-10 19:45:00-04:00,1.0124,1.012,yes
KXXRP15M-26AUG101945,Target Price: $1.0120,2026-08-10 19:30:00-04:00,2026-08-10 19:45:00-04:00,1.0124,1.012,yes
KXXRP15M-26AUG102000,Target Price: $1.0124,2026-08-10 19:45:00-04:00,2026-08-10 20:00:00-04:00,1.0115,1.0124,no
KXXRP15M-26AUG102000,Target Price: $1.0124,2026-08-10 19:45:00-04:00,2026-08-10 20:00:00-04:00,1.0115,1.0124,no
KXXRP15M-26AUG102015,Target Price: $1.0115,2026-08-10 20:00:00-04:00,2026-08-10 20:15:00-04:00,1.0104,1.0115,no
KXXRP15M-26AUG102015,Target Price: $1.0115,2026-08-10 20:00:00-04:00,2026-08-10 20:15:00-04:00,1.0104,1.0115,no
KXXRP15M-26AUG102030,Target Price: $1.0104,2026-08-10 20:15:00-04:00,2026-08-10 20:30:00-04:00,1.0115,1.0104,yes
KXXRP15M-26AUG102030,Target Price: $1.0104,2026-08-10 20:15:00-04:00,2026-08-10 20:30:00-04:00,1.0115,1.0104,yes
KXXRP15M-26AUG102045,Target Price: $1.0115,2026-08-10 20:30:00-04:00,2026-08-10 20:45:00-04:00,1.0105,1.0115,no
KXXRP15M-26AUG102045,Target Price: $1.0115,2026-08-10 20:30:00-04:00,2026-08-10 20:45:00-04:00,1.0105,1.0115,no
KXXRP15M-26AUG102100,Target Price: $1.0105,2026-08-10 20:45:00-04:00,2026-08-10 21:00:00-04:00,1.0121,1.0105,yes
KXXRP15M-26AUG102100,Target Price: $1.0105,2026-08-10 20:45:00-04:00,2026-08-10 21:00:00-04:00,1.0121,1.0105,yes
KXXRP15M-26AUG102115,Target Price: $1.0121,2026-08-10 21:00:00-04:00,2026-08-10 21:15:00-04:00,1.0129,1.0121,yes
KXXRP15M-26AUG102115,Target Price: $1.0121,2026-08-10 21:00:00-04:00,2026-08-10 21:15:00-04:00,1.0129,1.0121,yes
KXXRP15M-26AUG102130,Target Price: $1.0129,2026-08-10 21:15:00-04:00,2026-08-10 21:30:00-04:00,1.0140,1.0129,yes
KXXRP15M-26AUG102130,Target Price: $1.0129,2026-08-10 21:15:00-04:00,2026-08-10 21:30:00-04:00,1.0140,1.0129,yes
KXXRP15M-26AUG102145,Target Price: $1.0140,2026-08-10 21:30:00-04:00,2026-08-10 21:45:00-04:00,1.0131,1.014,no
KXXRP15M-26AUG102145,Target Price: $1.0140,2026-08-10 21:30:00-04:00,2026-08-10 21:45:00-04:00,1.0131,1.014,no
KXXRP15M-26AUG102200,Target Price: $1.0131,2026-08-10 21:45:00-04:00,2026-08-10 22:00:00-04:00,1.0151,1.0131,yes
KXXRP15M-26AUG102200,Target Price: $1.0131,2026-08-10 21:45:00-04:00,2026-08-10 22:00:00-04:00,1.0151,1.0131,yes
KXXRP15M-26AUG102215,Target Price: $1.0151,2026-08-10 22:00:00-04:00,2026-08-10 22:15:00-04:00,1.0148,1.0151,no
KXXRP15M-26AUG102215,Target Price: $1.0151,2026-08-10 22:00:00-04:00,2026-08-10 22:15:00-04:00,1.0148,1.0151,no
KXXRP15M-26AUG102230,Target Price: $1.0148,2026-08-10 22:15:00-04:00,2026-08-10 22:30:00-04:00,1.0135,1.0148,no
KXXRP15M-26AUG102230,Target Price: $1.0148,2026-08-10 22:15:00-04:00,2026-08-10 22:30:00-04:00,1.0135,1.0148,no
KXXRP15M-26AUG102245,Target Price: $1.0135,2026-08-10 22:30:00-04:00,2026-08-10 22:45:00-04:00,1.0135,1.0135,yes
KXXRP15M-26AUG102245,Target Price: $1.0135,2026-08-10 22:30:00-04:00,2026-08-10 22:45:00-04:00,1.0135,1.0135,yes
KXXRP15M-26AUG102300,Target Price: $1.0135,2026-08-10 22:45:00-04:00,2026-08-10 23:00:00-04:00,1.0127,1.0135,no
KXXRP15M-26AUG102300,Target Price: $1.0135,2026-08-10 22:45:00-04:00,2026-08-10 23:00:00-04:00,1.0127,1.0135,no
KXXRP15M-26AUG102315,Target Price: $1.0127,2026-08-10 23:00:00-04:00,2026-08-10 23:15:00-04:00,1.0128,1.0127,yes
KXXRP15M-26AUG102315,Target Price: $1.0127,2026-08-10 23:00:00-04:00,2026-08-10 23:15:00-04:00,1.0128,1.0127,yes
KXXRP15M-26AUG102330,Target Price: $1.0128,2026-08-10 23:15:00-04:00,2026-08-10 23:30:00-04:00,1.0135,1.0128,yes
KXXRP15M-26AUG102330,Target Price: $1.0128,2026-08-10 23:15:00-04:00,2026-08-10 23:30:00-04:00,1.0135,1.0128,yes
KXXRP15M-26AUG102345,Target Price: $1.0135,2026-08-10 23:30:00-04:00,2026-08-10 23:45:00-04:00,1.0134,1.0135,no
KXXRP15M-26AUG102345,Target Price: $1.0135,2026-08-10 23:30:00-04:00,2026-08-10 23:45:00-04:00,1.0134,1.0135,no
KXXRP15M-26AUG110000,Target Price: $1.0134,2026-08-10 23:45:00-04:00,2026-08-11 00:00:00-04:00,1.0139,1.0134,yes
KXXRP15M-26AUG110000,Target Price: $1.0134,2026-08-10 23:45:00-04:00,2026-08-11 00:00:00-04:00,1.0139,1.0134,yes
KXXRP15M-26AUG110015,Target Price: $1.0139,2026-08-11 00:00:00-04:00,2026-08-11 00:15:00-04:00,1.0141,1.0139,yes
KXXRP15M-26AUG110015,Target Price: $1.0139,2026-08-11 00:00:00-04:00,2026-08-11 00:15:00-04:00,1.0141,1.0139,yes
KXXRP15M-26AUG110030,Target Price: $1.0141,2026-08-11 00:15:00-04:00,2026-08-11 00:30:00-04:00,1.0134,1.0141,no
KXXRP15M-26AUG110030,Target Price: $1.0141,2026-08-11 00:15:00-04:00,2026-08-11 00:30:00-04:00,1.0134,1.0141,no
KXXRP15M-26AUG110045,Target Price: $1.0134,2026-08-11 00:30:00-04:00,2026-08-11 00:45:00-04:00,1.0129,1.0134,no
KXXRP15M-26AUG110045,Target Price: $1.0134,2026-08-11 00:30:00-04:00,2026-08-11 00:45:00-04:00,1.0129,1.0134,no
KXXRP15M-26AUG110100,Target Price: $1.0129,2026-08-11 00:45:00-04:00,2026-08-11 01:00:00-04:00,1.0124,1.0129,no
KXXRP15M-26AUG110100,Target Price: $1.0129,2026-08-11 00:45:00-04:00,2026-08-11 01:00:00-04:00,1.0124,1.0129,no
KXXRP15M-26AUG110115,Target Price: $1.0124,2026-08-11 01:00:00-04:00,2026-08-11 01:15:00-04:00,1.0122,1.0124,no
KXXRP15M-26AUG110115,Target Price: $1.0124,2026-08-11 01:00:00-04:00,2026-08-11 01:15:00-04:00,1.0122,1.0124,no
KXXRP15M-26AUG110130,Target Price: $1.0122,2026-08-11 01:15:00-04:00,2026-08-11 01:30:00-04:00,1.0110,1.0122,no
KXXRP15M-26AUG110130,Target Price: $1.0122,2026-08-11 01:15:00-04:00,2026-08-11 01:30:00-04:00,1.0110,1.0122,no
KXXRP15M-26AUG110145,Target Price: $1.0110,2026-08-11 01:30:00-04:00,2026-08-11 01:45:00-04:00,1.0131,1.011,yes
KXXRP15M-26AUG110145,Target Price: $1.0110,2026-08-11 01:30:00-04:00,2026-08-11 01:45:00-04:00,1.0131,1.011,yes
KXXRP15M-26AUG110200,Target Price: $1.0131,2026-08-11 01:45:00-04:00,2026-08-11 02:00:00-04:00,1.0097,1.0131,no
KXXRP15M-26AUG110200,Target Price: $1.0131,2026-08-11 01:45:00-04:00,2026-08-11 02:00:00-04:00,1.0097,1.0131,no
KXXRP15M-26AUG110215,Target Price: $1.0097,2026-08-11 02:00:00-04:00,2026-08-11 02:15:00-04:00,1.0108,1.0097,yes
KXXRP15M-26AUG110215,Target Price: $1.0097,2026-08-11 02:00:00-04:00,2026-08-11 02:15:00-04:00,1.0108,1.0097,yes
KXXRP15M-26AUG110230,Target Price: $1.0108,2026-08-11 02:15:00-04:00,2026-08-11 02:30:00-04:00,1.0084,1.0108,no
KXXRP15M-26AUG110230,Target Price: $1.0108,2026-08-11 02:15:00-04:00,2026-08-11 02:30:00-04:00,1.0084,1.0108,no
KXXRP15M-26AUG110245,Target Price: $1.0084,2026-08-11 02:30:00-04:00,2026-08-11 02:45:00-04:00,1.0051,1.0084,no
KXXRP15M-26AUG110245,Target Price: $1.0084,2026-08-11 02:30:00-04:00,2026-08-11 02:45:00-04:00,1.0051,1.0084,no
KXXRP15M-26AUG110300,Target Price: $1.0051,2026-08-11 02:45:00-04:00,2026-08-11 03:00:00-04:00,1.0055,1.0051,yes
KXXRP15M-26AUG110300,Target Price: $1.0051,2026-08-11 02:45:00-04:00,2026-08-11 03:00:00-04:00,1.0055,1.0051,yes
KXXRP15M-26AUG110315,Target Price: $1.0055,2026-08-11 03:00:00-04:00,2026-08-11 03:15:00-04:00,1.0055,1.0055,yes
KXXRP15M-26AUG110315,Target Price: $1.0055,2026-08-11 03:00:00-04:00,2026-08-11 03:15:00-04:00,1.0055,1.0055,yes
KXXRP15M-26AUG110330,Target Price: $1.0055,2026-08-11 03:15:00-04:00,2026-08-11 03:30:00-04:00,1.0027,1.0055,no
KXXRP15M-26AUG110330,Target Price: $1.0055,2026-08-11 03:15:00-04:00,2026-08-11 03:30:00-04:00,1.0027,1.0055,no
KXXRP15M-26AUG110345,Target Price: $1.0027,2026-08-11 03:30:00-04:00,2026-08-11 03:45:00-04:00,1.0047,1.0027,yes
KXXRP15M-26AUG110345,Target Price: $1.0027,2026-08-11 03:30:00-04:00,2026-08-11 03:45:00-04:00,1.0047,1.0027,yes
KXXRP15M-26AUG110400,Target Price: $1.0047,2026-08-11 03:45:00-04:00,2026-08-11 04:00:00-04:00,1.0039,1.0047,no
KXXRP15M-26AUG110400,Target Price: $1.0047,2026-08-11 03:45:00-04:00,2026-08-11 04:00:00-04:00,1.0039,1.0047,no
KXXRP15M-26AUG110415,Target Price: $1.0039,2026-08-11 04:00:00-04:00,2026-08-11 04:15:00-04:00,1.0039,1.0039,yes
KXXRP15M-26AUG110415,Target Price: $1.0039,2026-08-11 04:00:00-04:00,2026-08-11 04:15:00-04:00,1.0039,1.0039,yes
KXXRP15M-26AUG110430,Target Price: $1.0039,2026-08-11 04:15:00-04:00,2026-08-11 04:30:00-04:00,1.0035,1.0039,no
KXXRP15M-26AUG110430,Target Price: $1.0039,2026-08-11 04:15:00-04:00,2026-08-11 04:30:00-04:00,1.0035,1.0039,no
KXXRP15M-26AUG110445,Target Price: $1.0035,2026-08-11 04:30:00-04:00,2026-08-11 04:45:00-04:00,1.0045,1.0035,yes
KXXRP15M-26AUG110445,Target Price: $1.0035,2026-08-11 04:30:00-04:00,2026-08-11 04:45:00-04:00,1.0045,1.0035,yes
KXXRP15M-26AUG110500,Target Price: $1.0045,2026-08-11 04:45:00-04:00,2026-08-11 05:00:00-04:00,1.0050,1.0045,yes
KXXRP15M-26AUG110500,Target Price: $1.0045,2026-08-11 04:45:00-04:00,2026-08-11 05:00:00-04:00,1.0050,1.0045,yes
KXXRP15M-26AUG110515,Target Price: $1.0050,2026-08-11 05:00:00-04:00,2026-08-11 05:15:00-04:00,1.0045,1.005,no
KXXRP15M-26AUG110515,Target Price: $1.0050,2026-08-11 05:00:00-04:00,2026-08-11 05:15:00-04:00,1.0045,1.005,no
KXXRP15M-26AUG110530,Target Price: $1.0045,2026-08-11 05:15:00-04:00,2026-08-11 05:30:00-04:00,1.0056,1.0045,yes
KXXRP15M-26AUG110530,Target Price: $1.0045,2026-08-11 05:15:00-04:00,2026-08-11 05:30:00-04:00,1.0056,1.0045,yes
KXXRP15M-26AUG110545,Target Price: $1.0056,2026-08-11 05:30:00-04:00,2026-08-11 05:45:00-04:00,1.0056,1.0056,yes
KXXRP15M-26AUG110545,Target Price: $1.0056,2026-08-11 05:30:00-04:00,2026-08-11 05:45:00-04:00,1.0056,1.0056,yes
KXXRP15M-26AUG110600,Target Price: $1.0056,2026-08-11 05:45:00-04:00,2026-08-11 06:00:00-04:00,1.0063,1.0056,yes
KXXRP15M-26AUG110600,Target Price: $1.0056,2026-08-11 05:45:00-04:00,2026-08-11 06:00:00-04:00,1.0063,1.0056,yes
KXXRP15M-26AUG110615,Target Price: $1.0063,2026-08-11 06:00:00-04:00,2026-08-11 06:15:00-04:00,1.0036,1.0063,no
KXXRP15M-26AUG110615,Target Price: $1.0063,2026-08-11 06:00:00-04:00,2026-08-11 06:15:00-04:00,1.0036,1.0063,no
KXXRP15M-26AUG110630,Target Price: $1.0036,2026-08-11 06:15:00-04:00,2026-08-11 06:30:00-04:00,1.0038,1.0036,yes
KXXRP15M-26AUG110630,Target Price: $1.0036,2026-08-11 06:15:00-04:00,2026-08-11 06:30:00-04:00,1.0038,1.0036,yes
KXXRP15M-26AUG110645,Target Price: $1.0038,2026-08-11 06:30:00-04:00,2026-08-11 06:45:00-04:00,1.0026,1.0038,no
KXXRP15M-26AUG110645,Target Price: $1.0038,2026-08-11 06:30:00-04:00,2026-08-11 06:45:00-04:00,1.0026,1.0038,no
KXXRP15M-26AUG110700,Target Price: $1.0026,2026-08-11 06:45:00-04:00,2026-08-11 07:00:00-04:00,1.0048,1.0026,yes
KXXRP15M-26AUG110700,Target Price: $1.0026,2026-08-11 06:45:00-04:00,2026-08-11 07:00:00-04:00,1.0048,1.0026,yes
KXXRP15M-26AUG110715,Target Price: $1.0048,2026-08-11 07:00:00-04:00,2026-08-11 07:15:00-04:00,1.0078,1.0048,yes
KXXRP15M-26AUG110715,Target Price: $1.0048,2026-08-11 07:00:00-04:00,2026-08-11 07:15:00-04:00,1.0078,1.0048,yes
KXXRP15M-26AUG110730,Target Price: $1.0078,2026-08-11 07:15:00-04:00,2026-08-11 07:30:00-04:00,1.0078,1.0078,yes
KXXRP15M-26AUG110730,Target Price: $1.0078,2026-08-11 07:15:00-04:00,2026-08-11 07:30:00-04:00,1.0078,1.0078,yes
KXXRP15M-26AUG110745,Target Price: $1.0078,2026-08-11 07:30:00-04:00,2026-08-11 07:45:00-04:00,1.0072,1.0078,no
KXXRP15M-26AUG110745,Target Price: $1.0078,2026-08-11 07:30:00-04:00,2026-08-11 07:45:00-04:00,1.0072,1.0078,no
KXXRP15M-26AUG110800,Target Price: $1.0072,2026-08-11 07:45:00-04:00,2026-08-11 08:00:00-04:00,1.0074,1.0072,yes
KXXRP15M-26AUG110800,Target Price: $1.0072,2026-08-11 07:45:00-04:00,2026-08-11 08:00:00-04:00,1.0074,1.0072,yes
KXXRP15M-26AUG110815,Target Price: $1.0074,2026-08-11 08:00:00-04:00,2026-08-11 08:15:00-04:00,1.0079,1.0074,yes
KXXRP15M-26AUG110815,Target Price: $1.0074,2026-08-11 08:00:00-04:00,2026-08-11 08:15:00-04:00,1.0079,1.0074,yes
KXXRP15M-26AUG110830,Target Price: $1.0079,2026-08-11 08:15:00-04:00,2026-08-11 08:30:00-04:00,1.0052,1.0079,no
KXXRP15M-26AUG110830,Target Price: $1.0079,2026-08-11 08:15:00-04:00,2026-08-11 08:30:00-04:00,1.0052,1.0079,no
KXXRP15M-26AUG110845,Target Price: $1.0052,2026-08-11 08:30:00-04:00,2026-08-11 08:45:00-04:00,1.0058,1.0052,yes
KXXRP15M-26AUG110845,Target Price: $1.0052,2026-08-11 08:30:00-04:00,2026-08-11 08:45:00-04:00,1.0058,1.0052,yes
KXXRP15M-26AUG110900,Target Price: $1.0058,2026-08-11 08:45:00-04:00,2026-08-11 09:00:00-04:00,1.0039,1.0058,no
KXXRP15M-26AUG110900,Target Price: $1.0058,2026-08-11 08:45:00-04:00,2026-08-11 09:00:00-04:00,1.0039,1.0058,no
KXXRP15M-26AUG110915,Target Price: $1.0039,2026-08-11 09:00:00-04:00,2026-08-11 09:15:00-04:00,1.0056,1.0039,yes
KXXRP15M-26AUG110915,Target Price: $1.0039,2026-08-11 09:00:00-04:00,2026-08-11 09:15:00-04:00,1.0056,1.0039,yes
KXXRP15M-26AUG110930,Target Price: $1.0056,2026-08-11 09:15:00-04:00,2026-08-11 09:30:00-04:00,1.0064,1.0056,yes
KXXRP15M-26AUG110930,Target Price: $1.0056,2026-08-11 09:15:00-04:00,2026-08-11 09:30:00-04:00,1.0064,1.0056,yes
KXXRP15M-26AUG110945,Target Price: $1.0064,2026-08-11 09:30:00-04:00,2026-08-11 09:45:00-04:00,1.0067,1.0064,yes
KXXRP15M-26AUG110945,Target Price: $1.0064,2026-08-11 09:30:00-04:00,2026-08-11 09:45:00-04:00,1.0067,1.0064,yes
KXXRP15M-26AUG111000,Target Price: $1.0067,2026-08-11 09:45:00-04:00,2026-08-11 10:00:00-04:00,1.0080,1.0067,yes
KXXRP15M-26AUG111000,Target Price: $1.0067,2026-08-11 09:45:00-04:00,2026-08-11 10:00:00-04:00,1.0080,1.0067,yes
KXXRP15M-26AUG111015,Target Price: $1.0080,2026-08-11 10:00:00-04:00,2026-08-11 10:15:00-04:00,1.0089,1.008,yes
KXXRP15M-26AUG111015,Target Price: $1.0080,2026-08-11 10:00:00-04:00,2026-08-11 10:15:00-04:00,1.0089,1.008,yes
KXXRP15M-26AUG111030,Target Price: $1.0089,2026-08-11 10:15:00-04:00,2026-08-11 10:30:00-04:00,1.0059,1.0089,no
KXXRP15M-26AUG111030,Target Price: $1.0089,2026-08-11 10:15:00-04:00,2026-08-11 10:30:00-04:00,1.0059,1.0089,no
KXXRP15M-26AUG111045,Target Price: $1.0059,2026-08-11 10:30:00-04:00,2026-08-11 10:45:00-04:00,1.0038,1.0059,no
KXXRP15M-26AUG111045,Target Price: $1.0059,2026-08-11 10:30:00-04:00,2026-08-11 10:45:00-04:00,1.0038,1.0059,no
KXXRP15M-26AUG111100,Target Price: $1.0038,2026-08-11 10:45:00-04:00,2026-08-11 11:00:00-04:00,0.9939,1.0038,no
KXXRP15M-26AUG111100,Target Price: $1.0038,2026-08-11 10:45:00-04:00,2026-08-11 11:00:00-04:00,0.9939,1.0038,no
KXXRP15M-26AUG111115,Target Price: $0.9939,2026-08-11 11:00:00-04:00,2026-08-11 11:15:00-04:00,0.9967,0.9939,yes
KXXRP15M-26AUG111115,Target Price: $0.9939,2026-08-11 11:00:00-04:00,2026-08-11 11:15:00-04:00,0.9967,0.9939,yes
KXXRP15M-26AUG111130,Target Price: $0.9967,2026-08-11 11:15:00-04:00,2026-08-11 11:30:00-04:00,1.0058,0.9967,yes
KXXRP15M-26AUG111130,Target Price: $0.9967,2026-08-11 11:15:00-04:00,2026-08-11 11:30:00-04:00,1.0058,0.9967,yes
KXXRP15M-26AUG111145,Target Price: $1.0058,2026-08-11 11:30:00-04:00,2026-08-11 11:45:00-04:00,0.9996,1.0058,no
KXXRP15M-26AUG111145,Target Price: $1.0058,2026-08-11 11:30:00-04:00,2026-08-11 11:45:00-04:00,0.9996,1.0058,no
KXXRP15M-26AUG111200,Target Price: $0.9996,2026-08-11 11:45:00-04:00,2026-08-11 12:00:00-04:00,1.0033,0.9996,yes
KXXRP15M-26AUG111200,Target Price: $0.9996,2026-08-11 11:45:00-04:00,2026-08-11 12:00:00-04:00,1.0033,0.9996,yes
KXXRP15M-26AUG111215,Target Price: $1.0033,2026-08-11 12:00:00-04:00,2026-08-11 12:15:00-04:00,1.0044,1.0033,yes
KXXRP15M-26AUG111215,Target Price: $1.0033,2026-08-11 12:00:00-04:00,2026-08-11 12:15:00-04:00,1.0044,1.0033,yes
KXXRP15M-26AUG111230,Target Price: $1.0044,2026-08-11 12:15:00-04:00,2026-08-11 12:30:00-04:00,1.0068,1.0044,yes
KXXRP15M-26AUG111230,Target Price: $1.0044,2026-08-11 12:15:00-04:00,2026-08-11 12:30:00-04:00,1.0068,1.0044,yes
KXXRP15M-26AUG111245,Target Price: $1.0068,2026-08-11 12:30:00-04:00,2026-08-11 12:45:00-04:00,1.0073,1.0068,yes
KXXRP15M-26AUG111245,Target Price: $1.0068,2026-08-11 12:30:00-04:00,2026-08-11 12:45:00-04:00,1.0073,1.0068,yes
KXXRP15M-26AUG111300,Target Price: $1.0073,2026-08-11 12:45:00-04:00,2026-08-11 13:00:00-04:00,1.0093,1.0073,yes
KXXRP15M-26AUG111300,Target Price: $1.0073,2026-08-11 12:45:00-04:00,2026-08-11 13:00:00-04:00,1.0093,1.0073,yes
KXXRP15M-26AUG111315,Target Price: $1.0093,2026-08-11 13:00:00-04:00,2026-08-11 13:15:00-04:00,1.0102,1.0093,yes
KXXRP15M-26AUG111315,Target Price: $1.0093,2026-08-11 13:00:00-04:00,2026-08-11 13:15:00-04:00,1.0102,1.0093,yes
KXXRP15M-26AUG111330,Target Price: $1.0102,2026-08-11 13:15:00-04:00,2026-08-11 13:30:00-04:00,1.0134,1.0102,yes
KXXRP15M-26AUG111330,Target Price: $1.0102,2026-08-11 13:15:00-04:00,2026-08-11 13:30:00-04:00,1.0134,1.0102,yes
KXXRP15M-26AUG111345,Target Price: $1.0134,2026-08-11 13:30:00-04:00,2026-08-11 13:45:00-04:00,1.0144,1.0134,yes
KXXRP15M-26AUG111345,Target Price: $1.0134,2026-08-11 13:30:00-04:00,2026-08-11 13:45:00-04:00,1.0144,1.0134,yes
KXXRP15M-26AUG111400,Target Price: $1.0144,2026-08-11 13:45:00-04:00,2026-08-11 14:00:00-04:00,1.0136,1.0144,no
KXXRP15M-26AUG111400,Target Price: $1.0144,2026-08-11 13:45:00-04:00,2026-08-11 14:00:00-04:00,1.0136,1.0144,no
KXXRP15M-26AUG111415,Target Price: $1.0136,2026-08-11 14:00:00-04:00,2026-08-11 14:15:00-04:00,1.0143,1.0136,yes
KXXRP15M-26AUG111415,Target Price: $1.0136,2026-08-11 14:00:00-04:00,2026-08-11 14:15:00-04:00,1.0143,1.0136,yes
KXXRP15M-26AUG111430,Target Price: $1.0143,2026-08-11 14:15:00-04:00,2026-08-11 14:30:00-04:00,1.0118,1.0143,no
KXXRP15M-26AUG111430,Target Price: $1.0143,2026-08-11 14:15:00-04:00,2026-08-11 14:30:00-04:00,1.0118,1.0143,no
KXXRP15M-26AUG111445,Target Price: $1.0118,2026-08-11 14:30:00-04:00,2026-08-11 14:45:00-04:00,1.0102,1.0118,no
KXXRP15M-26AUG111445,Target Price: $1.0118,2026-08-11 14:30:00-04:00,2026-08-11 14:45:00-04:00,1.0102,1.0118,no
KXXRP15M-26AUG111500,Target Price: $1.0102,2026-08-11 14:45:00-04:00,2026-08-11 15:00:00-04:00,1.0122,1.0102,yes
KXXRP15M-26AUG111500,Target Price: $1.0102,2026-08-11 14:45:00-04:00,2026-08-11 15:00:00-04:00,1.0122,1.0102,yes
KXXRP15M-26AUG111515,Target Price: $1.0122,2026-08-11 15:00:00-04:00,2026-08-11 15:15:00-04:00,1.0092,1.0122,no
KXXRP15M-26AUG111515,Target Price: $1.0122,2026-08-11 15:00:00-04:00,2026-08-11 15:15:00-04:00,1.0092,1.0122,no
KXXRP15M-26AUG111530,Target Price: $1.0092,2026-08-11 15:15:00-04:00,2026-08-11 15:30:00-04:00,,1.0092,
KXXRP15M-26AUG111530,Target Price: $1.0092,2026-08-11 15:15:00-04:00,2026-08-11 15:30:00-04:00,,1.0092,
KXXRP15M-26AUG111545,Target price: TBD,2026-08-11 15:30:00-04:00,2026-08-11 15:45:00-04:00,,,
KXXRP15M-26AUG111545,Target price: TBD,2026-08-11 15:30:00-04:00,2026-08-11 15:45:00-04:00,,,
KXXRP15M-26AUG111600,Target price: TBD,2026-08-11 15:45:00-04:00,2026-08-11 16:00:00-04:00,,,
KXXRP15M-26AUG111600,Target price: TBD,2026-08-11 15:45:00-04:00,2026-08-11 16:00:00-04:00,,,
KXXRP15M-26AUG111615,Target price: TBD,2026-08-11 16:00:00-04:00,2026-08-11 16:15:00-04:00,,,
KXXRP15M-26AUG111615,Target price: TBD,2026-08-11 16:00:00-04:00,2026-08-11 16:15:00-04:00,,,
KXXRP15M-26AUG111630,Target price: TBD,2026-08-11 16:15:00-04:00,2026-08-11 16:30:00-04:00,,,
KXXRP15M-26AUG111630,Target price: TBD,2026-08-11 16:15:00-04:00,2026-08-11 16:30:00-04:00,,,
KXXRP15M-26AUG111645,Target price: TBD,2026-08-11 16:30:00-04:00,2026-08-11 16:45:00-04:00,,,
KXXRP15M-26AUG111645,Target price: TBD,2026-08-11 16:30:00-04:00,2026-08-11 16:45:00-04:00,,,
KXXRP15M-26AUG111700,Target price: TBD,2026-08-11 16:45:00-04:00,2026-08-11 17:00:00-04:00,,,
KXXRP15M-26AUG111700,Target price: TBD,2026-08-11 16:45:00-04:00,2026-08-11 17:00:00-04:00,,,
KXXRP15M-26AUG111715,Target price: TBD,2026-08-11 17:00:00-04:00,2026-08-11 17:15:00-04:00,,,
KXXRP15M-26AUG111715,Target price: TBD,2026-08-11 17:00:00-04:00,2026-08-11 17:15:00-04:00,,,
KXXRP15M-26AUG111730,Target price: TBD,2026-08-11 17:15:00-04:00,2026-08-11 17:30:00-04:00,,,
KXXRP15M-26AUG111730,Target price: TBD,2026-08-11 17:15:00-04:00,2026-08-11 17:30:00-04:00,,,
KXXRP15M-26AUG111745,Target price: TBD,2026-08-11 17:30:00-04:00,2026-08-11 17:45:00-04:00,,,
KXXRP15M-26AUG111745,Target price: TBD,2026-08-11 17:30:00-04:00,2026-08-11 17:45:00-04:00,,,
KXXRP15M-26AUG111800,Target price: TBD,2026-08-11 17:45:00-04:00,2026-08-11 18:00:00-04:00,,,
KXXRP15M-26AUG111800,Target price: TBD,2026-08-11 17:45:00-04:00,2026-08-11 18:00:00-04:00,,,
KXXRP15M-26AUG111815,Target price: TBD,2026-08-11 18:00:00-04:00,2026-08-11 18:15:00-04:00,,,
KXXRP15M-26AUG111815,Target price: TBD,2026-08-11 18:00:00-04:00,2026-08-11 18:15:00-04:00,,,
KXXRP15M-26AUG111830,Target price: TBD,2026-08-11 18:15:00-04:00,2026-08-11 18:30:00-04:00,,,
KXXRP15M-26AUG111830,Target price: TBD,2026-08-11 18:15:00-04:00,2026-08-11 18:30:00-04:00,,,
KXXRP15M-26AUG111845,Target price: TBD,2026-08-11 18:30:00-04:00,2026-08-11 18:45:00-04:00,,,
KXXRP15M-26AUG111845,Target price: TBD,2026-08-11 18:30:00-04:00,2026-08-11 18:45:00-04:00,,,
KXXRP15M-26AUG111900,Target price: TBD,2026-08-11 18:45:00-04:00,2026-08-11 19:00:00-04:00,,,
KXXRP15M-26AUG111900,Target price: TBD,2026-08-11 18:45:00-04:00,2026-08-11 19:00:00-04:00,,,
KXXRP15M-26AUG111915,Target price: TBD,2026-08-11 19:00:00-04:00,2026-08-11 19:15:00-04:00,,,
KXXRP15M-26AUG111915,Target price: TBD,2026-08-11 19:00:00-04:00,2026-08-11 19:15:00-04:00,,,
KXXRP15M-26AUG111930,Target price: TBD,2026-08-11 19:15:00-04:00,2026-08-11 19:30:00-04:00,,,
KXXRP15M-26AUG111930,Target price: TBD,2026-08-11 19:15:00-04:00,2026-08-11 19:30:00-04:00,,,
KXXRP15M-26AUG111945,Target price: TBD,2026-08-11 19:30:00-04:00,2026-08-11 19:45:00-04:00,,,
KXXRP15M-26AUG111945,Target price: TBD,2026-08-11 19:30:00-04:00,2026-08-11 19:45:00-04:00,,,
KXXRP15M-26AUG112000,Target price: TBD,2026-08-11 19:45:00-04:00,2026-08-11 20:00:00-04:00,,,
KXXRP15M-26AUG112000,Target price: TBD,2026-08-11 19:45:00-04:00,2026-08-11 20:00:00-04:00,,,
KXXRP15M-26AUG112015,Target price: TBD,2026-08-11 20:00:00-04:00,2026-08-11 20:15:00-04:00,,,
KXXRP15M-26AUG112015,Target price: TBD,2026-08-11 20:00:00-04:00,2026-08-11 20:15:00-04:00,,,
KXXRP15M-26AUG112030,Target price: TBD,2026-08-11 20:15:00-04:00,2026-08-11 20:30:00-04:00,,,
KXXRP15M-26AUG112030,Target price: TBD,2026-08-11 20:15:00-04:00,2026-08-11 20:30:00-04:00,,,
KXXRP15M-26AUG112045,Target price: TBD,2026-08-11 20:30:00-04:00,2026-08-11 20:45:00-04:00,,,
KXXRP15M-26AUG112045,Target price: TBD,2026-08-11 20:30:00-04:00,2026-08-11 20:45:00-04:00,,,
KXXRP15M-26AUG112100,Target price: TBD,2026-08-11 20:45:00-04:00,2026-08-11 21:00:00-04:00,,,
KXXRP15M-26AUG112100,Target price: TBD,2026-08-11 20:45:00-04:00,2026-08-11 21:00:00-04:00,,,
KXXRP15M-26AUG112115,Target price: TBD,2026-08-11 21:00:00-04:00,2026-08-11 21:15:00-04:00,,,
KXXRP15M-26AUG112115,Target price: TBD,2026-08-11 21:00:00-04:00,2026-08-11 21:15:00-04:00,,,
KXXRP15M-26AUG112130,Target price: TBD,2026-08-11 21:15:00-04:00,2026-08-11 21:30:00-04:00,,,
KXXRP15M-26AUG112130,Target price: TBD,2026-08-11 21:15:00-04:00,2026-08-11 21:30:00-04:00,,,
KXXRP15M-26AUG112145,Target price: TBD,2026-08-11 21:30:00-04:00,2026-08-11 21:45:00-04:00,,,
KXXRP15M-26AUG112145,Target price: TBD,2026-08-11 21:30:00-04:00,2026-08-11 21:45:00-04:00,,,
KXXRP15M-26AUG112200,Target price: TBD,2026-08-11 21:45:00-04:00,2026-08-11 22:00:00-04:00,,,
KXXRP15M-26AUG112200,Target price: TBD,2026-08-11 21:45:00-04:00,2026-08-11 22:00:00-04:00,,,
KXXRP15M-26AUG112215,Target price: TBD,2026-08-11 22:00:00-04:00,2026-08-11 22:15:00-04:00,,,
KXXRP15M-26AUG112215,Target price: TBD,2026-08-11 22:00:00-04:00,2026-08-11 22:15:00-04:00,,,
KXXRP15M-26AUG112230,Target price: TBD,2026-08-11 22:15:00-04:00,2026-08-11 22:30:00-04:00,,,
KXXRP15M-26AUG112230,Target price: TBD,2026-08-11 22:15:00-04:00,2026-08-11 22:30:00-04:00,,,
KXXRP15M-26AUG112245,Target price: TBD,2026-08-11 22:30:00-04:00,2026-08-11 22:45:00-04:00,,,
KXXRP15M-26AUG112245,Target price: TBD,2026-08-11 22:30:00-04:00,2026-08-11 22:45:00-04:00,,,
KXXRP15M-26AUG112300,Target price: TBD,2026-08-11 22:45:00-04:00,2026-08-11 23:00:00-04:00,,,
KXXRP15M-26AUG112300,Target price: TBD,2026-08-11 22:45:00-04:00,2026-08-11 23:00:00-04:00,,,
KXXRP15M-26AUG112315,Target price: TBD,2026-08-11 23:00:00-04:00,2026-08-11 23:15:00-04:00,,,
KXXRP15M-26AUG112315,Target price: TBD,2026-08-11 23:00:00-04:00,2026-08-11 23:15:00-04:00,,,
KXXRP15M-26AUG112330,Target price: TBD,2026-08-11 23:15:00-04:00,2026-08-11 23:30:00-04:00,,,
KXXRP15M-26AUG112330,Target price: TBD,2026-08-11 23:15:00-04:00,2026-08-11 23:30:00-04:00,,,
KXXRP15M-26AUG112345,Target price: TBD,2026-08-11 23:30:00-04:00,2026-08-11 23:45:00-04:00,,,
KXXRP15M-26AUG112345,Target price: TBD,2026-08-11 23:30:00-04:00,2026-08-11 23:45:00-04:00,,,
KXXRP15M-26AUG120000,Target price: TBD,2026-08-11 23:45:00-04:00,2026-08-12 00:00:00-04:00,,,
KXXRP15M-26AUG120000,Target price: TBD,2026-08-11 23:45:00-04:00,2026-08-12 00:00:00-04:00,,,
KXXRP15M-26JUN010000,Target Price: $1.3304,2026-05-31 23:45:00-04:00,2026-06-01 00:00:00-04:00,1.3287,1.3304,no
KXXRP15M-26JUN010000,Target Price: $1.3304,2026-05-31 23:45:00-04:00,2026-06-01 00:00:00-04:00,1.3287,1.3304,no
KXXRP15M-26JUN010015,Target Price: $1.3287,2026-06-01 00:00:00-04:00,2026-06-01 00:15:00-04:00,1.3255,1.3287,no
KXXRP15M-26JUN010015,Target Price: $1.3287,2026-06-01 00:00:00-04:00,2026-06-01 00:15:00-04:00,1.3255,1.3287,no
KXXRP15M-26JUN010030,Target Price: $1.3255,2026-06-01 00:15:00-04:00,2026-06-01 00:30:00-04:00,1.3200,1.3255,no
KXXRP15M-26JUN010030,Target Price: $1.3255,2026-06-01 00:15:00-04:00,2026-06-01 00:30:00-04:00,1.3200,1.3255,no
KXXRP15M-26JUN010045,Target Price: $1.3200,2026-06-01 00:30:00-04:00,2026-06-01 00:45:00-04:00,1.3222,1.32,yes
KXXRP15M-26JUN010045,Target Price: $1.3200,2026-06-01 00:30:00-04:00,2026-06-01 00:45:00-04:00,1.3222,1.32,yes
KXXRP15M-26JUN010100,Target Price: $1.3222,2026-06-01 00:45:00-04:00,2026-06-01 01:00:00-04:00,1.3208,1.3222,no
KXXRP15M-26JUN010100,Target Price: $1.3222,2026-06-01 00:45:00-04:00,2026-06-01 01:00:00-04:00,1.3208,1.3222,no
KXXRP15M-26JUN010115,Target Price: $1.3208,2026-06-01 01:00:00-04:00,2026-06-01 01:15:00-04:00,1.3187,1.3208,no
KXXRP15M-26JUN010115,Target Price: $1.3208,2026-06-01 01:00:00-04:00,2026-06-01 01:15:00-04:00,1.3187,1.3208,no
KXXRP15M-26JUN010130,Target Price: $1.3187,2026-06-01 01:15:00-04:00,2026-06-01 01:30:00-04:00,1.3159,1.3187,no
KXXRP15M-26JUN010130,Target Price: $1.3187,2026-06-01 01:15:00-04:00,2026-06-01 01:30:00-04:00,1.3159,1.3187,no
KXXRP15M-26JUN010145,Target Price: $1.3159,2026-06-01 01:30:00-04:00,2026-06-01 01:45:00-04:00,1.3187,1.3159,yes
KXXRP15M-26JUN010145,Target Price: $1.3159,2026-06-01 01:30:00-04:00,2026-06-01 01:45:00-04:00,1.3187,1.3159,yes
KXXRP15M-26JUN010200,Target Price: $1.3187,2026-06-01 01:45:00-04:00,2026-06-01 02:00:00-04:00,1.3151,1.3187,no
KXXRP15M-26JUN010200,Target Price: $1.3187,2026-06-01 01:45:00-04:00,2026-06-01 02:00:00-04:00,1.3151,1.3187,no
KXXRP15M-26JUN010215,Target Price: $1.3151,2026-06-01 02:00:00-04:00,2026-06-01 02:15:00-04:00,1.3123,1.3151,no
KXXRP15M-26JUN010215,Target Price: $1.3151,2026-06-01 02:00:00-04:00,2026-06-01 02:15:00-04:00,1.3123,1.3151,no
KXXRP15M-26JUN010230,Target Price: $1.3123,2026-06-01 02:15:00-04:00,2026-06-01 02:30:00-04:00,1.3118,1.3123,no
KXXRP15M-26JUN010230,Target Price: $1.3123,2026-06-01 02:15:00-04:00,2026-06-01 02:30:00-04:00,1.3118,1.3123,no
KXXRP15M-26JUN010245,Target Price: $1.3118,2026-06-01 02:30:00-04:00,2026-06-01 02:45:00-04:00,1.3085,1.3118,no
KXXRP15M-26JUN010245,Target Price: $1.3118,2026-06-01 02:30:00-04:00,2026-06-01 02:45:00-04:00,1.3085,1.3118,no
KXXRP15M-26JUN010300,Target Price: $1.3085,2026-06-01 02:45:00-04:00,2026-06-01 03:00:00-04:00,1.3123,1.3085,yes
KXXRP15M-26JUN010300,Target Price: $1.3085,2026-06-01 02:45:00-04:00,2026-06-01 03:00:00-04:00,1.3123,1.3085,yes
KXXRP15M-26JUN010315,Target Price: $1.3123,2026-06-01 03:00:00-04:00,2026-06-01 03:15:00-04:00,1.3103,1.3123,no
KXXRP15M-26JUN010315,Target Price: $1.3123,2026-06-01 03:00:00-04:00,2026-06-01 03:15:00-04:00,1.3103,1.3123,no
KXXRP15M-26JUN010330,Target Price: $1.3103,2026-06-01 03:15:00-04:00,2026-06-01 03:30:00-04:00,1.3073,1.3103,no
KXXRP15M-26JUN010330,Target Price: $1.3103,2026-06-01 03:15:00-04:00,2026-06-01 03:30:00-04:00,1.3073,1.3103,no
KXXRP15M-26JUN010345,Target Price: $1.3073,2026-06-01 03:30:00-04:00,2026-06-01 03:45:00-04:00,1.3062,1.3073,no
KXXRP15M-26JUN010345,Target Price: $1.3073,2026-06-01 03:30:00-04:00,2026-06-01 03:45:00-04:00,1.3062,1.3073,no
KXXRP15M-26JUN010400,Target Price: $1.3062,2026-06-01 03:45:00-04:00,2026-06-01 04:00:00-04:00,1.3021,1.3062,no
KXXRP15M-26JUN010400,Target Price: $1.3062,2026-06-01 03:45:00-04:00,2026-06-01 04:00:00-04:00,1.3021,1.3062,no
KXXRP15M-26JUN010400,Target Price: $1.3062,2026-06-01 03:45:00-04:00,2026-06-01 04:00:00-04:00,1.3021,1.3062,no
KXXRP15M-26JUN010400,Target Price: $1.3062,2026-06-01 03:45:00-04:00,2026-06-01 04:00:00-04:00,1.3021,1.3062,no
KXXRP15M-26JUN010415,Target Price: $1.3021,2026-06-01 04:00:00-04:00,2026-06-01 04:15:00-04:00,1.3046,1.3021,yes
KXXRP15M-26JUN010415,Target Price: $1.3021,2026-06-01 04:00:00-04:00,2026-06-01 04:15:00-04:00,1.3046,1.3021,yes
KXXRP15M-26JUN010415,Target Price: $1.3021,2026-06-01 04:00:00-04:00,2026-06-01 04:15:00-04:00,1.3046,1.3021,yes
KXXRP15M-26JUN010415,Target Price: $1.3021,2026-06-01 04:00:00-04:00,2026-06-01 04:15:00-04:00,1.3046,1.3021,yes
KXXRP15M-26JUN010430,Target Price: $1.3046,2026-06-01 04:15:00-04:00,2026-06-01 04:30:00-04:00,1.3001,1.3046,no
KXXRP15M-26JUN010430,Target Price: $1.3046,2026-06-01 04:15:00-04:00,2026-06-01 04:30:00-04:00,1.3001,1.3046,no
KXXRP15M-26JUN010430,Target Price: $1.3046,2026-06-01 04:15:00-04:00,2026-06-01 04:30:00-04:00,1.3001,1.3046,no
KXXRP15M-26JUN010430,Target Price: $1.3046,2026-06-01 04:15:00-04:00,2026-06-01 04:30:00-04:00,1.3001,1.3046,no
KXXRP15M-26JUN010445,Target Price: $1.3001,2026-06-01 04:30:00-04:00,2026-06-01 04:45:00-04:00,1.2989,1.3001,no
KXXRP15M-26JUN010445,Target Price: $1.3001,2026-06-01 04:30:00-04:00,2026-06-01 04:45:00-04:00,1.2989,1.3001,no
KXXRP15M-26JUN010445,Target Price: $1.3001,2026-06-01 04:30:00-04:00,2026-06-01 04:45:00-04:00,1.2989,1.3001,no
KXXRP15M-26JUN010445,Target Price: $1.3001,2026-06-01 04:30:00-04:00,2026-06-01 04:45:00-04:00,1.2989,1.3001,no
KXXRP15M-26JUN010500,Target Price: $1.2989,2026-06-01 04:45:00-04:00,2026-06-01 05:00:00-04:00,1.3007,1.2989,yes
KXXRP15M-26JUN010500,Target Price: $1.2989,2026-06-01 04:45:00-04:00,2026-06-01 05:00:00-04:00,1.3007,1.2989,yes
KXXRP15M-26JUN010500,Target Price: $1.2989,2026-06-01 04:45:00-04:00,2026-06-01 05:00:00-04:00,1.3007,1.2989,yes
KXXRP15M-26JUN010500,Target Price: $1.2989,2026-06-01 04:45:00-04:00,2026-06-01 05:00:00-04:00,1.3007,1.2989,yes
KXXRP15M-26JUN010515,Target Price: $1.3007,2026-06-01 05:00:00-04:00,2026-06-01 05:15:00-04:00,1.3046,1.3007,yes
KXXRP15M-26JUN010515,Target Price: $1.3007,2026-06-01 05:00:00-04:00,2026-06-01 05:15:00-04:00,1.3046,1.3007,yes
KXXRP15M-26JUN010515,Target Price: $1.3007,2026-06-01 05:00:00-04:00,2026-06-01 05:15:00-04:00,1.3046,1.3007,yes
KXXRP15M-26JUN010515,Target Price: $1.3007,2026-06-01 05:00:00-04:00,2026-06-01 05:15:00-04:00,1.3046,1.3007,yes
KXXRP15M-26JUN010530,Target Price: $1.3046,2026-06-01 05:15:00-04:00,2026-06-01 05:30:00-04:00,1.3047,1.3046,yes
KXXRP15M-26JUN010530,Target Price: $1.3046,2026-06-01 05:15:00-04:00,2026-06-01 05:30:00-04:00,1.3047,1.3046,yes
KXXRP15M-26JUN010530,Target Price: $1.3046,2026-06-01 05:15:00-04:00,2026-06-01 05:30:00-04:00,1.3047,1.3046,yes
KXXRP15M-26JUN010530,Target Price: $1.3046,2026-06-01 05:15:00-04:00,2026-06-01 05:30:00-04:00,1.3047,1.3046,yes
KXXRP15M-26JUN010545,Target Price: $1.3047,2026-06-01 05:30:00-04:00,2026-06-01 05:45:00-04:00,1.3039,1.3047,no
KXXRP15M-26JUN010545,Target Price: $1.3047,2026-06-01 05:30:00-04:00,2026-06-01 05:45:00-04:00,1.3039,1.3047,no
KXXRP15M-26JUN010545,Target Price: $1.3047,2026-06-01 05:30:00-04:00,2026-06-01 05:45:00-04:00,1.3039,1.3047,no
KXXRP15M-26JUN010545,Target Price: $1.3047,2026-06-01 05:30:00-04:00,2026-06-01 05:45:00-04:00,1.3039,1.3047,no
KXXRP15M-26JUN010600,Target Price: $1.3039,2026-06-01 05:45:00-04:00,2026-06-01 06:00:00-04:00,1.3028,1.3039,no
KXXRP15M-26JUN010600,Target Price: $1.3039,2026-06-01 05:45:00-04:00,2026-06-01 06:00:00-04:00,1.3028,1.3039,no
KXXRP15M-26JUN010600,Target Price: $1.3039,2026-06-01 05:45:00-04:00,2026-06-01 06:00:00-04:00,1.3028,1.3039,no
KXXRP15M-26JUN010600,Target Price: $1.3039,2026-06-01 05:45:00-04:00,2026-06-01 06:00:00-04:00,1.3028,1.3039,no
KXXRP15M-26JUN010615,Target Price: $1.3028,2026-06-01 06:00:00-04:00,2026-06-01 06:15:00-04:00,1.3022,1.3028,no
KXXRP15M-26JUN010615,Target Price: $1.3028,2026-06-01 06:00:00-04:00,2026-06-01 06:15:00-04:00,1.3022,1.3028,no
KXXRP15M-26JUN010615,Target Price: $1.3028,2026-06-01 06:00:00-04:00,2026-06-01 06:15:00-04:00,1.3022,1.3028,no
KXXRP15M-26JUN010615,Target Price: $1.3028,2026-06-01 06:00:00-04:00,2026-06-01 06:15:00-04:00,1.3022,1.3028,no
KXXRP15M-26JUN010630,Target Price: $1.3022,2026-06-01 06:15:00-04:00,2026-06-01 06:30:00-04:00,1.3006,1.3022,no
KXXRP15M-26JUN010630,Target Price: $1.3022,2026-06-01 06:15:00-04:00,2026-06-01 06:30:00-04:00,1.3006,1.3022,no
KXXRP15M-26JUN010630,Target Price: $1.3022,2026-06-01 06:15:00-04:00,2026-06-01 06:30:00-04:00,1.3006,1.3022,no
KXXRP15M-26JUN010630,Target Price: $1.3022,2026-06-01 06:15:00-04:00,2026-06-01 06:30:00-04:00,1.3006,1.3022,no
KXXRP15M-26JUN010645,Target Price: $1.3006,2026-06-01 06:30:00-04:00,2026-06-01 06:45:00-04:00,1.3021,1.3006,yes
KXXRP15M-26JUN010645,Target Price: $1.3006,2026-06-01 06:30:00-04:00,2026-06-01 06:45:00-04:00,1.3021,1.3006,yes
KXXRP15M-26JUN010645,Target Price: $1.3006,2026-06-01 06:30:00-04:00,2026-06-01 06:45:00-04:00,1.3021,1.3006,yes
KXXRP15M-26JUN010645,Target Price: $1.3006,2026-06-01 06:30:00-04:00,2026-06-01 06:45:00-04:00,1.3021,1.3006,yes
KXXRP15M-26JUN010700,Target Price: $1.3021,2026-06-01 06:45:00-04:00,2026-06-01 07:00:00-04:00,1.3042,1.3021,yes
KXXRP15M-26JUN010700,Target Price: $1.3021,2026-06-01 06:45:00-04:00,2026-06-01 07:00:00-04:00,1.3042,1.3021,yes
KXXRP15M-26JUN010700,Target Price: $1.3021,2026-06-01 06:45:00-04:00,2026-06-01 07:00:00-04:00,1.3042,1.3021,yes
KXXRP15M-26JUN010700,Target Price: $1.3021,2026-06-01 06:45:00-04:00,2026-06-01 07:00:00-04:00,1.3042,1.3021,yes
KXXRP15M-26JUN010715,Target Price: $1.3042,2026-06-01 07:00:00-04:00,2026-06-01 07:15:00-04:00,1.3041,1.3042,no
KXXRP15M-26JUN010715,Target Price: $1.3042,2026-06-01 07:00:00-04:00,2026-06-01 07:15:00-04:00,1.3041,1.3042,no
KXXRP15M-26JUN010715,Target Price: $1.3042,2026-06-01 07:00:00-04:00,2026-06-01 07:15:00-04:00,1.3041,1.3042,no
KXXRP15M-26JUN010715,Target Price: $1.3042,2026-06-01 07:00:00-04:00,2026-06-01 07:15:00-04:00,1.3041,1.3042,no
KXXRP15M-26JUN010730,Target Price: $1.3041,2026-06-01 07:15:00-04:00,2026-06-01 07:30:00-04:00,1.3042,1.3041,yes
KXXRP15M-26JUN010730,Target Price: $1.3041,2026-06-01 07:15:00-04:00,2026-06-01 07:30:00-04:00,1.3042,1.3041,yes
KXXRP15M-26JUN010730,Target Price: $1.3041,2026-06-01 07:15:00-04:00,2026-06-01 07:30:00-04:00,1.3042,1.3041,yes
KXXRP15M-26JUN010730,Target Price: $1.3041,2026-06-01 07:15:00-04:00,2026-06-01 07:30:00-04:00,1.3042,1.3041,yes
KXXRP15M-26JUN010745,Target Price: $1.3042,2026-06-01 07:30:00-04:00,2026-06-01 07:45:00-04:00,1.3056,1.3042,yes
KXXRP15M-26JUN010745,Target Price: $1.3042,2026-06-01 07:30:00-04:00,2026-06-01 07:45:00-04:00,1.3056,1.3042,yes
KXXRP15M-26JUN010745,Target Price: $1.3042,2026-06-01 07:30:00-04:00,2026-06-01 07:45:00-04:00,1.3056,1.3042,yes
KXXRP15M-26JUN010745,Target Price: $1.3042,2026-06-01 07:30:00-04:00,2026-06-01 07:45:00-04:00,1.3056,1.3042,yes
KXXRP15M-26JUN010800,Target Price: $1.3056,2026-06-01 07:45:00-04:00,2026-06-01 08:00:00-04:00,1.3014,1.3056,no
KXXRP15M-26JUN010800,Target Price: $1.3056,2026-06-01 07:45:00-04:00,2026-06-01 08:00:00-04:00,1.3014,1.3056,no
KXXRP15M-26JUN010800,Target Price: $1.3056,2026-06-01 07:45:00-04:00,2026-06-01 08:00:00-04:00,1.3014,1.3056,no
KXXRP15M-26JUN010800,Target Price: $1.3056,2026-06-01 07:45:00-04:00,2026-06-01 08:00:00-04:00,1.3014,1.3056,no
KXXRP15M-26JUN010815,Target Price: $1.3014,2026-06-01 08:00:00-04:00,2026-06-01 08:15:00-04:00,1.2982,1.3014,no
KXXRP15M-26JUN010815,Target Price: $1.3014,2026-06-01 08:00:00-04:00,2026-06-01 08:15:00-04:00,1.2982,1.3014,no
KXXRP15M-26JUN010815,Target Price: $1.3014,2026-06-01 08:00:00-04:00,2026-06-01 08:15:00-04:00,1.2982,1.3014,no
KXXRP15M-26JUN010815,Target Price: $1.3014,2026-06-01 08:00:00-04:00,2026-06-01 08:15:00-04:00,1.2982,1.3014,no
KXXRP15M-26JUN010830,Target Price: $1.2982,2026-06-01 08:15:00-04:00,2026-06-01 08:30:00-04:00,1.3045,1.2982,yes
KXXRP15M-26JUN010830,Target Price: $1.2982,2026-06-01 08:15:00-04:00,2026-06-01 08:30:00-04:00,1.3045,1.2982,yes
KXXRP15M-26JUN010830,Target Price: $1.2982,2026-06-01 08:15:00-04:00,2026-06-01 08:30:00-04:00,1.3045,1.2982,yes
KXXRP15M-26JUN010830,Target Price: $1.2982,2026-06-01 08:15:00-04:00,2026-06-01 08:30:00-04:00,1.3045,1.2982,yes
KXXRP15M-26JUN010845,Target Price: $1.3045,2026-06-01 08:30:00-04:00,2026-06-01 08:45:00-04:00,1.3036,1.3045,no
KXXRP15M-26JUN010845,Target Price: $1.3045,2026-06-01 08:30:00-04:00,2026-06-01 08:45:00-04:00,1.3036,1.3045,no
KXXRP15M-26JUN010845,Target Price: $1.3045,2026-06-01 08:30:00-04:00,2026-06-01 08:45:00-04:00,1.3036,1.3045,no
KXXRP15M-26JUN010845,Target Price: $1.3045,2026-06-01 08:30:00-04:00,2026-06-01 08:45:00-04:00,1.3036,1.3045,no
KXXRP15M-26JUN010900,Target Price: $1.3036,2026-06-01 08:45:00-04:00,2026-06-01 09:00:00-04:00,1.3009,1.3036,no
KXXRP15M-26JUN010900,Target Price: $1.3036,2026-06-01 08:45:00-04:00,2026-06-01 09:00:00-04:00,1.3009,1.3036,no
KXXRP15M-26JUN010900,Target Price: $1.3036,2026-06-01 08:45:00-04:00,2026-06-01 09:00:00-04:00,1.3009,1.3036,no
KXXRP15M-26JUN010900,Target Price: $1.3036,2026-06-01 08:45:00-04:00,2026-06-01 09:00:00-04:00,1.3009,1.3036,no
KXXRP15M-26JUN010915,Target Price: $1.3009,2026-06-01 09:00:00-04:00,2026-06-01 09:15:00-04:00,1.2945,1.3009,no
KXXRP15M-26JUN010915,Target Price: $1.3009,2026-06-01 09:00:00-04:00,2026-06-01 09:15:00-04:00,1.2945,1.3009,no
KXXRP15M-26JUN010915,Target Price: $1.3009,2026-06-01 09:00:00-04:00,2026-06-01 09:15:00-04:00,1.2945,1.3009,no
KXXRP15M-26JUN010915,Target Price: $1.3009,2026-06-01 09:00:00-04:00,2026-06-01 09:15:00-04:00,1.2945,1.3009,no
KXXRP15M-26JUN010930,Target Price: $1.2945,2026-06-01 09:15:00-04:00,2026-06-01 09:30:00-04:00,1.2949,1.2945,yes
KXXRP15M-26JUN010930,Target Price: $1.2945,2026-06-01 09:15:00-04:00,2026-06-01 09:30:00-04:00,1.2949,1.2945,yes
KXXRP15M-26JUN010930,Target Price: $1.2945,2026-06-01 09:15:00-04:00,2026-06-01 09:30:00-04:00,1.2949,1.2945,yes
KXXRP15M-26JUN010930,Target Price: $1.2945,2026-06-01 09:15:00-04:00,2026-06-01 09:30:00-04:00,1.2949,1.2945,yes
KXXRP15M-26JUN010945,Target Price: $1.2949,2026-06-01 09:30:00-04:00,2026-06-01 09:45:00-04:00,1.2930,1.2949,no
KXXRP15M-26JUN010945,Target Price: $1.2949,2026-06-01 09:30:00-04:00,2026-06-01 09:45:00-04:00,1.2930,1.2949,no
KXXRP15M-26JUN010945,Target Price: $1.2949,2026-06-01 09:30:00-04:00,2026-06-01 09:45:00-04:00,1.2930,1.2949,no
KXXRP15M-26JUN010945,Target Price: $1.2949,2026-06-01 09:30:00-04:00,2026-06-01 09:45:00-04:00,1.2930,1.2949,no
KXXRP15M-26JUN011000,Target Price: $1.2930,2026-06-01 09:45:00-04:00,2026-06-01 10:00:00-04:00,1.2887,1.293,no
KXXRP15M-26JUN011000,Target Price: $1.2930,2026-06-01 09:45:00-04:00,2026-06-01 10:00:00-04:00,1.2887,1.293,no
KXXRP15M-26JUN011000,Target Price: $1.2930,2026-06-01 09:45:00-04:00,2026-06-01 10:00:00-04:00,1.2887,1.293,no
KXXRP15M-26JUN011000,Target Price: $1.2930,2026-06-01 09:45:00-04:00,2026-06-01 10:00:00-04:00,1.2887,1.293,no
KXXRP15M-26JUN011015,Target Price: $1.2887,2026-06-01 10:00:00-04:00,2026-06-01 10:15:00-04:00,1.2853,1.2887,no
KXXRP15M-26JUN011015,Target Price: $1.2887,2026-06-01 10:00:00-04:00,2026-06-01 10:15:00-04:00,1.2853,1.2887,no
KXXRP15M-26JUN011015,Target Price: $1.2887,2026-06-01 10:00:00-04:00,2026-06-01 10:15:00-04:00,1.2853,1.2887,no
KXXRP15M-26JUN011015,Target Price: $1.2887,2026-06-01 10:00:00-04:00,2026-06-01 10:15:00-04:00,1.2853,1.2887,no
KXXRP15M-26JUN011030,Target Price: $1.2853,2026-06-01 10:15:00-04:00,2026-06-01 10:30:00-04:00,1.2824,1.2853,no
KXXRP15M-26JUN011030,Target Price: $1.2853,2026-06-01 10:15:00-04:00,2026-06-01 10:30:00-04:00,1.2824,1.2853,no
KXXRP15M-26JUN011030,Target Price: $1.2853,2026-06-01 10:15:00-04:00,2026-06-01 10:30:00-04:00,1.2824,1.2853,no
KXXRP15M-26JUN011030,Target Price: $1.2853,2026-06-01 10:15:00-04:00,2026-06-01 10:30:00-04:00,1.2824,1.2853,no
KXXRP15M-26JUN011045,Target Price: $1.2824,2026-06-01 10:30:00-04:00,2026-06-01 10:45:00-04:00,1.2832,1.2824,yes
KXXRP15M-26JUN011045,Target Price: $1.2824,2026-06-01 10:30:00-04:00,2026-06-01 10:45:00-04:00,1.2832,1.2824,yes
KXXRP15M-26JUN011045,Target Price: $1.2824,2026-06-01 10:30:00-04:00,2026-06-01 10:45:00-04:00,1.2832,1.2824,yes
KXXRP15M-26JUN011045,Target Price: $1.2824,2026-06-01 10:30:00-04:00,2026-06-01 10:45:00-04:00,1.2832,1.2824,yes
KXXRP15M-26JUN011100,Target Price: $1.2832,2026-06-01 10:45:00-04:00,2026-06-01 11:00:00-04:00,1.2828,1.2832,no
KXXRP15M-26JUN011100,Target Price: $1.2832,2026-06-01 10:45:00-04:00,2026-06-01 11:00:00-04:00,1.2828,1.2832,no
KXXRP15M-26JUN011100,Target Price: $1.2832,2026-06-01 10:45:00-04:00,2026-06-01 11:00:00-04:00,1.2828,1.2832,no
KXXRP15M-26JUN011100,Target Price: $1.2832,2026-06-01 10:45:00-04:00,2026-06-01 11:00:00-04:00,1.2828,1.2832,no
KXXRP15M-26JUN011115,Target Price: $1.2828,2026-06-01 11:00:00-04:00,2026-06-01 11:15:00-04:00,1.2840,1.2828,yes
KXXRP15M-26JUN011115,Target Price: $1.2828,2026-06-01 11:00:00-04:00,2026-06-01 11:15:00-04:00,1.2840,1.2828,yes
KXXRP15M-26JUN011115,Target Price: $1.2828,2026-06-01 11:00:00-04:00,2026-06-01 11:15:00-04:00,1.2840,1.2828,yes
KXXRP15M-26JUN011115,Target Price: $1.2828,2026-06-01 11:00:00-04:00,2026-06-01 11:15:00-04:00,1.2840,1.2828,yes
KXXRP15M-26JUN011130,Target Price: $1.2840,2026-06-01 11:15:00-04:00,2026-06-01 11:30:00-04:00,1.2795,1.284,no
KXXRP15M-26JUN011130,Target Price: $1.2840,2026-06-01 11:15:00-04:00,2026-06-01 11:30:00-04:00,1.2795,1.284,no
KXXRP15M-26JUN011130,Target Price: $1.2840,2026-06-01 11:15:00-04:00,2026-06-01 11:30:00-04:00,1.2795,1.284,no
KXXRP15M-26JUN011130,Target Price: $1.2840,2026-06-01 11:15:00-04:00,2026-06-01 11:30:00-04:00,1.2795,1.284,no
KXXRP15M-26JUN011145,Target Price: $1.2795,2026-06-01 11:30:00-04:00,2026-06-01 11:45:00-04:00,1.2847,1.2795,yes
KXXRP15M-26JUN011145,Target Price: $1.2795,2026-06-01 11:30:00-04:00,2026-06-01 11:45:00-04:00,1.2847,1.2795,yes
KXXRP15M-26JUN011145,Target Price: $1.2795,2026-06-01 11:30:00-04:00,2026-06-01 11:45:00-04:00,1.2847,1.2795,yes
KXXRP15M-26JUN011145,Target Price: $1.2795,2026-06-01 11:30:00-04:00,2026-06-01 11:45:00-04:00,1.2847,1.2795,yes
KXXRP15M-26JUN011200,Target Price: $1.2847,2026-06-01 11:45:00-04:00,2026-06-01 12:00:00-04:00,1.2801,1.2847,no
KXXRP15M-26JUN011200,Target Price: $1.2847,2026-06-01 11:45:00-04:00,2026-06-01 12:00:00-04:00,1.2801,1.2847,no
KXXRP15M-26JUN011200,Target Price: $1.2847,2026-06-01 11:45:00-04:00,2026-06-01 12:00:00-04:00,1.2801,1.2847,no
KXXRP15M-26JUN011200,Target Price: $1.2847,2026-06-01 11:45:00-04:00,2026-06-01 12:00:00-04:00,1.2801,1.2847,no
KXXRP15M-26JUN011215,Target Price: $1.2801,2026-06-01 12:00:00-04:00,2026-06-01 12:15:00-04:00,1.2806,1.2801,yes
KXXRP15M-26JUN011215,Target Price: $1.2801,2026-06-01 12:00:00-04:00,2026-06-01 12:15:00-04:00,1.2806,1.2801,yes
KXXRP15M-26JUN011215,Target Price: $1.2801,2026-06-01 12:00:00-04:00,2026-06-01 12:15:00-04:00,1.2806,1.2801,yes
KXXRP15M-26JUN011215,Target Price: $1.2801,2026-06-01 12:00:00-04:00,2026-06-01 12:15:00-04:00,1.2806,1.2801,yes
KXXRP15M-26JUN011230,Target Price: $1.2806,2026-06-01 12:15:00-04:00,2026-06-01 12:30:00-04:00,1.2844,1.2806,yes
KXXRP15M-26JUN011230,Target Price: $1.2806,2026-06-01 12:15:00-04:00,2026-06-01 12:30:00-04:00,1.2844,1.2806,yes
KXXRP15M-26JUN011230,Target Price: $1.2806,2026-06-01 12:15:00-04:00,2026-06-01 12:30:00-04:00,1.2844,1.2806,yes
KXXRP15M-26JUN011230,Target Price: $1.2806,2026-06-01 12:15:00-04:00,2026-06-01 12:30:00-04:00,1.2844,1.2806,yes
KXXRP15M-26JUN011245,Target Price: $1.2844,2026-06-01 12:30:00-04:00,2026-06-01 12:45:00-04:00,1.2871,1.2844,yes
KXXRP15M-26JUN011245,Target Price: $1.2844,2026-06-01 12:30:00-04:00,2026-06-01 12:45:00-04:00,1.2871,1.2844,yes
KXXRP15M-26JUN011245,Target Price: $1.2844,2026-06-01 12:30:00-04:00,2026-06-01 12:45:00-04:00,1.2871,1.2844,yes
KXXRP15M-26JUN011245,Target Price: $1.2844,2026-06-01 12:30:00-04:00,2026-06-01 12:45:00-04:00,1.2871,1.2844,yes
KXXRP15M-26JUN011300,Target Price: $1.2871,2026-06-01 12:45:00-04:00,2026-06-01 13:00:00-04:00,1.2913,1.2871,yes
KXXRP15M-26JUN011300,Target Price: $1.2871,2026-06-01 12:45:00-04:00,2026-06-01 13:00:00-04:00,1.2913,1.2871,yes
KXXRP15M-26JUN011300,Target Price: $1.2871,2026-06-01 12:45:00-04:00,2026-06-01 13:00:00-04:00,1.2913,1.2871,yes
KXXRP15M-26JUN011300,Target Price: $1.2871,2026-06-01 12:45:00-04:00,2026-06-01 13:00:00-04:00,1.2913,1.2871,yes
KXXRP15M-26JUN011315,Target Price: $1.2913,2026-06-01 13:00:00-04:00,2026-06-01 13:15:00-04:00,1.2958,1.2913,yes
KXXRP15M-26JUN011315,Target Price: $1.2913,2026-06-01 13:00:00-04:00,2026-06-01 13:15:00-04:00,1.2958,1.2913,yes
KXXRP15M-26JUN011315,Target Price: $1.2913,2026-06-01 13:00:00-04:00,2026-06-01 13:15:00-04:00,1.2958,1.2913,yes
KXXRP15M-26JUN011315,Target Price: $1.2913,2026-06-01 13:00:00-04:00,2026-06-01 13:15:00-04:00,1.2958,1.2913,yes
KXXRP15M-26JUN011330,Target Price: $1.2958,2026-06-01 13:15:00-04:00,2026-06-01 13:30:00-04:00,1.2987,1.2958,yes
KXXRP15M-26JUN011330,Target Price: $1.2958,2026-06-01 13:15:00-04:00,2026-06-01 13:30:00-04:00,1.2987,1.2958,yes
KXXRP15M-26JUN011330,Target Price: $1.2958,2026-06-01 13:15:00-04:00,2026-06-01 13:30:00-04:00,1.2987,1.2958,yes
KXXRP15M-26JUN011330,Target Price: $1.2958,2026-06-01 13:15:00-04:00,2026-06-01 13:30:00-04:00,1.2987,1.2958,yes
KXXRP15M-26JUN011345,Target Price: $1.2987,2026-06-01 13:30:00-04:00,2026-06-01 13:45:00-04:00,1.3022,1.2987,yes
KXXRP15M-26JUN011345,Target Price: $1.2987,2026-06-01 13:30:00-04:00,2026-06-01 13:45:00-04:00,1.3022,1.2987,yes
KXXRP15M-26JUN011345,Target Price: $1.2987,2026-06-01 13:30:00-04:00,2026-06-01 13:45:00-04:00,1.3022,1.2987,yes
KXXRP15M-26JUN011345,Target Price: $1.2987,2026-06-01 13:30:00-04:00,2026-06-01 13:45:00-04:00,1.3022,1.2987,yes
KXXRP15M-26JUN011400,Target Price: $1.3022,2026-06-01 13:45:00-04:00,2026-06-01 14:00:00-04:00,1.2992,1.3022,no
KXXRP15M-26JUN011400,Target Price: $1.3022,2026-06-01 13:45:00-04:00,2026-06-01 14:00:00-04:00,1.2992,1.3022,no
KXXRP15M-26JUN011400,Target Price: $1.3022,2026-06-01 13:45:00-04:00,2026-06-01 14:00:00-04:00,1.2992,1.3022,no
KXXRP15M-26JUN011400,Target Price: $1.3022,2026-06-01 13:45:00-04:00,2026-06-01 14:00:00-04:00,1.2992,1.3022,no
KXXRP15M-26JUN011415,Target Price: $1.2992,2026-06-01 14:00:00-04:00,2026-06-01 14:15:00-04:00,1.2949,1.2992,no
KXXRP15M-26JUN011415,Target Price: $1.2992,2026-06-01 14:00:00-04:00,2026-06-01 14:15:00-04:00,1.2949,1.2992,no
KXXRP15M-26JUN011415,Target Price: $1.2992,2026-06-01 14:00:00-04:00,2026-06-01 14:15:00-04:00,1.2949,1.2992,no
KXXRP15M-26JUN011415,Target Price: $1.2992,2026-06-01 14:00:00-04:00,2026-06-01 14:15:00-04:00,1.2949,1.2992,no
KXXRP15M-26JUN011430,Target Price: $1.2949,2026-06-01 14:15:00-04:00,2026-06-01 14:30:00-04:00,1.2976,1.2949,yes
KXXRP15M-26JUN011430,Target Price: $1.2949,2026-06-01 14:15:00-04:00,2026-06-01 14:30:00-04:00,1.2976,1.2949,yes
KXXRP15M-26JUN011430,Target Price: $1.2949,2026-06-01 14:15:00-04:00,2026-06-01 14:30:00-04:00,1.2976,1.2949,yes
KXXRP15M-26JUN011430,Target Price: $1.2949,2026-06-01 14:15:00-04:00,2026-06-01 14:30:00-04:00,1.2976,1.2949,yes
KXXRP15M-26JUN011445,Target Price: $1.2976,2026-06-01 14:30:00-04:00,2026-06-01 14:45:00-04:00,1.2973,1.2976,no
KXXRP15M-26JUN011445,Target Price: $1.2976,2026-06-01 14:30:00-04:00,2026-06-01 14:45:00-04:00,1.2973,1.2976,no
KXXRP15M-26JUN011445,Target Price: $1.2976,2026-06-01 14:30:00-04:00,2026-06-01 14:45:00-04:00,1.2973,1.2976,no
KXXRP15M-26JUN011445,Target Price: $1.2976,2026-06-01 14:30:00-04:00,2026-06-01 14:45:00-04:00,1.2973,1.2976,no
KXXRP15M-26JUN011500,Target Price: $1.2973,2026-06-01 14:45:00-04:00,2026-06-01 15:00:00-04:00,1.2948,1.2973,no
KXXRP15M-26JUN011500,Target Price: $1.2973,2026-06-01 14:45:00-04:00,2026-06-01 15:00:00-04:00,1.2948,1.2973,no
KXXRP15M-26JUN011500,Target Price: $1.2973,2026-06-01 14:45:00-04:00,2026-06-01 15:00:00-04:00,1.2948,1.2973,no
KXXRP15M-26JUN011500,Target Price: $1.2973,2026-06-01 14:45:00-04:00,2026-06-01 15:00:00-04:00,1.2948,1.2973,no
KXXRP15M-26JUN011515,Target Price: $1.2948,2026-06-01 15:00:00-04:00,2026-06-01 15:15:00-04:00,1.2942,1.2948,no
KXXRP15M-26JUN011515,Target Price: $1.2948,2026-06-01 15:00:00-04:00,2026-06-01 15:15:00-04:00,1.2942,1.2948,no
KXXRP15M-26JUN011515,Target Price: $1.2948,2026-06-01 15:00:00-04:00,2026-06-01 15:15:00-04:00,1.2942,1.2948,no
KXXRP15M-26JUN011515,Target Price: $1.2948,2026-06-01 15:00:00-04:00,2026-06-01 15:15:00-04:00,1.2942,1.2948,no
KXXRP15M-26JUN011530,Target Price: $1.2942,2026-06-01 15:15:00-04:00,2026-06-01 15:30:00-04:00,1.2970,1.2942,yes
KXXRP15M-26JUN011530,Target Price: $1.2942,2026-06-01 15:15:00-04:00,2026-06-01 15:30:00-04:00,1.2970,1.2942,yes
KXXRP15M-26JUN011530,Target Price: $1.2942,2026-06-01 15:15:00-04:00,2026-06-01 15:30:00-04:00,1.2970,1.2942,yes
KXXRP15M-26JUN011530,Target Price: $1.2942,2026-06-01 15:15:00-04:00,2026-06-01 15:30:00-04:00,1.2970,1.2942,yes
KXXRP15M-26JUN011545,Target Price: $1.2970,2026-06-01 15:30:00-04:00,2026-06-01 15:45:00-04:00,1.2991,1.297,yes
KXXRP15M-26JUN011545,Target Price: $1.2970,2026-06-01 15:30:00-04:00,2026-06-01 15:45:00-04:00,1.2991,1.297,yes
KXXRP15M-26JUN011545,Target Price: $1.2970,2026-06-01 15:30:00-04:00,2026-06-01 15:45:00-04:00,1.2991,1.297,yes
KXXRP15M-26JUN011545,Target Price: $1.2970,2026-06-01 15:30:00-04:00,2026-06-01 15:45:00-04:00,1.2991,1.297,yes
KXXRP15M-26JUN011600,Target Price: $1.2991,2026-06-01 15:45:00-04:00,2026-06-01 16:00:00-04:00,1.2979,1.2991,no
KXXRP15M-26JUN011600,Target Price: $1.2991,2026-06-01 15:45:00-04:00,2026-06-01 16:00:00-04:00,1.2979,1.2991,no
KXXRP15M-26JUN011600,Target Price: $1.2991,2026-06-01 15:45:00-04:00,2026-06-01 16:00:00-04:00,1.2979,1.2991,no
KXXRP15M-26JUN011600,Target Price: $1.2991,2026-06-01 15:45:00-04:00,2026-06-01 16:00:00-04:00,1.2979,1.2991,no
KXXRP15M-26JUN011615,Target Price: $1.2979,2026-06-01 16:00:00-04:00,2026-06-01 16:15:00-04:00,1.2961,1.2979,no
KXXRP15M-26JUN011615,Target Price: $1.2979,2026-06-01 16:00:00-04:00,2026-06-01 16:15:00-04:00,1.2961,1.2979,no
KXXRP15M-26JUN011615,Target Price: $1.2979,2026-06-01 16:00:00-04:00,2026-06-01 16:15:00-04:00,1.2961,1.2979,no
KXXRP15M-26JUN011615,Target Price: $1.2979,2026-06-01 16:00:00-04:00,2026-06-01 16:15:00-04:00,1.2961,1.2979,no
KXXRP15M-26JUN011630,Target Price: $1.2961,2026-06-01 16:15:00-04:00,2026-06-01 16:30:00-04:00,1.2953,1.2961,no
KXXRP15M-26JUN011630,Target Price: $1.2961,2026-06-01 16:15:00-04:00,2026-06-01 16:30:00-04:00,1.2953,1.2961,no
KXXRP15M-26JUN011630,Target Price: $1.2961,2026-06-01 16:15:00-04:00,2026-06-01 16:30:00-04:00,1.2953,1.2961,no
KXXRP15M-26JUN011630,Target Price: $1.2961,2026-06-01 16:15:00-04:00,2026-06-01 16:30:00-04:00,1.2953,1.2961,no
KXXRP15M-26JUN011645,Target Price: $1.2953,2026-06-01 16:30:00-04:00,2026-06-01 16:45:00-04:00,1.2980,1.2953,yes
KXXRP15M-26JUN011645,Target Price: $1.2953,2026-06-01 16:30:00-04:00,2026-06-01 16:45:00-04:00,1.2980,1.2953,yes
KXXRP15M-26JUN011645,Target Price: $1.2953,2026-06-01 16:30:00-04:00,2026-06-01 16:45:00-04:00,1.2980,1.2953,yes
KXXRP15M-26JUN011645,Target Price: $1.2953,2026-06-01 16:30:00-04:00,2026-06-01 16:45:00-04:00,1.2980,1.2953,yes
KXXRP15M-26JUN011700,Target Price: $1.2980,2026-06-01 16:45:00-04:00,2026-06-01 17:00:00-04:00,1.2969,1.298,no
KXXRP15M-26JUN011700,Target Price: $1.2980,2026-06-01 16:45:00-04:00,2026-06-01 17:00:00-04:00,1.2969,1.298,no
KXXRP15M-26JUN011700,Target Price: $1.2980,2026-06-01 16:45:00-04:00,2026-06-01 17:00:00-04:00,1.2969,1.298,no
KXXRP15M-26JUN011700,Target Price: $1.2980,2026-06-01 16:45:00-04:00,2026-06-01 17:00:00-04:00,1.2969,1.298,no
KXXRP15M-26JUN011715,Target Price: $1.2969,2026-06-01 17:00:00-04:00,2026-06-01 17:15:00-04:00,1.2933,1.2969,no
KXXRP15M-26JUN011715,Target Price: $1.2969,2026-06-01 17:00:00-04:00,2026-06-01 17:15:00-04:00,1.2933,1.2969,no
KXXRP15M-26JUN011715,Target Price: $1.2969,2026-06-01 17:00:00-04:00,2026-06-01 17:15:00-04:00,1.2933,1.2969,no
KXXRP15M-26JUN011715,Target Price: $1.2969,2026-06-01 17:00:00-04:00,2026-06-01 17:15:00-04:00,1.2933,1.2969,no
KXXRP15M-26JUN011730,Target Price: $1.2933,2026-06-01 17:15:00-04:00,2026-06-01 17:30:00-04:00,1.2921,1.2933,no
KXXRP15M-26JUN011730,Target Price: $1.2933,2026-06-01 17:15:00-04:00,2026-06-01 17:30:00-04:00,1.2921,1.2933,no
KXXRP15M-26JUN011730,Target Price: $1.2933,2026-06-01 17:15:00-04:00,2026-06-01 17:30:00-04:00,1.2921,1.2933,no
KXXRP15M-26JUN011730,Target Price: $1.2933,2026-06-01 17:15:00-04:00,2026-06-01 17:30:00-04:00,1.2921,1.2933,no
KXXRP15M-26JUN011745,Target Price: $1.2921,2026-06-01 17:30:00-04:00,2026-06-01 17:45:00-04:00,1.2905,1.2921,no
KXXRP15M-26JUN011745,Target Price: $1.2921,2026-06-01 17:30:00-04:00,2026-06-01 17:45:00-04:00,1.2905,1.2921,no
KXXRP15M-26JUN011745,Target Price: $1.2921,2026-06-01 17:30:00-04:00,2026-06-01 17:45:00-04:00,1.2905,1.2921,no
KXXRP15M-26JUN011745,Target Price: $1.2921,2026-06-01 17:30:00-04:00,2026-06-01 17:45:00-04:00,1.2905,1.2921,no
KXXRP15M-26JUN011800,Target Price: $1.2905,2026-06-01 17:45:00-04:00,2026-06-01 18:00:00-04:00,1.2907,1.2905,yes
KXXRP15M-26JUN011800,Target Price: $1.2905,2026-06-01 17:45:00-04:00,2026-06-01 18:00:00-04:00,1.2907,1.2905,yes
KXXRP15M-26JUN011800,Target Price: $1.2905,2026-06-01 17:45:00-04:00,2026-06-01 18:00:00-04:00,1.2907,1.2905,yes
KXXRP15M-26JUN011800,Target Price: $1.2905,2026-06-01 17:45:00-04:00,2026-06-01 18:00:00-04:00,1.2907,1.2905,yes
KXXRP15M-26JUN011815,Target Price: $1.2907,2026-06-01 18:00:00-04:00,2026-06-01 18:15:00-04:00,1.2885,1.2907,no
KXXRP15M-26JUN011815,Target Price: $1.2907,2026-06-01 18:00:00-04:00,2026-06-01 18:15:00-04:00,1.2885,1.2907,no
KXXRP15M-26JUN011815,Target Price: $1.2907,2026-06-01 18:00:00-04:00,2026-06-01 18:15:00-04:00,1.2885,1.2907,no
KXXRP15M-26JUN011815,Target Price: $1.2907,2026-06-01 18:00:00-04:00,2026-06-01 18:15:00-04:00,1.2885,1.2907,no
KXXRP15M-26JUN011830,Target Price: $1.2885,2026-06-01 18:15:00-04:00,2026-06-01 18:30:00-04:00,1.2941,1.2885,yes
KXXRP15M-26JUN011830,Target Price: $1.2885,2026-06-01 18:15:00-04:00,2026-06-01 18:30:00-04:00,1.2941,1.2885,yes
KXXRP15M-26JUN011830,Target Price: $1.2885,2026-06-01 18:15:00-04:00,2026-06-01 18:30:00-04:00,1.2941,1.2885,yes
KXXRP15M-26JUN011830,Target Price: $1.2885,2026-06-01 18:15:00-04:00,2026-06-01 18:30:00-04:00,1.2941,1.2885,yes
KXXRP15M-26JUN011845,Target Price: $1.2941,2026-06-01 18:30:00-04:00,2026-06-01 18:45:00-04:00,1.2902,1.2941,no
KXXRP15M-26JUN011845,Target Price: $1.2941,2026-06-01 18:30:00-04:00,2026-06-01 18:45:00-04:00,1.2902,1.2941,no
KXXRP15M-26JUN011845,Target Price: $1.2941,2026-06-01 18:30:00-04:00,2026-06-01 18:45:00-04:00,1.2902,1.2941,no
KXXRP15M-26JUN011845,Target Price: $1.2941,2026-06-01 18:30:00-04:00,2026-06-01 18:45:00-04:00,1.2902,1.2941,no
KXXRP15M-26JUN011900,Target Price: $1.2902,2026-06-01 18:45:00-04:00,2026-06-01 19:00:00-04:00,1.2991,1.2902,yes
KXXRP15M-26JUN011900,Target Price: $1.2902,2026-06-01 18:45:00-04:00,2026-06-01 19:00:00-04:00,1.2991,1.2902,yes
KXXRP15M-26JUN011900,Target Price: $1.2902,2026-06-01 18:45:00-04:00,2026-06-01 19:00:00-04:00,1.2991,1.2902,yes
KXXRP15M-26JUN011900,Target Price: $1.2902,2026-06-01 18:45:00-04:00,2026-06-01 19:00:00-04:00,1.2991,1.2902,yes
KXXRP15M-26JUN011915,Target Price: $1.2991,2026-06-01 19:00:00-04:00,2026-06-01 19:15:00-04:00,1.2973,1.2991,no
KXXRP15M-26JUN011915,Target Price: $1.2991,2026-06-01 19:00:00-04:00,2026-06-01 19:15:00-04:00,1.2973,1.2991,no
KXXRP15M-26JUN011915,Target Price: $1.2991,2026-06-01 19:00:00-04:00,2026-06-01 19:15:00-04:00,1.2973,1.2991,no
KXXRP15M-26JUN011915,Target Price: $1.2991,2026-06-01 19:00:00-04:00,2026-06-01 19:15:00-04:00,1.2973,1.2991,no
KXXRP15M-26JUN011930,Target Price: $1.2973,2026-06-01 19:15:00-04:00,2026-06-01 19:30:00-04:00,1.2936,1.2973,no
KXXRP15M-26JUN011930,Target Price: $1.2973,2026-06-01 19:15:00-04:00,2026-06-01 19:30:00-04:00,1.2936,1.2973,no
KXXRP15M-26JUN011930,Target Price: $1.2973,2026-06-01 19:15:00-04:00,2026-06-01 19:30:00-04:00,1.2936,1.2973,no
KXXRP15M-26JUN011930,Target Price: $1.2973,2026-06-01 19:15:00-04:00,2026-06-01 19:30:00-04:00,1.2936,1.2973,no
KXXRP15M-26JUN011945,Target Price: $1.2936,2026-06-01 19:30:00-04:00,2026-06-01 19:45:00-04:00,1.2968,1.2936,yes
KXXRP15M-26JUN011945,Target Price: $1.2936,2026-06-01 19:30:00-04:00,2026-06-01 19:45:00-04:00,1.2968,1.2936,yes
KXXRP15M-26JUN011945,Target Price: $1.2936,2026-06-01 19:30:00-04:00,2026-06-01 19:45:00-04:00,1.2968,1.2936,yes
KXXRP15M-26JUN011945,Target Price: $1.2936,2026-06-01 19:30:00-04:00,2026-06-01 19:45:00-04:00,1.2968,1.2936,yes
KXXRP15M-26JUN012000,Target Price: $1.2968,2026-06-01 19:45:00-04:00,2026-06-01 20:00:00-04:00,1.2956,1.2968,no
KXXRP15M-26JUN012000,Target Price: $1.2968,2026-06-01 19:45:00-04:00,2026-06-01 20:00:00-04:00,1.2956,1.2968,no
KXXRP15M-26JUN012000,Target Price: $1.2968,2026-06-01 19:45:00-04:00,2026-06-01 20:00:00-04:00,1.2956,1.2968,no
KXXRP15M-26JUN012000,Target Price: $1.2968,2026-06-01 19:45:00-04:00,2026-06-01 20:00:00-04:00,1.2956,1.2968,no
KXXRP15M-26JUN012015,Target Price: $1.2956,2026-06-01 20:00:00-04:00,2026-06-01 20:15:00-04:00,1.2923,1.2956,no
KXXRP15M-26JUN012015,Target Price: $1.2956,2026-06-01 20:00:00-04:00,2026-06-01 20:15:00-04:00,1.2923,1.2956,no
KXXRP15M-26JUN012015,Target Price: $1.2956,2026-06-01 20:00:00-04:00,2026-06-01 20:15:00-04:00,1.2923,1.2956,no
KXXRP15M-26JUN012015,Target Price: $1.2956,2026-06-01 20:00:00-04:00,2026-06-01 20:15:00-04:00,1.2923,1.2956,no
KXXRP15M-26JUN012030,Target Price: $1.2923,2026-06-01 20:15:00-04:00,2026-06-01 20:30:00-04:00,1.2878,1.2923,no
KXXRP15M-26JUN012030,Target Price: $1.2923,2026-06-01 20:15:00-04:00,2026-06-01 20:30:00-04:00,1.2878,1.2923,no
KXXRP15M-26JUN012030,Target Price: $1.2923,2026-06-01 20:15:00-04:00,2026-06-01 20:30:00-04:00,1.2878,1.2923,no
KXXRP15M-26JUN012030,Target Price: $1.2923,2026-06-01 20:15:00-04:00,2026-06-01 20:30:00-04:00,1.2878,1.2923,no
KXXRP15M-26JUN012045,Target Price: $1.2878,2026-06-01 20:30:00-04:00,2026-06-01 20:45:00-04:00,1.2894,1.2878,yes
KXXRP15M-26JUN012045,Target Price: $1.2878,2026-06-01 20:30:00-04:00,2026-06-01 20:45:00-04:00,1.2894,1.2878,yes
KXXRP15M-26JUN012045,Target Price: $1.2878,2026-06-01 20:30:00-04:00,2026-06-01 20:45:00-04:00,1.2894,1.2878,yes
KXXRP15M-26JUN012045,Target Price: $1.2878,2026-06-01 20:30:00-04:00,2026-06-01 20:45:00-04:00,1.2894,1.2878,yes
KXXRP15M-26JUN012100,Target Price: $1.2894,2026-06-01 20:45:00-04:00,2026-06-01 21:00:00-04:00,1.2872,1.2894,no
KXXRP15M-26JUN012100,Target Price: $1.2894,2026-06-01 20:45:00-04:00,2026-06-01 21:00:00-04:00,1.2872,1.2894,no
KXXRP15M-26JUN012100,Target Price: $1.2894,2026-06-01 20:45:00-04:00,2026-06-01 21:00:00-04:00,1.2872,1.2894,no
KXXRP15M-26JUN012100,Target Price: $1.2894,2026-06-01 20:45:00-04:00,2026-06-01 21:00:00-04:00,1.2872,1.2894,no
KXXRP15M-26JUN012115,Target Price: $1.2872,2026-06-01 21:00:00-04:00,2026-06-01 21:15:00-04:00,1.2871,1.2872,no
KXXRP15M-26JUN012115,Target Price: $1.2872,2026-06-01 21:00:00-04:00,2026-06-01 21:15:00-04:00,1.2871,1.2872,no
KXXRP15M-26JUN012115,Target Price: $1.2872,2026-06-01 21:00:00-04:00,2026-06-01 21:15:00-04:00,1.2871,1.2872,no
KXXRP15M-26JUN012115,Target Price: $1.2872,2026-06-01 21:00:00-04:00,2026-06-01 21:15:00-04:00,1.2871,1.2872,no
KXXRP15M-26JUN012130,Target Price: $1.2871,2026-06-01 21:15:00-04:00,2026-06-01 21:30:00-04:00,1.2850,1.2871,no
KXXRP15M-26JUN012130,Target Price: $1.2871,2026-06-01 21:15:00-04:00,2026-06-01 21:30:00-04:00,1.2850,1.2871,no
KXXRP15M-26JUN012130,Target Price: $1.2871,2026-06-01 21:15:00-04:00,2026-06-01 21:30:00-04:00,1.2850,1.2871,no
KXXRP15M-26JUN012130,Target Price: $1.2871,2026-06-01 21:15:00-04:00,2026-06-01 21:30:00-04:00,1.2850,1.2871,no
KXXRP15M-26JUN012145,Target Price: $1.2850,2026-06-01 21:30:00-04:00,2026-06-01 21:45:00-04:00,1.2833,1.285,no
KXXRP15M-26JUN012145,Target Price: $1.2850,2026-06-01 21:30:00-04:00,2026-06-01 21:45:00-04:00,1.2833,1.285,no
KXXRP15M-26JUN012145,Target Price: $1.2850,2026-06-01 21:30:00-04:00,2026-06-01 21:45:00-04:00,1.2833,1.285,no
KXXRP15M-26JUN012145,Target Price: $1.2850,2026-06-01 21:30:00-04:00,2026-06-01 21:45:00-04:00,1.2833,1.285,no
KXXRP15M-26JUN012200,Target Price: $1.2833,2026-06-01 21:45:00-04:00,2026-06-01 22:00:00-04:00,1.2794,1.2833,no
KXXRP15M-26JUN012200,Target Price: $1.2833,2026-06-01 21:45:00-04:00,2026-06-01 22:00:00-04:00,1.2794,1.2833,no
KXXRP15M-26JUN012200,Target Price: $1.2833,2026-06-01 21:45:00-04:00,2026-06-01 22:00:00-04:00,1.2794,1.2833,no
KXXRP15M-26JUN012200,Target Price: $1.2833,2026-06-01 21:45:00-04:00,2026-06-01 22:00:00-04:00,1.2794,1.2833,no
KXXRP15M-26JUN012215,Target Price: $1.2794,2026-06-01 22:00:00-04:00,2026-06-01 22:15:00-04:00,1.2716,1.2794,no
KXXRP15M-26JUN012215,Target Price: $1.2794,2026-06-01 22:00:00-04:00,2026-06-01 22:15:00-04:00,1.2716,1.2794,no
KXXRP15M-26JUN012215,Target Price: $1.2794,2026-06-01 22:00:00-04:00,2026-06-01 22:15:00-04:00,1.2716,1.2794,no
KXXRP15M-26JUN012215,Target Price: $1.2794,2026-06-01 22:00:00-04:00,2026-06-01 22:15:00-04:00,1.2716,1.2794,no
KXXRP15M-26JUN012230,Target Price: $1.2716,2026-06-01 22:15:00-04:00,2026-06-01 22:30:00-04:00,1.2818,1.2716,yes
KXXRP15M-26JUN012230,Target Price: $1.2716,2026-06-01 22:15:00-04:00,2026-06-01 22:30:00-04:00,1.2818,1.2716,yes
KXXRP15M-26JUN012230,Target Price: $1.2716,2026-06-01 22:15:00-04:00,2026-06-01 22:30:00-04:00,1.2818,1.2716,yes
KXXRP15M-26JUN012230,Target Price: $1.2716,2026-06-01 22:15:00-04:00,2026-06-01 22:30:00-04:00,1.2818,1.2716,yes
KXXRP15M-26JUN012245,Target Price: $1.2818,2026-06-01 22:30:00-04:00,2026-06-01 22:45:00-04:00,1.2766,1.2818,no
KXXRP15M-26JUN012245,Target Price: $1.2818,2026-06-01 22:30:00-04:00,2026-06-01 22:45:00-04:00,1.2766,1.2818,no
KXXRP15M-26JUN012245,Target Price: $1.2818,2026-06-01 22:30:00-04:00,2026-06-01 22:45:00-04:00,1.2766,1.2818,no
KXXRP15M-26JUN012245,Target Price: $1.2818,2026-06-01 22:30:00-04:00,2026-06-01 22:45:00-04:00,1.2766,1.2818,no
KXXRP15M-26JUN012300,Target Price: $1.2766,2026-06-01 22:45:00-04:00,2026-06-01 23:00:00-04:00,1.2819,1.2766,yes
KXXRP15M-26JUN012300,Target Price: $1.2766,2026-06-01 22:45:00-04:00,2026-06-01 23:00:00-04:00,1.2819,1.2766,yes
KXXRP15M-26JUN012300,Target Price: $1.2766,2026-06-01 22:45:00-04:00,2026-06-01 23:00:00-04:00,1.2819,1.2766,yes
KXXRP15M-26JUN012300,Target Price: $1.2766,2026-06-01 22:45:00-04:00,2026-06-01 23:00:00-04:00,1.2819,1.2766,yes
KXXRP15M-26JUN012315,Target Price: $1.2819,2026-06-01 23:00:00-04:00,2026-06-01 23:15:00-04:00,1.2837,1.2819,yes
KXXRP15M-26JUN012315,Target Price: $1.2819,2026-06-01 23:00:00-04:00,2026-06-01 23:15:00-04:00,1.2837,1.2819,yes
KXXRP15M-26JUN012315,Target Price: $1.2819,2026-06-01 23:00:00-04:00,2026-06-01 23:15:00-04:00,1.2837,1.2819,yes
KXXRP15M-26JUN012315,Target Price: $1.2819,2026-06-01 23:00:00-04:00,2026-06-01 23:15:00-04:00,1.2837,1.2819,yes
KXXRP15M-26JUN012330,Target Price: $1.2837,2026-06-01 23:15:00-04:00,2026-06-01 23:30:00-04:00,1.2839,1.2837,yes
KXXRP15M-26JUN012330,Target Price: $1.2837,2026-06-01 23:15:00-04:00,2026-06-01 23:30:00-04:00,1.2839,1.2837,yes
KXXRP15M-26JUN012330,Target Price: $1.2837,2026-06-01 23:15:00-04:00,2026-06-01 23:30:00-04:00,1.2839,1.2837,yes
KXXRP15M-26JUN012330,Target Price: $1.2837,2026-06-01 23:15:00-04:00,2026-06-01 23:30:00-04:00,1.2839,1.2837,yes
KXXRP15M-26JUN012345,Target Price: $1.2839,2026-06-01 23:30:00-04:00,2026-06-01 23:45:00-04:00,1.2851,1.2839,yes
KXXRP15M-26JUN012345,Target Price: $1.2839,2026-06-01 23:30:00-04:00,2026-06-01 23:45:00-04:00,1.2851,1.2839,yes
KXXRP15M-26JUN012345,Target Price: $1.2839,2026-06-01 23:30:00-04:00,2026-06-01 23:45:00-04:00,1.2851,1.2839,yes
KXXRP15M-26JUN012345,Target Price: $1.2839,2026-06-01 23:30:00-04:00,2026-06-01 23:45:00-04:00,1.2851,1.2839,yes
KXXRP15M-26JUN020000,Target Price: $1.2851,2026-06-01 23:45:00-04:00,2026-06-02 00:00:00-04:00,1.2866,1.2851,yes
KXXRP15M-26JUN020000,Target Price: $1.2851,2026-06-01 23:45:00-04:00,2026-06-02 00:00:00-04:00,1.2866,1.2851,yes
KXXRP15M-26JUN020000,Target Price: $1.2851,2026-06-01 23:45:00-04:00,2026-06-02 00:00:00-04:00,1.2866,1.2851,yes
KXXRP15M-26JUN020000,Target Price: $1.2851,2026-06-01 23:45:00-04:00,2026-06-02 00:00:00-04:00,1.2866,1.2851,yes
KXXRP15M-26JUN020015,Target Price: $1.2866,2026-06-02 00:00:00-04:00,2026-06-02 00:15:00-04:00,1.2812,1.2866,no
KXXRP15M-26JUN020015,Target Price: $1.2866,2026-06-02 00:00:00-04:00,2026-06-02 00:15:00-04:00,1.2812,1.2866,no
KXXRP15M-26JUN020015,Target Price: $1.2866,2026-06-02 00:00:00-04:00,2026-06-02 00:15:00-04:00,1.2812,1.2866,no
KXXRP15M-26JUN020015,Target Price: $1.2866,2026-06-02 00:00:00-04:00,2026-06-02 00:15:00-04:00,1.2812,1.2866,no
KXXRP15M-26JUN020030,Target Price: $1.2812,2026-06-02 00:15:00-04:00,2026-06-02 00:30:00-04:00,1.2853,1.2812,yes
KXXRP15M-26JUN020030,Target Price: $1.2812,2026-06-02 00:15:00-04:00,2026-06-02 00:30:00-04:00,1.2853,1.2812,yes
KXXRP15M-26JUN020030,Target Price: $1.2812,2026-06-02 00:15:00-04:00,2026-06-02 00:30:00-04:00,1.2853,1.2812,yes
KXXRP15M-26JUN020030,Target Price: $1.2812,2026-06-02 00:15:00-04:00,2026-06-02 00:30:00-04:00,1.2853,1.2812,yes
KXXRP15M-26JUN020045,Target Price: $1.2853,2026-06-02 00:30:00-04:00,2026-06-02 00:45:00-04:00,1.2845,1.2853,no
KXXRP15M-26JUN020045,Target Price: $1.2853,2026-06-02 00:30:00-04:00,2026-06-02 00:45:00-04:00,1.2845,1.2853,no
KXXRP15M-26JUN020045,Target Price: $1.2853,2026-06-02 00:30:00-04:00,2026-06-02 00:45:00-04:00,1.2845,1.2853,no
KXXRP15M-26JUN020045,Target Price: $1.2853,2026-06-02 00:30:00-04:00,2026-06-02 00:45:00-04:00,1.2845,1.2853,no
KXXRP15M-26JUN020100,Target Price: $1.2845,2026-06-02 00:45:00-04:00,2026-06-02 01:00:00-04:00,1.2789,1.2845,no
KXXRP15M-26JUN020100,Target Price: $1.2845,2026-06-02 00:45:00-04:00,2026-06-02 01:00:00-04:00,1.2789,1.2845,no
KXXRP15M-26JUN020100,Target Price: $1.2845,2026-06-02 00:45:00-04:00,2026-06-02 01:00:00-04:00,1.2789,1.2845,no
KXXRP15M-26JUN020100,Target Price: $1.2845,2026-06-02 00:45:00-04:00,2026-06-02 01:00:00-04:00,1.2789,1.2845,no
KXXRP15M-26JUN020115,Target Price: $1.2789,2026-06-02 01:00:00-04:00,2026-06-02 01:15:00-04:00,1.2746,1.2789,no
KXXRP15M-26JUN020115,Target Price: $1.2789,2026-06-02 01:00:00-04:00,2026-06-02 01:15:00-04:00,1.2746,1.2789,no
KXXRP15M-26JUN020115,Target Price: $1.2789,2026-06-02 01:00:00-04:00,2026-06-02 01:15:00-04:00,1.2746,1.2789,no
KXXRP15M-26JUN020115,Target Price: $1.2789,2026-06-02 01:00:00-04:00,2026-06-02 01:15:00-04:00,1.2746,1.2789,no
KXXRP15M-26JUN020130,Target Price: $1.2746,2026-06-02 01:15:00-04:00,2026-06-02 01:30:00-04:00,1.2697,1.2746,no
KXXRP15M-26JUN020130,Target Price: $1.2746,2026-06-02 01:15:00-04:00,2026-06-02 01:30:00-04:00,1.2697,1.2746,no
KXXRP15M-26JUN020130,Target Price: $1.2746,2026-06-02 01:15:00-04:00,2026-06-02 01:30:00-04:00,1.2697,1.2746,no
KXXRP15M-26JUN020130,Target Price: $1.2746,2026-06-02 01:15:00-04:00,2026-06-02 01:30:00-04:00,1.2697,1.2746,no
KXXRP15M-26JUN020145,Target Price: $1.2697,2026-06-02 01:30:00-04:00,2026-06-02 01:45:00-04:00,1.2700,1.2697,yes
KXXRP15M-26JUN020145,Target Price: $1.2697,2026-06-02 01:30:00-04:00,2026-06-02 01:45:00-04:00,1.2700,1.2697,yes
KXXRP15M-26JUN020145,Target Price: $1.2697,2026-06-02 01:30:00-04:00,2026-06-02 01:45:00-04:00,1.2700,1.2697,yes
KXXRP15M-26JUN020145,Target Price: $1.2697,2026-06-02 01:30:00-04:00,2026-06-02 01:45:00-04:00,1.2700,1.2697,yes
KXXRP15M-26JUN020200,Target Price: $1.2700,2026-06-02 01:45:00-04:00,2026-06-02 02:00:00-04:00,1.2661,1.27,no
KXXRP15M-26JUN020200,Target Price: $1.2700,2026-06-02 01:45:00-04:00,2026-06-02 02:00:00-04:00,1.2661,1.27,no
KXXRP15M-26JUN020200,Target Price: $1.2700,2026-06-02 01:45:00-04:00,2026-06-02 02:00:00-04:00,1.2661,1.27,no
KXXRP15M-26JUN020200,Target Price: $1.2700,2026-06-02 01:45:00-04:00,2026-06-02 02:00:00-04:00,1.2661,1.27,no
KXXRP15M-26JUN020215,Target Price: $1.2661,2026-06-02 02:00:00-04:00,2026-06-02 02:15:00-04:00,1.2668,1.2661,yes
KXXRP15M-26JUN020215,Target Price: $1.2661,2026-06-02 02:00:00-04:00,2026-06-02 02:15:00-04:00,1.2668,1.2661,yes
KXXRP15M-26JUN020215,Target Price: $1.2661,2026-06-02 02:00:00-04:00,2026-06-02 02:15:00-04:00,1.2668,1.2661,yes
KXXRP15M-26JUN020215,Target Price: $1.2661,2026-06-02 02:00:00-04:00,2026-06-02 02:15:00-04:00,1.2668,1.2661,yes
KXXRP15M-26JUN020230,Target Price: $1.2668,2026-06-02 02:15:00-04:00,2026-06-02 02:30:00-04:00,1.2689,1.2668,yes
KXXRP15M-26JUN020230,Target Price: $1.2668,2026-06-02 02:15:00-04:00,2026-06-02 02:30:00-04:00,1.2689,1.2668,yes
KXXRP15M-26JUN020230,Target Price: $1.2668,2026-06-02 02:15:00-04:00,2026-06-02 02:30:00-04:00,1.2689,1.2668,yes
KXXRP15M-26JUN020230,Target Price: $1.2668,2026-06-02 02:15:00-04:00,2026-06-02 02:30:00-04:00,1.2689,1.2668,yes
KXXRP15M-26JUN020245,Target Price: $1.2689,2026-06-02 02:30:00-04:00,2026-06-02 02:45:00-04:00,1.2687,1.2689,no
KXXRP15M-26JUN020245,Target Price: $1.2689,2026-06-02 02:30:00-04:00,2026-06-02 02:45:00-04:00,1.2687,1.2689,no
KXXRP15M-26JUN020245,Target Price: $1.2689,2026-06-02 02:30:00-04:00,2026-06-02 02:45:00-04:00,1.2687,1.2689,no
KXXRP15M-26JUN020245,Target Price: $1.2689,2026-06-02 02:30:00-04:00,2026-06-02 02:45:00-04:00,1.2687,1.2689,no
KXXRP15M-26JUN020300,Target Price: $1.2687,2026-06-02 02:45:00-04:00,2026-06-02 03:00:00-04:00,1.2643,1.2687,no
KXXRP15M-26JUN020300,Target Price: $1.2687,2026-06-02 02:45:00-04:00,2026-06-02 03:00:00-04:00,1.2643,1.2687,no
KXXRP15M-26JUN020300,Target Price: $1.2687,2026-06-02 02:45:00-04:00,2026-06-02 03:00:00-04:00,1.2643,1.2687,no
KXXRP15M-26JUN020300,Target Price: $1.2687,2026-06-02 02:45:00-04:00,2026-06-02 03:00:00-04:00,1.2643,1.2687,no
KXXRP15M-26JUN020315,Target Price: $1.2643,2026-06-02 03:00:00-04:00,2026-06-02 03:15:00-04:00,1.2663,1.2643,yes
KXXRP15M-26JUN020315,Target Price: $1.2643,2026-06-02 03:00:00-04:00,2026-06-02 03:15:00-04:00,1.2663,1.2643,yes
KXXRP15M-26JUN020315,Target Price: $1.2643,2026-06-02 03:00:00-04:00,2026-06-02 03:15:00-04:00,1.2663,1.2643,yes
KXXRP15M-26JUN020315,Target Price: $1.2643,2026-06-02 03:00:00-04:00,2026-06-02 03:15:00-04:00,1.2663,1.2643,yes
KXXRP15M-26JUN020330,Target Price: $1.2663,2026-06-02 03:15:00-04:00,2026-06-02 03:30:00-04:00,1.2644,1.2663,no
KXXRP15M-26JUN020330,Target Price: $1.2663,2026-06-02 03:15:00-04:00,2026-06-02 03:30:00-04:00,1.2644,1.2663,no
KXXRP15M-26JUN020330,Target Price: $1.2663,2026-06-02 03:15:00-04:00,2026-06-02 03:30:00-04:00,1.2644,1.2663,no
KXXRP15M-26JUN020330,Target Price: $1.2663,2026-06-02 03:15:00-04:00,2026-06-02 03:30:00-04:00,1.2644,1.2663,no
KXXRP15M-26JUN020345,Target Price: $1.2644,2026-06-02 03:30:00-04:00,2026-06-02 03:45:00-04:00,1.2682,1.2644,yes
KXXRP15M-26JUN020345,Target Price: $1.2644,2026-06-02 03:30:00-04:00,2026-06-02 03:45:00-04:00,1.2682,1.2644,yes
KXXRP15M-26JUN020345,Target Price: $1.2644,2026-06-02 03:30:00-04:00,2026-06-02 03:45:00-04:00,1.2682,1.2644,yes
KXXRP15M-26JUN020345,Target Price: $1.2644,2026-06-02 03:30:00-04:00,2026-06-02 03:45:00-04:00,1.2682,1.2644,yes
KXXRP15M-26JUN020400,Target Price: $1.2682,2026-06-02 03:45:00-04:00,2026-06-02 04:00:00-04:00,1.2669,1.2682,no
KXXRP15M-26JUN020400,Target Price: $1.2682,2026-06-02 03:45:00-04:00,2026-06-02 04:00:00-04:00,1.2669,1.2682,no
KXXRP15M-26JUN020400,Target Price: $1.2682,2026-06-02 03:45:00-04:00,2026-06-02 04:00:00-04:00,1.2669,1.2682,no
KXXRP15M-26JUN020400,Target Price: $1.2682,2026-06-02 03:45:00-04:00,2026-06-02 04:00:00-04:00,1.2669,1.2682,no
KXXRP15M-26JUN020415,Target Price: $1.2669,2026-06-02 04:00:00-04:00,2026-06-02 04:15:00-04:00,1.2671,1.2669,yes
KXXRP15M-26JUN020415,Target Price: $1.2669,2026-06-02 04:00:00-04:00,2026-06-02 04:15:00-04:00,1.2671,1.2669,yes
KXXRP15M-26JUN020415,Target Price: $1.2669,2026-06-02 04:00:00-04:00,2026-06-02 04:15:00-04:00,1.2671,1.2669,yes
KXXRP15M-26JUN020415,Target Price: $1.2669,2026-06-02 04:00:00-04:00,2026-06-02 04:15:00-04:00,1.2671,1.2669,yes
KXXRP15M-26JUN020430,Target Price: $1.2671,2026-06-02 04:15:00-04:00,2026-06-02 04:30:00-04:00,1.2654,1.2671,no
KXXRP15M-26JUN020430,Target Price: $1.2671,2026-06-02 04:15:00-04:00,2026-06-02 04:30:00-04:00,1.2654,1.2671,no
KXXRP15M-26JUN020430,Target Price: $1.2671,2026-06-02 04:15:00-04:00,2026-06-02 04:30:00-04:00,1.2654,1.2671,no
KXXRP15M-26JUN020430,Target Price: $1.2671,2026-06-02 04:15:00-04:00,2026-06-02 04:30:00-04:00,1.2654,1.2671,no
KXXRP15M-26JUN020445,Target Price: $1.2654,2026-06-02 04:30:00-04:00,2026-06-02 04:45:00-04:00,1.2626,1.2654,no
KXXRP15M-26JUN020445,Target Price: $1.2654,2026-06-02 04:30:00-04:00,2026-06-02 04:45:00-04:00,1.2626,1.2654,no
KXXRP15M-26JUN020445,Target Price: $1.2654,2026-06-02 04:30:00-04:00,2026-06-02 04:45:00-04:00,1.2626,1.2654,no
KXXRP15M-26JUN020445,Target Price: $1.2654,2026-06-02 04:30:00-04:00,2026-06-02 04:45:00-04:00,1.2626,1.2654,no
KXXRP15M-26JUN020500,Target Price: $1.2626,2026-06-02 04:45:00-04:00,2026-06-02 05:00:00-04:00,1.2627,1.2626,yes
KXXRP15M-26JUN020500,Target Price: $1.2626,2026-06-02 04:45:00-04:00,2026-06-02 05:00:00-04:00,1.2627,1.2626,yes
KXXRP15M-26JUN020500,Target Price: $1.2626,2026-06-02 04:45:00-04:00,2026-06-02 05:00:00-04:00,1.2627,1.2626,yes
KXXRP15M-26JUN020500,Target Price: $1.2626,2026-06-02 04:45:00-04:00,2026-06-02 05:00:00-04:00,1.2627,1.2626,yes
KXXRP15M-26JUN020515,Target Price: $1.2627,2026-06-02 05:00:00-04:00,2026-06-02 05:15:00-04:00,1.2586,1.2627,no
KXXRP15M-26JUN020515,Target Price: $1.2627,2026-06-02 05:00:00-04:00,2026-06-02 05:15:00-04:00,1.2586,1.2627,no
KXXRP15M-26JUN020515,Target Price: $1.2627,2026-06-02 05:00:00-04:00,2026-06-02 05:15:00-04:00,1.2586,1.2627,no
KXXRP15M-26JUN020515,Target Price: $1.2627,2026-06-02 05:00:00-04:00,2026-06-02 05:15:00-04:00,1.2586,1.2627,no
KXXRP15M-26JUN020530,Target Price: $1.2586,2026-06-02 05:15:00-04:00,2026-06-02 05:30:00-04:00,1.2566,1.2586,no
KXXRP15M-26JUN020530,Target Price: $1.2586,2026-06-02 05:15:00-04:00,2026-06-02 05:30:00-04:00,1.2566,1.2586,no
KXXRP15M-26JUN020530,Target Price: $1.2586,2026-06-02 05:15:00-04:00,2026-06-02 05:30:00-04:00,1.2566,1.2586,no
KXXRP15M-26JUN020530,Target Price: $1.2586,2026-06-02 05:15:00-04:00,2026-06-02 05:30:00-04:00,1.2566,1.2586,no
KXXRP15M-26JUN020545,Target Price: $1.2566,2026-06-02 05:30:00-04:00,2026-06-02 05:45:00-04:00,1.2601,1.2566,yes
KXXRP15M-26JUN020545,Target Price: $1.2566,2026-06-02 05:30:00-04:00,2026-06-02 05:45:00-04:00,1.2601,1.2566,yes
KXXRP15M-26JUN020545,Target Price: $1.2566,2026-06-02 05:30:00-04:00,2026-06-02 05:45:00-04:00,1.2601,1.2566,yes
KXXRP15M-26JUN020545,Target Price: $1.2566,2026-06-02 05:30:00-04:00,2026-06-02 05:45:00-04:00,1.2601,1.2566,yes
KXXRP15M-26JUN020600,Target Price: $1.2601,2026-06-02 05:45:00-04:00,2026-06-02 06:00:00-04:00,1.2579,1.2601,no
KXXRP15M-26JUN020600,Target Price: $1.2601,2026-06-02 05:45:00-04:00,2026-06-02 06:00:00-04:00,1.2579,1.2601,no
KXXRP15M-26JUN020600,Target Price: $1.2601,2026-06-02 05:45:00-04:00,2026-06-02 06:00:00-04:00,1.2579,1.2601,no
KXXRP15M-26JUN020600,Target Price: $1.2601,2026-06-02 05:45:00-04:00,2026-06-02 06:00:00-04:00,1.2579,1.2601,no
KXXRP15M-26JUN020615,Target Price: $1.2579,2026-06-02 06:00:00-04:00,2026-06-02 06:15:00-04:00,1.2627,1.2579,yes
KXXRP15M-26JUN020615,Target Price: $1.2579,2026-06-02 06:00:00-04:00,2026-06-02 06:15:00-04:00,1.2627,1.2579,yes
KXXRP15M-26JUN020615,Target Price: $1.2579,2026-06-02 06:00:00-04:00,2026-06-02 06:15:00-04:00,1.2627,1.2579,yes
KXXRP15M-26JUN020615,Target Price: $1.2579,2026-06-02 06:00:00-04:00,2026-06-02 06:15:00-04:00,1.2627,1.2579,yes
KXXRP15M-26JUN020630,Target Price: $1.2627,2026-06-02 06:15:00-04:00,2026-06-02 06:30:00-04:00,1.2632,1.2627,yes
KXXRP15M-26JUN020630,Target Price: $1.2627,2026-06-02 06:15:00-04:00,2026-06-02 06:30:00-04:00,1.2632,1.2627,yes
KXXRP15M-26JUN020630,Target Price: $1.2627,2026-06-02 06:15:00-04:00,2026-06-02 06:30:00-04:00,1.2632,1.2627,yes
KXXRP15M-26JUN020630,Target Price: $1.2627,2026-06-02 06:15:00-04:00,2026-06-02 06:30:00-04:00,1.2632,1.2627,yes
KXXRP15M-26JUN020645,Target Price: $1.2632,2026-06-02 06:30:00-04:00,2026-06-02 06:45:00-04:00,1.2619,1.2632,no
KXXRP15M-26JUN020645,Target Price: $1.2632,2026-06-02 06:30:00-04:00,2026-06-02 06:45:00-04:00,1.2619,1.2632,no
KXXRP15M-26JUN020645,Target Price: $1.2632,2026-06-02 06:30:00-04:00,2026-06-02 06:45:00-04:00,1.2619,1.2632,no
KXXRP15M-26JUN020645,Target Price: $1.2632,2026-06-02 06:30:00-04:00,2026-06-02 06:45:00-04:00,1.2619,1.2632,no
KXXRP15M-26JUN020700,Target Price: $1.2619,2026-06-02 06:45:00-04:00,2026-06-02 07:00:00-04:00,1.2659,1.2619,yes
KXXRP15M-26JUN020700,Target Price: $1.2619,2026-06-02 06:45:00-04:00,2026-06-02 07:00:00-04:00,1.2659,1.2619,yes
KXXRP15M-26JUN020700,Target Price: $1.2619,2026-06-02 06:45:00-04:00,2026-06-02 07:00:00-04:00,1.2659,1.2619,yes
KXXRP15M-26JUN020700,Target Price: $1.2619,2026-06-02 06:45:00-04:00,2026-06-02 07:00:00-04:00,1.2659,1.2619,yes
KXXRP15M-26JUN020715,Target Price: $1.2659,2026-06-02 07:00:00-04:00,2026-06-02 07:15:00-04:00,1.2629,1.2659,no
KXXRP15M-26JUN020715,Target Price: $1.2659,2026-06-02 07:00:00-04:00,2026-06-02 07:15:00-04:00,1.2629,1.2659,no
KXXRP15M-26JUN020715,Target Price: $1.2659,2026-06-02 07:00:00-04:00,2026-06-02 07:15:00-04:00,1.2629,1.2659,no
KXXRP15M-26JUN020715,Target Price: $1.2659,2026-06-02 07:00:00-04:00,2026-06-02 07:15:00-04:00,1.2629,1.2659,no
KXXRP15M-26JUN020730,Target Price: $1.2629,2026-06-02 07:15:00-04:00,2026-06-02 07:30:00-04:00,1.2601,1.2629,no
KXXRP15M-26JUN020730,Target Price: $1.2629,2026-06-02 07:15:00-04:00,2026-06-02 07:30:00-04:00,1.2601,1.2629,no
KXXRP15M-26JUN020730,Target Price: $1.2629,2026-06-02 07:15:00-04:00,2026-06-02 07:30:00-04:00,1.2601,1.2629,no
KXXRP15M-26JUN020730,Target Price: $1.2629,2026-06-02 07:15:00-04:00,2026-06-02 07:30:00-04:00,1.2601,1.2629,no
KXXRP15M-26JUN020745,Target Price: $1.2601,2026-06-02 07:30:00-04:00,2026-06-02 07:45:00-04:00,1.2592,1.2601,no
KXXRP15M-26JUN020745,Target Price: $1.2601,2026-06-02 07:30:00-04:00,2026-06-02 07:45:00-04:00,1.2592,1.2601,no
KXXRP15M-26JUN020745,Target Price: $1.2601,2026-06-02 07:30:00-04:00,2026-06-02 07:45:00-04:00,1.2592,1.2601,no
KXXRP15M-26JUN020745,Target Price: $1.2601,2026-06-02 07:30:00-04:00,2026-06-02 07:45:00-04:00,1.2592,1.2601,no
KXXRP15M-26JUN020800,Target Price: $1.2592,2026-06-02 07:45:00-04:00,2026-06-02 08:00:00-04:00,1.2602,1.2592,yes
KXXRP15M-26JUN020800,Target Price: $1.2592,2026-06-02 07:45:00-04:00,2026-06-02 08:00:00-04:00,1.2602,1.2592,yes
KXXRP15M-26JUN020800,Target Price: $1.2592,2026-06-02 07:45:00-04:00,2026-06-02 08:00:00-04:00,1.2602,1.2592,yes
KXXRP15M-26JUN020800,Target Price: $1.2592,2026-06-02 07:45:00-04:00,2026-06-02 08:00:00-04:00,1.2602,1.2592,yes
KXXRP15M-26JUN020815,Target Price: $1.2602,2026-06-02 08:00:00-04:00,2026-06-02 08:15:00-04:00,1.2593,1.2602,no
KXXRP15M-26JUN020815,Target Price: $1.2602,2026-06-02 08:00:00-04:00,2026-06-02 08:15:00-04:00,1.2593,1.2602,no
KXXRP15M-26JUN020815,Target Price: $1.2602,2026-06-02 08:00:00-04:00,2026-06-02 08:15:00-04:00,1.2593,1.2602,no
KXXRP15M-26JUN020815,Target Price: $1.2602,2026-06-02 08:00:00-04:00,2026-06-02 08:15:00-04:00,1.2593,1.2602,no
KXXRP15M-26JUN020830,Target Price: $1.2593,2026-06-02 08:15:00-04:00,2026-06-02 08:30:00-04:00,1.2606,1.2593,yes
KXXRP15M-26JUN020830,Target Price: $1.2593,2026-06-02 08:15:00-04:00,2026-06-02 08:30:00-04:00,1.2606,1.2593,yes
KXXRP15M-26JUN020830,Target Price: $1.2593,2026-06-02 08:15:00-04:00,2026-06-02 08:30:00-04:00,1.2606,1.2593,yes
KXXRP15M-26JUN020830,Target Price: $1.2593,2026-06-02 08:15:00-04:00,2026-06-02 08:30:00-04:00,1.2606,1.2593,yes
KXXRP15M-26JUN020845,Target Price: $1.2606,2026-06-02 08:30:00-04:00,2026-06-02 08:45:00-04:00,1.2640,1.2606,yes
KXXRP15M-26JUN020845,Target Price: $1.2606,2026-06-02 08:30:00-04:00,2026-06-02 08:45:00-04:00,1.2640,1.2606,yes
KXXRP15M-26JUN020845,Target Price: $1.2606,2026-06-02 08:30:00-04:00,2026-06-02 08:45:00-04:00,1.2640,1.2606,yes
KXXRP15M-26JUN020845,Target Price: $1.2606,2026-06-02 08:30:00-04:00,2026-06-02 08:45:00-04:00,1.2640,1.2606,yes
KXXRP15M-26JUN020900,Target Price: $1.2640,2026-06-02 08:45:00-04:00,2026-06-02 09:00:00-04:00,1.2631,1.264,no
KXXRP15M-26JUN020900,Target Price: $1.2640,2026-06-02 08:45:00-04:00,2026-06-02 09:00:00-04:00,1.2631,1.264,no
KXXRP15M-26JUN020900,Target Price: $1.2640,2026-06-02 08:45:00-04:00,2026-06-02 09:00:00-04:00,1.2631,1.264,no
KXXRP15M-26JUN020900,Target Price: $1.2640,2026-06-02 08:45:00-04:00,2026-06-02 09:00:00-04:00,1.2631,1.264,no
KXXRP15M-26JUN020915,Target Price: $1.2631,2026-06-02 09:00:00-04:00,2026-06-02 09:15:00-04:00,1.2629,1.2631,no
KXXRP15M-26JUN020915,Target Price: $1.2631,2026-06-02 09:00:00-04:00,2026-06-02 09:15:00-04:00,1.2629,1.2631,no
KXXRP15M-26JUN020915,Target Price: $1.2631,2026-06-02 09:00:00-04:00,2026-06-02 09:15:00-04:00,1.2629,1.2631,no
KXXRP15M-26JUN020915,Target Price: $1.2631,2026-06-02 09:00:00-04:00,2026-06-02 09:15:00-04:00,1.2629,1.2631,no
KXXRP15M-26JUN020930,Target Price: $1.2629,2026-06-02 09:15:00-04:00,2026-06-02 09:30:00-04:00,1.2639,1.2629,yes
KXXRP15M-26JUN020930,Target Price: $1.2629,2026-06-02 09:15:00-04:00,2026-06-02 09:30:00-04:00,1.2639,1.2629,yes
KXXRP15M-26JUN020930,Target Price: $1.2629,2026-06-02 09:15:00-04:00,2026-06-02 09:30:00-04:00,1.2639,1.2629,yes
KXXRP15M-26JUN020930,Target Price: $1.2629,2026-06-02 09:15:00-04:00,2026-06-02 09:30:00-04:00,1.2639,1.2629,yes
KXXRP15M-26JUN020945,Target Price: $1.2639,2026-06-02 09:30:00-04:00,2026-06-02 09:45:00-04:00,1.2614,1.2639,no
KXXRP15M-26JUN020945,Target Price: $1.2639,2026-06-02 09:30:00-04:00,2026-06-02 09:45:00-04:00,1.2614,1.2639,no
KXXRP15M-26JUN020945,Target Price: $1.2639,2026-06-02 09:30:00-04:00,2026-06-02 09:45:00-04:00,1.2614,1.2639,no
KXXRP15M-26JUN020945,Target Price: $1.2639,2026-06-02 09:30:00-04:00,2026-06-02 09:45:00-04:00,1.2614,1.2639,no
KXXRP15M-26JUN021000,Target Price: $1.2614,2026-06-02 09:45:00-04:00,2026-06-02 10:00:00-04:00,1.2592,1.2614,no
KXXRP15M-26JUN021000,Target Price: $1.2614,2026-06-02 09:45:00-04:00,2026-06-02 10:00:00-04:00,1.2592,1.2614,no
KXXRP15M-26JUN021000,Target Price: $1.2614,2026-06-02 09:45:00-04:00,2026-06-02 10:00:00-04:00,1.2592,1.2614,no
KXXRP15M-26JUN021000,Target Price: $1.2614,2026-06-02 09:45:00-04:00,2026-06-02 10:00:00-04:00,1.2592,1.2614,no
KXXRP15M-26JUN021015,Target Price: $1.2592,2026-06-02 10:00:00-04:00,2026-06-02 10:15:00-04:00,1.2574,1.2592,no
KXXRP15M-26JUN021015,Target Price: $1.2592,2026-06-02 10:00:00-04:00,2026-06-02 10:15:00-04:00,1.2574,1.2592,no
KXXRP15M-26JUN021015,Target Price: $1.2592,2026-06-02 10:00:00-04:00,2026-06-02 10:15:00-04:00,1.2574,1.2592,no
KXXRP15M-26JUN021015,Target Price: $1.2592,2026-06-02 10:00:00-04:00,2026-06-02 10:15:00-04:00,1.2574,1.2592,no
KXXRP15M-26JUN021030,Target Price: $1.2574,2026-06-02 10:15:00-04:00,2026-06-02 10:30:00-04:00,1.2332,1.2574,no
KXXRP15M-26JUN021030,Target Price: $1.2574,2026-06-02 10:15:00-04:00,2026-06-02 10:30:00-04:00,1.2332,1.2574,no
KXXRP15M-26JUN021030,Target Price: $1.2574,2026-06-02 10:15:00-04:00,2026-06-02 10:30:00-04:00,1.2332,1.2574,no
KXXRP15M-26JUN021030,Target Price: $1.2574,2026-06-02 10:15:00-04:00,2026-06-02 10:30:00-04:00,1.2332,1.2574,no
KXXRP15M-26JUN021045,Target Price: $1.2332,2026-06-02 10:30:00-04:00,2026-06-02 10:45:00-04:00,1.2338,1.2332,yes
KXXRP15M-26JUN021045,Target Price: $1.2332,2026-06-02 10:30:00-04:00,2026-06-02 10:45:00-04:00,1.2338,1.2332,yes
KXXRP15M-26JUN021045,Target Price: $1.2332,2026-06-02 10:30:00-04:00,2026-06-02 10:45:00-04:00,1.2338,1.2332,yes
KXXRP15M-26JUN021045,Target Price: $1.2332,2026-06-02 10:30:00-04:00,2026-06-02 10:45:00-04:00,1.2338,1.2332,yes
KXXRP15M-26JUN021100,Target Price: $1.2338,2026-06-02 10:45:00-04:00,2026-06-02 11:00:00-04:00,1.2319,1.2338,no
KXXRP15M-26JUN021100,Target Price: $1.2338,2026-06-02 10:45:00-04:00,2026-06-02 11:00:00-04:00,1.2319,1.2338,no
KXXRP15M-26JUN021100,Target Price: $1.2338,2026-06-02 10:45:00-04:00,2026-06-02 11:00:00-04:00,1.2319,1.2338,no
KXXRP15M-26JUN021100,Target Price: $1.2338,2026-06-02 10:45:00-04:00,2026-06-02 11:00:00-04:00,1.2319,1.2338,no
KXXRP15M-26JUN021115,Target Price: $1.2319,2026-06-02 11:00:00-04:00,2026-06-02 11:15:00-04:00,1.2304,1.2319,no
KXXRP15M-26JUN021115,Target Price: $1.2319,2026-06-02 11:00:00-04:00,2026-06-02 11:15:00-04:00,1.2304,1.2319,no
KXXRP15M-26JUN021115,Target Price: $1.2319,2026-06-02 11:00:00-04:00,2026-06-02 11:15:00-04:00,1.2304,1.2319,no
KXXRP15M-26JUN021115,Target Price: $1.2319,2026-06-02 11:00:00-04:00,2026-06-02 11:15:00-04:00,1.2304,1.2319,no
KXXRP15M-26JUN021130,Target Price: $1.2304,2026-06-02 11:15:00-04:00,2026-06-02 11:30:00-04:00,1.2260,1.2304,no
KXXRP15M-26JUN021130,Target Price: $1.2304,2026-06-02 11:15:00-04:00,2026-06-02 11:30:00-04:00,1.2260,1.2304,no
KXXRP15M-26JUN021130,Target Price: $1.2304,2026-06-02 11:15:00-04:00,2026-06-02 11:30:00-04:00,1.2260,1.2304,no
KXXRP15M-26JUN021130,Target Price: $1.2304,2026-06-02 11:15:00-04:00,2026-06-02 11:30:00-04:00,1.2260,1.2304,no
KXXRP15M-26JUN021145,Target Price: $1.2260,2026-06-02 11:30:00-04:00,2026-06-02 11:45:00-04:00,1.2241,1.226,no
KXXRP15M-26JUN021145,Target Price: $1.2260,2026-06-02 11:30:00-04:00,2026-06-02 11:45:00-04:00,1.2241,1.226,no
KXXRP15M-26JUN021145,Target Price: $1.2260,2026-06-02 11:30:00-04:00,2026-06-02 11:45:00-04:00,1.2241,1.226,no
KXXRP15M-26JUN021145,Target Price: $1.2260,2026-06-02 11:30:00-04:00,2026-06-02 11:45:00-04:00,1.2241,1.226,no
KXXRP15M-26JUN021200,Target Price: $1.2241,2026-06-02 11:45:00-04:00,2026-06-02 12:00:00-04:00,1.2200,1.2241,no
KXXRP15M-26JUN021200,Target Price: $1.2241,2026-06-02 11:45:00-04:00,2026-06-02 12:00:00-04:00,1.2200,1.2241,no
KXXRP15M-26JUN021200,Target Price: $1.2241,2026-06-02 11:45:00-04:00,2026-06-02 12:00:00-04:00,1.2200,1.2241,no
KXXRP15M-26JUN021200,Target Price: $1.2241,2026-06-02 11:45:00-04:00,2026-06-02 12:00:00-04:00,1.2200,1.2241,no
KXXRP15M-26JUN021215,Target Price: $1.2200,2026-06-02 12:00:00-04:00,2026-06-02 12:15:00-04:00,1.2351,1.22,yes
KXXRP15M-26JUN021215,Target Price: $1.2200,2026-06-02 12:00:00-04:00,2026-06-02 12:15:00-04:00,1.2351,1.22,yes
KXXRP15M-26JUN021215,Target Price: $1.2200,2026-06-02 12:00:00-04:00,2026-06-02 12:15:00-04:00,1.2351,1.22,yes
KXXRP15M-26JUN021215,Target Price: $1.2200,2026-06-02 12:00:00-04:00,2026-06-02 12:15:00-04:00,1.2351,1.22,yes
KXXRP15M-26JUN021230,Target Price: $1.2351,2026-06-02 12:15:00-04:00,2026-06-02 12:30:00-04:00,1.2359,1.2351,yes
KXXRP15M-26JUN021230,Target Price: $1.2351,2026-06-02 12:15:00-04:00,2026-06-02 12:30:00-04:00,1.2359,1.2351,yes
KXXRP15M-26JUN021230,Target Price: $1.2351,2026-06-02 12:15:00-04:00,2026-06-02 12:30:00-04:00,1.2359,1.2351,yes
KXXRP15M-26JUN021230,Target Price: $1.2351,2026-06-02 12:15:00-04:00,2026-06-02 12:30:00-04:00,1.2359,1.2351,yes
KXXRP15M-26JUN021245,Target Price: $1.2359,2026-06-02 12:30:00-04:00,2026-06-02 12:45:00-04:00,1.2360,1.2359,yes
KXXRP15M-26JUN021245,Target Price: $1.2359,2026-06-02 12:30:00-04:00,2026-06-02 12:45:00-04:00,1.2360,1.2359,yes
KXXRP15M-26JUN021245,Target Price: $1.2359,2026-06-02 12:30:00-04:00,2026-06-02 12:45:00-04:00,1.2360,1.2359,yes
KXXRP15M-26JUN021245,Target Price: $1.2359,2026-06-02 12:30:00-04:00,2026-06-02 12:45:00-04:00,1.2360,1.2359,yes
KXXRP15M-26JUN021300,Target Price: $1.2360,2026-06-02 12:45:00-04:00,2026-06-02 13:00:00-04:00,1.2312,1.236,no
KXXRP15M-26JUN021300,Target Price: $1.2360,2026-06-02 12:45:00-04:00,2026-06-02 13:00:00-04:00,1.2312,1.236,no
KXXRP15M-26JUN021300,Target Price: $1.2360,2026-06-02 12:45:00-04:00,2026-06-02 13:00:00-04:00,1.2312,1.236,no
KXXRP15M-26JUN021300,Target Price: $1.2360,2026-06-02 12:45:00-04:00,2026-06-02 13:00:00-04:00,1.2312,1.236,no
KXXRP15M-26JUN021315,Target Price: $1.2312,2026-06-02 13:00:00-04:00,2026-06-02 13:15:00-04:00,1.2359,1.2312,yes
KXXRP15M-26JUN021315,Target Price: $1.2312,2026-06-02 13:00:00-04:00,2026-06-02 13:15:00-04:00,1.2359,1.2312,yes
KXXRP15M-26JUN021315,Target Price: $1.2312,2026-06-02 13:00:00-04:00,2026-06-02 13:15:00-04:00,1.2359,1.2312,yes
KXXRP15M-26JUN021315,Target Price: $1.2312,2026-06-02 13:00:00-04:00,2026-06-02 13:15:00-04:00,1.2359,1.2312,yes
KXXRP15M-26JUN021330,Target Price: $1.2359,2026-06-02 13:15:00-04:00,2026-06-02 13:30:00-04:00,1.2387,1.2359,yes
KXXRP15M-26JUN021330,Target Price: $1.2359,2026-06-02 13:15:00-04:00,2026-06-02 13:30:00-04:00,1.2387,1.2359,yes
KXXRP15M-26JUN021330,Target Price: $1.2359,2026-06-02 13:15:00-04:00,2026-06-02 13:30:00-04:00,1.2387,1.2359,yes
KXXRP15M-26JUN021330,Target Price: $1.2359,2026-06-02 13:15:00-04:00,2026-06-02 13:30:00-04:00,1.2387,1.2359,yes
KXXRP15M-26JUN021345,Target Price: $1.2387,2026-06-02 13:30:00-04:00,2026-06-02 13:45:00-04:00,1.2375,1.2387,no
KXXRP15M-26JUN021345,Target Price: $1.2387,2026-06-02 13:30:00-04:00,2026-06-02 13:45:00-04:00,1.2375,1.2387,no
KXXRP15M-26JUN021345,Target Price: $1.2387,2026-06-02 13:30:00-04:00,2026-06-02 13:45:00-04:00,1.2375,1.2387,no
KXXRP15M-26JUN021345,Target Price: $1.2387,2026-06-02 13:30:00-04:00,2026-06-02 13:45:00-04:00,1.2375,1.2387,no
KXXRP15M-26JUN021400,Target Price: $1.2375,2026-06-02 13:45:00-04:00,2026-06-02 14:00:00-04:00,1.2351,1.2375,no
KXXRP15M-26JUN021400,Target Price: $1.2375,2026-06-02 13:45:00-04:00,2026-06-02 14:00:00-04:00,1.2351,1.2375,no
KXXRP15M-26JUN021400,Target Price: $1.2375,2026-06-02 13:45:00-04:00,2026-06-02 14:00:00-04:00,1.2351,1.2375,no
KXXRP15M-26JUN021400,Target Price: $1.2375,2026-06-02 13:45:00-04:00,2026-06-02 14:00:00-04:00,1.2351,1.2375,no
KXXRP15M-26JUN021415,Target Price: $1.2351,2026-06-02 14:00:00-04:00,2026-06-02 14:15:00-04:00,1.2321,1.2351,no
KXXRP15M-26JUN021415,Target Price: $1.2351,2026-06-02 14:00:00-04:00,2026-06-02 14:15:00-04:00,1.2321,1.2351,no
KXXRP15M-26JUN021415,Target Price: $1.2351,2026-06-02 14:00:00-04:00,2026-06-02 14:15:00-04:00,1.2321,1.2351,no
KXXRP15M-26JUN021415,Target Price: $1.2351,2026-06-02 14:00:00-04:00,2026-06-02 14:15:00-04:00,1.2321,1.2351,no
KXXRP15M-26JUN021430,Target Price: $1.2321,2026-06-02 14:15:00-04:00,2026-06-02 14:30:00-04:00,1.2237,1.2321,no
KXXRP15M-26JUN021430,Target Price: $1.2321,2026-06-02 14:15:00-04:00,2026-06-02 14:30:00-04:00,1.2237,1.2321,no
KXXRP15M-26JUN021430,Target Price: $1.2321,2026-06-02 14:15:00-04:00,2026-06-02 14:30:00-04:00,1.2237,1.2321,no
KXXRP15M-26JUN021430,Target Price: $1.2321,2026-06-02 14:15:00-04:00,2026-06-02 14:30:00-04:00,1.2237,1.2321,no
KXXRP15M-26JUN021445,Target Price: $1.2237,2026-06-02 14:30:00-04:00,2026-06-02 14:45:00-04:00,1.2214,1.2237,no
KXXRP15M-26JUN021445,Target Price: $1.2237,2026-06-02 14:30:00-04:00,2026-06-02 14:45:00-04:00,1.2214,1.2237,no
KXXRP15M-26JUN021445,Target Price: $1.2237,2026-06-02 14:30:00-04:00,2026-06-02 14:45:00-04:00,1.2214,1.2237,no
KXXRP15M-26JUN021445,Target Price: $1.2237,2026-06-02 14:30:00-04:00,2026-06-02 14:45:00-04:00,1.2214,1.2237,no
KXXRP15M-26JUN021500,Target Price: $1.2214,2026-06-02 14:45:00-04:00,2026-06-02 15:00:00-04:00,1.2224,1.2214,yes
KXXRP15M-26JUN021500,Target Price: $1.2214,2026-06-02 14:45:00-04:00,2026-06-02 15:00:00-04:00,1.2224,1.2214,yes
KXXRP15M-26JUN021500,Target Price: $1.2214,2026-06-02 14:45:00-04:00,2026-06-02 15:00:00-04:00,1.2224,1.2214,yes
KXXRP15M-26JUN021500,Target Price: $1.2214,2026-06-02 14:45:00-04:00,2026-06-02 15:00:00-04:00,1.2224,1.2214,yes
KXXRP15M-26JUN021515,Target Price: $1.2224,2026-06-02 15:00:00-04:00,2026-06-02 15:15:00-04:00,1.2200,1.2224,no
KXXRP15M-26JUN021515,Target Price: $1.2224,2026-06-02 15:00:00-04:00,2026-06-02 15:15:00-04:00,1.2200,1.2224,no
KXXRP15M-26JUN021515,Target Price: $1.2224,2026-06-02 15:00:00-04:00,2026-06-02 15:15:00-04:00,1.2200,1.2224,no
KXXRP15M-26JUN021515,Target Price: $1.2224,2026-06-02 15:00:00-04:00,2026-06-02 15:15:00-04:00,1.2200,1.2224,no
KXXRP15M-26JUN021530,Target Price: $1.2200,2026-06-02 15:15:00-04:00,2026-06-02 15:30:00-04:00,1.2153,1.22,no
KXXRP15M-26JUN021530,Target Price: $1.2200,2026-06-02 15:15:00-04:00,2026-06-02 15:30:00-04:00,1.2153,1.22,no
KXXRP15M-26JUN021530,Target Price: $1.2200,2026-06-02 15:15:00-04:00,2026-06-02 15:30:00-04:00,1.2153,1.22,no
KXXRP15M-26JUN021530,Target Price: $1.2200,2026-06-02 15:15:00-04:00,2026-06-02 15:30:00-04:00,1.2153,1.22,no
KXXRP15M-26JUN021545,Target Price: $1.2153,2026-06-02 15:30:00-04:00,2026-06-02 15:45:00-04:00,1.2149,1.2153,no
KXXRP15M-26JUN021545,Target Price: $1.2153,2026-06-02 15:30:00-04:00,2026-06-02 15:45:00-04:00,1.2149,1.2153,no
KXXRP15M-26JUN021545,Target Price: $1.2153,2026-06-02 15:30:00-04:00,2026-06-02 15:45:00-04:00,1.2149,1.2153,no
KXXRP15M-26JUN021545,Target Price: $1.2153,2026-06-02 15:30:00-04:00,2026-06-02 15:45:00-04:00,1.2149,1.2153,no
KXXRP15M-26JUN021600,Target Price: $1.2149,2026-06-02 15:45:00-04:00,2026-06-02 16:00:00-04:00,1.2212,1.2149,yes
KXXRP15M-26JUN021600,Target Price: $1.2149,2026-06-02 15:45:00-04:00,2026-06-02 16:00:00-04:00,1.2212,1.2149,yes
KXXRP15M-26JUN021600,Target Price: $1.2149,2026-06-02 15:45:00-04:00,2026-06-02 16:00:00-04:00,1.2212,1.2149,yes
KXXRP15M-26JUN021600,Target Price: $1.2149,2026-06-02 15:45:00-04:00,2026-06-02 16:00:00-04:00,1.2212,1.2149,yes
KXXRP15M-26JUN021615,Target Price: $1.2212,2026-06-02 16:00:00-04:00,2026-06-02 16:15:00-04:00,1.2200,1.2212,no
KXXRP15M-26JUN021615,Target Price: $1.2212,2026-06-02 16:00:00-04:00,2026-06-02 16:15:00-04:00,1.2200,1.2212,no
KXXRP15M-26JUN021615,Target Price: $1.2212,2026-06-02 16:00:00-04:00,2026-06-02 16:15:00-04:00,1.2200,1.2212,no
KXXRP15M-26JUN021615,Target Price: $1.2212,2026-06-02 16:00:00-04:00,2026-06-02 16:15:00-04:00,1.2200,1.2212,no
KXXRP15M-26JUN021630,Target Price: $1.2200,2026-06-02 16:15:00-04:00,2026-06-02 16:30:00-04:00,1.2136,1.22,no
KXXRP15M-26JUN021630,Target Price: $1.2200,2026-06-02 16:15:00-04:00,2026-06-02 16:30:00-04:00,1.2136,1.22,no
KXXRP15M-26JUN021630,Target Price: $1.2200,2026-06-02 16:15:00-04:00,2026-06-02 16:30:00-04:00,1.2136,1.22,no
KXXRP15M-26JUN021630,Target Price: $1.2200,2026-06-02 16:15:00-04:00,2026-06-02 16:30:00-04:00,1.2136,1.22,no
KXXRP15M-26JUN021645,Target Price: $1.2136,2026-06-02 16:30:00-04:00,2026-06-02 16:45:00-04:00,1.2156,1.2136,yes
KXXRP15M-26JUN021645,Target Price: $1.2136,2026-06-02 16:30:00-04:00,2026-06-02 16:45:00-04:00,1.2156,1.2136,yes
KXXRP15M-26JUN021645,Target Price: $1.2136,2026-06-02 16:30:00-04:00,2026-06-02 16:45:00-04:00,1.2156,1.2136,yes
KXXRP15M-26JUN021645,Target Price: $1.2136,2026-06-02 16:30:00-04:00,2026-06-02 16:45:00-04:00,1.2156,1.2136,yes
KXXRP15M-26JUN021700,Target Price: $1.2156,2026-06-02 16:45:00-04:00,2026-06-02 17:00:00-04:00,1.2221,1.2156,yes
KXXRP15M-26JUN021700,Target Price: $1.2156,2026-06-02 16:45:00-04:00,2026-06-02 17:00:00-04:00,1.2221,1.2156,yes
KXXRP15M-26JUN021700,Target Price: $1.2156,2026-06-02 16:45:00-04:00,2026-06-02 17:00:00-04:00,1.2221,1.2156,yes
KXXRP15M-26JUN021700,Target Price: $1.2156,2026-06-02 16:45:00-04:00,2026-06-02 17:00:00-04:00,1.2221,1.2156,yes
KXXRP15M-26JUN021715,Target Price: $1.2221,2026-06-02 17:00:00-04:00,2026-06-02 17:15:00-04:00,1.2204,1.2221,no
KXXRP15M-26JUN021715,Target Price: $1.2221,2026-06-02 17:00:00-04:00,2026-06-02 17:15:00-04:00,1.2204,1.2221,no
KXXRP15M-26JUN021715,Target Price: $1.2221,2026-06-02 17:00:00-04:00,2026-06-02 17:15:00-04:00,1.2204,1.2221,no
KXXRP15M-26JUN021715,Target Price: $1.2221,2026-06-02 17:00:00-04:00,2026-06-02 17:15:00-04:00,1.2204,1.2221,no
KXXRP15M-26JUN021730,Target Price: $1.2204,2026-06-02 17:15:00-04:00,2026-06-02 17:30:00-04:00,1.2293,1.2204,yes
KXXRP15M-26JUN021730,Target Price: $1.2204,2026-06-02 17:15:00-04:00,2026-06-02 17:30:00-04:00,1.2293,1.2204,yes
KXXRP15M-26JUN021730,Target Price: $1.2204,2026-06-02 17:15:00-04:00,2026-06-02 17:30:00-04:00,1.2293,1.2204,yes
KXXRP15M-26JUN021730,Target Price: $1.2204,2026-06-02 17:15:00-04:00,2026-06-02 17:30:00-04:00,1.2293,1.2204,yes
KXXRP15M-26JUN021745,Target Price: $1.2293,2026-06-02 17:30:00-04:00,2026-06-02 17:45:00-04:00,1.2276,1.2293,no
KXXRP15M-26JUN021745,Target Price: $1.2293,2026-06-02 17:30:00-04:00,2026-06-02 17:45:00-04:00,1.2276,1.2293,no
KXXRP15M-26JUN021745,Target Price: $1.2293,2026-06-02 17:30:00-04:00,2026-06-02 17:45:00-04:00,1.2276,1.2293,no
KXXRP15M-26JUN021745,Target Price: $1.2293,2026-06-02 17:30:00-04:00,2026-06-02 17:45:00-04:00,1.2276,1.2293,no
KXXRP15M-26JUN021800,Target Price: $1.2276,2026-06-02 17:45:00-04:00,2026-06-02 18:00:00-04:00,1.2250,1.2276,no
KXXRP15M-26JUN021800,Target Price: $1.2276,2026-06-02 17:45:00-04:00,2026-06-02 18:00:00-04:00,1.2250,1.2276,no
KXXRP15M-26JUN021800,Target Price: $1.2276,2026-06-02 17:45:00-04:00,2026-06-02 18:00:00-04:00,1.2250,1.2276,no
KXXRP15M-26JUN021800,Target Price: $1.2276,2026-06-02 17:45:00-04:00,2026-06-02 18:00:00-04:00,1.2250,1.2276,no
KXXRP15M-26JUN021815,Target Price: $1.2250,2026-06-02 18:00:00-04:00,2026-06-02 18:15:00-04:00,1.2184,1.225,no
KXXRP15M-26JUN021815,Target Price: $1.2250,2026-06-02 18:00:00-04:00,2026-06-02 18:15:00-04:00,1.2184,1.225,no
KXXRP15M-26JUN021815,Target Price: $1.2250,2026-06-02 18:00:00-04:00,2026-06-02 18:15:00-04:00,1.2184,1.225,no
KXXRP15M-26JUN021815,Target Price: $1.2250,2026-06-02 18:00:00-04:00,2026-06-02 18:15:00-04:00,1.2184,1.225,no
KXXRP15M-26JUN021830,Target Price: $1.2184,2026-06-02 18:15:00-04:00,2026-06-02 18:30:00-04:00,1.2214,1.2184,yes
KXXRP15M-26JUN021830,Target Price: $1.2184,2026-06-02 18:15:00-04:00,2026-06-02 18:30:00-04:00,1.2214,1.2184,yes
KXXRP15M-26JUN021830,Target Price: $1.2184,2026-06-02 18:15:00-04:00,2026-06-02 18:30:00-04:00,1.2214,1.2184,yes
KXXRP15M-26JUN021830,Target Price: $1.2184,2026-06-02 18:15:00-04:00,2026-06-02 18:30:00-04:00,1.2214,1.2184,yes
KXXRP15M-26JUN021845,Target Price: $1.2214,2026-06-02 18:30:00-04:00,2026-06-02 18:45:00-04:00,1.2150,1.2214,no
KXXRP15M-26JUN021845,Target Price: $1.2214,2026-06-02 18:30:00-04:00,2026-06-02 18:45:00-04:00,1.2150,1.2214,no
KXXRP15M-26JUN021845,Target Price: $1.2214,2026-06-02 18:30:00-04:00,2026-06-02 18:45:00-04:00,1.2150,1.2214,no
KXXRP15M-26JUN021845,Target Price: $1.2214,2026-06-02 18:30:00-04:00,2026-06-02 18:45:00-04:00,1.2150,1.2214,no
KXXRP15M-26JUN021900,Target Price: $1.2150,2026-06-02 18:45:00-04:00,2026-06-02 19:00:00-04:00,1.1989,1.215,no
KXXRP15M-26JUN021900,Target Price: $1.2150,2026-06-02 18:45:00-04:00,2026-06-02 19:00:00-04:00,1.1989,1.215,no
KXXRP15M-26JUN021900,Target Price: $1.2150,2026-06-02 18:45:00-04:00,2026-06-02 19:00:00-04:00,1.1989,1.215,no
KXXRP15M-26JUN021900,Target Price: $1.2150,2026-06-02 18:45:00-04:00,2026-06-02 19:00:00-04:00,1.1989,1.215,no
KXXRP15M-26JUN021915,Target Price: $1.1989,2026-06-02 19:00:00-04:00,2026-06-02 19:15:00-04:00,1.2082,1.1989,yes
KXXRP15M-26JUN021915,Target Price: $1.1989,2026-06-02 19:00:00-04:00,2026-06-02 19:15:00-04:00,1.2082,1.1989,yes
KXXRP15M-26JUN021915,Target Price: $1.1989,2026-06-02 19:00:00-04:00,2026-06-02 19:15:00-04:00,1.2082,1.1989,yes
KXXRP15M-26JUN021915,Target Price: $1.1989,2026-06-02 19:00:00-04:00,2026-06-02 19:15:00-04:00,1.2082,1.1989,yes
KXXRP15M-26JUN021930,Target Price: $1.2082,2026-06-02 19:15:00-04:00,2026-06-02 19:30:00-04:00,1.1993,1.2082,no
KXXRP15M-26JUN021930,Target Price: $1.2082,2026-06-02 19:15:00-04:00,2026-06-02 19:30:00-04:00,1.1993,1.2082,no
KXXRP15M-26JUN021930,Target Price: $1.2082,2026-06-02 19:15:00-04:00,2026-06-02 19:30:00-04:00,1.1993,1.2082,no
KXXRP15M-26JUN021930,Target Price: $1.2082,2026-06-02 19:15:00-04:00,2026-06-02 19:30:00-04:00,1.1993,1.2082,no
KXXRP15M-26JUN021945,Target Price: $1.1993,2026-06-02 19:30:00-04:00,2026-06-02 19:45:00-04:00,1.2073,1.1993,yes
KXXRP15M-26JUN021945,Target Price: $1.1993,2026-06-02 19:30:00-04:00,2026-06-02 19:45:00-04:00,1.2073,1.1993,yes
KXXRP15M-26JUN021945,Target Price: $1.1993,2026-06-02 19:30:00-04:00,2026-06-02 19:45:00-04:00,1.2073,1.1993,yes
KXXRP15M-26JUN021945,Target Price: $1.1993,2026-06-02 19:30:00-04:00,2026-06-02 19:45:00-04:00,1.2073,1.1993,yes
KXXRP15M-26JUN022000,Target Price: $1.2073,2026-06-02 19:45:00-04:00,2026-06-02 20:00:00-04:00,1.2100,1.2073,yes
KXXRP15M-26JUN022000,Target Price: $1.2073,2026-06-02 19:45:00-04:00,2026-06-02 20:00:00-04:00,1.2100,1.2073,yes
KXXRP15M-26JUN022000,Target Price: $1.2073,2026-06-02 19:45:00-04:00,2026-06-02 20:00:00-04:00,1.2100,1.2073,yes
KXXRP15M-26JUN022000,Target Price: $1.2073,2026-06-02 19:45:00-04:00,2026-06-02 20:00:00-04:00,1.2100,1.2073,yes
KXXRP15M-26JUN022015,Target Price: $1.2100,2026-06-02 20:00:00-04:00,2026-06-02 20:15:00-04:00,1.2193,1.21,yes
KXXRP15M-26JUN022015,Target Price: $1.2100,2026-06-02 20:00:00-04:00,2026-06-02 20:15:00-04:00,1.2193,1.21,yes
KXXRP15M-26JUN022015,Target Price: $1.2100,2026-06-02 20:00:00-04:00,2026-06-02 20:15:00-04:00,1.2193,1.21,yes
KXXRP15M-26JUN022015,Target Price: $1.2100,2026-06-02 20:00:00-04:00,2026-06-02 20:15:00-04:00,1.2193,1.21,yes
KXXRP15M-26JUN022030,Target Price: $1.2193,2026-06-02 20:15:00-04:00,2026-06-02 20:30:00-04:00,1.2195,1.2193,yes
KXXRP15M-26JUN022030,Target Price: $1.2193,2026-06-02 20:15:00-04:00,2026-06-02 20:30:00-04:00,1.2195,1.2193,yes
KXXRP15M-26JUN022030,Target Price: $1.2193,2026-06-02 20:15:00-04:00,2026-06-02 20:30:00-04:00,1.2195,1.2193,yes
KXXRP15M-26JUN022030,Target Price: $1.2193,2026-06-02 20:15:00-04:00,2026-06-02 20:30:00-04:00,1.2195,1.2193,yes
KXXRP15M-26JUN022045,Target Price: $1.2195,2026-06-02 20:30:00-04:00,2026-06-02 20:45:00-04:00,1.2238,1.2195,yes
KXXRP15M-26JUN022045,Target Price: $1.2195,2026-06-02 20:30:00-04:00,2026-06-02 20:45:00-04:00,1.2238,1.2195,yes
KXXRP15M-26JUN022045,Target Price: $1.2195,2026-06-02 20:30:00-04:00,2026-06-02 20:45:00-04:00,1.2238,1.2195,yes
KXXRP15M-26JUN022045,Target Price: $1.2195,2026-06-02 20:30:00-04:00,2026-06-02 20:45:00-04:00,1.2238,1.2195,yes
KXXRP15M-26JUN022100,Target Price: $1.2238,2026-06-02 20:45:00-04:00,2026-06-02 21:00:00-04:00,1.2232,1.2238,no
KXXRP15M-26JUN022100,Target Price: $1.2238,2026-06-02 20:45:00-04:00,2026-06-02 21:00:00-04:00,1.2232,1.2238,no
KXXRP15M-26JUN022100,Target Price: $1.2238,2026-06-02 20:45:00-04:00,2026-06-02 21:00:00-04:00,1.2232,1.2238,no
KXXRP15M-26JUN022100,Target Price: $1.2238,2026-06-02 20:45:00-04:00,2026-06-02 21:00:00-04:00,1.2232,1.2238,no
KXXRP15M-26JUN022115,Target Price: $1.2232,2026-06-02 21:00:00-04:00,2026-06-02 21:15:00-04:00,1.2252,1.2232,yes
KXXRP15M-26JUN022115,Target Price: $1.2232,2026-06-02 21:00:00-04:00,2026-06-02 21:15:00-04:00,1.2252,1.2232,yes
KXXRP15M-26JUN022115,Target Price: $1.2232,2026-06-02 21:00:00-04:00,2026-06-02 21:15:00-04:00,1.2252,1.2232,yes
KXXRP15M-26JUN022115,Target Price: $1.2232,2026-06-02 21:00:00-04:00,2026-06-02 21:15:00-04:00,1.2252,1.2232,yes
KXXRP15M-26JUN022130,Target Price: $1.2252,2026-06-02 21:15:00-04:00,2026-06-02 21:30:00-04:00,1.2289,1.2252,yes
KXXRP15M-26JUN022130,Target Price: $1.2252,2026-06-02 21:15:00-04:00,2026-06-02 21:30:00-04:00,1.2289,1.2252,yes
KXXRP15M-26JUN022130,Target Price: $1.2252,2026-06-02 21:15:00-04:00,2026-06-02 21:30:00-04:00,1.2289,1.2252,yes
KXXRP15M-26JUN022130,Target Price: $1.2252,2026-06-02 21:15:00-04:00,2026-06-02 21:30:00-04:00,1.2289,1.2252,yes
KXXRP15M-26JUN022145,Target Price: $1.2289,2026-06-02 21:30:00-04:00,2026-06-02 21:45:00-04:00,1.2188,1.2289,no
KXXRP15M-26JUN022145,Target Price: $1.2289,2026-06-02 21:30:00-04:00,2026-06-02 21:45:00-04:00,1.2188,1.2289,no
KXXRP15M-26JUN022145,Target Price: $1.2289,2026-06-02 21:30:00-04:00,2026-06-02 21:45:00-04:00,1.2188,1.2289,no
KXXRP15M-26JUN022145,Target Price: $1.2289,2026-06-02 21:30:00-04:00,2026-06-02 21:45:00-04:00,1.2188,1.2289,no
KXXRP15M-26JUN022200,Target Price: $1.2188,2026-06-02 21:45:00-04:00,2026-06-02 22:00:00-04:00,1.2225,1.2188,yes
KXXRP15M-26JUN022200,Target Price: $1.2188,2026-06-02 21:45:00-04:00,2026-06-02 22:00:00-04:00,1.2225,1.2188,yes
KXXRP15M-26JUN022200,Target Price: $1.2188,2026-06-02 21:45:00-04:00,2026-06-02 22:00:00-04:00,1.2225,1.2188,yes
KXXRP15M-26JUN022200,Target Price: $1.2188,2026-06-02 21:45:00-04:00,2026-06-02 22:00:00-04:00,1.2225,1.2188,yes
KXXRP15M-26JUN022215,Target Price: $1.2225,2026-06-02 22:00:00-04:00,2026-06-02 22:15:00-04:00,1.2203,1.2225,no
KXXRP15M-26JUN022215,Target Price: $1.2225,2026-06-02 22:00:00-04:00,2026-06-02 22:15:00-04:00,1.2203,1.2225,no
KXXRP15M-26JUN022215,Target Price: $1.2225,2026-06-02 22:00:00-04:00,2026-06-02 22:15:00-04:00,1.2203,1.2225,no
KXXRP15M-26JUN022215,Target Price: $1.2225,2026-06-02 22:00:00-04:00,2026-06-02 22:15:00-04:00,1.2203,1.2225,no
KXXRP15M-26JUN022230,Target Price: $1.2203,2026-06-02 22:15:00-04:00,2026-06-02 22:30:00-04:00,1.2180,1.2203,no
KXXRP15M-26JUN022230,Target Price: $1.2203,2026-06-02 22:15:00-04:00,2026-06-02 22:30:00-04:00,1.2180,1.2203,no
KXXRP15M-26JUN022230,Target Price: $1.2203,2026-06-02 22:15:00-04:00,2026-06-02 22:30:00-04:00,1.2180,1.2203,no
KXXRP15M-26JUN022230,Target Price: $1.2203,2026-06-02 22:15:00-04:00,2026-06-02 22:30:00-04:00,1.2180,1.2203,no
KXXRP15M-26JUN022245,Target Price: $1.2180,2026-06-02 22:30:00-04:00,2026-06-02 22:45:00-04:00,1.2197,1.218,yes
KXXRP15M-26JUN022245,Target Price: $1.2180,2026-06-02 22:30:00-04:00,2026-06-02 22:45:00-04:00,1.2197,1.218,yes
KXXRP15M-26JUN022245,Target Price: $1.2180,2026-06-02 22:30:00-04:00,2026-06-02 22:45:00-04:00,1.2197,1.218,yes
KXXRP15M-26JUN022245,Target Price: $1.2180,2026-06-02 22:30:00-04:00,2026-06-02 22:45:00-04:00,1.2197,1.218,yes
KXXRP15M-26JUN022300,Target Price: $1.2197,2026-06-02 22:45:00-04:00,2026-06-02 23:00:00-04:00,1.2195,1.2197,no
KXXRP15M-26JUN022300,Target Price: $1.2197,2026-06-02 22:45:00-04:00,2026-06-02 23:00:00-04:00,1.2195,1.2197,no
KXXRP15M-26JUN022300,Target Price: $1.2197,2026-06-02 22:45:00-04:00,2026-06-02 23:00:00-04:00,1.2195,1.2197,no
KXXRP15M-26JUN022300,Target Price: $1.2197,2026-06-02 22:45:00-04:00,2026-06-02 23:00:00-04:00,1.2195,1.2197,no
KXXRP15M-26JUN022315,Target Price: $1.2195,2026-06-02 23:00:00-04:00,2026-06-02 23:15:00-04:00,1.2174,1.2195,no
KXXRP15M-26JUN022315,Target Price: $1.2195,2026-06-02 23:00:00-04:00,2026-06-02 23:15:00-04:00,1.2174,1.2195,no
KXXRP15M-26JUN022315,Target Price: $1.2195,2026-06-02 23:00:00-04:00,2026-06-02 23:15:00-04:00,1.2174,1.2195,no
KXXRP15M-26JUN022315,Target Price: $1.2195,2026-06-02 23:00:00-04:00,2026-06-02 23:15:00-04:00,1.2174,1.2195,no
KXXRP15M-26JUN022330,Target Price: $1.2174,2026-06-02 23:15:00-04:00,2026-06-02 23:30:00-04:00,1.2083,1.2174,no
KXXRP15M-26JUN022330,Target Price: $1.2174,2026-06-02 23:15:00-04:00,2026-06-02 23:30:00-04:00,1.2083,1.2174,no
KXXRP15M-26JUN022330,Target Price: $1.2174,2026-06-02 23:15:00-04:00,2026-06-02 23:30:00-04:00,1.2083,1.2174,no
KXXRP15M-26JUN022330,Target Price: $1.2174,2026-06-02 23:15:00-04:00,2026-06-02 23:30:00-04:00,1.2083,1.2174,no
KXXRP15M-26JUN022345,Target Price: $1.2083,2026-06-02 23:30:00-04:00,2026-06-02 23:45:00-04:00,1.1970,1.2083,no
KXXRP15M-26JUN022345,Target Price: $1.2083,2026-06-02 23:30:00-04:00,2026-06-02 23:45:00-04:00,1.1970,1.2083,no
KXXRP15M-26JUN022345,Target Price: $1.2083,2026-06-02 23:30:00-04:00,2026-06-02 23:45:00-04:00,1.1970,1.2083,no
KXXRP15M-26JUN022345,Target Price: $1.2083,2026-06-02 23:30:00-04:00,2026-06-02 23:45:00-04:00,1.1970,1.2083,no
KXXRP15M-26JUN030000,Target Price: $1.1970,2026-06-02 23:45:00-04:00,2026-06-03 00:00:00-04:00,1.1965,1.197,no
KXXRP15M-26JUN030000,Target Price: $1.1970,2026-06-02 23:45:00-04:00,2026-06-03 00:00:00-04:00,1.1965,1.197,no
KXXRP15M-26JUN030000,Target Price: $1.1970,2026-06-02 23:45:00-04:00,2026-06-03 00:00:00-04:00,1.1965,1.197,no
KXXRP15M-26JUN030000,Target Price: $1.1970,2026-06-02 23:45:00-04:00,2026-06-03 00:00:00-04:00,1.1965,1.197,no
KXXRP15M-26JUN030015,Target Price: $1.1965,2026-06-03 00:00:00-04:00,2026-06-03 00:15:00-04:00,1.2067,1.1965,yes
KXXRP15M-26JUN030015,Target Price: $1.1965,2026-06-03 00:00:00-04:00,2026-06-03 00:15:00-04:00,1.2067,1.1965,yes
KXXRP15M-26JUN030015,Target Price: $1.1965,2026-06-03 00:00:00-04:00,2026-06-03 00:15:00-04:00,1.2067,1.1965,yes
KXXRP15M-26JUN030015,Target Price: $1.1965,2026-06-03 00:00:00-04:00,2026-06-03 00:15:00-04:00,1.2067,1.1965,yes
KXXRP15M-26JUN030030,Target Price: $1.2067,2026-06-03 00:15:00-04:00,2026-06-03 00:30:00-04:00,1.2122,1.2067,yes
KXXRP15M-26JUN030030,Target Price: $1.2067,2026-06-03 00:15:00-04:00,2026-06-03 00:30:00-04:00,1.2122,1.2067,yes
KXXRP15M-26JUN030030,Target Price: $1.2067,2026-06-03 00:15:00-04:00,2026-06-03 00:30:00-04:00,1.2122,1.2067,yes
KXXRP15M-26JUN030030,Target Price: $1.2067,2026-06-03 00:15:00-04:00,2026-06-03 00:30:00-04:00,1.2122,1.2067,yes
KXXRP15M-26JUN030045,Target Price: $1.2122,2026-06-03 00:30:00-04:00,2026-06-03 00:45:00-04:00,1.2128,1.2122,yes
KXXRP15M-26JUN030045,Target Price: $1.2122,2026-06-03 00:30:00-04:00,2026-06-03 00:45:00-04:00,1.2128,1.2122,yes
KXXRP15M-26JUN030045,Target Price: $1.2122,2026-06-03 00:30:00-04:00,2026-06-03 00:45:00-04:00,1.2128,1.2122,yes
KXXRP15M-26JUN030045,Target Price: $1.2122,2026-06-03 00:30:00-04:00,2026-06-03 00:45:00-04:00,1.2128,1.2122,yes
KXXRP15M-26JUN030100,Target Price: $1.2128,2026-06-03 00:45:00-04:00,2026-06-03 01:00:00-04:00,1.2167,1.2128,yes
KXXRP15M-26JUN030100,Target Price: $1.2128,2026-06-03 00:45:00-04:00,2026-06-03 01:00:00-04:00,1.2167,1.2128,yes
KXXRP15M-26JUN030100,Target Price: $1.2128,2026-06-03 00:45:00-04:00,2026-06-03 01:00:00-04:00,1.2167,1.2128,yes
KXXRP15M-26JUN030100,Target Price: $1.2128,2026-06-03 00:45:00-04:00,2026-06-03 01:00:00-04:00,1.2167,1.2128,yes
KXXRP15M-26JUN030115,Target Price: $1.2167,2026-06-03 01:00:00-04:00,2026-06-03 01:15:00-04:00,1.2309,1.2167,yes
KXXRP15M-26JUN030115,Target Price: $1.2167,2026-06-03 01:00:00-04:00,2026-06-03 01:15:00-04:00,1.2309,1.2167,yes
KXXRP15M-26JUN030115,Target Price: $1.2167,2026-06-03 01:00:00-04:00,2026-06-03 01:15:00-04:00,1.2309,1.2167,yes
KXXRP15M-26JUN030115,Target Price: $1.2167,2026-06-03 01:00:00-04:00,2026-06-03 01:15:00-04:00,1.2309,1.2167,yes
KXXRP15M-26JUN030130,Target Price: $1.2309,2026-06-03 01:15:00-04:00,2026-06-03 01:30:00-04:00,1.2280,1.2309,no
KXXRP15M-26JUN030130,Target Price: $1.2309,2026-06-03 01:15:00-04:00,2026-06-03 01:30:00-04:00,1.2280,1.2309,no
KXXRP15M-26JUN030130,Target Price: $1.2309,2026-06-03 01:15:00-04:00,2026-06-03 01:30:00-04:00,1.2280,1.2309,no
KXXRP15M-26JUN030130,Target Price: $1.2309,2026-06-03 01:15:00-04:00,2026-06-03 01:30:00-04:00,1.2280,1.2309,no
KXXRP15M-26JUN030145,Target Price: $1.2280,2026-06-03 01:30:00-04:00,2026-06-03 01:45:00-04:00,1.2289,1.228,yes
KXXRP15M-26JUN030145,Target Price: $1.2280,2026-06-03 01:30:00-04:00,2026-06-03 01:45:00-04:00,1.2289,1.228,yes
KXXRP15M-26JUN030145,Target Price: $1.2280,2026-06-03 01:30:00-04:00,2026-06-03 01:45:00-04:00,1.2289,1.228,yes
KXXRP15M-26JUN030145,Target Price: $1.2280,2026-06-03 01:30:00-04:00,2026-06-03 01:45:00-04:00,1.2289,1.228,yes
KXXRP15M-26JUN030200,Target Price: $1.2289,2026-06-03 01:45:00-04:00,2026-06-03 02:00:00-04:00,1.2316,1.2289,yes
KXXRP15M-26JUN030200,Target Price: $1.2289,2026-06-03 01:45:00-04:00,2026-06-03 02:00:00-04:00,1.2316,1.2289,yes
KXXRP15M-26JUN030200,Target Price: $1.2289,2026-06-03 01:45:00-04:00,2026-06-03 02:00:00-04:00,1.2316,1.2289,yes
KXXRP15M-26JUN030200,Target Price: $1.2289,2026-06-03 01:45:00-04:00,2026-06-03 02:00:00-04:00,1.2316,1.2289,yes
KXXRP15M-26JUN030215,Target Price: $1.2316,2026-06-03 02:00:00-04:00,2026-06-03 02:15:00-04:00,1.2329,1.2316,yes
KXXRP15M-26JUN030215,Target Price: $1.2316,2026-06-03 02:00:00-04:00,2026-06-03 02:15:00-04:00,1.2329,1.2316,yes
KXXRP15M-26JUN030215,Target Price: $1.2316,2026-06-03 02:00:00-04:00,2026-06-03 02:15:00-04:00,1.2329,1.2316,yes
KXXRP15M-26JUN030215,Target Price: $1.2316,2026-06-03 02:00:00-04:00,2026-06-03 02:15:00-04:00,1.2329,1.2316,yes
KXXRP15M-26JUN030230,Target Price: $1.2329,2026-06-03 02:15:00-04:00,2026-06-03 02:30:00-04:00,1.2392,1.2329,yes
KXXRP15M-26JUN030230,Target Price: $1.2329,2026-06-03 02:15:00-04:00,2026-06-03 02:30:00-04:00,1.2392,1.2329,yes
KXXRP15M-26JUN030230,Target Price: $1.2329,2026-06-03 02:15:00-04:00,2026-06-03 02:30:00-04:00,1.2392,1.2329,yes
KXXRP15M-26JUN030230,Target Price: $1.2329,2026-06-03 02:15:00-04:00,2026-06-03 02:30:00-04:00,1.2392,1.2329,yes
KXXRP15M-26JUN030245,Target Price: $1.2392,2026-06-03 02:30:00-04:00,2026-06-03 02:45:00-04:00,1.2431,1.2392,yes
KXXRP15M-26JUN030245,Target Price: $1.2392,2026-06-03 02:30:00-04:00,2026-06-03 02:45:00-04:00,1.2431,1.2392,yes
KXXRP15M-26JUN030245,Target Price: $1.2392,2026-06-03 02:30:00-04:00,2026-06-03 02:45:00-04:00,1.2431,1.2392,yes
KXXRP15M-26JUN030245,Target Price: $1.2392,2026-06-03 02:30:00-04:00,2026-06-03 02:45:00-04:00,1.2431,1.2392,yes
KXXRP15M-26JUN030300,Target Price: $1.2431,2026-06-03 02:45:00-04:00,2026-06-03 03:00:00-04:00,1.2377,1.2431,no
KXXRP15M-26JUN030300,Target Price: $1.2431,2026-06-03 02:45:00-04:00,2026-06-03 03:00:00-04:00,1.2377,1.2431,no
KXXRP15M-26JUN030300,Target Price: $1.2431,2026-06-03 02:45:00-04:00,2026-06-03 03:00:00-04:00,1.2377,1.2431,no
KXXRP15M-26JUN030300,Target Price: $1.2431,2026-06-03 02:45:00-04:00,2026-06-03 03:00:00-04:00,1.2377,1.2431,no
KXXRP15M-26JUN030315,Target Price: $1.2377,2026-06-03 03:00:00-04:00,2026-06-03 03:15:00-04:00,1.2426,1.2377,yes
KXXRP15M-26JUN030315,Target Price: $1.2377,2026-06-03 03:00:00-04:00,2026-06-03 03:15:00-04:00,1.2426,1.2377,yes
KXXRP15M-26JUN030315,Target Price: $1.2377,2026-06-03 03:00:00-04:00,2026-06-03 03:15:00-04:00,1.2426,1.2377,yes
KXXRP15M-26JUN030315,Target Price: $1.2377,2026-06-03 03:00:00-04:00,2026-06-03 03:15:00-04:00,1.2426,1.2377,yes
KXXRP15M-26JUN030330,Target Price: $1.2426,2026-06-03 03:15:00-04:00,2026-06-03 03:30:00-04:00,1.2444,1.2426,yes
KXXRP15M-26JUN030330,Target Price: $1.2426,2026-06-03 03:15:00-04:00,2026-06-03 03:30:00-04:00,1.2444,1.2426,yes
KXXRP15M-26JUN030330,Target Price: $1.2426,2026-06-03 03:15:00-04:00,2026-06-03 03:30:00-04:00,1.2444,1.2426,yes
KXXRP15M-26JUN030330,Target Price: $1.2426,2026-06-03 03:15:00-04:00,2026-06-03 03:30:00-04:00,1.2444,1.2426,yes
KXXRP15M-26JUN030345,Target Price: $1.2444,2026-06-03 03:30:00-04:00,2026-06-03 03:45:00-04:00,1.2441,1.2444,no
KXXRP15M-26JUN030345,Target Price: $1.2444,2026-06-03 03:30:00-04:00,2026-06-03 03:45:00-04:00,1.2441,1.2444,no
KXXRP15M-26JUN030345,Target Price: $1.2444,2026-06-03 03:30:00-04:00,2026-06-03 03:45:00-04:00,1.2441,1.2444,no
KXXRP15M-26JUN030345,Target Price: $1.2444,2026-06-03 03:30:00-04:00,2026-06-03 03:45:00-04:00,1.2441,1.2444,no
KXXRP15M-26JUN030400,Target Price: $1.2441,2026-06-03 03:45:00-04:00,2026-06-03 04:00:00-04:00,1.2426,1.2441,no
KXXRP15M-26JUN030400,Target Price: $1.2441,2026-06-03 03:45:00-04:00,2026-06-03 04:00:00-04:00,1.2426,1.2441,no
KXXRP15M-26JUN030400,Target Price: $1.2441,2026-06-03 03:45:00-04:00,2026-06-03 04:00:00-04:00,1.2426,1.2441,no
KXXRP15M-26JUN030400,Target Price: $1.2441,2026-06-03 03:45:00-04:00,2026-06-03 04:00:00-04:00,1.2426,1.2441,no
KXXRP15M-26JUN030415,Target Price: $1.2426,2026-06-03 04:00:00-04:00,2026-06-03 04:15:00-04:00,1.2383,1.2426,no
KXXRP15M-26JUN030415,Target Price: $1.2426,2026-06-03 04:00:00-04:00,2026-06-03 04:15:00-04:00,1.2383,1.2426,no
KXXRP15M-26JUN030415,Target Price: $1.2426,2026-06-03 04:00:00-04:00,2026-06-03 04:15:00-04:00,1.2383,1.2426,no
KXXRP15M-26JUN030415,Target Price: $1.2426,2026-06-03 04:00:00-04:00,2026-06-03 04:15:00-04:00,1.2383,1.2426,no
KXXRP15M-26JUN030430,Target Price: $1.2383,2026-06-03 04:15:00-04:00,2026-06-03 04:30:00-04:00,1.2396,1.2383,yes
KXXRP15M-26JUN030430,Target Price: $1.2383,2026-06-03 04:15:00-04:00,2026-06-03 04:30:00-04:00,1.2396,1.2383,yes
KXXRP15M-26JUN030430,Target Price: $1.2383,2026-06-03 04:15:00-04:00,2026-06-03 04:30:00-04:00,1.2396,1.2383,yes
KXXRP15M-26JUN030430,Target Price: $1.2383,2026-06-03 04:15:00-04:00,2026-06-03 04:30:00-04:00,1.2396,1.2383,yes
KXXRP15M-26JUN030445,Target Price: $1.2396,2026-06-03 04:30:00-04:00,2026-06-03 04:45:00-04:00,1.2413,1.2396,yes
KXXRP15M-26JUN030445,Target Price: $1.2396,2026-06-03 04:30:00-04:00,2026-06-03 04:45:00-04:00,1.2413,1.2396,yes
KXXRP15M-26JUN030445,Target Price: $1.2396,2026-06-03 04:30:00-04:00,2026-06-03 04:45:00-04:00,1.2413,1.2396,yes
KXXRP15M-26JUN030445,Target Price: $1.2396,2026-06-03 04:30:00-04:00,2026-06-03 04:45:00-04:00,1.2413,1.2396,yes
KXXRP15M-26JUN030500,Target Price: $1.2413,2026-06-03 04:45:00-04:00,2026-06-03 05:00:00-04:00,1.2412,1.2413,no
KXXRP15M-26JUN030500,Target Price: $1.2413,2026-06-03 04:45:00-04:00,2026-06-03 05:00:00-04:00,1.2412,1.2413,no
KXXRP15M-26JUN030500,Target Price: $1.2413,2026-06-03 04:45:00-04:00,2026-06-03 05:00:00-04:00,1.2412,1.2413,no
KXXRP15M-26JUN030500,Target Price: $1.2413,2026-06-03 04:45:00-04:00,2026-06-03 05:00:00-04:00,1.2412,1.2413,no
KXXRP15M-26JUN030515,Target Price: $1.2412,2026-06-03 05:00:00-04:00,2026-06-03 05:15:00-04:00,1.2405,1.2412,no
KXXRP15M-26JUN030515,Target Price: $1.2412,2026-06-03 05:00:00-04:00,2026-06-03 05:15:00-04:00,1.2405,1.2412,no
KXXRP15M-26JUN030515,Target Price: $1.2412,2026-06-03 05:00:00-04:00,2026-06-03 05:15:00-04:00,1.2405,1.2412,no
KXXRP15M-26JUN030515,Target Price: $1.2412,2026-06-03 05:00:00-04:00,2026-06-03 05:15:00-04:00,1.2405,1.2412,no
KXXRP15M-26JUN030530,Target Price: $1.2405,2026-06-03 05:15:00-04:00,2026-06-03 05:30:00-04:00,1.2382,1.2405,no
KXXRP15M-26JUN030530,Target Price: $1.2405,2026-06-03 05:15:00-04:00,2026-06-03 05:30:00-04:00,1.2382,1.2405,no
KXXRP15M-26JUN030530,Target Price: $1.2405,2026-06-03 05:15:00-04:00,2026-06-03 05:30:00-04:00,1.2382,1.2405,no
KXXRP15M-26JUN030530,Target Price: $1.2405,2026-06-03 05:15:00-04:00,2026-06-03 05:30:00-04:00,1.2382,1.2405,no
KXXRP15M-26JUN030545,Target Price: $1.2382,2026-06-03 05:30:00-04:00,2026-06-03 05:45:00-04:00,1.2353,1.2382,no
KXXRP15M-26JUN030545,Target Price: $1.2382,2026-06-03 05:30:00-04:00,2026-06-03 05:45:00-04:00,1.2353,1.2382,no
KXXRP15M-26JUN030545,Target Price: $1.2382,2026-06-03 05:30:00-04:00,2026-06-03 05:45:00-04:00,1.2353,1.2382,no
KXXRP15M-26JUN030545,Target Price: $1.2382,2026-06-03 05:30:00-04:00,2026-06-03 05:45:00-04:00,1.2353,1.2382,no
KXXRP15M-26JUN030600,Target Price: $1.2353,2026-06-03 05:45:00-04:00,2026-06-03 06:00:00-04:00,1.2373,1.2353,yes
KXXRP15M-26JUN030600,Target Price: $1.2353,2026-06-03 05:45:00-04:00,2026-06-03 06:00:00-04:00,1.2373,1.2353,yes
KXXRP15M-26JUN030600,Target Price: $1.2353,2026-06-03 05:45:00-04:00,2026-06-03 06:00:00-04:00,1.2373,1.2353,yes
KXXRP15M-26JUN030600,Target Price: $1.2353,2026-06-03 05:45:00-04:00,2026-06-03 06:00:00-04:00,1.2373,1.2353,yes
KXXRP15M-26JUN030615,Target Price: $1.2373,2026-06-03 06:00:00-04:00,2026-06-03 06:15:00-04:00,1.2395,1.2373,yes
KXXRP15M-26JUN030615,Target Price: $1.2373,2026-06-03 06:00:00-04:00,2026-06-03 06:15:00-04:00,1.2395,1.2373,yes
KXXRP15M-26JUN030615,Target Price: $1.2373,2026-06-03 06:00:00-04:00,2026-06-03 06:15:00-04:00,1.2395,1.2373,yes
KXXRP15M-26JUN030615,Target Price: $1.2373,2026-06-03 06:00:00-04:00,2026-06-03 06:15:00-04:00,1.2395,1.2373,yes
KXXRP15M-26JUN030630,Target Price: $1.2395,2026-06-03 06:15:00-04:00,2026-06-03 06:30:00-04:00,1.2410,1.2395,yes
KXXRP15M-26JUN030630,Target Price: $1.2395,2026-06-03 06:15:00-04:00,2026-06-03 06:30:00-04:00,1.2410,1.2395,yes
KXXRP15M-26JUN030630,Target Price: $1.2395,2026-06-03 06:15:00-04:00,2026-06-03 06:30:00-04:00,1.2410,1.2395,yes
KXXRP15M-26JUN030630,Target Price: $1.2395,2026-06-03 06:15:00-04:00,2026-06-03 06:30:00-04:00,1.2410,1.2395,yes
KXXRP15M-26JUN030645,Target Price: $1.2410,2026-06-03 06:30:00-04:00,2026-06-03 06:45:00-04:00,1.2403,1.241,no
KXXRP15M-26JUN030645,Target Price: $1.2410,2026-06-03 06:30:00-04:00,2026-06-03 06:45:00-04:00,1.2403,1.241,no
KXXRP15M-26JUN030645,Target Price: $1.2410,2026-06-03 06:30:00-04:00,2026-06-03 06:45:00-04:00,1.2403,1.241,no
KXXRP15M-26JUN030645,Target Price: $1.2410,2026-06-03 06:30:00-04:00,2026-06-03 06:45:00-04:00,1.2403,1.241,no
KXXRP15M-26JUN030700,Target Price: $1.2403,2026-06-03 06:45:00-04:00,2026-06-03 07:00:00-04:00,1.2405,1.2403,yes
KXXRP15M-26JUN030700,Target Price: $1.2403,2026-06-03 06:45:00-04:00,2026-06-03 07:00:00-04:00,1.2405,1.2403,yes
KXXRP15M-26JUN030700,Target Price: $1.2403,2026-06-03 06:45:00-04:00,2026-06-03 07:00:00-04:00,1.2405,1.2403,yes
KXXRP15M-26JUN030700,Target Price: $1.2403,2026-06-03 06:45:00-04:00,2026-06-03 07:00:00-04:00,1.2405,1.2403,yes
KXXRP15M-26JUN030715,Target Price: $1.2405,2026-06-03 07:00:00-04:00,2026-06-03 07:15:00-04:00,1.2427,1.2405,yes
KXXRP15M-26JUN030715,Target Price: $1.2405,2026-06-03 07:00:00-04:00,2026-06-03 07:15:00-04:00,1.2427,1.2405,yes
KXXRP15M-26JUN030715,Target Price: $1.2405,2026-06-03 07:00:00-04:00,2026-06-03 07:15:00-04:00,1.2427,1.2405,yes
KXXRP15M-26JUN030715,Target Price: $1.2405,2026-06-03 07:00:00-04:00,2026-06-03 07:15:00-04:00,1.2427,1.2405,yes
KXXRP15M-26JUN030730,Target Price: $1.2427,2026-06-03 07:15:00-04:00,2026-06-03 07:30:00-04:00,1.2422,1.2427,no
KXXRP15M-26JUN030730,Target Price: $1.2427,2026-06-03 07:15:00-04:00,2026-06-03 07:30:00-04:00,1.2422,1.2427,no
KXXRP15M-26JUN030730,Target Price: $1.2427,2026-06-03 07:15:00-04:00,2026-06-03 07:30:00-04:00,1.2422,1.2427,no
KXXRP15M-26JUN030730,Target Price: $1.2427,2026-06-03 07:15:00-04:00,2026-06-03 07:30:00-04:00,1.2422,1.2427,no
KXXRP15M-26JUN030745,Target Price: $1.2422,2026-06-03 07:30:00-04:00,2026-06-03 07:45:00-04:00,1.2388,1.2422,no
KXXRP15M-26JUN030745,Target Price: $1.2422,2026-06-03 07:30:00-04:00,2026-06-03 07:45:00-04:00,1.2388,1.2422,no
KXXRP15M-26JUN030745,Target Price: $1.2422,2026-06-03 07:30:00-04:00,2026-06-03 07:45:00-04:00,1.2388,1.2422,no
KXXRP15M-26JUN030745,Target Price: $1.2422,2026-06-03 07:30:00-04:00,2026-06-03 07:45:00-04:00,1.2388,1.2422,no
KXXRP15M-26JUN030800,Target Price: $1.2388,2026-06-03 07:45:00-04:00,2026-06-03 08:00:00-04:00,1.2353,1.2388,no
KXXRP15M-26JUN030800,Target Price: $1.2388,2026-06-03 07:45:00-04:00,2026-06-03 08:00:00-04:00,1.2353,1.2388,no
KXXRP15M-26JUN030800,Target Price: $1.2388,2026-06-03 07:45:00-04:00,2026-06-03 08:00:00-04:00,1.2353,1.2388,no
KXXRP15M-26JUN030800,Target Price: $1.2388,2026-06-03 07:45:00-04:00,2026-06-03 08:00:00-04:00,1.2353,1.2388,no
KXXRP15M-26JUN030815,Target Price: $1.2353,2026-06-03 08:00:00-04:00,2026-06-03 08:15:00-04:00,1.2338,1.2353,no
KXXRP15M-26JUN030815,Target Price: $1.2353,2026-06-03 08:00:00-04:00,2026-06-03 08:15:00-04:00,1.2338,1.2353,no
KXXRP15M-26JUN030815,Target Price: $1.2353,2026-06-03 08:00:00-04:00,2026-06-03 08:15:00-04:00,1.2338,1.2353,no
KXXRP15M-26JUN030815,Target Price: $1.2353,2026-06-03 08:00:00-04:00,2026-06-03 08:15:00-04:00,1.2338,1.2353,no
KXXRP15M-26JUN030830,Target Price: $1.2338,2026-06-03 08:15:00-04:00,2026-06-03 08:30:00-04:00,1.2345,1.2338,yes
KXXRP15M-26JUN030830,Target Price: $1.2338,2026-06-03 08:15:00-04:00,2026-06-03 08:30:00-04:00,1.2345,1.2338,yes
KXXRP15M-26JUN030830,Target Price: $1.2338,2026-06-03 08:15:00-04:00,2026-06-03 08:30:00-04:00,1.2345,1.2338,yes
KXXRP15M-26JUN030830,Target Price: $1.2338,2026-06-03 08:15:00-04:00,2026-06-03 08:30:00-04:00,1.2345,1.2338,yes
KXXRP15M-26JUN030845,Target Price: $1.2345,2026-06-03 08:30:00-04:00,2026-06-03 08:45:00-04:00,1.2322,1.2345,no
KXXRP15M-26JUN030845,Target Price: $1.2345,2026-06-03 08:30:00-04:00,2026-06-03 08:45:00-04:00,1.2322,1.2345,no
KXXRP15M-26JUN030845,Target Price: $1.2345,2026-06-03 08:30:00-04:00,2026-06-03 08:45:00-04:00,1.2322,1.2345,no
KXXRP15M-26JUN030845,Target Price: $1.2345,2026-06-03 08:30:00-04:00,2026-06-03 08:45:00-04:00,1.2322,1.2345,no
KXXRP15M-26JUN030900,Target Price: $1.2322,2026-06-03 08:45:00-04:00,2026-06-03 09:00:00-04:00,1.2344,1.2322,yes
KXXRP15M-26JUN030900,Target Price: $1.2322,2026-06-03 08:45:00-04:00,2026-06-03 09:00:00-04:00,1.2344,1.2322,yes
KXXRP15M-26JUN030900,Target Price: $1.2322,2026-06-03 08:45:00-04:00,2026-06-03 09:00:00-04:00,1.2344,1.2322,yes
KXXRP15M-26JUN030900,Target Price: $1.2322,2026-06-03 08:45:00-04:00,2026-06-03 09:00:00-04:00,1.2344,1.2322,yes
KXXRP15M-26JUN030915,Target Price: $1.2344,2026-06-03 09:00:00-04:00,2026-06-03 09:15:00-04:00,1.2330,1.2344,no
KXXRP15M-26JUN030915,Target Price: $1.2344,2026-06-03 09:00:00-04:00,2026-06-03 09:15:00-04:00,1.2330,1.2344,no
KXXRP15M-26JUN030915,Target Price: $1.2344,2026-06-03 09:00:00-04:00,2026-06-03 09:15:00-04:00,1.2330,1.2344,no
KXXRP15M-26JUN030915,Target Price: $1.2344,2026-06-03 09:00:00-04:00,2026-06-03 09:15:00-04:00,1.2330,1.2344,no
KXXRP15M-26JUN030930,Target Price: $1.2330,2026-06-03 09:15:00-04:00,2026-06-03 09:30:00-04:00,1.2287,1.233,no
KXXRP15M-26JUN030930,Target Price: $1.2330,2026-06-03 09:15:00-04:00,2026-06-03 09:30:00-04:00,1.2287,1.233,no
KXXRP15M-26JUN030930,Target Price: $1.2330,2026-06-03 09:15:00-04:00,2026-06-03 09:30:00-04:00,1.2287,1.233,no
KXXRP15M-26JUN030930,Target Price: $1.2330,2026-06-03 09:15:00-04:00,2026-06-03 09:30:00-04:00,1.2287,1.233,no
KXXRP15M-26JUN030945,Target Price: $1.2287,2026-06-03 09:30:00-04:00,2026-06-03 09:45:00-04:00,1.2262,1.2287,no
KXXRP15M-26JUN030945,Target Price: $1.2287,2026-06-03 09:30:00-04:00,2026-06-03 09:45:00-04:00,1.2262,1.2287,no
KXXRP15M-26JUN030945,Target Price: $1.2287,2026-06-03 09:30:00-04:00,2026-06-03 09:45:00-04:00,1.2262,1.2287,no
KXXRP15M-26JUN030945,Target Price: $1.2287,2026-06-03 09:30:00-04:00,2026-06-03 09:45:00-04:00,1.2262,1.2287,no
KXXRP15M-26JUN031000,Target Price: $1.2262,2026-06-03 09:45:00-04:00,2026-06-03 10:00:00-04:00,1.2295,1.2262,yes
KXXRP15M-26JUN031000,Target Price: $1.2262,2026-06-03 09:45:00-04:00,2026-06-03 10:00:00-04:00,1.2295,1.2262,yes
KXXRP15M-26JUN031000,Target Price: $1.2262,2026-06-03 09:45:00-04:00,2026-06-03 10:00:00-04:00,1.2295,1.2262,yes
KXXRP15M-26JUN031000,Target Price: $1.2262,2026-06-03 09:45:00-04:00,2026-06-03 10:00:00-04:00,1.2295,1.2262,yes
KXXRP15M-26JUN031015,Target Price: $1.2295,2026-06-03 10:00:00-04:00,2026-06-03 10:15:00-04:00,1.2303,1.2295,yes
KXXRP15M-26JUN031015,Target Price: $1.2295,2026-06-03 10:00:00-04:00,2026-06-03 10:15:00-04:00,1.2303,1.2295,yes
KXXRP15M-26JUN031015,Target Price: $1.2295,2026-06-03 10:00:00-04:00,2026-06-03 10:15:00-04:00,1.2303,1.2295,yes
KXXRP15M-26JUN031015,Target Price: $1.2295,2026-06-03 10:00:00-04:00,2026-06-03 10:15:00-04:00,1.2303,1.2295,yes
KXXRP15M-26JUN031030,Target Price: $1.2303,2026-06-03 10:15:00-04:00,2026-06-03 10:30:00-04:00,1.2219,1.2303,no
KXXRP15M-26JUN031030,Target Price: $1.2303,2026-06-03 10:15:00-04:00,2026-06-03 10:30:00-04:00,1.2219,1.2303,no
KXXRP15M-26JUN031030,Target Price: $1.2303,2026-06-03 10:15:00-04:00,2026-06-03 10:30:00-04:00,1.2219,1.2303,no
KXXRP15M-26JUN031030,Target Price: $1.2303,2026-06-03 10:15:00-04:00,2026-06-03 10:30:00-04:00,1.2219,1.2303,no
KXXRP15M-26JUN031045,Target Price: $1.2219,2026-06-03 10:30:00-04:00,2026-06-03 10:45:00-04:00,1.2276,1.2219,yes
KXXRP15M-26JUN031045,Target Price: $1.2219,2026-06-03 10:30:00-04:00,2026-06-03 10:45:00-04:00,1.2276,1.2219,yes
KXXRP15M-26JUN031045,Target Price: $1.2219,2026-06-03 10:30:00-04:00,2026-06-03 10:45:00-04:00,1.2276,1.2219,yes
KXXRP15M-26JUN031045,Target Price: $1.2219,2026-06-03 10:30:00-04:00,2026-06-03 10:45:00-04:00,1.2276,1.2219,yes
KXXRP15M-26JUN031100,Target Price: $1.2276,2026-06-03 10:45:00-04:00,2026-06-03 11:00:00-04:00,1.2289,1.2276,yes
KXXRP15M-26JUN031100,Target Price: $1.2276,2026-06-03 10:45:00-04:00,2026-06-03 11:00:00-04:00,1.2289,1.2276,yes
KXXRP15M-26JUN031100,Target Price: $1.2276,2026-06-03 10:45:00-04:00,2026-06-03 11:00:00-04:00,1.2289,1.2276,yes
KXXRP15M-26JUN031100,Target Price: $1.2276,2026-06-03 10:45:00-04:00,2026-06-03 11:00:00-04:00,1.2289,1.2276,yes
KXXRP15M-26JUN031115,Target Price: $1.2289,2026-06-03 11:00:00-04:00,2026-06-03 11:15:00-04:00,1.2257,1.2289,no
KXXRP15M-26JUN031115,Target Price: $1.2289,2026-06-03 11:00:00-04:00,2026-06-03 11:15:00-04:00,1.2257,1.2289,no
KXXRP15M-26JUN031115,Target Price: $1.2289,2026-06-03 11:00:00-04:00,2026-06-03 11:15:00-04:00,1.2257,1.2289,no
KXXRP15M-26JUN031115,Target Price: $1.2289,2026-06-03 11:00:00-04:00,2026-06-03 11:15:00-04:00,1.2257,1.2289,no
KXXRP15M-26JUN031130,Target Price: $1.2257,2026-06-03 11:15:00-04:00,2026-06-03 11:30:00-04:00,1.2262,1.2257,yes
KXXRP15M-26JUN031130,Target Price: $1.2257,2026-06-03 11:15:00-04:00,2026-06-03 11:30:00-04:00,1.2262,1.2257,yes
KXXRP15M-26JUN031130,Target Price: $1.2257,2026-06-03 11:15:00-04:00,2026-06-03 11:30:00-04:00,1.2262,1.2257,yes
KXXRP15M-26JUN031130,Target Price: $1.2257,2026-06-03 11:15:00-04:00,2026-06-03 11:30:00-04:00,1.2262,1.2257,yes
KXXRP15M-26JUN031145,Target Price: $1.2262,2026-06-03 11:30:00-04:00,2026-06-03 11:45:00-04:00,1.2236,1.2262,no
KXXRP15M-26JUN031145,Target Price: $1.2262,2026-06-03 11:30:00-04:00,2026-06-03 11:45:00-04:00,1.2236,1.2262,no
KXXRP15M-26JUN031145,Target Price: $1.2262,2026-06-03 11:30:00-04:00,2026-06-03 11:45:00-04:00,1.2236,1.2262,no
KXXRP15M-26JUN031145,Target Price: $1.2262,2026-06-03 11:30:00-04:00,2026-06-03 11:45:00-04:00,1.2236,1.2262,no
KXXRP15M-26JUN031200,Target Price: $1.2236,2026-06-03 11:45:00-04:00,2026-06-03 12:00:00-04:00,1.2239,1.2236,yes
KXXRP15M-26JUN031200,Target Price: $1.2236,2026-06-03 11:45:00-04:00,2026-06-03 12:00:00-04:00,1.2239,1.2236,yes
KXXRP15M-26JUN031200,Target Price: $1.2236,2026-06-03 11:45:00-04:00,2026-06-03 12:00:00-04:00,1.2239,1.2236,yes
KXXRP15M-26JUN031200,Target Price: $1.2236,2026-06-03 11:45:00-04:00,2026-06-03 12:00:00-04:00,1.2239,1.2236,yes
KXXRP15M-26JUN031215,Target Price: $1.2239,2026-06-03 12:00:00-04:00,2026-06-03 12:15:00-04:00,1.2211,1.2239,no
KXXRP15M-26JUN031215,Target Price: $1.2239,2026-06-03 12:00:00-04:00,2026-06-03 12:15:00-04:00,1.2211,1.2239,no
KXXRP15M-26JUN031215,Target Price: $1.2239,2026-06-03 12:00:00-04:00,2026-06-03 12:15:00-04:00,1.2211,1.2239,no
KXXRP15M-26JUN031215,Target Price: $1.2239,2026-06-03 12:00:00-04:00,2026-06-03 12:15:00-04:00,1.2211,1.2239,no
KXXRP15M-26JUN031230,Target Price: $1.2211,2026-06-03 12:15:00-04:00,2026-06-03 12:30:00-04:00,1.2099,1.2211,no
KXXRP15M-26JUN031230,Target Price: $1.2211,2026-06-03 12:15:00-04:00,2026-06-03 12:30:00-04:00,1.2099,1.2211,no
KXXRP15M-26JUN031230,Target Price: $1.2211,2026-06-03 12:15:00-04:00,2026-06-03 12:30:00-04:00,1.2099,1.2211,no
KXXRP15M-26JUN031230,Target Price: $1.2211,2026-06-03 12:15:00-04:00,2026-06-03 12:30:00-04:00,1.2099,1.2211,no
KXXRP15M-26JUN031245,Target Price: $1.2099,2026-06-03 12:30:00-04:00,2026-06-03 12:45:00-04:00,1.2165,1.2099,yes
KXXRP15M-26JUN031245,Target Price: $1.2099,2026-06-03 12:30:00-04:00,2026-06-03 12:45:00-04:00,1.2165,1.2099,yes
KXXRP15M-26JUN031245,Target Price: $1.2099,2026-06-03 12:30:00-04:00,2026-06-03 12:45:00-04:00,1.2165,1.2099,yes
KXXRP15M-26JUN031245,Target Price: $1.2099,2026-06-03 12:30:00-04:00,2026-06-03 12:45:00-04:00,1.2165,1.2099,yes
KXXRP15M-26JUN031300,Target Price: $1.2165,2026-06-03 12:45:00-04:00,2026-06-03 13:00:00-04:00,1.2210,1.2165,yes
KXXRP15M-26JUN031300,Target Price: $1.2165,2026-06-03 12:45:00-04:00,2026-06-03 13:00:00-04:00,1.2210,1.2165,yes
KXXRP15M-26JUN031300,Target Price: $1.2165,2026-06-03 12:45:00-04:00,2026-06-03 13:00:00-04:00,1.2210,1.2165,yes
KXXRP15M-26JUN031300,Target Price: $1.2165,2026-06-03 12:45:00-04:00,2026-06-03 13:00:00-04:00,1.2210,1.2165,yes
KXXRP15M-26JUN031315,Target Price: $1.2210,2026-06-03 13:00:00-04:00,2026-06-03 13:15:00-04:00,1.2146,1.221,no
KXXRP15M-26JUN031315,Target Price: $1.2210,2026-06-03 13:00:00-04:00,2026-06-03 13:15:00-04:00,1.2146,1.221,no
KXXRP15M-26JUN031315,Target Price: $1.2210,2026-06-03 13:00:00-04:00,2026-06-03 13:15:00-04:00,1.2146,1.221,no
KXXRP15M-26JUN031315,Target Price: $1.2210,2026-06-03 13:00:00-04:00,2026-06-03 13:15:00-04:00,1.2146,1.221,no
KXXRP15M-26JUN031330,Target Price: $1.2146,2026-06-03 13:15:00-04:00,2026-06-03 13:30:00-04:00,1.2189,1.2146,yes
KXXRP15M-26JUN031330,Target Price: $1.2146,2026-06-03 13:15:00-04:00,2026-06-03 13:30:00-04:00,1.2189,1.2146,yes
KXXRP15M-26JUN031330,Target Price: $1.2146,2026-06-03 13:15:00-04:00,2026-06-03 13:30:00-04:00,1.2189,1.2146,yes
KXXRP15M-26JUN031330,Target Price: $1.2146,2026-06-03 13:15:00-04:00,2026-06-03 13:30:00-04:00,1.2189,1.2146,yes
KXXRP15M-26JUN031345,Target Price: $1.2189,2026-06-03 13:30:00-04:00,2026-06-03 13:45:00-04:00,1.2250,1.2189,yes
KXXRP15M-26JUN031345,Target Price: $1.2189,2026-06-03 13:30:00-04:00,2026-06-03 13:45:00-04:00,1.2250,1.2189,yes
KXXRP15M-26JUN031345,Target Price: $1.2189,2026-06-03 13:30:00-04:00,2026-06-03 13:45:00-04:00,1.2250,1.2189,yes
KXXRP15M-26JUN031345,Target Price: $1.2189,2026-06-03 13:30:00-04:00,2026-06-03 13:45:00-04:00,1.2250,1.2189,yes
KXXRP15M-26JUN031400,Target Price: $1.2250,2026-06-03 13:45:00-04:00,2026-06-03 14:00:00-04:00,1.2200,1.225,no
KXXRP15M-26JUN031400,Target Price: $1.2250,2026-06-03 13:45:00-04:00,2026-06-03 14:00:00-04:00,1.2200,1.225,no
KXXRP15M-26JUN031400,Target Price: $1.2250,2026-06-03 13:45:00-04:00,2026-06-03 14:00:00-04:00,1.2200,1.225,no
KXXRP15M-26JUN031400,Target Price: $1.2250,2026-06-03 13:45:00-04:00,2026-06-03 14:00:00-04:00,1.2200,1.225,no
KXXRP15M-26JUN031415,Target Price: $1.2200,2026-06-03 14:00:00-04:00,2026-06-03 14:15:00-04:00,1.2203,1.22,yes
KXXRP15M-26JUN031415,Target Price: $1.2200,2026-06-03 14:00:00-04:00,2026-06-03 14:15:00-04:00,1.2203,1.22,yes
KXXRP15M-26JUN031415,Target Price: $1.2200,2026-06-03 14:00:00-04:00,2026-06-03 14:15:00-04:00,1.2203,1.22,yes
KXXRP15M-26JUN031415,Target Price: $1.2200,2026-06-03 14:00:00-04:00,2026-06-03 14:15:00-04:00,1.2203,1.22,yes
KXXRP15M-26JUN031430,Target Price: $1.2203,2026-06-03 14:15:00-04:00,2026-06-03 14:30:00-04:00,1.2151,1.2203,no
KXXRP15M-26JUN031430,Target Price: $1.2203,2026-06-03 14:15:00-04:00,2026-06-03 14:30:00-04:00,1.2151,1.2203,no
KXXRP15M-26JUN031430,Target Price: $1.2203,2026-06-03 14:15:00-04:00,2026-06-03 14:30:00-04:00,1.2151,1.2203,no
KXXRP15M-26JUN031430,Target Price: $1.2203,2026-06-03 14:15:00-04:00,2026-06-03 14:30:00-04:00,1.2151,1.2203,no
KXXRP15M-26JUN031445,Target Price: $1.2151,2026-06-03 14:30:00-04:00,2026-06-03 14:45:00-04:00,1.2168,1.2151,yes
KXXRP15M-26JUN031445,Target Price: $1.2151,2026-06-03 14:30:00-04:00,2026-06-03 14:45:00-04:00,1.2168,1.2151,yes
KXXRP15M-26JUN031445,Target Price: $1.2151,2026-06-03 14:30:00-04:00,2026-06-03 14:45:00-04:00,1.2168,1.2151,yes
KXXRP15M-26JUN031445,Target Price: $1.2151,2026-06-03 14:30:00-04:00,2026-06-03 14:45:00-04:00,1.2168,1.2151,yes
KXXRP15M-26JUN031500,Target Price: $1.2168,2026-06-03 14:45:00-04:00,2026-06-03 15:00:00-04:00,1.2167,1.2168,no
KXXRP15M-26JUN031500,Target Price: $1.2168,2026-06-03 14:45:00-04:00,2026-06-03 15:00:00-04:00,1.2167,1.2168,no
KXXRP15M-26JUN031500,Target Price: $1.2168,2026-06-03 14:45:00-04:00,2026-06-03 15:00:00-04:00,1.2167,1.2168,no
KXXRP15M-26JUN031500,Target Price: $1.2168,2026-06-03 14:45:00-04:00,2026-06-03 15:00:00-04:00,1.2167,1.2168,no
KXXRP15M-26JUN031515,Target Price: $1.2167,2026-06-03 15:00:00-04:00,2026-06-03 15:15:00-04:00,1.2177,1.2167,yes
KXXRP15M-26JUN031515,Target Price: $1.2167,2026-06-03 15:00:00-04:00,2026-06-03 15:15:00-04:00,1.2177,1.2167,yes
KXXRP15M-26JUN031515,Target Price: $1.2167,2026-06-03 15:00:00-04:00,2026-06-03 15:15:00-04:00,1.2177,1.2167,yes
KXXRP15M-26JUN031515,Target Price: $1.2167,2026-06-03 15:00:00-04:00,2026-06-03 15:15:00-04:00,1.2177,1.2167,yes
KXXRP15M-26JUN031530,Target Price: $1.2177,2026-06-03 15:15:00-04:00,2026-06-03 15:30:00-04:00,1.2047,1.2177,no
KXXRP15M-26JUN031530,Target Price: $1.2177,2026-06-03 15:15:00-04:00,2026-06-03 15:30:00-04:00,1.2047,1.2177,no
KXXRP15M-26JUN031530,Target Price: $1.2177,2026-06-03 15:15:00-04:00,2026-06-03 15:30:00-04:00,1.2047,1.2177,no
KXXRP15M-26JUN031530,Target Price: $1.2177,2026-06-03 15:15:00-04:00,2026-06-03 15:30:00-04:00,1.2047,1.2177,no
KXXRP15M-26JUN031545,Target Price: $1.2047,2026-06-03 15:30:00-04:00,2026-06-03 15:45:00-04:00,1.2105,1.2047,yes
KXXRP15M-26JUN031545,Target Price: $1.2047,2026-06-03 15:30:00-04:00,2026-06-03 15:45:00-04:00,1.2105,1.2047,yes
KXXRP15M-26JUN031545,Target Price: $1.2047,2026-06-03 15:30:00-04:00,2026-06-03 15:45:00-04:00,1.2105,1.2047,yes
KXXRP15M-26JUN031545,Target Price: $1.2047,2026-06-03 15:30:00-04:00,2026-06-03 15:45:00-04:00,1.2105,1.2047,yes
KXXRP15M-26JUN031600,Target Price: $1.2105,2026-06-03 15:45:00-04:00,2026-06-03 16:00:00-04:00,1.2031,1.2105,no
KXXRP15M-26JUN031600,Target Price: $1.2105,2026-06-03 15:45:00-04:00,2026-06-03 16:00:00-04:00,1.2031,1.2105,no
KXXRP15M-26JUN031600,Target Price: $1.2105,2026-06-03 15:45:00-04:00,2026-06-03 16:00:00-04:00,1.2031,1.2105,no
KXXRP15M-26JUN031600,Target Price: $1.2105,2026-06-03 15:45:00-04:00,2026-06-03 16:00:00-04:00,1.2031,1.2105,no
KXXRP15M-26JUN031615,Target Price: $1.2031,2026-06-03 16:00:00-04:00,2026-06-03 16:15:00-04:00,1.2053,1.2031,yes
KXXRP15M-26JUN031615,Target Price: $1.2031,2026-06-03 16:00:00-04:00,2026-06-03 16:15:00-04:00,1.2053,1.2031,yes
KXXRP15M-26JUN031615,Target Price: $1.2031,2026-06-03 16:00:00-04:00,2026-06-03 16:15:00-04:00,1.2053,1.2031,yes
KXXRP15M-26JUN031615,Target Price: $1.2031,2026-06-03 16:00:00-04:00,2026-06-03 16:15:00-04:00,1.2053,1.2031,yes
KXXRP15M-26JUN031630,Target Price: $1.2053,2026-06-03 16:15:00-04:00,2026-06-03 16:30:00-04:00,1.2034,1.2053,no
KXXRP15M-26JUN031630,Target Price: $1.2053,2026-06-03 16:15:00-04:00,2026-06-03 16:30:00-04:00,1.2034,1.2053,no
KXXRP15M-26JUN031630,Target Price: $1.2053,2026-06-03 16:15:00-04:00,2026-06-03 16:30:00-04:00,1.2034,1.2053,no
KXXRP15M-26JUN031630,Target Price: $1.2053,2026-06-03 16:15:00-04:00,2026-06-03 16:30:00-04:00,1.2034,1.2053,no
KXXRP15M-26JUN031645,Target Price: $1.2034,2026-06-03 16:30:00-04:00,2026-06-03 16:45:00-04:00,1.1960,1.2034,no
KXXRP15M-26JUN031645,Target Price: $1.2034,2026-06-03 16:30:00-04:00,2026-06-03 16:45:00-04:00,1.1960,1.2034,no
KXXRP15M-26JUN031645,Target Price: $1.2034,2026-06-03 16:30:00-04:00,2026-06-03 16:45:00-04:00,1.1960,1.2034,no
KXXRP15M-26JUN031645,Target Price: $1.2034,2026-06-03 16:30:00-04:00,2026-06-03 16:45:00-04:00,1.1960,1.2034,no
KXXRP15M-26JUN031700,Target Price: $1.1960,2026-06-03 16:45:00-04:00,2026-06-03 17:00:00-04:00,1.1921,1.196,no
KXXRP15M-26JUN031700,Target Price: $1.1960,2026-06-03 16:45:00-04:00,2026-06-03 17:00:00-04:00,1.1921,1.196,no
KXXRP15M-26JUN031700,Target Price: $1.1960,2026-06-03 16:45:00-04:00,2026-06-03 17:00:00-04:00,1.1921,1.196,no
KXXRP15M-26JUN031700,Target Price: $1.1960,2026-06-03 16:45:00-04:00,2026-06-03 17:00:00-04:00,1.1921,1.196,no
KXXRP15M-26JUN031715,Target Price: $1.1921,2026-06-03 17:00:00-04:00,2026-06-03 17:15:00-04:00,1.2023,1.1921,yes
KXXRP15M-26JUN031715,Target Price: $1.1921,2026-06-03 17:00:00-04:00,2026-06-03 17:15:00-04:00,1.2023,1.1921,yes
KXXRP15M-26JUN031715,Target Price: $1.1921,2026-06-03 17:00:00-04:00,2026-06-03 17:15:00-04:00,1.2023,1.1921,yes
KXXRP15M-26JUN031715,Target Price: $1.1921,2026-06-03 17:00:00-04:00,2026-06-03 17:15:00-04:00,1.2023,1.1921,yes
KXXRP15M-26JUN031730,Target Price: $1.2023,2026-06-03 17:15:00-04:00,2026-06-03 17:30:00-04:00,1.2070,1.2023,yes
KXXRP15M-26JUN031730,Target Price: $1.2023,2026-06-03 17:15:00-04:00,2026-06-03 17:30:00-04:00,1.2070,1.2023,yes
KXXRP15M-26JUN031730,Target Price: $1.2023,2026-06-03 17:15:00-04:00,2026-06-03 17:30:00-04:00,1.2070,1.2023,yes
KXXRP15M-26JUN031730,Target Price: $1.2023,2026-06-03 17:15:00-04:00,2026-06-03 17:30:00-04:00,1.2070,1.2023,yes
KXXRP15M-26JUN031745,Target Price: $1.2070,2026-06-03 17:30:00-04:00,2026-06-03 17:45:00-04:00,1.2116,1.207,yes
KXXRP15M-26JUN031745,Target Price: $1.2070,2026-06-03 17:30:00-04:00,2026-06-03 17:45:00-04:00,1.2116,1.207,yes
KXXRP15M-26JUN031745,Target Price: $1.2070,2026-06-03 17:30:00-04:00,2026-06-03 17:45:00-04:00,1.2116,1.207,yes
KXXRP15M-26JUN031745,Target Price: $1.2070,2026-06-03 17:30:00-04:00,2026-06-03 17:45:00-04:00,1.2116,1.207,yes
KXXRP15M-26JUN031800,Target Price: $1.2116,2026-06-03 17:45:00-04:00,2026-06-03 18:00:00-04:00,1.2166,1.2116,yes
KXXRP15M-26JUN031800,Target Price: $1.2116,2026-06-03 17:45:00-04:00,2026-06-03 18:00:00-04:00,1.2166,1.2116,yes
KXXRP15M-26JUN031800,Target Price: $1.2116,2026-06-03 17:45:00-04:00,2026-06-03 18:00:00-04:00,1.2166,1.2116,yes
KXXRP15M-26JUN031800,Target Price: $1.2116,2026-06-03 17:45:00-04:00,2026-06-03 18:00:00-04:00,1.2166,1.2116,yes
KXXRP15M-26JUN031815,Target Price: $1.2166,2026-06-03 18:00:00-04:00,2026-06-03 18:15:00-04:00,1.2123,1.2166,no
KXXRP15M-26JUN031815,Target Price: $1.2166,2026-06-03 18:00:00-04:00,2026-06-03 18:15:00-04:00,1.2123,1.2166,no
KXXRP15M-26JUN031815,Target Price: $1.2166,2026-06-03 18:00:00-04:00,2026-06-03 18:15:00-04:00,1.2123,1.2166,no
KXXRP15M-26JUN031815,Target Price: $1.2166,2026-06-03 18:00:00-04:00,2026-06-03 18:15:00-04:00,1.2123,1.2166,no
KXXRP15M-26JUN031830,Target Price: $1.2123,2026-06-03 18:15:00-04:00,2026-06-03 18:30:00-04:00,1.2121,1.2123,no
KXXRP15M-26JUN031830,Target Price: $1.2123,2026-06-03 18:15:00-04:00,2026-06-03 18:30:00-04:00,1.2121,1.2123,no
KXXRP15M-26JUN031830,Target Price: $1.2123,2026-06-03 18:15:00-04:00,2026-06-03 18:30:00-04:00,1.2121,1.2123,no
KXXRP15M-26JUN031830,Target Price: $1.2123,2026-06-03 18:15:00-04:00,2026-06-03 18:30:00-04:00,1.2121,1.2123,no
KXXRP15M-26JUN031845,Target Price: $1.2121,2026-06-03 18:30:00-04:00,2026-06-03 18:45:00-04:00,1.2088,1.2121,no
KXXRP15M-26JUN031845,Target Price: $1.2121,2026-06-03 18:30:00-04:00,2026-06-03 18:45:00-04:00,1.2088,1.2121,no
KXXRP15M-26JUN031845,Target Price: $1.2121,2026-06-03 18:30:00-04:00,2026-06-03 18:45:00-04:00,1.2088,1.2121,no
KXXRP15M-26JUN031845,Target Price: $1.2121,2026-06-03 18:30:00-04:00,2026-06-03 18:45:00-04:00,1.2088,1.2121,no
KXXRP15M-26JUN031900,Target Price: $1.2088,2026-06-03 18:45:00-04:00,2026-06-03 19:00:00-04:00,1.2043,1.2088,no
KXXRP15M-26JUN031900,Target Price: $1.2088,2026-06-03 18:45:00-04:00,2026-06-03 19:00:00-04:00,1.2043,1.2088,no
KXXRP15M-26JUN031900,Target Price: $1.2088,2026-06-03 18:45:00-04:00,2026-06-03 19:00:00-04:00,1.2043,1.2088,no
KXXRP15M-26JUN031900,Target Price: $1.2088,2026-06-03 18:45:00-04:00,2026-06-03 19:00:00-04:00,1.2043,1.2088,no
KXXRP15M-26JUN031915,Target Price: $1.2043,2026-06-03 19:00:00-04:00,2026-06-03 19:15:00-04:00,1.2002,1.2043,no
KXXRP15M-26JUN031915,Target Price: $1.2043,2026-06-03 19:00:00-04:00,2026-06-03 19:15:00-04:00,1.2002,1.2043,no
KXXRP15M-26JUN031915,Target Price: $1.2043,2026-06-03 19:00:00-04:00,2026-06-03 19:15:00-04:00,1.2002,1.2043,no
KXXRP15M-26JUN031915,Target Price: $1.2043,2026-06-03 19:00:00-04:00,2026-06-03 19:15:00-04:00,1.2002,1.2043,no
KXXRP15M-26JUN031930,Target Price: $1.2002,2026-06-03 19:15:00-04:00,2026-06-03 19:30:00-04:00,1.2007,1.2002,yes
KXXRP15M-26JUN031930,Target Price: $1.2002,2026-06-03 19:15:00-04:00,2026-06-03 19:30:00-04:00,1.2007,1.2002,yes
KXXRP15M-26JUN031930,Target Price: $1.2002,2026-06-03 19:15:00-04:00,2026-06-03 19:30:00-04:00,1.2007,1.2002,yes
KXXRP15M-26JUN031930,Target Price: $1.2002,2026-06-03 19:15:00-04:00,2026-06-03 19:30:00-04:00,1.2007,1.2002,yes
KXXRP15M-26JUN031945,Target Price: $1.2007,2026-06-03 19:30:00-04:00,2026-06-03 19:45:00-04:00,1.2012,1.2007,yes
KXXRP15M-26JUN031945,Target Price: $1.2007,2026-06-03 19:30:00-04:00,2026-06-03 19:45:00-04:00,1.2012,1.2007,yes
KXXRP15M-26JUN031945,Target Price: $1.2007,2026-06-03 19:30:00-04:00,2026-06-03 19:45:00-04:00,1.2012,1.2007,yes
KXXRP15M-26JUN031945,Target Price: $1.2007,2026-06-03 19:30:00-04:00,2026-06-03 19:45:00-04:00,1.2012,1.2007,yes
KXXRP15M-26JUN032000,Target Price: $1.2012,2026-06-03 19:45:00-04:00,2026-06-03 20:00:00-04:00,1.1996,1.2012,no
KXXRP15M-26JUN032000,Target Price: $1.2012,2026-06-03 19:45:00-04:00,2026-06-03 20:00:00-04:00,1.1996,1.2012,no
KXXRP15M-26JUN032000,Target Price: $1.2012,2026-06-03 19:45:00-04:00,2026-06-03 20:00:00-04:00,1.1996,1.2012,no
KXXRP15M-26JUN032000,Target Price: $1.2012,2026-06-03 19:45:00-04:00,2026-06-03 20:00:00-04:00,1.1996,1.2012,no
KXXRP15M-26JUN032015,Target Price: $1.1996,2026-06-03 20:00:00-04:00,2026-06-03 20:15:00-04:00,1.2055,1.1996,yes
KXXRP15M-26JUN032015,Target Price: $1.1996,2026-06-03 20:00:00-04:00,2026-06-03 20:15:00-04:00,1.2055,1.1996,yes
KXXRP15M-26JUN032015,Target Price: $1.1996,2026-06-03 20:00:00-04:00,2026-06-03 20:15:00-04:00,1.2055,1.1996,yes
KXXRP15M-26JUN032015,Target Price: $1.1996,2026-06-03 20:00:00-04:00,2026-06-03 20:15:00-04:00,1.2055,1.1996,yes
KXXRP15M-26JUN032030,Target Price: $1.2055,2026-06-03 20:15:00-04:00,2026-06-03 20:30:00-04:00,1.1898,1.2055,no
KXXRP15M-26JUN032030,Target Price: $1.2055,2026-06-03 20:15:00-04:00,2026-06-03 20:30:00-04:00,1.1898,1.2055,no
KXXRP15M-26JUN032030,Target Price: $1.2055,2026-06-03 20:15:00-04:00,2026-06-03 20:30:00-04:00,1.1898,1.2055,no
KXXRP15M-26JUN032030,Target Price: $1.2055,2026-06-03 20:15:00-04:00,2026-06-03 20:30:00-04:00,1.1898,1.2055,no
KXXRP15M-26JUN032045,Target Price: $1.1898,2026-06-03 20:30:00-04:00,2026-06-03 20:45:00-04:00,1.1959,1.1898,yes
KXXRP15M-26JUN032045,Target Price: $1.1898,2026-06-03 20:30:00-04:00,2026-06-03 20:45:00-04:00,1.1959,1.1898,yes
KXXRP15M-26JUN032045,Target Price: $1.1898,2026-06-03 20:30:00-04:00,2026-06-03 20:45:00-04:00,1.1959,1.1898,yes
KXXRP15M-26JUN032045,Target Price: $1.1898,2026-06-03 20:30:00-04:00,2026-06-03 20:45:00-04:00,1.1959,1.1898,yes
KXXRP15M-26JUN032100,Target Price: $1.1959,2026-06-03 20:45:00-04:00,2026-06-03 21:00:00-04:00,1.1917,1.1959,no
KXXRP15M-26JUN032100,Target Price: $1.1959,2026-06-03 20:45:00-04:00,2026-06-03 21:00:00-04:00,1.1917,1.1959,no
KXXRP15M-26JUN032100,Target Price: $1.1959,2026-06-03 20:45:00-04:00,2026-06-03 21:00:00-04:00,1.1917,1.1959,no
KXXRP15M-26JUN032100,Target Price: $1.1959,2026-06-03 20:45:00-04:00,2026-06-03 21:00:00-04:00,1.1917,1.1959,no
KXXRP15M-26JUN032115,Target Price: $1.1917,2026-06-03 21:00:00-04:00,2026-06-03 21:15:00-04:00,1.1859,1.1917,no
KXXRP15M-26JUN032115,Target Price: $1.1917,2026-06-03 21:00:00-04:00,2026-06-03 21:15:00-04:00,1.1859,1.1917,no
KXXRP15M-26JUN032115,Target Price: $1.1917,2026-06-03 21:00:00-04:00,2026-06-03 21:15:00-04:00,1.1859,1.1917,no
KXXRP15M-26JUN032115,Target Price: $1.1917,2026-06-03 21:00:00-04:00,2026-06-03 21:15:00-04:00,1.1859,1.1917,no
KXXRP15M-26JUN032130,Target Price: $1.1859,2026-06-03 21:15:00-04:00,2026-06-03 21:30:00-04:00,1.1712,1.1859,no
KXXRP15M-26JUN032130,Target Price: $1.1859,2026-06-03 21:15:00-04:00,2026-06-03 21:30:00-04:00,1.1712,1.1859,no
KXXRP15M-26JUN032130,Target Price: $1.1859,2026-06-03 21:15:00-04:00,2026-06-03 21:30:00-04:00,1.1712,1.1859,no
KXXRP15M-26JUN032130,Target Price: $1.1859,2026-06-03 21:15:00-04:00,2026-06-03 21:30:00-04:00,1.1712,1.1859,no
KXXRP15M-26JUN032145,Target Price: $1.1712,2026-06-03 21:30:00-04:00,2026-06-03 21:45:00-04:00,1.1721,1.1712,yes
KXXRP15M-26JUN032145,Target Price: $1.1712,2026-06-03 21:30:00-04:00,2026-06-03 21:45:00-04:00,1.1721,1.1712,yes
KXXRP15M-26JUN032145,Target Price: $1.1712,2026-06-03 21:30:00-04:00,2026-06-03 21:45:00-04:00,1.1721,1.1712,yes
KXXRP15M-26JUN032145,Target Price: $1.1712,2026-06-03 21:30:00-04:00,2026-06-03 21:45:00-04:00,1.1721,1.1712,yes
KXXRP15M-26JUN032200,Target Price: $1.1721,2026-06-03 21:45:00-04:00,2026-06-03 22:00:00-04:00,1.1599,1.1721,no
KXXRP15M-26JUN032200,Target Price: $1.1721,2026-06-03 21:45:00-04:00,2026-06-03 22:00:00-04:00,1.1599,1.1721,no
KXXRP15M-26JUN032200,Target Price: $1.1721,2026-06-03 21:45:00-04:00,2026-06-03 22:00:00-04:00,1.1599,1.1721,no
KXXRP15M-26JUN032200,Target Price: $1.1721,2026-06-03 21:45:00-04:00,2026-06-03 22:00:00-04:00,1.1599,1.1721,no
KXXRP15M-26JUN032215,Target Price: $1.1599,2026-06-03 22:00:00-04:00,2026-06-03 22:15:00-04:00,1.1652,1.1599,yes
KXXRP15M-26JUN032215,Target Price: $1.1599,2026-06-03 22:00:00-04:00,2026-06-03 22:15:00-04:00,1.1652,1.1599,yes
KXXRP15M-26JUN032215,Target Price: $1.1599,2026-06-03 22:00:00-04:00,2026-06-03 22:15:00-04:00,1.1652,1.1599,yes
KXXRP15M-26JUN032215,Target Price: $1.1599,2026-06-03 22:00:00-04:00,2026-06-03 22:15:00-04:00,1.1652,1.1599,yes
KXXRP15M-26JUN032230,Target Price: $1.1652,2026-06-03 22:15:00-04:00,2026-06-03 22:30:00-04:00,1.1777,1.1652,yes
KXXRP15M-26JUN032230,Target Price: $1.1652,2026-06-03 22:15:00-04:00,2026-06-03 22:30:00-04:00,1.1777,1.1652,yes
KXXRP15M-26JUN032230,Target Price: $1.1652,2026-06-03 22:15:00-04:00,2026-06-03 22:30:00-04:00,1.1777,1.1652,yes
KXXRP15M-26JUN032230,Target Price: $1.1652,2026-06-03 22:15:00-04:00,2026-06-03 22:30:00-04:00,1.1777,1.1652,yes
KXXRP15M-26JUN032245,Target Price: $1.1777,2026-06-03 22:30:00-04:00,2026-06-03 22:45:00-04:00,1.1821,1.1777,yes
KXXRP15M-26JUN032245,Target Price: $1.1777,2026-06-03 22:30:00-04:00,2026-06-03 22:45:00-04:00,1.1821,1.1777,yes
KXXRP15M-26JUN032245,Target Price: $1.1777,2026-06-03 22:30:00-04:00,2026-06-03 22:45:00-04:00,1.1821,1.1777,yes
KXXRP15M-26JUN032245,Target Price: $1.1777,2026-06-03 22:30:00-04:00,2026-06-03 22:45:00-04:00,1.1821,1.1777,yes
KXXRP15M-26JUN032300,Target Price: $1.1821,2026-06-03 22:45:00-04:00,2026-06-03 23:00:00-04:00,1.1804,1.1821,no
KXXRP15M-26JUN032300,Target Price: $1.1821,2026-06-03 22:45:00-04:00,2026-06-03 23:00:00-04:00,1.1804,1.1821,no
KXXRP15M-26JUN032300,Target Price: $1.1821,2026-06-03 22:45:00-04:00,2026-06-03 23:00:00-04:00,1.1804,1.1821,no
KXXRP15M-26JUN032300,Target Price: $1.1821,2026-06-03 22:45:00-04:00,2026-06-03 23:00:00-04:00,1.1804,1.1821,no
KXXRP15M-26JUN032315,Target Price: $1.1804,2026-06-03 23:00:00-04:00,2026-06-03 23:15:00-04:00,1.1993,1.1804,yes
KXXRP15M-26JUN032315,Target Price: $1.1804,2026-06-03 23:00:00-04:00,2026-06-03 23:15:00-04:00,1.1993,1.1804,yes
KXXRP15M-26JUN032315,Target Price: $1.1804,2026-06-03 23:00:00-04:00,2026-06-03 23:15:00-04:00,1.1993,1.1804,yes
KXXRP15M-26JUN032315,Target Price: $1.1804,2026-06-03 23:00:00-04:00,2026-06-03 23:15:00-04:00,1.1993,1.1804,yes
KXXRP15M-26JUN032330,Target Price: $1.1993,2026-06-03 23:15:00-04:00,2026-06-03 23:30:00-04:00,1.1982,1.1993,no
KXXRP15M-26JUN032330,Target Price: $1.1993,2026-06-03 23:15:00-04:00,2026-06-03 23:30:00-04:00,1.1982,1.1993,no
KXXRP15M-26JUN032330,Target Price: $1.1993,2026-06-03 23:15:00-04:00,2026-06-03 23:30:00-04:00,1.1982,1.1993,no
KXXRP15M-26JUN032330,Target Price: $1.1993,2026-06-03 23:15:00-04:00,2026-06-03 23:30:00-04:00,1.1982,1.1993,no
KXXRP15M-26JUN032345,Target Price: $1.1982,2026-06-03 23:30:00-04:00,2026-06-03 23:45:00-04:00,1.2073,1.1982,yes
KXXRP15M-26JUN032345,Target Price: $1.1982,2026-06-03 23:30:00-04:00,2026-06-03 23:45:00-04:00,1.2073,1.1982,yes
KXXRP15M-26JUN032345,Target Price: $1.1982,2026-06-03 23:30:00-04:00,2026-06-03 23:45:00-04:00,1.2073,1.1982,yes
KXXRP15M-26JUN032345,Target Price: $1.1982,2026-06-03 23:30:00-04:00,2026-06-03 23:45:00-04:00,1.2073,1.1982,yes
KXXRP15M-26JUN040000,Target Price: $1.2073,2026-06-03 23:45:00-04:00,2026-06-04 00:00:00-04:00,1.2074,1.2073,yes
KXXRP15M-26JUN040000,Target Price: $1.2073,2026-06-03 23:45:00-04:00,2026-06-04 00:00:00-04:00,1.2074,1.2073,yes
KXXRP15M-26JUN040000,Target Price: $1.2073,2026-06-03 23:45:00-04:00,2026-06-04 00:00:00-04:00,1.2074,1.2073,yes
KXXRP15M-26JUN040000,Target Price: $1.2073,2026-06-03 23:45:00-04:00,2026-06-04 00:00:00-04:00,1.2074,1.2073,yes
KXXRP15M-26JUN040015,Target Price: $1.2074,2026-06-04 00:00:00-04:00,2026-06-04 00:15:00-04:00,1.2095,1.2074,yes
KXXRP15M-26JUN040015,Target Price: $1.2074,2026-06-04 00:00:00-04:00,2026-06-04 00:15:00-04:00,1.2095,1.2074,yes
KXXRP15M-26JUN040015,Target Price: $1.2074,2026-06-04 00:00:00-04:00,2026-06-04 00:15:00-04:00,1.2095,1.2074,yes
KXXRP15M-26JUN040015,Target Price: $1.2074,2026-06-04 00:00:00-04:00,2026-06-04 00:15:00-04:00,1.2095,1.2074,yes
KXXRP15M-26JUN040030,Target Price: $1.2095,2026-06-04 00:15:00-04:00,2026-06-04 00:30:00-04:00,1.2068,1.2095,no
KXXRP15M-26JUN040030,Target Price: $1.2095,2026-06-04 00:15:00-04:00,2026-06-04 00:30:00-04:00,1.2068,1.2095,no
KXXRP15M-26JUN040030,Target Price: $1.2095,2026-06-04 00:15:00-04:00,2026-06-04 00:30:00-04:00,1.2068,1.2095,no
KXXRP15M-26JUN040030,Target Price: $1.2095,2026-06-04 00:15:00-04:00,2026-06-04 00:30:00-04:00,1.2068,1.2095,no
KXXRP15M-26JUN040045,Target Price: $1.2068,2026-06-04 00:30:00-04:00,2026-06-04 00:45:00-04:00,1.2043,1.2068,no
KXXRP15M-26JUN040045,Target Price: $1.2068,2026-06-04 00:30:00-04:00,2026-06-04 00:45:00-04:00,1.2043,1.2068,no
KXXRP15M-26JUN040045,Target Price: $1.2068,2026-06-04 00:30:00-04:00,2026-06-04 00:45:00-04:00,1.2043,1.2068,no
KXXRP15M-26JUN040045,Target Price: $1.2068,2026-06-04 00:30:00-04:00,2026-06-04 00:45:00-04:00,1.2043,1.2068,no
KXXRP15M-26JUN040100,Target Price: $1.2043,2026-06-04 00:45:00-04:00,2026-06-04 01:00:00-04:00,1.2002,1.2043,no
KXXRP15M-26JUN040100,Target Price: $1.2043,2026-06-04 00:45:00-04:00,2026-06-04 01:00:00-04:00,1.2002,1.2043,no
KXXRP15M-26JUN040100,Target Price: $1.2043,2026-06-04 00:45:00-04:00,2026-06-04 01:00:00-04:00,1.2002,1.2043,no
KXXRP15M-26JUN040100,Target Price: $1.2043,2026-06-04 00:45:00-04:00,2026-06-04 01:00:00-04:00,1.2002,1.2043,no
KXXRP15M-26JUN040115,Target Price: $1.2002,2026-06-04 01:00:00-04:00,2026-06-04 01:15:00-04:00,1.1881,1.2002,no
KXXRP15M-26JUN040115,Target Price: $1.2002,2026-06-04 01:00:00-04:00,2026-06-04 01:15:00-04:00,1.1881,1.2002,no
KXXRP15M-26JUN040115,Target Price: $1.2002,2026-06-04 01:00:00-04:00,2026-06-04 01:15:00-04:00,1.1881,1.2002,no
KXXRP15M-26JUN040115,Target Price: $1.2002,2026-06-04 01:00:00-04:00,2026-06-04 01:15:00-04:00,1.1881,1.2002,no
KXXRP15M-26JUN040130,Target Price: $1.1881,2026-06-04 01:15:00-04:00,2026-06-04 01:30:00-04:00,1.1853,1.1881,no
KXXRP15M-26JUN040130,Target Price: $1.1881,2026-06-04 01:15:00-04:00,2026-06-04 01:30:00-04:00,1.1853,1.1881,no
KXXRP15M-26JUN040130,Target Price: $1.1881,2026-06-04 01:15:00-04:00,2026-06-04 01:30:00-04:00,1.1853,1.1881,no
KXXRP15M-26JUN040130,Target Price: $1.1881,2026-06-04 01:15:00-04:00,2026-06-04 01:30:00-04:00,1.1853,1.1881,no
KXXRP15M-26JUN040145,Target Price: $1.1853,2026-06-04 01:30:00-04:00,2026-06-04 01:45:00-04:00,1.1933,1.1853,yes
KXXRP15M-26JUN040145,Target Price: $1.1853,2026-06-04 01:30:00-04:00,2026-06-04 01:45:00-04:00,1.1933,1.1853,yes
KXXRP15M-26JUN040145,Target Price: $1.1853,2026-06-04 01:30:00-04:00,2026-06-04 01:45:00-04:00,1.1933,1.1853,yes
KXXRP15M-26JUN040145,Target Price: $1.1853,2026-06-04 01:30:00-04:00,2026-06-04 01:45:00-04:00,1.1933,1.1853,yes
KXXRP15M-26JUN040200,Target Price: $1.1933,2026-06-04 01:45:00-04:00,2026-06-04 02:00:00-04:00,1.1863,1.1933,no
KXXRP15M-26JUN040200,Target Price: $1.1933,2026-06-04 01:45:00-04:00,2026-06-04 02:00:00-04:00,1.1863,1.1933,no
KXXRP15M-26JUN040200,Target Price: $1.1933,2026-06-04 01:45:00-04:00,2026-06-04 02:00:00-04:00,1.1863,1.1933,no
KXXRP15M-26JUN040200,Target Price: $1.1933,2026-06-04 01:45:00-04:00,2026-06-04 02:00:00-04:00,1.1863,1.1933,no
KXXRP15M-26JUN040515,Target Price: $1.1670,2026-06-04 05:00:00-04:00,2026-06-04 05:15:00-04:00,1.1560,1.167,no
KXXRP15M-26JUN040515,Target Price: $1.1670,2026-06-04 05:00:00-04:00,2026-06-04 05:15:00-04:00,1.1560,1.167,no
KXXRP15M-26JUN040515,Target Price: $1.1670,2026-06-04 05:00:00-04:00,2026-06-04 05:15:00-04:00,1.1560,1.167,no
KXXRP15M-26JUN040515,Target Price: $1.1670,2026-06-04 05:00:00-04:00,2026-06-04 05:15:00-04:00,1.1560,1.167,no
KXXRP15M-26JUN040530,Target Price: $1.1560,2026-06-04 05:15:00-04:00,2026-06-04 05:30:00-04:00,1.1473,1.156,no
KXXRP15M-26JUN040530,Target Price: $1.1560,2026-06-04 05:15:00-04:00,2026-06-04 05:30:00-04:00,1.1473,1.156,no
KXXRP15M-26JUN040530,Target Price: $1.1560,2026-06-04 05:15:00-04:00,2026-06-04 05:30:00-04:00,1.1473,1.156,no
KXXRP15M-26JUN040530,Target Price: $1.1560,2026-06-04 05:15:00-04:00,2026-06-04 05:30:00-04:00,1.1473,1.156,no
KXXRP15M-26JUN040545,Target Price: $1.1473,2026-06-04 05:30:00-04:00,2026-06-04 05:45:00-04:00,1.1497,1.1473,yes
KXXRP15M-26JUN040545,Target Price: $1.1473,2026-06-04 05:30:00-04:00,2026-06-04 05:45:00-04:00,1.1497,1.1473,yes
KXXRP15M-26JUN040545,Target Price: $1.1473,2026-06-04 05:30:00-04:00,2026-06-04 05:45:00-04:00,1.1497,1.1473,yes
KXXRP15M-26JUN040545,Target Price: $1.1473,2026-06-04 05:30:00-04:00,2026-06-04 05:45:00-04:00,1.1497,1.1473,yes
KXXRP15M-26JUN040600,Target Price: $1.1497,2026-06-04 05:45:00-04:00,2026-06-04 06:00:00-04:00,1.1591,1.1497,yes
KXXRP15M-26JUN040600,Target Price: $1.1497,2026-06-04 05:45:00-04:00,2026-06-04 06:00:00-04:00,1.1591,1.1497,yes
KXXRP15M-26JUN040600,Target Price: $1.1497,2026-06-04 05:45:00-04:00,2026-06-04 06:00:00-04:00,1.1591,1.1497,yes
KXXRP15M-26JUN040600,Target Price: $1.1497,2026-06-04 05:45:00-04:00,2026-06-04 06:00:00-04:00,1.1591,1.1497,yes
KXXRP15M-26JUN040615,Target Price: $1.1591,2026-06-04 06:00:00-04:00,2026-06-04 06:15:00-04:00,1.1533,1.1591,no
KXXRP15M-26JUN040615,Target Price: $1.1591,2026-06-04 06:00:00-04:00,2026-06-04 06:15:00-04:00,1.1533,1.1591,no
KXXRP15M-26JUN040615,Target Price: $1.1591,2026-06-04 06:00:00-04:00,2026-06-04 06:15:00-04:00,1.1533,1.1591,no
KXXRP15M-26JUN040615,Target Price: $1.1591,2026-06-04 06:00:00-04:00,2026-06-04 06:15:00-04:00,1.1533,1.1591,no
KXXRP15M-26JUN040630,Target Price: $1.1533,2026-06-04 06:15:00-04:00,2026-06-04 06:30:00-04:00,1.1518,1.1533,no
KXXRP15M-26JUN040630,Target Price: $1.1533,2026-06-04 06:15:00-04:00,2026-06-04 06:30:00-04:00,1.1518,1.1533,no
KXXRP15M-26JUN040630,Target Price: $1.1533,2026-06-04 06:15:00-04:00,2026-06-04 06:30:00-04:00,1.1518,1.1533,no
KXXRP15M-26JUN040630,Target Price: $1.1533,2026-06-04 06:15:00-04:00,2026-06-04 06:30:00-04:00,1.1518,1.1533,no
KXXRP15M-26JUN040645,Target Price: $1.1518,2026-06-04 06:30:00-04:00,2026-06-04 06:45:00-04:00,1.1536,1.1518,yes
KXXRP15M-26JUN040645,Target Price: $1.1518,2026-06-04 06:30:00-04:00,2026-06-04 06:45:00-04:00,1.1536,1.1518,yes
KXXRP15M-26JUN040645,Target Price: $1.1518,2026-06-04 06:30:00-04:00,2026-06-04 06:45:00-04:00,1.1536,1.1518,yes
KXXRP15M-26JUN040645,Target Price: $1.1518,2026-06-04 06:30:00-04:00,2026-06-04 06:45:00-04:00,1.1536,1.1518,yes
KXXRP15M-26JUN040700,Target Price: $1.1536,2026-06-04 06:45:00-04:00,2026-06-04 07:00:00-04:00,1.1471,1.1536,no
KXXRP15M-26JUN040700,Target Price: $1.1536,2026-06-04 06:45:00-04:00,2026-06-04 07:00:00-04:00,1.1471,1.1536,no
KXXRP15M-26JUN040700,Target Price: $1.1536,2026-06-04 06:45:00-04:00,2026-06-04 07:00:00-04:00,1.1471,1.1536,no
KXXRP15M-26JUN040700,Target Price: $1.1536,2026-06-04 06:45:00-04:00,2026-06-04 07:00:00-04:00,1.1471,1.1536,no
KXXRP15M-26JUN040715,Target Price: $1.1471,2026-06-04 07:00:00-04:00,2026-06-04 07:15:00-04:00,1.1426,1.1471,no
KXXRP15M-26JUN040715,Target Price: $1.1471,2026-06-04 07:00:00-04:00,2026-06-04 07:15:00-04:00,1.1426,1.1471,no
KXXRP15M-26JUN040715,Target Price: $1.1471,2026-06-04 07:00:00-04:00,2026-06-04 07:15:00-04:00,1.1426,1.1471,no
KXXRP15M-26JUN040715,Target Price: $1.1471,2026-06-04 07:00:00-04:00,2026-06-04 07:15:00-04:00,1.1426,1.1471,no
KXXRP15M-26JUN040730,Target Price: $1.1426,2026-06-04 07:15:00-04:00,2026-06-04 07:30:00-04:00,1.1533,1.1426,yes
KXXRP15M-26JUN040730,Target Price: $1.1426,2026-06-04 07:15:00-04:00,2026-06-04 07:30:00-04:00,1.1533,1.1426,yes
KXXRP15M-26JUN040730,Target Price: $1.1426,2026-06-04 07:15:00-04:00,2026-06-04 07:30:00-04:00,1.1533,1.1426,yes
KXXRP15M-26JUN040730,Target Price: $1.1426,2026-06-04 07:15:00-04:00,2026-06-04 07:30:00-04:00,1.1533,1.1426,yes
KXXRP15M-26JUN040745,Target Price: $1.1533,2026-06-04 07:30:00-04:00,2026-06-04 07:45:00-04:00,1.1454,1.1533,no
KXXRP15M-26JUN040745,Target Price: $1.1533,2026-06-04 07:30:00-04:00,2026-06-04 07:45:00-04:00,1.1454,1.1533,no
KXXRP15M-26JUN040745,Target Price: $1.1533,2026-06-04 07:30:00-04:00,2026-06-04 07:45:00-04:00,1.1454,1.1533,no
KXXRP15M-26JUN040745,Target Price: $1.1533,2026-06-04 07:30:00-04:00,2026-06-04 07:45:00-04:00,1.1454,1.1533,no
KXXRP15M-26JUN040800,Target Price: $1.1454,2026-06-04 07:45:00-04:00,2026-06-04 08:00:00-04:00,1.1547,1.1454,yes
KXXRP15M-26JUN040800,Target Price: $1.1454,2026-06-04 07:45:00-04:00,2026-06-04 08:00:00-04:00,1.1547,1.1454,yes
KXXRP15M-26JUN040800,Target Price: $1.1454,2026-06-04 07:45:00-04:00,2026-06-04 08:00:00-04:00,1.1547,1.1454,yes
KXXRP15M-26JUN040800,Target Price: $1.1454,2026-06-04 07:45:00-04:00,2026-06-04 08:00:00-04:00,1.1547,1.1454,yes
KXXRP15M-26JUN040815,Target Price: $1.1547,2026-06-04 08:00:00-04:00,2026-06-04 08:15:00-04:00,1.1503,1.1547,no
KXXRP15M-26JUN040815,Target Price: $1.1547,2026-06-04 08:00:00-04:00,2026-06-04 08:15:00-04:00,1.1503,1.1547,no
KXXRP15M-26JUN040815,Target Price: $1.1547,2026-06-04 08:00:00-04:00,2026-06-04 08:15:00-04:00,1.1503,1.1547,no
KXXRP15M-26JUN040815,Target Price: $1.1547,2026-06-04 08:00:00-04:00,2026-06-04 08:15:00-04:00,1.1503,1.1547,no
KXXRP15M-26JUN040830,Target Price: $1.1503,2026-06-04 08:15:00-04:00,2026-06-04 08:30:00-04:00,1.1677,1.1503,yes
KXXRP15M-26JUN040830,Target Price: $1.1503,2026-06-04 08:15:00-04:00,2026-06-04 08:30:00-04:00,1.1677,1.1503,yes
KXXRP15M-26JUN040830,Target Price: $1.1503,2026-06-04 08:15:00-04:00,2026-06-04 08:30:00-04:00,1.1677,1.1503,yes
KXXRP15M-26JUN040830,Target Price: $1.1503,2026-06-04 08:15:00-04:00,2026-06-04 08:30:00-04:00,1.1677,1.1503,yes
KXXRP15M-26JUN040845,Target Price: $1.1677,2026-06-04 08:30:00-04:00,2026-06-04 08:45:00-04:00,1.1756,1.1677,yes
KXXRP15M-26JUN040845,Target Price: $1.1677,2026-06-04 08:30:00-04:00,2026-06-04 08:45:00-04:00,1.1756,1.1677,yes
KXXRP15M-26JUN040845,Target Price: $1.1677,2026-06-04 08:30:00-04:00,2026-06-04 08:45:00-04:00,1.1756,1.1677,yes
KXXRP15M-26JUN040845,Target Price: $1.1677,2026-06-04 08:30:00-04:00,2026-06-04 08:45:00-04:00,1.1756,1.1677,yes
KXXRP15M-26JUN040900,Target Price: $1.1756,2026-06-04 08:45:00-04:00,2026-06-04 09:00:00-04:00,1.1785,1.1756,yes
KXXRP15M-26JUN040900,Target Price: $1.1756,2026-06-04 08:45:00-04:00,2026-06-04 09:00:00-04:00,1.1785,1.1756,yes
KXXRP15M-26JUN040900,Target Price: $1.1756,2026-06-04 08:45:00-04:00,2026-06-04 09:00:00-04:00,1.1785,1.1756,yes
KXXRP15M-26JUN040900,Target Price: $1.1756,2026-06-04 08:45:00-04:00,2026-06-04 09:00:00-04:00,1.1785,1.1756,yes
KXXRP15M-26JUN040915,Target Price: $1.1785,2026-06-04 09:00:00-04:00,2026-06-04 09:15:00-04:00,1.1763,1.1785,no
KXXRP15M-26JUN040915,Target Price: $1.1785,2026-06-04 09:00:00-04:00,2026-06-04 09:15:00-04:00,1.1763,1.1785,no
KXXRP15M-26JUN040915,Target Price: $1.1785,2026-06-04 09:00:00-04:00,2026-06-04 09:15:00-04:00,1.1763,1.1785,no
KXXRP15M-26JUN040915,Target Price: $1.1785,2026-06-04 09:00:00-04:00,2026-06-04 09:15:00-04:00,1.1763,1.1785,no
KXXRP15M-26JUN040930,Target Price: $1.1763,2026-06-04 09:15:00-04:00,2026-06-04 09:30:00-04:00,1.1675,1.1763,no
KXXRP15M-26JUN040930,Target Price: $1.1763,2026-06-04 09:15:00-04:00,2026-06-04 09:30:00-04:00,1.1675,1.1763,no
KXXRP15M-26JUN040930,Target Price: $1.1763,2026-06-04 09:15:00-04:00,2026-06-04 09:30:00-04:00,1.1675,1.1763,no
KXXRP15M-26JUN040930,Target Price: $1.1763,2026-06-04 09:15:00-04:00,2026-06-04 09:30:00-04:00,1.1675,1.1763,no
KXXRP15M-26JUN040945,Target Price: $1.1675,2026-06-04 09:30:00-04:00,2026-06-04 09:45:00-04:00,1.1760,1.1675,yes
KXXRP15M-26JUN040945,Target Price: $1.1675,2026-06-04 09:30:00-04:00,2026-06-04 09:45:00-04:00,1.1760,1.1675,yes
KXXRP15M-26JUN040945,Target Price: $1.1675,2026-06-04 09:30:00-04:00,2026-06-04 09:45:00-04:00,1.1760,1.1675,yes
KXXRP15M-26JUN040945,Target Price: $1.1675,2026-06-04 09:30:00-04:00,2026-06-04 09:45:00-04:00,1.1760,1.1675,yes
KXXRP15M-26JUN041000,Target Price: $1.1760,2026-06-04 09:45:00-04:00,2026-06-04 10:00:00-04:00,1.1779,1.176,yes
KXXRP15M-26JUN041000,Target Price: $1.1760,2026-06-04 09:45:00-04:00,2026-06-04 10:00:00-04:00,1.1779,1.176,yes
KXXRP15M-26JUN041000,Target Price: $1.1760,2026-06-04 09:45:00-04:00,2026-06-04 10:00:00-04:00,1.1779,1.176,yes
KXXRP15M-26JUN041000,Target Price: $1.1760,2026-06-04 09:45:00-04:00,2026-06-04 10:00:00-04:00,1.1779,1.176,yes
KXXRP15M-26JUN041015,Target Price: $1.1779,2026-06-04 10:00:00-04:00,2026-06-04 10:15:00-04:00,1.1799,1.1779,yes
KXXRP15M-26JUN041015,Target Price: $1.1779,2026-06-04 10:00:00-04:00,2026-06-04 10:15:00-04:00,1.1799,1.1779,yes
KXXRP15M-26JUN041015,Target Price: $1.1779,2026-06-04 10:00:00-04:00,2026-06-04 10:15:00-04:00,1.1799,1.1779,yes
KXXRP15M-26JUN041015,Target Price: $1.1779,2026-06-04 10:00:00-04:00,2026-06-04 10:15:00-04:00,1.1799,1.1779,yes
KXXRP15M-26JUN041030,Target Price: $1.1799,2026-06-04 10:15:00-04:00,2026-06-04 10:30:00-04:00,1.1746,1.1799,no
KXXRP15M-26JUN041030,Target Price: $1.1799,2026-06-04 10:15:00-04:00,2026-06-04 10:30:00-04:00,1.1746,1.1799,no
KXXRP15M-26JUN041030,Target Price: $1.1799,2026-06-04 10:15:00-04:00,2026-06-04 10:30:00-04:00,1.1746,1.1799,no
KXXRP15M-26JUN041030,Target Price: $1.1799,2026-06-04 10:15:00-04:00,2026-06-04 10:30:00-04:00,1.1746,1.1799,no
KXXRP15M-26JUN041045,Target Price: $1.1746,2026-06-04 10:30:00-04:00,2026-06-04 10:45:00-04:00,1.1723,1.1746,no
KXXRP15M-26JUN041045,Target Price: $1.1746,2026-06-04 10:30:00-04:00,2026-06-04 10:45:00-04:00,1.1723,1.1746,no
KXXRP15M-26JUN041045,Target Price: $1.1746,2026-06-04 10:30:00-04:00,2026-06-04 10:45:00-04:00,1.1723,1.1746,no
KXXRP15M-26JUN041045,Target Price: $1.1746,2026-06-04 10:30:00-04:00,2026-06-04 10:45:00-04:00,1.1723,1.1746,no
KXXRP15M-26JUN041100,Target Price: $1.1723,2026-06-04 10:45:00-04:00,2026-06-04 11:00:00-04:00,1.1717,1.1723,no
KXXRP15M-26JUN041100,Target Price: $1.1723,2026-06-04 10:45:00-04:00,2026-06-04 11:00:00-04:00,1.1717,1.1723,no
KXXRP15M-26JUN041100,Target Price: $1.1723,2026-06-04 10:45:00-04:00,2026-06-04 11:00:00-04:00,1.1717,1.1723,no
KXXRP15M-26JUN041100,Target Price: $1.1723,2026-06-04 10:45:00-04:00,2026-06-04 11:00:00-04:00,1.1717,1.1723,no
KXXRP15M-26JUN041115,Target Price: $1.1717,2026-06-04 11:00:00-04:00,2026-06-04 11:15:00-04:00,1.1803,1.1717,yes
KXXRP15M-26JUN041115,Target Price: $1.1717,2026-06-04 11:00:00-04:00,2026-06-04 11:15:00-04:00,1.1803,1.1717,yes
KXXRP15M-26JUN041115,Target Price: $1.1717,2026-06-04 11:00:00-04:00,2026-06-04 11:15:00-04:00,1.1803,1.1717,yes
KXXRP15M-26JUN041115,Target Price: $1.1717,2026-06-04 11:00:00-04:00,2026-06-04 11:15:00-04:00,1.1803,1.1717,yes
KXXRP15M-26JUN041130,Target Price: $1.1803,2026-06-04 11:15:00-04:00,2026-06-04 11:30:00-04:00,1.1729,1.1803,no
KXXRP15M-26JUN041130,Target Price: $1.1803,2026-06-04 11:15:00-04:00,2026-06-04 11:30:00-04:00,1.1729,1.1803,no
KXXRP15M-26JUN041130,Target Price: $1.1803,2026-06-04 11:15:00-04:00,2026-06-04 11:30:00-04:00,1.1729,1.1803,no
KXXRP15M-26JUN041130,Target Price: $1.1803,2026-06-04 11:15:00-04:00,2026-06-04 11:30:00-04:00,1.1729,1.1803,no
KXXRP15M-26JUN041145,Target Price: $1.1729,2026-06-04 11:30:00-04:00,2026-06-04 11:45:00-04:00,1.1709,1.1729,no
KXXRP15M-26JUN041145,Target Price: $1.1729,2026-06-04 11:30:00-04:00,2026-06-04 11:45:00-04:00,1.1709,1.1729,no
KXXRP15M-26JUN041145,Target Price: $1.1729,2026-06-04 11:30:00-04:00,2026-06-04 11:45:00-04:00,1.1709,1.1729,no
KXXRP15M-26JUN041145,Target Price: $1.1729,2026-06-04 11:30:00-04:00,2026-06-04 11:45:00-04:00,1.1709,1.1729,no
KXXRP15M-26JUN041200,Target Price: $1.1709,2026-06-04 11:45:00-04:00,2026-06-04 12:00:00-04:00,1.1691,1.1709,no
KXXRP15M-26JUN041200,Target Price: $1.1709,2026-06-04 11:45:00-04:00,2026-06-04 12:00:00-04:00,1.1691,1.1709,no
KXXRP15M-26JUN041200,Target Price: $1.1709,2026-06-04 11:45:00-04:00,2026-06-04 12:00:00-04:00,1.1691,1.1709,no
KXXRP15M-26JUN041200,Target Price: $1.1709,2026-06-04 11:45:00-04:00,2026-06-04 12:00:00-04:00,1.1691,1.1709,no
KXXRP15M-26JUN041215,Target Price: $1.1691,2026-06-04 12:00:00-04:00,2026-06-04 12:15:00-04:00,1.1635,1.1691,no
KXXRP15M-26JUN041215,Target Price: $1.1691,2026-06-04 12:00:00-04:00,2026-06-04 12:15:00-04:00,1.1635,1.1691,no
KXXRP15M-26JUN041215,Target Price: $1.1691,2026-06-04 12:00:00-04:00,2026-06-04 12:15:00-04:00,1.1635,1.1691,no
KXXRP15M-26JUN041215,Target Price: $1.1691,2026-06-04 12:00:00-04:00,2026-06-04 12:15:00-04:00,1.1635,1.1691,no
KXXRP15M-26JUN041230,Target Price: $1.1635,2026-06-04 12:15:00-04:00,2026-06-04 12:30:00-04:00,1.1616,1.1635,no
KXXRP15M-26JUN041230,Target Price: $1.1635,2026-06-04 12:15:00-04:00,2026-06-04 12:30:00-04:00,1.1616,1.1635,no
KXXRP15M-26JUN041230,Target Price: $1.1635,2026-06-04 12:15:00-04:00,2026-06-04 12:30:00-04:00,1.1616,1.1635,no
KXXRP15M-26JUN041230,Target Price: $1.1635,2026-06-04 12:15:00-04:00,2026-06-04 12:30:00-04:00,1.1616,1.1635,no
KXXRP15M-26JUN041245,Target Price: $1.1616,2026-06-04 12:30:00-04:00,2026-06-04 12:45:00-04:00,1.1701,1.1616,yes
KXXRP15M-26JUN041245,Target Price: $1.1616,2026-06-04 12:30:00-04:00,2026-06-04 12:45:00-04:00,1.1701,1.1616,yes
KXXRP15M-26JUN041245,Target Price: $1.1616,2026-06-04 12:30:00-04:00,2026-06-04 12:45:00-04:00,1.1701,1.1616,yes
KXXRP15M-26JUN041245,Target Price: $1.1616,2026-06-04 12:30:00-04:00,2026-06-04 12:45:00-04:00,1.1701,1.1616,yes
KXXRP15M-26JUN041300,Target Price: $1.1701,2026-06-04 12:45:00-04:00,2026-06-04 13:00:00-04:00,1.1687,1.1701,no
KXXRP15M-26JUN041300,Target Price: $1.1701,2026-06-04 12:45:00-04:00,2026-06-04 13:00:00-04:00,1.1687,1.1701,no
KXXRP15M-26JUN041300,Target Price: $1.1701,2026-06-04 12:45:00-04:00,2026-06-04 13:00:00-04:00,1.1687,1.1701,no
KXXRP15M-26JUN041300,Target Price: $1.1701,2026-06-04 12:45:00-04:00,2026-06-04 13:00:00-04:00,1.1687,1.1701,no
KXXRP15M-26JUN041315,Target Price: $1.1687,2026-06-04 13:00:00-04:00,2026-06-04 13:15:00-04:00,1.1733,1.1687,yes
KXXRP15M-26JUN041315,Target Price: $1.1687,2026-06-04 13:00:00-04:00,2026-06-04 13:15:00-04:00,1.1733,1.1687,yes
KXXRP15M-26JUN041315,Target Price: $1.1687,2026-06-04 13:00:00-04:00,2026-06-04 13:15:00-04:00,1.1733,1.1687,yes
KXXRP15M-26JUN041315,Target Price: $1.1687,2026-06-04 13:00:00-04:00,2026-06-04 13:15:00-04:00,1.1733,1.1687,yes
KXXRP15M-26JUN041330,Target Price: $1.1733,2026-06-04 13:15:00-04:00,2026-06-04 13:30:00-04:00,1.1671,1.1733,no
KXXRP15M-26JUN041330,Target Price: $1.1733,2026-06-04 13:15:00-04:00,2026-06-04 13:30:00-04:00,1.1671,1.1733,no
KXXRP15M-26JUN041330,Target Price: $1.1733,2026-06-04 13:15:00-04:00,2026-06-04 13:30:00-04:00,1.1671,1.1733,no
KXXRP15M-26JUN041330,Target Price: $1.1733,2026-06-04 13:15:00-04:00,2026-06-04 13:30:00-04:00,1.1671,1.1733,no
KXXRP15M-26JUN041345,Target Price: $1.1671,2026-06-04 13:30:00-04:00,2026-06-04 13:45:00-04:00,1.1599,1.1671,no
KXXRP15M-26JUN041345,Target Price: $1.1671,2026-06-04 13:30:00-04:00,2026-06-04 13:45:00-04:00,1.1599,1.1671,no
KXXRP15M-26JUN041345,Target Price: $1.1671,2026-06-04 13:30:00-04:00,2026-06-04 13:45:00-04:00,1.1599,1.1671,no
KXXRP15M-26JUN041345,Target Price: $1.1671,2026-06-04 13:30:00-04:00,2026-06-04 13:45:00-04:00,1.1599,1.1671,no
KXXRP15M-26JUN041400,Target Price: $1.1599,2026-06-04 13:45:00-04:00,2026-06-04 14:00:00-04:00,1.1688,1.1599,yes
KXXRP15M-26JUN041400,Target Price: $1.1599,2026-06-04 13:45:00-04:00,2026-06-04 14:00:00-04:00,1.1688,1.1599,yes
KXXRP15M-26JUN041400,Target Price: $1.1599,2026-06-04 13:45:00-04:00,2026-06-04 14:00:00-04:00,1.1688,1.1599,yes
KXXRP15M-26JUN041400,Target Price: $1.1599,2026-06-04 13:45:00-04:00,2026-06-04 14:00:00-04:00,1.1688,1.1599,yes
KXXRP15M-26JUN041415,Target Price: $1.1688,2026-06-04 14:00:00-04:00,2026-06-04 14:15:00-04:00,1.1633,1.1688,no
KXXRP15M-26JUN041415,Target Price: $1.1688,2026-06-04 14:00:00-04:00,2026-06-04 14:15:00-04:00,1.1633,1.1688,no
KXXRP15M-26JUN041415,Target Price: $1.1688,2026-06-04 14:00:00-04:00,2026-06-04 14:15:00-04:00,1.1633,1.1688,no
KXXRP15M-26JUN041415,Target Price: $1.1688,2026-06-04 14:00:00-04:00,2026-06-04 14:15:00-04:00,1.1633,1.1688,no
KXXRP15M-26JUN041430,Target Price: $1.1633,2026-06-04 14:15:00-04:00,2026-06-04 14:30:00-04:00,1.1759,1.1633,yes
KXXRP15M-26JUN041430,Target Price: $1.1633,2026-06-04 14:15:00-04:00,2026-06-04 14:30:00-04:00,1.1759,1.1633,yes
KXXRP15M-26JUN041430,Target Price: $1.1633,2026-06-04 14:15:00-04:00,2026-06-04 14:30:00-04:00,1.1759,1.1633,yes
KXXRP15M-26JUN041430,Target Price: $1.1633,2026-06-04 14:15:00-04:00,2026-06-04 14:30:00-04:00,1.1759,1.1633,yes
KXXRP15M-26JUN041445,Target Price: $1.1759,2026-06-04 14:30:00-04:00,2026-06-04 14:45:00-04:00,1.1788,1.1759,yes
KXXRP15M-26JUN041445,Target Price: $1.1759,2026-06-04 14:30:00-04:00,2026-06-04 14:45:00-04:00,1.1788,1.1759,yes
KXXRP15M-26JUN041445,Target Price: $1.1759,2026-06-04 14:30:00-04:00,2026-06-04 14:45:00-04:00,1.1788,1.1759,yes
KXXRP15M-26JUN041445,Target Price: $1.1759,2026-06-04 14:30:00-04:00,2026-06-04 14:45:00-04:00,1.1788,1.1759,yes
KXXRP15M-26JUN041500,Target Price: $1.1788,2026-06-04 14:45:00-04:00,2026-06-04 15:00:00-04:00,1.1786,1.1788,no
KXXRP15M-26JUN041500,Target Price: $1.1788,2026-06-04 14:45:00-04:00,2026-06-04 15:00:00-04:00,1.1786,1.1788,no
KXXRP15M-26JUN041500,Target Price: $1.1788,2026-06-04 14:45:00-04:00,2026-06-04 15:00:00-04:00,1.1786,1.1788,no
KXXRP15M-26JUN041500,Target Price: $1.1788,2026-06-04 14:45:00-04:00,2026-06-04 15:00:00-04:00,1.1786,1.1788,no
KXXRP15M-26JUN041515,Target Price: $1.1786,2026-06-04 15:00:00-04:00,2026-06-04 15:15:00-04:00,1.1751,1.1786,no
KXXRP15M-26JUN041515,Target Price: $1.1786,2026-06-04 15:00:00-04:00,2026-06-04 15:15:00-04:00,1.1751,1.1786,no
KXXRP15M-26JUN041515,Target Price: $1.1786,2026-06-04 15:00:00-04:00,2026-06-04 15:15:00-04:00,1.1751,1.1786,no
KXXRP15M-26JUN041515,Target Price: $1.1786,2026-06-04 15:00:00-04:00,2026-06-04 15:15:00-04:00,1.1751,1.1786,no
KXXRP15M-26JUN041530,Target Price: $1.1751,2026-06-04 15:15:00-04:00,2026-06-04 15:30:00-04:00,1.1820,1.1751,yes
KXXRP15M-26JUN041530,Target Price: $1.1751,2026-06-04 15:15:00-04:00,2026-06-04 15:30:00-04:00,1.1820,1.1751,yes
KXXRP15M-26JUN041530,Target Price: $1.1751,2026-06-04 15:15:00-04:00,2026-06-04 15:30:00-04:00,1.1820,1.1751,yes
KXXRP15M-26JUN041530,Target Price: $1.1751,2026-06-04 15:15:00-04:00,2026-06-04 15:30:00-04:00,1.1820,1.1751,yes
KXXRP15M-26JUN041545,Target Price: $1.1820,2026-06-04 15:30:00-04:00,2026-06-04 15:45:00-04:00,1.1764,1.182,no
KXXRP15M-26JUN041545,Target Price: $1.1820,2026-06-04 15:30:00-04:00,2026-06-04 15:45:00-04:00,1.1764,1.182,no
KXXRP15M-26JUN041545,Target Price: $1.1820,2026-06-04 15:30:00-04:00,2026-06-04 15:45:00-04:00,1.1764,1.182,no
KXXRP15M-26JUN041545,Target Price: $1.1820,2026-06-04 15:30:00-04:00,2026-06-04 15:45:00-04:00,1.1764,1.182,no
KXXRP15M-26JUN041600,Target Price: $1.1764,2026-06-04 15:45:00-04:00,2026-06-04 16:00:00-04:00,1.1752,1.1764,no
KXXRP15M-26JUN041600,Target Price: $1.1764,2026-06-04 15:45:00-04:00,2026-06-04 16:00:00-04:00,1.1752,1.1764,no
KXXRP15M-26JUN041600,Target Price: $1.1764,2026-06-04 15:45:00-04:00,2026-06-04 16:00:00-04:00,1.1752,1.1764,no
KXXRP15M-26JUN041600,Target Price: $1.1764,2026-06-04 15:45:00-04:00,2026-06-04 16:00:00-04:00,1.1752,1.1764,no
KXXRP15M-26JUN041615,Target Price: $1.1752,2026-06-04 16:00:00-04:00,2026-06-04 16:15:00-04:00,1.1713,1.1752,no
KXXRP15M-26JUN041615,Target Price: $1.1752,2026-06-04 16:00:00-04:00,2026-06-04 16:15:00-04:00,1.1713,1.1752,no
KXXRP15M-26JUN041615,Target Price: $1.1752,2026-06-04 16:00:00-04:00,2026-06-04 16:15:00-04:00,1.1713,1.1752,no
KXXRP15M-26JUN041615,Target Price: $1.1752,2026-06-04 16:00:00-04:00,2026-06-04 16:15:00-04:00,1.1713,1.1752,no
KXXRP15M-26JUN041630,Target Price: $1.1713,2026-06-04 16:15:00-04:00,2026-06-04 16:30:00-04:00,1.1709,1.1713,no
KXXRP15M-26JUN041630,Target Price: $1.1713,2026-06-04 16:15:00-04:00,2026-06-04 16:30:00-04:00,1.1709,1.1713,no
KXXRP15M-26JUN041630,Target Price: $1.1713,2026-06-04 16:15:00-04:00,2026-06-04 16:30:00-04:00,1.1709,1.1713,no
KXXRP15M-26JUN041630,Target Price: $1.1713,2026-06-04 16:15:00-04:00,2026-06-04 16:30:00-04:00,1.1709,1.1713,no
KXXRP15M-26JUN041645,Target Price: $1.1709,2026-06-04 16:30:00-04:00,2026-06-04 16:45:00-04:00,1.1752,1.1709,yes
KXXRP15M-26JUN041645,Target Price: $1.1709,2026-06-04 16:30:00-04:00,2026-06-04 16:45:00-04:00,1.1752,1.1709,yes
KXXRP15M-26JUN041645,Target Price: $1.1709,2026-06-04 16:30:00-04:00,2026-06-04 16:45:00-04:00,1.1752,1.1709,yes
KXXRP15M-26JUN041645,Target Price: $1.1709,2026-06-04 16:30:00-04:00,2026-06-04 16:45:00-04:00,1.1752,1.1709,yes
KXXRP15M-26JUN041700,Target Price: $1.1752,2026-06-04 16:45:00-04:00,2026-06-04 17:00:00-04:00,1.1747,1.1752,no
KXXRP15M-26JUN041700,Target Price: $1.1752,2026-06-04 16:45:00-04:00,2026-06-04 17:00:00-04:00,1.1747,1.1752,no
KXXRP15M-26JUN041700,Target Price: $1.1752,2026-06-04 16:45:00-04:00,2026-06-04 17:00:00-04:00,1.1747,1.1752,no
KXXRP15M-26JUN041700,Target Price: $1.1752,2026-06-04 16:45:00-04:00,2026-06-04 17:00:00-04:00,1.1747,1.1752,no
KXXRP15M-26JUN041715,Target Price: $1.1747,2026-06-04 17:00:00-04:00,2026-06-04 17:15:00-04:00,1.1740,1.1747,no
KXXRP15M-26JUN041715,Target Price: $1.1747,2026-06-04 17:00:00-04:00,2026-06-04 17:15:00-04:00,1.1740,1.1747,no
KXXRP15M-26JUN041715,Target Price: $1.1747,2026-06-04 17:00:00-04:00,2026-06-04 17:15:00-04:00,1.1740,1.1747,no
KXXRP15M-26JUN041715,Target Price: $1.1747,2026-06-04 17:00:00-04:00,2026-06-04 17:15:00-04:00,1.1740,1.1747,no
KXXRP15M-26JUN041730,Target Price: $1.1740,2026-06-04 17:15:00-04:00,2026-06-04 17:30:00-04:00,1.1668,1.174,no
KXXRP15M-26JUN041730,Target Price: $1.1740,2026-06-04 17:15:00-04:00,2026-06-04 17:30:00-04:00,1.1668,1.174,no
KXXRP15M-26JUN041730,Target Price: $1.1740,2026-06-04 17:15:00-04:00,2026-06-04 17:30:00-04:00,1.1668,1.174,no
KXXRP15M-26JUN041730,Target Price: $1.1740,2026-06-04 17:15:00-04:00,2026-06-04 17:30:00-04:00,1.1668,1.174,no
KXXRP15M-26JUN041745,Target Price: $1.1668,2026-06-04 17:30:00-04:00,2026-06-04 17:45:00-04:00,1.1624,1.1668,no
KXXRP15M-26JUN041745,Target Price: $1.1668,2026-06-04 17:30:00-04:00,2026-06-04 17:45:00-04:00,1.1624,1.1668,no
KXXRP15M-26JUN041745,Target Price: $1.1668,2026-06-04 17:30:00-04:00,2026-06-04 17:45:00-04:00,1.1624,1.1668,no
KXXRP15M-26JUN041745,Target Price: $1.1668,2026-06-04 17:30:00-04:00,2026-06-04 17:45:00-04:00,1.1624,1.1668,no
KXXRP15M-26JUN041800,Target Price: $1.1624,2026-06-04 17:45:00-04:00,2026-06-04 18:00:00-04:00,1.1587,1.1624,no
KXXRP15M-26JUN041800,Target Price: $1.1624,2026-06-04 17:45:00-04:00,2026-06-04 18:00:00-04:00,1.1587,1.1624,no
KXXRP15M-26JUN041800,Target Price: $1.1624,2026-06-04 17:45:00-04:00,2026-06-04 18:00:00-04:00,1.1587,1.1624,no
KXXRP15M-26JUN041800,Target Price: $1.1624,2026-06-04 17:45:00-04:00,2026-06-04 18:00:00-04:00,1.1587,1.1624,no
KXXRP15M-26JUN041815,Target Price: $1.1587,2026-06-04 18:00:00-04:00,2026-06-04 18:15:00-04:00,1.1572,1.1587,no
KXXRP15M-26JUN041815,Target Price: $1.1587,2026-06-04 18:00:00-04:00,2026-06-04 18:15:00-04:00,1.1572,1.1587,no
KXXRP15M-26JUN041815,Target Price: $1.1587,2026-06-04 18:00:00-04:00,2026-06-04 18:15:00-04:00,1.1572,1.1587,no
KXXRP15M-26JUN041815,Target Price: $1.1587,2026-06-04 18:00:00-04:00,2026-06-04 18:15:00-04:00,1.1572,1.1587,no
KXXRP15M-26JUN041830,Target Price: $1.1572,2026-06-04 18:15:00-04:00,2026-06-04 18:30:00-04:00,1.1590,1.1572,yes
KXXRP15M-26JUN041830,Target Price: $1.1572,2026-06-04 18:15:00-04:00,2026-06-04 18:30:00-04:00,1.1590,1.1572,yes
KXXRP15M-26JUN041830,Target Price: $1.1572,2026-06-04 18:15:00-04:00,2026-06-04 18:30:00-04:00,1.1590,1.1572,yes
KXXRP15M-26JUN041830,Target Price: $1.1572,2026-06-04 18:15:00-04:00,2026-06-04 18:30:00-04:00,1.1590,1.1572,yes
KXXRP15M-26JUN041845,Target Price: $1.1590,2026-06-04 18:30:00-04:00,2026-06-04 18:45:00-04:00,1.1572,1.159,no
KXXRP15M-26JUN041845,Target Price: $1.1590,2026-06-04 18:30:00-04:00,2026-06-04 18:45:00-04:00,1.1572,1.159,no
KXXRP15M-26JUN041845,Target Price: $1.1590,2026-06-04 18:30:00-04:00,2026-06-04 18:45:00-04:00,1.1572,1.159,no
KXXRP15M-26JUN041845,Target Price: $1.1590,2026-06-04 18:30:00-04:00,2026-06-04 18:45:00-04:00,1.1572,1.159,no
KXXRP15M-26JUN041900,Target Price: $1.1572,2026-06-04 18:45:00-04:00,2026-06-04 19:00:00-04:00,1.1685,1.1572,yes
KXXRP15M-26JUN041900,Target Price: $1.1572,2026-06-04 18:45:00-04:00,2026-06-04 19:00:00-04:00,1.1685,1.1572,yes
KXXRP15M-26JUN041900,Target Price: $1.1572,2026-06-04 18:45:00-04:00,2026-06-04 19:00:00-04:00,1.1685,1.1572,yes
KXXRP15M-26JUN041900,Target Price: $1.1572,2026-06-04 18:45:00-04:00,2026-06-04 19:00:00-04:00,1.1685,1.1572,yes
KXXRP15M-26JUN041915,Target Price: $1.1685,2026-06-04 19:00:00-04:00,2026-06-04 19:15:00-04:00,1.1676,1.1685,no
KXXRP15M-26JUN041915,Target Price: $1.1685,2026-06-04 19:00:00-04:00,2026-06-04 19:15:00-04:00,1.1676,1.1685,no
KXXRP15M-26JUN041915,Target Price: $1.1685,2026-06-04 19:00:00-04:00,2026-06-04 19:15:00-04:00,1.1676,1.1685,no
KXXRP15M-26JUN041915,Target Price: $1.1685,2026-06-04 19:00:00-04:00,2026-06-04 19:15:00-04:00,1.1676,1.1685,no
KXXRP15M-26JUN041930,Target Price: $1.1676,2026-06-04 19:15:00-04:00,2026-06-04 19:30:00-04:00,1.1622,1.1676,no
KXXRP15M-26JUN041930,Target Price: $1.1676,2026-06-04 19:15:00-04:00,2026-06-04 19:30:00-04:00,1.1622,1.1676,no
KXXRP15M-26JUN041930,Target Price: $1.1676,2026-06-04 19:15:00-04:00,2026-06-04 19:30:00-04:00,1.1622,1.1676,no
KXXRP15M-26JUN041930,Target Price: $1.1676,2026-06-04 19:15:00-04:00,2026-06-04 19:30:00-04:00,1.1622,1.1676,no
KXXRP15M-26JUN041945,Target Price: $1.1622,2026-06-04 19:30:00-04:00,2026-06-04 19:45:00-04:00,1.1658,1.1622,yes
KXXRP15M-26JUN041945,Target Price: $1.1622,2026-06-04 19:30:00-04:00,2026-06-04 19:45:00-04:00,1.1658,1.1622,yes
KXXRP15M-26JUN041945,Target Price: $1.1622,2026-06-04 19:30:00-04:00,2026-06-04 19:45:00-04:00,1.1658,1.1622,yes
KXXRP15M-26JUN041945,Target Price: $1.1622,2026-06-04 19:30:00-04:00,2026-06-04 19:45:00-04:00,1.1658,1.1622,yes
KXXRP15M-26JUN042000,Target Price: $1.1658,2026-06-04 19:45:00-04:00,2026-06-04 20:00:00-04:00,1.1676,1.1658,yes
KXXRP15M-26JUN042000,Target Price: $1.1658,2026-06-04 19:45:00-04:00,2026-06-04 20:00:00-04:00,1.1676,1.1658,yes
KXXRP15M-26JUN042000,Target Price: $1.1658,2026-06-04 19:45:00-04:00,2026-06-04 20:00:00-04:00,1.1676,1.1658,yes
KXXRP15M-26JUN042000,Target Price: $1.1658,2026-06-04 19:45:00-04:00,2026-06-04 20:00:00-04:00,1.1676,1.1658,yes
KXXRP15M-26JUN042015,Target Price: $1.1676,2026-06-04 20:00:00-04:00,2026-06-04 20:15:00-04:00,1.1644,1.1676,no
KXXRP15M-26JUN042015,Target Price: $1.1676,2026-06-04 20:00:00-04:00,2026-06-04 20:15:00-04:00,1.1644,1.1676,no
KXXRP15M-26JUN042015,Target Price: $1.1676,2026-06-04 20:00:00-04:00,2026-06-04 20:15:00-04:00,1.1644,1.1676,no
KXXRP15M-26JUN042015,Target Price: $1.1676,2026-06-04 20:00:00-04:00,2026-06-04 20:15:00-04:00,1.1644,1.1676,no
KXXRP15M-26JUN042030,Target Price: $1.1644,2026-06-04 20:15:00-04:00,2026-06-04 20:30:00-04:00,1.1711,1.1644,yes
KXXRP15M-26JUN042030,Target Price: $1.1644,2026-06-04 20:15:00-04:00,2026-06-04 20:30:00-04:00,1.1711,1.1644,yes
KXXRP15M-26JUN042030,Target Price: $1.1644,2026-06-04 20:15:00-04:00,2026-06-04 20:30:00-04:00,1.1711,1.1644,yes
KXXRP15M-26JUN042030,Target Price: $1.1644,2026-06-04 20:15:00-04:00,2026-06-04 20:30:00-04:00,1.1711,1.1644,yes
KXXRP15M-26JUN042045,Target Price: $1.1711,2026-06-04 20:30:00-04:00,2026-06-04 20:45:00-04:00,1.1680,1.1711,no
KXXRP15M-26JUN042045,Target Price: $1.1711,2026-06-04 20:30:00-04:00,2026-06-04 20:45:00-04:00,1.1680,1.1711,no
KXXRP15M-26JUN042045,Target Price: $1.1711,2026-06-04 20:30:00-04:00,2026-06-04 20:45:00-04:00,1.1680,1.1711,no
KXXRP15M-26JUN042045,Target Price: $1.1711,2026-06-04 20:30:00-04:00,2026-06-04 20:45:00-04:00,1.1680,1.1711,no
KXXRP15M-26JUN042100,Target Price: $1.1680,2026-06-04 20:45:00-04:00,2026-06-04 21:00:00-04:00,1.1605,1.168,no
KXXRP15M-26JUN042100,Target Price: $1.1680,2026-06-04 20:45:00-04:00,2026-06-04 21:00:00-04:00,1.1605,1.168,no
KXXRP15M-26JUN042100,Target Price: $1.1680,2026-06-04 20:45:00-04:00,2026-06-04 21:00:00-04:00,1.1605,1.168,no
KXXRP15M-26JUN042100,Target Price: $1.1680,2026-06-04 20:45:00-04:00,2026-06-04 21:00:00-04:00,1.1605,1.168,no
KXXRP15M-26JUN042115,Target Price: $1.1605,2026-06-04 21:00:00-04:00,2026-06-04 21:15:00-04:00,1.1539,1.1605,no
KXXRP15M-26JUN042115,Target Price: $1.1605,2026-06-04 21:00:00-04:00,2026-06-04 21:15:00-04:00,1.1539,1.1605,no
KXXRP15M-26JUN042115,Target Price: $1.1605,2026-06-04 21:00:00-04:00,2026-06-04 21:15:00-04:00,1.1539,1.1605,no
KXXRP15M-26JUN042115,Target Price: $1.1605,2026-06-04 21:00:00-04:00,2026-06-04 21:15:00-04:00,1.1539,1.1605,no
KXXRP15M-26JUN042130,Target Price: $1.1539,2026-06-04 21:15:00-04:00,2026-06-04 21:30:00-04:00,1.1543,1.1539,yes
KXXRP15M-26JUN042130,Target Price: $1.1539,2026-06-04 21:15:00-04:00,2026-06-04 21:30:00-04:00,1.1543,1.1539,yes
KXXRP15M-26JUN042130,Target Price: $1.1539,2026-06-04 21:15:00-04:00,2026-06-04 21:30:00-04:00,1.1543,1.1539,yes
KXXRP15M-26JUN042130,Target Price: $1.1539,2026-06-04 21:15:00-04:00,2026-06-04 21:30:00-04:00,1.1543,1.1539,yes
KXXRP15M-26JUN042145,Target Price: $1.1543,2026-06-04 21:30:00-04:00,2026-06-04 21:45:00-04:00,1.1558,1.1543,yes
KXXRP15M-26JUN042145,Target Price: $1.1543,2026-06-04 21:30:00-04:00,2026-06-04 21:45:00-04:00,1.1558,1.1543,yes
KXXRP15M-26JUN042145,Target Price: $1.1543,2026-06-04 21:30:00-04:00,2026-06-04 21:45:00-04:00,1.1558,1.1543,yes
KXXRP15M-26JUN042145,Target Price: $1.1543,2026-06-04 21:30:00-04:00,2026-06-04 21:45:00-04:00,1.1558,1.1543,yes
KXXRP15M-26JUN042200,Target Price: $1.1558,2026-06-04 21:45:00-04:00,2026-06-04 22:00:00-04:00,1.1564,1.1558,yes
KXXRP15M-26JUN042200,Target Price: $1.1558,2026-06-04 21:45:00-04:00,2026-06-04 22:00:00-04:00,1.1564,1.1558,yes
KXXRP15M-26JUN042200,Target Price: $1.1558,2026-06-04 21:45:00-04:00,2026-06-04 22:00:00-04:00,1.1564,1.1558,yes
KXXRP15M-26JUN042200,Target Price: $1.1558,2026-06-04 21:45:00-04:00,2026-06-04 22:00:00-04:00,1.1564,1.1558,yes
KXXRP15M-26JUN042215,Target Price: $1.1564,2026-06-04 22:00:00-04:00,2026-06-04 22:15:00-04:00,1.1498,1.1564,no
KXXRP15M-26JUN042215,Target Price: $1.1564,2026-06-04 22:00:00-04:00,2026-06-04 22:15:00-04:00,1.1498,1.1564,no
KXXRP15M-26JUN042215,Target Price: $1.1564,2026-06-04 22:00:00-04:00,2026-06-04 22:15:00-04:00,1.1498,1.1564,no
KXXRP15M-26JUN042215,Target Price: $1.1564,2026-06-04 22:00:00-04:00,2026-06-04 22:15:00-04:00,1.1498,1.1564,no
KXXRP15M-26JUN042230,Target Price: $1.1498,2026-06-04 22:15:00-04:00,2026-06-04 22:30:00-04:00,1.1447,1.1498,no
KXXRP15M-26JUN042230,Target Price: $1.1498,2026-06-04 22:15:00-04:00,2026-06-04 22:30:00-04:00,1.1447,1.1498,no
KXXRP15M-26JUN042230,Target Price: $1.1498,2026-06-04 22:15:00-04:00,2026-06-04 22:30:00-04:00,1.1447,1.1498,no
KXXRP15M-26JUN042230,Target Price: $1.1498,2026-06-04 22:15:00-04:00,2026-06-04 22:30:00-04:00,1.1447,1.1498,no
KXXRP15M-26JUN042245,Target Price: $1.1447,2026-06-04 22:30:00-04:00,2026-06-04 22:45:00-04:00,1.1403,1.1447,no
KXXRP15M-26JUN042245,Target Price: $1.1447,2026-06-04 22:30:00-04:00,2026-06-04 22:45:00-04:00,1.1403,1.1447,no
KXXRP15M-26JUN042245,Target Price: $1.1447,2026-06-04 22:30:00-04:00,2026-06-04 22:45:00-04:00,1.1403,1.1447,no
KXXRP15M-26JUN042245,Target Price: $1.1447,2026-06-04 22:30:00-04:00,2026-06-04 22:45:00-04:00,1.1403,1.1447,no
KXXRP15M-26JUN042300,Target Price: $1.1403,2026-06-04 22:45:00-04:00,2026-06-04 23:00:00-04:00,1.1345,1.1403,no
KXXRP15M-26JUN042300,Target Price: $1.1403,2026-06-04 22:45:00-04:00,2026-06-04 23:00:00-04:00,1.1345,1.1403,no
KXXRP15M-26JUN042300,Target Price: $1.1403,2026-06-04 22:45:00-04:00,2026-06-04 23:00:00-04:00,1.1345,1.1403,no
KXXRP15M-26JUN042300,Target Price: $1.1403,2026-06-04 22:45:00-04:00,2026-06-04 23:00:00-04:00,1.1345,1.1403,no
KXXRP15M-26JUN042315,Target Price: $1.1345,2026-06-04 23:00:00-04:00,2026-06-04 23:15:00-04:00,1.1372,1.1345,yes
KXXRP15M-26JUN042315,Target Price: $1.1345,2026-06-04 23:00:00-04:00,2026-06-04 23:15:00-04:00,1.1372,1.1345,yes
KXXRP15M-26JUN042315,Target Price: $1.1345,2026-06-04 23:00:00-04:00,2026-06-04 23:15:00-04:00,1.1372,1.1345,yes
KXXRP15M-26JUN042315,Target Price: $1.1345,2026-06-04 23:00:00-04:00,2026-06-04 23:15:00-04:00,1.1372,1.1345,yes
KXXRP15M-26JUN042330,Target Price: $1.1372,2026-06-04 23:15:00-04:00,2026-06-04 23:30:00-04:00,1.1396,1.1372,yes
KXXRP15M-26JUN042330,Target Price: $1.1372,2026-06-04 23:15:00-04:00,2026-06-04 23:30:00-04:00,1.1396,1.1372,yes
KXXRP15M-26JUN042330,Target Price: $1.1372,2026-06-04 23:15:00-04:00,2026-06-04 23:30:00-04:00,1.1396,1.1372,yes
KXXRP15M-26JUN042330,Target Price: $1.1372,2026-06-04 23:15:00-04:00,2026-06-04 23:30:00-04:00,1.1396,1.1372,yes
KXXRP15M-26JUN042345,Target Price: $1.1396,2026-06-04 23:30:00-04:00,2026-06-04 23:45:00-04:00,1.1368,1.1396,no
KXXRP15M-26JUN042345,Target Price: $1.1396,2026-06-04 23:30:00-04:00,2026-06-04 23:45:00-04:00,1.1368,1.1396,no
KXXRP15M-26JUN042345,Target Price: $1.1396,2026-06-04 23:30:00-04:00,2026-06-04 23:45:00-04:00,1.1368,1.1396,no
KXXRP15M-26JUN042345,Target Price: $1.1396,2026-06-04 23:30:00-04:00,2026-06-04 23:45:00-04:00,1.1368,1.1396,no
KXXRP15M-26JUN050000,Target Price: $1.1368,2026-06-04 23:45:00-04:00,2026-06-05 00:00:00-04:00,1.1337,1.1368,no
KXXRP15M-26JUN050000,Target Price: $1.1368,2026-06-04 23:45:00-04:00,2026-06-05 00:00:00-04:00,1.1337,1.1368,no
KXXRP15M-26JUN050000,Target Price: $1.1368,2026-06-04 23:45:00-04:00,2026-06-05 00:00:00-04:00,1.1337,1.1368,no
KXXRP15M-26JUN050000,Target Price: $1.1368,2026-06-04 23:45:00-04:00,2026-06-05 00:00:00-04:00,1.1337,1.1368,no
KXXRP15M-26JUN050015,Target Price: $1.1337,2026-06-05 00:00:00-04:00,2026-06-05 00:15:00-04:00,1.1407,1.1337,yes
KXXRP15M-26JUN050015,Target Price: $1.1337,2026-06-05 00:00:00-04:00,2026-06-05 00:15:00-04:00,1.1407,1.1337,yes
KXXRP15M-26JUN050015,Target Price: $1.1337,2026-06-05 00:00:00-04:00,2026-06-05 00:15:00-04:00,1.1407,1.1337,yes
KXXRP15M-26JUN050015,Target Price: $1.1337,2026-06-05 00:00:00-04:00,2026-06-05 00:15:00-04:00,1.1407,1.1337,yes
KXXRP15M-26JUN050030,Target Price: $1.1407,2026-06-05 00:15:00-04:00,2026-06-05 00:30:00-04:00,1.1449,1.1407,yes
KXXRP15M-26JUN050030,Target Price: $1.1407,2026-06-05 00:15:00-04:00,2026-06-05 00:30:00-04:00,1.1449,1.1407,yes
KXXRP15M-26JUN050030,Target Price: $1.1407,2026-06-05 00:15:00-04:00,2026-06-05 00:30:00-04:00,1.1449,1.1407,yes
KXXRP15M-26JUN050030,Target Price: $1.1407,2026-06-05 00:15:00-04:00,2026-06-05 00:30:00-04:00,1.1449,1.1407,yes
KXXRP15M-26JUN050045,Target Price: $1.1449,2026-06-05 00:30:00-04:00,2026-06-05 00:45:00-04:00,1.1372,1.1449,no
KXXRP15M-26JUN050045,Target Price: $1.1449,2026-06-05 00:30:00-04:00,2026-06-05 00:45:00-04:00,1.1372,1.1449,no
KXXRP15M-26JUN050045,Target Price: $1.1449,2026-06-05 00:30:00-04:00,2026-06-05 00:45:00-04:00,1.1372,1.1449,no
KXXRP15M-26JUN050045,Target Price: $1.1449,2026-06-05 00:30:00-04:00,2026-06-05 00:45:00-04:00,1.1372,1.1449,no
KXXRP15M-26JUN050100,Target Price: $1.1372,2026-06-05 00:45:00-04:00,2026-06-05 01:00:00-04:00,1.1467,1.1372,yes
KXXRP15M-26JUN050100,Target Price: $1.1372,2026-06-05 00:45:00-04:00,2026-06-05 01:00:00-04:00,1.1467,1.1372,yes
KXXRP15M-26JUN050100,Target Price: $1.1372,2026-06-05 00:45:00-04:00,2026-06-05 01:00:00-04:00,1.1467,1.1372,yes
KXXRP15M-26JUN050100,Target Price: $1.1372,2026-06-05 00:45:00-04:00,2026-06-05 01:00:00-04:00,1.1467,1.1372,yes
KXXRP15M-26JUN050115,Target Price: $1.1467,2026-06-05 01:00:00-04:00,2026-06-05 01:15:00-04:00,1.1357,1.1467,no
KXXRP15M-26JUN050115,Target Price: $1.1467,2026-06-05 01:00:00-04:00,2026-06-05 01:15:00-04:00,1.1357,1.1467,no
KXXRP15M-26JUN050115,Target Price: $1.1467,2026-06-05 01:00:00-04:00,2026-06-05 01:15:00-04:00,1.1357,1.1467,no
KXXRP15M-26JUN050115,Target Price: $1.1467,2026-06-05 01:00:00-04:00,2026-06-05 01:15:00-04:00,1.1357,1.1467,no
KXXRP15M-26JUN050130,Target Price: $1.1357,2026-06-05 01:15:00-04:00,2026-06-05 01:30:00-04:00,1.1401,1.1357,yes
KXXRP15M-26JUN050130,Target Price: $1.1357,2026-06-05 01:15:00-04:00,2026-06-05 01:30:00-04:00,1.1401,1.1357,yes
KXXRP15M-26JUN050130,Target Price: $1.1357,2026-06-05 01:15:00-04:00,2026-06-05 01:30:00-04:00,1.1401,1.1357,yes
KXXRP15M-26JUN050130,Target Price: $1.1357,2026-06-05 01:15:00-04:00,2026-06-05 01:30:00-04:00,1.1401,1.1357,yes
KXXRP15M-26JUN050145,Target Price: $1.1401,2026-06-05 01:30:00-04:00,2026-06-05 01:45:00-04:00,1.1292,1.1401,no
KXXRP15M-26JUN050145,Target Price: $1.1401,2026-06-05 01:30:00-04:00,2026-06-05 01:45:00-04:00,1.1292,1.1401,no
KXXRP15M-26JUN050145,Target Price: $1.1401,2026-06-05 01:30:00-04:00,2026-06-05 01:45:00-04:00,1.1292,1.1401,no
KXXRP15M-26JUN050145,Target Price: $1.1401,2026-06-05 01:30:00-04:00,2026-06-05 01:45:00-04:00,1.1292,1.1401,no
KXXRP15M-26JUN050200,Target Price: $1.1292,2026-06-05 01:45:00-04:00,2026-06-05 02:00:00-04:00,1.1208,1.1292,no
KXXRP15M-26JUN050200,Target Price: $1.1292,2026-06-05 01:45:00-04:00,2026-06-05 02:00:00-04:00,1.1208,1.1292,no
KXXRP15M-26JUN050200,Target Price: $1.1292,2026-06-05 01:45:00-04:00,2026-06-05 02:00:00-04:00,1.1208,1.1292,no
KXXRP15M-26JUN050200,Target Price: $1.1292,2026-06-05 01:45:00-04:00,2026-06-05 02:00:00-04:00,1.1208,1.1292,no
KXXRP15M-26JUN050215,Target Price: $1.1208,2026-06-05 02:00:00-04:00,2026-06-05 02:15:00-04:00,1.1158,1.1208,no
KXXRP15M-26JUN050215,Target Price: $1.1208,2026-06-05 02:00:00-04:00,2026-06-05 02:15:00-04:00,1.1158,1.1208,no
KXXRP15M-26JUN050215,Target Price: $1.1208,2026-06-05 02:00:00-04:00,2026-06-05 02:15:00-04:00,1.1158,1.1208,no
KXXRP15M-26JUN050215,Target Price: $1.1208,2026-06-05 02:00:00-04:00,2026-06-05 02:15:00-04:00,1.1158,1.1208,no
KXXRP15M-26JUN050230,Target Price: $1.1158,2026-06-05 02:15:00-04:00,2026-06-05 02:30:00-04:00,1.1030,1.1158,no
KXXRP15M-26JUN050230,Target Price: $1.1158,2026-06-05 02:15:00-04:00,2026-06-05 02:30:00-04:00,1.1030,1.1158,no
KXXRP15M-26JUN050230,Target Price: $1.1158,2026-06-05 02:15:00-04:00,2026-06-05 02:30:00-04:00,1.1030,1.1158,no
KXXRP15M-26JUN050230,Target Price: $1.1158,2026-06-05 02:15:00-04:00,2026-06-05 02:30:00-04:00,1.1030,1.1158,no
KXXRP15M-26JUN050245,Target Price: $1.1030,2026-06-05 02:30:00-04:00,2026-06-05 02:45:00-04:00,1.1173,1.103,yes
KXXRP15M-26JUN050245,Target Price: $1.1030,2026-06-05 02:30:00-04:00,2026-06-05 02:45:00-04:00,1.1173,1.103,yes
KXXRP15M-26JUN050245,Target Price: $1.1030,2026-06-05 02:30:00-04:00,2026-06-05 02:45:00-04:00,1.1173,1.103,yes
KXXRP15M-26JUN050245,Target Price: $1.1030,2026-06-05 02:30:00-04:00,2026-06-05 02:45:00-04:00,1.1173,1.103,yes
KXXRP15M-26JUN050300,Target Price: $1.1173,2026-06-05 02:45:00-04:00,2026-06-05 03:00:00-04:00,1.1171,1.1173,no
KXXRP15M-26JUN050300,Target Price: $1.1173,2026-06-05 02:45:00-04:00,2026-06-05 03:00:00-04:00,1.1171,1.1173,no
KXXRP15M-26JUN050300,Target Price: $1.1173,2026-06-05 02:45:00-04:00,2026-06-05 03:00:00-04:00,1.1171,1.1173,no
KXXRP15M-26JUN050300,Target Price: $1.1173,2026-06-05 02:45:00-04:00,2026-06-05 03:00:00-04:00,1.1171,1.1173,no
KXXRP15M-26JUN050315,Target Price: $1.1171,2026-06-05 03:00:00-04:00,2026-06-05 03:15:00-04:00,1.1059,1.1171,no
KXXRP15M-26JUN050315,Target Price: $1.1171,2026-06-05 03:00:00-04:00,2026-06-05 03:15:00-04:00,1.1059,1.1171,no
KXXRP15M-26JUN050315,Target Price: $1.1171,2026-06-05 03:00:00-04:00,2026-06-05 03:15:00-04:00,1.1059,1.1171,no
KXXRP15M-26JUN050315,Target Price: $1.1171,2026-06-05 03:00:00-04:00,2026-06-05 03:15:00-04:00,1.1059,1.1171,no
KXXRP15M-26JUN050330,Target Price: $1.1059,2026-06-05 03:15:00-04:00,2026-06-05 03:30:00-04:00,1.1214,1.1059,yes
KXXRP15M-26JUN050330,Target Price: $1.1059,2026-06-05 03:15:00-04:00,2026-06-05 03:30:00-04:00,1.1214,1.1059,yes
KXXRP15M-26JUN050330,Target Price: $1.1059,2026-06-05 03:15:00-04:00,2026-06-05 03:30:00-04:00,1.1214,1.1059,yes
KXXRP15M-26JUN050330,Target Price: $1.1059,2026-06-05 03:15:00-04:00,2026-06-05 03:30:00-04:00,1.1214,1.1059,yes
KXXRP15M-26JUN050345,Target Price: $1.1214,2026-06-05 03:30:00-04:00,2026-06-05 03:45:00-04:00,1.1337,1.1214,yes
KXXRP15M-26JUN050345,Target Price: $1.1214,2026-06-05 03:30:00-04:00,2026-06-05 03:45:00-04:00,1.1337,1.1214,yes
KXXRP15M-26JUN050345,Target Price: $1.1214,2026-06-05 03:30:00-04:00,2026-06-05 03:45:00-04:00,1.1337,1.1214,yes
KXXRP15M-26JUN050345,Target Price: $1.1214,2026-06-05 03:30:00-04:00,2026-06-05 03:45:00-04:00,1.1337,1.1214,yes
KXXRP15M-26JUN050400,Target Price: $1.1337,2026-06-05 03:45:00-04:00,2026-06-05 04:00:00-04:00,1.1348,1.1337,yes
KXXRP15M-26JUN050400,Target Price: $1.1337,2026-06-05 03:45:00-04:00,2026-06-05 04:00:00-04:00,1.1348,1.1337,yes
KXXRP15M-26JUN050400,Target Price: $1.1337,2026-06-05 03:45:00-04:00,2026-06-05 04:00:00-04:00,1.1348,1.1337,yes
KXXRP15M-26JUN050400,Target Price: $1.1337,2026-06-05 03:45:00-04:00,2026-06-05 04:00:00-04:00,1.1348,1.1337,yes
KXXRP15M-26JUN050415,Target Price: $1.1348,2026-06-05 04:00:00-04:00,2026-06-05 04:15:00-04:00,1.1275,1.1348,no
KXXRP15M-26JUN050415,Target Price: $1.1348,2026-06-05 04:00:00-04:00,2026-06-05 04:15:00-04:00,1.1275,1.1348,no
KXXRP15M-26JUN050415,Target Price: $1.1348,2026-06-05 04:00:00-04:00,2026-06-05 04:15:00-04:00,1.1275,1.1348,no
KXXRP15M-26JUN050415,Target Price: $1.1348,2026-06-05 04:00:00-04:00,2026-06-05 04:15:00-04:00,1.1275,1.1348,no
KXXRP15M-26JUN050430,Target Price: $1.1275,2026-06-05 04:15:00-04:00,2026-06-05 04:30:00-04:00,1.1277,1.1275,yes
KXXRP15M-26JUN050430,Target Price: $1.1275,2026-06-05 04:15:00-04:00,2026-06-05 04:30:00-04:00,1.1277,1.1275,yes
KXXRP15M-26JUN050430,Target Price: $1.1275,2026-06-05 04:15:00-04:00,2026-06-05 04:30:00-04:00,1.1277,1.1275,yes
KXXRP15M-26JUN050430,Target Price: $1.1275,2026-06-05 04:15:00-04:00,2026-06-05 04:30:00-04:00,1.1277,1.1275,yes
KXXRP15M-26JUN050445,Target Price: $1.1277,2026-06-05 04:30:00-04:00,2026-06-05 04:45:00-04:00,1.1194,1.1277,no
KXXRP15M-26JUN050445,Target Price: $1.1277,2026-06-05 04:30:00-04:00,2026-06-05 04:45:00-04:00,1.1194,1.1277,no
KXXRP15M-26JUN050445,Target Price: $1.1277,2026-06-05 04:30:00-04:00,2026-06-05 04:45:00-04:00,1.1194,1.1277,no
KXXRP15M-26JUN050445,Target Price: $1.1277,2026-06-05 04:30:00-04:00,2026-06-05 04:45:00-04:00,1.1194,1.1277,no
KXXRP15M-26JUN050500,Target Price: $1.1194,2026-06-05 04:45:00-04:00,2026-06-05 05:00:00-04:00,1.1181,1.1194,no
KXXRP15M-26JUN050500,Target Price: $1.1194,2026-06-05 04:45:00-04:00,2026-06-05 05:00:00-04:00,1.1181,1.1194,no
KXXRP15M-26JUN050500,Target Price: $1.1194,2026-06-05 04:45:00-04:00,2026-06-05 05:00:00-04:00,1.1181,1.1194,no
KXXRP15M-26JUN050500,Target Price: $1.1194,2026-06-05 04:45:00-04:00,2026-06-05 05:00:00-04:00,1.1181,1.1194,no
KXXRP15M-26JUN050515,Target Price: $1.1181,2026-06-05 05:00:00-04:00,2026-06-05 05:15:00-04:00,1.1356,1.1181,yes
KXXRP15M-26JUN050515,Target Price: $1.1181,2026-06-05 05:00:00-04:00,2026-06-05 05:15:00-04:00,1.1356,1.1181,yes
KXXRP15M-26JUN050515,Target Price: $1.1181,2026-06-05 05:00:00-04:00,2026-06-05 05:15:00-04:00,1.1356,1.1181,yes
KXXRP15M-26JUN050515,Target Price: $1.1181,2026-06-05 05:00:00-04:00,2026-06-05 05:15:00-04:00,1.1356,1.1181,yes
KXXRP15M-26JUN050530,Target Price: $1.1356,2026-06-05 05:15:00-04:00,2026-06-05 05:30:00-04:00,1.1374,1.1356,yes
KXXRP15M-26JUN050530,Target Price: $1.1356,2026-06-05 05:15:00-04:00,2026-06-05 05:30:00-04:00,1.1374,1.1356,yes
KXXRP15M-26JUN050530,Target Price: $1.1356,2026-06-05 05:15:00-04:00,2026-06-05 05:30:00-04:00,1.1374,1.1356,yes
KXXRP15M-26JUN050530,Target Price: $1.1356,2026-06-05 05:15:00-04:00,2026-06-05 05:30:00-04:00,1.1374,1.1356,yes
KXXRP15M-26JUN050545,Target Price: $1.1374,2026-06-05 05:30:00-04:00,2026-06-05 05:45:00-04:00,1.1309,1.1374,no
KXXRP15M-26JUN050545,Target Price: $1.1374,2026-06-05 05:30:00-04:00,2026-06-05 05:45:00-04:00,1.1309,1.1374,no
KXXRP15M-26JUN050545,Target Price: $1.1374,2026-06-05 05:30:00-04:00,2026-06-05 05:45:00-04:00,1.1309,1.1374,no
KXXRP15M-26JUN050545,Target Price: $1.1374,2026-06-05 05:30:00-04:00,2026-06-05 05:45:00-04:00,1.1309,1.1374,no
KXXRP15M-26JUN050600,Target Price: $1.1309,2026-06-05 05:45:00-04:00,2026-06-05 06:00:00-04:00,1.1376,1.1309,yes
KXXRP15M-26JUN050600,Target Price: $1.1309,2026-06-05 05:45:00-04:00,2026-06-05 06:00:00-04:00,1.1376,1.1309,yes
KXXRP15M-26JUN050600,Target Price: $1.1309,2026-06-05 05:45:00-04:00,2026-06-05 06:00:00-04:00,1.1376,1.1309,yes
KXXRP15M-26JUN050600,Target Price: $1.1309,2026-06-05 05:45:00-04:00,2026-06-05 06:00:00-04:00,1.1376,1.1309,yes
KXXRP15M-26JUN050615,Target Price: $1.1376,2026-06-05 06:00:00-04:00,2026-06-05 06:15:00-04:00,1.1357,1.1376,no
KXXRP15M-26JUN050615,Target Price: $1.1376,2026-06-05 06:00:00-04:00,2026-06-05 06:15:00-04:00,1.1357,1.1376,no
KXXRP15M-26JUN050615,Target Price: $1.1376,2026-06-05 06:00:00-04:00,2026-06-05 06:15:00-04:00,1.1357,1.1376,no
KXXRP15M-26JUN050615,Target Price: $1.1376,2026-06-05 06:00:00-04:00,2026-06-05 06:15:00-04:00,1.1357,1.1376,no
KXXRP15M-26JUN050630,Target Price: $1.1357,2026-06-05 06:15:00-04:00,2026-06-05 06:30:00-04:00,1.1336,1.1357,no
KXXRP15M-26JUN050630,Target Price: $1.1357,2026-06-05 06:15:00-04:00,2026-06-05 06:30:00-04:00,1.1336,1.1357,no
KXXRP15M-26JUN050630,Target Price: $1.1357,2026-06-05 06:15:00-04:00,2026-06-05 06:30:00-04:00,1.1336,1.1357,no
KXXRP15M-26JUN050630,Target Price: $1.1357,2026-06-05 06:15:00-04:00,2026-06-05 06:30:00-04:00,1.1336,1.1357,no
KXXRP15M-26JUN050645,Target Price: $1.1336,2026-06-05 06:30:00-04:00,2026-06-05 06:45:00-04:00,1.1367,1.1336,yes
KXXRP15M-26JUN050645,Target Price: $1.1336,2026-06-05 06:30:00-04:00,2026-06-05 06:45:00-04:00,1.1367,1.1336,yes
KXXRP15M-26JUN050645,Target Price: $1.1336,2026-06-05 06:30:00-04:00,2026-06-05 06:45:00-04:00,1.1367,1.1336,yes
KXXRP15M-26JUN050645,Target Price: $1.1336,2026-06-05 06:30:00-04:00,2026-06-05 06:45:00-04:00,1.1367,1.1336,yes
KXXRP15M-26JUN050700,Target Price: $1.1367,2026-06-05 06:45:00-04:00,2026-06-05 07:00:00-04:00,1.1348,1.1367,no
KXXRP15M-26JUN050700,Target Price: $1.1367,2026-06-05 06:45:00-04:00,2026-06-05 07:00:00-04:00,1.1348,1.1367,no
KXXRP15M-26JUN050700,Target Price: $1.1367,2026-06-05 06:45:00-04:00,2026-06-05 07:00:00-04:00,1.1348,1.1367,no
KXXRP15M-26JUN050700,Target Price: $1.1367,2026-06-05 06:45:00-04:00,2026-06-05 07:00:00-04:00,1.1348,1.1367,no
KXXRP15M-26JUN050715,Target Price: $1.1348,2026-06-05 07:00:00-04:00,2026-06-05 07:15:00-04:00,1.1249,1.1348,no
KXXRP15M-26JUN050715,Target Price: $1.1348,2026-06-05 07:00:00-04:00,2026-06-05 07:15:00-04:00,1.1249,1.1348,no
KXXRP15M-26JUN050715,Target Price: $1.1348,2026-06-05 07:00:00-04:00,2026-06-05 07:15:00-04:00,1.1249,1.1348,no
KXXRP15M-26JUN050715,Target Price: $1.1348,2026-06-05 07:00:00-04:00,2026-06-05 07:15:00-04:00,1.1249,1.1348,no
KXXRP15M-26JUN050730,Target Price: $1.1249,2026-06-05 07:15:00-04:00,2026-06-05 07:30:00-04:00,1.1297,1.1249,yes
KXXRP15M-26JUN050730,Target Price: $1.1249,2026-06-05 07:15:00-04:00,2026-06-05 07:30:00-04:00,1.1297,1.1249,yes
KXXRP15M-26JUN050730,Target Price: $1.1249,2026-06-05 07:15:00-04:00,2026-06-05 07:30:00-04:00,1.1297,1.1249,yes
KXXRP15M-26JUN050730,Target Price: $1.1249,2026-06-05 07:15:00-04:00,2026-06-05 07:30:00-04:00,1.1297,1.1249,yes
KXXRP15M-26JUN050745,Target Price: $1.1297,2026-06-05 07:30:00-04:00,2026-06-05 07:45:00-04:00,1.1204,1.1297,no
KXXRP15M-26JUN050745,Target Price: $1.1297,2026-06-05 07:30:00-04:00,2026-06-05 07:45:00-04:00,1.1204,1.1297,no
KXXRP15M-26JUN050745,Target Price: $1.1297,2026-06-05 07:30:00-04:00,2026-06-05 07:45:00-04:00,1.1204,1.1297,no
KXXRP15M-26JUN050745,Target Price: $1.1297,2026-06-05 07:30:00-04:00,2026-06-05 07:45:00-04:00,1.1204,1.1297,no
KXXRP15M-26JUN050800,Target Price: $1.1204,2026-06-05 07:45:00-04:00,2026-06-05 08:00:00-04:00,1.1183,1.1204,no
KXXRP15M-26JUN050800,Target Price: $1.1204,2026-06-05 07:45:00-04:00,2026-06-05 08:00:00-04:00,1.1183,1.1204,no
KXXRP15M-26JUN050800,Target Price: $1.1204,2026-06-05 07:45:00-04:00,2026-06-05 08:00:00-04:00,1.1183,1.1204,no
KXXRP15M-26JUN050800,Target Price: $1.1204,2026-06-05 07:45:00-04:00,2026-06-05 08:00:00-04:00,1.1183,1.1204,no
KXXRP15M-26JUN050815,Target Price: $1.1183,2026-06-05 08:00:00-04:00,2026-06-05 08:15:00-04:00,1.1181,1.1183,no
KXXRP15M-26JUN050815,Target Price: $1.1183,2026-06-05 08:00:00-04:00,2026-06-05 08:15:00-04:00,1.1181,1.1183,no
KXXRP15M-26JUN050815,Target Price: $1.1183,2026-06-05 08:00:00-04:00,2026-06-05 08:15:00-04:00,1.1181,1.1183,no
KXXRP15M-26JUN050815,Target Price: $1.1183,2026-06-05 08:00:00-04:00,2026-06-05 08:15:00-04:00,1.1181,1.1183,no
KXXRP15M-26JUN050830,Target Price: $1.1181,2026-06-05 08:15:00-04:00,2026-06-05 08:30:00-04:00,1.1187,1.1181,yes
KXXRP15M-26JUN050830,Target Price: $1.1181,2026-06-05 08:15:00-04:00,2026-06-05 08:30:00-04:00,1.1187,1.1181,yes
KXXRP15M-26JUN050830,Target Price: $1.1181,2026-06-05 08:15:00-04:00,2026-06-05 08:30:00-04:00,1.1187,1.1181,yes
KXXRP15M-26JUN050830,Target Price: $1.1181,2026-06-05 08:15:00-04:00,2026-06-05 08:30:00-04:00,1.1187,1.1181,yes
KXXRP15M-26JUN050845,Target Price: $1.1187,2026-06-05 08:30:00-04:00,2026-06-05 08:45:00-04:00,1.1177,1.1187,no
KXXRP15M-26JUN050845,Target Price: $1.1187,2026-06-05 08:30:00-04:00,2026-06-05 08:45:00-04:00,1.1177,1.1187,no
KXXRP15M-26JUN050845,Target Price: $1.1187,2026-06-05 08:30:00-04:00,2026-06-05 08:45:00-04:00,1.1177,1.1187,no
KXXRP15M-26JUN050845,Target Price: $1.1187,2026-06-05 08:30:00-04:00,2026-06-05 08:45:00-04:00,1.1177,1.1187,no
KXXRP15M-26JUN050900,Target Price: $1.1177,2026-06-05 08:45:00-04:00,2026-06-05 09:00:00-04:00,1.1188,1.1177,yes
KXXRP15M-26JUN050900,Target Price: $1.1177,2026-06-05 08:45:00-04:00,2026-06-05 09:00:00-04:00,1.1188,1.1177,yes
KXXRP15M-26JUN050900,Target Price: $1.1177,2026-06-05 08:45:00-04:00,2026-06-05 09:00:00-04:00,1.1188,1.1177,yes
KXXRP15M-26JUN050900,Target Price: $1.1177,2026-06-05 08:45:00-04:00,2026-06-05 09:00:00-04:00,1.1188,1.1177,yes
KXXRP15M-26JUN050915,Target Price: $1.1188,2026-06-05 09:00:00-04:00,2026-06-05 09:15:00-04:00,1.1265,1.1188,yes
KXXRP15M-26JUN050915,Target Price: $1.1188,2026-06-05 09:00:00-04:00,2026-06-05 09:15:00-04:00,1.1265,1.1188,yes
KXXRP15M-26JUN050915,Target Price: $1.1188,2026-06-05 09:00:00-04:00,2026-06-05 09:15:00-04:00,1.1265,1.1188,yes
KXXRP15M-26JUN050915,Target Price: $1.1188,2026-06-05 09:00:00-04:00,2026-06-05 09:15:00-04:00,1.1265,1.1188,yes
KXXRP15M-26JUN050930,Target Price: $1.1265,2026-06-05 09:15:00-04:00,2026-06-05 09:30:00-04:00,1.1331,1.1265,yes
KXXRP15M-26JUN050930,Target Price: $1.1265,2026-06-05 09:15:00-04:00,2026-06-05 09:30:00-04:00,1.1331,1.1265,yes
KXXRP15M-26JUN050930,Target Price: $1.1265,2026-06-05 09:15:00-04:00,2026-06-05 09:30:00-04:00,1.1331,1.1265,yes
KXXRP15M-26JUN050930,Target Price: $1.1265,2026-06-05 09:15:00-04:00,2026-06-05 09:30:00-04:00,1.1331,1.1265,yes
KXXRP15M-26JUN050945,Target Price: $1.1331,2026-06-05 09:30:00-04:00,2026-06-05 09:45:00-04:00,1.1195,1.1331,no
KXXRP15M-26JUN050945,Target Price: $1.1331,2026-06-05 09:30:00-04:00,2026-06-05 09:45:00-04:00,1.1195,1.1331,no
KXXRP15M-26JUN050945,Target Price: $1.1331,2026-06-05 09:30:00-04:00,2026-06-05 09:45:00-04:00,1.1195,1.1331,no
KXXRP15M-26JUN050945,Target Price: $1.1331,2026-06-05 09:30:00-04:00,2026-06-05 09:45:00-04:00,1.1195,1.1331,no
KXXRP15M-26JUN051000,Target Price: $1.1195,2026-06-05 09:45:00-04:00,2026-06-05 10:00:00-04:00,1.1020,1.1195,no
KXXRP15M-26JUN051000,Target Price: $1.1195,2026-06-05 09:45:00-04:00,2026-06-05 10:00:00-04:00,1.1020,1.1195,no
KXXRP15M-26JUN051000,Target Price: $1.1195,2026-06-05 09:45:00-04:00,2026-06-05 10:00:00-04:00,1.1020,1.1195,no
KXXRP15M-26JUN051000,Target Price: $1.1195,2026-06-05 09:45:00-04:00,2026-06-05 10:00:00-04:00,1.1020,1.1195,no
KXXRP15M-26JUN051015,Target Price: $1.1020,2026-06-05 10:00:00-04:00,2026-06-05 10:15:00-04:00,1.1105,1.102,yes
KXXRP15M-26JUN051015,Target Price: $1.1020,2026-06-05 10:00:00-04:00,2026-06-05 10:15:00-04:00,1.1105,1.102,yes
KXXRP15M-26JUN051015,Target Price: $1.1020,2026-06-05 10:00:00-04:00,2026-06-05 10:15:00-04:00,1.1105,1.102,yes
KXXRP15M-26JUN051015,Target Price: $1.1020,2026-06-05 10:00:00-04:00,2026-06-05 10:15:00-04:00,1.1105,1.102,yes
KXXRP15M-26JUN051030,Target Price: $1.1105,2026-06-05 10:15:00-04:00,2026-06-05 10:30:00-04:00,1.1075,1.1105,no
KXXRP15M-26JUN051030,Target Price: $1.1105,2026-06-05 10:15:00-04:00,2026-06-05 10:30:00-04:00,1.1075,1.1105,no
KXXRP15M-26JUN051030,Target Price: $1.1105,2026-06-05 10:15:00-04:00,2026-06-05 10:30:00-04:00,1.1075,1.1105,no
KXXRP15M-26JUN051030,Target Price: $1.1105,2026-06-05 10:15:00-04:00,2026-06-05 10:30:00-04:00,1.1075,1.1105,no
KXXRP15M-26JUN051045,Target Price: $1.1075,2026-06-05 10:30:00-04:00,2026-06-05 10:45:00-04:00,1.1084,1.1075,yes
KXXRP15M-26JUN051045,Target Price: $1.1075,2026-06-05 10:30:00-04:00,2026-06-05 10:45:00-04:00,1.1084,1.1075,yes
KXXRP15M-26JUN051045,Target Price: $1.1075,2026-06-05 10:30:00-04:00,2026-06-05 10:45:00-04:00,1.1084,1.1075,yes
KXXRP15M-26JUN051045,Target Price: $1.1075,2026-06-05 10:30:00-04:00,2026-06-05 10:45:00-04:00,1.1084,1.1075,yes
KXXRP15M-26JUN051100,Target price: TBD,2026-06-05 10:45:00-04:00,2026-06-05 11:00:00-04:00,1.1058,,no
KXXRP15M-26JUN051100,Target price: TBD,2026-06-05 10:45:00-04:00,2026-06-05 11:00:00-04:00,1.1058,,no
KXXRP15M-26JUN051100,Target price: TBD,2026-06-05 10:45:00-04:00,2026-06-05 11:00:00-04:00,1.1058,,no
KXXRP15M-26JUN051100,Target price: TBD,2026-06-05 10:45:00-04:00,2026-06-05 11:00:00-04:00,1.1058,,no
KXXRP15M-26JUN051115,Target price: TBD,2026-06-05 11:00:00-04:00,2026-06-05 11:15:00-04:00,1.0975,,no
KXXRP15M-26JUN051115,Target price: TBD,2026-06-05 11:00:00-04:00,2026-06-05 11:15:00-04:00,1.0975,,no
KXXRP15M-26JUN051115,Target price: TBD,2026-06-05 11:00:00-04:00,2026-06-05 11:15:00-04:00,1.0975,,no
KXXRP15M-26JUN051115,Target price: TBD,2026-06-05 11:00:00-04:00,2026-06-05 11:15:00-04:00,1.0975,,no
KXXRP15M-26JUN051130,Target Price: $1.0975,2026-06-05 11:15:00-04:00,2026-06-05 11:30:00-04:00,1.1034,1.0975,yes
KXXRP15M-26JUN051130,Target Price: $1.0975,2026-06-05 11:15:00-04:00,2026-06-05 11:30:00-04:00,1.1034,1.0975,yes
KXXRP15M-26JUN051130,Target Price: $1.0975,2026-06-05 11:15:00-04:00,2026-06-05 11:30:00-04:00,1.1034,1.0975,yes
KXXRP15M-26JUN051130,Target Price: $1.0975,2026-06-05 11:15:00-04:00,2026-06-05 11:30:00-04:00,1.1034,1.0975,yes
KXXRP15M-26JUN051145,Target Price: $1.1034,2026-06-05 11:30:00-04:00,2026-06-05 11:45:00-04:00,1.0986,1.1034,no
KXXRP15M-26JUN051145,Target Price: $1.1034,2026-06-05 11:30:00-04:00,2026-06-05 11:45:00-04:00,1.0986,1.1034,no
KXXRP15M-26JUN051145,Target Price: $1.1034,2026-06-05 11:30:00-04:00,2026-06-05 11:45:00-04:00,1.0986,1.1034,no
KXXRP15M-26JUN051145,Target Price: $1.1034,2026-06-05 11:30:00-04:00,2026-06-05 11:45:00-04:00,1.0986,1.1034,no
KXXRP15M-26JUN051200,Target Price: $1.0986,2026-06-05 11:45:00-04:00,2026-06-05 12:00:00-04:00,1.0997,1.0986,yes
KXXRP15M-26JUN051200,Target Price: $1.0986,2026-06-05 11:45:00-04:00,2026-06-05 12:00:00-04:00,1.0997,1.0986,yes
KXXRP15M-26JUN051200,Target Price: $1.0986,2026-06-05 11:45:00-04:00,2026-06-05 12:00:00-04:00,1.0997,1.0986,yes
KXXRP15M-26JUN051200,Target Price: $1.0986,2026-06-05 11:45:00-04:00,2026-06-05 12:00:00-04:00,1.0997,1.0986,yes
KXXRP15M-26JUN051215,Target Price: $1.0997,2026-06-05 12:00:00-04:00,2026-06-05 12:15:00-04:00,1.1025,1.0997,yes
KXXRP15M-26JUN051215,Target Price: $1.0997,2026-06-05 12:00:00-04:00,2026-06-05 12:15:00-04:00,1.1025,1.0997,yes
KXXRP15M-26JUN051215,Target Price: $1.0997,2026-06-05 12:00:00-04:00,2026-06-05 12:15:00-04:00,1.1025,1.0997,yes
KXXRP15M-26JUN051215,Target Price: $1.0997,2026-06-05 12:00:00-04:00,2026-06-05 12:15:00-04:00,1.1025,1.0997,yes
KXXRP15M-26JUN051230,Target Price: $1.1025,2026-06-05 12:15:00-04:00,2026-06-05 12:30:00-04:00,1.1071,1.1025,yes
KXXRP15M-26JUN051230,Target Price: $1.1025,2026-06-05 12:15:00-04:00,2026-06-05 12:30:00-04:00,1.1071,1.1025,yes
KXXRP15M-26JUN051230,Target Price: $1.1025,2026-06-05 12:15:00-04:00,2026-06-05 12:30:00-04:00,1.1071,1.1025,yes
KXXRP15M-26JUN051230,Target Price: $1.1025,2026-06-05 12:15:00-04:00,2026-06-05 12:30:00-04:00,1.1071,1.1025,yes
KXXRP15M-26JUN051245,Target Price: $1.1071,2026-06-05 12:30:00-04:00,2026-06-05 12:45:00-04:00,1.1000,1.1071,no
KXXRP15M-26JUN051245,Target Price: $1.1071,2026-06-05 12:30:00-04:00,2026-06-05 12:45:00-04:00,1.1000,1.1071,no
KXXRP15M-26JUN051245,Target Price: $1.1071,2026-06-05 12:30:00-04:00,2026-06-05 12:45:00-04:00,1.1000,1.1071,no
KXXRP15M-26JUN051245,Target Price: $1.1071,2026-06-05 12:30:00-04:00,2026-06-05 12:45:00-04:00,1.1000,1.1071,no
KXXRP15M-26JUN051300,Target Price: $1.1000,2026-06-05 12:45:00-04:00,2026-06-05 13:00:00-04:00,1.1206,1.1,yes
KXXRP15M-26JUN051300,Target Price: $1.1000,2026-06-05 12:45:00-04:00,2026-06-05 13:00:00-04:00,1.1206,1.1,yes
KXXRP15M-26JUN051300,Target Price: $1.1000,2026-06-05 12:45:00-04:00,2026-06-05 13:00:00-04:00,1.1206,1.1,yes
KXXRP15M-26JUN051300,Target Price: $1.1000,2026-06-05 12:45:00-04:00,2026-06-05 13:00:00-04:00,1.1206,1.1,yes
KXXRP15M-26JUN051315,Target Price: $1.1206,2026-06-05 13:00:00-04:00,2026-06-05 13:15:00-04:00,1.1115,1.1206,no
KXXRP15M-26JUN051315,Target Price: $1.1206,2026-06-05 13:00:00-04:00,2026-06-05 13:15:00-04:00,1.1115,1.1206,no
KXXRP15M-26JUN051315,Target Price: $1.1206,2026-06-05 13:00:00-04:00,2026-06-05 13:15:00-04:00,1.1115,1.1206,no
KXXRP15M-26JUN051315,Target Price: $1.1206,2026-06-05 13:00:00-04:00,2026-06-05 13:15:00-04:00,1.1115,1.1206,no
KXXRP15M-26JUN051330,Target Price: $1.1115,2026-06-05 13:15:00-04:00,2026-06-05 13:30:00-04:00,1.1012,1.1115,no
KXXRP15M-26JUN051330,Target Price: $1.1115,2026-06-05 13:15:00-04:00,2026-06-05 13:30:00-04:00,1.1012,1.1115,no
KXXRP15M-26JUN051330,Target Price: $1.1115,2026-06-05 13:15:00-04:00,2026-06-05 13:30:00-04:00,1.1012,1.1115,no
KXXRP15M-26JUN051330,Target Price: $1.1115,2026-06-05 13:15:00-04:00,2026-06-05 13:30:00-04:00,1.1012,1.1115,no
KXXRP15M-26JUN051345,Target Price: $1.1012,2026-06-05 13:30:00-04:00,2026-06-05 13:45:00-04:00,1.1057,1.1012,yes
KXXRP15M-26JUN051345,Target Price: $1.1012,2026-06-05 13:30:00-04:00,2026-06-05 13:45:00-04:00,1.1057,1.1012,yes
KXXRP15M-26JUN051345,Target Price: $1.1012,2026-06-05 13:30:00-04:00,2026-06-05 13:45:00-04:00,1.1057,1.1012,yes
KXXRP15M-26JUN051345,Target Price: $1.1012,2026-06-05 13:30:00-04:00,2026-06-05 13:45:00-04:00,1.1057,1.1012,yes
KXXRP15M-26JUN051400,Target Price: $1.1057,2026-06-05 13:45:00-04:00,2026-06-05 14:00:00-04:00,1.1085,1.1057,yes
KXXRP15M-26JUN051400,Target Price: $1.1057,2026-06-05 13:45:00-04:00,2026-06-05 14:00:00-04:00,1.1085,1.1057,yes
KXXRP15M-26JUN051400,Target Price: $1.1057,2026-06-05 13:45:00-04:00,2026-06-05 14:00:00-04:00,1.1085,1.1057,yes
KXXRP15M-26JUN051400,Target Price: $1.1057,2026-06-05 13:45:00-04:00,2026-06-05 14:00:00-04:00,1.1085,1.1057,yes
KXXRP15M-26JUN051415,Target Price: $1.1085,2026-06-05 14:00:00-04:00,2026-06-05 14:15:00-04:00,1.1093,1.1085,yes
KXXRP15M-26JUN051415,Target Price: $1.1085,2026-06-05 14:00:00-04:00,2026-06-05 14:15:00-04:00,1.1093,1.1085,yes
KXXRP15M-26JUN051415,Target Price: $1.1085,2026-06-05 14:00:00-04:00,2026-06-05 14:15:00-04:00,1.1093,1.1085,yes
KXXRP15M-26JUN051415,Target Price: $1.1085,2026-06-05 14:00:00-04:00,2026-06-05 14:15:00-04:00,1.1093,1.1085,yes
KXXRP15M-26JUN051430,Target Price: $1.1093,2026-06-05 14:15:00-04:00,2026-06-05 14:30:00-04:00,1.0964,1.1093,no
KXXRP15M-26JUN051430,Target Price: $1.1093,2026-06-05 14:15:00-04:00,2026-06-05 14:30:00-04:00,1.0964,1.1093,no
KXXRP15M-26JUN051430,Target Price: $1.1093,2026-06-05 14:15:00-04:00,2026-06-05 14:30:00-04:00,1.0964,1.1093,no
KXXRP15M-26JUN051430,Target Price: $1.1093,2026-06-05 14:15:00-04:00,2026-06-05 14:30:00-04:00,1.0964,1.1093,no
KXXRP15M-26JUN051445,Target Price: $1.0964,2026-06-05 14:30:00-04:00,2026-06-05 14:45:00-04:00,1.0927,1.0964,no
KXXRP15M-26JUN051445,Target Price: $1.0964,2026-06-05 14:30:00-04:00,2026-06-05 14:45:00-04:00,1.0927,1.0964,no
KXXRP15M-26JUN051445,Target Price: $1.0964,2026-06-05 14:30:00-04:00,2026-06-05 14:45:00-04:00,1.0927,1.0964,no
KXXRP15M-26JUN051445,Target Price: $1.0964,2026-06-05 14:30:00-04:00,2026-06-05 14:45:00-04:00,1.0927,1.0964,no
KXXRP15M-26JUN051500,Target Price: $1.0927,2026-06-05 14:45:00-04:00,2026-06-05 15:00:00-04:00,1.0839,1.0927,no
KXXRP15M-26JUN051500,Target Price: $1.0927,2026-06-05 14:45:00-04:00,2026-06-05 15:00:00-04:00,1.0839,1.0927,no
KXXRP15M-26JUN051500,Target Price: $1.0927,2026-06-05 14:45:00-04:00,2026-06-05 15:00:00-04:00,1.0839,1.0927,no
KXXRP15M-26JUN051500,Target Price: $1.0927,2026-06-05 14:45:00-04:00,2026-06-05 15:00:00-04:00,1.0839,1.0927,no
KXXRP15M-26JUN051515,Target Price: $1.0839,2026-06-05 15:00:00-04:00,2026-06-05 15:15:00-04:00,1.0729,1.0839,no
KXXRP15M-26JUN051515,Target Price: $1.0839,2026-06-05 15:00:00-04:00,2026-06-05 15:15:00-04:00,1.0729,1.0839,no
KXXRP15M-26JUN051515,Target Price: $1.0839,2026-06-05 15:00:00-04:00,2026-06-05 15:15:00-04:00,1.0729,1.0839,no
KXXRP15M-26JUN051515,Target Price: $1.0839,2026-06-05 15:00:00-04:00,2026-06-05 15:15:00-04:00,1.0729,1.0839,no
KXXRP15M-26JUN051530,Target Price: $1.0729,2026-06-05 15:15:00-04:00,2026-06-05 15:30:00-04:00,1.0857,1.0729,yes
KXXRP15M-26JUN051530,Target Price: $1.0729,2026-06-05 15:15:00-04:00,2026-06-05 15:30:00-04:00,1.0857,1.0729,yes
KXXRP15M-26JUN051530,Target Price: $1.0729,2026-06-05 15:15:00-04:00,2026-06-05 15:30:00-04:00,1.0857,1.0729,yes
KXXRP15M-26JUN051530,Target Price: $1.0729,2026-06-05 15:15:00-04:00,2026-06-05 15:30:00-04:00,1.0857,1.0729,yes
KXXRP15M-26JUN051545,Target Price: $1.0857,2026-06-05 15:30:00-04:00,2026-06-05 15:45:00-04:00,1.0841,1.0857,no
KXXRP15M-26JUN051545,Target Price: $1.0857,2026-06-05 15:30:00-04:00,2026-06-05 15:45:00-04:00,1.0841,1.0857,no
KXXRP15M-26JUN051545,Target Price: $1.0857,2026-06-05 15:30:00-04:00,2026-06-05 15:45:00-04:00,1.0841,1.0857,no
KXXRP15M-26JUN051545,Target Price: $1.0857,2026-06-05 15:30:00-04:00,2026-06-05 15:45:00-04:00,1.0841,1.0857,no
KXXRP15M-26JUN051600,Target Price: $1.0841,2026-06-05 15:45:00-04:00,2026-06-05 16:00:00-04:00,1.1004,1.0841,yes
KXXRP15M-26JUN051600,Target Price: $1.0841,2026-06-05 15:45:00-04:00,2026-06-05 16:00:00-04:00,1.1004,1.0841,yes
KXXRP15M-26JUN051600,Target Price: $1.0841,2026-06-05 15:45:00-04:00,2026-06-05 16:00:00-04:00,1.1004,1.0841,yes
KXXRP15M-26JUN051600,Target Price: $1.0841,2026-06-05 15:45:00-04:00,2026-06-05 16:00:00-04:00,1.1004,1.0841,yes
KXXRP15M-26JUN051615,Target Price: $1.1004,2026-06-05 16:00:00-04:00,2026-06-05 16:15:00-04:00,1.1034,1.1004,yes
KXXRP15M-26JUN051615,Target Price: $1.1004,2026-06-05 16:00:00-04:00,2026-06-05 16:15:00-04:00,1.1034,1.1004,yes
KXXRP15M-26JUN051615,Target Price: $1.1004,2026-06-05 16:00:00-04:00,2026-06-05 16:15:00-04:00,1.1034,1.1004,yes
KXXRP15M-26JUN051615,Target Price: $1.1004,2026-06-05 16:00:00-04:00,2026-06-05 16:15:00-04:00,1.1034,1.1004,yes
KXXRP15M-26JUN051630,Target Price: $1.1034,2026-06-05 16:15:00-04:00,2026-06-05 16:30:00-04:00,1.1082,1.1034,yes
KXXRP15M-26JUN051630,Target Price: $1.1034,2026-06-05 16:15:00-04:00,2026-06-05 16:30:00-04:00,1.1082,1.1034,yes
KXXRP15M-26JUN051630,Target Price: $1.1034,2026-06-05 16:15:00-04:00,2026-06-05 16:30:00-04:00,1.1082,1.1034,yes
KXXRP15M-26JUN051630,Target Price: $1.1034,2026-06-05 16:15:00-04:00,2026-06-05 16:30:00-04:00,1.1082,1.1034,yes
KXXRP15M-26JUN051645,Target Price: $1.1082,2026-06-05 16:30:00-04:00,2026-06-05 16:45:00-04:00,1.1127,1.1082,yes
KXXRP15M-26JUN051645,Target Price: $1.1082,2026-06-05 16:30:00-04:00,2026-06-05 16:45:00-04:00,1.1127,1.1082,yes
KXXRP15M-26JUN051645,Target Price: $1.1082,2026-06-05 16:30:00-04:00,2026-06-05 16:45:00-04:00,1.1127,1.1082,yes
KXXRP15M-26JUN051645,Target Price: $1.1082,2026-06-05 16:30:00-04:00,2026-06-05 16:45:00-04:00,1.1127,1.1082,yes
KXXRP15M-26JUN051700,Target Price: $1.1127,2026-06-05 16:45:00-04:00,2026-06-05 17:00:00-04:00,1.1159,1.1127,yes
KXXRP15M-26JUN051700,Target Price: $1.1127,2026-06-05 16:45:00-04:00,2026-06-05 17:00:00-04:00,1.1159,1.1127,yes
KXXRP15M-26JUN051700,Target Price: $1.1127,2026-06-05 16:45:00-04:00,2026-06-05 17:00:00-04:00,1.1159,1.1127,yes
KXXRP15M-26JUN051700,Target Price: $1.1127,2026-06-05 16:45:00-04:00,2026-06-05 17:00:00-04:00,1.1159,1.1127,yes
KXXRP15M-26JUN051715,Target Price: $1.1159,2026-06-05 17:00:00-04:00,2026-06-05 17:15:00-04:00,1.1166,1.1159,yes
KXXRP15M-26JUN051715,Target Price: $1.1159,2026-06-05 17:00:00-04:00,2026-06-05 17:15:00-04:00,1.1166,1.1159,yes
KXXRP15M-26JUN051715,Target Price: $1.1159,2026-06-05 17:00:00-04:00,2026-06-05 17:15:00-04:00,1.1166,1.1159,yes
KXXRP15M-26JUN051715,Target Price: $1.1159,2026-06-05 17:00:00-04:00,2026-06-05 17:15:00-04:00,1.1166,1.1159,yes
KXXRP15M-26JUN051730,Target Price: $1.1166,2026-06-05 17:15:00-04:00,2026-06-05 17:30:00-04:00,1.1152,1.1166,no
KXXRP15M-26JUN051730,Target Price: $1.1166,2026-06-05 17:15:00-04:00,2026-06-05 17:30:00-04:00,1.1152,1.1166,no
KXXRP15M-26JUN051730,Target Price: $1.1166,2026-06-05 17:15:00-04:00,2026-06-05 17:30:00-04:00,1.1152,1.1166,no
KXXRP15M-26JUN051730,Target Price: $1.1166,2026-06-05 17:15:00-04:00,2026-06-05 17:30:00-04:00,1.1152,1.1166,no
KXXRP15M-26JUN051745,Target Price: $1.1152,2026-06-05 17:30:00-04:00,2026-06-05 17:45:00-04:00,1.1172,1.1152,yes
KXXRP15M-26JUN051745,Target Price: $1.1152,2026-06-05 17:30:00-04:00,2026-06-05 17:45:00-04:00,1.1172,1.1152,yes
KXXRP15M-26JUN051745,Target Price: $1.1152,2026-06-05 17:30:00-04:00,2026-06-05 17:45:00-04:00,1.1172,1.1152,yes
KXXRP15M-26JUN051745,Target Price: $1.1152,2026-06-05 17:30:00-04:00,2026-06-05 17:45:00-04:00,1.1172,1.1152,yes
KXXRP15M-26JUN051800,Target Price: $1.1172,2026-06-05 17:45:00-04:00,2026-06-05 18:00:00-04:00,1.1116,1.1172,no
KXXRP15M-26JUN051800,Target Price: $1.1172,2026-06-05 17:45:00-04:00,2026-06-05 18:00:00-04:00,1.1116,1.1172,no
KXXRP15M-26JUN051800,Target Price: $1.1172,2026-06-05 17:45:00-04:00,2026-06-05 18:00:00-04:00,1.1116,1.1172,no
KXXRP15M-26JUN051800,Target Price: $1.1172,2026-06-05 17:45:00-04:00,2026-06-05 18:00:00-04:00,1.1116,1.1172,no
KXXRP15M-26JUN051815,Target Price: $1.1116,2026-06-05 18:00:00-04:00,2026-06-05 18:15:00-04:00,1.1048,1.1116,no
KXXRP15M-26JUN051815,Target Price: $1.1116,2026-06-05 18:00:00-04:00,2026-06-05 18:15:00-04:00,1.1048,1.1116,no
KXXRP15M-26JUN051815,Target Price: $1.1116,2026-06-05 18:00:00-04:00,2026-06-05 18:15:00-04:00,1.1048,1.1116,no
KXXRP15M-26JUN051815,Target Price: $1.1116,2026-06-05 18:00:00-04:00,2026-06-05 18:15:00-04:00,1.1048,1.1116,no
KXXRP15M-26JUN051830,Target Price: $1.1048,2026-06-05 18:15:00-04:00,2026-06-05 18:30:00-04:00,1.1015,1.1048,no
KXXRP15M-26JUN051830,Target Price: $1.1048,2026-06-05 18:15:00-04:00,2026-06-05 18:30:00-04:00,1.1015,1.1048,no
KXXRP15M-26JUN051830,Target Price: $1.1048,2026-06-05 18:15:00-04:00,2026-06-05 18:30:00-04:00,1.1015,1.1048,no
KXXRP15M-26JUN051830,Target Price: $1.1048,2026-06-05 18:15:00-04:00,2026-06-05 18:30:00-04:00,1.1015,1.1048,no
KXXRP15M-26JUN051845,Target Price: $1.1015,2026-06-05 18:30:00-04:00,2026-06-05 18:45:00-04:00,1.1076,1.1015,yes
KXXRP15M-26JUN051845,Target Price: $1.1015,2026-06-05 18:30:00-04:00,2026-06-05 18:45:00-04:00,1.1076,1.1015,yes
KXXRP15M-26JUN051845,Target Price: $1.1015,2026-06-05 18:30:00-04:00,2026-06-05 18:45:00-04:00,1.1076,1.1015,yes
KXXRP15M-26JUN051845,Target Price: $1.1015,2026-06-05 18:30:00-04:00,2026-06-05 18:45:00-04:00,1.1076,1.1015,yes
KXXRP15M-26JUN051900,Target Price: $1.1076,2026-06-05 18:45:00-04:00,2026-06-05 19:00:00-04:00,1.1069,1.1076,no
KXXRP15M-26JUN051900,Target Price: $1.1076,2026-06-05 18:45:00-04:00,2026-06-05 19:00:00-04:00,1.1069,1.1076,no
KXXRP15M-26JUN051900,Target Price: $1.1076,2026-06-05 18:45:00-04:00,2026-06-05 19:00:00-04:00,1.1069,1.1076,no
KXXRP15M-26JUN051900,Target Price: $1.1076,2026-06-05 18:45:00-04:00,2026-06-05 19:00:00-04:00,1.1069,1.1076,no
KXXRP15M-26JUN051915,Target Price: $1.1069,2026-06-05 19:00:00-04:00,2026-06-05 19:15:00-04:00,1.1061,1.1069,no
KXXRP15M-26JUN051915,Target Price: $1.1069,2026-06-05 19:00:00-04:00,2026-06-05 19:15:00-04:00,1.1061,1.1069,no
KXXRP15M-26JUN051915,Target Price: $1.1069,2026-06-05 19:00:00-04:00,2026-06-05 19:15:00-04:00,1.1061,1.1069,no
KXXRP15M-26JUN051915,Target Price: $1.1069,2026-06-05 19:00:00-04:00,2026-06-05 19:15:00-04:00,1.1061,1.1069,no
KXXRP15M-26JUN051930,Target Price: $1.1061,2026-06-05 19:15:00-04:00,2026-06-05 19:30:00-04:00,1.0966,1.1061,no
KXXRP15M-26JUN051930,Target Price: $1.1061,2026-06-05 19:15:00-04:00,2026-06-05 19:30:00-04:00,1.0966,1.1061,no
KXXRP15M-26JUN051930,Target Price: $1.1061,2026-06-05 19:15:00-04:00,2026-06-05 19:30:00-04:00,1.0966,1.1061,no
KXXRP15M-26JUN051930,Target Price: $1.1061,2026-06-05 19:15:00-04:00,2026-06-05 19:30:00-04:00,1.0966,1.1061,no
KXXRP15M-26JUN051945,Target Price: $1.0966,2026-06-05 19:30:00-04:00,2026-06-05 19:45:00-04:00,1.0907,1.0966,no
KXXRP15M-26JUN051945,Target Price: $1.0966,2026-06-05 19:30:00-04:00,2026-06-05 19:45:00-04:00,1.0907,1.0966,no
KXXRP15M-26JUN051945,Target Price: $1.0966,2026-06-05 19:30:00-04:00,2026-06-05 19:45:00-04:00,1.0907,1.0966,no
KXXRP15M-26JUN051945,Target Price: $1.0966,2026-06-05 19:30:00-04:00,2026-06-05 19:45:00-04:00,1.0907,1.0966,no
KXXRP15M-26JUN052000,Target Price: $1.0907,2026-06-05 19:45:00-04:00,2026-06-05 20:00:00-04:00,1.0962,1.0907,yes
KXXRP15M-26JUN052000,Target Price: $1.0907,2026-06-05 19:45:00-04:00,2026-06-05 20:00:00-04:00,1.0962,1.0907,yes
KXXRP15M-26JUN052000,Target Price: $1.0907,2026-06-05 19:45:00-04:00,2026-06-05 20:00:00-04:00,1.0962,1.0907,yes
KXXRP15M-26JUN052000,Target Price: $1.0907,2026-06-05 19:45:00-04:00,2026-06-05 20:00:00-04:00,1.0962,1.0907,yes
KXXRP15M-26JUN052015,Target Price: $1.0962,2026-06-05 20:00:00-04:00,2026-06-05 20:15:00-04:00,1.1060,1.0962,yes
KXXRP15M-26JUN052015,Target Price: $1.0962,2026-06-05 20:00:00-04:00,2026-06-05 20:15:00-04:00,1.1060,1.0962,yes
KXXRP15M-26JUN052015,Target Price: $1.0962,2026-06-05 20:00:00-04:00,2026-06-05 20:15:00-04:00,1.1060,1.0962,yes
KXXRP15M-26JUN052015,Target Price: $1.0962,2026-06-05 20:00:00-04:00,2026-06-05 20:15:00-04:00,1.1060,1.0962,yes
KXXRP15M-26JUN052030,Target Price: $1.1060,2026-06-05 20:15:00-04:00,2026-06-05 20:30:00-04:00,1.1047,1.106,no
KXXRP15M-26JUN052030,Target Price: $1.1060,2026-06-05 20:15:00-04:00,2026-06-05 20:30:00-04:00,1.1047,1.106,no
KXXRP15M-26JUN052030,Target Price: $1.1060,2026-06-05 20:15:00-04:00,2026-06-05 20:30:00-04:00,1.1047,1.106,no
KXXRP15M-26JUN052030,Target Price: $1.1060,2026-06-05 20:15:00-04:00,2026-06-05 20:30:00-04:00,1.1047,1.106,no
KXXRP15M-26JUN052045,Target Price: $1.1047,2026-06-05 20:30:00-04:00,2026-06-05 20:45:00-04:00,1.1056,1.1047,yes
KXXRP15M-26JUN052045,Target Price: $1.1047,2026-06-05 20:30:00-04:00,2026-06-05 20:45:00-04:00,1.1056,1.1047,yes
KXXRP15M-26JUN052045,Target Price: $1.1047,2026-06-05 20:30:00-04:00,2026-06-05 20:45:00-04:00,1.1056,1.1047,yes
KXXRP15M-26JUN052045,Target Price: $1.1047,2026-06-05 20:30:00-04:00,2026-06-05 20:45:00-04:00,1.1056,1.1047,yes
KXXRP15M-26JUN052100,Target Price: $1.1056,2026-06-05 20:45:00-04:00,2026-06-05 21:00:00-04:00,1.1109,1.1056,yes
KXXRP15M-26JUN052100,Target Price: $1.1056,2026-06-05 20:45:00-04:00,2026-06-05 21:00:00-04:00,1.1109,1.1056,yes
KXXRP15M-26JUN052100,Target Price: $1.1056,2026-06-05 20:45:00-04:00,2026-06-05 21:00:00-04:00,1.1109,1.1056,yes
KXXRP15M-26JUN052100,Target Price: $1.1056,2026-06-05 20:45:00-04:00,2026-06-05 21:00:00-04:00,1.1109,1.1056,yes
KXXRP15M-26JUN052115,Target Price: $1.1109,2026-06-05 21:00:00-04:00,2026-06-05 21:15:00-04:00,1.1083,1.1109,no
KXXRP15M-26JUN052115,Target Price: $1.1109,2026-06-05 21:00:00-04:00,2026-06-05 21:15:00-04:00,1.1083,1.1109,no
KXXRP15M-26JUN052115,Target Price: $1.1109,2026-06-05 21:00:00-04:00,2026-06-05 21:15:00-04:00,1.1083,1.1109,no
KXXRP15M-26JUN052115,Target Price: $1.1109,2026-06-05 21:00:00-04:00,2026-06-05 21:15:00-04:00,1.1083,1.1109,no
KXXRP15M-26JUN052130,Target Price: $1.1083,2026-06-05 21:15:00-04:00,2026-06-05 21:30:00-04:00,1.1092,1.1083,yes
KXXRP15M-26JUN052130,Target Price: $1.1083,2026-06-05 21:15:00-04:00,2026-06-05 21:30:00-04:00,1.1092,1.1083,yes
KXXRP15M-26JUN052130,Target Price: $1.1083,2026-06-05 21:15:00-04:00,2026-06-05 21:30:00-04:00,1.1092,1.1083,yes
KXXRP15M-26JUN052130,Target Price: $1.1083,2026-06-05 21:15:00-04:00,2026-06-05 21:30:00-04:00,1.1092,1.1083,yes
KXXRP15M-26JUN052145,Target Price: $1.1092,2026-06-05 21:30:00-04:00,2026-06-05 21:45:00-04:00,1.1039,1.1092,no
KXXRP15M-26JUN052145,Target Price: $1.1092,2026-06-05 21:30:00-04:00,2026-06-05 21:45:00-04:00,1.1039,1.1092,no
KXXRP15M-26JUN052145,Target Price: $1.1092,2026-06-05 21:30:00-04:00,2026-06-05 21:45:00-04:00,1.1039,1.1092,no
KXXRP15M-26JUN052145,Target Price: $1.1092,2026-06-05 21:30:00-04:00,2026-06-05 21:45:00-04:00,1.1039,1.1092,no
KXXRP15M-26JUN052200,Target Price: $1.1039,2026-06-05 21:45:00-04:00,2026-06-05 22:00:00-04:00,1.1018,1.1039,no
KXXRP15M-26JUN052200,Target Price: $1.1039,2026-06-05 21:45:00-04:00,2026-06-05 22:00:00-04:00,1.1018,1.1039,no
KXXRP15M-26JUN052200,Target Price: $1.1039,2026-06-05 21:45:00-04:00,2026-06-05 22:00:00-04:00,1.1018,1.1039,no
KXXRP15M-26JUN052200,Target Price: $1.1039,2026-06-05 21:45:00-04:00,2026-06-05 22:00:00-04:00,1.1018,1.1039,no
KXXRP15M-26JUN052215,Target Price: $1.1018,2026-06-05 22:00:00-04:00,2026-06-05 22:15:00-04:00,1.0972,1.1018,no
KXXRP15M-26JUN052215,Target Price: $1.1018,2026-06-05 22:00:00-04:00,2026-06-05 22:15:00-04:00,1.0972,1.1018,no
KXXRP15M-26JUN052215,Target Price: $1.1018,2026-06-05 22:00:00-04:00,2026-06-05 22:15:00-04:00,1.0972,1.1018,no
KXXRP15M-26JUN052215,Target Price: $1.1018,2026-06-05 22:00:00-04:00,2026-06-05 22:15:00-04:00,1.0972,1.1018,no
KXXRP15M-26JUN052230,Target Price: $1.0972,2026-06-05 22:15:00-04:00,2026-06-05 22:30:00-04:00,1.0964,1.0972,no
KXXRP15M-26JUN052230,Target Price: $1.0972,2026-06-05 22:15:00-04:00,2026-06-05 22:30:00-04:00,1.0964,1.0972,no
KXXRP15M-26JUN052230,Target Price: $1.0972,2026-06-05 22:15:00-04:00,2026-06-05 22:30:00-04:00,1.0964,1.0972,no
KXXRP15M-26JUN052230,Target Price: $1.0972,2026-06-05 22:15:00-04:00,2026-06-05 22:30:00-04:00,1.0964,1.0972,no
KXXRP15M-26JUN052245,Target Price: $1.0964,2026-06-05 22:30:00-04:00,2026-06-05 22:45:00-04:00,1.0977,1.0964,yes
KXXRP15M-26JUN052245,Target Price: $1.0964,2026-06-05 22:30:00-04:00,2026-06-05 22:45:00-04:00,1.0977,1.0964,yes
KXXRP15M-26JUN052245,Target Price: $1.0964,2026-06-05 22:30:00-04:00,2026-06-05 22:45:00-04:00,1.0977,1.0964,yes
KXXRP15M-26JUN052245,Target Price: $1.0964,2026-06-05 22:30:00-04:00,2026-06-05 22:45:00-04:00,1.0977,1.0964,yes
KXXRP15M-26JUN052300,Target Price: $1.0977,2026-06-05 22:45:00-04:00,2026-06-05 23:00:00-04:00,1.0961,1.0977,no
KXXRP15M-26JUN052300,Target Price: $1.0977,2026-06-05 22:45:00-04:00,2026-06-05 23:00:00-04:00,1.0961,1.0977,no
KXXRP15M-26JUN052300,Target Price: $1.0977,2026-06-05 22:45:00-04:00,2026-06-05 23:00:00-04:00,1.0961,1.0977,no
KXXRP15M-26JUN052300,Target Price: $1.0977,2026-06-05 22:45:00-04:00,2026-06-05 23:00:00-04:00,1.0961,1.0977,no
KXXRP15M-26JUN052315,Target Price: $1.0961,2026-06-05 23:00:00-04:00,2026-06-05 23:15:00-04:00,1.0924,1.0961,no
KXXRP15M-26JUN052315,Target Price: $1.0961,2026-06-05 23:00:00-04:00,2026-06-05 23:15:00-04:00,1.0924,1.0961,no
KXXRP15M-26JUN052315,Target Price: $1.0961,2026-06-05 23:00:00-04:00,2026-06-05 23:15:00-04:00,1.0924,1.0961,no
KXXRP15M-26JUN052315,Target Price: $1.0961,2026-06-05 23:00:00-04:00,2026-06-05 23:15:00-04:00,1.0924,1.0961,no
KXXRP15M-26JUN052330,Target Price: $1.0924,2026-06-05 23:15:00-04:00,2026-06-05 23:30:00-04:00,1.0899,1.0924,no
KXXRP15M-26JUN052330,Target Price: $1.0924,2026-06-05 23:15:00-04:00,2026-06-05 23:30:00-04:00,1.0899,1.0924,no
KXXRP15M-26JUN052330,Target Price: $1.0924,2026-06-05 23:15:00-04:00,2026-06-05 23:30:00-04:00,1.0899,1.0924,no
KXXRP15M-26JUN052330,Target Price: $1.0924,2026-06-05 23:15:00-04:00,2026-06-05 23:30:00-04:00,1.0899,1.0924,no
KXXRP15M-26JUN052345,Target Price: $1.0899,2026-06-05 23:30:00-04:00,2026-06-05 23:45:00-04:00,1.0872,1.0899,no
KXXRP15M-26JUN052345,Target Price: $1.0899,2026-06-05 23:30:00-04:00,2026-06-05 23:45:00-04:00,1.0872,1.0899,no
KXXRP15M-26JUN052345,Target Price: $1.0899,2026-06-05 23:30:00-04:00,2026-06-05 23:45:00-04:00,1.0872,1.0899,no
KXXRP15M-26JUN052345,Target Price: $1.0899,2026-06-05 23:30:00-04:00,2026-06-05 23:45:00-04:00,1.0872,1.0899,no
KXXRP15M-26JUN060000,Target Price: $1.0872,2026-06-05 23:45:00-04:00,2026-06-06 00:00:00-04:00,1.0857,1.0872,no
KXXRP15M-26JUN060000,Target Price: $1.0872,2026-06-05 23:45:00-04:00,2026-06-06 00:00:00-04:00,1.0857,1.0872,no
KXXRP15M-26JUN060000,Target Price: $1.0872,2026-06-05 23:45:00-04:00,2026-06-06 00:00:00-04:00,1.0857,1.0872,no
KXXRP15M-26JUN060000,Target Price: $1.0872,2026-06-05 23:45:00-04:00,2026-06-06 00:00:00-04:00,1.0857,1.0872,no
KXXRP15M-26JUN060015,Target Price: $1.0857,2026-06-06 00:00:00-04:00,2026-06-06 00:15:00-04:00,1.0720,1.0857,no
KXXRP15M-26JUN060015,Target Price: $1.0857,2026-06-06 00:00:00-04:00,2026-06-06 00:15:00-04:00,1.0720,1.0857,no
KXXRP15M-26JUN060015,Target Price: $1.0857,2026-06-06 00:00:00-04:00,2026-06-06 00:15:00-04:00,1.0720,1.0857,no
KXXRP15M-26JUN060015,Target Price: $1.0857,2026-06-06 00:00:00-04:00,2026-06-06 00:15:00-04:00,1.0720,1.0857,no
KXXRP15M-26JUN060030,Target Price: $1.0720,2026-06-06 00:15:00-04:00,2026-06-06 00:30:00-04:00,1.0618,1.072,no
KXXRP15M-26JUN060030,Target Price: $1.0720,2026-06-06 00:15:00-04:00,2026-06-06 00:30:00-04:00,1.0618,1.072,no
KXXRP15M-26JUN060030,Target Price: $1.0720,2026-06-06 00:15:00-04:00,2026-06-06 00:30:00-04:00,1.0618,1.072,no
KXXRP15M-26JUN060030,Target Price: $1.0720,2026-06-06 00:15:00-04:00,2026-06-06 00:30:00-04:00,1.0618,1.072,no
KXXRP15M-26JUN060045,Target Price: $1.0618,2026-06-06 00:30:00-04:00,2026-06-06 00:45:00-04:00,1.0555,1.0618,no
KXXRP15M-26JUN060045,Target Price: $1.0618,2026-06-06 00:30:00-04:00,2026-06-06 00:45:00-04:00,1.0555,1.0618,no
KXXRP15M-26JUN060045,Target Price: $1.0618,2026-06-06 00:30:00-04:00,2026-06-06 00:45:00-04:00,1.0555,1.0618,no
KXXRP15M-26JUN060045,Target Price: $1.0618,2026-06-06 00:30:00-04:00,2026-06-06 00:45:00-04:00,1.0555,1.0618,no
KXXRP15M-26JUN060100,Target Price: $1.0555,2026-06-06 00:45:00-04:00,2026-06-06 01:00:00-04:00,1.0582,1.0555,yes
KXXRP15M-26JUN060100,Target Price: $1.0555,2026-06-06 00:45:00-04:00,2026-06-06 01:00:00-04:00,1.0582,1.0555,yes
KXXRP15M-26JUN060100,Target Price: $1.0555,2026-06-06 00:45:00-04:00,2026-06-06 01:00:00-04:00,1.0582,1.0555,yes
KXXRP15M-26JUN060100,Target Price: $1.0555,2026-06-06 00:45:00-04:00,2026-06-06 01:00:00-04:00,1.0582,1.0555,yes
KXXRP15M-26JUN060115,Target Price: $1.0582,2026-06-06 01:00:00-04:00,2026-06-06 01:15:00-04:00,1.0589,1.0582,yes
KXXRP15M-26JUN060115,Target Price: $1.0582,2026-06-06 01:00:00-04:00,2026-06-06 01:15:00-04:00,1.0589,1.0582,yes
KXXRP15M-26JUN060115,Target Price: $1.0582,2026-06-06 01:00:00-04:00,2026-06-06 01:15:00-04:00,1.0589,1.0582,yes
KXXRP15M-26JUN060115,Target Price: $1.0582,2026-06-06 01:00:00-04:00,2026-06-06 01:15:00-04:00,1.0589,1.0582,yes
KXXRP15M-26JUN060130,Target Price: $1.0589,2026-06-06 01:15:00-04:00,2026-06-06 01:30:00-04:00,1.0803,1.0589,yes
KXXRP15M-26JUN060130,Target Price: $1.0589,2026-06-06 01:15:00-04:00,2026-06-06 01:30:00-04:00,1.0803,1.0589,yes
KXXRP15M-26JUN060130,Target Price: $1.0589,2026-06-06 01:15:00-04:00,2026-06-06 01:30:00-04:00,1.0803,1.0589,yes
KXXRP15M-26JUN060130,Target Price: $1.0589,2026-06-06 01:15:00-04:00,2026-06-06 01:30:00-04:00,1.0803,1.0589,yes
KXXRP15M-26JUN060145,Target Price: $1.0803,2026-06-06 01:30:00-04:00,2026-06-06 01:45:00-04:00,1.0843,1.0803,yes
KXXRP15M-26JUN060145,Target Price: $1.0803,2026-06-06 01:30:00-04:00,2026-06-06 01:45:00-04:00,1.0843,1.0803,yes
KXXRP15M-26JUN060145,Target Price: $1.0803,2026-06-06 01:30:00-04:00,2026-06-06 01:45:00-04:00,1.0843,1.0803,yes
KXXRP15M-26JUN060145,Target Price: $1.0803,2026-06-06 01:30:00-04:00,2026-06-06 01:45:00-04:00,1.0843,1.0803,yes
KXXRP15M-26JUN060200,Target Price: $1.0843,2026-06-06 01:45:00-04:00,2026-06-06 02:00:00-04:00,1.0892,1.0843,yes
KXXRP15M-26JUN060200,Target Price: $1.0843,2026-06-06 01:45:00-04:00,2026-06-06 02:00:00-04:00,1.0892,1.0843,yes
KXXRP15M-26JUN060200,Target Price: $1.0843,2026-06-06 01:45:00-04:00,2026-06-06 02:00:00-04:00,1.0892,1.0843,yes
KXXRP15M-26JUN060200,Target Price: $1.0843,2026-06-06 01:45:00-04:00,2026-06-06 02:00:00-04:00,1.0892,1.0843,yes
KXXRP15M-26JUN060215,Target Price: $1.0892,2026-06-06 02:00:00-04:00,2026-06-06 02:15:00-04:00,1.0955,1.0892,yes
KXXRP15M-26JUN060215,Target Price: $1.0892,2026-06-06 02:00:00-04:00,2026-06-06 02:15:00-04:00,1.0955,1.0892,yes
KXXRP15M-26JUN060215,Target Price: $1.0892,2026-06-06 02:00:00-04:00,2026-06-06 02:15:00-04:00,1.0955,1.0892,yes
KXXRP15M-26JUN060215,Target Price: $1.0892,2026-06-06 02:00:00-04:00,2026-06-06 02:15:00-04:00,1.0955,1.0892,yes
KXXRP15M-26JUN060230,Target Price: $1.0955,2026-06-06 02:15:00-04:00,2026-06-06 02:30:00-04:00,1.0987,1.0955,yes
KXXRP15M-26JUN060230,Target Price: $1.0955,2026-06-06 02:15:00-04:00,2026-06-06 02:30:00-04:00,1.0987,1.0955,yes
KXXRP15M-26JUN060230,Target Price: $1.0955,2026-06-06 02:15:00-04:00,2026-06-06 02:30:00-04:00,1.0987,1.0955,yes
KXXRP15M-26JUN060230,Target Price: $1.0955,2026-06-06 02:15:00-04:00,2026-06-06 02:30:00-04:00,1.0987,1.0955,yes
KXXRP15M-26JUN060245,Target Price: $1.0987,2026-06-06 02:30:00-04:00,2026-06-06 02:45:00-04:00,1.0905,1.0987,no
KXXRP15M-26JUN060245,Target Price: $1.0987,2026-06-06 02:30:00-04:00,2026-06-06 02:45:00-04:00,1.0905,1.0987,no
KXXRP15M-26JUN060245,Target Price: $1.0987,2026-06-06 02:30:00-04:00,2026-06-06 02:45:00-04:00,1.0905,1.0987,no
KXXRP15M-26JUN060245,Target Price: $1.0987,2026-06-06 02:30:00-04:00,2026-06-06 02:45:00-04:00,1.0905,1.0987,no
KXXRP15M-26JUN060300,Target Price: $1.0905,2026-06-06 02:45:00-04:00,2026-06-06 03:00:00-04:00,1.0821,1.0905,no
KXXRP15M-26JUN060300,Target Price: $1.0905,2026-06-06 02:45:00-04:00,2026-06-06 03:00:00-04:00,1.0821,1.0905,no
KXXRP15M-26JUN060300,Target Price: $1.0905,2026-06-06 02:45:00-04:00,2026-06-06 03:00:00-04:00,1.0821,1.0905,no
KXXRP15M-26JUN060300,Target Price: $1.0905,2026-06-06 02:45:00-04:00,2026-06-06 03:00:00-04:00,1.0821,1.0905,no
KXXRP15M-26JUN060315,Target Price: $1.0821,2026-06-06 03:00:00-04:00,2026-06-06 03:15:00-04:00,1.0920,1.0821,yes
KXXRP15M-26JUN060315,Target Price: $1.0821,2026-06-06 03:00:00-04:00,2026-06-06 03:15:00-04:00,1.0920,1.0821,yes
KXXRP15M-26JUN060315,Target Price: $1.0821,2026-06-06 03:00:00-04:00,2026-06-06 03:15:00-04:00,1.0920,1.0821,yes
KXXRP15M-26JUN060315,Target Price: $1.0821,2026-06-06 03:00:00-04:00,2026-06-06 03:15:00-04:00,1.0920,1.0821,yes
KXXRP15M-26JUN060330,Target Price: $1.0920,2026-06-06 03:15:00-04:00,2026-06-06 03:30:00-04:00,1.0882,1.092,no
KXXRP15M-26JUN060330,Target Price: $1.0920,2026-06-06 03:15:00-04:00,2026-06-06 03:30:00-04:00,1.0882,1.092,no
KXXRP15M-26JUN060330,Target Price: $1.0920,2026-06-06 03:15:00-04:00,2026-06-06 03:30:00-04:00,1.0882,1.092,no
KXXRP15M-26JUN060330,Target Price: $1.0920,2026-06-06 03:15:00-04:00,2026-06-06 03:30:00-04:00,1.0882,1.092,no
KXXRP15M-26JUN060345,Target Price: $1.0882,2026-06-06 03:30:00-04:00,2026-06-06 03:45:00-04:00,1.0954,1.0882,yes
KXXRP15M-26JUN060345,Target Price: $1.0882,2026-06-06 03:30:00-04:00,2026-06-06 03:45:00-04:00,1.0954,1.0882,yes
KXXRP15M-26JUN060345,Target Price: $1.0882,2026-06-06 03:30:00-04:00,2026-06-06 03:45:00-04:00,1.0954,1.0882,yes
KXXRP15M-26JUN060345,Target Price: $1.0882,2026-06-06 03:30:00-04:00,2026-06-06 03:45:00-04:00,1.0954,1.0882,yes
KXXRP15M-26JUN060400,Target Price: $1.0954,2026-06-06 03:45:00-04:00,2026-06-06 04:00:00-04:00,1.0923,1.0954,no
KXXRP15M-26JUN060400,Target Price: $1.0954,2026-06-06 03:45:00-04:00,2026-06-06 04:00:00-04:00,1.0923,1.0954,no
KXXRP15M-26JUN060400,Target Price: $1.0954,2026-06-06 03:45:00-04:00,2026-06-06 04:00:00-04:00,1.0923,1.0954,no
KXXRP15M-26JUN060400,Target Price: $1.0954,2026-06-06 03:45:00-04:00,2026-06-06 04:00:00-04:00,1.0923,1.0954,no
KXXRP15M-26JUN060415,Target Price: $1.0923,2026-06-06 04:00:00-04:00,2026-06-06 04:15:00-04:00,1.0969,1.0923,yes
KXXRP15M-26JUN060415,Target Price: $1.0923,2026-06-06 04:00:00-04:00,2026-06-06 04:15:00-04:00,1.0969,1.0923,yes
KXXRP15M-26JUN060415,Target Price: $1.0923,2026-06-06 04:00:00-04:00,2026-06-06 04:15:00-04:00,1.0969,1.0923,yes
KXXRP15M-26JUN060415,Target Price: $1.0923,2026-06-06 04:00:00-04:00,2026-06-06 04:15:00-04:00,1.0969,1.0923,yes
KXXRP15M-26JUN060430,Target Price: $1.0969,2026-06-06 04:15:00-04:00,2026-06-06 04:30:00-04:00,1.1025,1.0969,yes
KXXRP15M-26JUN060430,Target Price: $1.0969,2026-06-06 04:15:00-04:00,2026-06-06 04:30:00-04:00,1.1025,1.0969,yes
KXXRP15M-26JUN060430,Target Price: $1.0969,2026-06-06 04:15:00-04:00,2026-06-06 04:30:00-04:00,1.1025,1.0969,yes
KXXRP15M-26JUN060430,Target Price: $1.0969,2026-06-06 04:15:00-04:00,2026-06-06 04:30:00-04:00,1.1025,1.0969,yes
KXXRP15M-26JUN060445,Target Price: $1.1025,2026-06-06 04:30:00-04:00,2026-06-06 04:45:00-04:00,1.0995,1.1025,no
KXXRP15M-26JUN060445,Target Price: $1.1025,2026-06-06 04:30:00-04:00,2026-06-06 04:45:00-04:00,1.0995,1.1025,no
KXXRP15M-26JUN060445,Target Price: $1.1025,2026-06-06 04:30:00-04:00,2026-06-06 04:45:00-04:00,1.0995,1.1025,no
KXXRP15M-26JUN060445,Target Price: $1.1025,2026-06-06 04:30:00-04:00,2026-06-06 04:45:00-04:00,1.0995,1.1025,no
KXXRP15M-26JUN060500,Target Price: $1.0995,2026-06-06 04:45:00-04:00,2026-06-06 05:00:00-04:00,1.0989,1.0995,no
KXXRP15M-26JUN060500,Target Price: $1.0995,2026-06-06 04:45:00-04:00,2026-06-06 05:00:00-04:00,1.0989,1.0995,no
KXXRP15M-26JUN060500,Target Price: $1.0995,2026-06-06 04:45:00-04:00,2026-06-06 05:00:00-04:00,1.0989,1.0995,no
KXXRP15M-26JUN060500,Target Price: $1.0995,2026-06-06 04:45:00-04:00,2026-06-06 05:00:00-04:00,1.0989,1.0995,no
KXXRP15M-26JUN060515,Target Price: $1.0989,2026-06-06 05:00:00-04:00,2026-06-06 05:15:00-04:00,1.0969,1.0989,no
KXXRP15M-26JUN060515,Target Price: $1.0989,2026-06-06 05:00:00-04:00,2026-06-06 05:15:00-04:00,1.0969,1.0989,no
KXXRP15M-26JUN060515,Target Price: $1.0989,2026-06-06 05:00:00-04:00,2026-06-06 05:15:00-04:00,1.0969,1.0989,no
KXXRP15M-26JUN060515,Target Price: $1.0989,2026-06-06 05:00:00-04:00,2026-06-06 05:15:00-04:00,1.0969,1.0989,no
KXXRP15M-26JUN060530,Target Price: $1.0969,2026-06-06 05:15:00-04:00,2026-06-06 05:30:00-04:00,1.1020,1.0969,yes
KXXRP15M-26JUN060530,Target Price: $1.0969,2026-06-06 05:15:00-04:00,2026-06-06 05:30:00-04:00,1.1020,1.0969,yes
KXXRP15M-26JUN060530,Target Price: $1.0969,2026-06-06 05:15:00-04:00,2026-06-06 05:30:00-04:00,1.1020,1.0969,yes
KXXRP15M-26JUN060530,Target Price: $1.0969,2026-06-06 05:15:00-04:00,2026-06-06 05:30:00-04:00,1.1020,1.0969,yes
KXXRP15M-26JUN060545,Target Price: $1.1020,2026-06-06 05:30:00-04:00,2026-06-06 05:45:00-04:00,1.0986,1.102,no
KXXRP15M-26JUN060545,Target Price: $1.1020,2026-06-06 05:30:00-04:00,2026-06-06 05:45:00-04:00,1.0986,1.102,no
KXXRP15M-26JUN060545,Target Price: $1.1020,2026-06-06 05:30:00-04:00,2026-06-06 05:45:00-04:00,1.0986,1.102,no
KXXRP15M-26JUN060545,Target Price: $1.1020,2026-06-06 05:30:00-04:00,2026-06-06 05:45:00-04:00,1.0986,1.102,no
KXXRP15M-26JUN060600,Target Price: $1.0986,2026-06-06 05:45:00-04:00,2026-06-06 06:00:00-04:00,1.0910,1.0986,no
KXXRP15M-26JUN060600,Target Price: $1.0986,2026-06-06 05:45:00-04:00,2026-06-06 06:00:00-04:00,1.0910,1.0986,no
KXXRP15M-26JUN060600,Target Price: $1.0986,2026-06-06 05:45:00-04:00,2026-06-06 06:00:00-04:00,1.0910,1.0986,no
KXXRP15M-26JUN060600,Target Price: $1.0986,2026-06-06 05:45:00-04:00,2026-06-06 06:00:00-04:00,1.0910,1.0986,no
KXXRP15M-26JUN060615,Target Price: $1.0910,2026-06-06 06:00:00-04:00,2026-06-06 06:15:00-04:00,1.0814,1.091,no
KXXRP15M-26JUN060615,Target Price: $1.0910,2026-06-06 06:00:00-04:00,2026-06-06 06:15:00-04:00,1.0814,1.091,no
KXXRP15M-26JUN060615,Target Price: $1.0910,2026-06-06 06:00:00-04:00,2026-06-06 06:15:00-04:00,1.0814,1.091,no
KXXRP15M-26JUN060615,Target Price: $1.0910,2026-06-06 06:00:00-04:00,2026-06-06 06:15:00-04:00,1.0814,1.091,no
KXXRP15M-26JUN060630,Target Price: $1.0814,2026-06-06 06:15:00-04:00,2026-06-06 06:30:00-04:00,1.0826,1.0814,yes
KXXRP15M-26JUN060630,Target Price: $1.0814,2026-06-06 06:15:00-04:00,2026-06-06 06:30:00-04:00,1.0826,1.0814,yes
KXXRP15M-26JUN060630,Target Price: $1.0814,2026-06-06 06:15:00-04:00,2026-06-06 06:30:00-04:00,1.0826,1.0814,yes
KXXRP15M-26JUN060630,Target Price: $1.0814,2026-06-06 06:15:00-04:00,2026-06-06 06:30:00-04:00,1.0826,1.0814,yes
KXXRP15M-26JUN060645,Target Price: $1.0826,2026-06-06 06:30:00-04:00,2026-06-06 06:45:00-04:00,1.0775,1.0826,no
KXXRP15M-26JUN060645,Target Price: $1.0826,2026-06-06 06:30:00-04:00,2026-06-06 06:45:00-04:00,1.0775,1.0826,no
KXXRP15M-26JUN060645,Target Price: $1.0826,2026-06-06 06:30:00-04:00,2026-06-06 06:45:00-04:00,1.0775,1.0826,no
KXXRP15M-26JUN060645,Target Price: $1.0826,2026-06-06 06:30:00-04:00,2026-06-06 06:45:00-04:00,1.0775,1.0826,no
KXXRP15M-26JUN060700,Target Price: $1.0775,2026-06-06 06:45:00-04:00,2026-06-06 07:00:00-04:00,1.0796,1.0775,yes
KXXRP15M-26JUN060700,Target Price: $1.0775,2026-06-06 06:45:00-04:00,2026-06-06 07:00:00-04:00,1.0796,1.0775,yes
KXXRP15M-26JUN060700,Target Price: $1.0775,2026-06-06 06:45:00-04:00,2026-06-06 07:00:00-04:00,1.0796,1.0775,yes
KXXRP15M-26JUN060700,Target Price: $1.0775,2026-06-06 06:45:00-04:00,2026-06-06 07:00:00-04:00,1.0796,1.0775,yes
KXXRP15M-26JUN060715,Target Price: $1.0796,2026-06-06 07:00:00-04:00,2026-06-06 07:15:00-04:00,1.0815,1.0796,yes
KXXRP15M-26JUN060715,Target Price: $1.0796,2026-06-06 07:00:00-04:00,2026-06-06 07:15:00-04:00,1.0815,1.0796,yes
KXXRP15M-26JUN060715,Target Price: $1.0796,2026-06-06 07:00:00-04:00,2026-06-06 07:15:00-04:00,1.0815,1.0796,yes
KXXRP15M-26JUN060715,Target Price: $1.0796,2026-06-06 07:00:00-04:00,2026-06-06 07:15:00-04:00,1.0815,1.0796,yes
KXXRP15M-26JUN060730,Target Price: $1.0815,2026-06-06 07:15:00-04:00,2026-06-06 07:30:00-04:00,1.0835,1.0815,yes
KXXRP15M-26JUN060730,Target Price: $1.0815,2026-06-06 07:15:00-04:00,2026-06-06 07:30:00-04:00,1.0835,1.0815,yes
KXXRP15M-26JUN060730,Target Price: $1.0815,2026-06-06 07:15:00-04:00,2026-06-06 07:30:00-04:00,1.0835,1.0815,yes
KXXRP15M-26JUN060730,Target Price: $1.0815,2026-06-06 07:15:00-04:00,2026-06-06 07:30:00-04:00,1.0835,1.0815,yes
KXXRP15M-26JUN060745,Target Price: $1.0835,2026-06-06 07:30:00-04:00,2026-06-06 07:45:00-04:00,1.0851,1.0835,yes
KXXRP15M-26JUN060745,Target Price: $1.0835,2026-06-06 07:30:00-04:00,2026-06-06 07:45:00-04:00,1.0851,1.0835,yes
KXXRP15M-26JUN060745,Target Price: $1.0835,2026-06-06 07:30:00-04:00,2026-06-06 07:45:00-04:00,1.0851,1.0835,yes
KXXRP15M-26JUN060745,Target Price: $1.0835,2026-06-06 07:30:00-04:00,2026-06-06 07:45:00-04:00,1.0851,1.0835,yes
KXXRP15M-26JUN060800,Target Price: $1.0851,2026-06-06 07:45:00-04:00,2026-06-06 08:00:00-04:00,1.0870,1.0851,yes
KXXRP15M-26JUN060800,Target Price: $1.0851,2026-06-06 07:45:00-04:00,2026-06-06 08:00:00-04:00,1.0870,1.0851,yes
KXXRP15M-26JUN060800,Target Price: $1.0851,2026-06-06 07:45:00-04:00,2026-06-06 08:00:00-04:00,1.0870,1.0851,yes
KXXRP15M-26JUN060800,Target Price: $1.0851,2026-06-06 07:45:00-04:00,2026-06-06 08:00:00-04:00,1.0870,1.0851,yes
KXXRP15M-26JUN060815,Target Price: $1.0870,2026-06-06 08:00:00-04:00,2026-06-06 08:15:00-04:00,1.0888,1.087,yes
KXXRP15M-26JUN060815,Target Price: $1.0870,2026-06-06 08:00:00-04:00,2026-06-06 08:15:00-04:00,1.0888,1.087,yes
KXXRP15M-26JUN060815,Target Price: $1.0870,2026-06-06 08:00:00-04:00,2026-06-06 08:15:00-04:00,1.0888,1.087,yes
KXXRP15M-26JUN060815,Target Price: $1.0870,2026-06-06 08:00:00-04:00,2026-06-06 08:15:00-04:00,1.0888,1.087,yes
KXXRP15M-26JUN060830,Target Price: $1.0888,2026-06-06 08:15:00-04:00,2026-06-06 08:30:00-04:00,1.0830,1.0888,no
KXXRP15M-26JUN060830,Target Price: $1.0888,2026-06-06 08:15:00-04:00,2026-06-06 08:30:00-04:00,1.0830,1.0888,no
KXXRP15M-26JUN060830,Target Price: $1.0888,2026-06-06 08:15:00-04:00,2026-06-06 08:30:00-04:00,1.0830,1.0888,no
KXXRP15M-26JUN060830,Target Price: $1.0888,2026-06-06 08:15:00-04:00,2026-06-06 08:30:00-04:00,1.0830,1.0888,no
KXXRP15M-26JUN060845,Target Price: $1.0830,2026-06-06 08:30:00-04:00,2026-06-06 08:45:00-04:00,1.0842,1.083,yes
KXXRP15M-26JUN060845,Target Price: $1.0830,2026-06-06 08:30:00-04:00,2026-06-06 08:45:00-04:00,1.0842,1.083,yes
KXXRP15M-26JUN060845,Target Price: $1.0830,2026-06-06 08:30:00-04:00,2026-06-06 08:45:00-04:00,1.0842,1.083,yes
KXXRP15M-26JUN060845,Target Price: $1.0830,2026-06-06 08:30:00-04:00,2026-06-06 08:45:00-04:00,1.0842,1.083,yes
KXXRP15M-26JUN060900,Target Price: $1.0842,2026-06-06 08:45:00-04:00,2026-06-06 09:00:00-04:00,1.0960,1.0842,yes
KXXRP15M-26JUN060900,Target Price: $1.0842,2026-06-06 08:45:00-04:00,2026-06-06 09:00:00-04:00,1.0960,1.0842,yes
KXXRP15M-26JUN060900,Target Price: $1.0842,2026-06-06 08:45:00-04:00,2026-06-06 09:00:00-04:00,1.0960,1.0842,yes
KXXRP15M-26JUN060900,Target Price: $1.0842,2026-06-06 08:45:00-04:00,2026-06-06 09:00:00-04:00,1.0960,1.0842,yes
KXXRP15M-26JUN060915,Target Price: $1.0960,2026-06-06 09:00:00-04:00,2026-06-06 09:15:00-04:00,1.0955,1.096,no
KXXRP15M-26JUN060915,Target Price: $1.0960,2026-06-06 09:00:00-04:00,2026-06-06 09:15:00-04:00,1.0955,1.096,no
KXXRP15M-26JUN060915,Target Price: $1.0960,2026-06-06 09:00:00-04:00,2026-06-06 09:15:00-04:00,1.0955,1.096,no
KXXRP15M-26JUN060915,Target Price: $1.0960,2026-06-06 09:00:00-04:00,2026-06-06 09:15:00-04:00,1.0955,1.096,no
KXXRP15M-26JUN060930,Target Price: $1.0955,2026-06-06 09:15:00-04:00,2026-06-06 09:30:00-04:00,1.0948,1.0955,no
KXXRP15M-26JUN060930,Target Price: $1.0955,2026-06-06 09:15:00-04:00,2026-06-06 09:30:00-04:00,1.0948,1.0955,no
KXXRP15M-26JUN060930,Target Price: $1.0955,2026-06-06 09:15:00-04:00,2026-06-06 09:30:00-04:00,1.0948,1.0955,no
KXXRP15M-26JUN060930,Target Price: $1.0955,2026-06-06 09:15:00-04:00,2026-06-06 09:30:00-04:00,1.0948,1.0955,no
KXXRP15M-26JUN060945,Target Price: $1.0948,2026-06-06 09:30:00-04:00,2026-06-06 09:45:00-04:00,1.0965,1.0948,yes
KXXRP15M-26JUN060945,Target Price: $1.0948,2026-06-06 09:30:00-04:00,2026-06-06 09:45:00-04:00,1.0965,1.0948,yes
KXXRP15M-26JUN060945,Target Price: $1.0948,2026-06-06 09:30:00-04:00,2026-06-06 09:45:00-04:00,1.0965,1.0948,yes
KXXRP15M-26JUN060945,Target Price: $1.0948,2026-06-06 09:30:00-04:00,2026-06-06 09:45:00-04:00,1.0965,1.0948,yes
KXXRP15M-26JUN061000,Target Price: $1.0965,2026-06-06 09:45:00-04:00,2026-06-06 10:00:00-04:00,1.0979,1.0965,yes
KXXRP15M-26JUN061000,Target Price: $1.0965,2026-06-06 09:45:00-04:00,2026-06-06 10:00:00-04:00,1.0979,1.0965,yes
KXXRP15M-26JUN061000,Target Price: $1.0965,2026-06-06 09:45:00-04:00,2026-06-06 10:00:00-04:00,1.0979,1.0965,yes
KXXRP15M-26JUN061000,Target Price: $1.0965,2026-06-06 09:45:00-04:00,2026-06-06 10:00:00-04:00,1.0979,1.0965,yes
KXXRP15M-26JUN061015,Target Price: $1.0979,2026-06-06 10:00:00-04:00,2026-06-06 10:15:00-04:00,1.1040,1.0979,yes
KXXRP15M-26JUN061015,Target Price: $1.0979,2026-06-06 10:00:00-04:00,2026-06-06 10:15:00-04:00,1.1040,1.0979,yes
KXXRP15M-26JUN061015,Target Price: $1.0979,2026-06-06 10:00:00-04:00,2026-06-06 10:15:00-04:00,1.1040,1.0979,yes
KXXRP15M-26JUN061015,Target Price: $1.0979,2026-06-06 10:00:00-04:00,2026-06-06 10:15:00-04:00,1.1040,1.0979,yes
KXXRP15M-26JUN061030,Target Price: $1.1040,2026-06-06 10:15:00-04:00,2026-06-06 10:30:00-04:00,1.1026,1.104,no
KXXRP15M-26JUN061030,Target Price: $1.1040,2026-06-06 10:15:00-04:00,2026-06-06 10:30:00-04:00,1.1026,1.104,no
KXXRP15M-26JUN061030,Target Price: $1.1040,2026-06-06 10:15:00-04:00,2026-06-06 10:30:00-04:00,1.1026,1.104,no
KXXRP15M-26JUN061030,Target Price: $1.1040,2026-06-06 10:15:00-04:00,2026-06-06 10:30:00-04:00,1.1026,1.104,no
KXXRP15M-26JUN061045,Target Price: $1.1026,2026-06-06 10:30:00-04:00,2026-06-06 10:45:00-04:00,1.1084,1.1026,yes
KXXRP15M-26JUN061045,Target Price: $1.1026,2026-06-06 10:30:00-04:00,2026-06-06 10:45:00-04:00,1.1084,1.1026,yes
KXXRP15M-26JUN061045,Target Price: $1.1026,2026-06-06 10:30:00-04:00,2026-06-06 10:45:00-04:00,1.1084,1.1026,yes
KXXRP15M-26JUN061045,Target Price: $1.1026,2026-06-06 10:30:00-04:00,2026-06-06 10:45:00-04:00,1.1084,1.1026,yes
KXXRP15M-26JUN061100,Target Price: $1.1084,2026-06-06 10:45:00-04:00,2026-06-06 11:00:00-04:00,1.1030,1.1084,no
KXXRP15M-26JUN061100,Target Price: $1.1084,2026-06-06 10:45:00-04:00,2026-06-06 11:00:00-04:00,1.1030,1.1084,no
KXXRP15M-26JUN061100,Target Price: $1.1084,2026-06-06 10:45:00-04:00,2026-06-06 11:00:00-04:00,1.1030,1.1084,no
KXXRP15M-26JUN061100,Target Price: $1.1084,2026-06-06 10:45:00-04:00,2026-06-06 11:00:00-04:00,1.1030,1.1084,no
KXXRP15M-26JUN061115,Target Price: $1.1030,2026-06-06 11:00:00-04:00,2026-06-06 11:15:00-04:00,1.0911,1.103,no
KXXRP15M-26JUN061115,Target Price: $1.1030,2026-06-06 11:00:00-04:00,2026-06-06 11:15:00-04:00,1.0911,1.103,no
KXXRP15M-26JUN061115,Target Price: $1.1030,2026-06-06 11:00:00-04:00,2026-06-06 11:15:00-04:00,1.0911,1.103,no
KXXRP15M-26JUN061115,Target Price: $1.1030,2026-06-06 11:00:00-04:00,2026-06-06 11:15:00-04:00,1.0911,1.103,no
KXXRP15M-26JUN061130,Target Price: $1.0911,2026-06-06 11:15:00-04:00,2026-06-06 11:30:00-04:00,1.0935,1.0911,yes
KXXRP15M-26JUN061130,Target Price: $1.0911,2026-06-06 11:15:00-04:00,2026-06-06 11:30:00-04:00,1.0935,1.0911,yes
KXXRP15M-26JUN061130,Target Price: $1.0911,2026-06-06 11:15:00-04:00,2026-06-06 11:30:00-04:00,1.0935,1.0911,yes
KXXRP15M-26JUN061130,Target Price: $1.0911,2026-06-06 11:15:00-04:00,2026-06-06 11:30:00-04:00,1.0935,1.0911,yes
KXXRP15M-26JUN061145,Target Price: $1.0935,2026-06-06 11:30:00-04:00,2026-06-06 11:45:00-04:00,1.0981,1.0935,yes
KXXRP15M-26JUN061145,Target Price: $1.0935,2026-06-06 11:30:00-04:00,2026-06-06 11:45:00-04:00,1.0981,1.0935,yes
KXXRP15M-26JUN061145,Target Price: $1.0935,2026-06-06 11:30:00-04:00,2026-06-06 11:45:00-04:00,1.0981,1.0935,yes
KXXRP15M-26JUN061145,Target Price: $1.0935,2026-06-06 11:30:00-04:00,2026-06-06 11:45:00-04:00,1.0981,1.0935,yes
KXXRP15M-26JUN061200,Target Price: $1.0981,2026-06-06 11:45:00-04:00,2026-06-06 12:00:00-04:00,1.0959,1.0981,no
KXXRP15M-26JUN061200,Target Price: $1.0981,2026-06-06 11:45:00-04:00,2026-06-06 12:00:00-04:00,1.0959,1.0981,no
KXXRP15M-26JUN061200,Target Price: $1.0981,2026-06-06 11:45:00-04:00,2026-06-06 12:00:00-04:00,1.0959,1.0981,no
KXXRP15M-26JUN061200,Target Price: $1.0981,2026-06-06 11:45:00-04:00,2026-06-06 12:00:00-04:00,1.0959,1.0981,no
KXXRP15M-26JUN061215,Target Price: $1.0959,2026-06-06 12:00:00-04:00,2026-06-06 12:15:00-04:00,1.0965,1.0959,yes
KXXRP15M-26JUN061215,Target Price: $1.0959,2026-06-06 12:00:00-04:00,2026-06-06 12:15:00-04:00,1.0965,1.0959,yes
KXXRP15M-26JUN061215,Target Price: $1.0959,2026-06-06 12:00:00-04:00,2026-06-06 12:15:00-04:00,1.0965,1.0959,yes
KXXRP15M-26JUN061215,Target Price: $1.0959,2026-06-06 12:00:00-04:00,2026-06-06 12:15:00-04:00,1.0965,1.0959,yes
KXXRP15M-26JUN061230,Target Price: $1.0965,2026-06-06 12:15:00-04:00,2026-06-06 12:30:00-04:00,1.0909,1.0965,no
KXXRP15M-26JUN061230,Target Price: $1.0965,2026-06-06 12:15:00-04:00,2026-06-06 12:30:00-04:00,1.0909,1.0965,no
KXXRP15M-26JUN061230,Target Price: $1.0965,2026-06-06 12:15:00-04:00,2026-06-06 12:30:00-04:00,1.0909,1.0965,no
KXXRP15M-26JUN061230,Target Price: $1.0965,2026-06-06 12:15:00-04:00,2026-06-06 12:30:00-04:00,1.0909,1.0965,no
KXXRP15M-26JUN061245,Target Price: $1.0909,2026-06-06 12:30:00-04:00,2026-06-06 12:45:00-04:00,1.0917,1.0909,yes
KXXRP15M-26JUN061245,Target Price: $1.0909,2026-06-06 12:30:00-04:00,2026-06-06 12:45:00-04:00,1.0917,1.0909,yes
KXXRP15M-26JUN061245,Target Price: $1.0909,2026-06-06 12:30:00-04:00,2026-06-06 12:45:00-04:00,1.0917,1.0909,yes
KXXRP15M-26JUN061245,Target Price: $1.0909,2026-06-06 12:30:00-04:00,2026-06-06 12:45:00-04:00,1.0917,1.0909,yes
KXXRP15M-26JUN061300,Target Price: $1.0917,2026-06-06 12:45:00-04:00,2026-06-06 13:00:00-04:00,1.0947,1.0917,yes
KXXRP15M-26JUN061300,Target Price: $1.0917,2026-06-06 12:45:00-04:00,2026-06-06 13:00:00-04:00,1.0947,1.0917,yes
KXXRP15M-26JUN061300,Target Price: $1.0917,2026-06-06 12:45:00-04:00,2026-06-06 13:00:00-04:00,1.0947,1.0917,yes
KXXRP15M-26JUN061300,Target Price: $1.0917,2026-06-06 12:45:00-04:00,2026-06-06 13:00:00-04:00,1.0947,1.0917,yes
KXXRP15M-26JUN061315,Target Price: $1.0947,2026-06-06 13:00:00-04:00,2026-06-06 13:15:00-04:00,1.0931,1.0947,no
KXXRP15M-26JUN061315,Target Price: $1.0947,2026-06-06 13:00:00-04:00,2026-06-06 13:15:00-04:00,1.0931,1.0947,no
KXXRP15M-26JUN061315,Target Price: $1.0947,2026-06-06 13:00:00-04:00,2026-06-06 13:15:00-04:00,1.0931,1.0947,no
KXXRP15M-26JUN061315,Target Price: $1.0947,2026-06-06 13:00:00-04:00,2026-06-06 13:15:00-04:00,1.0931,1.0947,no
KXXRP15M-26JUN061330,Target Price: $1.0931,2026-06-06 13:15:00-04:00,2026-06-06 13:30:00-04:00,1.0877,1.0931,no
KXXRP15M-26JUN061330,Target Price: $1.0931,2026-06-06 13:15:00-04:00,2026-06-06 13:30:00-04:00,1.0877,1.0931,no
KXXRP15M-26JUN061330,Target Price: $1.0931,2026-06-06 13:15:00-04:00,2026-06-06 13:30:00-04:00,1.0877,1.0931,no
KXXRP15M-26JUN061330,Target Price: $1.0931,2026-06-06 13:15:00-04:00,2026-06-06 13:30:00-04:00,1.0877,1.0931,no
KXXRP15M-26JUN061345,Target Price: $1.0877,2026-06-06 13:30:00-04:00,2026-06-06 13:45:00-04:00,1.0877,1.0877,yes
KXXRP15M-26JUN061345,Target Price: $1.0877,2026-06-06 13:30:00-04:00,2026-06-06 13:45:00-04:00,1.0877,1.0877,yes
KXXRP15M-26JUN061345,Target Price: $1.0877,2026-06-06 13:30:00-04:00,2026-06-06 13:45:00-04:00,1.0877,1.0877,yes
KXXRP15M-26JUN061345,Target Price: $1.0877,2026-06-06 13:30:00-04:00,2026-06-06 13:45:00-04:00,1.0877,1.0877,yes
KXXRP15M-26JUN061400,Target Price: $1.0877,2026-06-06 13:45:00-04:00,2026-06-06 14:00:00-04:00,1.0828,1.0877,no
KXXRP15M-26JUN061400,Target Price: $1.0877,2026-06-06 13:45:00-04:00,2026-06-06 14:00:00-04:00,1.0828,1.0877,no
KXXRP15M-26JUN061400,Target Price: $1.0877,2026-06-06 13:45:00-04:00,2026-06-06 14:00:00-04:00,1.0828,1.0877,no
KXXRP15M-26JUN061400,Target Price: $1.0877,2026-06-06 13:45:00-04:00,2026-06-06 14:00:00-04:00,1.0828,1.0877,no
KXXRP15M-26JUN061415,Target Price: $1.0828,2026-06-06 14:00:00-04:00,2026-06-06 14:15:00-04:00,1.0802,1.0828,no
KXXRP15M-26JUN061415,Target Price: $1.0828,2026-06-06 14:00:00-04:00,2026-06-06 14:15:00-04:00,1.0802,1.0828,no
KXXRP15M-26JUN061415,Target Price: $1.0828,2026-06-06 14:00:00-04:00,2026-06-06 14:15:00-04:00,1.0802,1.0828,no
KXXRP15M-26JUN061415,Target Price: $1.0828,2026-06-06 14:00:00-04:00,2026-06-06 14:15:00-04:00,1.0802,1.0828,no
KXXRP15M-26JUN061430,Target Price: $1.0802,2026-06-06 14:15:00-04:00,2026-06-06 14:30:00-04:00,1.0852,1.0802,yes
KXXRP15M-26JUN061430,Target Price: $1.0802,2026-06-06 14:15:00-04:00,2026-06-06 14:30:00-04:00,1.0852,1.0802,yes
KXXRP15M-26JUN061430,Target Price: $1.0802,2026-06-06 14:15:00-04:00,2026-06-06 14:30:00-04:00,1.0852,1.0802,yes
KXXRP15M-26JUN061430,Target Price: $1.0802,2026-06-06 14:15:00-04:00,2026-06-06 14:30:00-04:00,1.0852,1.0802,yes
KXXRP15M-26JUN061445,Target Price: $1.0852,2026-06-06 14:30:00-04:00,2026-06-06 14:45:00-04:00,1.0836,1.0852,no
KXXRP15M-26JUN061445,Target Price: $1.0852,2026-06-06 14:30:00-04:00,2026-06-06 14:45:00-04:00,1.0836,1.0852,no
KXXRP15M-26JUN061445,Target Price: $1.0852,2026-06-06 14:30:00-04:00,2026-06-06 14:45:00-04:00,1.0836,1.0852,no
KXXRP15M-26JUN061445,Target Price: $1.0852,2026-06-06 14:30:00-04:00,2026-06-06 14:45:00-04:00,1.0836,1.0852,no
KXXRP15M-26JUN061500,Target Price: $1.0836,2026-06-06 14:45:00-04:00,2026-06-06 15:00:00-04:00,1.0845,1.0836,yes
KXXRP15M-26JUN061500,Target Price: $1.0836,2026-06-06 14:45:00-04:00,2026-06-06 15:00:00-04:00,1.0845,1.0836,yes
KXXRP15M-26JUN061500,Target Price: $1.0836,2026-06-06 14:45:00-04:00,2026-06-06 15:00:00-04:00,1.0845,1.0836,yes
KXXRP15M-26JUN061500,Target Price: $1.0836,2026-06-06 14:45:00-04:00,2026-06-06 15:00:00-04:00,1.0845,1.0836,yes
KXXRP15M-26JUN061515,Target Price: $1.0845,2026-06-06 15:00:00-04:00,2026-06-06 15:15:00-04:00,1.0879,1.0845,yes
KXXRP15M-26JUN061515,Target Price: $1.0845,2026-06-06 15:00:00-04:00,2026-06-06 15:15:00-04:00,1.0879,1.0845,yes
KXXRP15M-26JUN061515,Target Price: $1.0845,2026-06-06 15:00:00-04:00,2026-06-06 15:15:00-04:00,1.0879,1.0845,yes
KXXRP15M-26JUN061515,Target Price: $1.0845,2026-06-06 15:00:00-04:00,2026-06-06 15:15:00-04:00,1.0879,1.0845,yes
KXXRP15M-26JUN061530,Target Price: $1.0879,2026-06-06 15:15:00-04:00,2026-06-06 15:30:00-04:00,1.0837,1.0879,no
KXXRP15M-26JUN061530,Target Price: $1.0879,2026-06-06 15:15:00-04:00,2026-06-06 15:30:00-04:00,1.0837,1.0879,no
KXXRP15M-26JUN061530,Target Price: $1.0879,2026-06-06 15:15:00-04:00,2026-06-06 15:30:00-04:00,1.0837,1.0879,no
KXXRP15M-26JUN061530,Target Price: $1.0879,2026-06-06 15:15:00-04:00,2026-06-06 15:30:00-04:00,1.0837,1.0879,no
KXXRP15M-26JUN061545,Target Price: $1.0837,2026-06-06 15:30:00-04:00,2026-06-06 15:45:00-04:00,1.0825,1.0837,no
KXXRP15M-26JUN061545,Target Price: $1.0837,2026-06-06 15:30:00-04:00,2026-06-06 15:45:00-04:00,1.0825,1.0837,no
KXXRP15M-26JUN061545,Target Price: $1.0837,2026-06-06 15:30:00-04:00,2026-06-06 15:45:00-04:00,1.0825,1.0837,no
KXXRP15M-26JUN061545,Target Price: $1.0837,2026-06-06 15:30:00-04:00,2026-06-06 15:45:00-04:00,1.0825,1.0837,no
KXXRP15M-26JUN061600,Target Price: $1.0825,2026-06-06 15:45:00-04:00,2026-06-06 16:00:00-04:00,1.0806,1.0825,no
KXXRP15M-26JUN061600,Target Price: $1.0825,2026-06-06 15:45:00-04:00,2026-06-06 16:00:00-04:00,1.0806,1.0825,no
KXXRP15M-26JUN061600,Target Price: $1.0825,2026-06-06 15:45:00-04:00,2026-06-06 16:00:00-04:00,1.0806,1.0825,no
KXXRP15M-26JUN061600,Target Price: $1.0825,2026-06-06 15:45:00-04:00,2026-06-06 16:00:00-04:00,1.0806,1.0825,no
KXXRP15M-26JUN061615,Target Price: $1.0806,2026-06-06 16:00:00-04:00,2026-06-06 16:15:00-04:00,1.0797,1.0806,no
KXXRP15M-26JUN061615,Target Price: $1.0806,2026-06-06 16:00:00-04:00,2026-06-06 16:15:00-04:00,1.0797,1.0806,no
KXXRP15M-26JUN061615,Target Price: $1.0806,2026-06-06 16:00:00-04:00,2026-06-06 16:15:00-04:00,1.0797,1.0806,no
KXXRP15M-26JUN061615,Target Price: $1.0806,2026-06-06 16:00:00-04:00,2026-06-06 16:15:00-04:00,1.0797,1.0806,no
KXXRP15M-26JUN061630,Target Price: $1.0797,2026-06-06 16:15:00-04:00,2026-06-06 16:30:00-04:00,1.0789,1.0797,no
KXXRP15M-26JUN061630,Target Price: $1.0797,2026-06-06 16:15:00-04:00,2026-06-06 16:30:00-04:00,1.0789,1.0797,no
KXXRP15M-26JUN061630,Target Price: $1.0797,2026-06-06 16:15:00-04:00,2026-06-06 16:30:00-04:00,1.0789,1.0797,no
KXXRP15M-26JUN061630,Target Price: $1.0797,2026-06-06 16:15:00-04:00,2026-06-06 16:30:00-04:00,1.0789,1.0797,no
KXXRP15M-26JUN061645,Target Price: $1.0789,2026-06-06 16:30:00-04:00,2026-06-06 16:45:00-04:00,1.0839,1.0789,yes
KXXRP15M-26JUN061645,Target Price: $1.0789,2026-06-06 16:30:00-04:00,2026-06-06 16:45:00-04:00,1.0839,1.0789,yes
KXXRP15M-26JUN061645,Target Price: $1.0789,2026-06-06 16:30:00-04:00,2026-06-06 16:45:00-04:00,1.0839,1.0789,yes
KXXRP15M-26JUN061645,Target Price: $1.0789,2026-06-06 16:30:00-04:00,2026-06-06 16:45:00-04:00,1.0839,1.0789,yes
KXXRP15M-26JUN061700,Target Price: $1.0839,2026-06-06 16:45:00-04:00,2026-06-06 17:00:00-04:00,1.0843,1.0839,yes
KXXRP15M-26JUN061700,Target Price: $1.0839,2026-06-06 16:45:00-04:00,2026-06-06 17:00:00-04:00,1.0843,1.0839,yes
KXXRP15M-26JUN061700,Target Price: $1.0839,2026-06-06 16:45:00-04:00,2026-06-06 17:00:00-04:00,1.0843,1.0839,yes
KXXRP15M-26JUN061700,Target Price: $1.0839,2026-06-06 16:45:00-04:00,2026-06-06 17:00:00-04:00,1.0843,1.0839,yes
KXXRP15M-26JUN061715,Target Price: $1.0843,2026-06-06 17:00:00-04:00,2026-06-06 17:15:00-04:00,1.0872,1.0843,yes
KXXRP15M-26JUN061715,Target Price: $1.0843,2026-06-06 17:00:00-04:00,2026-06-06 17:15:00-04:00,1.0872,1.0843,yes
KXXRP15M-26JUN061715,Target Price: $1.0843,2026-06-06 17:00:00-04:00,2026-06-06 17:15:00-04:00,1.0872,1.0843,yes
KXXRP15M-26JUN061715,Target Price: $1.0843,2026-06-06 17:00:00-04:00,2026-06-06 17:15:00-04:00,1.0872,1.0843,yes
KXXRP15M-26JUN061730,Target Price: $1.0872,2026-06-06 17:15:00-04:00,2026-06-06 17:30:00-04:00,1.0906,1.0872,yes
KXXRP15M-26JUN061730,Target Price: $1.0872,2026-06-06 17:15:00-04:00,2026-06-06 17:30:00-04:00,1.0906,1.0872,yes
KXXRP15M-26JUN061730,Target Price: $1.0872,2026-06-06 17:15:00-04:00,2026-06-06 17:30:00-04:00,1.0906,1.0872,yes
KXXRP15M-26JUN061730,Target Price: $1.0872,2026-06-06 17:15:00-04:00,2026-06-06 17:30:00-04:00,1.0906,1.0872,yes
KXXRP15M-26JUN061745,Target Price: $1.0906,2026-06-06 17:30:00-04:00,2026-06-06 17:45:00-04:00,1.0901,1.0906,no
KXXRP15M-26JUN061745,Target Price: $1.0906,2026-06-06 17:30:00-04:00,2026-06-06 17:45:00-04:00,1.0901,1.0906,no
KXXRP15M-26JUN061745,Target Price: $1.0906,2026-06-06 17:30:00-04:00,2026-06-06 17:45:00-04:00,1.0901,1.0906,no
KXXRP15M-26JUN061745,Target Price: $1.0906,2026-06-06 17:30:00-04:00,2026-06-06 17:45:00-04:00,1.0901,1.0906,no
KXXRP15M-26JUN061800,Target Price: $1.0901,2026-06-06 17:45:00-04:00,2026-06-06 18:00:00-04:00,1.0875,1.0901,no
KXXRP15M-26JUN061800,Target Price: $1.0901,2026-06-06 17:45:00-04:00,2026-06-06 18:00:00-04:00,1.0875,1.0901,no
KXXRP15M-26JUN061800,Target Price: $1.0901,2026-06-06 17:45:00-04:00,2026-06-06 18:00:00-04:00,1.0875,1.0901,no
KXXRP15M-26JUN061800,Target Price: $1.0901,2026-06-06 17:45:00-04:00,2026-06-06 18:00:00-04:00,1.0875,1.0901,no
KXXRP15M-26JUN061815,Target Price: $1.0875,2026-06-06 18:00:00-04:00,2026-06-06 18:15:00-04:00,1.0843,1.0875,no
KXXRP15M-26JUN061815,Target Price: $1.0875,2026-06-06 18:00:00-04:00,2026-06-06 18:15:00-04:00,1.0843,1.0875,no
KXXRP15M-26JUN061815,Target Price: $1.0875,2026-06-06 18:00:00-04:00,2026-06-06 18:15:00-04:00,1.0843,1.0875,no
KXXRP15M-26JUN061815,Target Price: $1.0875,2026-06-06 18:00:00-04:00,2026-06-06 18:15:00-04:00,1.0843,1.0875,no
KXXRP15M-26JUN061830,Target Price: $1.0843,2026-06-06 18:15:00-04:00,2026-06-06 18:30:00-04:00,1.0817,1.0843,no
KXXRP15M-26JUN061830,Target Price: $1.0843,2026-06-06 18:15:00-04:00,2026-06-06 18:30:00-04:00,1.0817,1.0843,no
KXXRP15M-26JUN061830,Target Price: $1.0843,2026-06-06 18:15:00-04:00,2026-06-06 18:30:00-04:00,1.0817,1.0843,no
KXXRP15M-26JUN061830,Target Price: $1.0843,2026-06-06 18:15:00-04:00,2026-06-06 18:30:00-04:00,1.0817,1.0843,no
KXXRP15M-26JUN061845,Target Price: $1.0817,2026-06-06 18:30:00-04:00,2026-06-06 18:45:00-04:00,1.0851,1.0817,yes
KXXRP15M-26JUN061845,Target Price: $1.0817,2026-06-06 18:30:00-04:00,2026-06-06 18:45:00-04:00,1.0851,1.0817,yes
KXXRP15M-26JUN061845,Target Price: $1.0817,2026-06-06 18:30:00-04:00,2026-06-06 18:45:00-04:00,1.0851,1.0817,yes
KXXRP15M-26JUN061845,Target Price: $1.0817,2026-06-06 18:30:00-04:00,2026-06-06 18:45:00-04:00,1.0851,1.0817,yes
KXXRP15M-26JUN061900,Target Price: $1.0851,2026-06-06 18:45:00-04:00,2026-06-06 19:00:00-04:00,1.0873,1.0851,yes
KXXRP15M-26JUN061900,Target Price: $1.0851,2026-06-06 18:45:00-04:00,2026-06-06 19:00:00-04:00,1.0873,1.0851,yes
KXXRP15M-26JUN061900,Target Price: $1.0851,2026-06-06 18:45:00-04:00,2026-06-06 19:00:00-04:00,1.0873,1.0851,yes
KXXRP15M-26JUN061900,Target Price: $1.0851,2026-06-06 18:45:00-04:00,2026-06-06 19:00:00-04:00,1.0873,1.0851,yes
KXXRP15M-26JUN061915,Target Price: $1.0873,2026-06-06 19:00:00-04:00,2026-06-06 19:15:00-04:00,1.0901,1.0873,yes
KXXRP15M-26JUN061915,Target Price: $1.0873,2026-06-06 19:00:00-04:00,2026-06-06 19:15:00-04:00,1.0901,1.0873,yes
KXXRP15M-26JUN061915,Target Price: $1.0873,2026-06-06 19:00:00-04:00,2026-06-06 19:15:00-04:00,1.0901,1.0873,yes
KXXRP15M-26JUN061915,Target Price: $1.0873,2026-06-06 19:00:00-04:00,2026-06-06 19:15:00-04:00,1.0901,1.0873,yes
KXXRP15M-26JUN061930,Target Price: $1.0901,2026-06-06 19:15:00-04:00,2026-06-06 19:30:00-04:00,1.0886,1.0901,no
KXXRP15M-26JUN061930,Target Price: $1.0901,2026-06-06 19:15:00-04:00,2026-06-06 19:30:00-04:00,1.0886,1.0901,no
KXXRP15M-26JUN061930,Target Price: $1.0901,2026-06-06 19:15:00-04:00,2026-06-06 19:30:00-04:00,1.0886,1.0901,no
KXXRP15M-26JUN061930,Target Price: $1.0901,2026-06-06 19:15:00-04:00,2026-06-06 19:30:00-04:00,1.0886,1.0901,no
KXXRP15M-26JUN061945,Target Price: $1.0886,2026-06-06 19:30:00-04:00,2026-06-06 19:45:00-04:00,1.0933,1.0886,yes
KXXRP15M-26JUN061945,Target Price: $1.0886,2026-06-06 19:30:00-04:00,2026-06-06 19:45:00-04:00,1.0933,1.0886,yes
KXXRP15M-26JUN061945,Target Price: $1.0886,2026-06-06 19:30:00-04:00,2026-06-06 19:45:00-04:00,1.0933,1.0886,yes
KXXRP15M-26JUN061945,Target Price: $1.0886,2026-06-06 19:30:00-04:00,2026-06-06 19:45:00-04:00,1.0933,1.0886,yes
KXXRP15M-26JUN062000,Target Price: $1.0933,2026-06-06 19:45:00-04:00,2026-06-06 20:00:00-04:00,1.0930,1.0933,no
KXXRP15M-26JUN062000,Target Price: $1.0933,2026-06-06 19:45:00-04:00,2026-06-06 20:00:00-04:00,1.0930,1.0933,no
KXXRP15M-26JUN062000,Target Price: $1.0933,2026-06-06 19:45:00-04:00,2026-06-06 20:00:00-04:00,1.0930,1.0933,no
KXXRP15M-26JUN062000,Target Price: $1.0933,2026-06-06 19:45:00-04:00,2026-06-06 20:00:00-04:00,1.0930,1.0933,no
KXXRP15M-26JUN062015,Target Price: $1.0930,2026-06-06 20:00:00-04:00,2026-06-06 20:15:00-04:00,1.0912,1.093,no
KXXRP15M-26JUN062015,Target Price: $1.0930,2026-06-06 20:00:00-04:00,2026-06-06 20:15:00-04:00,1.0912,1.093,no
KXXRP15M-26JUN062015,Target Price: $1.0930,2026-06-06 20:00:00-04:00,2026-06-06 20:15:00-04:00,1.0912,1.093,no
KXXRP15M-26JUN062015,Target Price: $1.0930,2026-06-06 20:00:00-04:00,2026-06-06 20:15:00-04:00,1.0912,1.093,no
KXXRP15M-26JUN062030,Target Price: $1.0912,2026-06-06 20:15:00-04:00,2026-06-06 20:30:00-04:00,1.0931,1.0912,yes
KXXRP15M-26JUN062030,Target Price: $1.0912,2026-06-06 20:15:00-04:00,2026-06-06 20:30:00-04:00,1.0931,1.0912,yes
KXXRP15M-26JUN062030,Target Price: $1.0912,2026-06-06 20:15:00-04:00,2026-06-06 20:30:00-04:00,1.0931,1.0912,yes
KXXRP15M-26JUN062030,Target Price: $1.0912,2026-06-06 20:15:00-04:00,2026-06-06 20:30:00-04:00,1.0931,1.0912,yes
KXXRP15M-26JUN062045,Target Price: $1.0931,2026-06-06 20:30:00-04:00,2026-06-06 20:45:00-04:00,1.0925,1.0931,no
KXXRP15M-26JUN062045,Target Price: $1.0931,2026-06-06 20:30:00-04:00,2026-06-06 20:45:00-04:00,1.0925,1.0931,no
KXXRP15M-26JUN062045,Target Price: $1.0931,2026-06-06 20:30:00-04:00,2026-06-06 20:45:00-04:00,1.0925,1.0931,no
KXXRP15M-26JUN062045,Target Price: $1.0931,2026-06-06 20:30:00-04:00,2026-06-06 20:45:00-04:00,1.0925,1.0931,no
KXXRP15M-26JUN062100,Target Price: $1.0925,2026-06-06 20:45:00-04:00,2026-06-06 21:00:00-04:00,1.0893,1.0925,no
KXXRP15M-26JUN062100,Target Price: $1.0925,2026-06-06 20:45:00-04:00,2026-06-06 21:00:00-04:00,1.0893,1.0925,no
KXXRP15M-26JUN062100,Target Price: $1.0925,2026-06-06 20:45:00-04:00,2026-06-06 21:00:00-04:00,1.0893,1.0925,no
KXXRP15M-26JUN062100,Target Price: $1.0925,2026-06-06 20:45:00-04:00,2026-06-06 21:00:00-04:00,1.0893,1.0925,no
KXXRP15M-26JUN062115,Target Price: $1.0893,2026-06-06 21:00:00-04:00,2026-06-06 21:15:00-04:00,1.1026,1.0893,yes
KXXRP15M-26JUN062115,Target Price: $1.0893,2026-06-06 21:00:00-04:00,2026-06-06 21:15:00-04:00,1.1026,1.0893,yes
KXXRP15M-26JUN062115,Target Price: $1.0893,2026-06-06 21:00:00-04:00,2026-06-06 21:15:00-04:00,1.1026,1.0893,yes
KXXRP15M-26JUN062115,Target Price: $1.0893,2026-06-06 21:00:00-04:00,2026-06-06 21:15:00-04:00,1.1026,1.0893,yes
KXXRP15M-26JUN062130,Target Price: $1.1026,2026-06-06 21:15:00-04:00,2026-06-06 21:30:00-04:00,1.1140,1.1026,yes
KXXRP15M-26JUN062130,Target Price: $1.1026,2026-06-06 21:15:00-04:00,2026-06-06 21:30:00-04:00,1.1140,1.1026,yes
KXXRP15M-26JUN062130,Target Price: $1.1026,2026-06-06 21:15:00-04:00,2026-06-06 21:30:00-04:00,1.1140,1.1026,yes
KXXRP15M-26JUN062130,Target Price: $1.1026,2026-06-06 21:15:00-04:00,2026-06-06 21:30:00-04:00,1.1140,1.1026,yes
KXXRP15M-26JUN062145,Target Price: $1.1140,2026-06-06 21:30:00-04:00,2026-06-06 21:45:00-04:00,1.1151,1.114,yes
KXXRP15M-26JUN062145,Target Price: $1.1140,2026-06-06 21:30:00-04:00,2026-06-06 21:45:00-04:00,1.1151,1.114,yes
KXXRP15M-26JUN062145,Target Price: $1.1140,2026-06-06 21:30:00-04:00,2026-06-06 21:45:00-04:00,1.1151,1.114,yes
KXXRP15M-26JUN062145,Target Price: $1.1140,2026-06-06 21:30:00-04:00,2026-06-06 21:45:00-04:00,1.1151,1.114,yes
KXXRP15M-26JUN062200,Target Price: $1.1151,2026-06-06 21:45:00-04:00,2026-06-06 22:00:00-04:00,1.1161,1.1151,yes
KXXRP15M-26JUN062200,Target Price: $1.1151,2026-06-06 21:45:00-04:00,2026-06-06 22:00:00-04:00,1.1161,1.1151,yes
KXXRP15M-26JUN062200,Target Price: $1.1151,2026-06-06 21:45:00-04:00,2026-06-06 22:00:00-04:00,1.1161,1.1151,yes
KXXRP15M-26JUN062200,Target Price: $1.1151,2026-06-06 21:45:00-04:00,2026-06-06 22:00:00-04:00,1.1161,1.1151,yes
KXXRP15M-26JUN062215,Target Price: $1.1161,2026-06-06 22:00:00-04:00,2026-06-06 22:15:00-04:00,1.1169,1.1161,yes
KXXRP15M-26JUN062215,Target Price: $1.1161,2026-06-06 22:00:00-04:00,2026-06-06 22:15:00-04:00,1.1169,1.1161,yes
KXXRP15M-26JUN062215,Target Price: $1.1161,2026-06-06 22:00:00-04:00,2026-06-06 22:15:00-04:00,1.1169,1.1161,yes
KXXRP15M-26JUN062215,Target Price: $1.1161,2026-06-06 22:00:00-04:00,2026-06-06 22:15:00-04:00,1.1169,1.1161,yes
KXXRP15M-26JUN062230,Target Price: $1.1169,2026-06-06 22:15:00-04:00,2026-06-06 22:30:00-04:00,1.1080,1.1169,no
KXXRP15M-26JUN062230,Target Price: $1.1169,2026-06-06 22:15:00-04:00,2026-06-06 22:30:00-04:00,1.1080,1.1169,no
KXXRP15M-26JUN062230,Target Price: $1.1169,2026-06-06 22:15:00-04:00,2026-06-06 22:30:00-04:00,1.1080,1.1169,no
KXXRP15M-26JUN062230,Target Price: $1.1169,2026-06-06 22:15:00-04:00,2026-06-06 22:30:00-04:00,1.1080,1.1169,no
KXXRP15M-26JUN062245,Target Price: $1.1080,2026-06-06 22:30:00-04:00,2026-06-06 22:45:00-04:00,1.1131,1.108,yes
KXXRP15M-26JUN062245,Target Price: $1.1080,2026-06-06 22:30:00-04:00,2026-06-06 22:45:00-04:00,1.1131,1.108,yes
KXXRP15M-26JUN062245,Target Price: $1.1080,2026-06-06 22:30:00-04:00,2026-06-06 22:45:00-04:00,1.1131,1.108,yes
KXXRP15M-26JUN062245,Target Price: $1.1080,2026-06-06 22:30:00-04:00,2026-06-06 22:45:00-04:00,1.1131,1.108,yes
KXXRP15M-26JUN062300,Target Price: $1.1131,2026-06-06 22:45:00-04:00,2026-06-06 23:00:00-04:00,1.1193,1.1131,yes
KXXRP15M-26JUN062300,Target Price: $1.1131,2026-06-06 22:45:00-04:00,2026-06-06 23:00:00-04:00,1.1193,1.1131,yes
KXXRP15M-26JUN062300,Target Price: $1.1131,2026-06-06 22:45:00-04:00,2026-06-06 23:00:00-04:00,1.1193,1.1131,yes
KXXRP15M-26JUN062300,Target Price: $1.1131,2026-06-06 22:45:00-04:00,2026-06-06 23:00:00-04:00,1.1193,1.1131,yes
KXXRP15M-26JUN062315,Target Price: $1.1193,2026-06-06 23:00:00-04:00,2026-06-06 23:15:00-04:00,1.1201,1.1193,yes
KXXRP15M-26JUN062315,Target Price: $1.1193,2026-06-06 23:00:00-04:00,2026-06-06 23:15:00-04:00,1.1201,1.1193,yes
KXXRP15M-26JUN062315,Target Price: $1.1193,2026-06-06 23:00:00-04:00,2026-06-06 23:15:00-04:00,1.1201,1.1193,yes
KXXRP15M-26JUN062315,Target Price: $1.1193,2026-06-06 23:00:00-04:00,2026-06-06 23:15:00-04:00,1.1201,1.1193,yes
KXXRP15M-26JUN062330,Target Price: $1.1201,2026-06-06 23:15:00-04:00,2026-06-06 23:30:00-04:00,1.1208,1.1201,yes
KXXRP15M-26JUN062330,Target Price: $1.1201,2026-06-06 23:15:00-04:00,2026-06-06 23:30:00-04:00,1.1208,1.1201,yes
KXXRP15M-26JUN062330,Target Price: $1.1201,2026-06-06 23:15:00-04:00,2026-06-06 23:30:00-04:00,1.1208,1.1201,yes
KXXRP15M-26JUN062330,Target Price: $1.1201,2026-06-06 23:15:00-04:00,2026-06-06 23:30:00-04:00,1.1208,1.1201,yes
KXXRP15M-26JUN062345,Target Price: $1.1208,2026-06-06 23:30:00-04:00,2026-06-06 23:45:00-04:00,1.1180,1.1208,no
KXXRP15M-26JUN062345,Target Price: $1.1208,2026-06-06 23:30:00-04:00,2026-06-06 23:45:00-04:00,1.1180,1.1208,no
KXXRP15M-26JUN062345,Target Price: $1.1208,2026-06-06 23:30:00-04:00,2026-06-06 23:45:00-04:00,1.1180,1.1208,no
KXXRP15M-26JUN062345,Target Price: $1.1208,2026-06-06 23:30:00-04:00,2026-06-06 23:45:00-04:00,1.1180,1.1208,no
KXXRP15M-26JUN070000,Target Price: $1.1180,2026-06-06 23:45:00-04:00,2026-06-07 00:00:00-04:00,1.1183,1.118,yes
KXXRP15M-26JUN070000,Target Price: $1.1180,2026-06-06 23:45:00-04:00,2026-06-07 00:00:00-04:00,1.1183,1.118,yes
KXXRP15M-26JUN070000,Target Price: $1.1180,2026-06-06 23:45:00-04:00,2026-06-07 00:00:00-04:00,1.1183,1.118,yes
KXXRP15M-26JUN070000,Target Price: $1.1180,2026-06-06 23:45:00-04:00,2026-06-07 00:00:00-04:00,1.1183,1.118,yes
KXXRP15M-26JUN070015,Target Price: $1.1183,2026-06-07 00:00:00-04:00,2026-06-07 00:15:00-04:00,1.1145,1.1183,no
KXXRP15M-26JUN070015,Target Price: $1.1183,2026-06-07 00:00:00-04:00,2026-06-07 00:15:00-04:00,1.1145,1.1183,no
KXXRP15M-26JUN070015,Target Price: $1.1183,2026-06-07 00:00:00-04:00,2026-06-07 00:15:00-04:00,1.1145,1.1183,no
KXXRP15M-26JUN070015,Target Price: $1.1183,2026-06-07 00:00:00-04:00,2026-06-07 00:15:00-04:00,1.1145,1.1183,no
KXXRP15M-26JUN070030,Target Price: $1.1145,2026-06-07 00:15:00-04:00,2026-06-07 00:30:00-04:00,1.1116,1.1145,no
KXXRP15M-26JUN070030,Target Price: $1.1145,2026-06-07 00:15:00-04:00,2026-06-07 00:30:00-04:00,1.1116,1.1145,no
KXXRP15M-26JUN070030,Target Price: $1.1145,2026-06-07 00:15:00-04:00,2026-06-07 00:30:00-04:00,1.1116,1.1145,no
KXXRP15M-26JUN070030,Target Price: $1.1145,2026-06-07 00:15:00-04:00,2026-06-07 00:30:00-04:00,1.1116,1.1145,no
KXXRP15M-26JUN070045,Target Price: $1.1116,2026-06-07 00:30:00-04:00,2026-06-07 00:45:00-04:00,1.1200,1.1116,yes
KXXRP15M-26JUN070045,Target Price: $1.1116,2026-06-07 00:30:00-04:00,2026-06-07 00:45:00-04:00,1.1200,1.1116,yes
KXXRP15M-26JUN070045,Target Price: $1.1116,2026-06-07 00:30:00-04:00,2026-06-07 00:45:00-04:00,1.1200,1.1116,yes
KXXRP15M-26JUN070045,Target Price: $1.1116,2026-06-07 00:30:00-04:00,2026-06-07 00:45:00-04:00,1.1200,1.1116,yes
KXXRP15M-26JUN070100,Target Price: $1.1200,2026-06-07 00:45:00-04:00,2026-06-07 01:00:00-04:00,1.1211,1.12,yes
KXXRP15M-26JUN070100,Target Price: $1.1200,2026-06-07 00:45:00-04:00,2026-06-07 01:00:00-04:00,1.1211,1.12,yes
KXXRP15M-26JUN070100,Target Price: $1.1200,2026-06-07 00:45:00-04:00,2026-06-07 01:00:00-04:00,1.1211,1.12,yes
KXXRP15M-26JUN070100,Target Price: $1.1200,2026-06-07 00:45:00-04:00,2026-06-07 01:00:00-04:00,1.1211,1.12,yes
KXXRP15M-26JUN070115,Target Price: $1.1211,2026-06-07 01:00:00-04:00,2026-06-07 01:15:00-04:00,1.1229,1.1211,yes
KXXRP15M-26JUN070115,Target Price: $1.1211,2026-06-07 01:00:00-04:00,2026-06-07 01:15:00-04:00,1.1229,1.1211,yes
KXXRP15M-26JUN070115,Target Price: $1.1211,2026-06-07 01:00:00-04:00,2026-06-07 01:15:00-04:00,1.1229,1.1211,yes
KXXRP15M-26JUN070115,Target Price: $1.1211,2026-06-07 01:00:00-04:00,2026-06-07 01:15:00-04:00,1.1229,1.1211,yes
KXXRP15M-26JUN070130,Target Price: $1.1229,2026-06-07 01:15:00-04:00,2026-06-07 01:30:00-04:00,1.1214,1.1229,no
KXXRP15M-26JUN070130,Target Price: $1.1229,2026-06-07 01:15:00-04:00,2026-06-07 01:30:00-04:00,1.1214,1.1229,no
KXXRP15M-26JUN070130,Target Price: $1.1229,2026-06-07 01:15:00-04:00,2026-06-07 01:30:00-04:00,1.1214,1.1229,no
KXXRP15M-26JUN070130,Target Price: $1.1229,2026-06-07 01:15:00-04:00,2026-06-07 01:30:00-04:00,1.1214,1.1229,no
KXXRP15M-26JUN070145,Target Price: $1.1214,2026-06-07 01:30:00-04:00,2026-06-07 01:45:00-04:00,1.1222,1.1214,yes
KXXRP15M-26JUN070145,Target Price: $1.1214,2026-06-07 01:30:00-04:00,2026-06-07 01:45:00-04:00,1.1222,1.1214,yes
KXXRP15M-26JUN070145,Target Price: $1.1214,2026-06-07 01:30:00-04:00,2026-06-07 01:45:00-04:00,1.1222,1.1214,yes
KXXRP15M-26JUN070145,Target Price: $1.1214,2026-06-07 01:30:00-04:00,2026-06-07 01:45:00-04:00,1.1222,1.1214,yes
KXXRP15M-26JUN070200,Target Price: $1.1222,2026-06-07 01:45:00-04:00,2026-06-07 02:00:00-04:00,1.1198,1.1222,no
KXXRP15M-26JUN070200,Target Price: $1.1222,2026-06-07 01:45:00-04:00,2026-06-07 02:00:00-04:00,1.1198,1.1222,no
KXXRP15M-26JUN070200,Target Price: $1.1222,2026-06-07 01:45:00-04:00,2026-06-07 02:00:00-04:00,1.1198,1.1222,no
KXXRP15M-26JUN070200,Target Price: $1.1222,2026-06-07 01:45:00-04:00,2026-06-07 02:00:00-04:00,1.1198,1.1222,no
KXXRP15M-26JUN070215,Target Price: $1.1198,2026-06-07 02:00:00-04:00,2026-06-07 02:15:00-04:00,1.1181,1.1198,no
KXXRP15M-26JUN070215,Target Price: $1.1198,2026-06-07 02:00:00-04:00,2026-06-07 02:15:00-04:00,1.1181,1.1198,no
KXXRP15M-26JUN070215,Target Price: $1.1198,2026-06-07 02:00:00-04:00,2026-06-07 02:15:00-04:00,1.1181,1.1198,no
KXXRP15M-26JUN070215,Target Price: $1.1198,2026-06-07 02:00:00-04:00,2026-06-07 02:15:00-04:00,1.1181,1.1198,no
KXXRP15M-26JUN070230,Target Price: $1.1181,2026-06-07 02:15:00-04:00,2026-06-07 02:30:00-04:00,1.1251,1.1181,yes
KXXRP15M-26JUN070230,Target Price: $1.1181,2026-06-07 02:15:00-04:00,2026-06-07 02:30:00-04:00,1.1251,1.1181,yes
KXXRP15M-26JUN070230,Target Price: $1.1181,2026-06-07 02:15:00-04:00,2026-06-07 02:30:00-04:00,1.1251,1.1181,yes
KXXRP15M-26JUN070230,Target Price: $1.1181,2026-06-07 02:15:00-04:00,2026-06-07 02:30:00-04:00,1.1251,1.1181,yes
KXXRP15M-26JUN070245,Target Price: $1.1251,2026-06-07 02:30:00-04:00,2026-06-07 02:45:00-04:00,1.1268,1.1251,yes
KXXRP15M-26JUN070245,Target Price: $1.1251,2026-06-07 02:30:00-04:00,2026-06-07 02:45:00-04:00,1.1268,1.1251,yes
KXXRP15M-26JUN070245,Target Price: $1.1251,2026-06-07 02:30:00-04:00,2026-06-07 02:45:00-04:00,1.1268,1.1251,yes
KXXRP15M-26JUN070245,Target Price: $1.1251,2026-06-07 02:30:00-04:00,2026-06-07 02:45:00-04:00,1.1268,1.1251,yes
KXXRP15M-26JUN070300,Target Price: $1.1268,2026-06-07 02:45:00-04:00,2026-06-07 03:00:00-04:00,1.1264,1.1268,no
KXXRP15M-26JUN070300,Target Price: $1.1268,2026-06-07 02:45:00-04:00,2026-06-07 03:00:00-04:00,1.1264,1.1268,no
KXXRP15M-26JUN070300,Target Price: $1.1268,2026-06-07 02:45:00-04:00,2026-06-07 03:00:00-04:00,1.1264,1.1268,no
KXXRP15M-26JUN070300,Target Price: $1.1268,2026-06-07 02:45:00-04:00,2026-06-07 03:00:00-04:00,1.1264,1.1268,no
KXXRP15M-26JUN070315,Target Price: $1.1264,2026-06-07 03:00:00-04:00,2026-06-07 03:15:00-04:00,1.1265,1.1264,yes
KXXRP15M-26JUN070315,Target Price: $1.1264,2026-06-07 03:00:00-04:00,2026-06-07 03:15:00-04:00,1.1265,1.1264,yes
KXXRP15M-26JUN070315,Target Price: $1.1264,2026-06-07 03:00:00-04:00,2026-06-07 03:15:00-04:00,1.1265,1.1264,yes
KXXRP15M-26JUN070315,Target Price: $1.1264,2026-06-07 03:00:00-04:00,2026-06-07 03:15:00-04:00,1.1265,1.1264,yes
KXXRP15M-26JUN070330,Target Price: $1.1265,2026-06-07 03:15:00-04:00,2026-06-07 03:30:00-04:00,1.1301,1.1265,yes
KXXRP15M-26JUN070330,Target Price: $1.1265,2026-06-07 03:15:00-04:00,2026-06-07 03:30:00-04:00,1.1301,1.1265,yes
KXXRP15M-26JUN070330,Target Price: $1.1265,2026-06-07 03:15:00-04:00,2026-06-07 03:30:00-04:00,1.1301,1.1265,yes
KXXRP15M-26JUN070330,Target Price: $1.1265,2026-06-07 03:15:00-04:00,2026-06-07 03:30:00-04:00,1.1301,1.1265,yes
KXXRP15M-26JUN070345,Target Price: $1.1301,2026-06-07 03:30:00-04:00,2026-06-07 03:45:00-04:00,1.1328,1.1301,yes
KXXRP15M-26JUN070345,Target Price: $1.1301,2026-06-07 03:30:00-04:00,2026-06-07 03:45:00-04:00,1.1328,1.1301,yes
KXXRP15M-26JUN070345,Target Price: $1.1301,2026-06-07 03:30:00-04:00,2026-06-07 03:45:00-04:00,1.1328,1.1301,yes
KXXRP15M-26JUN070345,Target Price: $1.1301,2026-06-07 03:30:00-04:00,2026-06-07 03:45:00-04:00,1.1328,1.1301,yes
KXXRP15M-26JUN070400,Target Price: $1.1328,2026-06-07 03:45:00-04:00,2026-06-07 04:00:00-04:00,1.1366,1.1328,yes
KXXRP15M-26JUN070400,Target Price: $1.1328,2026-06-07 03:45:00-04:00,2026-06-07 04:00:00-04:00,1.1366,1.1328,yes
KXXRP15M-26JUN070400,Target Price: $1.1328,2026-06-07 03:45:00-04:00,2026-06-07 04:00:00-04:00,1.1366,1.1328,yes
KXXRP15M-26JUN070400,Target Price: $1.1328,2026-06-07 03:45:00-04:00,2026-06-07 04:00:00-04:00,1.1366,1.1328,yes
KXXRP15M-26JUN070415,Target Price: $1.1366,2026-06-07 04:00:00-04:00,2026-06-07 04:15:00-04:00,1.1340,1.1366,no
KXXRP15M-26JUN070415,Target Price: $1.1366,2026-06-07 04:00:00-04:00,2026-06-07 04:15:00-04:00,1.1340,1.1366,no
KXXRP15M-26JUN070415,Target Price: $1.1366,2026-06-07 04:00:00-04:00,2026-06-07 04:15:00-04:00,1.1340,1.1366,no
KXXRP15M-26JUN070415,Target Price: $1.1366,2026-06-07 04:00:00-04:00,2026-06-07 04:15:00-04:00,1.1340,1.1366,no
KXXRP15M-26JUN070430,Target Price: $1.1340,2026-06-07 04:15:00-04:00,2026-06-07 04:30:00-04:00,1.1387,1.134,yes
KXXRP15M-26JUN070430,Target Price: $1.1340,2026-06-07 04:15:00-04:00,2026-06-07 04:30:00-04:00,1.1387,1.134,yes
KXXRP15M-26JUN070430,Target Price: $1.1340,2026-06-07 04:15:00-04:00,2026-06-07 04:30:00-04:00,1.1387,1.134,yes
KXXRP15M-26JUN070430,Target Price: $1.1340,2026-06-07 04:15:00-04:00,2026-06-07 04:30:00-04:00,1.1387,1.134,yes
KXXRP15M-26JUN070445,Target Price: $1.1387,2026-06-07 04:30:00-04:00,2026-06-07 04:45:00-04:00,1.1404,1.1387,yes
KXXRP15M-26JUN070445,Target Price: $1.1387,2026-06-07 04:30:00-04:00,2026-06-07 04:45:00-04:00,1.1404,1.1387,yes
KXXRP15M-26JUN070445,Target Price: $1.1387,2026-06-07 04:30:00-04:00,2026-06-07 04:45:00-04:00,1.1404,1.1387,yes
KXXRP15M-26JUN070445,Target Price: $1.1387,2026-06-07 04:30:00-04:00,2026-06-07 04:45:00-04:00,1.1404,1.1387,yes
KXXRP15M-26JUN070500,Target Price: $1.1404,2026-06-07 04:45:00-04:00,2026-06-07 05:00:00-04:00,1.1527,1.1404,yes
KXXRP15M-26JUN070500,Target Price: $1.1404,2026-06-07 04:45:00-04:00,2026-06-07 05:00:00-04:00,1.1527,1.1404,yes
KXXRP15M-26JUN070500,Target Price: $1.1404,2026-06-07 04:45:00-04:00,2026-06-07 05:00:00-04:00,1.1527,1.1404,yes
KXXRP15M-26JUN070500,Target Price: $1.1404,2026-06-07 04:45:00-04:00,2026-06-07 05:00:00-04:00,1.1527,1.1404,yes
KXXRP15M-26JUN070515,Target Price: $1.1527,2026-06-07 05:00:00-04:00,2026-06-07 05:15:00-04:00,1.1643,1.1527,yes
KXXRP15M-26JUN070515,Target Price: $1.1527,2026-06-07 05:00:00-04:00,2026-06-07 05:15:00-04:00,1.1643,1.1527,yes
KXXRP15M-26JUN070515,Target Price: $1.1527,2026-06-07 05:00:00-04:00,2026-06-07 05:15:00-04:00,1.1643,1.1527,yes
KXXRP15M-26JUN070515,Target Price: $1.1527,2026-06-07 05:00:00-04:00,2026-06-07 05:15:00-04:00,1.1643,1.1527,yes
KXXRP15M-26JUN070530,Target Price: $1.1643,2026-06-07 05:15:00-04:00,2026-06-07 05:30:00-04:00,1.1602,1.1643,no
KXXRP15M-26JUN070530,Target Price: $1.1643,2026-06-07 05:15:00-04:00,2026-06-07 05:30:00-04:00,1.1602,1.1643,no
KXXRP15M-26JUN070530,Target Price: $1.1643,2026-06-07 05:15:00-04:00,2026-06-07 05:30:00-04:00,1.1602,1.1643,no
KXXRP15M-26JUN070530,Target Price: $1.1643,2026-06-07 05:15:00-04:00,2026-06-07 05:30:00-04:00,1.1602,1.1643,no
KXXRP15M-26JUN070545,Target Price: $1.1602,2026-06-07 05:30:00-04:00,2026-06-07 05:45:00-04:00,1.1507,1.1602,no
KXXRP15M-26JUN070545,Target Price: $1.1602,2026-06-07 05:30:00-04:00,2026-06-07 05:45:00-04:00,1.1507,1.1602,no
KXXRP15M-26JUN070545,Target Price: $1.1602,2026-06-07 05:30:00-04:00,2026-06-07 05:45:00-04:00,1.1507,1.1602,no
KXXRP15M-26JUN070545,Target Price: $1.1602,2026-06-07 05:30:00-04:00,2026-06-07 05:45:00-04:00,1.1507,1.1602,no
KXXRP15M-26JUN070600,Target Price: $1.1507,2026-06-07 05:45:00-04:00,2026-06-07 06:00:00-04:00,1.1456,1.1507,no
KXXRP15M-26JUN070600,Target Price: $1.1507,2026-06-07 05:45:00-04:00,2026-06-07 06:00:00-04:00,1.1456,1.1507,no
KXXRP15M-26JUN070600,Target Price: $1.1507,2026-06-07 05:45:00-04:00,2026-06-07 06:00:00-04:00,1.1456,1.1507,no
KXXRP15M-26JUN070600,Target Price: $1.1507,2026-06-07 05:45:00-04:00,2026-06-07 06:00:00-04:00,1.1456,1.1507,no
KXXRP15M-26JUN070615,Target Price: $1.1456,2026-06-07 06:00:00-04:00,2026-06-07 06:15:00-04:00,1.1405,1.1456,no
KXXRP15M-26JUN070615,Target Price: $1.1456,2026-06-07 06:00:00-04:00,2026-06-07 06:15:00-04:00,1.1405,1.1456,no
KXXRP15M-26JUN070615,Target Price: $1.1456,2026-06-07 06:00:00-04:00,2026-06-07 06:15:00-04:00,1.1405,1.1456,no
KXXRP15M-26JUN070615,Target Price: $1.1456,2026-06-07 06:00:00-04:00,2026-06-07 06:15:00-04:00,1.1405,1.1456,no
KXXRP15M-26JUN070630,Target Price: $1.1405,2026-06-07 06:15:00-04:00,2026-06-07 06:30:00-04:00,1.1404,1.1405,no
KXXRP15M-26JUN070630,Target Price: $1.1405,2026-06-07 06:15:00-04:00,2026-06-07 06:30:00-04:00,1.1404,1.1405,no
KXXRP15M-26JUN070630,Target Price: $1.1405,2026-06-07 06:15:00-04:00,2026-06-07 06:30:00-04:00,1.1404,1.1405,no
KXXRP15M-26JUN070630,Target Price: $1.1405,2026-06-07 06:15:00-04:00,2026-06-07 06:30:00-04:00,1.1404,1.1405,no
KXXRP15M-26JUN070645,Target Price: $1.1404,2026-06-07 06:30:00-04:00,2026-06-07 06:45:00-04:00,1.1362,1.1404,no
KXXRP15M-26JUN070645,Target Price: $1.1404,2026-06-07 06:30:00-04:00,2026-06-07 06:45:00-04:00,1.1362,1.1404,no
KXXRP15M-26JUN070645,Target Price: $1.1404,2026-06-07 06:30:00-04:00,2026-06-07 06:45:00-04:00,1.1362,1.1404,no
KXXRP15M-26JUN070645,Target Price: $1.1404,2026-06-07 06:30:00-04:00,2026-06-07 06:45:00-04:00,1.1362,1.1404,no
KXXRP15M-26JUN070700,Target Price: $1.1362,2026-06-07 06:45:00-04:00,2026-06-07 07:00:00-04:00,1.1351,1.1362,no
KXXRP15M-26JUN070700,Target Price: $1.1362,2026-06-07 06:45:00-04:00,2026-06-07 07:00:00-04:00,1.1351,1.1362,no
KXXRP15M-26JUN070700,Target Price: $1.1362,2026-06-07 06:45:00-04:00,2026-06-07 07:00:00-04:00,1.1351,1.1362,no
KXXRP15M-26JUN070700,Target Price: $1.1362,2026-06-07 06:45:00-04:00,2026-06-07 07:00:00-04:00,1.1351,1.1362,no
KXXRP15M-26JUN070715,Target Price: $1.1351,2026-06-07 07:00:00-04:00,2026-06-07 07:15:00-04:00,1.1355,1.1351,yes
KXXRP15M-26JUN070715,Target Price: $1.1351,2026-06-07 07:00:00-04:00,2026-06-07 07:15:00-04:00,1.1355,1.1351,yes
KXXRP15M-26JUN070715,Target Price: $1.1351,2026-06-07 07:00:00-04:00,2026-06-07 07:15:00-04:00,1.1355,1.1351,yes
KXXRP15M-26JUN070715,Target Price: $1.1351,2026-06-07 07:00:00-04:00,2026-06-07 07:15:00-04:00,1.1355,1.1351,yes
KXXRP15M-26JUN070730,Target Price: $1.1355,2026-06-07 07:15:00-04:00,2026-06-07 07:30:00-04:00,1.1372,1.1355,yes
KXXRP15M-26JUN070730,Target Price: $1.1355,2026-06-07 07:15:00-04:00,2026-06-07 07:30:00-04:00,1.1372,1.1355,yes
KXXRP15M-26JUN070730,Target Price: $1.1355,2026-06-07 07:15:00-04:00,2026-06-07 07:30:00-04:00,1.1372,1.1355,yes
KXXRP15M-26JUN070730,Target Price: $1.1355,2026-06-07 07:15:00-04:00,2026-06-07 07:30:00-04:00,1.1372,1.1355,yes
KXXRP15M-26JUN070745,Target Price: $1.1372,2026-06-07 07:30:00-04:00,2026-06-07 07:45:00-04:00,1.1383,1.1372,yes
KXXRP15M-26JUN070745,Target Price: $1.1372,2026-06-07 07:30:00-04:00,2026-06-07 07:45:00-04:00,1.1383,1.1372,yes
KXXRP15M-26JUN070745,Target Price: $1.1372,2026-06-07 07:30:00-04:00,2026-06-07 07:45:00-04:00,1.1383,1.1372,yes
KXXRP15M-26JUN070745,Target Price: $1.1372,2026-06-07 07:30:00-04:00,2026-06-07 07:45:00-04:00,1.1383,1.1372,yes
KXXRP15M-26JUN070800,Target Price: $1.1383,2026-06-07 07:45:00-04:00,2026-06-07 08:00:00-04:00,1.1396,1.1383,yes
KXXRP15M-26JUN070800,Target Price: $1.1383,2026-06-07 07:45:00-04:00,2026-06-07 08:00:00-04:00,1.1396,1.1383,yes
KXXRP15M-26JUN070800,Target Price: $1.1383,2026-06-07 07:45:00-04:00,2026-06-07 08:00:00-04:00,1.1396,1.1383,yes
KXXRP15M-26JUN070800,Target Price: $1.1383,2026-06-07 07:45:00-04:00,2026-06-07 08:00:00-04:00,1.1396,1.1383,yes
KXXRP15M-26JUN070815,Target Price: $1.1396,2026-06-07 08:00:00-04:00,2026-06-07 08:15:00-04:00,1.1219,1.1396,no
KXXRP15M-26JUN070815,Target Price: $1.1396,2026-06-07 08:00:00-04:00,2026-06-07 08:15:00-04:00,1.1219,1.1396,no
KXXRP15M-26JUN070815,Target Price: $1.1396,2026-06-07 08:00:00-04:00,2026-06-07 08:15:00-04:00,1.1219,1.1396,no
KXXRP15M-26JUN070815,Target Price: $1.1396,2026-06-07 08:00:00-04:00,2026-06-07 08:15:00-04:00,1.1219,1.1396,no
KXXRP15M-26JUN070830,Target Price: $1.1219,2026-06-07 08:15:00-04:00,2026-06-07 08:30:00-04:00,1.1231,1.1219,yes
KXXRP15M-26JUN070830,Target Price: $1.1219,2026-06-07 08:15:00-04:00,2026-06-07 08:30:00-04:00,1.1231,1.1219,yes
KXXRP15M-26JUN070830,Target Price: $1.1219,2026-06-07 08:15:00-04:00,2026-06-07 08:30:00-04:00,1.1231,1.1219,yes
KXXRP15M-26JUN070830,Target Price: $1.1219,2026-06-07 08:15:00-04:00,2026-06-07 08:30:00-04:00,1.1231,1.1219,yes
KXXRP15M-26JUN070845,Target Price: $1.1231,2026-06-07 08:30:00-04:00,2026-06-07 08:45:00-04:00,1.1206,1.1231,no
KXXRP15M-26JUN070845,Target Price: $1.1231,2026-06-07 08:30:00-04:00,2026-06-07 08:45:00-04:00,1.1206,1.1231,no
KXXRP15M-26JUN070845,Target Price: $1.1231,2026-06-07 08:30:00-04:00,2026-06-07 08:45:00-04:00,1.1206,1.1231,no
KXXRP15M-26JUN070845,Target Price: $1.1231,2026-06-07 08:30:00-04:00,2026-06-07 08:45:00-04:00,1.1206,1.1231,no
KXXRP15M-26JUN070900,Target Price: $1.1206,2026-06-07 08:45:00-04:00,2026-06-07 09:00:00-04:00,1.1229,1.1206,yes
KXXRP15M-26JUN070900,Target Price: $1.1206,2026-06-07 08:45:00-04:00,2026-06-07 09:00:00-04:00,1.1229,1.1206,yes
KXXRP15M-26JUN070900,Target Price: $1.1206,2026-06-07 08:45:00-04:00,2026-06-07 09:00:00-04:00,1.1229,1.1206,yes
KXXRP15M-26JUN070900,Target Price: $1.1206,2026-06-07 08:45:00-04:00,2026-06-07 09:00:00-04:00,1.1229,1.1206,yes
KXXRP15M-26JUN070915,Target Price: $1.1229,2026-06-07 09:00:00-04:00,2026-06-07 09:15:00-04:00,1.1221,1.1229,no
KXXRP15M-26JUN070915,Target Price: $1.1229,2026-06-07 09:00:00-04:00,2026-06-07 09:15:00-04:00,1.1221,1.1229,no
KXXRP15M-26JUN070915,Target Price: $1.1229,2026-06-07 09:00:00-04:00,2026-06-07 09:15:00-04:00,1.1221,1.1229,no
KXXRP15M-26JUN070915,Target Price: $1.1229,2026-06-07 09:00:00-04:00,2026-06-07 09:15:00-04:00,1.1221,1.1229,no
KXXRP15M-26JUN070930,Target Price: $1.1221,2026-06-07 09:15:00-04:00,2026-06-07 09:30:00-04:00,1.1237,1.1221,yes
KXXRP15M-26JUN070930,Target Price: $1.1221,2026-06-07 09:15:00-04:00,2026-06-07 09:30:00-04:00,1.1237,1.1221,yes
KXXRP15M-26JUN070930,Target Price: $1.1221,2026-06-07 09:15:00-04:00,2026-06-07 09:30:00-04:00,1.1237,1.1221,yes
KXXRP15M-26JUN070930,Target Price: $1.1221,2026-06-07 09:15:00-04:00,2026-06-07 09:30:00-04:00,1.1237,1.1221,yes
KXXRP15M-26JUN070945,Target Price: $1.1237,2026-06-07 09:30:00-04:00,2026-06-07 09:45:00-04:00,1.1228,1.1237,no
KXXRP15M-26JUN070945,Target Price: $1.1237,2026-06-07 09:30:00-04:00,2026-06-07 09:45:00-04:00,1.1228,1.1237,no
KXXRP15M-26JUN070945,Target Price: $1.1237,2026-06-07 09:30:00-04:00,2026-06-07 09:45:00-04:00,1.1228,1.1237,no
KXXRP15M-26JUN070945,Target Price: $1.1237,2026-06-07 09:30:00-04:00,2026-06-07 09:45:00-04:00,1.1228,1.1237,no
KXXRP15M-26JUN071000,Target Price: $1.1228,2026-06-07 09:45:00-04:00,2026-06-07 10:00:00-04:00,1.1222,1.1228,no
KXXRP15M-26JUN071000,Target Price: $1.1228,2026-06-07 09:45:00-04:00,2026-06-07 10:00:00-04:00,1.1222,1.1228,no
KXXRP15M-26JUN071000,Target Price: $1.1228,2026-06-07 09:45:00-04:00,2026-06-07 10:00:00-04:00,1.1222,1.1228,no
KXXRP15M-26JUN071000,Target Price: $1.1228,2026-06-07 09:45:00-04:00,2026-06-07 10:00:00-04:00,1.1222,1.1228,no
KXXRP15M-26JUN071015,Target Price: $1.1222,2026-06-07 10:00:00-04:00,2026-06-07 10:15:00-04:00,1.1243,1.1222,yes
KXXRP15M-26JUN071015,Target Price: $1.1222,2026-06-07 10:00:00-04:00,2026-06-07 10:15:00-04:00,1.1243,1.1222,yes
KXXRP15M-26JUN071015,Target Price: $1.1222,2026-06-07 10:00:00-04:00,2026-06-07 10:15:00-04:00,1.1243,1.1222,yes
KXXRP15M-26JUN071015,Target Price: $1.1222,2026-06-07 10:00:00-04:00,2026-06-07 10:15:00-04:00,1.1243,1.1222,yes
KXXRP15M-26JUN071030,Target Price: $1.1243,2026-06-07 10:15:00-04:00,2026-06-07 10:30:00-04:00,1.1324,1.1243,yes
KXXRP15M-26JUN071030,Target Price: $1.1243,2026-06-07 10:15:00-04:00,2026-06-07 10:30:00-04:00,1.1324,1.1243,yes
KXXRP15M-26JUN071030,Target Price: $1.1243,2026-06-07 10:15:00-04:00,2026-06-07 10:30:00-04:00,1.1324,1.1243,yes
KXXRP15M-26JUN071030,Target Price: $1.1243,2026-06-07 10:15:00-04:00,2026-06-07 10:30:00-04:00,1.1324,1.1243,yes
KXXRP15M-26JUN071045,Target Price: $1.1324,2026-06-07 10:30:00-04:00,2026-06-07 10:45:00-04:00,1.1294,1.1324,no
KXXRP15M-26JUN071045,Target Price: $1.1324,2026-06-07 10:30:00-04:00,2026-06-07 10:45:00-04:00,1.1294,1.1324,no
KXXRP15M-26JUN071045,Target Price: $1.1324,2026-06-07 10:30:00-04:00,2026-06-07 10:45:00-04:00,1.1294,1.1324,no
KXXRP15M-26JUN071045,Target Price: $1.1324,2026-06-07 10:30:00-04:00,2026-06-07 10:45:00-04:00,1.1294,1.1324,no
KXXRP15M-26JUN071100,Target Price: $1.1294,2026-06-07 10:45:00-04:00,2026-06-07 11:00:00-04:00,1.1326,1.1294,yes
KXXRP15M-26JUN071100,Target Price: $1.1294,2026-06-07 10:45:00-04:00,2026-06-07 11:00:00-04:00,1.1326,1.1294,yes
KXXRP15M-26JUN071100,Target Price: $1.1294,2026-06-07 10:45:00-04:00,2026-06-07 11:00:00-04:00,1.1326,1.1294,yes
KXXRP15M-26JUN071100,Target Price: $1.1294,2026-06-07 10:45:00-04:00,2026-06-07 11:00:00-04:00,1.1326,1.1294,yes
KXXRP15M-26JUN071115,Target Price: $1.1326,2026-06-07 11:00:00-04:00,2026-06-07 11:15:00-04:00,1.1318,1.1326,no
KXXRP15M-26JUN071115,Target Price: $1.1326,2026-06-07 11:00:00-04:00,2026-06-07 11:15:00-04:00,1.1318,1.1326,no
KXXRP15M-26JUN071115,Target Price: $1.1326,2026-06-07 11:00:00-04:00,2026-06-07 11:15:00-04:00,1.1318,1.1326,no
KXXRP15M-26JUN071115,Target Price: $1.1326,2026-06-07 11:00:00-04:00,2026-06-07 11:15:00-04:00,1.1318,1.1326,no
KXXRP15M-26JUN071130,Target Price: $1.1318,2026-06-07 11:15:00-04:00,2026-06-07 11:30:00-04:00,1.1331,1.1318,yes
KXXRP15M-26JUN071130,Target Price: $1.1318,2026-06-07 11:15:00-04:00,2026-06-07 11:30:00-04:00,1.1331,1.1318,yes
KXXRP15M-26JUN071130,Target Price: $1.1318,2026-06-07 11:15:00-04:00,2026-06-07 11:30:00-04:00,1.1331,1.1318,yes
KXXRP15M-26JUN071130,Target Price: $1.1318,2026-06-07 11:15:00-04:00,2026-06-07 11:30:00-04:00,1.1331,1.1318,yes
KXXRP15M-26JUN071145,Target Price: $1.1331,2026-06-07 11:30:00-04:00,2026-06-07 11:45:00-04:00,1.1349,1.1331,yes
KXXRP15M-26JUN071145,Target Price: $1.1331,2026-06-07 11:30:00-04:00,2026-06-07 11:45:00-04:00,1.1349,1.1331,yes
KXXRP15M-26JUN071145,Target Price: $1.1331,2026-06-07 11:30:00-04:00,2026-06-07 11:45:00-04:00,1.1349,1.1331,yes
KXXRP15M-26JUN071145,Target Price: $1.1331,2026-06-07 11:30:00-04:00,2026-06-07 11:45:00-04:00,1.1349,1.1331,yes
KXXRP15M-26JUN071200,Target Price: $1.1349,2026-06-07 11:45:00-04:00,2026-06-07 12:00:00-04:00,1.1331,1.1349,no
KXXRP15M-26JUN071200,Target Price: $1.1349,2026-06-07 11:45:00-04:00,2026-06-07 12:00:00-04:00,1.1331,1.1349,no
KXXRP15M-26JUN071200,Target Price: $1.1349,2026-06-07 11:45:00-04:00,2026-06-07 12:00:00-04:00,1.1331,1.1349,no
KXXRP15M-26JUN071200,Target Price: $1.1349,2026-06-07 11:45:00-04:00,2026-06-07 12:00:00-04:00,1.1331,1.1349,no
KXXRP15M-26JUN071215,Target Price: $1.1331,2026-06-07 12:00:00-04:00,2026-06-07 12:15:00-04:00,1.1343,1.1331,yes
KXXRP15M-26JUN071215,Target Price: $1.1331,2026-06-07 12:00:00-04:00,2026-06-07 12:15:00-04:00,1.1343,1.1331,yes
KXXRP15M-26JUN071215,Target Price: $1.1331,2026-06-07 12:00:00-04:00,2026-06-07 12:15:00-04:00,1.1343,1.1331,yes
KXXRP15M-26JUN071215,Target Price: $1.1331,2026-06-07 12:00:00-04:00,2026-06-07 12:15:00-04:00,1.1343,1.1331,yes
KXXRP15M-26JUN071230,Target Price: $1.1343,2026-06-07 12:15:00-04:00,2026-06-07 12:30:00-04:00,1.1349,1.1343,yes
KXXRP15M-26JUN071230,Target Price: $1.1343,2026-06-07 12:15:00-04:00,2026-06-07 12:30:00-04:00,1.1349,1.1343,yes
KXXRP15M-26JUN071230,Target Price: $1.1343,2026-06-07 12:15:00-04:00,2026-06-07 12:30:00-04:00,1.1349,1.1343,yes
KXXRP15M-26JUN071230,Target Price: $1.1343,2026-06-07 12:15:00-04:00,2026-06-07 12:30:00-04:00,1.1349,1.1343,yes
KXXRP15M-26JUN071245,Target Price: $1.1349,2026-06-07 12:30:00-04:00,2026-06-07 12:45:00-04:00,1.1373,1.1349,yes
KXXRP15M-26JUN071245,Target Price: $1.1349,2026-06-07 12:30:00-04:00,2026-06-07 12:45:00-04:00,1.1373,1.1349,yes
KXXRP15M-26JUN071245,Target Price: $1.1349,2026-06-07 12:30:00-04:00,2026-06-07 12:45:00-04:00,1.1373,1.1349,yes
KXXRP15M-26JUN071245,Target Price: $1.1349,2026-06-07 12:30:00-04:00,2026-06-07 12:45:00-04:00,1.1373,1.1349,yes
KXXRP15M-26JUN071300,Target Price: $1.1373,2026-06-07 12:45:00-04:00,2026-06-07 13:00:00-04:00,1.1371,1.1373,no
KXXRP15M-26JUN071300,Target Price: $1.1373,2026-06-07 12:45:00-04:00,2026-06-07 13:00:00-04:00,1.1371,1.1373,no
KXXRP15M-26JUN071300,Target Price: $1.1373,2026-06-07 12:45:00-04:00,2026-06-07 13:00:00-04:00,1.1371,1.1373,no
KXXRP15M-26JUN071300,Target Price: $1.1373,2026-06-07 12:45:00-04:00,2026-06-07 13:00:00-04:00,1.1371,1.1373,no
KXXRP15M-26JUN071315,Target Price: $1.1371,2026-06-07 13:00:00-04:00,2026-06-07 13:15:00-04:00,1.1445,1.1371,yes
KXXRP15M-26JUN071315,Target Price: $1.1371,2026-06-07 13:00:00-04:00,2026-06-07 13:15:00-04:00,1.1445,1.1371,yes
KXXRP15M-26JUN071315,Target Price: $1.1371,2026-06-07 13:00:00-04:00,2026-06-07 13:15:00-04:00,1.1445,1.1371,yes
KXXRP15M-26JUN071315,Target Price: $1.1371,2026-06-07 13:00:00-04:00,2026-06-07 13:15:00-04:00,1.1445,1.1371,yes
KXXRP15M-26JUN071330,Target Price: $1.1445,2026-06-07 13:15:00-04:00,2026-06-07 13:30:00-04:00,1.1432,1.1445,no
KXXRP15M-26JUN071330,Target Price: $1.1445,2026-06-07 13:15:00-04:00,2026-06-07 13:30:00-04:00,1.1432,1.1445,no
KXXRP15M-26JUN071330,Target Price: $1.1445,2026-06-07 13:15:00-04:00,2026-06-07 13:30:00-04:00,1.1432,1.1445,no
KXXRP15M-26JUN071330,Target Price: $1.1445,2026-06-07 13:15:00-04:00,2026-06-07 13:30:00-04:00,1.1432,1.1445,no
KXXRP15M-26JUN071345,Target Price: $1.1432,2026-06-07 13:30:00-04:00,2026-06-07 13:45:00-04:00,1.1449,1.1432,yes
KXXRP15M-26JUN071345,Target Price: $1.1432,2026-06-07 13:30:00-04:00,2026-06-07 13:45:00-04:00,1.1449,1.1432,yes
KXXRP15M-26JUN071345,Target Price: $1.1432,2026-06-07 13:30:00-04:00,2026-06-07 13:45:00-04:00,1.1449,1.1432,yes
KXXRP15M-26JUN071345,Target Price: $1.1432,2026-06-07 13:30:00-04:00,2026-06-07 13:45:00-04:00,1.1449,1.1432,yes
KXXRP15M-26JUN071400,Target Price: $1.1449,2026-06-07 13:45:00-04:00,2026-06-07 14:00:00-04:00,1.1438,1.1449,no
KXXRP15M-26JUN071400,Target Price: $1.1449,2026-06-07 13:45:00-04:00,2026-06-07 14:00:00-04:00,1.1438,1.1449,no
KXXRP15M-26JUN071400,Target Price: $1.1449,2026-06-07 13:45:00-04:00,2026-06-07 14:00:00-04:00,1.1438,1.1449,no
KXXRP15M-26JUN071400,Target Price: $1.1449,2026-06-07 13:45:00-04:00,2026-06-07 14:00:00-04:00,1.1438,1.1449,no
KXXRP15M-26JUN071415,Target Price: $1.1438,2026-06-07 14:00:00-04:00,2026-06-07 14:15:00-04:00,1.1500,1.1438,yes
KXXRP15M-26JUN071415,Target Price: $1.1438,2026-06-07 14:00:00-04:00,2026-06-07 14:15:00-04:00,1.1500,1.1438,yes
KXXRP15M-26JUN071415,Target Price: $1.1438,2026-06-07 14:00:00-04:00,2026-06-07 14:15:00-04:00,1.1500,1.1438,yes
KXXRP15M-26JUN071415,Target Price: $1.1438,2026-06-07 14:00:00-04:00,2026-06-07 14:15:00-04:00,1.1500,1.1438,yes
KXXRP15M-26JUN071430,Target Price: $1.1500,2026-06-07 14:15:00-04:00,2026-06-07 14:30:00-04:00,1.1464,1.15,no
KXXRP15M-26JUN071430,Target Price: $1.1500,2026-06-07 14:15:00-04:00,2026-06-07 14:30:00-04:00,1.1464,1.15,no
KXXRP15M-26JUN071430,Target Price: $1.1500,2026-06-07 14:15:00-04:00,2026-06-07 14:30:00-04:00,1.1464,1.15,no
KXXRP15M-26JUN071430,Target Price: $1.1500,2026-06-07 14:15:00-04:00,2026-06-07 14:30:00-04:00,1.1464,1.15,no
KXXRP15M-26JUN071445,Target Price: $1.1464,2026-06-07 14:30:00-04:00,2026-06-07 14:45:00-04:00,1.1438,1.1464,no
KXXRP15M-26JUN071445,Target Price: $1.1464,2026-06-07 14:30:00-04:00,2026-06-07 14:45:00-04:00,1.1438,1.1464,no
KXXRP15M-26JUN071445,Target Price: $1.1464,2026-06-07 14:30:00-04:00,2026-06-07 14:45:00-04:00,1.1438,1.1464,no
KXXRP15M-26JUN071445,Target Price: $1.1464,2026-06-07 14:30:00-04:00,2026-06-07 14:45:00-04:00,1.1438,1.1464,no
KXXRP15M-26JUN071500,Target Price: $1.1438,2026-06-07 14:45:00-04:00,2026-06-07 15:00:00-04:00,1.1417,1.1438,no
KXXRP15M-26JUN071500,Target Price: $1.1438,2026-06-07 14:45:00-04:00,2026-06-07 15:00:00-04:00,1.1417,1.1438,no
KXXRP15M-26JUN071500,Target Price: $1.1438,2026-06-07 14:45:00-04:00,2026-06-07 15:00:00-04:00,1.1417,1.1438,no
KXXRP15M-26JUN071500,Target Price: $1.1438,2026-06-07 14:45:00-04:00,2026-06-07 15:00:00-04:00,1.1417,1.1438,no
KXXRP15M-26JUN071515,Target Price: $1.1417,2026-06-07 15:00:00-04:00,2026-06-07 15:15:00-04:00,1.1310,1.1417,no
KXXRP15M-26JUN071515,Target Price: $1.1417,2026-06-07 15:00:00-04:00,2026-06-07 15:15:00-04:00,1.1310,1.1417,no
KXXRP15M-26JUN071515,Target Price: $1.1417,2026-06-07 15:00:00-04:00,2026-06-07 15:15:00-04:00,1.1310,1.1417,no
KXXRP15M-26JUN071515,Target Price: $1.1417,2026-06-07 15:00:00-04:00,2026-06-07 15:15:00-04:00,1.1310,1.1417,no
KXXRP15M-26JUN071530,Target Price: $1.1310,2026-06-07 15:15:00-04:00,2026-06-07 15:30:00-04:00,1.1258,1.131,no
KXXRP15M-26JUN071530,Target Price: $1.1310,2026-06-07 15:15:00-04:00,2026-06-07 15:30:00-04:00,1.1258,1.131,no
KXXRP15M-26JUN071530,Target Price: $1.1310,2026-06-07 15:15:00-04:00,2026-06-07 15:30:00-04:00,1.1258,1.131,no
KXXRP15M-26JUN071530,Target Price: $1.1310,2026-06-07 15:15:00-04:00,2026-06-07 15:30:00-04:00,1.1258,1.131,no
KXXRP15M-26JUN071545,Target Price: $1.1258,2026-06-07 15:30:00-04:00,2026-06-07 15:45:00-04:00,1.1230,1.1258,no
KXXRP15M-26JUN071545,Target Price: $1.1258,2026-06-07 15:30:00-04:00,2026-06-07 15:45:00-04:00,1.1230,1.1258,no
KXXRP15M-26JUN071545,Target Price: $1.1258,2026-06-07 15:30:00-04:00,2026-06-07 15:45:00-04:00,1.1230,1.1258,no
KXXRP15M-26JUN071545,Target Price: $1.1258,2026-06-07 15:30:00-04:00,2026-06-07 15:45:00-04:00,1.1230,1.1258,no
KXXRP15M-26JUN071600,Target Price: $1.1230,2026-06-07 15:45:00-04:00,2026-06-07 16:00:00-04:00,1.1245,1.123,yes
KXXRP15M-26JUN071600,Target Price: $1.1230,2026-06-07 15:45:00-04:00,2026-06-07 16:00:00-04:00,1.1245,1.123,yes
KXXRP15M-26JUN071600,Target Price: $1.1230,2026-06-07 15:45:00-04:00,2026-06-07 16:00:00-04:00,1.1245,1.123,yes
KXXRP15M-26JUN071600,Target Price: $1.1230,2026-06-07 15:45:00-04:00,2026-06-07 16:00:00-04:00,1.1245,1.123,yes
KXXRP15M-26JUN071615,Target Price: $1.1245,2026-06-07 16:00:00-04:00,2026-06-07 16:15:00-04:00,1.1286,1.1245,yes
KXXRP15M-26JUN071615,Target Price: $1.1245,2026-06-07 16:00:00-04:00,2026-06-07 16:15:00-04:00,1.1286,1.1245,yes
KXXRP15M-26JUN071615,Target Price: $1.1245,2026-06-07 16:00:00-04:00,2026-06-07 16:15:00-04:00,1.1286,1.1245,yes
KXXRP15M-26JUN071615,Target Price: $1.1245,2026-06-07 16:00:00-04:00,2026-06-07 16:15:00-04:00,1.1286,1.1245,yes
KXXRP15M-26JUN071630,Target Price: $1.1286,2026-06-07 16:15:00-04:00,2026-06-07 16:30:00-04:00,1.1331,1.1286,yes
KXXRP15M-26JUN071630,Target Price: $1.1286,2026-06-07 16:15:00-04:00,2026-06-07 16:30:00-04:00,1.1331,1.1286,yes
KXXRP15M-26JUN071630,Target Price: $1.1286,2026-06-07 16:15:00-04:00,2026-06-07 16:30:00-04:00,1.1331,1.1286,yes
KXXRP15M-26JUN071630,Target Price: $1.1286,2026-06-07 16:15:00-04:00,2026-06-07 16:30:00-04:00,1.1331,1.1286,yes
KXXRP15M-26JUN071645,Target Price: $1.1331,2026-06-07 16:30:00-04:00,2026-06-07 16:45:00-04:00,1.1302,1.1331,no
KXXRP15M-26JUN071645,Target Price: $1.1331,2026-06-07 16:30:00-04:00,2026-06-07 16:45:00-04:00,1.1302,1.1331,no
KXXRP15M-26JUN071645,Target Price: $1.1331,2026-06-07 16:30:00-04:00,2026-06-07 16:45:00-04:00,1.1302,1.1331,no
KXXRP15M-26JUN071645,Target Price: $1.1331,2026-06-07 16:30:00-04:00,2026-06-07 16:45:00-04:00,1.1302,1.1331,no
KXXRP15M-26JUN071700,Target Price: $1.1302,2026-06-07 16:45:00-04:00,2026-06-07 17:00:00-04:00,1.1326,1.1302,yes
KXXRP15M-26JUN071700,Target Price: $1.1302,2026-06-07 16:45:00-04:00,2026-06-07 17:00:00-04:00,1.1326,1.1302,yes
KXXRP15M-26JUN071700,Target Price: $1.1302,2026-06-07 16:45:00-04:00,2026-06-07 17:00:00-04:00,1.1326,1.1302,yes
KXXRP15M-26JUN071700,Target Price: $1.1302,2026-06-07 16:45:00-04:00,2026-06-07 17:00:00-04:00,1.1326,1.1302,yes
KXXRP15M-26JUN071715,Target Price: $1.1326,2026-06-07 17:00:00-04:00,2026-06-07 17:15:00-04:00,1.1311,1.1326,no
KXXRP15M-26JUN071715,Target Price: $1.1326,2026-06-07 17:00:00-04:00,2026-06-07 17:15:00-04:00,1.1311,1.1326,no
KXXRP15M-26JUN071715,Target Price: $1.1326,2026-06-07 17:00:00-04:00,2026-06-07 17:15:00-04:00,1.1311,1.1326,no
KXXRP15M-26JUN071715,Target Price: $1.1326,2026-06-07 17:00:00-04:00,2026-06-07 17:15:00-04:00,1.1311,1.1326,no
KXXRP15M-26JUN071730,Target Price: $1.1311,2026-06-07 17:15:00-04:00,2026-06-07 17:30:00-04:00,1.1283,1.1311,no
KXXRP15M-26JUN071730,Target Price: $1.1311,2026-06-07 17:15:00-04:00,2026-06-07 17:30:00-04:00,1.1283,1.1311,no
KXXRP15M-26JUN071730,Target Price: $1.1311,2026-06-07 17:15:00-04:00,2026-06-07 17:30:00-04:00,1.1283,1.1311,no
KXXRP15M-26JUN071730,Target Price: $1.1311,2026-06-07 17:15:00-04:00,2026-06-07 17:30:00-04:00,1.1283,1.1311,no
KXXRP15M-26JUN071745,Target Price: $1.1283,2026-06-07 17:30:00-04:00,2026-06-07 17:45:00-04:00,1.1260,1.1283,no
KXXRP15M-26JUN071745,Target Price: $1.1283,2026-06-07 17:30:00-04:00,2026-06-07 17:45:00-04:00,1.1260,1.1283,no
KXXRP15M-26JUN071745,Target Price: $1.1283,2026-06-07 17:30:00-04:00,2026-06-07 17:45:00-04:00,1.1260,1.1283,no
KXXRP15M-26JUN071745,Target Price: $1.1283,2026-06-07 17:30:00-04:00,2026-06-07 17:45:00-04:00,1.1260,1.1283,no
KXXRP15M-26JUN071800,Target Price: $1.1260,2026-06-07 17:45:00-04:00,2026-06-07 18:00:00-04:00,1.1295,1.126,yes
KXXRP15M-26JUN071800,Target Price: $1.1260,2026-06-07 17:45:00-04:00,2026-06-07 18:00:00-04:00,1.1295,1.126,yes
KXXRP15M-26JUN071800,Target Price: $1.1260,2026-06-07 17:45:00-04:00,2026-06-07 18:00:00-04:00,1.1295,1.126,yes
KXXRP15M-26JUN071800,Target Price: $1.1260,2026-06-07 17:45:00-04:00,2026-06-07 18:00:00-04:00,1.1295,1.126,yes
KXXRP15M-26JUN071815,Target Price: $1.1295,2026-06-07 18:00:00-04:00,2026-06-07 18:15:00-04:00,1.1541,1.1295,yes
KXXRP15M-26JUN071815,Target Price: $1.1295,2026-06-07 18:00:00-04:00,2026-06-07 18:15:00-04:00,1.1541,1.1295,yes
KXXRP15M-26JUN071815,Target Price: $1.1295,2026-06-07 18:00:00-04:00,2026-06-07 18:15:00-04:00,1.1541,1.1295,yes
KXXRP15M-26JUN071815,Target Price: $1.1295,2026-06-07 18:00:00-04:00,2026-06-07 18:15:00-04:00,1.1541,1.1295,yes
KXXRP15M-26JUN071830,Target Price: $1.1541,2026-06-07 18:15:00-04:00,2026-06-07 18:30:00-04:00,1.1537,1.1541,no
KXXRP15M-26JUN071830,Target Price: $1.1541,2026-06-07 18:15:00-04:00,2026-06-07 18:30:00-04:00,1.1537,1.1541,no
KXXRP15M-26JUN071830,Target Price: $1.1541,2026-06-07 18:15:00-04:00,2026-06-07 18:30:00-04:00,1.1537,1.1541,no
KXXRP15M-26JUN071830,Target Price: $1.1541,2026-06-07 18:15:00-04:00,2026-06-07 18:30:00-04:00,1.1537,1.1541,no
KXXRP15M-26JUN071845,Target Price: $1.1537,2026-06-07 18:30:00-04:00,2026-06-07 18:45:00-04:00,1.1575,1.1537,yes
KXXRP15M-26JUN071845,Target Price: $1.1537,2026-06-07 18:30:00-04:00,2026-06-07 18:45:00-04:00,1.1575,1.1537,yes
KXXRP15M-26JUN071845,Target Price: $1.1537,2026-06-07 18:30:00-04:00,2026-06-07 18:45:00-04:00,1.1575,1.1537,yes
KXXRP15M-26JUN071845,Target Price: $1.1537,2026-06-07 18:30:00-04:00,2026-06-07 18:45:00-04:00,1.1575,1.1537,yes
KXXRP15M-26JUN071900,Target Price: $1.1575,2026-06-07 18:45:00-04:00,2026-06-07 19:00:00-04:00,1.1532,1.1575,no
KXXRP15M-26JUN071900,Target Price: $1.1575,2026-06-07 18:45:00-04:00,2026-06-07 19:00:00-04:00,1.1532,1.1575,no
KXXRP15M-26JUN071900,Target Price: $1.1575,2026-06-07 18:45:00-04:00,2026-06-07 19:00:00-04:00,1.1532,1.1575,no
KXXRP15M-26JUN071900,Target Price: $1.1575,2026-06-07 18:45:00-04:00,2026-06-07 19:00:00-04:00,1.1532,1.1575,no
KXXRP15M-26JUN071915,Target Price: $1.1532,2026-06-07 19:00:00-04:00,2026-06-07 19:15:00-04:00,1.1550,1.1532,yes
KXXRP15M-26JUN071915,Target Price: $1.1532,2026-06-07 19:00:00-04:00,2026-06-07 19:15:00-04:00,1.1550,1.1532,yes
KXXRP15M-26JUN071915,Target Price: $1.1532,2026-06-07 19:00:00-04:00,2026-06-07 19:15:00-04:00,1.1550,1.1532,yes
KXXRP15M-26JUN071915,Target Price: $1.1532,2026-06-07 19:00:00-04:00,2026-06-07 19:15:00-04:00,1.1550,1.1532,yes
KXXRP15M-26JUN071930,Target Price: $1.1550,2026-06-07 19:15:00-04:00,2026-06-07 19:30:00-04:00,1.1576,1.155,yes
KXXRP15M-26JUN071930,Target Price: $1.1550,2026-06-07 19:15:00-04:00,2026-06-07 19:30:00-04:00,1.1576,1.155,yes
KXXRP15M-26JUN071930,Target Price: $1.1550,2026-06-07 19:15:00-04:00,2026-06-07 19:30:00-04:00,1.1576,1.155,yes
KXXRP15M-26JUN071930,Target Price: $1.1550,2026-06-07 19:15:00-04:00,2026-06-07 19:30:00-04:00,1.1576,1.155,yes
KXXRP15M-26JUN071945,Target Price: $1.1576,2026-06-07 19:30:00-04:00,2026-06-07 19:45:00-04:00,1.1557,1.1576,no
KXXRP15M-26JUN071945,Target Price: $1.1576,2026-06-07 19:30:00-04:00,2026-06-07 19:45:00-04:00,1.1557,1.1576,no
KXXRP15M-26JUN071945,Target Price: $1.1576,2026-06-07 19:30:00-04:00,2026-06-07 19:45:00-04:00,1.1557,1.1576,no
KXXRP15M-26JUN071945,Target Price: $1.1576,2026-06-07 19:30:00-04:00,2026-06-07 19:45:00-04:00,1.1557,1.1576,no
KXXRP15M-26JUN072000,Target Price: $1.1557,2026-06-07 19:45:00-04:00,2026-06-07 20:00:00-04:00,1.1547,1.1557,no
KXXRP15M-26JUN072000,Target Price: $1.1557,2026-06-07 19:45:00-04:00,2026-06-07 20:00:00-04:00,1.1547,1.1557,no
KXXRP15M-26JUN072000,Target Price: $1.1557,2026-06-07 19:45:00-04:00,2026-06-07 20:00:00-04:00,1.1547,1.1557,no
KXXRP15M-26JUN072000,Target Price: $1.1557,2026-06-07 19:45:00-04:00,2026-06-07 20:00:00-04:00,1.1547,1.1557,no
KXXRP15M-26JUN072015,Target Price: $1.1547,2026-06-07 20:00:00-04:00,2026-06-07 20:15:00-04:00,1.1495,1.1547,no
KXXRP15M-26JUN072015,Target Price: $1.1547,2026-06-07 20:00:00-04:00,2026-06-07 20:15:00-04:00,1.1495,1.1547,no
KXXRP15M-26JUN072015,Target Price: $1.1547,2026-06-07 20:00:00-04:00,2026-06-07 20:15:00-04:00,1.1495,1.1547,no
KXXRP15M-26JUN072015,Target Price: $1.1547,2026-06-07 20:00:00-04:00,2026-06-07 20:15:00-04:00,1.1495,1.1547,no
KXXRP15M-26JUN072030,Target Price: $1.1495,2026-06-07 20:15:00-04:00,2026-06-07 20:30:00-04:00,1.1569,1.1495,yes
KXXRP15M-26JUN072030,Target Price: $1.1495,2026-06-07 20:15:00-04:00,2026-06-07 20:30:00-04:00,1.1569,1.1495,yes
KXXRP15M-26JUN072030,Target Price: $1.1495,2026-06-07 20:15:00-04:00,2026-06-07 20:30:00-04:00,1.1569,1.1495,yes
KXXRP15M-26JUN072030,Target Price: $1.1495,2026-06-07 20:15:00-04:00,2026-06-07 20:30:00-04:00,1.1569,1.1495,yes
KXXRP15M-26JUN072045,Target Price: $1.1569,2026-06-07 20:30:00-04:00,2026-06-07 20:45:00-04:00,1.1641,1.1569,yes
KXXRP15M-26JUN072045,Target Price: $1.1569,2026-06-07 20:30:00-04:00,2026-06-07 20:45:00-04:00,1.1641,1.1569,yes
KXXRP15M-26JUN072045,Target Price: $1.1569,2026-06-07 20:30:00-04:00,2026-06-07 20:45:00-04:00,1.1641,1.1569,yes
KXXRP15M-26JUN072045,Target Price: $1.1569,2026-06-07 20:30:00-04:00,2026-06-07 20:45:00-04:00,1.1641,1.1569,yes
KXXRP15M-26JUN072100,Target Price: $1.1641,2026-06-07 20:45:00-04:00,2026-06-07 21:00:00-04:00,1.1624,1.1641,no
KXXRP15M-26JUN072100,Target Price: $1.1641,2026-06-07 20:45:00-04:00,2026-06-07 21:00:00-04:00,1.1624,1.1641,no
KXXRP15M-26JUN072100,Target Price: $1.1641,2026-06-07 20:45:00-04:00,2026-06-07 21:00:00-04:00,1.1624,1.1641,no
KXXRP15M-26JUN072100,Target Price: $1.1641,2026-06-07 20:45:00-04:00,2026-06-07 21:00:00-04:00,1.1624,1.1641,no
KXXRP15M-26JUN072115,Target Price: $1.1624,2026-06-07 21:00:00-04:00,2026-06-07 21:15:00-04:00,1.1546,1.1624,no
KXXRP15M-26JUN072115,Target Price: $1.1624,2026-06-07 21:00:00-04:00,2026-06-07 21:15:00-04:00,1.1546,1.1624,no
KXXRP15M-26JUN072115,Target Price: $1.1624,2026-06-07 21:00:00-04:00,2026-06-07 21:15:00-04:00,1.1546,1.1624,no
KXXRP15M-26JUN072115,Target Price: $1.1624,2026-06-07 21:00:00-04:00,2026-06-07 21:15:00-04:00,1.1546,1.1624,no
KXXRP15M-26JUN072130,Target Price: $1.1546,2026-06-07 21:15:00-04:00,2026-06-07 21:30:00-04:00,1.1434,1.1546,no
KXXRP15M-26JUN072130,Target Price: $1.1546,2026-06-07 21:15:00-04:00,2026-06-07 21:30:00-04:00,1.1434,1.1546,no
KXXRP15M-26JUN072130,Target Price: $1.1546,2026-06-07 21:15:00-04:00,2026-06-07 21:30:00-04:00,1.1434,1.1546,no
KXXRP15M-26JUN072130,Target Price: $1.1546,2026-06-07 21:15:00-04:00,2026-06-07 21:30:00-04:00,1.1434,1.1546,no
KXXRP15M-26JUN072145,Target Price: $1.1434,2026-06-07 21:30:00-04:00,2026-06-07 21:45:00-04:00,1.1528,1.1434,yes
KXXRP15M-26JUN072145,Target Price: $1.1434,2026-06-07 21:30:00-04:00,2026-06-07 21:45:00-04:00,1.1528,1.1434,yes
KXXRP15M-26JUN072145,Target Price: $1.1434,2026-06-07 21:30:00-04:00,2026-06-07 21:45:00-04:00,1.1528,1.1434,yes
KXXRP15M-26JUN072145,Target Price: $1.1434,2026-06-07 21:30:00-04:00,2026-06-07 21:45:00-04:00,1.1528,1.1434,yes
KXXRP15M-26JUN072200,Target Price: $1.1528,2026-06-07 21:45:00-04:00,2026-06-07 22:00:00-04:00,1.1557,1.1528,yes
KXXRP15M-26JUN072200,Target Price: $1.1528,2026-06-07 21:45:00-04:00,2026-06-07 22:00:00-04:00,1.1557,1.1528,yes
KXXRP15M-26JUN072200,Target Price: $1.1528,2026-06-07 21:45:00-04:00,2026-06-07 22:00:00-04:00,1.1557,1.1528,yes
KXXRP15M-26JUN072200,Target Price: $1.1528,2026-06-07 21:45:00-04:00,2026-06-07 22:00:00-04:00,1.1557,1.1528,yes
KXXRP15M-26JUN072215,Target Price: $1.1557,2026-06-07 22:00:00-04:00,2026-06-07 22:15:00-04:00,1.1592,1.1557,yes
KXXRP15M-26JUN072215,Target Price: $1.1557,2026-06-07 22:00:00-04:00,2026-06-07 22:15:00-04:00,1.1592,1.1557,yes
KXXRP15M-26JUN072215,Target Price: $1.1557,2026-06-07 22:00:00-04:00,2026-06-07 22:15:00-04:00,1.1592,1.1557,yes
KXXRP15M-26JUN072215,Target Price: $1.1557,2026-06-07 22:00:00-04:00,2026-06-07 22:15:00-04:00,1.1592,1.1557,yes
KXXRP15M-26JUN072230,Target Price: $1.1592,2026-06-07 22:15:00-04:00,2026-06-07 22:30:00-04:00,1.1584,1.1592,no
KXXRP15M-26JUN072230,Target Price: $1.1592,2026-06-07 22:15:00-04:00,2026-06-07 22:30:00-04:00,1.1584,1.1592,no
KXXRP15M-26JUN072230,Target Price: $1.1592,2026-06-07 22:15:00-04:00,2026-06-07 22:30:00-04:00,1.1584,1.1592,no
KXXRP15M-26JUN072230,Target Price: $1.1592,2026-06-07 22:15:00-04:00,2026-06-07 22:30:00-04:00,1.1584,1.1592,no
KXXRP15M-26JUN072245,Target Price: $1.1584,2026-06-07 22:30:00-04:00,2026-06-07 22:45:00-04:00,1.1562,1.1584,no
KXXRP15M-26JUN072245,Target Price: $1.1584,2026-06-07 22:30:00-04:00,2026-06-07 22:45:00-04:00,1.1562,1.1584,no
KXXRP15M-26JUN072245,Target Price: $1.1584,2026-06-07 22:30:00-04:00,2026-06-07 22:45:00-04:00,1.1562,1.1584,no
KXXRP15M-26JUN072245,Target Price: $1.1584,2026-06-07 22:30:00-04:00,2026-06-07 22:45:00-04:00,1.1562,1.1584,no
KXXRP15M-26JUN072300,Target Price: $1.1562,2026-06-07 22:45:00-04:00,2026-06-07 23:00:00-04:00,1.1557,1.1562,no
KXXRP15M-26JUN072300,Target Price: $1.1562,2026-06-07 22:45:00-04:00,2026-06-07 23:00:00-04:00,1.1557,1.1562,no
KXXRP15M-26JUN072300,Target Price: $1.1562,2026-06-07 22:45:00-04:00,2026-06-07 23:00:00-04:00,1.1557,1.1562,no
KXXRP15M-26JUN072300,Target Price: $1.1562,2026-06-07 22:45:00-04:00,2026-06-07 23:00:00-04:00,1.1557,1.1562,no
KXXRP15M-26JUN072315,Target Price: $1.1557,2026-06-07 23:00:00-04:00,2026-06-07 23:15:00-04:00,1.1577,1.1557,yes
KXXRP15M-26JUN072315,Target Price: $1.1557,2026-06-07 23:00:00-04:00,2026-06-07 23:15:00-04:00,1.1577,1.1557,yes
KXXRP15M-26JUN072315,Target Price: $1.1557,2026-06-07 23:00:00-04:00,2026-06-07 23:15:00-04:00,1.1577,1.1557,yes
KXXRP15M-26JUN072315,Target Price: $1.1557,2026-06-07 23:00:00-04:00,2026-06-07 23:15:00-04:00,1.1577,1.1557,yes
KXXRP15M-26JUN072330,Target Price: $1.1577,2026-06-07 23:15:00-04:00,2026-06-07 23:30:00-04:00,1.1492,1.1577,no
KXXRP15M-26JUN072330,Target Price: $1.1577,2026-06-07 23:15:00-04:00,2026-06-07 23:30:00-04:00,1.1492,1.1577,no
KXXRP15M-26JUN072330,Target Price: $1.1577,2026-06-07 23:15:00-04:00,2026-06-07 23:30:00-04:00,1.1492,1.1577,no
KXXRP15M-26JUN072330,Target Price: $1.1577,2026-06-07 23:15:00-04:00,2026-06-07 23:30:00-04:00,1.1492,1.1577,no
KXXRP15M-26JUN072345,Target Price: $1.1492,2026-06-07 23:30:00-04:00,2026-06-07 23:45:00-04:00,1.1498,1.1492,yes
KXXRP15M-26JUN072345,Target Price: $1.1492,2026-06-07 23:30:00-04:00,2026-06-07 23:45:00-04:00,1.1498,1.1492,yes
KXXRP15M-26JUN072345,Target Price: $1.1492,2026-06-07 23:30:00-04:00,2026-06-07 23:45:00-04:00,1.1498,1.1492,yes
KXXRP15M-26JUN072345,Target Price: $1.1492,2026-06-07 23:30:00-04:00,2026-06-07 23:45:00-04:00,1.1498,1.1492,yes
KXXRP15M-26JUN080000,Target Price: $1.1498,2026-06-07 23:45:00-04:00,2026-06-08 00:00:00-04:00,1.1505,1.1498,yes
KXXRP15M-26JUN080000,Target Price: $1.1498,2026-06-07 23:45:00-04:00,2026-06-08 00:00:00-04:00,1.1505,1.1498,yes
KXXRP15M-26JUN080000,Target Price: $1.1498,2026-06-07 23:45:00-04:00,2026-06-08 00:00:00-04:00,1.1505,1.1498,yes
KXXRP15M-26JUN080000,Target Price: $1.1498,2026-06-07 23:45:00-04:00,2026-06-08 00:00:00-04:00,1.1505,1.1498,yes
KXXRP15M-26JUN080015,Target Price: $1.1505,2026-06-08 00:00:00-04:00,2026-06-08 00:15:00-04:00,1.1479,1.1505,no
KXXRP15M-26JUN080015,Target Price: $1.1505,2026-06-08 00:00:00-04:00,2026-06-08 00:15:00-04:00,1.1479,1.1505,no
KXXRP15M-26JUN080015,Target Price: $1.1505,2026-06-08 00:00:00-04:00,2026-06-08 00:15:00-04:00,1.1479,1.1505,no
KXXRP15M-26JUN080015,Target Price: $1.1505,2026-06-08 00:00:00-04:00,2026-06-08 00:15:00-04:00,1.1479,1.1505,no
KXXRP15M-26JUN080030,Target Price: $1.1479,2026-06-08 00:15:00-04:00,2026-06-08 00:30:00-04:00,1.1437,1.1479,no
KXXRP15M-26JUN080030,Target Price: $1.1479,2026-06-08 00:15:00-04:00,2026-06-08 00:30:00-04:00,1.1437,1.1479,no
KXXRP15M-26JUN080030,Target Price: $1.1479,2026-06-08 00:15:00-04:00,2026-06-08 00:30:00-04:00,1.1437,1.1479,no
KXXRP15M-26JUN080030,Target Price: $1.1479,2026-06-08 00:15:00-04:00,2026-06-08 00:30:00-04:00,1.1437,1.1479,no
KXXRP15M-26JUN080045,Target Price: $1.1437,2026-06-08 00:30:00-04:00,2026-06-08 00:45:00-04:00,1.1401,1.1437,no
KXXRP15M-26JUN080045,Target Price: $1.1437,2026-06-08 00:30:00-04:00,2026-06-08 00:45:00-04:00,1.1401,1.1437,no
KXXRP15M-26JUN080045,Target Price: $1.1437,2026-06-08 00:30:00-04:00,2026-06-08 00:45:00-04:00,1.1401,1.1437,no
KXXRP15M-26JUN080045,Target Price: $1.1437,2026-06-08 00:30:00-04:00,2026-06-08 00:45:00-04:00,1.1401,1.1437,no
KXXRP15M-26JUN080100,Target Price: $1.1401,2026-06-08 00:45:00-04:00,2026-06-08 01:00:00-04:00,1.1414,1.1401,yes
KXXRP15M-26JUN080100,Target Price: $1.1401,2026-06-08 00:45:00-04:00,2026-06-08 01:00:00-04:00,1.1414,1.1401,yes
KXXRP15M-26JUN080100,Target Price: $1.1401,2026-06-08 00:45:00-04:00,2026-06-08 01:00:00-04:00,1.1414,1.1401,yes
KXXRP15M-26JUN080100,Target Price: $1.1401,2026-06-08 00:45:00-04:00,2026-06-08 01:00:00-04:00,1.1414,1.1401,yes
KXXRP15M-26JUN080115,Target Price: $1.1414,2026-06-08 01:00:00-04:00,2026-06-08 01:15:00-04:00,1.1369,1.1414,no
KXXRP15M-26JUN080115,Target Price: $1.1414,2026-06-08 01:00:00-04:00,2026-06-08 01:15:00-04:00,1.1369,1.1414,no
KXXRP15M-26JUN080115,Target Price: $1.1414,2026-06-08 01:00:00-04:00,2026-06-08 01:15:00-04:00,1.1369,1.1414,no
KXXRP15M-26JUN080115,Target Price: $1.1414,2026-06-08 01:00:00-04:00,2026-06-08 01:15:00-04:00,1.1369,1.1414,no
KXXRP15M-26JUN080130,Target Price: $1.1369,2026-06-08 01:15:00-04:00,2026-06-08 01:30:00-04:00,1.1360,1.1369,no
KXXRP15M-26JUN080130,Target Price: $1.1369,2026-06-08 01:15:00-04:00,2026-06-08 01:30:00-04:00,1.1360,1.1369,no
KXXRP15M-26JUN080130,Target Price: $1.1369,2026-06-08 01:15:00-04:00,2026-06-08 01:30:00-04:00,1.1360,1.1369,no
KXXRP15M-26JUN080130,Target Price: $1.1369,2026-06-08 01:15:00-04:00,2026-06-08 01:30:00-04:00,1.1360,1.1369,no
KXXRP15M-26JUN080145,Target Price: $1.1360,2026-06-08 01:30:00-04:00,2026-06-08 01:45:00-04:00,1.1330,1.136,no
KXXRP15M-26JUN080145,Target Price: $1.1360,2026-06-08 01:30:00-04:00,2026-06-08 01:45:00-04:00,1.1330,1.136,no
KXXRP15M-26JUN080145,Target Price: $1.1360,2026-06-08 01:30:00-04:00,2026-06-08 01:45:00-04:00,1.1330,1.136,no
KXXRP15M-26JUN080145,Target Price: $1.1360,2026-06-08 01:30:00-04:00,2026-06-08 01:45:00-04:00,1.1330,1.136,no
KXXRP15M-26JUN080200,Target Price: $1.1330,2026-06-08 01:45:00-04:00,2026-06-08 02:00:00-04:00,1.1353,1.133,yes
KXXRP15M-26JUN080200,Target Price: $1.1330,2026-06-08 01:45:00-04:00,2026-06-08 02:00:00-04:00,1.1353,1.133,yes
KXXRP15M-26JUN080200,Target Price: $1.1330,2026-06-08 01:45:00-04:00,2026-06-08 02:00:00-04:00,1.1353,1.133,yes
KXXRP15M-26JUN080200,Target Price: $1.1330,2026-06-08 01:45:00-04:00,2026-06-08 02:00:00-04:00,1.1353,1.133,yes
KXXRP15M-26JUN080215,Target Price: $1.1353,2026-06-08 02:00:00-04:00,2026-06-08 02:15:00-04:00,1.1387,1.1353,yes
KXXRP15M-26JUN080215,Target Price: $1.1353,2026-06-08 02:00:00-04:00,2026-06-08 02:15:00-04:00,1.1387,1.1353,yes
KXXRP15M-26JUN080215,Target Price: $1.1353,2026-06-08 02:00:00-04:00,2026-06-08 02:15:00-04:00,1.1387,1.1353,yes
KXXRP15M-26JUN080215,Target Price: $1.1353,2026-06-08 02:00:00-04:00,2026-06-08 02:15:00-04:00,1.1387,1.1353,yes
KXXRP15M-26JUN080230,Target Price: $1.1387,2026-06-08 02:15:00-04:00,2026-06-08 02:30:00-04:00,1.1412,1.1387,yes
KXXRP15M-26JUN080230,Target Price: $1.1387,2026-06-08 02:15:00-04:00,2026-06-08 02:30:00-04:00,1.1412,1.1387,yes
KXXRP15M-26JUN080230,Target Price: $1.1387,2026-06-08 02:15:00-04:00,2026-06-08 02:30:00-04:00,1.1412,1.1387,yes
KXXRP15M-26JUN080230,Target Price: $1.1387,2026-06-08 02:15:00-04:00,2026-06-08 02:30:00-04:00,1.1412,1.1387,yes
KXXRP15M-26JUN080245,Target Price: $1.1412,2026-06-08 02:30:00-04:00,2026-06-08 02:45:00-04:00,1.1399,1.1412,no
KXXRP15M-26JUN080245,Target Price: $1.1412,2026-06-08 02:30:00-04:00,2026-06-08 02:45:00-04:00,1.1399,1.1412,no
KXXRP15M-26JUN080245,Target Price: $1.1412,2026-06-08 02:30:00-04:00,2026-06-08 02:45:00-04:00,1.1399,1.1412,no
KXXRP15M-26JUN080245,Target Price: $1.1412,2026-06-08 02:30:00-04:00,2026-06-08 02:45:00-04:00,1.1399,1.1412,no
KXXRP15M-26JUN080300,Target Price: $1.1399,2026-06-08 02:45:00-04:00,2026-06-08 03:00:00-04:00,1.1405,1.1399,yes
KXXRP15M-26JUN080300,Target Price: $1.1399,2026-06-08 02:45:00-04:00,2026-06-08 03:00:00-04:00,1.1405,1.1399,yes
KXXRP15M-26JUN080300,Target Price: $1.1399,2026-06-08 02:45:00-04:00,2026-06-08 03:00:00-04:00,1.1405,1.1399,yes
KXXRP15M-26JUN080300,Target Price: $1.1399,2026-06-08 02:45:00-04:00,2026-06-08 03:00:00-04:00,1.1405,1.1399,yes
KXXRP15M-26JUN080315,Target Price: $1.1405,2026-06-08 03:00:00-04:00,2026-06-08 03:15:00-04:00,1.1435,1.1405,yes
KXXRP15M-26JUN080315,Target Price: $1.1405,2026-06-08 03:00:00-04:00,2026-06-08 03:15:00-04:00,1.1435,1.1405,yes
KXXRP15M-26JUN080315,Target Price: $1.1405,2026-06-08 03:00:00-04:00,2026-06-08 03:15:00-04:00,1.1435,1.1405,yes
KXXRP15M-26JUN080315,Target Price: $1.1405,2026-06-08 03:00:00-04:00,2026-06-08 03:15:00-04:00,1.1435,1.1405,yes
KXXRP15M-26JUN080330,Target Price: $1.1435,2026-06-08 03:15:00-04:00,2026-06-08 03:30:00-04:00,1.1469,1.1435,yes
KXXRP15M-26JUN080330,Target Price: $1.1435,2026-06-08 03:15:00-04:00,2026-06-08 03:30:00-04:00,1.1469,1.1435,yes
KXXRP15M-26JUN080330,Target Price: $1.1435,2026-06-08 03:15:00-04:00,2026-06-08 03:30:00-04:00,1.1469,1.1435,yes
KXXRP15M-26JUN080330,Target Price: $1.1435,2026-06-08 03:15:00-04:00,2026-06-08 03:30:00-04:00,1.1469,1.1435,yes
KXXRP15M-26JUN080345,Target Price: $1.1469,2026-06-08 03:30:00-04:00,2026-06-08 03:45:00-04:00,1.1466,1.1469,no
KXXRP15M-26JUN080345,Target Price: $1.1469,2026-06-08 03:30:00-04:00,2026-06-08 03:45:00-04:00,1.1466,1.1469,no
KXXRP15M-26JUN080345,Target Price: $1.1469,2026-06-08 03:30:00-04:00,2026-06-08 03:45:00-04:00,1.1466,1.1469,no
KXXRP15M-26JUN080345,Target Price: $1.1469,2026-06-08 03:30:00-04:00,2026-06-08 03:45:00-04:00,1.1466,1.1469,no
KXXRP15M-26JUN080400,Target Price: $1.1466,2026-06-08 03:45:00-04:00,2026-06-08 04:00:00-04:00,1.1467,1.1466,yes
KXXRP15M-26JUN080400,Target Price: $1.1466,2026-06-08 03:45:00-04:00,2026-06-08 04:00:00-04:00,1.1467,1.1466,yes
KXXRP15M-26JUN080400,Target Price: $1.1466,2026-06-08 03:45:00-04:00,2026-06-08 04:00:00-04:00,1.1467,1.1466,yes
KXXRP15M-26JUN080400,Target Price: $1.1466,2026-06-08 03:45:00-04:00,2026-06-08 04:00:00-04:00,1.1467,1.1466,yes
KXXRP15M-26JUN080415,Target Price: $1.1467,2026-06-08 04:00:00-04:00,2026-06-08 04:15:00-04:00,1.1427,1.1467,no
KXXRP15M-26JUN080415,Target Price: $1.1467,2026-06-08 04:00:00-04:00,2026-06-08 04:15:00-04:00,1.1427,1.1467,no
KXXRP15M-26JUN080415,Target Price: $1.1467,2026-06-08 04:00:00-04:00,2026-06-08 04:15:00-04:00,1.1427,1.1467,no
KXXRP15M-26JUN080415,Target Price: $1.1467,2026-06-08 04:00:00-04:00,2026-06-08 04:15:00-04:00,1.1427,1.1467,no
KXXRP15M-26JUN080430,Target Price: $1.1427,2026-06-08 04:15:00-04:00,2026-06-08 04:30:00-04:00,1.1391,1.1427,no
KXXRP15M-26JUN080430,Target Price: $1.1427,2026-06-08 04:15:00-04:00,2026-06-08 04:30:00-04:00,1.1391,1.1427,no
KXXRP15M-26JUN080430,Target Price: $1.1427,2026-06-08 04:15:00-04:00,2026-06-08 04:30:00-04:00,1.1391,1.1427,no
KXXRP15M-26JUN080430,Target Price: $1.1427,2026-06-08 04:15:00-04:00,2026-06-08 04:30:00-04:00,1.1391,1.1427,no
KXXRP15M-26JUN080445,Target Price: $1.1391,2026-06-08 04:30:00-04:00,2026-06-08 04:45:00-04:00,1.1389,1.1391,no
KXXRP15M-26JUN080445,Target Price: $1.1391,2026-06-08 04:30:00-04:00,2026-06-08 04:45:00-04:00,1.1389,1.1391,no
KXXRP15M-26JUN080445,Target Price: $1.1391,2026-06-08 04:30:00-04:00,2026-06-08 04:45:00-04:00,1.1389,1.1391,no
KXXRP15M-26JUN080445,Target Price: $1.1391,2026-06-08 04:30:00-04:00,2026-06-08 04:45:00-04:00,1.1389,1.1391,no
KXXRP15M-26JUN080500,Target Price: $1.1389,2026-06-08 04:45:00-04:00,2026-06-08 05:00:00-04:00,1.1390,1.1389,yes
KXXRP15M-26JUN080500,Target Price: $1.1389,2026-06-08 04:45:00-04:00,2026-06-08 05:00:00-04:00,1.1390,1.1389,yes
KXXRP15M-26JUN080500,Target Price: $1.1389,2026-06-08 04:45:00-04:00,2026-06-08 05:00:00-04:00,1.1390,1.1389,yes
KXXRP15M-26JUN080500,Target Price: $1.1389,2026-06-08 04:45:00-04:00,2026-06-08 05:00:00-04:00,1.1390,1.1389,yes
KXXRP15M-26JUN080515,Target Price: $1.1390,2026-06-08 05:00:00-04:00,2026-06-08 05:15:00-04:00,1.1427,1.139,yes
KXXRP15M-26JUN080515,Target Price: $1.1390,2026-06-08 05:00:00-04:00,2026-06-08 05:15:00-04:00,1.1427,1.139,yes
KXXRP15M-26JUN080515,Target Price: $1.1390,2026-06-08 05:00:00-04:00,2026-06-08 05:15:00-04:00,1.1427,1.139,yes
KXXRP15M-26JUN080515,Target Price: $1.1390,2026-06-08 05:00:00-04:00,2026-06-08 05:15:00-04:00,1.1427,1.139,yes
KXXRP15M-26JUN080530,Target Price: $1.1427,2026-06-08 05:15:00-04:00,2026-06-08 05:30:00-04:00,1.1448,1.1427,yes
KXXRP15M-26JUN080530,Target Price: $1.1427,2026-06-08 05:15:00-04:00,2026-06-08 05:30:00-04:00,1.1448,1.1427,yes
KXXRP15M-26JUN080530,Target Price: $1.1427,2026-06-08 05:15:00-04:00,2026-06-08 05:30:00-04:00,1.1448,1.1427,yes
KXXRP15M-26JUN080530,Target Price: $1.1427,2026-06-08 05:15:00-04:00,2026-06-08 05:30:00-04:00,1.1448,1.1427,yes
KXXRP15M-26JUN080545,Target Price: $1.1448,2026-06-08 05:30:00-04:00,2026-06-08 05:45:00-04:00,1.1457,1.1448,yes
KXXRP15M-26JUN080545,Target Price: $1.1448,2026-06-08 05:30:00-04:00,2026-06-08 05:45:00-04:00,1.1457,1.1448,yes
KXXRP15M-26JUN080545,Target Price: $1.1448,2026-06-08 05:30:00-04:00,2026-06-08 05:45:00-04:00,1.1457,1.1448,yes
KXXRP15M-26JUN080545,Target Price: $1.1448,2026-06-08 05:30:00-04:00,2026-06-08 05:45:00-04:00,1.1457,1.1448,yes
KXXRP15M-26JUN080600,Target Price: $1.1457,2026-06-08 05:45:00-04:00,2026-06-08 06:00:00-04:00,1.1491,1.1457,yes
KXXRP15M-26JUN080600,Target Price: $1.1457,2026-06-08 05:45:00-04:00,2026-06-08 06:00:00-04:00,1.1491,1.1457,yes
KXXRP15M-26JUN080600,Target Price: $1.1457,2026-06-08 05:45:00-04:00,2026-06-08 06:00:00-04:00,1.1491,1.1457,yes
KXXRP15M-26JUN080600,Target Price: $1.1457,2026-06-08 05:45:00-04:00,2026-06-08 06:00:00-04:00,1.1491,1.1457,yes
KXXRP15M-26JUN080615,Target Price: $1.1491,2026-06-08 06:00:00-04:00,2026-06-08 06:15:00-04:00,1.1498,1.1491,yes
KXXRP15M-26JUN080615,Target Price: $1.1491,2026-06-08 06:00:00-04:00,2026-06-08 06:15:00-04:00,1.1498,1.1491,yes
KXXRP15M-26JUN080615,Target Price: $1.1491,2026-06-08 06:00:00-04:00,2026-06-08 06:15:00-04:00,1.1498,1.1491,yes
KXXRP15M-26JUN080615,Target Price: $1.1491,2026-06-08 06:00:00-04:00,2026-06-08 06:15:00-04:00,1.1498,1.1491,yes
KXXRP15M-26JUN080630,Target Price: $1.1498,2026-06-08 06:15:00-04:00,2026-06-08 06:30:00-04:00,1.1438,1.1498,no
KXXRP15M-26JUN080630,Target Price: $1.1498,2026-06-08 06:15:00-04:00,2026-06-08 06:30:00-04:00,1.1438,1.1498,no
KXXRP15M-26JUN080630,Target Price: $1.1498,2026-06-08 06:15:00-04:00,2026-06-08 06:30:00-04:00,1.1438,1.1498,no
KXXRP15M-26JUN080630,Target Price: $1.1498,2026-06-08 06:15:00-04:00,2026-06-08 06:30:00-04:00,1.1438,1.1498,no
KXXRP15M-26JUN080645,Target Price: $1.1438,2026-06-08 06:30:00-04:00,2026-06-08 06:45:00-04:00,1.1470,1.1438,yes
KXXRP15M-26JUN080645,Target Price: $1.1438,2026-06-08 06:30:00-04:00,2026-06-08 06:45:00-04:00,1.1470,1.1438,yes
KXXRP15M-26JUN080645,Target Price: $1.1438,2026-06-08 06:30:00-04:00,2026-06-08 06:45:00-04:00,1.1470,1.1438,yes
KXXRP15M-26JUN080645,Target Price: $1.1438,2026-06-08 06:30:00-04:00,2026-06-08 06:45:00-04:00,1.1470,1.1438,yes
KXXRP15M-26JUN080700,Target Price: $1.1470,2026-06-08 06:45:00-04:00,2026-06-08 07:00:00-04:00,1.1442,1.147,no
KXXRP15M-26JUN080700,Target Price: $1.1470,2026-06-08 06:45:00-04:00,2026-06-08 07:00:00-04:00,1.1442,1.147,no
KXXRP15M-26JUN080700,Target Price: $1.1470,2026-06-08 06:45:00-04:00,2026-06-08 07:00:00-04:00,1.1442,1.147,no
KXXRP15M-26JUN080700,Target Price: $1.1470,2026-06-08 06:45:00-04:00,2026-06-08 07:00:00-04:00,1.1442,1.147,no
KXXRP15M-26JUN080715,Target Price: $1.1442,2026-06-08 07:00:00-04:00,2026-06-08 07:15:00-04:00,1.1512,1.1442,yes
KXXRP15M-26JUN080715,Target Price: $1.1442,2026-06-08 07:00:00-04:00,2026-06-08 07:15:00-04:00,1.1512,1.1442,yes
KXXRP15M-26JUN080715,Target Price: $1.1442,2026-06-08 07:00:00-04:00,2026-06-08 07:15:00-04:00,1.1512,1.1442,yes
KXXRP15M-26JUN080715,Target Price: $1.1442,2026-06-08 07:00:00-04:00,2026-06-08 07:15:00-04:00,1.1512,1.1442,yes
KXXRP15M-26JUN080730,Target Price: $1.1512,2026-06-08 07:15:00-04:00,2026-06-08 07:30:00-04:00,1.1598,1.1512,yes
KXXRP15M-26JUN080730,Target Price: $1.1512,2026-06-08 07:15:00-04:00,2026-06-08 07:30:00-04:00,1.1598,1.1512,yes
KXXRP15M-26JUN080730,Target Price: $1.1512,2026-06-08 07:15:00-04:00,2026-06-08 07:30:00-04:00,1.1598,1.1512,yes
KXXRP15M-26JUN080730,Target Price: $1.1512,2026-06-08 07:15:00-04:00,2026-06-08 07:30:00-04:00,1.1598,1.1512,yes
KXXRP15M-26JUN080745,Target Price: $1.1598,2026-06-08 07:30:00-04:00,2026-06-08 07:45:00-04:00,1.1596,1.1598,no
KXXRP15M-26JUN080745,Target Price: $1.1598,2026-06-08 07:30:00-04:00,2026-06-08 07:45:00-04:00,1.1596,1.1598,no
KXXRP15M-26JUN080745,Target Price: $1.1598,2026-06-08 07:30:00-04:00,2026-06-08 07:45:00-04:00,1.1596,1.1598,no
KXXRP15M-26JUN080745,Target Price: $1.1598,2026-06-08 07:30:00-04:00,2026-06-08 07:45:00-04:00,1.1596,1.1598,no
KXXRP15M-26JUN080800,Target Price: $1.1596,2026-06-08 07:45:00-04:00,2026-06-08 08:00:00-04:00,1.1573,1.1596,no
KXXRP15M-26JUN080800,Target Price: $1.1596,2026-06-08 07:45:00-04:00,2026-06-08 08:00:00-04:00,1.1573,1.1596,no
KXXRP15M-26JUN080800,Target Price: $1.1596,2026-06-08 07:45:00-04:00,2026-06-08 08:00:00-04:00,1.1573,1.1596,no
KXXRP15M-26JUN080800,Target Price: $1.1596,2026-06-08 07:45:00-04:00,2026-06-08 08:00:00-04:00,1.1573,1.1596,no
KXXRP15M-26JUN080815,Target Price: $1.1573,2026-06-08 08:00:00-04:00,2026-06-08 08:15:00-04:00,1.1502,1.1573,no
KXXRP15M-26JUN080815,Target Price: $1.1573,2026-06-08 08:00:00-04:00,2026-06-08 08:15:00-04:00,1.1502,1.1573,no
KXXRP15M-26JUN080815,Target Price: $1.1573,2026-06-08 08:00:00-04:00,2026-06-08 08:15:00-04:00,1.1502,1.1573,no
KXXRP15M-26JUN080815,Target Price: $1.1573,2026-06-08 08:00:00-04:00,2026-06-08 08:15:00-04:00,1.1502,1.1573,no
KXXRP15M-26JUN080830,Target Price: $1.1502,2026-06-08 08:15:00-04:00,2026-06-08 08:30:00-04:00,1.1529,1.1502,yes
KXXRP15M-26JUN080830,Target Price: $1.1502,2026-06-08 08:15:00-04:00,2026-06-08 08:30:00-04:00,1.1529,1.1502,yes
KXXRP15M-26JUN080830,Target Price: $1.1502,2026-06-08 08:15:00-04:00,2026-06-08 08:30:00-04:00,1.1529,1.1502,yes
KXXRP15M-26JUN080830,Target Price: $1.1502,2026-06-08 08:15:00-04:00,2026-06-08 08:30:00-04:00,1.1529,1.1502,yes
KXXRP15M-26JUN080845,Target Price: $1.1529,2026-06-08 08:30:00-04:00,2026-06-08 08:45:00-04:00,1.1633,1.1529,yes
KXXRP15M-26JUN080845,Target Price: $1.1529,2026-06-08 08:30:00-04:00,2026-06-08 08:45:00-04:00,1.1633,1.1529,yes
KXXRP15M-26JUN080845,Target Price: $1.1529,2026-06-08 08:30:00-04:00,2026-06-08 08:45:00-04:00,1.1633,1.1529,yes
KXXRP15M-26JUN080845,Target Price: $1.1529,2026-06-08 08:30:00-04:00,2026-06-08 08:45:00-04:00,1.1633,1.1529,yes
KXXRP15M-26JUN080900,Target Price: $1.1633,2026-06-08 08:45:00-04:00,2026-06-08 09:00:00-04:00,1.1681,1.1633,yes
KXXRP15M-26JUN080900,Target Price: $1.1633,2026-06-08 08:45:00-04:00,2026-06-08 09:00:00-04:00,1.1681,1.1633,yes
KXXRP15M-26JUN080900,Target Price: $1.1633,2026-06-08 08:45:00-04:00,2026-06-08 09:00:00-04:00,1.1681,1.1633,yes
KXXRP15M-26JUN080900,Target Price: $1.1633,2026-06-08 08:45:00-04:00,2026-06-08 09:00:00-04:00,1.1681,1.1633,yes
KXXRP15M-26JUN080915,Target Price: $1.1681,2026-06-08 09:00:00-04:00,2026-06-08 09:15:00-04:00,1.1647,1.1681,no
KXXRP15M-26JUN080915,Target Price: $1.1681,2026-06-08 09:00:00-04:00,2026-06-08 09:15:00-04:00,1.1647,1.1681,no
KXXRP15M-26JUN080915,Target Price: $1.1681,2026-06-08 09:00:00-04:00,2026-06-08 09:15:00-04:00,1.1647,1.1681,no
KXXRP15M-26JUN080915,Target Price: $1.1681,2026-06-08 09:00:00-04:00,2026-06-08 09:15:00-04:00,1.1647,1.1681,no
KXXRP15M-26JUN080930,Target Price: $1.1647,2026-06-08 09:15:00-04:00,2026-06-08 09:30:00-04:00,1.1611,1.1647,no
KXXRP15M-26JUN080930,Target Price: $1.1647,2026-06-08 09:15:00-04:00,2026-06-08 09:30:00-04:00,1.1611,1.1647,no
KXXRP15M-26JUN080930,Target Price: $1.1647,2026-06-08 09:15:00-04:00,2026-06-08 09:30:00-04:00,1.1611,1.1647,no
KXXRP15M-26JUN080930,Target Price: $1.1647,2026-06-08 09:15:00-04:00,2026-06-08 09:30:00-04:00,1.1611,1.1647,no
KXXRP15M-26JUN080945,Target Price: $1.1611,2026-06-08 09:30:00-04:00,2026-06-08 09:45:00-04:00,1.1584,1.1611,no
KXXRP15M-26JUN080945,Target Price: $1.1611,2026-06-08 09:30:00-04:00,2026-06-08 09:45:00-04:00,1.1584,1.1611,no
KXXRP15M-26JUN080945,Target Price: $1.1611,2026-06-08 09:30:00-04:00,2026-06-08 09:45:00-04:00,1.1584,1.1611,no
KXXRP15M-26JUN080945,Target Price: $1.1611,2026-06-08 09:30:00-04:00,2026-06-08 09:45:00-04:00,1.1584,1.1611,no
KXXRP15M-26JUN081000,Target Price: $1.1584,2026-06-08 09:45:00-04:00,2026-06-08 10:00:00-04:00,1.1625,1.1584,yes
KXXRP15M-26JUN081000,Target Price: $1.1584,2026-06-08 09:45:00-04:00,2026-06-08 10:00:00-04:00,1.1625,1.1584,yes
KXXRP15M-26JUN081000,Target Price: $1.1584,2026-06-08 09:45:00-04:00,2026-06-08 10:00:00-04:00,1.1625,1.1584,yes
KXXRP15M-26JUN081000,Target Price: $1.1584,2026-06-08 09:45:00-04:00,2026-06-08 10:00:00-04:00,1.1625,1.1584,yes
KXXRP15M-26JUN081015,Target Price: $1.1625,2026-06-08 10:00:00-04:00,2026-06-08 10:15:00-04:00,1.1640,1.1625,yes
KXXRP15M-26JUN081015,Target Price: $1.1625,2026-06-08 10:00:00-04:00,2026-06-08 10:15:00-04:00,1.1640,1.1625,yes
KXXRP15M-26JUN081015,Target Price: $1.1625,2026-06-08 10:00:00-04:00,2026-06-08 10:15:00-04:00,1.1640,1.1625,yes
KXXRP15M-26JUN081015,Target Price: $1.1625,2026-06-08 10:00:00-04:00,2026-06-08 10:15:00-04:00,1.1640,1.1625,yes
KXXRP15M-26JUN081030,Target Price: $1.1640,2026-06-08 10:15:00-04:00,2026-06-08 10:30:00-04:00,1.1659,1.164,yes
KXXRP15M-26JUN081030,Target Price: $1.1640,2026-06-08 10:15:00-04:00,2026-06-08 10:30:00-04:00,1.1659,1.164,yes
KXXRP15M-26JUN081030,Target Price: $1.1640,2026-06-08 10:15:00-04:00,2026-06-08 10:30:00-04:00,1.1659,1.164,yes
KXXRP15M-26JUN081030,Target Price: $1.1640,2026-06-08 10:15:00-04:00,2026-06-08 10:30:00-04:00,1.1659,1.164,yes
KXXRP15M-26JUN081045,Target Price: $1.1659,2026-06-08 10:30:00-04:00,2026-06-08 10:45:00-04:00,1.1666,1.1659,yes
KXXRP15M-26JUN081045,Target Price: $1.1659,2026-06-08 10:30:00-04:00,2026-06-08 10:45:00-04:00,1.1666,1.1659,yes
KXXRP15M-26JUN081045,Target Price: $1.1659,2026-06-08 10:30:00-04:00,2026-06-08 10:45:00-04:00,1.1666,1.1659,yes
KXXRP15M-26JUN081045,Target Price: $1.1659,2026-06-08 10:30:00-04:00,2026-06-08 10:45:00-04:00,1.1666,1.1659,yes
KXXRP15M-26JUN081100,Target Price: $1.1666,2026-06-08 10:45:00-04:00,2026-06-08 11:00:00-04:00,1.1735,1.1666,yes
KXXRP15M-26JUN081100,Target Price: $1.1666,2026-06-08 10:45:00-04:00,2026-06-08 11:00:00-04:00,1.1735,1.1666,yes
KXXRP15M-26JUN081100,Target Price: $1.1666,2026-06-08 10:45:00-04:00,2026-06-08 11:00:00-04:00,1.1735,1.1666,yes
KXXRP15M-26JUN081100,Target Price: $1.1666,2026-06-08 10:45:00-04:00,2026-06-08 11:00:00-04:00,1.1735,1.1666,yes
KXXRP15M-26JUN081115,Target Price: $1.1735,2026-06-08 11:00:00-04:00,2026-06-08 11:15:00-04:00,1.1835,1.1735,yes
KXXRP15M-26JUN081115,Target Price: $1.1735,2026-06-08 11:00:00-04:00,2026-06-08 11:15:00-04:00,1.1835,1.1735,yes
KXXRP15M-26JUN081115,Target Price: $1.1735,2026-06-08 11:00:00-04:00,2026-06-08 11:15:00-04:00,1.1835,1.1735,yes
KXXRP15M-26JUN081115,Target Price: $1.1735,2026-06-08 11:00:00-04:00,2026-06-08 11:15:00-04:00,1.1835,1.1735,yes
KXXRP15M-26JUN081130,Target Price: $1.1835,2026-06-08 11:15:00-04:00,2026-06-08 11:30:00-04:00,1.1736,1.1835,no
KXXRP15M-26JUN081130,Target Price: $1.1835,2026-06-08 11:15:00-04:00,2026-06-08 11:30:00-04:00,1.1736,1.1835,no
KXXRP15M-26JUN081130,Target Price: $1.1835,2026-06-08 11:15:00-04:00,2026-06-08 11:30:00-04:00,1.1736,1.1835,no
KXXRP15M-26JUN081130,Target Price: $1.1835,2026-06-08 11:15:00-04:00,2026-06-08 11:30:00-04:00,1.1736,1.1835,no
KXXRP15M-26JUN081145,Target Price: $1.1736,2026-06-08 11:30:00-04:00,2026-06-08 11:45:00-04:00,1.1715,1.1736,no
KXXRP15M-26JUN081145,Target Price: $1.1736,2026-06-08 11:30:00-04:00,2026-06-08 11:45:00-04:00,1.1715,1.1736,no
KXXRP15M-26JUN081145,Target Price: $1.1736,2026-06-08 11:30:00-04:00,2026-06-08 11:45:00-04:00,1.1715,1.1736,no
KXXRP15M-26JUN081145,Target Price: $1.1736,2026-06-08 11:30:00-04:00,2026-06-08 11:45:00-04:00,1.1715,1.1736,no
KXXRP15M-26JUN081200,Target Price: $1.1715,2026-06-08 11:45:00-04:00,2026-06-08 12:00:00-04:00,1.1697,1.1715,no
KXXRP15M-26JUN081200,Target Price: $1.1715,2026-06-08 11:45:00-04:00,2026-06-08 12:00:00-04:00,1.1697,1.1715,no
KXXRP15M-26JUN081200,Target Price: $1.1715,2026-06-08 11:45:00-04:00,2026-06-08 12:00:00-04:00,1.1697,1.1715,no
KXXRP15M-26JUN081200,Target Price: $1.1715,2026-06-08 11:45:00-04:00,2026-06-08 12:00:00-04:00,1.1697,1.1715,no
KXXRP15M-26JUN081215,Target Price: $1.1697,2026-06-08 12:00:00-04:00,2026-06-08 12:15:00-04:00,1.1715,1.1697,yes
KXXRP15M-26JUN081215,Target Price: $1.1697,2026-06-08 12:00:00-04:00,2026-06-08 12:15:00-04:00,1.1715,1.1697,yes
KXXRP15M-26JUN081215,Target Price: $1.1697,2026-06-08 12:00:00-04:00,2026-06-08 12:15:00-04:00,1.1715,1.1697,yes
KXXRP15M-26JUN081215,Target Price: $1.1697,2026-06-08 12:00:00-04:00,2026-06-08 12:15:00-04:00,1.1715,1.1697,yes
KXXRP15M-26JUN081230,Target Price: $1.1715,2026-06-08 12:15:00-04:00,2026-06-08 12:30:00-04:00,1.1715,1.1715,yes
KXXRP15M-26JUN081230,Target Price: $1.1715,2026-06-08 12:15:00-04:00,2026-06-08 12:30:00-04:00,1.1715,1.1715,yes
KXXRP15M-26JUN081230,Target Price: $1.1715,2026-06-08 12:15:00-04:00,2026-06-08 12:30:00-04:00,1.1715,1.1715,yes
KXXRP15M-26JUN081230,Target Price: $1.1715,2026-06-08 12:15:00-04:00,2026-06-08 12:30:00-04:00,1.1715,1.1715,yes
KXXRP15M-26JUN081245,Target Price: $1.1715,2026-06-08 12:30:00-04:00,2026-06-08 12:45:00-04:00,1.1679,1.1715,no
KXXRP15M-26JUN081245,Target Price: $1.1715,2026-06-08 12:30:00-04:00,2026-06-08 12:45:00-04:00,1.1679,1.1715,no
KXXRP15M-26JUN081245,Target Price: $1.1715,2026-06-08 12:30:00-04:00,2026-06-08 12:45:00-04:00,1.1679,1.1715,no
KXXRP15M-26JUN081245,Target Price: $1.1715,2026-06-08 12:30:00-04:00,2026-06-08 12:45:00-04:00,1.1679,1.1715,no
KXXRP15M-26JUN081300,Target Price: $1.1679,2026-06-08 12:45:00-04:00,2026-06-08 13:00:00-04:00,1.1645,1.1679,no
KXXRP15M-26JUN081300,Target Price: $1.1679,2026-06-08 12:45:00-04:00,2026-06-08 13:00:00-04:00,1.1645,1.1679,no
KXXRP15M-26JUN081300,Target Price: $1.1679,2026-06-08 12:45:00-04:00,2026-06-08 13:00:00-04:00,1.1645,1.1679,no
KXXRP15M-26JUN081300,Target Price: $1.1679,2026-06-08 12:45:00-04:00,2026-06-08 13:00:00-04:00,1.1645,1.1679,no
KXXRP15M-26JUN081315,Target Price: $1.1645,2026-06-08 13:00:00-04:00,2026-06-08 13:15:00-04:00,1.1600,1.1645,no
KXXRP15M-26JUN081315,Target Price: $1.1645,2026-06-08 13:00:00-04:00,2026-06-08 13:15:00-04:00,1.1600,1.1645,no
KXXRP15M-26JUN081315,Target Price: $1.1645,2026-06-08 13:00:00-04:00,2026-06-08 13:15:00-04:00,1.1600,1.1645,no
KXXRP15M-26JUN081315,Target Price: $1.1645,2026-06-08 13:00:00-04:00,2026-06-08 13:15:00-04:00,1.1600,1.1645,no
KXXRP15M-26JUN081330,Target Price: $1.1600,2026-06-08 13:15:00-04:00,2026-06-08 13:30:00-04:00,1.1674,1.16,yes
KXXRP15M-26JUN081330,Target Price: $1.1600,2026-06-08 13:15:00-04:00,2026-06-08 13:30:00-04:00,1.1674,1.16,yes
KXXRP15M-26JUN081330,Target Price: $1.1600,2026-06-08 13:15:00-04:00,2026-06-08 13:30:00-04:00,1.1674,1.16,yes
KXXRP15M-26JUN081330,Target Price: $1.1600,2026-06-08 13:15:00-04:00,2026-06-08 13:30:00-04:00,1.1674,1.16,yes
KXXRP15M-26JUN081345,Target Price: $1.1674,2026-06-08 13:30:00-04:00,2026-06-08 13:45:00-04:00,1.1648,1.1674,no
KXXRP15M-26JUN081345,Target Price: $1.1674,2026-06-08 13:30:00-04:00,2026-06-08 13:45:00-04:00,1.1648,1.1674,no
KXXRP15M-26JUN081345,Target Price: $1.1674,2026-06-08 13:30:00-04:00,2026-06-08 13:45:00-04:00,1.1648,1.1674,no
KXXRP15M-26JUN081345,Target Price: $1.1674,2026-06-08 13:30:00-04:00,2026-06-08 13:45:00-04:00,1.1648,1.1674,no
KXXRP15M-26JUN081400,Target Price: $1.1648,2026-06-08 13:45:00-04:00,2026-06-08 14:00:00-04:00,1.1716,1.1648,yes
KXXRP15M-26JUN081400,Target Price: $1.1648,2026-06-08 13:45:00-04:00,2026-06-08 14:00:00-04:00,1.1716,1.1648,yes
KXXRP15M-26JUN081400,Target Price: $1.1648,2026-06-08 13:45:00-04:00,2026-06-08 14:00:00-04:00,1.1716,1.1648,yes
KXXRP15M-26JUN081400,Target Price: $1.1648,2026-06-08 13:45:00-04:00,2026-06-08 14:00:00-04:00,1.1716,1.1648,yes
KXXRP15M-26JUN081415,Target Price: $1.1716,2026-06-08 14:00:00-04:00,2026-06-08 14:15:00-04:00,1.1742,1.1716,yes
KXXRP15M-26JUN081415,Target Price: $1.1716,2026-06-08 14:00:00-04:00,2026-06-08 14:15:00-04:00,1.1742,1.1716,yes
KXXRP15M-26JUN081415,Target Price: $1.1716,2026-06-08 14:00:00-04:00,2026-06-08 14:15:00-04:00,1.1742,1.1716,yes
KXXRP15M-26JUN081415,Target Price: $1.1716,2026-06-08 14:00:00-04:00,2026-06-08 14:15:00-04:00,1.1742,1.1716,yes
KXXRP15M-26JUN081430,Target Price: $1.1742,2026-06-08 14:15:00-04:00,2026-06-08 14:30:00-04:00,1.1781,1.1742,yes
KXXRP15M-26JUN081430,Target Price: $1.1742,2026-06-08 14:15:00-04:00,2026-06-08 14:30:00-04:00,1.1781,1.1742,yes
KXXRP15M-26JUN081430,Target Price: $1.1742,2026-06-08 14:15:00-04:00,2026-06-08 14:30:00-04:00,1.1781,1.1742,yes
KXXRP15M-26JUN081430,Target Price: $1.1742,2026-06-08 14:15:00-04:00,2026-06-08 14:30:00-04:00,1.1781,1.1742,yes
KXXRP15M-26JUN081445,Target Price: $1.1781,2026-06-08 14:30:00-04:00,2026-06-08 14:45:00-04:00,1.1752,1.1781,no
KXXRP15M-26JUN081445,Target Price: $1.1781,2026-06-08 14:30:00-04:00,2026-06-08 14:45:00-04:00,1.1752,1.1781,no
KXXRP15M-26JUN081445,Target Price: $1.1781,2026-06-08 14:30:00-04:00,2026-06-08 14:45:00-04:00,1.1752,1.1781,no
KXXRP15M-26JUN081445,Target Price: $1.1781,2026-06-08 14:30:00-04:00,2026-06-08 14:45:00-04:00,1.1752,1.1781,no
KXXRP15M-26JUN081500,Target Price: $1.1752,2026-06-08 14:45:00-04:00,2026-06-08 15:00:00-04:00,1.1741,1.1752,no
KXXRP15M-26JUN081500,Target Price: $1.1752,2026-06-08 14:45:00-04:00,2026-06-08 15:00:00-04:00,1.1741,1.1752,no
KXXRP15M-26JUN081500,Target Price: $1.1752,2026-06-08 14:45:00-04:00,2026-06-08 15:00:00-04:00,1.1741,1.1752,no
KXXRP15M-26JUN081500,Target Price: $1.1752,2026-06-08 14:45:00-04:00,2026-06-08 15:00:00-04:00,1.1741,1.1752,no
KXXRP15M-26JUN081515,Target Price: $1.1741,2026-06-08 15:00:00-04:00,2026-06-08 15:15:00-04:00,1.1782,1.1741,yes
KXXRP15M-26JUN081515,Target Price: $1.1741,2026-06-08 15:00:00-04:00,2026-06-08 15:15:00-04:00,1.1782,1.1741,yes
KXXRP15M-26JUN081515,Target Price: $1.1741,2026-06-08 15:00:00-04:00,2026-06-08 15:15:00-04:00,1.1782,1.1741,yes
KXXRP15M-26JUN081515,Target Price: $1.1741,2026-06-08 15:00:00-04:00,2026-06-08 15:15:00-04:00,1.1782,1.1741,yes
KXXRP15M-26JUN081530,Target Price: $1.1782,2026-06-08 15:15:00-04:00,2026-06-08 15:30:00-04:00,1.1823,1.1782,yes
KXXRP15M-26JUN081530,Target Price: $1.1782,2026-06-08 15:15:00-04:00,2026-06-08 15:30:00-04:00,1.1823,1.1782,yes
KXXRP15M-26JUN081530,Target Price: $1.1782,2026-06-08 15:15:00-04:00,2026-06-08 15:30:00-04:00,1.1823,1.1782,yes
KXXRP15M-26JUN081530,Target Price: $1.1782,2026-06-08 15:15:00-04:00,2026-06-08 15:30:00-04:00,1.1823,1.1782,yes
KXXRP15M-26JUN081545,Target Price: $1.1823,2026-06-08 15:30:00-04:00,2026-06-08 15:45:00-04:00,1.1811,1.1823,no
KXXRP15M-26JUN081545,Target Price: $1.1823,2026-06-08 15:30:00-04:00,2026-06-08 15:45:00-04:00,1.1811,1.1823,no
KXXRP15M-26JUN081545,Target Price: $1.1823,2026-06-08 15:30:00-04:00,2026-06-08 15:45:00-04:00,1.1811,1.1823,no
KXXRP15M-26JUN081545,Target Price: $1.1823,2026-06-08 15:30:00-04:00,2026-06-08 15:45:00-04:00,1.1811,1.1823,no
KXXRP15M-26JUN081600,Target Price: $1.1811,2026-06-08 15:45:00-04:00,2026-06-08 16:00:00-04:00,1.1778,1.1811,no
KXXRP15M-26JUN081600,Target Price: $1.1811,2026-06-08 15:45:00-04:00,2026-06-08 16:00:00-04:00,1.1778,1.1811,no
KXXRP15M-26JUN081600,Target Price: $1.1811,2026-06-08 15:45:00-04:00,2026-06-08 16:00:00-04:00,1.1778,1.1811,no
KXXRP15M-26JUN081600,Target Price: $1.1811,2026-06-08 15:45:00-04:00,2026-06-08 16:00:00-04:00,1.1778,1.1811,no
KXXRP15M-26JUN081615,Target Price: $1.1778,2026-06-08 16:00:00-04:00,2026-06-08 16:15:00-04:00,1.1722,1.1778,no
KXXRP15M-26JUN081615,Target Price: $1.1778,2026-06-08 16:00:00-04:00,2026-06-08 16:15:00-04:00,1.1722,1.1778,no
KXXRP15M-26JUN081615,Target Price: $1.1778,2026-06-08 16:00:00-04:00,2026-06-08 16:15:00-04:00,1.1722,1.1778,no
KXXRP15M-26JUN081615,Target Price: $1.1778,2026-06-08 16:00:00-04:00,2026-06-08 16:15:00-04:00,1.1722,1.1778,no
KXXRP15M-26JUN081630,Target Price: $1.1722,2026-06-08 16:15:00-04:00,2026-06-08 16:30:00-04:00,1.1714,1.1722,no
KXXRP15M-26JUN081630,Target Price: $1.1722,2026-06-08 16:15:00-04:00,2026-06-08 16:30:00-04:00,1.1714,1.1722,no
KXXRP15M-26JUN081630,Target Price: $1.1722,2026-06-08 16:15:00-04:00,2026-06-08 16:30:00-04:00,1.1714,1.1722,no
KXXRP15M-26JUN081630,Target Price: $1.1722,2026-06-08 16:15:00-04:00,2026-06-08 16:30:00-04:00,1.1714,1.1722,no
KXXRP15M-26JUN081645,Target Price: $1.1714,2026-06-08 16:30:00-04:00,2026-06-08 16:45:00-04:00,1.1767,1.1714,yes
KXXRP15M-26JUN081645,Target Price: $1.1714,2026-06-08 16:30:00-04:00,2026-06-08 16:45:00-04:00,1.1767,1.1714,yes
KXXRP15M-26JUN081645,Target Price: $1.1714,2026-06-08 16:30:00-04:00,2026-06-08 16:45:00-04:00,1.1767,1.1714,yes
KXXRP15M-26JUN081645,Target Price: $1.1714,2026-06-08 16:30:00-04:00,2026-06-08 16:45:00-04:00,1.1767,1.1714,yes
KXXRP15M-26JUN081700,Target Price: $1.1767,2026-06-08 16:45:00-04:00,2026-06-08 17:00:00-04:00,1.1757,1.1767,no
KXXRP15M-26JUN081700,Target Price: $1.1767,2026-06-08 16:45:00-04:00,2026-06-08 17:00:00-04:00,1.1757,1.1767,no
KXXRP15M-26JUN081700,Target Price: $1.1767,2026-06-08 16:45:00-04:00,2026-06-08 17:00:00-04:00,1.1757,1.1767,no
KXXRP15M-26JUN081700,Target Price: $1.1767,2026-06-08 16:45:00-04:00,2026-06-08 17:00:00-04:00,1.1757,1.1767,no
KXXRP15M-26JUN081715,Target Price: $1.1757,2026-06-08 17:00:00-04:00,2026-06-08 17:15:00-04:00,1.1835,1.1757,yes
KXXRP15M-26JUN081715,Target Price: $1.1757,2026-06-08 17:00:00-04:00,2026-06-08 17:15:00-04:00,1.1835,1.1757,yes
KXXRP15M-26JUN081715,Target Price: $1.1757,2026-06-08 17:00:00-04:00,2026-06-08 17:15:00-04:00,1.1835,1.1757,yes
KXXRP15M-26JUN081715,Target Price: $1.1757,2026-06-08 17:00:00-04:00,2026-06-08 17:15:00-04:00,1.1835,1.1757,yes
KXXRP15M-26JUN081730,Target Price: $1.1835,2026-06-08 17:15:00-04:00,2026-06-08 17:30:00-04:00,1.1840,1.1835,yes
KXXRP15M-26JUN081730,Target Price: $1.1835,2026-06-08 17:15:00-04:00,2026-06-08 17:30:00-04:00,1.1840,1.1835,yes
KXXRP15M-26JUN081730,Target Price: $1.1835,2026-06-08 17:15:00-04:00,2026-06-08 17:30:00-04:00,1.1840,1.1835,yes
KXXRP15M-26JUN081730,Target Price: $1.1835,2026-06-08 17:15:00-04:00,2026-06-08 17:30:00-04:00,1.1840,1.1835,yes
KXXRP15M-26JUN081745,Target Price: $1.1840,2026-06-08 17:30:00-04:00,2026-06-08 17:45:00-04:00,1.1836,1.184,no
KXXRP15M-26JUN081745,Target Price: $1.1840,2026-06-08 17:30:00-04:00,2026-06-08 17:45:00-04:00,1.1836,1.184,no
KXXRP15M-26JUN081745,Target Price: $1.1840,2026-06-08 17:30:00-04:00,2026-06-08 17:45:00-04:00,1.1836,1.184,no
KXXRP15M-26JUN081745,Target Price: $1.1840,2026-06-08 17:30:00-04:00,2026-06-08 17:45:00-04:00,1.1836,1.184,no
KXXRP15M-26JUN081800,Target Price: $1.1836,2026-06-08 17:45:00-04:00,2026-06-08 18:00:00-04:00,1.1820,1.1836,no
KXXRP15M-26JUN081800,Target Price: $1.1836,2026-06-08 17:45:00-04:00,2026-06-08 18:00:00-04:00,1.1820,1.1836,no
KXXRP15M-26JUN081800,Target Price: $1.1836,2026-06-08 17:45:00-04:00,2026-06-08 18:00:00-04:00,1.1820,1.1836,no
KXXRP15M-26JUN081800,Target Price: $1.1836,2026-06-08 17:45:00-04:00,2026-06-08 18:00:00-04:00,1.1820,1.1836,no
KXXRP15M-26JUN081815,Target Price: $1.1820,2026-06-08 18:00:00-04:00,2026-06-08 18:15:00-04:00,1.1734,1.182,no
KXXRP15M-26JUN081815,Target Price: $1.1820,2026-06-08 18:00:00-04:00,2026-06-08 18:15:00-04:00,1.1734,1.182,no
KXXRP15M-26JUN081815,Target Price: $1.1820,2026-06-08 18:00:00-04:00,2026-06-08 18:15:00-04:00,1.1734,1.182,no
KXXRP15M-26JUN081815,Target Price: $1.1820,2026-06-08 18:00:00-04:00,2026-06-08 18:15:00-04:00,1.1734,1.182,no
KXXRP15M-26JUN081830,Target Price: $1.1734,2026-06-08 18:15:00-04:00,2026-06-08 18:30:00-04:00,1.1766,1.1734,yes
KXXRP15M-26JUN081830,Target Price: $1.1734,2026-06-08 18:15:00-04:00,2026-06-08 18:30:00-04:00,1.1766,1.1734,yes
KXXRP15M-26JUN081830,Target Price: $1.1734,2026-06-08 18:15:00-04:00,2026-06-08 18:30:00-04:00,1.1766,1.1734,yes
KXXRP15M-26JUN081830,Target Price: $1.1734,2026-06-08 18:15:00-04:00,2026-06-08 18:30:00-04:00,1.1766,1.1734,yes
KXXRP15M-26JUN081845,Target Price: $1.1766,2026-06-08 18:30:00-04:00,2026-06-08 18:45:00-04:00,1.1755,1.1766,no
KXXRP15M-26JUN081845,Target Price: $1.1766,2026-06-08 18:30:00-04:00,2026-06-08 18:45:00-04:00,1.1755,1.1766,no
KXXRP15M-26JUN081845,Target Price: $1.1766,2026-06-08 18:30:00-04:00,2026-06-08 18:45:00-04:00,1.1755,1.1766,no
KXXRP15M-26JUN081845,Target Price: $1.1766,2026-06-08 18:30:00-04:00,2026-06-08 18:45:00-04:00,1.1755,1.1766,no
KXXRP15M-26JUN081900,Target Price: $1.1755,2026-06-08 18:45:00-04:00,2026-06-08 19:00:00-04:00,1.1779,1.1755,yes
KXXRP15M-26JUN081900,Target Price: $1.1755,2026-06-08 18:45:00-04:00,2026-06-08 19:00:00-04:00,1.1779,1.1755,yes
KXXRP15M-26JUN081900,Target Price: $1.1755,2026-06-08 18:45:00-04:00,2026-06-08 19:00:00-04:00,1.1779,1.1755,yes
KXXRP15M-26JUN081900,Target Price: $1.1755,2026-06-08 18:45:00-04:00,2026-06-08 19:00:00-04:00,1.1779,1.1755,yes
KXXRP15M-26JUN081915,Target Price: $1.1779,2026-06-08 19:00:00-04:00,2026-06-08 19:15:00-04:00,1.1804,1.1779,yes
KXXRP15M-26JUN081915,Target Price: $1.1779,2026-06-08 19:00:00-04:00,2026-06-08 19:15:00-04:00,1.1804,1.1779,yes
KXXRP15M-26JUN081915,Target Price: $1.1779,2026-06-08 19:00:00-04:00,2026-06-08 19:15:00-04:00,1.1804,1.1779,yes
KXXRP15M-26JUN081915,Target Price: $1.1779,2026-06-08 19:00:00-04:00,2026-06-08 19:15:00-04:00,1.1804,1.1779,yes
KXXRP15M-26JUN081930,Target Price: $1.1804,2026-06-08 19:15:00-04:00,2026-06-08 19:30:00-04:00,1.1714,1.1804,no
KXXRP15M-26JUN081930,Target Price: $1.1804,2026-06-08 19:15:00-04:00,2026-06-08 19:30:00-04:00,1.1714,1.1804,no
KXXRP15M-26JUN081930,Target Price: $1.1804,2026-06-08 19:15:00-04:00,2026-06-08 19:30:00-04:00,1.1714,1.1804,no
KXXRP15M-26JUN081930,Target Price: $1.1804,2026-06-08 19:15:00-04:00,2026-06-08 19:30:00-04:00,1.1714,1.1804,no
KXXRP15M-26JUN081945,Target Price: $1.1714,2026-06-08 19:30:00-04:00,2026-06-08 19:45:00-04:00,1.1700,1.1714,no
KXXRP15M-26JUN081945,Target Price: $1.1714,2026-06-08 19:30:00-04:00,2026-06-08 19:45:00-04:00,1.1700,1.1714,no
KXXRP15M-26JUN081945,Target Price: $1.1714,2026-06-08 19:30:00-04:00,2026-06-08 19:45:00-04:00,1.1700,1.1714,no
KXXRP15M-26JUN081945,Target Price: $1.1714,2026-06-08 19:30:00-04:00,2026-06-08 19:45:00-04:00,1.1700,1.1714,no
KXXRP15M-26JUN082000,Target Price: $1.1700,2026-06-08 19:45:00-04:00,2026-06-08 20:00:00-04:00,1.1679,1.17,no
KXXRP15M-26JUN082000,Target Price: $1.1700,2026-06-08 19:45:00-04:00,2026-06-08 20:00:00-04:00,1.1679,1.17,no
KXXRP15M-26JUN082000,Target Price: $1.1700,2026-06-08 19:45:00-04:00,2026-06-08 20:00:00-04:00,1.1679,1.17,no
KXXRP15M-26JUN082000,Target Price: $1.1700,2026-06-08 19:45:00-04:00,2026-06-08 20:00:00-04:00,1.1679,1.17,no
KXXRP15M-26JUN082015,Target Price: $1.1679,2026-06-08 20:00:00-04:00,2026-06-08 20:15:00-04:00,1.1669,1.1679,no
KXXRP15M-26JUN082015,Target Price: $1.1679,2026-06-08 20:00:00-04:00,2026-06-08 20:15:00-04:00,1.1669,1.1679,no
KXXRP15M-26JUN082015,Target Price: $1.1679,2026-06-08 20:00:00-04:00,2026-06-08 20:15:00-04:00,1.1669,1.1679,no
KXXRP15M-26JUN082015,Target Price: $1.1679,2026-06-08 20:00:00-04:00,2026-06-08 20:15:00-04:00,1.1669,1.1679,no
KXXRP15M-26JUN082030,Target Price: $1.1669,2026-06-08 20:15:00-04:00,2026-06-08 20:30:00-04:00,1.1587,1.1669,no
KXXRP15M-26JUN082030,Target Price: $1.1669,2026-06-08 20:15:00-04:00,2026-06-08 20:30:00-04:00,1.1587,1.1669,no
KXXRP15M-26JUN082030,Target Price: $1.1669,2026-06-08 20:15:00-04:00,2026-06-08 20:30:00-04:00,1.1587,1.1669,no
KXXRP15M-26JUN082030,Target Price: $1.1669,2026-06-08 20:15:00-04:00,2026-06-08 20:30:00-04:00,1.1587,1.1669,no
KXXRP15M-26JUN082045,Target Price: $1.1587,2026-06-08 20:30:00-04:00,2026-06-08 20:45:00-04:00,1.1580,1.1587,no
KXXRP15M-26JUN082045,Target Price: $1.1587,2026-06-08 20:30:00-04:00,2026-06-08 20:45:00-04:00,1.1580,1.1587,no
KXXRP15M-26JUN082045,Target Price: $1.1587,2026-06-08 20:30:00-04:00,2026-06-08 20:45:00-04:00,1.1580,1.1587,no
KXXRP15M-26JUN082045,Target Price: $1.1587,2026-06-08 20:30:00-04:00,2026-06-08 20:45:00-04:00,1.1580,1.1587,no
KXXRP15M-26JUN082100,Target Price: $1.1580,2026-06-08 20:45:00-04:00,2026-06-08 21:00:00-04:00,1.1531,1.158,no
KXXRP15M-26JUN082100,Target Price: $1.1580,2026-06-08 20:45:00-04:00,2026-06-08 21:00:00-04:00,1.1531,1.158,no
KXXRP15M-26JUN082100,Target Price: $1.1580,2026-06-08 20:45:00-04:00,2026-06-08 21:00:00-04:00,1.1531,1.158,no
KXXRP15M-26JUN082100,Target Price: $1.1580,2026-06-08 20:45:00-04:00,2026-06-08 21:00:00-04:00,1.1531,1.158,no
KXXRP15M-26JUN082115,Target Price: $1.1531,2026-06-08 21:00:00-04:00,2026-06-08 21:15:00-04:00,1.1533,1.1531,yes
KXXRP15M-26JUN082115,Target Price: $1.1531,2026-06-08 21:00:00-04:00,2026-06-08 21:15:00-04:00,1.1533,1.1531,yes
KXXRP15M-26JUN082115,Target Price: $1.1531,2026-06-08 21:00:00-04:00,2026-06-08 21:15:00-04:00,1.1533,1.1531,yes
KXXRP15M-26JUN082115,Target Price: $1.1531,2026-06-08 21:00:00-04:00,2026-06-08 21:15:00-04:00,1.1533,1.1531,yes
KXXRP15M-26JUN082130,Target Price: $1.1533,2026-06-08 21:15:00-04:00,2026-06-08 21:30:00-04:00,1.1559,1.1533,yes
KXXRP15M-26JUN082130,Target Price: $1.1533,2026-06-08 21:15:00-04:00,2026-06-08 21:30:00-04:00,1.1559,1.1533,yes
KXXRP15M-26JUN082130,Target Price: $1.1533,2026-06-08 21:15:00-04:00,2026-06-08 21:30:00-04:00,1.1559,1.1533,yes
KXXRP15M-26JUN082130,Target Price: $1.1533,2026-06-08 21:15:00-04:00,2026-06-08 21:30:00-04:00,1.1559,1.1533,yes
KXXRP15M-26JUN082145,Target Price: $1.1559,2026-06-08 21:30:00-04:00,2026-06-08 21:45:00-04:00,1.1520,1.1559,no
KXXRP15M-26JUN082145,Target Price: $1.1559,2026-06-08 21:30:00-04:00,2026-06-08 21:45:00-04:00,1.1520,1.1559,no
KXXRP15M-26JUN082145,Target Price: $1.1559,2026-06-08 21:30:00-04:00,2026-06-08 21:45:00-04:00,1.1520,1.1559,no
KXXRP15M-26JUN082145,Target Price: $1.1559,2026-06-08 21:30:00-04:00,2026-06-08 21:45:00-04:00,1.1520,1.1559,no
KXXRP15M-26JUN082200,Target Price: $1.1520,2026-06-08 21:45:00-04:00,2026-06-08 22:00:00-04:00,1.1513,1.152,no
KXXRP15M-26JUN082200,Target Price: $1.1520,2026-06-08 21:45:00-04:00,2026-06-08 22:00:00-04:00,1.1513,1.152,no
KXXRP15M-26JUN082200,Target Price: $1.1520,2026-06-08 21:45:00-04:00,2026-06-08 22:00:00-04:00,1.1513,1.152,no
KXXRP15M-26JUN082200,Target Price: $1.1520,2026-06-08 21:45:00-04:00,2026-06-08 22:00:00-04:00,1.1513,1.152,no
KXXRP15M-26JUN082215,Target Price: $1.1513,2026-06-08 22:00:00-04:00,2026-06-08 22:15:00-04:00,1.1514,1.1513,yes
KXXRP15M-26JUN082215,Target Price: $1.1513,2026-06-08 22:00:00-04:00,2026-06-08 22:15:00-04:00,1.1514,1.1513,yes
KXXRP15M-26JUN082215,Target Price: $1.1513,2026-06-08 22:00:00-04:00,2026-06-08 22:15:00-04:00,1.1514,1.1513,yes
KXXRP15M-26JUN082215,Target Price: $1.1513,2026-06-08 22:00:00-04:00,2026-06-08 22:15:00-04:00,1.1514,1.1513,yes
KXXRP15M-26JUN082230,Target Price: $1.1514,2026-06-08 22:15:00-04:00,2026-06-08 22:30:00-04:00,1.1484,1.1514,no
KXXRP15M-26JUN082230,Target Price: $1.1514,2026-06-08 22:15:00-04:00,2026-06-08 22:30:00-04:00,1.1484,1.1514,no
KXXRP15M-26JUN082230,Target Price: $1.1514,2026-06-08 22:15:00-04:00,2026-06-08 22:30:00-04:00,1.1484,1.1514,no
KXXRP15M-26JUN082230,Target Price: $1.1514,2026-06-08 22:15:00-04:00,2026-06-08 22:30:00-04:00,1.1484,1.1514,no
KXXRP15M-26JUN082245,Target Price: $1.1484,2026-06-08 22:30:00-04:00,2026-06-08 22:45:00-04:00,1.1464,1.1484,no
KXXRP15M-26JUN082245,Target Price: $1.1484,2026-06-08 22:30:00-04:00,2026-06-08 22:45:00-04:00,1.1464,1.1484,no
KXXRP15M-26JUN082245,Target Price: $1.1484,2026-06-08 22:30:00-04:00,2026-06-08 22:45:00-04:00,1.1464,1.1484,no
KXXRP15M-26JUN082245,Target Price: $1.1484,2026-06-08 22:30:00-04:00,2026-06-08 22:45:00-04:00,1.1464,1.1484,no
KXXRP15M-26JUN082300,Target Price: $1.1464,2026-06-08 22:45:00-04:00,2026-06-08 23:00:00-04:00,1.1521,1.1464,yes
KXXRP15M-26JUN082300,Target Price: $1.1464,2026-06-08 22:45:00-04:00,2026-06-08 23:00:00-04:00,1.1521,1.1464,yes
KXXRP15M-26JUN082300,Target Price: $1.1464,2026-06-08 22:45:00-04:00,2026-06-08 23:00:00-04:00,1.1521,1.1464,yes
KXXRP15M-26JUN082300,Target Price: $1.1464,2026-06-08 22:45:00-04:00,2026-06-08 23:00:00-04:00,1.1521,1.1464,yes
KXXRP15M-26JUN082315,Target Price: $1.1521,2026-06-08 23:00:00-04:00,2026-06-08 23:15:00-04:00,1.1545,1.1521,yes
KXXRP15M-26JUN082315,Target Price: $1.1521,2026-06-08 23:00:00-04:00,2026-06-08 23:15:00-04:00,1.1545,1.1521,yes
KXXRP15M-26JUN082315,Target Price: $1.1521,2026-06-08 23:00:00-04:00,2026-06-08 23:15:00-04:00,1.1545,1.1521,yes
KXXRP15M-26JUN082315,Target Price: $1.1521,2026-06-08 23:00:00-04:00,2026-06-08 23:15:00-04:00,1.1545,1.1521,yes
KXXRP15M-26JUN082330,Target Price: $1.1545,2026-06-08 23:15:00-04:00,2026-06-08 23:30:00-04:00,1.1532,1.1545,no
KXXRP15M-26JUN082330,Target Price: $1.1545,2026-06-08 23:15:00-04:00,2026-06-08 23:30:00-04:00,1.1532,1.1545,no
KXXRP15M-26JUN082330,Target Price: $1.1545,2026-06-08 23:15:00-04:00,2026-06-08 23:30:00-04:00,1.1532,1.1545,no
KXXRP15M-26JUN082330,Target Price: $1.1545,2026-06-08 23:15:00-04:00,2026-06-08 23:30:00-04:00,1.1532,1.1545,no
KXXRP15M-26JUN082345,Target Price: $1.1532,2026-06-08 23:30:00-04:00,2026-06-08 23:45:00-04:00,1.1542,1.1532,yes
KXXRP15M-26JUN082345,Target Price: $1.1532,2026-06-08 23:30:00-04:00,2026-06-08 23:45:00-04:00,1.1542,1.1532,yes
KXXRP15M-26JUN082345,Target Price: $1.1532,2026-06-08 23:30:00-04:00,2026-06-08 23:45:00-04:00,1.1542,1.1532,yes
KXXRP15M-26JUN082345,Target Price: $1.1532,2026-06-08 23:30:00-04:00,2026-06-08 23:45:00-04:00,1.1542,1.1532,yes
KXXRP15M-26JUN090000,Target Price: $1.1542,2026-06-08 23:45:00-04:00,2026-06-09 00:00:00-04:00,1.1548,1.1542,yes
KXXRP15M-26JUN090000,Target Price: $1.1542,2026-06-08 23:45:00-04:00,2026-06-09 00:00:00-04:00,1.1548,1.1542,yes
KXXRP15M-26JUN090000,Target Price: $1.1542,2026-06-08 23:45:00-04:00,2026-06-09 00:00:00-04:00,1.1548,1.1542,yes
KXXRP15M-26JUN090000,Target Price: $1.1542,2026-06-08 23:45:00-04:00,2026-06-09 00:00:00-04:00,1.1548,1.1542,yes
KXXRP15M-26JUN090015,Target Price: $1.1548,2026-06-09 00:00:00-04:00,2026-06-09 00:15:00-04:00,1.1540,1.1548,no
KXXRP15M-26JUN090015,Target Price: $1.1548,2026-06-09 00:00:00-04:00,2026-06-09 00:15:00-04:00,1.1540,1.1548,no
KXXRP15M-26JUN090015,Target Price: $1.1548,2026-06-09 00:00:00-04:00,2026-06-09 00:15:00-04:00,1.1540,1.1548,no
KXXRP15M-26JUN090015,Target Price: $1.1548,2026-06-09 00:00:00-04:00,2026-06-09 00:15:00-04:00,1.1540,1.1548,no
KXXRP15M-26JUN090030,Target Price: $1.1540,2026-06-09 00:15:00-04:00,2026-06-09 00:30:00-04:00,1.1523,1.154,no
KXXRP15M-26JUN090030,Target Price: $1.1540,2026-06-09 00:15:00-04:00,2026-06-09 00:30:00-04:00,1.1523,1.154,no
KXXRP15M-26JUN090030,Target Price: $1.1540,2026-06-09 00:15:00-04:00,2026-06-09 00:30:00-04:00,1.1523,1.154,no
KXXRP15M-26JUN090030,Target Price: $1.1540,2026-06-09 00:15:00-04:00,2026-06-09 00:30:00-04:00,1.1523,1.154,no
KXXRP15M-26JUN090045,Target Price: $1.1523,2026-06-09 00:30:00-04:00,2026-06-09 00:45:00-04:00,1.1678,1.1523,yes
KXXRP15M-26JUN090045,Target Price: $1.1523,2026-06-09 00:30:00-04:00,2026-06-09 00:45:00-04:00,1.1678,1.1523,yes
KXXRP15M-26JUN090045,Target Price: $1.1523,2026-06-09 00:30:00-04:00,2026-06-09 00:45:00-04:00,1.1678,1.1523,yes
KXXRP15M-26JUN090045,Target Price: $1.1523,2026-06-09 00:30:00-04:00,2026-06-09 00:45:00-04:00,1.1678,1.1523,yes
KXXRP15M-26JUN090100,Target Price: $1.1678,2026-06-09 00:45:00-04:00,2026-06-09 01:00:00-04:00,1.1669,1.1678,no
KXXRP15M-26JUN090100,Target Price: $1.1678,2026-06-09 00:45:00-04:00,2026-06-09 01:00:00-04:00,1.1669,1.1678,no
KXXRP15M-26JUN090100,Target Price: $1.1678,2026-06-09 00:45:00-04:00,2026-06-09 01:00:00-04:00,1.1669,1.1678,no
KXXRP15M-26JUN090100,Target Price: $1.1678,2026-06-09 00:45:00-04:00,2026-06-09 01:00:00-04:00,1.1669,1.1678,no
KXXRP15M-26JUN090115,Target Price: $1.1669,2026-06-09 01:00:00-04:00,2026-06-09 01:15:00-04:00,1.1643,1.1669,no
KXXRP15M-26JUN090115,Target Price: $1.1669,2026-06-09 01:00:00-04:00,2026-06-09 01:15:00-04:00,1.1643,1.1669,no
KXXRP15M-26JUN090115,Target Price: $1.1669,2026-06-09 01:00:00-04:00,2026-06-09 01:15:00-04:00,1.1643,1.1669,no
KXXRP15M-26JUN090115,Target Price: $1.1669,2026-06-09 01:00:00-04:00,2026-06-09 01:15:00-04:00,1.1643,1.1669,no
KXXRP15M-26JUN090130,Target Price: $1.1643,2026-06-09 01:15:00-04:00,2026-06-09 01:30:00-04:00,1.1669,1.1643,yes
KXXRP15M-26JUN090130,Target Price: $1.1643,2026-06-09 01:15:00-04:00,2026-06-09 01:30:00-04:00,1.1669,1.1643,yes
KXXRP15M-26JUN090130,Target Price: $1.1643,2026-06-09 01:15:00-04:00,2026-06-09 01:30:00-04:00,1.1669,1.1643,yes
KXXRP15M-26JUN090130,Target Price: $1.1643,2026-06-09 01:15:00-04:00,2026-06-09 01:30:00-04:00,1.1669,1.1643,yes
KXXRP15M-26JUN090145,Target Price: $1.1669,2026-06-09 01:30:00-04:00,2026-06-09 01:45:00-04:00,1.1727,1.1669,yes
KXXRP15M-26JUN090145,Target Price: $1.1669,2026-06-09 01:30:00-04:00,2026-06-09 01:45:00-04:00,1.1727,1.1669,yes
KXXRP15M-26JUN090145,Target Price: $1.1669,2026-06-09 01:30:00-04:00,2026-06-09 01:45:00-04:00,1.1727,1.1669,yes
KXXRP15M-26JUN090145,Target Price: $1.1669,2026-06-09 01:30:00-04:00,2026-06-09 01:45:00-04:00,1.1727,1.1669,yes
KXXRP15M-26JUN090200,Target Price: $1.1727,2026-06-09 01:45:00-04:00,2026-06-09 02:00:00-04:00,1.1725,1.1727,no
KXXRP15M-26JUN090200,Target Price: $1.1727,2026-06-09 01:45:00-04:00,2026-06-09 02:00:00-04:00,1.1725,1.1727,no
KXXRP15M-26JUN090200,Target Price: $1.1727,2026-06-09 01:45:00-04:00,2026-06-09 02:00:00-04:00,1.1725,1.1727,no
KXXRP15M-26JUN090200,Target Price: $1.1727,2026-06-09 01:45:00-04:00,2026-06-09 02:00:00-04:00,1.1725,1.1727,no
KXXRP15M-26JUN090215,Target Price: $1.1725,2026-06-09 02:00:00-04:00,2026-06-09 02:15:00-04:00,1.1739,1.1725,yes
KXXRP15M-26JUN090215,Target Price: $1.1725,2026-06-09 02:00:00-04:00,2026-06-09 02:15:00-04:00,1.1739,1.1725,yes
KXXRP15M-26JUN090215,Target Price: $1.1725,2026-06-09 02:00:00-04:00,2026-06-09 02:15:00-04:00,1.1739,1.1725,yes
KXXRP15M-26JUN090215,Target Price: $1.1725,2026-06-09 02:00:00-04:00,2026-06-09 02:15:00-04:00,1.1739,1.1725,yes
KXXRP15M-26JUN090230,Target Price: $1.1739,2026-06-09 02:15:00-04:00,2026-06-09 02:30:00-04:00,1.1721,1.1739,no
KXXRP15M-26JUN090230,Target Price: $1.1739,2026-06-09 02:15:00-04:00,2026-06-09 02:30:00-04:00,1.1721,1.1739,no
KXXRP15M-26JUN090230,Target Price: $1.1739,2026-06-09 02:15:00-04:00,2026-06-09 02:30:00-04:00,1.1721,1.1739,no
KXXRP15M-26JUN090230,Target Price: $1.1739,2026-06-09 02:15:00-04:00,2026-06-09 02:30:00-04:00,1.1721,1.1739,no
KXXRP15M-26JUN090245,Target Price: $1.1721,2026-06-09 02:30:00-04:00,2026-06-09 02:45:00-04:00,1.1718,1.1721,no
KXXRP15M-26JUN090245,Target Price: $1.1721,2026-06-09 02:30:00-04:00,2026-06-09 02:45:00-04:00,1.1718,1.1721,no
KXXRP15M-26JUN090245,Target Price: $1.1721,2026-06-09 02:30:00-04:00,2026-06-09 02:45:00-04:00,1.1718,1.1721,no
KXXRP15M-26JUN090245,Target Price: $1.1721,2026-06-09 02:30:00-04:00,2026-06-09 02:45:00-04:00,1.1718,1.1721,no
KXXRP15M-26JUN090300,Target Price: $1.1718,2026-06-09 02:45:00-04:00,2026-06-09 03:00:00-04:00,1.1712,1.1718,no
KXXRP15M-26JUN090300,Target Price: $1.1718,2026-06-09 02:45:00-04:00,2026-06-09 03:00:00-04:00,1.1712,1.1718,no
KXXRP15M-26JUN090300,Target Price: $1.1718,2026-06-09 02:45:00-04:00,2026-06-09 03:00:00-04:00,1.1712,1.1718,no
KXXRP15M-26JUN090300,Target Price: $1.1718,2026-06-09 02:45:00-04:00,2026-06-09 03:00:00-04:00,1.1712,1.1718,no
KXXRP15M-26JUN090315,Target Price: $1.1712,2026-06-09 03:00:00-04:00,2026-06-09 03:15:00-04:00,1.1718,1.1712,yes
KXXRP15M-26JUN090315,Target Price: $1.1712,2026-06-09 03:00:00-04:00,2026-06-09 03:15:00-04:00,1.1718,1.1712,yes
KXXRP15M-26JUN090315,Target Price: $1.1712,2026-06-09 03:00:00-04:00,2026-06-09 03:15:00-04:00,1.1718,1.1712,yes
KXXRP15M-26JUN090315,Target Price: $1.1712,2026-06-09 03:00:00-04:00,2026-06-09 03:15:00-04:00,1.1718,1.1712,yes
KXXRP15M-26JUN090330,Target Price: $1.1718,2026-06-09 03:15:00-04:00,2026-06-09 03:30:00-04:00,1.1664,1.1718,no
KXXRP15M-26JUN090330,Target Price: $1.1718,2026-06-09 03:15:00-04:00,2026-06-09 03:30:00-04:00,1.1664,1.1718,no
KXXRP15M-26JUN090330,Target Price: $1.1718,2026-06-09 03:15:00-04:00,2026-06-09 03:30:00-04:00,1.1664,1.1718,no
KXXRP15M-26JUN090330,Target Price: $1.1718,2026-06-09 03:15:00-04:00,2026-06-09 03:30:00-04:00,1.1664,1.1718,no
KXXRP15M-26JUN090345,Target Price: $1.1664,2026-06-09 03:30:00-04:00,2026-06-09 03:45:00-04:00,1.1701,1.1664,yes
KXXRP15M-26JUN090345,Target Price: $1.1664,2026-06-09 03:30:00-04:00,2026-06-09 03:45:00-04:00,1.1701,1.1664,yes
KXXRP15M-26JUN090345,Target Price: $1.1664,2026-06-09 03:30:00-04:00,2026-06-09 03:45:00-04:00,1.1701,1.1664,yes
KXXRP15M-26JUN090345,Target Price: $1.1664,2026-06-09 03:30:00-04:00,2026-06-09 03:45:00-04:00,1.1701,1.1664,yes
KXXRP15M-26JUN090400,Target Price: $1.1701,2026-06-09 03:45:00-04:00,2026-06-09 04:00:00-04:00,1.1708,1.1701,yes
KXXRP15M-26JUN090400,Target Price: $1.1701,2026-06-09 03:45:00-04:00,2026-06-09 04:00:00-04:00,1.1708,1.1701,yes
KXXRP15M-26JUN090400,Target Price: $1.1701,2026-06-09 03:45:00-04:00,2026-06-09 04:00:00-04:00,1.1708,1.1701,yes
KXXRP15M-26JUN090400,Target Price: $1.1701,2026-06-09 03:45:00-04:00,2026-06-09 04:00:00-04:00,1.1708,1.1701,yes
KXXRP15M-26JUN090415,Target Price: $1.1708,2026-06-09 04:00:00-04:00,2026-06-09 04:15:00-04:00,1.1676,1.1708,no
KXXRP15M-26JUN090415,Target Price: $1.1708,2026-06-09 04:00:00-04:00,2026-06-09 04:15:00-04:00,1.1676,1.1708,no
KXXRP15M-26JUN090415,Target Price: $1.1708,2026-06-09 04:00:00-04:00,2026-06-09 04:15:00-04:00,1.1676,1.1708,no
KXXRP15M-26JUN090415,Target Price: $1.1708,2026-06-09 04:00:00-04:00,2026-06-09 04:15:00-04:00,1.1676,1.1708,no
KXXRP15M-26JUN090430,Target Price: $1.1676,2026-06-09 04:15:00-04:00,2026-06-09 04:30:00-04:00,1.1669,1.1676,no
KXXRP15M-26JUN090430,Target Price: $1.1676,2026-06-09 04:15:00-04:00,2026-06-09 04:30:00-04:00,1.1669,1.1676,no
KXXRP15M-26JUN090430,Target Price: $1.1676,2026-06-09 04:15:00-04:00,2026-06-09 04:30:00-04:00,1.1669,1.1676,no
KXXRP15M-26JUN090430,Target Price: $1.1676,2026-06-09 04:15:00-04:00,2026-06-09 04:30:00-04:00,1.1669,1.1676,no
KXXRP15M-26JUN090445,Target Price: $1.1669,2026-06-09 04:30:00-04:00,2026-06-09 04:45:00-04:00,1.1689,1.1669,yes
KXXRP15M-26JUN090445,Target Price: $1.1669,2026-06-09 04:30:00-04:00,2026-06-09 04:45:00-04:00,1.1689,1.1669,yes
KXXRP15M-26JUN090445,Target Price: $1.1669,2026-06-09 04:30:00-04:00,2026-06-09 04:45:00-04:00,1.1689,1.1669,yes
KXXRP15M-26JUN090445,Target Price: $1.1669,2026-06-09 04:30:00-04:00,2026-06-09 04:45:00-04:00,1.1689,1.1669,yes
KXXRP15M-26JUN090500,Target Price: $1.1689,2026-06-09 04:45:00-04:00,2026-06-09 05:00:00-04:00,1.1677,1.1689,no
KXXRP15M-26JUN090500,Target Price: $1.1689,2026-06-09 04:45:00-04:00,2026-06-09 05:00:00-04:00,1.1677,1.1689,no
KXXRP15M-26JUN090500,Target Price: $1.1689,2026-06-09 04:45:00-04:00,2026-06-09 05:00:00-04:00,1.1677,1.1689,no
KXXRP15M-26JUN090500,Target Price: $1.1689,2026-06-09 04:45:00-04:00,2026-06-09 05:00:00-04:00,1.1677,1.1689,no
KXXRP15M-26JUN090515,Target Price: $1.1677,2026-06-09 05:00:00-04:00,2026-06-09 05:15:00-04:00,1.1674,1.1677,no
KXXRP15M-26JUN090515,Target Price: $1.1677,2026-06-09 05:00:00-04:00,2026-06-09 05:15:00-04:00,1.1674,1.1677,no
KXXRP15M-26JUN090515,Target Price: $1.1677,2026-06-09 05:00:00-04:00,2026-06-09 05:15:00-04:00,1.1674,1.1677,no
KXXRP15M-26JUN090515,Target Price: $1.1677,2026-06-09 05:00:00-04:00,2026-06-09 05:15:00-04:00,1.1674,1.1677,no
KXXRP15M-26JUN090530,Target Price: $1.1674,2026-06-09 05:15:00-04:00,2026-06-09 05:30:00-04:00,1.1659,1.1674,no
KXXRP15M-26JUN090530,Target Price: $1.1674,2026-06-09 05:15:00-04:00,2026-06-09 05:30:00-04:00,1.1659,1.1674,no
KXXRP15M-26JUN090530,Target Price: $1.1674,2026-06-09 05:15:00-04:00,2026-06-09 05:30:00-04:00,1.1659,1.1674,no
KXXRP15M-26JUN090530,Target Price: $1.1674,2026-06-09 05:15:00-04:00,2026-06-09 05:30:00-04:00,1.1659,1.1674,no
KXXRP15M-26JUN090545,Target Price: $1.1659,2026-06-09 05:30:00-04:00,2026-06-09 05:45:00-04:00,1.1600,1.1659,no
KXXRP15M-26JUN090545,Target Price: $1.1659,2026-06-09 05:30:00-04:00,2026-06-09 05:45:00-04:00,1.1600,1.1659,no
KXXRP15M-26JUN090545,Target Price: $1.1659,2026-06-09 05:30:00-04:00,2026-06-09 05:45:00-04:00,1.1600,1.1659,no
KXXRP15M-26JUN090545,Target Price: $1.1659,2026-06-09 05:30:00-04:00,2026-06-09 05:45:00-04:00,1.1600,1.1659,no
KXXRP15M-26JUN090600,Target Price: $1.1600,2026-06-09 05:45:00-04:00,2026-06-09 06:00:00-04:00,1.1594,1.16,no
KXXRP15M-26JUN090600,Target Price: $1.1600,2026-06-09 05:45:00-04:00,2026-06-09 06:00:00-04:00,1.1594,1.16,no
KXXRP15M-26JUN090600,Target Price: $1.1600,2026-06-09 05:45:00-04:00,2026-06-09 06:00:00-04:00,1.1594,1.16,no
KXXRP15M-26JUN090600,Target Price: $1.1600,2026-06-09 05:45:00-04:00,2026-06-09 06:00:00-04:00,1.1594,1.16,no
KXXRP15M-26JUN090615,Target Price: $1.1594,2026-06-09 06:00:00-04:00,2026-06-09 06:15:00-04:00,1.1577,1.1594,no
KXXRP15M-26JUN090615,Target Price: $1.1594,2026-06-09 06:00:00-04:00,2026-06-09 06:15:00-04:00,1.1577,1.1594,no
KXXRP15M-26JUN090615,Target Price: $1.1594,2026-06-09 06:00:00-04:00,2026-06-09 06:15:00-04:00,1.1577,1.1594,no
KXXRP15M-26JUN090615,Target Price: $1.1594,2026-06-09 06:00:00-04:00,2026-06-09 06:15:00-04:00,1.1577,1.1594,no
KXXRP15M-26JUN090630,Target Price: $1.1577,2026-06-09 06:15:00-04:00,2026-06-09 06:30:00-04:00,1.1574,1.1577,no
KXXRP15M-26JUN090630,Target Price: $1.1577,2026-06-09 06:15:00-04:00,2026-06-09 06:30:00-04:00,1.1574,1.1577,no
KXXRP15M-26JUN090630,Target Price: $1.1577,2026-06-09 06:15:00-04:00,2026-06-09 06:30:00-04:00,1.1574,1.1577,no
KXXRP15M-26JUN090630,Target Price: $1.1577,2026-06-09 06:15:00-04:00,2026-06-09 06:30:00-04:00,1.1574,1.1577,no
KXXRP15M-26JUN090645,Target Price: $1.1574,2026-06-09 06:30:00-04:00,2026-06-09 06:45:00-04:00,1.1567,1.1574,no
KXXRP15M-26JUN090645,Target Price: $1.1574,2026-06-09 06:30:00-04:00,2026-06-09 06:45:00-04:00,1.1567,1.1574,no
KXXRP15M-26JUN090645,Target Price: $1.1574,2026-06-09 06:30:00-04:00,2026-06-09 06:45:00-04:00,1.1567,1.1574,no
KXXRP15M-26JUN090645,Target Price: $1.1574,2026-06-09 06:30:00-04:00,2026-06-09 06:45:00-04:00,1.1567,1.1574,no
KXXRP15M-26JUN090700,Target Price: $1.1567,2026-06-09 06:45:00-04:00,2026-06-09 07:00:00-04:00,1.1588,1.1567,yes
KXXRP15M-26JUN090700,Target Price: $1.1567,2026-06-09 06:45:00-04:00,2026-06-09 07:00:00-04:00,1.1588,1.1567,yes
KXXRP15M-26JUN090700,Target Price: $1.1567,2026-06-09 06:45:00-04:00,2026-06-09 07:00:00-04:00,1.1588,1.1567,yes
KXXRP15M-26JUN090700,Target Price: $1.1567,2026-06-09 06:45:00-04:00,2026-06-09 07:00:00-04:00,1.1588,1.1567,yes
KXXRP15M-26JUN090715,Target Price: $1.1588,2026-06-09 07:00:00-04:00,2026-06-09 07:15:00-04:00,1.1529,1.1588,no
KXXRP15M-26JUN090715,Target Price: $1.1588,2026-06-09 07:00:00-04:00,2026-06-09 07:15:00-04:00,1.1529,1.1588,no
KXXRP15M-26JUN090715,Target Price: $1.1588,2026-06-09 07:00:00-04:00,2026-06-09 07:15:00-04:00,1.1529,1.1588,no
KXXRP15M-26JUN090715,Target Price: $1.1588,2026-06-09 07:00:00-04:00,2026-06-09 07:15:00-04:00,1.1529,1.1588,no
KXXRP15M-26JUN090730,Target Price: $1.1529,2026-06-09 07:15:00-04:00,2026-06-09 07:30:00-04:00,1.1535,1.1529,yes
KXXRP15M-26JUN090730,Target Price: $1.1529,2026-06-09 07:15:00-04:00,2026-06-09 07:30:00-04:00,1.1535,1.1529,yes
KXXRP15M-26JUN090730,Target Price: $1.1529,2026-06-09 07:15:00-04:00,2026-06-09 07:30:00-04:00,1.1535,1.1529,yes
KXXRP15M-26JUN090730,Target Price: $1.1529,2026-06-09 07:15:00-04:00,2026-06-09 07:30:00-04:00,1.1535,1.1529,yes
KXXRP15M-26JUN090745,Target Price: $1.1535,2026-06-09 07:30:00-04:00,2026-06-09 07:45:00-04:00,1.1545,1.1535,yes
KXXRP15M-26JUN090745,Target Price: $1.1535,2026-06-09 07:30:00-04:00,2026-06-09 07:45:00-04:00,1.1545,1.1535,yes
KXXRP15M-26JUN090745,Target Price: $1.1535,2026-06-09 07:30:00-04:00,2026-06-09 07:45:00-04:00,1.1545,1.1535,yes
KXXRP15M-26JUN090745,Target Price: $1.1535,2026-06-09 07:30:00-04:00,2026-06-09 07:45:00-04:00,1.1545,1.1535,yes
KXXRP15M-26JUN090800,Target Price: $1.1545,2026-06-09 07:45:00-04:00,2026-06-09 08:00:00-04:00,1.1555,1.1545,yes
KXXRP15M-26JUN090800,Target Price: $1.1545,2026-06-09 07:45:00-04:00,2026-06-09 08:00:00-04:00,1.1555,1.1545,yes
KXXRP15M-26JUN090800,Target Price: $1.1545,2026-06-09 07:45:00-04:00,2026-06-09 08:00:00-04:00,1.1555,1.1545,yes
KXXRP15M-26JUN090800,Target Price: $1.1545,2026-06-09 07:45:00-04:00,2026-06-09 08:00:00-04:00,1.1555,1.1545,yes
KXXRP15M-26JUN090815,Target Price: $1.1555,2026-06-09 08:00:00-04:00,2026-06-09 08:15:00-04:00,1.1615,1.1555,yes
KXXRP15M-26JUN090815,Target Price: $1.1555,2026-06-09 08:00:00-04:00,2026-06-09 08:15:00-04:00,1.1615,1.1555,yes
KXXRP15M-26JUN090815,Target Price: $1.1555,2026-06-09 08:00:00-04:00,2026-06-09 08:15:00-04:00,1.1615,1.1555,yes
KXXRP15M-26JUN090815,Target Price: $1.1555,2026-06-09 08:00:00-04:00,2026-06-09 08:15:00-04:00,1.1615,1.1555,yes
KXXRP15M-26JUN090830,Target Price: $1.1615,2026-06-09 08:15:00-04:00,2026-06-09 08:30:00-04:00,1.1614,1.1615,no
KXXRP15M-26JUN090830,Target Price: $1.1615,2026-06-09 08:15:00-04:00,2026-06-09 08:30:00-04:00,1.1614,1.1615,no
KXXRP15M-26JUN090830,Target Price: $1.1615,2026-06-09 08:15:00-04:00,2026-06-09 08:30:00-04:00,1.1614,1.1615,no
KXXRP15M-26JUN090830,Target Price: $1.1615,2026-06-09 08:15:00-04:00,2026-06-09 08:30:00-04:00,1.1614,1.1615,no
KXXRP15M-26JUN090845,Target Price: $1.1614,2026-06-09 08:30:00-04:00,2026-06-09 08:45:00-04:00,1.1594,1.1614,no
KXXRP15M-26JUN090845,Target Price: $1.1614,2026-06-09 08:30:00-04:00,2026-06-09 08:45:00-04:00,1.1594,1.1614,no
KXXRP15M-26JUN090845,Target Price: $1.1614,2026-06-09 08:30:00-04:00,2026-06-09 08:45:00-04:00,1.1594,1.1614,no
KXXRP15M-26JUN090845,Target Price: $1.1614,2026-06-09 08:30:00-04:00,2026-06-09 08:45:00-04:00,1.1594,1.1614,no
KXXRP15M-26JUN090900,Target Price: $1.1594,2026-06-09 08:45:00-04:00,2026-06-09 09:00:00-04:00,1.1611,1.1594,yes
KXXRP15M-26JUN090900,Target Price: $1.1594,2026-06-09 08:45:00-04:00,2026-06-09 09:00:00-04:00,1.1611,1.1594,yes
KXXRP15M-26JUN090900,Target Price: $1.1594,2026-06-09 08:45:00-04:00,2026-06-09 09:00:00-04:00,1.1611,1.1594,yes
KXXRP15M-26JUN090900,Target Price: $1.1594,2026-06-09 08:45:00-04:00,2026-06-09 09:00:00-04:00,1.1611,1.1594,yes
KXXRP15M-26JUN090915,Target Price: $1.1611,2026-06-09 09:00:00-04:00,2026-06-09 09:15:00-04:00,1.1629,1.1611,yes
KXXRP15M-26JUN090915,Target Price: $1.1611,2026-06-09 09:00:00-04:00,2026-06-09 09:15:00-04:00,1.1629,1.1611,yes
KXXRP15M-26JUN090915,Target Price: $1.1611,2026-06-09 09:00:00-04:00,2026-06-09 09:15:00-04:00,1.1629,1.1611,yes
KXXRP15M-26JUN090915,Target Price: $1.1611,2026-06-09 09:00:00-04:00,2026-06-09 09:15:00-04:00,1.1629,1.1611,yes
KXXRP15M-26JUN090930,Target Price: $1.1629,2026-06-09 09:15:00-04:00,2026-06-09 09:30:00-04:00,1.1575,1.1629,no
KXXRP15M-26JUN090930,Target Price: $1.1629,2026-06-09 09:15:00-04:00,2026-06-09 09:30:00-04:00,1.1575,1.1629,no
KXXRP15M-26JUN090930,Target Price: $1.1629,2026-06-09 09:15:00-04:00,2026-06-09 09:30:00-04:00,1.1575,1.1629,no
KXXRP15M-26JUN090930,Target Price: $1.1629,2026-06-09 09:15:00-04:00,2026-06-09 09:30:00-04:00,1.1575,1.1629,no
KXXRP15M-26JUN090945,Target Price: $1.1575,2026-06-09 09:30:00-04:00,2026-06-09 09:45:00-04:00,1.1601,1.1575,yes
KXXRP15M-26JUN090945,Target Price: $1.1575,2026-06-09 09:30:00-04:00,2026-06-09 09:45:00-04:00,1.1601,1.1575,yes
KXXRP15M-26JUN090945,Target Price: $1.1575,2026-06-09 09:30:00-04:00,2026-06-09 09:45:00-04:00,1.1601,1.1575,yes
KXXRP15M-26JUN090945,Target Price: $1.1575,2026-06-09 09:30:00-04:00,2026-06-09 09:45:00-04:00,1.1601,1.1575,yes
KXXRP15M-26JUN091000,Target Price: $1.1601,2026-06-09 09:45:00-04:00,2026-06-09 10:00:00-04:00,1.1587,1.1601,no
KXXRP15M-26JUN091000,Target Price: $1.1601,2026-06-09 09:45:00-04:00,2026-06-09 10:00:00-04:00,1.1587,1.1601,no
KXXRP15M-26JUN091000,Target Price: $1.1601,2026-06-09 09:45:00-04:00,2026-06-09 10:00:00-04:00,1.1587,1.1601,no
KXXRP15M-26JUN091000,Target Price: $1.1601,2026-06-09 09:45:00-04:00,2026-06-09 10:00:00-04:00,1.1587,1.1601,no
KXXRP15M-26JUN091015,Target Price: $1.1587,2026-06-09 10:00:00-04:00,2026-06-09 10:15:00-04:00,1.1517,1.1587,no
KXXRP15M-26JUN091015,Target Price: $1.1587,2026-06-09 10:00:00-04:00,2026-06-09 10:15:00-04:00,1.1517,1.1587,no
KXXRP15M-26JUN091015,Target Price: $1.1587,2026-06-09 10:00:00-04:00,2026-06-09 10:15:00-04:00,1.1517,1.1587,no
KXXRP15M-26JUN091015,Target Price: $1.1587,2026-06-09 10:00:00-04:00,2026-06-09 10:15:00-04:00,1.1517,1.1587,no
KXXRP15M-26JUN091030,Target Price: $1.1517,2026-06-09 10:15:00-04:00,2026-06-09 10:30:00-04:00,1.1411,1.1517,no
KXXRP15M-26JUN091030,Target Price: $1.1517,2026-06-09 10:15:00-04:00,2026-06-09 10:30:00-04:00,1.1411,1.1517,no
KXXRP15M-26JUN091030,Target Price: $1.1517,2026-06-09 10:15:00-04:00,2026-06-09 10:30:00-04:00,1.1411,1.1517,no
KXXRP15M-26JUN091030,Target Price: $1.1517,2026-06-09 10:15:00-04:00,2026-06-09 10:30:00-04:00,1.1411,1.1517,no
KXXRP15M-26JUN091045,Target Price: $1.1411,2026-06-09 10:30:00-04:00,2026-06-09 10:45:00-04:00,1.1347,1.1411,no
KXXRP15M-26JUN091045,Target Price: $1.1411,2026-06-09 10:30:00-04:00,2026-06-09 10:45:00-04:00,1.1347,1.1411,no
KXXRP15M-26JUN091045,Target Price: $1.1411,2026-06-09 10:30:00-04:00,2026-06-09 10:45:00-04:00,1.1347,1.1411,no
KXXRP15M-26JUN091045,Target Price: $1.1411,2026-06-09 10:30:00-04:00,2026-06-09 10:45:00-04:00,1.1347,1.1411,no
KXXRP15M-26JUN091100,Target Price: $1.1347,2026-06-09 10:45:00-04:00,2026-06-09 11:00:00-04:00,1.1359,1.1347,yes
KXXRP15M-26JUN091100,Target Price: $1.1347,2026-06-09 10:45:00-04:00,2026-06-09 11:00:00-04:00,1.1359,1.1347,yes
KXXRP15M-26JUN091100,Target Price: $1.1347,2026-06-09 10:45:00-04:00,2026-06-09 11:00:00-04:00,1.1359,1.1347,yes
KXXRP15M-26JUN091100,Target Price: $1.1347,2026-06-09 10:45:00-04:00,2026-06-09 11:00:00-04:00,1.1359,1.1347,yes
KXXRP15M-26JUN091115,Target Price: $1.1359,2026-06-09 11:00:00-04:00,2026-06-09 11:15:00-04:00,1.1400,1.1359,yes
KXXRP15M-26JUN091115,Target Price: $1.1359,2026-06-09 11:00:00-04:00,2026-06-09 11:15:00-04:00,1.1400,1.1359,yes
KXXRP15M-26JUN091115,Target Price: $1.1359,2026-06-09 11:00:00-04:00,2026-06-09 11:15:00-04:00,1.1400,1.1359,yes
KXXRP15M-26JUN091115,Target Price: $1.1359,2026-06-09 11:00:00-04:00,2026-06-09 11:15:00-04:00,1.1400,1.1359,yes
KXXRP15M-26JUN091130,Target Price: $1.1400,2026-06-09 11:15:00-04:00,2026-06-09 11:30:00-04:00,1.1340,1.14,no
KXXRP15M-26JUN091130,Target Price: $1.1400,2026-06-09 11:15:00-04:00,2026-06-09 11:30:00-04:00,1.1340,1.14,no
KXXRP15M-26JUN091130,Target Price: $1.1400,2026-06-09 11:15:00-04:00,2026-06-09 11:30:00-04:00,1.1340,1.14,no
KXXRP15M-26JUN091130,Target Price: $1.1400,2026-06-09 11:15:00-04:00,2026-06-09 11:30:00-04:00,1.1340,1.14,no
KXXRP15M-26JUN091145,Target Price: $1.1340,2026-06-09 11:30:00-04:00,2026-06-09 11:45:00-04:00,1.1340,1.134,yes
KXXRP15M-26JUN091145,Target Price: $1.1340,2026-06-09 11:30:00-04:00,2026-06-09 11:45:00-04:00,1.1340,1.134,yes
KXXRP15M-26JUN091145,Target Price: $1.1340,2026-06-09 11:30:00-04:00,2026-06-09 11:45:00-04:00,1.1340,1.134,yes
KXXRP15M-26JUN091145,Target Price: $1.1340,2026-06-09 11:30:00-04:00,2026-06-09 11:45:00-04:00,1.1340,1.134,yes
KXXRP15M-26JUN091200,Target Price: $1.1340,2026-06-09 11:45:00-04:00,2026-06-09 12:00:00-04:00,1.1272,1.134,no
KXXRP15M-26JUN091200,Target Price: $1.1340,2026-06-09 11:45:00-04:00,2026-06-09 12:00:00-04:00,1.1272,1.134,no
KXXRP15M-26JUN091200,Target Price: $1.1340,2026-06-09 11:45:00-04:00,2026-06-09 12:00:00-04:00,1.1272,1.134,no
KXXRP15M-26JUN091200,Target Price: $1.1340,2026-06-09 11:45:00-04:00,2026-06-09 12:00:00-04:00,1.1272,1.134,no
KXXRP15M-26JUN091215,Target Price: $1.1272,2026-06-09 12:00:00-04:00,2026-06-09 12:15:00-04:00,1.1269,1.1272,no
KXXRP15M-26JUN091215,Target Price: $1.1272,2026-06-09 12:00:00-04:00,2026-06-09 12:15:00-04:00,1.1269,1.1272,no
KXXRP15M-26JUN091215,Target Price: $1.1272,2026-06-09 12:00:00-04:00,2026-06-09 12:15:00-04:00,1.1269,1.1272,no
KXXRP15M-26JUN091215,Target Price: $1.1272,2026-06-09 12:00:00-04:00,2026-06-09 12:15:00-04:00,1.1269,1.1272,no
KXXRP15M-26JUN091230,Target Price: $1.1269,2026-06-09 12:15:00-04:00,2026-06-09 12:30:00-04:00,1.1257,1.1269,no
KXXRP15M-26JUN091230,Target Price: $1.1269,2026-06-09 12:15:00-04:00,2026-06-09 12:30:00-04:00,1.1257,1.1269,no
KXXRP15M-26JUN091230,Target Price: $1.1269,2026-06-09 12:15:00-04:00,2026-06-09 12:30:00-04:00,1.1257,1.1269,no
KXXRP15M-26JUN091230,Target Price: $1.1269,2026-06-09 12:15:00-04:00,2026-06-09 12:30:00-04:00,1.1257,1.1269,no
KXXRP15M-26JUN091245,Target Price: $1.1257,2026-06-09 12:30:00-04:00,2026-06-09 12:45:00-04:00,1.1257,1.1257,yes
KXXRP15M-26JUN091245,Target Price: $1.1257,2026-06-09 12:30:00-04:00,2026-06-09 12:45:00-04:00,1.1257,1.1257,yes
KXXRP15M-26JUN091245,Target Price: $1.1257,2026-06-09 12:30:00-04:00,2026-06-09 12:45:00-04:00,1.1257,1.1257,yes
KXXRP15M-26JUN091245,Target Price: $1.1257,2026-06-09 12:30:00-04:00,2026-06-09 12:45:00-04:00,1.1257,1.1257,yes
KXXRP15M-26JUN091300,Target Price: $1.1257,2026-06-09 12:45:00-04:00,2026-06-09 13:00:00-04:00,1.1276,1.1257,yes
KXXRP15M-26JUN091300,Target Price: $1.1257,2026-06-09 12:45:00-04:00,2026-06-09 13:00:00-04:00,1.1276,1.1257,yes
KXXRP15M-26JUN091300,Target Price: $1.1257,2026-06-09 12:45:00-04:00,2026-06-09 13:00:00-04:00,1.1276,1.1257,yes
KXXRP15M-26JUN091300,Target Price: $1.1257,2026-06-09 12:45:00-04:00,2026-06-09 13:00:00-04:00,1.1276,1.1257,yes
KXXRP15M-26JUN091315,Target Price: $1.1276,2026-06-09 13:00:00-04:00,2026-06-09 13:15:00-04:00,1.1350,1.1276,yes
KXXRP15M-26JUN091315,Target Price: $1.1276,2026-06-09 13:00:00-04:00,2026-06-09 13:15:00-04:00,1.1350,1.1276,yes
KXXRP15M-26JUN091315,Target Price: $1.1276,2026-06-09 13:00:00-04:00,2026-06-09 13:15:00-04:00,1.1350,1.1276,yes
KXXRP15M-26JUN091315,Target Price: $1.1276,2026-06-09 13:00:00-04:00,2026-06-09 13:15:00-04:00,1.1350,1.1276,yes
KXXRP15M-26JUN091330,Target Price: $1.1350,2026-06-09 13:15:00-04:00,2026-06-09 13:30:00-04:00,1.1411,1.135,yes
KXXRP15M-26JUN091330,Target Price: $1.1350,2026-06-09 13:15:00-04:00,2026-06-09 13:30:00-04:00,1.1411,1.135,yes
KXXRP15M-26JUN091330,Target Price: $1.1350,2026-06-09 13:15:00-04:00,2026-06-09 13:30:00-04:00,1.1411,1.135,yes
KXXRP15M-26JUN091330,Target Price: $1.1350,2026-06-09 13:15:00-04:00,2026-06-09 13:30:00-04:00,1.1411,1.135,yes
KXXRP15M-26JUN091345,Target Price: $1.1411,2026-06-09 13:30:00-04:00,2026-06-09 13:45:00-04:00,1.1419,1.1411,yes
KXXRP15M-26JUN091345,Target Price: $1.1411,2026-06-09 13:30:00-04:00,2026-06-09 13:45:00-04:00,1.1419,1.1411,yes
KXXRP15M-26JUN091345,Target Price: $1.1411,2026-06-09 13:30:00-04:00,2026-06-09 13:45:00-04:00,1.1419,1.1411,yes
KXXRP15M-26JUN091345,Target Price: $1.1411,2026-06-09 13:30:00-04:00,2026-06-09 13:45:00-04:00,1.1419,1.1411,yes
KXXRP15M-26JUN091400,Target Price: $1.1419,2026-06-09 13:45:00-04:00,2026-06-09 14:00:00-04:00,1.1381,1.1419,no
KXXRP15M-26JUN091400,Target Price: $1.1419,2026-06-09 13:45:00-04:00,2026-06-09 14:00:00-04:00,1.1381,1.1419,no
KXXRP15M-26JUN091400,Target Price: $1.1419,2026-06-09 13:45:00-04:00,2026-06-09 14:00:00-04:00,1.1381,1.1419,no
KXXRP15M-26JUN091400,Target Price: $1.1419,2026-06-09 13:45:00-04:00,2026-06-09 14:00:00-04:00,1.1381,1.1419,no
KXXRP15M-26JUN091415,Target Price: $1.1381,2026-06-09 14:00:00-04:00,2026-06-09 14:15:00-04:00,1.1377,1.1381,no
KXXRP15M-26JUN091415,Target Price: $1.1381,2026-06-09 14:00:00-04:00,2026-06-09 14:15:00-04:00,1.1377,1.1381,no
KXXRP15M-26JUN091415,Target Price: $1.1381,2026-06-09 14:00:00-04:00,2026-06-09 14:15:00-04:00,1.1377,1.1381,no
KXXRP15M-26JUN091415,Target Price: $1.1381,2026-06-09 14:00:00-04:00,2026-06-09 14:15:00-04:00,1.1377,1.1381,no
KXXRP15M-26JUN091430,Target Price: $1.1377,2026-06-09 14:15:00-04:00,2026-06-09 14:30:00-04:00,1.1383,1.1377,yes
KXXRP15M-26JUN091430,Target Price: $1.1377,2026-06-09 14:15:00-04:00,2026-06-09 14:30:00-04:00,1.1383,1.1377,yes
KXXRP15M-26JUN091430,Target Price: $1.1377,2026-06-09 14:15:00-04:00,2026-06-09 14:30:00-04:00,1.1383,1.1377,yes
KXXRP15M-26JUN091430,Target Price: $1.1377,2026-06-09 14:15:00-04:00,2026-06-09 14:30:00-04:00,1.1383,1.1377,yes
KXXRP15M-26JUN091445,Target Price: $1.1383,2026-06-09 14:30:00-04:00,2026-06-09 14:45:00-04:00,1.1372,1.1383,no
KXXRP15M-26JUN091445,Target Price: $1.1383,2026-06-09 14:30:00-04:00,2026-06-09 14:45:00-04:00,1.1372,1.1383,no
KXXRP15M-26JUN091445,Target Price: $1.1383,2026-06-09 14:30:00-04:00,2026-06-09 14:45:00-04:00,1.1372,1.1383,no
KXXRP15M-26JUN091445,Target Price: $1.1383,2026-06-09 14:30:00-04:00,2026-06-09 14:45:00-04:00,1.1372,1.1383,no
KXXRP15M-26JUN091500,Target Price: $1.1372,2026-06-09 14:45:00-04:00,2026-06-09 15:00:00-04:00,1.1383,1.1372,yes
KXXRP15M-26JUN091500,Target Price: $1.1372,2026-06-09 14:45:00-04:00,2026-06-09 15:00:00-04:00,1.1383,1.1372,yes
KXXRP15M-26JUN091500,Target Price: $1.1372,2026-06-09 14:45:00-04:00,2026-06-09 15:00:00-04:00,1.1383,1.1372,yes
KXXRP15M-26JUN091500,Target Price: $1.1372,2026-06-09 14:45:00-04:00,2026-06-09 15:00:00-04:00,1.1383,1.1372,yes
KXXRP15M-26JUN091515,Target Price: $1.1383,2026-06-09 15:00:00-04:00,2026-06-09 15:15:00-04:00,1.1378,1.1383,no
KXXRP15M-26JUN091515,Target Price: $1.1383,2026-06-09 15:00:00-04:00,2026-06-09 15:15:00-04:00,1.1378,1.1383,no
KXXRP15M-26JUN091515,Target Price: $1.1383,2026-06-09 15:00:00-04:00,2026-06-09 15:15:00-04:00,1.1378,1.1383,no
KXXRP15M-26JUN091515,Target Price: $1.1383,2026-06-09 15:00:00-04:00,2026-06-09 15:15:00-04:00,1.1378,1.1383,no
KXXRP15M-26JUN091530,Target Price: $1.1378,2026-06-09 15:15:00-04:00,2026-06-09 15:30:00-04:00,1.1387,1.1378,yes
KXXRP15M-26JUN091530,Target Price: $1.1378,2026-06-09 15:15:00-04:00,2026-06-09 15:30:00-04:00,1.1387,1.1378,yes
KXXRP15M-26JUN091530,Target Price: $1.1378,2026-06-09 15:15:00-04:00,2026-06-09 15:30:00-04:00,1.1387,1.1378,yes
KXXRP15M-26JUN091530,Target Price: $1.1378,2026-06-09 15:15:00-04:00,2026-06-09 15:30:00-04:00,1.1387,1.1378,yes
KXXRP15M-26JUN091545,Target Price: $1.1387,2026-06-09 15:30:00-04:00,2026-06-09 15:45:00-04:00,1.1385,1.1387,no
KXXRP15M-26JUN091545,Target Price: $1.1387,2026-06-09 15:30:00-04:00,2026-06-09 15:45:00-04:00,1.1385,1.1387,no
KXXRP15M-26JUN091545,Target Price: $1.1387,2026-06-09 15:30:00-04:00,2026-06-09 15:45:00-04:00,1.1385,1.1387,no
KXXRP15M-26JUN091545,Target Price: $1.1387,2026-06-09 15:30:00-04:00,2026-06-09 15:45:00-04:00,1.1385,1.1387,no
KXXRP15M-26JUN091600,Target Price: $1.1385,2026-06-09 15:45:00-04:00,2026-06-09 16:00:00-04:00,1.1413,1.1385,yes
KXXRP15M-26JUN091600,Target Price: $1.1385,2026-06-09 15:45:00-04:00,2026-06-09 16:00:00-04:00,1.1413,1.1385,yes
KXXRP15M-26JUN091600,Target Price: $1.1385,2026-06-09 15:45:00-04:00,2026-06-09 16:00:00-04:00,1.1413,1.1385,yes
KXXRP15M-26JUN091600,Target Price: $1.1385,2026-06-09 15:45:00-04:00,2026-06-09 16:00:00-04:00,1.1413,1.1385,yes
KXXRP15M-26JUN091615,Target Price: $1.1413,2026-06-09 16:00:00-04:00,2026-06-09 16:15:00-04:00,1.1421,1.1413,yes
KXXRP15M-26JUN091615,Target Price: $1.1413,2026-06-09 16:00:00-04:00,2026-06-09 16:15:00-04:00,1.1421,1.1413,yes
KXXRP15M-26JUN091615,Target Price: $1.1413,2026-06-09 16:00:00-04:00,2026-06-09 16:15:00-04:00,1.1421,1.1413,yes
KXXRP15M-26JUN091615,Target Price: $1.1413,2026-06-09 16:00:00-04:00,2026-06-09 16:15:00-04:00,1.1421,1.1413,yes
KXXRP15M-26JUN091630,Target Price: $1.1421,2026-06-09 16:15:00-04:00,2026-06-09 16:30:00-04:00,1.1404,1.1421,no
KXXRP15M-26JUN091630,Target Price: $1.1421,2026-06-09 16:15:00-04:00,2026-06-09 16:30:00-04:00,1.1404,1.1421,no
KXXRP15M-26JUN091630,Target Price: $1.1421,2026-06-09 16:15:00-04:00,2026-06-09 16:30:00-04:00,1.1404,1.1421,no
KXXRP15M-26JUN091630,Target Price: $1.1421,2026-06-09 16:15:00-04:00,2026-06-09 16:30:00-04:00,1.1404,1.1421,no
KXXRP15M-26JUN091645,Target Price: $1.1404,2026-06-09 16:30:00-04:00,2026-06-09 16:45:00-04:00,1.1425,1.1404,yes
KXXRP15M-26JUN091645,Target Price: $1.1404,2026-06-09 16:30:00-04:00,2026-06-09 16:45:00-04:00,1.1425,1.1404,yes
KXXRP15M-26JUN091645,Target Price: $1.1404,2026-06-09 16:30:00-04:00,2026-06-09 16:45:00-04:00,1.1425,1.1404,yes
KXXRP15M-26JUN091645,Target Price: $1.1404,2026-06-09 16:30:00-04:00,2026-06-09 16:45:00-04:00,1.1425,1.1404,yes
KXXRP15M-26JUN091700,Target Price: $1.1425,2026-06-09 16:45:00-04:00,2026-06-09 17:00:00-04:00,1.1428,1.1425,yes
KXXRP15M-26JUN091700,Target Price: $1.1425,2026-06-09 16:45:00-04:00,2026-06-09 17:00:00-04:00,1.1428,1.1425,yes
KXXRP15M-26JUN091700,Target Price: $1.1425,2026-06-09 16:45:00-04:00,2026-06-09 17:00:00-04:00,1.1428,1.1425,yes
KXXRP15M-26JUN091700,Target Price: $1.1425,2026-06-09 16:45:00-04:00,2026-06-09 17:00:00-04:00,1.1428,1.1425,yes
KXXRP15M-26JUN091715,Target Price: $1.1428,2026-06-09 17:00:00-04:00,2026-06-09 17:15:00-04:00,1.1419,1.1428,no
KXXRP15M-26JUN091715,Target Price: $1.1428,2026-06-09 17:00:00-04:00,2026-06-09 17:15:00-04:00,1.1419,1.1428,no
KXXRP15M-26JUN091715,Target Price: $1.1428,2026-06-09 17:00:00-04:00,2026-06-09 17:15:00-04:00,1.1419,1.1428,no
KXXRP15M-26JUN091715,Target Price: $1.1428,2026-06-09 17:00:00-04:00,2026-06-09 17:15:00-04:00,1.1419,1.1428,no
KXXRP15M-26JUN091730,Target Price: $1.1419,2026-06-09 17:15:00-04:00,2026-06-09 17:30:00-04:00,1.1364,1.1419,no
KXXRP15M-26JUN091730,Target Price: $1.1419,2026-06-09 17:15:00-04:00,2026-06-09 17:30:00-04:00,1.1364,1.1419,no
KXXRP15M-26JUN091730,Target Price: $1.1419,2026-06-09 17:15:00-04:00,2026-06-09 17:30:00-04:00,1.1364,1.1419,no
KXXRP15M-26JUN091730,Target Price: $1.1419,2026-06-09 17:15:00-04:00,2026-06-09 17:30:00-04:00,1.1364,1.1419,no
KXXRP15M-26JUN091745,Target Price: $1.1364,2026-06-09 17:30:00-04:00,2026-06-09 17:45:00-04:00,1.1360,1.1364,no
KXXRP15M-26JUN091745,Target Price: $1.1364,2026-06-09 17:30:00-04:00,2026-06-09 17:45:00-04:00,1.1360,1.1364,no
KXXRP15M-26JUN091745,Target Price: $1.1364,2026-06-09 17:30:00-04:00,2026-06-09 17:45:00-04:00,1.1360,1.1364,no
KXXRP15M-26JUN091745,Target Price: $1.1364,2026-06-09 17:30:00-04:00,2026-06-09 17:45:00-04:00,1.1360,1.1364,no
KXXRP15M-26JUN091800,Target Price: $1.1360,2026-06-09 17:45:00-04:00,2026-06-09 18:00:00-04:00,1.1356,1.136,no
KXXRP15M-26JUN091800,Target Price: $1.1360,2026-06-09 17:45:00-04:00,2026-06-09 18:00:00-04:00,1.1356,1.136,no
KXXRP15M-26JUN091800,Target Price: $1.1360,2026-06-09 17:45:00-04:00,2026-06-09 18:00:00-04:00,1.1356,1.136,no
KXXRP15M-26JUN091800,Target Price: $1.1360,2026-06-09 17:45:00-04:00,2026-06-09 18:00:00-04:00,1.1356,1.136,no
KXXRP15M-26JUN091815,Target Price: $1.1356,2026-06-09 18:00:00-04:00,2026-06-09 18:15:00-04:00,1.1367,1.1356,yes
KXXRP15M-26JUN091815,Target Price: $1.1356,2026-06-09 18:00:00-04:00,2026-06-09 18:15:00-04:00,1.1367,1.1356,yes
KXXRP15M-26JUN091815,Target Price: $1.1356,2026-06-09 18:00:00-04:00,2026-06-09 18:15:00-04:00,1.1367,1.1356,yes
KXXRP15M-26JUN091815,Target Price: $1.1356,2026-06-09 18:00:00-04:00,2026-06-09 18:15:00-04:00,1.1367,1.1356,yes
KXXRP15M-26JUN091830,Target Price: $1.1367,2026-06-09 18:15:00-04:00,2026-06-09 18:30:00-04:00,1.1385,1.1367,yes
KXXRP15M-26JUN091830,Target Price: $1.1367,2026-06-09 18:15:00-04:00,2026-06-09 18:30:00-04:00,1.1385,1.1367,yes
KXXRP15M-26JUN091830,Target Price: $1.1367,2026-06-09 18:15:00-04:00,2026-06-09 18:30:00-04:00,1.1385,1.1367,yes
KXXRP15M-26JUN091830,Target Price: $1.1367,2026-06-09 18:15:00-04:00,2026-06-09 18:30:00-04:00,1.1385,1.1367,yes
KXXRP15M-26JUN091845,Target Price: $1.1385,2026-06-09 18:30:00-04:00,2026-06-09 18:45:00-04:00,1.1368,1.1385,no
KXXRP15M-26JUN091845,Target Price: $1.1385,2026-06-09 18:30:00-04:00,2026-06-09 18:45:00-04:00,1.1368,1.1385,no
KXXRP15M-26JUN091845,Target Price: $1.1385,2026-06-09 18:30:00-04:00,2026-06-09 18:45:00-04:00,1.1368,1.1385,no
KXXRP15M-26JUN091845,Target Price: $1.1385,2026-06-09 18:30:00-04:00,2026-06-09 18:45:00-04:00,1.1368,1.1385,no
KXXRP15M-26JUN091900,Target Price: $1.1368,2026-06-09 18:45:00-04:00,2026-06-09 19:00:00-04:00,1.1346,1.1368,no
KXXRP15M-26JUN091900,Target Price: $1.1368,2026-06-09 18:45:00-04:00,2026-06-09 19:00:00-04:00,1.1346,1.1368,no
KXXRP15M-26JUN091900,Target Price: $1.1368,2026-06-09 18:45:00-04:00,2026-06-09 19:00:00-04:00,1.1346,1.1368,no
KXXRP15M-26JUN091900,Target Price: $1.1368,2026-06-09 18:45:00-04:00,2026-06-09 19:00:00-04:00,1.1346,1.1368,no
KXXRP15M-26JUN091915,Target Price: $1.1346,2026-06-09 19:00:00-04:00,2026-06-09 19:15:00-04:00,1.1353,1.1346,yes
KXXRP15M-26JUN091915,Target Price: $1.1346,2026-06-09 19:00:00-04:00,2026-06-09 19:15:00-04:00,1.1353,1.1346,yes
KXXRP15M-26JUN091915,Target Price: $1.1346,2026-06-09 19:00:00-04:00,2026-06-09 19:15:00-04:00,1.1353,1.1346,yes
KXXRP15M-26JUN091915,Target Price: $1.1346,2026-06-09 19:00:00-04:00,2026-06-09 19:15:00-04:00,1.1353,1.1346,yes
KXXRP15M-26JUN091930,Target Price: $1.1353,2026-06-09 19:15:00-04:00,2026-06-09 19:30:00-04:00,1.1353,1.1353,yes
KXXRP15M-26JUN091930,Target Price: $1.1353,2026-06-09 19:15:00-04:00,2026-06-09 19:30:00-04:00,1.1353,1.1353,yes
KXXRP15M-26JUN091930,Target Price: $1.1353,2026-06-09 19:15:00-04:00,2026-06-09 19:30:00-04:00,1.1353,1.1353,yes
KXXRP15M-26JUN091930,Target Price: $1.1353,2026-06-09 19:15:00-04:00,2026-06-09 19:30:00-04:00,1.1353,1.1353,yes
KXXRP15M-26JUN091945,Target Price: $1.1353,2026-06-09 19:30:00-04:00,2026-06-09 19:45:00-04:00,1.1365,1.1353,yes
KXXRP15M-26JUN091945,Target Price: $1.1353,2026-06-09 19:30:00-04:00,2026-06-09 19:45:00-04:00,1.1365,1.1353,yes
KXXRP15M-26JUN091945,Target Price: $1.1353,2026-06-09 19:30:00-04:00,2026-06-09 19:45:00-04:00,1.1365,1.1353,yes
KXXRP15M-26JUN091945,Target Price: $1.1353,2026-06-09 19:30:00-04:00,2026-06-09 19:45:00-04:00,1.1365,1.1353,yes
KXXRP15M-26JUN092000,Target Price: $1.1365,2026-06-09 19:45:00-04:00,2026-06-09 20:00:00-04:00,1.1367,1.1365,yes
KXXRP15M-26JUN092000,Target Price: $1.1365,2026-06-09 19:45:00-04:00,2026-06-09 20:00:00-04:00,1.1367,1.1365,yes
KXXRP15M-26JUN092000,Target Price: $1.1365,2026-06-09 19:45:00-04:00,2026-06-09 20:00:00-04:00,1.1367,1.1365,yes
KXXRP15M-26JUN092000,Target Price: $1.1365,2026-06-09 19:45:00-04:00,2026-06-09 20:00:00-04:00,1.1367,1.1365,yes
KXXRP15M-26JUN092015,Target Price: $1.1367,2026-06-09 20:00:00-04:00,2026-06-09 20:15:00-04:00,1.1370,1.1367,yes
KXXRP15M-26JUN092015,Target Price: $1.1367,2026-06-09 20:00:00-04:00,2026-06-09 20:15:00-04:00,1.1370,1.1367,yes
KXXRP15M-26JUN092015,Target Price: $1.1367,2026-06-09 20:00:00-04:00,2026-06-09 20:15:00-04:00,1.1370,1.1367,yes
KXXRP15M-26JUN092015,Target Price: $1.1367,2026-06-09 20:00:00-04:00,2026-06-09 20:15:00-04:00,1.1370,1.1367,yes
KXXRP15M-26JUN092030,Target Price: $1.1370,2026-06-09 20:15:00-04:00,2026-06-09 20:30:00-04:00,1.1357,1.137,no
KXXRP15M-26JUN092030,Target Price: $1.1370,2026-06-09 20:15:00-04:00,2026-06-09 20:30:00-04:00,1.1357,1.137,no
KXXRP15M-26JUN092030,Target Price: $1.1370,2026-06-09 20:15:00-04:00,2026-06-09 20:30:00-04:00,1.1357,1.137,no
KXXRP15M-26JUN092030,Target Price: $1.1370,2026-06-09 20:15:00-04:00,2026-06-09 20:30:00-04:00,1.1357,1.137,no
KXXRP15M-26JUN092045,Target Price: $1.1357,2026-06-09 20:30:00-04:00,2026-06-09 20:45:00-04:00,1.1273,1.1357,no
KXXRP15M-26JUN092045,Target Price: $1.1357,2026-06-09 20:30:00-04:00,2026-06-09 20:45:00-04:00,1.1273,1.1357,no
KXXRP15M-26JUN092045,Target Price: $1.1357,2026-06-09 20:30:00-04:00,2026-06-09 20:45:00-04:00,1.1273,1.1357,no
KXXRP15M-26JUN092045,Target Price: $1.1357,2026-06-09 20:30:00-04:00,2026-06-09 20:45:00-04:00,1.1273,1.1357,no
KXXRP15M-26JUN092100,Target Price: $1.1273,2026-06-09 20:45:00-04:00,2026-06-09 21:00:00-04:00,1.1356,1.1273,yes
KXXRP15M-26JUN092100,Target Price: $1.1273,2026-06-09 20:45:00-04:00,2026-06-09 21:00:00-04:00,1.1356,1.1273,yes
KXXRP15M-26JUN092100,Target Price: $1.1273,2026-06-09 20:45:00-04:00,2026-06-09 21:00:00-04:00,1.1356,1.1273,yes
KXXRP15M-26JUN092100,Target Price: $1.1273,2026-06-09 20:45:00-04:00,2026-06-09 21:00:00-04:00,1.1356,1.1273,yes
KXXRP15M-26JUN092115,Target Price: $1.1356,2026-06-09 21:00:00-04:00,2026-06-09 21:15:00-04:00,1.1328,1.1356,no
KXXRP15M-26JUN092115,Target Price: $1.1356,2026-06-09 21:00:00-04:00,2026-06-09 21:15:00-04:00,1.1328,1.1356,no
KXXRP15M-26JUN092115,Target Price: $1.1356,2026-06-09 21:00:00-04:00,2026-06-09 21:15:00-04:00,1.1328,1.1356,no
KXXRP15M-26JUN092115,Target Price: $1.1356,2026-06-09 21:00:00-04:00,2026-06-09 21:15:00-04:00,1.1328,1.1356,no
KXXRP15M-26JUN092130,Target Price: $1.1328,2026-06-09 21:15:00-04:00,2026-06-09 21:30:00-04:00,1.1321,1.1328,no
KXXRP15M-26JUN092130,Target Price: $1.1328,2026-06-09 21:15:00-04:00,2026-06-09 21:30:00-04:00,1.1321,1.1328,no
KXXRP15M-26JUN092130,Target Price: $1.1328,2026-06-09 21:15:00-04:00,2026-06-09 21:30:00-04:00,1.1321,1.1328,no
KXXRP15M-26JUN092130,Target Price: $1.1328,2026-06-09 21:15:00-04:00,2026-06-09 21:30:00-04:00,1.1321,1.1328,no
KXXRP15M-26JUN092145,Target Price: $1.1321,2026-06-09 21:30:00-04:00,2026-06-09 21:45:00-04:00,1.1281,1.1321,no
KXXRP15M-26JUN092145,Target Price: $1.1321,2026-06-09 21:30:00-04:00,2026-06-09 21:45:00-04:00,1.1281,1.1321,no
KXXRP15M-26JUN092145,Target Price: $1.1321,2026-06-09 21:30:00-04:00,2026-06-09 21:45:00-04:00,1.1281,1.1321,no
KXXRP15M-26JUN092145,Target Price: $1.1321,2026-06-09 21:30:00-04:00,2026-06-09 21:45:00-04:00,1.1281,1.1321,no
KXXRP15M-26JUN092200,Target Price: $1.1281,2026-06-09 21:45:00-04:00,2026-06-09 22:00:00-04:00,1.1285,1.1281,yes
KXXRP15M-26JUN092200,Target Price: $1.1281,2026-06-09 21:45:00-04:00,2026-06-09 22:00:00-04:00,1.1285,1.1281,yes
KXXRP15M-26JUN092200,Target Price: $1.1281,2026-06-09 21:45:00-04:00,2026-06-09 22:00:00-04:00,1.1285,1.1281,yes
KXXRP15M-26JUN092200,Target Price: $1.1281,2026-06-09 21:45:00-04:00,2026-06-09 22:00:00-04:00,1.1285,1.1281,yes
KXXRP15M-26JUN092215,Target Price: $1.1285,2026-06-09 22:00:00-04:00,2026-06-09 22:15:00-04:00,1.1244,1.1285,no
KXXRP15M-26JUN092215,Target Price: $1.1285,2026-06-09 22:00:00-04:00,2026-06-09 22:15:00-04:00,1.1244,1.1285,no
KXXRP15M-26JUN092215,Target Price: $1.1285,2026-06-09 22:00:00-04:00,2026-06-09 22:15:00-04:00,1.1244,1.1285,no
KXXRP15M-26JUN092215,Target Price: $1.1285,2026-06-09 22:00:00-04:00,2026-06-09 22:15:00-04:00,1.1244,1.1285,no
KXXRP15M-26JUN092230,Target Price: $1.1244,2026-06-09 22:15:00-04:00,2026-06-09 22:30:00-04:00,1.1222,1.1244,no
KXXRP15M-26JUN092230,Target Price: $1.1244,2026-06-09 22:15:00-04:00,2026-06-09 22:30:00-04:00,1.1222,1.1244,no
KXXRP15M-26JUN092230,Target Price: $1.1244,2026-06-09 22:15:00-04:00,2026-06-09 22:30:00-04:00,1.1222,1.1244,no
KXXRP15M-26JUN092230,Target Price: $1.1244,2026-06-09 22:15:00-04:00,2026-06-09 22:30:00-04:00,1.1222,1.1244,no
KXXRP15M-26JUN092245,Target Price: $1.1222,2026-06-09 22:30:00-04:00,2026-06-09 22:45:00-04:00,1.1177,1.1222,no
KXXRP15M-26JUN092245,Target Price: $1.1222,2026-06-09 22:30:00-04:00,2026-06-09 22:45:00-04:00,1.1177,1.1222,no
KXXRP15M-26JUN092245,Target Price: $1.1222,2026-06-09 22:30:00-04:00,2026-06-09 22:45:00-04:00,1.1177,1.1222,no
KXXRP15M-26JUN092245,Target Price: $1.1222,2026-06-09 22:30:00-04:00,2026-06-09 22:45:00-04:00,1.1177,1.1222,no
KXXRP15M-26JUN092300,Target Price: $1.1177,2026-06-09 22:45:00-04:00,2026-06-09 23:00:00-04:00,1.1172,1.1177,no
KXXRP15M-26JUN092300,Target Price: $1.1177,2026-06-09 22:45:00-04:00,2026-06-09 23:00:00-04:00,1.1172,1.1177,no
KXXRP15M-26JUN092300,Target Price: $1.1177,2026-06-09 22:45:00-04:00,2026-06-09 23:00:00-04:00,1.1172,1.1177,no
KXXRP15M-26JUN092300,Target Price: $1.1177,2026-06-09 22:45:00-04:00,2026-06-09 23:00:00-04:00,1.1172,1.1177,no
KXXRP15M-26JUN092315,Target Price: $1.1172,2026-06-09 23:00:00-04:00,2026-06-09 23:15:00-04:00,1.1191,1.1172,yes
KXXRP15M-26JUN092315,Target Price: $1.1172,2026-06-09 23:00:00-04:00,2026-06-09 23:15:00-04:00,1.1191,1.1172,yes
KXXRP15M-26JUN092315,Target Price: $1.1172,2026-06-09 23:00:00-04:00,2026-06-09 23:15:00-04:00,1.1191,1.1172,yes
KXXRP15M-26JUN092315,Target Price: $1.1172,2026-06-09 23:00:00-04:00,2026-06-09 23:15:00-04:00,1.1191,1.1172,yes
KXXRP15M-26JUN092330,Target Price: $1.1191,2026-06-09 23:15:00-04:00,2026-06-09 23:30:00-04:00,1.1225,1.1191,yes
KXXRP15M-26JUN092330,Target Price: $1.1191,2026-06-09 23:15:00-04:00,2026-06-09 23:30:00-04:00,1.1225,1.1191,yes
KXXRP15M-26JUN092330,Target Price: $1.1191,2026-06-09 23:15:00-04:00,2026-06-09 23:30:00-04:00,1.1225,1.1191,yes
KXXRP15M-26JUN092330,Target Price: $1.1191,2026-06-09 23:15:00-04:00,2026-06-09 23:30:00-04:00,1.1225,1.1191,yes
KXXRP15M-26JUN092345,Target Price: $1.1225,2026-06-09 23:30:00-04:00,2026-06-09 23:45:00-04:00,1.1204,1.1225,no
KXXRP15M-26JUN092345,Target Price: $1.1225,2026-06-09 23:30:00-04:00,2026-06-09 23:45:00-04:00,1.1204,1.1225,no
KXXRP15M-26JUN092345,Target Price: $1.1225,2026-06-09 23:30:00-04:00,2026-06-09 23:45:00-04:00,1.1204,1.1225,no
KXXRP15M-26JUN092345,Target Price: $1.1225,2026-06-09 23:30:00-04:00,2026-06-09 23:45:00-04:00,1.1204,1.1225,no
KXXRP15M-26JUN100000,Target Price: $1.1204,2026-06-09 23:45:00-04:00,2026-06-10 00:00:00-04:00,1.1186,1.1204,no
KXXRP15M-26JUN100000,Target Price: $1.1204,2026-06-09 23:45:00-04:00,2026-06-10 00:00:00-04:00,1.1186,1.1204,no
KXXRP15M-26JUN100000,Target Price: $1.1204,2026-06-09 23:45:00-04:00,2026-06-10 00:00:00-04:00,1.1186,1.1204,no
KXXRP15M-26JUN100000,Target Price: $1.1204,2026-06-09 23:45:00-04:00,2026-06-10 00:00:00-04:00,1.1186,1.1204,no
KXXRP15M-26JUN100015,Target Price: $1.1186,2026-06-10 00:00:00-04:00,2026-06-10 00:15:00-04:00,1.1198,1.1186,yes
KXXRP15M-26JUN100015,Target Price: $1.1186,2026-06-10 00:00:00-04:00,2026-06-10 00:15:00-04:00,1.1198,1.1186,yes
KXXRP15M-26JUN100015,Target Price: $1.1186,2026-06-10 00:00:00-04:00,2026-06-10 00:15:00-04:00,1.1198,1.1186,yes
KXXRP15M-26JUN100015,Target Price: $1.1186,2026-06-10 00:00:00-04:00,2026-06-10 00:15:00-04:00,1.1198,1.1186,yes
KXXRP15M-26JUN100030,Target Price: $1.1198,2026-06-10 00:15:00-04:00,2026-06-10 00:30:00-04:00,1.1185,1.1198,no
KXXRP15M-26JUN100030,Target Price: $1.1198,2026-06-10 00:15:00-04:00,2026-06-10 00:30:00-04:00,1.1185,1.1198,no
KXXRP15M-26JUN100030,Target Price: $1.1198,2026-06-10 00:15:00-04:00,2026-06-10 00:30:00-04:00,1.1185,1.1198,no
KXXRP15M-26JUN100030,Target Price: $1.1198,2026-06-10 00:15:00-04:00,2026-06-10 00:30:00-04:00,1.1185,1.1198,no
KXXRP15M-26JUN100045,Target Price: $1.1185,2026-06-10 00:30:00-04:00,2026-06-10 00:45:00-04:00,1.1138,1.1185,no
KXXRP15M-26JUN100045,Target Price: $1.1185,2026-06-10 00:30:00-04:00,2026-06-10 00:45:00-04:00,1.1138,1.1185,no
KXXRP15M-26JUN100045,Target Price: $1.1185,2026-06-10 00:30:00-04:00,2026-06-10 00:45:00-04:00,1.1138,1.1185,no
KXXRP15M-26JUN100045,Target Price: $1.1185,2026-06-10 00:30:00-04:00,2026-06-10 00:45:00-04:00,1.1138,1.1185,no
KXXRP15M-26JUN100100,Target Price: $1.1138,2026-06-10 00:45:00-04:00,2026-06-10 01:00:00-04:00,1.1150,1.1138,yes
KXXRP15M-26JUN100100,Target Price: $1.1138,2026-06-10 00:45:00-04:00,2026-06-10 01:00:00-04:00,1.1150,1.1138,yes
KXXRP15M-26JUN100100,Target Price: $1.1138,2026-06-10 00:45:00-04:00,2026-06-10 01:00:00-04:00,1.1150,1.1138,yes
KXXRP15M-26JUN100100,Target Price: $1.1138,2026-06-10 00:45:00-04:00,2026-06-10 01:00:00-04:00,1.1150,1.1138,yes
KXXRP15M-26JUN100115,Target Price: $1.1150,2026-06-10 01:00:00-04:00,2026-06-10 01:15:00-04:00,1.1140,1.115,no
KXXRP15M-26JUN100115,Target Price: $1.1150,2026-06-10 01:00:00-04:00,2026-06-10 01:15:00-04:00,1.1140,1.115,no
KXXRP15M-26JUN100115,Target Price: $1.1150,2026-06-10 01:00:00-04:00,2026-06-10 01:15:00-04:00,1.1140,1.115,no
KXXRP15M-26JUN100115,Target Price: $1.1150,2026-06-10 01:00:00-04:00,2026-06-10 01:15:00-04:00,1.1140,1.115,no
KXXRP15M-26JUN100130,Target Price: $1.1140,2026-06-10 01:15:00-04:00,2026-06-10 01:30:00-04:00,1.1134,1.114,no
KXXRP15M-26JUN100130,Target Price: $1.1140,2026-06-10 01:15:00-04:00,2026-06-10 01:30:00-04:00,1.1134,1.114,no
KXXRP15M-26JUN100130,Target Price: $1.1140,2026-06-10 01:15:00-04:00,2026-06-10 01:30:00-04:00,1.1134,1.114,no
KXXRP15M-26JUN100130,Target Price: $1.1140,2026-06-10 01:15:00-04:00,2026-06-10 01:30:00-04:00,1.1134,1.114,no
KXXRP15M-26JUN100145,Target Price: $1.1134,2026-06-10 01:30:00-04:00,2026-06-10 01:45:00-04:00,1.1115,1.1134,no
KXXRP15M-26JUN100145,Target Price: $1.1134,2026-06-10 01:30:00-04:00,2026-06-10 01:45:00-04:00,1.1115,1.1134,no
KXXRP15M-26JUN100145,Target Price: $1.1134,2026-06-10 01:30:00-04:00,2026-06-10 01:45:00-04:00,1.1115,1.1134,no
KXXRP15M-26JUN100145,Target Price: $1.1134,2026-06-10 01:30:00-04:00,2026-06-10 01:45:00-04:00,1.1115,1.1134,no
KXXRP15M-26JUN100200,Target Price: $1.1115,2026-06-10 01:45:00-04:00,2026-06-10 02:00:00-04:00,1.1112,1.1115,no
KXXRP15M-26JUN100200,Target Price: $1.1115,2026-06-10 01:45:00-04:00,2026-06-10 02:00:00-04:00,1.1112,1.1115,no
KXXRP15M-26JUN100200,Target Price: $1.1115,2026-06-10 01:45:00-04:00,2026-06-10 02:00:00-04:00,1.1112,1.1115,no
KXXRP15M-26JUN100200,Target Price: $1.1115,2026-06-10 01:45:00-04:00,2026-06-10 02:00:00-04:00,1.1112,1.1115,no
KXXRP15M-26JUN100215,Target Price: $1.1112,2026-06-10 02:00:00-04:00,2026-06-10 02:15:00-04:00,1.1112,1.1112,yes
KXXRP15M-26JUN100215,Target Price: $1.1112,2026-06-10 02:00:00-04:00,2026-06-10 02:15:00-04:00,1.1112,1.1112,yes
KXXRP15M-26JUN100215,Target Price: $1.1112,2026-06-10 02:00:00-04:00,2026-06-10 02:15:00-04:00,1.1112,1.1112,yes
KXXRP15M-26JUN100215,Target Price: $1.1112,2026-06-10 02:00:00-04:00,2026-06-10 02:15:00-04:00,1.1112,1.1112,yes
KXXRP15M-26JUN100230,Target Price: $1.1112,2026-06-10 02:15:00-04:00,2026-06-10 02:30:00-04:00,1.1099,1.1112,no
KXXRP15M-26JUN100230,Target Price: $1.1112,2026-06-10 02:15:00-04:00,2026-06-10 02:30:00-04:00,1.1099,1.1112,no
KXXRP15M-26JUN100230,Target Price: $1.1112,2026-06-10 02:15:00-04:00,2026-06-10 02:30:00-04:00,1.1099,1.1112,no
KXXRP15M-26JUN100230,Target Price: $1.1112,2026-06-10 02:15:00-04:00,2026-06-10 02:30:00-04:00,1.1099,1.1112,no
KXXRP15M-26JUN100245,Target Price: $1.1099,2026-06-10 02:30:00-04:00,2026-06-10 02:45:00-04:00,1.1116,1.1099,yes
KXXRP15M-26JUN100245,Target Price: $1.1099,2026-06-10 02:30:00-04:00,2026-06-10 02:45:00-04:00,1.1116,1.1099,yes
KXXRP15M-26JUN100245,Target Price: $1.1099,2026-06-10 02:30:00-04:00,2026-06-10 02:45:00-04:00,1.1116,1.1099,yes
KXXRP15M-26JUN100245,Target Price: $1.1099,2026-06-10 02:30:00-04:00,2026-06-10 02:45:00-04:00,1.1116,1.1099,yes
KXXRP15M-26JUN100300,Target Price: $1.1116,2026-06-10 02:45:00-04:00,2026-06-10 03:00:00-04:00,1.1114,1.1116,no
KXXRP15M-26JUN100300,Target Price: $1.1116,2026-06-10 02:45:00-04:00,2026-06-10 03:00:00-04:00,1.1114,1.1116,no
KXXRP15M-26JUN100300,Target Price: $1.1116,2026-06-10 02:45:00-04:00,2026-06-10 03:00:00-04:00,1.1114,1.1116,no
KXXRP15M-26JUN100300,Target Price: $1.1116,2026-06-10 02:45:00-04:00,2026-06-10 03:00:00-04:00,1.1114,1.1116,no
KXXRP15M-26JUN100315,Target Price: $1.1114,2026-06-10 03:00:00-04:00,2026-06-10 03:15:00-04:00,1.1136,1.1114,yes
KXXRP15M-26JUN100315,Target Price: $1.1114,2026-06-10 03:00:00-04:00,2026-06-10 03:15:00-04:00,1.1136,1.1114,yes
KXXRP15M-26JUN100315,Target Price: $1.1114,2026-06-10 03:00:00-04:00,2026-06-10 03:15:00-04:00,1.1136,1.1114,yes
KXXRP15M-26JUN100315,Target Price: $1.1114,2026-06-10 03:00:00-04:00,2026-06-10 03:15:00-04:00,1.1136,1.1114,yes
KXXRP15M-26JUN100330,Target Price: $1.1136,2026-06-10 03:15:00-04:00,2026-06-10 03:30:00-04:00,1.1169,1.1136,yes
KXXRP15M-26JUN100330,Target Price: $1.1136,2026-06-10 03:15:00-04:00,2026-06-10 03:30:00-04:00,1.1169,1.1136,yes
KXXRP15M-26JUN100330,Target Price: $1.1136,2026-06-10 03:15:00-04:00,2026-06-10 03:30:00-04:00,1.1169,1.1136,yes
KXXRP15M-26JUN100330,Target Price: $1.1136,2026-06-10 03:15:00-04:00,2026-06-10 03:30:00-04:00,1.1169,1.1136,yes
KXXRP15M-26JUN100345,Target Price: $1.1169,2026-06-10 03:30:00-04:00,2026-06-10 03:45:00-04:00,1.1176,1.1169,yes
KXXRP15M-26JUN100345,Target Price: $1.1169,2026-06-10 03:30:00-04:00,2026-06-10 03:45:00-04:00,1.1176,1.1169,yes
KXXRP15M-26JUN100345,Target Price: $1.1169,2026-06-10 03:30:00-04:00,2026-06-10 03:45:00-04:00,1.1176,1.1169,yes
KXXRP15M-26JUN100345,Target Price: $1.1169,2026-06-10 03:30:00-04:00,2026-06-10 03:45:00-04:00,1.1176,1.1169,yes
KXXRP15M-26JUN100400,Target Price: $1.1176,2026-06-10 03:45:00-04:00,2026-06-10 04:00:00-04:00,1.1164,1.1176,no
KXXRP15M-26JUN100400,Target Price: $1.1176,2026-06-10 03:45:00-04:00,2026-06-10 04:00:00-04:00,1.1164,1.1176,no
KXXRP15M-26JUN100400,Target Price: $1.1176,2026-06-10 03:45:00-04:00,2026-06-10 04:00:00-04:00,1.1164,1.1176,no
KXXRP15M-26JUN100400,Target Price: $1.1176,2026-06-10 03:45:00-04:00,2026-06-10 04:00:00-04:00,1.1164,1.1176,no
KXXRP15M-26JUN100415,Target Price: $1.1164,2026-06-10 04:00:00-04:00,2026-06-10 04:15:00-04:00,1.1124,1.1164,no
KXXRP15M-26JUN100415,Target Price: $1.1164,2026-06-10 04:00:00-04:00,2026-06-10 04:15:00-04:00,1.1124,1.1164,no
KXXRP15M-26JUN100415,Target Price: $1.1164,2026-06-10 04:00:00-04:00,2026-06-10 04:15:00-04:00,1.1124,1.1164,no
KXXRP15M-26JUN100415,Target Price: $1.1164,2026-06-10 04:00:00-04:00,2026-06-10 04:15:00-04:00,1.1124,1.1164,no
KXXRP15M-26JUN100430,Target Price: $1.1124,2026-06-10 04:15:00-04:00,2026-06-10 04:30:00-04:00,1.1106,1.1124,no
KXXRP15M-26JUN100430,Target Price: $1.1124,2026-06-10 04:15:00-04:00,2026-06-10 04:30:00-04:00,1.1106,1.1124,no
KXXRP15M-26JUN100430,Target Price: $1.1124,2026-06-10 04:15:00-04:00,2026-06-10 04:30:00-04:00,1.1106,1.1124,no
KXXRP15M-26JUN100430,Target Price: $1.1124,2026-06-10 04:15:00-04:00,2026-06-10 04:30:00-04:00,1.1106,1.1124,no
KXXRP15M-26JUN100445,Target Price: $1.1106,2026-06-10 04:30:00-04:00,2026-06-10 04:45:00-04:00,1.1058,1.1106,no
KXXRP15M-26JUN100445,Target Price: $1.1106,2026-06-10 04:30:00-04:00,2026-06-10 04:45:00-04:00,1.1058,1.1106,no
KXXRP15M-26JUN100445,Target Price: $1.1106,2026-06-10 04:30:00-04:00,2026-06-10 04:45:00-04:00,1.1058,1.1106,no
KXXRP15M-26JUN100445,Target Price: $1.1106,2026-06-10 04:30:00-04:00,2026-06-10 04:45:00-04:00,1.1058,1.1106,no
KXXRP15M-26JUN100500,Target Price: $1.1058,2026-06-10 04:45:00-04:00,2026-06-10 05:00:00-04:00,1.1070,1.1058,yes
KXXRP15M-26JUN100500,Target Price: $1.1058,2026-06-10 04:45:00-04:00,2026-06-10 05:00:00-04:00,1.1070,1.1058,yes
KXXRP15M-26JUN100500,Target Price: $1.1058,2026-06-10 04:45:00-04:00,2026-06-10 05:00:00-04:00,1.1070,1.1058,yes
KXXRP15M-26JUN100500,Target Price: $1.1058,2026-06-10 04:45:00-04:00,2026-06-10 05:00:00-04:00,1.1070,1.1058,yes
KXXRP15M-26JUN100515,Target Price: $1.1070,2026-06-10 05:00:00-04:00,2026-06-10 05:15:00-04:00,1.1039,1.107,no
KXXRP15M-26JUN100515,Target Price: $1.1070,2026-06-10 05:00:00-04:00,2026-06-10 05:15:00-04:00,1.1039,1.107,no
KXXRP15M-26JUN100515,Target Price: $1.1070,2026-06-10 05:00:00-04:00,2026-06-10 05:15:00-04:00,1.1039,1.107,no
KXXRP15M-26JUN100515,Target Price: $1.1070,2026-06-10 05:00:00-04:00,2026-06-10 05:15:00-04:00,1.1039,1.107,no
KXXRP15M-26JUN100530,Target Price: $1.1039,2026-06-10 05:15:00-04:00,2026-06-10 05:30:00-04:00,1.1065,1.1039,yes
KXXRP15M-26JUN100530,Target Price: $1.1039,2026-06-10 05:15:00-04:00,2026-06-10 05:30:00-04:00,1.1065,1.1039,yes
KXXRP15M-26JUN100530,Target Price: $1.1039,2026-06-10 05:15:00-04:00,2026-06-10 05:30:00-04:00,1.1065,1.1039,yes
KXXRP15M-26JUN100530,Target Price: $1.1039,2026-06-10 05:15:00-04:00,2026-06-10 05:30:00-04:00,1.1065,1.1039,yes
KXXRP15M-26JUN100545,Target Price: $1.1065,2026-06-10 05:30:00-04:00,2026-06-10 05:45:00-04:00,1.1070,1.1065,yes
KXXRP15M-26JUN100545,Target Price: $1.1065,2026-06-10 05:30:00-04:00,2026-06-10 05:45:00-04:00,1.1070,1.1065,yes
KXXRP15M-26JUN100545,Target Price: $1.1065,2026-06-10 05:30:00-04:00,2026-06-10 05:45:00-04:00,1.1070,1.1065,yes
KXXRP15M-26JUN100545,Target Price: $1.1065,2026-06-10 05:30:00-04:00,2026-06-10 05:45:00-04:00,1.1070,1.1065,yes
KXXRP15M-26JUN100600,Target Price: $1.1070,2026-06-10 05:45:00-04:00,2026-06-10 06:00:00-04:00,1.1089,1.107,yes
KXXRP15M-26JUN100600,Target Price: $1.1070,2026-06-10 05:45:00-04:00,2026-06-10 06:00:00-04:00,1.1089,1.107,yes
KXXRP15M-26JUN100600,Target Price: $1.1070,2026-06-10 05:45:00-04:00,2026-06-10 06:00:00-04:00,1.1089,1.107,yes
KXXRP15M-26JUN100600,Target Price: $1.1070,2026-06-10 05:45:00-04:00,2026-06-10 06:00:00-04:00,1.1089,1.107,yes
KXXRP15M-26JUN100615,Target Price: $1.1089,2026-06-10 06:00:00-04:00,2026-06-10 06:15:00-04:00,1.1087,1.1089,no
KXXRP15M-26JUN100615,Target Price: $1.1089,2026-06-10 06:00:00-04:00,2026-06-10 06:15:00-04:00,1.1087,1.1089,no
KXXRP15M-26JUN100615,Target Price: $1.1089,2026-06-10 06:00:00-04:00,2026-06-10 06:15:00-04:00,1.1087,1.1089,no
KXXRP15M-26JUN100615,Target Price: $1.1089,2026-06-10 06:00:00-04:00,2026-06-10 06:15:00-04:00,1.1087,1.1089,no
KXXRP15M-26JUN100630,Target Price: $1.1087,2026-06-10 06:15:00-04:00,2026-06-10 06:30:00-04:00,1.1085,1.1087,no
KXXRP15M-26JUN100630,Target Price: $1.1087,2026-06-10 06:15:00-04:00,2026-06-10 06:30:00-04:00,1.1085,1.1087,no
KXXRP15M-26JUN100630,Target Price: $1.1087,2026-06-10 06:15:00-04:00,2026-06-10 06:30:00-04:00,1.1085,1.1087,no
KXXRP15M-26JUN100630,Target Price: $1.1087,2026-06-10 06:15:00-04:00,2026-06-10 06:30:00-04:00,1.1085,1.1087,no
KXXRP15M-26JUN100645,Target Price: $1.1085,2026-06-10 06:30:00-04:00,2026-06-10 06:45:00-04:00,1.1093,1.1085,yes
KXXRP15M-26JUN100645,Target Price: $1.1085,2026-06-10 06:30:00-04:00,2026-06-10 06:45:00-04:00,1.1093,1.1085,yes
KXXRP15M-26JUN100645,Target Price: $1.1085,2026-06-10 06:30:00-04:00,2026-06-10 06:45:00-04:00,1.1093,1.1085,yes
KXXRP15M-26JUN100645,Target Price: $1.1085,2026-06-10 06:30:00-04:00,2026-06-10 06:45:00-04:00,1.1093,1.1085,yes
KXXRP15M-26JUN100700,Target Price: $1.1093,2026-06-10 06:45:00-04:00,2026-06-10 07:00:00-04:00,1.1103,1.1093,yes
KXXRP15M-26JUN100700,Target Price: $1.1093,2026-06-10 06:45:00-04:00,2026-06-10 07:00:00-04:00,1.1103,1.1093,yes
KXXRP15M-26JUN100700,Target Price: $1.1093,2026-06-10 06:45:00-04:00,2026-06-10 07:00:00-04:00,1.1103,1.1093,yes
KXXRP15M-26JUN100700,Target Price: $1.1093,2026-06-10 06:45:00-04:00,2026-06-10 07:00:00-04:00,1.1103,1.1093,yes
KXXRP15M-26JUN100715,Target Price: $1.1103,2026-06-10 07:00:00-04:00,2026-06-10 07:15:00-04:00,1.1057,1.1103,no
KXXRP15M-26JUN100715,Target Price: $1.1103,2026-06-10 07:00:00-04:00,2026-06-10 07:15:00-04:00,1.1057,1.1103,no
KXXRP15M-26JUN100715,Target Price: $1.1103,2026-06-10 07:00:00-04:00,2026-06-10 07:15:00-04:00,1.1057,1.1103,no
KXXRP15M-26JUN100715,Target Price: $1.1103,2026-06-10 07:00:00-04:00,2026-06-10 07:15:00-04:00,1.1057,1.1103,no
KXXRP15M-26JUN100730,Target Price: $1.1057,2026-06-10 07:15:00-04:00,2026-06-10 07:30:00-04:00,1.1023,1.1057,no
KXXRP15M-26JUN100730,Target Price: $1.1057,2026-06-10 07:15:00-04:00,2026-06-10 07:30:00-04:00,1.1023,1.1057,no
KXXRP15M-26JUN100730,Target Price: $1.1057,2026-06-10 07:15:00-04:00,2026-06-10 07:30:00-04:00,1.1023,1.1057,no
KXXRP15M-26JUN100730,Target Price: $1.1057,2026-06-10 07:15:00-04:00,2026-06-10 07:30:00-04:00,1.1023,1.1057,no
KXXRP15M-26JUN100745,Target Price: $1.1023,2026-06-10 07:30:00-04:00,2026-06-10 07:45:00-04:00,1.1030,1.1023,yes
KXXRP15M-26JUN100745,Target Price: $1.1023,2026-06-10 07:30:00-04:00,2026-06-10 07:45:00-04:00,1.1030,1.1023,yes
KXXRP15M-26JUN100745,Target Price: $1.1023,2026-06-10 07:30:00-04:00,2026-06-10 07:45:00-04:00,1.1030,1.1023,yes
KXXRP15M-26JUN100745,Target Price: $1.1023,2026-06-10 07:30:00-04:00,2026-06-10 07:45:00-04:00,1.1030,1.1023,yes
KXXRP15M-26JUN100800,Target Price: $1.1030,2026-06-10 07:45:00-04:00,2026-06-10 08:00:00-04:00,1.1037,1.103,yes
KXXRP15M-26JUN100800,Target Price: $1.1030,2026-06-10 07:45:00-04:00,2026-06-10 08:00:00-04:00,1.1037,1.103,yes
KXXRP15M-26JUN100800,Target Price: $1.1030,2026-06-10 07:45:00-04:00,2026-06-10 08:00:00-04:00,1.1037,1.103,yes
KXXRP15M-26JUN100800,Target Price: $1.1030,2026-06-10 07:45:00-04:00,2026-06-10 08:00:00-04:00,1.1037,1.103,yes
KXXRP15M-26JUN100815,Target price: TBD,2026-06-10 08:00:00-04:00,2026-06-10 08:15:00-04:00,1.1049,,yes
KXXRP15M-26JUN100815,Target price: TBD,2026-06-10 08:00:00-04:00,2026-06-10 08:15:00-04:00,1.1049,,yes
KXXRP15M-26JUN100815,Target price: TBD,2026-06-10 08:00:00-04:00,2026-06-10 08:15:00-04:00,1.1049,,yes
KXXRP15M-26JUN100815,Target price: TBD,2026-06-10 08:00:00-04:00,2026-06-10 08:15:00-04:00,1.1049,,yes
KXXRP15M-26JUN100830,Target Price: $1.1049,2026-06-10 08:15:00-04:00,2026-06-10 08:30:00-04:00,1.1063,1.1049,yes
KXXRP15M-26JUN100830,Target Price: $1.1049,2026-06-10 08:15:00-04:00,2026-06-10 08:30:00-04:00,1.1063,1.1049,yes
KXXRP15M-26JUN100830,Target Price: $1.1049,2026-06-10 08:15:00-04:00,2026-06-10 08:30:00-04:00,1.1063,1.1049,yes
KXXRP15M-26JUN100830,Target Price: $1.1049,2026-06-10 08:15:00-04:00,2026-06-10 08:30:00-04:00,1.1063,1.1049,yes
KXXRP15M-26JUN100845,Target Price: $1.1063,2026-06-10 08:30:00-04:00,2026-06-10 08:45:00-04:00,1.1185,1.1063,yes
KXXRP15M-26JUN100845,Target Price: $1.1063,2026-06-10 08:30:00-04:00,2026-06-10 08:45:00-04:00,1.1185,1.1063,yes
KXXRP15M-26JUN100845,Target Price: $1.1063,2026-06-10 08:30:00-04:00,2026-06-10 08:45:00-04:00,1.1185,1.1063,yes
KXXRP15M-26JUN100845,Target Price: $1.1063,2026-06-10 08:30:00-04:00,2026-06-10 08:45:00-04:00,1.1185,1.1063,yes
KXXRP15M-26JUN100900,Target Price: $1.1185,2026-06-10 08:45:00-04:00,2026-06-10 09:00:00-04:00,1.1177,1.1185,no
KXXRP15M-26JUN100900,Target Price: $1.1185,2026-06-10 08:45:00-04:00,2026-06-10 09:00:00-04:00,1.1177,1.1185,no
KXXRP15M-26JUN100900,Target Price: $1.1185,2026-06-10 08:45:00-04:00,2026-06-10 09:00:00-04:00,1.1177,1.1185,no
KXXRP15M-26JUN100900,Target Price: $1.1185,2026-06-10 08:45:00-04:00,2026-06-10 09:00:00-04:00,1.1177,1.1185,no
KXXRP15M-26JUN100915,Target Price: $1.1177,2026-06-10 09:00:00-04:00,2026-06-10 09:15:00-04:00,1.1168,1.1177,no
KXXRP15M-26JUN100915,Target Price: $1.1177,2026-06-10 09:00:00-04:00,2026-06-10 09:15:00-04:00,1.1168,1.1177,no
KXXRP15M-26JUN100915,Target Price: $1.1177,2026-06-10 09:00:00-04:00,2026-06-10 09:15:00-04:00,1.1168,1.1177,no
KXXRP15M-26JUN100915,Target Price: $1.1177,2026-06-10 09:00:00-04:00,2026-06-10 09:15:00-04:00,1.1168,1.1177,no
KXXRP15M-26JUN100930,Target Price: $1.1168,2026-06-10 09:15:00-04:00,2026-06-10 09:30:00-04:00,1.1190,1.1168,yes
KXXRP15M-26JUN100930,Target Price: $1.1168,2026-06-10 09:15:00-04:00,2026-06-10 09:30:00-04:00,1.1190,1.1168,yes
KXXRP15M-26JUN100930,Target Price: $1.1168,2026-06-10 09:15:00-04:00,2026-06-10 09:30:00-04:00,1.1190,1.1168,yes
KXXRP15M-26JUN100930,Target Price: $1.1168,2026-06-10 09:15:00-04:00,2026-06-10 09:30:00-04:00,1.1190,1.1168,yes
KXXRP15M-26JUN100945,Target Price: $1.1190,2026-06-10 09:30:00-04:00,2026-06-10 09:45:00-04:00,1.1344,1.119,yes
KXXRP15M-26JUN100945,Target Price: $1.1190,2026-06-10 09:30:00-04:00,2026-06-10 09:45:00-04:00,1.1344,1.119,yes
KXXRP15M-26JUN100945,Target Price: $1.1190,2026-06-10 09:30:00-04:00,2026-06-10 09:45:00-04:00,1.1344,1.119,yes
KXXRP15M-26JUN100945,Target Price: $1.1190,2026-06-10 09:30:00-04:00,2026-06-10 09:45:00-04:00,1.1344,1.119,yes
KXXRP15M-26JUN101000,Target Price: $1.1344,2026-06-10 09:45:00-04:00,2026-06-10 10:00:00-04:00,1.1294,1.1344,no
KXXRP15M-26JUN101000,Target Price: $1.1344,2026-06-10 09:45:00-04:00,2026-06-10 10:00:00-04:00,1.1294,1.1344,no
KXXRP15M-26JUN101000,Target Price: $1.1344,2026-06-10 09:45:00-04:00,2026-06-10 10:00:00-04:00,1.1294,1.1344,no
KXXRP15M-26JUN101000,Target Price: $1.1344,2026-06-10 09:45:00-04:00,2026-06-10 10:00:00-04:00,1.1294,1.1344,no
KXXRP15M-26JUN101015,Target Price: $1.1294,2026-06-10 10:00:00-04:00,2026-06-10 10:15:00-04:00,1.1260,1.1294,no
KXXRP15M-26JUN101015,Target Price: $1.1294,2026-06-10 10:00:00-04:00,2026-06-10 10:15:00-04:00,1.1260,1.1294,no
KXXRP15M-26JUN101015,Target Price: $1.1294,2026-06-10 10:00:00-04:00,2026-06-10 10:15:00-04:00,1.1260,1.1294,no
KXXRP15M-26JUN101015,Target Price: $1.1294,2026-06-10 10:00:00-04:00,2026-06-10 10:15:00-04:00,1.1260,1.1294,no
KXXRP15M-26JUN101030,Target Price: $1.1260,2026-06-10 10:15:00-04:00,2026-06-10 10:30:00-04:00,1.1232,1.126,no
KXXRP15M-26JUN101030,Target Price: $1.1260,2026-06-10 10:15:00-04:00,2026-06-10 10:30:00-04:00,1.1232,1.126,no
KXXRP15M-26JUN101030,Target Price: $1.1260,2026-06-10 10:15:00-04:00,2026-06-10 10:30:00-04:00,1.1232,1.126,no
KXXRP15M-26JUN101030,Target Price: $1.1260,2026-06-10 10:15:00-04:00,2026-06-10 10:30:00-04:00,1.1232,1.126,no
KXXRP15M-26JUN101045,Target Price: $1.1232,2026-06-10 10:30:00-04:00,2026-06-10 10:45:00-04:00,1.1225,1.1232,no
KXXRP15M-26JUN101045,Target Price: $1.1232,2026-06-10 10:30:00-04:00,2026-06-10 10:45:00-04:00,1.1225,1.1232,no
KXXRP15M-26JUN101045,Target Price: $1.1232,2026-06-10 10:30:00-04:00,2026-06-10 10:45:00-04:00,1.1225,1.1232,no
KXXRP15M-26JUN101045,Target Price: $1.1232,2026-06-10 10:30:00-04:00,2026-06-10 10:45:00-04:00,1.1225,1.1232,no
KXXRP15M-26JUN101100,Target Price: $1.1225,2026-06-10 10:45:00-04:00,2026-06-10 11:00:00-04:00,1.1232,1.1225,yes
KXXRP15M-26JUN101100,Target Price: $1.1225,2026-06-10 10:45:00-04:00,2026-06-10 11:00:00-04:00,1.1232,1.1225,yes
KXXRP15M-26JUN101100,Target Price: $1.1225,2026-06-10 10:45:00-04:00,2026-06-10 11:00:00-04:00,1.1232,1.1225,yes
KXXRP15M-26JUN101100,Target Price: $1.1225,2026-06-10 10:45:00-04:00,2026-06-10 11:00:00-04:00,1.1232,1.1225,yes
KXXRP15M-26JUN101115,Target Price: $1.1232,2026-06-10 11:00:00-04:00,2026-06-10 11:15:00-04:00,1.1212,1.1232,no
KXXRP15M-26JUN101115,Target Price: $1.1232,2026-06-10 11:00:00-04:00,2026-06-10 11:15:00-04:00,1.1212,1.1232,no
KXXRP15M-26JUN101115,Target Price: $1.1232,2026-06-10 11:00:00-04:00,2026-06-10 11:15:00-04:00,1.1212,1.1232,no
KXXRP15M-26JUN101115,Target Price: $1.1232,2026-06-10 11:00:00-04:00,2026-06-10 11:15:00-04:00,1.1212,1.1232,no
KXXRP15M-26JUN101130,Target Price: $1.1212,2026-06-10 11:15:00-04:00,2026-06-10 11:30:00-04:00,1.1265,1.1212,yes
KXXRP15M-26JUN101130,Target Price: $1.1212,2026-06-10 11:15:00-04:00,2026-06-10 11:30:00-04:00,1.1265,1.1212,yes
KXXRP15M-26JUN101130,Target Price: $1.1212,2026-06-10 11:15:00-04:00,2026-06-10 11:30:00-04:00,1.1265,1.1212,yes
KXXRP15M-26JUN101130,Target Price: $1.1212,2026-06-10 11:15:00-04:00,2026-06-10 11:30:00-04:00,1.1265,1.1212,yes
KXXRP15M-26JUN101145,Target Price: $1.1265,2026-06-10 11:30:00-04:00,2026-06-10 11:45:00-04:00,1.1271,1.1265,yes
KXXRP15M-26JUN101145,Target Price: $1.1265,2026-06-10 11:30:00-04:00,2026-06-10 11:45:00-04:00,1.1271,1.1265,yes
KXXRP15M-26JUN101145,Target Price: $1.1265,2026-06-10 11:30:00-04:00,2026-06-10 11:45:00-04:00,1.1271,1.1265,yes
KXXRP15M-26JUN101145,Target Price: $1.1265,2026-06-10 11:30:00-04:00,2026-06-10 11:45:00-04:00,1.1271,1.1265,yes
KXXRP15M-26JUN101200,Target Price: $1.1271,2026-06-10 11:45:00-04:00,2026-06-10 12:00:00-04:00,1.1273,1.1271,yes
KXXRP15M-26JUN101200,Target Price: $1.1271,2026-06-10 11:45:00-04:00,2026-06-10 12:00:00-04:00,1.1273,1.1271,yes
KXXRP15M-26JUN101200,Target Price: $1.1271,2026-06-10 11:45:00-04:00,2026-06-10 12:00:00-04:00,1.1273,1.1271,yes
KXXRP15M-26JUN101200,Target Price: $1.1271,2026-06-10 11:45:00-04:00,2026-06-10 12:00:00-04:00,1.1273,1.1271,yes
KXXRP15M-26JUN101215,Target Price: $1.1273,2026-06-10 12:00:00-04:00,2026-06-10 12:15:00-04:00,1.1229,1.1273,no
KXXRP15M-26JUN101215,Target Price: $1.1273,2026-06-10 12:00:00-04:00,2026-06-10 12:15:00-04:00,1.1229,1.1273,no
KXXRP15M-26JUN101215,Target Price: $1.1273,2026-06-10 12:00:00-04:00,2026-06-10 12:15:00-04:00,1.1229,1.1273,no
KXXRP15M-26JUN101215,Target Price: $1.1273,2026-06-10 12:00:00-04:00,2026-06-10 12:15:00-04:00,1.1229,1.1273,no
KXXRP15M-26JUN101230,Target Price: $1.1229,2026-06-10 12:15:00-04:00,2026-06-10 12:30:00-04:00,1.1207,1.1229,no
KXXRP15M-26JUN101230,Target Price: $1.1229,2026-06-10 12:15:00-04:00,2026-06-10 12:30:00-04:00,1.1207,1.1229,no
KXXRP15M-26JUN101230,Target Price: $1.1229,2026-06-10 12:15:00-04:00,2026-06-10 12:30:00-04:00,1.1207,1.1229,no
KXXRP15M-26JUN101230,Target Price: $1.1229,2026-06-10 12:15:00-04:00,2026-06-10 12:30:00-04:00,1.1207,1.1229,no
KXXRP15M-26JUN101245,Target Price: $1.1207,2026-06-10 12:30:00-04:00,2026-06-10 12:45:00-04:00,1.1162,1.1207,no
KXXRP15M-26JUN101245,Target Price: $1.1207,2026-06-10 12:30:00-04:00,2026-06-10 12:45:00-04:00,1.1162,1.1207,no
KXXRP15M-26JUN101245,Target Price: $1.1207,2026-06-10 12:30:00-04:00,2026-06-10 12:45:00-04:00,1.1162,1.1207,no
KXXRP15M-26JUN101245,Target Price: $1.1207,2026-06-10 12:30:00-04:00,2026-06-10 12:45:00-04:00,1.1162,1.1207,no
KXXRP15M-26JUN101300,Target Price: $1.1162,2026-06-10 12:45:00-04:00,2026-06-10 13:00:00-04:00,1.1130,1.1162,no
KXXRP15M-26JUN101300,Target Price: $1.1162,2026-06-10 12:45:00-04:00,2026-06-10 13:00:00-04:00,1.1130,1.1162,no
KXXRP15M-26JUN101300,Target Price: $1.1162,2026-06-10 12:45:00-04:00,2026-06-10 13:00:00-04:00,1.1130,1.1162,no
KXXRP15M-26JUN101300,Target Price: $1.1162,2026-06-10 12:45:00-04:00,2026-06-10 13:00:00-04:00,1.1130,1.1162,no
KXXRP15M-26JUN101315,Target Price: $1.1130,2026-06-10 13:00:00-04:00,2026-06-10 13:15:00-04:00,1.1124,1.113,no
KXXRP15M-26JUN101315,Target Price: $1.1130,2026-06-10 13:00:00-04:00,2026-06-10 13:15:00-04:00,1.1124,1.113,no
KXXRP15M-26JUN101315,Target Price: $1.1130,2026-06-10 13:00:00-04:00,2026-06-10 13:15:00-04:00,1.1124,1.113,no
KXXRP15M-26JUN101315,Target Price: $1.1130,2026-06-10 13:00:00-04:00,2026-06-10 13:15:00-04:00,1.1124,1.113,no
KXXRP15M-26JUN101330,Target Price: $1.1124,2026-06-10 13:15:00-04:00,2026-06-10 13:30:00-04:00,1.1091,1.1124,no
KXXRP15M-26JUN101330,Target Price: $1.1124,2026-06-10 13:15:00-04:00,2026-06-10 13:30:00-04:00,1.1091,1.1124,no
KXXRP15M-26JUN101330,Target Price: $1.1124,2026-06-10 13:15:00-04:00,2026-06-10 13:30:00-04:00,1.1091,1.1124,no
KXXRP15M-26JUN101330,Target Price: $1.1124,2026-06-10 13:15:00-04:00,2026-06-10 13:30:00-04:00,1.1091,1.1124,no
KXXRP15M-26JUN101345,Target Price: $1.1091,2026-06-10 13:30:00-04:00,2026-06-10 13:45:00-04:00,1.1052,1.1091,no
KXXRP15M-26JUN101345,Target Price: $1.1091,2026-06-10 13:30:00-04:00,2026-06-10 13:45:00-04:00,1.1052,1.1091,no
KXXRP15M-26JUN101345,Target Price: $1.1091,2026-06-10 13:30:00-04:00,2026-06-10 13:45:00-04:00,1.1052,1.1091,no
KXXRP15M-26JUN101345,Target Price: $1.1091,2026-06-10 13:30:00-04:00,2026-06-10 13:45:00-04:00,1.1052,1.1091,no
KXXRP15M-26JUN101400,Target Price: $1.1052,2026-06-10 13:45:00-04:00,2026-06-10 14:00:00-04:00,1.1092,1.1052,yes
KXXRP15M-26JUN101400,Target Price: $1.1052,2026-06-10 13:45:00-04:00,2026-06-10 14:00:00-04:00,1.1092,1.1052,yes
KXXRP15M-26JUN101400,Target Price: $1.1052,2026-06-10 13:45:00-04:00,2026-06-10 14:00:00-04:00,1.1092,1.1052,yes
KXXRP15M-26JUN101400,Target Price: $1.1052,2026-06-10 13:45:00-04:00,2026-06-10 14:00:00-04:00,1.1092,1.1052,yes
KXXRP15M-26JUN101415,Target Price: $1.1092,2026-06-10 14:00:00-04:00,2026-06-10 14:15:00-04:00,1.1056,1.1092,no
KXXRP15M-26JUN101415,Target Price: $1.1092,2026-06-10 14:00:00-04:00,2026-06-10 14:15:00-04:00,1.1056,1.1092,no
KXXRP15M-26JUN101415,Target Price: $1.1092,2026-06-10 14:00:00-04:00,2026-06-10 14:15:00-04:00,1.1056,1.1092,no
KXXRP15M-26JUN101415,Target Price: $1.1092,2026-06-10 14:00:00-04:00,2026-06-10 14:15:00-04:00,1.1056,1.1092,no
KXXRP15M-26JUN101430,Target Price: $1.1056,2026-06-10 14:15:00-04:00,2026-06-10 14:30:00-04:00,1.1049,1.1056,no
KXXRP15M-26JUN101430,Target Price: $1.1056,2026-06-10 14:15:00-04:00,2026-06-10 14:30:00-04:00,1.1049,1.1056,no
KXXRP15M-26JUN101430,Target Price: $1.1056,2026-06-10 14:15:00-04:00,2026-06-10 14:30:00-04:00,1.1049,1.1056,no
KXXRP15M-26JUN101430,Target Price: $1.1056,2026-06-10 14:15:00-04:00,2026-06-10 14:30:00-04:00,1.1049,1.1056,no
KXXRP15M-26JUN101445,Target Price: $1.1049,2026-06-10 14:30:00-04:00,2026-06-10 14:45:00-04:00,1.1001,1.1049,no
KXXRP15M-26JUN101445,Target Price: $1.1049,2026-06-10 14:30:00-04:00,2026-06-10 14:45:00-04:00,1.1001,1.1049,no
KXXRP15M-26JUN101445,Target Price: $1.1049,2026-06-10 14:30:00-04:00,2026-06-10 14:45:00-04:00,1.1001,1.1049,no
KXXRP15M-26JUN101445,Target Price: $1.1049,2026-06-10 14:30:00-04:00,2026-06-10 14:45:00-04:00,1.1001,1.1049,no
KXXRP15M-26JUN101500,Target Price: $1.1001,2026-06-10 14:45:00-04:00,2026-06-10 15:00:00-04:00,1.1058,1.1001,yes
KXXRP15M-26JUN101500,Target Price: $1.1001,2026-06-10 14:45:00-04:00,2026-06-10 15:00:00-04:00,1.1058,1.1001,yes
KXXRP15M-26JUN101500,Target Price: $1.1001,2026-06-10 14:45:00-04:00,2026-06-10 15:00:00-04:00,1.1058,1.1001,yes
KXXRP15M-26JUN101500,Target Price: $1.1001,2026-06-10 14:45:00-04:00,2026-06-10 15:00:00-04:00,1.1058,1.1001,yes
KXXRP15M-26JUN101515,Target Price: $1.1058,2026-06-10 15:00:00-04:00,2026-06-10 15:15:00-04:00,1.0995,1.1058,no
KXXRP15M-26JUN101515,Target Price: $1.1058,2026-06-10 15:00:00-04:00,2026-06-10 15:15:00-04:00,1.0995,1.1058,no
KXXRP15M-26JUN101515,Target Price: $1.1058,2026-06-10 15:00:00-04:00,2026-06-10 15:15:00-04:00,1.0995,1.1058,no
KXXRP15M-26JUN101515,Target Price: $1.1058,2026-06-10 15:00:00-04:00,2026-06-10 15:15:00-04:00,1.0995,1.1058,no
KXXRP15M-26JUN101530,Target Price: $1.0995,2026-06-10 15:15:00-04:00,2026-06-10 15:30:00-04:00,1.0998,1.0995,yes
KXXRP15M-26JUN101530,Target Price: $1.0995,2026-06-10 15:15:00-04:00,2026-06-10 15:30:00-04:00,1.0998,1.0995,yes
KXXRP15M-26JUN101530,Target Price: $1.0995,2026-06-10 15:15:00-04:00,2026-06-10 15:30:00-04:00,1.0998,1.0995,yes
KXXRP15M-26JUN101530,Target Price: $1.0995,2026-06-10 15:15:00-04:00,2026-06-10 15:30:00-04:00,1.0998,1.0995,yes
KXXRP15M-26JUN101545,Target Price: $1.0998,2026-06-10 15:30:00-04:00,2026-06-10 15:45:00-04:00,1.1003,1.0998,yes
KXXRP15M-26JUN101545,Target Price: $1.0998,2026-06-10 15:30:00-04:00,2026-06-10 15:45:00-04:00,1.1003,1.0998,yes
KXXRP15M-26JUN101545,Target Price: $1.0998,2026-06-10 15:30:00-04:00,2026-06-10 15:45:00-04:00,1.1003,1.0998,yes
KXXRP15M-26JUN101545,Target Price: $1.0998,2026-06-10 15:30:00-04:00,2026-06-10 15:45:00-04:00,1.1003,1.0998,yes
KXXRP15M-26JUN101600,Target Price: $1.1003,2026-06-10 15:45:00-04:00,2026-06-10 16:00:00-04:00,1.0982,1.1003,no
KXXRP15M-26JUN101600,Target Price: $1.1003,2026-06-10 15:45:00-04:00,2026-06-10 16:00:00-04:00,1.0982,1.1003,no
KXXRP15M-26JUN101600,Target Price: $1.1003,2026-06-10 15:45:00-04:00,2026-06-10 16:00:00-04:00,1.0982,1.1003,no
KXXRP15M-26JUN101600,Target Price: $1.1003,2026-06-10 15:45:00-04:00,2026-06-10 16:00:00-04:00,1.0982,1.1003,no
KXXRP15M-26JUN101615,Target Price: $1.0982,2026-06-10 16:00:00-04:00,2026-06-10 16:15:00-04:00,1.0984,1.0982,yes
KXXRP15M-26JUN101615,Target Price: $1.0982,2026-06-10 16:00:00-04:00,2026-06-10 16:15:00-04:00,1.0984,1.0982,yes
KXXRP15M-26JUN101615,Target Price: $1.0982,2026-06-10 16:00:00-04:00,2026-06-10 16:15:00-04:00,1.0984,1.0982,yes
KXXRP15M-26JUN101615,Target Price: $1.0982,2026-06-10 16:00:00-04:00,2026-06-10 16:15:00-04:00,1.0984,1.0982,yes
KXXRP15M-26JUN101630,Target Price: $1.0984,2026-06-10 16:15:00-04:00,2026-06-10 16:30:00-04:00,1.0999,1.0984,yes
KXXRP15M-26JUN101630,Target Price: $1.0984,2026-06-10 16:15:00-04:00,2026-06-10 16:30:00-04:00,1.0999,1.0984,yes
KXXRP15M-26JUN101630,Target Price: $1.0984,2026-06-10 16:15:00-04:00,2026-06-10 16:30:00-04:00,1.0999,1.0984,yes
KXXRP15M-26JUN101630,Target Price: $1.0984,2026-06-10 16:15:00-04:00,2026-06-10 16:30:00-04:00,1.0999,1.0984,yes
KXXRP15M-26JUN101645,Target Price: $1.0999,2026-06-10 16:30:00-04:00,2026-06-10 16:45:00-04:00,1.0991,1.0999,no
KXXRP15M-26JUN101645,Target Price: $1.0999,2026-06-10 16:30:00-04:00,2026-06-10 16:45:00-04:00,1.0991,1.0999,no
KXXRP15M-26JUN101645,Target Price: $1.0999,2026-06-10 16:30:00-04:00,2026-06-10 16:45:00-04:00,1.0991,1.0999,no
KXXRP15M-26JUN101645,Target Price: $1.0999,2026-06-10 16:30:00-04:00,2026-06-10 16:45:00-04:00,1.0991,1.0999,no
KXXRP15M-26JUN101700,Target Price: $1.0991,2026-06-10 16:45:00-04:00,2026-06-10 17:00:00-04:00,1.0982,1.0991,no
KXXRP15M-26JUN101700,Target Price: $1.0991,2026-06-10 16:45:00-04:00,2026-06-10 17:00:00-04:00,1.0982,1.0991,no
KXXRP15M-26JUN101700,Target Price: $1.0991,2026-06-10 16:45:00-04:00,2026-06-10 17:00:00-04:00,1.0982,1.0991,no
KXXRP15M-26JUN101700,Target Price: $1.0991,2026-06-10 16:45:00-04:00,2026-06-10 17:00:00-04:00,1.0982,1.0991,no
KXXRP15M-26JUN101715,Target Price: $1.0982,2026-06-10 17:00:00-04:00,2026-06-10 17:15:00-04:00,1.0913,1.0982,no
KXXRP15M-26JUN101715,Target Price: $1.0982,2026-06-10 17:00:00-04:00,2026-06-10 17:15:00-04:00,1.0913,1.0982,no
KXXRP15M-26JUN101715,Target Price: $1.0982,2026-06-10 17:00:00-04:00,2026-06-10 17:15:00-04:00,1.0913,1.0982,no
KXXRP15M-26JUN101715,Target Price: $1.0982,2026-06-10 17:00:00-04:00,2026-06-10 17:15:00-04:00,1.0913,1.0982,no
KXXRP15M-26JUN101730,Target Price: $1.0913,2026-06-10 17:15:00-04:00,2026-06-10 17:30:00-04:00,1.0933,1.0913,yes
KXXRP15M-26JUN101730,Target Price: $1.0913,2026-06-10 17:15:00-04:00,2026-06-10 17:30:00-04:00,1.0933,1.0913,yes
KXXRP15M-26JUN101730,Target Price: $1.0913,2026-06-10 17:15:00-04:00,2026-06-10 17:30:00-04:00,1.0933,1.0913,yes
KXXRP15M-26JUN101730,Target Price: $1.0913,2026-06-10 17:15:00-04:00,2026-06-10 17:30:00-04:00,1.0933,1.0913,yes
KXXRP15M-26JUN101745,Target Price: $1.0933,2026-06-10 17:30:00-04:00,2026-06-10 17:45:00-04:00,1.0947,1.0933,yes
KXXRP15M-26JUN101745,Target Price: $1.0933,2026-06-10 17:30:00-04:00,2026-06-10 17:45:00-04:00,1.0947,1.0933,yes
KXXRP15M-26JUN101745,Target Price: $1.0933,2026-06-10 17:30:00-04:00,2026-06-10 17:45:00-04:00,1.0947,1.0933,yes
KXXRP15M-26JUN101745,Target Price: $1.0933,2026-06-10 17:30:00-04:00,2026-06-10 17:45:00-04:00,1.0947,1.0933,yes
KXXRP15M-26JUN101800,Target Price: $1.0947,2026-06-10 17:45:00-04:00,2026-06-10 18:00:00-04:00,1.0921,1.0947,no
KXXRP15M-26JUN101800,Target Price: $1.0947,2026-06-10 17:45:00-04:00,2026-06-10 18:00:00-04:00,1.0921,1.0947,no
KXXRP15M-26JUN101800,Target Price: $1.0947,2026-06-10 17:45:00-04:00,2026-06-10 18:00:00-04:00,1.0921,1.0947,no
KXXRP15M-26JUN101800,Target Price: $1.0947,2026-06-10 17:45:00-04:00,2026-06-10 18:00:00-04:00,1.0921,1.0947,no
KXXRP15M-26JUN101815,Target Price: $1.0921,2026-06-10 18:00:00-04:00,2026-06-10 18:15:00-04:00,1.0928,1.0921,yes
KXXRP15M-26JUN101815,Target Price: $1.0921,2026-06-10 18:00:00-04:00,2026-06-10 18:15:00-04:00,1.0928,1.0921,yes
KXXRP15M-26JUN101815,Target Price: $1.0921,2026-06-10 18:00:00-04:00,2026-06-10 18:15:00-04:00,1.0928,1.0921,yes
KXXRP15M-26JUN101815,Target Price: $1.0921,2026-06-10 18:00:00-04:00,2026-06-10 18:15:00-04:00,1.0928,1.0921,yes
KXXRP15M-26JUN101830,Target Price: $1.0928,2026-06-10 18:15:00-04:00,2026-06-10 18:30:00-04:00,1.0913,1.0928,no
KXXRP15M-26JUN101830,Target Price: $1.0928,2026-06-10 18:15:00-04:00,2026-06-10 18:30:00-04:00,1.0913,1.0928,no
KXXRP15M-26JUN101830,Target Price: $1.0928,2026-06-10 18:15:00-04:00,2026-06-10 18:30:00-04:00,1.0913,1.0928,no
KXXRP15M-26JUN101830,Target Price: $1.0928,2026-06-10 18:15:00-04:00,2026-06-10 18:30:00-04:00,1.0913,1.0928,no
KXXRP15M-26JUN101845,Target Price: $1.0913,2026-06-10 18:30:00-04:00,2026-06-10 18:45:00-04:00,1.0975,1.0913,yes
KXXRP15M-26JUN101845,Target Price: $1.0913,2026-06-10 18:30:00-04:00,2026-06-10 18:45:00-04:00,1.0975,1.0913,yes
KXXRP15M-26JUN101845,Target Price: $1.0913,2026-06-10 18:30:00-04:00,2026-06-10 18:45:00-04:00,1.0975,1.0913,yes
KXXRP15M-26JUN101845,Target Price: $1.0913,2026-06-10 18:30:00-04:00,2026-06-10 18:45:00-04:00,1.0975,1.0913,yes
KXXRP15M-26JUN101900,Target Price: $1.0975,2026-06-10 18:45:00-04:00,2026-06-10 19:00:00-04:00,1.0946,1.0975,no
KXXRP15M-26JUN101900,Target Price: $1.0975,2026-06-10 18:45:00-04:00,2026-06-10 19:00:00-04:00,1.0946,1.0975,no
KXXRP15M-26JUN101900,Target Price: $1.0975,2026-06-10 18:45:00-04:00,2026-06-10 19:00:00-04:00,1.0946,1.0975,no
KXXRP15M-26JUN101900,Target Price: $1.0975,2026-06-10 18:45:00-04:00,2026-06-10 19:00:00-04:00,1.0946,1.0975,no
KXXRP15M-26JUN101915,Target Price: $1.0946,2026-06-10 19:00:00-04:00,2026-06-10 19:15:00-04:00,1.0903,1.0946,no
KXXRP15M-26JUN101915,Target Price: $1.0946,2026-06-10 19:00:00-04:00,2026-06-10 19:15:00-04:00,1.0903,1.0946,no
KXXRP15M-26JUN101915,Target Price: $1.0946,2026-06-10 19:00:00-04:00,2026-06-10 19:15:00-04:00,1.0903,1.0946,no
KXXRP15M-26JUN101915,Target Price: $1.0946,2026-06-10 19:00:00-04:00,2026-06-10 19:15:00-04:00,1.0903,1.0946,no
KXXRP15M-26JUN101930,Target Price: $1.0903,2026-06-10 19:15:00-04:00,2026-06-10 19:30:00-04:00,1.0965,1.0903,yes
KXXRP15M-26JUN101930,Target Price: $1.0903,2026-06-10 19:15:00-04:00,2026-06-10 19:30:00-04:00,1.0965,1.0903,yes
KXXRP15M-26JUN101930,Target Price: $1.0903,2026-06-10 19:15:00-04:00,2026-06-10 19:30:00-04:00,1.0965,1.0903,yes
KXXRP15M-26JUN101930,Target Price: $1.0903,2026-06-10 19:15:00-04:00,2026-06-10 19:30:00-04:00,1.0965,1.0903,yes
KXXRP15M-26JUN101945,Target Price: $1.0965,2026-06-10 19:30:00-04:00,2026-06-10 19:45:00-04:00,1.0971,1.0965,yes
KXXRP15M-26JUN101945,Target Price: $1.0965,2026-06-10 19:30:00-04:00,2026-06-10 19:45:00-04:00,1.0971,1.0965,yes
KXXRP15M-26JUN101945,Target Price: $1.0965,2026-06-10 19:30:00-04:00,2026-06-10 19:45:00-04:00,1.0971,1.0965,yes
KXXRP15M-26JUN101945,Target Price: $1.0965,2026-06-10 19:30:00-04:00,2026-06-10 19:45:00-04:00,1.0971,1.0965,yes
KXXRP15M-26JUN102000,Target Price: $1.0971,2026-06-10 19:45:00-04:00,2026-06-10 20:00:00-04:00,1.0966,1.0971,no
KXXRP15M-26JUN102000,Target Price: $1.0971,2026-06-10 19:45:00-04:00,2026-06-10 20:00:00-04:00,1.0966,1.0971,no
KXXRP15M-26JUN102015,Target Price: $1.0966,2026-06-10 20:00:00-04:00,2026-06-10 20:15:00-04:00,1.0987,1.0966,yes
KXXRP15M-26JUN102015,Target Price: $1.0966,2026-06-10 20:00:00-04:00,2026-06-10 20:15:00-04:00,1.0987,1.0966,yes
KXXRP15M-26JUN102030,Target Price: $1.0987,2026-06-10 20:15:00-04:00,2026-06-10 20:30:00-04:00,1.1020,1.0987,yes
KXXRP15M-26JUN102030,Target Price: $1.0987,2026-06-10 20:15:00-04:00,2026-06-10 20:30:00-04:00,1.1020,1.0987,yes
KXXRP15M-26JUN102045,Target Price: $1.1020,2026-06-10 20:30:00-04:00,2026-06-10 20:45:00-04:00,1.0993,1.102,no
KXXRP15M-26JUN102045,Target Price: $1.1020,2026-06-10 20:30:00-04:00,2026-06-10 20:45:00-04:00,1.0993,1.102,no
KXXRP15M-26JUN102100,Target Price: $1.0993,2026-06-10 20:45:00-04:00,2026-06-10 21:00:00-04:00,1.1020,1.0993,yes
KXXRP15M-26JUN102100,Target Price: $1.0993,2026-06-10 20:45:00-04:00,2026-06-10 21:00:00-04:00,1.1020,1.0993,yes
KXXRP15M-26JUN102115,Target Price: $1.1020,2026-06-10 21:00:00-04:00,2026-06-10 21:15:00-04:00,1.1057,1.102,yes
KXXRP15M-26JUN102115,Target Price: $1.1020,2026-06-10 21:00:00-04:00,2026-06-10 21:15:00-04:00,1.1057,1.102,yes
KXXRP15M-26JUN102130,Target Price: $1.1057,2026-06-10 21:15:00-04:00,2026-06-10 21:30:00-04:00,1.1065,1.1057,yes
KXXRP15M-26JUN102130,Target Price: $1.1057,2026-06-10 21:15:00-04:00,2026-06-10 21:30:00-04:00,1.1065,1.1057,yes
KXXRP15M-26JUN102145,Target Price: $1.1065,2026-06-10 21:30:00-04:00,2026-06-10 21:45:00-04:00,1.1163,1.1065,yes
KXXRP15M-26JUN102145,Target Price: $1.1065,2026-06-10 21:30:00-04:00,2026-06-10 21:45:00-04:00,1.1163,1.1065,yes
KXXRP15M-26JUN102200,Target Price: $1.1163,2026-06-10 21:45:00-04:00,2026-06-10 22:00:00-04:00,1.1157,1.1163,no
KXXRP15M-26JUN102200,Target Price: $1.1163,2026-06-10 21:45:00-04:00,2026-06-10 22:00:00-04:00,1.1157,1.1163,no
KXXRP15M-26JUN102215,Target Price: $1.1157,2026-06-10 22:00:00-04:00,2026-06-10 22:15:00-04:00,1.1119,1.1157,no
KXXRP15M-26JUN102215,Target Price: $1.1157,2026-06-10 22:00:00-04:00,2026-06-10 22:15:00-04:00,1.1119,1.1157,no
KXXRP15M-26JUN102230,Target Price: $1.1119,2026-06-10 22:15:00-04:00,2026-06-10 22:30:00-04:00,1.1077,1.1119,no
KXXRP15M-26JUN102230,Target Price: $1.1119,2026-06-10 22:15:00-04:00,2026-06-10 22:30:00-04:00,1.1077,1.1119,no
KXXRP15M-26JUN102245,Target Price: $1.1077,2026-06-10 22:30:00-04:00,2026-06-10 22:45:00-04:00,1.1061,1.1077,no
KXXRP15M-26JUN102245,Target Price: $1.1077,2026-06-10 22:30:00-04:00,2026-06-10 22:45:00-04:00,1.1061,1.1077,no
KXXRP15M-26JUN102300,Target Price: $1.1061,2026-06-10 22:45:00-04:00,2026-06-10 23:00:00-04:00,1.1086,1.1061,yes
KXXRP15M-26JUN102300,Target Price: $1.1061,2026-06-10 22:45:00-04:00,2026-06-10 23:00:00-04:00,1.1086,1.1061,yes
KXXRP15M-26JUN102315,Target Price: $1.1086,2026-06-10 23:00:00-04:00,2026-06-10 23:15:00-04:00,1.1058,1.1086,no
KXXRP15M-26JUN102315,Target Price: $1.1086,2026-06-10 23:00:00-04:00,2026-06-10 23:15:00-04:00,1.1058,1.1086,no
KXXRP15M-26JUN102330,Target Price: $1.1058,2026-06-10 23:15:00-04:00,2026-06-10 23:30:00-04:00,1.1066,1.1058,yes
KXXRP15M-26JUN102330,Target Price: $1.1058,2026-06-10 23:15:00-04:00,2026-06-10 23:30:00-04:00,1.1066,1.1058,yes
KXXRP15M-26JUN102345,Target Price: $1.1066,2026-06-10 23:30:00-04:00,2026-06-10 23:45:00-04:00,1.1126,1.1066,yes
KXXRP15M-26JUN102345,Target Price: $1.1066,2026-06-10 23:30:00-04:00,2026-06-10 23:45:00-04:00,1.1126,1.1066,yes
KXXRP15M-26JUN110000,Target Price: $1.1126,2026-06-10 23:45:00-04:00,2026-06-11 00:00:00-04:00,1.1196,1.1126,yes
KXXRP15M-26JUN110000,Target Price: $1.1126,2026-06-10 23:45:00-04:00,2026-06-11 00:00:00-04:00,1.1196,1.1126,yes
KXXRP15M-26JUN110015,Target Price: $1.1196,2026-06-11 00:00:00-04:00,2026-06-11 00:15:00-04:00,1.1164,1.1196,no
KXXRP15M-26JUN110015,Target Price: $1.1196,2026-06-11 00:00:00-04:00,2026-06-11 00:15:00-04:00,1.1164,1.1196,no
KXXRP15M-26JUN110030,Target Price: $1.1164,2026-06-11 00:15:00-04:00,2026-06-11 00:30:00-04:00,1.1151,1.1164,no
KXXRP15M-26JUN110030,Target Price: $1.1164,2026-06-11 00:15:00-04:00,2026-06-11 00:30:00-04:00,1.1151,1.1164,no
KXXRP15M-26JUN110045,Target Price: $1.1151,2026-06-11 00:30:00-04:00,2026-06-11 00:45:00-04:00,1.1161,1.1151,yes
KXXRP15M-26JUN110045,Target Price: $1.1151,2026-06-11 00:30:00-04:00,2026-06-11 00:45:00-04:00,1.1161,1.1151,yes
KXXRP15M-26JUN110100,Target Price: $1.1161,2026-06-11 00:45:00-04:00,2026-06-11 01:00:00-04:00,1.1184,1.1161,yes
KXXRP15M-26JUN110100,Target Price: $1.1161,2026-06-11 00:45:00-04:00,2026-06-11 01:00:00-04:00,1.1184,1.1161,yes
KXXRP15M-26JUN110115,Target Price: $1.1184,2026-06-11 01:00:00-04:00,2026-06-11 01:15:00-04:00,1.1163,1.1184,no
KXXRP15M-26JUN110115,Target Price: $1.1184,2026-06-11 01:00:00-04:00,2026-06-11 01:15:00-04:00,1.1163,1.1184,no
KXXRP15M-26JUN110130,Target Price: $1.1163,2026-06-11 01:15:00-04:00,2026-06-11 01:30:00-04:00,1.1147,1.1163,no
KXXRP15M-26JUN110130,Target Price: $1.1163,2026-06-11 01:15:00-04:00,2026-06-11 01:30:00-04:00,1.1147,1.1163,no
KXXRP15M-26JUN110145,Target Price: $1.1147,2026-06-11 01:30:00-04:00,2026-06-11 01:45:00-04:00,1.1152,1.1147,yes
KXXRP15M-26JUN110145,Target Price: $1.1147,2026-06-11 01:30:00-04:00,2026-06-11 01:45:00-04:00,1.1152,1.1147,yes
KXXRP15M-26JUN110200,Target Price: $1.1152,2026-06-11 01:45:00-04:00,2026-06-11 02:00:00-04:00,1.1136,1.1152,no
KXXRP15M-26JUN110200,Target Price: $1.1152,2026-06-11 01:45:00-04:00,2026-06-11 02:00:00-04:00,1.1136,1.1152,no
KXXRP15M-26JUN110515,Target Price: $1.1203,2026-06-11 05:00:00-04:00,2026-06-11 05:15:00-04:00,1.1172,1.1203,no
KXXRP15M-26JUN110515,Target Price: $1.1203,2026-06-11 05:00:00-04:00,2026-06-11 05:15:00-04:00,1.1172,1.1203,no
KXXRP15M-26JUN110530,Target Price: $1.1172,2026-06-11 05:15:00-04:00,2026-06-11 05:30:00-04:00,1.1163,1.1172,no
KXXRP15M-26JUN110530,Target Price: $1.1172,2026-06-11 05:15:00-04:00,2026-06-11 05:30:00-04:00,1.1163,1.1172,no
KXXRP15M-26JUN110545,Target Price: $1.1163,2026-06-11 05:30:00-04:00,2026-06-11 05:45:00-04:00,1.1163,1.1163,yes
KXXRP15M-26JUN110545,Target Price: $1.1163,2026-06-11 05:30:00-04:00,2026-06-11 05:45:00-04:00,1.1163,1.1163,yes
KXXRP15M-26JUN110600,Target Price: $1.1163,2026-06-11 05:45:00-04:00,2026-06-11 06:00:00-04:00,1.1164,1.1163,yes
KXXRP15M-26JUN110600,Target Price: $1.1163,2026-06-11 05:45:00-04:00,2026-06-11 06:00:00-04:00,1.1164,1.1163,yes
KXXRP15M-26JUN110615,Target Price: $1.1164,2026-06-11 06:00:00-04:00,2026-06-11 06:15:00-04:00,1.1155,1.1164,no
KXXRP15M-26JUN110615,Target Price: $1.1164,2026-06-11 06:00:00-04:00,2026-06-11 06:15:00-04:00,1.1155,1.1164,no
KXXRP15M-26JUN110630,Target Price: $1.1155,2026-06-11 06:15:00-04:00,2026-06-11 06:30:00-04:00,1.1174,1.1155,yes
KXXRP15M-26JUN110630,Target Price: $1.1155,2026-06-11 06:15:00-04:00,2026-06-11 06:30:00-04:00,1.1174,1.1155,yes
KXXRP15M-26JUN110645,Target Price: $1.1174,2026-06-11 06:30:00-04:00,2026-06-11 06:45:00-04:00,1.1167,1.1174,no
KXXRP15M-26JUN110645,Target Price: $1.1174,2026-06-11 06:30:00-04:00,2026-06-11 06:45:00-04:00,1.1167,1.1174,no
KXXRP15M-26JUN110700,Target Price: $1.1167,2026-06-11 06:45:00-04:00,2026-06-11 07:00:00-04:00,1.1209,1.1167,yes
KXXRP15M-26JUN110700,Target Price: $1.1167,2026-06-11 06:45:00-04:00,2026-06-11 07:00:00-04:00,1.1209,1.1167,yes
KXXRP15M-26JUN110715,Target Price: $1.1209,2026-06-11 07:00:00-04:00,2026-06-11 07:15:00-04:00,1.1212,1.1209,yes
KXXRP15M-26JUN110715,Target Price: $1.1209,2026-06-11 07:00:00-04:00,2026-06-11 07:15:00-04:00,1.1212,1.1209,yes
KXXRP15M-26JUN110730,Target Price: $1.1212,2026-06-11 07:15:00-04:00,2026-06-11 07:30:00-04:00,1.1208,1.1212,no
KXXRP15M-26JUN110730,Target Price: $1.1212,2026-06-11 07:15:00-04:00,2026-06-11 07:30:00-04:00,1.1208,1.1212,no
KXXRP15M-26JUN110745,Target Price: $1.1208,2026-06-11 07:30:00-04:00,2026-06-11 07:45:00-04:00,1.1191,1.1208,no
KXXRP15M-26JUN110745,Target Price: $1.1208,2026-06-11 07:30:00-04:00,2026-06-11 07:45:00-04:00,1.1191,1.1208,no
KXXRP15M-26JUN110800,Target Price: $1.1191,2026-06-11 07:45:00-04:00,2026-06-11 08:00:00-04:00,1.1220,1.1191,yes
KXXRP15M-26JUN110800,Target Price: $1.1191,2026-06-11 07:45:00-04:00,2026-06-11 08:00:00-04:00,1.1220,1.1191,yes
KXXRP15M-26JUN110815,Target Price: $1.1220,2026-06-11 08:00:00-04:00,2026-06-11 08:15:00-04:00,1.1183,1.122,no
KXXRP15M-26JUN110815,Target Price: $1.1220,2026-06-11 08:00:00-04:00,2026-06-11 08:15:00-04:00,1.1183,1.122,no
KXXRP15M-26JUN110830,Target Price: $1.1183,2026-06-11 08:15:00-04:00,2026-06-11 08:30:00-04:00,1.1113,1.1183,no
KXXRP15M-26JUN110830,Target Price: $1.1183,2026-06-11 08:15:00-04:00,2026-06-11 08:30:00-04:00,1.1113,1.1183,no
KXXRP15M-26JUN110845,Target Price: $1.1113,2026-06-11 08:30:00-04:00,2026-06-11 08:45:00-04:00,1.1126,1.1113,yes
KXXRP15M-26JUN110845,Target Price: $1.1113,2026-06-11 08:30:00-04:00,2026-06-11 08:45:00-04:00,1.1126,1.1113,yes
KXXRP15M-26JUN110900,Target Price: $1.1126,2026-06-11 08:45:00-04:00,2026-06-11 09:00:00-04:00,1.1130,1.1126,yes
KXXRP15M-26JUN110900,Target Price: $1.1126,2026-06-11 08:45:00-04:00,2026-06-11 09:00:00-04:00,1.1130,1.1126,yes
KXXRP15M-26JUN110915,Target Price: $1.1130,2026-06-11 09:00:00-04:00,2026-06-11 09:15:00-04:00,1.1135,1.113,yes
KXXRP15M-26JUN110915,Target Price: $1.1130,2026-06-11 09:00:00-04:00,2026-06-11 09:15:00-04:00,1.1135,1.113,yes
KXXRP15M-26JUN110930,Target Price: $1.1135,2026-06-11 09:15:00-04:00,2026-06-11 09:30:00-04:00,1.1103,1.1135,no
KXXRP15M-26JUN110930,Target Price: $1.1135,2026-06-11 09:15:00-04:00,2026-06-11 09:30:00-04:00,1.1103,1.1135,no
KXXRP15M-26JUN110945,Target Price: $1.1103,2026-06-11 09:30:00-04:00,2026-06-11 09:45:00-04:00,1.1131,1.1103,yes
KXXRP15M-26JUN110945,Target Price: $1.1103,2026-06-11 09:30:00-04:00,2026-06-11 09:45:00-04:00,1.1131,1.1103,yes
KXXRP15M-26JUN111000,Target Price: $1.1131,2026-06-11 09:45:00-04:00,2026-06-11 10:00:00-04:00,1.1158,1.1131,yes
KXXRP15M-26JUN111000,Target Price: $1.1131,2026-06-11 09:45:00-04:00,2026-06-11 10:00:00-04:00,1.1158,1.1131,yes
KXXRP15M-26JUN111015,Target Price: $1.1158,2026-06-11 10:00:00-04:00,2026-06-11 10:15:00-04:00,1.1122,1.1158,no
KXXRP15M-26JUN111015,Target Price: $1.1158,2026-06-11 10:00:00-04:00,2026-06-11 10:15:00-04:00,1.1122,1.1158,no
KXXRP15M-26JUN111030,Target Price: $1.1122,2026-06-11 10:15:00-04:00,2026-06-11 10:30:00-04:00,1.1139,1.1122,yes
KXXRP15M-26JUN111030,Target Price: $1.1122,2026-06-11 10:15:00-04:00,2026-06-11 10:30:00-04:00,1.1139,1.1122,yes
KXXRP15M-26JUN111045,Target Price: $1.1139,2026-06-11 10:30:00-04:00,2026-06-11 10:45:00-04:00,1.1141,1.1139,yes
KXXRP15M-26JUN111045,Target Price: $1.1139,2026-06-11 10:30:00-04:00,2026-06-11 10:45:00-04:00,1.1141,1.1139,yes
KXXRP15M-26JUN111100,Target Price: $1.1141,2026-06-11 10:45:00-04:00,2026-06-11 11:00:00-04:00,1.1125,1.1141,no
KXXRP15M-26JUN111100,Target Price: $1.1141,2026-06-11 10:45:00-04:00,2026-06-11 11:00:00-04:00,1.1125,1.1141,no
KXXRP15M-26JUN111115,Target Price: $1.1125,2026-06-11 11:00:00-04:00,2026-06-11 11:15:00-04:00,1.1112,1.1125,no
KXXRP15M-26JUN111115,Target Price: $1.1125,2026-06-11 11:00:00-04:00,2026-06-11 11:15:00-04:00,1.1112,1.1125,no
KXXRP15M-26JUN111130,Target Price: $1.1112,2026-06-11 11:15:00-04:00,2026-06-11 11:30:00-04:00,1.1134,1.1112,yes
KXXRP15M-26JUN111130,Target Price: $1.1112,2026-06-11 11:15:00-04:00,2026-06-11 11:30:00-04:00,1.1134,1.1112,yes
KXXRP15M-26JUN111145,Target Price: $1.1134,2026-06-11 11:30:00-04:00,2026-06-11 11:45:00-04:00,1.1103,1.1134,no
KXXRP15M-26JUN111145,Target Price: $1.1134,2026-06-11 11:30:00-04:00,2026-06-11 11:45:00-04:00,1.1103,1.1134,no
KXXRP15M-26JUN111200,Target Price: $1.1103,2026-06-11 11:45:00-04:00,2026-06-11 12:00:00-04:00,1.1110,1.1103,yes
KXXRP15M-26JUN111200,Target Price: $1.1103,2026-06-11 11:45:00-04:00,2026-06-11 12:00:00-04:00,1.1110,1.1103,yes
KXXRP15M-26JUN111215,Target Price: $1.1110,2026-06-11 12:00:00-04:00,2026-06-11 12:15:00-04:00,1.1124,1.111,yes
KXXRP15M-26JUN111215,Target Price: $1.1110,2026-06-11 12:00:00-04:00,2026-06-11 12:15:00-04:00,1.1124,1.111,yes
KXXRP15M-26JUN111230,Target Price: $1.1124,2026-06-11 12:15:00-04:00,2026-06-11 12:30:00-04:00,1.1076,1.1124,no
KXXRP15M-26JUN111230,Target Price: $1.1124,2026-06-11 12:15:00-04:00,2026-06-11 12:30:00-04:00,1.1076,1.1124,no
KXXRP15M-26JUN111245,Target Price: $1.1076,2026-06-11 12:30:00-04:00,2026-06-11 12:45:00-04:00,1.1084,1.1076,yes
KXXRP15M-26JUN111245,Target Price: $1.1076,2026-06-11 12:30:00-04:00,2026-06-11 12:45:00-04:00,1.1084,1.1076,yes
KXXRP15M-26JUN111300,Target Price: $1.1084,2026-06-11 12:45:00-04:00,2026-06-11 13:00:00-04:00,1.1070,1.1084,no
KXXRP15M-26JUN111300,Target Price: $1.1084,2026-06-11 12:45:00-04:00,2026-06-11 13:00:00-04:00,1.1070,1.1084,no
KXXRP15M-26JUN111315,Target Price: $1.1070,2026-06-11 13:00:00-04:00,2026-06-11 13:15:00-04:00,1.1056,1.107,no
KXXRP15M-26JUN111315,Target Price: $1.1070,2026-06-11 13:00:00-04:00,2026-06-11 13:15:00-04:00,1.1056,1.107,no
KXXRP15M-26JUN111330,Target Price: $1.1056,2026-06-11 13:15:00-04:00,2026-06-11 13:30:00-04:00,1.1135,1.1056,yes
KXXRP15M-26JUN111330,Target Price: $1.1056,2026-06-11 13:15:00-04:00,2026-06-11 13:30:00-04:00,1.1135,1.1056,yes
KXXRP15M-26JUN111345,Target Price: $1.1135,2026-06-11 13:30:00-04:00,2026-06-11 13:45:00-04:00,1.1308,1.1135,yes
KXXRP15M-26JUN111345,Target Price: $1.1135,2026-06-11 13:30:00-04:00,2026-06-11 13:45:00-04:00,1.1308,1.1135,yes
KXXRP15M-26JUN111400,Target Price: $1.1308,2026-06-11 13:45:00-04:00,2026-06-11 14:00:00-04:00,1.1370,1.1308,yes
KXXRP15M-26JUN111400,Target Price: $1.1308,2026-06-11 13:45:00-04:00,2026-06-11 14:00:00-04:00,1.1370,1.1308,yes
KXXRP15M-26JUN111415,Target Price: $1.1370,2026-06-11 14:00:00-04:00,2026-06-11 14:15:00-04:00,1.1374,1.137,yes
KXXRP15M-26JUN111415,Target Price: $1.1370,2026-06-11 14:00:00-04:00,2026-06-11 14:15:00-04:00,1.1374,1.137,yes
KXXRP15M-26JUN111430,Target Price: $1.1374,2026-06-11 14:15:00-04:00,2026-06-11 14:30:00-04:00,1.1360,1.1374,no
KXXRP15M-26JUN111430,Target Price: $1.1374,2026-06-11 14:15:00-04:00,2026-06-11 14:30:00-04:00,1.1360,1.1374,no
KXXRP15M-26JUN111445,Target Price: $1.1360,2026-06-11 14:30:00-04:00,2026-06-11 14:45:00-04:00,1.1375,1.136,yes
KXXRP15M-26JUN111445,Target Price: $1.1360,2026-06-11 14:30:00-04:00,2026-06-11 14:45:00-04:00,1.1375,1.136,yes
KXXRP15M-26JUN111500,Target Price: $1.1375,2026-06-11 14:45:00-04:00,2026-06-11 15:00:00-04:00,1.1377,1.1375,yes
KXXRP15M-26JUN111500,Target Price: $1.1375,2026-06-11 14:45:00-04:00,2026-06-11 15:00:00-04:00,1.1377,1.1375,yes
KXXRP15M-26JUN111515,Target Price: $1.1377,2026-06-11 15:00:00-04:00,2026-06-11 15:15:00-04:00,1.1372,1.1377,no
KXXRP15M-26JUN111515,Target Price: $1.1377,2026-06-11 15:00:00-04:00,2026-06-11 15:15:00-04:00,1.1372,1.1377,no
KXXRP15M-26JUN111530,Target Price: $1.1372,2026-06-11 15:15:00-04:00,2026-06-11 15:30:00-04:00,1.1419,1.1372,yes
KXXRP15M-26JUN111530,Target Price: $1.1372,2026-06-11 15:15:00-04:00,2026-06-11 15:30:00-04:00,1.1419,1.1372,yes
KXXRP15M-26JUN111545,Target Price: $1.1419,2026-06-11 15:30:00-04:00,2026-06-11 15:45:00-04:00,1.1453,1.1419,yes
KXXRP15M-26JUN111545,Target Price: $1.1419,2026-06-11 15:30:00-04:00,2026-06-11 15:45:00-04:00,1.1453,1.1419,yes
KXXRP15M-26JUN111600,Target Price: $1.1453,2026-06-11 15:45:00-04:00,2026-06-11 16:00:00-04:00,1.1416,1.1453,no
KXXRP15M-26JUN111600,Target Price: $1.1453,2026-06-11 15:45:00-04:00,2026-06-11 16:00:00-04:00,1.1416,1.1453,no
KXXRP15M-26JUN111615,Target Price: $1.1416,2026-06-11 16:00:00-04:00,2026-06-11 16:15:00-04:00,1.1386,1.1416,no
KXXRP15M-26JUN111615,Target Price: $1.1416,2026-06-11 16:00:00-04:00,2026-06-11 16:15:00-04:00,1.1386,1.1416,no
KXXRP15M-26JUN111630,Target Price: $1.1386,2026-06-11 16:15:00-04:00,2026-06-11 16:30:00-04:00,1.1334,1.1386,no
KXXRP15M-26JUN111630,Target Price: $1.1386,2026-06-11 16:15:00-04:00,2026-06-11 16:30:00-04:00,1.1334,1.1386,no
KXXRP15M-26JUN111645,Target Price: $1.1334,2026-06-11 16:30:00-04:00,2026-06-11 16:45:00-04:00,1.1324,1.1334,no
KXXRP15M-26JUN111645,Target Price: $1.1334,2026-06-11 16:30:00-04:00,2026-06-11 16:45:00-04:00,1.1324,1.1334,no
KXXRP15M-26JUN111700,Target Price: $1.1324,2026-06-11 16:45:00-04:00,2026-06-11 17:00:00-04:00,1.1354,1.1324,yes
KXXRP15M-26JUN111700,Target Price: $1.1324,2026-06-11 16:45:00-04:00,2026-06-11 17:00:00-04:00,1.1354,1.1324,yes
KXXRP15M-26JUN111715,Target Price: $1.1354,2026-06-11 17:00:00-04:00,2026-06-11 17:15:00-04:00,1.1412,1.1354,yes
KXXRP15M-26JUN111715,Target Price: $1.1354,2026-06-11 17:00:00-04:00,2026-06-11 17:15:00-04:00,1.1412,1.1354,yes
KXXRP15M-26JUN111730,Target Price: $1.1412,2026-06-11 17:15:00-04:00,2026-06-11 17:30:00-04:00,1.1387,1.1412,no
KXXRP15M-26JUN111730,Target Price: $1.1412,2026-06-11 17:15:00-04:00,2026-06-11 17:30:00-04:00,1.1387,1.1412,no
KXXRP15M-26JUN111745,Target Price: $1.1387,2026-06-11 17:30:00-04:00,2026-06-11 17:45:00-04:00,1.1400,1.1387,yes
KXXRP15M-26JUN111745,Target Price: $1.1387,2026-06-11 17:30:00-04:00,2026-06-11 17:45:00-04:00,1.1400,1.1387,yes
KXXRP15M-26JUN111800,Target Price: $1.1400,2026-06-11 17:45:00-04:00,2026-06-11 18:00:00-04:00,1.1393,1.14,no
KXXRP15M-26JUN111800,Target Price: $1.1400,2026-06-11 17:45:00-04:00,2026-06-11 18:00:00-04:00,1.1393,1.14,no
KXXRP15M-26JUN111815,Target Price: $1.1393,2026-06-11 18:00:00-04:00,2026-06-11 18:15:00-04:00,1.1426,1.1393,yes
KXXRP15M-26JUN111815,Target Price: $1.1393,2026-06-11 18:00:00-04:00,2026-06-11 18:15:00-04:00,1.1426,1.1393,yes
KXXRP15M-26JUN111830,Target Price: $1.1426,2026-06-11 18:15:00-04:00,2026-06-11 18:30:00-04:00,1.1431,1.1426,yes
KXXRP15M-26JUN111830,Target Price: $1.1426,2026-06-11 18:15:00-04:00,2026-06-11 18:30:00-04:00,1.1431,1.1426,yes
KXXRP15M-26JUN111845,Target Price: $1.1431,2026-06-11 18:30:00-04:00,2026-06-11 18:45:00-04:00,1.1416,1.1431,no
KXXRP15M-26JUN111845,Target Price: $1.1431,2026-06-11 18:30:00-04:00,2026-06-11 18:45:00-04:00,1.1416,1.1431,no
KXXRP15M-26JUN111900,Target Price: $1.1416,2026-06-11 18:45:00-04:00,2026-06-11 19:00:00-04:00,1.1428,1.1416,yes
KXXRP15M-26JUN111900,Target Price: $1.1416,2026-06-11 18:45:00-04:00,2026-06-11 19:00:00-04:00,1.1428,1.1416,yes
KXXRP15M-26JUN111915,Target Price: $1.1428,2026-06-11 19:00:00-04:00,2026-06-11 19:15:00-04:00,1.1402,1.1428,no
KXXRP15M-26JUN111915,Target Price: $1.1428,2026-06-11 19:00:00-04:00,2026-06-11 19:15:00-04:00,1.1402,1.1428,no
KXXRP15M-26JUN111930,Target Price: $1.1402,2026-06-11 19:15:00-04:00,2026-06-11 19:30:00-04:00,1.1382,1.1402,no
KXXRP15M-26JUN111930,Target Price: $1.1402,2026-06-11 19:15:00-04:00,2026-06-11 19:30:00-04:00,1.1382,1.1402,no
KXXRP15M-26JUN111945,Target Price: $1.1382,2026-06-11 19:30:00-04:00,2026-06-11 19:45:00-04:00,1.1420,1.1382,yes
KXXRP15M-26JUN111945,Target Price: $1.1382,2026-06-11 19:30:00-04:00,2026-06-11 19:45:00-04:00,1.1420,1.1382,yes
KXXRP15M-26MAY210700,Target Price: $1.3682,2026-05-21 06:45:00-04:00,2026-05-21 07:00:00-04:00,1.3655,1.3682,no
KXXRP15M-26MAY210715,Target Price: $1.3655,2026-05-21 07:00:00-04:00,2026-05-21 07:15:00-04:00,1.3667,1.3655,yes
KXXRP15M-26MAY210730,Target Price: $1.3667,2026-05-21 07:15:00-04:00,2026-05-21 07:30:00-04:00,1.3669,1.3667,yes
KXXRP15M-26MAY210745,Target Price: $1.3669,2026-05-21 07:30:00-04:00,2026-05-21 07:45:00-04:00,1.3652,1.3669,no
KXXRP15M-26MAY210800,Target Price: $1.3652,2026-05-21 07:45:00-04:00,2026-05-21 08:00:00-04:00,1.3625,1.3652,no
KXXRP15M-26MAY210815,Target Price: $1.3625,2026-05-21 08:00:00-04:00,2026-05-21 08:15:00-04:00,1.3614,1.3625,no
KXXRP15M-26MAY210830,Target Price: $1.3614,2026-05-21 08:15:00-04:00,2026-05-21 08:30:00-04:00,1.3611,1.3614,no
KXXRP15M-26MAY210845,Target Price: $1.3611,2026-05-21 08:30:00-04:00,2026-05-21 08:45:00-04:00,1.3637,1.3611,yes
KXXRP15M-26MAY210900,Target Price: $1.3637,2026-05-21 08:45:00-04:00,2026-05-21 09:00:00-04:00,1.3637,1.3637,yes
KXXRP15M-26MAY210915,Target Price: $1.3637,2026-05-21 09:00:00-04:00,2026-05-21 09:15:00-04:00,1.3662,1.3637,yes
KXXRP15M-26MAY210930,Target Price: $1.3662,2026-05-21 09:15:00-04:00,2026-05-21 09:30:00-04:00,1.3660,1.3662,no
KXXRP15M-26MAY210945,Target Price: $1.3660,2026-05-21 09:30:00-04:00,2026-05-21 09:45:00-04:00,1.3551,1.366,no
KXXRP15M-26MAY211000,Target Price: $1.3551,2026-05-21 09:45:00-04:00,2026-05-21 10:00:00-04:00,1.3605,1.3551,yes
KXXRP15M-26MAY211015,Target Price: $1.3605,2026-05-21 10:00:00-04:00,2026-05-21 10:15:00-04:00,1.3577,1.3605,no
KXXRP15M-26MAY211030,Target Price: $1.3577,2026-05-21 10:15:00-04:00,2026-05-21 10:30:00-04:00,1.3546,1.3577,no
KXXRP15M-26MAY211045,Target Price: $1.3546,2026-05-21 10:30:00-04:00,2026-05-21 10:45:00-04:00,1.3559,1.3546,yes
KXXRP15M-26MAY211100,Target Price: $1.3559,2026-05-21 10:45:00-04:00,2026-05-21 11:00:00-04:00,1.3563,1.3559,yes
KXXRP15M-26MAY211115,Target Price: $1.3563,2026-05-21 11:00:00-04:00,2026-05-21 11:15:00-04:00,1.3601,1.3563,yes
KXXRP15M-26MAY211130,Target Price: $1.3601,2026-05-21 11:15:00-04:00,2026-05-21 11:30:00-04:00,1.3642,1.3601,yes
KXXRP15M-26MAY211145,Target Price: $1.3642,2026-05-21 11:30:00-04:00,2026-05-21 11:45:00-04:00,1.3604,1.3642,no
KXXRP15M-26MAY211200,Target Price: $1.3604,2026-05-21 11:45:00-04:00,2026-05-21 12:00:00-04:00,1.3604,1.3604,yes
KXXRP15M-26MAY211215,Target Price: $1.3604,2026-05-21 12:00:00-04:00,2026-05-21 12:15:00-04:00,1.3602,1.3604,no
KXXRP15M-26MAY211230,Target Price: $1.3602,2026-05-21 12:15:00-04:00,2026-05-21 12:30:00-04:00,1.3608,1.3602,yes
KXXRP15M-26MAY211245,Target Price: $1.3608,2026-05-21 12:30:00-04:00,2026-05-21 12:45:00-04:00,1.3579,1.3608,no
KXXRP15M-26MAY211300,Target Price: $1.3579,2026-05-21 12:45:00-04:00,2026-05-21 13:00:00-04:00,1.3602,1.3579,yes
KXXRP15M-26MAY211315,Target Price: $1.3602,2026-05-21 13:00:00-04:00,2026-05-21 13:15:00-04:00,1.3669,1.3602,yes
KXXRP15M-26MAY211330,Target Price: $1.3669,2026-05-21 13:15:00-04:00,2026-05-21 13:30:00-04:00,1.3794,1.3669,yes
KXXRP15M-26MAY211345,Target Price: $1.3794,2026-05-21 13:30:00-04:00,2026-05-21 13:45:00-04:00,1.3780,1.3794,no
KXXRP15M-26MAY211400,Target Price: $1.3780,2026-05-21 13:45:00-04:00,2026-05-21 14:00:00-04:00,1.3806,1.378,yes
KXXRP15M-26MAY211415,Target Price: $1.3806,2026-05-21 14:00:00-04:00,2026-05-21 14:15:00-04:00,1.3757,1.3806,no
KXXRP15M-26MAY211430,Target Price: $1.3757,2026-05-21 14:15:00-04:00,2026-05-21 14:30:00-04:00,1.3792,1.3757,yes
KXXRP15M-26MAY211445,Target Price: $1.3792,2026-05-21 14:30:00-04:00,2026-05-21 14:45:00-04:00,1.3791,1.3792,no
KXXRP15M-26MAY211500,Target Price: $1.3791,2026-05-21 14:45:00-04:00,2026-05-21 15:00:00-04:00,1.3698,1.3791,no
KXXRP15M-26MAY211515,Target Price: $1.3698,2026-05-21 15:00:00-04:00,2026-05-21 15:15:00-04:00,1.3755,1.3698,yes
KXXRP15M-26MAY211530,Target Price: $1.3755,2026-05-21 15:15:00-04:00,2026-05-21 15:30:00-04:00,1.3746,1.3755,no
KXXRP15M-26MAY211545,Target Price: $1.3746,2026-05-21 15:30:00-04:00,2026-05-21 15:45:00-04:00,1.3761,1.3746,yes
KXXRP15M-26MAY211600,Target Price: $1.3761,2026-05-21 15:45:00-04:00,2026-05-21 16:00:00-04:00,1.3787,1.3761,yes
KXXRP15M-26MAY211615,Target Price: $1.3787,2026-05-21 16:00:00-04:00,2026-05-21 16:15:00-04:00,1.3779,1.3787,no
KXXRP15M-26MAY211630,Target Price: $1.3779,2026-05-21 16:15:00-04:00,2026-05-21 16:30:00-04:00,1.3767,1.3779,no
KXXRP15M-26MAY211645,Target Price: $1.3767,2026-05-21 16:30:00-04:00,2026-05-21 16:45:00-04:00,1.3775,1.3767,yes
KXXRP15M-26MAY211700,Target Price: $1.3775,2026-05-21 16:45:00-04:00,2026-05-21 17:00:00-04:00,1.3758,1.3775,no
KXXRP15M-26MAY211715,Target Price: $1.3758,2026-05-21 17:00:00-04:00,2026-05-21 17:15:00-04:00,1.3768,1.3758,yes
KXXRP15M-26MAY211730,Target Price: $1.3768,2026-05-21 17:15:00-04:00,2026-05-21 17:30:00-04:00,1.3770,1.3768,yes
KXXRP15M-26MAY211745,Target Price: $1.3770,2026-05-21 17:30:00-04:00,2026-05-21 17:45:00-04:00,1.3757,1.377,no
KXXRP15M-26MAY211800,Target Price: $1.3757,2026-05-21 17:45:00-04:00,2026-05-21 18:00:00-04:00,1.3746,1.3757,no
KXXRP15M-26MAY211815,Target Price: $1.3746,2026-05-21 18:00:00-04:00,2026-05-21 18:15:00-04:00,1.3728,1.3746,no
KXXRP15M-26MAY211830,Target Price: $1.3728,2026-05-21 18:15:00-04:00,2026-05-21 18:30:00-04:00,1.3733,1.3728,yes
KXXRP15M-26MAY211845,Target Price: $1.3733,2026-05-21 18:30:00-04:00,2026-05-21 18:45:00-04:00,1.3720,1.3733,no
KXXRP15M-26MAY211900,Target Price: $1.3720,2026-05-21 18:45:00-04:00,2026-05-21 19:00:00-04:00,1.3713,1.372,no
KXXRP15M-26MAY211915,Target Price: $1.3713,2026-05-21 19:00:00-04:00,2026-05-21 19:15:00-04:00,1.3702,1.3713,no
KXXRP15M-26MAY211930,Target Price: $1.3702,2026-05-21 19:15:00-04:00,2026-05-21 19:30:00-04:00,1.3701,1.3702,no
KXXRP15M-26MAY211945,Target Price: $1.3701,2026-05-21 19:30:00-04:00,2026-05-21 19:45:00-04:00,1.3723,1.3701,yes
KXXRP15M-26MAY212000,Target Price: $1.3723,2026-05-21 19:45:00-04:00,2026-05-21 20:00:00-04:00,1.3722,1.3723,no
KXXRP15M-26MAY212015,Target Price: $1.3722,2026-05-21 20:00:00-04:00,2026-05-21 20:15:00-04:00,1.3686,1.3722,no
KXXRP15M-26MAY212030,Target Price: $1.3686,2026-05-21 20:15:00-04:00,2026-05-21 20:30:00-04:00,1.3682,1.3686,no
KXXRP15M-26MAY212045,Target Price: $1.3682,2026-05-21 20:30:00-04:00,2026-05-21 20:45:00-04:00,1.3681,1.3682,no
KXXRP15M-26MAY212100,Target Price: $1.3681,2026-05-21 20:45:00-04:00,2026-05-21 21:00:00-04:00,1.3673,1.3681,no
KXXRP15M-26MAY212115,Target Price: $1.3673,2026-05-21 21:00:00-04:00,2026-05-21 21:15:00-04:00,1.3702,1.3673,yes
KXXRP15M-26MAY212130,Target Price: $1.3702,2026-05-21 21:15:00-04:00,2026-05-21 21:30:00-04:00,1.3682,1.3702,no
KXXRP15M-26MAY212145,Target Price: $1.3682,2026-05-21 21:30:00-04:00,2026-05-21 21:45:00-04:00,1.3675,1.3682,no
KXXRP15M-26MAY212200,Target Price: $1.3675,2026-05-21 21:45:00-04:00,2026-05-21 22:00:00-04:00,1.3693,1.3675,yes
KXXRP15M-26MAY212215,Target Price: $1.3693,2026-05-21 22:00:00-04:00,2026-05-21 22:15:00-04:00,1.3718,1.3693,yes
KXXRP15M-26MAY212230,Target Price: $1.3718,2026-05-21 22:15:00-04:00,2026-05-21 22:30:00-04:00,1.3707,1.3718,no
KXXRP15M-26MAY212245,Target Price: $1.3707,2026-05-21 22:30:00-04:00,2026-05-21 22:45:00-04:00,1.3695,1.3707,no
KXXRP15M-26MAY212300,Target Price: $1.3695,2026-05-21 22:45:00-04:00,2026-05-21 23:00:00-04:00,1.3720,1.3695,yes
KXXRP15M-26MAY212315,Target Price: $1.3720,2026-05-21 23:00:00-04:00,2026-05-21 23:15:00-04:00,1.3714,1.372,no
KXXRP15M-26MAY212330,Target Price: $1.3714,2026-05-21 23:15:00-04:00,2026-05-21 23:30:00-04:00,1.3712,1.3714,no
KXXRP15M-26MAY212345,Target Price: $1.3712,2026-05-21 23:30:00-04:00,2026-05-21 23:45:00-04:00,1.3715,1.3712,yes
KXXRP15M-26MAY220000,Target Price: $1.3715,2026-05-21 23:45:00-04:00,2026-05-22 00:00:00-04:00,1.3711,1.3715,no
KXXRP15M-26MAY220015,Target Price: $1.3711,2026-05-22 00:00:00-04:00,2026-05-22 00:15:00-04:00,1.3738,1.3711,yes
KXXRP15M-26MAY220030,Target Price: $1.3738,2026-05-22 00:15:00-04:00,2026-05-22 00:30:00-04:00,1.3717,1.3738,no
KXXRP15M-26MAY220045,Target Price: $1.3717,2026-05-22 00:30:00-04:00,2026-05-22 00:45:00-04:00,1.3696,1.3717,no
KXXRP15M-26MAY220100,Target Price: $1.3696,2026-05-22 00:45:00-04:00,2026-05-22 01:00:00-04:00,1.3691,1.3696,no
KXXRP15M-26MAY220115,Target Price: $1.3691,2026-05-22 01:00:00-04:00,2026-05-22 01:15:00-04:00,1.3686,1.3691,no
KXXRP15M-26MAY220130,Target Price: $1.3686,2026-05-22 01:15:00-04:00,2026-05-22 01:30:00-04:00,1.3680,1.3686,no
KXXRP15M-26MAY220145,Target Price: $1.3680,2026-05-22 01:30:00-04:00,2026-05-22 01:45:00-04:00,1.3701,1.368,yes
KXXRP15M-26MAY220200,Target Price: $1.3701,2026-05-22 01:45:00-04:00,2026-05-22 02:00:00-04:00,1.3674,1.3701,no
KXXRP15M-26MAY220215,Target Price: $1.3674,2026-05-22 02:00:00-04:00,2026-05-22 02:15:00-04:00,1.3679,1.3674,yes
KXXRP15M-26MAY220230,Target Price: $1.3679,2026-05-22 02:15:00-04:00,2026-05-22 02:30:00-04:00,1.3654,1.3679,no
KXXRP15M-26MAY220245,Target Price: $1.3654,2026-05-22 02:30:00-04:00,2026-05-22 02:45:00-04:00,1.3621,1.3654,no
KXXRP15M-26MAY220300,Target Price: $1.3621,2026-05-22 02:45:00-04:00,2026-05-22 03:00:00-04:00,1.3599,1.3621,no
KXXRP15M-26MAY220315,Target Price: $1.3599,2026-05-22 03:00:00-04:00,2026-05-22 03:15:00-04:00,1.3628,1.3599,yes
KXXRP15M-26MAY220330,Target Price: $1.3628,2026-05-22 03:15:00-04:00,2026-05-22 03:30:00-04:00,1.3644,1.3628,yes
KXXRP15M-26MAY220345,Target Price: $1.3644,2026-05-22 03:30:00-04:00,2026-05-22 03:45:00-04:00,1.3658,1.3644,yes
KXXRP15M-26MAY220400,Target Price: $1.3658,2026-05-22 03:45:00-04:00,2026-05-22 04:00:00-04:00,1.3640,1.3658,no
KXXRP15M-26MAY220415,Target Price: $1.3640,2026-05-22 04:00:00-04:00,2026-05-22 04:15:00-04:00,1.3643,1.364,yes
KXXRP15M-26MAY220430,Target Price: $1.3643,2026-05-22 04:15:00-04:00,2026-05-22 04:30:00-04:00,1.3658,1.3643,yes
KXXRP15M-26MAY220445,Target Price: $1.3658,2026-05-22 04:30:00-04:00,2026-05-22 04:45:00-04:00,1.3614,1.3658,no
KXXRP15M-26MAY220500,Target Price: $1.3614,2026-05-22 04:45:00-04:00,2026-05-22 05:00:00-04:00,1.3613,1.3614,no
KXXRP15M-26MAY220515,Target Price: $1.3613,2026-05-22 05:00:00-04:00,2026-05-22 05:15:00-04:00,1.3624,1.3613,yes
KXXRP15M-26MAY220530,Target Price: $1.3624,2026-05-22 05:15:00-04:00,2026-05-22 05:30:00-04:00,1.3621,1.3624,no
KXXRP15M-26MAY220545,Target Price: $1.3621,2026-05-22 05:30:00-04:00,2026-05-22 05:45:00-04:00,1.3601,1.3621,no
KXXRP15M-26MAY220600,Target Price: $1.3601,2026-05-22 05:45:00-04:00,2026-05-22 06:00:00-04:00,1.3590,1.3601,no
KXXRP15M-26MAY220615,Target Price: $1.3590,2026-05-22 06:00:00-04:00,2026-05-22 06:15:00-04:00,1.3590,1.359,yes
KXXRP15M-26MAY220630,Target Price: $1.3590,2026-05-22 06:15:00-04:00,2026-05-22 06:30:00-04:00,1.3584,1.359,no
KXXRP15M-26MAY220645,Target Price: $1.3584,2026-05-22 06:30:00-04:00,2026-05-22 06:45:00-04:00,1.3603,1.3584,yes
KXXRP15M-26MAY220700,Target Price: $1.3603,2026-05-22 06:45:00-04:00,2026-05-22 07:00:00-04:00,1.3586,1.3603,no
KXXRP15M-26MAY220715,Target Price: $1.3586,2026-05-22 07:00:00-04:00,2026-05-22 07:15:00-04:00,1.3582,1.3586,no
KXXRP15M-26MAY220730,Target Price: $1.3582,2026-05-22 07:15:00-04:00,2026-05-22 07:30:00-04:00,1.3559,1.3582,no
KXXRP15M-26MAY220745,Target Price: $1.3559,2026-05-22 07:30:00-04:00,2026-05-22 07:45:00-04:00,1.3557,1.3559,no
KXXRP15M-26MAY220800,Target Price: $1.3557,2026-05-22 07:45:00-04:00,2026-05-22 08:00:00-04:00,1.3602,1.3557,yes
KXXRP15M-26MAY220815,Target Price: $1.3602,2026-05-22 08:00:00-04:00,2026-05-22 08:15:00-04:00,1.3629,1.3602,yes
KXXRP15M-26MAY220830,Target Price: $1.3629,2026-05-22 08:15:00-04:00,2026-05-22 08:30:00-04:00,1.3610,1.3629,no
KXXRP15M-26MAY220845,Target Price: $1.3610,2026-05-22 08:30:00-04:00,2026-05-22 08:45:00-04:00,1.3619,1.361,yes
KXXRP15M-26MAY220900,Target Price: $1.3619,2026-05-22 08:45:00-04:00,2026-05-22 09:00:00-04:00,1.3640,1.3619,yes
KXXRP15M-26MAY220915,Target Price: $1.3640,2026-05-22 09:00:00-04:00,2026-05-22 09:15:00-04:00,1.3671,1.364,yes
KXXRP15M-26MAY220930,Target Price: $1.3671,2026-05-22 09:15:00-04:00,2026-05-22 09:30:00-04:00,1.3650,1.3671,no
KXXRP15M-26MAY220945,Target Price: $1.3650,2026-05-22 09:30:00-04:00,2026-05-22 09:45:00-04:00,1.3593,1.365,no
KXXRP15M-26MAY221000,Target Price: $1.3593,2026-05-22 09:45:00-04:00,2026-05-22 10:00:00-04:00,1.3610,1.3593,yes
KXXRP15M-26MAY221015,Target Price: $1.3610,2026-05-22 10:00:00-04:00,2026-05-22 10:15:00-04:00,1.3561,1.361,no
KXXRP15M-26MAY221030,Target Price: $1.3561,2026-05-22 10:15:00-04:00,2026-05-22 10:30:00-04:00,1.3533,1.3561,no
KXXRP15M-26MAY221045,Target Price: $1.3533,2026-05-22 10:30:00-04:00,2026-05-22 10:45:00-04:00,1.3536,1.3533,yes
KXXRP15M-26MAY221100,Target Price: $1.3536,2026-05-22 10:45:00-04:00,2026-05-22 11:00:00-04:00,1.3510,1.3536,no
KXXRP15M-26MAY221115,Target Price: $1.3510,2026-05-22 11:00:00-04:00,2026-05-22 11:15:00-04:00,1.3494,1.351,no
KXXRP15M-26MAY221130,Target Price: $1.3494,2026-05-22 11:15:00-04:00,2026-05-22 11:30:00-04:00,1.3536,1.3494,yes
KXXRP15M-26MAY221145,Target Price: $1.3536,2026-05-22 11:30:00-04:00,2026-05-22 11:45:00-04:00,1.3533,1.3536,no
KXXRP15M-26MAY221200,Target Price: $1.3533,2026-05-22 11:45:00-04:00,2026-05-22 12:00:00-04:00,1.3524,1.3533,no
KXXRP15M-26MAY221215,Target Price: $1.3524,2026-05-22 12:00:00-04:00,2026-05-22 12:15:00-04:00,1.3518,1.3524,no
KXXRP15M-26MAY221230,Target Price: $1.3518,2026-05-22 12:15:00-04:00,2026-05-22 12:30:00-04:00,1.3522,1.3518,yes
KXXRP15M-26MAY221245,Target Price: $1.3522,2026-05-22 12:30:00-04:00,2026-05-22 12:45:00-04:00,1.3509,1.3522,no
KXXRP15M-26MAY221300,Target Price: $1.3509,2026-05-22 12:45:00-04:00,2026-05-22 13:00:00-04:00,1.3536,1.3509,yes
KXXRP15M-26MAY221315,Target Price: $1.3536,2026-05-22 13:00:00-04:00,2026-05-22 13:15:00-04:00,1.3548,1.3536,yes
KXXRP15M-26MAY221330,Target Price: $1.3548,2026-05-22 13:15:00-04:00,2026-05-22 13:30:00-04:00,1.3554,1.3548,yes
KXXRP15M-26MAY221345,Target Price: $1.3554,2026-05-22 13:30:00-04:00,2026-05-22 13:45:00-04:00,1.3578,1.3554,yes
KXXRP15M-26MAY221400,Target Price: $1.3578,2026-05-22 13:45:00-04:00,2026-05-22 14:00:00-04:00,1.3523,1.3578,no
KXXRP15M-26MAY221415,Target Price: $1.3523,2026-05-22 14:00:00-04:00,2026-05-22 14:15:00-04:00,1.3514,1.3523,no
KXXRP15M-26MAY221430,Target Price: $1.3514,2026-05-22 14:15:00-04:00,2026-05-22 14:30:00-04:00,1.3522,1.3514,yes
KXXRP15M-26MAY221445,Target Price: $1.3522,2026-05-22 14:30:00-04:00,2026-05-22 14:45:00-04:00,1.3456,1.3522,no
KXXRP15M-26MAY221500,Target Price: $1.3456,2026-05-22 14:45:00-04:00,2026-05-22 15:00:00-04:00,1.3487,1.3456,yes
KXXRP15M-26MAY221515,Target Price: $1.3487,2026-05-22 15:00:00-04:00,2026-05-22 15:15:00-04:00,1.3438,1.3487,no
KXXRP15M-26MAY221530,Target Price: $1.3438,2026-05-22 15:15:00-04:00,2026-05-22 15:30:00-04:00,1.3419,1.3438,no
KXXRP15M-26MAY221545,Target Price: $1.3419,2026-05-22 15:30:00-04:00,2026-05-22 15:45:00-04:00,1.3365,1.3419,no
KXXRP15M-26MAY221600,Target Price: $1.3365,2026-05-22 15:45:00-04:00,2026-05-22 16:00:00-04:00,1.3372,1.3365,yes
KXXRP15M-26MAY221615,Target Price: $1.3372,2026-05-22 16:00:00-04:00,2026-05-22 16:15:00-04:00,1.3381,1.3372,yes
KXXRP15M-26MAY221630,Target Price: $1.3381,2026-05-22 16:15:00-04:00,2026-05-22 16:30:00-04:00,1.3387,1.3381,yes
KXXRP15M-26MAY221645,Target Price: $1.3387,2026-05-22 16:30:00-04:00,2026-05-22 16:45:00-04:00,1.3385,1.3387,no
KXXRP15M-26MAY221700,Target Price: $1.3385,2026-05-22 16:45:00-04:00,2026-05-22 17:00:00-04:00,1.3406,1.3385,yes
KXXRP15M-26MAY221715,Target Price: $1.3406,2026-05-22 17:00:00-04:00,2026-05-22 17:15:00-04:00,1.3401,1.3406,no
KXXRP15M-26MAY221730,Target Price: $1.3401,2026-05-22 17:15:00-04:00,2026-05-22 17:30:00-04:00,1.3403,1.3401,yes
KXXRP15M-26MAY221745,Target Price: $1.3403,2026-05-22 17:30:00-04:00,2026-05-22 17:45:00-04:00,1.3403,1.3403,yes
KXXRP15M-26MAY221800,Target Price: $1.3403,2026-05-22 17:45:00-04:00,2026-05-22 18:00:00-04:00,1.3406,1.3403,yes
KXXRP15M-26MAY221815,Target Price: $1.3406,2026-05-22 18:00:00-04:00,2026-05-22 18:15:00-04:00,1.3419,1.3406,yes
KXXRP15M-26MAY221830,Target Price: $1.3419,2026-05-22 18:15:00-04:00,2026-05-22 18:30:00-04:00,1.3399,1.3419,no
KXXRP15M-26MAY221845,Target Price: $1.3399,2026-05-22 18:30:00-04:00,2026-05-22 18:45:00-04:00,1.3377,1.3399,no
KXXRP15M-26MAY221900,Target Price: $1.3377,2026-05-22 18:45:00-04:00,2026-05-22 19:00:00-04:00,1.3389,1.3377,yes
KXXRP15M-26MAY221915,Target Price: $1.3389,2026-05-22 19:00:00-04:00,2026-05-22 19:15:00-04:00,1.3409,1.3389,yes
KXXRP15M-26MAY221930,Target Price: $1.3409,2026-05-22 19:15:00-04:00,2026-05-22 19:30:00-04:00,1.3364,1.3409,no
KXXRP15M-26MAY221945,Target Price: $1.3364,2026-05-22 19:30:00-04:00,2026-05-22 19:45:00-04:00,1.3388,1.3364,yes
KXXRP15M-26MAY222000,Target Price: $1.3388,2026-05-22 19:45:00-04:00,2026-05-22 20:00:00-04:00,1.3328,1.3388,no
KXXRP15M-26MAY222015,Target Price: $1.3328,2026-05-22 20:00:00-04:00,2026-05-22 20:15:00-04:00,1.3309,1.3328,no
KXXRP15M-26MAY222030,Target Price: $1.3309,2026-05-22 20:15:00-04:00,2026-05-22 20:30:00-04:00,1.3304,1.3309,no
KXXRP15M-26MAY222045,Target Price: $1.3304,2026-05-22 20:30:00-04:00,2026-05-22 20:45:00-04:00,1.3287,1.3304,no
KXXRP15M-26MAY222100,Target Price: $1.3287,2026-05-22 20:45:00-04:00,2026-05-22 21:00:00-04:00,1.3336,1.3287,yes
KXXRP15M-26MAY222115,Target Price: $1.3336,2026-05-22 21:00:00-04:00,2026-05-22 21:15:00-04:00,1.3340,1.3336,yes
KXXRP15M-26MAY222130,Target Price: $1.3340,2026-05-22 21:15:00-04:00,2026-05-22 21:30:00-04:00,1.3352,1.334,yes
KXXRP15M-26MAY222145,Target Price: $1.3352,2026-05-22 21:30:00-04:00,2026-05-22 21:45:00-04:00,1.3366,1.3352,yes
KXXRP15M-26MAY222200,Target Price: $1.3366,2026-05-22 21:45:00-04:00,2026-05-22 22:00:00-04:00,1.3360,1.3366,no
KXXRP15M-26MAY222215,Target Price: $1.3360,2026-05-22 22:00:00-04:00,2026-05-22 22:15:00-04:00,1.3372,1.336,yes
KXXRP15M-26MAY222230,Target Price: $1.3372,2026-05-22 22:15:00-04:00,2026-05-22 22:30:00-04:00,1.3361,1.3372,no
KXXRP15M-26MAY222245,Target Price: $1.3361,2026-05-22 22:30:00-04:00,2026-05-22 22:45:00-04:00,1.3384,1.3361,yes
KXXRP15M-26MAY222300,Target Price: $1.3384,2026-05-22 22:45:00-04:00,2026-05-22 23:00:00-04:00,1.3386,1.3384,yes
KXXRP15M-26MAY222315,Target Price: $1.3386,2026-05-22 23:00:00-04:00,2026-05-22 23:15:00-04:00,1.3391,1.3386,yes
KXXRP15M-26MAY222330,Target Price: $1.3391,2026-05-22 23:15:00-04:00,2026-05-22 23:30:00-04:00,1.3398,1.3391,yes
KXXRP15M-26MAY222345,Target Price: $1.3398,2026-05-22 23:30:00-04:00,2026-05-22 23:45:00-04:00,1.3401,1.3398,yes
KXXRP15M-26MAY230000,Target Price: $1.3401,2026-05-22 23:45:00-04:00,2026-05-23 00:00:00-04:00,1.3397,1.3401,no
KXXRP15M-26MAY230015,Target Price: $1.3397,2026-05-23 00:00:00-04:00,2026-05-23 00:15:00-04:00,1.3390,1.3397,no
KXXRP15M-26MAY230030,Target Price: $1.3390,2026-05-23 00:15:00-04:00,2026-05-23 00:30:00-04:00,1.3361,1.339,no
KXXRP15M-26MAY230045,Target Price: $1.3361,2026-05-23 00:30:00-04:00,2026-05-23 00:45:00-04:00,1.3340,1.3361,no
KXXRP15M-26MAY230100,Target Price: $1.3340,2026-05-23 00:45:00-04:00,2026-05-23 01:00:00-04:00,1.3347,1.334,yes
KXXRP15M-26MAY230115,Target Price: $1.3347,2026-05-23 01:00:00-04:00,2026-05-23 01:15:00-04:00,1.3338,1.3347,no
KXXRP15M-26MAY230130,Target Price: $1.3338,2026-05-23 01:15:00-04:00,2026-05-23 01:30:00-04:00,1.3300,1.3338,no
KXXRP15M-26MAY230145,Target Price: $1.3300,2026-05-23 01:30:00-04:00,2026-05-23 01:45:00-04:00,1.3302,1.33,yes
KXXRP15M-26MAY230200,Target Price: $1.3302,2026-05-23 01:45:00-04:00,2026-05-23 02:00:00-04:00,1.3299,1.3302,no
KXXRP15M-26MAY230215,Target Price: $1.3299,2026-05-23 02:00:00-04:00,2026-05-23 02:15:00-04:00,1.3318,1.3299,yes
KXXRP15M-26MAY230230,Target Price: $1.3318,2026-05-23 02:15:00-04:00,2026-05-23 02:30:00-04:00,1.3329,1.3318,yes
KXXRP15M-26MAY230245,Target Price: $1.3329,2026-05-23 02:30:00-04:00,2026-05-23 02:45:00-04:00,1.3320,1.3329,no
KXXRP15M-26MAY230300,Target Price: $1.3320,2026-05-23 02:45:00-04:00,2026-05-23 03:00:00-04:00,1.3311,1.332,no
KXXRP15M-26MAY230315,Target Price: $1.3311,2026-05-23 03:00:00-04:00,2026-05-23 03:15:00-04:00,1.3299,1.3311,no
KXXRP15M-26MAY230330,Target Price: $1.3299,2026-05-23 03:15:00-04:00,2026-05-23 03:30:00-04:00,1.3293,1.3299,no
KXXRP15M-26MAY230345,Target Price: $1.3293,2026-05-23 03:30:00-04:00,2026-05-23 03:45:00-04:00,1.3297,1.3293,yes
KXXRP15M-26MAY230400,Target Price: $1.3297,2026-05-23 03:45:00-04:00,2026-05-23 04:00:00-04:00,1.3116,1.3297,no
KXXRP15M-26MAY230415,Target Price: $1.3116,2026-05-23 04:00:00-04:00,2026-05-23 04:15:00-04:00,1.3135,1.3116,yes
KXXRP15M-26MAY230430,Target Price: $1.3135,2026-05-23 04:15:00-04:00,2026-05-23 04:30:00-04:00,1.3106,1.3135,no
KXXRP15M-26MAY230445,Target Price: $1.3106,2026-05-23 04:30:00-04:00,2026-05-23 04:45:00-04:00,1.3078,1.3106,no
KXXRP15M-26MAY230500,Target Price: $1.3078,2026-05-23 04:45:00-04:00,2026-05-23 05:00:00-04:00,1.3094,1.3078,yes
KXXRP15M-26MAY230515,Target Price: $1.3094,2026-05-23 05:00:00-04:00,2026-05-23 05:15:00-04:00,1.3092,1.3094,no
KXXRP15M-26MAY230530,Target Price: $1.3092,2026-05-23 05:15:00-04:00,2026-05-23 05:30:00-04:00,1.3124,1.3092,yes
KXXRP15M-26MAY230545,Target Price: $1.3124,2026-05-23 05:30:00-04:00,2026-05-23 05:45:00-04:00,1.3160,1.3124,yes
KXXRP15M-26MAY230600,Target Price: $1.3160,2026-05-23 05:45:00-04:00,2026-05-23 06:00:00-04:00,1.3158,1.316,no
KXXRP15M-26MAY230615,Target Price: $1.3158,2026-05-23 06:00:00-04:00,2026-05-23 06:15:00-04:00,1.3178,1.3158,yes
KXXRP15M-26MAY230630,Target Price: $1.3178,2026-05-23 06:15:00-04:00,2026-05-23 06:30:00-04:00,1.3178,1.3178,yes
KXXRP15M-26MAY230645,Target Price: $1.3178,2026-05-23 06:30:00-04:00,2026-05-23 06:45:00-04:00,1.3217,1.3178,yes
KXXRP15M-26MAY230700,Target Price: $1.3217,2026-05-23 06:45:00-04:00,2026-05-23 07:00:00-04:00,1.3215,1.3217,no
KXXRP15M-26MAY230715,Target Price: $1.3215,2026-05-23 07:00:00-04:00,2026-05-23 07:15:00-04:00,1.3221,1.3215,yes
KXXRP15M-26MAY230730,Target Price: $1.3221,2026-05-23 07:15:00-04:00,2026-05-23 07:30:00-04:00,1.3246,1.3221,yes
KXXRP15M-26MAY230745,Target Price: $1.3246,2026-05-23 07:30:00-04:00,2026-05-23 07:45:00-04:00,1.3234,1.3246,no
KXXRP15M-26MAY230800,Target Price: $1.3234,2026-05-23 07:45:00-04:00,2026-05-23 08:00:00-04:00,1.3235,1.3234,yes
KXXRP15M-26MAY230815,Target Price: $1.3235,2026-05-23 08:00:00-04:00,2026-05-23 08:15:00-04:00,1.3234,1.3235,no
KXXRP15M-26MAY230830,Target Price: $1.3234,2026-05-23 08:15:00-04:00,2026-05-23 08:30:00-04:00,1.3239,1.3234,yes
KXXRP15M-26MAY230845,Target Price: $1.3239,2026-05-23 08:30:00-04:00,2026-05-23 08:45:00-04:00,1.3243,1.3239,yes
KXXRP15M-26MAY230900,Target Price: $1.3243,2026-05-23 08:45:00-04:00,2026-05-23 09:00:00-04:00,1.3250,1.3243,yes
KXXRP15M-26MAY230915,Target Price: $1.3250,2026-05-23 09:00:00-04:00,2026-05-23 09:15:00-04:00,1.3297,1.325,yes
KXXRP15M-26MAY230930,Target Price: $1.3297,2026-05-23 09:15:00-04:00,2026-05-23 09:30:00-04:00,1.3345,1.3297,yes
KXXRP15M-26MAY230945,Target Price: $1.3345,2026-05-23 09:30:00-04:00,2026-05-23 09:45:00-04:00,1.3312,1.3345,no
KXXRP15M-26MAY231000,Target Price: $1.3312,2026-05-23 09:45:00-04:00,2026-05-23 10:00:00-04:00,1.3325,1.3312,yes
KXXRP15M-26MAY231015,Target Price: $1.3325,2026-05-23 10:00:00-04:00,2026-05-23 10:15:00-04:00,1.3327,1.3325,yes
KXXRP15M-26MAY231030,Target Price: $1.3327,2026-05-23 10:15:00-04:00,2026-05-23 10:30:00-04:00,1.3319,1.3327,no
KXXRP15M-26MAY231045,Target Price: $1.3319,2026-05-23 10:30:00-04:00,2026-05-23 10:45:00-04:00,1.3325,1.3319,yes
KXXRP15M-26MAY231100,Target Price: $1.3325,2026-05-23 10:45:00-04:00,2026-05-23 11:00:00-04:00,1.3388,1.3325,yes
KXXRP15M-26MAY231115,Target Price: $1.3388,2026-05-23 11:00:00-04:00,2026-05-23 11:15:00-04:00,1.3403,1.3388,yes
KXXRP15M-26MAY231130,Target Price: $1.3403,2026-05-23 11:15:00-04:00,2026-05-23 11:30:00-04:00,1.3363,1.3403,no
KXXRP15M-26MAY231145,Target Price: $1.3363,2026-05-23 11:30:00-04:00,2026-05-23 11:45:00-04:00,1.3347,1.3363,no
KXXRP15M-26MAY231200,Target Price: $1.3347,2026-05-23 11:45:00-04:00,2026-05-23 12:00:00-04:00,1.3345,1.3347,no
KXXRP15M-26MAY231215,Target Price: $1.3345,2026-05-23 12:00:00-04:00,2026-05-23 12:15:00-04:00,1.3360,1.3345,yes
KXXRP15M-26MAY231230,Target Price: $1.3360,2026-05-23 12:15:00-04:00,2026-05-23 12:30:00-04:00,1.3342,1.336,no
KXXRP15M-26MAY231245,Target Price: $1.3342,2026-05-23 12:30:00-04:00,2026-05-23 12:45:00-04:00,1.3362,1.3342,yes
KXXRP15M-26MAY231300,Target Price: $1.3362,2026-05-23 12:45:00-04:00,2026-05-23 13:00:00-04:00,1.3366,1.3362,yes
KXXRP15M-26MAY231315,Target Price: $1.3366,2026-05-23 13:00:00-04:00,2026-05-23 13:15:00-04:00,1.3371,1.3366,yes
KXXRP15M-26MAY231330,Target Price: $1.3371,2026-05-23 13:15:00-04:00,2026-05-23 13:30:00-04:00,1.3367,1.3371,no
KXXRP15M-26MAY231345,Target Price: $1.3367,2026-05-23 13:30:00-04:00,2026-05-23 13:45:00-04:00,1.3362,1.3367,no
KXXRP15M-26MAY231400,Target Price: $1.3362,2026-05-23 13:45:00-04:00,2026-05-23 14:00:00-04:00,1.3372,1.3362,yes
KXXRP15M-26MAY231415,Target Price: $1.3372,2026-05-23 14:00:00-04:00,2026-05-23 14:15:00-04:00,1.3431,1.3372,yes
KXXRP15M-26MAY231430,Target Price: $1.3431,2026-05-23 14:15:00-04:00,2026-05-23 14:30:00-04:00,1.3455,1.3431,yes
KXXRP15M-26MAY231445,Target Price: $1.3455,2026-05-23 14:30:00-04:00,2026-05-23 14:45:00-04:00,1.3469,1.3455,yes
KXXRP15M-26MAY231500,Target Price: $1.3469,2026-05-23 14:45:00-04:00,2026-05-23 15:00:00-04:00,1.3439,1.3469,no
KXXRP15M-26MAY231515,Target Price: $1.3439,2026-05-23 15:00:00-04:00,2026-05-23 15:15:00-04:00,1.3423,1.3439,no
KXXRP15M-26MAY231530,Target Price: $1.3423,2026-05-23 15:15:00-04:00,2026-05-23 15:30:00-04:00,1.3446,1.3423,yes
KXXRP15M-26MAY231545,Target Price: $1.3446,2026-05-23 15:30:00-04:00,2026-05-23 15:45:00-04:00,1.3443,1.3446,no
KXXRP15M-26MAY231600,Target Price: $1.3443,2026-05-23 15:45:00-04:00,2026-05-23 16:00:00-04:00,1.3452,1.3443,yes
KXXRP15M-26MAY231615,Target Price: $1.3452,2026-05-23 16:00:00-04:00,2026-05-23 16:15:00-04:00,1.3450,1.3452,no
KXXRP15M-26MAY231630,Target Price: $1.3450,2026-05-23 16:15:00-04:00,2026-05-23 16:30:00-04:00,1.3446,1.345,no
KXXRP15M-26MAY231645,Target Price: $1.3446,2026-05-23 16:30:00-04:00,2026-05-23 16:45:00-04:00,1.3632,1.3446,yes
KXXRP15M-26MAY231700,Target Price: $1.3632,2026-05-23 16:45:00-04:00,2026-05-23 17:00:00-04:00,1.3695,1.3632,yes
KXXRP15M-26MAY231715,Target Price: $1.3695,2026-05-23 17:00:00-04:00,2026-05-23 17:15:00-04:00,1.3645,1.3695,no
KXXRP15M-26MAY231730,Target Price: $1.3645,2026-05-23 17:15:00-04:00,2026-05-23 17:30:00-04:00,1.3581,1.3645,no
KXXRP15M-26MAY231745,Target Price: $1.3581,2026-05-23 17:30:00-04:00,2026-05-23 17:45:00-04:00,1.3574,1.3581,no
KXXRP15M-26MAY231800,Target Price: $1.3574,2026-05-23 17:45:00-04:00,2026-05-23 18:00:00-04:00,1.3578,1.3574,yes
KXXRP15M-26MAY231815,Target Price: $1.3578,2026-05-23 18:00:00-04:00,2026-05-23 18:15:00-04:00,1.3585,1.3578,yes
KXXRP15M-26MAY231830,Target Price: $1.3585,2026-05-23 18:15:00-04:00,2026-05-23 18:30:00-04:00,1.3560,1.3585,no
KXXRP15M-26MAY231845,Target Price: $1.3560,2026-05-23 18:30:00-04:00,2026-05-23 18:45:00-04:00,1.3562,1.356,yes
KXXRP15M-26MAY231900,Target Price: $1.3562,2026-05-23 18:45:00-04:00,2026-05-23 19:00:00-04:00,1.3572,1.3562,yes
KXXRP15M-26MAY231915,Target Price: $1.3572,2026-05-23 19:00:00-04:00,2026-05-23 19:15:00-04:00,1.3567,1.3572,no
KXXRP15M-26MAY231930,Target Price: $1.3567,2026-05-23 19:15:00-04:00,2026-05-23 19:30:00-04:00,1.3576,1.3567,yes
KXXRP15M-26MAY231945,Target Price: $1.3576,2026-05-23 19:30:00-04:00,2026-05-23 19:45:00-04:00,1.3588,1.3576,yes
KXXRP15M-26MAY232000,Target Price: $1.3588,2026-05-23 19:45:00-04:00,2026-05-23 20:00:00-04:00,1.3572,1.3588,no
KXXRP15M-26MAY232015,Target Price: $1.3572,2026-05-23 20:00:00-04:00,2026-05-23 20:15:00-04:00,1.3574,1.3572,yes
KXXRP15M-26MAY232030,Target Price: $1.3574,2026-05-23 20:15:00-04:00,2026-05-23 20:30:00-04:00,1.3591,1.3574,yes
KXXRP15M-26MAY232045,Target Price: $1.3591,2026-05-23 20:30:00-04:00,2026-05-23 20:45:00-04:00,1.3601,1.3591,yes
KXXRP15M-26MAY232100,Target Price: $1.3601,2026-05-23 20:45:00-04:00,2026-05-23 21:00:00-04:00,1.3604,1.3601,yes
KXXRP15M-26MAY232115,Target Price: $1.3604,2026-05-23 21:00:00-04:00,2026-05-23 21:15:00-04:00,1.3608,1.3604,yes
KXXRP15M-26MAY232130,Target Price: $1.3608,2026-05-23 21:15:00-04:00,2026-05-23 21:30:00-04:00,1.3610,1.3608,yes
KXXRP15M-26MAY232145,Target Price: $1.3610,2026-05-23 21:30:00-04:00,2026-05-23 21:45:00-04:00,1.3590,1.361,no
KXXRP15M-26MAY232200,Target Price: $1.3590,2026-05-23 21:45:00-04:00,2026-05-23 22:00:00-04:00,1.3592,1.359,yes
KXXRP15M-26MAY232215,Target Price: $1.3592,2026-05-23 22:00:00-04:00,2026-05-23 22:15:00-04:00,1.3592,1.3592,yes
KXXRP15M-26MAY232230,Target Price: $1.3592,2026-05-23 22:15:00-04:00,2026-05-23 22:30:00-04:00,1.3580,1.3592,no
KXXRP15M-26MAY232245,Target Price: $1.3580,2026-05-23 22:30:00-04:00,2026-05-23 22:45:00-04:00,1.3595,1.358,yes
KXXRP15M-26MAY232300,Target Price: $1.3595,2026-05-23 22:45:00-04:00,2026-05-23 23:00:00-04:00,1.3599,1.3595,yes
KXXRP15M-26MAY232315,Target Price: $1.3599,2026-05-23 23:00:00-04:00,2026-05-23 23:15:00-04:00,1.3602,1.3599,yes
KXXRP15M-26MAY232330,Target Price: $1.3602,2026-05-23 23:15:00-04:00,2026-05-23 23:30:00-04:00,1.3606,1.3602,yes
KXXRP15M-26MAY232345,Target Price: $1.3606,2026-05-23 23:30:00-04:00,2026-05-23 23:45:00-04:00,1.3587,1.3606,no
KXXRP15M-26MAY240000,Target Price: $1.3587,2026-05-23 23:45:00-04:00,2026-05-24 00:00:00-04:00,1.3599,1.3587,yes
KXXRP15M-26MAY240015,Target Price: $1.3599,2026-05-24 00:00:00-04:00,2026-05-24 00:15:00-04:00,1.3594,1.3599,no
KXXRP15M-26MAY240030,Target Price: $1.3594,2026-05-24 00:15:00-04:00,2026-05-24 00:30:00-04:00,1.3584,1.3594,no
KXXRP15M-26MAY240045,Target Price: $1.3584,2026-05-24 00:30:00-04:00,2026-05-24 00:45:00-04:00,1.3591,1.3584,yes
KXXRP15M-26MAY240100,Target Price: $1.3591,2026-05-24 00:45:00-04:00,2026-05-24 01:00:00-04:00,1.3594,1.3591,yes
KXXRP15M-26MAY240115,Target Price: $1.3594,2026-05-24 01:00:00-04:00,2026-05-24 01:15:00-04:00,1.3583,1.3594,no
KXXRP15M-26MAY240130,Target Price: $1.3583,2026-05-24 01:15:00-04:00,2026-05-24 01:30:00-04:00,1.3555,1.3583,no
KXXRP15M-26MAY240145,Target Price: $1.3555,2026-05-24 01:30:00-04:00,2026-05-24 01:45:00-04:00,1.3544,1.3555,no
KXXRP15M-26MAY240200,Target Price: $1.3544,2026-05-24 01:45:00-04:00,2026-05-24 02:00:00-04:00,1.3581,1.3544,yes
KXXRP15M-26MAY240215,Target Price: $1.3581,2026-05-24 02:00:00-04:00,2026-05-24 02:15:00-04:00,1.3591,1.3581,yes
KXXRP15M-26MAY240230,Target Price: $1.3591,2026-05-24 02:15:00-04:00,2026-05-24 02:30:00-04:00,1.3574,1.3591,no
KXXRP15M-26MAY240245,Target Price: $1.3574,2026-05-24 02:30:00-04:00,2026-05-24 02:45:00-04:00,1.3570,1.3574,no
KXXRP15M-26MAY240300,Target Price: $1.3570,2026-05-24 02:45:00-04:00,2026-05-24 03:00:00-04:00,1.3616,1.357,yes
KXXRP15M-26MAY240315,Target Price: $1.3616,2026-05-24 03:00:00-04:00,2026-05-24 03:15:00-04:00,1.3595,1.3616,no
KXXRP15M-26MAY240330,Target Price: $1.3595,2026-05-24 03:15:00-04:00,2026-05-24 03:30:00-04:00,1.3585,1.3595,no
KXXRP15M-26MAY240345,Target Price: $1.3585,2026-05-24 03:30:00-04:00,2026-05-24 03:45:00-04:00,1.3585,1.3585,yes
KXXRP15M-26MAY240400,Target Price: $1.3585,2026-05-24 03:45:00-04:00,2026-05-24 04:00:00-04:00,1.3581,1.3585,no
KXXRP15M-26MAY240415,Target Price: $1.3581,2026-05-24 04:00:00-04:00,2026-05-24 04:15:00-04:00,1.3569,1.3581,no
KXXRP15M-26MAY240430,Target Price: $1.3569,2026-05-24 04:15:00-04:00,2026-05-24 04:30:00-04:00,1.3587,1.3569,yes
KXXRP15M-26MAY240445,Target Price: $1.3587,2026-05-24 04:30:00-04:00,2026-05-24 04:45:00-04:00,1.3591,1.3587,yes
KXXRP15M-26MAY240500,Target Price: $1.3591,2026-05-24 04:45:00-04:00,2026-05-24 05:00:00-04:00,1.3597,1.3591,yes
KXXRP15M-26MAY240515,Target Price: $1.3597,2026-05-24 05:00:00-04:00,2026-05-24 05:15:00-04:00,1.3641,1.3597,yes
KXXRP15M-26MAY240530,Target Price: $1.3641,2026-05-24 05:15:00-04:00,2026-05-24 05:30:00-04:00,1.3634,1.3641,no
KXXRP15M-26MAY240545,Target Price: $1.3634,2026-05-24 05:30:00-04:00,2026-05-24 05:45:00-04:00,1.3632,1.3634,no
KXXRP15M-26MAY240600,Target Price: $1.3632,2026-05-24 05:45:00-04:00,2026-05-24 06:00:00-04:00,1.3636,1.3632,yes
KXXRP15M-26MAY240615,Target Price: $1.3636,2026-05-24 06:00:00-04:00,2026-05-24 06:15:00-04:00,1.3640,1.3636,yes
KXXRP15M-26MAY240630,Target Price: $1.3640,2026-05-24 06:15:00-04:00,2026-05-24 06:30:00-04:00,1.3666,1.364,yes
KXXRP15M-26MAY240645,Target Price: $1.3666,2026-05-24 06:30:00-04:00,2026-05-24 06:45:00-04:00,1.3640,1.3666,no
KXXRP15M-26MAY240700,Target Price: $1.3640,2026-05-24 06:45:00-04:00,2026-05-24 07:00:00-04:00,1.3625,1.364,no
KXXRP15M-26MAY240715,Target Price: $1.3625,2026-05-24 07:00:00-04:00,2026-05-24 07:15:00-04:00,1.3625,1.3625,yes
KXXRP15M-26MAY240730,Target Price: $1.3625,2026-05-24 07:15:00-04:00,2026-05-24 07:30:00-04:00,1.3646,1.3625,yes
KXXRP15M-26MAY240745,Target Price: $1.3646,2026-05-24 07:30:00-04:00,2026-05-24 07:45:00-04:00,1.3661,1.3646,yes
KXXRP15M-26MAY240800,Target Price: $1.3661,2026-05-24 07:45:00-04:00,2026-05-24 08:00:00-04:00,1.3640,1.3661,no
KXXRP15M-26MAY240815,Target Price: $1.3640,2026-05-24 08:00:00-04:00,2026-05-24 08:15:00-04:00,1.3630,1.364,no
KXXRP15M-26MAY240830,Target Price: $1.3630,2026-05-24 08:15:00-04:00,2026-05-24 08:30:00-04:00,1.3604,1.363,no
KXXRP15M-26MAY240845,Target Price: $1.3604,2026-05-24 08:30:00-04:00,2026-05-24 08:45:00-04:00,1.3618,1.3604,yes
KXXRP15M-26MAY240900,Target Price: $1.3618,2026-05-24 08:45:00-04:00,2026-05-24 09:00:00-04:00,1.3622,1.3618,yes
KXXRP15M-26MAY240915,Target Price: $1.3622,2026-05-24 09:00:00-04:00,2026-05-24 09:15:00-04:00,1.3612,1.3622,no
KXXRP15M-26MAY240930,Target Price: $1.3612,2026-05-24 09:15:00-04:00,2026-05-24 09:30:00-04:00,1.3599,1.3612,no
KXXRP15M-26MAY240945,Target Price: $1.3599,2026-05-24 09:30:00-04:00,2026-05-24 09:45:00-04:00,1.3613,1.3599,yes
KXXRP15M-26MAY241000,Target Price: $1.3613,2026-05-24 09:45:00-04:00,2026-05-24 10:00:00-04:00,1.3574,1.3613,no
KXXRP15M-26MAY241015,Target Price: $1.3574,2026-05-24 10:00:00-04:00,2026-05-24 10:15:00-04:00,1.3488,1.3574,no
KXXRP15M-26MAY241030,Target Price: $1.3488,2026-05-24 10:15:00-04:00,2026-05-24 10:30:00-04:00,1.3466,1.3488,no
KXXRP15M-26MAY241045,Target Price: $1.3466,2026-05-24 10:30:00-04:00,2026-05-24 10:45:00-04:00,1.3487,1.3466,yes
KXXRP15M-26MAY241100,Target Price: $1.3487,2026-05-24 10:45:00-04:00,2026-05-24 11:00:00-04:00,1.3486,1.3487,no
KXXRP15M-26MAY241115,Target Price: $1.3486,2026-05-24 11:00:00-04:00,2026-05-24 11:15:00-04:00,1.3490,1.3486,yes
KXXRP15M-26MAY241130,Target Price: $1.3490,2026-05-24 11:15:00-04:00,2026-05-24 11:30:00-04:00,1.3477,1.349,no
KXXRP15M-26MAY241145,Target Price: $1.3477,2026-05-24 11:30:00-04:00,2026-05-24 11:45:00-04:00,1.3486,1.3477,yes
KXXRP15M-26MAY241200,Target Price: $1.3486,2026-05-24 11:45:00-04:00,2026-05-24 12:00:00-04:00,1.3469,1.3486,no
KXXRP15M-26MAY241215,Target Price: $1.3469,2026-05-24 12:00:00-04:00,2026-05-24 12:15:00-04:00,1.3491,1.3469,yes
KXXRP15M-26MAY241230,Target Price: $1.3491,2026-05-24 12:15:00-04:00,2026-05-24 12:30:00-04:00,1.3482,1.3491,no
KXXRP15M-26MAY241245,Target Price: $1.3482,2026-05-24 12:30:00-04:00,2026-05-24 12:45:00-04:00,1.3471,1.3482,no
KXXRP15M-26MAY241300,Target Price: $1.3471,2026-05-24 12:45:00-04:00,2026-05-24 13:00:00-04:00,1.3496,1.3471,yes
KXXRP15M-26MAY241315,Target Price: $1.3496,2026-05-24 13:00:00-04:00,2026-05-24 13:15:00-04:00,1.3507,1.3496,yes
KXXRP15M-26MAY241330,Target Price: $1.3507,2026-05-24 13:15:00-04:00,2026-05-24 13:30:00-04:00,1.3508,1.3507,yes
KXXRP15M-26MAY241345,Target Price: $1.3508,2026-05-24 13:30:00-04:00,2026-05-24 13:45:00-04:00,1.3520,1.3508,yes
KXXRP15M-26MAY241400,Target Price: $1.3520,2026-05-24 13:45:00-04:00,2026-05-24 14:00:00-04:00,1.3518,1.352,no
KXXRP15M-26MAY241415,Target Price: $1.3518,2026-05-24 14:00:00-04:00,2026-05-24 14:15:00-04:00,1.3506,1.3518,no
KXXRP15M-26MAY241430,Target Price: $1.3506,2026-05-24 14:15:00-04:00,2026-05-24 14:30:00-04:00,1.3494,1.3506,no
KXXRP15M-26MAY241445,Target Price: $1.3494,2026-05-24 14:30:00-04:00,2026-05-24 14:45:00-04:00,1.3479,1.3494,no
KXXRP15M-26MAY241500,Target Price: $1.3479,2026-05-24 14:45:00-04:00,2026-05-24 15:00:00-04:00,1.3472,1.3479,no
KXXRP15M-26MAY241515,Target Price: $1.3472,2026-05-24 15:00:00-04:00,2026-05-24 15:15:00-04:00,1.3478,1.3472,yes
KXXRP15M-26MAY241530,Target Price: $1.3478,2026-05-24 15:15:00-04:00,2026-05-24 15:30:00-04:00,1.3457,1.3478,no
KXXRP15M-26MAY241545,Target Price: $1.3457,2026-05-24 15:30:00-04:00,2026-05-24 15:45:00-04:00,1.3468,1.3457,yes
KXXRP15M-26MAY241600,Target Price: $1.3468,2026-05-24 15:45:00-04:00,2026-05-24 16:00:00-04:00,1.3476,1.3468,yes
KXXRP15M-26MAY241615,Target Price: $1.3476,2026-05-24 16:00:00-04:00,2026-05-24 16:15:00-04:00,1.3446,1.3476,no
KXXRP15M-26MAY241630,Target Price: $1.3446,2026-05-24 16:15:00-04:00,2026-05-24 16:30:00-04:00,1.3445,1.3446,no
KXXRP15M-26MAY241645,Target Price: $1.3445,2026-05-24 16:30:00-04:00,2026-05-24 16:45:00-04:00,1.3430,1.3445,no
KXXRP15M-26MAY241700,Target Price: $1.3430,2026-05-24 16:45:00-04:00,2026-05-24 17:00:00-04:00,1.3429,1.343,no
KXXRP15M-26MAY241715,Target Price: $1.3429,2026-05-24 17:00:00-04:00,2026-05-24 17:15:00-04:00,1.3438,1.3429,yes
KXXRP15M-26MAY241730,Target Price: $1.3438,2026-05-24 17:15:00-04:00,2026-05-24 17:30:00-04:00,1.3399,1.3438,no
KXXRP15M-26MAY241745,Target Price: $1.3399,2026-05-24 17:30:00-04:00,2026-05-24 17:45:00-04:00,1.3339,1.3399,no
KXXRP15M-26MAY241800,Target Price: $1.3339,2026-05-24 17:45:00-04:00,2026-05-24 18:00:00-04:00,1.3341,1.3339,yes
KXXRP15M-26MAY241815,Target Price: $1.3341,2026-05-24 18:00:00-04:00,2026-05-24 18:15:00-04:00,1.3477,1.3341,yes
KXXRP15M-26MAY241830,Target Price: $1.3477,2026-05-24 18:15:00-04:00,2026-05-24 18:30:00-04:00,1.3487,1.3477,yes
KXXRP15M-26MAY241845,Target Price: $1.3487,2026-05-24 18:30:00-04:00,2026-05-24 18:45:00-04:00,1.3458,1.3487,no
KXXRP15M-26MAY241900,Target Price: $1.3458,2026-05-24 18:45:00-04:00,2026-05-24 19:00:00-04:00,1.3463,1.3458,yes
KXXRP15M-26MAY241915,Target Price: $1.3463,2026-05-24 19:00:00-04:00,2026-05-24 19:15:00-04:00,1.3485,1.3463,yes
KXXRP15M-26MAY241930,Target Price: $1.3485,2026-05-24 19:15:00-04:00,2026-05-24 19:30:00-04:00,1.3477,1.3485,no
KXXRP15M-26MAY241945,Target Price: $1.3477,2026-05-24 19:30:00-04:00,2026-05-24 19:45:00-04:00,1.3521,1.3477,yes
KXXRP15M-26MAY242000,Target Price: $1.3521,2026-05-24 19:45:00-04:00,2026-05-24 20:00:00-04:00,1.3494,1.3521,no
KXXRP15M-26MAY242015,Target Price: $1.3494,2026-05-24 20:00:00-04:00,2026-05-24 20:15:00-04:00,1.3511,1.3494,yes
KXXRP15M-26MAY242030,Target Price: $1.3511,2026-05-24 20:15:00-04:00,2026-05-24 20:30:00-04:00,1.3527,1.3511,yes
KXXRP15M-26MAY242045,Target Price: $1.3527,2026-05-24 20:30:00-04:00,2026-05-24 20:45:00-04:00,1.3509,1.3527,no
KXXRP15M-26MAY242100,Target Price: $1.3509,2026-05-24 20:45:00-04:00,2026-05-24 21:00:00-04:00,1.3501,1.3509,no
KXXRP15M-26MAY242115,Target Price: $1.3501,2026-05-24 21:00:00-04:00,2026-05-24 21:15:00-04:00,1.3513,1.3501,yes
KXXRP15M-26MAY242130,Target Price: $1.3513,2026-05-24 21:15:00-04:00,2026-05-24 21:30:00-04:00,1.3535,1.3513,yes
KXXRP15M-26MAY242145,Target Price: $1.3535,2026-05-24 21:30:00-04:00,2026-05-24 21:45:00-04:00,1.3516,1.3535,no
KXXRP15M-26MAY242200,Target Price: $1.3516,2026-05-24 21:45:00-04:00,2026-05-24 22:00:00-04:00,1.3458,1.3516,no
KXXRP15M-26MAY242215,Target Price: $1.3458,2026-05-24 22:00:00-04:00,2026-05-24 22:15:00-04:00,1.3536,1.3458,yes
KXXRP15M-26MAY242230,Target Price: $1.3536,2026-05-24 22:15:00-04:00,2026-05-24 22:30:00-04:00,1.3471,1.3536,no
KXXRP15M-26MAY242245,Target Price: $1.3471,2026-05-24 22:30:00-04:00,2026-05-24 22:45:00-04:00,1.3463,1.3471,no
KXXRP15M-26MAY242300,Target Price: $1.3463,2026-05-24 22:45:00-04:00,2026-05-24 23:00:00-04:00,1.3456,1.3463,no
KXXRP15M-26MAY242315,Target Price: $1.3456,2026-05-24 23:00:00-04:00,2026-05-24 23:15:00-04:00,1.3446,1.3456,no
KXXRP15M-26MAY242330,Target Price: $1.3446,2026-05-24 23:15:00-04:00,2026-05-24 23:30:00-04:00,1.3432,1.3446,no
KXXRP15M-26MAY242345,Target Price: $1.3432,2026-05-24 23:30:00-04:00,2026-05-24 23:45:00-04:00,1.3441,1.3432,yes
KXXRP15M-26MAY250000,Target Price: $1.3441,2026-05-24 23:45:00-04:00,2026-05-25 00:00:00-04:00,1.3454,1.3441,yes
KXXRP15M-26MAY250015,Target Price: $1.3454,2026-05-25 00:00:00-04:00,2026-05-25 00:15:00-04:00,1.3449,1.3454,no
KXXRP15M-26MAY250030,Target Price: $1.3449,2026-05-25 00:15:00-04:00,2026-05-25 00:30:00-04:00,1.3477,1.3449,yes
KXXRP15M-26MAY250045,Target Price: $1.3477,2026-05-25 00:30:00-04:00,2026-05-25 00:45:00-04:00,1.3499,1.3477,yes
KXXRP15M-26MAY250100,Target Price: $1.3499,2026-05-25 00:45:00-04:00,2026-05-25 01:00:00-04:00,1.3538,1.3499,yes
KXXRP15M-26MAY250115,Target Price: $1.3538,2026-05-25 01:00:00-04:00,2026-05-25 01:15:00-04:00,1.3560,1.3538,yes
KXXRP15M-26MAY250130,Target Price: $1.3560,2026-05-25 01:15:00-04:00,2026-05-25 01:30:00-04:00,1.3568,1.356,yes
KXXRP15M-26MAY250145,Target Price: $1.3568,2026-05-25 01:30:00-04:00,2026-05-25 01:45:00-04:00,1.3592,1.3568,yes
KXXRP15M-26MAY250200,Target Price: $1.3592,2026-05-25 01:45:00-04:00,2026-05-25 02:00:00-04:00,1.3568,1.3592,no
KXXRP15M-26MAY250215,Target Price: $1.3568,2026-05-25 02:00:00-04:00,2026-05-25 02:15:00-04:00,1.3560,1.3568,no
KXXRP15M-26MAY250230,Target Price: $1.3560,2026-05-25 02:15:00-04:00,2026-05-25 02:30:00-04:00,1.3539,1.356,no
KXXRP15M-26MAY250245,Target Price: $1.3539,2026-05-25 02:30:00-04:00,2026-05-25 02:45:00-04:00,1.3564,1.3539,yes
KXXRP15M-26MAY250300,Target Price: $1.3564,2026-05-25 02:45:00-04:00,2026-05-25 03:00:00-04:00,1.3566,1.3564,yes
KXXRP15M-26MAY250315,Target Price: $1.3566,2026-05-25 03:00:00-04:00,2026-05-25 03:15:00-04:00,1.3559,1.3566,no
KXXRP15M-26MAY250330,Target Price: $1.3559,2026-05-25 03:15:00-04:00,2026-05-25 03:30:00-04:00,1.3519,1.3559,no
KXXRP15M-26MAY250345,Target Price: $1.3519,2026-05-25 03:30:00-04:00,2026-05-25 03:45:00-04:00,1.3536,1.3519,yes
KXXRP15M-26MAY250400,Target Price: $1.3536,2026-05-25 03:45:00-04:00,2026-05-25 04:00:00-04:00,1.3543,1.3536,yes
KXXRP15M-26MAY250415,Target Price: $1.3543,2026-05-25 04:00:00-04:00,2026-05-25 04:15:00-04:00,1.3582,1.3543,yes
KXXRP15M-26MAY250430,Target Price: $1.3582,2026-05-25 04:15:00-04:00,2026-05-25 04:30:00-04:00,1.3584,1.3582,yes
KXXRP15M-26MAY250445,Target Price: $1.3584,2026-05-25 04:30:00-04:00,2026-05-25 04:45:00-04:00,1.3575,1.3584,no
KXXRP15M-26MAY250500,Target Price: $1.3575,2026-05-25 04:45:00-04:00,2026-05-25 05:00:00-04:00,1.3579,1.3575,yes
KXXRP15M-26MAY250515,Target Price: $1.3579,2026-05-25 05:00:00-04:00,2026-05-25 05:15:00-04:00,1.3575,1.3579,no
KXXRP15M-26MAY250530,Target Price: $1.3575,2026-05-25 05:15:00-04:00,2026-05-25 05:30:00-04:00,1.3595,1.3575,yes
KXXRP15M-26MAY250545,Target Price: $1.3595,2026-05-25 05:30:00-04:00,2026-05-25 05:45:00-04:00,1.3598,1.3595,yes
KXXRP15M-26MAY250600,Target Price: $1.3598,2026-05-25 05:45:00-04:00,2026-05-25 06:00:00-04:00,1.3600,1.3598,yes
KXXRP15M-26MAY250615,Target Price: $1.3600,2026-05-25 06:00:00-04:00,2026-05-25 06:15:00-04:00,1.3593,1.36,no
KXXRP15M-26MAY250630,Target Price: $1.3593,2026-05-25 06:15:00-04:00,2026-05-25 06:30:00-04:00,1.3588,1.3593,no
KXXRP15M-26MAY250645,Target Price: $1.3588,2026-05-25 06:30:00-04:00,2026-05-25 06:45:00-04:00,1.3589,1.3588,yes
KXXRP15M-26MAY250700,Target Price: $1.3589,2026-05-25 06:45:00-04:00,2026-05-25 07:00:00-04:00,1.3595,1.3589,yes
KXXRP15M-26MAY250715,Target Price: $1.3595,2026-05-25 07:00:00-04:00,2026-05-25 07:15:00-04:00,1.3584,1.3595,no
KXXRP15M-26MAY250730,Target Price: $1.3584,2026-05-25 07:15:00-04:00,2026-05-25 07:30:00-04:00,1.3579,1.3584,no
KXXRP15M-26MAY250745,Target Price: $1.3579,2026-05-25 07:30:00-04:00,2026-05-25 07:45:00-04:00,1.3585,1.3579,yes
KXXRP15M-26MAY250800,Target Price: $1.3585,2026-05-25 07:45:00-04:00,2026-05-25 08:00:00-04:00,1.3566,1.3585,no
KXXRP15M-26MAY250815,Target Price: $1.3566,2026-05-25 08:00:00-04:00,2026-05-25 08:15:00-04:00,1.3567,1.3566,yes
KXXRP15M-26MAY250830,Target Price: $1.3567,2026-05-25 08:15:00-04:00,2026-05-25 08:30:00-04:00,1.3572,1.3567,yes
KXXRP15M-26MAY250845,Target Price: $1.3572,2026-05-25 08:30:00-04:00,2026-05-25 08:45:00-04:00,1.3570,1.3572,no
KXXRP15M-26MAY250900,Target Price: $1.3570,2026-05-25 08:45:00-04:00,2026-05-25 09:00:00-04:00,1.3566,1.357,no
KXXRP15M-26MAY250915,Target Price: $1.3566,2026-05-25 09:00:00-04:00,2026-05-25 09:15:00-04:00,1.3555,1.3566,no
KXXRP15M-26MAY250930,Target Price: $1.3555,2026-05-25 09:15:00-04:00,2026-05-25 09:30:00-04:00,1.3560,1.3555,yes
KXXRP15M-26MAY250945,Target Price: $1.3560,2026-05-25 09:30:00-04:00,2026-05-25 09:45:00-04:00,1.3561,1.356,yes
KXXRP15M-26MAY251000,Target Price: $1.3561,2026-05-25 09:45:00-04:00,2026-05-25 10:00:00-04:00,1.3572,1.3561,yes
KXXRP15M-26MAY251015,Target Price: $1.3572,2026-05-25 10:00:00-04:00,2026-05-25 10:15:00-04:00,1.3589,1.3572,yes
KXXRP15M-26MAY251030,Target Price: $1.3589,2026-05-25 10:15:00-04:00,2026-05-25 10:30:00-04:00,1.3612,1.3589,yes
KXXRP15M-26MAY251045,Target Price: $1.3612,2026-05-25 10:30:00-04:00,2026-05-25 10:45:00-04:00,1.3583,1.3612,no
KXXRP15M-26MAY251100,Target Price: $1.3583,2026-05-25 10:45:00-04:00,2026-05-25 11:00:00-04:00,1.3603,1.3583,yes
KXXRP15M-26MAY251115,Target Price: $1.3603,2026-05-25 11:00:00-04:00,2026-05-25 11:15:00-04:00,1.3601,1.3603,no
KXXRP15M-26MAY251130,Target Price: $1.3601,2026-05-25 11:15:00-04:00,2026-05-25 11:30:00-04:00,1.3576,1.3601,no
KXXRP15M-26MAY251145,Target Price: $1.3576,2026-05-25 11:30:00-04:00,2026-05-25 11:45:00-04:00,1.3593,1.3576,yes
KXXRP15M-26MAY251200,Target Price: $1.3593,2026-05-25 11:45:00-04:00,2026-05-25 12:00:00-04:00,1.3583,1.3593,no
KXXRP15M-26MAY251215,Target Price: $1.3583,2026-05-25 12:00:00-04:00,2026-05-25 12:15:00-04:00,1.3570,1.3583,no
KXXRP15M-26MAY251230,Target Price: $1.3570,2026-05-25 12:15:00-04:00,2026-05-25 12:30:00-04:00,1.3575,1.357,yes
KXXRP15M-26MAY251245,Target Price: $1.3575,2026-05-25 12:30:00-04:00,2026-05-25 12:45:00-04:00,1.3597,1.3575,yes
KXXRP15M-26MAY251300,Target Price: $1.3597,2026-05-25 12:45:00-04:00,2026-05-25 13:00:00-04:00,1.3621,1.3597,yes
KXXRP15M-26MAY251315,Target Price: $1.3621,2026-05-25 13:00:00-04:00,2026-05-25 13:15:00-04:00,1.3617,1.3621,no
KXXRP15M-26MAY251330,Target Price: $1.3617,2026-05-25 13:15:00-04:00,2026-05-25 13:30:00-04:00,1.3616,1.3617,no
KXXRP15M-26MAY251345,Target Price: $1.3616,2026-05-25 13:30:00-04:00,2026-05-25 13:45:00-04:00,1.3613,1.3616,no
KXXRP15M-26MAY251400,Target Price: $1.3613,2026-05-25 13:45:00-04:00,2026-05-25 14:00:00-04:00,1.3605,1.3613,no
KXXRP15M-26MAY251415,Target Price: $1.3605,2026-05-25 14:00:00-04:00,2026-05-25 14:15:00-04:00,1.3618,1.3605,yes
KXXRP15M-26MAY251430,Target Price: $1.3618,2026-05-25 14:15:00-04:00,2026-05-25 14:30:00-04:00,1.3609,1.3618,no
KXXRP15M-26MAY251445,Target Price: $1.3609,2026-05-25 14:30:00-04:00,2026-05-25 14:45:00-04:00,1.3587,1.3609,no
KXXRP15M-26MAY251500,Target Price: $1.3587,2026-05-25 14:45:00-04:00,2026-05-25 15:00:00-04:00,1.3577,1.3587,no
KXXRP15M-26MAY251515,Target Price: $1.3577,2026-05-25 15:00:00-04:00,2026-05-25 15:15:00-04:00,1.3565,1.3577,no
KXXRP15M-26MAY251530,Target Price: $1.3565,2026-05-25 15:15:00-04:00,2026-05-25 15:30:00-04:00,1.3567,1.3565,yes
KXXRP15M-26MAY251545,Target Price: $1.3567,2026-05-25 15:30:00-04:00,2026-05-25 15:45:00-04:00,1.3549,1.3567,no
KXXRP15M-26MAY251600,Target Price: $1.3549,2026-05-25 15:45:00-04:00,2026-05-25 16:00:00-04:00,1.3563,1.3549,yes
KXXRP15M-26MAY251615,Target Price: $1.3563,2026-05-25 16:00:00-04:00,2026-05-25 16:15:00-04:00,1.3578,1.3563,yes
KXXRP15M-26MAY251630,Target Price: $1.3578,2026-05-25 16:15:00-04:00,2026-05-25 16:30:00-04:00,1.3564,1.3578,no
KXXRP15M-26MAY251645,Target Price: $1.3564,2026-05-25 16:30:00-04:00,2026-05-25 16:45:00-04:00,1.3524,1.3564,no
KXXRP15M-26MAY251700,Target Price: $1.3524,2026-05-25 16:45:00-04:00,2026-05-25 17:00:00-04:00,1.3535,1.3524,yes
KXXRP15M-26MAY251715,Target Price: $1.3535,2026-05-25 17:00:00-04:00,2026-05-25 17:15:00-04:00,1.3555,1.3535,yes
KXXRP15M-26MAY251730,Target Price: $1.3555,2026-05-25 17:15:00-04:00,2026-05-25 17:30:00-04:00,1.3549,1.3555,no
KXXRP15M-26MAY251745,Target Price: $1.3549,2026-05-25 17:30:00-04:00,2026-05-25 17:45:00-04:00,1.3542,1.3549,no
KXXRP15M-26MAY251800,Target Price: $1.3542,2026-05-25 17:45:00-04:00,2026-05-25 18:00:00-04:00,1.3537,1.3542,no
KXXRP15M-26MAY251815,Target Price: $1.3537,2026-05-25 18:00:00-04:00,2026-05-25 18:15:00-04:00,1.3537,1.3537,yes
KXXRP15M-26MAY251830,Target Price: $1.3537,2026-05-25 18:15:00-04:00,2026-05-25 18:30:00-04:00,1.3504,1.3537,no
KXXRP15M-26MAY251845,Target Price: $1.3504,2026-05-25 18:30:00-04:00,2026-05-25 18:45:00-04:00,1.3490,1.3504,no
KXXRP15M-26MAY251900,Target Price: $1.3490,2026-05-25 18:45:00-04:00,2026-05-25 19:00:00-04:00,1.3483,1.349,no
KXXRP15M-26MAY251915,Target Price: $1.3483,2026-05-25 19:00:00-04:00,2026-05-25 19:15:00-04:00,1.3495,1.3483,yes
KXXRP15M-26MAY251930,Target Price: $1.3495,2026-05-25 19:15:00-04:00,2026-05-25 19:30:00-04:00,1.3495,1.3495,yes
KXXRP15M-26MAY251945,Target Price: $1.3495,2026-05-25 19:30:00-04:00,2026-05-25 19:45:00-04:00,1.3497,1.3495,yes
KXXRP15M-26MAY252000,Target Price: $1.3497,2026-05-25 19:45:00-04:00,2026-05-25 20:00:00-04:00,1.3495,1.3497,no
KXXRP15M-26MAY252015,Target Price: $1.3495,2026-05-25 20:00:00-04:00,2026-05-25 20:15:00-04:00,1.3488,1.3495,no
KXXRP15M-26MAY252030,Target Price: $1.3488,2026-05-25 20:15:00-04:00,2026-05-25 20:30:00-04:00,1.3469,1.3488,no
KXXRP15M-26MAY252045,Target Price: $1.3469,2026-05-25 20:30:00-04:00,2026-05-25 20:45:00-04:00,1.3412,1.3469,no
KXXRP15M-26MAY252100,Target Price: $1.3412,2026-05-25 20:45:00-04:00,2026-05-25 21:00:00-04:00,1.3411,1.3412,no
KXXRP15M-26MAY252115,Target Price: $1.3411,2026-05-25 21:00:00-04:00,2026-05-25 21:15:00-04:00,1.3421,1.3411,yes
KXXRP15M-26MAY252130,Target Price: $1.3421,2026-05-25 21:15:00-04:00,2026-05-25 21:30:00-04:00,1.3413,1.3421,no
KXXRP15M-26MAY252145,Target Price: $1.3413,2026-05-25 21:30:00-04:00,2026-05-25 21:45:00-04:00,1.3375,1.3413,no
KXXRP15M-26MAY252200,Target Price: $1.3375,2026-05-25 21:45:00-04:00,2026-05-25 22:00:00-04:00,1.3390,1.3375,yes
KXXRP15M-26MAY252215,Target Price: $1.3390,2026-05-25 22:00:00-04:00,2026-05-25 22:15:00-04:00,1.3385,1.339,no
KXXRP15M-26MAY252230,Target Price: $1.3385,2026-05-25 22:15:00-04:00,2026-05-25 22:30:00-04:00,1.3369,1.3385,no
KXXRP15M-26MAY252245,Target Price: $1.3369,2026-05-25 22:30:00-04:00,2026-05-25 22:45:00-04:00,1.3367,1.3369,no
KXXRP15M-26MAY252300,Target Price: $1.3367,2026-05-25 22:45:00-04:00,2026-05-25 23:00:00-04:00,1.3364,1.3367,no
KXXRP15M-26MAY252315,Target Price: $1.3364,2026-05-25 23:00:00-04:00,2026-05-25 23:15:00-04:00,1.3341,1.3364,no
KXXRP15M-26MAY252330,Target Price: $1.3341,2026-05-25 23:15:00-04:00,2026-05-25 23:30:00-04:00,1.3355,1.3341,yes
KXXRP15M-26MAY252345,Target Price: $1.3355,2026-05-25 23:30:00-04:00,2026-05-25 23:45:00-04:00,1.3386,1.3355,yes
KXXRP15M-26MAY260000,Target Price: $1.3386,2026-05-25 23:45:00-04:00,2026-05-26 00:00:00-04:00,1.3392,1.3386,yes
KXXRP15M-26MAY260015,Target Price: $1.3392,2026-05-26 00:00:00-04:00,2026-05-26 00:15:00-04:00,1.3398,1.3392,yes
KXXRP15M-26MAY260030,Target Price: $1.3398,2026-05-26 00:15:00-04:00,2026-05-26 00:30:00-04:00,1.3428,1.3398,yes
KXXRP15M-26MAY260045,Target Price: $1.3428,2026-05-26 00:30:00-04:00,2026-05-26 00:45:00-04:00,1.3445,1.3428,yes
KXXRP15M-26MAY260100,Target Price: $1.3445,2026-05-26 00:45:00-04:00,2026-05-26 01:00:00-04:00,1.3444,1.3445,no
KXXRP15M-26MAY260115,Target Price: $1.3444,2026-05-26 01:00:00-04:00,2026-05-26 01:15:00-04:00,1.3455,1.3444,yes
KXXRP15M-26MAY260130,Target Price: $1.3455,2026-05-26 01:15:00-04:00,2026-05-26 01:30:00-04:00,1.3461,1.3455,yes
KXXRP15M-26MAY260145,Target Price: $1.3461,2026-05-26 01:30:00-04:00,2026-05-26 01:45:00-04:00,1.3478,1.3461,yes
KXXRP15M-26MAY260200,Target Price: $1.3478,2026-05-26 01:45:00-04:00,2026-05-26 02:00:00-04:00,1.3467,1.3478,no
KXXRP15M-26MAY260215,Target Price: $1.3467,2026-05-26 02:00:00-04:00,2026-05-26 02:15:00-04:00,1.3460,1.3467,no
KXXRP15M-26MAY260230,Target Price: $1.3460,2026-05-26 02:15:00-04:00,2026-05-26 02:30:00-04:00,1.3450,1.346,no
KXXRP15M-26MAY260245,Target Price: $1.3450,2026-05-26 02:30:00-04:00,2026-05-26 02:45:00-04:00,1.3480,1.345,yes
KXXRP15M-26MAY260300,Target Price: $1.3480,2026-05-26 02:45:00-04:00,2026-05-26 03:00:00-04:00,1.3470,1.348,no
KXXRP15M-26MAY260315,Target Price: $1.3470,2026-05-26 03:00:00-04:00,2026-05-26 03:15:00-04:00,1.3426,1.347,no
KXXRP15M-26MAY260330,Target Price: $1.3426,2026-05-26 03:15:00-04:00,2026-05-26 03:30:00-04:00,1.3414,1.3426,no
KXXRP15M-26MAY260345,Target Price: $1.3414,2026-05-26 03:30:00-04:00,2026-05-26 03:45:00-04:00,1.3394,1.3414,no
KXXRP15M-26MAY260400,Target Price: $1.3394,2026-05-26 03:45:00-04:00,2026-05-26 04:00:00-04:00,1.3392,1.3394,no
KXXRP15M-26MAY260415,Target Price: $1.3392,2026-05-26 04:00:00-04:00,2026-05-26 04:15:00-04:00,1.3410,1.3392,yes
KXXRP15M-26MAY260430,Target Price: $1.3410,2026-05-26 04:15:00-04:00,2026-05-26 04:30:00-04:00,1.3408,1.341,no
KXXRP15M-26MAY260445,Target Price: $1.3408,2026-05-26 04:30:00-04:00,2026-05-26 04:45:00-04:00,1.3416,1.3408,yes
KXXRP15M-26MAY260500,Target Price: $1.3416,2026-05-26 04:45:00-04:00,2026-05-26 05:00:00-04:00,1.3397,1.3416,no
KXXRP15M-26MAY260515,Target Price: $1.3397,2026-05-26 05:00:00-04:00,2026-05-26 05:15:00-04:00,1.3397,1.3397,yes
KXXRP15M-26MAY260530,Target Price: $1.3397,2026-05-26 05:15:00-04:00,2026-05-26 05:30:00-04:00,1.3410,1.3397,yes
KXXRP15M-26MAY260545,Target Price: $1.3410,2026-05-26 05:30:00-04:00,2026-05-26 05:45:00-04:00,1.3412,1.341,yes
KXXRP15M-26MAY260600,Target Price: $1.3412,2026-05-26 05:45:00-04:00,2026-05-26 06:00:00-04:00,1.3407,1.3412,no
KXXRP15M-26MAY260615,Target Price: $1.3407,2026-05-26 06:00:00-04:00,2026-05-26 06:15:00-04:00,1.3427,1.3407,yes
KXXRP15M-26MAY260630,Target Price: $1.3427,2026-05-26 06:15:00-04:00,2026-05-26 06:30:00-04:00,1.3543,1.3427,yes
KXXRP15M-26MAY260645,Target Price: $1.3543,2026-05-26 06:30:00-04:00,2026-05-26 06:45:00-04:00,1.3570,1.3543,yes
KXXRP15M-26MAY260700,Target Price: $1.3570,2026-05-26 06:45:00-04:00,2026-05-26 07:00:00-04:00,1.3554,1.357,no
KXXRP15M-26MAY260715,Target Price: $1.3554,2026-05-26 07:00:00-04:00,2026-05-26 07:15:00-04:00,1.3546,1.3554,no
KXXRP15M-26MAY260730,Target Price: $1.3546,2026-05-26 07:15:00-04:00,2026-05-26 07:30:00-04:00,1.3512,1.3546,no
KXXRP15M-26MAY260745,Target Price: $1.3512,2026-05-26 07:30:00-04:00,2026-05-26 07:45:00-04:00,1.3519,1.3512,yes
KXXRP15M-26MAY260800,Target Price: $1.3519,2026-05-26 07:45:00-04:00,2026-05-26 08:00:00-04:00,1.3509,1.3519,no
KXXRP15M-26MAY260815,Target Price: $1.3509,2026-05-26 08:00:00-04:00,2026-05-26 08:15:00-04:00,1.3506,1.3509,no
KXXRP15M-26MAY260830,Target Price: $1.3506,2026-05-26 08:15:00-04:00,2026-05-26 08:30:00-04:00,1.3501,1.3506,no
KXXRP15M-26MAY260845,Target Price: $1.3501,2026-05-26 08:30:00-04:00,2026-05-26 08:45:00-04:00,1.3519,1.3501,yes
KXXRP15M-26MAY260900,Target Price: $1.3519,2026-05-26 08:45:00-04:00,2026-05-26 09:00:00-04:00,1.3541,1.3519,yes
KXXRP15M-26MAY260915,Target Price: $1.3541,2026-05-26 09:00:00-04:00,2026-05-26 09:15:00-04:00,1.3534,1.3541,no
KXXRP15M-26MAY260930,Target Price: $1.3534,2026-05-26 09:15:00-04:00,2026-05-26 09:30:00-04:00,1.3495,1.3534,no
KXXRP15M-26MAY260945,Target Price: $1.3495,2026-05-26 09:30:00-04:00,2026-05-26 09:45:00-04:00,1.3509,1.3495,yes
KXXRP15M-26MAY261000,Target Price: $1.3509,2026-05-26 09:45:00-04:00,2026-05-26 10:00:00-04:00,1.3540,1.3509,yes
KXXRP15M-26MAY261015,Target Price: $1.3540,2026-05-26 10:00:00-04:00,2026-05-26 10:15:00-04:00,1.3569,1.354,yes
KXXRP15M-26MAY261030,Target Price: $1.3569,2026-05-26 10:15:00-04:00,2026-05-26 10:30:00-04:00,1.3624,1.3569,yes
KXXRP15M-26MAY261045,Target Price: $1.3624,2026-05-26 10:30:00-04:00,2026-05-26 10:45:00-04:00,1.3489,1.3624,no
KXXRP15M-26MAY261100,Target Price: $1.3489,2026-05-26 10:45:00-04:00,2026-05-26 11:00:00-04:00,1.3513,1.3489,yes
KXXRP15M-26MAY261115,Target Price: $1.3513,2026-05-26 11:00:00-04:00,2026-05-26 11:15:00-04:00,1.3505,1.3513,no
KXXRP15M-26MAY261130,Target Price: $1.3505,2026-05-26 11:15:00-04:00,2026-05-26 11:30:00-04:00,1.3464,1.3505,no
KXXRP15M-26MAY261145,Target Price: $1.3464,2026-05-26 11:30:00-04:00,2026-05-26 11:45:00-04:00,1.3458,1.3464,no
KXXRP15M-26MAY261200,Target Price: $1.3458,2026-05-26 11:45:00-04:00,2026-05-26 12:00:00-04:00,1.3438,1.3458,no
KXXRP15M-26MAY261215,Target Price: $1.3438,2026-05-26 12:00:00-04:00,2026-05-26 12:15:00-04:00,1.3396,1.3438,no
KXXRP15M-26MAY261230,Target Price: $1.3396,2026-05-26 12:15:00-04:00,2026-05-26 12:30:00-04:00,1.3404,1.3396,yes
KXXRP15M-26MAY261245,Target Price: $1.3404,2026-05-26 12:30:00-04:00,2026-05-26 12:45:00-04:00,1.3407,1.3404,yes
KXXRP15M-26MAY261300,Target Price: $1.3407,2026-05-26 12:45:00-04:00,2026-05-26 13:00:00-04:00,1.3392,1.3407,no
KXXRP15M-26MAY261315,Target Price: $1.3392,2026-05-26 13:00:00-04:00,2026-05-26 13:15:00-04:00,1.3391,1.3392,no
KXXRP15M-26MAY261330,Target Price: $1.3391,2026-05-26 13:15:00-04:00,2026-05-26 13:30:00-04:00,1.3298,1.3391,no
KXXRP15M-26MAY261345,Target Price: $1.3298,2026-05-26 13:30:00-04:00,2026-05-26 13:45:00-04:00,1.3314,1.3298,yes
KXXRP15M-26MAY261400,Target Price: $1.3314,2026-05-26 13:45:00-04:00,2026-05-26 14:00:00-04:00,1.3318,1.3314,yes
KXXRP15M-26MAY261415,Target Price: $1.3318,2026-05-26 14:00:00-04:00,2026-05-26 14:15:00-04:00,1.3325,1.3318,yes
KXXRP15M-26MAY261430,Target Price: $1.3325,2026-05-26 14:15:00-04:00,2026-05-26 14:30:00-04:00,1.3347,1.3325,yes
KXXRP15M-26MAY261445,Target Price: $1.3347,2026-05-26 14:30:00-04:00,2026-05-26 14:45:00-04:00,1.3289,1.3347,no
KXXRP15M-26MAY261500,Target Price: $1.3289,2026-05-26 14:45:00-04:00,2026-05-26 15:00:00-04:00,1.3279,1.3289,no
KXXRP15M-26MAY261515,Target Price: $1.3279,2026-05-26 15:00:00-04:00,2026-05-26 15:15:00-04:00,1.3268,1.3279,no
KXXRP15M-26MAY261530,Target Price: $1.3268,2026-05-26 15:15:00-04:00,2026-05-26 15:30:00-04:00,1.3281,1.3268,yes
KXXRP15M-26MAY261545,Target Price: $1.3281,2026-05-26 15:30:00-04:00,2026-05-26 15:45:00-04:00,1.3318,1.3281,yes
KXXRP15M-26MAY261600,Target Price: $1.3318,2026-05-26 15:45:00-04:00,2026-05-26 16:00:00-04:00,1.3302,1.3318,no
KXXRP15M-26MAY261615,Target Price: $1.3302,2026-05-26 16:00:00-04:00,2026-05-26 16:15:00-04:00,1.3310,1.3302,yes
KXXRP15M-26MAY261630,Target Price: $1.3310,2026-05-26 16:15:00-04:00,2026-05-26 16:30:00-04:00,1.3320,1.331,yes
KXXRP15M-26MAY261645,Target Price: $1.3320,2026-05-26 16:30:00-04:00,2026-05-26 16:45:00-04:00,1.3312,1.332,no
KXXRP15M-26MAY261700,Target Price: $1.3312,2026-05-26 16:45:00-04:00,2026-05-26 17:00:00-04:00,1.3317,1.3312,yes
KXXRP15M-26MAY261715,Target Price: $1.3317,2026-05-26 17:00:00-04:00,2026-05-26 17:15:00-04:00,1.3276,1.3317,no
KXXRP15M-26MAY261730,Target Price: $1.3276,2026-05-26 17:15:00-04:00,2026-05-26 17:30:00-04:00,1.3314,1.3276,yes
KXXRP15M-26MAY261745,Target Price: $1.3314,2026-05-26 17:30:00-04:00,2026-05-26 17:45:00-04:00,1.3318,1.3314,yes
KXXRP15M-26MAY261800,Target Price: $1.3318,2026-05-26 17:45:00-04:00,2026-05-26 18:00:00-04:00,1.3296,1.3318,no
KXXRP15M-26MAY261815,Target Price: $1.3296,2026-05-26 18:00:00-04:00,2026-05-26 18:15:00-04:00,1.3296,1.3296,yes
KXXRP15M-26MAY261830,Target Price: $1.3296,2026-05-26 18:15:00-04:00,2026-05-26 18:30:00-04:00,1.3289,1.3296,no
KXXRP15M-26MAY261845,Target Price: $1.3289,2026-05-26 18:30:00-04:00,2026-05-26 18:45:00-04:00,1.3281,1.3289,no
KXXRP15M-26MAY261900,Target Price: $1.3281,2026-05-26 18:45:00-04:00,2026-05-26 19:00:00-04:00,1.3280,1.3281,no
KXXRP15M-26MAY261915,Target Price: $1.3280,2026-05-26 19:00:00-04:00,2026-05-26 19:15:00-04:00,1.3290,1.328,yes
KXXRP15M-26MAY261930,Target Price: $1.3290,2026-05-26 19:15:00-04:00,2026-05-26 19:30:00-04:00,1.3284,1.329,no
KXXRP15M-26MAY261945,Target Price: $1.3284,2026-05-26 19:30:00-04:00,2026-05-26 19:45:00-04:00,1.3283,1.3284,no
KXXRP15M-26MAY262000,Target Price: $1.3283,2026-05-26 19:45:00-04:00,2026-05-26 20:00:00-04:00,1.3272,1.3283,no
KXXRP15M-26MAY262015,Target Price: $1.3272,2026-05-26 20:00:00-04:00,2026-05-26 20:15:00-04:00,1.3297,1.3272,yes
KXXRP15M-26MAY262030,Target Price: $1.3297,2026-05-26 20:15:00-04:00,2026-05-26 20:30:00-04:00,1.3281,1.3297,no
KXXRP15M-26MAY262045,Target Price: $1.3281,2026-05-26 20:30:00-04:00,2026-05-26 20:45:00-04:00,1.3295,1.3281,yes
KXXRP15M-26MAY262100,Target Price: $1.3295,2026-05-26 20:45:00-04:00,2026-05-26 21:00:00-04:00,1.3312,1.3295,yes
KXXRP15M-26MAY262115,Target Price: $1.3312,2026-05-26 21:00:00-04:00,2026-05-26 21:15:00-04:00,1.3312,1.3312,yes
KXXRP15M-26MAY262130,Target Price: $1.3312,2026-05-26 21:15:00-04:00,2026-05-26 21:30:00-04:00,1.3293,1.3312,no
KXXRP15M-26MAY262145,Target Price: $1.3293,2026-05-26 21:30:00-04:00,2026-05-26 21:45:00-04:00,1.3301,1.3293,yes
KXXRP15M-26MAY262200,Target Price: $1.3301,2026-05-26 21:45:00-04:00,2026-05-26 22:00:00-04:00,1.3288,1.3301,no
KXXRP15M-26MAY262215,Target Price: $1.3288,2026-05-26 22:00:00-04:00,2026-05-26 22:15:00-04:00,1.3282,1.3288,no
KXXRP15M-26MAY262230,Target Price: $1.3282,2026-05-26 22:15:00-04:00,2026-05-26 22:30:00-04:00,1.3272,1.3282,no
KXXRP15M-26MAY262245,Target Price: $1.3272,2026-05-26 22:30:00-04:00,2026-05-26 22:45:00-04:00,1.3274,1.3272,yes
KXXRP15M-26MAY262300,Target Price: $1.3274,2026-05-26 22:45:00-04:00,2026-05-26 23:00:00-04:00,1.3285,1.3274,yes
KXXRP15M-26MAY262315,Target Price: $1.3285,2026-05-26 23:00:00-04:00,2026-05-26 23:15:00-04:00,1.3304,1.3285,yes
KXXRP15M-26MAY262330,Target Price: $1.3304,2026-05-26 23:15:00-04:00,2026-05-26 23:30:00-04:00,1.3299,1.3304,no
KXXRP15M-26MAY262345,Target Price: $1.3299,2026-05-26 23:30:00-04:00,2026-05-26 23:45:00-04:00,1.3285,1.3299,no
KXXRP15M-26MAY270000,Target Price: $1.3285,2026-05-26 23:45:00-04:00,2026-05-27 00:00:00-04:00,1.3259,1.3285,no
KXXRP15M-26MAY270015,Target Price: $1.3259,2026-05-27 00:00:00-04:00,2026-05-27 00:15:00-04:00,1.3258,1.3259,no
KXXRP15M-26MAY270030,Target Price: $1.3258,2026-05-27 00:15:00-04:00,2026-05-27 00:30:00-04:00,1.3235,1.3258,no
KXXRP15M-26MAY270045,Target Price: $1.3235,2026-05-27 00:30:00-04:00,2026-05-27 00:45:00-04:00,1.3224,1.3235,no
KXXRP15M-26MAY270100,Target Price: $1.3224,2026-05-27 00:45:00-04:00,2026-05-27 01:00:00-04:00,1.3294,1.3224,yes
KXXRP15M-26MAY270115,Target Price: $1.3294,2026-05-27 01:00:00-04:00,2026-05-27 01:15:00-04:00,1.3293,1.3294,no
KXXRP15M-26MAY270130,Target Price: $1.3293,2026-05-27 01:15:00-04:00,2026-05-27 01:30:00-04:00,1.3302,1.3293,yes
KXXRP15M-26MAY270145,Target Price: $1.3302,2026-05-27 01:30:00-04:00,2026-05-27 01:45:00-04:00,1.3290,1.3302,no
KXXRP15M-26MAY270200,Target Price: $1.3290,2026-05-27 01:45:00-04:00,2026-05-27 02:00:00-04:00,1.3300,1.329,yes
KXXRP15M-26MAY270215,Target Price: $1.3300,2026-05-27 02:00:00-04:00,2026-05-27 02:15:00-04:00,1.3296,1.33,no
KXXRP15M-26MAY270230,Target Price: $1.3296,2026-05-27 02:15:00-04:00,2026-05-27 02:30:00-04:00,1.3307,1.3296,yes
KXXRP15M-26MAY270245,Target Price: $1.3307,2026-05-27 02:30:00-04:00,2026-05-27 02:45:00-04:00,1.3340,1.3307,yes
KXXRP15M-26MAY270300,Target Price: $1.3340,2026-05-27 02:45:00-04:00,2026-05-27 03:00:00-04:00,1.3342,1.334,yes
KXXRP15M-26MAY270315,Target Price: $1.3342,2026-05-27 03:00:00-04:00,2026-05-27 03:15:00-04:00,1.3330,1.3342,no
KXXRP15M-26MAY270330,Target Price: $1.3330,2026-05-27 03:15:00-04:00,2026-05-27 03:30:00-04:00,1.3328,1.333,no
KXXRP15M-26MAY270345,Target Price: $1.3328,2026-05-27 03:30:00-04:00,2026-05-27 03:45:00-04:00,1.3302,1.3328,no
KXXRP15M-26MAY270400,Target Price: $1.3302,2026-05-27 03:45:00-04:00,2026-05-27 04:00:00-04:00,1.3304,1.3302,yes
KXXRP15M-26MAY270415,Target Price: $1.3304,2026-05-27 04:00:00-04:00,2026-05-27 04:15:00-04:00,1.3331,1.3304,yes
KXXRP15M-26MAY270430,Target Price: $1.3331,2026-05-27 04:15:00-04:00,2026-05-27 04:30:00-04:00,1.3358,1.3331,yes
KXXRP15M-26MAY270445,Target Price: $1.3358,2026-05-27 04:30:00-04:00,2026-05-27 04:45:00-04:00,1.3346,1.3358,no
KXXRP15M-26MAY270500,Target Price: $1.3346,2026-05-27 04:45:00-04:00,2026-05-27 05:00:00-04:00,1.3332,1.3346,no
KXXRP15M-26MAY270515,Target Price: $1.3332,2026-05-27 05:00:00-04:00,2026-05-27 05:15:00-04:00,1.3327,1.3332,no
KXXRP15M-26MAY270530,Target Price: $1.3327,2026-05-27 05:15:00-04:00,2026-05-27 05:30:00-04:00,1.3279,1.3327,no
KXXRP15M-26MAY270545,Target Price: $1.3279,2026-05-27 05:30:00-04:00,2026-05-27 05:45:00-04:00,1.3296,1.3279,yes
KXXRP15M-26MAY270600,Target Price: $1.3296,2026-05-27 05:45:00-04:00,2026-05-27 06:00:00-04:00,1.3282,1.3296,no
KXXRP15M-26MAY270615,Target Price: $1.3282,2026-05-27 06:00:00-04:00,2026-05-27 06:15:00-04:00,1.3304,1.3282,yes
KXXRP15M-26MAY270630,Target Price: $1.3304,2026-05-27 06:15:00-04:00,2026-05-27 06:30:00-04:00,1.3310,1.3304,yes
KXXRP15M-26MAY270645,Target Price: $1.3310,2026-05-27 06:30:00-04:00,2026-05-27 06:45:00-04:00,1.3291,1.331,no
KXXRP15M-26MAY270700,Target Price: $1.3291,2026-05-27 06:45:00-04:00,2026-05-27 07:00:00-04:00,1.3294,1.3291,yes
KXXRP15M-26MAY270715,Target Price: $1.3294,2026-05-27 07:00:00-04:00,2026-05-27 07:15:00-04:00,1.3308,1.3294,yes
KXXRP15M-26MAY270730,Target Price: $1.3308,2026-05-27 07:15:00-04:00,2026-05-27 07:30:00-04:00,1.3311,1.3308,yes
KXXRP15M-26MAY270745,Target Price: $1.3311,2026-05-27 07:30:00-04:00,2026-05-27 07:45:00-04:00,1.3287,1.3311,no
KXXRP15M-26MAY270800,Target Price: $1.3287,2026-05-27 07:45:00-04:00,2026-05-27 08:00:00-04:00,1.3277,1.3287,no
KXXRP15M-26MAY270815,Target Price: $1.3277,2026-05-27 08:00:00-04:00,2026-05-27 08:15:00-04:00,1.3249,1.3277,no
KXXRP15M-26MAY270830,Target Price: $1.3249,2026-05-27 08:15:00-04:00,2026-05-27 08:30:00-04:00,1.3337,1.3249,yes
KXXRP15M-26MAY270845,Target Price: $1.3337,2026-05-27 08:30:00-04:00,2026-05-27 08:45:00-04:00,1.3345,1.3337,yes
KXXRP15M-26MAY270900,Target Price: $1.3345,2026-05-27 08:45:00-04:00,2026-05-27 09:00:00-04:00,1.3303,1.3345,no
KXXRP15M-26MAY270915,Target Price: $1.3303,2026-05-27 09:00:00-04:00,2026-05-27 09:15:00-04:00,1.3259,1.3303,no
KXXRP15M-26MAY270930,Target Price: $1.3259,2026-05-27 09:15:00-04:00,2026-05-27 09:30:00-04:00,1.3242,1.3259,no
KXXRP15M-26MAY270945,Target Price: $1.3242,2026-05-27 09:30:00-04:00,2026-05-27 09:45:00-04:00,1.3180,1.3242,no
KXXRP15M-26MAY271000,Target Price: $1.3180,2026-05-27 09:45:00-04:00,2026-05-27 10:00:00-04:00,1.3214,1.318,yes
KXXRP15M-26MAY271015,Target Price: $1.3214,2026-05-27 10:00:00-04:00,2026-05-27 10:15:00-04:00,1.3196,1.3214,no
KXXRP15M-26MAY271030,Target Price: $1.3196,2026-05-27 10:15:00-04:00,2026-05-27 10:30:00-04:00,1.3183,1.3196,no
KXXRP15M-26MAY271045,Target Price: $1.3183,2026-05-27 10:30:00-04:00,2026-05-27 10:45:00-04:00,1.3230,1.3183,yes
KXXRP15M-26MAY271100,Target Price: $1.3230,2026-05-27 10:45:00-04:00,2026-05-27 11:00:00-04:00,1.3288,1.323,yes
KXXRP15M-26MAY271115,Target Price: $1.3288,2026-05-27 11:00:00-04:00,2026-05-27 11:15:00-04:00,1.3333,1.3288,yes
KXXRP15M-26MAY271130,Target Price: $1.3333,2026-05-27 11:15:00-04:00,2026-05-27 11:30:00-04:00,1.3371,1.3333,yes
KXXRP15M-26MAY271145,Target Price: $1.3371,2026-05-27 11:30:00-04:00,2026-05-27 11:45:00-04:00,1.3353,1.3371,no
KXXRP15M-26MAY271200,Target Price: $1.3353,2026-05-27 11:45:00-04:00,2026-05-27 12:00:00-04:00,1.3339,1.3353,no
KXXRP15M-26MAY271215,Target Price: $1.3339,2026-05-27 12:00:00-04:00,2026-05-27 12:15:00-04:00,1.3341,1.3339,yes
KXXRP15M-26MAY271230,Target Price: $1.3341,2026-05-27 12:15:00-04:00,2026-05-27 12:30:00-04:00,1.3304,1.3341,no
KXXRP15M-26MAY271245,Target Price: $1.3304,2026-05-27 12:30:00-04:00,2026-05-27 12:45:00-04:00,1.3282,1.3304,no
KXXRP15M-26MAY271300,Target Price: $1.3282,2026-05-27 12:45:00-04:00,2026-05-27 13:00:00-04:00,1.3298,1.3282,yes
KXXRP15M-26MAY271315,Target Price: $1.3298,2026-05-27 13:00:00-04:00,2026-05-27 13:15:00-04:00,1.3195,1.3298,no
KXXRP15M-26MAY271330,Target Price: $1.3195,2026-05-27 13:15:00-04:00,2026-05-27 13:30:00-04:00,1.3220,1.3195,yes
KXXRP15M-26MAY271345,Target Price: $1.3220,2026-05-27 13:30:00-04:00,2026-05-27 13:45:00-04:00,1.3198,1.322,no
KXXRP15M-26MAY271400,Target Price: $1.3198,2026-05-27 13:45:00-04:00,2026-05-27 14:00:00-04:00,1.3182,1.3198,no
KXXRP15M-26MAY271415,Target Price: $1.3182,2026-05-27 14:00:00-04:00,2026-05-27 14:15:00-04:00,1.3161,1.3182,no
KXXRP15M-26MAY271430,Target Price: $1.3161,2026-05-27 14:15:00-04:00,2026-05-27 14:30:00-04:00,1.3190,1.3161,yes
KXXRP15M-26MAY271445,Target Price: $1.3190,2026-05-27 14:30:00-04:00,2026-05-27 14:45:00-04:00,1.3209,1.319,yes
KXXRP15M-26MAY271500,Target Price: $1.3209,2026-05-27 14:45:00-04:00,2026-05-27 15:00:00-04:00,1.3242,1.3209,yes
KXXRP15M-26MAY271515,Target Price: $1.3242,2026-05-27 15:00:00-04:00,2026-05-27 15:15:00-04:00,1.3298,1.3242,yes
KXXRP15M-26MAY271530,Target Price: $1.3298,2026-05-27 15:15:00-04:00,2026-05-27 15:30:00-04:00,1.3292,1.3298,no
KXXRP15M-26MAY271545,Target Price: $1.3292,2026-05-27 15:30:00-04:00,2026-05-27 15:45:00-04:00,1.3291,1.3292,no
KXXRP15M-26MAY271600,Target Price: $1.3291,2026-05-27 15:45:00-04:00,2026-05-27 16:00:00-04:00,1.3285,1.3291,no
KXXRP15M-26MAY271615,Target Price: $1.3285,2026-05-27 16:00:00-04:00,2026-05-27 16:15:00-04:00,1.3301,1.3285,yes
KXXRP15M-26MAY271630,Target Price: $1.3301,2026-05-27 16:15:00-04:00,2026-05-27 16:30:00-04:00,1.3281,1.3301,no
KXXRP15M-26MAY271645,Target Price: $1.3281,2026-05-27 16:30:00-04:00,2026-05-27 16:45:00-04:00,1.3269,1.3281,no
KXXRP15M-26MAY271700,Target Price: $1.3269,2026-05-27 16:45:00-04:00,2026-05-27 17:00:00-04:00,1.3289,1.3269,yes
KXXRP15M-26MAY271715,Target Price: $1.3289,2026-05-27 17:00:00-04:00,2026-05-27 17:15:00-04:00,1.3303,1.3289,yes
KXXRP15M-26MAY271730,Target Price: $1.3303,2026-05-27 17:15:00-04:00,2026-05-27 17:30:00-04:00,1.3274,1.3303,no
KXXRP15M-26MAY271745,Target Price: $1.3274,2026-05-27 17:30:00-04:00,2026-05-27 17:45:00-04:00,1.3152,1.3274,no
KXXRP15M-26MAY271800,Target Price: $1.3152,2026-05-27 17:45:00-04:00,2026-05-27 18:00:00-04:00,1.3142,1.3152,no
KXXRP15M-26MAY271815,Target Price: $1.3142,2026-05-27 18:00:00-04:00,2026-05-27 18:15:00-04:00,1.3106,1.3142,no
KXXRP15M-26MAY271830,Target Price: $1.3106,2026-05-27 18:15:00-04:00,2026-05-27 18:30:00-04:00,1.3133,1.3106,yes
KXXRP15M-26MAY271845,Target Price: $1.3133,2026-05-27 18:30:00-04:00,2026-05-27 18:45:00-04:00,1.3127,1.3133,no
KXXRP15M-26MAY271900,Target Price: $1.3127,2026-05-27 18:45:00-04:00,2026-05-27 19:00:00-04:00,1.3092,1.3127,no
KXXRP15M-26MAY271915,Target Price: $1.3092,2026-05-27 19:00:00-04:00,2026-05-27 19:15:00-04:00,1.3067,1.3092,no
KXXRP15M-26MAY271930,Target Price: $1.3067,2026-05-27 19:15:00-04:00,2026-05-27 19:30:00-04:00,1.3026,1.3067,no
KXXRP15M-26MAY271945,Target Price: $1.3026,2026-05-27 19:30:00-04:00,2026-05-27 19:45:00-04:00,1.3048,1.3026,yes
KXXRP15M-26MAY272000,Target Price: $1.3048,2026-05-27 19:45:00-04:00,2026-05-27 20:00:00-04:00,1.3062,1.3048,yes
KXXRP15M-26MAY272015,Target Price: $1.3062,2026-05-27 20:00:00-04:00,2026-05-27 20:15:00-04:00,1.3051,1.3062,no
KXXRP15M-26MAY272030,Target Price: $1.3051,2026-05-27 20:15:00-04:00,2026-05-27 20:30:00-04:00,1.3066,1.3051,yes
KXXRP15M-26MAY272045,Target Price: $1.3066,2026-05-27 20:30:00-04:00,2026-05-27 20:45:00-04:00,1.3086,1.3066,yes
KXXRP15M-26MAY272100,Target Price: $1.3086,2026-05-27 20:45:00-04:00,2026-05-27 21:00:00-04:00,1.3080,1.3086,no
KXXRP15M-26MAY272115,Target Price: $1.3080,2026-05-27 21:00:00-04:00,2026-05-27 21:15:00-04:00,1.3057,1.308,no
KXXRP15M-26MAY272130,Target Price: $1.3057,2026-05-27 21:15:00-04:00,2026-05-27 21:30:00-04:00,1.3017,1.3057,no
KXXRP15M-26MAY272145,Target Price: $1.3017,2026-05-27 21:30:00-04:00,2026-05-27 21:45:00-04:00,1.3004,1.3017,no
KXXRP15M-26MAY272200,Target Price: $1.3004,2026-05-27 21:45:00-04:00,2026-05-27 22:00:00-04:00,1.3012,1.3004,yes
KXXRP15M-26MAY272215,Target Price: $1.3012,2026-05-27 22:00:00-04:00,2026-05-27 22:15:00-04:00,1.3032,1.3012,yes
KXXRP15M-26MAY272230,Target Price: $1.3032,2026-05-27 22:15:00-04:00,2026-05-27 22:30:00-04:00,1.3016,1.3032,no
KXXRP15M-26MAY272245,Target Price: $1.3016,2026-05-27 22:30:00-04:00,2026-05-27 22:45:00-04:00,1.3021,1.3016,yes
KXXRP15M-26MAY272300,Target Price: $1.3021,2026-05-27 22:45:00-04:00,2026-05-27 23:00:00-04:00,1.2998,1.3021,no
KXXRP15M-26MAY272315,Target Price: $1.2998,2026-05-27 23:00:00-04:00,2026-05-27 23:15:00-04:00,1.2994,1.2998,no
KXXRP15M-26MAY272330,Target Price: $1.2994,2026-05-27 23:15:00-04:00,2026-05-27 23:30:00-04:00,1.2885,1.2994,no
KXXRP15M-26MAY272345,Target Price: $1.2885,2026-05-27 23:30:00-04:00,2026-05-27 23:45:00-04:00,1.2825,1.2885,no
KXXRP15M-26MAY280000,Target Price: $1.2825,2026-05-27 23:45:00-04:00,2026-05-28 00:00:00-04:00,1.2775,1.2825,no
KXXRP15M-26MAY280015,Target Price: $1.2775,2026-05-28 00:00:00-04:00,2026-05-28 00:15:00-04:00,1.2788,1.2775,yes
KXXRP15M-26MAY280030,Target Price: $1.2788,2026-05-28 00:15:00-04:00,2026-05-28 00:30:00-04:00,1.2725,1.2788,no
KXXRP15M-26MAY280045,Target Price: $1.2725,2026-05-28 00:30:00-04:00,2026-05-28 00:45:00-04:00,1.2821,1.2725,yes
KXXRP15M-26MAY280100,Target Price: $1.2821,2026-05-28 00:45:00-04:00,2026-05-28 01:00:00-04:00,1.2820,1.2821,no
KXXRP15M-26MAY280115,Target Price: $1.2820,2026-05-28 01:00:00-04:00,2026-05-28 01:15:00-04:00,1.2792,1.282,no
KXXRP15M-26MAY280130,Target Price: $1.2792,2026-05-28 01:15:00-04:00,2026-05-28 01:30:00-04:00,1.2781,1.2792,no
KXXRP15M-26MAY280145,Target Price: $1.2781,2026-05-28 01:30:00-04:00,2026-05-28 01:45:00-04:00,1.2825,1.2781,yes
KXXRP15M-26MAY280200,Target Price: $1.2825,2026-05-28 01:45:00-04:00,2026-05-28 02:00:00-04:00,1.2817,1.2825,no
KXXRP15M-26MAY280515,Target Price: $1.2869,2026-05-28 05:00:00-04:00,2026-05-28 05:15:00-04:00,1.2872,1.2869,yes
KXXRP15M-26MAY280530,Target Price: $1.2872,2026-05-28 05:15:00-04:00,2026-05-28 05:30:00-04:00,1.2898,1.2872,yes
KXXRP15M-26MAY280545,Target Price: $1.2898,2026-05-28 05:30:00-04:00,2026-05-28 05:45:00-04:00,1.2904,1.2898,yes
KXXRP15M-26MAY280600,Target Price: $1.2904,2026-05-28 05:45:00-04:00,2026-05-28 06:00:00-04:00,1.2908,1.2904,yes
KXXRP15M-26MAY280615,Target Price: $1.2908,2026-05-28 06:00:00-04:00,2026-05-28 06:15:00-04:00,1.2935,1.2908,yes
KXXRP15M-26MAY280630,Target Price: $1.2935,2026-05-28 06:15:00-04:00,2026-05-28 06:30:00-04:00,1.2902,1.2935,no
KXXRP15M-26MAY280645,Target Price: $1.2902,2026-05-28 06:30:00-04:00,2026-05-28 06:45:00-04:00,1.2907,1.2902,yes
KXXRP15M-26MAY280700,Target Price: $1.2907,2026-05-28 06:45:00-04:00,2026-05-28 07:00:00-04:00,1.2870,1.2907,no
KXXRP15M-26MAY280715,Target Price: $1.2870,2026-05-28 07:00:00-04:00,2026-05-28 07:15:00-04:00,1.2876,1.287,yes
KXXRP15M-26MAY280730,Target Price: $1.2876,2026-05-28 07:15:00-04:00,2026-05-28 07:30:00-04:00,1.2853,1.2876,no
KXXRP15M-26MAY280745,Target Price: $1.2853,2026-05-28 07:30:00-04:00,2026-05-28 07:45:00-04:00,1.2857,1.2853,yes
KXXRP15M-26MAY280800,Target Price: $1.2857,2026-05-28 07:45:00-04:00,2026-05-28 08:00:00-04:00,1.2862,1.2857,yes
KXXRP15M-26MAY280815,Target Price: $1.2862,2026-05-28 08:00:00-04:00,2026-05-28 08:15:00-04:00,1.2863,1.2862,yes
KXXRP15M-26MAY280830,Target Price: $1.2863,2026-05-28 08:15:00-04:00,2026-05-28 08:30:00-04:00,1.2839,1.2863,no
KXXRP15M-26MAY280845,Target Price: $1.2839,2026-05-28 08:30:00-04:00,2026-05-28 08:45:00-04:00,1.2895,1.2839,yes
KXXRP15M-26MAY280900,Target Price: $1.2895,2026-05-28 08:45:00-04:00,2026-05-28 09:00:00-04:00,1.2928,1.2895,yes
KXXRP15M-26MAY280915,Target Price: $1.2928,2026-05-28 09:00:00-04:00,2026-05-28 09:15:00-04:00,1.2946,1.2928,yes
KXXRP15M-26MAY280930,Target Price: $1.2946,2026-05-28 09:15:00-04:00,2026-05-28 09:30:00-04:00,1.2945,1.2946,no
KXXRP15M-26MAY280945,Target Price: $1.2945,2026-05-28 09:30:00-04:00,2026-05-28 09:45:00-04:00,1.2888,1.2945,no
KXXRP15M-26MAY281000,Target Price: $1.2888,2026-05-28 09:45:00-04:00,2026-05-28 10:00:00-04:00,1.2950,1.2888,yes
KXXRP15M-26MAY281015,Target Price: $1.2950,2026-05-28 10:00:00-04:00,2026-05-28 10:15:00-04:00,1.2974,1.295,yes
KXXRP15M-26MAY281030,Target Price: $1.2974,2026-05-28 10:15:00-04:00,2026-05-28 10:30:00-04:00,1.2989,1.2974,yes
KXXRP15M-26MAY281045,Target Price: $1.2989,2026-05-28 10:30:00-04:00,2026-05-28 10:45:00-04:00,1.2972,1.2989,no
KXXRP15M-26MAY281100,Target Price: $1.2972,2026-05-28 10:45:00-04:00,2026-05-28 11:00:00-04:00,1.3001,1.2972,yes
KXXRP15M-26MAY281115,Target Price: $1.3001,2026-05-28 11:00:00-04:00,2026-05-28 11:15:00-04:00,1.2961,1.3001,no
KXXRP15M-26MAY281130,Target Price: $1.2961,2026-05-28 11:15:00-04:00,2026-05-28 11:30:00-04:00,1.2999,1.2961,yes
KXXRP15M-26MAY281145,Target Price: $1.2999,2026-05-28 11:30:00-04:00,2026-05-28 11:45:00-04:00,1.3073,1.2999,yes
KXXRP15M-26MAY281200,Target Price: $1.3073,2026-05-28 11:45:00-04:00,2026-05-28 12:00:00-04:00,1.3102,1.3073,yes
KXXRP15M-26MAY281215,Target Price: $1.3102,2026-05-28 12:00:00-04:00,2026-05-28 12:15:00-04:00,1.3131,1.3102,yes
KXXRP15M-26MAY281230,Target Price: $1.3131,2026-05-28 12:15:00-04:00,2026-05-28 12:30:00-04:00,1.3165,1.3131,yes
KXXRP15M-26MAY281245,Target Price: $1.3165,2026-05-28 12:30:00-04:00,2026-05-28 12:45:00-04:00,1.3176,1.3165,yes
KXXRP15M-26MAY281300,Target Price: $1.3176,2026-05-28 12:45:00-04:00,2026-05-28 13:00:00-04:00,1.3218,1.3176,yes
KXXRP15M-26MAY281315,Target Price: $1.3218,2026-05-28 13:00:00-04:00,2026-05-28 13:15:00-04:00,1.3226,1.3218,yes
KXXRP15M-26MAY281330,Target Price: $1.3226,2026-05-28 13:15:00-04:00,2026-05-28 13:30:00-04:00,1.3207,1.3226,no
KXXRP15M-26MAY281345,Target Price: $1.3207,2026-05-28 13:30:00-04:00,2026-05-28 13:45:00-04:00,1.3239,1.3207,yes
KXXRP15M-26MAY281400,Target Price: $1.3239,2026-05-28 13:45:00-04:00,2026-05-28 14:00:00-04:00,1.3243,1.3239,yes
KXXRP15M-26MAY281415,Target Price: $1.3243,2026-05-28 14:00:00-04:00,2026-05-28 14:15:00-04:00,1.3298,1.3243,yes
KXXRP15M-26MAY281430,Target Price: $1.3298,2026-05-28 14:15:00-04:00,2026-05-28 14:30:00-04:00,1.3312,1.3298,yes
KXXRP15M-26MAY281445,Target Price: $1.3312,2026-05-28 14:30:00-04:00,2026-05-28 14:45:00-04:00,1.3326,1.3312,yes
KXXRP15M-26MAY281500,Target Price: $1.3326,2026-05-28 14:45:00-04:00,2026-05-28 15:00:00-04:00,1.3321,1.3326,no
KXXRP15M-26MAY281515,Target Price: $1.3321,2026-05-28 15:00:00-04:00,2026-05-28 15:15:00-04:00,1.3238,1.3321,no
KXXRP15M-26MAY281530,Target Price: $1.3238,2026-05-28 15:15:00-04:00,2026-05-28 15:30:00-04:00,1.3236,1.3238,no
KXXRP15M-26MAY281545,Target Price: $1.3236,2026-05-28 15:30:00-04:00,2026-05-28 15:45:00-04:00,1.3174,1.3236,no
KXXRP15M-26MAY281600,Target Price: $1.3174,2026-05-28 15:45:00-04:00,2026-05-28 16:00:00-04:00,1.3143,1.3174,no
KXXRP15M-26MAY281615,Target Price: $1.3143,2026-05-28 16:00:00-04:00,2026-05-28 16:15:00-04:00,1.3138,1.3143,no
KXXRP15M-26MAY281630,Target Price: $1.3138,2026-05-28 16:15:00-04:00,2026-05-28 16:30:00-04:00,1.3196,1.3138,yes
KXXRP15M-26MAY281645,Target Price: $1.3196,2026-05-28 16:30:00-04:00,2026-05-28 16:45:00-04:00,1.3228,1.3196,yes
KXXRP15M-26MAY281700,Target Price: $1.3228,2026-05-28 16:45:00-04:00,2026-05-28 17:00:00-04:00,1.3189,1.3228,no
KXXRP15M-26MAY281715,Target Price: $1.3189,2026-05-28 17:00:00-04:00,2026-05-28 17:15:00-04:00,1.3208,1.3189,yes
KXXRP15M-26MAY281730,Target Price: $1.3208,2026-05-28 17:15:00-04:00,2026-05-28 17:30:00-04:00,1.3189,1.3208,no
KXXRP15M-26MAY281745,Target Price: $1.3189,2026-05-28 17:30:00-04:00,2026-05-28 17:45:00-04:00,1.3203,1.3189,yes
KXXRP15M-26MAY281800,Target Price: $1.3203,2026-05-28 17:45:00-04:00,2026-05-28 18:00:00-04:00,1.3187,1.3203,no
KXXRP15M-26MAY281815,Target Price: $1.3187,2026-05-28 18:00:00-04:00,2026-05-28 18:15:00-04:00,1.3185,1.3187,no
KXXRP15M-26MAY281830,Target Price: $1.3185,2026-05-28 18:15:00-04:00,2026-05-28 18:30:00-04:00,1.3145,1.3185,no
KXXRP15M-26MAY281845,Target Price: $1.3145,2026-05-28 18:30:00-04:00,2026-05-28 18:45:00-04:00,1.3109,1.3145,no
KXXRP15M-26MAY281900,Target Price: $1.3109,2026-05-28 18:45:00-04:00,2026-05-28 19:00:00-04:00,1.3128,1.3109,yes
KXXRP15M-26MAY281915,Target Price: $1.3128,2026-05-28 19:00:00-04:00,2026-05-28 19:15:00-04:00,1.3152,1.3128,yes
KXXRP15M-26MAY281930,Target Price: $1.3152,2026-05-28 19:15:00-04:00,2026-05-28 19:30:00-04:00,1.3165,1.3152,yes
KXXRP15M-26MAY281945,Target Price: $1.3165,2026-05-28 19:30:00-04:00,2026-05-28 19:45:00-04:00,1.3148,1.3165,no
KXXRP15M-26MAY282000,Target Price: $1.3148,2026-05-28 19:45:00-04:00,2026-05-28 20:00:00-04:00,1.3143,1.3148,no
KXXRP15M-26MAY282015,Target Price: $1.3143,2026-05-28 20:00:00-04:00,2026-05-28 20:15:00-04:00,1.3183,1.3143,yes
KXXRP15M-26MAY282030,Target Price: $1.3183,2026-05-28 20:15:00-04:00,2026-05-28 20:30:00-04:00,1.3165,1.3183,no
KXXRP15M-26MAY282045,Target Price: $1.3165,2026-05-28 20:30:00-04:00,2026-05-28 20:45:00-04:00,1.3147,1.3165,no
KXXRP15M-26MAY282100,Target Price: $1.3147,2026-05-28 20:45:00-04:00,2026-05-28 21:00:00-04:00,1.3134,1.3147,no
KXXRP15M-26MAY282115,Target Price: $1.3134,2026-05-28 21:00:00-04:00,2026-05-28 21:15:00-04:00,1.3133,1.3134,no
KXXRP15M-26MAY282130,Target Price: $1.3133,2026-05-28 21:15:00-04:00,2026-05-28 21:30:00-04:00,1.3090,1.3133,no
KXXRP15M-26MAY282145,Target Price: $1.3090,2026-05-28 21:30:00-04:00,2026-05-28 21:45:00-04:00,1.3083,1.309,no
KXXRP15M-26MAY282200,Target Price: $1.3083,2026-05-28 21:45:00-04:00,2026-05-28 22:00:00-04:00,1.3088,1.3083,yes
KXXRP15M-26MAY282215,Target Price: $1.3088,2026-05-28 22:00:00-04:00,2026-05-28 22:15:00-04:00,1.3088,1.3088,yes
KXXRP15M-26MAY282230,Target Price: $1.3088,2026-05-28 22:15:00-04:00,2026-05-28 22:30:00-04:00,1.3068,1.3088,no
KXXRP15M-26MAY282245,Target Price: $1.3068,2026-05-28 22:30:00-04:00,2026-05-28 22:45:00-04:00,1.3061,1.3068,no
KXXRP15M-26MAY282300,Target Price: $1.3061,2026-05-28 22:45:00-04:00,2026-05-28 23:00:00-04:00,1.3028,1.3061,no
KXXRP15M-26MAY282315,Target Price: $1.3028,2026-05-28 23:00:00-04:00,2026-05-28 23:15:00-04:00,1.3099,1.3028,yes
KXXRP15M-26MAY282330,Target Price: $1.3099,2026-05-28 23:15:00-04:00,2026-05-28 23:30:00-04:00,1.3095,1.3099,no
KXXRP15M-26MAY282345,Target Price: $1.3095,2026-05-28 23:30:00-04:00,2026-05-28 23:45:00-04:00,1.3108,1.3095,yes
KXXRP15M-26MAY290000,Target Price: $1.3108,2026-05-28 23:45:00-04:00,2026-05-29 00:00:00-04:00,1.3107,1.3108,no
KXXRP15M-26MAY290015,Target Price: $1.3107,2026-05-29 00:00:00-04:00,2026-05-29 00:15:00-04:00,1.3041,1.3107,no
KXXRP15M-26MAY290030,Target Price: $1.3041,2026-05-29 00:15:00-04:00,2026-05-29 00:30:00-04:00,1.3070,1.3041,yes
KXXRP15M-26MAY290045,Target Price: $1.3070,2026-05-29 00:30:00-04:00,2026-05-29 00:45:00-04:00,1.3072,1.307,yes
KXXRP15M-26MAY290100,Target Price: $1.3072,2026-05-29 00:45:00-04:00,2026-05-29 01:00:00-04:00,1.3095,1.3072,yes
KXXRP15M-26MAY290115,Target Price: $1.3095,2026-05-29 01:00:00-04:00,2026-05-29 01:15:00-04:00,1.3123,1.3095,yes
KXXRP15M-26MAY290130,Target Price: $1.3123,2026-05-29 01:15:00-04:00,2026-05-29 01:30:00-04:00,1.3101,1.3123,no
KXXRP15M-26MAY290145,Target Price: $1.3101,2026-05-29 01:30:00-04:00,2026-05-29 01:45:00-04:00,1.3093,1.3101,no
KXXRP15M-26MAY290200,Target Price: $1.3093,2026-05-29 01:45:00-04:00,2026-05-29 02:00:00-04:00,1.3134,1.3093,yes
KXXRP15M-26MAY290215,Target Price: $1.3134,2026-05-29 02:00:00-04:00,2026-05-29 02:15:00-04:00,1.3154,1.3134,yes
KXXRP15M-26MAY290230,Target Price: $1.3154,2026-05-29 02:15:00-04:00,2026-05-29 02:30:00-04:00,1.3151,1.3154,no
KXXRP15M-26MAY290245,Target Price: $1.3151,2026-05-29 02:30:00-04:00,2026-05-29 02:45:00-04:00,1.3153,1.3151,yes
KXXRP15M-26MAY290300,Target Price: $1.3153,2026-05-29 02:45:00-04:00,2026-05-29 03:00:00-04:00,1.3147,1.3153,no
KXXRP15M-26MAY290315,Target Price: $1.3147,2026-05-29 03:00:00-04:00,2026-05-29 03:15:00-04:00,1.3161,1.3147,yes
KXXRP15M-26MAY290330,Target Price: $1.3161,2026-05-29 03:15:00-04:00,2026-05-29 03:30:00-04:00,1.3173,1.3161,yes
KXXRP15M-26MAY290345,Target Price: $1.3173,2026-05-29 03:30:00-04:00,2026-05-29 03:45:00-04:00,1.3098,1.3173,no
KXXRP15M-26MAY290400,Target Price: $1.3098,2026-05-29 03:45:00-04:00,2026-05-29 04:00:00-04:00,1.3151,1.3098,yes
KXXRP15M-26MAY290415,Target Price: $1.3151,2026-05-29 04:00:00-04:00,2026-05-29 04:15:00-04:00,1.3170,1.3151,yes
KXXRP15M-26MAY290430,Target Price: $1.3170,2026-05-29 04:15:00-04:00,2026-05-29 04:30:00-04:00,1.3195,1.317,yes
KXXRP15M-26MAY290445,Target Price: $1.3195,2026-05-29 04:30:00-04:00,2026-05-29 04:45:00-04:00,1.3210,1.3195,yes
KXXRP15M-26MAY290500,Target Price: $1.3210,2026-05-29 04:45:00-04:00,2026-05-29 05:00:00-04:00,1.3193,1.321,no
KXXRP15M-26MAY290515,Target Price: $1.3193,2026-05-29 05:00:00-04:00,2026-05-29 05:15:00-04:00,1.3196,1.3193,yes
KXXRP15M-26MAY290530,Target Price: $1.3196,2026-05-29 05:15:00-04:00,2026-05-29 05:30:00-04:00,1.3257,1.3196,yes
KXXRP15M-26MAY290545,Target Price: $1.3257,2026-05-29 05:30:00-04:00,2026-05-29 05:45:00-04:00,1.3256,1.3257,no
KXXRP15M-26MAY290600,Target Price: $1.3256,2026-05-29 05:45:00-04:00,2026-05-29 06:00:00-04:00,1.3223,1.3256,no
KXXRP15M-26MAY290615,Target Price: $1.3223,2026-05-29 06:00:00-04:00,2026-05-29 06:15:00-04:00,1.3201,1.3223,no
KXXRP15M-26MAY290630,Target Price: $1.3201,2026-05-29 06:15:00-04:00,2026-05-29 06:30:00-04:00,1.3188,1.3201,no
KXXRP15M-26MAY290645,Target Price: $1.3188,2026-05-29 06:30:00-04:00,2026-05-29 06:45:00-04:00,1.3173,1.3188,no
KXXRP15M-26MAY290700,Target Price: $1.3173,2026-05-29 06:45:00-04:00,2026-05-29 07:00:00-04:00,1.3179,1.3173,yes
KXXRP15M-26MAY290715,Target Price: $1.3179,2026-05-29 07:00:00-04:00,2026-05-29 07:15:00-04:00,1.3163,1.3179,no
KXXRP15M-26MAY290730,Target Price: $1.3163,2026-05-29 07:15:00-04:00,2026-05-29 07:30:00-04:00,1.3139,1.3163,no
KXXRP15M-26MAY290745,Target Price: $1.3139,2026-05-29 07:30:00-04:00,2026-05-29 07:45:00-04:00,1.3109,1.3139,no
KXXRP15M-26MAY290800,Target Price: $1.3109,2026-05-29 07:45:00-04:00,2026-05-29 08:00:00-04:00,1.3098,1.3109,no
KXXRP15M-26MAY290815,Target Price: $1.3098,2026-05-29 08:00:00-04:00,2026-05-29 08:15:00-04:00,1.3074,1.3098,no
KXXRP15M-26MAY290830,Target Price: $1.3074,2026-05-29 08:15:00-04:00,2026-05-29 08:30:00-04:00,1.3061,1.3074,no
KXXRP15M-26MAY290845,Target Price: $1.3061,2026-05-29 08:30:00-04:00,2026-05-29 08:45:00-04:00,1.3036,1.3061,no
KXXRP15M-26MAY290900,Target Price: $1.3036,2026-05-29 08:45:00-04:00,2026-05-29 09:00:00-04:00,1.3035,1.3036,no
KXXRP15M-26MAY290915,Target Price: $1.3035,2026-05-29 09:00:00-04:00,2026-05-29 09:15:00-04:00,1.3007,1.3035,no
KXXRP15M-26MAY290930,Target Price: $1.3007,2026-05-29 09:15:00-04:00,2026-05-29 09:30:00-04:00,1.3018,1.3007,yes
KXXRP15M-26MAY290945,Target Price: $1.3018,2026-05-29 09:30:00-04:00,2026-05-29 09:45:00-04:00,1.3010,1.3018,no
KXXRP15M-26MAY291000,Target Price: $1.3010,2026-05-29 09:45:00-04:00,2026-05-29 10:00:00-04:00,1.3019,1.301,yes
KXXRP15M-26MAY291015,Target Price: $1.3019,2026-05-29 10:00:00-04:00,2026-05-29 10:15:00-04:00,1.3045,1.3019,yes
KXXRP15M-26MAY291030,Target Price: $1.3045,2026-05-29 10:15:00-04:00,2026-05-29 10:30:00-04:00,1.3015,1.3045,no
KXXRP15M-26MAY291045,Target Price: $1.3015,2026-05-29 10:30:00-04:00,2026-05-29 10:45:00-04:00,1.2950,1.3015,no
KXXRP15M-26MAY291100,Target Price: $1.2950,2026-05-29 10:45:00-04:00,2026-05-29 11:00:00-04:00,1.3045,1.295,yes
KXXRP15M-26MAY291115,Target Price: $1.3045,2026-05-29 11:00:00-04:00,2026-05-29 11:15:00-04:00,1.3152,1.3045,yes
KXXRP15M-26MAY291130,Target Price: $1.3152,2026-05-29 11:15:00-04:00,2026-05-29 11:30:00-04:00,1.3215,1.3152,yes
KXXRP15M-26MAY291145,Target Price: $1.3215,2026-05-29 11:30:00-04:00,2026-05-29 11:45:00-04:00,1.3211,1.3215,no
KXXRP15M-26MAY291200,Target Price: $1.3211,2026-05-29 11:45:00-04:00,2026-05-29 12:00:00-04:00,1.3201,1.3211,no
KXXRP15M-26MAY291215,Target Price: $1.3201,2026-05-29 12:00:00-04:00,2026-05-29 12:15:00-04:00,1.3227,1.3201,yes
KXXRP15M-26MAY291230,Target Price: $1.3227,2026-05-29 12:15:00-04:00,2026-05-29 12:30:00-04:00,1.3160,1.3227,no
KXXRP15M-26MAY291245,Target Price: $1.3160,2026-05-29 12:30:00-04:00,2026-05-29 12:45:00-04:00,1.3246,1.316,yes
KXXRP15M-26MAY291300,Target Price: $1.3246,2026-05-29 12:45:00-04:00,2026-05-29 13:00:00-04:00,1.3263,1.3246,yes
KXXRP15M-26MAY291315,Target Price: $1.3263,2026-05-29 13:00:00-04:00,2026-05-29 13:15:00-04:00,1.3285,1.3263,yes
KXXRP15M-26MAY291330,Target Price: $1.3285,2026-05-29 13:15:00-04:00,2026-05-29 13:30:00-04:00,1.3284,1.3285,no
KXXRP15M-26MAY291345,Target Price: $1.3284,2026-05-29 13:30:00-04:00,2026-05-29 13:45:00-04:00,1.3280,1.3284,no
KXXRP15M-26MAY291400,Target Price: $1.3280,2026-05-29 13:45:00-04:00,2026-05-29 14:00:00-04:00,1.3233,1.328,no
KXXRP15M-26MAY291415,Target Price: $1.3233,2026-05-29 14:00:00-04:00,2026-05-29 14:15:00-04:00,1.3270,1.3233,yes
KXXRP15M-26MAY291430,Target Price: $1.3270,2026-05-29 14:15:00-04:00,2026-05-29 14:30:00-04:00,1.3224,1.327,no
KXXRP15M-26MAY291445,Target Price: $1.3224,2026-05-29 14:30:00-04:00,2026-05-29 14:45:00-04:00,1.3248,1.3224,yes
KXXRP15M-26MAY291500,Target Price: $1.3248,2026-05-29 14:45:00-04:00,2026-05-29 15:00:00-04:00,1.3164,1.3248,no
KXXRP15M-26MAY291515,Target Price: $1.3164,2026-05-29 15:00:00-04:00,2026-05-29 15:15:00-04:00,1.3135,1.3164,no
KXXRP15M-26MAY291530,Target Price: $1.3135,2026-05-29 15:15:00-04:00,2026-05-29 15:30:00-04:00,1.3124,1.3135,no
KXXRP15M-26MAY291545,Target Price: $1.3124,2026-05-29 15:30:00-04:00,2026-05-29 15:45:00-04:00,1.3206,1.3124,yes
KXXRP15M-26MAY291600,Target Price: $1.3206,2026-05-29 15:45:00-04:00,2026-05-29 16:00:00-04:00,1.3189,1.3206,no
KXXRP15M-26MAY291615,Target Price: $1.3189,2026-05-29 16:00:00-04:00,2026-05-29 16:15:00-04:00,1.3207,1.3189,yes
KXXRP15M-26MAY291630,Target Price: $1.3207,2026-05-29 16:15:00-04:00,2026-05-29 16:30:00-04:00,1.3209,1.3207,yes
KXXRP15M-26MAY291645,Target Price: $1.3209,2026-05-29 16:30:00-04:00,2026-05-29 16:45:00-04:00,1.3220,1.3209,yes
KXXRP15M-26MAY291700,Target Price: $1.3220,2026-05-29 16:45:00-04:00,2026-05-29 17:00:00-04:00,1.3207,1.322,no
KXXRP15M-26MAY291715,Target Price: $1.3207,2026-05-29 17:00:00-04:00,2026-05-29 17:15:00-04:00,1.3241,1.3207,yes
KXXRP15M-26MAY291730,Target Price: $1.3241,2026-05-29 17:15:00-04:00,2026-05-29 17:30:00-04:00,1.3192,1.3241,no
KXXRP15M-26MAY291745,Target Price: $1.3192,2026-05-29 17:30:00-04:00,2026-05-29 17:45:00-04:00,1.3198,1.3192,yes
KXXRP15M-26MAY291800,Target Price: $1.3198,2026-05-29 17:45:00-04:00,2026-05-29 18:00:00-04:00,1.3149,1.3198,no
KXXRP15M-26MAY291815,Target Price: $1.3149,2026-05-29 18:00:00-04:00,2026-05-29 18:15:00-04:00,1.3147,1.3149,no
KXXRP15M-26MAY291830,Target Price: $1.3147,2026-05-29 18:15:00-04:00,2026-05-29 18:30:00-04:00,1.3182,1.3147,yes
KXXRP15M-26MAY291845,Target Price: $1.3182,2026-05-29 18:30:00-04:00,2026-05-29 18:45:00-04:00,1.3181,1.3182,no
KXXRP15M-26MAY291900,Target Price: $1.3181,2026-05-29 18:45:00-04:00,2026-05-29 19:00:00-04:00,1.3189,1.3181,yes
KXXRP15M-26MAY291915,Target Price: $1.3189,2026-05-29 19:00:00-04:00,2026-05-29 19:15:00-04:00,1.3233,1.3189,yes
KXXRP15M-26MAY291930,Target Price: $1.3233,2026-05-29 19:15:00-04:00,2026-05-29 19:30:00-04:00,1.3225,1.3233,no
KXXRP15M-26MAY291945,Target Price: $1.3225,2026-05-29 19:30:00-04:00,2026-05-29 19:45:00-04:00,1.3237,1.3225,yes
KXXRP15M-26MAY292000,Target Price: $1.3237,2026-05-29 19:45:00-04:00,2026-05-29 20:00:00-04:00,1.3280,1.3237,yes
KXXRP15M-26MAY292015,Target Price: $1.3280,2026-05-29 20:00:00-04:00,2026-05-29 20:15:00-04:00,1.3297,1.328,yes
KXXRP15M-26MAY292030,Target Price: $1.3297,2026-05-29 20:15:00-04:00,2026-05-29 20:30:00-04:00,1.3303,1.3297,yes
KXXRP15M-26MAY292045,Target Price: $1.3303,2026-05-29 20:30:00-04:00,2026-05-29 20:45:00-04:00,1.3337,1.3303,yes
KXXRP15M-26MAY292100,Target Price: $1.3337,2026-05-29 20:45:00-04:00,2026-05-29 21:00:00-04:00,1.3470,1.3337,yes
KXXRP15M-26MAY292115,Target Price: $1.3470,2026-05-29 21:00:00-04:00,2026-05-29 21:15:00-04:00,1.3542,1.347,yes
KXXRP15M-26MAY292130,Target Price: $1.3542,2026-05-29 21:15:00-04:00,2026-05-29 21:30:00-04:00,1.3617,1.3542,yes
KXXRP15M-26MAY292145,Target Price: $1.3617,2026-05-29 21:30:00-04:00,2026-05-29 21:45:00-04:00,1.3583,1.3617,no
KXXRP15M-26MAY292200,Target Price: $1.3583,2026-05-29 21:45:00-04:00,2026-05-29 22:00:00-04:00,1.3551,1.3583,no
KXXRP15M-26MAY292215,Target Price: $1.3551,2026-05-29 22:00:00-04:00,2026-05-29 22:15:00-04:00,1.3598,1.3551,yes
KXXRP15M-26MAY292230,Target Price: $1.3598,2026-05-29 22:15:00-04:00,2026-05-29 22:30:00-04:00,1.3546,1.3598,no
KXXRP15M-26MAY292245,Target Price: $1.3546,2026-05-29 22:30:00-04:00,2026-05-29 22:45:00-04:00,1.3565,1.3546,yes
KXXRP15M-26MAY292300,Target Price: $1.3565,2026-05-29 22:45:00-04:00,2026-05-29 23:00:00-04:00,1.3582,1.3565,yes
KXXRP15M-26MAY292315,Target Price: $1.3582,2026-05-29 23:00:00-04:00,2026-05-29 23:15:00-04:00,1.3585,1.3582,yes
KXXRP15M-26MAY292330,Target Price: $1.3585,2026-05-29 23:15:00-04:00,2026-05-29 23:30:00-04:00,1.3565,1.3585,no
KXXRP15M-26MAY292345,Target Price: $1.3565,2026-05-29 23:30:00-04:00,2026-05-29 23:45:00-04:00,1.3513,1.3565,no
KXXRP15M-26MAY300000,Target Price: $1.3513,2026-05-29 23:45:00-04:00,2026-05-30 00:00:00-04:00,1.3486,1.3513,no
KXXRP15M-26MAY300015,Target Price: $1.3486,2026-05-30 00:00:00-04:00,2026-05-30 00:15:00-04:00,1.3469,1.3486,no
KXXRP15M-26MAY300030,Target Price: $1.3469,2026-05-30 00:15:00-04:00,2026-05-30 00:30:00-04:00,1.3381,1.3469,no
KXXRP15M-26MAY300045,Target Price: $1.3381,2026-05-30 00:30:00-04:00,2026-05-30 00:45:00-04:00,1.3382,1.3381,yes
KXXRP15M-26MAY300100,Target Price: $1.3382,2026-05-30 00:45:00-04:00,2026-05-30 01:00:00-04:00,1.3426,1.3382,yes
KXXRP15M-26MAY300115,Target Price: $1.3426,2026-05-30 01:00:00-04:00,2026-05-30 01:15:00-04:00,1.3470,1.3426,yes
KXXRP15M-26MAY300130,Target Price: $1.3470,2026-05-30 01:15:00-04:00,2026-05-30 01:30:00-04:00,1.3425,1.347,no
KXXRP15M-26MAY300145,Target Price: $1.3425,2026-05-30 01:30:00-04:00,2026-05-30 01:45:00-04:00,1.3433,1.3425,yes
KXXRP15M-26MAY300200,Target Price: $1.3433,2026-05-30 01:45:00-04:00,2026-05-30 02:00:00-04:00,1.3471,1.3433,yes
KXXRP15M-26MAY300215,Target Price: $1.3471,2026-05-30 02:00:00-04:00,2026-05-30 02:15:00-04:00,1.3441,1.3471,no
KXXRP15M-26MAY300230,Target Price: $1.3441,2026-05-30 02:15:00-04:00,2026-05-30 02:30:00-04:00,1.3445,1.3441,yes
KXXRP15M-26MAY300245,Target Price: $1.3445,2026-05-30 02:30:00-04:00,2026-05-30 02:45:00-04:00,1.3452,1.3445,yes
KXXRP15M-26MAY300300,Target Price: $1.3452,2026-05-30 02:45:00-04:00,2026-05-30 03:00:00-04:00,1.3440,1.3452,no
KXXRP15M-26MAY300315,Target Price: $1.3440,2026-05-30 03:00:00-04:00,2026-05-30 03:15:00-04:00,1.3421,1.344,no
KXXRP15M-26MAY300330,Target Price: $1.3421,2026-05-30 03:15:00-04:00,2026-05-30 03:30:00-04:00,1.3428,1.3421,yes
KXXRP15M-26MAY300345,Target Price: $1.3428,2026-05-30 03:30:00-04:00,2026-05-30 03:45:00-04:00,1.3394,1.3428,no
KXXRP15M-26MAY300400,Target Price: $1.3394,2026-05-30 03:45:00-04:00,2026-05-30 04:00:00-04:00,1.3410,1.3394,yes
KXXRP15M-26MAY300415,Target Price: $1.3410,2026-05-30 04:00:00-04:00,2026-05-30 04:15:00-04:00,1.3401,1.341,no
KXXRP15M-26MAY300430,Target Price: $1.3401,2026-05-30 04:15:00-04:00,2026-05-30 04:30:00-04:00,1.3403,1.3401,yes
KXXRP15M-26MAY300445,Target Price: $1.3403,2026-05-30 04:30:00-04:00,2026-05-30 04:45:00-04:00,1.3395,1.3403,no
KXXRP15M-26MAY300500,Target Price: $1.3395,2026-05-30 04:45:00-04:00,2026-05-30 05:00:00-04:00,1.3391,1.3395,no
KXXRP15M-26MAY300515,Target Price: $1.3391,2026-05-30 05:00:00-04:00,2026-05-30 05:15:00-04:00,1.3412,1.3391,yes
KXXRP15M-26MAY300530,Target Price: $1.3412,2026-05-30 05:15:00-04:00,2026-05-30 05:30:00-04:00,1.3430,1.3412,yes
KXXRP15M-26MAY300545,Target Price: $1.3430,2026-05-30 05:30:00-04:00,2026-05-30 05:45:00-04:00,1.3424,1.343,no
KXXRP15M-26MAY300600,Target Price: $1.3424,2026-05-30 05:45:00-04:00,2026-05-30 06:00:00-04:00,1.3430,1.3424,yes
KXXRP15M-26MAY300615,Target Price: $1.3430,2026-05-30 06:00:00-04:00,2026-05-30 06:15:00-04:00,1.3417,1.343,no
KXXRP15M-26MAY300630,Target Price: $1.3417,2026-05-30 06:15:00-04:00,2026-05-30 06:30:00-04:00,1.3406,1.3417,no
KXXRP15M-26MAY300645,Target Price: $1.3406,2026-05-30 06:30:00-04:00,2026-05-30 06:45:00-04:00,1.3398,1.3406,no
KXXRP15M-26MAY300700,Target Price: $1.3398,2026-05-30 06:45:00-04:00,2026-05-30 07:00:00-04:00,1.3405,1.3398,yes
KXXRP15M-26MAY300715,Target Price: $1.3405,2026-05-30 07:00:00-04:00,2026-05-30 07:15:00-04:00,1.3370,1.3405,no
KXXRP15M-26MAY300730,Target Price: $1.3370,2026-05-30 07:15:00-04:00,2026-05-30 07:30:00-04:00,1.3376,1.337,yes
KXXRP15M-26MAY300745,Target Price: $1.3376,2026-05-30 07:30:00-04:00,2026-05-30 07:45:00-04:00,1.3399,1.3376,yes
KXXRP15M-26MAY300800,Target Price: $1.3399,2026-05-30 07:45:00-04:00,2026-05-30 08:00:00-04:00,1.3387,1.3399,no
KXXRP15M-26MAY300815,Target Price: $1.3387,2026-05-30 08:00:00-04:00,2026-05-30 08:15:00-04:00,1.3375,1.3387,no
KXXRP15M-26MAY300830,Target Price: $1.3375,2026-05-30 08:15:00-04:00,2026-05-30 08:30:00-04:00,1.3394,1.3375,yes
KXXRP15M-26MAY300845,Target Price: $1.3394,2026-05-30 08:30:00-04:00,2026-05-30 08:45:00-04:00,1.3384,1.3394,no
KXXRP15M-26MAY300900,Target Price: $1.3384,2026-05-30 08:45:00-04:00,2026-05-30 09:00:00-04:00,1.3380,1.3384,no
KXXRP15M-26MAY300915,Target Price: $1.3380,2026-05-30 09:00:00-04:00,2026-05-30 09:15:00-04:00,1.3391,1.338,yes
KXXRP15M-26MAY300930,Target Price: $1.3391,2026-05-30 09:15:00-04:00,2026-05-30 09:30:00-04:00,1.3392,1.3391,yes
KXXRP15M-26MAY300945,Target Price: $1.3392,2026-05-30 09:30:00-04:00,2026-05-30 09:45:00-04:00,1.3376,1.3392,no
KXXRP15M-26MAY301000,Target Price: $1.3376,2026-05-30 09:45:00-04:00,2026-05-30 10:00:00-04:00,1.3393,1.3376,yes
KXXRP15M-26MAY301015,Target Price: $1.3393,2026-05-30 10:00:00-04:00,2026-05-30 10:15:00-04:00,1.3397,1.3393,yes
KXXRP15M-26MAY301030,Target Price: $1.3397,2026-05-30 10:15:00-04:00,2026-05-30 10:30:00-04:00,1.3428,1.3397,yes
KXXRP15M-26MAY301045,Target Price: $1.3428,2026-05-30 10:30:00-04:00,2026-05-30 10:45:00-04:00,1.3427,1.3428,no
KXXRP15M-26MAY301100,Target Price: $1.3427,2026-05-30 10:45:00-04:00,2026-05-30 11:00:00-04:00,1.3413,1.3427,no
KXXRP15M-26MAY301115,Target Price: $1.3413,2026-05-30 11:00:00-04:00,2026-05-30 11:15:00-04:00,1.3431,1.3413,yes
KXXRP15M-26MAY301130,Target Price: $1.3431,2026-05-30 11:15:00-04:00,2026-05-30 11:30:00-04:00,1.3411,1.3431,no
KXXRP15M-26MAY301145,Target Price: $1.3411,2026-05-30 11:30:00-04:00,2026-05-30 11:45:00-04:00,1.3393,1.3411,no
KXXRP15M-26MAY301200,Target Price: $1.3393,2026-05-30 11:45:00-04:00,2026-05-30 12:00:00-04:00,1.3406,1.3393,yes
KXXRP15M-26MAY301215,Target Price: $1.3406,2026-05-30 12:00:00-04:00,2026-05-30 12:15:00-04:00,1.3455,1.3406,yes
KXXRP15M-26MAY301230,Target Price: $1.3455,2026-05-30 12:15:00-04:00,2026-05-30 12:30:00-04:00,1.3439,1.3455,no
KXXRP15M-26MAY301245,Target Price: $1.3439,2026-05-30 12:30:00-04:00,2026-05-30 12:45:00-04:00,1.3451,1.3439,yes
KXXRP15M-26MAY301300,Target Price: $1.3451,2026-05-30 12:45:00-04:00,2026-05-30 13:00:00-04:00,1.3461,1.3451,yes
KXXRP15M-26MAY301315,Target Price: $1.3461,2026-05-30 13:00:00-04:00,2026-05-30 13:15:00-04:00,1.3454,1.3461,no
KXXRP15M-26MAY301330,Target Price: $1.3454,2026-05-30 13:15:00-04:00,2026-05-30 13:30:00-04:00,1.3472,1.3454,yes
KXXRP15M-26MAY301345,Target Price: $1.3472,2026-05-30 13:30:00-04:00,2026-05-30 13:45:00-04:00,1.3468,1.3472,no
KXXRP15M-26MAY301400,Target Price: $1.3468,2026-05-30 13:45:00-04:00,2026-05-30 14:00:00-04:00,1.3512,1.3468,yes
KXXRP15M-26MAY301415,Target Price: $1.3512,2026-05-30 14:00:00-04:00,2026-05-30 14:15:00-04:00,1.3490,1.3512,no
KXXRP15M-26MAY301430,Target Price: $1.3490,2026-05-30 14:15:00-04:00,2026-05-30 14:30:00-04:00,1.3476,1.349,no
KXXRP15M-26MAY301445,Target Price: $1.3476,2026-05-30 14:30:00-04:00,2026-05-30 14:45:00-04:00,1.3501,1.3476,yes
KXXRP15M-26MAY301500,Target Price: $1.3501,2026-05-30 14:45:00-04:00,2026-05-30 15:00:00-04:00,1.3503,1.3501,yes
KXXRP15M-26MAY301515,Target Price: $1.3503,2026-05-30 15:00:00-04:00,2026-05-30 15:15:00-04:00,1.3474,1.3503,no
KXXRP15M-26MAY301530,Target Price: $1.3474,2026-05-30 15:15:00-04:00,2026-05-30 15:30:00-04:00,1.3459,1.3474,no
KXXRP15M-26MAY301545,Target Price: $1.3459,2026-05-30 15:30:00-04:00,2026-05-30 15:45:00-04:00,1.3448,1.3459,no
KXXRP15M-26MAY301600,Target Price: $1.3448,2026-05-30 15:45:00-04:00,2026-05-30 16:00:00-04:00,1.3456,1.3448,yes
KXXRP15M-26MAY301615,Target Price: $1.3456,2026-05-30 16:00:00-04:00,2026-05-30 16:15:00-04:00,1.3473,1.3456,yes
KXXRP15M-26MAY301630,Target Price: $1.3473,2026-05-30 16:15:00-04:00,2026-05-30 16:30:00-04:00,1.3476,1.3473,yes
KXXRP15M-26MAY301645,Target Price: $1.3476,2026-05-30 16:30:00-04:00,2026-05-30 16:45:00-04:00,1.3451,1.3476,no
KXXRP15M-26MAY301700,Target Price: $1.3451,2026-05-30 16:45:00-04:00,2026-05-30 17:00:00-04:00,1.3461,1.3451,yes
KXXRP15M-26MAY301715,Target Price: $1.3461,2026-05-30 17:00:00-04:00,2026-05-30 17:15:00-04:00,1.3479,1.3461,yes
KXXRP15M-26MAY301730,Target Price: $1.3479,2026-05-30 17:15:00-04:00,2026-05-30 17:30:00-04:00,1.3488,1.3479,yes
KXXRP15M-26MAY301745,Target Price: $1.3488,2026-05-30 17:30:00-04:00,2026-05-30 17:45:00-04:00,1.3495,1.3488,yes
KXXRP15M-26MAY301800,Target Price: $1.3495,2026-05-30 17:45:00-04:00,2026-05-30 18:00:00-04:00,1.3485,1.3495,no
KXXRP15M-26MAY301815,Target Price: $1.3485,2026-05-30 18:00:00-04:00,2026-05-30 18:15:00-04:00,1.3431,1.3485,no
KXXRP15M-26MAY301830,Target Price: $1.3431,2026-05-30 18:15:00-04:00,2026-05-30 18:30:00-04:00,1.3418,1.3431,no
KXXRP15M-26MAY301845,Target Price: $1.3418,2026-05-30 18:30:00-04:00,2026-05-30 18:45:00-04:00,1.3375,1.3418,no
KXXRP15M-26MAY301900,Target Price: $1.3375,2026-05-30 18:45:00-04:00,2026-05-30 19:00:00-04:00,1.3404,1.3375,yes
KXXRP15M-26MAY301915,Target Price: $1.3404,2026-05-30 19:00:00-04:00,2026-05-30 19:15:00-04:00,1.3390,1.3404,no
KXXRP15M-26MAY301930,Target Price: $1.3390,2026-05-30 19:15:00-04:00,2026-05-30 19:30:00-04:00,1.3400,1.339,yes
KXXRP15M-26MAY301945,Target Price: $1.3400,2026-05-30 19:30:00-04:00,2026-05-30 19:45:00-04:00,1.3378,1.34,no
KXXRP15M-26MAY302000,Target Price: $1.3378,2026-05-30 19:45:00-04:00,2026-05-30 20:00:00-04:00,1.3385,1.3378,yes
KXXRP15M-26MAY302015,Target Price: $1.3385,2026-05-30 20:00:00-04:00,2026-05-30 20:15:00-04:00,1.3376,1.3385,no
KXXRP15M-26MAY302030,Target Price: $1.3376,2026-05-30 20:15:00-04:00,2026-05-30 20:30:00-04:00,1.3373,1.3376,no
KXXRP15M-26MAY302045,Target Price: $1.3373,2026-05-30 20:30:00-04:00,2026-05-30 20:45:00-04:00,1.3371,1.3373,no
KXXRP15M-26MAY302100,Target Price: $1.3371,2026-05-30 20:45:00-04:00,2026-05-30 21:00:00-04:00,1.3384,1.3371,yes
KXXRP15M-26MAY302115,Target Price: $1.3384,2026-05-30 21:00:00-04:00,2026-05-30 21:15:00-04:00,1.3399,1.3384,yes
KXXRP15M-26MAY302130,Target Price: $1.3399,2026-05-30 21:15:00-04:00,2026-05-30 21:30:00-04:00,1.3399,1.3399,yes
KXXRP15M-26MAY302145,Target Price: $1.3399,2026-05-30 21:30:00-04:00,2026-05-30 21:45:00-04:00,1.3393,1.3399,no
KXXRP15M-26MAY302200,Target Price: $1.3393,2026-05-30 21:45:00-04:00,2026-05-30 22:00:00-04:00,1.3398,1.3393,yes
KXXRP15M-26MAY302215,Target Price: $1.3398,2026-05-30 22:00:00-04:00,2026-05-30 22:15:00-04:00,1.3417,1.3398,yes
KXXRP15M-26MAY302230,Target Price: $1.3417,2026-05-30 22:15:00-04:00,2026-05-30 22:30:00-04:00,1.3387,1.3417,no
KXXRP15M-26MAY302245,Target Price: $1.3387,2026-05-30 22:30:00-04:00,2026-05-30 22:45:00-04:00,1.3376,1.3387,no
KXXRP15M-26MAY302300,Target Price: $1.3376,2026-05-30 22:45:00-04:00,2026-05-30 23:00:00-04:00,1.3405,1.3376,yes
KXXRP15M-26MAY302315,Target Price: $1.3405,2026-05-30 23:00:00-04:00,2026-05-30 23:15:00-04:00,1.3410,1.3405,yes
KXXRP15M-26MAY302330,Target Price: $1.3410,2026-05-30 23:15:00-04:00,2026-05-30 23:30:00-04:00,1.3417,1.341,yes
KXXRP15M-26MAY302345,Target Price: $1.3417,2026-05-30 23:30:00-04:00,2026-05-30 23:45:00-04:00,1.3414,1.3417,no
KXXRP15M-26MAY310000,Target Price: $1.3414,2026-05-30 23:45:00-04:00,2026-05-31 00:00:00-04:00,1.3429,1.3414,yes
KXXRP15M-26MAY310015,Target Price: $1.3429,2026-05-31 00:00:00-04:00,2026-05-31 00:15:00-04:00,1.3418,1.3429,no
KXXRP15M-26MAY310030,Target Price: $1.3418,2026-05-31 00:15:00-04:00,2026-05-31 00:30:00-04:00,1.3431,1.3418,yes
KXXRP15M-26MAY310045,Target Price: $1.3431,2026-05-31 00:30:00-04:00,2026-05-31 00:45:00-04:00,1.3437,1.3431,yes
KXXRP15M-26MAY310100,Target Price: $1.3437,2026-05-31 00:45:00-04:00,2026-05-31 01:00:00-04:00,1.3446,1.3437,yes
KXXRP15M-26MAY310115,Target Price: $1.3446,2026-05-31 01:00:00-04:00,2026-05-31 01:15:00-04:00,1.3432,1.3446,no
KXXRP15M-26MAY310130,Target Price: $1.3432,2026-05-31 01:15:00-04:00,2026-05-31 01:30:00-04:00,1.3432,1.3432,yes
KXXRP15M-26MAY310145,Target Price: $1.3432,2026-05-31 01:30:00-04:00,2026-05-31 01:45:00-04:00,1.3424,1.3432,no
KXXRP15M-26MAY310200,Target Price: $1.3424,2026-05-31 01:45:00-04:00,2026-05-31 02:00:00-04:00,1.3421,1.3424,no
KXXRP15M-26MAY310215,Target Price: $1.3421,2026-05-31 02:00:00-04:00,2026-05-31 02:15:00-04:00,1.3394,1.3421,no
KXXRP15M-26MAY310230,Target Price: $1.3394,2026-05-31 02:15:00-04:00,2026-05-31 02:30:00-04:00,1.3394,1.3394,yes
KXXRP15M-26MAY310245,Target Price: $1.3394,2026-05-31 02:30:00-04:00,2026-05-31 02:45:00-04:00,1.3393,1.3394,no
KXXRP15M-26MAY310300,Target Price: $1.3393,2026-05-31 02:45:00-04:00,2026-05-31 03:00:00-04:00,1.3385,1.3393,no
KXXRP15M-26MAY310315,Target Price: $1.3385,2026-05-31 03:00:00-04:00,2026-05-31 03:15:00-04:00,1.3353,1.3385,no
KXXRP15M-26MAY310330,Target Price: $1.3353,2026-05-31 03:15:00-04:00,2026-05-31 03:30:00-04:00,1.3337,1.3353,no
KXXRP15M-26MAY310345,Target Price: $1.3337,2026-05-31 03:30:00-04:00,2026-05-31 03:45:00-04:00,1.3335,1.3337,no
KXXRP15M-26MAY310400,Target Price: $1.3335,2026-05-31 03:45:00-04:00,2026-05-31 04:00:00-04:00,1.3336,1.3335,yes
KXXRP15M-26MAY310415,Target Price: $1.3336,2026-05-31 04:00:00-04:00,2026-05-31 04:15:00-04:00,1.3347,1.3336,yes
KXXRP15M-26MAY310430,Target Price: $1.3347,2026-05-31 04:15:00-04:00,2026-05-31 04:30:00-04:00,1.3361,1.3347,yes
KXXRP15M-26MAY310445,Target Price: $1.3361,2026-05-31 04:30:00-04:00,2026-05-31 04:45:00-04:00,1.3360,1.3361,no
KXXRP15M-26MAY310500,Target Price: $1.3360,2026-05-31 04:45:00-04:00,2026-05-31 05:00:00-04:00,1.3370,1.336,yes
KXXRP15M-26MAY310515,Target Price: $1.3370,2026-05-31 05:00:00-04:00,2026-05-31 05:15:00-04:00,1.3358,1.337,no
KXXRP15M-26MAY310530,Target Price: $1.3358,2026-05-31 05:15:00-04:00,2026-05-31 05:30:00-04:00,1.3379,1.3358,yes
KXXRP15M-26MAY310545,Target Price: $1.3379,2026-05-31 05:30:00-04:00,2026-05-31 05:45:00-04:00,1.3395,1.3379,yes
KXXRP15M-26MAY310600,Target Price: $1.3395,2026-05-31 05:45:00-04:00,2026-05-31 06:00:00-04:00,1.3368,1.3395,no
KXXRP15M-26MAY310615,Target Price: $1.3368,2026-05-31 06:00:00-04:00,2026-05-31 06:15:00-04:00,1.3363,1.3368,no
KXXRP15M-26MAY310630,Target Price: $1.3363,2026-05-31 06:15:00-04:00,2026-05-31 06:30:00-04:00,1.3345,1.3363,no
KXXRP15M-26MAY310645,Target Price: $1.3345,2026-05-31 06:30:00-04:00,2026-05-31 06:45:00-04:00,1.3337,1.3345,no
KXXRP15M-26MAY310700,Target Price: $1.3337,2026-05-31 06:45:00-04:00,2026-05-31 07:00:00-04:00,1.3349,1.3337,yes
KXXRP15M-26MAY310700,Target Price: $1.3337,2026-05-31 06:45:00-04:00,2026-05-31 07:00:00-04:00,1.3349,1.3337,yes
KXXRP15M-26MAY310700,Target Price: $1.3337,2026-05-31 06:45:00-04:00,2026-05-31 07:00:00-04:00,1.3349,1.3337,yes
KXXRP15M-26MAY310715,Target Price: $1.3349,2026-05-31 07:00:00-04:00,2026-05-31 07:15:00-04:00,1.3361,1.3349,yes
KXXRP15M-26MAY310715,Target Price: $1.3349,2026-05-31 07:00:00-04:00,2026-05-31 07:15:00-04:00,1.3361,1.3349,yes
KXXRP15M-26MAY310715,Target Price: $1.3349,2026-05-31 07:00:00-04:00,2026-05-31 07:15:00-04:00,1.3361,1.3349,yes
KXXRP15M-26MAY310730,Target Price: $1.3361,2026-05-31 07:15:00-04:00,2026-05-31 07:30:00-04:00,1.3406,1.3361,yes
KXXRP15M-26MAY310730,Target Price: $1.3361,2026-05-31 07:15:00-04:00,2026-05-31 07:30:00-04:00,1.3406,1.3361,yes
KXXRP15M-26MAY310730,Target Price: $1.3361,2026-05-31 07:15:00-04:00,2026-05-31 07:30:00-04:00,1.3406,1.3361,yes
KXXRP15M-26MAY310745,Target Price: $1.3406,2026-05-31 07:30:00-04:00,2026-05-31 07:45:00-04:00,1.3390,1.3406,no
KXXRP15M-26MAY310745,Target Price: $1.3406,2026-05-31 07:30:00-04:00,2026-05-31 07:45:00-04:00,1.3390,1.3406,no
KXXRP15M-26MAY310745,Target Price: $1.3406,2026-05-31 07:30:00-04:00,2026-05-31 07:45:00-04:00,1.3390,1.3406,no
KXXRP15M-26MAY310800,Target Price: $1.3390,2026-05-31 07:45:00-04:00,2026-05-31 08:00:00-04:00,1.3403,1.339,yes
KXXRP15M-26MAY310800,Target Price: $1.3390,2026-05-31 07:45:00-04:00,2026-05-31 08:00:00-04:00,1.3403,1.339,yes
KXXRP15M-26MAY310800,Target Price: $1.3390,2026-05-31 07:45:00-04:00,2026-05-31 08:00:00-04:00,1.3403,1.339,yes
KXXRP15M-26MAY310815,Target Price: $1.3403,2026-05-31 08:00:00-04:00,2026-05-31 08:15:00-04:00,1.3388,1.3403,no
KXXRP15M-26MAY310815,Target Price: $1.3403,2026-05-31 08:00:00-04:00,2026-05-31 08:15:00-04:00,1.3388,1.3403,no
KXXRP15M-26MAY310815,Target Price: $1.3403,2026-05-31 08:00:00-04:00,2026-05-31 08:15:00-04:00,1.3388,1.3403,no
KXXRP15M-26MAY310830,Target Price: $1.3388,2026-05-31 08:15:00-04:00,2026-05-31 08:30:00-04:00,1.3397,1.3388,yes
KXXRP15M-26MAY310830,Target Price: $1.3388,2026-05-31 08:15:00-04:00,2026-05-31 08:30:00-04:00,1.3397,1.3388,yes
KXXRP15M-26MAY310830,Target Price: $1.3388,2026-05-31 08:15:00-04:00,2026-05-31 08:30:00-04:00,1.3397,1.3388,yes
KXXRP15M-26MAY310845,Target Price: $1.3397,2026-05-31 08:30:00-04:00,2026-05-31 08:45:00-04:00,1.3411,1.3397,yes
KXXRP15M-26MAY310845,Target Price: $1.3397,2026-05-31 08:30:00-04:00,2026-05-31 08:45:00-04:00,1.3411,1.3397,yes
KXXRP15M-26MAY310845,Target Price: $1.3397,2026-05-31 08:30:00-04:00,2026-05-31 08:45:00-04:00,1.3411,1.3397,yes
KXXRP15M-26MAY310900,Target Price: $1.3411,2026-05-31 08:45:00-04:00,2026-05-31 09:00:00-04:00,1.3404,1.3411,no
KXXRP15M-26MAY310900,Target Price: $1.3411,2026-05-31 08:45:00-04:00,2026-05-31 09:00:00-04:00,1.3404,1.3411,no
KXXRP15M-26MAY310900,Target Price: $1.3411,2026-05-31 08:45:00-04:00,2026-05-31 09:00:00-04:00,1.3404,1.3411,no
KXXRP15M-26MAY310915,Target Price: $1.3404,2026-05-31 09:00:00-04:00,2026-05-31 09:15:00-04:00,1.3438,1.3404,yes
KXXRP15M-26MAY310915,Target Price: $1.3404,2026-05-31 09:00:00-04:00,2026-05-31 09:15:00-04:00,1.3438,1.3404,yes
KXXRP15M-26MAY310915,Target Price: $1.3404,2026-05-31 09:00:00-04:00,2026-05-31 09:15:00-04:00,1.3438,1.3404,yes
KXXRP15M-26MAY310930,Target Price: $1.3438,2026-05-31 09:15:00-04:00,2026-05-31 09:30:00-04:00,1.3447,1.3438,yes
KXXRP15M-26MAY310930,Target Price: $1.3438,2026-05-31 09:15:00-04:00,2026-05-31 09:30:00-04:00,1.3447,1.3438,yes
KXXRP15M-26MAY310930,Target Price: $1.3438,2026-05-31 09:15:00-04:00,2026-05-31 09:30:00-04:00,1.3447,1.3438,yes
KXXRP15M-26MAY310945,Target Price: $1.3447,2026-05-31 09:30:00-04:00,2026-05-31 09:45:00-04:00,1.3432,1.3447,no
KXXRP15M-26MAY310945,Target Price: $1.3447,2026-05-31 09:30:00-04:00,2026-05-31 09:45:00-04:00,1.3432,1.3447,no
KXXRP15M-26MAY310945,Target Price: $1.3447,2026-05-31 09:30:00-04:00,2026-05-31 09:45:00-04:00,1.3432,1.3447,no
KXXRP15M-26MAY311000,Target Price: $1.3432,2026-05-31 09:45:00-04:00,2026-05-31 10:00:00-04:00,1.3408,1.3432,no
KXXRP15M-26MAY311000,Target Price: $1.3432,2026-05-31 09:45:00-04:00,2026-05-31 10:00:00-04:00,1.3408,1.3432,no
KXXRP15M-26MAY311000,Target Price: $1.3432,2026-05-31 09:45:00-04:00,2026-05-31 10:00:00-04:00,1.3408,1.3432,no
KXXRP15M-26MAY311015,Target Price: $1.3408,2026-05-31 10:00:00-04:00,2026-05-31 10:15:00-04:00,1.3391,1.3408,no
KXXRP15M-26MAY311015,Target Price: $1.3408,2026-05-31 10:00:00-04:00,2026-05-31 10:15:00-04:00,1.3391,1.3408,no
KXXRP15M-26MAY311015,Target Price: $1.3408,2026-05-31 10:00:00-04:00,2026-05-31 10:15:00-04:00,1.3391,1.3408,no
KXXRP15M-26MAY311030,Target Price: $1.3391,2026-05-31 10:15:00-04:00,2026-05-31 10:30:00-04:00,1.3291,1.3391,no
KXXRP15M-26MAY311030,Target Price: $1.3391,2026-05-31 10:15:00-04:00,2026-05-31 10:30:00-04:00,1.3291,1.3391,no
KXXRP15M-26MAY311030,Target Price: $1.3391,2026-05-31 10:15:00-04:00,2026-05-31 10:30:00-04:00,1.3291,1.3391,no
KXXRP15M-26MAY311045,Target Price: $1.3291,2026-05-31 10:30:00-04:00,2026-05-31 10:45:00-04:00,1.3268,1.3291,no
KXXRP15M-26MAY311045,Target Price: $1.3291,2026-05-31 10:30:00-04:00,2026-05-31 10:45:00-04:00,1.3268,1.3291,no
KXXRP15M-26MAY311045,Target Price: $1.3291,2026-05-31 10:30:00-04:00,2026-05-31 10:45:00-04:00,1.3268,1.3291,no
KXXRP15M-26MAY311100,Target Price: $1.3268,2026-05-31 10:45:00-04:00,2026-05-31 11:00:00-04:00,1.3284,1.3268,yes
KXXRP15M-26MAY311100,Target Price: $1.3268,2026-05-31 10:45:00-04:00,2026-05-31 11:00:00-04:00,1.3284,1.3268,yes
KXXRP15M-26MAY311100,Target Price: $1.3268,2026-05-31 10:45:00-04:00,2026-05-31 11:00:00-04:00,1.3284,1.3268,yes
KXXRP15M-26MAY311115,Target Price: $1.3284,2026-05-31 11:00:00-04:00,2026-05-31 11:15:00-04:00,1.3304,1.3284,yes
KXXRP15M-26MAY311115,Target Price: $1.3284,2026-05-31 11:00:00-04:00,2026-05-31 11:15:00-04:00,1.3304,1.3284,yes
KXXRP15M-26MAY311115,Target Price: $1.3284,2026-05-31 11:00:00-04:00,2026-05-31 11:15:00-04:00,1.3304,1.3284,yes
KXXRP15M-26MAY311130,Target Price: $1.3304,2026-05-31 11:15:00-04:00,2026-05-31 11:30:00-04:00,1.3321,1.3304,yes
KXXRP15M-26MAY311130,Target Price: $1.3304,2026-05-31 11:15:00-04:00,2026-05-31 11:30:00-04:00,1.3321,1.3304,yes
KXXRP15M-26MAY311130,Target Price: $1.3304,2026-05-31 11:15:00-04:00,2026-05-31 11:30:00-04:00,1.3321,1.3304,yes
KXXRP15M-26MAY311145,Target Price: $1.3321,2026-05-31 11:30:00-04:00,2026-05-31 11:45:00-04:00,1.3291,1.3321,no
KXXRP15M-26MAY311145,Target Price: $1.3321,2026-05-31 11:30:00-04:00,2026-05-31 11:45:00-04:00,1.3291,1.3321,no
KXXRP15M-26MAY311145,Target Price: $1.3321,2026-05-31 11:30:00-04:00,2026-05-31 11:45:00-04:00,1.3291,1.3321,no
KXXRP15M-26MAY311200,Target Price: $1.3291,2026-05-31 11:45:00-04:00,2026-05-31 12:00:00-04:00,1.3287,1.3291,no
KXXRP15M-26MAY311200,Target Price: $1.3291,2026-05-31 11:45:00-04:00,2026-05-31 12:00:00-04:00,1.3287,1.3291,no
KXXRP15M-26MAY311200,Target Price: $1.3291,2026-05-31 11:45:00-04:00,2026-05-31 12:00:00-04:00,1.3287,1.3291,no
KXXRP15M-26MAY311215,Target Price: $1.3287,2026-05-31 12:00:00-04:00,2026-05-31 12:15:00-04:00,1.3264,1.3287,no
KXXRP15M-26MAY311215,Target Price: $1.3287,2026-05-31 12:00:00-04:00,2026-05-31 12:15:00-04:00,1.3264,1.3287,no
KXXRP15M-26MAY311215,Target Price: $1.3287,2026-05-31 12:00:00-04:00,2026-05-31 12:15:00-04:00,1.3264,1.3287,no
KXXRP15M-26MAY311230,Target Price: $1.3264,2026-05-31 12:15:00-04:00,2026-05-31 12:30:00-04:00,1.3264,1.3264,yes
KXXRP15M-26MAY311230,Target Price: $1.3264,2026-05-31 12:15:00-04:00,2026-05-31 12:30:00-04:00,1.3264,1.3264,yes
KXXRP15M-26MAY311230,Target Price: $1.3264,2026-05-31 12:15:00-04:00,2026-05-31 12:30:00-04:00,1.3264,1.3264,yes
KXXRP15M-26MAY311245,Target Price: $1.3264,2026-05-31 12:30:00-04:00,2026-05-31 12:45:00-04:00,1.3248,1.3264,no
KXXRP15M-26MAY311245,Target Price: $1.3264,2026-05-31 12:30:00-04:00,2026-05-31 12:45:00-04:00,1.3248,1.3264,no
KXXRP15M-26MAY311245,Target Price: $1.3264,2026-05-31 12:30:00-04:00,2026-05-31 12:45:00-04:00,1.3248,1.3264,no
KXXRP15M-26MAY311300,Target Price: $1.3248,2026-05-31 12:45:00-04:00,2026-05-31 13:00:00-04:00,1.3258,1.3248,yes
KXXRP15M-26MAY311300,Target Price: $1.3248,2026-05-31 12:45:00-04:00,2026-05-31 13:00:00-04:00,1.3258,1.3248,yes
KXXRP15M-26MAY311300,Target Price: $1.3248,2026-05-31 12:45:00-04:00,2026-05-31 13:00:00-04:00,1.3258,1.3248,yes
KXXRP15M-26MAY311315,Target Price: $1.3258,2026-05-31 13:00:00-04:00,2026-05-31 13:15:00-04:00,1.3265,1.3258,yes
KXXRP15M-26MAY311315,Target Price: $1.3258,2026-05-31 13:00:00-04:00,2026-05-31 13:15:00-04:00,1.3265,1.3258,yes
KXXRP15M-26MAY311315,Target Price: $1.3258,2026-05-31 13:00:00-04:00,2026-05-31 13:15:00-04:00,1.3265,1.3258,yes
KXXRP15M-26MAY311330,Target Price: $1.3265,2026-05-31 13:15:00-04:00,2026-05-31 13:30:00-04:00,1.3278,1.3265,yes
KXXRP15M-26MAY311330,Target Price: $1.3265,2026-05-31 13:15:00-04:00,2026-05-31 13:30:00-04:00,1.3278,1.3265,yes
KXXRP15M-26MAY311330,Target Price: $1.3265,2026-05-31 13:15:00-04:00,2026-05-31 13:30:00-04:00,1.3278,1.3265,yes
KXXRP15M-26MAY311345,Target Price: $1.3278,2026-05-31 13:30:00-04:00,2026-05-31 13:45:00-04:00,1.3296,1.3278,yes
KXXRP15M-26MAY311345,Target Price: $1.3278,2026-05-31 13:30:00-04:00,2026-05-31 13:45:00-04:00,1.3296,1.3278,yes
KXXRP15M-26MAY311345,Target Price: $1.3278,2026-05-31 13:30:00-04:00,2026-05-31 13:45:00-04:00,1.3296,1.3278,yes
KXXRP15M-26MAY311400,Target Price: $1.3296,2026-05-31 13:45:00-04:00,2026-05-31 14:00:00-04:00,1.3290,1.3296,no
KXXRP15M-26MAY311400,Target Price: $1.3296,2026-05-31 13:45:00-04:00,2026-05-31 14:00:00-04:00,1.3290,1.3296,no
KXXRP15M-26MAY311400,Target Price: $1.3296,2026-05-31 13:45:00-04:00,2026-05-31 14:00:00-04:00,1.3290,1.3296,no
KXXRP15M-26MAY311415,Target Price: $1.3290,2026-05-31 14:00:00-04:00,2026-05-31 14:15:00-04:00,1.3275,1.329,no
KXXRP15M-26MAY311415,Target Price: $1.3290,2026-05-31 14:00:00-04:00,2026-05-31 14:15:00-04:00,1.3275,1.329,no
KXXRP15M-26MAY311415,Target Price: $1.3290,2026-05-31 14:00:00-04:00,2026-05-31 14:15:00-04:00,1.3275,1.329,no
KXXRP15M-26MAY311430,Target Price: $1.3275,2026-05-31 14:15:00-04:00,2026-05-31 14:30:00-04:00,1.3264,1.3275,no
KXXRP15M-26MAY311430,Target Price: $1.3275,2026-05-31 14:15:00-04:00,2026-05-31 14:30:00-04:00,1.3264,1.3275,no
KXXRP15M-26MAY311430,Target Price: $1.3275,2026-05-31 14:15:00-04:00,2026-05-31 14:30:00-04:00,1.3264,1.3275,no
KXXRP15M-26MAY311445,Target Price: $1.3264,2026-05-31 14:30:00-04:00,2026-05-31 14:45:00-04:00,1.3261,1.3264,no
KXXRP15M-26MAY311445,Target Price: $1.3264,2026-05-31 14:30:00-04:00,2026-05-31 14:45:00-04:00,1.3261,1.3264,no
KXXRP15M-26MAY311445,Target Price: $1.3264,2026-05-31 14:30:00-04:00,2026-05-31 14:45:00-04:00,1.3261,1.3264,no
KXXRP15M-26MAY311500,Target Price: $1.3261,2026-05-31 14:45:00-04:00,2026-05-31 15:00:00-04:00,1.3257,1.3261,no
KXXRP15M-26MAY311500,Target Price: $1.3261,2026-05-31 14:45:00-04:00,2026-05-31 15:00:00-04:00,1.3257,1.3261,no
KXXRP15M-26MAY311500,Target Price: $1.3261,2026-05-31 14:45:00-04:00,2026-05-31 15:00:00-04:00,1.3257,1.3261,no
KXXRP15M-26MAY311515,Target Price: $1.3257,2026-05-31 15:00:00-04:00,2026-05-31 15:15:00-04:00,1.3230,1.3257,no
KXXRP15M-26MAY311515,Target Price: $1.3257,2026-05-31 15:00:00-04:00,2026-05-31 15:15:00-04:00,1.3230,1.3257,no
KXXRP15M-26MAY311515,Target Price: $1.3257,2026-05-31 15:00:00-04:00,2026-05-31 15:15:00-04:00,1.3230,1.3257,no
KXXRP15M-26MAY311530,Target Price: $1.3230,2026-05-31 15:15:00-04:00,2026-05-31 15:30:00-04:00,1.3219,1.323,no
KXXRP15M-26MAY311530,Target Price: $1.3230,2026-05-31 15:15:00-04:00,2026-05-31 15:30:00-04:00,1.3219,1.323,no
KXXRP15M-26MAY311530,Target Price: $1.3230,2026-05-31 15:15:00-04:00,2026-05-31 15:30:00-04:00,1.3219,1.323,no
KXXRP15M-26MAY311545,Target Price: $1.3219,2026-05-31 15:30:00-04:00,2026-05-31 15:45:00-04:00,1.3233,1.3219,yes
KXXRP15M-26MAY311545,Target Price: $1.3219,2026-05-31 15:30:00-04:00,2026-05-31 15:45:00-04:00,1.3233,1.3219,yes
KXXRP15M-26MAY311545,Target Price: $1.3219,2026-05-31 15:30:00-04:00,2026-05-31 15:45:00-04:00,1.3233,1.3219,yes
KXXRP15M-26MAY311600,Target Price: $1.3233,2026-05-31 15:45:00-04:00,2026-05-31 16:00:00-04:00,1.3246,1.3233,yes
KXXRP15M-26MAY311600,Target Price: $1.3233,2026-05-31 15:45:00-04:00,2026-05-31 16:00:00-04:00,1.3246,1.3233,yes
KXXRP15M-26MAY311600,Target Price: $1.3233,2026-05-31 15:45:00-04:00,2026-05-31 16:00:00-04:00,1.3246,1.3233,yes
KXXRP15M-26MAY311615,Target Price: $1.3246,2026-05-31 16:00:00-04:00,2026-05-31 16:15:00-04:00,1.3270,1.3246,yes
KXXRP15M-26MAY311615,Target Price: $1.3246,2026-05-31 16:00:00-04:00,2026-05-31 16:15:00-04:00,1.3270,1.3246,yes
KXXRP15M-26MAY311615,Target Price: $1.3246,2026-05-31 16:00:00-04:00,2026-05-31 16:15:00-04:00,1.3270,1.3246,yes
KXXRP15M-26MAY311630,Target Price: $1.3270,2026-05-31 16:15:00-04:00,2026-05-31 16:30:00-04:00,1.3276,1.327,yes
KXXRP15M-26MAY311630,Target Price: $1.3270,2026-05-31 16:15:00-04:00,2026-05-31 16:30:00-04:00,1.3276,1.327,yes
KXXRP15M-26MAY311630,Target Price: $1.3270,2026-05-31 16:15:00-04:00,2026-05-31 16:30:00-04:00,1.3276,1.327,yes
KXXRP15M-26MAY311645,Target Price: $1.3276,2026-05-31 16:30:00-04:00,2026-05-31 16:45:00-04:00,1.3263,1.3276,no
KXXRP15M-26MAY311645,Target Price: $1.3276,2026-05-31 16:30:00-04:00,2026-05-31 16:45:00-04:00,1.3263,1.3276,no
KXXRP15M-26MAY311645,Target Price: $1.3276,2026-05-31 16:30:00-04:00,2026-05-31 16:45:00-04:00,1.3263,1.3276,no
KXXRP15M-26MAY311700,Target Price: $1.3263,2026-05-31 16:45:00-04:00,2026-05-31 17:00:00-04:00,1.3284,1.3263,yes
KXXRP15M-26MAY311700,Target Price: $1.3263,2026-05-31 16:45:00-04:00,2026-05-31 17:00:00-04:00,1.3284,1.3263,yes
KXXRP15M-26MAY311700,Target Price: $1.3263,2026-05-31 16:45:00-04:00,2026-05-31 17:00:00-04:00,1.3284,1.3263,yes
KXXRP15M-26MAY311715,Target Price: $1.3284,2026-05-31 17:00:00-04:00,2026-05-31 17:15:00-04:00,1.3275,1.3284,no
KXXRP15M-26MAY311715,Target Price: $1.3284,2026-05-31 17:00:00-04:00,2026-05-31 17:15:00-04:00,1.3275,1.3284,no
KXXRP15M-26MAY311715,Target Price: $1.3284,2026-05-31 17:00:00-04:00,2026-05-31 17:15:00-04:00,1.3275,1.3284,no
KXXRP15M-26MAY311730,Target Price: $1.3275,2026-05-31 17:15:00-04:00,2026-05-31 17:30:00-04:00,1.3279,1.3275,yes
KXXRP15M-26MAY311730,Target Price: $1.3275,2026-05-31 17:15:00-04:00,2026-05-31 17:30:00-04:00,1.3279,1.3275,yes
KXXRP15M-26MAY311730,Target Price: $1.3275,2026-05-31 17:15:00-04:00,2026-05-31 17:30:00-04:00,1.3279,1.3275,yes
KXXRP15M-26MAY311745,Target Price: $1.3279,2026-05-31 17:30:00-04:00,2026-05-31 17:45:00-04:00,1.3315,1.3279,yes
KXXRP15M-26MAY311745,Target Price: $1.3279,2026-05-31 17:30:00-04:00,2026-05-31 17:45:00-04:00,1.3315,1.3279,yes
KXXRP15M-26MAY311745,Target Price: $1.3279,2026-05-31 17:30:00-04:00,2026-05-31 17:45:00-04:00,1.3315,1.3279,yes
KXXRP15M-26MAY311800,Target Price: $1.3315,2026-05-31 17:45:00-04:00,2026-05-31 18:00:00-04:00,1.3318,1.3315,yes
KXXRP15M-26MAY311800,Target Price: $1.3315,2026-05-31 17:45:00-04:00,2026-05-31 18:00:00-04:00,1.3318,1.3315,yes
KXXRP15M-26MAY311800,Target Price: $1.3315,2026-05-31 17:45:00-04:00,2026-05-31 18:00:00-04:00,1.3318,1.3315,yes
KXXRP15M-26MAY311815,Target Price: $1.3318,2026-05-31 18:00:00-04:00,2026-05-31 18:15:00-04:00,1.3353,1.3318,yes
KXXRP15M-26MAY311815,Target Price: $1.3318,2026-05-31 18:00:00-04:00,2026-05-31 18:15:00-04:00,1.3353,1.3318,yes
KXXRP15M-26MAY311815,Target Price: $1.3318,2026-05-31 18:00:00-04:00,2026-05-31 18:15:00-04:00,1.3353,1.3318,yes
KXXRP15M-26MAY311830,Target Price: $1.3353,2026-05-31 18:15:00-04:00,2026-05-31 18:30:00-04:00,1.3337,1.3353,no
KXXRP15M-26MAY311830,Target Price: $1.3353,2026-05-31 18:15:00-04:00,2026-05-31 18:30:00-04:00,1.3337,1.3353,no
KXXRP15M-26MAY311830,Target Price: $1.3353,2026-05-31 18:15:00-04:00,2026-05-31 18:30:00-04:00,1.3337,1.3353,no
KXXRP15M-26MAY311845,Target Price: $1.3337,2026-05-31 18:30:00-04:00,2026-05-31 18:45:00-04:00,1.3346,1.3337,yes
KXXRP15M-26MAY311845,Target Price: $1.3337,2026-05-31 18:30:00-04:00,2026-05-31 18:45:00-04:00,1.3346,1.3337,yes
KXXRP15M-26MAY311845,Target Price: $1.3337,2026-05-31 18:30:00-04:00,2026-05-31 18:45:00-04:00,1.3346,1.3337,yes
KXXRP15M-26MAY311900,Target Price: $1.3346,2026-05-31 18:45:00-04:00,2026-05-31 19:00:00-04:00,1.3357,1.3346,yes
KXXRP15M-26MAY311900,Target Price: $1.3346,2026-05-31 18:45:00-04:00,2026-05-31 19:00:00-04:00,1.3357,1.3346,yes
KXXRP15M-26MAY311900,Target Price: $1.3346,2026-05-31 18:45:00-04:00,2026-05-31 19:00:00-04:00,1.3357,1.3346,yes
KXXRP15M-26MAY311915,Target Price: $1.3357,2026-05-31 19:00:00-04:00,2026-05-31 19:15:00-04:00,1.3355,1.3357,no
KXXRP15M-26MAY311915,Target Price: $1.3357,2026-05-31 19:00:00-04:00,2026-05-31 19:15:00-04:00,1.3355,1.3357,no
KXXRP15M-26MAY311915,Target Price: $1.3357,2026-05-31 19:00:00-04:00,2026-05-31 19:15:00-04:00,1.3355,1.3357,no
KXXRP15M-26MAY311930,Target Price: $1.3355,2026-05-31 19:15:00-04:00,2026-05-31 19:30:00-04:00,1.3321,1.3355,no
KXXRP15M-26MAY311930,Target Price: $1.3355,2026-05-31 19:15:00-04:00,2026-05-31 19:30:00-04:00,1.3321,1.3355,no
KXXRP15M-26MAY311930,Target Price: $1.3355,2026-05-31 19:15:00-04:00,2026-05-31 19:30:00-04:00,1.3321,1.3355,no
KXXRP15M-26MAY311945,Target Price: $1.3321,2026-05-31 19:30:00-04:00,2026-05-31 19:45:00-04:00,1.3273,1.3321,no
KXXRP15M-26MAY311945,Target Price: $1.3321,2026-05-31 19:30:00-04:00,2026-05-31 19:45:00-04:00,1.3273,1.3321,no
KXXRP15M-26MAY311945,Target Price: $1.3321,2026-05-31 19:30:00-04:00,2026-05-31 19:45:00-04:00,1.3273,1.3321,no
KXXRP15M-26MAY312000,Target Price: $1.3273,2026-05-31 19:45:00-04:00,2026-05-31 20:00:00-04:00,1.3311,1.3273,yes
KXXRP15M-26MAY312000,Target Price: $1.3273,2026-05-31 19:45:00-04:00,2026-05-31 20:00:00-04:00,1.3311,1.3273,yes
KXXRP15M-26MAY312015,Target Price: $1.3311,2026-05-31 20:00:00-04:00,2026-05-31 20:15:00-04:00,1.3316,1.3311,yes
KXXRP15M-26MAY312015,Target Price: $1.3311,2026-05-31 20:00:00-04:00,2026-05-31 20:15:00-04:00,1.3316,1.3311,yes
KXXRP15M-26MAY312030,Target Price: $1.3316,2026-05-31 20:15:00-04:00,2026-05-31 20:30:00-04:00,1.3345,1.3316,yes
KXXRP15M-26MAY312030,Target Price: $1.3316,2026-05-31 20:15:00-04:00,2026-05-31 20:30:00-04:00,1.3345,1.3316,yes
KXXRP15M-26MAY312045,Target Price: $1.3345,2026-05-31 20:30:00-04:00,2026-05-31 20:45:00-04:00,1.3365,1.3345,yes
KXXRP15M-26MAY312045,Target Price: $1.3345,2026-05-31 20:30:00-04:00,2026-05-31 20:45:00-04:00,1.3365,1.3345,yes
KXXRP15M-26MAY312100,Target Price: $1.3365,2026-05-31 20:45:00-04:00,2026-05-31 21:00:00-04:00,1.3361,1.3365,no
KXXRP15M-26MAY312100,Target Price: $1.3365,2026-05-31 20:45:00-04:00,2026-05-31 21:00:00-04:00,1.3361,1.3365,no
KXXRP15M-26MAY312115,Target Price: $1.3361,2026-05-31 21:00:00-04:00,2026-05-31 21:15:00-04:00,1.3297,1.3361,no
KXXRP15M-26MAY312115,Target Price: $1.3361,2026-05-31 21:00:00-04:00,2026-05-31 21:15:00-04:00,1.3297,1.3361,no
KXXRP15M-26MAY312130,Target Price: $1.3297,2026-05-31 21:15:00-04:00,2026-05-31 21:30:00-04:00,1.3272,1.3297,no
KXXRP15M-26MAY312130,Target Price: $1.3297,2026-05-31 21:15:00-04:00,2026-05-31 21:30:00-04:00,1.3272,1.3297,no
KXXRP15M-26MAY312145,Target Price: $1.3272,2026-05-31 21:30:00-04:00,2026-05-31 21:45:00-04:00,1.3242,1.3272,no
KXXRP15M-26MAY312145,Target Price: $1.3272,2026-05-31 21:30:00-04:00,2026-05-31 21:45:00-04:00,1.3242,1.3272,no
KXXRP15M-26MAY312200,Target Price: $1.3242,2026-05-31 21:45:00-04:00,2026-05-31 22:00:00-04:00,1.3205,1.3242,no
KXXRP15M-26MAY312200,Target Price: $1.3242,2026-05-31 21:45:00-04:00,2026-05-31 22:00:00-04:00,1.3205,1.3242,no
KXXRP15M-26MAY312215,Target Price: $1.3205,2026-05-31 22:00:00-04:00,2026-05-31 22:15:00-04:00,1.3261,1.3205,yes
KXXRP15M-26MAY312215,Target Price: $1.3205,2026-05-31 22:00:00-04:00,2026-05-31 22:15:00-04:00,1.3261,1.3205,yes
KXXRP15M-26MAY312230,Target Price: $1.3261,2026-05-31 22:15:00-04:00,2026-05-31 22:30:00-04:00,1.3227,1.3261,no
KXXRP15M-26MAY312230,Target Price: $1.3261,2026-05-31 22:15:00-04:00,2026-05-31 22:30:00-04:00,1.3227,1.3261,no
KXXRP15M-26MAY312245,Target Price: $1.3227,2026-05-31 22:30:00-04:00,2026-05-31 22:45:00-04:00,1.3299,1.3227,yes
KXXRP15M-26MAY312245,Target Price: $1.3227,2026-05-31 22:30:00-04:00,2026-05-31 22:45:00-04:00,1.3299,1.3227,yes
KXXRP15M-26MAY312300,Target Price: $1.3299,2026-05-31 22:45:00-04:00,2026-05-31 23:00:00-04:00,1.3292,1.3299,no
KXXRP15M-26MAY312300,Target Price: $1.3299,2026-05-31 22:45:00-04:00,2026-05-31 23:00:00-04:00,1.3292,1.3299,no
KXXRP15M-26MAY312315,Target Price: $1.3292,2026-05-31 23:00:00-04:00,2026-05-31 23:15:00-04:00,1.3311,1.3292,yes
KXXRP15M-26MAY312315,Target Price: $1.3292,2026-05-31 23:00:00-04:00,2026-05-31 23:15:00-04:00,1.3311,1.3292,yes
KXXRP15M-26MAY312330,Target Price: $1.3311,2026-05-31 23:15:00-04:00,2026-05-31 23:30:00-04:00,1.3315,1.3311,yes
KXXRP15M-26MAY312330,Target Price: $1.3311,2026-05-31 23:15:00-04:00,2026-05-31 23:30:00-04:00,1.3315,1.3311,yes
KXXRP15M-26MAY312345,Target Price: $1.3315,2026-05-31 23:30:00-04:00,2026-05-31 23:45:00-04:00,1.3304,1.3315,no
KXXRP15M-26MAY312345,Target Price: $1.3315,2026-05-31 23:30:00-04:00,2026-05-31 23:45:00-04:00,1.3304,1.3315,no
event_ticker,yes_sub_title,open_time,close_time,expiration_value,floor_strike,result
event_ticker,yes_sub_title,open_time,close_time,expiration_value,floor_strike,result
event_ticker,yes_sub_title,open_time,close_time,expiration_value,floor_strike,result
event_ticker,yes_sub_title,open_time,close_time,expiration_value,floor_strike,result
event_ticker,yes_sub_title,open_time,close_time,expiration_value,floor_strike,result
event_ticker,yes_sub_title,open_time,close_time,expiration_value,floor_strike,result
event_ticker,yes_sub_title,open_time,close_time,expiration_value,floor_strike,result
